:020000041000EA
:1000000000B5324B212058609868022188439860DF
:10001000D860186158612E4B002199600221596106
:100020000121F02299502B49196001219960352056
:1000300000F044F80222904214D00621196600F024
:1000400034F8196E01211966002018661A6600F04E
:100050002CF8196E196E196E052000F02FF8012189
:100060000842F9D1002199601B49196000215960AB
:100070001A491B48016001219960EB211966A021F2
:10008000196600F012F800219960164914480160C1
:100090000121996001BC002800D000471248134993
:1000A000086003C880F30888084703B5996A0420EC
:1000B0000142FBD001200142F8D103BD02B5186610
:1000C0001866FFF7F2FF186E186E02BD00000240BE
:1000D000000000180000070000035F00212200005C
:1000E000F4000018222000A00001001008ED00E03C
:1000F00000000000000000000000000074B24E7A12
:1001000000200420F7010010CB010010CD010010E9
:10011000C9010010C9010010C9010010C901001077
:10012000C9010010C9010010C9010010CF01001061
:10013000C9010010C9010010D1010010D301001045
:10014000C1010010C1010010C1010010C101001067
:10015000C1010010C1010010C1010010C101001057
:10016000C1010010C1010010C1010010C101001047
:10017000C1010010C1010010C1010010C101001037
:10018000C1010010C1010010C1010010C101001027
:10019000C1010010C1010010C1010010C101001017
:1001A000C1010010C1010010C1010010C101001007
:1001B000C1010010C1010010C1010010C1010010F7
:1001C000EFF30580103800BE00BE00BE00BE00BECA
:1001D00000BE00BEF2EB887100A4001024A4001041
:1001E0003802001090A31AE71E481F49086006C88D
:1001F00081F3088810471D480068002801D019487D
:10020000F3E70DA40ECC002902D000F012F8F9E7B4
:100210001749184A002000E001C19142FCD116495B
:100220008847164988471649884700BEFDE701C937
:1002300001C29A42FBD3704724A40010C0000020E2
:10024000B81000201CB4001000000420000004209E
:100250001CB4001000100420001004200000000056
:10026000704700000000000008ED00E0000000D032
:10027000B81000209C240220293A0010FD03001031
:10028000213A0010F8B5C04606480749091A8B10F4
:10029000C90FC91810B5491003D0044B002B00D06A
:1002A000984710BDB8100020B810002000000000D2
:1002B000054B10B5002B03D00449054800E000BFF2
:1002C000FFF7E2FF10BDC04600000000A81F00209D
:1002D000B09A001010B5024808F00AFC10BDC046E4
:1002E000181A0020012330B585B00093073301931D
:1002F000094B6A4602936F23084C094D13736946F4
:10030000200009F0A9F8002802DA280003F09CFD7B
:10031000012007F0A7FCF2E768656C6C181A002052
:10032000B09A0010154BF0B54746CE4699460023CB
:1003300080B59846FF2789B0114D04AC01222100F9
:100340002868524207F00CF80128F7D16668F3B22A
:10035000002B05D03A0006A9324001A801F0DAFED0
:100360003B006A46414633400432D15448461300AC
:100370002168320003F068FDE0E7C046D89A00101B
:100380007422002010B51400C90200D410BD044B23
:10039000002221001868002306F03AFFF6E7C04665
:1003A0007422002010B5104C82B02000002109F00A
:1003B00031FA20000D4909F045FA07200C4900F0F8
:1003C00053F97F21072000F073FA0121072000F084
:1003D00013F9052320000093064A0749013B09F061
:1003E00033FA02B010BDC046181A00208503001071
:1003F000D502001020A107004059730730B583B023
:1004000003F050FC124800F02BFE00221021402087
:1004100006F0ACFE0F4B002501241860FFF7C2FF69
:10042000802200230C490195009492000B4807F0AC
:10043000FFFA802200230A4992000195009409489E
:1004400007F0F6FA07F006FB002003B030BDC04607
:100450008813000074220020F89A00102503001071
:10046000089B0010E50200108023DB051868000FD0
:100470007047C0460FB400B5084883B003F060FC75
:10048000049B002B07D005A91800019103F0AAFADC
:10049000034803F055FC012003F0BCFA189B001040
:1004A000F49A001010B50148FFF7E4FF289B0010F4
:1004B00070B5EFF3108C72B60D4D2B68002BFCD08D
:1004C000BFF35F8F0724CB08C618C05C01230C4024
:1004D000A3401C000440034207D118433070BFF30F
:1004E0005F8F2C608CF3108870BD1000FFF7C2FF87
:1004F0002C0100D0F8B54746CE46884680B5EFF3CC
:10050000108C72B61C4D2C68002CFCD0BFF35F8F92
:100510009A4222D807210126894602E001329342FD
:1005200018D34D4637001540AF40D4080119045D7B
:100530002742F3D110003C430C70BFF35F8F0022C1
:100540000D4B1A608CF3108800280EDBC0BCB94636
:10055000B046F8BD01204042EFE7BFF35F8F0023B4
:100560002B608CF31088012040424346002BEDD0D5
:100570000898FFF77FFFC0462C0100D0044A10788E
:10058000431CDBB2172B00D9102313707047C046F1
:10059000E80F002010B5064B064C82B00100009316
:1005A00018221F232000FFF7A5FF02B010BDC04690
:1005B000389B0010381B00200021044B044ABFF375
:1005C0005F8F02C39342FAD17047C046000100D04A
:1005D000800100D0054B064A1360064A1360536041
:1005E0009360D36013615361936170478080808012
:1005F00000E400E004E400E01F2318401E3B8340B9
:10060000002905D0C021044A4900535013607047A7
:10061000802201498B50FAE700E100E0012282408C
:10062000034B1B6813405A1E9341D8B27047C04613
:1006300000E100E001238340014A13607047C04697
:1006400000E200E0064B10309B688000C358054A6A
:1006500000209B1A2F229A424041C0B27047C046E8
:1006600000ED00E0EC0F002070B50D00EFF31086F8
:1006700072B60F4A1368002BFCD0BFF35F8F0D4B8F
:1006800010309B6884001B590B4A934203D09D4253
:1006900001D001F017F8074B9B681D51BFF35F8F26
:1006A000BFF35F8F0022024B1A6086F3108870BD83
:1006B000240100D000ED00E0C1010010F0B5574664
:1006C0004E46DE464546E0B585B00600009117006F
:1006D000EFF3108B72B66A4A1368002BFCD0BFF39D
:1006E0005F8F0025674B5D579A46002D00DAA9E021
:1006F0006B00654C01935B199B009846A146C14471
:100700004B4652469B7910361370604BB6009B687F
:1007100099590B1B2F2B33D95D4B994200D0ACE07C
:10072000019B42469C465B4B6544AD0063535A4B6C
:100730000232A218043B9B1A1B05584A5B0D65192F
:1007400013436B80564B0121AB80FF23AB71009BA1
:10075000EF71AB604B460B4319004C4B9B689951B2
:10076000BFF35F8FBFF35F8F0022454B1A608BF39F
:10077000108805B0F0BCBB46B246A946A046F0BD05
:1007800001200A008243D3798C46BB4231D84546CA
:10079000130044491B1B5B415943090D3D4B6353F7
:1007A0003D4B02356519043B5B1B1B053B4D5B0D47
:1007B0002B43AA464D466B800425AC465546E04483
:1007C000131F44441B1B1B055B0D1D434B469971B6
:1007D00000999D8099604946DF71334B0143136056
:1007E000BBE75800C01880002018C179B9422FD942
:1007F00002000623D356002BF3DA02932B4B6146FB
:100800000393131D9A4604235B429C46E1445046E1
:100810004B461B1A1B055B0D9C46204B9571984659
:100820006346404603439380019B5A199200039B01
:10083000A418A380029B1C4AA371009B2260E7714D
:10084000A3608AE700F03EFF002553465D574FE75F
:10085000908802934005131D9A46031561469C46F5
:100860004046D444634604302018181AE02300059B
:10087000400D1B0218430390C5E700F023FF4FE72C
:10088000240100D094240220EC0F002000ED00E0B1
:10089000C101001000A1FFFF1C10002000E0FFFFBD
:1008A00001BDFFFFAAAA00000148804701BD00006A
:1008B00010B58308040003202040FF24054AC0002F
:1008C0009446844081409B0063441A68A2430A43D3
:1008D0001A6010BD00E400E070B501240443EFF39A
:1008E0000581EFF3108C72B6214A1368002BFCD0FF
:1008F000BFF35F8F1F4B05001F4AED1A6D416A431E
:10090000120D1E4D8900AE6852B27658A6421CD018
:100910000621595691421CD012215956914222D09B
:100920001E215956914220D02A2159560324914222
:1009300010D0134B19781A708171BFF35F8F0022AA
:100940000B4B1A608CF3108870BDAB680D4C5C507B
:10095000EFE700246100091989005B18FF219971F4
:1009600009499980E5E70124F4E70224F2E7C0464B
:10097000240100D0EC0F0020AAAA000000ED00E046
:1009800094240220C101001001BDFFFF10B5084BE7
:10099000084C82B001000093002205232000FFF7DD
:1009A000A9FD002801DB1F23181A02B010BDC046A4
:1009B000549B001098240220024B9C4661448900FD
:1009C0000160704740000034F8B5124C124DAC4243
:1009D00012D20126002776422368002B0DD0FFF7A4
:1009E000CDFD01002000FFF7E7FF66602772BFF32F
:1009F0005F8F0C34AC42EFD3F8BDFFF7BFFD0100B1
:100A00002000FFF7D9FF6660BFF35F8F0834AC4268
:100A1000E2D3F1E7A8100020B810002010B50400C0
:100A2000FFF7ACFD01002000FFF7C6FF01235B428A
:100A30006360BFF35F8F10BD10B504000120FFF7A6
:100A4000A9FD034BC3189B002360BFF35F8F10BD4C
:100A500040000034034B9C46614489000160BFF3B1
:100A60005F8F704740000034F0B5DE4657464E4673
:100A70004546E0B587B0EFF30583032201251A4010
:100A8000954091008846A946B14B03925C58B14B02
:100A90001D60B14B04934B46B04843630823E55EA9
:100AA000002D37DAA3881BB2002B00DBADE0A37961
:100AB000002B00D0EEE00823E15E002920DB4B0094
:100AC00062695B18DB00D3189E68DD68731C00D177
:100AD0000DE1A24801004144826A0B69B71A9B1AD2
:100AE0009F4215D30123026A039883401A420FD014
:100AF0009A4800F0C1FB8D4202DCCCD18642CAD9B3
:100B000040BF07B0F0BCBB46B246A946A046F0BD08
:100B10000E61EDE762696B0092465B19DB009A4457
:100B200053469E68DF6800F0A7FB8F42BADC00D115
:100B3000FFE0002F00DAE4E05246534652691B6999
:100B40009346049A934200D1D5E052460821605E54
:100B5000528800045946104398470090019100992B
:100B6000019A0B001000134300D1CAE013000A00E1
:100B7000B61A9F41002806DB784800F07DFB009EF6
:100B8000019F36184F4153469E60DF6000229A5EF7
:100B9000002A00DA86E7530099186069C9004118F5
:100BA00002938B68C9689B46B94200DD7AE702D19F
:100BB000B34200D976E708239C46A44405956546D0
:100BC0002281A446029B2C0006E053009918C9001C
:100BD00041188D68C968AB469B18DB00C318B94241
:100BE00006DC00D1AFE01C000023E25E002AECDA54
:100BF000230064469C4653461A806346059D1D802B
:100C0000A3881BB2002B00DA51E72269EFF31081B1
:100C100072B61368002BFCD0BFF35F8F0123A78847
:100C20005B42A3803FB22369BFF35F8F00221A604B
:100C300081F31088002F00DA39E7230008332200FF
:100C40009A4666697B00DB19DB00F3189968504609
:100C50008C460824115FDD68002910DB029306E052
:100C6000AB4240D00023E15E2000002906DB4C00AF
:100C70006418E4003419E368AB42F1DD029B07809D
:100C800000201F5E1980002FDCDA1400A379002BEE
:100C900000D110E70023A37126000823E15E083687
:100CA0004B1C00D12CE7B446656903E084464B1C1D
:100CB00000D100E74B005B18DB00E8180A00E95E92
:100CC00043881BB2002BF1DA01267642F7178660C3
:100CD000C7600826A35F9342E9D063461980238941
:100CE00003802281E3E7A3686345BBD9C6E76B1C99
:100CF00000D0EEE6FCE65B4658461B6998470028A4
:100D00001BD153461B8822692381EFF3108372B6EF
:100D100011680029FCD0BFF35F8F514662880A80BA
:100D200022696580BFF35F8F0021116083F3108813
:100D3000B8E6864200D8FCE6B4E65B461A685B6813
:100D4000009201930BE7B34500D84CE750E7C0464B
:100D5000C81F00203C700540690A00100040054093
:100D6000074810B50268EFF3108172B61368002BC4
:100D7000FCD0BFF35F8F05F0B5FE0020002110BD51
:100D80008423002070B52E4C2569002D04D00A2143
:100D90002C48FFF711FE70BD2B4E0321300000F0F0
:100DA00061FAE660FFF7EAFB284B03229C46D0235A
:100DB00022701B061B6801216370254B6044A360F1
:100DC0000F23800020610220638063694942A18073
:100DD00019800231198647311D83585218315A52F1
:100DE00075325C39995218320131995218320131F9
:100DF0009952183201319952083518329D520231F8
:100E000018329952183201319952183201319952DF
:100E10001832013199521832013199521832013188
:100E200099520C4B0C49DC6001303562FFF71CFC19
:100E300001210320FFF7E0FB084B1D60A7E7C04638
:100E4000341000208423002000400540400000347E
:100E5000FFFF1000C81F0020690A0010386005401D
:100E60000048704734100020F8B51F0008AB1B780D
:100E700004001600002B08D100F006FA32003B00F7
:100E8000121A8B41002B00DA52E02269EFF3108036
:100E900072B61368002BFCD0BFF35F8F0223E15EB4
:100EA00063694A005218D2009B182269002936DB78
:100EB0001D886580BFF35F8F0025156080F3108863
:100EC000069A9E60DF601A61079A5A615A88013259
:100ED0005204520C101C002A1FD082B25880080401
:100EE00010432669EFF3108772B63268002AFCD0EF
:100EF000BFF35F8FA2881A80A1802369BFF35F8F41
:100F000000221A6087F310880A4923788C46013240
:100F10009A40E36863441A60F8BD0120DDE7BFF33F
:100F20005F8F0023136080F3108801204042F3E7B5
:100F30000020F1E73C20000070B501000469EFF3E8
:100F4000108C72B620680028FCD0BFF35F8F02209F
:100F50000D5E4C6968004019C00024180869002D16
:100F600036DB26884E80BFF35F8F002606608CF349
:100F70001088E36063880498013320615B0405985E
:100F80005B0CA26060611A1C002B1FD093B2280476
:100F9000628018430A69EFF3108C72B61368002B55
:100FA000FCD0BFF35F8F8B8823808D800B69BFF3EC
:100FB0005F8F00221A608CF310880B7801329A4000
:100FC000CB6808498C4663441A6070BD0122DDE796
:100FD000BFF35F8F002303608CF310880120404231
:100FE000F3E7C0463C20000010B543890A14934241
:100FF0001ADD53009B184269DB00D3180469EFF334
:10100000108C72B62268002AFCD0BFF35F8F5A881A
:10101000090494B2090C8A4208D00369BFF35F8FB8
:1010200000221A608CF31088002010BD802212026A
:1010300014435C80012302698371BFF35F8F002139
:1010400011608CF31088044902788C469340C26882
:10105000012062441360E8E73C20000040787047BC
:10106000F0B5CE46474680B583B0040000F00CF9D9
:10107000FA2206000F00200000230021920000F059
:10108000EDFF8019794104000D1E02DA01242D4D77
:10109000644296267642F71736196F41AF4215D84B
:1010A00012D000F0F1F832003B00121A8B41002BF5
:1010B00018DC002B43D02000290000F0EFF803B02B
:1010C000C0BCB946B046F0BDA642EAD90022002312
:1010D00016001F0000F0D8F832003B00121A8B41B6
:1010E000002BE6DD00F0D0F832003B00121A8B41F5
:1010F000002B0ADB00230193134B320000931348AB
:101100003B00FFF719FF0130D5D0114BB14698468F
:10111000104E736A9F4204D8B26A4A45CBD29F42AE
:10112000C9D143461A68EFF3108172B61368002BD9
:10113000FCD0BFF35F8F404605F0A0FCE9E7002A32
:10114000B9D0CFE7FFFFFF7F610D00103410002002
:101150008423002000400540F0B557464E46DE4649
:101160004546E0B506000F0085B0EFF305839946CC
:101170008B46002B12D0384900204B6ABB4206D365
:101180008A6ADB1B591E8B41B2424041184305B0AD
:10119000F0BCBB46B246A946A046F0BD2F4B9A46CE
:1011A000DB68984653461B784046039300F064F88A
:1011B0004246039B040004339B009B580D001B1AFE
:1011C00039003000001BA941894510DC0DD020BF3B
:1011D000214A0020536A5B45D9D3926ADB1B591E12
:1011E0008B41B24240411843D1E78342EFD900F02E
:1011F0004BF832003B00121A8B41002B1ADB002304
:101200000193174B3200009350463B00FFF794FECA
:10121000011E0FDD104B5A6A5A451BD39B6AB3421D
:1012200016D35046FFF7E0FE0B4A0020536A5B4599
:10123000ADD3D2E7084A0020536A5B45A7D300200C
:10124000926ADB1BB24240415A1E934118439EE70B
:101250005A45E6D120BFE4E70040054034100020A5
:10126000610D001010B5024A0248FFF721F910BDC8
:10127000709B00103C1B00200300416A0A00986A22
:10128000596A8A42FAD17047034B596A0A00986A30
:10129000596A9142FAD1704700400540064A536AA4
:1012A0009942FCD807D1044B02E05A6A914202D11C
:1012B0009A6A9042F9D8704700400540F8B5DE467A
:1012C0004E4657464546E0B58B4605000A9918003C
:1012D000160000F049FB0A9B6C001F02324B641998
:1012E0009C46A4006444636881469F4200D96760BD
:1012F0002B1FDBB29846012B30D9C02380229B01E3
:10130000E31812011A60294BAD0059599A46002979
:101310001BD17301E026226853401E4080234246C1
:101320005B01E3181E60012A30D9802380229B01D3
:10133000E31812011A6053464A4667605A51F0BCDE
:10134000BB46B246A946A046F8BD586900F00CFB62
:10135000013043001B18033BFDD2DAE75B46012B4B
:10136000CBD1C02303229B01E3181A60023AA36881
:101370001A42FCD07301E0262268AD0053401E40A3
:1013800080230A4A5B019246E3181E605A46216890
:10139000514003220A401A6001225B469A40A3682A
:1013A0001A42FCD0C1E7C04600800040401B00202C
:1013B000F0B546464F46D646C0B51F00344B4400F4
:1013C0009C462418A4006444636888461600FF2BDA
:1013D00002D880235B006360031FDBB29A46012BB7
:1013E00030D9C02380229B01E31812011A60294BD7
:1013F00085005959994600291BD17301E0262268BE
:1014000053401E40802352465B01E3181E60012AB0
:1014100030D9802380229B01E31812011A608023B7
:101420005B0063604B465F51E0BCBA46B146A846DC
:10143000F0BD586900F098FA013043001B18033BD7
:10144000FDD2DAE74346012BCBD1C02303229B0117
:10145000E3181A60023AA3681A42FCD07301E0262E
:101460002268850053401E4080230A4A5B01914652
:10147000E3181E6042462168514003220A401A6068
:10148000012342469340A2681342FCD0C1E7C04604
:1014900000800040401B0020014B8000C058704776
:1014A000401B0020F8B5040021481E0017000D0065
:1014B00000F05AFA0100380000F056FA069B360494
:1014C0001B031E432368002B20DB1A4B1A49E31829
:1014D0005A1E93418022920194465B421B0B174A8D
:1014E0001B0363441360164A13601F000A68974386
:1014F000FBD1144B2560E2182123A0601360236800
:10150000002BFCDA0823E6601360F8BD3F23226855
:101510001340AB42D9D1A3681B051B0D8342D4D124
:10152000EE22E368D2021340B342CED1EDE7C046CB
:10153000001BB7000040FDBF08C0004000E00040B5
:1015400000F000400430000010B580241C4BE4057E
:101550001C6000281AD001231A4C18431A4BDC6176
:101560001A4C44401C62596298628021144BC90590
:101570001960174817490860E021C9041960002A5A
:1015800007D18022144B12061A6010BD0E4BD86191
:10159000EBE753019B1A9B009A18802312015B040E
:1015A0009A4209D213000D490B60074B5A60802202
:1015B000094BD2051A60E8E7094B1A00F3E7C04669
:1015C00000B00540D3C007B0008005402D3FF84F64
:1015D000FCFF01000820014000A00540A01F0020E2
:1015E000FFFFFF008023024A9B000B43D36270473A
:1015F00000800540002310B50100988A1B8B984796
:1016000010BDC046162310B50100188802331B8890
:10161000984710BDF8B54746CE4680B50F1E18D086
:1016200014239946043304000025012698464B46AE
:101630001888434621681B88984701C4431E984177
:1016400001350640AF42F2D13000C0BCB946B046C9
:10165000F8BD0126F8E7C046002370B504000D0070
:10166000988A03491B8B984729000300200098475C
:1016700055420000002370B504000D00988A05490A
:101680001B8B984703000020002C01DB0130A04099
:101690002900984755420000AA23064A1B011360FF
:1016A0008D235B00D3600449044B19605368002B01
:1016B000FCDA70470040024000B0FA0000600240CF
:1016C0007047C04610B50148FEF7D4FE949B001049
:1016D00070B5074D074EB54209D20024013E761B76
:1016E000B60808CD984723000134B342F9D170BD44
:1016F000689A0010A49A0010054B064A06491A6021
:10170000064A074B1A6010000B689843FBD17047DC
:1017100000E00040BFCDFBFE08C00040FE7F3C0063
:1017200000F00040044BDB6C002B03D18022034B04
:10173000D2021A607047C046000011504C20115070
:10174000044A054B1A60054A1368DB018033FBD15C
:101750007047C046FFFFFF0100F0004008C0004096
:101760004022034B9A675A671A67DA667047C04689
:1017700000F0014010B5FEF71FFF10BDF8B5274976
:10178000274C284D641AA6103200302E00D9302282
:101790002800920000F0BEFCBC2C3BD830202F2348
:1017A0002C196407204A801BE40F9B1B052B16D9BC
:1017B0003700002C02D0B300771CEA50001B33190D
:1017C0009B004108EB18C900C9181A605A60083319
:1017D0009942FAD1012303421CD09843C619B300A1
:1017E000EA50731C2F2E15D09B00EA50B31C2E2EEE
:1017F00010D09B00EA50F31C2D2E0BD09B00EA501A
:10180000331D2C2E06D09B00EA50731D2B2E01D0C9
:101810009B00EA50054B9D60F8BDC04600010010DA
:10182000C001001000000020C101001000ED00E028
:10183000002310B5294C82B0A367FFF72DFF0122CA
:10184000274B1A60636C012BFCD10322254B1A60D5
:10185000224A936B012BFCD1013300930121224AD0
:1018600022480433FFF71EFE052301210093204A7E
:101870002048FFF717FE0022022104201E4BFFF72D
:1018800097FD0022012105201C4BFFF791FD00224E
:10189000002107201A4BFFF78BFD002200210820B2
:1018A000174BFFF785FD8023DB000093002200210A
:1018B0000920134BFFF702FD0022104B00210620E8
:1018C000FFF776FD0420FFF7E7FD0E4900F04CF826
:1018D00001000020FFF786FE02B010BD008000402E
:1018E0003CB0004030B00040002F685900800240FA
:1018F000008C864700C00240001BB70040597307A8
:10190000006CDC0240420F0001480421014B1847E3
:101910005010002015160010124A936F9B0815D224
:101920009066D166002905D0FFE7FFE7FFE7516F1A
:10193000106F704704B580210906C2175140002876
:1019400000D0C84308F058F8002104BDF0B5146E6B
:10195000556E576F166FFFF7E3FF146655665767AE
:101960001667F0BD000000D0114A936F9B0813D298
:1019700010665166002905D0FFE7FFE7FFE7516FCA
:10198000106F704704B5002801D00020C04308F054
:1019900033F8002104BDC046F0B5146E556E576F84
:1019A000166FFFF7E5FF1466556657671667F0BDBB
:1019B000000000D094464A4A926F9208624601D2D3
:1019C00028E0C046F0B5464E346E756E776F366FC0
:1019D00000F020F89446424A146655665767166729
:1019E0006246F0BD94463E4A926F9208624601D22A
:1019F00054E0C046F0B53A4E346E756E776F366F70
:101A000000F04CF89446364A1466556657671667D8
:101A10006246F0BD002B24DB11D000293EDA00B570
:101A2000C943404200D1013100F038F8C943404277
:101A300000D10131DB43524200D1013300BD002A05
:101A4000EBD1002801D1002905D00020C90FC9071A
:101A500001D1C043410800B507F0B6FF00220023C2
:101A600000BD00B500290ADBDB43524200D101333F
:101A700000F014F8C943404200D1013100BDC94310
:101A8000404200D10131DB43524200D1013300F02A
:101A900005F8DB43524200D1013300BD002923D1B8
:101AA000002B18D1002A0CD0BC460D4F38667A6640
:101AB00000210023FFE7FFE7FFE77A6F386F6746F3
:101AC0007047002801D00748010000B507F07CFFEF
:101AD0000022002300BD02000B00002000217047FF
:101AE000000000D0FFFFFFFF002B00D0BFE0130C71
:101AF00028D1002AE7D080B4114F39667A66FFE713
:101B0000FFE730B4040C7B6F396F1B0423433B6643
:101B10007A66FFE7FFE7FFE7C04684B27B6F3D6F61
:101B20001B0423433B667A66FFE7FFE7C0460023BA
:101B30002C042D0C7A6F386F00196941B0BC7047C6
:101B4000000000D0F0B594460025140E01D1120219
:101B50000835140F01D112010435940F01D1920000
:101B60000235D40F01D152000135D40B0134254F79
:101B70007C66254C3C660E0C93B2FFE7FFE7FFE75F
:101B80003C6F6643360C7703BE467343DF0B5B0442
:101B9000C01AB941130C7343DB18C91ACE08664347
:101BA000360CB64493B273431F0F1B01C01AB941E0
:101BB000130C73431F0B1B05C01AB941860D8F020E
:101BC0003E436643360C092D24DB520A7243801AC9
:101BD0007703460A6643360C16235B1BDE40DF4064
:101BE000BF1964466643821B704604350633010004
:101BF000D940A840C01900D30131A24206D2002327
:101C0000F0BD0000000000D0FFFFFFFF121B0130FD
:101C1000F3D3F1E709277F1BFE406446A2B272436B
:101C2000801A00D20139220C7243130C1204821A5A
:101C300099410B007046043513370100F940A84064
:101C4000801900D30131002B02D1A2420AD2F0BD8B
:101C5000013000D30131121BFAD2013BF8D1A2426C
:101C600000D2F0BD013000D30131121BF7E7F0B50F
:101C70001C0C00D080E00CB400251C0A04D11B020F
:101C8000160E3343120208351C0B04D11B01160F2C
:101C90003343120104359C0B04D19B00960F334350
:101CA00092000235DC0B02D192185B4101351C0019
:101CB000971864410134464F7C66464C3C660E0CD6
:101CC000FFE7FFE7FFE7C0463C6F6643360C77034C
:101CD000BE4697B27743C01B00D20139C01B00D269
:101CE00001399FB27743C91BC91B170C77437E0488
:101CF000FF0B801BB941CE086643360C0C2D33DB3D
:101D0000B644120B1F053A431B0B97B27743C01B17
:101D100000D201399FB27743C91B170C77433E04A9
:101D20003F0C801BB941860D8F023E436643292735
:101D30007F1BFE400C3D7746AF40BF1930BCA2B2BE
:101D4000ABB272437343801A9941220C7243130C55
:101D50001204801A994102000B000137001BA941AF
:101D6000F9D2781E0021F0BD0C277F1BFE4077467C
:101D70007F0BAF40FF19E0E700245D1C07D0144F34
:101D80007D663966FFE7FFE7FFE7FFE73C6F95B247
:101D90009EB265436643401BB141150C1E0C654362
:101DA000664336042F0C3E432D04401BB14199423B
:101DB00004D202000B0020000021F0BD01D19042AE
:101DC000F7D3801A994101349942F2D3F6E7000023
:101DD000000000D0FFFFFFFF48404140484018B4DA
:101DE000134B5B68019308BD18B4114B1B6801933A
:101DF00008BD94460F4A926F920805D2624618B405
:101E00000B4BDB68019308BD0A4AF0B5146E556EA2
:101E1000576F166F6246FFF7F2FF064A1466556663
:101E200057671667F0BD18B4014B9B68019308BD56
:101E300040120020000000D0FFB55040424050400A
:101E400059404B40594000E0FFB5154F4C00640D20
:101E500003D0BC4204D10C0314D80020090D09059D
:101E60005C00640D03D0BC4204D11C030AD80022DC
:101E70001B0D1B0501264B4009D44B4003D58B425B
:101E800000D18242FFBD9942FCD19042FFBD0B437D
:101E9000DB1803431343F5D0C9434918FFBD0000C5
:101EA000FF07000000B5FFF7CFFF804100BDC0462F
:101EB00000B5FFF7C9FF01D9002000BD012000BD1A
:101EC00000B5FFF7B9FF01D9002000BD012000BD1A
:101ED00000B5FFF7B1FF804100BD012040054A0079
:101EE000121804D85A00121801D800207047012097
:101EF000704700000021002805D17047C1174840F5
:101F0000401AFAD0C90713B5064B1B6898470CBC9A
:101F1000441CA2401005120B0349091B0905194373
:101F2000114310BD802200201F04000010B54C009A
:101F3000620D8023D218DB00D21A5B057E2A10DDE9
:101F40009E3A13DACC170903490819435242D1408B
:101F5000640001341532202A05DAD040084360437A
:101F600010BD002010BD0846604310BDC80FC0184A
:101F7000013810BD18B4024B5B6A019308BD000024
:101F80004012002010B50148FEF774FAA09B001023
:101F9000132370B51D78012D19D014DD1D48FFF7EE
:101FA00031FB06001C48FFF72DFB1C4C8022310042
:101FB000200000F0AFF8022D06D01948FFF71AFBF9
:101FC000184B186070BD154C174BA364F5E7174B01
:101FD000124C23606360A360E36023616361A361CB
:101FE000E36123626362A362E36223636363A363C7
:101FF000E36323646364A364E36423656365A365A7
:10200000E36523666366A366E36623676367A36786
:10201000E367D9E753440000534600004012002014
:102020004C3300008022002031200010851F00105A
:1020300007B5604601880A0A0230DF2AFAD1C9B220
:10204000820804D3028840880004104300E000683E
:10205000014A5050039007BD4012002051434343B2
:10206000C9188C46110C83B24B4310B4040C614365
:1020700092B280B2504362431C041B0C001910BC86
:1020800059411304120CC0185141614470470000BB
:1020900010B50148FEF7EEF9FC9B0010132310B5B4
:1020A00010481C78FFF7AEFA0100012C0AD003DDBE
:1020B00080220D4800F02EF80C48FFF79BFA0C4BDD
:1020C000186010BD084C5422200000F023F82200B4
:1020D000084980322368002B00D1216004349442E7
:1020E000F8D1E9E753460000842200204C33000079
:1020F000802200209120001001480421014B184744
:102100006010002015160010014B1B6818470000D6
:1021100060100020014B5B68184700006010002031
:102120007047C046F8B55746DE464E464546E0B5D0
:1021300099460A9B07009A460D9B884693460B9C3E
:102140009B073BD10C9B9C423DD21E1B0B94150060
:102150000C005E442A004B46013521002020B84780
:10216000B542F7D1A0460B9C002C20D0454636192D
:102170005346321B013C185D29004B46B847002CE2
:10218000F6D12B00350098460D9B9B070FD55B467B
:10219000EC1A0C9BA3420AD9464698462A004B46A5
:1021A000310020200134B84701354445F6D32800DA
:1021B000F0BCBB46B246A946A046F8BD16001500C5
:1021C000002CD3D1E0E716001500002CCED1EEE7AD
:1021D000F0B54546DE4657464E46E0B585B09C46CE
:1021E00010AB1B78149F934698460F9C129E139D2C
:1021F000BB074CD4002D42D1B44248D201233B400E
:1022000099460E9B013B9A46302304E05246013426
:102210001355A64201D9202CF8D14B46002B00D1F2
:1022200083E00E9B013B99463023A54205D82EE062
:102230004A4601341355AC4229D0202CF8D1FB0674
:102240000CD57B0554D4A64263D0A54261D0119B26
:10225000102B50D0022B57D0202C32D120230193A9
:102260000E9B5A460093039763460295FFF75AFF69
:1022700005B0F0BCBB46B246A946A046F0BD01235E
:102280003B40994601233B422AD1B442B9D3FB06D5
:102290001CD57B05DBD4002CD5D1119B102B5BD03A
:1022A000119B022B6BD0302301240E9A13704346EE
:1022B000002B10D17B073ED52B260E9A631C16559A
:1022C000CDE72300013430260E9AD654202CC5D0F9
:1022D0004346002BEED02D260E9A631C1655BEE702
:1022E0004346002B2FD0013DB44200D289E798E746
:1022F000119B102BB2D1BB0637D5202CAED0582362
:102300000E9A13550134A7E7202CA7D023000134DF
:1023100007E0631E012CC0D0119A102A31D0022A86
:10232000D1D162260E9AD65496E7FB06CED57B0510
:1023300000D488E78BE723003E0790D520260E9A2D
:10234000013316558BE70C233B405A1E9341ED1A7F
:10235000B44200D255E764E7BB060ED478230E9A48
:102360000224137030235370A1E7202C00D175E7AD
:1023700078230E9A135501346EE75823EFE7603344
:10238000EDE70E9AA61E91464E44BA0602D5582293
:10239000327098E77822327095E7C04610B5002871
:1023A00000D110BD01F082FCFBE7C0460B0010B568
:1023B000002802D049681B68984710BDF0B5574601
:1023C000DE464E464546E0B595B083460F00924640
:1023D00098461E9A1F9B10001900209EFFF77DFD56
:1023E000002800D0EAE11E981F990122C54B5242F5
:1023F000FFF758FD002800D014E11E981F99012214
:10240000C14B5242FFF764FD002800D0E9E01E985E
:102410001F990022BD4BFFF75BFD002800D0C8E0EC
:102420001E981F990022BA4BFFF73CFD002800D0F0
:10243000BFE01E981F9900220023FFF733FD0028FC
:1024400000D0E4E000230B93229B5B0500D406261A
:102450000024302307E0172106AA0134521813552F
:10246000013E202C01D0092EF5D81E981F99FFF7A8
:102470005DFDA84BF2009B181A685B680500089286
:102480000993FFF73BFD02000B001E981F99FFF711
:10249000A6FC089A099BFFF7C6FC06900791FFF778
:1024A00069FD8146FFF726FD02000B00069807999B
:1024B000FFF795FC0022984B06900791FFF708FD67
:1024C000002800D10DE101239C46E1444846FFF776
:1024D00011FD02000B0008980999FFF7E9FC00289C
:1024E00002D0002399460135002E00D1D9E006958F
:1024F0004D46B94614E006AA944617230A216344C0
:10250000280001341F19FFF72FFA303139702800E5
:102510000A21013EFFF728FA092D00D817E105002E
:10252000202CE8D14F46069D20240CAE06AA172386
:102530009446634499465B46B34606930FE04B4688
:1025400028000A210134E618FFF7E6F930312800A7
:1025500031700A21FFF7E0F9051E00D1E4E0202CDC
:10256000EDD1069B5E469B460323229A1340012B26
:1025700018D1219B002B15D00B9B002B00D1FDE027
:10258000219B013B2193202B0CD93023219A07E07A
:10259000172006A9013409180B55944200D3CCE04A
:1025A000202CF5D1229B01940393219B009602934A
:1025B00022E0229B52460493219B39000393584604
:1025C0001E9B1F9C029600930194434600F04AF91B
:1025D0000400200015B0F0BCBB46B246A946A04698
:1025E000F0BD229B5B070FD403224C4B2299019232
:1025F000039121990093029143465246390058466F
:10260000FFF790FD0400E4E70422454BEEE71E9A35
:102610001F9B00200021FFF7E2FB01231E901F916A
:102620000B9311E7229B54469B0711D1219B042B4E
:102630000ED9219B55469C465E46043C64442A00C4
:102640004346013539002020B047A542F7D1B346B3
:10265000344D26002B1F99465B46A3461C003200D2
:10266000E87843463900013DA04701364D45F6D193
:1026700023005C469B46229B04349B07A9D5534606
:10268000219AE31A9A42A4D95E46150022004346D5
:1026900039002020B04753460134E31A9D42F5D853
:1026A00097E72800FFF72AFC02000B001E981F99ED
:1026B000FFF795FB0022184B06900791FFF7F2FBFE
:1026C0000CAE002800D031E7069807990022124B83
:1026D000FFF7FEFB002800D028E7012301359D43CA
:1026E00024E70022069807990B4BFFF7DBFB002835
:1026F00000D0F9E64B46002B5CD101239C46E14417
:10270000F2E6C046FFFFEFFFFFFFEF7F65CDCD4153
:1027100065CDCDC1B89E00100000E03F009C0010C8
:10272000F89B0010089C0010069B5E469B46032306
:10273000229A1340012B00D181E0202C00D131E7F7
:102740000B9B002B27D02D23335501342AE74F460E
:10275000069D202C00D1E7E63022331907E0172030
:1027600006A9013409180A55202C00D1DCE6A34241
:10277000F5D12E220CAE0134F254D7E60C23229A66
:10278000134257D0219B013B2193A34200D9FCE681
:10279000202C00D106E7229B5B0703D52B23335562
:1027A0000134FFE6229B1B0700D4FBE620233355B0
:1027B0000134F7E6DB0700D496E69EE7229B5546F8
:1027C0009B0711D1219B032B0ED9219B54469C467C
:1027D0005E46033D65442200434601343900202013
:1027E000B047AC42F7D1B346B9465F461C4EEC1C2D
:1027F0002A00B078434649460135B847013EA54214
:10280000F6D1229BBB464F469B0700D4E1E65346D8
:10281000219AE31A9A4200D8DBE65E4615002200B0
:10282000434639002020B04753460134E31A9D4205
:10283000F5D8CEE6219BA34200D9A6E6B2E6219BBD
:10284000002B00D179E70B9B002B97D0219B013BFC
:1028500021939C4200D298E6202C00D073E7A1E699
:10286000049C0010F0B5DE4657464E464546E0B59E
:1028700099B081468B4692469846229A239B100037
:102880001900FFF72AFB002800D0CAE022982399FC
:102890000122824B5242FFF71BFB002800D0C0E010
:1028A0002298239901227E4B5242FFF7FBFA00281F
:1028B00000D0B6E02298239900220023FFF7F2FA15
:1028C000002800D0C9E1229B239C08930994089812
:1028D00009998023269ADB001A400D928022269CBB
:1028E0001201144022000B94269C07000E001C428B
:1028F00000D0ADE00B00034300D0D5E0002A00D0AB
:102900000AE2220006332493022313400C9302238D
:10291000134200D002E2259B042B00D20FE2043BBD
:102920000B93002304250A93002222982399002365
:10293000FFF7B8FA002800D003E25A4B269A13405A
:1029400004930B9B0393249B0293089B099C009385
:1029500001945946434652464846FFF72FFD020070
:102960002020269B1F27034059424B415B421840C1
:10297000531C0893594643464530C8470A9AD31713
:10298000D4185C40D30F0A936B1E0B9308AB9C4684
:102990000025674401E0202D0FD020000A21FEF71A
:1029A000E3FF01357E193031317020000A21FEF736
:1029B000DBFF26000400092EEDD8052306930B9BB0
:1029C00059460593002304930A3303930A9B484610
:1029D000029310AB0093089A43460195FFF7F8FB6A
:1029E0000C9B002B2DD05346C41A259BA34228D9FB
:1029F0004D465F4681461E00534639001A19202075
:102A000043460134A847A642F6D85346484625997E
:102A1000C21A01320023914200D386E10130181816
:102A20000FE0269B0493259B0393249B0293229BF8
:102A3000239C009301944346524659464846FFF76B
:102A4000BDFC19B0F0BCBB46B246A946A046F0BDDD
:102A500001432BD10B9B2200002B00D154E7002314
:102A60000A93249B0A9A0024934200DD85E1229870
:102A7000239900220023FFF715FA002800D035E142
:102A8000269B084A02941A408023DB0013430493D8
:102A9000259B0393089B099CCBE7C046FFFFEF7F74
:102AA000FFFFEFFFFFF7FFFF06232493B44B7000F7
:102AB0009C46400D6044FFF721FAB24AB24BFFF743
:102AC000B2F9B24AB24BFFF78FF93603B14B360B6E
:102AD000334304000D00380019000022AE4BFFF70D
:102AE0007EF9AE4AAE4BFFF79EF902000B002000C4
:102AF0002900FFF779F9FFF719FA0A90FFF7FEF9B5
:102B0000A84AA94B04000D00FFF78DF90022A74B3E
:102B1000FFF76AF9FFF70AFAA54A0600A54B20005D
:102B20002900FFF780F9040030000D000C96FFF734
:102B3000E5F9A14AA14BFFF776F902000B0020004E
:102B40002900FFF74CF902000B0006000F00FFF709
:102B50006AF9320004000D003B0030003900FFF735
:102B600043F900220E900F91954B20002900FFF7AA
:102B700040F90022934BFFF737F902000B002000C9
:102B80002900FFF736F900228F4BFFF72DF90200DD
:102B90000B0020002900FFF72CF90D008021040014
:102BA00032003B000020C905FFF719F902000B00B5
:102BB00020002900FFF718F902000B000E980F996A
:102BC000FFF717F90022734BFFF70EF97F4B0C9CB0
:102BD0009C46644400222305FFF725F906000F00F8
:102BE00002000B0008980999FFF75CF900280AD049
:102BF0000A9B3000013B39000A930022714BFFF71A
:102C0000F8F806000F000A9A330063323900C62A2A
:102C100012D802222698042510400B9A0C90002A04
:102C200025D1259B042B05D9002800D0A1E0259BA8
:102C3000043B0B93042541E00222269810400B9A96
:102C40000C90002A12D1259B052B76D9002872D131
:102C5000259B0525053B0B9334E080221206944604
:102C6000229B0893239B6344099330E605250B437D
:102C700000D1F6E608980999554A564BFFF720F916
:102C8000002808D0089809990022534BFFF70AF949
:102C9000002800D0E5E6249B002B1CD00D9B002BC8
:102CA00019D0249B013B2493259BAB4204D90C9B58
:102CB000002B5AD002230C9300230B930A9B002B6A
:102CC00000D131E60898099932003B00FFF791F8EE
:102CD0000890099128E6259BAB42EDD90C9B002B6F
:102CE00043D000230B9302330C93E7E78020269B0D
:102CF0003A4A00061A40802384460294089C099DA3
:102D00002900DB0013430493259B614422000393B5
:102D10000B00009201938EE60524A8E600230B9396
:102D20000A93023304250C93FEE553468C46013B7F
:102D300063441B1A72E602230C930525C2E70423A1
:102D4000EDE58020089E099F000639008446269AFA
:102D5000224B6144134004930B9B32000393249B4A
:102D600002930B0000920193F3E5259B5B1B0B93F1
:102D7000A4E7022304250C93A0E79C1A013C76E605
:102D800001FCFFFFFB799F501344D33FB3C8608B16
:102D9000288AC63F0000F03F0000F83F61436F63A0
:102DA000A787D23F71A379094F930A400000E03F03
:102DB0001655B5BBB16B0240EF39FAFE422EE63F25
:102DC00000002C400000244000001840FF030000D9
:102DD0002D431CEBE2361A3F80842E41FFF7FFFFA4
:102DE000F0B5DE4657464E464546E0B5A5B01E0056
:102DF0002E9B92460C93CD4ACD4B80468B461A6053
:102E0000002900D1EAE1002330789946002800D15A
:102E1000ECE1C84B4C460B93C74B454657460E93C7
:102E20000AE0631C984622003B005946A8474446E6
:102E30003078002800D187E001362528F1D1082319
:102E40009A46043B9946023B9846013B00229C4629
:102E50000D943078711C0300203BDBB2102B03D89B
:102E60000B9C9B00E3589F460300303B89460D9C1A
:102E7000092B3AD9002398462A2800D1C1E0002323
:102E80009A462E284BD00300683BDBB2122B1ED88B
:102E90000E999B00CB589F4663460E001A43D8E715
:102EA00043460E001A43D4E74B460E001A43D0E7C0
:102EB00010230E001A43CCE753460E001A43C8E70E
:102EC00080235B001A43FF3B9C467078E1444E46EA
:102ED00067284FD82428A4D90300253BDBB2422B16
:102EE0009FD896499B00CB589F46002394461E00CE
:102EF00000E00131B3009B195B001E180878303EDA
:102F00000300303B092BF4D90123624689469C46D5
:102F10000023B0469A460E00E1442E28B3D130215A
:102F2000802049428C46C000024370784B4684445E
:102F30006146092900D86CE12A2800D17AE10123F1
:102F40009C464E46E1449EE7A146A846BA46CA457D
:102F500003D801235B425344994653464A46594697
:102F60000020C047200025B0F0BCBB46B246A946B1
:102F7000A046F0BD0300693BDBB20D930F2B00D9D7
:102F80004FE7012199408C466D49894661464B4681
:102F900019400F91634649460B4200D028E10D9B32
:102FA0000A2B3AD0072B00D03BE70C9B190008C92D
:102FB0008846002B00D14BE121200243914614A901
:102FC0008C461F220F2162448C4651460D950C9170
:102FD000A24615000F9902E020290CD01300644688
:102FE0001C4020003730092C00D8073801316854C4
:102FF0001A090F2BF0D80C9B54460D9D9A460F9141
:1030000033E10C9B02CB8846002947DB0C9301235C
:103010009C4670784E46E14431E70C9B02CB1493FA
:103020005346002B00D138E19C4608780B000C90E9
:103030008C44002801D100F098FC894661469446F2
:1030400003E05A780133002A01D08B42F9D1494676
:1030500062465B1A0C900F93530500D520E10223C2
:10306000180010400D90134200D1CBE30D930B1BC1
:10307000B1469A465E460C9822003B003100A847B4
:1030800053460134185D0028F6D1B3464E460D9BD9
:10309000002B00D0C7E1149B0C93C9E60C930123CD
:1030A0009C46283849420243884670784E46E1449F
:1030B000E5E670786C2800D17FE180235B001A433D
:1030C000FF3B9C46E14402E780239B001A43012317
:1030D0009C467078E144FAE67078682800D173E184
:1030E00080231A437F3B9C46E144F0E6672800D1E9
:1030F00003E1472800D15AE1452800D15AE1049262
:10310000072142460C9B0392073352468B4319001A
:1031100002920CC92800009201930C9122003B00FE
:103120005946FFF79FFB040082E6C046E12D0010E0
:103130009C1F00201C9D0010609D0010AC9D001085
:1031400041900000462800D1DBE00492072142466E
:103150000C9B0392073352468B43190002920CC911
:103160002800009201930C9122003B005946FFF782
:1031700025F904005CE6631C984622003B00594692
:103180002520A847444653E60C9B04330D93631C4B
:103190009946920700D422E10C9B220018785946E8
:1031A0003B00A84743464444012B00D885E2330046
:1031B000B8462E005F4625004C46994622004346FD
:1031C000013439002020B047AC42F7D12C00BB4677
:1031D000350047464E460D9B0C9329E6DB4B307875
:1031E000984600239946002800D012E60024AEE657
:1031F0006F2800D188E000D80BE31023782800D195
:10320000CFE09A430A239C4600230F930A330D9381
:1032100080E05646B1008919490001330E1818782C
:10322000303E010030390929F4D9B2461E0001337D
:10323000994628E60C9B023602CB8A46C943504683
:10324000C917084082460C933078731C99461AE6D9
:103250001023100098431133184381468020130037
:10326000C0000340024200D1A9E64B460693082362
:1032700005935346049310230393002302930F9B5B
:10328000220001931CAB009359463B002800FEF737
:103290009FFF434604000C93CAE501235B42C3E64B
:1032A0000F9B534501D953460F930223180010403A
:1032B0000D90134200D1B7E10D93D1460B1B9A46F6
:1032C0003300A1442E0022004D460C98B9465F46BB
:1032D0009B4608E04B463900541CB0475346185DE6
:1032E000002877D022009542F4D15B46BB464F467A
:1032F000A94635004C461E00C9E680231B011A432F
:10330000FDE620231A4320E708239C4600230F9361
:1033100008330D9380231100DB0019401A4200D1BD
:1033200016E10D239A431000802302009B001A40EF
:103330001492184200D0C2E1802302005B001A40C0
:1033400091460C9A04320F92184200D0B7E243061D
:1033500000D59FE1030600D419E30C9B1B88099359
:10336000002B00D0FCE110339843002900D1F7E195
:103370000023994643460593534604930D9B0690BC
:1033800003930023D2E0582808D0622867D1022393
:103390009C4600230F9302330D93BBE720231A436F
:1033A000103B9C4600230F9310330D93B2E780230C
:1033B0001B011A4320231A43A1E6C0239B001A4392
:1033C000F31C9946B07882E5C0231A43F31C994652
:1033D000B0787CE535005E46BB464F4657E643462F
:1033E000012B00D863E1631E43449A463300B9467B
:1033F0002E005F4655469B46A24622004B460134AE
:1034000039002020B047AC42F7D135005E46BB46BC
:103410004F46A14654460C9B4A46187859463B00F5
:103420004444A847D7E6A1460F9B984500D832E60A
:103430004444E41A3300B8462E005F4625004C464B
:10344000994622004346013439002020B047AC425F
:10345000F7D12C00BB46350047464E461BE680237D
:103460001000DB0018401A4200D10FE111211800B2
:103470008A430D920D9A802311009B0019408C46BF
:103480001A4269D1802311005B00194089460C99CA
:1034900004310F911A4200D0CAE113005B0600D537
:1034A000F0E013001B0600D459E20C9B00229B5E47
:1034B000D9175A184A4092B2D90F0C91002B00D15B
:1034C000F9E1100014AA944642461F231492524672
:1034D0006344A84616944D460400B946B2461F0000
:1034E000159201E0202D0FD020000A21FEF73CFAB2
:1034F00001357E193031317020000A21FEF734FA8F
:1035000026000400092EEDD8149B4F46A9464546D7
:103510009846159B56469A46169C0D9B0693434625
:103520000593534604930A2303930C9B02934B4643
:1035300001931CAB2200009359463B002800FEF784
:1035400047FE0F9B04000C9372E4C046212100103B
:103550000C239A431000E7E607220C9B07339343A2
:10356000013294469C4462460C920CCBD90F0F91C9
:103570001100194300D191E0D917139112915140D4
:10358000109113995940119110981199129A139B07
:10359000801A99411090119114AA00239446424632
:1035A0009946149252461F336344A846B246169475
:1035B0004E46109C119DB94615921F0001E0202E29
:1035C00010D0200029000A220023FEF70BFA013652
:1035D00030322B00BA550D0022000400002BEED132
:1035E000092AECD8149B1094119545469846159BD2
:1035F0004F46B14656469A46169C0D9B0693434647
:103600000593534604930A2303930F9B02934B465F
:1036100001931CAB2200009359463B002800FEF7A3
:10362000D7FD0400FFF704FC0F9B984500D8C1E1CB
:103630008023DB000D9343460F9A1B199B1A994672
:1036400033002E004D46B9465F469B460C91220042
:103650004B46013439002020B047AC42F7D14346F5
:103660000C9901330F930B7835000C935E46BB46E3
:103670004F46002B00D10EE50D9B002B00D1F6E448
:10368000002319E60C9B1B781A0015E710239A43B8
:103690000D92EFE60C9B1B78099361E60023994697
:1036A0000028AAD1002200231092119374E70C9BEA
:1036B0002200187859463B00A8474C468BE50C9AE7
:1036C000FA3BFF3B07329A430133994691444B46FC
:1036D0000C931368526815921A4306D11032904326
:1036E00000220992002900D081E06122810600D5E4
:1036F0004122D2B20A9214AA91460A9A00210A3AA9
:10370000149242461792524618925A460991B3466D
:103710001F311E000F9B4944BA4619941A95002484
:10372000674698468946159D16901B920AE03032EE
:10373000D2B24B4601341A55A8454AD0202C4AD063
:1037400006000D003A00002330002900FEF74AF978
:10375000D2B2092AEBD9149B9C466244D2B2E8E764
:103760006123820600D54123DBB20A3B0C9343461A
:1037700014A91F228C46159353466244A046B246B4
:103780004C461797A9461700099D0D9E1490169355
:1037900008E03033DBB201343B55B5420ED3202C68
:1037A0000CD0050031002800FEF7DEF8CBB2092965
:1037B000EFD90C9A94466344DBB2ECE7159B4D4677
:1037C000A14644469846169B564614989A46179F1B
:1037D000D0E5B742B2D9179B57469846189B5E462C
:1037E0009A461B9B09949B461698199C1A9D434622
:1037F0000593534604930D9B069003930023029375
:10380000099B05E70F9B984500D914E701330F93F7
:103810002DE41023110099430D91692800D0BAE0DE
:1038200080231000DB0018401A4200D122E61DE67A
:103830000C9B1B68DA0F1100002B00D18CE0DA170B
:103840009818504014AA914642461F23149252469B
:103850004B44A046A946169704006546B2461F0091
:103860000C91159201E0202D0FD020000A21FEF7C7
:103870007BF801357E193031317020000A21FEF7C6
:1038800073F826000400092EEDD8149B4446984690
:103890000C9BAC461900159B56464D469A46169F02
:1038A0000D9B0291069343460593534604930A23C6
:1038B000039363463CE6002800D02EE602E60C9B0C
:1038C0001B689946002B03D110339843002938D147
:1038D0006123820600D54123DBB20A3B0C934346A9
:1038E0001693534614A91F228C4617932B0062444B
:1038F000A0464D46B246189799461700149C0D9E57
:10390000159008E03033DBB201343B55B5420ED39D
:10391000202C0CD0050031002800FEF725F8CBB292
:103920000929EFD90C9A94466344DBB2ECE7169B65
:10393000149444469846179B56464D469A46159809
:10394000189F43460593534604930D9B069003939B
:1039500000230293149BEBE50028A1D172E70C9B96
:103960001B68D9175A184A40A6E580231000DB00CF
:1039700018409C460F901A420FD0022003001340BB
:103980000F93104219D00023A1460F934CE50C9BD6
:103990001B680993E4E40A0034E402231800104091
:1039A0000D90134200D03EE54346002B00D042E686
:1039B000FFF771FB01330F937FE463460D93F3E749
:1039C00010B50C0084B00394012402A90290009366
:1039D000034813006242FFF703FA04B010BDC0466B
:1039E000AD23001010B5094A0300146884B0002C00
:1039F00008D0012200910648524203A9A0470120A5
:103A000004B010BD00F09CF90020F9E79C1F0020D5
:103A10009D2300100021002010B5FDF71DFEC046BB
:103A200010B5FFF7F7FFC04670B5FDF751FE074D23
:103A3000074EB54209D20024013E761BB60808CDD8
:103A4000984723000134B342F9D170BDA49A001005
:103A5000B09A0010030010B5080011001B689847C9
:103A600010BDC046F0B5C64600B5437D07000C004A
:103A70001600002B46D0002A17DD0B780A2B24D025
:103A800000239846012E13D001252900635C0135DF
:103A90000A2B26D0B542F8D1464509DCA419013CD1
:103AA00023780D3B5A4253413B7580BCB846F0BD6C
:103AB0004346E018A419F11A013C3B689847237863
:103AC0000D3B5A4253413B75EFE7037D002BD7D1A5
:103AD00002210F483B689847012EDFD0012398460A
:103AE000D2E7631E5B5C0D2BD4D0884504DA4346D5
:103AF000C91AE0183B689847022105483B68A84668
:103B00009847C7E70368110020009847CDE7C046F3
:103B1000089F0010F0B5C6460B6806000C0000B503
:103B2000802B06D05A1C2260E418267180BCB8464F
:103B3000F0BD0F4B1D68002D16D00B1D98460D4F84
:103B400002E02D69002D0FD02B68002BF9D03B68C7
:103B5000002B01D0AB42F4D1280041462268FFF788
:103B600081FF2D69002DEFD101220023DBE7C04644
:103B7000901B0020981B0020F0B54546DE464E46BF
:103B80005746E0B583B091461C0080460D00FDF716
:103B90007BFB0023304A12184B41002B02DA012232
:103BA0002E4B52422E4908008A4605F03DFF070081
:103BB0006B1C03D1404605F0C7FE0500002C27D042
:103BC000284E294B1C68002C18D04B46002B21D1C5
:103BD000264B994602E02469002C0FD02368002B65
:103BE000F9D04B461B68002B01D09C42F3D120003A
:103BF0002A004146B0472469002CEFD1002F26D17E
:103C0000280003B0F0BCBB46B246A946A046F0BDB2
:103C1000174ED6E7154B99460A239B4602E02469C6
:103C2000002CEBD02368002BF9D04B461B68002BEF
:103C300001D0A342F3D12A0041462000B0476B4691
:103C40005A462000DA71D91D0122B047E7E75046F5
:103C500005F0B2FED4E7C04640420F00FFFFFF7FF1
:103C6000B0100020653A0010901B0020981B002027
:103C7000553A00100A4A1368002B05D10CE01A00CF
:103C80001B691032002B07D08342F8D1002902D1E2
:103C900018691060196170470029FCD01060FAE7BC
:103CA000901B002010B500F0F1FA10BDF0B5CE4623
:103CB000474680B583B06B460600DD1D2870FDF7D2
:103CC000E3FA0023194A12184B41002B02DA0122B1
:103CD000174B524217490800884605F0A5FE164BBF
:103CE00081461C68002C14D0144F02E02469002C7B
:103CF0000FD02368002BF9D03B68002B01D09C42E9
:103D0000F4D1200001222900FFF7ACFE2469002C29
:103D1000EFD14B46002B05D1300003B0C0BCB946F3
:103D2000B046F0BD404605F047FEF5E740420F00C3
:103D3000FFFFFF7FB0100020901B0020981B002089
:103D400070B5040005F000FE01230100050001220A
:103D50002000FFF711FF084B1C68002C06D0636899
:103D6000002B05D098472469002CF8D1280070BD9D
:103D70002469002CF3D1F9E7901B0020F0B5CE4662
:103D8000474680B5A3B004000D00FDF77DFA00237F
:103D9000274A12184B41002B02DA0122254B5242CE
:103DA000254E300005F040FE00232200019307005D
:103DB0002B00224801A9FFF703FE214B80469946BC
:103DC0001C68019B002B1AD0002C2FD01D4D02E047
:103DD0002469002C0FD02368002BF9D02B68002B0E
:103DE00001D0A342F4D12000019A02A9FFF73AFEC4
:103DF0002469002CEFD14B461C6800230193002C52
:103E000006D06368002B0BD098472469002CF8D1AA
:103E1000002F07D1404623B0C0BCB946B046F0BD24
:103E20002469ECE7300005F0C7FDF3E70194EFE704
:103E300040420F00FFFFFF7FB0100020153B001035
:103E4000901B0020981B00200FB400B583B004A97C
:103E500001C90191FFF792FF03B008BC04B01847F5
:103E60007047C0460022014B1A707047952402200B
:103E70004B790020FF2B0BD18B79002B08D1CB790C
:103E8000012B05D1082A03D9024B8A7809301A7010
:103E90007047C046952402200120704710B50129C3
:103EA00013D112495379107909781B02034300207A
:103EB000994200D010BD5378012B08D0022BF9D1C4
:103EC000642200210020FDF73FFB0120F2E7D378B8
:103ED00091781B021943480ADB0501D401204042B6
:103EE0007F238A05D20F1940FDF7C4FB95240220D9
:103EF00000487047D49F001070B5050014000120E1
:103F0000012909D153780020012B05D16379127959
:103F10001B021343072B00D070BD21002800024A6A
:103F20009F3301F055FAF7E72C9F0010012303702F
:103F3000004870470C9F00104B780A781B0213430F
:103F40008A7810B512041A43CB781B0613439622C5
:103F5000D200934200D010BD002201201100404247
:103F6000FDF788FB024B1860024B19607047C04692
:103F7000301B0020341B002010B5024B1878FCF7D2
:103F800059FB10BD96240220154B70B51A68002A03
:103F900022D0EFF3108172B610680028FCD0BFF376
:103FA0005F8F00200F4A596010701B68BFF35F8F4E
:103FB000186081F31088002400250B4E3078FCF740
:103FC0002DFB002804D1002400252900200070BD0D
:103FD0003078FCF72FFBF8E7FA240025A400ECE783
:103FE000C01F0020972402209624022070B50400F0
:103FF00000200E0001F00AFB002834D0002001F060
:104000001BFB00282FD0FDF73FF90023174A121899
:104010004B41002B16DB164D280005F005FD00284E
:1040200021D0002001F0F2FA00280FD10120002158
:10403000404200F001FD03246442280005F0BCFC6E
:10404000200070BD01220B4B5242E4E7002001F03A
:10405000F3FA0028EAD021003200002001F0F6FA3D
:10406000041EEAD1E7E703246442E9E740420F0077
:1040700088230020FFFFFF7F10B5FDF705F900231F
:104080000D4A12184B41002B02DA01220B4B52420F
:104090000B4C200005F0C8FC00280CD001200021AA
:1040A000404200F0C9FC002001F014FB0028F5D1CB
:1040B000200005F081FC10BD40420F00FFFFFF7F94
:1040C00088230020F8B5DE46574680B505000C0071
:1040D000FDF7DAF80023364A12184B41002B02DABA
:1040E0000122344B5242344908008A4605F09CFCB8
:1040F000002803D1C0BCBB46B246F8BD002001F089
:1041000085FA00284AD00026002C43DD2B4B9B4625
:1041100014E0A919002001F017FB0700012000217D
:10412000404200F089FC002001F0D4FAFDF7ACF821
:10413000224BF61918605960B4422BDD002001F0C3
:1041400023FBA71B0200B84200DD3A00002AE0D1A1
:1041500001200021404200F06FFC002001F0BAFA7B
:10416000002001F053FA002814D0002001F00CFBCD
:104170000028E1D1FDF788F85B460F001A685B68FC
:10418000002184460E4812184B419F4202D8D3D1D9
:104190009445D1D9504605F00FFCABE70020002133
:1041A000064B18605960504605F006FCA2E7C04671
:1041B00040420F00FFFFFF7F8823002038120020BD
:1041C00020A1070030B52A4C85B00021200005F061
:1041D0001BFC00281CD1274B1A68002A16D0EFF3CD
:1041E000108172B610680028FCD0BFF35F8F0124E5
:1041F0002148596002781B68D2B20470BFF35F8F08
:104200000020186081F31088002A17D005B030BD57
:1042100001200021404200F00FFC002001F00CFAC8
:104220000500200005F0C8FB002DEFD0134B1B68E4
:10423000002BEBD0124A10689847E7E7FCF710FE16
:104240000400FDF721F8FA220023920012184B41D6
:10425000002B02DA01220B4B524201210291002174
:104260000191094920000091FCF7FEFDCEE7C04610
:1042700088230020C01F002097240220301B00202C
:10428000341B0020FFFFFF7F893F0010D02310B5B3
:104290001B0684B01C68FCF7E3FDFCF7DFFEA042C0
:1042A00002D0002004B010BD294B002100201B7853
:1042B00001F05EFD27480368002B45D00120FCF784
:1042C00065FBFF23244C254920701840FCF7CCF9EE
:1042D00020780121FCF790F90520FCF7B3F90028BC
:1042E00024D1082200211E48FDF70EFFFCF7B8FD7F
:1042F0000400FCF7C9FFFA220023920012184B4178
:10430000002B02DA0122174B5242012102910021B7
:104310000191154920000091FCF7A6FD0028C0DBA3
:1043200012480121FFF7A6FC0120BBE70120FCF7A2
:1043300031F90B4B01001800FCF78CFB0022052023
:104340000B49FCF7BBF9EBE7FCF768FBB6E7C046A7
:1043500020A400108823002096240220C5410010CC
:10436000C01F0020FFFFFF7F893F0010701000205A
:10437000793F00100048704770A000100048704757
:104380001CA0001010B5040017480378002B20D0A3
:10439000002C06D1154B16484380063BFF3B03809B
:1043A00010BD052C1DD8134BA400E0581249012361
:1043B000013804E001330A800231142B0DD0C25CB5
:1043C000002AF7D1C022DBB25B00920008481343F9
:1043D000E5E7112100F01AF8DAE7CA2304489B0048
:1043E000DDE70020DCE7C04690230220090400003E
:1043F000681B002004A000106A1B002010B50248B2
:1044000000F0D8F810BDC0467822002030B54B1E11
:10441000012900D1A7E0664A11780D092C0030343B
:104420009F2900D9A2E00470012B00D1BEE00F212A
:10443000147821400C003034092900D998E04470E8
:10444000022B00D1B2E054782509290030319F2C8D
:1044500000D990E08170032B00D1A7E00F2121400B
:104460000C003034092900D987E0C470042B00D136
:104470009CE094782509290030319F2C00D97FE0F9
:104480000171052B00D191E00F2121400C00303447
:10449000092900D976E04471062B00D186E0D47852
:1044A0002509290030319F2C00D96EE08171072B3E
:1044B00000D17BE00F2121400C003034092966D85F
:1044C000C471082B00D171E014792509290030311D
:1044D0009F2C5FD80172092B68D00F2121400C005E
:1044E0003034092958D844720A2B5FD054792509F1
:1044F000290030319F2C52D881720B2B56D00F21BE
:1045000021400C00303409294BD8C4720C2B4DD0FB
:1045100094792509290030319F2C00D90731017386
:104520000D2B43D00F2121400C003034092901D933
:1045300037310C0044730E2B38D0D1790C0922008E
:1045400030329F2900D9073282730F2B2ED00F22D1
:104550000A4011003731092A01D830321100C173E5
:10456000102B23D010300023037030BD07345AE7DE
:1045700037310C0063E707316CE737310C0074E723
:1045800007317DE737310C0085E707318EE737319A
:104590000C0095E707319DE737310C00A3E70731A1
:1045A000AAE737310C00C4720C2BB1D1C018DAE77E
:1045B0007822002010B588B004000D220021684642
:1045C000FDF7A2FD0D22002104A8FDF79DFD4B2360
:1045D0006A466846137004A90D2205F0E5F9152115
:1045E000082220006944FDF795FD08B010BDC046C3
:1045F000F8B500F047F90C23194DFF22AB670520F1
:104600001849FCF75BF8184C402200212000FDF708
:104610007BFD4027002301262121144A6670278351
:10462000A260136063545F31618445396354104A5A
:1046300010496360E2602787A1620B606362E262F7
:1046400005F002FA80239B052E64EB6490230A4A4E
:104650000120EA508022094B5202DA64F8BDC046BC
:10466000000011502D0500209C1B002084001050DC
:10467000000110508000105010D001000020115097
:1046800010B501210520FBF7B7FF10BD10B50022C2
:104690000021024800F016F910BDC046BC1B0020E6
:1046A000044B1970002904D080219023024A89020A
:1046B000D150704791240220002011500B785B06E6
:1046C00002D14B78052B00D070478A78014B1A60D5
:1046D000FAE7C04600001150F0B5C646C87800B5EC
:1046E0008007830F1800012B60D08F780A794B79EF
:1046F0007F213940FC091B024E001343334D321910
:104700005201AA18977001276740577000275B0570
:104710005B0DD7701383D076B846CA00012C32D017
:104720002B4FBC468F016244BC46AC446746BA601E
:1047300047461760002932D0264AC9009046624693
:10474000414451603F223F339343022837D02249EE
:1047500037190A687F01D3180B602049EF19FA60F6
:104760008B422ED836197601AD19EB7E1C499B067B
:104770004A4013438022120613436A6813600120E3
:1047800080BCB846F0BD174FBC468F016244BC46A2
:10479000AC446746BA6247461760002908D1002337
:1047A00064012C196360104BE360E8E70020E7E741
:1047B0000B4AC9009046624641445162C2E75B0021
:1047C000C5E7FCF77FFFFA68CCE7C0469C1B0020DA
:1047D0008400105004001050A41F0020FF0F105040
:1047E00000001050800010500001105010B505F06E
:1047F0002BF910BD10B57F200C0020404000E409CB
:10480000110000191A00034B4001C01800F05AF8BB
:10481000012010BD9C1B00207F23180000B508401C
:1048200083B00B4204D14B424B41084A013393669B
:104830008022C9094000064B401840010021C018E1
:10484000120105F009F903B000BDC0460020115067
:104850009C1B00207F22130010B50B400A4200D1A0
:1048600010BDC9095B005B1804485B01C018002338
:1048700000220349C37005F0EFF8F1E79C1B00200C
:10488000FFF7FFFF80220A4B520410B51A60094B54
:1048900009491A6010000B689843FBD1802200215F
:1048A00052010648FDF730FC0922054B5A6710BD3E
:1048B00000E0004000F0004008C000400000105040
:1048C00000001150002310B5C38201338282837629
:1048D0000161040005F080F8002804D080219023B5
:1048E000074A8902D150200005F07EF8002802D046
:1048F0000123237710BD200005F09EF8FAE7C0469B
:10490000002011507047C0467047C04600207047D5
:10491000002070477047C0467047C0467047C04689
:104920007047C046024B5878431E9841C0B270474A
:1049300030150020024B18784007C00F7047C04662
:1049400030150020F0B5D6464F464646C0B52F4B31
:1049500007009A461B780E00FF2B50D1002941D04A
:10496000002154222A48FDF7CFFB0022294C2A4B74
:1049700020001A70FCF752F8284B1C60284C2000CD
:10498000143CFCF759F8200001F0F2FD254B264DB0
:104990001C60264B002B04D02800FFF7C7FA244BDD
:1049A00018602449002489462149002388462A7832
:1049B00010E043461B6862019B18002B12D05B6815
:1049C000002B0FD098472A780134E4B2511C230001
:1049D000A14209DBA242ECD89B1A5B014B445B6805
:1049E000002BEFD100200BE05346310038001F7040
:1049F000FFF7FEFD0028F5D03800FFF741FE01204B
:104A0000E0BCBA46B146A846F0BDC046A41000209E
:104A10003015002028150020922402208415002043
:104A20009C10002088150020902402202D3F0010AB
:104A3000801300202CA10010F0B5DE4657464E46EC
:104A40004546E0B5C84B91B002931B78FF2B00D1CF
:104A50003EE1C64BC64E9B465F46C64B0DAC01932E
:104A6000C54B009335686A69EFF3108172B613681D
:104A7000002BFCD0BFF35F8FA9612800210001F05B
:104A8000AFFB6A69AB69BFF35F8F0021116083F3ED
:104A90001088002800D11BE16378082BE2D89B0026
:104AA000FB589F466368002BDCD0A0689847D9E785
:104AB0007F222179AF4D0A405300EB189846C80970
:104AC000804440460123303005799D4305710579C6
:104AD00003339D430571002A00D100E14346A74AF4
:104AE0001B7D1278934200D3EFE0A54A5B01156865
:104AF000ED18002D00D1EBE0A36862792078AD6954
:104B0000A847AFE79F4A1378002B00D1E0E0137865
:104B1000013BDBB213701378002BA3D10122954D1A
:104B200001212B78042013432B703423EA5C8A4341
:104B3000EA54EA5C8243EA540133EA5C8A43EA5469
:104B4000EA5C8243EA54237800209B4600F09EFCF6
:104B5000602223791A40602A00D1EFE0402A00D178
:104B6000F5E0DB06DB0E012B00D113E1022B00D1B7
:104B7000C7E0002B00D0E1E0202A00D11CE2002A8F
:104B800000D0DBE06379092B00D9D7E07E4A9B0097
:104B9000D3589F46774D2B78DB0700D462E7FFF7A9
:104BA000BFFE5FE7019BDB78DB0700D45AE7606854
:104BB000FFF7AAFE56E76F4D2B78DB0700D451E7CD
:104BC00028780007C00FFFF7A9FE4BE723786A4952
:104BD00099468B46694B6A4998468A4639001A7845
:104BE00047460023B04600254E46894610E053460E
:104BF0001B686A019B18002B00D176E0DB6830004F
:104C000098473A780135EDB2511C2B008D4244DCB7
:104C10009542ECD39B1A5B015B44EFE7237858493C
:104C20009946564B8A4698463100BB464E461A78FE
:104C300000250023474689460FE053461B686A015A
:104C40009B18002B55D0DB68300098473A78013527
:104C5000EDB2511C2B008D4207DC9542EDD39B1A1F
:104C6000009A5B0194466344EDE7019D54220021C4
:104C70002800FDF749FA1022FF214448FDF744FAC5
:104C800028002022FF2114304E465F46FDF73CFAF3
:104C900000F0F2FBFFF740FEE4E6364D542200211F
:104CA0002800FDF731FA1022FF21281DFDF72CFA0C
:104CB00028002022FF21143046464F46FDF724FAF3
:104CC00000F0DAFB2379AB70CCE6501C984213DA83
:104CD00011B0F0BCBB46B246A946A046F0BDA368E1
:104CE0006279207800F0E6FBBCE646464F46214D4F
:104CF000E6E74E465F46CBE71F4D9B1A5B015D1909
:104D0000FAE67023217A0B4218D1C80982460F3384
:104D10000B405B0098461948EB1853441B7D007804
:104D20009946834266D216485B01006881469944E1
:104D3000002A00D15FE14B46002B68D1207800218A
:104D4000FFF76AFD80212078FFF766FD8AE61048AC
:104D500000F09CFB012158460EAAFFF7CDF8002871
:104D600000D07FE6EAE7C046A410002084A000102F
:104D700088150020301500202CA10010902402205E
:104D80008013002092240220A8A0001034150020D7
:104D9000F93E0010237A0F2BD0D8CF4AEB181B799D
:104DA0001578AB423ED3691C9942C7DB5D1BCB4BE8
:104DB0006D01ED18686900F069FB012158466B69C7
:104DC0000EAA9847002800D04CE6602215002379EF
:104DD0001D401A42B2D163790A3B012BAED800F0D4
:104DE00055FB63790A2B00D199E158460EA900F0D2
:104DF000D9FA37E6431C4B4500DAF7E04B461B1A5D
:104E00005B019946B5488144002A00D1F3E04B4646
:104E1000586900F03BFB4B46012158465B690EAADE
:104E200098479CE7AE4A5B011568ED18002DC1D18B
:104E300084E7A37999466B789945D6D06B78002B97
:104E400000D033E14B466B70002B00D12BE148467C
:104E50000138C0B2FFF792FA002800D17EE1437812
:104E60000793022B00D079E10122C179B1468B1161
:104E7000491113400A40302112015B0113432A7883
:104E8000A8468A4313432B7009239A468244564608
:104E9000BA46C37882781B021343C31805938E4B1E
:104EA00004938E4B08938E4B09938E4B0A93059B6C
:104EB000B34200D855E1737801220B2B03D133782C
:104EC000F278F6187378042B00D044E1059B002794
:104ED0009B1B9BB20693049B0B921D7800230393AC
:104EE0001BE0099A7B011568ED18002D00D132E115
:104EF000310058462B69069A98478446082803D9FA
:104F0000069A824200D313E1049B01371D78FFB259
:104F10006B1C03979F4200DD1DE1BD42E1D8039B5E
:104F20005D1B089B6D019C466544E1E76B780CAA0C
:104F300002321370584601230EA900F049FA91E598
:104F4000E3881A0AD8B20F2A00D9F7E66649930017
:104F5000CB589F460EA800F09FFA5846A179FFF75C
:104F600095FB02222B7813432B707BE5E388012B02
:104F700000D0E3E608222B78584693430EA92B7005
:104F800000F010FA6EE5022029780CAB9A1C8B0613
:104F90008908DB0F01400B431380584602230EA9FA
:104FA00000F016FA5EE5E388012B00D0C6E6082281
:104FB0002B7813432B7018E7237A0F2B00D9BDE60B
:104FC000EB181D79444B1B789D4228D2444B6D0150
:104FD0001B685D19002D00D1B0E6686900F056FA33
:104FE000012158466B690EAA9847B8E6002A00D0FE
:104FF000A4E60023994662790220130003928343BA
:10500000012B15D0002A00D098E62B0043445344CE
:1050100030331B790CAA9B07DB0F0232BCE75A1C0A
:10502000AA4200DA8AE6ED1A2C4B6D01ED18D4E79E
:10503000E388002B12D1029B1878039B012B23D00D
:10504000FFF7EAFB43460221EB18534430331A7949
:105050000A4301211A711A790A431A714B46002B2F
:1050600000D1FFE4586900F011FA4B4601215B6959
:105070000EAA58469847002000F008FA3523EB5C4A
:10508000DB0700D5EEE4B0E6FFF7E4FB4346022180
:10509000EB18534430331A798A431A711A790399F9
:1050A0008A431A71DAE7FFF737FC9EE6002158467B
:1050B000FFF7F6FA5846FFF799FBAB7807490393D9
:1050C0000491054B064998461A780591002329005A
:1050D0001D008A461BE0C046902402202CA100102F
:1050E0008013002044150020D0A00010059B6A0109
:1050F0001B689B18002B4DD0DB68584698474346E9
:105100001A780135EDB2511C2B008D422EDC9542F0
:10511000ECD39B1A049A5B0194466344ECE70CAB16
:105120009A1C584601230EA9157000F051F999E414
:105130000B9A012A4FD0002A3CD00023B07804E01B
:105140000133DBB20F71934234D2C118C9B241446A
:105150000D79FF2DF4D04E464546574600236B701F
:10516000ECE54E465746FFF7D5FB3EE65546542242
:1051700000212800FCF7C8FF1022FF21281DFCF7A2
:10518000C3FF28002022FF211430FCF7BDFF039B42
:10519000AB7057E65546FAE7FEF7AAFE021E00D1AD
:1051A000CCE5D37891781B020B4358460EA900F04A
:1051B0000FF9D4E565463B002A0031000A9800F05B
:1051C0007FFEAC46049B039A1B78664401339342EE
:1051D00000DB6CE6BFE7174B29699942ADD1079A0E
:1051E000ABE7FFF793FB021E00D1A7E55846137803
:1051F0000EA900F0EDF8B2E52189FFF7C3F8021E11
:10520000F4D19BE5022A0FD0FFF782FB021EC8D122
:1052100094E5FFF7AFF8021E00D18FE51223584640
:105220000EA900F0D5F89AE5FFF7A8F8021EB8D14C
:1052300084E5C04689580010F8B557464E46DE460C
:1052400045460C00E0B516001F00002A3CD0702334
:1052500098461E4B00259B461D4B9A461AE05B461E
:105260001B78200099465346997800F0EBFD002802
:105270001CD021004846FFF72FFA002816D0A3784B
:10528000DA09012A19D00A9A013513702378E41833
:10529000B54219DA6378052B08D1E3789B079B0F99
:1052A000BB4203D14246A3781A42D8D00020F0BCBA
:1052B000BB46B246A946A046F8BD0B9A013513700D
:1052C0002378E418B542E5DB0120F0E7A4100020C4
:1052D00030150020702270B58B780C001A4201D076
:1052E000002070BD064B20001D78064B997800F019
:1052F000A9FD0028F4D021002800FFF7EDF9F0E720
:10530000A4100020301500200B007F2010B518409D
:10531000DB0934334000044AC018044B1168C0183C
:1053200000F04CFD10BDC046841500203015002053
:105330000B007F2010B51840DB0934334000044ACD
:10534000C018044B1168C01800F060FD10BDC046C5
:10535000841500203015002070B57F240F480C40C4
:1053600064000419CD09641930342079C00701D5CF
:10537000002070BD01262579094835430078257144
:10538000FFF738FA0028F4D10122237993432371DF
:105390002379033293432371EAE7C0463015002096
:1053A000A410002070B5094C0600082220000D0052
:1053B000FCF7B0FE00238021E360A3602B7830006F
:1053C000994300220023FFF7C7FF70BD101500208E
:1053D000F8B5CE4647469046254E80B58146082210
:1053E00030000D001F00FCF795FE4346B36000231C
:1053F000F381EC79AB7924021C43231CBC4200D915
:105400003B1C9FB2B381002C0DD0002F17D0424619
:10541000002A2BD0402F1BD89FB233787F2B1CD86B
:105420000021144A0FE080212B780022994348463E
:105430000023FFF791FFC0BCB946B046F8BD7F23FB
:105440000022317899433B004846FFF785FFF2E799
:1054500040239FB233787F2BE2D9064C3A00414675
:105460002000FCF757FE80212200ECE70020E2E755
:1054700010150020D014002010B51422002102487D
:10548000FCF742FE10BDC04610150020014B18610C
:105490007047C0461015002010B5054C01000822C9
:1054A0002000FCF737FE0023A360E36010BDC04678
:1054B0001015002070B5384C1D0023780600DA095D
:1054C000C9098A4210D00020002D00D070BD2100F3
:1054D0003000FFF7F3F82369002B03D022000321EB
:1054E000300098470120F1E77F2B06D8A0680028FC
:1054F00034D02A002949FCF70DFEE289A16852192F
:10550000E38892B24919E281A160934214D03F2D01
:1055100012D9A389981A051C80B240282AD820786D
:10552000ADB27F2828D800219A4232D01B4A2B00E6
:105530003000FFF711FFC9E72369002B05D02200D7
:1055400002213000984700280AD0802123780022C9
:10555000994330000023FFF7FFFEB7E70020B5E7CF
:1055600000213000FFF758F930008021FFF754F98F
:105570000120ABE74025D2E79A4207D0074C2A002A
:105580002000FCF7C7FD80212200D0E78021002207
:10559000CDE70022CBE7C04610150020D014002034
:1055A00070B50400FFF7BEF9002800D170BDFFF709
:1055B000C1F90028FAD1C8236343124DEE18F178DF
:1055C0000029F3D010335D19280000F0F3FD3F28C7
:1055D000ECD90020F178FFF797FE0028E6D02800EC
:1055E00000F0E8FDF1783F2807D9074BE201D21817
:1055F00000204023FFF7B0FED8E70020FFF798FE19
:10560000D4E7C046081400208413002010B504001D
:10561000FFF788F9002801D1002010BDFFF78AF9B3
:105620000028F9D1C8226243024B01309B181B7934
:105630001840F2E708140020C82310B5434302487D
:10564000181800F099FD10BD18140020F8B5C824F2
:10565000802344431C4F103405003C195B029A42DE
:1056600000D31A4A200092B200F008FE0600FFF7AD
:1056700059F9002801D13000F8BDFFF75BF9002887
:10568000F9D1C8236B43FF18FB78002BF3D020001F
:1056900000F090FD3F28EED90020F978FFF734FEA6
:1056A0000028E8D0200000F085FDF9783F2807D9D0
:1056B000074BEA01D21800204023FFF74DFEDAE73E
:1056C0000020FFF735FED6E708140020FFFF00009A
:1056D00084130020F8B50400FFF724F9002801D155
:1056E0000020F8BDFFF726F90028F9D1C825654349
:1056F0002E00134F2436F619300000F03DFD00282F
:10570000EED07F190020B978FFF7FEFD0028E7D022
:105710000C4DE401651929004022300000F0AEFD77
:10572000B978041E08D003002A000020FFF714FEF9
:105730000028D5D02000D4E70020FFF7F9FDCFE7FF
:1057400008140020C413002070B5C82444430C4B37
:105750000500E41880235B029A4200D3094A200026
:1057600092B200F051FE0600200000F005FD3F2837
:1057700001D8300070BD2800FFF7ACFFF9E7C04644
:105780002C140020FFFF0000C82310B5434302483B
:10579000181800F00FFD10BD2C140020F0B50025E6
:1057A000184C83B0C82200212000FCF7ADFC164B3A
:1057B00021001D70FF236371E1235B02A3602000C1
:1057C00008234022A37338310095073B103000F0C6
:1057D0009DFC270001232100200026004022783173
:1057E0000093B837243000F091FCC0363800FBF746
:1057F00015F93000FBF712F9E5612762266365634E
:1058000003B0F0BD08140020041400200A4A116BF4
:10581000136A00290CD0002B07D00023D3615363F7
:105820001363002313620120704753631363FAE785
:10583000002BF8D0D161F4E70814002070B50F4CAC
:10584000052200212000FCF75FFC0D4D2B78DA07C4
:1058500007D50C4C9B070CD50121200000F0A8FEB9
:1058600070BD2000103000F083FE2B78054C9B07A4
:10587000F2D4200000F07CFEEEE7C04608140020C1
:10588000041400202C140020F0B54B79060083B0DE
:10589000022B02D18B79022B03D00025280003B004
:1058A000F0BD204FBB78002BF7D18B7809253B70DA
:1058B0000C780C196378242B07D00CE02378E418BB
:1058C0005D196378ADB2242B05D19542F6D900203D
:1058D000FFF766FEE2E71A00052B15D0042AF6D181
:1058E00063790A2BF3D1104B27780193013300938E
:1058F00030000223E119023AFFF79EFC0028CCD0C9
:105900000E35ED19ADB2E2E721003000FFF7E2FC01
:105910000028C2D0A3787B7023785D19E4186278E0
:10592000ADB2DBE7081400200A140020F8B56023AC
:1059300014001278050013400020202B07D1304AB4
:105940006379277916781B023B439E4200D0F8BD4D
:105950006378222B1AD007D8202B34D0212BF6D1F4
:1059600001293ED00120F2E7232BF0D1012940D0BC
:105970000329F7D1234B002BF4D0E178A378090257
:105980000020194300E000BF0120E0E7012930D0EA
:105990000329E7D101252E00A378E47802392402F7
:1059A0001C431471264024321000714000F000FEA8
:1059B000154B002BD6D06208002031002A4000E0B1
:1059C00000BF0120C3E701290BD00329CAD10F4B27
:1059D000002BC7D0083200201100FEF7ADFA0120DD
:1059E000B5E7072321002800094AFFF7F1FC012051
:1059F000ADE721002800FFF7D5FC0120A7E7C0464E
:105A0000081400200000000000000000393F0010D2
:105A100010140020F0B54F464646D646C0B5364D68
:105A20008046EA780C001F008A423CD0AB788B425B
:105A300010D00020E0BCBA46B146A846F0BD2F4BBE
:105A4000002B04D02E4800F0ADFB002851D00020E0
:105A5000FFF7A6FDAB78A34201D00120EAE7294B6E
:105A6000002B02D0002000E000BF0020FFF732FE34
:105A70000028F2D1244C200000F07EFB0028ECD15D
:105A8000002FEAD0BF06E8D1243C4046A178FFF7BA
:105A90003BFC0028E1D0002300224046A178FFF71C
:105AA0005BFC0120C6E79AB210239A46174EAA441F
:105AB0003100504600F0A8FC154B002BBFD06B798D
:105AC000FF2BBCD0002FBAD0F219914603E001366B
:105AD0004E45B4D06B7932789A42F8D1504600F0F6
:105AE00061FB0028F3D15346103B597900E000BF19
:105AF000EDE700E000BFAAE7081400200000000066
:105B000018140020000000002C1400208413002032
:105B1000000000009322F0B5134C85B00021200056
:105B20009200FCF7F1FA23002000802640270F4D59
:105B30004D337600FF332930029500930022002375
:105B4000002103970196FF3000F0D4F94035201D65
:105B50002834002301220021039702950196009426
:105B600000F0C8F905B0F0BDCC1600204C1600209E
:105B700010B5054C200000F0F3F920002538FF385F
:105B800000F0EEF9012010BDF417002070B5084CAC
:105B9000002520003130FF30257000F0E9FC2000A6
:105BA0000C3000F0E5FC2A23FF33E554657170BD2D
:105BB000CC160020F8B557464546DE464E46E0B5C1
:105BC0004B7980460F00FF2B5BD1404B99462A232F
:105BD0004946FF33CB5C002B53D14E79002E50D178
:105BE000BB783C780B703B793C19002B46D098234E
:105BF0005B004B449A460C234B449B46A51803E09C
:105C0000AC423BD22378E4186378052BF8D1AC4240
:105C100034D221004046FFF75DFB002831D0A37845
:105C20000136F6B2DB09012B32D0504600F0A0FC61
:105C30002A234946A278FF33CA54637922791B028A
:105C40001343234A5B0594465B0D942163445A42F7
:105C500053414A4602204900525C5B008243134391
:105C60004A46535451464046083900F0E3F90028AB
:105C700007D02378E4183B79B342C5D8E01B80B243
:105C800000E00020F0BCBB46B246A946A046F8BDE5
:105C9000584600F06DFC5A46A3780C3A537163796C
:105CA00021791B020B430A495B058C465B0D63445B
:105CB00059424B41022011795B0081430B43594605
:105CC00000200839137100F081F9D2E7CC160020CA
:105CD00000FEFFFFF8B52A2506001F48FF35455D89
:105CE0001F008D4215D043798B4201D00020F8BDB2
:105CF0001A4B002B04D039040020090C00E000BF2F
:105D0000174C3000210000F061F900281DD001205F
:105D1000EDE79A235B00C35A002B0DD1114B002BEA
:105D200004D000201049BAB200E000BF30000F4993
:105D300000F080F90120DAE796235B00C15831308A
:105D4000BAB2FF3000F060FBE8E73A002100300013
:105D500000F008F90120CAE7CC160020000000007E
:105D6000D0160020000000004C160020F417002080
:105D700000B5030083B0002910D00020012B07D804
:105D80000A78002A04D00C48C2540120012A01D00C
:105D900003B000BD1800FEF7D5FDF9E701236A4600
:105DA000002001A99380FEF7CDFD0028F0D001224C
:105DB000014B1A70ECE7C04624150020037870B53B
:105DC000DB0704000E00DD0F002B17D103785B0703
:105DD00001D5280070BD01213000494203F01CFEAE
:105DE0002378DB07DD0F002B0AD123785B0708D46B
:105DF0000422237801251343237002E00025E8E7FD
:105E00000025300003F0D8FDE3E7C04670B50C0074
:105E1000012106004942200003F0FEFD33785B07B4
:105E2000DD0F002B04DB200003F0C6FD280070BD51
:105E30003378DB0704D40422337893433370F2E7DA
:105E40000025F0E7437902791B021343C2785B0512
:105E500092075B0D920F022A1DD0032A0CD000205E
:105E6000012A08D102394A425141124A94466144FA
:105E700099424041C0B2704702394A1E91410E4AD0
:105E8000494211408022D200944600206144994248
:105E90004041C0B2EFE7022905D0002040229A42DB
:105EA0004041C0B2E7E7054A981843425841C0B2A2
:105EB000E1E7C046FF03000040FCFFFF00FEFFFFDC
:105EC0008A1870B5914207D27F264C78052C04D0F1
:105ED0000C7809198A42F8D870BD34008D782C40AE
:105EE00064000419ED0963550C7809198A42ECD84D
:105EF000F2E7C046F0B5C64600B582B0150008AA64
:105F000040CA040017886A46928D012090460A0014
:105F10002178024081432000114321703A00009310
:105F200031000123083000F0F1F8002E01D0002FDD
:105F300008D10A9B012063604346638002B080BCA5
:105F4000B846F0BD26001C363000FAF767FD002386
:105F5000002D01D0330000266361A661E9E7C04649
:105F600001207047F8B502240B7807001C406342FB
:105F70005C41144B64421C40134B08009C460830A3
:105F80000D001600644400F0F7F8002807D1002E39
:105F900005D0344203D101242B781C4201D00020CB
:105FA000F8BD38006978FFF7AFF90028F7D02B78F3
:105FB0001C42F4D10023002238006978FFF7CCF9A5
:105FC000EEE7C04640FEFFFFFF010000F8B50D0000
:105FD0000835060028000C0000F0CEF8002803D099
:105FE000012723781F4201D00020F8BD30006178DE
:105FF000FFF78AF90028F7D028006288616800F06E
:106000003DF9237805001F4000280BD0002FEBD16D
:106010000300626830006178FFF79EF90028E3D042
:106020002800E2E7002FDFD130006178FFF780F928
:10603000DAE7C046F8B5CE46474680B58A890600FD
:106040000C000B78002A07D101251D4240D000200A
:10605000C0BCB946B046F8BD9B0733D42A4B402597
:10606000994627000837380000F0A4F88542EED89A
:106070000122237890461A42E9D130006178FFF777
:1060800043F90028E3D0380000F094F84246237822
:106090001A40854231D8002AD9D14A466388024045
:1060A0001D1C934200D9151CADB200226178002D51
:1060B00000D062682B003000FFF74EF90028C6D0F0
:1060C0002800C5E7FE2380251B029946AD00C8E7DE
:1060D0004978FFF719F90028B9D023781D42B6D1C5
:1060E000638800226178002B00D062683000FFF7DF
:1060F00033F90028ABD06088AAE7002AA7D1300086
:106100006178FFF715F9A2E7C0FF0000F0B5C646B9
:1061100000B504006846057E8020884617001E00F2
:106120000002824226D8E068002803D001214942BB
:1061300003F072FC2069002803D00121494203F0DA
:106140006BFC4346236073045B0CED031D4300238B
:10615000E0686381A780E5802381002801D003F0F7
:106160002BFC2069002801D003F026FC012080BC14
:10617000B846F0BD0020FAE710B50489418982884D
:10618000A3B288B28C4207D31B1A9BB2101C9A424E
:1061900000D9181C80B210BD5100091A5B189BB2BF
:1061A000F4E7C04603894089181A43425841C0B2F7
:1061B0007047C04610B5048941898288A3B288B26D
:1061C0008C4207D31B1A9BB200209A4201D9D21AE3
:1061D00090B210BD5100091A5B189BB2F4E7C0469B
:1061E00070B5040000690E00002803D00121494267
:1061F00003F012FC25896089A288A9B283B2854286
:1062000032D3CD1AADB2002D28D0AA4208D2914285
:106210002FD3891A8BB263819A4203D89B1A9BB2FF
:106220009A42FBD9E28821685204520C5343300051
:10623000C918FBF76FFF63890125591C89B2A28831
:106240008B420DD900215200891A89B220696181DF
:10625000002801D003F0B0FB280070BD618989B22D
:1062600052009142F2DBEFE75500ED1A4D19ADB245
:10627000C9E789188BB26381CEE7C046F0B54646C0
:106280004F46D646C0B506000069894690460028AC
:1062900003D00121494203F0BFFB31897289B588DF
:1062A0008BB294B2914254D31F1BBFB2002F4AD07D
:1062B000BD4205D2AB4251D25B199CB22F00748112
:1062C0004346B8453DD89FB2A54203D8641BA4B24B
:1062D000A542FBD9F28831685204520C90466243C1
:1062E0002B1B9BB2891842469F4225D953439BB230
:1062F0001A0048469A46FBF70DFF434648467D1B69
:1063000064195C4331685044A2B2FBF703FF718902
:10631000B588CB199BB26A00994216D99B1A9BB2D9
:1063200030697381002801D003F046FB3800E0BCDF
:10633000BA46B146A846F0BD48467A43FBF7EAFEA6
:10634000E5E73B1CBFE773899BB26A009342E7DB3A
:10635000E4E76F003F1BDF19BFB2A7E75B1B9CB2EE
:10636000ACE7C046F8B50400C0680E00002803D0B2
:106370000121494203F050FB258920896189A288C7
:10638000ADB283B28FB2884229D3DB1B9BB29A4253
:1063900009D8E779FF0906D1E068002801D003F0A9
:1063A0000BFB3800F8BD2B0095421DD39B1A9BB206
:1063B0009342FBD2E28820685204520C53433100CE
:1063C000C018FBF7A7FE6B1C9BB2A2889D4217D991
:1063D000002352009B1A9BB201272381DCE7510066
:1063E000C91B5B189BB2D2E7E28820685204520CAA
:1063F00053433100C018FBF78DFE0135A288ABB2C4
:1064000052009342E8DBE5E7F0B545464E46DE46EE
:106410005746E0B588460500160083B0002A6ED0C6
:10642000C068002803D00121494203F0F5FA2F8902
:10643000EA79BBB29B466B89AF889BB2D2093FD148
:106440009B4565D27A00D31A5B449BB2BB4264D2AF
:10645000FB1A1A1C9BB2B34200D9321C96B2F31B32
:106460009BB29A465B46F3189BB29946EA885C4613
:10647000BB4503D3E41BA4B2BC42FBD252043B1B7A
:10648000570C3A00624328689BB28018B34256D337
:106490003A0041467243FBF73DFEAB885B00CB45BB
:1064A00001D8994503DB4A46D31A9BB299464B461D
:1064B00037002B81E868002822D003F07DFA1FE026
:1064C000BE422CD29B454BD35A46D21A92B2790087
:1064D000F01B80B2921982468A42C3DBDA1992B26B
:1064E0009146921B92B2934693423ED95B46591A0B
:1064F0008BB29B46F3189BB29946EA88B7E7002710
:10650000380003B0F0BCBB46B246A946A046F0BD79
:106510005A46D31A9BB2BB429AD30027CAE7002F30
:10652000C8D0EA88F61B5104490C71439B46884445
:10653000D919002389B289463E009A4697E77B43E2
:1065400099B20A00019154444146FBF7E3FD220051
:106550007A430199286892B24144FBF7DBFD9CE73E
:106560007900CA1A5A4492B2B2E79142BEDDC4E73A
:1065700010B50400C068002803D00121494203F08F
:106580004BFA2069002803D00121494203F044FA64
:106590000023E06863812381002801D003F00CFA16
:1065A0002069002801D003F007FA012010BDC04681
:1065B00070B50400C0680D00002803D001214942D5
:1065C00003F02AFA2069002803D00121494203F090
:1065D00023FA7F21E379ED011940E0682943E17155
:1065E000002801D003F0E8F92069002801D003F069
:1065F000E3F9012070BDC046F0B5C646431E00B5A4
:106600000A3314D8072304001A0008342240234216
:106610006CD01300093BA34209D31030841A01F057
:1066200053FA374A27001568002D28D10EE001F0F3
:106630004BFA334A1368002B06D0002501F04CFAC0
:10664000280080BCB846F0BD0027002407202D4D4F
:106650002B002900284245D100202B4E706031606C
:106660002A4EB44607266544B5431560284AEB1AFE
:106670001360284A6860286013604B600D60002F2B
:10668000DBDD244F3E68A642D7D31F48036804E0F1
:106690001A68002A04D0180013005968A142F7D3E1
:1066A000AB42CAD01D001A680835904602600A1B2A
:1066B000102A05D919194A6042460A600160210072
:1066C000134A761A10683E60864200D21660802215
:1066D00012060A435A6000221A600F4A13680133F7
:1066E0001360ABE7EB1D83431900B5E701F0ECF94C
:1066F000034A27001568002DA8D0002CC1DA9CE7BA
:10670000E81F00209023002050240220F8FF010001
:1067100020240220142402202C24022070B50028FA
:1067200004D0083843680400002B00DB70BD026809
:10673000002AFBD15B005B084360050001F0C4F94F
:10674000184A616813685B181360174B1A001B68BE
:106750009C42FBD850681618B4420DD06018834292
:106760001AD02360AA4200D01560104A1368013382
:10677000136001F0B1F9D9E709185018516083424C
:10678000F3D10B48150000689842EED058681B689A
:10679000411869602B60E5E7054800688342F5D140
:1067A000DFE7C046142402205024022030240220B7
:1067B000E81F0020000000000000000000000000B2
:1067C0000B4A13681868203080F30988022080F390
:1067D0001488BFF36F8F3FBCAE4608BC04BC62B6E2
:1067E0001847C046C046C046C046C046C046C04620
:1067F000DC1F00200000000000000000000000007E
:10680000EFF30980164B1A6820381060F0C0444638
:106810004D4656465F46F0C00D221207146E556E67
:10682000566F176F3038F0C008B572B601F07AFABB
:1068300062B60CBC116808681030F0C8A046A946C2
:10684000B246BB4680F309880D2212073038F0C8E3
:106850001466556656671767F0C81847C046C046A5
:10686000DC1F002010B5F9F71DFEC046D02300B58F
:106870001B061A6D83B0D20704D501219A6D1A6DDB
:106880001142FBD1D023FF221B061A650023114AB7
:1068900001931168EFF3108C72B60B68002BFCD0DB
:1068A000BFF35F8F00230C48126801680360BFF3D9
:1068B0005F8F13608CF31088084B01AA186800F0F2
:1068C0000BFB019B002B03D08022054B52051A6065
:1068D00003B000BDD81F0020A823022010240220EE
:1068E00004ED00E07047C04610B58024031F640427
:1068F0001C60043B19600349043B1960143B403899
:106900001A6010BD656800108022044B52051A60A1
:10691000BFF34F8FBFF36F8F7047C04604ED00E0A9
:1069200072B6044A136801331360BFF34F8FBFF38D
:106930006F8F7047A4230220034A1368013B136042
:10694000002B00D162B67047A4230220EFF3108021
:1069500072B6704780F310887047C04610B5FFF7D5
:10696000F5FF040001F0CCF9002803D08022034B8E
:1069700052051A602000FFF7EDFF10BD04ED00E0A6
:10698000002310B5084A094C052023601360FAF76C
:1069900083FDFA218900FAF7E7FF054B01381860FB
:1069A0000723236010BDC04618E000E010E000E0BF
:1069B00014E000E0FF221F4B1204196810B50A43CF
:1069C0001A60FF22196812060A431A601A490E203B
:1069D00001F084FE19490F2001F080FE18490B20B8
:1069E00001F07CFEFFF7CCFF0022164B1A60D0238B
:1069F0001B06154A1C681470FF221A651A6DD2070F
:106A000004D501219A6D1A6D1142FBD10F34FF217B
:106A10002000F9F74DFF20000C49F9F725FE012170
:106A20002000F9F7E9FDFFF7CBFE01F07BF9F9F75C
:106A300039FDC04620ED00E0016800105D690010DE
:106A4000E5680010A4230220A51000206D68001046
:106A5000D02310B51B061868074B1B78834200D063
:106A600010BDEFF30583002B02D05B00C018F7E7E1
:106A700001F0C6FBF4E7C046A510002010B50300E6
:106A80000268154882B00478D0200006006884426D
:106A900008D0BFF35F8F0023136081F3108820BFFD
:106AA00002B010BDBFF35F8F0020106081F310882B
:106AB0000A4A1B6810680A4A944663449A105C2B81
:106AC00000D9183A012301215B4291400093012231
:106AD000002300F051F9E3E7A51000201024022064
:106AE00000FFFF2F0A002B4930B58C46036883B0A6
:106AF00063449C105C2B00D9183C0121264BA1401B
:106B00001C78D0231B061B689C421FD040BF234D1E
:106B100003682C68A34234D02368002BFCD0BFF359
:106B20005F8F1F4C23680B4323602B68BFF35F8F7D
:106B3000002119600368D020002100064165BFF3E1
:106B40005F8F196082F3108803B030BD40BF0368C7
:106B5000BFF35F8F00241C6082F31088EFF305837E
:106B6000104ADBB21068002B10D001AA019400F08B
:106B7000B3F9019B002BE7D080220B4B52051A6022
:106B8000E2E7074C206808432060D4E700F050F9A2
:106B9000DAE7C04600FFFF2FA5100020D81F002015
:106BA000A82302201024022004ED00E0F0B5CE4618
:106BB000474680B51D00344B14001A78D0231B06BD
:106BC0001B688046894683B09A420FD00368BFF3A2
:106BD0005F8F00221A6081F3108820002900FAF7E5
:106BE000BBFA03B0C0BCB946B046F0BDFAF74CFBE7
:106BF00026002F00361A8F4101212448494280196E
:106C0000794143461E6800291EDC19D0BFF35F8F0F
:106C10000023336089F310881D4B5A6A954205D8CA
:106C20009B6A0120A342DCD29542DAD18022194B23
:106C300052051A60BFF34F8FBFF36F8F0020D0E76C
:106C4000FA239B009842E1D3FA2200239200FAF73C
:106C5000B1FE031EDAD0BFF35F8F0022326089F3EA
:106C600010880D4A0D49106842468C4612686244ED
:106C700096105C2A00D9183E01210093B1400023F0
:106C8000012200F079F8C7E7A510002018FCFFFFEB
:106C90000040054004ED00E01024022000FFFF2F1B
:106CA00010B5F9F76BFC054A054B9446604480002B
:106CB000186000F055F8034B186010BD4000003418
:106CC000D81F002010240220F8B5DE4657464E4655
:106CD0004546E0B505000F00060000F0F5FE2B6804
:106CE0002C6919000C3639438C462960A6422DD0F8
:106CF0000023984680235B049A4680239B04994690
:106D000011E05F46002F0BD057463A4202D0424670
:106D10001A4390464B46194301F0DAF92B689C461A
:106D20006146A64210D020000F000268646813027A
:106D30001B0A1F40BB468027FF043A42E1D05B4557
:106D4000E2D06146A642EED143469943296000F065
:106D5000C3FEF0BCBB46B246A946A046F8BDC0463D
:106D600010B51C20FFF748FC041E03D0002308C008
:106D700000F0BEF8200010BDF0B5C6460D000600BC
:106D800000B51F00904600F09FFE2B0034682340A2
:106D9000002F0DD1002B28D04346002B28D02300F4
:106DA000AB43336000F098FE200080BCB846F0BDD5
:106DB0009D42F1D0069B002B1AD0434680215A1EDB
:106DC0009341C9041B061943069A2943301D01F05B
:106DD00037F800F081FE002824D001F049FA0400C1
:106DE00083010DD52402240ADEE7069B002B02D185
:106DF00000F072FED8E741464B1E99410906E3E7D1
:106E0000FFF78EFD346823002B40002F0DD1002B9F
:106E100005D04346002B02D02300AB433360FFF77D
:106E20008BFDDFE7FFF770FDD7E79D42F7D1F0E775
:106E3000F0B5DE4657464E464546E0B5050083B000
:106E40000C000600019000F03FFE2B0019682D6930
:106E50000C430C36370021001C60AE422FD00023BB
:106E600099468023DB04984680235B049B4680235D
:106E70009B049A4611E06646002E0BD059460A4202
:106E800002D04A461A4391465146214301F020F967
:106E9000019B19680C00AF420FD028002600026841
:106EA0006D6813021B0A1E40B44646463242E2D0C9
:106EB0006345E3D00C00AF42EFD14B469C43019BAE
:106EC0001C6000F009FE200003B0F0BCBB46B246D7
:106ED000A946A046F0BDC04610B5044C13000A00F8
:106EE0000100200001F0E4FB10BDC046C96C001099
:106EF0000300083301224360C36003610023524250
:106F0000826003607047C046002303617047C0463B
:106F1000030030B50D6808336A1C0DD01C005B6897
:106F20001A68AA42FAD94B60996003688C600133F1
:106F300061600861036030BD04696368F3E7C046BF
:106F40000369416882688A6051605968814205D04E
:106F50000022026118680138186070475A60F7E72C
:106F6000F0B5DE464E4657464546E0B585B00600CC
:106F7000FFF7D6FC4523F45C64B2002C21DD213BF5
:106F8000994621339A46B14409E0AA6BEB6B03960C
:106F90009A4245D3013CE3B264B2002B11D0B56CE8
:106FA000002DF2D1736A002B0BD0484601F024F873
:106FB0000028EFD001F01EF9013CE3B264B2002BCF
:106FC000EDD14523FF22F254FFF7B6FCFFF7A8FCF2
:106FD00044233500F45C103564B2002C05DC13E06A
:106FE000013CE2B264B2002A0ED03369002B0BD010
:106FF000280001F001F80028F2D0013C01F0FAF875
:10700000E2B264B2002AF0D14423FF22F254FFF727
:1070100093FC05B0F0BCBB46B246A946A046F0BD05
:107020005346EF5CAB6B2A6C013398467FB2002A63
:1070300013D12B689B46002B2AD04346AB637B1CA5
:107040001CD16B6A002BA5D02800243000F0D4FF9F
:1070500000289FD001F0CEF8AEE7686803A9FBF7DF
:1070600059F86B682A6C9B18AA686B609342E4D34A
:107070002B686B604346AB637B1CE2D000F03AFEAA
:10708000B84200D886E7534601377FB2EF5481E714
:10709000A86801F0BBF85B46AB6043460190AB6368
:1070A0007B1C09D16B6A002B0FD1019B002B00D1F7
:1070B00070E701F09FF87FE700F01CFEB842F4D9BA
:1070C000534601377FB2EF54EFE72800243000F039
:1070D00093FF002800D06DE7E7E7C046F0B5C6464D
:1070E00000B5846C82B0A26BE36B002501909A42DC
:1070F00004D3280002B080BCB846F0BD4523226C02
:10710000E65CA76B76B2002A1CD0606801A9FBF789
:1071100001F86368226C9B18A2686360934201D3F4
:107120002368636000250137A763731C15D1636A68
:10713000002BDED02000243000F05EFF0028D8D0E5
:107140000125D6E723689846002BEBD1A06801F013
:107150005DF843460500A360E5E700F0CBFD8642FD
:10716000C7D24523013676B2E654C2E7F8B505002A
:107170000E001700002841D0030C0A0C002B42D14E
:10718000002A30D1300068430300553336D85430DC
:10719000FFF732FA041E31D00300002E31D12360F4
:1071A000E5632664FFF7BCFB216CE36B22684B436D
:1071B000D0185B1A6260D218E260FF2300254422D7
:1071C000A0602000A563A3540132A3541030FFF740
:1071D0008FFE20002430FFF78BFEFFF7ADFB50231E
:1071E000E754A5640BE0131CA9B2B2B24A4380B2C3
:1071F0009BB24343120C9B181B0CC3D000242000ED
:10720000F8BD5433CBE7002AF8D1081CECE7C046A0
:10721000F8B55746DE464E4645460400E0B5924670
:107220001D000F00FFF792FBA26BE36B06009A4272
:107230003BD300239846022D09D03000FFF78AFB8C
:107240004046F0BCBB46B246A946A046F8BD453311
:10725000E35C226C5BB29846A36B9B46A36B99469A
:10726000002A2DD03900E068FAF754FF226CE36859
:1072700051429B1A2268E360934202D2A3685B18D2
:10728000E3604B46022D51D00133A36343460133E3
:107290003DD000F02FFD804504D243464522013306
:1072A0005BB2A35401239846C7E74523E35C226CF5
:1072B0005BB29846A36B9B46A36B9946002A11D1FB
:1072C0002768002F46D04B460133A3634346013362
:1072D000DFD1A36C002B33D0022D1BD15B46002BDA
:1072E00018D0DFE7002DBDD139006068FAF712FF32
:1072F00049466368226C01319B18A268636093421F
:1073000001D3236863604346A1630133C1D1A36CF9
:10731000002B15D02000FFF7E1FE0028C2D0534615
:10732000002BBFD0012352461360BBE7002B00D1D6
:107330000123A36343460133ABD1A36C002BCDD112
:10734000636A002BAED02000243000F055FE0028E8
:10735000E5D1A7E7A06800F059FFA760B3E7C046F2
:10736000F0B54746CE46040080B585B08846019208
:10737000FFF7D6FAA76B002F5ED1019B002B3BD005
:1073800002A800F0F1FE0023442699464525FFF7A8
:10739000D3FA00F099FBFFF7C3FAA35D5BB20133A8
:1073A00001D14B46A355635D5BB2013301D14B461E
:1073B0006355FFF7C1FA01A902A800F0E1FE002819
:1073C00022D1FFF7ADFAA36B002B2AD1FFF7B4FA55
:1073D00020000199243000F0E3FC2000FFF7C0FDFD
:1073E00000F07AFB002824D0FFF79AFAA76B002F51
:1073F00022D1019B002BCAD1FFF79EFA002005B0D5
:10740000C0BCB946B046F0BD2000FFF7A9FD00F0B2
:1074100063FBFFF785FAA36B002BEDD0FFF78CFA27
:10742000E2E7FFF789FA2000FFF79AFD00F054FB2E
:10743000DAE7FFF769FAD7E7226C002A08D0E1689B
:10744000A3688918E16099420BD24046FAF762FEC0
:107450007B1EA3632369002B06D1FFF76DFA012081
:10746000CDE72168E160F0E72000103000F0C4FDB6
:107470000028F2D0FFF748FAEFE7C04610B5002920
:1074800033D0424B5A68904200D173E01A68002A08
:107490002CD0DA68904200D176E09A68002A3ED07B
:1074A0005A69904200D16DE01A69002A3DD0DA692C
:1074B000904261D09A69002A3DD05A6A904242D0E7
:1074C0001A6A002A43D0DA6A904257D09A6A002A90
:1074D00043D05A6B904253D01A6B002A43D0DA6BD8
:1074E000904245D09A6B002A2AD010BDDA689042AB
:1074F0004AD05A69904245D01A00DC69A0423BD07C
:107500005C6AA0421FD0DC6AA04237D05C6BA0420C
:1075100036D0DC6BA0422BD011605060E5E75A6991
:1075200090422FD01A000832E7E7DA69904223D060
:107530001A001032E4E75A6A904204D0144AE2E793
:1075400038331A00E8E70422D2009A18E4E7DA6A2E
:10755000904213D01A002032D8E75A6B90420FD0D5
:107560001A002832D5E71A00DC6B3032A042D3D1A2
:107570000722E9E70022E7E70322E5E70522E3E740
:107580000622E1E70222DFE70122DDE740130020C7
:107590005813002070B5040016000D00FFF7C0F965
:1075A0004422A35C5BB2013301D10023A3544522E2
:1075B000A35C5BB2013301D10023A354FFF7BCF9F4
:1075C000A36B002B03D02000FFF7CAFC70BD200086
:1075D00032002900243000F095FCF4E7F0B5C646EF
:1075E00000B50400FFF79CF9384A394F136801339E
:1075F00013603B68002B35D0364BE26A98461B6817
:10760000002B29D0344E35490B6801330B6063647D
:10761000334B1968914200D21A6093009B189B006B
:10762000F1184A68A260906884466546E060201DB3
:1076300068609060F25861610132F250FFF77CF9A6
:1076400043461B68002B04D03B68DA6AE36A9A421F
:1076500011D380BCB846F0BD3B68DB6A9342D1D8F9
:107660003C60CFE73C601368012B07D0194BE26AFE
:107670009846194EC7E7FFF747F9EAE7A023164EE9
:107680009B0098463500B04428001435FFF730FCC5
:107690004545F9D1134B98461800FFF729FC124DC8
:1076A0002800FFF725FC1148FFF722FC1048FFF7E0
:1076B0001FFC1048FFF71CFC42460F4B1A600F4B93
:1076C000E26A1D60034B98469DE7C046AC2302204A
:1076D000DC1F00204C240220F41F0020B8230220CD
:1076E000BC230220E8230220FC23022038240220AD
:1076F0006C24022058240220E41F0020EC1F0020EC
:10770000F8B5CE464746960080B5804630000D005D
:107710009946FEF771FF071E00D187E07020FEF743
:107720006BFF041E00D17EE070220021FAF7ECFC12
:107730003200A52138002763FAF7E6FC236B043EEC
:107740009E1907239E43002D4BD034222B78A3543F
:10775000002B43D06B780132A354002B3ED0AB7882
:107760000132A354002B39D0EB780132A354002B03
:1077700034D02B790132A354002B2FD06B790132F6
:10778000A354002B2AD0AB790132A354002B25D06F
:10779000EB790132A354002B20D02B7A0132A35471
:1077A000002B1BD06B7A0132A354002B16D0AB7A7E
:1077B0000132A354002B11D0EB7A0132A354002BD9
:1077C0000CD02B7B0132A354002B07D06B7B0132F2
:1077D000A354002B02D04223AA7BE254432300226D
:1077E000E254089D1F2D1CD8201DE562E564FFF7BB
:1077F0008BFB20001830FFF787FB20235B1BA36166
:107800004A464146300024616462FFF76DF8099BE7
:107810002060002B00D01C602000C0BCB946B046E0
:10782000F8BD1F25E0E73800FEF778FF0024F3E7F6
:10783000F0B5C646124B00B59846124D124F134E86
:1078400014E0FFF76DF8FB68DC68201DFFF778FB9C
:107850003368013B33602B68013B2B60FFF76CF80A
:10786000206BFEF75BFF2000FEF758FF2B68002B14
:10787000E7D143461B68012BF8D9FFF745F8F5E738
:10788000F41F0020B02302206C240220AC2302202D
:10789000F0B5DE4657464E4645465C4BE0B51868A7
:1078A00083B001301860002866D059490B689842AF
:1078B00077D3584B98461B681B68002B00D1A0E07B
:1078C00000239C46544B554D9B4600239946544BF0
:1078D00001919A464346804618003AE0494659616C
:1078E0001168013911609A6A002A0FD0DE69196A9D
:1078F000B160DE694E601900566818318E4200D1C1
:1079000074E0494699621168013911605246D96A9A
:107910001268914201D9524611608A0052189200B1
:10792000AE18716899608F68DF607C608C60A958C0
:107930005E610131A9505A461168DA6ACB6A9342F6
:107940009B4162465B421A43036894461B68002BC6
:1079500052D00368DB68DB685A68904549D39C685D
:10796000D9685A69A1609C684C6051681C1DA1428D
:10797000B4D1D9685160B1E7264B2A4A1968146816
:107980001C60116028490A6801320A601A6812688E
:10799000002A25D101231E495B420B600B689842E7
:1079A00087D200239C461C4B1C4D9B465B46012006
:1079B0001B681E4AD96A12688B005B189B00EB5843
:1079C0009842804113005A1E934140421843634637
:1079D000184303B0F0BCBB46B246A946A046F0BD72
:1079E0001B680B49DB681B680B605FE7196A516015
:1079F00087E701990A60D9E7019901235B420B608F
:107A0000D4E79C46044B054D9B46F6E780240220B4
:107A100024240220E41F0020DC1F0020F41F00208B
:107A2000BC230220EC1F0020282402208C240220EA
:107A300010B582B0059C0194049C0094FFF760FE91
:107A4000002804D0FFF7CAFD012002B010BD0120BC
:107A50004042FAE710B586B01022002102A8FAF7DA
:107A600053FB00248022114B11480293114B0094C8
:107A700001939200002302A9FFF742FE002805D0DF
:107A8000FFF7ACFD00F0CEFD012803D00A4B1B68C8
:107A900006B010BD72B60122084B52421A60084B64
:107AA0001860084B1C60FEF785FFEFE749444C4522
:107AB00031780010182402206CA100102424022028
:107AC0004C24022080240220024A136801331360F0
:107AD0007047C046B4230220F0B5DE4645465746FF
:107AE0004E46E0B583B0FEF71BFF544D2B68013BBB
:107AF0002B602B68002B00D083E0514B1B68002BC0
:107B00007FD0504F3B68002B00D194E04E4B4F4C40
:107B10009C464F4B019599464E4B9A4600239846FA
:107B200001339B46FB68DB68D869196A9A6A8160F1
:107B3000D8694860190050681831884200D173E054
:107B4000414699621168013911609868D9685A698B
:107B50008160986848605068191D884261D010683B
:107B6000013810606046DA6A0068824201D96046D6
:107B70000260900082189500601942689A609668C9
:107B8000DE607160916062595861013262514A460B
:107B90001168DA6ACB6A9A423ED953465A461A604D
:107BA0003B68002BBED12C4B019D1A681268002A3D
:107BB0003DD01B68DB681A68284B1A60284E346871
:107BC000002C14D0012708E0FFF762FE002801D046
:107BD00053461F60013C002C08D02B68002BF3D0CB
:107BE0003368013C01333360002CF6D134605346D6
:107BF0001B68002B05D0164B01241B68FEF784FE82
:107C000000E00024FEF798FE200003B0F0BCBB4665
:107C1000B246A946A046F0BD3B68002B00D081E7E4
:107C2000C1E7D86850609AE7196A516088E70B4B42
:107C3000013A1A60C2E7074B9A46BFE7B423022015
:107C4000AC23022038240220BC230220F41F002091
:107C5000DC1F00208C240220E41F002024240220AA
:107C600034240220F0B5C646040000B5002821D017
:107C7000174A136801331360164B00211E68164B18
:107C8000164D1F68164BA4191B682A6898466D2369
:107C90002868D1540430FFF753F92B6829685C60D9
:107CA0000431A6420BD94046FFF732F9FFF714FF23
:107CB000002801D1FEF728FE80BCB846F0BD380090
:107CC000FFF726F9074B1A689442EFD21C60EDE7E4
:107CD000B423022080240220E41F0020DC1F0020A7
:107CE000EC1F002024240220014B18687047C04676
:107CF00080240220014B18687047C046AC23022044
:107D0000064B10B51B68002B02D1FFF7C1FD10BD5B
:107D1000034A0020136801331360F8E7B4230220FC
:107D200034240220194B30B51B68002B03D00122EC
:107D3000174B1A6030BD164A164C1360226816485D
:107D400091008B189B00C558002D07D1143BC31818
:107D50001968143B013A0029FAD09100891889006A
:107D600045186B6808315B6840186B60834205D02A
:107D7000D9680A4B196022601B68DBE7EB68D96899
:107D80006B60064B196022601B68D3E7B4230220A6
:107D90008C240220BC230220F41F0020DC1F0020C2
:107DA000F0B5C646204D0C00296800B51831FFF724
:107DB000AFF81E4B00211E681D4B1F681D4B1B6832
:107DC0002A6898466D232868D1540430FFF7B8F824
:107DD000631C15D02B682968A4195C600431A64285
:107DE00005D94046FFF794F880BCB846F0BD38008E
:107DF000FFF78EF8104B1A689442F5D21C60F3E737
:107E00000E4B29685A688A6090682968C86029689A
:107E1000043141602968043191602A6853611A680D
:107E200001321A60E0E7C046DC1F002080240220F7
:107E3000E41F0020EC1F00202424022058240220EC
:107E40008023F0B5C646294C15001B0622680B435B
:107E500000B5936122684368D36199682268116212
:107E6000226818324A602268002118329A6023681A
:107E700098620368013303601D4B1E681D4B1F6829
:107E80001D4B1B68226898466D232068D15404302E
:107E9000FFF756F86B1C15D023682168AD195D609B
:107EA0000431AE4205D94046FFF732F880BCB846EF
:107EB000F0BD3800FFF72CF8104B1A689542F5D248
:107EC0001D60F3E70E4B21685A688A60906821684C
:107ED000C8602168043141602168043191602268E2
:107EE00053611A6801321A60E0E7C046DC1F0020C7
:107EF00080240220E41F0020EC1F00202424022004
:107F000058240220F0B5C646354C43680D00216860
:107F100000B5CB619E6821680E62216818317160DE
:107F200021681831996023689862036801330360FF
:107F30002C4B002A21D01B682B4B00211B682B4B9C
:107F40001B686D2322682068D1540430FEF7F8FFC7
:107F5000274B21685A688A6090682168C860216848
:107F600004314160216804319160226853611A68CC
:107F700001321A6080BCB846F0BD1E681A4B1F68FB
:107F80001A4B1B68216898466D232068CA54043038
:107F9000FEF7D6FF6B1C15D02368AD195D60AE42AD
:107FA0000AD8216838000431FEF7B2FF114B1A6875
:107FB0009542DFD21D60DDE7216840460431FEF7BF
:107FC000A7FFD7E72268731E53609E42F4D821684A
:107FD00038000431FEF79CFF064B1B68CAE7C04619
:107FE000DC1F002080240220E41F0020EC1F002062
:107FF0005824022024240220C36870B5DB68D869A5
:10800000196A9A6A8160D869486018005168183006
:10801000814243D000219962116801391160264ADA
:108020001268002A2CD19868D9685A6981609868CA
:108030001C1D48605168A14233D01168013911609C
:108040001E4AD96A1068814226D88A001C485218F4
:1080500092008518696899608E68DE6074608C6033
:1080600081585D6101318150164A00201168DA6A39
:10807000CB6A9A4203D90122134B01301A6070BDBA
:10808000124A5168D9618C681C626060886011680E
:108090009A6201311160E7E71160D6E7196A516011
:1080A000B8E7D9685160116801391160034AD96A8B
:1080B00010688142C9D9EFE7B4230220BC23022013
:1080C000F41F0020DC1F00208C2402203824022012
:1080D00080231B0670B5026944680B438168036006
:1080E000C368A1604C605468844230D000210161B3
:1080F0001168986801391160D9685A698160986877
:108100001C1D48605168A14223D0116801391160DB
:10811000114AD96A1068814200D911608A000F485B
:10812000521892008518696899608E68DE607460E4
:108130008C6081585D6101318150094A1168DA6AA9
:10814000CB6A9A4202D90122064B1A6070BD516077
:10815000CCE7D9685160D8E7BC230220F41F002087
:10816000DC1F00208C240220034B1B680360034BA0
:108170001B6843607047C0462824022080240220E8
:10818000F0B5C64600B50E000700FEF7C9FB6D232B
:10819000154C164A21681568ED5C002D09D00021A8
:1081A0001268D1540124FEF7C7FB200080BCB846FA
:1081B000F0BD33685A1C15D00D487A680568A8468A
:1081C0003D68454504D08A4202D800233360E9E780
:1081D0008D1AAB42F9D95B1A9B18336003683B6078
:1081E00023687B600024DEE780240220DC1F00205F
:1081F000282402200122014B1A6070478C2402209F
:10820000014B18687047C046DC1F002070B5041E83
:1082100008D0036DC16AC26C013B0365914201D075
:10822000002B01D0002070BD051D2800FEF788FE40
:108230002023E26C9B1AA3610B4BE26219688A420D
:1082400000D91A60930009499B189B00C81842681E
:10825000A2609668E66075609560CA5860610132F8
:108260000120CA50DFE7C046BC230220F41F0020D3
:10827000044B1A68196890691A682023C96A5B1A46
:1082800093617047DC1F0020F0B55746DE464E462E
:108290004546E0B5CE4B8BB09846CE4B06AF01932A
:1082A000CD4B9B46CD4B9946CD4B4C460293282354
:1082B000D9469A46C3465B461B681D68002D00D010
:1082C000E1E0FFF701FCFFF70FFD019A804613681C
:1082D000834200D9E7E04B461B6810601A6853429E
:1082E0005A4143462068E91AFFF754F9FFF7F4FBB7
:1082F000002800D12BE1102200213800F9F704FFFB
:10830000002239002068FFF72BF80028D3D03B6803
:10831000002B5ADBBD68002DF2D06B69002B02D018
:10832000281DFEF70DFEFFF7DFFC019B06001B6812
:10833000984252D3019B1E603B68092BE0D8029AF9
:108340009B00D3589F465346E85C012352460343A3
:10835000AB547968AA692D618B186B60B34200D960
:1083600086E0711A8A4219D8410700D5F2E001234C
:1083700098435346E85428002B6A9847C0E7534671
:108380000122EB5C13435246AB547B682D619A1972
:10839000AB616A60B24270D8002BB1D04B46291D48
:1083A0001868FEF7B5FDABE753460122EB5C93433B
:1083B0005246AB54A4E75346EB5C9A0700D4C2E0A4
:1083C000012293435246AB549AE77B68F968B86838
:1083D00098473B68002B93DB9CE75B461B681A6859
:1083E000002A3ED00395049005940BE001229343AC
:1083F0005246A354236A200098475B461B681A68BC
:10840000002A2BD0DB68DC681E68231D1800984604
:10841000FEF796FD53460422E35C1A42E6D0A369B8
:108420002461F518F64365609E420AD32E00F64398
:10843000236A20009847A3692461ED186560B34260
:10844000F4D94B4641461868FEF762FD236A2000C6
:1084500098475B461B681A68002AD3D1039D049E87
:10846000059C4A46594612680A604A46136061E70D
:10847000B14202D9994200D876E75B46291D1868B7
:10848000FEF746FD3CE7DB681D68FFF71DFBFFF7C5
:108490002BFC019A80461368984204D310608542F1
:1084A0007AD900221DE75B461B681A68002A3ED075
:1084B0004246049403920BE0012293435246A35494
:1084C000236A200098475B461B681A68002A2BD055
:1084D000DB68DC681E68231D18009846FEF730FD37
:1084E00053460422E35C1A42E6D0A3692461F518DE
:1084F000F64365609E420AD32E00F643236A2000AD
:108500009847A3692461ED186560B342F4D94B46DE
:1085100041461868FEF7FCFC236A200098475B463A
:108520001B681A68002AD3D1039A049C90464A46D5
:10853000594612680A604A4613604246019B1A6017
:10854000FFF7CAFAD7E62800FEF7E8F8D8E6FEF704
:10855000DBF9D0E6A046340007E0E31A9A4214D8CB
:108560002B6A280098473300AA69D6186E602D61DF
:10857000B442F2D29C4201D2B342F1D95B46291DEA
:1085800018684446FEF7C4FCF5E64B46291D1868FA
:108590004446FEF7BDFCEEE6FFF79EFA5B461B681D
:1085A000DB68DE68331D18000393FEF7C9FC5346F1
:1085B000F35C5A0707D4012293435246B354300068
:1085C000336A984797E622002B004446904610E015
:1085D000E01F00201C240220F01F00208424022021
:1085E00070A10010E31A9A4214D8336A30009847F9
:1085F0002B00B26936619D187560A542F2D9A3427D
:1086000001D9AB42F1D95B46039918684446FEF79D
:108610007FFCD4E74B46039918684446FEF778FC84
:10862000CDE7C04670B582B0FEF77AF9174C2368E3
:10863000002B12D0FEF780F923680020002B0AD00F
:10864000134B802201931F231249009312480023E9
:10865000D200FFF7EDF902B070BD104E3000FEF70A
:1086600047FC0F4D2800FEF743FC0E4B00221E6016
:108670000D4B10210A201D60FEF778FD20600028B8
:10868000D8D00A49FEF7FAFED4E7C0468424022077
:1086900088240220B49C001089820010C02302208C
:1086A000D4230220E01F0020F01F0020AC9C00100B
:1086B00030B514001A0002230D0085B05B42009310
:1086C000054B019069461868002302950394FEF754
:1086D0009FFD05B030BDC04684240220F8B50E00D1
:1086E000EFF3108772B60C4B84009B681D59A942AA
:1086F00004D00A4B9D420AD2F8F7E4FF064B9B6870
:108700001E51BFF35F8F87F310882800F8BD044B1C
:108710009D42F3D3F0E7C04600ED00E0C001001039
:10872000D4010010FF23F0B545681B012B60012325
:108730005B42AB600133FF332B63FD3B6B63002374
:108740002B491A000C881232920001335451023125
:10875000202BF6D11F24C221826809022240130671
:1087600019432B00C833596080215201C9040A43C0
:108770005A61204A00261A6169225E612A611E4AF6
:10878000F8271A6106221D491A6182683F03D961E0
:10879000D10339401A4FD9621E621F620D279F62B2
:1087A000184F12065F63596417499E63196417498D
:1087B00019641749196412211964F8235B051A40DA
:1087C000C6235B021A432B001133C168FF335A6082
:1087D000104A21409A604A0151188222D2040A4369
:1087E0005A610D4A1A610D4A1A6107232B60F0BDC8
:1087F000C0A3001080E00000A080000080E6000020
:108800000000A1808086010040E00000E2A000009E
:108810002AA000000000024001E0000081E000000A
:10882000F0B5C6468C46012600B507000068420830
:108830004240530813439C081C43E4430A0033009E
:108840008B40551A013BAB401C420BD18A4211D9D7
:108850003300691C49082A008B40551A013BAB4084
:108860001C42F3D03500531E9D402C4207D11A0004
:108870004908E4E73860604680BCB846F0BD330084
:1088800093400400013B59088C4303406B40610056
:108890005940012398460800C444042AEAD9111F0C
:1088A000C5E7C04610B5436804009A6884B09207D3
:1088B00012D409222021A26300222163A16DE26269
:1088C000002901D0A2659A610D4A0E491A659622C7
:1088D0005200995004B010BD002383624362436389
:1088E000FFF720FF102200216846F9F70DFC8021D8
:1088F00023696A462000090498476368D9E7C0469F
:1089000027A1000002030000C36D020030B5012B57
:1089100045D0136E516E54688B420DD10021D16544
:1089200002312163BFF35F8F546E80208000A34229
:1089300000D130BD546861630121D165D169200047
:108940000131D16103210B40293159430B008033A0
:10895000D3185218D16F07222260803222607B3AEE
:10896000226300221130FF3082601B4A1B4D82605F
:10897000AC22A550002905D08900591804CBE2612A
:108980009942FBD1164B0361144B03611B23036116
:1089900083239B0103610F2323600020C9E78E21FD
:1089A00043684900595818290ED0F021D8680905A4
:1089B0000842F2D1942149005B5826390B40023914
:1089C0008B42A6D00020B4E71131FF315B589B07E2
:1089D0009FD50020ADE7C0460000024021600000A6
:1089E00001E00000F0B5436A876AC66BFB4076047D
:1089F00087B0760CDB030400456B33431021C6635C
:108A000001A80193FFF70CFF0122019B013D5B00D0
:108A10001343ED1BE26D2818616823646064012A2A
:108A20000AD10327256E2B323D406A43A218956E6A
:108A3000AC46A56CAC450FD00123A36501334B6355
:108A4000294A2B33FF33CA500523A3630023E36273
:108A50001033236307B0F0BD956FAE4203D1D66EDD
:108A6000E56CAE422BD0236A013323628B689B07EF
:108A700011D409232022A36300232263A26DE362A1
:108A8000002A01D0A3658B61184B174A0B6596230A
:108A90005B00CA50DEE700232000A36263626363C9
:108AA000FFF740FE1022002102A8F9F72DFB8021DC
:108AB00020000904236902AA98476168D9E7166F64
:108AC000256DAE42CFD1556F626D9542CBD102225A
:108AD000A2650B3A1B05121A5205DB0A1343FF224B
:108AE0001343E7658B61AFE70203000027A1000095
:108AF000F0B54546DE4657464E469A230400E0B59B
:108B000045685B00EB5887B002221A4248D06B6A76
:108B1000626A9B059B0D92021A430A23A362636B50
:108B2000510851400A3363634B080B4398081843BC
:108B3000C34301930A239846216B6262C446884569
:108B40002CD8664601236746B3404646F71B7E1C79
:108B5000B146013B48461E0086403000019E064259
:108B60004CD1E06A804616006046FE40091A334048
:108B70008B40404603432163A762E362002935D05E
:108B8000002F69D19A235B00EB58002BBCD107B0B2
:108B9000F0BCBB46B246A946A046F0BD8C46D0E725
:108BA0001A0500D52BE25A0558D48022190052002C
:108BB0001140134200D039E29B05E8D59622636844
:108BC00052009D58E148854203D1A06D012800D193
:108BD000DAE32000FFF798FEDD4B62681D400223B8
:108BE00005431D432B33FF33D550D0E7A06B092835
:108BF00000D937E2D74E8000305887460123994686
:108C000001235B42434440469A464B4683400198C9
:108C1000184200D06DE250461300C3404846013967
:108C200003408B40E76A21633B439846E362634617
:108C30005B089C464B466046664683405046871B11
:108C4000781C8346013B5E461800B040019E0642F8
:108C500000D188E7D046D3E7B8466FE7A36D002B75
:108C600000D027E22000FFF74FFE0223626818437E
:108C70002B33FF33D0508AE71F2B00D1ECE21B2BA4
:108C800000D81CE3A36D62681100002B1AD05B07AB
:108C900010D5B14B1365A36D062B00D1AFE32200B5
:108CA00080216369483201336361200023694903ED
:108CB0009847626800231100A365A84893612D338B
:108CC000FF33D05093689B0700D5FEE10923202293
:108CD000A36300232263A26DE362002A01D0A3658F
:108CE0008B619F4B994A0B6596235B00CA50A36A20
:108CF000626A9846216B5008504043080343980825
:108D00001843C34301934346002B00D016E739E7CD
:108D10000121E26B52000A43934200D0AFE1A36D00
:108D2000022B05D162688F492B33FF33D150A76ADC
:108D30000123BB40626A591E0A405B001A430623A6
:108D4000A3630023E3620233B84602216262236315
:108D5000D1E7E26CE06B072A00D946E2171F062A2A
:108D600000D10BE3032F00D10BE3012F00D03DE234
:108D70007D4A1906C7095F40FF233B405B00D35A79
:108D80000002434009BAE36361652000FFF72AFE51
:108D9000A36A626A9846216BADE7E26C9046E26B8B
:108DA00094464246032A00D9D6E1022A00D1DFE2E6
:108DB000032A00D1DFE2012A00D0CEE16146C809D2
:108DC000FF215840684A01404900525A61461B063B
:108DD00009024A401BBAE2632365D6E7A06C624AE7
:108DE000010B8C46FF2166460E407600965B8B4653
:108DF000B0460609B4464646F609B14666464946B7
:108E00004E4059460E407100515A8A4641465646D8
:108E100009024E4001058C46F021B246664609041F
:108E20000E401E43310C88465146B4464646C90999
:108E30004E4059460E407100515A894651464E46A1
:108E400009024E406146090A8846B146F109464684
:108E50004E4059460E407100515A88464946464692
:108E600009024E40F109B04666464E4031005E466A
:108E70000E407100515A424612024A403B49E26399
:108E8000C20211404203F820800202400A43D9097D
:108E90000A43302108001840194200D0F2E0606512
:108EA00020650F201840E064590600D4BBE1C023C0
:108EB0001B061343A36468E7A26C520413436022A9
:108EC0001A40602A00D1BCE1FF20190C264A01405B
:108ED0004900515A8C466646190AF60971406646A1
:108EE00001404900515A36027140CE095E4030407F
:108EF0004000125A09024A40E263302210009903EE
:108F0000490D18401A4200D0E1E10F221A40606575
:108F10002065E264580600D405E28023DB050B439C
:108F2000A36432E7A3648121962362685B00490051
:108F3000D1502C3BFF3BA3630023E3621133236337
:108F4000A36A626A9846F139D5E6C046020300007A
:108F5000FFFDFFFF98A100102AE1000002020000BF
:108F600027A1000002050000C0A100100000FC1FA6
:108F700061680F2B00D0A1E0022006008B681E4024
:108F8000184200D09AE00123BB40591E0A405B0002
:108F90001A430823A3630523B84605216262E662EB
:108FA0002363A8E6012B60D1A36D002B02D004221D
:108FB0001343A3650723A3630023E3620433B84686
:108FC0000421626A236396E663689A68920700D573
:108FD0006BE109222021A26300222163A16DE262DC
:108FE000002901D0A2659A61DB4A1A6596225200D7
:108FF000DA499950A36A626A9846216B7BE6082297
:10900000616C236C5242521ADB045205DB0A134393
:109010007F221343626820009361FFF775FC96225C
:10902000CF4B6168034352008B50B0E5A36D002B1A
:1090300000D117E65B0710D56368CA4A1A65A36DAD
:10904000062B00D17AE122008021636920000133E0
:109050006361483223694903984700236268A36526
:109060009361FFE5B846626A45E6216C89000B43CF
:109070000121B940BB4001390A4013436362236AAE
:1090800001332362636800279A689207A1D5200004
:10909000A76267626763FFF745FB1022390002A8E9
:1090A000F9F732F880212369200002AA09049847C1
:1090B00063688EE704221343A365BDE7236A013387
:1090C00023628B689B0700D400E600232000A36284
:1090D00063626363FFF726FB1022002102A8F9F701
:1090E00013F8802120000904236902AA98476168C7
:1090F000ECE553465046A3624B46834001985746E1
:10910000034200D13CE51700A16B1F401A4217D063
:10911000092902D0002900D06DE15346DA40D3433B
:10912000013200D159E19B059A0D002B00D0CEE011
:109130000133A263E262D0460121626A2363DAE569
:10914000092900D1D8E0236A0133236263689A6851
:10915000920700D43DE79AE719006646180EF60913
:109160004640FF20804A30404000105A8146604609
:109170004E4600024640B4466646180CF609464084
:10918000FF2030404000105A814660464E460002A3
:109190004640B4466646180AF6097040FF2630403D
:1091A0004000105AB1468246604656460002704062
:1091B000C60973404E4633405B00D35A0002434019
:1091C000E363434609BA2165042B00D8DDE520217D
:1091D000072B02D841460439C9000423A3630023A6
:1091E000B846626AE362216385E519001F0EC6096D
:1091F0007E40FF275C4A37407F00D75B0002784003
:109200001F0CC6097E40FF2737407F00D75B000256
:1092100078401F0AC6097E40FF2737407F00D75B92
:1092200000027840A6E5802109060A43A2640028CE
:1092300000D1AAE50C2220211A4200D1C10003234B
:10924000CCE7A3640223A3630023E3621433B8468C
:109250001421626A23634EE5A36DB846002B1CD02F
:109260005B0710D563683F4A1A65A36D062B00D1D2
:10927000D4E0220080216369200001336361483219
:1092800023694903984700226368A26537499A61B8
:109290002D32FF329950A36A98460023A363E362FC
:1092A00001330121626A236325E500232000A362C4
:1092B00063626363FFF736FA10220021EFE6172B93
:1092C00000D8DCE6A36D9A0700D5D8E6DBE4626837
:1092D000002793689B0713D409232021A36300234D
:1092E0002163A16DE362002901D0A36593611A4B4C
:1092F000136596235B007BE6626893689B07EBD55A
:109300002000A76267626763FFF70CFA102239003A
:1093100002A8F8F7F9FE802102AA200023690904B7
:1093200098476268D8E7A164002A00D12DE50C2097
:109330002021184283D10323D1004FE7236E01334C
:10934000802122002366A36920000133A3614832F3
:1093500023698903984780E627A1000002030000E3
:10936000020500002AE10000C0A100100202000076
:10937000314A19040EE7304A1902FDE62E4A190453
:1093800047E72D4A19023BE7606C256C4042ED022D
:10939000ED0A400528430225E56507241C6080345A
:1093A0001C607B3C1C631C001134FF34A16023490A
:1093B000234DA160AC215D502249D9612249216130
:1093C000224921611B212161214921610F2119605D
:1093D000204998619950FFF7DAFB2000A36263628D
:1093E0006363FFF79FF92000FFF75CFAA36A626AE4
:1093F0009846216B7FE4236A01332362F3E7236EEF
:109400000133802122002366A36948320133A3611E
:10941000200023698903984762684BE4236E013377
:10942000802122002366A36920000133A361483212
:1094300023698903984726E7C0A100100000024075
:1094400023C00000FFFFFF7F01E00000216000005B
:10945000C220000002090000F0B55746DE464E4625
:109460004546E0B58246036E89B0426E0392D31A38
:10947000032B00D9BCE103231A4093460A68002A53
:1094800000DA94E1DC4B1A4058462C230F24434366
:1094900053449A6648682040D86600239946520093
:1094A00000D4FBE05B462C275F433E0053467036FA
:1094B000DC19300000234A466367236750440831B3
:1094C0000090F8F727FE3B0080335344142200211C
:1094D00018009846F8F718FE4021A26EE46E130EAD
:1094E0000B401C43D301002A00DAF3E0C34AC44D09
:1094F0001340FF222343190C11404900685A190AEE
:10950000C4096140114049006C5A00026040C10921
:1095100059400A405200AC5A80225B0312035B0B95
:1095200013430002079307AB132144401800029530
:109530000193FFF775F9079B0500202800D8B4E0D8
:1095400002001900203AD1404022121A180090401F
:10955000020040464260424611604A46002A4BD013
:10956000524659467032D219D346009E9144049116
:109570000AE01F00091A8F403900009F0136394365
:1095800011602D184E4533D0FF203178E2094A4052
:10959000024002985200825A1B020B430198082194
:1095A000240254400793FFF73BF91F2220212A4051
:1095B0009446891A6A09920042441768079B0097EB
:1095C0008842D6D920273F1ABA461F0051448F40FF
:1095D000516801363943516001001F002039614450
:1095E000CF403900009F2D18394311604E45CBD133
:1095F0005A46049992468B4659462C224A436404A3
:10960000640C5244DB03234394670F211F24019809
:109610000793FFF705F920232C4099461E1B6B0981
:109620009B004344079A1F68B04243D8361AB240A1
:1096300017431F240121220028180D008243954062
:109640001F6043099B0043441A682A431A600300C1
:1096500020335A09A3431B1A581E012B08D08140FE
:10966000684B0139D3189B004344186801431960C3
:1096700059462C234B435344DA67039B013352462C
:109680005366BFF35F8F5368022200205A6309B00C
:10969000F0BCBB46B246A946A046F0BD81460828AC
:1096A00000D8FFE608239946FCE620221900121A8A
:1096B000914050E7202149428C4611008444644483
:1096C000E1400F434946091A89198A4059680A43FB
:1096D0005A60AEE74948D10A014060209203D20E99
:1096E0001143494A464D1340234305930B0B5B003E
:1096F000EC5A0843E20903095340FF2213405B0080
:109700002E000295ED5A0305F02000040340059851
:10971000240203436540EC09180C604010404000EF
:10972000345A2D026C40180AE50968401040400088
:10973000305A24026040C40963401A40334B52003F
:10974000B45A0B430002079307AB1321444018009F
:109750000193FFF765F8079A0100049020283AD892
:10976000202311001B1A99400B0041461F250B6056
:10977000059B12051B031B0B134314210198079330
:10978000FFF74EF82021049A079B154052099200DA
:1097900042441668491BB44688420BD81D00091A7A
:1097A0008D40290031431160049A8518D5E6184B85
:1097B0001A4069E629001E0020390918CE40310000
:1097C000664631434026751B1E002D1AAE40556873
:1097D00035435560E7E703001000203BD840030005
:1097E0004020411A10008840010040464160BCE71B
:1097F000012040424BE7C046FF07004080FF0300C6
:10980000C0A10010FFFFFF3F80FF0F0060000800B5
:10981000FFFFFFDF8C2270B50C0052000021050015
:10982000F8F772FC23005A1E93412B6063425C419F
:10983000034A634294461B0D1B0563446B6070BD75
:10984000000030500161704770B5040084B0A3601F
:10985000089B0800E3600023A362636263632368DC
:1098600011005A425341802212019446304E5B420D
:109870009B0A9B0232686344134204D02D4A136052
:10988000B5681D42FCD0C000F8F76EF8C8236568C3
:109890000002E8501833E8501833E8501833E85005
:1098A0002000FEF73FFF2448A36884466820990003
:1098B00061442268486021491F488C46DB006344AC
:1098C0008446602006325A60E3689900614448602B
:1098D0001A49DB008C4663445A60AB689B0712D47C
:1098E00009232022A36300232263A26DE362002ADE
:1098F00001D0A365AB61124B124A2B6596235B0026
:10990000EA5004B070BD00232000A3626362636369
:10991000FEF708FF102200216846F8F7F5FB8021CA
:109920006A4620002369090498476568D8E7C0465D
:1099300000C0004000F0004000C001400040014075
:1099400027A100000203000010B583070AD003001E
:10995000032102E001330B4205D01A78002AF9D125
:10996000181A10BD030019680C4A0D4C8A188A4356
:1099700022420FD15968094A04338A188A43224285
:1099800008D15968054A04338A188A432242F1D023
:1099900000E001331A78002AFBD1E1E7FFFEFEFE6A
:1099A00080808080F8B5C04601B40248844601BC7E
:1099B000604700BFE902002001B40248844601BCB0
:1099C000604700BF1502002001B40248844601BC74
:1099D000604700BF450F002001B40248844601BC27
:1099E000604700BF010C002001B40248844601BC5E
:1099F000604700BF290C002001B40248844601BC26
:109A0000604700BF450F002001B40248844601BCF6
:109A1000604700BFC100002001B40248844601BC79
:109A2000604700BFA101002001B40248844601BC88
:109A3000604700BF0101002001B40248844601BC18
:109A4000604700BFB90C002001B40248844601BC45
:109A5000604700BF2504002001B40248844601BCD1
:109A6000604700BF690C0020F91600102517001090
:109A700009190010F9200010911F00109D200010FE
:109A800031180010411700106117001075170010F1
:109A9000C90900107D170010850D0010C1160010B7
:109AA000D5050010FD430010B1020010A16C00109C
:109AB0004661696C65643A204E6F2073706163651E
:109AC00020666F72206D736720746F20626520714D
:109AD00075657565640000004D53472049443D207D
:109AE000256C7520444C433D257520446174613DCF
:109AF000272573270A00000072656365696576652E
:109B00005F746872656164007472616E736D69740C
:109B10005F746872656164000A2A2A2A2050414EE7
:109B20004943202A2A2A0A006E6F742073757070C8
:109B30006F727465640000004E6F207370696E6C04
:109B40006F636B732061726520617661696C61621D
:109B50006C6500004E6F2075736572204952517319
:109B60002061726520617661696C61626C650000DC
:109B7000486172647761726520616C61726D202545
:109B80006420616C726561647920636C61696D65E4
:109B90006400000048617264206173736572740030
:109BA0006D697373696E6720646F75626C6520669A
:109BB000756E6374696F6E0052656C6561736500E4
:109BC000626F6F74325F7732357130383000000069
:109BD000302E3100322E322E300000007069636F5B
:109BE0005F77000074657374000000004E6F76208C
:109BF0003238203230323500666E692B00000000AA
:109C0000666E69006E616E00666E692D0000000070
:109C100055534220737464696E202F207374646FEF
:109C200075740000526173706265727279205069B8
:109C3000000000005069636F00000000426F617215
:109C400064204344430000005265736574000000C3
:109C5000556E68616E646C6564204952512030789D
:109C600025780A00657020253032582077617320EE
:109C7000616C726561647920617661696C61626CA6
:109C80006500000043616E277420636F6E74696E17
:109C900075652078666572206F6E20696E616374E9
:109CA000697665206570202530325800546D7251F8
:109CB00000000000546D722053766300060052507D
:109CC000D3F07542B89B001006005250E182887FA5
:109CD000C09B0010060052503ABCA911D09B001046
:109CE00006005250ABB36053D49B00100600525094
:109CF000BBFF3CB6DC9B001006005250861C0302E2
:109D0000E49B0010060052505422A29DEC9B0010D0
:109D100005005250DE65F4681CB40010B82E001027
:109D2000682E0010682E0010B02E0010682E001053
:109D3000682E0010682E0010682E0010682E00108B
:109D4000682E0010682E0010A82E0010682E00103B
:109D5000A02E0010682E0010682E0010982E001003
:109D6000D8300010CE2E0010C8300010CE2E0010BB
:109D7000B2300010CE2E0010CE2E0010CE2E0010CD
:109D8000CE2E0010CE2E0010CE2E0010CE2E0010A3
:109D9000C02E0010CE2E0010CE2E0010CE2E0010A1
:109DA000CE2E0010CE2E0010C02E001076310010E6
:109DB000222E0010222E0010222E0010222E001023
:109DC000222E0010222E0010222E0010222E001013
:109DD000222E0010222E0010222E0010222E001003
:109DE000222E0010222E0010222E0010222E0010F3
:109DF000222E0010222E0010222E0010222E0010E3
:109E0000222E0010222E0010222E0010222E0010D2
:109E1000222E0010222E0010222E0010222E0010C2
:109E2000222E0010222E0010222E0010EC300010E6
:109E300044310010EC300010222E0010222E0010B1
:109E4000222E0010222E0010222E0010222E001092
:109E5000222E0010222E0010222E0010222E001082
:109E6000222E0010222E0010222E0010222E001072
:109E7000222E0010222E001086330010222E0010F9
:109E8000222E0010222E0010222E0010222E001052
:109E9000222E0010222E0010222E0010222E001042
:109EA000863300108831001086330010EC3000102B
:109EB00044310010EC300010000000000000F03FC2
:109EC0000000000000002440000000000000594095
:109ED0000000000000408F40000000000088C340E8
:109EE00000000000006AF8400000000080842E415D
:109EF00000000000D01263410000000084D79741A9
:109F00000000000065CDCD410D0A000000000000FA
:109F1000613E001000000000653E0010713E001020
:109F20009D3E0010993E0010000000000A00000055
:109F300000000306A6000800020002009C001400B6
:109F4000030057494E555342000000000000000036
:109F50000000800004000100280044006500760035
:109F600069006300650049006E00740065007200BE
:109F70006600610063006500470055004900440029
:109F800000004E007B0062006300370033003900A0
:109F90003800630031002D00370033006300640097
:109FA0002D0034006300620037002D0039003800B6
:109FB000620038002D0039003100330061003800A4
:109FC00066006300610037006200660036007D00B5
:109FD00000000000050F2100011C100500DF60DDFE
:109FE000D88945C74C9CD2659D9E648A9F0000031A
:109FF00006A60001000000000600525053B4F4A170
:10A00000109C001000000000249C0010349C0010E4
:10A01000902302203C9C0010489C00100902540030
:10A02000030100807D080B00020202000009040009
:10A0300000010202000405240020010524010001A2
:10A040000424020605240600010705810308001008
:10A0500009040100020A0000000705020240000096
:10A06000070582024000000904020000FF0001050C
:10A0700012011002EF0201408A2E0A0000010102C3
:10A0800003010000644A0010CC4B00101C4C00106F
:10A09000A44B0010B64B0010944B0010044B001062
:10A0A000B04A0010A44A0010864F00106C4F0010F8
:10A0B0003C4D0010A64F00103C4D0010544F0010B6
:10A0C000404F00103C4D00102C4F0010324E00103D
:10A0D0003C4D00101252001004520010F8510010B4
:10A0E0003C4D00103C4D0010E25100100452001095
:10A0F0003C4D00103C4D00103C4D00103C4D0010FC
:10A100003C4D00103C4D00103C4D0010985100108B
:10A11000860D0020860D0020D00D0020F00D0020BF
:10A12000340E0020460E00207C0D002000000000B0
:10A130009D5700100D5800103D5800108958001010
:10A140002D590010155A00100000000000000000FA
:10A15000155B0010715B00108D5B0010B55B00108B
:10A16000F93E0010D55C0010000000001F00000048
:10A17000008300104683001046830010A88300105F
:10A180007E830010B68300104683001046830010C3
:10A19000A88300107E830010248F0010B88E00105A
:10A1A000DC8D00109A8D0010528D0010108D001063
:10A1B000A48F0010708F0010788C0010C88F0010D2
:10A1C00000009945AB4E320BCF58561D6416FD5317
:10A1D00007749E31AC3A357FC82C51696362FA2707
:10A1E000972D0E683C63A5265875C130F33B6A7EF7
:10A1F0009059091C3B17A2525F01C644F44F6D0AE7
:10A200002E5BB71E85151C50E10378464A4DD308D6
:10A21000292FB06A82611B24E6777F324D39D47CC6
:10A22000B976203312388B7D762EEF6BDD604425B6
:10A23000BE022747154C8C09715AE81FDA144351A6
:10A24000C5735C366E3DF7780A2B936EA165382096
:10A25000C2075B426949F00C0D5F941AA6113F5486
:10A26000525ECB1BF91060559D0604433648AF0D76
:10A27000552ACC6FFE6467219A720337313CA87966
:10A28000EB28726D4066D9232470BD358F3E167B56
:10A29000EC5C75194712DE572304BA41884A110F46
:10A2A0007C05E540D74B4E0EB35D2A181813815636
:10A2B0007B71E234D03F497AB4292D6C1F67862226
:10A2C00013228A67B86C2129DC7A453F7734EE7116
:10A2D00014568D13BF18265DDB0E424B7040E90506
:10A2E000840F1D4A2F41B6044B57D212E019795CF6
:10A2F000837B1A3E2835B1704C23D566E76D7E28E6
:10A300003D79A43C96370F72F2216B64596FC02AD5
:10A310003A0DA34891430806F5556C105E1BC75EC5
:10A32000AA543311011A985F650CFC49CE425707B5
:10A33000AD203465066E9F2B6278FB3DC9365073A5
:10A34000D6514F147D1FE45A1909804CB2472B0295
:10A35000D12548607A6BE32E1E7D8738B5332C7685
:10A36000417CD839EA3273778E241761256ABC2F75
:10A370004608DF4DED46740389501015221EBB5B65
:10A38000F80A614F5344CA013752AE179C1C055955
:10A39000FF7E663B5430CD753026A9639B68022D45
:10A3A0006F27F662C4695D2CA07F393A0B31927435
:10A3B0006853F116C31D5A58A70B3E4E0C45950025
:10A3C0008500480029E0CC0000C0C00040C029E45E
:10A3D00043F004C1C50307034300C420014046A065
:10A3E000B20102C0EB40544047A0808027A09800F3
:10A3F000E2A02160DF0001B8D902580021601B01F2
:10A40000BC9C0010C89C0010D49C0010E09C001064
:10A41000EC9C0010F89C0010049D0010109D001092
:04A42000F89F001091
:10A4240070B502680400EFF3108572B61368002B50
:10A43400FCD0BFF35F8F63685A1C0BD0002900D097
:10A444000B6000202368BFF35F8F00221A6085F33E
:10A45400108870BD00F030FF60600120F2E7C04654
:10A46400F0B5C646160000B504001F000268EFF3FD
:10A47400108872B61368002BFCD0BFF35F8F656839
:10A484006B1C0ED02368BFF35F8F00221A6088F321
:10A49400108800F011FFA8420FD1002080BCB846FC
:10A4A400F0BD00F009FF23686060BFF35F8F0022F6
:10A4B4001A6088F310880120F0E700F0FDFE804662
:10A4C40006E032003B00200000F006FF0028E4D143
:10A4D4002268EFF3108172B61368002BFCD0BFF32F
:10A4E4005F8F65680135ECD1434663602368BFF331
:10A4F4005F8F00221A6081F310880120CEE7C046E6
:10A50400F8B50D00040000F007FFFA2206000F0062
:10A51400002328000021920000F0C6FE36184F41A7
:10A52400002F02DA0126124F764200F0C5FE050024
:10A5340006E032003B00200000F0CEFE002815D1DA
:10A544002268EFF3108172B61368002BFCD0BFF3BE
:10A554005F8F63680133ECD165602368BFF35F8F5D
:10A5640000221A6081F310880120F8BD0020FCE766
:10A57400FFFFFF7F10B50268EFF3108172B6136816
:10A58400002BFCD0BFF35F8F01235B42436000F0DC
:10A59400CBFE10BD10B5084C2378002B0AD18023C4
:10A5A400064807495B051A68C25004338B42FAD146
:10A5B4000123237010BDC0469324022018190010F3
:10A5C4000001001010B5014B984710BD1919002067
:10A5D400064B5A6802609A684260DA6882601A69B7
:10A5E400C2605A6902619B6943617047000002407E
:10A5F4000268064B5A6042689A608268DA60C268F0
:10A604001A6102695A6142699A6170470000024006
:10A61400034B1A68C0239B009343024A136070479C
:10A624000C8001400C900140054B1A6880239B006C
:10A634005340C02292001340024A13607047C04640
:10A644000C8001400C9001400023F0B5DE465746D3
:10A654004E4645469A46E0B589B001900E00988A68
:10A6640045491B8B14009847534681464349988AB1
:10A674001B8B9847534642490500988A1B8B984781
:10A684008046FFF787FF02A8FFF7A2FFC847A84745
:10A69400FFF7CAFF251E22D00823C0219C460220B2
:10A6A400490562468B6A1A4018423FD0631B002D4D
:10A6B4002FD1002A11D1002C11D0C0235B059B4659
:10A6C40002239A46063399465B464A4657469B6A96
:10A6D4001A401F4242D0002AF6D0002C30D1FFF796
:10A6E40097FFC047FFF76EFF02A8FFF781FF09B08D
:10A6F400F0BCBB46B246A946A046F0BD002C2FD103
:10A70400C0225205926A914608224F463A40BF073A
:10A714002DD50D2B1BD9002AF0D1C0225205926AE7
:10A72400914608224F463A40BF07F2D4002A04D18A
:10A734002B002343002BB4D1D1E72B00002CF9D0FC
:10A744000B6E013C3370230001362B43F2E7019F6B
:10A75400013D3B7801370B660197E7E70025E5E704
:10A76400C0235B051B6E013C3370013699E72B0057
:10A77400002ADFD1DCE7C046494600004558000006
:10A78400464300000022154B10B59A60DA601A6146
:10A794005A619A61DA611A625A629A62DA621A63D7
:10A7A4005A639A63DA631A645A649A64DA641A65B7
:10A7B4005A659A65DA651A665A669A66DA661A6797
:10A7C4005A679A67DA67F03292000021044800F071
:10A7D4007BFD044B044A1A6010BDC04600001050B3
:10A7E400DC1B0020A41F002080011050F0B54E4651
:10A7F4004546DE465746E0B5214B00249E6D0125B3
:10A8040085B0002E22D01F4B9A46012399461E4B39
:10A81400984601E0202C19D02A00230001342F008F
:10A824003240E4B26D00002AF4D0524697654A469D
:10A834005B085B0022409B185B01434418009B4665
:10A8440000F01EFC002808D1BE43E3D105B0F0BCE3
:10A85400BB46B246A946A046F0BD5B46E0219A78C5
:10A86400DB8A01A883600023C900018001210271F1
:10A87400437100F025FC584600F0A0FBE4E7C04615
:10A8840000001150003011509C1B00209823F0B59B
:10A89400C646C84A00B5D55880232E009B02102412
:10A8A40084B01E401D4274D0C34BC44C9A6AC44B3E
:10A8B40000261A603B23E35C022B00D14FE17B238B
:10A8C400E35C022B00D1F3E0BB23E35C022B00D159
:10A8D400FAE0FB23E35C022B00D101E13C23FF33CC
:10A8E400E35C022B00D12DE17C23FF33E35C022BDC
:10A8F40000D10EE1BC23FF33E35C022B00D13FE126
:10A90400FC23FF33E35C022B00D1F5E0AD4BE35CA9
:10A91400022B00D174E1AC4BE35C022B00D105E1C6
:10A92400AA4BE35C022B00D175E1A94BE35C022B3B
:10A9340000D132E1A74BE35C022B00D1A0E1A64B8E
:10A94400E35C022B00D171E1A44BE35C022B00D148
:10A95400A1E1A34BE35C022B00D17FE1002E08D1DF
:10A96400A04B1B78002B04D180219F4A903389028D
:10A97400D150C02269468F4B92009B6C80265B05A8
:10A984008A805B0D012101A8029300F099FB974C8A
:10A99400B602EB0600D57FE080235B021D4231D076
:10A9A4001E43012302249846844FBB7E002B14D0FF
:10A9B40000F09AFC012800D972E0C022002138007E
:10A9C400920100F001FB380000F0F8FA00F08CFC72
:10A9D400012802D9844B5C661C664346FB70203711
:10A9E400012C22D1C0236A46DB009380804A02AB4B
:10A9F40003CA03C3012101A800F062FB80227A4B41
:10AA040092021A6580235B011D4210D18023DB0171
:10AA14001D4223D180231B021D422FD1AE4200D000
:10AA2400C0E104B080BCB846F0BD0124BDE70024F9
:10AA34001E43604B1C60FFF7A5FE80236A465B0043
:10AA440093801472012101A800F03AFB8022664B26
:10AA540012031A658023DB011D42DBD01E438023D1
:10AA64006A46DB009380012101A800F029FB102233
:10AA74005D4B1A6580231B021D42CFD01E43A023C9
:10AA84006A46DB009380012101A800F019FB8022B3
:10AA9400554B12011A65C1E7FFF7A8FE26007BE7B4
:10AAA400544B444A1C66536E2340A342FBD184E7B3
:10AAB4007833E75C002F00D106E70233E25C002A1A
:10AAC40000D00DE13E00FFE6B833E75C002F00D173
:10AAD400FFE60233E25C002A00D0F9E03E00F8E62B
:10AAE400F833E75C002F00D1F8E60233E25C002A79
:10AAF40000D041E13E00F1E6F933FF33E75C002F7B
:10AB040000D103E70233E25C002A00D02BE13E00CF
:10AB1400FCE67933FF33E75C002F00D1EAE6023329
:10AB2400E25C002A00D015E13E00E3E6324BE75C2C
:10AB3400002F00D1F4E60233E25C002A00D001E1E8
:10AB44003E00EDE63933FF33E75C002F00D1CBE65E
:10AB54000233E25C002A00D0EBE03E00C4E6383366
:10AB6400E65C002E00D1AAE60233E25C002A00D1A2
:10AB7400A5E6200000222030E25400F04DFA9EE6C3
:10AB8400B933FF33E75C002F00D1B9E60233E25C4E
:10AB9400002A00D0C4E03E00B2E6184BE75C002F68
:10ABA40000D1C7E60233E25C002A00D0B0E03E00E8
:10ABB400C0E6C04600001150004005409C1B002028
:10ABC400941B00203B0200007B020000BB0200003B
:10ABD400FB0200003B0300007B030000BB030000FA
:10ABE400FB030000912402200030115010000200E9
:10ABF40000001050002011507A020000FA020000F8
:10AC04006B4BE75C002F00D185E60233E25C002A3F
:10AC140076D13E007FE6674BE75C002F00D184E6E7
:10AC24000233E25C002A63D13E007EE6624BE75CBD
:10AC3400002F00D188E60233E25C002A00D0A3E0B2
:10AC44005E4BE35C022B30D15D4BE35C002B27D1E0
:10AC54005C4BE35C022B00D08BE63E005A4BE35C7A
:10AC6400002B00D17AE6FF239B00E25C002A00D18E
:10AC74007FE60022E2541C3BE01800F0CDF978E6B0
:10AC8400524BE75C002F00D159E60233E25C002A04
:10AC940016D13E0053E64A4BE35C002B00D158E644
:10ACA400EF239B00E25C002A75D1464BE35C022B48
:10ACB40000D05EE6444BE35C002B00D159E6D2E7BA
:10ACC4000022E2541C3BE01800F0A6F93E0036E6F0
:10ACD40020000022A030E2543E0000F09DF9F8E587
:10ACE400200000226030E2543E0000F095F9EBE5CC
:10ACF4000022E2541C3BE01800F08EF93E0014E6FA
:10AD04000022E2541C3BE01800F086F93E0002E603
:10AD14000022E2541C3BE01800F07EF93E0009E6F4
:10AD240020000022A130FF30E2543E0000F074F90C
:10AD3400E6E5200000222130FF30E2543E0000F01E
:10AD44006BF9D1E50022E2541C3BE01800F064F9F1
:10AD54003E00E5E5200000226130FF30E2543E0071
:10AD640000F05AF9C6E520000022E130FF30E25439
:10AD74003E0000F051F9C9E520000022E030E25421
:10AD84003E0000F049F9A9E50022E2541C3BE0181A
:10AD940000F042F954E70022E2541C3BE01800F0B2
:10ADA4003BF982E731000A48694000F0C5FAC04621
:10ADB4003A020000BA0200007A030000BB0300005C
:10ADC400BA030000FB030000FA0300003A0300008A
:10ADD400509C0010F0B5C64600B50200838A008B73
:10ADE4008C46011C984200D9191CD4788025200077
:10ADF400461EB04189B2ED000D43400328430125AE
:10AE04006C405B1AD47054789BB29382002C31D17D
:10AE14006446D568A4014E1E2D19B0461469002954
:10AE240023D0062E32D92B0023439B072ED12B1B74
:10AE3400013B022B2AD900238F08BF00E658EE50AD
:10AE440004339F42FAD14346ED19DB1BE419B9429E
:10AE540009D026782E70002B05D066786E70012BF1
:10AE640001D0A378AB701469938A641814618022AA
:10AE740012021043002B02D18023DB0118436346E6
:10AE8400002B00D0000480BCB846F0BD0023E65C73
:10AE9400EE5401339942FAD1E5E7C0468368F0B530
:10AEA4001A680400002900D0120C63789205900DF2
:10AEB400002B08D1E38AC318E382238B834201D990
:10AEC4000023A382F0BDE368890125695E18471E4B
:10AED400002822D0062F26D901315B18EB1A022B49
:10AEE40021D92B0033439B071DD10023120E92005E
:10AEF400F158E95004339A42FAD1BF1AAD18B61882
:10AF0400904209D032782A70002F05D072786A7086
:10AF1400012F01D0B278AA702569E38A2D18C318CD
:10AF2400E3822561C9E70022B35CAB54013290424D
:10AF3400FAD12569F1E7C04610B504008368002101
:10AF44001B68FFF7ABFF63681B685B0002D5238BAC
:10AF5400834200D010BD01212000FFF79FFFF9E7D5
:10AF6400084A0300126C0020920703D49A78D2098D
:10AF7400012A00D07047D87E023843425841C0B2FB
:10AF8400F8E7C0460000115010B5FFF7E9FF0028AC
:10AF94000CD00749074B8C46074A9B6A12686344E6
:10AFA4009B1A0020C6229A424041C0B210BDC0463E
:10AFB400E0FCFFFF00400540941B00200023837643
:10AFC400436103617047C04610B58368002901D00E
:10AFD4001C682140002A12D08024E400114322423C
:10AFE4000DD01A6822420CD1084A0A401A60084A55
:10AFF400126C920703D40C23033BFDD283681960BF
:10B0040010BD8178034800F097F9C046FFFBFFFFAD
:10B0140000001150649C0010436870B50021802525
:10B0240004001E68FFF7D6FE124B6D011A6C05432F
:10B03400A37892070ED55B060ED00F4B1E408023DB
:10B044009B05334362680021136020002A00FFF748
:10B05400BBFF70BDDB09F0D0A38A002BEDD001212A
:10B064002000FFF7B7FEA023044ADB053240054366
:10B074001343E7E700001150FFFFFFAFFFFFFFDFBF
:10B0840070B5857E0400002D14D0FFF755FFA38A08
:10B09400002B01D1280070BD2000FFF775FF0028A8
:10B0A40003D0012300252377F4E72000FFF7B4FF42
:10B0B4000025EFE78178014800F03EF9849C0010F8
:10B0C400F0B5CE46474680B5437805000E0085B0FE
:10B0D400062B08D86C4A9B00D3589F466B4A1378BA
:10B0E4000133DBB213706A4B1C686269EFF31081A1
:10B0F40072B61368002BFCD0BFF35F8FA1612000F0
:10B10400290000F001F96269A369BFF35F8F002190
:10B11400116083F31088002804D105B0C0BCB9467F
:10B12400B046F0BD32006978287800F0E5F8F4E71D
:10B134000121584B1A788A431A701A7801318A43CC
:10B144001A7000225A701A7802318A431A70CAE7B8
:10B154005149524F894652490024002388463A787F
:10B1640012E043461B6861015B18002B06D0DB69C3
:10B17400002B03D06968287898473A780134E4B200
:10B18400511C2300A14217DBA242EAD89B1A5B019F
:10B194004B44ECE73F4B1A78D207BED504211A780A
:10B1A4000A431A709FE73B4B1A78D207B5D504219E
:10B1B4001A788A431A7096E7364F3B785B072BD58B
:10B1C40004223B78002193433B706B460632981D62
:10B1D40000F07AF82B7801AC2370052363702C4BB4
:10B1E4001B6898465A69EFF3108172B61368002BF6
:10B1F400FCD0BFF35F8F434640469961210000F0C5
:10B2040083F843465A699B69BFF35F8F002111603D
:10B2140083F31088002831D1FB78DB0700D47CE766
:10B224006B460A220021981D00F04EF82B7801ACE1
:10B234002370032363706B686360154B1D686A6930
:10B24400EFF3108172B61368002BFCD0BFF35F8F4D
:10B25400A9612800210000F057F86A69AB69BFF3BF
:10B264005F8F0021116083F31088002800D154E718
:10B2740032006178207800F03FF84EE732006178C0
:10B28400207800F039F8C7E710A1001092240220BA
:10B2940088150020301500202CA1001090240220D5
:10B2A400801300207047C04601B40248844601BCA4
:10B2B400604700BF5D20001001B40248844601BC11
:10B2C400604700BF516A001001B40248844601BCC3
:10B2D400604700BF0921001001B40248844601BC44
:10B2E400604700BFAD6B001001B40248844601BC46
:10B2F400604700BF6904001001B40248844601BCE1
:10B30400604700BF0549001001B40248844601BCEF
:10B31400604700BF6563001001B40248844601BC65
:10B32400604700BF8912001001B40248844601BC82
:10B33400604700BFE56A001001B40248844601BCBE
:10B34400604700BF750400101000000000000000FA
:10B3540000000100000000000000000000000200E6
:10B3640000000000000000000000030000000000D6
:10B37400000000000000FF000000000001B5486864
:10B3840001318E460047704609380149884701BD9E
:10B39400D9080010000000000000000000000000B8
:10B3A4000000000000000000B810002000000000B1
:10B3B400503300004C33000054330000523300007B
:10B3C4004D5300004D43000053340000433400004B
:10B3D400C540001079400010ED3F0010653F00109B
:10B3E40000000000000100008C15002010000C007B
:10B3F4000000000000000000000000000000000049
:10B4040000000000FFFF000000000000000000003A
:08B41400000000000000000030
:04000005100001E9FD
:00000001FF
