
/Users/stein/adv-emb/lab8/hprio_build/src/lab8.elf:     file format elf32-littlearm

Sections:
Idx Name          Size      VMA       LMA       File off  Algn
  0 .boot2        00000100  10000000  10000000  00001000  2**0
                  CONTENTS, ALLOC, LOAD, READONLY, CODE
  1 .text         000099b0  10000100  10000100  00001100  2**4
                  CONTENTS, ALLOC, LOAD, READONLY, CODE
  2 .rodata       00000950  10009ab0  10009ab0  0000aab0  2**3
                  CONTENTS, ALLOC, LOAD, READONLY, DATA
  3 .binary_info  00000024  1000a400  1000a400  0000b400  2**2
                  CONTENTS, ALLOC, LOAD, READONLY, DATA
  4 .ram_vector_table 000000c0  20000000  20000000  0000e000  2**2
                  ALLOC
  5 .uninitialized_data 00000000  200000c0  200000c0  0000d0b8  2**0
                  CONTENTS
  6 .data         00000ff8  200000c0  1000a424  0000c0c0  2**4
                  CONTENTS, ALLOC, LOAD, READONLY, CODE
  7 .tdata        00000000  200010b8  200010b8  0000d0b8  2**0
                  CONTENTS, ALLOC, LOAD, DATA, THREAD_LOCAL
  8 .tbss         00000000  200010b8  200010b8  00000000  2**0
                  ALLOC, THREAD_LOCAL
  9 .bss          000213e4  200010b8  1000b41c  0000d0b8  2**3
                  ALLOC
 10 .heap         00000800  2002249c  1000b41c  0000d49c  2**2
                  ALLOC, READONLY
 11 .scratch_x    00000000  20040000  20040000  0000d0b8  2**0
                  CONTENTS
 12 .scratch_y    00000000  20041000  20041000  0000d0b8  2**0
                  CONTENTS
 13 .stack1_dummy 00000800  20040000  20040000  0000e000  2**2
                  ALLOC
 14 .stack_dummy  00000800  20041000  20041000  0000e000  2**5
                  ALLOC, READONLY
 15 .ARM.attributes 00000028  00000000  00000000  0000d0b8  2**0
                  CONTENTS, READONLY
 16 .comment      00000046  00000000  00000000  0000d0e0  2**0
                  CONTENTS, READONLY
 17 .debug_info   00042926  00000000  00000000  0000d126  2**0
                  CONTENTS, READONLY, DEBUGGING, OCTETS
 18 .debug_abbrev 0000af17  00000000  00000000  0004fa4c  2**0
                  CONTENTS, READONLY, DEBUGGING, OCTETS
 19 .debug_loclists 00026577  00000000  00000000  0005a963  2**0
                  CONTENTS, READONLY, DEBUGGING, OCTETS
 20 .debug_aranges 00001c50  00000000  00000000  00080ee0  2**3
                  CONTENTS, READONLY, DEBUGGING, OCTETS
 21 .debug_rnglists 00005e35  00000000  00000000  00082b30  2**0
                  CONTENTS, READONLY, DEBUGGING, OCTETS
 22 .debug_line   00030bd4  00000000  00000000  00088965  2**0
                  CONTENTS, READONLY, DEBUGGING, OCTETS
 23 .debug_str    0000bb6a  00000000  00000000  000b9539  2**0
                  CONTENTS, READONLY, DEBUGGING, OCTETS
 24 .debug_frame  00004360  00000000  00000000  000c50a4  2**2
                  CONTENTS, READONLY, DEBUGGING, OCTETS
 25 .debug_line_str 000002ee  00000000  00000000  000c9404  2**0
                  CONTENTS, READONLY, DEBUGGING, OCTETS

/Users/stein/adv-emb/lab8/hprio_build/src/lab8.elf:     file format elf32-littlearm


Disassembly of section .boot2:

10000000 <__boot2_start__>:
10000000:	4b32b500 	.word	0x4b32b500
10000004:	60582021 	.word	0x60582021
10000008:	21026898 	.word	0x21026898
1000000c:	60984388 	.word	0x60984388
10000010:	611860d8 	.word	0x611860d8
10000014:	4b2e6158 	.word	0x4b2e6158
10000018:	60992100 	.word	0x60992100
1000001c:	61592102 	.word	0x61592102
10000020:	22f02101 	.word	0x22f02101
10000024:	492b5099 	.word	0x492b5099
10000028:	21016019 	.word	0x21016019
1000002c:	20356099 	.word	0x20356099
10000030:	f844f000 	.word	0xf844f000
10000034:	42902202 	.word	0x42902202
10000038:	2106d014 	.word	0x2106d014
1000003c:	f0006619 	.word	0xf0006619
10000040:	6e19f834 	.word	0x6e19f834
10000044:	66192101 	.word	0x66192101
10000048:	66182000 	.word	0x66182000
1000004c:	f000661a 	.word	0xf000661a
10000050:	6e19f82c 	.word	0x6e19f82c
10000054:	6e196e19 	.word	0x6e196e19
10000058:	f0002005 	.word	0xf0002005
1000005c:	2101f82f 	.word	0x2101f82f
10000060:	d1f94208 	.word	0xd1f94208
10000064:	60992100 	.word	0x60992100
10000068:	6019491b 	.word	0x6019491b
1000006c:	60592100 	.word	0x60592100
10000070:	481b491a 	.word	0x481b491a
10000074:	21016001 	.word	0x21016001
10000078:	21eb6099 	.word	0x21eb6099
1000007c:	21a06619 	.word	0x21a06619
10000080:	f0006619 	.word	0xf0006619
10000084:	2100f812 	.word	0x2100f812
10000088:	49166099 	.word	0x49166099
1000008c:	60014814 	.word	0x60014814
10000090:	60992101 	.word	0x60992101
10000094:	2800bc01 	.word	0x2800bc01
10000098:	4700d000 	.word	0x4700d000
1000009c:	49134812 	.word	0x49134812
100000a0:	c8036008 	.word	0xc8036008
100000a4:	8808f380 	.word	0x8808f380
100000a8:	b5034708 	.word	0xb5034708
100000ac:	20046a99 	.word	0x20046a99
100000b0:	d0fb4201 	.word	0xd0fb4201
100000b4:	42012001 	.word	0x42012001
100000b8:	bd03d1f8 	.word	0xbd03d1f8
100000bc:	6618b502 	.word	0x6618b502
100000c0:	f7ff6618 	.word	0xf7ff6618
100000c4:	6e18fff2 	.word	0x6e18fff2
100000c8:	bd026e18 	.word	0xbd026e18
100000cc:	40020000 	.word	0x40020000
100000d0:	18000000 	.word	0x18000000
100000d4:	00070000 	.word	0x00070000
100000d8:	005f0300 	.word	0x005f0300
100000dc:	00002221 	.word	0x00002221
100000e0:	180000f4 	.word	0x180000f4
100000e4:	a0002022 	.word	0xa0002022
100000e8:	10000100 	.word	0x10000100
100000ec:	e000ed08 	.word	0xe000ed08
	...
100000fc:	7a4eb274 	.word	0x7a4eb274

Disassembly of section .text:

10000100 <__VECTOR_TABLE>:
10000100:	20042000 	.word	0x20042000
10000104:	100001f7 	.word	0x100001f7
10000108:	100001cb 	.word	0x100001cb
1000010c:	100001cd 	.word	0x100001cd
10000110:	100001c9 	.word	0x100001c9
10000114:	100001c9 	.word	0x100001c9
10000118:	100001c9 	.word	0x100001c9
1000011c:	100001c9 	.word	0x100001c9
10000120:	100001c9 	.word	0x100001c9
10000124:	100001c9 	.word	0x100001c9
10000128:	100001c9 	.word	0x100001c9
1000012c:	100001cf 	.word	0x100001cf
10000130:	100001c9 	.word	0x100001c9
10000134:	100001c9 	.word	0x100001c9
10000138:	100001d1 	.word	0x100001d1
1000013c:	100001d3 	.word	0x100001d3
10000140:	100001c1 	.word	0x100001c1
10000144:	100001c1 	.word	0x100001c1
10000148:	100001c1 	.word	0x100001c1
1000014c:	100001c1 	.word	0x100001c1
10000150:	100001c1 	.word	0x100001c1
10000154:	100001c1 	.word	0x100001c1
10000158:	100001c1 	.word	0x100001c1
1000015c:	100001c1 	.word	0x100001c1
10000160:	100001c1 	.word	0x100001c1
10000164:	100001c1 	.word	0x100001c1
10000168:	100001c1 	.word	0x100001c1
1000016c:	100001c1 	.word	0x100001c1
10000170:	100001c1 	.word	0x100001c1
10000174:	100001c1 	.word	0x100001c1
10000178:	100001c1 	.word	0x100001c1
1000017c:	100001c1 	.word	0x100001c1
10000180:	100001c1 	.word	0x100001c1
10000184:	100001c1 	.word	0x100001c1
10000188:	100001c1 	.word	0x100001c1
1000018c:	100001c1 	.word	0x100001c1
10000190:	100001c1 	.word	0x100001c1
10000194:	100001c1 	.word	0x100001c1
10000198:	100001c1 	.word	0x100001c1
1000019c:	100001c1 	.word	0x100001c1
100001a0:	100001c1 	.word	0x100001c1
100001a4:	100001c1 	.word	0x100001c1
100001a8:	100001c1 	.word	0x100001c1
100001ac:	100001c1 	.word	0x100001c1
100001b0:	100001c1 	.word	0x100001c1
100001b4:	100001c1 	.word	0x100001c1
100001b8:	100001c1 	.word	0x100001c1
100001bc:	100001c1 	.word	0x100001c1

100001c0 <__unhandled_user_irq>:
100001c0:	f3ef 8005 	mrs	r0, IPSR
100001c4:	3810      	subs	r0, #16

100001c6 <unhandled_user_irq_num_in_r0>:
100001c6:	be00      	bkpt	0x0000

100001c8 <isr_invalid>:
100001c8:	be00      	bkpt	0x0000

100001ca <isr_nmi>:
100001ca:	be00      	bkpt	0x0000

100001cc <isr_hardfault>:
100001cc:	be00      	bkpt	0x0000

100001ce <isr_svcall>:
100001ce:	be00      	bkpt	0x0000

100001d0 <isr_pendsv>:
100001d0:	be00      	bkpt	0x0000

100001d2 <isr_systick>:
100001d2:	be00      	bkpt	0x0000

100001d4 <__default_isrs_end>:
100001d4:	7188ebf2 	.word	0x7188ebf2
100001d8:	1000a400 	.word	0x1000a400
100001dc:	1000a424 	.word	0x1000a424
100001e0:	10000238 	.word	0x10000238
100001e4:	e71aa390 	.word	0xe71aa390

100001e8 <_entry_point>:
100001e8:	481e      	ldr	r0, [pc, #120]	@ (10000264 <data_cpy_table+0x2c>)

100001ea <_enter_vtable_in_r0>:
100001ea:	491f      	ldr	r1, [pc, #124]	@ (10000268 <data_cpy_table+0x30>)
100001ec:	6008      	str	r0, [r1, #0]
100001ee:	c806      	ldmia	r0!, {r1, r2}
100001f0:	f381 8808 	msr	MSP, r1
100001f4:	4710      	bx	r2

100001f6 <_reset_handler>:
100001f6:	481d      	ldr	r0, [pc, #116]	@ (1000026c <data_cpy_table+0x34>)
100001f8:	6800      	ldr	r0, [r0, #0]
100001fa:	2800      	cmp	r0, #0
100001fc:	d001      	beq.n	10000202 <hold_non_core0_in_bootrom+0x4>

100001fe <hold_non_core0_in_bootrom>:
100001fe:	4819      	ldr	r0, [pc, #100]	@ (10000264 <data_cpy_table+0x2c>)
10000200:	e7f3      	b.n	100001ea <_enter_vtable_in_r0>
10000202:	a40d      	add	r4, pc, #52	@ (adr r4, 10000238 <data_cpy_table>)
10000204:	cc0e      	ldmia	r4!, {r1, r2, r3}
10000206:	2900      	cmp	r1, #0
10000208:	d002      	beq.n	10000210 <hold_non_core0_in_bootrom+0x12>
1000020a:	f000 f812 	bl	10000232 <data_cpy>
1000020e:	e7f9      	b.n	10000204 <hold_non_core0_in_bootrom+0x6>
10000210:	4917      	ldr	r1, [pc, #92]	@ (10000270 <data_cpy_table+0x38>)
10000212:	4a18      	ldr	r2, [pc, #96]	@ (10000274 <data_cpy_table+0x3c>)
10000214:	2000      	movs	r0, #0
10000216:	e000      	b.n	1000021a <bss_fill_test>

10000218 <bss_fill_loop>:
10000218:	c101      	stmia	r1!, {r0}

1000021a <bss_fill_test>:
1000021a:	4291      	cmp	r1, r2
1000021c:	d1fc      	bne.n	10000218 <bss_fill_loop>

1000021e <platform_entry>:
1000021e:	4916      	ldr	r1, [pc, #88]	@ (10000278 <data_cpy_table+0x40>)
10000220:	4788      	blx	r1
10000222:	4916      	ldr	r1, [pc, #88]	@ (1000027c <data_cpy_table+0x44>)
10000224:	4788      	blx	r1
10000226:	4916      	ldr	r1, [pc, #88]	@ (10000280 <data_cpy_table+0x48>)
10000228:	4788      	blx	r1
1000022a:	be00      	bkpt	0x0000
1000022c:	e7fd      	b.n	1000022a <platform_entry+0xc>

1000022e <data_cpy_loop>:
1000022e:	c901      	ldmia	r1!, {r0}
10000230:	c201      	stmia	r2!, {r0}

10000232 <data_cpy>:
10000232:	429a      	cmp	r2, r3
10000234:	d3fb      	bcc.n	1000022e <data_cpy_loop>
10000236:	4770      	bx	lr

10000238 <data_cpy_table>:
10000238:	1000a424 	.word	0x1000a424
1000023c:	200000c0 	.word	0x200000c0
10000240:	200010b8 	.word	0x200010b8
10000244:	1000b41c 	.word	0x1000b41c
10000248:	20040000 	.word	0x20040000
1000024c:	20040000 	.word	0x20040000
10000250:	1000b41c 	.word	0x1000b41c
10000254:	20041000 	.word	0x20041000
10000258:	20041000 	.word	0x20041000
1000025c:	00000000 	.word	0x00000000
10000260:	4770      	bx	lr
10000262:	0000      	.short	0x0000
10000264:	00000000 	.word	0x00000000
10000268:	e000ed08 	.word	0xe000ed08
1000026c:	d0000000 	.word	0xd0000000
10000270:	200010b8 	.word	0x200010b8
10000274:	2002249c 	.word	0x2002249c
10000278:	10003a29 	.word	0x10003a29
1000027c:	100003fd 	.word	0x100003fd
10000280:	10003a21 	.word	0x10003a21

10000284 <_init>:
10000284:	b5f8      	push	{r3, r4, r5, r6, r7, lr}
10000286:	46c0      	nop			@ (mov r8, r8)

10000288 <register_tm_clones>:
10000288:	4806      	ldr	r0, [pc, #24]	@ (100002a4 <register_tm_clones+0x1c>)
1000028a:	4907      	ldr	r1, [pc, #28]	@ (100002a8 <register_tm_clones+0x20>)
1000028c:	1a09      	subs	r1, r1, r0
1000028e:	108b      	asrs	r3, r1, #2
10000290:	0fc9      	lsrs	r1, r1, #31
10000292:	18c9      	adds	r1, r1, r3
10000294:	b510      	push	{r4, lr}
10000296:	1049      	asrs	r1, r1, #1
10000298:	d003      	beq.n	100002a2 <register_tm_clones+0x1a>
1000029a:	4b04      	ldr	r3, [pc, #16]	@ (100002ac <register_tm_clones+0x24>)
1000029c:	2b00      	cmp	r3, #0
1000029e:	d000      	beq.n	100002a2 <register_tm_clones+0x1a>
100002a0:	4798      	blx	r3
100002a2:	bd10      	pop	{r4, pc}
100002a4:	200010b8 	.word	0x200010b8
100002a8:	200010b8 	.word	0x200010b8
100002ac:	00000000 	.word	0x00000000

100002b0 <frame_dummy>:
100002b0:	4b05      	ldr	r3, [pc, #20]	@ (100002c8 <frame_dummy+0x18>)
100002b2:	b510      	push	{r4, lr}
100002b4:	2b00      	cmp	r3, #0
100002b6:	d003      	beq.n	100002c0 <frame_dummy+0x10>
100002b8:	4904      	ldr	r1, [pc, #16]	@ (100002cc <frame_dummy+0x1c>)
100002ba:	4805      	ldr	r0, [pc, #20]	@ (100002d0 <frame_dummy+0x20>)
100002bc:	e000      	b.n	100002c0 <frame_dummy+0x10>
100002be:	bf00      	nop
100002c0:	f7ff ffe2 	bl	10000288 <register_tm_clones>
100002c4:	bd10      	pop	{r4, pc}
100002c6:	46c0      	nop			@ (mov r8, r8)
100002c8:	00000000 	.word	0x00000000
100002cc:	20001fa8 	.word	0x20001fa8
100002d0:	10009ab0 	.word	0x10009ab0

100002d4 <PIOx_IRQHandler>:
100002d4:	b510      	push	{r4, lr}
100002d6:	4802      	ldr	r0, [pc, #8]	@ (100002e0 <PIOx_IRQHandler+0xc>)
100002d8:	f008 fc0a 	bl	10008af0 <can2040_pio_irq_handler>
100002dc:	bd10      	pop	{r4, pc}
100002de:	46c0      	nop			@ (mov r8, r8)
100002e0:	20001a18 	.word	0x20001a18

100002e4 <CanTransmitTask>:
100002e4:	2301      	movs	r3, #1
100002e6:	b530      	push	{r4, r5, lr}
100002e8:	b085      	sub	sp, #20
100002ea:	9300      	str	r3, [sp, #0]
100002ec:	3307      	adds	r3, #7
100002ee:	9301      	str	r3, [sp, #4]
100002f0:	4b09      	ldr	r3, [pc, #36]	@ (10000318 <CanTransmitTask+0x34>)
100002f2:	466a      	mov	r2, sp
100002f4:	9302      	str	r3, [sp, #8]
100002f6:	236f      	movs	r3, #111	@ 0x6f
100002f8:	4c08      	ldr	r4, [pc, #32]	@ (1000031c <CanTransmitTask+0x38>)
100002fa:	4d09      	ldr	r5, [pc, #36]	@ (10000320 <CanTransmitTask+0x3c>)
100002fc:	7313      	strb	r3, [r2, #12]
100002fe:	4669      	mov	r1, sp
10000300:	0020      	movs	r0, r4
10000302:	f009 f8a9 	bl	10009458 <can2040_transmit>
10000306:	2800      	cmp	r0, #0
10000308:	da02      	bge.n	10000310 <CanTransmitTask+0x2c>
1000030a:	0028      	movs	r0, r5
1000030c:	f003 fd9c 	bl	10003e48 <__wrap_printf>
10000310:	2001      	movs	r0, #1
10000312:	f007 fca7 	bl	10007c64 <vTaskDelay>
10000316:	e7f2      	b.n	100002fe <CanTransmitTask+0x1a>
10000318:	6c6c6568 	.word	0x6c6c6568
1000031c:	20001a18 	.word	0x20001a18
10000320:	10009ab0 	.word	0x10009ab0

10000324 <CanReceiveTask>:
10000324:	4b15      	ldr	r3, [pc, #84]	@ (1000037c <CanReceiveTask+0x58>)
10000326:	b5f0      	push	{r4, r5, r6, r7, lr}
10000328:	4647      	mov	r7, r8
1000032a:	46ce      	mov	lr, r9
1000032c:	4699      	mov	r9, r3
1000032e:	2300      	movs	r3, #0
10000330:	b580      	push	{r7, lr}
10000332:	4698      	mov	r8, r3
10000334:	27ff      	movs	r7, #255	@ 0xff
10000336:	b089      	sub	sp, #36	@ 0x24
10000338:	4d11      	ldr	r5, [pc, #68]	@ (10000380 <CanReceiveTask+0x5c>)
1000033a:	ac04      	add	r4, sp, #16
1000033c:	2201      	movs	r2, #1
1000033e:	0021      	movs	r1, r4
10000340:	6828      	ldr	r0, [r5, #0]
10000342:	4252      	negs	r2, r2
10000344:	f007 f80c 	bl	10007360 <xQueueReceive>
10000348:	2801      	cmp	r0, #1
1000034a:	d1f7      	bne.n	1000033c <CanReceiveTask+0x18>
1000034c:	6866      	ldr	r6, [r4, #4]
1000034e:	b2f3      	uxtb	r3, r6
10000350:	2b00      	cmp	r3, #0
10000352:	d005      	beq.n	10000360 <CanReceiveTask+0x3c>
10000354:	003a      	movs	r2, r7
10000356:	a906      	add	r1, sp, #24
10000358:	4032      	ands	r2, r6
1000035a:	a801      	add	r0, sp, #4
1000035c:	f001 feda 	bl	10002114 <__wrap___aeabi_memcpy>
10000360:	003b      	movs	r3, r7
10000362:	466a      	mov	r2, sp
10000364:	4641      	mov	r1, r8
10000366:	4033      	ands	r3, r6
10000368:	3204      	adds	r2, #4
1000036a:	54d1      	strb	r1, [r2, r3]
1000036c:	4648      	mov	r0, r9
1000036e:	0013      	movs	r3, r2
10000370:	6821      	ldr	r1, [r4, #0]
10000372:	0032      	movs	r2, r6
10000374:	f003 fd68 	bl	10003e48 <__wrap_printf>
10000378:	e7e0      	b.n	1000033c <CanReceiveTask+0x18>
1000037a:	46c0      	nop			@ (mov r8, r8)
1000037c:	10009ad8 	.word	0x10009ad8
10000380:	20002274 	.word	0x20002274

10000384 <can2040_cb>:
10000384:	b510      	push	{r4, lr}
10000386:	0014      	movs	r4, r2
10000388:	02c9      	lsls	r1, r1, #11
1000038a:	d400      	bmi.n	1000038e <can2040_cb+0xa>
1000038c:	bd10      	pop	{r4, pc}
1000038e:	4b04      	ldr	r3, [pc, #16]	@ (100003a0 <can2040_cb+0x1c>)
10000390:	2200      	movs	r2, #0
10000392:	0021      	movs	r1, r4
10000394:	6818      	ldr	r0, [r3, #0]
10000396:	2300      	movs	r3, #0
10000398:	f006 ff3a 	bl	10007210 <xQueueGenericSendFromISR>
1000039c:	e7f6      	b.n	1000038c <can2040_cb+0x8>
1000039e:	46c0      	nop			@ (mov r8, r8)
100003a0:	20002274 	.word	0x20002274

100003a4 <canbus_setup>:
100003a4:	b510      	push	{r4, lr}
100003a6:	4c10      	ldr	r4, [pc, #64]	@ (100003e8 <canbus_setup+0x44>)
100003a8:	b082      	sub	sp, #8
100003aa:	0020      	movs	r0, r4
100003ac:	2100      	movs	r1, #0
100003ae:	f009 fa31 	bl	10009814 <can2040_setup>
100003b2:	0020      	movs	r0, r4
100003b4:	490d      	ldr	r1, [pc, #52]	@ (100003ec <canbus_setup+0x48>)
100003b6:	f009 fa45 	bl	10009844 <can2040_callback_config>
100003ba:	2007      	movs	r0, #7
100003bc:	490c      	ldr	r1, [pc, #48]	@ (100003f0 <canbus_setup+0x4c>)
100003be:	f000 f953 	bl	10000668 <irq_set_exclusive_handler>
100003c2:	217f      	movs	r1, #127	@ 0x7f
100003c4:	2007      	movs	r0, #7
100003c6:	f000 fa73 	bl	100008b0 <irq_set_priority>
100003ca:	2101      	movs	r1, #1
100003cc:	2007      	movs	r0, #7
100003ce:	f000 f913 	bl	100005f8 <irq_set_enabled>
100003d2:	2305      	movs	r3, #5
100003d4:	0020      	movs	r0, r4
100003d6:	9300      	str	r3, [sp, #0]
100003d8:	4a06      	ldr	r2, [pc, #24]	@ (100003f4 <canbus_setup+0x50>)
100003da:	4907      	ldr	r1, [pc, #28]	@ (100003f8 <canbus_setup+0x54>)
100003dc:	3b01      	subs	r3, #1
100003de:	f009 fa33 	bl	10009848 <can2040_start>
100003e2:	b002      	add	sp, #8
100003e4:	bd10      	pop	{r4, pc}
100003e6:	46c0      	nop			@ (mov r8, r8)
100003e8:	20001a18 	.word	0x20001a18
100003ec:	10000385 	.word	0x10000385
100003f0:	100002d5 	.word	0x100002d5
100003f4:	0007a120 	.word	0x0007a120
100003f8:	07735940 	.word	0x07735940

100003fc <main>:
100003fc:	b530      	push	{r4, r5, lr}
100003fe:	b083      	sub	sp, #12
10000400:	f003 fc50 	bl	10003ca4 <stdio_init_all>
10000404:	4812      	ldr	r0, [pc, #72]	@ (10000450 <main+0x54>)
10000406:	f000 fe2b 	bl	10001060 <sleep_ms>
1000040a:	2200      	movs	r2, #0
1000040c:	2110      	movs	r1, #16
1000040e:	2040      	movs	r0, #64	@ 0x40
10000410:	f006 feac 	bl	1000716c <xQueueGenericCreate>
10000414:	4b0f      	ldr	r3, [pc, #60]	@ (10000454 <main+0x58>)
10000416:	2500      	movs	r5, #0
10000418:	2401      	movs	r4, #1
1000041a:	6018      	str	r0, [r3, #0]
1000041c:	f7ff ffc2 	bl	100003a4 <canbus_setup>
10000420:	2280      	movs	r2, #128	@ 0x80
10000422:	2300      	movs	r3, #0
10000424:	490c      	ldr	r1, [pc, #48]	@ (10000458 <main+0x5c>)
10000426:	9501      	str	r5, [sp, #4]
10000428:	9400      	str	r4, [sp, #0]
1000042a:	0092      	lsls	r2, r2, #2
1000042c:	480b      	ldr	r0, [pc, #44]	@ (1000045c <main+0x60>)
1000042e:	f007 faff 	bl	10007a30 <xTaskCreate>
10000432:	2280      	movs	r2, #128	@ 0x80
10000434:	2300      	movs	r3, #0
10000436:	490a      	ldr	r1, [pc, #40]	@ (10000460 <main+0x64>)
10000438:	0092      	lsls	r2, r2, #2
1000043a:	9501      	str	r5, [sp, #4]
1000043c:	9400      	str	r4, [sp, #0]
1000043e:	4809      	ldr	r0, [pc, #36]	@ (10000464 <main+0x68>)
10000440:	f007 faf6 	bl	10007a30 <xTaskCreate>
10000444:	f007 fb06 	bl	10007a54 <vTaskStartScheduler>
10000448:	2000      	movs	r0, #0
1000044a:	b003      	add	sp, #12
1000044c:	bd30      	pop	{r4, r5, pc}
1000044e:	46c0      	nop			@ (mov r8, r8)
10000450:	00001388 	.word	0x00001388
10000454:	20002274 	.word	0x20002274
10000458:	10009af8 	.word	0x10009af8
1000045c:	10000325 	.word	0x10000325
10000460:	10009b08 	.word	0x10009b08
10000464:	100002e5 	.word	0x100002e5

10000468 <rp2040_chip_version>:
10000468:	2380      	movs	r3, #128	@ 0x80
1000046a:	05db      	lsls	r3, r3, #23
1000046c:	6818      	ldr	r0, [r3, #0]
1000046e:	0f00      	lsrs	r0, r0, #28
10000470:	4770      	bx	lr
10000472:	46c0      	nop			@ (mov r8, r8)

10000474 <panic>:
10000474:	b40f      	push	{r0, r1, r2, r3}
10000476:	b500      	push	{lr}
10000478:	4808      	ldr	r0, [pc, #32]	@ (1000049c <panic+0x28>)
1000047a:	b083      	sub	sp, #12
1000047c:	f003 fc60 	bl	10003d40 <__wrap_puts>
10000480:	9b04      	ldr	r3, [sp, #16]
10000482:	2b00      	cmp	r3, #0
10000484:	d007      	beq.n	10000496 <panic+0x22>
10000486:	a905      	add	r1, sp, #20
10000488:	0018      	movs	r0, r3
1000048a:	9101      	str	r1, [sp, #4]
1000048c:	f003 faaa 	bl	100039e4 <weak_raw_vprintf>
10000490:	4803      	ldr	r0, [pc, #12]	@ (100004a0 <panic+0x2c>)
10000492:	f003 fc55 	bl	10003d40 <__wrap_puts>
10000496:	2001      	movs	r0, #1
10000498:	f003 fabc 	bl	10003a14 <_exit>
1000049c:	10009b18 	.word	0x10009b18
100004a0:	10009af4 	.word	0x10009af4

100004a4 <panic_unsupported>:
100004a4:	b510      	push	{r4, lr}
100004a6:	4801      	ldr	r0, [pc, #4]	@ (100004ac <panic_unsupported+0x8>)
100004a8:	f7ff ffe4 	bl	10000474 <panic>
100004ac:	10009b28 	.word	0x10009b28

100004b0 <hw_claim_or_assert>:
100004b0:	b570      	push	{r4, r5, r6, lr}
100004b2:	f3ef 8c10 	mrs	ip, PRIMASK
100004b6:	b672      	cpsid	i
100004b8:	4d0d      	ldr	r5, [pc, #52]	@ (100004f0 <hw_claim_or_assert+0x40>)
100004ba:	682b      	ldr	r3, [r5, #0]
100004bc:	2b00      	cmp	r3, #0
100004be:	d0fc      	beq.n	100004ba <hw_claim_or_assert+0xa>
100004c0:	f3bf 8f5f 	dmb	sy
100004c4:	2407      	movs	r4, #7
100004c6:	08cb      	lsrs	r3, r1, #3
100004c8:	18c6      	adds	r6, r0, r3
100004ca:	5cc0      	ldrb	r0, [r0, r3]
100004cc:	2301      	movs	r3, #1
100004ce:	400c      	ands	r4, r1
100004d0:	40a3      	lsls	r3, r4
100004d2:	001c      	movs	r4, r3
100004d4:	4004      	ands	r4, r0
100004d6:	4203      	tst	r3, r0
100004d8:	d107      	bne.n	100004ea <hw_claim_or_assert+0x3a>
100004da:	4318      	orrs	r0, r3
100004dc:	7030      	strb	r0, [r6, #0]
100004de:	f3bf 8f5f 	dmb	sy
100004e2:	602c      	str	r4, [r5, #0]
100004e4:	f38c 8810 	msr	PRIMASK, ip
100004e8:	bd70      	pop	{r4, r5, r6, pc}
100004ea:	0010      	movs	r0, r2
100004ec:	f7ff ffc2 	bl	10000474 <panic>
100004f0:	d000012c 	.word	0xd000012c

100004f4 <hw_claim_unused_from_range>:
100004f4:	b5f8      	push	{r3, r4, r5, r6, r7, lr}
100004f6:	4647      	mov	r7, r8
100004f8:	46ce      	mov	lr, r9
100004fa:	4688      	mov	r8, r1
100004fc:	b580      	push	{r7, lr}
100004fe:	f3ef 8c10 	mrs	ip, PRIMASK
10000502:	b672      	cpsid	i
10000504:	4d1c      	ldr	r5, [pc, #112]	@ (10000578 <hw_claim_unused_from_range+0x84>)
10000506:	682c      	ldr	r4, [r5, #0]
10000508:	2c00      	cmp	r4, #0
1000050a:	d0fc      	beq.n	10000506 <hw_claim_unused_from_range+0x12>
1000050c:	f3bf 8f5f 	dmb	sy
10000510:	429a      	cmp	r2, r3
10000512:	d822      	bhi.n	1000055a <hw_claim_unused_from_range+0x66>
10000514:	2107      	movs	r1, #7
10000516:	2601      	movs	r6, #1
10000518:	4689      	mov	r9, r1
1000051a:	e002      	b.n	10000522 <hw_claim_unused_from_range+0x2e>
1000051c:	3201      	adds	r2, #1
1000051e:	4293      	cmp	r3, r2
10000520:	d318      	bcc.n	10000554 <hw_claim_unused_from_range+0x60>
10000522:	464d      	mov	r5, r9
10000524:	0037      	movs	r7, r6
10000526:	4015      	ands	r5, r2
10000528:	40af      	lsls	r7, r5
1000052a:	08d4      	lsrs	r4, r2, #3
1000052c:	1901      	adds	r1, r0, r4
1000052e:	5d04      	ldrb	r4, [r0, r4]
10000530:	4227      	tst	r7, r4
10000532:	d1f3      	bne.n	1000051c <hw_claim_unused_from_range+0x28>
10000534:	0010      	movs	r0, r2
10000536:	433c      	orrs	r4, r7
10000538:	700c      	strb	r4, [r1, #0]
1000053a:	f3bf 8f5f 	dmb	sy
1000053e:	2200      	movs	r2, #0
10000540:	4b0d      	ldr	r3, [pc, #52]	@ (10000578 <hw_claim_unused_from_range+0x84>)
10000542:	601a      	str	r2, [r3, #0]
10000544:	f38c 8810 	msr	PRIMASK, ip
10000548:	2800      	cmp	r0, #0
1000054a:	db0e      	blt.n	1000056a <hw_claim_unused_from_range+0x76>
1000054c:	bcc0      	pop	{r6, r7}
1000054e:	46b9      	mov	r9, r7
10000550:	46b0      	mov	r8, r6
10000552:	bdf8      	pop	{r3, r4, r5, r6, r7, pc}
10000554:	2001      	movs	r0, #1
10000556:	4240      	negs	r0, r0
10000558:	e7ef      	b.n	1000053a <hw_claim_unused_from_range+0x46>
1000055a:	f3bf 8f5f 	dmb	sy
1000055e:	2300      	movs	r3, #0
10000560:	602b      	str	r3, [r5, #0]
10000562:	f38c 8810 	msr	PRIMASK, ip
10000566:	2001      	movs	r0, #1
10000568:	4240      	negs	r0, r0
1000056a:	4643      	mov	r3, r8
1000056c:	2b00      	cmp	r3, #0
1000056e:	d0ed      	beq.n	1000054c <hw_claim_unused_from_range+0x58>
10000570:	9808      	ldr	r0, [sp, #32]
10000572:	f7ff ff7f 	bl	10000474 <panic>
10000576:	46c0      	nop			@ (mov r8, r8)
10000578:	d000012c 	.word	0xd000012c

1000057c <next_striped_spin_lock_num>:
1000057c:	4a04      	ldr	r2, [pc, #16]	@ (10000590 <next_striped_spin_lock_num+0x14>)
1000057e:	7810      	ldrb	r0, [r2, #0]
10000580:	1c43      	adds	r3, r0, #1
10000582:	b2db      	uxtb	r3, r3
10000584:	2b17      	cmp	r3, #23
10000586:	d900      	bls.n	1000058a <next_striped_spin_lock_num+0xe>
10000588:	2310      	movs	r3, #16
1000058a:	7013      	strb	r3, [r2, #0]
1000058c:	4770      	bx	lr
1000058e:	46c0      	nop			@ (mov r8, r8)
10000590:	20000fe8 	.word	0x20000fe8

10000594 <spin_lock_claim_unused>:
10000594:	b510      	push	{r4, lr}
10000596:	4b06      	ldr	r3, [pc, #24]	@ (100005b0 <spin_lock_claim_unused+0x1c>)
10000598:	4c06      	ldr	r4, [pc, #24]	@ (100005b4 <spin_lock_claim_unused+0x20>)
1000059a:	b082      	sub	sp, #8
1000059c:	0001      	movs	r1, r0
1000059e:	9300      	str	r3, [sp, #0]
100005a0:	2218      	movs	r2, #24
100005a2:	231f      	movs	r3, #31
100005a4:	0020      	movs	r0, r4
100005a6:	f7ff ffa5 	bl	100004f4 <hw_claim_unused_from_range>
100005aa:	b002      	add	sp, #8
100005ac:	bd10      	pop	{r4, pc}
100005ae:	46c0      	nop			@ (mov r8, r8)
100005b0:	10009b38 	.word	0x10009b38
100005b4:	20001b38 	.word	0x20001b38

100005b8 <spin_locks_reset>:
100005b8:	2100      	movs	r1, #0
100005ba:	4b04      	ldr	r3, [pc, #16]	@ (100005cc <spin_locks_reset+0x14>)
100005bc:	4a04      	ldr	r2, [pc, #16]	@ (100005d0 <spin_locks_reset+0x18>)
100005be:	f3bf 8f5f 	dmb	sy
100005c2:	c302      	stmia	r3!, {r1}
100005c4:	4293      	cmp	r3, r2
100005c6:	d1fa      	bne.n	100005be <spin_locks_reset+0x6>
100005c8:	4770      	bx	lr
100005ca:	46c0      	nop			@ (mov r8, r8)
100005cc:	d0000100 	.word	0xd0000100
100005d0:	d0000180 	.word	0xd0000180

100005d4 <runtime_init_per_core_irq_priorities>:
100005d4:	4b05      	ldr	r3, [pc, #20]	@ (100005ec <runtime_init_per_core_irq_priorities+0x18>)
100005d6:	4a06      	ldr	r2, [pc, #24]	@ (100005f0 <runtime_init_per_core_irq_priorities+0x1c>)
100005d8:	6013      	str	r3, [r2, #0]
100005da:	4a06      	ldr	r2, [pc, #24]	@ (100005f4 <runtime_init_per_core_irq_priorities+0x20>)
100005dc:	6013      	str	r3, [r2, #0]
100005de:	6053      	str	r3, [r2, #4]
100005e0:	6093      	str	r3, [r2, #8]
100005e2:	60d3      	str	r3, [r2, #12]
100005e4:	6113      	str	r3, [r2, #16]
100005e6:	6153      	str	r3, [r2, #20]
100005e8:	6193      	str	r3, [r2, #24]
100005ea:	4770      	bx	lr
100005ec:	80808080 	.word	0x80808080
100005f0:	e000e400 	.word	0xe000e400
100005f4:	e000e404 	.word	0xe000e404

100005f8 <irq_set_enabled>:
100005f8:	231f      	movs	r3, #31
100005fa:	4018      	ands	r0, r3
100005fc:	3b1e      	subs	r3, #30
100005fe:	4083      	lsls	r3, r0
10000600:	2900      	cmp	r1, #0
10000602:	d005      	beq.n	10000610 <irq_set_enabled+0x18>
10000604:	21c0      	movs	r1, #192	@ 0xc0
10000606:	4a04      	ldr	r2, [pc, #16]	@ (10000618 <irq_set_enabled+0x20>)
10000608:	0049      	lsls	r1, r1, #1
1000060a:	5053      	str	r3, [r2, r1]
1000060c:	6013      	str	r3, [r2, #0]
1000060e:	4770      	bx	lr
10000610:	2280      	movs	r2, #128	@ 0x80
10000612:	4901      	ldr	r1, [pc, #4]	@ (10000618 <irq_set_enabled+0x20>)
10000614:	508b      	str	r3, [r1, r2]
10000616:	e7fa      	b.n	1000060e <irq_set_enabled+0x16>
10000618:	e000e100 	.word	0xe000e100

1000061c <irq_is_enabled>:
1000061c:	2201      	movs	r2, #1
1000061e:	4082      	lsls	r2, r0
10000620:	4b03      	ldr	r3, [pc, #12]	@ (10000630 <irq_is_enabled+0x14>)
10000622:	681b      	ldr	r3, [r3, #0]
10000624:	4013      	ands	r3, r2
10000626:	1e5a      	subs	r2, r3, #1
10000628:	4193      	sbcs	r3, r2
1000062a:	b2d8      	uxtb	r0, r3
1000062c:	4770      	bx	lr
1000062e:	46c0      	nop			@ (mov r8, r8)
10000630:	e000e100 	.word	0xe000e100

10000634 <irq_set_pending>:
10000634:	2301      	movs	r3, #1
10000636:	4083      	lsls	r3, r0
10000638:	4a01      	ldr	r2, [pc, #4]	@ (10000640 <irq_set_pending+0xc>)
1000063a:	6013      	str	r3, [r2, #0]
1000063c:	4770      	bx	lr
1000063e:	46c0      	nop			@ (mov r8, r8)
10000640:	e000e200 	.word	0xe000e200

10000644 <irq_has_shared_handler>:
10000644:	4b06      	ldr	r3, [pc, #24]	@ (10000660 <irq_has_shared_handler+0x1c>)
10000646:	3010      	adds	r0, #16
10000648:	689b      	ldr	r3, [r3, #8]
1000064a:	0080      	lsls	r0, r0, #2
1000064c:	58c3      	ldr	r3, [r0, r3]
1000064e:	4a05      	ldr	r2, [pc, #20]	@ (10000664 <irq_has_shared_handler+0x20>)
10000650:	2000      	movs	r0, #0
10000652:	1a9b      	subs	r3, r3, r2
10000654:	222f      	movs	r2, #47	@ 0x2f
10000656:	429a      	cmp	r2, r3
10000658:	4140      	adcs	r0, r0
1000065a:	b2c0      	uxtb	r0, r0
1000065c:	4770      	bx	lr
1000065e:	46c0      	nop			@ (mov r8, r8)
10000660:	e000ed00 	.word	0xe000ed00
10000664:	20000fec 	.word	0x20000fec

10000668 <irq_set_exclusive_handler>:
10000668:	b570      	push	{r4, r5, r6, lr}
1000066a:	000d      	movs	r5, r1
1000066c:	f3ef 8610 	mrs	r6, PRIMASK
10000670:	b672      	cpsid	i
10000672:	4a0f      	ldr	r2, [pc, #60]	@ (100006b0 <irq_set_exclusive_handler+0x48>)
10000674:	6813      	ldr	r3, [r2, #0]
10000676:	2b00      	cmp	r3, #0
10000678:	d0fc      	beq.n	10000674 <irq_set_exclusive_handler+0xc>
1000067a:	f3bf 8f5f 	dmb	sy
1000067e:	4b0d      	ldr	r3, [pc, #52]	@ (100006b4 <irq_set_exclusive_handler+0x4c>)
10000680:	3010      	adds	r0, #16
10000682:	689b      	ldr	r3, [r3, #8]
10000684:	0084      	lsls	r4, r0, #2
10000686:	591b      	ldr	r3, [r3, r4]
10000688:	4a0b      	ldr	r2, [pc, #44]	@ (100006b8 <irq_set_exclusive_handler+0x50>)
1000068a:	4293      	cmp	r3, r2
1000068c:	d003      	beq.n	10000696 <irq_set_exclusive_handler+0x2e>
1000068e:	429d      	cmp	r5, r3
10000690:	d001      	beq.n	10000696 <irq_set_exclusive_handler+0x2e>
10000692:	f001 f817 	bl	100016c4 <hard_assertion_failure>
10000696:	4b07      	ldr	r3, [pc, #28]	@ (100006b4 <irq_set_exclusive_handler+0x4c>)
10000698:	689b      	ldr	r3, [r3, #8]
1000069a:	511d      	str	r5, [r3, r4]
1000069c:	f3bf 8f5f 	dmb	sy
100006a0:	f3bf 8f5f 	dmb	sy
100006a4:	2200      	movs	r2, #0
100006a6:	4b02      	ldr	r3, [pc, #8]	@ (100006b0 <irq_set_exclusive_handler+0x48>)
100006a8:	601a      	str	r2, [r3, #0]
100006aa:	f386 8810 	msr	PRIMASK, r6
100006ae:	bd70      	pop	{r4, r5, r6, pc}
100006b0:	d0000124 	.word	0xd0000124
100006b4:	e000ed00 	.word	0xe000ed00
100006b8:	100001c1 	.word	0x100001c1

100006bc <irq_add_shared_handler>:
100006bc:	b5f0      	push	{r4, r5, r6, r7, lr}
100006be:	4657      	mov	r7, sl
100006c0:	464e      	mov	r6, r9
100006c2:	46de      	mov	lr, fp
100006c4:	4645      	mov	r5, r8
100006c6:	b5e0      	push	{r5, r6, r7, lr}
100006c8:	b085      	sub	sp, #20
100006ca:	0006      	movs	r6, r0
100006cc:	9100      	str	r1, [sp, #0]
100006ce:	0017      	movs	r7, r2
100006d0:	f3ef 8b10 	mrs	fp, PRIMASK
100006d4:	b672      	cpsid	i
100006d6:	4a6a      	ldr	r2, [pc, #424]	@ (10000880 <irq_add_shared_handler+0x1c4>)
100006d8:	6813      	ldr	r3, [r2, #0]
100006da:	2b00      	cmp	r3, #0
100006dc:	d0fc      	beq.n	100006d8 <irq_add_shared_handler+0x1c>
100006de:	f3bf 8f5f 	dmb	sy
100006e2:	2500      	movs	r5, #0
100006e4:	4b67      	ldr	r3, [pc, #412]	@ (10000884 <irq_add_shared_handler+0x1c8>)
100006e6:	575d      	ldrsb	r5, [r3, r5]
100006e8:	469a      	mov	sl, r3
100006ea:	2d00      	cmp	r5, #0
100006ec:	da00      	bge.n	100006f0 <irq_add_shared_handler+0x34>
100006ee:	e0a9      	b.n	10000844 <irq_add_shared_handler+0x188>
100006f0:	006b      	lsls	r3, r5, #1
100006f2:	4c65      	ldr	r4, [pc, #404]	@ (10000888 <irq_add_shared_handler+0x1cc>)
100006f4:	9301      	str	r3, [sp, #4]
100006f6:	195b      	adds	r3, r3, r5
100006f8:	009b      	lsls	r3, r3, #2
100006fa:	4698      	mov	r8, r3
100006fc:	46a1      	mov	r9, r4
100006fe:	44c1      	add	r9, r8
10000700:	464b      	mov	r3, r9
10000702:	4652      	mov	r2, sl
10000704:	799b      	ldrb	r3, [r3, #6]
10000706:	3610      	adds	r6, #16
10000708:	7013      	strb	r3, [r2, #0]
1000070a:	4b60      	ldr	r3, [pc, #384]	@ (1000088c <irq_add_shared_handler+0x1d0>)
1000070c:	00b6      	lsls	r6, r6, #2
1000070e:	689b      	ldr	r3, [r3, #8]
10000710:	5999      	ldr	r1, [r3, r6]
10000712:	1b0b      	subs	r3, r1, r4
10000714:	2b2f      	cmp	r3, #47	@ 0x2f
10000716:	d933      	bls.n	10000780 <irq_add_shared_handler+0xc4>
10000718:	4b5d      	ldr	r3, [pc, #372]	@ (10000890 <irq_add_shared_handler+0x1d4>)
1000071a:	4299      	cmp	r1, r3
1000071c:	d000      	beq.n	10000720 <irq_add_shared_handler+0x64>
1000071e:	e0ac      	b.n	1000087a <irq_add_shared_handler+0x1be>
10000720:	9b01      	ldr	r3, [sp, #4]
10000722:	4642      	mov	r2, r8
10000724:	469c      	mov	ip, r3
10000726:	4b5b      	ldr	r3, [pc, #364]	@ (10000894 <irq_add_shared_handler+0x1d8>)
10000728:	4465      	add	r5, ip
1000072a:	00ad      	lsls	r5, r5, #2
1000072c:	5363      	strh	r3, [r4, r5]
1000072e:	4b5a      	ldr	r3, [pc, #360]	@ (10000898 <irq_add_shared_handler+0x1dc>)
10000730:	3202      	adds	r2, #2
10000732:	18a2      	adds	r2, r4, r2
10000734:	3b04      	subs	r3, #4
10000736:	1a9b      	subs	r3, r3, r2
10000738:	051b      	lsls	r3, r3, #20
1000073a:	4a58      	ldr	r2, [pc, #352]	@ (1000089c <irq_add_shared_handler+0x1e0>)
1000073c:	0d5b      	lsrs	r3, r3, #21
1000073e:	1965      	adds	r5, r4, r5
10000740:	4313      	orrs	r3, r2
10000742:	806b      	strh	r3, [r5, #2]
10000744:	4b56      	ldr	r3, [pc, #344]	@ (100008a0 <irq_add_shared_handler+0x1e4>)
10000746:	2101      	movs	r1, #1
10000748:	80ab      	strh	r3, [r5, #4]
1000074a:	23ff      	movs	r3, #255	@ 0xff
1000074c:	71ab      	strb	r3, [r5, #6]
1000074e:	9b00      	ldr	r3, [sp, #0]
10000750:	71ef      	strb	r7, [r5, #7]
10000752:	60ab      	str	r3, [r5, #8]
10000754:	464b      	mov	r3, r9
10000756:	430b      	orrs	r3, r1
10000758:	0019      	movs	r1, r3
1000075a:	4b4c      	ldr	r3, [pc, #304]	@ (1000088c <irq_add_shared_handler+0x1d0>)
1000075c:	689b      	ldr	r3, [r3, #8]
1000075e:	5199      	str	r1, [r3, r6]
10000760:	f3bf 8f5f 	dmb	sy
10000764:	f3bf 8f5f 	dmb	sy
10000768:	2200      	movs	r2, #0
1000076a:	4b45      	ldr	r3, [pc, #276]	@ (10000880 <irq_add_shared_handler+0x1c4>)
1000076c:	601a      	str	r2, [r3, #0]
1000076e:	f38b 8810 	msr	PRIMASK, fp
10000772:	b005      	add	sp, #20
10000774:	bcf0      	pop	{r4, r5, r6, r7}
10000776:	46bb      	mov	fp, r7
10000778:	46b2      	mov	sl, r6
1000077a:	46a9      	mov	r9, r5
1000077c:	46a0      	mov	r8, r4
1000077e:	bdf0      	pop	{r4, r5, r6, r7, pc}
10000780:	2001      	movs	r0, #1
10000782:	000a      	movs	r2, r1
10000784:	4382      	bics	r2, r0
10000786:	79d3      	ldrb	r3, [r2, #7]
10000788:	468c      	mov	ip, r1
1000078a:	42bb      	cmp	r3, r7
1000078c:	d831      	bhi.n	100007f2 <irq_add_shared_handler+0x136>
1000078e:	4645      	mov	r5, r8
10000790:	0013      	movs	r3, r2
10000792:	4944      	ldr	r1, [pc, #272]	@ (100008a4 <irq_add_shared_handler+0x1e8>)
10000794:	1b1b      	subs	r3, r3, r4
10000796:	415b      	adcs	r3, r3
10000798:	4359      	muls	r1, r3
1000079a:	0d09      	lsrs	r1, r1, #20
1000079c:	4b3d      	ldr	r3, [pc, #244]	@ (10000894 <irq_add_shared_handler+0x1d8>)
1000079e:	5363      	strh	r3, [r4, r5]
100007a0:	4b3d      	ldr	r3, [pc, #244]	@ (10000898 <irq_add_shared_handler+0x1dc>)
100007a2:	3502      	adds	r5, #2
100007a4:	1965      	adds	r5, r4, r5
100007a6:	3b04      	subs	r3, #4
100007a8:	1b5b      	subs	r3, r3, r5
100007aa:	051b      	lsls	r3, r3, #20
100007ac:	4d3b      	ldr	r5, [pc, #236]	@ (1000089c <irq_add_shared_handler+0x1e0>)
100007ae:	0d5b      	lsrs	r3, r3, #21
100007b0:	432b      	orrs	r3, r5
100007b2:	46aa      	mov	sl, r5
100007b4:	464d      	mov	r5, r9
100007b6:	806b      	strh	r3, [r5, #2]
100007b8:	2504      	movs	r5, #4
100007ba:	46ac      	mov	ip, r5
100007bc:	4655      	mov	r5, sl
100007be:	44e0      	add	r8, ip
100007c0:	1f13      	subs	r3, r2, #4
100007c2:	4444      	add	r4, r8
100007c4:	1b1b      	subs	r3, r3, r4
100007c6:	051b      	lsls	r3, r3, #20
100007c8:	0d5b      	lsrs	r3, r3, #21
100007ca:	431d      	orrs	r5, r3
100007cc:	464b      	mov	r3, r9
100007ce:	7199      	strb	r1, [r3, #6]
100007d0:	9900      	ldr	r1, [sp, #0]
100007d2:	809d      	strh	r5, [r3, #4]
100007d4:	6099      	str	r1, [r3, #8]
100007d6:	4649      	mov	r1, r9
100007d8:	71df      	strb	r7, [r3, #7]
100007da:	4b33      	ldr	r3, [pc, #204]	@ (100008a8 <irq_add_shared_handler+0x1ec>)
100007dc:	4301      	orrs	r1, r0
100007de:	6013      	str	r3, [r2, #0]
100007e0:	e7bb      	b.n	1000075a <irq_add_shared_handler+0x9e>
100007e2:	0058      	lsls	r0, r3, #1
100007e4:	18c0      	adds	r0, r0, r3
100007e6:	0080      	lsls	r0, r0, #2
100007e8:	1820      	adds	r0, r4, r0
100007ea:	79c1      	ldrb	r1, [r0, #7]
100007ec:	42b9      	cmp	r1, r7
100007ee:	d92f      	bls.n	10000850 <irq_add_shared_handler+0x194>
100007f0:	0002      	movs	r2, r0
100007f2:	2306      	movs	r3, #6
100007f4:	56d3      	ldrsb	r3, [r2, r3]
100007f6:	2b00      	cmp	r3, #0
100007f8:	daf3      	bge.n	100007e2 <irq_add_shared_handler+0x126>
100007fa:	9302      	str	r3, [sp, #8]
100007fc:	4b2b      	ldr	r3, [pc, #172]	@ (100008ac <irq_add_shared_handler+0x1f0>)
100007fe:	4661      	mov	r1, ip
10000800:	9303      	str	r3, [sp, #12]
10000802:	1d13      	adds	r3, r2, #4
10000804:	469a      	mov	sl, r3
10000806:	2304      	movs	r3, #4
10000808:	425b      	negs	r3, r3
1000080a:	469c      	mov	ip, r3
1000080c:	44e1      	add	r9, ip
1000080e:	4650      	mov	r0, sl
10000810:	464b      	mov	r3, r9
10000812:	1a1b      	subs	r3, r3, r0
10000814:	051b      	lsls	r3, r3, #20
10000816:	0d5b      	lsrs	r3, r3, #21
10000818:	469c      	mov	ip, r3
1000081a:	4b20      	ldr	r3, [pc, #128]	@ (1000089c <irq_add_shared_handler+0x1e0>)
1000081c:	7195      	strb	r5, [r2, #6]
1000081e:	4698      	mov	r8, r3
10000820:	4663      	mov	r3, ip
10000822:	4640      	mov	r0, r8
10000824:	4303      	orrs	r3, r0
10000826:	8093      	strh	r3, [r2, #4]
10000828:	9b01      	ldr	r3, [sp, #4]
1000082a:	195a      	adds	r2, r3, r5
1000082c:	0092      	lsls	r2, r2, #2
1000082e:	9b03      	ldr	r3, [sp, #12]
10000830:	18a4      	adds	r4, r4, r2
10000832:	80a3      	strh	r3, [r4, #4]
10000834:	9b02      	ldr	r3, [sp, #8]
10000836:	4a1c      	ldr	r2, [pc, #112]	@ (100008a8 <irq_add_shared_handler+0x1ec>)
10000838:	71a3      	strb	r3, [r4, #6]
1000083a:	9b00      	ldr	r3, [sp, #0]
1000083c:	6022      	str	r2, [r4, #0]
1000083e:	71e7      	strb	r7, [r4, #7]
10000840:	60a3      	str	r3, [r4, #8]
10000842:	e78a      	b.n	1000075a <irq_add_shared_handler+0x9e>
10000844:	f000 ff3e 	bl	100016c4 <hard_assertion_failure>
10000848:	2500      	movs	r5, #0
1000084a:	4653      	mov	r3, sl
1000084c:	575d      	ldrsb	r5, [r3, r5]
1000084e:	e74f      	b.n	100006f0 <irq_add_shared_handler+0x34>
10000850:	8890      	ldrh	r0, [r2, #4]
10000852:	9302      	str	r3, [sp, #8]
10000854:	0540      	lsls	r0, r0, #21
10000856:	1d13      	adds	r3, r2, #4
10000858:	469a      	mov	sl, r3
1000085a:	1503      	asrs	r3, r0, #20
1000085c:	4661      	mov	r1, ip
1000085e:	469c      	mov	ip, r3
10000860:	4640      	mov	r0, r8
10000862:	44d4      	add	ip, sl
10000864:	4663      	mov	r3, ip
10000866:	3004      	adds	r0, #4
10000868:	1820      	adds	r0, r4, r0
1000086a:	1a18      	subs	r0, r3, r0
1000086c:	23e0      	movs	r3, #224	@ 0xe0
1000086e:	0500      	lsls	r0, r0, #20
10000870:	0d40      	lsrs	r0, r0, #21
10000872:	021b      	lsls	r3, r3, #8
10000874:	4318      	orrs	r0, r3
10000876:	9003      	str	r0, [sp, #12]
10000878:	e7c5      	b.n	10000806 <irq_add_shared_handler+0x14a>
1000087a:	f000 ff23 	bl	100016c4 <hard_assertion_failure>
1000087e:	e74f      	b.n	10000720 <irq_add_shared_handler+0x64>
10000880:	d0000124 	.word	0xd0000124
10000884:	20022494 	.word	0x20022494
10000888:	20000fec 	.word	0x20000fec
1000088c:	e000ed00 	.word	0xe000ed00
10000890:	100001c1 	.word	0x100001c1
10000894:	ffffa100 	.word	0xffffa100
10000898:	2000101c 	.word	0x2000101c
1000089c:	ffffe000 	.word	0xffffe000
100008a0:	ffffbd01 	.word	0xffffbd01
100008a4:	0000aaaa 	.word	0x0000aaaa
100008a8:	47804801 	.word	0x47804801
100008ac:	0000bd01 	.word	0x0000bd01

100008b0 <irq_set_priority>:
100008b0:	b510      	push	{r4, lr}
100008b2:	0883      	lsrs	r3, r0, #2
100008b4:	0004      	movs	r4, r0
100008b6:	2003      	movs	r0, #3
100008b8:	4020      	ands	r0, r4
100008ba:	24ff      	movs	r4, #255	@ 0xff
100008bc:	4a05      	ldr	r2, [pc, #20]	@ (100008d4 <irq_set_priority+0x24>)
100008be:	00c0      	lsls	r0, r0, #3
100008c0:	4694      	mov	ip, r2
100008c2:	4084      	lsls	r4, r0
100008c4:	4081      	lsls	r1, r0
100008c6:	009b      	lsls	r3, r3, #2
100008c8:	4463      	add	r3, ip
100008ca:	681a      	ldr	r2, [r3, #0]
100008cc:	43a2      	bics	r2, r4
100008ce:	430a      	orrs	r2, r1
100008d0:	601a      	str	r2, [r3, #0]
100008d2:	bd10      	pop	{r4, pc}
100008d4:	e000e400 	.word	0xe000e400

100008d8 <irq_add_tail_to_free_list>:
100008d8:	b570      	push	{r4, r5, r6, lr}
100008da:	2401      	movs	r4, #1
100008dc:	4304      	orrs	r4, r0
100008de:	f3ef 8105 	mrs	r1, IPSR
100008e2:	f3ef 8c10 	mrs	ip, PRIMASK
100008e6:	b672      	cpsid	i
100008e8:	4a21      	ldr	r2, [pc, #132]	@ (10000970 <irq_add_tail_to_free_list+0x98>)
100008ea:	6813      	ldr	r3, [r2, #0]
100008ec:	2b00      	cmp	r3, #0
100008ee:	d0fc      	beq.n	100008ea <irq_add_tail_to_free_list+0x12>
100008f0:	f3bf 8f5f 	dmb	sy
100008f4:	4b1f      	ldr	r3, [pc, #124]	@ (10000974 <irq_add_tail_to_free_list+0x9c>)
100008f6:	0005      	movs	r5, r0
100008f8:	4a1f      	ldr	r2, [pc, #124]	@ (10000978 <irq_add_tail_to_free_list+0xa0>)
100008fa:	1aed      	subs	r5, r5, r3
100008fc:	416d      	adcs	r5, r5
100008fe:	436a      	muls	r2, r5
10000900:	0d12      	lsrs	r2, r2, #20
10000902:	4d1e      	ldr	r5, [pc, #120]	@ (1000097c <irq_add_tail_to_free_list+0xa4>)
10000904:	0089      	lsls	r1, r1, #2
10000906:	68ae      	ldr	r6, [r5, #8]
10000908:	b252      	sxtb	r2, r2
1000090a:	5876      	ldr	r6, [r6, r1]
1000090c:	42a6      	cmp	r6, r4
1000090e:	d01c      	beq.n	1000094a <irq_add_tail_to_free_list+0x72>
10000910:	2106      	movs	r1, #6
10000912:	5659      	ldrsb	r1, [r3, r1]
10000914:	4291      	cmp	r1, r2
10000916:	d01c      	beq.n	10000952 <irq_add_tail_to_free_list+0x7a>
10000918:	2112      	movs	r1, #18
1000091a:	5659      	ldrsb	r1, [r3, r1]
1000091c:	4291      	cmp	r1, r2
1000091e:	d022      	beq.n	10000966 <irq_add_tail_to_free_list+0x8e>
10000920:	211e      	movs	r1, #30
10000922:	5659      	ldrsb	r1, [r3, r1]
10000924:	4291      	cmp	r1, r2
10000926:	d020      	beq.n	1000096a <irq_add_tail_to_free_list+0x92>
10000928:	212a      	movs	r1, #42	@ 0x2a
1000092a:	5659      	ldrsb	r1, [r3, r1]
1000092c:	2403      	movs	r4, #3
1000092e:	4291      	cmp	r1, r2
10000930:	d010      	beq.n	10000954 <irq_add_tail_to_free_list+0x7c>
10000932:	4b13      	ldr	r3, [pc, #76]	@ (10000980 <irq_add_tail_to_free_list+0xa8>)
10000934:	7819      	ldrb	r1, [r3, #0]
10000936:	701a      	strb	r2, [r3, #0]
10000938:	7181      	strb	r1, [r0, #6]
1000093a:	f3bf 8f5f 	dmb	sy
1000093e:	2200      	movs	r2, #0
10000940:	4b0b      	ldr	r3, [pc, #44]	@ (10000970 <irq_add_tail_to_free_list+0x98>)
10000942:	601a      	str	r2, [r3, #0]
10000944:	f38c 8810 	msr	PRIMASK, ip
10000948:	bd70      	pop	{r4, r5, r6, pc}
1000094a:	68ab      	ldr	r3, [r5, #8]
1000094c:	4c0d      	ldr	r4, [pc, #52]	@ (10000984 <irq_add_tail_to_free_list+0xac>)
1000094e:	505c      	str	r4, [r3, r1]
10000950:	e7ef      	b.n	10000932 <irq_add_tail_to_free_list+0x5a>
10000952:	2400      	movs	r4, #0
10000954:	0061      	lsls	r1, r4, #1
10000956:	1909      	adds	r1, r1, r4
10000958:	0089      	lsls	r1, r1, #2
1000095a:	185b      	adds	r3, r3, r1
1000095c:	21ff      	movs	r1, #255	@ 0xff
1000095e:	7199      	strb	r1, [r3, #6]
10000960:	4909      	ldr	r1, [pc, #36]	@ (10000988 <irq_add_tail_to_free_list+0xb0>)
10000962:	8099      	strh	r1, [r3, #4]
10000964:	e7e5      	b.n	10000932 <irq_add_tail_to_free_list+0x5a>
10000966:	2401      	movs	r4, #1
10000968:	e7f4      	b.n	10000954 <irq_add_tail_to_free_list+0x7c>
1000096a:	2402      	movs	r4, #2
1000096c:	e7f2      	b.n	10000954 <irq_add_tail_to_free_list+0x7c>
1000096e:	46c0      	nop			@ (mov r8, r8)
10000970:	d0000124 	.word	0xd0000124
10000974:	20000fec 	.word	0x20000fec
10000978:	0000aaaa 	.word	0x0000aaaa
1000097c:	e000ed00 	.word	0xe000ed00
10000980:	20022494 	.word	0x20022494
10000984:	100001c1 	.word	0x100001c1
10000988:	ffffbd01 	.word	0xffffbd01

1000098c <user_irq_claim_unused>:
1000098c:	b510      	push	{r4, lr}
1000098e:	4b08      	ldr	r3, [pc, #32]	@ (100009b0 <user_irq_claim_unused+0x24>)
10000990:	4c08      	ldr	r4, [pc, #32]	@ (100009b4 <user_irq_claim_unused+0x28>)
10000992:	b082      	sub	sp, #8
10000994:	0001      	movs	r1, r0
10000996:	9300      	str	r3, [sp, #0]
10000998:	2200      	movs	r2, #0
1000099a:	2305      	movs	r3, #5
1000099c:	0020      	movs	r0, r4
1000099e:	f7ff fda9 	bl	100004f4 <hw_claim_unused_from_range>
100009a2:	2800      	cmp	r0, #0
100009a4:	db01      	blt.n	100009aa <user_irq_claim_unused+0x1e>
100009a6:	231f      	movs	r3, #31
100009a8:	1a18      	subs	r0, r3, r0
100009aa:	b002      	add	sp, #8
100009ac:	bd10      	pop	{r4, pc}
100009ae:	46c0      	nop			@ (mov r8, r8)
100009b0:	10009b54 	.word	0x10009b54
100009b4:	20022498 	.word	0x20022498

100009b8 <lock_init>:
100009b8:	4b02      	ldr	r3, [pc, #8]	@ (100009c4 <lock_init+0xc>)
100009ba:	469c      	mov	ip, r3
100009bc:	4461      	add	r1, ip
100009be:	0089      	lsls	r1, r1, #2
100009c0:	6001      	str	r1, [r0, #0]
100009c2:	4770      	bx	lr
100009c4:	34000040 	.word	0x34000040

100009c8 <runtime_init_mutex>:
100009c8:	b5f8      	push	{r3, r4, r5, r6, r7, lr}
100009ca:	4c12      	ldr	r4, [pc, #72]	@ (10000a14 <runtime_init_mutex+0x4c>)
100009cc:	4d12      	ldr	r5, [pc, #72]	@ (10000a18 <runtime_init_mutex+0x50>)
100009ce:	42ac      	cmp	r4, r5
100009d0:	d212      	bcs.n	100009f8 <runtime_init_mutex+0x30>
100009d2:	2601      	movs	r6, #1
100009d4:	2700      	movs	r7, #0
100009d6:	4276      	negs	r6, r6
100009d8:	6823      	ldr	r3, [r4, #0]
100009da:	2b00      	cmp	r3, #0
100009dc:	d00d      	beq.n	100009fa <runtime_init_mutex+0x32>
100009de:	f7ff fdcd 	bl	1000057c <next_striped_spin_lock_num>
100009e2:	0001      	movs	r1, r0
100009e4:	0020      	movs	r0, r4
100009e6:	f7ff ffe7 	bl	100009b8 <lock_init>
100009ea:	6066      	str	r6, [r4, #4]
100009ec:	7227      	strb	r7, [r4, #8]
100009ee:	f3bf 8f5f 	dmb	sy
100009f2:	340c      	adds	r4, #12
100009f4:	42ac      	cmp	r4, r5
100009f6:	d3ef      	bcc.n	100009d8 <runtime_init_mutex+0x10>
100009f8:	bdf8      	pop	{r3, r4, r5, r6, r7, pc}
100009fa:	f7ff fdbf 	bl	1000057c <next_striped_spin_lock_num>
100009fe:	0001      	movs	r1, r0
10000a00:	0020      	movs	r0, r4
10000a02:	f7ff ffd9 	bl	100009b8 <lock_init>
10000a06:	6066      	str	r6, [r4, #4]
10000a08:	f3bf 8f5f 	dmb	sy
10000a0c:	3408      	adds	r4, #8
10000a0e:	42ac      	cmp	r4, r5
10000a10:	d3e2      	bcc.n	100009d8 <runtime_init_mutex+0x10>
10000a12:	e7f1      	b.n	100009f8 <runtime_init_mutex+0x30>
10000a14:	200010a8 	.word	0x200010a8
10000a18:	200010b8 	.word	0x200010b8

10000a1c <mutex_init>:
10000a1c:	b510      	push	{r4, lr}
10000a1e:	0004      	movs	r4, r0
10000a20:	f7ff fdac 	bl	1000057c <next_striped_spin_lock_num>
10000a24:	0001      	movs	r1, r0
10000a26:	0020      	movs	r0, r4
10000a28:	f7ff ffc6 	bl	100009b8 <lock_init>
10000a2c:	2301      	movs	r3, #1
10000a2e:	425b      	negs	r3, r3
10000a30:	6063      	str	r3, [r4, #4]
10000a32:	f3bf 8f5f 	dmb	sy
10000a36:	bd10      	pop	{r4, pc}

10000a38 <critical_section_init>:
10000a38:	b510      	push	{r4, lr}
10000a3a:	0004      	movs	r4, r0
10000a3c:	2001      	movs	r0, #1
10000a3e:	f7ff fda9 	bl	10000594 <spin_lock_claim_unused>
10000a42:	4b03      	ldr	r3, [pc, #12]	@ (10000a50 <critical_section_init+0x18>)
10000a44:	18c3      	adds	r3, r0, r3
10000a46:	009b      	lsls	r3, r3, #2
10000a48:	6023      	str	r3, [r4, #0]
10000a4a:	f3bf 8f5f 	dmb	sy
10000a4e:	bd10      	pop	{r4, pc}
10000a50:	34000040 	.word	0x34000040

10000a54 <critical_section_init_with_lock_num>:
10000a54:	4b03      	ldr	r3, [pc, #12]	@ (10000a64 <critical_section_init_with_lock_num+0x10>)
10000a56:	469c      	mov	ip, r3
10000a58:	4461      	add	r1, ip
10000a5a:	0089      	lsls	r1, r1, #2
10000a5c:	6001      	str	r1, [r0, #0]
10000a5e:	f3bf 8f5f 	dmb	sy
10000a62:	4770      	bx	lr
10000a64:	34000040 	.word	0x34000040

10000a68 <alarm_pool_irq_handler>:
10000a68:	b5f0      	push	{r4, r5, r6, r7, lr}
10000a6a:	46de      	mov	lr, fp
10000a6c:	4657      	mov	r7, sl
10000a6e:	464e      	mov	r6, r9
10000a70:	4645      	mov	r5, r8
10000a72:	b5e0      	push	{r5, r6, r7, lr}
10000a74:	b087      	sub	sp, #28
10000a76:	f3ef 8305 	mrs	r3, IPSR
10000a7a:	2203      	movs	r2, #3
10000a7c:	2501      	movs	r5, #1
10000a7e:	401a      	ands	r2, r3
10000a80:	4095      	lsls	r5, r2
10000a82:	0091      	lsls	r1, r2, #2
10000a84:	4688      	mov	r8, r1
10000a86:	46a9      	mov	r9, r5
10000a88:	4bb1      	ldr	r3, [pc, #708]	@ (10000d50 <alarm_pool_irq_handler+0x2e8>)
10000a8a:	9203      	str	r2, [sp, #12]
10000a8c:	585c      	ldr	r4, [r3, r1]
10000a8e:	4bb1      	ldr	r3, [pc, #708]	@ (10000d54 <alarm_pool_irq_handler+0x2ec>)
10000a90:	601d      	str	r5, [r3, #0]
10000a92:	4bb1      	ldr	r3, [pc, #708]	@ (10000d58 <alarm_pool_irq_handler+0x2f0>)
10000a94:	9304      	str	r3, [sp, #16]
10000a96:	464b      	mov	r3, r9
10000a98:	48b0      	ldr	r0, [pc, #704]	@ (10000d5c <alarm_pool_irq_handler+0x2f4>)
10000a9a:	6343      	str	r3, [r0, #52]	@ 0x34
10000a9c:	2308      	movs	r3, #8
10000a9e:	5ee5      	ldrsh	r5, [r4, r3]
10000aa0:	2d00      	cmp	r5, #0
10000aa2:	da37      	bge.n	10000b14 <alarm_pool_irq_handler+0xac>
10000aa4:	88a3      	ldrh	r3, [r4, #4]
10000aa6:	b21b      	sxth	r3, r3
10000aa8:	2b00      	cmp	r3, #0
10000aaa:	db00      	blt.n	10000aae <alarm_pool_irq_handler+0x46>
10000aac:	e0ad      	b.n	10000c0a <alarm_pool_irq_handler+0x1a2>
10000aae:	79a3      	ldrb	r3, [r4, #6]
10000ab0:	2b00      	cmp	r3, #0
10000ab2:	d000      	beq.n	10000ab6 <alarm_pool_irq_handler+0x4e>
10000ab4:	e0ee      	b.n	10000c94 <alarm_pool_irq_handler+0x22c>
10000ab6:	2308      	movs	r3, #8
10000ab8:	5ee1      	ldrsh	r1, [r4, r3]
10000aba:	2900      	cmp	r1, #0
10000abc:	db20      	blt.n	10000b00 <alarm_pool_irq_handler+0x98>
10000abe:	004b      	lsls	r3, r1, #1
10000ac0:	6962      	ldr	r2, [r4, #20]
10000ac2:	185b      	adds	r3, r3, r1
10000ac4:	00db      	lsls	r3, r3, #3
10000ac6:	18d3      	adds	r3, r2, r3
10000ac8:	689e      	ldr	r6, [r3, #8]
10000aca:	68dd      	ldr	r5, [r3, #12]
10000acc:	1c73      	adds	r3, r6, #1
10000ace:	d100      	bne.n	10000ad2 <alarm_pool_irq_handler+0x6a>
10000ad0:	e10d      	b.n	10000cee <alarm_pool_irq_handler+0x286>
10000ad2:	48a2      	ldr	r0, [pc, #648]	@ (10000d5c <alarm_pool_irq_handler+0x2f4>)
10000ad4:	0001      	movs	r1, r0
10000ad6:	4441      	add	r1, r8
10000ad8:	6a82      	ldr	r2, [r0, #40]	@ 0x28
10000ada:	690b      	ldr	r3, [r1, #16]
10000adc:	1ab7      	subs	r7, r6, r2
10000ade:	1a9b      	subs	r3, r3, r2
10000ae0:	429f      	cmp	r7, r3
10000ae2:	d315      	bcc.n	10000b10 <alarm_pool_irq_handler+0xa8>
10000ae4:	2301      	movs	r3, #1
10000ae6:	6a02      	ldr	r2, [r0, #32]
10000ae8:	9803      	ldr	r0, [sp, #12]
10000aea:	4083      	lsls	r3, r0
10000aec:	421a      	tst	r2, r3
10000aee:	d00f      	beq.n	10000b10 <alarm_pool_irq_handler+0xa8>
10000af0:	489a      	ldr	r0, [pc, #616]	@ (10000d5c <alarm_pool_irq_handler+0x2f4>)
10000af2:	f000 fbc1 	bl	10001278 <timer_time_us_64>
10000af6:	428d      	cmp	r5, r1
10000af8:	dc02      	bgt.n	10000b00 <alarm_pool_irq_handler+0x98>
10000afa:	d1cc      	bne.n	10000a96 <alarm_pool_irq_handler+0x2e>
10000afc:	4286      	cmp	r6, r0
10000afe:	d9ca      	bls.n	10000a96 <alarm_pool_irq_handler+0x2e>
10000b00:	bf40      	sev
10000b02:	b007      	add	sp, #28
10000b04:	bcf0      	pop	{r4, r5, r6, r7}
10000b06:	46bb      	mov	fp, r7
10000b08:	46b2      	mov	sl, r6
10000b0a:	46a9      	mov	r9, r5
10000b0c:	46a0      	mov	r8, r4
10000b0e:	bdf0      	pop	{r4, r5, r6, r7, pc}
10000b10:	610e      	str	r6, [r1, #16]
10000b12:	e7ed      	b.n	10000af0 <alarm_pool_irq_handler+0x88>
10000b14:	6962      	ldr	r2, [r4, #20]
10000b16:	006b      	lsls	r3, r5, #1
10000b18:	4692      	mov	sl, r2
10000b1a:	195b      	adds	r3, r3, r5
10000b1c:	00db      	lsls	r3, r3, #3
10000b1e:	449a      	add	sl, r3
10000b20:	4653      	mov	r3, sl
10000b22:	689e      	ldr	r6, [r3, #8]
10000b24:	68df      	ldr	r7, [r3, #12]
10000b26:	f000 fba7 	bl	10001278 <timer_time_us_64>
10000b2a:	428f      	cmp	r7, r1
10000b2c:	dcba      	bgt.n	10000aa4 <alarm_pool_irq_handler+0x3c>
10000b2e:	d100      	bne.n	10000b32 <alarm_pool_irq_handler+0xca>
10000b30:	e0ff      	b.n	10000d32 <alarm_pool_irq_handler+0x2ca>
10000b32:	2f00      	cmp	r7, #0
10000b34:	da00      	bge.n	10000b38 <alarm_pool_irq_handler+0xd0>
10000b36:	e0e4      	b.n	10000d02 <alarm_pool_irq_handler+0x29a>
10000b38:	4652      	mov	r2, sl
10000b3a:	4653      	mov	r3, sl
10000b3c:	6952      	ldr	r2, [r2, #20]
10000b3e:	691b      	ldr	r3, [r3, #16]
10000b40:	4693      	mov	fp, r2
10000b42:	9a04      	ldr	r2, [sp, #16]
10000b44:	4293      	cmp	r3, r2
10000b46:	d100      	bne.n	10000b4a <alarm_pool_irq_handler+0xe2>
10000b48:	e0d5      	b.n	10000cf6 <alarm_pool_irq_handler+0x28e>
10000b4a:	4652      	mov	r2, sl
10000b4c:	2108      	movs	r1, #8
10000b4e:	5e60      	ldrsh	r0, [r4, r1]
10000b50:	8852      	ldrh	r2, [r2, #2]
10000b52:	0400      	lsls	r0, r0, #16
10000b54:	4659      	mov	r1, fp
10000b56:	4310      	orrs	r0, r2
10000b58:	4798      	blx	r3
10000b5a:	9000      	str	r0, [sp, #0]
10000b5c:	9101      	str	r1, [sp, #4]
10000b5e:	9900      	ldr	r1, [sp, #0]
10000b60:	9a01      	ldr	r2, [sp, #4]
10000b62:	000b      	movs	r3, r1
10000b64:	0010      	movs	r0, r2
10000b66:	4313      	orrs	r3, r2
10000b68:	d100      	bne.n	10000b6c <alarm_pool_irq_handler+0x104>
10000b6a:	e0ca      	b.n	10000d02 <alarm_pool_irq_handler+0x29a>
10000b6c:	0013      	movs	r3, r2
10000b6e:	000a      	movs	r2, r1
10000b70:	1ab6      	subs	r6, r6, r2
10000b72:	419f      	sbcs	r7, r3
10000b74:	2800      	cmp	r0, #0
10000b76:	db06      	blt.n	10000b86 <alarm_pool_irq_handler+0x11e>
10000b78:	4878      	ldr	r0, [pc, #480]	@ (10000d5c <alarm_pool_irq_handler+0x2f4>)
10000b7a:	f000 fb7d 	bl	10001278 <timer_time_us_64>
10000b7e:	9e00      	ldr	r6, [sp, #0]
10000b80:	9f01      	ldr	r7, [sp, #4]
10000b82:	1836      	adds	r6, r6, r0
10000b84:	414f      	adcs	r7, r1
10000b86:	4653      	mov	r3, sl
10000b88:	609e      	str	r6, [r3, #8]
10000b8a:	60df      	str	r7, [r3, #12]
10000b8c:	2200      	movs	r2, #0
10000b8e:	5e9a      	ldrsh	r2, [r3, r2]
10000b90:	2a00      	cmp	r2, #0
10000b92:	da00      	bge.n	10000b96 <alarm_pool_irq_handler+0x12e>
10000b94:	e786      	b.n	10000aa4 <alarm_pool_irq_handler+0x3c>
10000b96:	0053      	lsls	r3, r2, #1
10000b98:	1899      	adds	r1, r3, r2
10000b9a:	6960      	ldr	r0, [r4, #20]
10000b9c:	00c9      	lsls	r1, r1, #3
10000b9e:	1841      	adds	r1, r0, r1
10000ba0:	9302      	str	r3, [sp, #8]
10000ba2:	688b      	ldr	r3, [r1, #8]
10000ba4:	68c9      	ldr	r1, [r1, #12]
10000ba6:	469b      	mov	fp, r3
10000ba8:	42b9      	cmp	r1, r7
10000baa:	dd00      	ble.n	10000bae <alarm_pool_irq_handler+0x146>
10000bac:	e77a      	b.n	10000aa4 <alarm_pool_irq_handler+0x3c>
10000bae:	d102      	bne.n	10000bb6 <alarm_pool_irq_handler+0x14e>
10000bb0:	42b3      	cmp	r3, r6
10000bb2:	d900      	bls.n	10000bb6 <alarm_pool_irq_handler+0x14e>
10000bb4:	e776      	b.n	10000aa4 <alarm_pool_irq_handler+0x3c>
10000bb6:	2308      	movs	r3, #8
10000bb8:	469c      	mov	ip, r3
10000bba:	44a4      	add	ip, r4
10000bbc:	9505      	str	r5, [sp, #20]
10000bbe:	4665      	mov	r5, ip
10000bc0:	8122      	strh	r2, [r4, #8]
10000bc2:	46a4      	mov	ip, r4
10000bc4:	9b02      	ldr	r3, [sp, #8]
10000bc6:	002c      	movs	r4, r5
10000bc8:	e006      	b.n	10000bd8 <alarm_pool_irq_handler+0x170>
10000bca:	0053      	lsls	r3, r2, #1
10000bcc:	1899      	adds	r1, r3, r2
10000bce:	00c9      	lsls	r1, r1, #3
10000bd0:	1841      	adds	r1, r0, r1
10000bd2:	688d      	ldr	r5, [r1, #8]
10000bd4:	68c9      	ldr	r1, [r1, #12]
10000bd6:	46ab      	mov	fp, r5
10000bd8:	189b      	adds	r3, r3, r2
10000bda:	00db      	lsls	r3, r3, #3
10000bdc:	18c3      	adds	r3, r0, r3
10000bde:	42b9      	cmp	r1, r7
10000be0:	dc06      	bgt.n	10000bf0 <alarm_pool_irq_handler+0x188>
10000be2:	d100      	bne.n	10000be6 <alarm_pool_irq_handler+0x17e>
10000be4:	e0af      	b.n	10000d46 <alarm_pool_irq_handler+0x2de>
10000be6:	001c      	movs	r4, r3
10000be8:	2300      	movs	r3, #0
10000bea:	5ee2      	ldrsh	r2, [r4, r3]
10000bec:	2a00      	cmp	r2, #0
10000bee:	daec      	bge.n	10000bca <alarm_pool_irq_handler+0x162>
10000bf0:	0023      	movs	r3, r4
10000bf2:	4664      	mov	r4, ip
10000bf4:	469c      	mov	ip, r3
10000bf6:	4653      	mov	r3, sl
10000bf8:	801a      	strh	r2, [r3, #0]
10000bfa:	4663      	mov	r3, ip
10000bfc:	9d05      	ldr	r5, [sp, #20]
10000bfe:	801d      	strh	r5, [r3, #0]
10000c00:	88a3      	ldrh	r3, [r4, #4]
10000c02:	b21b      	sxth	r3, r3
10000c04:	2b00      	cmp	r3, #0
10000c06:	da00      	bge.n	10000c0a <alarm_pool_irq_handler+0x1a2>
10000c08:	e751      	b.n	10000aae <alarm_pool_irq_handler+0x46>
10000c0a:	6922      	ldr	r2, [r4, #16]
10000c0c:	f3ef 8110 	mrs	r1, PRIMASK
10000c10:	b672      	cpsid	i
10000c12:	6813      	ldr	r3, [r2, #0]
10000c14:	2b00      	cmp	r3, #0
10000c16:	d0fc      	beq.n	10000c12 <alarm_pool_irq_handler+0x1aa>
10000c18:	f3bf 8f5f 	dmb	sy
10000c1c:	2301      	movs	r3, #1
10000c1e:	88a7      	ldrh	r7, [r4, #4]
10000c20:	425b      	negs	r3, r3
10000c22:	80a3      	strh	r3, [r4, #4]
10000c24:	b23f      	sxth	r7, r7
10000c26:	6923      	ldr	r3, [r4, #16]
10000c28:	f3bf 8f5f 	dmb	sy
10000c2c:	2200      	movs	r2, #0
10000c2e:	601a      	str	r2, [r3, #0]
10000c30:	f381 8810 	msr	PRIMASK, r1
10000c34:	2f00      	cmp	r7, #0
10000c36:	da00      	bge.n	10000c3a <alarm_pool_irq_handler+0x1d2>
10000c38:	e739      	b.n	10000aae <alarm_pool_irq_handler+0x46>
10000c3a:	0023      	movs	r3, r4
10000c3c:	3308      	adds	r3, #8
10000c3e:	0022      	movs	r2, r4
10000c40:	469a      	mov	sl, r3
10000c42:	6966      	ldr	r6, [r4, #20]
10000c44:	007b      	lsls	r3, r7, #1
10000c46:	19db      	adds	r3, r3, r7
10000c48:	00db      	lsls	r3, r3, #3
10000c4a:	18f3      	adds	r3, r6, r3
10000c4c:	6899      	ldr	r1, [r3, #8]
10000c4e:	4650      	mov	r0, sl
10000c50:	468c      	mov	ip, r1
10000c52:	2408      	movs	r4, #8
10000c54:	5f11      	ldrsh	r1, [r2, r4]
10000c56:	68dd      	ldr	r5, [r3, #12]
10000c58:	2900      	cmp	r1, #0
10000c5a:	db10      	blt.n	10000c7e <alarm_pool_irq_handler+0x216>
10000c5c:	9302      	str	r3, [sp, #8]
10000c5e:	e006      	b.n	10000c6e <alarm_pool_irq_handler+0x206>
10000c60:	42ab      	cmp	r3, r5
10000c62:	d040      	beq.n	10000ce6 <alarm_pool_irq_handler+0x27e>
10000c64:	2300      	movs	r3, #0
10000c66:	5ee1      	ldrsh	r1, [r4, r3]
10000c68:	0020      	movs	r0, r4
10000c6a:	2900      	cmp	r1, #0
10000c6c:	db06      	blt.n	10000c7c <alarm_pool_irq_handler+0x214>
10000c6e:	004c      	lsls	r4, r1, #1
10000c70:	1864      	adds	r4, r4, r1
10000c72:	00e4      	lsls	r4, r4, #3
10000c74:	1934      	adds	r4, r6, r4
10000c76:	68e3      	ldr	r3, [r4, #12]
10000c78:	42ab      	cmp	r3, r5
10000c7a:	ddf1      	ble.n	10000c60 <alarm_pool_irq_handler+0x1f8>
10000c7c:	9b02      	ldr	r3, [sp, #8]
10000c7e:	8007      	strh	r7, [r0, #0]
10000c80:	2000      	movs	r0, #0
10000c82:	5e1f      	ldrsh	r7, [r3, r0]
10000c84:	8019      	strh	r1, [r3, #0]
10000c86:	2f00      	cmp	r7, #0
10000c88:	dadc      	bge.n	10000c44 <alarm_pool_irq_handler+0x1dc>
10000c8a:	0014      	movs	r4, r2
10000c8c:	79a3      	ldrb	r3, [r4, #6]
10000c8e:	2b00      	cmp	r3, #0
10000c90:	d100      	bne.n	10000c94 <alarm_pool_irq_handler+0x22c>
10000c92:	e710      	b.n	10000ab6 <alarm_pool_irq_handler+0x4e>
10000c94:	2300      	movs	r3, #0
10000c96:	71a3      	strb	r3, [r4, #6]
10000c98:	0026      	movs	r6, r4
10000c9a:	2308      	movs	r3, #8
10000c9c:	5ee1      	ldrsh	r1, [r4, r3]
10000c9e:	3608      	adds	r6, #8
10000ca0:	1c4b      	adds	r3, r1, #1
10000ca2:	d100      	bne.n	10000ca6 <alarm_pool_irq_handler+0x23e>
10000ca4:	e72c      	b.n	10000b00 <alarm_pool_irq_handler+0x98>
10000ca6:	46b4      	mov	ip, r6
10000ca8:	6965      	ldr	r5, [r4, #20]
10000caa:	e003      	b.n	10000cb4 <alarm_pool_irq_handler+0x24c>
10000cac:	4684      	mov	ip, r0
10000cae:	1c4b      	adds	r3, r1, #1
10000cb0:	d100      	bne.n	10000cb4 <alarm_pool_irq_handler+0x24c>
10000cb2:	e700      	b.n	10000ab6 <alarm_pool_irq_handler+0x4e>
10000cb4:	004b      	lsls	r3, r1, #1
10000cb6:	185b      	adds	r3, r3, r1
10000cb8:	00db      	lsls	r3, r3, #3
10000cba:	18e8      	adds	r0, r5, r3
10000cbc:	000a      	movs	r2, r1
10000cbe:	5ee9      	ldrsh	r1, [r5, r3]
10000cc0:	8843      	ldrh	r3, [r0, #2]
10000cc2:	b21b      	sxth	r3, r3
10000cc4:	2b00      	cmp	r3, #0
10000cc6:	daf1      	bge.n	10000cac <alarm_pool_irq_handler+0x244>
10000cc8:	2601      	movs	r6, #1
10000cca:	4276      	negs	r6, r6
10000ccc:	17f7      	asrs	r7, r6, #31
10000cce:	6086      	str	r6, [r0, #8]
10000cd0:	60c7      	str	r7, [r0, #12]
10000cd2:	2608      	movs	r6, #8
10000cd4:	5fa3      	ldrsh	r3, [r4, r6]
10000cd6:	4293      	cmp	r3, r2
10000cd8:	d0e9      	beq.n	10000cae <alarm_pool_irq_handler+0x246>
10000cda:	4663      	mov	r3, ip
10000cdc:	8019      	strh	r1, [r3, #0]
10000cde:	8923      	ldrh	r3, [r4, #8]
10000ce0:	8003      	strh	r3, [r0, #0]
10000ce2:	8122      	strh	r2, [r4, #8]
10000ce4:	e7e3      	b.n	10000cae <alarm_pool_irq_handler+0x246>
10000ce6:	68a3      	ldr	r3, [r4, #8]
10000ce8:	4563      	cmp	r3, ip
10000cea:	d9bb      	bls.n	10000c64 <alarm_pool_irq_handler+0x1fc>
10000cec:	e7c6      	b.n	10000c7c <alarm_pool_irq_handler+0x214>
10000cee:	1c6b      	adds	r3, r5, #1
10000cf0:	d000      	beq.n	10000cf4 <alarm_pool_irq_handler+0x28c>
10000cf2:	e6ee      	b.n	10000ad2 <alarm_pool_irq_handler+0x6a>
10000cf4:	e6fc      	b.n	10000af0 <alarm_pool_irq_handler+0x88>
10000cf6:	465b      	mov	r3, fp
10000cf8:	4658      	mov	r0, fp
10000cfa:	691b      	ldr	r3, [r3, #16]
10000cfc:	4798      	blx	r3
10000cfe:	2800      	cmp	r0, #0
10000d00:	d11b      	bne.n	10000d3a <alarm_pool_irq_handler+0x2d2>
10000d02:	4653      	mov	r3, sl
10000d04:	881b      	ldrh	r3, [r3, #0]
10000d06:	6922      	ldr	r2, [r4, #16]
10000d08:	8123      	strh	r3, [r4, #8]
10000d0a:	f3ef 8310 	mrs	r3, PRIMASK
10000d0e:	b672      	cpsid	i
10000d10:	6811      	ldr	r1, [r2, #0]
10000d12:	2900      	cmp	r1, #0
10000d14:	d0fc      	beq.n	10000d10 <alarm_pool_irq_handler+0x2a8>
10000d16:	f3bf 8f5f 	dmb	sy
10000d1a:	4651      	mov	r1, sl
10000d1c:	8862      	ldrh	r2, [r4, #2]
10000d1e:	800a      	strh	r2, [r1, #0]
10000d20:	6922      	ldr	r2, [r4, #16]
10000d22:	8065      	strh	r5, [r4, #2]
10000d24:	f3bf 8f5f 	dmb	sy
10000d28:	2100      	movs	r1, #0
10000d2a:	6011      	str	r1, [r2, #0]
10000d2c:	f383 8810 	msr	PRIMASK, r3
10000d30:	e6b8      	b.n	10000aa4 <alarm_pool_irq_handler+0x3c>
10000d32:	4286      	cmp	r6, r0
10000d34:	d800      	bhi.n	10000d38 <alarm_pool_irq_handler+0x2d0>
10000d36:	e6fc      	b.n	10000b32 <alarm_pool_irq_handler+0xca>
10000d38:	e6b4      	b.n	10000aa4 <alarm_pool_irq_handler+0x3c>
10000d3a:	465b      	mov	r3, fp
10000d3c:	681a      	ldr	r2, [r3, #0]
10000d3e:	685b      	ldr	r3, [r3, #4]
10000d40:	9200      	str	r2, [sp, #0]
10000d42:	9301      	str	r3, [sp, #4]
10000d44:	e70b      	b.n	10000b5e <alarm_pool_irq_handler+0xf6>
10000d46:	45b3      	cmp	fp, r6
10000d48:	d800      	bhi.n	10000d4c <alarm_pool_irq_handler+0x2e4>
10000d4a:	e74c      	b.n	10000be6 <alarm_pool_irq_handler+0x17e>
10000d4c:	e750      	b.n	10000bf0 <alarm_pool_irq_handler+0x188>
10000d4e:	46c0      	nop			@ (mov r8, r8)
10000d50:	20001fc8 	.word	0x20001fc8
10000d54:	4005703c 	.word	0x4005703c
10000d58:	10000a69 	.word	0x10000a69
10000d5c:	40054000 	.word	0x40054000

10000d60 <sleep_until_callback>:
10000d60:	4807      	ldr	r0, [pc, #28]	@ (10000d80 <sleep_until_callback+0x20>)
10000d62:	b510      	push	{r4, lr}
10000d64:	6802      	ldr	r2, [r0, #0]
10000d66:	f3ef 8110 	mrs	r1, PRIMASK
10000d6a:	b672      	cpsid	i
10000d6c:	6813      	ldr	r3, [r2, #0]
10000d6e:	2b00      	cmp	r3, #0
10000d70:	d0fc      	beq.n	10000d6c <sleep_until_callback+0xc>
10000d72:	f3bf 8f5f 	dmb	sy
10000d76:	f005 feb5 	bl	10006ae4 <vPortLockInternalSpinUnlockWithNotify>
10000d7a:	2000      	movs	r0, #0
10000d7c:	2100      	movs	r1, #0
10000d7e:	bd10      	pop	{r4, pc}
10000d80:	20002384 	.word	0x20002384

10000d84 <runtime_init_default_alarm_pool>:
10000d84:	b570      	push	{r4, r5, r6, lr}
10000d86:	4c2e      	ldr	r4, [pc, #184]	@ (10000e40 <runtime_init_default_alarm_pool+0xbc>)
10000d88:	6925      	ldr	r5, [r4, #16]
10000d8a:	2d00      	cmp	r5, #0
10000d8c:	d004      	beq.n	10000d98 <runtime_init_default_alarm_pool+0x14>
10000d8e:	210a      	movs	r1, #10
10000d90:	482c      	ldr	r0, [pc, #176]	@ (10000e44 <runtime_init_default_alarm_pool+0xc0>)
10000d92:	f7ff fe11 	bl	100009b8 <lock_init>
10000d96:	bd70      	pop	{r4, r5, r6, pc}
10000d98:	4e2b      	ldr	r6, [pc, #172]	@ (10000e48 <runtime_init_default_alarm_pool+0xc4>)
10000d9a:	2103      	movs	r1, #3
10000d9c:	0030      	movs	r0, r6
10000d9e:	f000 fa61 	bl	10001264 <timer_hardware_alarm_claim>
10000da2:	60e6      	str	r6, [r4, #12]
10000da4:	f7ff fbea 	bl	1000057c <next_striped_spin_lock_num>
10000da8:	4b28      	ldr	r3, [pc, #160]	@ (10000e4c <runtime_init_default_alarm_pool+0xc8>)
10000daa:	2203      	movs	r2, #3
10000dac:	469c      	mov	ip, r3
10000dae:	23d0      	movs	r3, #208	@ 0xd0
10000db0:	7022      	strb	r2, [r4, #0]
10000db2:	061b      	lsls	r3, r3, #24
10000db4:	681b      	ldr	r3, [r3, #0]
10000db6:	2101      	movs	r1, #1
10000db8:	7063      	strb	r3, [r4, #1]
10000dba:	4b25      	ldr	r3, [pc, #148]	@ (10000e50 <runtime_init_default_alarm_pool+0xcc>)
10000dbc:	4460      	add	r0, ip
10000dbe:	60a3      	str	r3, [r4, #8]
10000dc0:	230f      	movs	r3, #15
10000dc2:	0080      	lsls	r0, r0, #2
10000dc4:	6120      	str	r0, [r4, #16]
10000dc6:	2002      	movs	r0, #2
10000dc8:	8063      	strh	r3, [r4, #2]
10000dca:	6963      	ldr	r3, [r4, #20]
10000dcc:	4249      	negs	r1, r1
10000dce:	80a1      	strh	r1, [r4, #4]
10000dd0:	8019      	strh	r1, [r3, #0]
10000dd2:	3102      	adds	r1, #2
10000dd4:	8619      	strh	r1, [r3, #48]	@ 0x30
10000dd6:	3147      	adds	r1, #71	@ 0x47
10000dd8:	831d      	strh	r5, [r3, #24]
10000dda:	5258      	strh	r0, [r3, r1]
10000ddc:	3118      	adds	r1, #24
10000dde:	525a      	strh	r2, [r3, r1]
10000de0:	3275      	adds	r2, #117	@ 0x75
10000de2:	395c      	subs	r1, #92	@ 0x5c
10000de4:	5299      	strh	r1, [r3, r2]
10000de6:	3218      	adds	r2, #24
10000de8:	3101      	adds	r1, #1
10000dea:	5299      	strh	r1, [r3, r2]
10000dec:	3218      	adds	r2, #24
10000dee:	3101      	adds	r1, #1
10000df0:	5299      	strh	r1, [r3, r2]
10000df2:	3218      	adds	r2, #24
10000df4:	3101      	adds	r1, #1
10000df6:	5299      	strh	r1, [r3, r2]
10000df8:	3508      	adds	r5, #8
10000dfa:	3218      	adds	r2, #24
10000dfc:	529d      	strh	r5, [r3, r2]
10000dfe:	3102      	adds	r1, #2
10000e00:	3218      	adds	r2, #24
10000e02:	5299      	strh	r1, [r3, r2]
10000e04:	3218      	adds	r2, #24
10000e06:	3101      	adds	r1, #1
10000e08:	5299      	strh	r1, [r3, r2]
10000e0a:	3218      	adds	r2, #24
10000e0c:	3101      	adds	r1, #1
10000e0e:	5299      	strh	r1, [r3, r2]
10000e10:	3218      	adds	r2, #24
10000e12:	3101      	adds	r1, #1
10000e14:	5299      	strh	r1, [r3, r2]
10000e16:	3218      	adds	r2, #24
10000e18:	3101      	adds	r1, #1
10000e1a:	5299      	strh	r1, [r3, r2]
10000e1c:	3218      	adds	r2, #24
10000e1e:	3101      	adds	r1, #1
10000e20:	5299      	strh	r1, [r3, r2]
10000e22:	4b0c      	ldr	r3, [pc, #48]	@ (10000e54 <runtime_init_default_alarm_pool+0xd0>)
10000e24:	490c      	ldr	r1, [pc, #48]	@ (10000e58 <runtime_init_default_alarm_pool+0xd4>)
10000e26:	60dc      	str	r4, [r3, #12]
10000e28:	3001      	adds	r0, #1
10000e2a:	6235      	str	r5, [r6, #32]
10000e2c:	f7ff fc1c 	bl	10000668 <irq_set_exclusive_handler>
10000e30:	2101      	movs	r1, #1
10000e32:	2003      	movs	r0, #3
10000e34:	f7ff fbe0 	bl	100005f8 <irq_set_enabled>
10000e38:	4b08      	ldr	r3, [pc, #32]	@ (10000e5c <runtime_init_default_alarm_pool+0xd8>)
10000e3a:	601d      	str	r5, [r3, #0]
10000e3c:	e7a7      	b.n	10000d8e <runtime_init_default_alarm_pool+0xa>
10000e3e:	46c0      	nop			@ (mov r8, r8)
10000e40:	20001034 	.word	0x20001034
10000e44:	20002384 	.word	0x20002384
10000e48:	40054000 	.word	0x40054000
10000e4c:	34000040 	.word	0x34000040
10000e50:	0010ffff 	.word	0x0010ffff
10000e54:	20001fc8 	.word	0x20001fc8
10000e58:	10000a69 	.word	0x10000a69
10000e5c:	40056038 	.word	0x40056038

10000e60 <alarm_pool_get_default>:
10000e60:	4800      	ldr	r0, [pc, #0]	@ (10000e64 <alarm_pool_get_default+0x4>)
10000e62:	4770      	bx	lr
10000e64:	20001034 	.word	0x20001034

10000e68 <alarm_pool_add_alarm_at>:
10000e68:	b5f8      	push	{r3, r4, r5, r6, r7, lr}
10000e6a:	001f      	movs	r7, r3
10000e6c:	ab08      	add	r3, sp, #32
10000e6e:	781b      	ldrb	r3, [r3, #0]
10000e70:	0004      	movs	r4, r0
10000e72:	0016      	movs	r6, r2
10000e74:	2b00      	cmp	r3, #0
10000e76:	d108      	bne.n	10000e8a <alarm_pool_add_alarm_at+0x22>
10000e78:	f000 fa06 	bl	10001288 <time_us_64>
10000e7c:	0032      	movs	r2, r6
10000e7e:	003b      	movs	r3, r7
10000e80:	1a12      	subs	r2, r2, r0
10000e82:	418b      	sbcs	r3, r1
10000e84:	2b00      	cmp	r3, #0
10000e86:	da00      	bge.n	10000e8a <alarm_pool_add_alarm_at+0x22>
10000e88:	e052      	b.n	10000f30 <alarm_pool_add_alarm_at+0xc8>
10000e8a:	6922      	ldr	r2, [r4, #16]
10000e8c:	f3ef 8010 	mrs	r0, PRIMASK
10000e90:	b672      	cpsid	i
10000e92:	6813      	ldr	r3, [r2, #0]
10000e94:	2b00      	cmp	r3, #0
10000e96:	d0fc      	beq.n	10000e92 <alarm_pool_add_alarm_at+0x2a>
10000e98:	f3bf 8f5f 	dmb	sy
10000e9c:	2302      	movs	r3, #2
10000e9e:	5ee1      	ldrsh	r1, [r4, r3]
10000ea0:	6963      	ldr	r3, [r4, #20]
10000ea2:	004a      	lsls	r2, r1, #1
10000ea4:	1852      	adds	r2, r2, r1
10000ea6:	00d2      	lsls	r2, r2, #3
10000ea8:	189b      	adds	r3, r3, r2
10000eaa:	6922      	ldr	r2, [r4, #16]
10000eac:	2900      	cmp	r1, #0
10000eae:	db36      	blt.n	10000f1e <alarm_pool_add_alarm_at+0xb6>
10000eb0:	881d      	ldrh	r5, [r3, #0]
10000eb2:	8065      	strh	r5, [r4, #2]
10000eb4:	f3bf 8f5f 	dmb	sy
10000eb8:	2500      	movs	r5, #0
10000eba:	6015      	str	r5, [r2, #0]
10000ebc:	f380 8810 	msr	PRIMASK, r0
10000ec0:	9a06      	ldr	r2, [sp, #24]
10000ec2:	609e      	str	r6, [r3, #8]
10000ec4:	60df      	str	r7, [r3, #12]
10000ec6:	611a      	str	r2, [r3, #16]
10000ec8:	9a07      	ldr	r2, [sp, #28]
10000eca:	615a      	str	r2, [r3, #20]
10000ecc:	885a      	ldrh	r2, [r3, #2]
10000ece:	3201      	adds	r2, #1
10000ed0:	0452      	lsls	r2, r2, #17
10000ed2:	0c52      	lsrs	r2, r2, #17
10000ed4:	1c10      	adds	r0, r2, #0
10000ed6:	2a00      	cmp	r2, #0
10000ed8:	d01f      	beq.n	10000f1a <alarm_pool_add_alarm_at+0xb2>
10000eda:	b282      	uxth	r2, r0
10000edc:	8058      	strh	r0, [r3, #2]
10000ede:	0408      	lsls	r0, r1, #16
10000ee0:	4310      	orrs	r0, r2
10000ee2:	6926      	ldr	r6, [r4, #16]
10000ee4:	f3ef 8710 	mrs	r7, PRIMASK
10000ee8:	b672      	cpsid	i
10000eea:	6832      	ldr	r2, [r6, #0]
10000eec:	2a00      	cmp	r2, #0
10000eee:	d0fc      	beq.n	10000eea <alarm_pool_add_alarm_at+0x82>
10000ef0:	f3bf 8f5f 	dmb	sy
10000ef4:	88a2      	ldrh	r2, [r4, #4]
10000ef6:	801a      	strh	r2, [r3, #0]
10000ef8:	80a1      	strh	r1, [r4, #4]
10000efa:	6923      	ldr	r3, [r4, #16]
10000efc:	f3bf 8f5f 	dmb	sy
10000f00:	2200      	movs	r2, #0
10000f02:	601a      	str	r2, [r3, #0]
10000f04:	f387 8810 	msr	PRIMASK, r7
10000f08:	490a      	ldr	r1, [pc, #40]	@ (10000f34 <alarm_pool_add_alarm_at+0xcc>)
10000f0a:	7823      	ldrb	r3, [r4, #0]
10000f0c:	468c      	mov	ip, r1
10000f0e:	3201      	adds	r2, #1
10000f10:	409a      	lsls	r2, r3
10000f12:	68e3      	ldr	r3, [r4, #12]
10000f14:	4463      	add	r3, ip
10000f16:	601a      	str	r2, [r3, #0]
10000f18:	bdf8      	pop	{r3, r4, r5, r6, r7, pc}
10000f1a:	2001      	movs	r0, #1
10000f1c:	e7dd      	b.n	10000eda <alarm_pool_add_alarm_at+0x72>
10000f1e:	f3bf 8f5f 	dmb	sy
10000f22:	2300      	movs	r3, #0
10000f24:	6013      	str	r3, [r2, #0]
10000f26:	f380 8810 	msr	PRIMASK, r0
10000f2a:	2001      	movs	r0, #1
10000f2c:	4240      	negs	r0, r0
10000f2e:	e7f3      	b.n	10000f18 <alarm_pool_add_alarm_at+0xb0>
10000f30:	2000      	movs	r0, #0
10000f32:	e7f1      	b.n	10000f18 <alarm_pool_add_alarm_at+0xb0>
10000f34:	0000203c 	.word	0x0000203c

10000f38 <alarm_pool_add_alarm_at_force_in_context>:
10000f38:	b570      	push	{r4, r5, r6, lr}
10000f3a:	0001      	movs	r1, r0
10000f3c:	6904      	ldr	r4, [r0, #16]
10000f3e:	f3ef 8c10 	mrs	ip, PRIMASK
10000f42:	b672      	cpsid	i
10000f44:	6820      	ldr	r0, [r4, #0]
10000f46:	2800      	cmp	r0, #0
10000f48:	d0fc      	beq.n	10000f44 <alarm_pool_add_alarm_at_force_in_context+0xc>
10000f4a:	f3bf 8f5f 	dmb	sy
10000f4e:	2002      	movs	r0, #2
10000f50:	5e0d      	ldrsh	r5, [r1, r0]
10000f52:	694c      	ldr	r4, [r1, #20]
10000f54:	0068      	lsls	r0, r5, #1
10000f56:	1940      	adds	r0, r0, r5
10000f58:	00c0      	lsls	r0, r0, #3
10000f5a:	1824      	adds	r4, r4, r0
10000f5c:	6908      	ldr	r0, [r1, #16]
10000f5e:	2d00      	cmp	r5, #0
10000f60:	db36      	blt.n	10000fd0 <alarm_pool_add_alarm_at_force_in_context+0x98>
10000f62:	8826      	ldrh	r6, [r4, #0]
10000f64:	804e      	strh	r6, [r1, #2]
10000f66:	f3bf 8f5f 	dmb	sy
10000f6a:	2600      	movs	r6, #0
10000f6c:	6006      	str	r6, [r0, #0]
10000f6e:	f38c 8810 	msr	PRIMASK, ip
10000f72:	60e3      	str	r3, [r4, #12]
10000f74:	8863      	ldrh	r3, [r4, #2]
10000f76:	9804      	ldr	r0, [sp, #16]
10000f78:	3301      	adds	r3, #1
10000f7a:	6120      	str	r0, [r4, #16]
10000f7c:	045b      	lsls	r3, r3, #17
10000f7e:	9805      	ldr	r0, [sp, #20]
10000f80:	0c5b      	lsrs	r3, r3, #17
10000f82:	60a2      	str	r2, [r4, #8]
10000f84:	6160      	str	r0, [r4, #20]
10000f86:	1c1a      	adds	r2, r3, #0
10000f88:	2b00      	cmp	r3, #0
10000f8a:	d01f      	beq.n	10000fcc <alarm_pool_add_alarm_at_force_in_context+0x94>
10000f8c:	b293      	uxth	r3, r2
10000f8e:	0428      	lsls	r0, r5, #16
10000f90:	8062      	strh	r2, [r4, #2]
10000f92:	4318      	orrs	r0, r3
10000f94:	690a      	ldr	r2, [r1, #16]
10000f96:	f3ef 8c10 	mrs	ip, PRIMASK
10000f9a:	b672      	cpsid	i
10000f9c:	6813      	ldr	r3, [r2, #0]
10000f9e:	2b00      	cmp	r3, #0
10000fa0:	d0fc      	beq.n	10000f9c <alarm_pool_add_alarm_at_force_in_context+0x64>
10000fa2:	f3bf 8f5f 	dmb	sy
10000fa6:	888b      	ldrh	r3, [r1, #4]
10000fa8:	8023      	strh	r3, [r4, #0]
10000faa:	808d      	strh	r5, [r1, #4]
10000fac:	690b      	ldr	r3, [r1, #16]
10000fae:	f3bf 8f5f 	dmb	sy
10000fb2:	2200      	movs	r2, #0
10000fb4:	601a      	str	r2, [r3, #0]
10000fb6:	f38c 8810 	msr	PRIMASK, ip
10000fba:	780b      	ldrb	r3, [r1, #0]
10000fbc:	3201      	adds	r2, #1
10000fbe:	409a      	lsls	r2, r3
10000fc0:	68cb      	ldr	r3, [r1, #12]
10000fc2:	4908      	ldr	r1, [pc, #32]	@ (10000fe4 <alarm_pool_add_alarm_at_force_in_context+0xac>)
10000fc4:	468c      	mov	ip, r1
10000fc6:	4463      	add	r3, ip
10000fc8:	601a      	str	r2, [r3, #0]
10000fca:	bd70      	pop	{r4, r5, r6, pc}
10000fcc:	2201      	movs	r2, #1
10000fce:	e7dd      	b.n	10000f8c <alarm_pool_add_alarm_at_force_in_context+0x54>
10000fd0:	f3bf 8f5f 	dmb	sy
10000fd4:	2300      	movs	r3, #0
10000fd6:	6003      	str	r3, [r0, #0]
10000fd8:	f38c 8810 	msr	PRIMASK, ip
10000fdc:	2001      	movs	r0, #1
10000fde:	4240      	negs	r0, r0
10000fe0:	e7f3      	b.n	10000fca <alarm_pool_add_alarm_at_force_in_context+0x92>
10000fe2:	46c0      	nop			@ (mov r8, r8)
10000fe4:	0000203c 	.word	0x0000203c

10000fe8 <alarm_pool_cancel_alarm>:
10000fe8:	b510      	push	{r4, lr}
10000fea:	8943      	ldrh	r3, [r0, #10]
10000fec:	140a      	asrs	r2, r1, #16
10000fee:	4293      	cmp	r3, r2
10000ff0:	dd1a      	ble.n	10001028 <alarm_pool_cancel_alarm+0x40>
10000ff2:	0053      	lsls	r3, r2, #1
10000ff4:	189b      	adds	r3, r3, r2
10000ff6:	6942      	ldr	r2, [r0, #20]
10000ff8:	00db      	lsls	r3, r3, #3
10000ffa:	18d3      	adds	r3, r2, r3
10000ffc:	6904      	ldr	r4, [r0, #16]
10000ffe:	f3ef 8c10 	mrs	ip, PRIMASK
10001002:	b672      	cpsid	i
10001004:	6822      	ldr	r2, [r4, #0]
10001006:	2a00      	cmp	r2, #0
10001008:	d0fc      	beq.n	10001004 <alarm_pool_cancel_alarm+0x1c>
1000100a:	f3bf 8f5f 	dmb	sy
1000100e:	885a      	ldrh	r2, [r3, #2]
10001010:	0409      	lsls	r1, r1, #16
10001012:	b294      	uxth	r4, r2
10001014:	0c09      	lsrs	r1, r1, #16
10001016:	428a      	cmp	r2, r1
10001018:	d008      	beq.n	1000102c <alarm_pool_cancel_alarm+0x44>
1000101a:	6903      	ldr	r3, [r0, #16]
1000101c:	f3bf 8f5f 	dmb	sy
10001020:	2200      	movs	r2, #0
10001022:	601a      	str	r2, [r3, #0]
10001024:	f38c 8810 	msr	PRIMASK, ip
10001028:	2000      	movs	r0, #0
1000102a:	bd10      	pop	{r4, pc}
1000102c:	2280      	movs	r2, #128	@ 0x80
1000102e:	0212      	lsls	r2, r2, #8
10001030:	4314      	orrs	r4, r2
10001032:	805c      	strh	r4, [r3, #2]
10001034:	2301      	movs	r3, #1
10001036:	6902      	ldr	r2, [r0, #16]
10001038:	7183      	strb	r3, [r0, #6]
1000103a:	f3bf 8f5f 	dmb	sy
1000103e:	2100      	movs	r1, #0
10001040:	6011      	str	r1, [r2, #0]
10001042:	f38c 8810 	msr	PRIMASK, ip
10001046:	4904      	ldr	r1, [pc, #16]	@ (10001058 <alarm_pool_cancel_alarm+0x70>)
10001048:	7802      	ldrb	r2, [r0, #0]
1000104a:	468c      	mov	ip, r1
1000104c:	4093      	lsls	r3, r2
1000104e:	68c2      	ldr	r2, [r0, #12]
10001050:	2001      	movs	r0, #1
10001052:	4462      	add	r2, ip
10001054:	6013      	str	r3, [r2, #0]
10001056:	e7e8      	b.n	1000102a <alarm_pool_cancel_alarm+0x42>
10001058:	0000203c 	.word	0x0000203c

1000105c <alarm_pool_core_num>:
1000105c:	7840      	ldrb	r0, [r0, #1]
1000105e:	4770      	bx	lr

10001060 <sleep_ms>:
10001060:	b5f0      	push	{r4, r5, r6, r7, lr}
10001062:	46ce      	mov	lr, r9
10001064:	4647      	mov	r7, r8
10001066:	b580      	push	{r7, lr}
10001068:	b083      	sub	sp, #12
1000106a:	0004      	movs	r4, r0
1000106c:	f000 f90c 	bl	10001288 <time_us_64>
10001070:	22fa      	movs	r2, #250	@ 0xfa
10001072:	0006      	movs	r6, r0
10001074:	000f      	movs	r7, r1
10001076:	0020      	movs	r0, r4
10001078:	2300      	movs	r3, #0
1000107a:	2100      	movs	r1, #0
1000107c:	0092      	lsls	r2, r2, #2
1000107e:	f000 ffed 	bl	1000205c <__wrap___aeabi_lmul>
10001082:	1980      	adds	r0, r0, r6
10001084:	4179      	adcs	r1, r7
10001086:	0004      	movs	r4, r0
10001088:	1e0d      	subs	r5, r1, #0
1000108a:	da02      	bge.n	10001092 <sleep_ms+0x32>
1000108c:	2401      	movs	r4, #1
1000108e:	4d2d      	ldr	r5, [pc, #180]	@ (10001144 <sleep_ms+0xe4>)
10001090:	4264      	negs	r4, r4
10001092:	2696      	movs	r6, #150	@ 0x96
10001094:	4276      	negs	r6, r6
10001096:	17f7      	asrs	r7, r6, #31
10001098:	1936      	adds	r6, r6, r4
1000109a:	416f      	adcs	r7, r5
1000109c:	42af      	cmp	r7, r5
1000109e:	d815      	bhi.n	100010cc <sleep_ms+0x6c>
100010a0:	d012      	beq.n	100010c8 <sleep_ms+0x68>
100010a2:	f000 f8f1 	bl	10001288 <time_us_64>
100010a6:	0032      	movs	r2, r6
100010a8:	003b      	movs	r3, r7
100010aa:	1a12      	subs	r2, r2, r0
100010ac:	418b      	sbcs	r3, r1
100010ae:	2b00      	cmp	r3, #0
100010b0:	dc18      	bgt.n	100010e4 <sleep_ms+0x84>
100010b2:	2b00      	cmp	r3, #0
100010b4:	d043      	beq.n	1000113e <sleep_ms+0xde>
100010b6:	0020      	movs	r0, r4
100010b8:	0029      	movs	r1, r5
100010ba:	f000 f8ef 	bl	1000129c <busy_wait_until>
100010be:	b003      	add	sp, #12
100010c0:	bcc0      	pop	{r6, r7}
100010c2:	46b9      	mov	r9, r7
100010c4:	46b0      	mov	r8, r6
100010c6:	bdf0      	pop	{r4, r5, r6, r7, pc}
100010c8:	42a6      	cmp	r6, r4
100010ca:	d9ea      	bls.n	100010a2 <sleep_ms+0x42>
100010cc:	2200      	movs	r2, #0
100010ce:	2300      	movs	r3, #0
100010d0:	0016      	movs	r6, r2
100010d2:	001f      	movs	r7, r3
100010d4:	f000 f8d8 	bl	10001288 <time_us_64>
100010d8:	0032      	movs	r2, r6
100010da:	003b      	movs	r3, r7
100010dc:	1a12      	subs	r2, r2, r0
100010de:	418b      	sbcs	r3, r1
100010e0:	2b00      	cmp	r3, #0
100010e2:	dde6      	ble.n	100010b2 <sleep_ms+0x52>
100010e4:	f000 f8d0 	bl	10001288 <time_us_64>
100010e8:	0032      	movs	r2, r6
100010ea:	003b      	movs	r3, r7
100010ec:	1a12      	subs	r2, r2, r0
100010ee:	418b      	sbcs	r3, r1
100010f0:	2b00      	cmp	r3, #0
100010f2:	db0a      	blt.n	1000110a <sleep_ms+0xaa>
100010f4:	2300      	movs	r3, #0
100010f6:	9301      	str	r3, [sp, #4]
100010f8:	4b13      	ldr	r3, [pc, #76]	@ (10001148 <sleep_ms+0xe8>)
100010fa:	0032      	movs	r2, r6
100010fc:	9300      	str	r3, [sp, #0]
100010fe:	4813      	ldr	r0, [pc, #76]	@ (1000114c <sleep_ms+0xec>)
10001100:	003b      	movs	r3, r7
10001102:	f7ff ff19 	bl	10000f38 <alarm_pool_add_alarm_at_force_in_context>
10001106:	3001      	adds	r0, #1
10001108:	d0d5      	beq.n	100010b6 <sleep_ms+0x56>
1000110a:	4b11      	ldr	r3, [pc, #68]	@ (10001150 <sleep_ms+0xf0>)
1000110c:	46b1      	mov	r9, r6
1000110e:	4698      	mov	r8, r3
10001110:	4e10      	ldr	r6, [pc, #64]	@ (10001154 <sleep_ms+0xf4>)
10001112:	6a73      	ldr	r3, [r6, #36]	@ 0x24
10001114:	429f      	cmp	r7, r3
10001116:	d804      	bhi.n	10001122 <sleep_ms+0xc2>
10001118:	6ab2      	ldr	r2, [r6, #40]	@ 0x28
1000111a:	454a      	cmp	r2, r9
1000111c:	d2cb      	bcs.n	100010b6 <sleep_ms+0x56>
1000111e:	429f      	cmp	r7, r3
10001120:	d1c9      	bne.n	100010b6 <sleep_ms+0x56>
10001122:	4643      	mov	r3, r8
10001124:	681a      	ldr	r2, [r3, #0]
10001126:	f3ef 8110 	mrs	r1, PRIMASK
1000112a:	b672      	cpsid	i
1000112c:	6813      	ldr	r3, [r2, #0]
1000112e:	2b00      	cmp	r3, #0
10001130:	d0fc      	beq.n	1000112c <sleep_ms+0xcc>
10001132:	f3bf 8f5f 	dmb	sy
10001136:	4640      	mov	r0, r8
10001138:	f005 fca0 	bl	10006a7c <vPortLockInternalSpinUnlockWithWait>
1000113c:	e7e9      	b.n	10001112 <sleep_ms+0xb2>
1000113e:	2a00      	cmp	r2, #0
10001140:	d0b9      	beq.n	100010b6 <sleep_ms+0x56>
10001142:	e7cf      	b.n	100010e4 <sleep_ms+0x84>
10001144:	7fffffff 	.word	0x7fffffff
10001148:	10000d61 	.word	0x10000d61
1000114c:	20001034 	.word	0x20001034
10001150:	20002384 	.word	0x20002384
10001154:	40054000 	.word	0x40054000

10001158 <best_effort_wfe_or_timeout>:
10001158:	b5f0      	push	{r4, r5, r6, r7, lr}
1000115a:	4657      	mov	r7, sl
1000115c:	464e      	mov	r6, r9
1000115e:	46de      	mov	lr, fp
10001160:	4645      	mov	r5, r8
10001162:	b5e0      	push	{r5, r6, r7, lr}
10001164:	0006      	movs	r6, r0
10001166:	000f      	movs	r7, r1
10001168:	b085      	sub	sp, #20
1000116a:	f3ef 8305 	mrs	r3, IPSR
1000116e:	4699      	mov	r9, r3
10001170:	468b      	mov	fp, r1
10001172:	2b00      	cmp	r3, #0
10001174:	d012      	beq.n	1000119c <best_effort_wfe_or_timeout+0x44>
10001176:	4938      	ldr	r1, [pc, #224]	@ (10001258 <best_effort_wfe_or_timeout+0x100>)
10001178:	2000      	movs	r0, #0
1000117a:	6a4b      	ldr	r3, [r1, #36]	@ 0x24
1000117c:	42bb      	cmp	r3, r7
1000117e:	d306      	bcc.n	1000118e <best_effort_wfe_or_timeout+0x36>
10001180:	6a8a      	ldr	r2, [r1, #40]	@ 0x28
10001182:	1bdb      	subs	r3, r3, r7
10001184:	1e59      	subs	r1, r3, #1
10001186:	418b      	sbcs	r3, r1
10001188:	42b2      	cmp	r2, r6
1000118a:	4140      	adcs	r0, r0
1000118c:	4318      	orrs	r0, r3
1000118e:	b005      	add	sp, #20
10001190:	bcf0      	pop	{r4, r5, r6, r7}
10001192:	46bb      	mov	fp, r7
10001194:	46b2      	mov	sl, r6
10001196:	46a9      	mov	r9, r5
10001198:	46a0      	mov	r8, r4
1000119a:	bdf0      	pop	{r4, r5, r6, r7, pc}
1000119c:	4b2f      	ldr	r3, [pc, #188]	@ (1000125c <best_effort_wfe_or_timeout+0x104>)
1000119e:	469a      	mov	sl, r3
100011a0:	68db      	ldr	r3, [r3, #12]
100011a2:	4698      	mov	r8, r3
100011a4:	4653      	mov	r3, sl
100011a6:	781b      	ldrb	r3, [r3, #0]
100011a8:	4640      	mov	r0, r8
100011aa:	9303      	str	r3, [sp, #12]
100011ac:	f000 f864 	bl	10001278 <timer_time_us_64>
100011b0:	4642      	mov	r2, r8
100011b2:	9b03      	ldr	r3, [sp, #12]
100011b4:	0004      	movs	r4, r0
100011b6:	3304      	adds	r3, #4
100011b8:	009b      	lsls	r3, r3, #2
100011ba:	589b      	ldr	r3, [r3, r2]
100011bc:	000d      	movs	r5, r1
100011be:	1a1b      	subs	r3, r3, r0
100011c0:	0039      	movs	r1, r7
100011c2:	0030      	movs	r0, r6
100011c4:	1b00      	subs	r0, r0, r4
100011c6:	41a9      	sbcs	r1, r5
100011c8:	4589      	cmp	r9, r1
100011ca:	dc10      	bgt.n	100011ee <best_effort_wfe_or_timeout+0x96>
100011cc:	d00d      	beq.n	100011ea <best_effort_wfe_or_timeout+0x92>
100011ce:	bf20      	wfe
100011d0:	4a21      	ldr	r2, [pc, #132]	@ (10001258 <best_effort_wfe_or_timeout+0x100>)
100011d2:	2000      	movs	r0, #0
100011d4:	6a53      	ldr	r3, [r2, #36]	@ 0x24
100011d6:	455b      	cmp	r3, fp
100011d8:	d3d9      	bcc.n	1000118e <best_effort_wfe_or_timeout+0x36>
100011da:	6a92      	ldr	r2, [r2, #40]	@ 0x28
100011dc:	1bdb      	subs	r3, r3, r7
100011de:	1e59      	subs	r1, r3, #1
100011e0:	418b      	sbcs	r3, r1
100011e2:	42b2      	cmp	r2, r6
100011e4:	4140      	adcs	r0, r0
100011e6:	4318      	orrs	r0, r3
100011e8:	e7d1      	b.n	1000118e <best_effort_wfe_or_timeout+0x36>
100011ea:	4283      	cmp	r3, r0
100011ec:	d9ef      	bls.n	100011ce <best_effort_wfe_or_timeout+0x76>
100011ee:	f000 f84b 	bl	10001288 <time_us_64>
100011f2:	0032      	movs	r2, r6
100011f4:	003b      	movs	r3, r7
100011f6:	1a12      	subs	r2, r2, r0
100011f8:	418b      	sbcs	r3, r1
100011fa:	2b00      	cmp	r3, #0
100011fc:	db1a      	blt.n	10001234 <best_effort_wfe_or_timeout+0xdc>
100011fe:	2300      	movs	r3, #0
10001200:	9301      	str	r3, [sp, #4]
10001202:	4b17      	ldr	r3, [pc, #92]	@ (10001260 <best_effort_wfe_or_timeout+0x108>)
10001204:	0032      	movs	r2, r6
10001206:	9300      	str	r3, [sp, #0]
10001208:	4650      	mov	r0, sl
1000120a:	003b      	movs	r3, r7
1000120c:	f7ff fe94 	bl	10000f38 <alarm_pool_add_alarm_at_force_in_context>
10001210:	1e01      	subs	r1, r0, #0
10001212:	dd0f      	ble.n	10001234 <best_effort_wfe_or_timeout+0xdc>
10001214:	4b10      	ldr	r3, [pc, #64]	@ (10001258 <best_effort_wfe_or_timeout+0x100>)
10001216:	6a5a      	ldr	r2, [r3, #36]	@ 0x24
10001218:	455a      	cmp	r2, fp
1000121a:	d31b      	bcc.n	10001254 <best_effort_wfe_or_timeout+0xfc>
1000121c:	6a9b      	ldr	r3, [r3, #40]	@ 0x28
1000121e:	42b3      	cmp	r3, r6
10001220:	d316      	bcc.n	10001250 <best_effort_wfe_or_timeout+0xf8>
10001222:	4650      	mov	r0, sl
10001224:	f7ff fee0 	bl	10000fe8 <alarm_pool_cancel_alarm>
10001228:	4a0b      	ldr	r2, [pc, #44]	@ (10001258 <best_effort_wfe_or_timeout+0x100>)
1000122a:	2000      	movs	r0, #0
1000122c:	6a53      	ldr	r3, [r2, #36]	@ 0x24
1000122e:	455b      	cmp	r3, fp
10001230:	d3ad      	bcc.n	1000118e <best_effort_wfe_or_timeout+0x36>
10001232:	e7d2      	b.n	100011da <best_effort_wfe_or_timeout+0x82>
10001234:	4a08      	ldr	r2, [pc, #32]	@ (10001258 <best_effort_wfe_or_timeout+0x100>)
10001236:	2000      	movs	r0, #0
10001238:	6a53      	ldr	r3, [r2, #36]	@ 0x24
1000123a:	455b      	cmp	r3, fp
1000123c:	d3a7      	bcc.n	1000118e <best_effort_wfe_or_timeout+0x36>
1000123e:	2000      	movs	r0, #0
10001240:	6a92      	ldr	r2, [r2, #40]	@ 0x28
10001242:	1bdb      	subs	r3, r3, r7
10001244:	42b2      	cmp	r2, r6
10001246:	4140      	adcs	r0, r0
10001248:	1e5a      	subs	r2, r3, #1
1000124a:	4193      	sbcs	r3, r2
1000124c:	4318      	orrs	r0, r3
1000124e:	e79e      	b.n	1000118e <best_effort_wfe_or_timeout+0x36>
10001250:	455a      	cmp	r2, fp
10001252:	d1e6      	bne.n	10001222 <best_effort_wfe_or_timeout+0xca>
10001254:	bf20      	wfe
10001256:	e7e4      	b.n	10001222 <best_effort_wfe_or_timeout+0xca>
10001258:	40054000 	.word	0x40054000
1000125c:	20001034 	.word	0x20001034
10001260:	10000d61 	.word	0x10000d61

10001264 <timer_hardware_alarm_claim>:
10001264:	b510      	push	{r4, lr}
10001266:	4a02      	ldr	r2, [pc, #8]	@ (10001270 <timer_hardware_alarm_claim+0xc>)
10001268:	4802      	ldr	r0, [pc, #8]	@ (10001274 <timer_hardware_alarm_claim+0x10>)
1000126a:	f7ff f921 	bl	100004b0 <hw_claim_or_assert>
1000126e:	bd10      	pop	{r4, pc}
10001270:	10009b70 	.word	0x10009b70
10001274:	20001b3c 	.word	0x20001b3c

10001278 <timer_time_us_64>:
10001278:	0003      	movs	r3, r0
1000127a:	6a41      	ldr	r1, [r0, #36]	@ 0x24
1000127c:	000a      	movs	r2, r1
1000127e:	6a98      	ldr	r0, [r3, #40]	@ 0x28
10001280:	6a59      	ldr	r1, [r3, #36]	@ 0x24
10001282:	428a      	cmp	r2, r1
10001284:	d1fa      	bne.n	1000127c <timer_time_us_64+0x4>
10001286:	4770      	bx	lr

10001288 <time_us_64>:
10001288:	4b03      	ldr	r3, [pc, #12]	@ (10001298 <time_us_64+0x10>)
1000128a:	6a59      	ldr	r1, [r3, #36]	@ 0x24
1000128c:	000a      	movs	r2, r1
1000128e:	6a98      	ldr	r0, [r3, #40]	@ 0x28
10001290:	6a59      	ldr	r1, [r3, #36]	@ 0x24
10001292:	4291      	cmp	r1, r2
10001294:	d1fa      	bne.n	1000128c <time_us_64+0x4>
10001296:	4770      	bx	lr
10001298:	40054000 	.word	0x40054000

1000129c <busy_wait_until>:
1000129c:	4a06      	ldr	r2, [pc, #24]	@ (100012b8 <busy_wait_until+0x1c>)
1000129e:	6a53      	ldr	r3, [r2, #36]	@ 0x24
100012a0:	4299      	cmp	r1, r3
100012a2:	d8fc      	bhi.n	1000129e <busy_wait_until+0x2>
100012a4:	d107      	bne.n	100012b6 <busy_wait_until+0x1a>
100012a6:	4b04      	ldr	r3, [pc, #16]	@ (100012b8 <busy_wait_until+0x1c>)
100012a8:	e002      	b.n	100012b0 <busy_wait_until+0x14>
100012aa:	6a5a      	ldr	r2, [r3, #36]	@ 0x24
100012ac:	4291      	cmp	r1, r2
100012ae:	d102      	bne.n	100012b6 <busy_wait_until+0x1a>
100012b0:	6a9a      	ldr	r2, [r3, #40]	@ 0x28
100012b2:	4290      	cmp	r0, r2
100012b4:	d8f9      	bhi.n	100012aa <busy_wait_until+0xe>
100012b6:	4770      	bx	lr
100012b8:	40054000 	.word	0x40054000

100012bc <clock_configure_int_divider>:
100012bc:	b5f8      	push	{r3, r4, r5, r6, r7, lr}
100012be:	46de      	mov	lr, fp
100012c0:	464e      	mov	r6, r9
100012c2:	4657      	mov	r7, sl
100012c4:	4645      	mov	r5, r8
100012c6:	b5e0      	push	{r5, r6, r7, lr}
100012c8:	468b      	mov	fp, r1
100012ca:	0005      	movs	r5, r0
100012cc:	990a      	ldr	r1, [sp, #40]	@ 0x28
100012ce:	0018      	movs	r0, r3
100012d0:	0016      	movs	r6, r2
100012d2:	f000 fb49 	bl	10001968 <__wrap___aeabi_uidiv>
100012d6:	9b0a      	ldr	r3, [sp, #40]	@ 0x28
100012d8:	006c      	lsls	r4, r5, #1
100012da:	021f      	lsls	r7, r3, #8
100012dc:	4b32      	ldr	r3, [pc, #200]	@ (100013a8 <clock_configure_int_divider+0xec>)
100012de:	1964      	adds	r4, r4, r5
100012e0:	469c      	mov	ip, r3
100012e2:	00a4      	lsls	r4, r4, #2
100012e4:	4464      	add	r4, ip
100012e6:	6863      	ldr	r3, [r4, #4]
100012e8:	4681      	mov	r9, r0
100012ea:	429f      	cmp	r7, r3
100012ec:	d900      	bls.n	100012f0 <clock_configure_int_divider+0x34>
100012ee:	6067      	str	r7, [r4, #4]
100012f0:	1f2b      	subs	r3, r5, #4
100012f2:	b2db      	uxtb	r3, r3
100012f4:	4698      	mov	r8, r3
100012f6:	2b01      	cmp	r3, #1
100012f8:	d930      	bls.n	1000135c <clock_configure_int_divider+0xa0>
100012fa:	23c0      	movs	r3, #192	@ 0xc0
100012fc:	2280      	movs	r2, #128	@ 0x80
100012fe:	019b      	lsls	r3, r3, #6
10001300:	18e3      	adds	r3, r4, r3
10001302:	0112      	lsls	r2, r2, #4
10001304:	601a      	str	r2, [r3, #0]
10001306:	4b29      	ldr	r3, [pc, #164]	@ (100013ac <clock_configure_int_divider+0xf0>)
10001308:	00ad      	lsls	r5, r5, #2
1000130a:	5959      	ldr	r1, [r3, r5]
1000130c:	469a      	mov	sl, r3
1000130e:	2900      	cmp	r1, #0
10001310:	d11b      	bne.n	1000134a <clock_configure_int_divider+0x8e>
10001312:	0173      	lsls	r3, r6, #5
10001314:	26e0      	movs	r6, #224	@ 0xe0
10001316:	6822      	ldr	r2, [r4, #0]
10001318:	4053      	eors	r3, r2
1000131a:	401e      	ands	r6, r3
1000131c:	2380      	movs	r3, #128	@ 0x80
1000131e:	4642      	mov	r2, r8
10001320:	015b      	lsls	r3, r3, #5
10001322:	18e3      	adds	r3, r4, r3
10001324:	601e      	str	r6, [r3, #0]
10001326:	2a01      	cmp	r2, #1
10001328:	d930      	bls.n	1000138c <clock_configure_int_divider+0xd0>
1000132a:	2380      	movs	r3, #128	@ 0x80
1000132c:	2280      	movs	r2, #128	@ 0x80
1000132e:	019b      	lsls	r3, r3, #6
10001330:	18e3      	adds	r3, r4, r3
10001332:	0112      	lsls	r2, r2, #4
10001334:	601a      	str	r2, [r3, #0]
10001336:	4653      	mov	r3, sl
10001338:	464a      	mov	r2, r9
1000133a:	6067      	str	r7, [r4, #4]
1000133c:	515a      	str	r2, [r3, r5]
1000133e:	bcf0      	pop	{r4, r5, r6, r7}
10001340:	46bb      	mov	fp, r7
10001342:	46b2      	mov	sl, r6
10001344:	46a9      	mov	r9, r5
10001346:	46a0      	mov	r8, r4
10001348:	bdf8      	pop	{r3, r4, r5, r6, r7, pc}
1000134a:	6958      	ldr	r0, [r3, #20]
1000134c:	f000 fb0c 	bl	10001968 <__wrap___aeabi_uidiv>
10001350:	3001      	adds	r0, #1
10001352:	0043      	lsls	r3, r0, #1
10001354:	181b      	adds	r3, r3, r0
10001356:	3b03      	subs	r3, #3
10001358:	d2fd      	bcs.n	10001356 <clock_configure_int_divider+0x9a>
1000135a:	e7da      	b.n	10001312 <clock_configure_int_divider+0x56>
1000135c:	465b      	mov	r3, fp
1000135e:	2b01      	cmp	r3, #1
10001360:	d1cb      	bne.n	100012fa <clock_configure_int_divider+0x3e>
10001362:	23c0      	movs	r3, #192	@ 0xc0
10001364:	2203      	movs	r2, #3
10001366:	019b      	lsls	r3, r3, #6
10001368:	18e3      	adds	r3, r4, r3
1000136a:	601a      	str	r2, [r3, #0]
1000136c:	3a02      	subs	r2, #2
1000136e:	68a3      	ldr	r3, [r4, #8]
10001370:	421a      	tst	r2, r3
10001372:	d0fc      	beq.n	1000136e <clock_configure_int_divider+0xb2>
10001374:	0173      	lsls	r3, r6, #5
10001376:	26e0      	movs	r6, #224	@ 0xe0
10001378:	6822      	ldr	r2, [r4, #0]
1000137a:	00ad      	lsls	r5, r5, #2
1000137c:	4053      	eors	r3, r2
1000137e:	401e      	ands	r6, r3
10001380:	2380      	movs	r3, #128	@ 0x80
10001382:	4a0a      	ldr	r2, [pc, #40]	@ (100013ac <clock_configure_int_divider+0xf0>)
10001384:	015b      	lsls	r3, r3, #5
10001386:	4692      	mov	sl, r2
10001388:	18e3      	adds	r3, r4, r3
1000138a:	601e      	str	r6, [r3, #0]
1000138c:	465a      	mov	r2, fp
1000138e:	6821      	ldr	r1, [r4, #0]
10001390:	4051      	eors	r1, r2
10001392:	2203      	movs	r2, #3
10001394:	400a      	ands	r2, r1
10001396:	601a      	str	r2, [r3, #0]
10001398:	2201      	movs	r2, #1
1000139a:	465b      	mov	r3, fp
1000139c:	409a      	lsls	r2, r3
1000139e:	68a3      	ldr	r3, [r4, #8]
100013a0:	421a      	tst	r2, r3
100013a2:	d0fc      	beq.n	1000139e <clock_configure_int_divider+0xe2>
100013a4:	e7c1      	b.n	1000132a <clock_configure_int_divider+0x6e>
100013a6:	46c0      	nop			@ (mov r8, r8)
100013a8:	40008000 	.word	0x40008000
100013ac:	20001b40 	.word	0x20001b40

100013b0 <clock_configure_undivided>:
100013b0:	b5f0      	push	{r4, r5, r6, r7, lr}
100013b2:	4646      	mov	r6, r8
100013b4:	464f      	mov	r7, r9
100013b6:	46d6      	mov	lr, sl
100013b8:	b5c0      	push	{r6, r7, lr}
100013ba:	001f      	movs	r7, r3
100013bc:	4b34      	ldr	r3, [pc, #208]	@ (10001490 <clock_configure_undivided+0xe0>)
100013be:	0044      	lsls	r4, r0, #1
100013c0:	469c      	mov	ip, r3
100013c2:	1824      	adds	r4, r4, r0
100013c4:	00a4      	lsls	r4, r4, #2
100013c6:	4464      	add	r4, ip
100013c8:	6863      	ldr	r3, [r4, #4]
100013ca:	4688      	mov	r8, r1
100013cc:	0016      	movs	r6, r2
100013ce:	2bff      	cmp	r3, #255	@ 0xff
100013d0:	d802      	bhi.n	100013d8 <clock_configure_undivided+0x28>
100013d2:	2380      	movs	r3, #128	@ 0x80
100013d4:	005b      	lsls	r3, r3, #1
100013d6:	6063      	str	r3, [r4, #4]
100013d8:	1f03      	subs	r3, r0, #4
100013da:	b2db      	uxtb	r3, r3
100013dc:	469a      	mov	sl, r3
100013de:	2b01      	cmp	r3, #1
100013e0:	d930      	bls.n	10001444 <clock_configure_undivided+0x94>
100013e2:	23c0      	movs	r3, #192	@ 0xc0
100013e4:	2280      	movs	r2, #128	@ 0x80
100013e6:	019b      	lsls	r3, r3, #6
100013e8:	18e3      	adds	r3, r4, r3
100013ea:	0112      	lsls	r2, r2, #4
100013ec:	601a      	str	r2, [r3, #0]
100013ee:	4b29      	ldr	r3, [pc, #164]	@ (10001494 <clock_configure_undivided+0xe4>)
100013f0:	0085      	lsls	r5, r0, #2
100013f2:	5959      	ldr	r1, [r3, r5]
100013f4:	4699      	mov	r9, r3
100013f6:	2900      	cmp	r1, #0
100013f8:	d11b      	bne.n	10001432 <clock_configure_undivided+0x82>
100013fa:	0173      	lsls	r3, r6, #5
100013fc:	26e0      	movs	r6, #224	@ 0xe0
100013fe:	6822      	ldr	r2, [r4, #0]
10001400:	4053      	eors	r3, r2
10001402:	401e      	ands	r6, r3
10001404:	2380      	movs	r3, #128	@ 0x80
10001406:	4652      	mov	r2, sl
10001408:	015b      	lsls	r3, r3, #5
1000140a:	18e3      	adds	r3, r4, r3
1000140c:	601e      	str	r6, [r3, #0]
1000140e:	2a01      	cmp	r2, #1
10001410:	d930      	bls.n	10001474 <clock_configure_undivided+0xc4>
10001412:	2380      	movs	r3, #128	@ 0x80
10001414:	2280      	movs	r2, #128	@ 0x80
10001416:	019b      	lsls	r3, r3, #6
10001418:	18e3      	adds	r3, r4, r3
1000141a:	0112      	lsls	r2, r2, #4
1000141c:	601a      	str	r2, [r3, #0]
1000141e:	2380      	movs	r3, #128	@ 0x80
10001420:	005b      	lsls	r3, r3, #1
10001422:	6063      	str	r3, [r4, #4]
10001424:	464b      	mov	r3, r9
10001426:	515f      	str	r7, [r3, r5]
10001428:	bce0      	pop	{r5, r6, r7}
1000142a:	46ba      	mov	sl, r7
1000142c:	46b1      	mov	r9, r6
1000142e:	46a8      	mov	r8, r5
10001430:	bdf0      	pop	{r4, r5, r6, r7, pc}
10001432:	6958      	ldr	r0, [r3, #20]
10001434:	f000 fa98 	bl	10001968 <__wrap___aeabi_uidiv>
10001438:	3001      	adds	r0, #1
1000143a:	0043      	lsls	r3, r0, #1
1000143c:	181b      	adds	r3, r3, r0
1000143e:	3b03      	subs	r3, #3
10001440:	d2fd      	bcs.n	1000143e <clock_configure_undivided+0x8e>
10001442:	e7da      	b.n	100013fa <clock_configure_undivided+0x4a>
10001444:	4643      	mov	r3, r8
10001446:	2b01      	cmp	r3, #1
10001448:	d1cb      	bne.n	100013e2 <clock_configure_undivided+0x32>
1000144a:	23c0      	movs	r3, #192	@ 0xc0
1000144c:	2203      	movs	r2, #3
1000144e:	019b      	lsls	r3, r3, #6
10001450:	18e3      	adds	r3, r4, r3
10001452:	601a      	str	r2, [r3, #0]
10001454:	3a02      	subs	r2, #2
10001456:	68a3      	ldr	r3, [r4, #8]
10001458:	421a      	tst	r2, r3
1000145a:	d0fc      	beq.n	10001456 <clock_configure_undivided+0xa6>
1000145c:	0173      	lsls	r3, r6, #5
1000145e:	26e0      	movs	r6, #224	@ 0xe0
10001460:	6822      	ldr	r2, [r4, #0]
10001462:	0085      	lsls	r5, r0, #2
10001464:	4053      	eors	r3, r2
10001466:	401e      	ands	r6, r3
10001468:	2380      	movs	r3, #128	@ 0x80
1000146a:	4a0a      	ldr	r2, [pc, #40]	@ (10001494 <clock_configure_undivided+0xe4>)
1000146c:	015b      	lsls	r3, r3, #5
1000146e:	4691      	mov	r9, r2
10001470:	18e3      	adds	r3, r4, r3
10001472:	601e      	str	r6, [r3, #0]
10001474:	4642      	mov	r2, r8
10001476:	6821      	ldr	r1, [r4, #0]
10001478:	4051      	eors	r1, r2
1000147a:	2203      	movs	r2, #3
1000147c:	400a      	ands	r2, r1
1000147e:	601a      	str	r2, [r3, #0]
10001480:	2301      	movs	r3, #1
10001482:	4642      	mov	r2, r8
10001484:	4093      	lsls	r3, r2
10001486:	68a2      	ldr	r2, [r4, #8]
10001488:	4213      	tst	r3, r2
1000148a:	d0fc      	beq.n	10001486 <clock_configure_undivided+0xd6>
1000148c:	e7c1      	b.n	10001412 <clock_configure_undivided+0x62>
1000148e:	46c0      	nop			@ (mov r8, r8)
10001490:	40008000 	.word	0x40008000
10001494:	20001b40 	.word	0x20001b40

10001498 <clock_get_hz>:
10001498:	4b01      	ldr	r3, [pc, #4]	@ (100014a0 <clock_get_hz+0x8>)
1000149a:	0080      	lsls	r0, r0, #2
1000149c:	58c0      	ldr	r0, [r0, r3]
1000149e:	4770      	bx	lr
100014a0:	20001b40 	.word	0x20001b40

100014a4 <pll_init>:
100014a4:	b5f8      	push	{r3, r4, r5, r6, r7, lr}
100014a6:	0004      	movs	r4, r0
100014a8:	4821      	ldr	r0, [pc, #132]	@ (10001530 <pll_init+0x8c>)
100014aa:	001e      	movs	r6, r3
100014ac:	0017      	movs	r7, r2
100014ae:	000d      	movs	r5, r1
100014b0:	f000 fa5a 	bl	10001968 <__wrap___aeabi_uidiv>
100014b4:	0001      	movs	r1, r0
100014b6:	0038      	movs	r0, r7
100014b8:	f000 fa56 	bl	10001968 <__wrap___aeabi_uidiv>
100014bc:	9b06      	ldr	r3, [sp, #24]
100014be:	0436      	lsls	r6, r6, #16
100014c0:	031b      	lsls	r3, r3, #12
100014c2:	431e      	orrs	r6, r3
100014c4:	6823      	ldr	r3, [r4, #0]
100014c6:	2b00      	cmp	r3, #0
100014c8:	db20      	blt.n	1000150c <pll_init+0x68>
100014ca:	4b1a      	ldr	r3, [pc, #104]	@ (10001534 <pll_init+0x90>)
100014cc:	491a      	ldr	r1, [pc, #104]	@ (10001538 <pll_init+0x94>)
100014ce:	18e3      	adds	r3, r4, r3
100014d0:	1e5a      	subs	r2, r3, #1
100014d2:	4193      	sbcs	r3, r2
100014d4:	2280      	movs	r2, #128	@ 0x80
100014d6:	0192      	lsls	r2, r2, #6
100014d8:	4694      	mov	ip, r2
100014da:	425b      	negs	r3, r3
100014dc:	0b1b      	lsrs	r3, r3, #12
100014de:	4a17      	ldr	r2, [pc, #92]	@ (1000153c <pll_init+0x98>)
100014e0:	031b      	lsls	r3, r3, #12
100014e2:	4463      	add	r3, ip
100014e4:	6013      	str	r3, [r2, #0]
100014e6:	4a16      	ldr	r2, [pc, #88]	@ (10001540 <pll_init+0x9c>)
100014e8:	6013      	str	r3, [r2, #0]
100014ea:	001f      	movs	r7, r3
100014ec:	680a      	ldr	r2, [r1, #0]
100014ee:	4397      	bics	r7, r2
100014f0:	d1fb      	bne.n	100014ea <pll_init+0x46>
100014f2:	4b14      	ldr	r3, [pc, #80]	@ (10001544 <pll_init+0xa0>)
100014f4:	6025      	str	r5, [r4, #0]
100014f6:	18e2      	adds	r2, r4, r3
100014f8:	2321      	movs	r3, #33	@ 0x21
100014fa:	60a0      	str	r0, [r4, #8]
100014fc:	6013      	str	r3, [r2, #0]
100014fe:	6823      	ldr	r3, [r4, #0]
10001500:	2b00      	cmp	r3, #0
10001502:	dafc      	bge.n	100014fe <pll_init+0x5a>
10001504:	2308      	movs	r3, #8
10001506:	60e6      	str	r6, [r4, #12]
10001508:	6013      	str	r3, [r2, #0]
1000150a:	bdf8      	pop	{r3, r4, r5, r6, r7, pc}
1000150c:	233f      	movs	r3, #63	@ 0x3f
1000150e:	6822      	ldr	r2, [r4, #0]
10001510:	4013      	ands	r3, r2
10001512:	42ab      	cmp	r3, r5
10001514:	d1d9      	bne.n	100014ca <pll_init+0x26>
10001516:	68a3      	ldr	r3, [r4, #8]
10001518:	051b      	lsls	r3, r3, #20
1000151a:	0d1b      	lsrs	r3, r3, #20
1000151c:	4283      	cmp	r3, r0
1000151e:	d1d4      	bne.n	100014ca <pll_init+0x26>
10001520:	22ee      	movs	r2, #238	@ 0xee
10001522:	68e3      	ldr	r3, [r4, #12]
10001524:	02d2      	lsls	r2, r2, #11
10001526:	4013      	ands	r3, r2
10001528:	42b3      	cmp	r3, r6
1000152a:	d1ce      	bne.n	100014ca <pll_init+0x26>
1000152c:	e7ed      	b.n	1000150a <pll_init+0x66>
1000152e:	46c0      	nop			@ (mov r8, r8)
10001530:	00b71b00 	.word	0x00b71b00
10001534:	bffd4000 	.word	0xbffd4000
10001538:	4000c008 	.word	0x4000c008
1000153c:	4000e000 	.word	0x4000e000
10001540:	4000f000 	.word	0x4000f000
10001544:	00003004 	.word	0x00003004

10001548 <watchdog_reboot>:
10001548:	b510      	push	{r4, lr}
1000154a:	2480      	movs	r4, #128	@ 0x80
1000154c:	4b1c      	ldr	r3, [pc, #112]	@ (100015c0 <watchdog_reboot+0x78>)
1000154e:	05e4      	lsls	r4, r4, #23
10001550:	601c      	str	r4, [r3, #0]
10001552:	2800      	cmp	r0, #0
10001554:	d01a      	beq.n	1000158c <watchdog_reboot+0x44>
10001556:	2301      	movs	r3, #1
10001558:	4c1a      	ldr	r4, [pc, #104]	@ (100015c4 <watchdog_reboot+0x7c>)
1000155a:	4318      	orrs	r0, r3
1000155c:	4b1a      	ldr	r3, [pc, #104]	@ (100015c8 <watchdog_reboot+0x80>)
1000155e:	61dc      	str	r4, [r3, #28]
10001560:	4c1a      	ldr	r4, [pc, #104]	@ (100015cc <watchdog_reboot+0x84>)
10001562:	4044      	eors	r4, r0
10001564:	621c      	str	r4, [r3, #32]
10001566:	6259      	str	r1, [r3, #36]	@ 0x24
10001568:	6298      	str	r0, [r3, #40]	@ 0x28
1000156a:	2180      	movs	r1, #128	@ 0x80
1000156c:	4b14      	ldr	r3, [pc, #80]	@ (100015c0 <watchdog_reboot+0x78>)
1000156e:	05c9      	lsls	r1, r1, #23
10001570:	6019      	str	r1, [r3, #0]
10001572:	4817      	ldr	r0, [pc, #92]	@ (100015d0 <watchdog_reboot+0x88>)
10001574:	4917      	ldr	r1, [pc, #92]	@ (100015d4 <watchdog_reboot+0x8c>)
10001576:	6008      	str	r0, [r1, #0]
10001578:	21e0      	movs	r1, #224	@ 0xe0
1000157a:	04c9      	lsls	r1, r1, #19
1000157c:	6019      	str	r1, [r3, #0]
1000157e:	2a00      	cmp	r2, #0
10001580:	d107      	bne.n	10001592 <watchdog_reboot+0x4a>
10001582:	2280      	movs	r2, #128	@ 0x80
10001584:	4b14      	ldr	r3, [pc, #80]	@ (100015d8 <watchdog_reboot+0x90>)
10001586:	0612      	lsls	r2, r2, #24
10001588:	601a      	str	r2, [r3, #0]
1000158a:	bd10      	pop	{r4, pc}
1000158c:	4b0e      	ldr	r3, [pc, #56]	@ (100015c8 <watchdog_reboot+0x80>)
1000158e:	61d8      	str	r0, [r3, #28]
10001590:	e7eb      	b.n	1000156a <watchdog_reboot+0x22>
10001592:	0153      	lsls	r3, r2, #5
10001594:	1a9b      	subs	r3, r3, r2
10001596:	009b      	lsls	r3, r3, #2
10001598:	189a      	adds	r2, r3, r2
1000159a:	2380      	movs	r3, #128	@ 0x80
1000159c:	0112      	lsls	r2, r2, #4
1000159e:	045b      	lsls	r3, r3, #17
100015a0:	429a      	cmp	r2, r3
100015a2:	d209      	bcs.n	100015b8 <watchdog_reboot+0x70>
100015a4:	0013      	movs	r3, r2
100015a6:	490d      	ldr	r1, [pc, #52]	@ (100015dc <watchdog_reboot+0x94>)
100015a8:	600b      	str	r3, [r1, #0]
100015aa:	4b07      	ldr	r3, [pc, #28]	@ (100015c8 <watchdog_reboot+0x80>)
100015ac:	605a      	str	r2, [r3, #4]
100015ae:	2280      	movs	r2, #128	@ 0x80
100015b0:	4b09      	ldr	r3, [pc, #36]	@ (100015d8 <watchdog_reboot+0x90>)
100015b2:	05d2      	lsls	r2, r2, #23
100015b4:	601a      	str	r2, [r3, #0]
100015b6:	e7e8      	b.n	1000158a <watchdog_reboot+0x42>
100015b8:	4b09      	ldr	r3, [pc, #36]	@ (100015e0 <watchdog_reboot+0x98>)
100015ba:	001a      	movs	r2, r3
100015bc:	e7f3      	b.n	100015a6 <watchdog_reboot+0x5e>
100015be:	46c0      	nop			@ (mov r8, r8)
100015c0:	4005b000 	.word	0x4005b000
100015c4:	b007c0d3 	.word	0xb007c0d3
100015c8:	40058000 	.word	0x40058000
100015cc:	4ff83f2d 	.word	0x4ff83f2d
100015d0:	0001fffc 	.word	0x0001fffc
100015d4:	40012008 	.word	0x40012008
100015d8:	4005a000 	.word	0x4005a000
100015dc:	20001fa0 	.word	0x20001fa0
100015e0:	00ffffff 	.word	0x00ffffff

100015e4 <tick_start>:
100015e4:	2380      	movs	r3, #128	@ 0x80
100015e6:	4a02      	ldr	r2, [pc, #8]	@ (100015f0 <tick_start+0xc>)
100015e8:	009b      	lsls	r3, r3, #2
100015ea:	430b      	orrs	r3, r1
100015ec:	62d3      	str	r3, [r2, #44]	@ 0x2c
100015ee:	4770      	bx	lr
100015f0:	40058000 	.word	0x40058000

100015f4 <rom_func_lookup>:
100015f4:	2300      	movs	r3, #0
100015f6:	b510      	push	{r4, lr}
100015f8:	0001      	movs	r1, r0
100015fa:	8a98      	ldrh	r0, [r3, #20]
100015fc:	8b1b      	ldrh	r3, [r3, #24]
100015fe:	4798      	blx	r3
10001600:	bd10      	pop	{r4, pc}
10001602:	46c0      	nop			@ (mov r8, r8)

10001604 <rom_data_lookup>:
10001604:	2316      	movs	r3, #22
10001606:	b510      	push	{r4, lr}
10001608:	0001      	movs	r1, r0
1000160a:	8818      	ldrh	r0, [r3, #0]
1000160c:	3302      	adds	r3, #2
1000160e:	881b      	ldrh	r3, [r3, #0]
10001610:	4798      	blx	r3
10001612:	bd10      	pop	{r4, pc}

10001614 <rom_funcs_lookup>:
10001614:	b5f8      	push	{r3, r4, r5, r6, r7, lr}
10001616:	4647      	mov	r7, r8
10001618:	46ce      	mov	lr, r9
1000161a:	b580      	push	{r7, lr}
1000161c:	1e0f      	subs	r7, r1, #0
1000161e:	d018      	beq.n	10001652 <rom_funcs_lookup+0x3e>
10001620:	2314      	movs	r3, #20
10001622:	4699      	mov	r9, r3
10001624:	3304      	adds	r3, #4
10001626:	0004      	movs	r4, r0
10001628:	2500      	movs	r5, #0
1000162a:	2601      	movs	r6, #1
1000162c:	4698      	mov	r8, r3
1000162e:	464b      	mov	r3, r9
10001630:	8818      	ldrh	r0, [r3, #0]
10001632:	4643      	mov	r3, r8
10001634:	6821      	ldr	r1, [r4, #0]
10001636:	881b      	ldrh	r3, [r3, #0]
10001638:	4798      	blx	r3
1000163a:	c401      	stmia	r4!, {r0}
1000163c:	1e43      	subs	r3, r0, #1
1000163e:	4198      	sbcs	r0, r3
10001640:	3501      	adds	r5, #1
10001642:	4006      	ands	r6, r0
10001644:	42af      	cmp	r7, r5
10001646:	d1f2      	bne.n	1000162e <rom_funcs_lookup+0x1a>
10001648:	0030      	movs	r0, r6
1000164a:	bcc0      	pop	{r6, r7}
1000164c:	46b9      	mov	r9, r7
1000164e:	46b0      	mov	r8, r6
10001650:	bdf8      	pop	{r3, r4, r5, r6, r7, pc}
10001652:	2601      	movs	r6, #1
10001654:	e7f8      	b.n	10001648 <rom_funcs_lookup+0x34>
10001656:	46c0      	nop			@ (mov r8, r8)

10001658 <rom_reset_usb_boot>:
10001658:	2300      	movs	r3, #0
1000165a:	b570      	push	{r4, r5, r6, lr}
1000165c:	0004      	movs	r4, r0
1000165e:	000d      	movs	r5, r1
10001660:	8a98      	ldrh	r0, [r3, #20]
10001662:	4903      	ldr	r1, [pc, #12]	@ (10001670 <rom_reset_usb_boot+0x18>)
10001664:	8b1b      	ldrh	r3, [r3, #24]
10001666:	4798      	blx	r3
10001668:	0029      	movs	r1, r5
1000166a:	0003      	movs	r3, r0
1000166c:	0020      	movs	r0, r4
1000166e:	4798      	blx	r3
10001670:	00004255 	.word	0x00004255

10001674 <rom_reset_usb_boot_extra>:
10001674:	2300      	movs	r3, #0
10001676:	b570      	push	{r4, r5, r6, lr}
10001678:	0004      	movs	r4, r0
1000167a:	000d      	movs	r5, r1
1000167c:	8a98      	ldrh	r0, [r3, #20]
1000167e:	4905      	ldr	r1, [pc, #20]	@ (10001694 <rom_reset_usb_boot_extra+0x20>)
10001680:	8b1b      	ldrh	r3, [r3, #24]
10001682:	4798      	blx	r3
10001684:	0003      	movs	r3, r0
10001686:	2000      	movs	r0, #0
10001688:	2c00      	cmp	r4, #0
1000168a:	db01      	blt.n	10001690 <rom_reset_usb_boot_extra+0x1c>
1000168c:	3001      	adds	r0, #1
1000168e:	40a0      	lsls	r0, r4
10001690:	0029      	movs	r1, r5
10001692:	4798      	blx	r3
10001694:	00004255 	.word	0x00004255

10001698 <xosc_init>:
10001698:	23aa      	movs	r3, #170	@ 0xaa
1000169a:	4a06      	ldr	r2, [pc, #24]	@ (100016b4 <xosc_init+0x1c>)
1000169c:	011b      	lsls	r3, r3, #4
1000169e:	6013      	str	r3, [r2, #0]
100016a0:	238d      	movs	r3, #141	@ 0x8d
100016a2:	005b      	lsls	r3, r3, #1
100016a4:	60d3      	str	r3, [r2, #12]
100016a6:	4904      	ldr	r1, [pc, #16]	@ (100016b8 <xosc_init+0x20>)
100016a8:	4b04      	ldr	r3, [pc, #16]	@ (100016bc <xosc_init+0x24>)
100016aa:	6019      	str	r1, [r3, #0]
100016ac:	6853      	ldr	r3, [r2, #4]
100016ae:	2b00      	cmp	r3, #0
100016b0:	dafc      	bge.n	100016ac <xosc_init+0x14>
100016b2:	4770      	bx	lr
100016b4:	40024000 	.word	0x40024000
100016b8:	00fab000 	.word	0x00fab000
100016bc:	40026000 	.word	0x40026000

100016c0 <first_per_core_initializer>:
100016c0:	4770      	bx	lr
100016c2:	46c0      	nop			@ (mov r8, r8)

100016c4 <hard_assertion_failure>:
100016c4:	b510      	push	{r4, lr}
100016c6:	4801      	ldr	r0, [pc, #4]	@ (100016cc <hard_assertion_failure+0x8>)
100016c8:	f7fe fed4 	bl	10000474 <panic>
100016cc:	10009b94 	.word	0x10009b94

100016d0 <runtime_run_initializers>:
100016d0:	b570      	push	{r4, r5, r6, lr}
100016d2:	4d07      	ldr	r5, [pc, #28]	@ (100016f0 <runtime_run_initializers+0x20>)
100016d4:	4e07      	ldr	r6, [pc, #28]	@ (100016f4 <runtime_run_initializers+0x24>)
100016d6:	42b5      	cmp	r5, r6
100016d8:	d209      	bcs.n	100016ee <runtime_run_initializers+0x1e>
100016da:	2400      	movs	r4, #0
100016dc:	3e01      	subs	r6, #1
100016de:	1b76      	subs	r6, r6, r5
100016e0:	08b6      	lsrs	r6, r6, #2
100016e2:	cd08      	ldmia	r5!, {r3}
100016e4:	4798      	blx	r3
100016e6:	0023      	movs	r3, r4
100016e8:	3401      	adds	r4, #1
100016ea:	42b3      	cmp	r3, r6
100016ec:	d1f9      	bne.n	100016e2 <runtime_run_initializers+0x12>
100016ee:	bd70      	pop	{r4, r5, r6, pc}
100016f0:	10009a68 	.word	0x10009a68
100016f4:	10009aa4 	.word	0x10009aa4

100016f8 <runtime_init_early_resets>:
100016f8:	4b05      	ldr	r3, [pc, #20]	@ (10001710 <runtime_init_early_resets+0x18>)
100016fa:	4a06      	ldr	r2, [pc, #24]	@ (10001714 <runtime_init_early_resets+0x1c>)
100016fc:	4906      	ldr	r1, [pc, #24]	@ (10001718 <runtime_init_early_resets+0x20>)
100016fe:	601a      	str	r2, [r3, #0]
10001700:	4a06      	ldr	r2, [pc, #24]	@ (1000171c <runtime_init_early_resets+0x24>)
10001702:	4b07      	ldr	r3, [pc, #28]	@ (10001720 <runtime_init_early_resets+0x28>)
10001704:	601a      	str	r2, [r3, #0]
10001706:	0010      	movs	r0, r2
10001708:	680b      	ldr	r3, [r1, #0]
1000170a:	4398      	bics	r0, r3
1000170c:	d1fb      	bne.n	10001706 <runtime_init_early_resets+0xe>
1000170e:	4770      	bx	lr
10001710:	4000e000 	.word	0x4000e000
10001714:	fefbcdbf 	.word	0xfefbcdbf
10001718:	4000c008 	.word	0x4000c008
1000171c:	003c7ffe 	.word	0x003c7ffe
10001720:	4000f000 	.word	0x4000f000

10001724 <runtime_init_usb_power_down>:
10001724:	4b04      	ldr	r3, [pc, #16]	@ (10001738 <runtime_init_usb_power_down+0x14>)
10001726:	6cdb      	ldr	r3, [r3, #76]	@ 0x4c
10001728:	2b00      	cmp	r3, #0
1000172a:	d103      	bne.n	10001734 <runtime_init_usb_power_down+0x10>
1000172c:	2280      	movs	r2, #128	@ 0x80
1000172e:	4b03      	ldr	r3, [pc, #12]	@ (1000173c <runtime_init_usb_power_down+0x18>)
10001730:	02d2      	lsls	r2, r2, #11
10001732:	601a      	str	r2, [r3, #0]
10001734:	4770      	bx	lr
10001736:	46c0      	nop			@ (mov r8, r8)
10001738:	50110000 	.word	0x50110000
1000173c:	5011204c 	.word	0x5011204c

10001740 <runtime_init_post_clock_resets>:
10001740:	4a04      	ldr	r2, [pc, #16]	@ (10001754 <runtime_init_post_clock_resets+0x14>)
10001742:	4b05      	ldr	r3, [pc, #20]	@ (10001758 <runtime_init_post_clock_resets+0x18>)
10001744:	601a      	str	r2, [r3, #0]
10001746:	4a05      	ldr	r2, [pc, #20]	@ (1000175c <runtime_init_post_clock_resets+0x1c>)
10001748:	6813      	ldr	r3, [r2, #0]
1000174a:	01db      	lsls	r3, r3, #7
1000174c:	3380      	adds	r3, #128	@ 0x80
1000174e:	d1fb      	bne.n	10001748 <runtime_init_post_clock_resets+0x8>
10001750:	4770      	bx	lr
10001752:	46c0      	nop			@ (mov r8, r8)
10001754:	01ffffff 	.word	0x01ffffff
10001758:	4000f000 	.word	0x4000f000
1000175c:	4000c008 	.word	0x4000c008

10001760 <runtime_init_rp2040_gpio_ie_disable>:
10001760:	2240      	movs	r2, #64	@ 0x40
10001762:	4b03      	ldr	r3, [pc, #12]	@ (10001770 <runtime_init_rp2040_gpio_ie_disable+0x10>)
10001764:	679a      	str	r2, [r3, #120]	@ 0x78
10001766:	675a      	str	r2, [r3, #116]	@ 0x74
10001768:	671a      	str	r2, [r3, #112]	@ 0x70
1000176a:	66da      	str	r2, [r3, #108]	@ 0x6c
1000176c:	4770      	bx	lr
1000176e:	46c0      	nop			@ (mov r8, r8)
10001770:	4001f000 	.word	0x4001f000

10001774 <runtime_init_spin_locks_reset>:
10001774:	b510      	push	{r4, lr}
10001776:	f7fe ff1f 	bl	100005b8 <spin_locks_reset>
1000177a:	bd10      	pop	{r4, pc}

1000177c <runtime_init_install_ram_vector_table>:
1000177c:	b5f8      	push	{r3, r4, r5, r6, r7, lr}
1000177e:	4927      	ldr	r1, [pc, #156]	@ (1000181c <runtime_init_install_ram_vector_table+0xa0>)
10001780:	4c27      	ldr	r4, [pc, #156]	@ (10001820 <runtime_init_install_ram_vector_table+0xa4>)
10001782:	4d28      	ldr	r5, [pc, #160]	@ (10001824 <runtime_init_install_ram_vector_table+0xa8>)
10001784:	1a64      	subs	r4, r4, r1
10001786:	10a6      	asrs	r6, r4, #2
10001788:	0032      	movs	r2, r6
1000178a:	2e30      	cmp	r6, #48	@ 0x30
1000178c:	d900      	bls.n	10001790 <runtime_init_install_ram_vector_table+0x14>
1000178e:	2230      	movs	r2, #48	@ 0x30
10001790:	0028      	movs	r0, r5
10001792:	0092      	lsls	r2, r2, #2
10001794:	f000 fcbe 	bl	10002114 <__wrap___aeabi_memcpy>
10001798:	2cbc      	cmp	r4, #188	@ 0xbc
1000179a:	d83b      	bhi.n	10001814 <runtime_init_install_ram_vector_table+0x98>
1000179c:	2030      	movs	r0, #48	@ 0x30
1000179e:	232f      	movs	r3, #47	@ 0x2f
100017a0:	192c      	adds	r4, r5, r4
100017a2:	0764      	lsls	r4, r4, #29
100017a4:	4a20      	ldr	r2, [pc, #128]	@ (10001828 <runtime_init_install_ram_vector_table+0xac>)
100017a6:	1b80      	subs	r0, r0, r6
100017a8:	0fe4      	lsrs	r4, r4, #31
100017aa:	1b9b      	subs	r3, r3, r6
100017ac:	2b05      	cmp	r3, #5
100017ae:	d916      	bls.n	100017de <runtime_init_install_ram_vector_table+0x62>
100017b0:	0037      	movs	r7, r6
100017b2:	2c00      	cmp	r4, #0
100017b4:	d002      	beq.n	100017bc <runtime_init_install_ram_vector_table+0x40>
100017b6:	00b3      	lsls	r3, r6, #2
100017b8:	1c77      	adds	r7, r6, #1
100017ba:	50ea      	str	r2, [r5, r3]
100017bc:	1b00      	subs	r0, r0, r4
100017be:	1933      	adds	r3, r6, r4
100017c0:	009b      	lsls	r3, r3, #2
100017c2:	0841      	lsrs	r1, r0, #1
100017c4:	18eb      	adds	r3, r5, r3
100017c6:	00c9      	lsls	r1, r1, #3
100017c8:	18c9      	adds	r1, r1, r3
100017ca:	601a      	str	r2, [r3, #0]
100017cc:	605a      	str	r2, [r3, #4]
100017ce:	3308      	adds	r3, #8
100017d0:	4299      	cmp	r1, r3
100017d2:	d1fa      	bne.n	100017ca <runtime_init_install_ram_vector_table+0x4e>
100017d4:	2301      	movs	r3, #1
100017d6:	4203      	tst	r3, r0
100017d8:	d01c      	beq.n	10001814 <runtime_init_install_ram_vector_table+0x98>
100017da:	4398      	bics	r0, r3
100017dc:	19c6      	adds	r6, r0, r7
100017de:	00b3      	lsls	r3, r6, #2
100017e0:	50ea      	str	r2, [r5, r3]
100017e2:	1c73      	adds	r3, r6, #1
100017e4:	2e2f      	cmp	r6, #47	@ 0x2f
100017e6:	d015      	beq.n	10001814 <runtime_init_install_ram_vector_table+0x98>
100017e8:	009b      	lsls	r3, r3, #2
100017ea:	50ea      	str	r2, [r5, r3]
100017ec:	1cb3      	adds	r3, r6, #2
100017ee:	2e2e      	cmp	r6, #46	@ 0x2e
100017f0:	d010      	beq.n	10001814 <runtime_init_install_ram_vector_table+0x98>
100017f2:	009b      	lsls	r3, r3, #2
100017f4:	50ea      	str	r2, [r5, r3]
100017f6:	1cf3      	adds	r3, r6, #3
100017f8:	2e2d      	cmp	r6, #45	@ 0x2d
100017fa:	d00b      	beq.n	10001814 <runtime_init_install_ram_vector_table+0x98>
100017fc:	009b      	lsls	r3, r3, #2
100017fe:	50ea      	str	r2, [r5, r3]
10001800:	1d33      	adds	r3, r6, #4
10001802:	2e2c      	cmp	r6, #44	@ 0x2c
10001804:	d006      	beq.n	10001814 <runtime_init_install_ram_vector_table+0x98>
10001806:	009b      	lsls	r3, r3, #2
10001808:	50ea      	str	r2, [r5, r3]
1000180a:	1d73      	adds	r3, r6, #5
1000180c:	2e2b      	cmp	r6, #43	@ 0x2b
1000180e:	d001      	beq.n	10001814 <runtime_init_install_ram_vector_table+0x98>
10001810:	009b      	lsls	r3, r3, #2
10001812:	50ea      	str	r2, [r5, r3]
10001814:	4b05      	ldr	r3, [pc, #20]	@ (1000182c <runtime_init_install_ram_vector_table+0xb0>)
10001816:	609d      	str	r5, [r3, #8]
10001818:	bdf8      	pop	{r3, r4, r5, r6, r7, pc}
1000181a:	46c0      	nop			@ (mov r8, r8)
1000181c:	10000100 	.word	0x10000100
10001820:	100001c0 	.word	0x100001c0
10001824:	20000000 	.word	0x20000000
10001828:	100001c1 	.word	0x100001c1
1000182c:	e000ed00 	.word	0xe000ed00

10001830 <runtime_init_clocks>:
10001830:	2300      	movs	r3, #0
10001832:	b510      	push	{r4, lr}
10001834:	4c29      	ldr	r4, [pc, #164]	@ (100018dc <runtime_init_clocks+0xac>)
10001836:	b082      	sub	sp, #8
10001838:	67a3      	str	r3, [r4, #120]	@ 0x78
1000183a:	f7ff ff2d 	bl	10001698 <xosc_init>
1000183e:	2201      	movs	r2, #1
10001840:	4b27      	ldr	r3, [pc, #156]	@ (100018e0 <runtime_init_clocks+0xb0>)
10001842:	601a      	str	r2, [r3, #0]
10001844:	6c63      	ldr	r3, [r4, #68]	@ 0x44
10001846:	2b01      	cmp	r3, #1
10001848:	d1fc      	bne.n	10001844 <runtime_init_clocks+0x14>
1000184a:	2203      	movs	r2, #3
1000184c:	4b25      	ldr	r3, [pc, #148]	@ (100018e4 <runtime_init_clocks+0xb4>)
1000184e:	601a      	str	r2, [r3, #0]
10001850:	4a22      	ldr	r2, [pc, #136]	@ (100018dc <runtime_init_clocks+0xac>)
10001852:	6b93      	ldr	r3, [r2, #56]	@ 0x38
10001854:	2b01      	cmp	r3, #1
10001856:	d1fc      	bne.n	10001852 <runtime_init_clocks+0x22>
10001858:	3301      	adds	r3, #1
1000185a:	9300      	str	r3, [sp, #0]
1000185c:	2101      	movs	r1, #1
1000185e:	4a22      	ldr	r2, [pc, #136]	@ (100018e8 <runtime_init_clocks+0xb8>)
10001860:	4822      	ldr	r0, [pc, #136]	@ (100018ec <runtime_init_clocks+0xbc>)
10001862:	3304      	adds	r3, #4
10001864:	f7ff fe1e 	bl	100014a4 <pll_init>
10001868:	2305      	movs	r3, #5
1000186a:	2101      	movs	r1, #1
1000186c:	9300      	str	r3, [sp, #0]
1000186e:	4a20      	ldr	r2, [pc, #128]	@ (100018f0 <runtime_init_clocks+0xc0>)
10001870:	4820      	ldr	r0, [pc, #128]	@ (100018f4 <runtime_init_clocks+0xc4>)
10001872:	f7ff fe17 	bl	100014a4 <pll_init>
10001876:	2200      	movs	r2, #0
10001878:	2102      	movs	r1, #2
1000187a:	2004      	movs	r0, #4
1000187c:	4b1e      	ldr	r3, [pc, #120]	@ (100018f8 <runtime_init_clocks+0xc8>)
1000187e:	f7ff fd97 	bl	100013b0 <clock_configure_undivided>
10001882:	2200      	movs	r2, #0
10001884:	2101      	movs	r1, #1
10001886:	2005      	movs	r0, #5
10001888:	4b1c      	ldr	r3, [pc, #112]	@ (100018fc <runtime_init_clocks+0xcc>)
1000188a:	f7ff fd91 	bl	100013b0 <clock_configure_undivided>
1000188e:	2200      	movs	r2, #0
10001890:	2100      	movs	r1, #0
10001892:	2007      	movs	r0, #7
10001894:	4b1a      	ldr	r3, [pc, #104]	@ (10001900 <runtime_init_clocks+0xd0>)
10001896:	f7ff fd8b 	bl	100013b0 <clock_configure_undivided>
1000189a:	2200      	movs	r2, #0
1000189c:	2100      	movs	r1, #0
1000189e:	2008      	movs	r0, #8
100018a0:	4b17      	ldr	r3, [pc, #92]	@ (10001900 <runtime_init_clocks+0xd0>)
100018a2:	f7ff fd85 	bl	100013b0 <clock_configure_undivided>
100018a6:	2380      	movs	r3, #128	@ 0x80
100018a8:	00db      	lsls	r3, r3, #3
100018aa:	9300      	str	r3, [sp, #0]
100018ac:	2200      	movs	r2, #0
100018ae:	2100      	movs	r1, #0
100018b0:	2009      	movs	r0, #9
100018b2:	4b13      	ldr	r3, [pc, #76]	@ (10001900 <runtime_init_clocks+0xd0>)
100018b4:	f7ff fd02 	bl	100012bc <clock_configure_int_divider>
100018b8:	2200      	movs	r2, #0
100018ba:	4b10      	ldr	r3, [pc, #64]	@ (100018fc <runtime_init_clocks+0xcc>)
100018bc:	2100      	movs	r1, #0
100018be:	2006      	movs	r0, #6
100018c0:	f7ff fd76 	bl	100013b0 <clock_configure_undivided>
100018c4:	2004      	movs	r0, #4
100018c6:	f7ff fde7 	bl	10001498 <clock_get_hz>
100018ca:	490e      	ldr	r1, [pc, #56]	@ (10001904 <runtime_init_clocks+0xd4>)
100018cc:	f000 f84c 	bl	10001968 <__wrap___aeabi_uidiv>
100018d0:	0001      	movs	r1, r0
100018d2:	2000      	movs	r0, #0
100018d4:	f7ff fe86 	bl	100015e4 <tick_start>
100018d8:	b002      	add	sp, #8
100018da:	bd10      	pop	{r4, pc}
100018dc:	40008000 	.word	0x40008000
100018e0:	4000b03c 	.word	0x4000b03c
100018e4:	4000b030 	.word	0x4000b030
100018e8:	59682f00 	.word	0x59682f00
100018ec:	40028000 	.word	0x40028000
100018f0:	47868c00 	.word	0x47868c00
100018f4:	4002c000 	.word	0x4002c000
100018f8:	00b71b00 	.word	0x00b71b00
100018fc:	07735940 	.word	0x07735940
10001900:	02dc6c00 	.word	0x02dc6c00
10001904:	000f4240 	.word	0x000f4240

10001908 <__aeabi_bits_init>:
10001908:	4801      	ldr	r0, [pc, #4]	@ (10001910 <__aeabi_bits_init+0x8>)
1000190a:	2104      	movs	r1, #4
1000190c:	4b01      	ldr	r3, [pc, #4]	@ (10001914 <__aeabi_bits_init+0xc>)
1000190e:	4718      	bx	r3
10001910:	20001050 	.word	0x20001050
10001914:	10001615 	.word	0x10001615

10001918 <__wrap___aeabi_idiv>:
10001918:	4a12      	ldr	r2, [pc, #72]	@ (10001964 <divmod_s32s32_savestate+0x18>)
1000191a:	6f93      	ldr	r3, [r2, #120]	@ 0x78
1000191c:	089b      	lsrs	r3, r3, #2
1000191e:	d215      	bcs.n	1000194c <divmod_s32s32_savestate>

10001920 <divmod_s32s32_unsafe>:
10001920:	6690      	str	r0, [r2, #104]	@ 0x68
10001922:	66d1      	str	r1, [r2, #108]	@ 0x6c
10001924:	2900      	cmp	r1, #0
10001926:	d005      	beq.n	10001934 <divmod_s32s32_unsafe+0x14>
10001928:	e7ff      	b.n	1000192a <divmod_s32s32_unsafe+0xa>
1000192a:	e7ff      	b.n	1000192c <divmod_s32s32_unsafe+0xc>
1000192c:	e7ff      	b.n	1000192e <divmod_s32s32_unsafe+0xe>
1000192e:	6f51      	ldr	r1, [r2, #116]	@ 0x74
10001930:	6f10      	ldr	r0, [r2, #112]	@ 0x70
10001932:	4770      	bx	lr
10001934:	b504      	push	{r2, lr}
10001936:	2180      	movs	r1, #128	@ 0x80
10001938:	0609      	lsls	r1, r1, #24
1000193a:	17c2      	asrs	r2, r0, #31
1000193c:	4051      	eors	r1, r2
1000193e:	2800      	cmp	r0, #0
10001940:	d000      	beq.n	10001944 <divmod_s32s32_unsafe+0x24>
10001942:	43c8      	mvns	r0, r1
10001944:	f008 f858 	bl	100099f8 <____aeabi_idiv0_veneer>
10001948:	2100      	movs	r1, #0
1000194a:	bd04      	pop	{r2, pc}

1000194c <divmod_s32s32_savestate>:
1000194c:	b5f0      	push	{r4, r5, r6, r7, lr}
1000194e:	6e14      	ldr	r4, [r2, #96]	@ 0x60
10001950:	6e55      	ldr	r5, [r2, #100]	@ 0x64
10001952:	6f57      	ldr	r7, [r2, #116]	@ 0x74
10001954:	6f16      	ldr	r6, [r2, #112]	@ 0x70
10001956:	f7ff ffe3 	bl	10001920 <divmod_s32s32_unsafe>
1000195a:	6614      	str	r4, [r2, #96]	@ 0x60
1000195c:	6655      	str	r5, [r2, #100]	@ 0x64
1000195e:	6757      	str	r7, [r2, #116]	@ 0x74
10001960:	6716      	str	r6, [r2, #112]	@ 0x70
10001962:	bdf0      	pop	{r4, r5, r6, r7, pc}
10001964:	d0000000 	.word	0xd0000000

10001968 <__wrap___aeabi_uidiv>:
10001968:	4a11      	ldr	r2, [pc, #68]	@ (100019b0 <divmod_u32u32_savestate+0x18>)
1000196a:	6f93      	ldr	r3, [r2, #120]	@ 0x78
1000196c:	089b      	lsrs	r3, r3, #2
1000196e:	d213      	bcs.n	10001998 <divmod_u32u32_savestate>

10001970 <divmod_u32u32_unsafe>:
10001970:	6610      	str	r0, [r2, #96]	@ 0x60
10001972:	6651      	str	r1, [r2, #100]	@ 0x64
10001974:	2900      	cmp	r1, #0
10001976:	d005      	beq.n	10001984 <divmod_u32u32_unsafe+0x14>
10001978:	e7ff      	b.n	1000197a <divmod_u32u32_unsafe+0xa>
1000197a:	e7ff      	b.n	1000197c <divmod_u32u32_unsafe+0xc>
1000197c:	e7ff      	b.n	1000197e <divmod_u32u32_unsafe+0xe>
1000197e:	6f51      	ldr	r1, [r2, #116]	@ 0x74
10001980:	6f10      	ldr	r0, [r2, #112]	@ 0x70
10001982:	4770      	bx	lr
10001984:	b504      	push	{r2, lr}
10001986:	2800      	cmp	r0, #0
10001988:	d001      	beq.n	1000198e <divmod_u32u32_unsafe+0x1e>
1000198a:	2000      	movs	r0, #0
1000198c:	43c0      	mvns	r0, r0
1000198e:	f008 f833 	bl	100099f8 <____aeabi_idiv0_veneer>
10001992:	2100      	movs	r1, #0
10001994:	bd04      	pop	{r2, pc}
10001996:	46c0      	nop			@ (mov r8, r8)

10001998 <divmod_u32u32_savestate>:
10001998:	b5f0      	push	{r4, r5, r6, r7, lr}
1000199a:	6e14      	ldr	r4, [r2, #96]	@ 0x60
1000199c:	6e55      	ldr	r5, [r2, #100]	@ 0x64
1000199e:	6f57      	ldr	r7, [r2, #116]	@ 0x74
100019a0:	6f16      	ldr	r6, [r2, #112]	@ 0x70
100019a2:	f7ff ffe5 	bl	10001970 <divmod_u32u32_unsafe>
100019a6:	6614      	str	r4, [r2, #96]	@ 0x60
100019a8:	6655      	str	r5, [r2, #100]	@ 0x64
100019aa:	6757      	str	r7, [r2, #116]	@ 0x74
100019ac:	6716      	str	r6, [r2, #112]	@ 0x70
100019ae:	bdf0      	pop	{r4, r5, r6, r7, pc}
100019b0:	d0000000 	.word	0xd0000000

100019b4 <__wrap___aeabi_ldivmod>:
100019b4:	4694      	mov	ip, r2
100019b6:	4a4a      	ldr	r2, [pc, #296]	@ (10001ae0 <udiv0+0x1a>)
100019b8:	6f92      	ldr	r2, [r2, #120]	@ 0x78
100019ba:	0892      	lsrs	r2, r2, #2
100019bc:	4662      	mov	r2, ip
100019be:	d201      	bcs.n	100019c4 <divmod_s64s64_savestate>
100019c0:	e028      	b.n	10001a14 <divmod_s64s64_unsafe>
100019c2:	46c0      	nop			@ (mov r8, r8)

100019c4 <divmod_s64s64_savestate>:
100019c4:	b5f0      	push	{r4, r5, r6, r7, lr}
100019c6:	4e46      	ldr	r6, [pc, #280]	@ (10001ae0 <udiv0+0x1a>)
100019c8:	6e34      	ldr	r4, [r6, #96]	@ 0x60
100019ca:	6e75      	ldr	r5, [r6, #100]	@ 0x64
100019cc:	6f77      	ldr	r7, [r6, #116]	@ 0x74
100019ce:	6f36      	ldr	r6, [r6, #112]	@ 0x70
100019d0:	f000 f820 	bl	10001a14 <divmod_s64s64_unsafe>
100019d4:	4694      	mov	ip, r2
100019d6:	4a42      	ldr	r2, [pc, #264]	@ (10001ae0 <udiv0+0x1a>)
100019d8:	6614      	str	r4, [r2, #96]	@ 0x60
100019da:	6655      	str	r5, [r2, #100]	@ 0x64
100019dc:	6757      	str	r7, [r2, #116]	@ 0x74
100019de:	6716      	str	r6, [r2, #112]	@ 0x70
100019e0:	4662      	mov	r2, ip
100019e2:	bdf0      	pop	{r4, r5, r6, r7, pc}

100019e4 <__wrap___aeabi_uldivmod>:
100019e4:	4694      	mov	ip, r2
100019e6:	4a3e      	ldr	r2, [pc, #248]	@ (10001ae0 <udiv0+0x1a>)
100019e8:	6f92      	ldr	r2, [r2, #120]	@ 0x78
100019ea:	0892      	lsrs	r2, r2, #2
100019ec:	4662      	mov	r2, ip
100019ee:	d201      	bcs.n	100019f4 <divmod_u64u64_savestate>
100019f0:	e054      	b.n	10001a9c <divmod_u64u64_unsafe>
100019f2:	46c0      	nop			@ (mov r8, r8)

100019f4 <divmod_u64u64_savestate>:
100019f4:	b5f0      	push	{r4, r5, r6, r7, lr}
100019f6:	4e3a      	ldr	r6, [pc, #232]	@ (10001ae0 <udiv0+0x1a>)
100019f8:	6e34      	ldr	r4, [r6, #96]	@ 0x60
100019fa:	6e75      	ldr	r5, [r6, #100]	@ 0x64
100019fc:	6f77      	ldr	r7, [r6, #116]	@ 0x74
100019fe:	6f36      	ldr	r6, [r6, #112]	@ 0x70
10001a00:	f000 f84c 	bl	10001a9c <divmod_u64u64_unsafe>
10001a04:	4694      	mov	ip, r2
10001a06:	4a36      	ldr	r2, [pc, #216]	@ (10001ae0 <udiv0+0x1a>)
10001a08:	6614      	str	r4, [r2, #96]	@ 0x60
10001a0a:	6655      	str	r5, [r2, #100]	@ 0x64
10001a0c:	6757      	str	r7, [r2, #116]	@ 0x74
10001a0e:	6716      	str	r6, [r2, #112]	@ 0x70
10001a10:	4662      	mov	r2, ip
10001a12:	bdf0      	pop	{r4, r5, r6, r7, pc}

10001a14 <divmod_s64s64_unsafe>:
10001a14:	2b00      	cmp	r3, #0
10001a16:	db24      	blt.n	10001a62 <l42_1+0x26>
10001a18:	d011      	beq.n	10001a3e <l42_1+0x2>
10001a1a:	2900      	cmp	r1, #0
10001a1c:	da3e      	bge.n	10001a9c <divmod_u64u64_unsafe>
10001a1e:	b500      	push	{lr}
10001a20:	43c9      	mvns	r1, r1
10001a22:	4240      	negs	r0, r0
10001a24:	d100      	bne.n	10001a28 <l40_1>
10001a26:	3101      	adds	r1, #1

10001a28 <l40_1>:
10001a28:	f000 f838 	bl	10001a9c <divmod_u64u64_unsafe>
10001a2c:	43c9      	mvns	r1, r1
10001a2e:	4240      	negs	r0, r0
10001a30:	d100      	bne.n	10001a34 <l41_1>
10001a32:	3101      	adds	r1, #1

10001a34 <l41_1>:
10001a34:	43db      	mvns	r3, r3
10001a36:	4252      	negs	r2, r2
10001a38:	d100      	bne.n	10001a3c <l42_1>
10001a3a:	3301      	adds	r3, #1

10001a3c <l42_1>:
10001a3c:	bd00      	pop	{pc}
10001a3e:	2a00      	cmp	r2, #0
10001a40:	d1eb      	bne.n	10001a1a <divmod_s64s64_unsafe+0x6>
10001a42:	2800      	cmp	r0, #0
10001a44:	d101      	bne.n	10001a4a <l42_1+0xe>
10001a46:	2900      	cmp	r1, #0
10001a48:	d005      	beq.n	10001a56 <l42_1+0x1a>
10001a4a:	2000      	movs	r0, #0
10001a4c:	0fc9      	lsrs	r1, r1, #31
10001a4e:	07c9      	lsls	r1, r1, #31
10001a50:	d101      	bne.n	10001a56 <l42_1+0x1a>
10001a52:	43c0      	mvns	r0, r0
10001a54:	0841      	lsrs	r1, r0, #1
10001a56:	b500      	push	{lr}
10001a58:	f007 ffb6 	bl	100099c8 <____aeabi_ldiv0_veneer>
10001a5c:	2200      	movs	r2, #0
10001a5e:	2300      	movs	r3, #0
10001a60:	bd00      	pop	{pc}
10001a62:	b500      	push	{lr}
10001a64:	2900      	cmp	r1, #0
10001a66:	db0a      	blt.n	10001a7e <l44_1+0x2>
10001a68:	43db      	mvns	r3, r3
10001a6a:	4252      	negs	r2, r2
10001a6c:	d100      	bne.n	10001a70 <l43_1>
10001a6e:	3301      	adds	r3, #1

10001a70 <l43_1>:
10001a70:	f000 f814 	bl	10001a9c <divmod_u64u64_unsafe>
10001a74:	43c9      	mvns	r1, r1
10001a76:	4240      	negs	r0, r0
10001a78:	d100      	bne.n	10001a7c <l44_1>
10001a7a:	3101      	adds	r1, #1

10001a7c <l44_1>:
10001a7c:	bd00      	pop	{pc}
10001a7e:	43c9      	mvns	r1, r1
10001a80:	4240      	negs	r0, r0
10001a82:	d100      	bne.n	10001a86 <l45_1>
10001a84:	3101      	adds	r1, #1

10001a86 <l45_1>:
10001a86:	43db      	mvns	r3, r3
10001a88:	4252      	negs	r2, r2
10001a8a:	d100      	bne.n	10001a8e <l46_1>
10001a8c:	3301      	adds	r3, #1

10001a8e <l46_1>:
10001a8e:	f000 f805 	bl	10001a9c <divmod_u64u64_unsafe>
10001a92:	43db      	mvns	r3, r3
10001a94:	4252      	negs	r2, r2
10001a96:	d100      	bne.n	10001a9a <l47_1>
10001a98:	3301      	adds	r3, #1

10001a9a <l47_1>:
10001a9a:	bd00      	pop	{pc}

10001a9c <divmod_u64u64_unsafe>:
10001a9c:	2900      	cmp	r1, #0
10001a9e:	d123      	bne.n	10001ae8 <y64>
10001aa0:	2b00      	cmp	r3, #0
10001aa2:	d118      	bne.n	10001ad6 <udiv0+0x10>
10001aa4:	2a00      	cmp	r2, #0
10001aa6:	d00c      	beq.n	10001ac2 <divmod_u64u64_unsafe+0x26>
10001aa8:	46bc      	mov	ip, r7
10001aaa:	4f0d      	ldr	r7, [pc, #52]	@ (10001ae0 <udiv0+0x1a>)
10001aac:	6638      	str	r0, [r7, #96]	@ 0x60
10001aae:	667a      	str	r2, [r7, #100]	@ 0x64
10001ab0:	2100      	movs	r1, #0
10001ab2:	2300      	movs	r3, #0
10001ab4:	e7ff      	b.n	10001ab6 <divmod_u64u64_unsafe+0x1a>
10001ab6:	e7ff      	b.n	10001ab8 <divmod_u64u64_unsafe+0x1c>
10001ab8:	e7ff      	b.n	10001aba <divmod_u64u64_unsafe+0x1e>
10001aba:	6f7a      	ldr	r2, [r7, #116]	@ 0x74
10001abc:	6f38      	ldr	r0, [r7, #112]	@ 0x70
10001abe:	4667      	mov	r7, ip
10001ac0:	4770      	bx	lr
10001ac2:	2800      	cmp	r0, #0
10001ac4:	d001      	beq.n	10001aca <udiv0+0x4>

10001ac6 <udiv0>:
10001ac6:	4807      	ldr	r0, [pc, #28]	@ (10001ae4 <udiv0+0x1e>)
10001ac8:	0001      	movs	r1, r0
10001aca:	b500      	push	{lr}
10001acc:	f007 ff7c 	bl	100099c8 <____aeabi_ldiv0_veneer>
10001ad0:	2200      	movs	r2, #0
10001ad2:	2300      	movs	r3, #0
10001ad4:	bd00      	pop	{pc}
10001ad6:	0002      	movs	r2, r0
10001ad8:	000b      	movs	r3, r1
10001ada:	2000      	movs	r0, #0
10001adc:	2100      	movs	r1, #0
10001ade:	4770      	bx	lr
10001ae0:	d0000000 	.word	0xd0000000
10001ae4:	ffffffff 	.word	0xffffffff

10001ae8 <y64>:
10001ae8:	2b00      	cmp	r3, #0
10001aea:	d000      	beq.n	10001aee <y64+0x6>
10001aec:	e0bf      	b.n	10001c6e <y64_x48>
10001aee:	0c13      	lsrs	r3, r2, #16
10001af0:	d128      	bne.n	10001b44 <y64_x32>
10001af2:	2a00      	cmp	r2, #0
10001af4:	d0e7      	beq.n	10001ac6 <udiv0>
10001af6:	b480      	push	{r7}
10001af8:	4f11      	ldr	r7, [pc, #68]	@ (10001b40 <y64+0x58>)
10001afa:	6639      	str	r1, [r7, #96]	@ 0x60
10001afc:	667a      	str	r2, [r7, #100]	@ 0x64
10001afe:	e7ff      	b.n	10001b00 <y64+0x18>
10001b00:	e7ff      	b.n	10001b02 <y64+0x1a>
10001b02:	b430      	push	{r4, r5}
10001b04:	0c04      	lsrs	r4, r0, #16
10001b06:	6f7b      	ldr	r3, [r7, #116]	@ 0x74
10001b08:	6f39      	ldr	r1, [r7, #112]	@ 0x70
10001b0a:	041b      	lsls	r3, r3, #16
10001b0c:	4323      	orrs	r3, r4
10001b0e:	663b      	str	r3, [r7, #96]	@ 0x60
10001b10:	667a      	str	r2, [r7, #100]	@ 0x64
10001b12:	e7ff      	b.n	10001b14 <y64+0x2c>
10001b14:	e7ff      	b.n	10001b16 <y64+0x2e>
10001b16:	e7ff      	b.n	10001b18 <y64+0x30>
10001b18:	46c0      	nop			@ (mov r8, r8)
10001b1a:	b284      	uxth	r4, r0
10001b1c:	6f7b      	ldr	r3, [r7, #116]	@ 0x74
10001b1e:	6f3d      	ldr	r5, [r7, #112]	@ 0x70
10001b20:	041b      	lsls	r3, r3, #16
10001b22:	4323      	orrs	r3, r4
10001b24:	663b      	str	r3, [r7, #96]	@ 0x60
10001b26:	667a      	str	r2, [r7, #100]	@ 0x64
10001b28:	e7ff      	b.n	10001b2a <y64+0x42>
10001b2a:	e7ff      	b.n	10001b2c <y64+0x44>
10001b2c:	46c0      	nop			@ (mov r8, r8)
10001b2e:	2300      	movs	r3, #0
10001b30:	042c      	lsls	r4, r5, #16
10001b32:	0c2d      	lsrs	r5, r5, #16
10001b34:	6f7a      	ldr	r2, [r7, #116]	@ 0x74
10001b36:	6f38      	ldr	r0, [r7, #112]	@ 0x70
10001b38:	1900      	adds	r0, r0, r4
10001b3a:	4169      	adcs	r1, r5
10001b3c:	bcb0      	pop	{r4, r5, r7}
10001b3e:	4770      	bx	lr
10001b40:	d0000000 	.word	0xd0000000

10001b44 <y64_x32>:
10001b44:	b5f0      	push	{r4, r5, r6, r7, lr}
10001b46:	4694      	mov	ip, r2
10001b48:	2500      	movs	r5, #0
10001b4a:	0e14      	lsrs	r4, r2, #24
10001b4c:	d101      	bne.n	10001b52 <y64_x32+0xe>
10001b4e:	0212      	lsls	r2, r2, #8
10001b50:	3508      	adds	r5, #8
10001b52:	0f14      	lsrs	r4, r2, #28
10001b54:	d101      	bne.n	10001b5a <y64_x32+0x16>
10001b56:	0112      	lsls	r2, r2, #4
10001b58:	3504      	adds	r5, #4
10001b5a:	0f94      	lsrs	r4, r2, #30
10001b5c:	d101      	bne.n	10001b62 <y64_x32+0x1e>
10001b5e:	0092      	lsls	r2, r2, #2
10001b60:	3502      	adds	r5, #2
10001b62:	0fd4      	lsrs	r4, r2, #31
10001b64:	d101      	bne.n	10001b6a <y64_x32+0x26>
10001b66:	0052      	lsls	r2, r2, #1
10001b68:	3501      	adds	r5, #1
10001b6a:	0bd4      	lsrs	r4, r2, #15
10001b6c:	3401      	adds	r4, #1
10001b6e:	4f25      	ldr	r7, [pc, #148]	@ (10001c04 <y64_x32+0xc0>)
10001b70:	667c      	str	r4, [r7, #100]	@ 0x64
10001b72:	4c25      	ldr	r4, [pc, #148]	@ (10001c08 <y64_x32+0xc4>)
10001b74:	663c      	str	r4, [r7, #96]	@ 0x60
10001b76:	0c0e      	lsrs	r6, r1, #16
10001b78:	b293      	uxth	r3, r2
10001b7a:	e7ff      	b.n	10001b7c <y64_x32+0x38>
10001b7c:	e7ff      	b.n	10001b7e <y64_x32+0x3a>
10001b7e:	e7ff      	b.n	10001b80 <y64_x32+0x3c>
10001b80:	6f3c      	ldr	r4, [r7, #112]	@ 0x70
10001b82:	4366      	muls	r6, r4
10001b84:	0c36      	lsrs	r6, r6, #16
10001b86:	0377      	lsls	r7, r6, #13
10001b88:	46be      	mov	lr, r7
10001b8a:	4373      	muls	r3, r6
10001b8c:	0bdf      	lsrs	r7, r3, #15
10001b8e:	045b      	lsls	r3, r3, #17
10001b90:	1ac0      	subs	r0, r0, r3
10001b92:	41b9      	sbcs	r1, r7
10001b94:	0c13      	lsrs	r3, r2, #16
10001b96:	4373      	muls	r3, r6
10001b98:	18db      	adds	r3, r3, r3
10001b9a:	1ac9      	subs	r1, r1, r3
10001b9c:	08ce      	lsrs	r6, r1, #3
10001b9e:	4366      	muls	r6, r4
10001ba0:	0c36      	lsrs	r6, r6, #16
10001ba2:	44b6      	add	lr, r6
10001ba4:	b293      	uxth	r3, r2
10001ba6:	4373      	muls	r3, r6
10001ba8:	0f1f      	lsrs	r7, r3, #28
10001baa:	011b      	lsls	r3, r3, #4
10001bac:	1ac0      	subs	r0, r0, r3
10001bae:	41b9      	sbcs	r1, r7
10001bb0:	0c13      	lsrs	r3, r2, #16
10001bb2:	4373      	muls	r3, r6
10001bb4:	0b1f      	lsrs	r7, r3, #12
10001bb6:	051b      	lsls	r3, r3, #20
10001bb8:	1ac0      	subs	r0, r0, r3
10001bba:	41b9      	sbcs	r1, r7
10001bbc:	0d86      	lsrs	r6, r0, #22
10001bbe:	028f      	lsls	r7, r1, #10
10001bc0:	433e      	orrs	r6, r7
10001bc2:	4366      	muls	r6, r4
10001bc4:	0c36      	lsrs	r6, r6, #16
10001bc6:	2d09      	cmp	r5, #9
10001bc8:	db24      	blt.n	10001c14 <last0>
10001bca:	0a52      	lsrs	r2, r2, #9
10001bcc:	4372      	muls	r2, r6
10001bce:	1a80      	subs	r0, r0, r2
10001bd0:	0377      	lsls	r7, r6, #13
10001bd2:	0a46      	lsrs	r6, r0, #9
10001bd4:	4366      	muls	r6, r4
10001bd6:	0c36      	lsrs	r6, r6, #16
10001bd8:	2316      	movs	r3, #22
10001bda:	1b5b      	subs	r3, r3, r5
10001bdc:	40de      	lsrs	r6, r3
10001bde:	40df      	lsrs	r7, r3
10001be0:	19bf      	adds	r7, r7, r6
10001be2:	4664      	mov	r4, ip
10001be4:	4366      	muls	r6, r4
10001be6:	1b82      	subs	r2, r0, r6
10001be8:	4670      	mov	r0, lr
10001bea:	3504      	adds	r5, #4
10001bec:	3306      	adds	r3, #6
10001bee:	0001      	movs	r1, r0
10001bf0:	40d9      	lsrs	r1, r3
10001bf2:	40a8      	lsls	r0, r5
10001bf4:	19c0      	adds	r0, r0, r7
10001bf6:	d300      	bcc.n	10001bfa <y64_x32+0xb6>
10001bf8:	3101      	adds	r1, #1
10001bfa:	42a2      	cmp	r2, r4
10001bfc:	d206      	bcs.n	10001c0c <y64_x32+0xc8>
10001bfe:	2300      	movs	r3, #0
10001c00:	bdf0      	pop	{r4, r5, r6, r7, pc}
10001c02:	0000      	.short	0x0000
10001c04:	d0000000 	.word	0xd0000000
10001c08:	ffffffff 	.word	0xffffffff
10001c0c:	1b12      	subs	r2, r2, r4
10001c0e:	3001      	adds	r0, #1
10001c10:	d3f3      	bcc.n	10001bfa <y64_x32+0xb6>
10001c12:	e7f1      	b.n	10001bf8 <y64_x32+0xb4>

10001c14 <last0>:
10001c14:	2709      	movs	r7, #9
10001c16:	1b7f      	subs	r7, r7, r5
10001c18:	40fe      	lsrs	r6, r7
10001c1a:	4664      	mov	r4, ip
10001c1c:	b2a2      	uxth	r2, r4
10001c1e:	4372      	muls	r2, r6
10001c20:	1a80      	subs	r0, r0, r2
10001c22:	d200      	bcs.n	10001c26 <last0+0x12>
10001c24:	3901      	subs	r1, #1
10001c26:	0c22      	lsrs	r2, r4, #16
10001c28:	4372      	muls	r2, r6
10001c2a:	0c13      	lsrs	r3, r2, #16
10001c2c:	0412      	lsls	r2, r2, #16
10001c2e:	1a82      	subs	r2, r0, r2
10001c30:	4199      	sbcs	r1, r3
10001c32:	000b      	movs	r3, r1
10001c34:	4670      	mov	r0, lr
10001c36:	3504      	adds	r5, #4
10001c38:	3713      	adds	r7, #19
10001c3a:	0001      	movs	r1, r0
10001c3c:	40f9      	lsrs	r1, r7
10001c3e:	40a8      	lsls	r0, r5
10001c40:	1980      	adds	r0, r0, r6
10001c42:	d300      	bcc.n	10001c46 <last0+0x32>
10001c44:	3101      	adds	r1, #1
10001c46:	2b00      	cmp	r3, #0
10001c48:	d102      	bne.n	10001c50 <last0+0x3c>
10001c4a:	42a2      	cmp	r2, r4
10001c4c:	d20a      	bcs.n	10001c64 <last0+0x50>
10001c4e:	bdf0      	pop	{r4, r5, r6, r7, pc}
10001c50:	3001      	adds	r0, #1
10001c52:	d300      	bcc.n	10001c56 <last0+0x42>
10001c54:	3101      	adds	r1, #1
10001c56:	1b12      	subs	r2, r2, r4
10001c58:	d2fa      	bcs.n	10001c50 <last0+0x3c>
10001c5a:	3b01      	subs	r3, #1
10001c5c:	d1f8      	bne.n	10001c50 <last0+0x3c>
10001c5e:	42a2      	cmp	r2, r4
10001c60:	d200      	bcs.n	10001c64 <last0+0x50>
10001c62:	bdf0      	pop	{r4, r5, r6, r7, pc}
10001c64:	3001      	adds	r0, #1
10001c66:	d300      	bcc.n	10001c6a <last0+0x56>
10001c68:	3101      	adds	r1, #1
10001c6a:	1b12      	subs	r2, r2, r4
10001c6c:	e7f7      	b.n	10001c5e <last0+0x4a>

10001c6e <y64_x48>:
10001c6e:	b5f0      	push	{r4, r5, r6, r7, lr}
10001c70:	0c1c      	lsrs	r4, r3, #16
10001c72:	d000      	beq.n	10001c76 <y64_x48+0x8>
10001c74:	e080      	b.n	10001d78 <y64_x64>
10001c76:	b40c      	push	{r2, r3}
10001c78:	2500      	movs	r5, #0
10001c7a:	0a1c      	lsrs	r4, r3, #8
10001c7c:	d104      	bne.n	10001c88 <y64_x48+0x1a>
10001c7e:	021b      	lsls	r3, r3, #8
10001c80:	0e16      	lsrs	r6, r2, #24
10001c82:	4333      	orrs	r3, r6
10001c84:	0212      	lsls	r2, r2, #8
10001c86:	3508      	adds	r5, #8
10001c88:	0b1c      	lsrs	r4, r3, #12
10001c8a:	d104      	bne.n	10001c96 <y64_x48+0x28>
10001c8c:	011b      	lsls	r3, r3, #4
10001c8e:	0f16      	lsrs	r6, r2, #28
10001c90:	4333      	orrs	r3, r6
10001c92:	0112      	lsls	r2, r2, #4
10001c94:	3504      	adds	r5, #4
10001c96:	0b9c      	lsrs	r4, r3, #14
10001c98:	d104      	bne.n	10001ca4 <y64_x48+0x36>
10001c9a:	009b      	lsls	r3, r3, #2
10001c9c:	0f96      	lsrs	r6, r2, #30
10001c9e:	4333      	orrs	r3, r6
10001ca0:	0092      	lsls	r2, r2, #2
10001ca2:	3502      	adds	r5, #2
10001ca4:	0bdc      	lsrs	r4, r3, #15
10001ca6:	d102      	bne.n	10001cae <y64_x48+0x40>
10001ca8:	1892      	adds	r2, r2, r2
10001caa:	415b      	adcs	r3, r3
10001cac:	3501      	adds	r5, #1
10001cae:	001c      	movs	r4, r3
10001cb0:	1897      	adds	r7, r2, r2
10001cb2:	4164      	adcs	r4, r4
10001cb4:	3401      	adds	r4, #1
10001cb6:	4f46      	ldr	r7, [pc, #280]	@ (10001dd0 <y64_x64+0x58>)
10001cb8:	667c      	str	r4, [r7, #100]	@ 0x64
10001cba:	4c46      	ldr	r4, [pc, #280]	@ (10001dd4 <y64_x64+0x5c>)
10001cbc:	663c      	str	r4, [r7, #96]	@ 0x60
10001cbe:	0c0e      	lsrs	r6, r1, #16
10001cc0:	e7ff      	b.n	10001cc2 <y64_x48+0x54>
10001cc2:	e7ff      	b.n	10001cc4 <y64_x48+0x56>
10001cc4:	e7ff      	b.n	10001cc6 <y64_x48+0x58>
10001cc6:	46c0      	nop			@ (mov r8, r8)
10001cc8:	6f3c      	ldr	r4, [r7, #112]	@ 0x70
10001cca:	4366      	muls	r6, r4
10001ccc:	0c36      	lsrs	r6, r6, #16
10001cce:	0377      	lsls	r7, r6, #13
10001cd0:	46be      	mov	lr, r7
10001cd2:	b297      	uxth	r7, r2
10001cd4:	4377      	muls	r7, r6
10001cd6:	1bc0      	subs	r0, r0, r7
10001cd8:	d200      	bcs.n	10001cdc <y64_x48+0x6e>
10001cda:	3901      	subs	r1, #1
10001cdc:	1bc0      	subs	r0, r0, r7
10001cde:	d200      	bcs.n	10001ce2 <y64_x48+0x74>
10001ce0:	3901      	subs	r1, #1
10001ce2:	b29f      	uxth	r7, r3
10001ce4:	4377      	muls	r7, r6
10001ce6:	1bc9      	subs	r1, r1, r7
10001ce8:	1bc9      	subs	r1, r1, r7
10001cea:	0c17      	lsrs	r7, r2, #16
10001cec:	4377      	muls	r7, r6
10001cee:	047e      	lsls	r6, r7, #17
10001cf0:	0bff      	lsrs	r7, r7, #15
10001cf2:	1b80      	subs	r0, r0, r6
10001cf4:	41b9      	sbcs	r1, r7
10001cf6:	08ce      	lsrs	r6, r1, #3
10001cf8:	4366      	muls	r6, r4
10001cfa:	0c36      	lsrs	r6, r6, #16
10001cfc:	2d0c      	cmp	r5, #12
10001cfe:	db33      	blt.n	10001d68 <last1>
10001d00:	44b6      	add	lr, r6
10001d02:	0b12      	lsrs	r2, r2, #12
10001d04:	051f      	lsls	r7, r3, #20
10001d06:	433a      	orrs	r2, r7
10001d08:	0b1b      	lsrs	r3, r3, #12
10001d0a:	b297      	uxth	r7, r2
10001d0c:	4377      	muls	r7, r6
10001d0e:	1bc0      	subs	r0, r0, r7
10001d10:	d200      	bcs.n	10001d14 <y64_x48+0xa6>
10001d12:	3901      	subs	r1, #1
10001d14:	b29f      	uxth	r7, r3
10001d16:	4377      	muls	r7, r6
10001d18:	1bc9      	subs	r1, r1, r7
10001d1a:	0c17      	lsrs	r7, r2, #16
10001d1c:	4377      	muls	r7, r6
10001d1e:	043e      	lsls	r6, r7, #16
10001d20:	0c3f      	lsrs	r7, r7, #16
10001d22:	1b80      	subs	r0, r0, r6
10001d24:	41b9      	sbcs	r1, r7
10001d26:	0d86      	lsrs	r6, r0, #22
10001d28:	028f      	lsls	r7, r1, #10
10001d2a:	433e      	orrs	r6, r7
10001d2c:	4366      	muls	r6, r4
10001d2e:	2729      	movs	r7, #41	@ 0x29
10001d30:	1b7f      	subs	r7, r7, r5
10001d32:	40fe      	lsrs	r6, r7
10001d34:	3d0c      	subs	r5, #12
10001d36:	4677      	mov	r7, lr
10001d38:	40af      	lsls	r7, r5
10001d3a:	19bf      	adds	r7, r7, r6
10001d3c:	bc30      	pop	{r4, r5}
10001d3e:	b2a2      	uxth	r2, r4
10001d40:	b2ab      	uxth	r3, r5
10001d42:	4372      	muls	r2, r6
10001d44:	4373      	muls	r3, r6
10001d46:	1a80      	subs	r0, r0, r2
10001d48:	4199      	sbcs	r1, r3
10001d4a:	0c22      	lsrs	r2, r4, #16
10001d4c:	4372      	muls	r2, r6
10001d4e:	0c13      	lsrs	r3, r2, #16
10001d50:	0412      	lsls	r2, r2, #16
10001d52:	1a80      	subs	r0, r0, r2
10001d54:	4199      	sbcs	r1, r3
10001d56:	0002      	movs	r2, r0
10001d58:	000b      	movs	r3, r1
10001d5a:	3701      	adds	r7, #1
10001d5c:	1b00      	subs	r0, r0, r4
10001d5e:	41a9      	sbcs	r1, r5
10001d60:	d2f9      	bcs.n	10001d56 <y64_x48+0xe8>
10001d62:	1e78      	subs	r0, r7, #1
10001d64:	2100      	movs	r1, #0
10001d66:	bdf0      	pop	{r4, r5, r6, r7, pc}

10001d68 <last1>:
10001d68:	270c      	movs	r7, #12
10001d6a:	1b7f      	subs	r7, r7, r5
10001d6c:	40fe      	lsrs	r6, r7
10001d6e:	4677      	mov	r7, lr
10001d70:	0b7f      	lsrs	r7, r7, #13
10001d72:	40af      	lsls	r7, r5
10001d74:	19ff      	adds	r7, r7, r7
10001d76:	e7e0      	b.n	10001d3a <y64_x48+0xcc>

10001d78 <y64_x64>:
10001d78:	2400      	movs	r4, #0
10001d7a:	1c5d      	adds	r5, r3, #1
10001d7c:	d007      	beq.n	10001d8e <y64_x64+0x16>
10001d7e:	4f14      	ldr	r7, [pc, #80]	@ (10001dd0 <y64_x64+0x58>)
10001d80:	667d      	str	r5, [r7, #100]	@ 0x64
10001d82:	6639      	str	r1, [r7, #96]	@ 0x60
10001d84:	e7ff      	b.n	10001d86 <y64_x64+0xe>
10001d86:	e7ff      	b.n	10001d88 <y64_x64+0x10>
10001d88:	e7ff      	b.n	10001d8a <y64_x64+0x12>
10001d8a:	e7ff      	b.n	10001d8c <y64_x64+0x14>
10001d8c:	6f3c      	ldr	r4, [r7, #112]	@ 0x70
10001d8e:	b295      	uxth	r5, r2
10001d90:	b29e      	uxth	r6, r3
10001d92:	4365      	muls	r5, r4
10001d94:	4366      	muls	r6, r4
10001d96:	1b40      	subs	r0, r0, r5
10001d98:	41b1      	sbcs	r1, r6
10001d9a:	0c15      	lsrs	r5, r2, #16
10001d9c:	0c1e      	lsrs	r6, r3, #16
10001d9e:	4365      	muls	r5, r4
10001da0:	4366      	muls	r6, r4
10001da2:	0436      	lsls	r6, r6, #16
10001da4:	0c2f      	lsrs	r7, r5, #16
10001da6:	433e      	orrs	r6, r7
10001da8:	042d      	lsls	r5, r5, #16
10001daa:	1b40      	subs	r0, r0, r5
10001dac:	41b1      	sbcs	r1, r6
10001dae:	4299      	cmp	r1, r3
10001db0:	d204      	bcs.n	10001dbc <y64_x64+0x44>
10001db2:	0002      	movs	r2, r0
10001db4:	000b      	movs	r3, r1
10001db6:	0020      	movs	r0, r4
10001db8:	2100      	movs	r1, #0
10001dba:	bdf0      	pop	{r4, r5, r6, r7, pc}
10001dbc:	d101      	bne.n	10001dc2 <y64_x64+0x4a>
10001dbe:	4290      	cmp	r0, r2
10001dc0:	d3f7      	bcc.n	10001db2 <y64_x64+0x3a>
10001dc2:	1a80      	subs	r0, r0, r2
10001dc4:	4199      	sbcs	r1, r3
10001dc6:	3401      	adds	r4, #1
10001dc8:	4299      	cmp	r1, r3
10001dca:	d3f2      	bcc.n	10001db2 <y64_x64+0x3a>
10001dcc:	e7f6      	b.n	10001dbc <y64_x64+0x44>
10001dce:	0000      	.short	0x0000
10001dd0:	d0000000 	.word	0xd0000000
10001dd4:	ffffffff 	.word	0xffffffff

10001dd8 <__wrap___aeabi_drsub>:
10001dd8:	4048      	eors	r0, r1
10001dda:	4041      	eors	r1, r0
10001ddc:	4048      	eors	r0, r1

10001dde <__wrap___aeabi_dsub>:
10001dde:	b418      	push	{r3, r4}
10001de0:	4b13      	ldr	r3, [pc, #76]	@ (10001e30 <__wrap___aeabi_dmul+0xa>)
10001de2:	685b      	ldr	r3, [r3, #4]
10001de4:	9301      	str	r3, [sp, #4]
10001de6:	bd08      	pop	{r3, pc}

10001de8 <__wrap___aeabi_dadd>:
10001de8:	b418      	push	{r3, r4}
10001dea:	4b11      	ldr	r3, [pc, #68]	@ (10001e30 <__wrap___aeabi_dmul+0xa>)
10001dec:	681b      	ldr	r3, [r3, #0]
10001dee:	9301      	str	r3, [sp, #4]
10001df0:	bd08      	pop	{r3, pc}

10001df2 <__wrap___aeabi_ddiv>:
10001df2:	4694      	mov	ip, r2
10001df4:	4a0f      	ldr	r2, [pc, #60]	@ (10001e34 <__wrap___aeabi_dmul+0xe>)
10001df6:	6f92      	ldr	r2, [r2, #120]	@ 0x78
10001df8:	0892      	lsrs	r2, r2, #2
10001dfa:	d205      	bcs.n	10001e08 <ddiv_save_state>
10001dfc:	4662      	mov	r2, ip

10001dfe <ddiv_shim_call>:
10001dfe:	b418      	push	{r3, r4}
10001e00:	4b0b      	ldr	r3, [pc, #44]	@ (10001e30 <__wrap___aeabi_dmul+0xa>)
10001e02:	68db      	ldr	r3, [r3, #12]
10001e04:	9301      	str	r3, [sp, #4]
10001e06:	bd08      	pop	{r3, pc}

10001e08 <ddiv_save_state>:
10001e08:	4a0a      	ldr	r2, [pc, #40]	@ (10001e34 <__wrap___aeabi_dmul+0xe>)
10001e0a:	b5f0      	push	{r4, r5, r6, r7, lr}
10001e0c:	6e14      	ldr	r4, [r2, #96]	@ 0x60
10001e0e:	6e55      	ldr	r5, [r2, #100]	@ 0x64
10001e10:	6f57      	ldr	r7, [r2, #116]	@ 0x74
10001e12:	6f16      	ldr	r6, [r2, #112]	@ 0x70
10001e14:	4662      	mov	r2, ip
10001e16:	f7ff fff2 	bl	10001dfe <ddiv_shim_call>
10001e1a:	4a06      	ldr	r2, [pc, #24]	@ (10001e34 <__wrap___aeabi_dmul+0xe>)
10001e1c:	6614      	str	r4, [r2, #96]	@ 0x60
10001e1e:	6655      	str	r5, [r2, #100]	@ 0x64
10001e20:	6757      	str	r7, [r2, #116]	@ 0x74
10001e22:	6716      	str	r6, [r2, #112]	@ 0x70
10001e24:	bdf0      	pop	{r4, r5, r6, r7, pc}

10001e26 <__wrap___aeabi_dmul>:
10001e26:	b418      	push	{r3, r4}
10001e28:	4b01      	ldr	r3, [pc, #4]	@ (10001e30 <__wrap___aeabi_dmul+0xa>)
10001e2a:	689b      	ldr	r3, [r3, #8]
10001e2c:	9301      	str	r3, [sp, #4]
10001e2e:	bd08      	pop	{r3, pc}
10001e30:	20001240 	.word	0x20001240
10001e34:	d0000000 	.word	0xd0000000

10001e38 <__wrap___aeabi_cdrcmple>:
10001e38:	b5ff      	push	{r0, r1, r2, r3, r4, r5, r6, r7, lr}
10001e3a:	4050      	eors	r0, r2
10001e3c:	4042      	eors	r2, r0
10001e3e:	4050      	eors	r0, r2
10001e40:	4059      	eors	r1, r3
10001e42:	404b      	eors	r3, r1
10001e44:	4059      	eors	r1, r3
10001e46:	e000      	b.n	10001e4a <__aeabi_dfcmple_guts>

10001e48 <__wrap___aeabi_cdcmpeq>:
10001e48:	b5ff      	push	{r0, r1, r2, r3, r4, r5, r6, r7, lr}

10001e4a <__aeabi_dfcmple_guts>:
10001e4a:	4f15      	ldr	r7, [pc, #84]	@ (10001ea0 <__aeabi_dfcmple_guts+0x56>)
10001e4c:	004c      	lsls	r4, r1, #1
10001e4e:	0d64      	lsrs	r4, r4, #21
10001e50:	d003      	beq.n	10001e5a <__aeabi_dfcmple_guts+0x10>
10001e52:	42bc      	cmp	r4, r7
10001e54:	d104      	bne.n	10001e60 <__aeabi_dfcmple_guts+0x16>
10001e56:	030c      	lsls	r4, r1, #12
10001e58:	d814      	bhi.n	10001e84 <__aeabi_dfcmple_guts+0x3a>
10001e5a:	2000      	movs	r0, #0
10001e5c:	0d09      	lsrs	r1, r1, #20
10001e5e:	0509      	lsls	r1, r1, #20
10001e60:	005c      	lsls	r4, r3, #1
10001e62:	0d64      	lsrs	r4, r4, #21
10001e64:	d003      	beq.n	10001e6e <__aeabi_dfcmple_guts+0x24>
10001e66:	42bc      	cmp	r4, r7
10001e68:	d104      	bne.n	10001e74 <__aeabi_dfcmple_guts+0x2a>
10001e6a:	031c      	lsls	r4, r3, #12
10001e6c:	d80a      	bhi.n	10001e84 <__aeabi_dfcmple_guts+0x3a>
10001e6e:	2200      	movs	r2, #0
10001e70:	0d1b      	lsrs	r3, r3, #20
10001e72:	051b      	lsls	r3, r3, #20
10001e74:	2601      	movs	r6, #1
10001e76:	404b      	eors	r3, r1
10001e78:	d409      	bmi.n	10001e8e <__aeabi_dfcmple_guts+0x44>
10001e7a:	404b      	eors	r3, r1
10001e7c:	d503      	bpl.n	10001e86 <__aeabi_dfcmple_guts+0x3c>
10001e7e:	428b      	cmp	r3, r1
10001e80:	d100      	bne.n	10001e84 <__aeabi_dfcmple_guts+0x3a>
10001e82:	4282      	cmp	r2, r0
10001e84:	bdff      	pop	{r0, r1, r2, r3, r4, r5, r6, r7, pc}
10001e86:	4299      	cmp	r1, r3
10001e88:	d1fc      	bne.n	10001e84 <__aeabi_dfcmple_guts+0x3a>
10001e8a:	4290      	cmp	r0, r2
10001e8c:	bdff      	pop	{r0, r1, r2, r3, r4, r5, r6, r7, pc}
10001e8e:	430b      	orrs	r3, r1
10001e90:	18db      	adds	r3, r3, r3
10001e92:	4303      	orrs	r3, r0
10001e94:	4313      	orrs	r3, r2
10001e96:	d0f5      	beq.n	10001e84 <__aeabi_dfcmple_guts+0x3a>
10001e98:	43c9      	mvns	r1, r1
10001e9a:	1849      	adds	r1, r1, r1
10001e9c:	bdff      	pop	{r0, r1, r2, r3, r4, r5, r6, r7, pc}
10001e9e:	0000      	.short	0x0000
10001ea0:	000007ff 	.word	0x000007ff

10001ea4 <__wrap___aeabi_dcmplt>:
10001ea4:	b500      	push	{lr}
10001ea6:	f7ff ffcf 	bl	10001e48 <__wrap___aeabi_cdcmpeq>
10001eaa:	4180      	sbcs	r0, r0
10001eac:	bd00      	pop	{pc}
10001eae:	46c0      	nop			@ (mov r8, r8)

10001eb0 <__wrap___aeabi_dcmple>:
10001eb0:	b500      	push	{lr}
10001eb2:	f7ff ffc9 	bl	10001e48 <__wrap___aeabi_cdcmpeq>
10001eb6:	d901      	bls.n	10001ebc <__wrap___aeabi_dcmple+0xc>
10001eb8:	2000      	movs	r0, #0
10001eba:	bd00      	pop	{pc}
10001ebc:	2001      	movs	r0, #1
10001ebe:	bd00      	pop	{pc}

10001ec0 <__wrap___aeabi_dcmpge>:
10001ec0:	b500      	push	{lr}
10001ec2:	f7ff ffb9 	bl	10001e38 <__wrap___aeabi_cdrcmple>
10001ec6:	d901      	bls.n	10001ecc <__wrap___aeabi_dcmpge+0xc>
10001ec8:	2000      	movs	r0, #0
10001eca:	bd00      	pop	{pc}
10001ecc:	2001      	movs	r0, #1
10001ece:	bd00      	pop	{pc}

10001ed0 <__wrap___aeabi_dcmpgt>:
10001ed0:	b500      	push	{lr}
10001ed2:	f7ff ffb1 	bl	10001e38 <__wrap___aeabi_cdrcmple>
10001ed6:	4180      	sbcs	r0, r0
10001ed8:	bd00      	pop	{pc}

10001eda <__wrap___aeabi_dcmpun>:
10001eda:	2001      	movs	r0, #1
10001edc:	0540      	lsls	r0, r0, #21
10001ede:	004a      	lsls	r2, r1, #1
10001ee0:	1812      	adds	r2, r2, r0
10001ee2:	d804      	bhi.n	10001eee <__wrap___aeabi_dcmpun+0x14>
10001ee4:	005a      	lsls	r2, r3, #1
10001ee6:	1812      	adds	r2, r2, r0
10001ee8:	d801      	bhi.n	10001eee <__wrap___aeabi_dcmpun+0x14>
10001eea:	2000      	movs	r0, #0
10001eec:	4770      	bx	lr
10001eee:	2001      	movs	r0, #1
10001ef0:	4770      	bx	lr
	...

10001ef4 <__wrap___aeabi_ui2d>:
10001ef4:	2100      	movs	r1, #0
10001ef6:	2800      	cmp	r0, #0
10001ef8:	d105      	bne.n	10001f06 <__wrap___aeabi_i2d+0xa>
10001efa:	4770      	bx	lr

10001efc <__wrap___aeabi_i2d>:
10001efc:	17c1      	asrs	r1, r0, #31
10001efe:	4048      	eors	r0, r1
10001f00:	1a40      	subs	r0, r0, r1
10001f02:	d0fa      	beq.n	10001efa <__wrap___aeabi_ui2d+0x6>
10001f04:	07c9      	lsls	r1, r1, #31
10001f06:	b513      	push	{r0, r1, r4, lr}
10001f08:	4b06      	ldr	r3, [pc, #24]	@ (10001f24 <__wrap___aeabi_i2d+0x28>)
10001f0a:	681b      	ldr	r3, [r3, #0]
10001f0c:	4798      	blx	r3
10001f0e:	bc0c      	pop	{r2, r3}
10001f10:	1c44      	adds	r4, r0, #1
10001f12:	40a2      	lsls	r2, r4
10001f14:	0510      	lsls	r0, r2, #20
10001f16:	0b12      	lsrs	r2, r2, #12
10001f18:	4903      	ldr	r1, [pc, #12]	@ (10001f28 <__wrap___aeabi_i2d+0x2c>)
10001f1a:	1b09      	subs	r1, r1, r4
10001f1c:	0509      	lsls	r1, r1, #20
10001f1e:	4319      	orrs	r1, r3
10001f20:	4311      	orrs	r1, r2
10001f22:	bd10      	pop	{r4, pc}
10001f24:	20002280 	.word	0x20002280
10001f28:	0000041f 	.word	0x0000041f

10001f2c <__wrap___aeabi_d2iz>:
10001f2c:	b510      	push	{r4, lr}
10001f2e:	004c      	lsls	r4, r1, #1
10001f30:	0d62      	lsrs	r2, r4, #21
10001f32:	2380      	movs	r3, #128	@ 0x80
10001f34:	18d2      	adds	r2, r2, r3
10001f36:	00db      	lsls	r3, r3, #3
10001f38:	1ad2      	subs	r2, r2, r3
10001f3a:	055b      	lsls	r3, r3, #21
10001f3c:	2a7e      	cmp	r2, #126	@ 0x7e
10001f3e:	dd10      	ble.n	10001f62 <__wrap___aeabi_d2iz+0x36>
10001f40:	3a9e      	subs	r2, #158	@ 0x9e
10001f42:	da13      	bge.n	10001f6c <__wrap___aeabi_d2iz+0x40>
10001f44:	17cc      	asrs	r4, r1, #31
10001f46:	0309      	lsls	r1, r1, #12
10001f48:	0849      	lsrs	r1, r1, #1
10001f4a:	4319      	orrs	r1, r3
10001f4c:	4252      	negs	r2, r2
10001f4e:	40d1      	lsrs	r1, r2
10001f50:	0064      	lsls	r4, r4, #1
10001f52:	3401      	adds	r4, #1
10001f54:	3215      	adds	r2, #21
10001f56:	2a20      	cmp	r2, #32
10001f58:	da05      	bge.n	10001f66 <__wrap___aeabi_d2iz+0x3a>
10001f5a:	40d0      	lsrs	r0, r2
10001f5c:	4308      	orrs	r0, r1
10001f5e:	4360      	muls	r0, r4
10001f60:	bd10      	pop	{r4, pc}
10001f62:	2000      	movs	r0, #0
10001f64:	bd10      	pop	{r4, pc}
10001f66:	4608      	mov	r0, r1
10001f68:	4360      	muls	r0, r4
10001f6a:	bd10      	pop	{r4, pc}
10001f6c:	0fc8      	lsrs	r0, r1, #31
10001f6e:	18c0      	adds	r0, r0, r3
10001f70:	3801      	subs	r0, #1
10001f72:	bd10      	pop	{r4, pc}

10001f74 <__wrap___aeabi_d2uiz>:
10001f74:	b418      	push	{r3, r4}
10001f76:	4b02      	ldr	r3, [pc, #8]	@ (10001f80 <__wrap___aeabi_d2uiz+0xc>)
10001f78:	6a5b      	ldr	r3, [r3, #36]	@ 0x24
10001f7a:	9301      	str	r3, [sp, #4]
10001f7c:	bd08      	pop	{r3, pc}
10001f7e:	0000      	.short	0x0000
10001f80:	20001240 	.word	0x20001240

10001f84 <missing_double_func_shim>:
10001f84:	b510      	push	{r4, lr}
10001f86:	4801      	ldr	r0, [pc, #4]	@ (10001f8c <missing_double_func_shim+0x8>)
10001f88:	f7fe fa74 	bl	10000474 <panic>
10001f8c:	10009ba0 	.word	0x10009ba0

10001f90 <__aeabi_double_init>:
10001f90:	2313      	movs	r3, #19
10001f92:	b570      	push	{r4, r5, r6, lr}
10001f94:	781d      	ldrb	r5, [r3, #0]
10001f96:	2d01      	cmp	r5, #1
10001f98:	d019      	beq.n	10001fce <__aeabi_double_init+0x3e>
10001f9a:	dd14      	ble.n	10001fc6 <__aeabi_double_init+0x36>
10001f9c:	481d      	ldr	r0, [pc, #116]	@ (10002014 <__aeabi_double_init+0x84>)
10001f9e:	f7ff fb31 	bl	10001604 <rom_data_lookup>
10001fa2:	0006      	movs	r6, r0
10001fa4:	481c      	ldr	r0, [pc, #112]	@ (10002018 <__aeabi_double_init+0x88>)
10001fa6:	f7ff fb2d 	bl	10001604 <rom_data_lookup>
10001faa:	4c1c      	ldr	r4, [pc, #112]	@ (1000201c <__aeabi_double_init+0x8c>)
10001fac:	2280      	movs	r2, #128	@ 0x80
10001fae:	0031      	movs	r1, r6
10001fb0:	0020      	movs	r0, r4
10001fb2:	f000 f8af 	bl	10002114 <__wrap___aeabi_memcpy>
10001fb6:	2d02      	cmp	r5, #2
10001fb8:	d006      	beq.n	10001fc8 <__aeabi_double_init+0x38>
10001fba:	4819      	ldr	r0, [pc, #100]	@ (10002020 <__aeabi_double_init+0x90>)
10001fbc:	f7ff fb1a 	bl	100015f4 <rom_func_lookup>
10001fc0:	4b18      	ldr	r3, [pc, #96]	@ (10002024 <__aeabi_double_init+0x94>)
10001fc2:	6018      	str	r0, [r3, #0]
10001fc4:	bd70      	pop	{r4, r5, r6, pc}
10001fc6:	4c15      	ldr	r4, [pc, #84]	@ (1000201c <__aeabi_double_init+0x8c>)
10001fc8:	4b17      	ldr	r3, [pc, #92]	@ (10002028 <__aeabi_double_init+0x98>)
10001fca:	64a3      	str	r3, [r4, #72]	@ 0x48
10001fcc:	e7f5      	b.n	10001fba <__aeabi_double_init+0x2a>
10001fce:	4b17      	ldr	r3, [pc, #92]	@ (1000202c <__aeabi_double_init+0x9c>)
10001fd0:	4c12      	ldr	r4, [pc, #72]	@ (1000201c <__aeabi_double_init+0x8c>)
10001fd2:	6023      	str	r3, [r4, #0]
10001fd4:	6063      	str	r3, [r4, #4]
10001fd6:	60a3      	str	r3, [r4, #8]
10001fd8:	60e3      	str	r3, [r4, #12]
10001fda:	6123      	str	r3, [r4, #16]
10001fdc:	6163      	str	r3, [r4, #20]
10001fde:	61a3      	str	r3, [r4, #24]
10001fe0:	61e3      	str	r3, [r4, #28]
10001fe2:	6223      	str	r3, [r4, #32]
10001fe4:	6263      	str	r3, [r4, #36]	@ 0x24
10001fe6:	62a3      	str	r3, [r4, #40]	@ 0x28
10001fe8:	62e3      	str	r3, [r4, #44]	@ 0x2c
10001fea:	6323      	str	r3, [r4, #48]	@ 0x30
10001fec:	6363      	str	r3, [r4, #52]	@ 0x34
10001fee:	63a3      	str	r3, [r4, #56]	@ 0x38
10001ff0:	63e3      	str	r3, [r4, #60]	@ 0x3c
10001ff2:	6423      	str	r3, [r4, #64]	@ 0x40
10001ff4:	6463      	str	r3, [r4, #68]	@ 0x44
10001ff6:	64a3      	str	r3, [r4, #72]	@ 0x48
10001ff8:	64e3      	str	r3, [r4, #76]	@ 0x4c
10001ffa:	6523      	str	r3, [r4, #80]	@ 0x50
10001ffc:	6563      	str	r3, [r4, #84]	@ 0x54
10001ffe:	65a3      	str	r3, [r4, #88]	@ 0x58
10002000:	65e3      	str	r3, [r4, #92]	@ 0x5c
10002002:	6623      	str	r3, [r4, #96]	@ 0x60
10002004:	6663      	str	r3, [r4, #100]	@ 0x64
10002006:	66a3      	str	r3, [r4, #104]	@ 0x68
10002008:	66e3      	str	r3, [r4, #108]	@ 0x6c
1000200a:	6723      	str	r3, [r4, #112]	@ 0x70
1000200c:	6763      	str	r3, [r4, #116]	@ 0x74
1000200e:	67a3      	str	r3, [r4, #120]	@ 0x78
10002010:	67e3      	str	r3, [r4, #124]	@ 0x7c
10002012:	e7d9      	b.n	10001fc8 <__aeabi_double_init+0x38>
10002014:	00004453 	.word	0x00004453
10002018:	00004653 	.word	0x00004653
1000201c:	20001240 	.word	0x20001240
10002020:	0000334c 	.word	0x0000334c
10002024:	20002280 	.word	0x20002280
10002028:	10002031 	.word	0x10002031
1000202c:	10001f85 	.word	0x10001f85

10002030 <double_table_shim_on_use_helper>:
10002030:	b507      	push	{r0, r1, r2, lr}
10002032:	4660      	mov	r0, ip
10002034:	8801      	ldrh	r1, [r0, #0]
10002036:	0a0a      	lsrs	r2, r1, #8
10002038:	3002      	adds	r0, #2
1000203a:	2adf      	cmp	r2, #223	@ 0xdf
1000203c:	d1fa      	bne.n	10002034 <double_table_shim_on_use_helper+0x4>
1000203e:	b2c9      	uxtb	r1, r1
10002040:	0882      	lsrs	r2, r0, #2
10002042:	d304      	bcc.n	1000204e <double_table_shim_on_use_helper+0x1e>
10002044:	8802      	ldrh	r2, [r0, #0]
10002046:	8840      	ldrh	r0, [r0, #2]
10002048:	0400      	lsls	r0, r0, #16
1000204a:	4310      	orrs	r0, r2
1000204c:	e000      	b.n	10002050 <double_table_shim_on_use_helper+0x20>
1000204e:	6800      	ldr	r0, [r0, #0]
10002050:	4a01      	ldr	r2, [pc, #4]	@ (10002058 <double_table_shim_on_use_helper+0x28>)
10002052:	5050      	str	r0, [r2, r1]
10002054:	9003      	str	r0, [sp, #12]
10002056:	bd07      	pop	{r0, r1, r2, pc}
10002058:	20001240 	.word	0x20001240

1000205c <__wrap___aeabi_lmul>:
1000205c:	4351      	muls	r1, r2
1000205e:	4343      	muls	r3, r0
10002060:	18c9      	adds	r1, r1, r3
10002062:	468c      	mov	ip, r1
10002064:	0c11      	lsrs	r1, r2, #16
10002066:	b283      	uxth	r3, r0
10002068:	434b      	muls	r3, r1
1000206a:	b410      	push	{r4}
1000206c:	0c04      	lsrs	r4, r0, #16
1000206e:	4361      	muls	r1, r4
10002070:	b292      	uxth	r2, r2
10002072:	b280      	uxth	r0, r0
10002074:	4350      	muls	r0, r2
10002076:	4362      	muls	r2, r4
10002078:	041c      	lsls	r4, r3, #16
1000207a:	0c1b      	lsrs	r3, r3, #16
1000207c:	1900      	adds	r0, r0, r4
1000207e:	bc10      	pop	{r4}
10002080:	4159      	adcs	r1, r3
10002082:	0413      	lsls	r3, r2, #16
10002084:	0c12      	lsrs	r2, r2, #16
10002086:	18c0      	adds	r0, r0, r3
10002088:	4151      	adcs	r1, r2
1000208a:	4461      	add	r1, ip
1000208c:	4770      	bx	lr
	...

10002090 <missing_float_func_shim>:
10002090:	b510      	push	{r4, lr}
10002092:	4801      	ldr	r0, [pc, #4]	@ (10002098 <missing_float_func_shim+0x8>)
10002094:	f7fe f9ee 	bl	10000474 <panic>
10002098:	10009bfc 	.word	0x10009bfc

1000209c <__aeabi_float_init>:
1000209c:	2313      	movs	r3, #19
1000209e:	b510      	push	{r4, lr}
100020a0:	4810      	ldr	r0, [pc, #64]	@ (100020e4 <__aeabi_float_init+0x48>)
100020a2:	781c      	ldrb	r4, [r3, #0]
100020a4:	f7ff faae 	bl	10001604 <rom_data_lookup>
100020a8:	0001      	movs	r1, r0
100020aa:	2c01      	cmp	r4, #1
100020ac:	d00a      	beq.n	100020c4 <__aeabi_float_init+0x28>
100020ae:	dd03      	ble.n	100020b8 <__aeabi_float_init+0x1c>
100020b0:	2280      	movs	r2, #128	@ 0x80
100020b2:	480d      	ldr	r0, [pc, #52]	@ (100020e8 <__aeabi_float_init+0x4c>)
100020b4:	f000 f82e 	bl	10002114 <__wrap___aeabi_memcpy>
100020b8:	480c      	ldr	r0, [pc, #48]	@ (100020ec <__aeabi_float_init+0x50>)
100020ba:	f7ff fa9b 	bl	100015f4 <rom_func_lookup>
100020be:	4b0c      	ldr	r3, [pc, #48]	@ (100020f0 <__aeabi_float_init+0x54>)
100020c0:	6018      	str	r0, [r3, #0]
100020c2:	bd10      	pop	{r4, pc}
100020c4:	4c08      	ldr	r4, [pc, #32]	@ (100020e8 <__aeabi_float_init+0x4c>)
100020c6:	2254      	movs	r2, #84	@ 0x54
100020c8:	0020      	movs	r0, r4
100020ca:	f000 f823 	bl	10002114 <__wrap___aeabi_memcpy>
100020ce:	0022      	movs	r2, r4
100020d0:	4908      	ldr	r1, [pc, #32]	@ (100020f4 <__aeabi_float_init+0x58>)
100020d2:	3280      	adds	r2, #128	@ 0x80
100020d4:	6823      	ldr	r3, [r4, #0]
100020d6:	2b00      	cmp	r3, #0
100020d8:	d100      	bne.n	100020dc <__aeabi_float_init+0x40>
100020da:	6021      	str	r1, [r4, #0]
100020dc:	3404      	adds	r4, #4
100020de:	4294      	cmp	r4, r2
100020e0:	d1f8      	bne.n	100020d4 <__aeabi_float_init+0x38>
100020e2:	e7e9      	b.n	100020b8 <__aeabi_float_init+0x1c>
100020e4:	00004653 	.word	0x00004653
100020e8:	20002284 	.word	0x20002284
100020ec:	0000334c 	.word	0x0000334c
100020f0:	20002280 	.word	0x20002280
100020f4:	10002091 	.word	0x10002091

100020f8 <__aeabi_mem_init>:
100020f8:	4801      	ldr	r0, [pc, #4]	@ (10002100 <__aeabi_mem_init+0x8>)
100020fa:	2104      	movs	r1, #4
100020fc:	4b01      	ldr	r3, [pc, #4]	@ (10002104 <__aeabi_mem_init+0xc>)
100020fe:	4718      	bx	r3
10002100:	20001060 	.word	0x20001060
10002104:	10001615 	.word	0x10001615

10002108 <__wrap_memset>:
10002108:	4b01      	ldr	r3, [pc, #4]	@ (10002110 <__wrap_memset+0x8>)
1000210a:	681b      	ldr	r3, [r3, #0]
1000210c:	4718      	bx	r3
1000210e:	0000      	.short	0x0000
10002110:	20001060 	.word	0x20001060

10002114 <__wrap___aeabi_memcpy>:
10002114:	4b01      	ldr	r3, [pc, #4]	@ (1000211c <__wrap___aeabi_memcpy+0x8>)
10002116:	685b      	ldr	r3, [r3, #4]
10002118:	4718      	bx	r3
1000211a:	0000      	.short	0x0000
1000211c:	20001060 	.word	0x20001060

10002120 <_out_null>:
10002120:	4770      	bx	lr
10002122:	46c0      	nop			@ (mov r8, r8)

10002124 <_out_rev>:
10002124:	b5f8      	push	{r3, r4, r5, r6, r7, lr}
10002126:	4657      	mov	r7, sl
10002128:	46de      	mov	lr, fp
1000212a:	464e      	mov	r6, r9
1000212c:	4645      	mov	r5, r8
1000212e:	b5e0      	push	{r5, r6, r7, lr}
10002130:	4699      	mov	r9, r3
10002132:	9b0a      	ldr	r3, [sp, #40]	@ 0x28
10002134:	0007      	movs	r7, r0
10002136:	469a      	mov	sl, r3
10002138:	9b0d      	ldr	r3, [sp, #52]	@ 0x34
1000213a:	4688      	mov	r8, r1
1000213c:	4693      	mov	fp, r2
1000213e:	9c0b      	ldr	r4, [sp, #44]	@ 0x2c
10002140:	079b      	lsls	r3, r3, #30
10002142:	d13b      	bne.n	100021bc <_out_rev+0x98>
10002144:	9b0c      	ldr	r3, [sp, #48]	@ 0x30
10002146:	429c      	cmp	r4, r3
10002148:	d23d      	bcs.n	100021c6 <_out_rev+0xa2>
1000214a:	1b1e      	subs	r6, r3, r4
1000214c:	940b      	str	r4, [sp, #44]	@ 0x2c
1000214e:	0015      	movs	r5, r2
10002150:	000c      	movs	r4, r1
10002152:	445e      	add	r6, fp
10002154:	002a      	movs	r2, r5
10002156:	464b      	mov	r3, r9
10002158:	3501      	adds	r5, #1
1000215a:	0021      	movs	r1, r4
1000215c:	2020      	movs	r0, #32
1000215e:	47b8      	blx	r7
10002160:	42b5      	cmp	r5, r6
10002162:	d1f7      	bne.n	10002154 <_out_rev+0x30>
10002164:	46a0      	mov	r8, r4
10002166:	9c0b      	ldr	r4, [sp, #44]	@ 0x2c
10002168:	2c00      	cmp	r4, #0
1000216a:	d020      	beq.n	100021ae <_out_rev+0x8a>
1000216c:	4645      	mov	r5, r8
1000216e:	1936      	adds	r6, r6, r4
10002170:	4653      	mov	r3, sl
10002172:	1b32      	subs	r2, r6, r4
10002174:	3c01      	subs	r4, #1
10002176:	5d18      	ldrb	r0, [r3, r4]
10002178:	0029      	movs	r1, r5
1000217a:	464b      	mov	r3, r9
1000217c:	47b8      	blx	r7
1000217e:	2c00      	cmp	r4, #0
10002180:	d1f6      	bne.n	10002170 <_out_rev+0x4c>
10002182:	002b      	movs	r3, r5
10002184:	0035      	movs	r5, r6
10002186:	4698      	mov	r8, r3
10002188:	9b0d      	ldr	r3, [sp, #52]	@ 0x34
1000218a:	079b      	lsls	r3, r3, #30
1000218c:	d50f      	bpl.n	100021ae <_out_rev+0x8a>
1000218e:	465b      	mov	r3, fp
10002190:	1aec      	subs	r4, r5, r3
10002192:	9b0c      	ldr	r3, [sp, #48]	@ 0x30
10002194:	42a3      	cmp	r3, r4
10002196:	d90a      	bls.n	100021ae <_out_rev+0x8a>
10002198:	4646      	mov	r6, r8
1000219a:	4698      	mov	r8, r3
1000219c:	002a      	movs	r2, r5
1000219e:	464b      	mov	r3, r9
100021a0:	0031      	movs	r1, r6
100021a2:	2020      	movs	r0, #32
100021a4:	3401      	adds	r4, #1
100021a6:	47b8      	blx	r7
100021a8:	3501      	adds	r5, #1
100021aa:	4544      	cmp	r4, r8
100021ac:	d3f6      	bcc.n	1000219c <_out_rev+0x78>
100021ae:	0028      	movs	r0, r5
100021b0:	bcf0      	pop	{r4, r5, r6, r7}
100021b2:	46bb      	mov	fp, r7
100021b4:	46b2      	mov	sl, r6
100021b6:	46a9      	mov	r9, r5
100021b8:	46a0      	mov	r8, r4
100021ba:	bdf8      	pop	{r3, r4, r5, r6, r7, pc}
100021bc:	0016      	movs	r6, r2
100021be:	0015      	movs	r5, r2
100021c0:	2c00      	cmp	r4, #0
100021c2:	d1d3      	bne.n	1000216c <_out_rev+0x48>
100021c4:	e7e0      	b.n	10002188 <_out_rev+0x64>
100021c6:	0016      	movs	r6, r2
100021c8:	0015      	movs	r5, r2
100021ca:	2c00      	cmp	r4, #0
100021cc:	d1ce      	bne.n	1000216c <_out_rev+0x48>
100021ce:	e7ee      	b.n	100021ae <_out_rev+0x8a>

100021d0 <_ntoa_format>:
100021d0:	b5f0      	push	{r4, r5, r6, r7, lr}
100021d2:	4645      	mov	r5, r8
100021d4:	46de      	mov	lr, fp
100021d6:	4657      	mov	r7, sl
100021d8:	464e      	mov	r6, r9
100021da:	b5e0      	push	{r5, r6, r7, lr}
100021dc:	b085      	sub	sp, #20
100021de:	469c      	mov	ip, r3
100021e0:	ab10      	add	r3, sp, #64	@ 0x40
100021e2:	781b      	ldrb	r3, [r3, #0]
100021e4:	9f14      	ldr	r7, [sp, #80]	@ 0x50
100021e6:	4693      	mov	fp, r2
100021e8:	4698      	mov	r8, r3
100021ea:	9c0f      	ldr	r4, [sp, #60]	@ 0x3c
100021ec:	9e12      	ldr	r6, [sp, #72]	@ 0x48
100021ee:	9d13      	ldr	r5, [sp, #76]	@ 0x4c
100021f0:	07bb      	lsls	r3, r7, #30
100021f2:	d44c      	bmi.n	1000228e <_ntoa_format+0xbe>
100021f4:	2d00      	cmp	r5, #0
100021f6:	d142      	bne.n	1000227e <_ntoa_format+0xae>
100021f8:	42b4      	cmp	r4, r6
100021fa:	d248      	bcs.n	1000228e <_ntoa_format+0xbe>
100021fc:	2301      	movs	r3, #1
100021fe:	403b      	ands	r3, r7
10002200:	4699      	mov	r9, r3
10002202:	9b0e      	ldr	r3, [sp, #56]	@ 0x38
10002204:	3b01      	subs	r3, #1
10002206:	469a      	mov	sl, r3
10002208:	2330      	movs	r3, #48	@ 0x30
1000220a:	e004      	b.n	10002216 <_ntoa_format+0x46>
1000220c:	4652      	mov	r2, sl
1000220e:	3401      	adds	r4, #1
10002210:	5513      	strb	r3, [r2, r4]
10002212:	42a6      	cmp	r6, r4
10002214:	d901      	bls.n	1000221a <_ntoa_format+0x4a>
10002216:	2c20      	cmp	r4, #32
10002218:	d1f8      	bne.n	1000220c <_ntoa_format+0x3c>
1000221a:	464b      	mov	r3, r9
1000221c:	2b00      	cmp	r3, #0
1000221e:	d100      	bne.n	10002222 <_ntoa_format+0x52>
10002220:	e083      	b.n	1000232a <_ntoa_format+0x15a>
10002222:	9b0e      	ldr	r3, [sp, #56]	@ 0x38
10002224:	3b01      	subs	r3, #1
10002226:	4699      	mov	r9, r3
10002228:	2330      	movs	r3, #48	@ 0x30
1000222a:	42a5      	cmp	r5, r4
1000222c:	d805      	bhi.n	1000223a <_ntoa_format+0x6a>
1000222e:	e02e      	b.n	1000228e <_ntoa_format+0xbe>
10002230:	464a      	mov	r2, r9
10002232:	3401      	adds	r4, #1
10002234:	5513      	strb	r3, [r2, r4]
10002236:	42ac      	cmp	r4, r5
10002238:	d029      	beq.n	1000228e <_ntoa_format+0xbe>
1000223a:	2c20      	cmp	r4, #32
1000223c:	d1f8      	bne.n	10002230 <_ntoa_format+0x60>
1000223e:	06fb      	lsls	r3, r7, #27
10002240:	d50c      	bpl.n	1000225c <_ntoa_format+0x8c>
10002242:	057b      	lsls	r3, r7, #21
10002244:	d454      	bmi.n	100022f0 <_ntoa_format+0x120>
10002246:	42a6      	cmp	r6, r4
10002248:	d063      	beq.n	10002312 <_ntoa_format+0x142>
1000224a:	42a5      	cmp	r5, r4
1000224c:	d061      	beq.n	10002312 <_ntoa_format+0x142>
1000224e:	9b11      	ldr	r3, [sp, #68]	@ 0x44
10002250:	2b10      	cmp	r3, #16
10002252:	d050      	beq.n	100022f6 <_ntoa_format+0x126>
10002254:	2b02      	cmp	r3, #2
10002256:	d057      	beq.n	10002308 <_ntoa_format+0x138>
10002258:	2c20      	cmp	r4, #32
1000225a:	d132      	bne.n	100022c2 <_ntoa_format+0xf2>
1000225c:	2320      	movs	r3, #32
1000225e:	9301      	str	r3, [sp, #4]
10002260:	9b0e      	ldr	r3, [sp, #56]	@ 0x38
10002262:	465a      	mov	r2, fp
10002264:	9300      	str	r3, [sp, #0]
10002266:	9703      	str	r7, [sp, #12]
10002268:	4663      	mov	r3, ip
1000226a:	9502      	str	r5, [sp, #8]
1000226c:	f7ff ff5a 	bl	10002124 <_out_rev>
10002270:	b005      	add	sp, #20
10002272:	bcf0      	pop	{r4, r5, r6, r7}
10002274:	46bb      	mov	fp, r7
10002276:	46b2      	mov	sl, r6
10002278:	46a9      	mov	r9, r5
1000227a:	46a0      	mov	r8, r4
1000227c:	bdf0      	pop	{r4, r5, r6, r7, pc}
1000227e:	2301      	movs	r3, #1
10002280:	403b      	ands	r3, r7
10002282:	4699      	mov	r9, r3
10002284:	2301      	movs	r3, #1
10002286:	423b      	tst	r3, r7
10002288:	d12a      	bne.n	100022e0 <_ntoa_format+0x110>
1000228a:	42b4      	cmp	r4, r6
1000228c:	d3b9      	bcc.n	10002202 <_ntoa_format+0x32>
1000228e:	06fb      	lsls	r3, r7, #27
10002290:	d51c      	bpl.n	100022cc <_ntoa_format+0xfc>
10002292:	057b      	lsls	r3, r7, #21
10002294:	d4db      	bmi.n	1000224e <_ntoa_format+0x7e>
10002296:	2c00      	cmp	r4, #0
10002298:	d1d5      	bne.n	10002246 <_ntoa_format+0x76>
1000229a:	9b11      	ldr	r3, [sp, #68]	@ 0x44
1000229c:	2b10      	cmp	r3, #16
1000229e:	d05b      	beq.n	10002358 <_ntoa_format+0x188>
100022a0:	9b11      	ldr	r3, [sp, #68]	@ 0x44
100022a2:	2b02      	cmp	r3, #2
100022a4:	d06b      	beq.n	1000237e <_ntoa_format+0x1ae>
100022a6:	2330      	movs	r3, #48	@ 0x30
100022a8:	2401      	movs	r4, #1
100022aa:	9a0e      	ldr	r2, [sp, #56]	@ 0x38
100022ac:	7013      	strb	r3, [r2, #0]
100022ae:	4643      	mov	r3, r8
100022b0:	2b00      	cmp	r3, #0
100022b2:	d110      	bne.n	100022d6 <_ntoa_format+0x106>
100022b4:	077b      	lsls	r3, r7, #29
100022b6:	d53e      	bpl.n	10002336 <_ntoa_format+0x166>
100022b8:	262b      	movs	r6, #43	@ 0x2b
100022ba:	9a0e      	ldr	r2, [sp, #56]	@ 0x38
100022bc:	1c63      	adds	r3, r4, #1
100022be:	5516      	strb	r6, [r2, r4]
100022c0:	e7cd      	b.n	1000225e <_ntoa_format+0x8e>
100022c2:	0023      	movs	r3, r4
100022c4:	3401      	adds	r4, #1
100022c6:	2630      	movs	r6, #48	@ 0x30
100022c8:	9a0e      	ldr	r2, [sp, #56]	@ 0x38
100022ca:	54d6      	strb	r6, [r2, r3]
100022cc:	2c20      	cmp	r4, #32
100022ce:	d0c5      	beq.n	1000225c <_ntoa_format+0x8c>
100022d0:	4643      	mov	r3, r8
100022d2:	2b00      	cmp	r3, #0
100022d4:	d0ee      	beq.n	100022b4 <_ntoa_format+0xe4>
100022d6:	262d      	movs	r6, #45	@ 0x2d
100022d8:	9a0e      	ldr	r2, [sp, #56]	@ 0x38
100022da:	1c63      	adds	r3, r4, #1
100022dc:	5516      	strb	r6, [r2, r4]
100022de:	e7be      	b.n	1000225e <_ntoa_format+0x8e>
100022e0:	4643      	mov	r3, r8
100022e2:	2b00      	cmp	r3, #0
100022e4:	d02f      	beq.n	10002346 <_ntoa_format+0x176>
100022e6:	3d01      	subs	r5, #1
100022e8:	42b4      	cmp	r4, r6
100022ea:	d200      	bcs.n	100022ee <_ntoa_format+0x11e>
100022ec:	e789      	b.n	10002202 <_ntoa_format+0x32>
100022ee:	e798      	b.n	10002222 <_ntoa_format+0x52>
100022f0:	9b11      	ldr	r3, [sp, #68]	@ 0x44
100022f2:	2b10      	cmp	r3, #16
100022f4:	d1b2      	bne.n	1000225c <_ntoa_format+0x8c>
100022f6:	06bb      	lsls	r3, r7, #26
100022f8:	d537      	bpl.n	1000236a <_ntoa_format+0x19a>
100022fa:	2c20      	cmp	r4, #32
100022fc:	d0ae      	beq.n	1000225c <_ntoa_format+0x8c>
100022fe:	2358      	movs	r3, #88	@ 0x58
10002300:	9a0e      	ldr	r2, [sp, #56]	@ 0x38
10002302:	5513      	strb	r3, [r2, r4]
10002304:	3401      	adds	r4, #1
10002306:	e7a7      	b.n	10002258 <_ntoa_format+0x88>
10002308:	2c20      	cmp	r4, #32
1000230a:	d0a7      	beq.n	1000225c <_ntoa_format+0x8c>
1000230c:	0023      	movs	r3, r4
1000230e:	3401      	adds	r4, #1
10002310:	e007      	b.n	10002322 <_ntoa_format+0x152>
10002312:	1e63      	subs	r3, r4, #1
10002314:	2c01      	cmp	r4, #1
10002316:	d0c0      	beq.n	1000229a <_ntoa_format+0xca>
10002318:	9a11      	ldr	r2, [sp, #68]	@ 0x44
1000231a:	2a10      	cmp	r2, #16
1000231c:	d031      	beq.n	10002382 <_ntoa_format+0x1b2>
1000231e:	2a02      	cmp	r2, #2
10002320:	d1d1      	bne.n	100022c6 <_ntoa_format+0xf6>
10002322:	2662      	movs	r6, #98	@ 0x62
10002324:	9a0e      	ldr	r2, [sp, #56]	@ 0x38
10002326:	54d6      	strb	r6, [r2, r3]
10002328:	e796      	b.n	10002258 <_ntoa_format+0x88>
1000232a:	06fb      	lsls	r3, r7, #27
1000232c:	d5ce      	bpl.n	100022cc <_ntoa_format+0xfc>
1000232e:	057b      	lsls	r3, r7, #21
10002330:	d400      	bmi.n	10002334 <_ntoa_format+0x164>
10002332:	e788      	b.n	10002246 <_ntoa_format+0x76>
10002334:	e78b      	b.n	1000224e <_ntoa_format+0x7e>
10002336:	0023      	movs	r3, r4
10002338:	073e      	lsls	r6, r7, #28
1000233a:	d590      	bpl.n	1000225e <_ntoa_format+0x8e>
1000233c:	2620      	movs	r6, #32
1000233e:	9a0e      	ldr	r2, [sp, #56]	@ 0x38
10002340:	3301      	adds	r3, #1
10002342:	5516      	strb	r6, [r2, r4]
10002344:	e78b      	b.n	1000225e <_ntoa_format+0x8e>
10002346:	230c      	movs	r3, #12
10002348:	403b      	ands	r3, r7
1000234a:	1e5a      	subs	r2, r3, #1
1000234c:	4193      	sbcs	r3, r2
1000234e:	1aed      	subs	r5, r5, r3
10002350:	42b4      	cmp	r4, r6
10002352:	d200      	bcs.n	10002356 <_ntoa_format+0x186>
10002354:	e755      	b.n	10002202 <_ntoa_format+0x32>
10002356:	e764      	b.n	10002222 <_ntoa_format+0x52>
10002358:	06bb      	lsls	r3, r7, #26
1000235a:	d40e      	bmi.n	1000237a <_ntoa_format+0x1aa>
1000235c:	2378      	movs	r3, #120	@ 0x78
1000235e:	9a0e      	ldr	r2, [sp, #56]	@ 0x38
10002360:	2402      	movs	r4, #2
10002362:	7013      	strb	r3, [r2, #0]
10002364:	2330      	movs	r3, #48	@ 0x30
10002366:	7053      	strb	r3, [r2, #1]
10002368:	e7a1      	b.n	100022ae <_ntoa_format+0xde>
1000236a:	2c20      	cmp	r4, #32
1000236c:	d100      	bne.n	10002370 <_ntoa_format+0x1a0>
1000236e:	e775      	b.n	1000225c <_ntoa_format+0x8c>
10002370:	2378      	movs	r3, #120	@ 0x78
10002372:	9a0e      	ldr	r2, [sp, #56]	@ 0x38
10002374:	5513      	strb	r3, [r2, r4]
10002376:	3401      	adds	r4, #1
10002378:	e76e      	b.n	10002258 <_ntoa_format+0x88>
1000237a:	2358      	movs	r3, #88	@ 0x58
1000237c:	e7ef      	b.n	1000235e <_ntoa_format+0x18e>
1000237e:	3360      	adds	r3, #96	@ 0x60
10002380:	e7ed      	b.n	1000235e <_ntoa_format+0x18e>
10002382:	9a0e      	ldr	r2, [sp, #56]	@ 0x38
10002384:	1ea6      	subs	r6, r4, #2
10002386:	4691      	mov	r9, r2
10002388:	444e      	add	r6, r9
1000238a:	06ba      	lsls	r2, r7, #26
1000238c:	d502      	bpl.n	10002394 <_ntoa_format+0x1c4>
1000238e:	2258      	movs	r2, #88	@ 0x58
10002390:	7032      	strb	r2, [r6, #0]
10002392:	e798      	b.n	100022c6 <_ntoa_format+0xf6>
10002394:	2278      	movs	r2, #120	@ 0x78
10002396:	7032      	strb	r2, [r6, #0]
10002398:	e795      	b.n	100022c6 <_ntoa_format+0xf6>
1000239a:	46c0      	nop			@ (mov r8, r8)

1000239c <_out_char>:
1000239c:	b510      	push	{r4, lr}
1000239e:	2800      	cmp	r0, #0
100023a0:	d100      	bne.n	100023a4 <_out_char+0x8>
100023a2:	bd10      	pop	{r4, pc}
100023a4:	f001 fc82 	bl	10003cac <__wrap_putchar>
100023a8:	e7fb      	b.n	100023a2 <_out_char+0x6>
100023aa:	46c0      	nop			@ (mov r8, r8)

100023ac <_out_fct>:
100023ac:	000b      	movs	r3, r1
100023ae:	b510      	push	{r4, lr}
100023b0:	2800      	cmp	r0, #0
100023b2:	d002      	beq.n	100023ba <_out_fct+0xe>
100023b4:	6849      	ldr	r1, [r1, #4]
100023b6:	681b      	ldr	r3, [r3, #0]
100023b8:	4798      	blx	r3
100023ba:	bd10      	pop	{r4, pc}

100023bc <_ftoa>:
100023bc:	b5f0      	push	{r4, r5, r6, r7, lr}
100023be:	4657      	mov	r7, sl
100023c0:	46de      	mov	lr, fp
100023c2:	464e      	mov	r6, r9
100023c4:	4645      	mov	r5, r8
100023c6:	b5e0      	push	{r5, r6, r7, lr}
100023c8:	b095      	sub	sp, #84	@ 0x54
100023ca:	4683      	mov	fp, r0
100023cc:	000f      	movs	r7, r1
100023ce:	4692      	mov	sl, r2
100023d0:	4698      	mov	r8, r3
100023d2:	9a1e      	ldr	r2, [sp, #120]	@ 0x78
100023d4:	9b1f      	ldr	r3, [sp, #124]	@ 0x7c
100023d6:	0010      	movs	r0, r2
100023d8:	0019      	movs	r1, r3
100023da:	9e20      	ldr	r6, [sp, #128]	@ 0x80
100023dc:	f7ff fd7d 	bl	10001eda <__wrap___aeabi_dcmpun>
100023e0:	2800      	cmp	r0, #0
100023e2:	d000      	beq.n	100023e6 <_ftoa+0x2a>
100023e4:	e1ea      	b.n	100027bc <_ftoa+0x400>
100023e6:	981e      	ldr	r0, [sp, #120]	@ 0x78
100023e8:	991f      	ldr	r1, [sp, #124]	@ 0x7c
100023ea:	2201      	movs	r2, #1
100023ec:	4bc5      	ldr	r3, [pc, #788]	@ (10002704 <_ftoa+0x348>)
100023ee:	4252      	negs	r2, r2
100023f0:	f7ff fd58 	bl	10001ea4 <__wrap___aeabi_dcmplt>
100023f4:	2800      	cmp	r0, #0
100023f6:	d000      	beq.n	100023fa <_ftoa+0x3e>
100023f8:	e114      	b.n	10002624 <_ftoa+0x268>
100023fa:	981e      	ldr	r0, [sp, #120]	@ 0x78
100023fc:	991f      	ldr	r1, [sp, #124]	@ 0x7c
100023fe:	2201      	movs	r2, #1
10002400:	4bc1      	ldr	r3, [pc, #772]	@ (10002708 <_ftoa+0x34c>)
10002402:	4252      	negs	r2, r2
10002404:	f7ff fd64 	bl	10001ed0 <__wrap___aeabi_dcmpgt>
10002408:	2800      	cmp	r0, #0
1000240a:	d000      	beq.n	1000240e <_ftoa+0x52>
1000240c:	e0e9      	b.n	100025e2 <_ftoa+0x226>
1000240e:	981e      	ldr	r0, [sp, #120]	@ 0x78
10002410:	991f      	ldr	r1, [sp, #124]	@ 0x7c
10002412:	2200      	movs	r2, #0
10002414:	4bbd      	ldr	r3, [pc, #756]	@ (1000270c <_ftoa+0x350>)
10002416:	f7ff fd5b 	bl	10001ed0 <__wrap___aeabi_dcmpgt>
1000241a:	2800      	cmp	r0, #0
1000241c:	d000      	beq.n	10002420 <_ftoa+0x64>
1000241e:	e0c8      	b.n	100025b2 <_ftoa+0x1f6>
10002420:	981e      	ldr	r0, [sp, #120]	@ 0x78
10002422:	991f      	ldr	r1, [sp, #124]	@ 0x7c
10002424:	2200      	movs	r2, #0
10002426:	4bba      	ldr	r3, [pc, #744]	@ (10002710 <_ftoa+0x354>)
10002428:	f7ff fd3c 	bl	10001ea4 <__wrap___aeabi_dcmplt>
1000242c:	2800      	cmp	r0, #0
1000242e:	d000      	beq.n	10002432 <_ftoa+0x76>
10002430:	e0bf      	b.n	100025b2 <_ftoa+0x1f6>
10002432:	981e      	ldr	r0, [sp, #120]	@ 0x78
10002434:	991f      	ldr	r1, [sp, #124]	@ 0x7c
10002436:	2200      	movs	r2, #0
10002438:	2300      	movs	r3, #0
1000243a:	f7ff fd33 	bl	10001ea4 <__wrap___aeabi_dcmplt>
1000243e:	2800      	cmp	r0, #0
10002440:	d000      	beq.n	10002444 <_ftoa+0x88>
10002442:	e0e4      	b.n	1000260e <_ftoa+0x252>
10002444:	2300      	movs	r3, #0
10002446:	930b      	str	r3, [sp, #44]	@ 0x2c
10002448:	9b22      	ldr	r3, [sp, #136]	@ 0x88
1000244a:	055b      	lsls	r3, r3, #21
1000244c:	d400      	bmi.n	10002450 <_ftoa+0x94>
1000244e:	2606      	movs	r6, #6
10002450:	2400      	movs	r4, #0
10002452:	2330      	movs	r3, #48	@ 0x30
10002454:	e007      	b.n	10002466 <_ftoa+0xaa>
10002456:	2117      	movs	r1, #23
10002458:	aa06      	add	r2, sp, #24
1000245a:	3401      	adds	r4, #1
1000245c:	1852      	adds	r2, r2, r1
1000245e:	5513      	strb	r3, [r2, r4]
10002460:	3e01      	subs	r6, #1
10002462:	2c20      	cmp	r4, #32
10002464:	d001      	beq.n	1000246a <_ftoa+0xae>
10002466:	2e09      	cmp	r6, #9
10002468:	d8f5      	bhi.n	10002456 <_ftoa+0x9a>
1000246a:	981e      	ldr	r0, [sp, #120]	@ 0x78
1000246c:	991f      	ldr	r1, [sp, #124]	@ 0x7c
1000246e:	f7ff fd5d 	bl	10001f2c <__wrap___aeabi_d2iz>
10002472:	4ba8      	ldr	r3, [pc, #672]	@ (10002714 <_ftoa+0x358>)
10002474:	00f2      	lsls	r2, r6, #3
10002476:	189b      	adds	r3, r3, r2
10002478:	681a      	ldr	r2, [r3, #0]
1000247a:	685b      	ldr	r3, [r3, #4]
1000247c:	0005      	movs	r5, r0
1000247e:	9208      	str	r2, [sp, #32]
10002480:	9309      	str	r3, [sp, #36]	@ 0x24
10002482:	f7ff fd3b 	bl	10001efc <__wrap___aeabi_i2d>
10002486:	0002      	movs	r2, r0
10002488:	000b      	movs	r3, r1
1000248a:	981e      	ldr	r0, [sp, #120]	@ 0x78
1000248c:	991f      	ldr	r1, [sp, #124]	@ 0x7c
1000248e:	f7ff fca6 	bl	10001dde <__wrap___aeabi_dsub>
10002492:	9a08      	ldr	r2, [sp, #32]
10002494:	9b09      	ldr	r3, [sp, #36]	@ 0x24
10002496:	f7ff fcc6 	bl	10001e26 <__wrap___aeabi_dmul>
1000249a:	9006      	str	r0, [sp, #24]
1000249c:	9107      	str	r1, [sp, #28]
1000249e:	f7ff fd69 	bl	10001f74 <__wrap___aeabi_d2uiz>
100024a2:	4681      	mov	r9, r0
100024a4:	f7ff fd26 	bl	10001ef4 <__wrap___aeabi_ui2d>
100024a8:	0002      	movs	r2, r0
100024aa:	000b      	movs	r3, r1
100024ac:	9806      	ldr	r0, [sp, #24]
100024ae:	9907      	ldr	r1, [sp, #28]
100024b0:	f7ff fc95 	bl	10001dde <__wrap___aeabi_dsub>
100024b4:	2200      	movs	r2, #0
100024b6:	4b98      	ldr	r3, [pc, #608]	@ (10002718 <_ftoa+0x35c>)
100024b8:	9006      	str	r0, [sp, #24]
100024ba:	9107      	str	r1, [sp, #28]
100024bc:	f7ff fd08 	bl	10001ed0 <__wrap___aeabi_dcmpgt>
100024c0:	2800      	cmp	r0, #0
100024c2:	d100      	bne.n	100024c6 <_ftoa+0x10a>
100024c4:	e10d      	b.n	100026e2 <_ftoa+0x326>
100024c6:	2301      	movs	r3, #1
100024c8:	469c      	mov	ip, r3
100024ca:	44e1      	add	r9, ip
100024cc:	4648      	mov	r0, r9
100024ce:	f7ff fd11 	bl	10001ef4 <__wrap___aeabi_ui2d>
100024d2:	0002      	movs	r2, r0
100024d4:	000b      	movs	r3, r1
100024d6:	9808      	ldr	r0, [sp, #32]
100024d8:	9909      	ldr	r1, [sp, #36]	@ 0x24
100024da:	f7ff fce9 	bl	10001eb0 <__wrap___aeabi_dcmple>
100024de:	2800      	cmp	r0, #0
100024e0:	d002      	beq.n	100024e8 <_ftoa+0x12c>
100024e2:	2300      	movs	r3, #0
100024e4:	4699      	mov	r9, r3
100024e6:	3501      	adds	r5, #1
100024e8:	2e00      	cmp	r6, #0
100024ea:	d100      	bne.n	100024ee <_ftoa+0x132>
100024ec:	e0d9      	b.n	100026a2 <_ftoa+0x2e6>
100024ee:	9506      	str	r5, [sp, #24]
100024f0:	464d      	mov	r5, r9
100024f2:	46b9      	mov	r9, r7
100024f4:	e014      	b.n	10002520 <_ftoa+0x164>
100024f6:	aa06      	add	r2, sp, #24
100024f8:	4694      	mov	ip, r2
100024fa:	2317      	movs	r3, #23
100024fc:	210a      	movs	r1, #10
100024fe:	4463      	add	r3, ip
10002500:	0028      	movs	r0, r5
10002502:	3401      	adds	r4, #1
10002504:	191f      	adds	r7, r3, r4
10002506:	f7ff fa2f 	bl	10001968 <__wrap___aeabi_uidiv>
1000250a:	3130      	adds	r1, #48	@ 0x30
1000250c:	7039      	strb	r1, [r7, #0]
1000250e:	0028      	movs	r0, r5
10002510:	210a      	movs	r1, #10
10002512:	3e01      	subs	r6, #1
10002514:	f7ff fa28 	bl	10001968 <__wrap___aeabi_uidiv>
10002518:	2d09      	cmp	r5, #9
1000251a:	d800      	bhi.n	1000251e <_ftoa+0x162>
1000251c:	e117      	b.n	1000274e <_ftoa+0x392>
1000251e:	0005      	movs	r5, r0
10002520:	2c20      	cmp	r4, #32
10002522:	d1e8      	bne.n	100024f6 <_ftoa+0x13a>
10002524:	464f      	mov	r7, r9
10002526:	9d06      	ldr	r5, [sp, #24]
10002528:	2420      	movs	r4, #32
1000252a:	ae0c      	add	r6, sp, #48	@ 0x30
1000252c:	aa06      	add	r2, sp, #24
1000252e:	2317      	movs	r3, #23
10002530:	4694      	mov	ip, r2
10002532:	4463      	add	r3, ip
10002534:	4699      	mov	r9, r3
10002536:	465b      	mov	r3, fp
10002538:	46b3      	mov	fp, r6
1000253a:	9306      	str	r3, [sp, #24]
1000253c:	e00f      	b.n	1000255e <_ftoa+0x1a2>
1000253e:	464b      	mov	r3, r9
10002540:	0028      	movs	r0, r5
10002542:	210a      	movs	r1, #10
10002544:	3401      	adds	r4, #1
10002546:	18e6      	adds	r6, r4, r3
10002548:	f7ff f9e6 	bl	10001918 <__wrap___aeabi_idiv>
1000254c:	3130      	adds	r1, #48	@ 0x30
1000254e:	0028      	movs	r0, r5
10002550:	7031      	strb	r1, [r6, #0]
10002552:	210a      	movs	r1, #10
10002554:	f7ff f9e0 	bl	10001918 <__wrap___aeabi_idiv>
10002558:	1e05      	subs	r5, r0, #0
1000255a:	d100      	bne.n	1000255e <_ftoa+0x1a2>
1000255c:	e0e4      	b.n	10002728 <_ftoa+0x36c>
1000255e:	2c20      	cmp	r4, #32
10002560:	d1ed      	bne.n	1000253e <_ftoa+0x182>
10002562:	9b06      	ldr	r3, [sp, #24]
10002564:	465e      	mov	r6, fp
10002566:	469b      	mov	fp, r3
10002568:	2303      	movs	r3, #3
1000256a:	9a22      	ldr	r2, [sp, #136]	@ 0x88
1000256c:	4013      	ands	r3, r2
1000256e:	2b01      	cmp	r3, #1
10002570:	d118      	bne.n	100025a4 <_ftoa+0x1e8>
10002572:	9b21      	ldr	r3, [sp, #132]	@ 0x84
10002574:	2b00      	cmp	r3, #0
10002576:	d015      	beq.n	100025a4 <_ftoa+0x1e8>
10002578:	9b0b      	ldr	r3, [sp, #44]	@ 0x2c
1000257a:	2b00      	cmp	r3, #0
1000257c:	d100      	bne.n	10002580 <_ftoa+0x1c4>
1000257e:	e0fd      	b.n	1000277c <_ftoa+0x3c0>
10002580:	9b21      	ldr	r3, [sp, #132]	@ 0x84
10002582:	3b01      	subs	r3, #1
10002584:	9321      	str	r3, [sp, #132]	@ 0x84
10002586:	2b20      	cmp	r3, #32
10002588:	d90c      	bls.n	100025a4 <_ftoa+0x1e8>
1000258a:	2330      	movs	r3, #48	@ 0x30
1000258c:	9a21      	ldr	r2, [sp, #132]	@ 0x84
1000258e:	e007      	b.n	100025a0 <_ftoa+0x1e4>
10002590:	2017      	movs	r0, #23
10002592:	a906      	add	r1, sp, #24
10002594:	3401      	adds	r4, #1
10002596:	1809      	adds	r1, r1, r0
10002598:	550b      	strb	r3, [r1, r4]
1000259a:	4294      	cmp	r4, r2
1000259c:	d300      	bcc.n	100025a0 <_ftoa+0x1e4>
1000259e:	e0cc      	b.n	1000273a <_ftoa+0x37e>
100025a0:	2c20      	cmp	r4, #32
100025a2:	d1f5      	bne.n	10002590 <_ftoa+0x1d4>
100025a4:	9b22      	ldr	r3, [sp, #136]	@ 0x88
100025a6:	9401      	str	r4, [sp, #4]
100025a8:	9303      	str	r3, [sp, #12]
100025aa:	9b21      	ldr	r3, [sp, #132]	@ 0x84
100025ac:	9600      	str	r6, [sp, #0]
100025ae:	9302      	str	r3, [sp, #8]
100025b0:	e022      	b.n	100025f8 <_ftoa+0x23c>
100025b2:	9b22      	ldr	r3, [sp, #136]	@ 0x88
100025b4:	4652      	mov	r2, sl
100025b6:	9304      	str	r3, [sp, #16]
100025b8:	9b21      	ldr	r3, [sp, #132]	@ 0x84
100025ba:	0039      	movs	r1, r7
100025bc:	9303      	str	r3, [sp, #12]
100025be:	4658      	mov	r0, fp
100025c0:	9b1e      	ldr	r3, [sp, #120]	@ 0x78
100025c2:	9c1f      	ldr	r4, [sp, #124]	@ 0x7c
100025c4:	9602      	str	r6, [sp, #8]
100025c6:	9300      	str	r3, [sp, #0]
100025c8:	9401      	str	r4, [sp, #4]
100025ca:	4643      	mov	r3, r8
100025cc:	f000 f94a 	bl	10002864 <_etoa>
100025d0:	0004      	movs	r4, r0
100025d2:	0020      	movs	r0, r4
100025d4:	b015      	add	sp, #84	@ 0x54
100025d6:	bcf0      	pop	{r4, r5, r6, r7}
100025d8:	46bb      	mov	fp, r7
100025da:	46b2      	mov	sl, r6
100025dc:	46a9      	mov	r9, r5
100025de:	46a0      	mov	r8, r4
100025e0:	bdf0      	pop	{r4, r5, r6, r7, pc}
100025e2:	9b22      	ldr	r3, [sp, #136]	@ 0x88
100025e4:	075b      	lsls	r3, r3, #29
100025e6:	d40f      	bmi.n	10002608 <_ftoa+0x24c>
100025e8:	2203      	movs	r2, #3
100025ea:	4b4c      	ldr	r3, [pc, #304]	@ (1000271c <_ftoa+0x360>)
100025ec:	9922      	ldr	r1, [sp, #136]	@ 0x88
100025ee:	9201      	str	r2, [sp, #4]
100025f0:	9103      	str	r1, [sp, #12]
100025f2:	9921      	ldr	r1, [sp, #132]	@ 0x84
100025f4:	9300      	str	r3, [sp, #0]
100025f6:	9102      	str	r1, [sp, #8]
100025f8:	4643      	mov	r3, r8
100025fa:	4652      	mov	r2, sl
100025fc:	0039      	movs	r1, r7
100025fe:	4658      	mov	r0, fp
10002600:	f7ff fd90 	bl	10002124 <_out_rev>
10002604:	0004      	movs	r4, r0
10002606:	e7e4      	b.n	100025d2 <_ftoa+0x216>
10002608:	2204      	movs	r2, #4
1000260a:	4b45      	ldr	r3, [pc, #276]	@ (10002720 <_ftoa+0x364>)
1000260c:	e7ee      	b.n	100025ec <_ftoa+0x230>
1000260e:	9a1e      	ldr	r2, [sp, #120]	@ 0x78
10002610:	9b1f      	ldr	r3, [sp, #124]	@ 0x7c
10002612:	2000      	movs	r0, #0
10002614:	2100      	movs	r1, #0
10002616:	f7ff fbe2 	bl	10001dde <__wrap___aeabi_dsub>
1000261a:	2301      	movs	r3, #1
1000261c:	901e      	str	r0, [sp, #120]	@ 0x78
1000261e:	911f      	str	r1, [sp, #124]	@ 0x7c
10002620:	930b      	str	r3, [sp, #44]	@ 0x2c
10002622:	e711      	b.n	10002448 <_ftoa+0x8c>
10002624:	9b22      	ldr	r3, [sp, #136]	@ 0x88
10002626:	4654      	mov	r4, sl
10002628:	079b      	lsls	r3, r3, #30
1000262a:	d111      	bne.n	10002650 <_ftoa+0x294>
1000262c:	9b21      	ldr	r3, [sp, #132]	@ 0x84
1000262e:	2b04      	cmp	r3, #4
10002630:	d90e      	bls.n	10002650 <_ftoa+0x294>
10002632:	9b21      	ldr	r3, [sp, #132]	@ 0x84
10002634:	4655      	mov	r5, sl
10002636:	469c      	mov	ip, r3
10002638:	465e      	mov	r6, fp
1000263a:	3c04      	subs	r4, #4
1000263c:	4464      	add	r4, ip
1000263e:	002a      	movs	r2, r5
10002640:	4643      	mov	r3, r8
10002642:	3501      	adds	r5, #1
10002644:	0039      	movs	r1, r7
10002646:	2020      	movs	r0, #32
10002648:	47b0      	blx	r6
1000264a:	42a5      	cmp	r5, r4
1000264c:	d1f7      	bne.n	1000263e <_ftoa+0x282>
1000264e:	46b3      	mov	fp, r6
10002650:	4d34      	ldr	r5, [pc, #208]	@ (10002724 <_ftoa+0x368>)
10002652:	0026      	movs	r6, r4
10002654:	1f2b      	subs	r3, r5, #4
10002656:	4699      	mov	r9, r3
10002658:	465b      	mov	r3, fp
1000265a:	46a3      	mov	fp, r4
1000265c:	001c      	movs	r4, r3
1000265e:	0032      	movs	r2, r6
10002660:	78e8      	ldrb	r0, [r5, #3]
10002662:	4643      	mov	r3, r8
10002664:	0039      	movs	r1, r7
10002666:	3d01      	subs	r5, #1
10002668:	47a0      	blx	r4
1000266a:	3601      	adds	r6, #1
1000266c:	454d      	cmp	r5, r9
1000266e:	d1f6      	bne.n	1000265e <_ftoa+0x2a2>
10002670:	0023      	movs	r3, r4
10002672:	465c      	mov	r4, fp
10002674:	469b      	mov	fp, r3
10002676:	9b22      	ldr	r3, [sp, #136]	@ 0x88
10002678:	3404      	adds	r4, #4
1000267a:	079b      	lsls	r3, r3, #30
1000267c:	d5a9      	bpl.n	100025d2 <_ftoa+0x216>
1000267e:	4653      	mov	r3, sl
10002680:	9a21      	ldr	r2, [sp, #132]	@ 0x84
10002682:	1ae3      	subs	r3, r4, r3
10002684:	429a      	cmp	r2, r3
10002686:	d9a4      	bls.n	100025d2 <_ftoa+0x216>
10002688:	465e      	mov	r6, fp
1000268a:	0015      	movs	r5, r2
1000268c:	0022      	movs	r2, r4
1000268e:	4643      	mov	r3, r8
10002690:	0039      	movs	r1, r7
10002692:	2020      	movs	r0, #32
10002694:	47b0      	blx	r6
10002696:	4653      	mov	r3, sl
10002698:	3401      	adds	r4, #1
1000269a:	1ae3      	subs	r3, r4, r3
1000269c:	429d      	cmp	r5, r3
1000269e:	d8f5      	bhi.n	1000268c <_ftoa+0x2d0>
100026a0:	e797      	b.n	100025d2 <_ftoa+0x216>
100026a2:	0028      	movs	r0, r5
100026a4:	f7ff fc2a 	bl	10001efc <__wrap___aeabi_i2d>
100026a8:	0002      	movs	r2, r0
100026aa:	000b      	movs	r3, r1
100026ac:	981e      	ldr	r0, [sp, #120]	@ 0x78
100026ae:	991f      	ldr	r1, [sp, #124]	@ 0x7c
100026b0:	f7ff fb95 	bl	10001dde <__wrap___aeabi_dsub>
100026b4:	2200      	movs	r2, #0
100026b6:	4b18      	ldr	r3, [pc, #96]	@ (10002718 <_ftoa+0x35c>)
100026b8:	9006      	str	r0, [sp, #24]
100026ba:	9107      	str	r1, [sp, #28]
100026bc:	f7ff fbf2 	bl	10001ea4 <__wrap___aeabi_dcmplt>
100026c0:	ae0c      	add	r6, sp, #48	@ 0x30
100026c2:	2800      	cmp	r0, #0
100026c4:	d000      	beq.n	100026c8 <_ftoa+0x30c>
100026c6:	e731      	b.n	1000252c <_ftoa+0x170>
100026c8:	9806      	ldr	r0, [sp, #24]
100026ca:	9907      	ldr	r1, [sp, #28]
100026cc:	2200      	movs	r2, #0
100026ce:	4b12      	ldr	r3, [pc, #72]	@ (10002718 <_ftoa+0x35c>)
100026d0:	f7ff fbfe 	bl	10001ed0 <__wrap___aeabi_dcmpgt>
100026d4:	2800      	cmp	r0, #0
100026d6:	d000      	beq.n	100026da <_ftoa+0x31e>
100026d8:	e728      	b.n	1000252c <_ftoa+0x170>
100026da:	2301      	movs	r3, #1
100026dc:	3501      	adds	r5, #1
100026de:	439d      	bics	r5, r3
100026e0:	e724      	b.n	1000252c <_ftoa+0x170>
100026e2:	2200      	movs	r2, #0
100026e4:	9806      	ldr	r0, [sp, #24]
100026e6:	9907      	ldr	r1, [sp, #28]
100026e8:	4b0b      	ldr	r3, [pc, #44]	@ (10002718 <_ftoa+0x35c>)
100026ea:	f7ff fbdb 	bl	10001ea4 <__wrap___aeabi_dcmplt>
100026ee:	2800      	cmp	r0, #0
100026f0:	d000      	beq.n	100026f4 <_ftoa+0x338>
100026f2:	e6f9      	b.n	100024e8 <_ftoa+0x12c>
100026f4:	464b      	mov	r3, r9
100026f6:	2b00      	cmp	r3, #0
100026f8:	d15c      	bne.n	100027b4 <_ftoa+0x3f8>
100026fa:	2301      	movs	r3, #1
100026fc:	469c      	mov	ip, r3
100026fe:	44e1      	add	r9, ip
10002700:	e6f2      	b.n	100024e8 <_ftoa+0x12c>
10002702:	46c0      	nop			@ (mov r8, r8)
10002704:	ffefffff 	.word	0xffefffff
10002708:	7fefffff 	.word	0x7fefffff
1000270c:	41cdcd65 	.word	0x41cdcd65
10002710:	c1cdcd65 	.word	0xc1cdcd65
10002714:	10009eb8 	.word	0x10009eb8
10002718:	3fe00000 	.word	0x3fe00000
1000271c:	10009c00 	.word	0x10009c00
10002720:	10009bf8 	.word	0x10009bf8
10002724:	10009c08 	.word	0x10009c08
10002728:	9b06      	ldr	r3, [sp, #24]
1000272a:	465e      	mov	r6, fp
1000272c:	469b      	mov	fp, r3
1000272e:	2303      	movs	r3, #3
10002730:	9a22      	ldr	r2, [sp, #136]	@ 0x88
10002732:	4013      	ands	r3, r2
10002734:	2b01      	cmp	r3, #1
10002736:	d100      	bne.n	1000273a <_ftoa+0x37e>
10002738:	e081      	b.n	1000283e <_ftoa+0x482>
1000273a:	2c20      	cmp	r4, #32
1000273c:	d100      	bne.n	10002740 <_ftoa+0x384>
1000273e:	e731      	b.n	100025a4 <_ftoa+0x1e8>
10002740:	9b0b      	ldr	r3, [sp, #44]	@ 0x2c
10002742:	2b00      	cmp	r3, #0
10002744:	d027      	beq.n	10002796 <_ftoa+0x3da>
10002746:	232d      	movs	r3, #45	@ 0x2d
10002748:	5533      	strb	r3, [r6, r4]
1000274a:	3401      	adds	r4, #1
1000274c:	e72a      	b.n	100025a4 <_ftoa+0x1e8>
1000274e:	464f      	mov	r7, r9
10002750:	9d06      	ldr	r5, [sp, #24]
10002752:	2c20      	cmp	r4, #32
10002754:	d100      	bne.n	10002758 <_ftoa+0x39c>
10002756:	e6e7      	b.n	10002528 <_ftoa+0x16c>
10002758:	2230      	movs	r2, #48	@ 0x30
1000275a:	1933      	adds	r3, r6, r4
1000275c:	e007      	b.n	1000276e <_ftoa+0x3b2>
1000275e:	2017      	movs	r0, #23
10002760:	a906      	add	r1, sp, #24
10002762:	3401      	adds	r4, #1
10002764:	1809      	adds	r1, r1, r0
10002766:	550a      	strb	r2, [r1, r4]
10002768:	2c20      	cmp	r4, #32
1000276a:	d100      	bne.n	1000276e <_ftoa+0x3b2>
1000276c:	e6dc      	b.n	10002528 <_ftoa+0x16c>
1000276e:	42a3      	cmp	r3, r4
10002770:	d1f5      	bne.n	1000275e <_ftoa+0x3a2>
10002772:	222e      	movs	r2, #46	@ 0x2e
10002774:	ae0c      	add	r6, sp, #48	@ 0x30
10002776:	3401      	adds	r4, #1
10002778:	54f2      	strb	r2, [r6, r3]
1000277a:	e6d7      	b.n	1000252c <_ftoa+0x170>
1000277c:	230c      	movs	r3, #12
1000277e:	9a22      	ldr	r2, [sp, #136]	@ 0x88
10002780:	4213      	tst	r3, r2
10002782:	d057      	beq.n	10002834 <_ftoa+0x478>
10002784:	9b21      	ldr	r3, [sp, #132]	@ 0x84
10002786:	3b01      	subs	r3, #1
10002788:	9321      	str	r3, [sp, #132]	@ 0x84
1000278a:	42a3      	cmp	r3, r4
1000278c:	d900      	bls.n	10002790 <_ftoa+0x3d4>
1000278e:	e6fc      	b.n	1000258a <_ftoa+0x1ce>
10002790:	2c20      	cmp	r4, #32
10002792:	d100      	bne.n	10002796 <_ftoa+0x3da>
10002794:	e706      	b.n	100025a4 <_ftoa+0x1e8>
10002796:	9b22      	ldr	r3, [sp, #136]	@ 0x88
10002798:	075b      	lsls	r3, r3, #29
1000279a:	d503      	bpl.n	100027a4 <_ftoa+0x3e8>
1000279c:	232b      	movs	r3, #43	@ 0x2b
1000279e:	5533      	strb	r3, [r6, r4]
100027a0:	3401      	adds	r4, #1
100027a2:	e6ff      	b.n	100025a4 <_ftoa+0x1e8>
100027a4:	9b22      	ldr	r3, [sp, #136]	@ 0x88
100027a6:	071b      	lsls	r3, r3, #28
100027a8:	d400      	bmi.n	100027ac <_ftoa+0x3f0>
100027aa:	e6fb      	b.n	100025a4 <_ftoa+0x1e8>
100027ac:	2320      	movs	r3, #32
100027ae:	5533      	strb	r3, [r6, r4]
100027b0:	3401      	adds	r4, #1
100027b2:	e6f7      	b.n	100025a4 <_ftoa+0x1e8>
100027b4:	07db      	lsls	r3, r3, #31
100027b6:	d400      	bmi.n	100027ba <_ftoa+0x3fe>
100027b8:	e696      	b.n	100024e8 <_ftoa+0x12c>
100027ba:	e79e      	b.n	100026fa <_ftoa+0x33e>
100027bc:	9b22      	ldr	r3, [sp, #136]	@ 0x88
100027be:	4655      	mov	r5, sl
100027c0:	079b      	lsls	r3, r3, #30
100027c2:	d111      	bne.n	100027e8 <_ftoa+0x42c>
100027c4:	9b21      	ldr	r3, [sp, #132]	@ 0x84
100027c6:	2b03      	cmp	r3, #3
100027c8:	d90e      	bls.n	100027e8 <_ftoa+0x42c>
100027ca:	9b21      	ldr	r3, [sp, #132]	@ 0x84
100027cc:	4654      	mov	r4, sl
100027ce:	469c      	mov	ip, r3
100027d0:	465e      	mov	r6, fp
100027d2:	3d03      	subs	r5, #3
100027d4:	4465      	add	r5, ip
100027d6:	0022      	movs	r2, r4
100027d8:	4643      	mov	r3, r8
100027da:	3401      	adds	r4, #1
100027dc:	0039      	movs	r1, r7
100027de:	2020      	movs	r0, #32
100027e0:	47b0      	blx	r6
100027e2:	42ac      	cmp	r4, r5
100027e4:	d1f7      	bne.n	100027d6 <_ftoa+0x41a>
100027e6:	46b3      	mov	fp, r6
100027e8:	46b9      	mov	r9, r7
100027ea:	465f      	mov	r7, fp
100027ec:	4e1c      	ldr	r6, [pc, #112]	@ (10002860 <_ftoa+0x4a4>)
100027ee:	1cec      	adds	r4, r5, #3
100027f0:	002a      	movs	r2, r5
100027f2:	78b0      	ldrb	r0, [r6, #2]
100027f4:	4643      	mov	r3, r8
100027f6:	4649      	mov	r1, r9
100027f8:	3501      	adds	r5, #1
100027fa:	47b8      	blx	r7
100027fc:	3e01      	subs	r6, #1
100027fe:	42a5      	cmp	r5, r4
10002800:	d1f6      	bne.n	100027f0 <_ftoa+0x434>
10002802:	9b22      	ldr	r3, [sp, #136]	@ 0x88
10002804:	46bb      	mov	fp, r7
10002806:	464f      	mov	r7, r9
10002808:	079b      	lsls	r3, r3, #30
1000280a:	d400      	bmi.n	1000280e <_ftoa+0x452>
1000280c:	e6e1      	b.n	100025d2 <_ftoa+0x216>
1000280e:	4653      	mov	r3, sl
10002810:	9a21      	ldr	r2, [sp, #132]	@ 0x84
10002812:	1ae3      	subs	r3, r4, r3
10002814:	429a      	cmp	r2, r3
10002816:	d800      	bhi.n	1000281a <_ftoa+0x45e>
10002818:	e6db      	b.n	100025d2 <_ftoa+0x216>
1000281a:	465e      	mov	r6, fp
1000281c:	0015      	movs	r5, r2
1000281e:	0022      	movs	r2, r4
10002820:	4643      	mov	r3, r8
10002822:	0039      	movs	r1, r7
10002824:	2020      	movs	r0, #32
10002826:	47b0      	blx	r6
10002828:	4653      	mov	r3, sl
1000282a:	3401      	adds	r4, #1
1000282c:	1ae3      	subs	r3, r4, r3
1000282e:	429d      	cmp	r5, r3
10002830:	d8f5      	bhi.n	1000281e <_ftoa+0x462>
10002832:	e6ce      	b.n	100025d2 <_ftoa+0x216>
10002834:	9b21      	ldr	r3, [sp, #132]	@ 0x84
10002836:	42a3      	cmp	r3, r4
10002838:	d900      	bls.n	1000283c <_ftoa+0x480>
1000283a:	e6a6      	b.n	1000258a <_ftoa+0x1ce>
1000283c:	e6b2      	b.n	100025a4 <_ftoa+0x1e8>
1000283e:	9b21      	ldr	r3, [sp, #132]	@ 0x84
10002840:	2b00      	cmp	r3, #0
10002842:	d100      	bne.n	10002846 <_ftoa+0x48a>
10002844:	e779      	b.n	1000273a <_ftoa+0x37e>
10002846:	9b0b      	ldr	r3, [sp, #44]	@ 0x2c
10002848:	2b00      	cmp	r3, #0
1000284a:	d097      	beq.n	1000277c <_ftoa+0x3c0>
1000284c:	9b21      	ldr	r3, [sp, #132]	@ 0x84
1000284e:	3b01      	subs	r3, #1
10002850:	9321      	str	r3, [sp, #132]	@ 0x84
10002852:	429c      	cmp	r4, r3
10002854:	d200      	bcs.n	10002858 <_ftoa+0x49c>
10002856:	e698      	b.n	1000258a <_ftoa+0x1ce>
10002858:	2c20      	cmp	r4, #32
1000285a:	d000      	beq.n	1000285e <_ftoa+0x4a2>
1000285c:	e773      	b.n	10002746 <_ftoa+0x38a>
1000285e:	e6a1      	b.n	100025a4 <_ftoa+0x1e8>
10002860:	10009c04 	.word	0x10009c04

10002864 <_etoa>:
10002864:	b5f0      	push	{r4, r5, r6, r7, lr}
10002866:	46de      	mov	lr, fp
10002868:	4657      	mov	r7, sl
1000286a:	464e      	mov	r6, r9
1000286c:	4645      	mov	r5, r8
1000286e:	b5e0      	push	{r5, r6, r7, lr}
10002870:	b099      	sub	sp, #100	@ 0x64
10002872:	4681      	mov	r9, r0
10002874:	468b      	mov	fp, r1
10002876:	4692      	mov	sl, r2
10002878:	4698      	mov	r8, r3
1000287a:	9a22      	ldr	r2, [sp, #136]	@ 0x88
1000287c:	9b23      	ldr	r3, [sp, #140]	@ 0x8c
1000287e:	0010      	movs	r0, r2
10002880:	0019      	movs	r1, r3
10002882:	f7ff fb2a 	bl	10001eda <__wrap___aeabi_dcmpun>
10002886:	2800      	cmp	r0, #0
10002888:	d000      	beq.n	1000288c <_etoa+0x28>
1000288a:	e0ca      	b.n	10002a22 <_etoa+0x1be>
1000288c:	9822      	ldr	r0, [sp, #136]	@ 0x88
1000288e:	9923      	ldr	r1, [sp, #140]	@ 0x8c
10002890:	2201      	movs	r2, #1
10002892:	4b82      	ldr	r3, [pc, #520]	@ (10002a9c <_etoa+0x238>)
10002894:	4252      	negs	r2, r2
10002896:	f7ff fb1b 	bl	10001ed0 <__wrap___aeabi_dcmpgt>
1000289a:	2800      	cmp	r0, #0
1000289c:	d000      	beq.n	100028a0 <_etoa+0x3c>
1000289e:	e0c0      	b.n	10002a22 <_etoa+0x1be>
100028a0:	9822      	ldr	r0, [sp, #136]	@ 0x88
100028a2:	9923      	ldr	r1, [sp, #140]	@ 0x8c
100028a4:	2201      	movs	r2, #1
100028a6:	4b7e      	ldr	r3, [pc, #504]	@ (10002aa0 <_etoa+0x23c>)
100028a8:	4252      	negs	r2, r2
100028aa:	f7ff fafb 	bl	10001ea4 <__wrap___aeabi_dcmplt>
100028ae:	2800      	cmp	r0, #0
100028b0:	d000      	beq.n	100028b4 <_etoa+0x50>
100028b2:	e0b6      	b.n	10002a22 <_etoa+0x1be>
100028b4:	9822      	ldr	r0, [sp, #136]	@ 0x88
100028b6:	9923      	ldr	r1, [sp, #140]	@ 0x8c
100028b8:	2200      	movs	r2, #0
100028ba:	2300      	movs	r3, #0
100028bc:	f7ff faf2 	bl	10001ea4 <__wrap___aeabi_dcmplt>
100028c0:	2800      	cmp	r0, #0
100028c2:	d000      	beq.n	100028c6 <_etoa+0x62>
100028c4:	e1c9      	b.n	10002c5a <_etoa+0x3f6>
100028c6:	9b22      	ldr	r3, [sp, #136]	@ 0x88
100028c8:	9c23      	ldr	r4, [sp, #140]	@ 0x8c
100028ca:	9308      	str	r3, [sp, #32]
100028cc:	9409      	str	r4, [sp, #36]	@ 0x24
100028ce:	9808      	ldr	r0, [sp, #32]
100028d0:	9909      	ldr	r1, [sp, #36]	@ 0x24
100028d2:	2380      	movs	r3, #128	@ 0x80
100028d4:	9a26      	ldr	r2, [sp, #152]	@ 0x98
100028d6:	00db      	lsls	r3, r3, #3
100028d8:	401a      	ands	r2, r3
100028da:	920d      	str	r2, [sp, #52]	@ 0x34
100028dc:	2280      	movs	r2, #128	@ 0x80
100028de:	9c26      	ldr	r4, [sp, #152]	@ 0x98
100028e0:	0112      	lsls	r2, r2, #4
100028e2:	4014      	ands	r4, r2
100028e4:	0022      	movs	r2, r4
100028e6:	940b      	str	r4, [sp, #44]	@ 0x2c
100028e8:	9c26      	ldr	r4, [sp, #152]	@ 0x98
100028ea:	0007      	movs	r7, r0
100028ec:	000e      	movs	r6, r1
100028ee:	421c      	tst	r4, r3
100028f0:	d000      	beq.n	100028f4 <_etoa+0x90>
100028f2:	e0ad      	b.n	10002a50 <_etoa+0x1ec>
100028f4:	000b      	movs	r3, r1
100028f6:	4303      	orrs	r3, r0
100028f8:	d000      	beq.n	100028fc <_etoa+0x98>
100028fa:	e0d5      	b.n	10002aa8 <_etoa+0x244>
100028fc:	2a00      	cmp	r2, #0
100028fe:	d000      	beq.n	10002902 <_etoa+0x9e>
10002900:	e20a      	b.n	10002d18 <_etoa+0x4b4>
10002902:	0022      	movs	r2, r4
10002904:	3306      	adds	r3, #6
10002906:	9324      	str	r3, [sp, #144]	@ 0x90
10002908:	2302      	movs	r3, #2
1000290a:	4013      	ands	r3, r2
1000290c:	930c      	str	r3, [sp, #48]	@ 0x30
1000290e:	2302      	movs	r3, #2
10002910:	4213      	tst	r3, r2
10002912:	d000      	beq.n	10002916 <_etoa+0xb2>
10002914:	e202      	b.n	10002d1c <_etoa+0x4b8>
10002916:	9b25      	ldr	r3, [sp, #148]	@ 0x94
10002918:	2b04      	cmp	r3, #4
1000291a:	d200      	bcs.n	1000291e <_etoa+0xba>
1000291c:	e20f      	b.n	10002d3e <_etoa+0x4da>
1000291e:	3b04      	subs	r3, #4
10002920:	930b      	str	r3, [sp, #44]	@ 0x2c
10002922:	2300      	movs	r3, #0
10002924:	2504      	movs	r5, #4
10002926:	930a      	str	r3, [sp, #40]	@ 0x28
10002928:	2200      	movs	r2, #0
1000292a:	9822      	ldr	r0, [sp, #136]	@ 0x88
1000292c:	9923      	ldr	r1, [sp, #140]	@ 0x8c
1000292e:	2300      	movs	r3, #0
10002930:	f7ff fab8 	bl	10001ea4 <__wrap___aeabi_dcmplt>
10002934:	2800      	cmp	r0, #0
10002936:	d000      	beq.n	1000293a <_etoa+0xd6>
10002938:	e203      	b.n	10002d42 <_etoa+0x4de>
1000293a:	4b5a      	ldr	r3, [pc, #360]	@ (10002aa4 <_etoa+0x240>)
1000293c:	9a26      	ldr	r2, [sp, #152]	@ 0x98
1000293e:	4013      	ands	r3, r2
10002940:	9304      	str	r3, [sp, #16]
10002942:	9b0b      	ldr	r3, [sp, #44]	@ 0x2c
10002944:	9303      	str	r3, [sp, #12]
10002946:	9b24      	ldr	r3, [sp, #144]	@ 0x90
10002948:	9302      	str	r3, [sp, #8]
1000294a:	9b08      	ldr	r3, [sp, #32]
1000294c:	9c09      	ldr	r4, [sp, #36]	@ 0x24
1000294e:	9300      	str	r3, [sp, #0]
10002950:	9401      	str	r4, [sp, #4]
10002952:	4659      	mov	r1, fp
10002954:	4643      	mov	r3, r8
10002956:	4652      	mov	r2, sl
10002958:	4648      	mov	r0, r9
1000295a:	f7ff fd2f 	bl	100023bc <_ftoa>
1000295e:	0002      	movs	r2, r0
10002960:	2020      	movs	r0, #32
10002962:	9b26      	ldr	r3, [sp, #152]	@ 0x98
10002964:	271f      	movs	r7, #31
10002966:	4003      	ands	r3, r0
10002968:	4259      	negs	r1, r3
1000296a:	414b      	adcs	r3, r1
1000296c:	425b      	negs	r3, r3
1000296e:	4018      	ands	r0, r3
10002970:	1c53      	adds	r3, r2, #1
10002972:	9308      	str	r3, [sp, #32]
10002974:	4659      	mov	r1, fp
10002976:	4643      	mov	r3, r8
10002978:	3045      	adds	r0, #69	@ 0x45
1000297a:	47c8      	blx	r9
1000297c:	9a0a      	ldr	r2, [sp, #40]	@ 0x28
1000297e:	17d3      	asrs	r3, r2, #31
10002980:	18d4      	adds	r4, r2, r3
10002982:	405c      	eors	r4, r3
10002984:	0fd3      	lsrs	r3, r2, #31
10002986:	930a      	str	r3, [sp, #40]	@ 0x28
10002988:	1e6b      	subs	r3, r5, #1
1000298a:	930b      	str	r3, [sp, #44]	@ 0x2c
1000298c:	ab08      	add	r3, sp, #32
1000298e:	469c      	mov	ip, r3
10002990:	2500      	movs	r5, #0
10002992:	4467      	add	r7, ip
10002994:	e001      	b.n	1000299a <_etoa+0x136>
10002996:	2d20      	cmp	r5, #32
10002998:	d00f      	beq.n	100029ba <_etoa+0x156>
1000299a:	0020      	movs	r0, r4
1000299c:	210a      	movs	r1, #10
1000299e:	f7fe ffe3 	bl	10001968 <__wrap___aeabi_uidiv>
100029a2:	3501      	adds	r5, #1
100029a4:	197e      	adds	r6, r7, r5
100029a6:	3130      	adds	r1, #48	@ 0x30
100029a8:	7031      	strb	r1, [r6, #0]
100029aa:	0020      	movs	r0, r4
100029ac:	210a      	movs	r1, #10
100029ae:	f7fe ffdb 	bl	10001968 <__wrap___aeabi_uidiv>
100029b2:	0026      	movs	r6, r4
100029b4:	0004      	movs	r4, r0
100029b6:	2e09      	cmp	r6, #9
100029b8:	d8ed      	bhi.n	10002996 <_etoa+0x132>
100029ba:	2305      	movs	r3, #5
100029bc:	9306      	str	r3, [sp, #24]
100029be:	9b0b      	ldr	r3, [sp, #44]	@ 0x2c
100029c0:	4659      	mov	r1, fp
100029c2:	9305      	str	r3, [sp, #20]
100029c4:	2300      	movs	r3, #0
100029c6:	9304      	str	r3, [sp, #16]
100029c8:	330a      	adds	r3, #10
100029ca:	9303      	str	r3, [sp, #12]
100029cc:	9b0a      	ldr	r3, [sp, #40]	@ 0x28
100029ce:	4648      	mov	r0, r9
100029d0:	9302      	str	r3, [sp, #8]
100029d2:	ab10      	add	r3, sp, #64	@ 0x40
100029d4:	9300      	str	r3, [sp, #0]
100029d6:	9a08      	ldr	r2, [sp, #32]
100029d8:	4643      	mov	r3, r8
100029da:	9501      	str	r5, [sp, #4]
100029dc:	f7ff fbf8 	bl	100021d0 <_ntoa_format>
100029e0:	9b0c      	ldr	r3, [sp, #48]	@ 0x30
100029e2:	2b00      	cmp	r3, #0
100029e4:	d02d      	beq.n	10002a42 <_etoa+0x1de>
100029e6:	4653      	mov	r3, sl
100029e8:	1ac4      	subs	r4, r0, r3
100029ea:	9b25      	ldr	r3, [sp, #148]	@ 0x94
100029ec:	42a3      	cmp	r3, r4
100029ee:	d928      	bls.n	10002a42 <_etoa+0x1de>
100029f0:	464d      	mov	r5, r9
100029f2:	465f      	mov	r7, fp
100029f4:	4681      	mov	r9, r0
100029f6:	001e      	movs	r6, r3
100029f8:	4653      	mov	r3, sl
100029fa:	0039      	movs	r1, r7
100029fc:	191a      	adds	r2, r3, r4
100029fe:	2020      	movs	r0, #32
10002a00:	4643      	mov	r3, r8
10002a02:	3401      	adds	r4, #1
10002a04:	47a8      	blx	r5
10002a06:	42a6      	cmp	r6, r4
10002a08:	d8f6      	bhi.n	100029f8 <_etoa+0x194>
10002a0a:	4653      	mov	r3, sl
10002a0c:	4648      	mov	r0, r9
10002a0e:	9925      	ldr	r1, [sp, #148]	@ 0x94
10002a10:	1ac2      	subs	r2, r0, r3
10002a12:	3201      	adds	r2, #1
10002a14:	2300      	movs	r3, #0
10002a16:	4291      	cmp	r1, r2
10002a18:	d300      	bcc.n	10002a1c <_etoa+0x1b8>
10002a1a:	e186      	b.n	10002d2a <_etoa+0x4c6>
10002a1c:	3001      	adds	r0, #1
10002a1e:	1818      	adds	r0, r3, r0
10002a20:	e00f      	b.n	10002a42 <_etoa+0x1de>
10002a22:	9b26      	ldr	r3, [sp, #152]	@ 0x98
10002a24:	9304      	str	r3, [sp, #16]
10002a26:	9b25      	ldr	r3, [sp, #148]	@ 0x94
10002a28:	9303      	str	r3, [sp, #12]
10002a2a:	9b24      	ldr	r3, [sp, #144]	@ 0x90
10002a2c:	9302      	str	r3, [sp, #8]
10002a2e:	9b22      	ldr	r3, [sp, #136]	@ 0x88
10002a30:	9c23      	ldr	r4, [sp, #140]	@ 0x8c
10002a32:	9300      	str	r3, [sp, #0]
10002a34:	9401      	str	r4, [sp, #4]
10002a36:	4643      	mov	r3, r8
10002a38:	4652      	mov	r2, sl
10002a3a:	4659      	mov	r1, fp
10002a3c:	4648      	mov	r0, r9
10002a3e:	f7ff fcbd 	bl	100023bc <_ftoa>
10002a42:	b019      	add	sp, #100	@ 0x64
10002a44:	bcf0      	pop	{r4, r5, r6, r7}
10002a46:	46bb      	mov	fp, r7
10002a48:	46b2      	mov	sl, r6
10002a4a:	46a9      	mov	r9, r5
10002a4c:	46a0      	mov	r8, r4
10002a4e:	bdf0      	pop	{r4, r5, r6, r7, pc}
10002a50:	4301      	orrs	r1, r0
10002a52:	d12b      	bne.n	10002aac <_etoa+0x248>
10002a54:	9b0b      	ldr	r3, [sp, #44]	@ 0x2c
10002a56:	0022      	movs	r2, r4
10002a58:	2b00      	cmp	r3, #0
10002a5a:	d100      	bne.n	10002a5e <_etoa+0x1fa>
10002a5c:	e754      	b.n	10002908 <_etoa+0xa4>
10002a5e:	2300      	movs	r3, #0
10002a60:	930a      	str	r3, [sp, #40]	@ 0x28
10002a62:	9b24      	ldr	r3, [sp, #144]	@ 0x90
10002a64:	9a0a      	ldr	r2, [sp, #40]	@ 0x28
10002a66:	2400      	movs	r4, #0
10002a68:	4293      	cmp	r3, r2
10002a6a:	dd00      	ble.n	10002a6e <_etoa+0x20a>
10002a6c:	e185      	b.n	10002d7a <_etoa+0x516>
10002a6e:	9822      	ldr	r0, [sp, #136]	@ 0x88
10002a70:	9923      	ldr	r1, [sp, #140]	@ 0x8c
10002a72:	2200      	movs	r2, #0
10002a74:	2300      	movs	r3, #0
10002a76:	f7ff fa15 	bl	10001ea4 <__wrap___aeabi_dcmplt>
10002a7a:	2800      	cmp	r0, #0
10002a7c:	d000      	beq.n	10002a80 <_etoa+0x21c>
10002a7e:	e135      	b.n	10002cec <_etoa+0x488>
10002a80:	9b26      	ldr	r3, [sp, #152]	@ 0x98
10002a82:	4a08      	ldr	r2, [pc, #32]	@ (10002aa4 <_etoa+0x240>)
10002a84:	9402      	str	r4, [sp, #8]
10002a86:	401a      	ands	r2, r3
10002a88:	2380      	movs	r3, #128	@ 0x80
10002a8a:	00db      	lsls	r3, r3, #3
10002a8c:	4313      	orrs	r3, r2
10002a8e:	9304      	str	r3, [sp, #16]
10002a90:	9b25      	ldr	r3, [sp, #148]	@ 0x94
10002a92:	9303      	str	r3, [sp, #12]
10002a94:	9b08      	ldr	r3, [sp, #32]
10002a96:	9c09      	ldr	r4, [sp, #36]	@ 0x24
10002a98:	e7cb      	b.n	10002a32 <_etoa+0x1ce>
10002a9a:	46c0      	nop			@ (mov r8, r8)
10002a9c:	7fefffff 	.word	0x7fefffff
10002aa0:	ffefffff 	.word	0xffefffff
10002aa4:	fffff7ff 	.word	0xfffff7ff
10002aa8:	2306      	movs	r3, #6
10002aaa:	9324      	str	r3, [sp, #144]	@ 0x90
10002aac:	4bb4      	ldr	r3, [pc, #720]	@ (10002d80 <_etoa+0x51c>)
10002aae:	0070      	lsls	r0, r6, #1
10002ab0:	469c      	mov	ip, r3
10002ab2:	0d40      	lsrs	r0, r0, #21
10002ab4:	4460      	add	r0, ip
10002ab6:	f7ff fa21 	bl	10001efc <__wrap___aeabi_i2d>
10002aba:	4ab2      	ldr	r2, [pc, #712]	@ (10002d84 <_etoa+0x520>)
10002abc:	4bb2      	ldr	r3, [pc, #712]	@ (10002d88 <_etoa+0x524>)
10002abe:	f7ff f9b2 	bl	10001e26 <__wrap___aeabi_dmul>
10002ac2:	4ab2      	ldr	r2, [pc, #712]	@ (10002d8c <_etoa+0x528>)
10002ac4:	4bb2      	ldr	r3, [pc, #712]	@ (10002d90 <_etoa+0x52c>)
10002ac6:	f7ff f98f 	bl	10001de8 <__wrap___aeabi_dadd>
10002aca:	0336      	lsls	r6, r6, #12
10002acc:	4bb1      	ldr	r3, [pc, #708]	@ (10002d94 <_etoa+0x530>)
10002ace:	0b36      	lsrs	r6, r6, #12
10002ad0:	4333      	orrs	r3, r6
10002ad2:	0004      	movs	r4, r0
10002ad4:	000d      	movs	r5, r1
10002ad6:	0038      	movs	r0, r7
10002ad8:	0019      	movs	r1, r3
10002ada:	2200      	movs	r2, #0
10002adc:	4bae      	ldr	r3, [pc, #696]	@ (10002d98 <_etoa+0x534>)
10002ade:	f7ff f97e 	bl	10001dde <__wrap___aeabi_dsub>
10002ae2:	4aae      	ldr	r2, [pc, #696]	@ (10002d9c <_etoa+0x538>)
10002ae4:	4bae      	ldr	r3, [pc, #696]	@ (10002da0 <_etoa+0x53c>)
10002ae6:	f7ff f99e 	bl	10001e26 <__wrap___aeabi_dmul>
10002aea:	0002      	movs	r2, r0
10002aec:	000b      	movs	r3, r1
10002aee:	0020      	movs	r0, r4
10002af0:	0029      	movs	r1, r5
10002af2:	f7ff f979 	bl	10001de8 <__wrap___aeabi_dadd>
10002af6:	f7ff fa19 	bl	10001f2c <__wrap___aeabi_d2iz>
10002afa:	900a      	str	r0, [sp, #40]	@ 0x28
10002afc:	f7ff f9fe 	bl	10001efc <__wrap___aeabi_i2d>
10002b00:	4aa8      	ldr	r2, [pc, #672]	@ (10002da4 <_etoa+0x540>)
10002b02:	4ba9      	ldr	r3, [pc, #676]	@ (10002da8 <_etoa+0x544>)
10002b04:	0004      	movs	r4, r0
10002b06:	000d      	movs	r5, r1
10002b08:	f7ff f98d 	bl	10001e26 <__wrap___aeabi_dmul>
10002b0c:	2200      	movs	r2, #0
10002b0e:	4ba7      	ldr	r3, [pc, #668]	@ (10002dac <_etoa+0x548>)
10002b10:	f7ff f96a 	bl	10001de8 <__wrap___aeabi_dadd>
10002b14:	f7ff fa0a 	bl	10001f2c <__wrap___aeabi_d2iz>
10002b18:	4aa5      	ldr	r2, [pc, #660]	@ (10002db0 <_etoa+0x54c>)
10002b1a:	0006      	movs	r6, r0
10002b1c:	4ba5      	ldr	r3, [pc, #660]	@ (10002db4 <_etoa+0x550>)
10002b1e:	0020      	movs	r0, r4
10002b20:	0029      	movs	r1, r5
10002b22:	f7ff f980 	bl	10001e26 <__wrap___aeabi_dmul>
10002b26:	0004      	movs	r4, r0
10002b28:	0030      	movs	r0, r6
10002b2a:	000d      	movs	r5, r1
10002b2c:	960c      	str	r6, [sp, #48]	@ 0x30
10002b2e:	f7ff f9e5 	bl	10001efc <__wrap___aeabi_i2d>
10002b32:	4aa1      	ldr	r2, [pc, #644]	@ (10002db8 <_etoa+0x554>)
10002b34:	4ba1      	ldr	r3, [pc, #644]	@ (10002dbc <_etoa+0x558>)
10002b36:	f7ff f976 	bl	10001e26 <__wrap___aeabi_dmul>
10002b3a:	0002      	movs	r2, r0
10002b3c:	000b      	movs	r3, r1
10002b3e:	0020      	movs	r0, r4
10002b40:	0029      	movs	r1, r5
10002b42:	f7ff f94c 	bl	10001dde <__wrap___aeabi_dsub>
10002b46:	0002      	movs	r2, r0
10002b48:	000b      	movs	r3, r1
10002b4a:	0006      	movs	r6, r0
10002b4c:	000f      	movs	r7, r1
10002b4e:	f7ff f96a 	bl	10001e26 <__wrap___aeabi_dmul>
10002b52:	0032      	movs	r2, r6
10002b54:	0004      	movs	r4, r0
10002b56:	000d      	movs	r5, r1
10002b58:	003b      	movs	r3, r7
10002b5a:	0030      	movs	r0, r6
10002b5c:	0039      	movs	r1, r7
10002b5e:	f7ff f943 	bl	10001de8 <__wrap___aeabi_dadd>
10002b62:	2200      	movs	r2, #0
10002b64:	900e      	str	r0, [sp, #56]	@ 0x38
10002b66:	910f      	str	r1, [sp, #60]	@ 0x3c
10002b68:	4b95      	ldr	r3, [pc, #596]	@ (10002dc0 <_etoa+0x55c>)
10002b6a:	0020      	movs	r0, r4
10002b6c:	0029      	movs	r1, r5
10002b6e:	f7ff f940 	bl	10001df2 <__wrap___aeabi_ddiv>
10002b72:	2200      	movs	r2, #0
10002b74:	4b93      	ldr	r3, [pc, #588]	@ (10002dc4 <_etoa+0x560>)
10002b76:	f7ff f937 	bl	10001de8 <__wrap___aeabi_dadd>
10002b7a:	0002      	movs	r2, r0
10002b7c:	000b      	movs	r3, r1
10002b7e:	0020      	movs	r0, r4
10002b80:	0029      	movs	r1, r5
10002b82:	f7ff f936 	bl	10001df2 <__wrap___aeabi_ddiv>
10002b86:	2200      	movs	r2, #0
10002b88:	4b8f      	ldr	r3, [pc, #572]	@ (10002dc8 <_etoa+0x564>)
10002b8a:	f7ff f92d 	bl	10001de8 <__wrap___aeabi_dadd>
10002b8e:	0002      	movs	r2, r0
10002b90:	000b      	movs	r3, r1
10002b92:	0020      	movs	r0, r4
10002b94:	0029      	movs	r1, r5
10002b96:	f7ff f92c 	bl	10001df2 <__wrap___aeabi_ddiv>
10002b9a:	000d      	movs	r5, r1
10002b9c:	2180      	movs	r1, #128	@ 0x80
10002b9e:	0004      	movs	r4, r0
10002ba0:	0032      	movs	r2, r6
10002ba2:	003b      	movs	r3, r7
10002ba4:	2000      	movs	r0, #0
10002ba6:	05c9      	lsls	r1, r1, #23
10002ba8:	f7ff f919 	bl	10001dde <__wrap___aeabi_dsub>
10002bac:	0002      	movs	r2, r0
10002bae:	000b      	movs	r3, r1
10002bb0:	0020      	movs	r0, r4
10002bb2:	0029      	movs	r1, r5
10002bb4:	f7ff f918 	bl	10001de8 <__wrap___aeabi_dadd>
10002bb8:	0002      	movs	r2, r0
10002bba:	000b      	movs	r3, r1
10002bbc:	980e      	ldr	r0, [sp, #56]	@ 0x38
10002bbe:	990f      	ldr	r1, [sp, #60]	@ 0x3c
10002bc0:	f7ff f917 	bl	10001df2 <__wrap___aeabi_ddiv>
10002bc4:	2200      	movs	r2, #0
10002bc6:	4b73      	ldr	r3, [pc, #460]	@ (10002d94 <_etoa+0x530>)
10002bc8:	f7ff f90e 	bl	10001de8 <__wrap___aeabi_dadd>
10002bcc:	4b7f      	ldr	r3, [pc, #508]	@ (10002dcc <_etoa+0x568>)
10002bce:	9c0c      	ldr	r4, [sp, #48]	@ 0x30
10002bd0:	469c      	mov	ip, r3
10002bd2:	4464      	add	r4, ip
10002bd4:	2200      	movs	r2, #0
10002bd6:	0523      	lsls	r3, r4, #20
10002bd8:	f7ff f925 	bl	10001e26 <__wrap___aeabi_dmul>
10002bdc:	0006      	movs	r6, r0
10002bde:	000f      	movs	r7, r1
10002be0:	0002      	movs	r2, r0
10002be2:	000b      	movs	r3, r1
10002be4:	9808      	ldr	r0, [sp, #32]
10002be6:	9909      	ldr	r1, [sp, #36]	@ 0x24
10002be8:	f7ff f95c 	bl	10001ea4 <__wrap___aeabi_dcmplt>
10002bec:	2800      	cmp	r0, #0
10002bee:	d00a      	beq.n	10002c06 <_etoa+0x3a2>
10002bf0:	9b0a      	ldr	r3, [sp, #40]	@ 0x28
10002bf2:	0030      	movs	r0, r6
10002bf4:	3b01      	subs	r3, #1
10002bf6:	0039      	movs	r1, r7
10002bf8:	930a      	str	r3, [sp, #40]	@ 0x28
10002bfa:	2200      	movs	r2, #0
10002bfc:	4b71      	ldr	r3, [pc, #452]	@ (10002dc4 <_etoa+0x560>)
10002bfe:	f7ff f8f8 	bl	10001df2 <__wrap___aeabi_ddiv>
10002c02:	0006      	movs	r6, r0
10002c04:	000f      	movs	r7, r1
10002c06:	9a0a      	ldr	r2, [sp, #40]	@ 0x28
10002c08:	0033      	movs	r3, r6
10002c0a:	3263      	adds	r2, #99	@ 0x63
10002c0c:	0039      	movs	r1, r7
10002c0e:	2ac6      	cmp	r2, #198	@ 0xc6
10002c10:	d812      	bhi.n	10002c38 <_etoa+0x3d4>
10002c12:	2202      	movs	r2, #2
10002c14:	9826      	ldr	r0, [sp, #152]	@ 0x98
10002c16:	2504      	movs	r5, #4
10002c18:	4010      	ands	r0, r2
10002c1a:	9a0b      	ldr	r2, [sp, #44]	@ 0x2c
10002c1c:	900c      	str	r0, [sp, #48]	@ 0x30
10002c1e:	2a00      	cmp	r2, #0
10002c20:	d125      	bne.n	10002c6e <_etoa+0x40a>
10002c22:	9b25      	ldr	r3, [sp, #148]	@ 0x94
10002c24:	2b04      	cmp	r3, #4
10002c26:	d905      	bls.n	10002c34 <_etoa+0x3d0>
10002c28:	2800      	cmp	r0, #0
10002c2a:	d000      	beq.n	10002c2e <_etoa+0x3ca>
10002c2c:	e0a1      	b.n	10002d72 <_etoa+0x50e>
10002c2e:	9b25      	ldr	r3, [sp, #148]	@ 0x94
10002c30:	3b04      	subs	r3, #4
10002c32:	930b      	str	r3, [sp, #44]	@ 0x2c
10002c34:	2504      	movs	r5, #4
10002c36:	e041      	b.n	10002cbc <_etoa+0x458>
10002c38:	2202      	movs	r2, #2
10002c3a:	9826      	ldr	r0, [sp, #152]	@ 0x98
10002c3c:	4010      	ands	r0, r2
10002c3e:	9a0b      	ldr	r2, [sp, #44]	@ 0x2c
10002c40:	900c      	str	r0, [sp, #48]	@ 0x30
10002c42:	2a00      	cmp	r2, #0
10002c44:	d112      	bne.n	10002c6c <_etoa+0x408>
10002c46:	9b25      	ldr	r3, [sp, #148]	@ 0x94
10002c48:	2b05      	cmp	r3, #5
10002c4a:	d976      	bls.n	10002d3a <_etoa+0x4d6>
10002c4c:	2800      	cmp	r0, #0
10002c4e:	d172      	bne.n	10002d36 <_etoa+0x4d2>
10002c50:	9b25      	ldr	r3, [sp, #148]	@ 0x94
10002c52:	2505      	movs	r5, #5
10002c54:	3b05      	subs	r3, #5
10002c56:	930b      	str	r3, [sp, #44]	@ 0x2c
10002c58:	e034      	b.n	10002cc4 <_etoa+0x460>
10002c5a:	2280      	movs	r2, #128	@ 0x80
10002c5c:	0612      	lsls	r2, r2, #24
10002c5e:	4694      	mov	ip, r2
10002c60:	9b22      	ldr	r3, [sp, #136]	@ 0x88
10002c62:	9308      	str	r3, [sp, #32]
10002c64:	9b23      	ldr	r3, [sp, #140]	@ 0x8c
10002c66:	4463      	add	r3, ip
10002c68:	9309      	str	r3, [sp, #36]	@ 0x24
10002c6a:	e630      	b.n	100028ce <_etoa+0x6a>
10002c6c:	2505      	movs	r5, #5
10002c6e:	430b      	orrs	r3, r1
10002c70:	d100      	bne.n	10002c74 <_etoa+0x410>
10002c72:	e6f6      	b.n	10002a62 <_etoa+0x1fe>
10002c74:	9808      	ldr	r0, [sp, #32]
10002c76:	9909      	ldr	r1, [sp, #36]	@ 0x24
10002c78:	4a55      	ldr	r2, [pc, #340]	@ (10002dd0 <_etoa+0x56c>)
10002c7a:	4b56      	ldr	r3, [pc, #344]	@ (10002dd4 <_etoa+0x570>)
10002c7c:	f7ff f920 	bl	10001ec0 <__wrap___aeabi_dcmpge>
10002c80:	2800      	cmp	r0, #0
10002c82:	d008      	beq.n	10002c96 <_etoa+0x432>
10002c84:	9808      	ldr	r0, [sp, #32]
10002c86:	9909      	ldr	r1, [sp, #36]	@ 0x24
10002c88:	2200      	movs	r2, #0
10002c8a:	4b53      	ldr	r3, [pc, #332]	@ (10002dd8 <_etoa+0x574>)
10002c8c:	f7ff f90a 	bl	10001ea4 <__wrap___aeabi_dcmplt>
10002c90:	2800      	cmp	r0, #0
10002c92:	d000      	beq.n	10002c96 <_etoa+0x432>
10002c94:	e6e5      	b.n	10002a62 <_etoa+0x1fe>
10002c96:	9b24      	ldr	r3, [sp, #144]	@ 0x90
10002c98:	2b00      	cmp	r3, #0
10002c9a:	d01c      	beq.n	10002cd6 <_etoa+0x472>
10002c9c:	9b0d      	ldr	r3, [sp, #52]	@ 0x34
10002c9e:	2b00      	cmp	r3, #0
10002ca0:	d019      	beq.n	10002cd6 <_etoa+0x472>
10002ca2:	9b24      	ldr	r3, [sp, #144]	@ 0x90
10002ca4:	3b01      	subs	r3, #1
10002ca6:	9324      	str	r3, [sp, #144]	@ 0x90
10002ca8:	9b25      	ldr	r3, [sp, #148]	@ 0x94
10002caa:	42ab      	cmp	r3, r5
10002cac:	d904      	bls.n	10002cb8 <_etoa+0x454>
10002cae:	9b0c      	ldr	r3, [sp, #48]	@ 0x30
10002cb0:	2b00      	cmp	r3, #0
10002cb2:	d05a      	beq.n	10002d6a <_etoa+0x506>
10002cb4:	2302      	movs	r3, #2
10002cb6:	930c      	str	r3, [sp, #48]	@ 0x30
10002cb8:	2300      	movs	r3, #0
10002cba:	930b      	str	r3, [sp, #44]	@ 0x2c
10002cbc:	9b0a      	ldr	r3, [sp, #40]	@ 0x28
10002cbe:	2b00      	cmp	r3, #0
10002cc0:	d100      	bne.n	10002cc4 <_etoa+0x460>
10002cc2:	e631      	b.n	10002928 <_etoa+0xc4>
10002cc4:	9808      	ldr	r0, [sp, #32]
10002cc6:	9909      	ldr	r1, [sp, #36]	@ 0x24
10002cc8:	0032      	movs	r2, r6
10002cca:	003b      	movs	r3, r7
10002ccc:	f7ff f891 	bl	10001df2 <__wrap___aeabi_ddiv>
10002cd0:	9008      	str	r0, [sp, #32]
10002cd2:	9109      	str	r1, [sp, #36]	@ 0x24
10002cd4:	e628      	b.n	10002928 <_etoa+0xc4>
10002cd6:	9b25      	ldr	r3, [sp, #148]	@ 0x94
10002cd8:	42ab      	cmp	r3, r5
10002cda:	d9ed      	bls.n	10002cb8 <_etoa+0x454>
10002cdc:	9b0c      	ldr	r3, [sp, #48]	@ 0x30
10002cde:	2b00      	cmp	r3, #0
10002ce0:	d043      	beq.n	10002d6a <_etoa+0x506>
10002ce2:	2300      	movs	r3, #0
10002ce4:	930b      	str	r3, [sp, #44]	@ 0x2c
10002ce6:	3302      	adds	r3, #2
10002ce8:	930c      	str	r3, [sp, #48]	@ 0x30
10002cea:	e7e7      	b.n	10002cbc <_etoa+0x458>
10002cec:	2080      	movs	r0, #128	@ 0x80
10002cee:	9b26      	ldr	r3, [sp, #152]	@ 0x98
10002cf0:	4a3a      	ldr	r2, [pc, #232]	@ (10002ddc <_etoa+0x578>)
10002cf2:	0600      	lsls	r0, r0, #24
10002cf4:	401a      	ands	r2, r3
10002cf6:	2380      	movs	r3, #128	@ 0x80
10002cf8:	4684      	mov	ip, r0
10002cfa:	9402      	str	r4, [sp, #8]
10002cfc:	9c08      	ldr	r4, [sp, #32]
10002cfe:	9d09      	ldr	r5, [sp, #36]	@ 0x24
10002d00:	0029      	movs	r1, r5
10002d02:	00db      	lsls	r3, r3, #3
10002d04:	4313      	orrs	r3, r2
10002d06:	9304      	str	r3, [sp, #16]
10002d08:	9b25      	ldr	r3, [sp, #148]	@ 0x94
10002d0a:	4461      	add	r1, ip
10002d0c:	0022      	movs	r2, r4
10002d0e:	9303      	str	r3, [sp, #12]
10002d10:	000b      	movs	r3, r1
10002d12:	9200      	str	r2, [sp, #0]
10002d14:	9301      	str	r3, [sp, #4]
10002d16:	e68e      	b.n	10002a36 <_etoa+0x1d2>
10002d18:	2405      	movs	r4, #5
10002d1a:	e6a8      	b.n	10002a6e <_etoa+0x20a>
10002d1c:	2300      	movs	r3, #0
10002d1e:	930b      	str	r3, [sp, #44]	@ 0x2c
10002d20:	930a      	str	r3, [sp, #40]	@ 0x28
10002d22:	3302      	adds	r3, #2
10002d24:	2504      	movs	r5, #4
10002d26:	930c      	str	r3, [sp, #48]	@ 0x30
10002d28:	e5fe      	b.n	10002928 <_etoa+0xc4>
10002d2a:	4653      	mov	r3, sl
10002d2c:	468c      	mov	ip, r1
10002d2e:	3b01      	subs	r3, #1
10002d30:	4463      	add	r3, ip
10002d32:	1a1b      	subs	r3, r3, r0
10002d34:	e672      	b.n	10002a1c <_etoa+0x1b8>
10002d36:	2302      	movs	r3, #2
10002d38:	930c      	str	r3, [sp, #48]	@ 0x30
10002d3a:	2505      	movs	r5, #5
10002d3c:	e7c2      	b.n	10002cc4 <_etoa+0x460>
10002d3e:	2304      	movs	r3, #4
10002d40:	e5ed      	b.n	1000291e <_etoa+0xba>
10002d42:	2080      	movs	r0, #128	@ 0x80
10002d44:	9e08      	ldr	r6, [sp, #32]
10002d46:	9f09      	ldr	r7, [sp, #36]	@ 0x24
10002d48:	0600      	lsls	r0, r0, #24
10002d4a:	0039      	movs	r1, r7
10002d4c:	4684      	mov	ip, r0
10002d4e:	9a26      	ldr	r2, [sp, #152]	@ 0x98
10002d50:	4b22      	ldr	r3, [pc, #136]	@ (10002ddc <_etoa+0x578>)
10002d52:	4461      	add	r1, ip
10002d54:	4013      	ands	r3, r2
10002d56:	9304      	str	r3, [sp, #16]
10002d58:	9b0b      	ldr	r3, [sp, #44]	@ 0x2c
10002d5a:	0032      	movs	r2, r6
10002d5c:	9303      	str	r3, [sp, #12]
10002d5e:	9b24      	ldr	r3, [sp, #144]	@ 0x90
10002d60:	9302      	str	r3, [sp, #8]
10002d62:	000b      	movs	r3, r1
10002d64:	9200      	str	r2, [sp, #0]
10002d66:	9301      	str	r3, [sp, #4]
10002d68:	e5f3      	b.n	10002952 <_etoa+0xee>
10002d6a:	9b25      	ldr	r3, [sp, #148]	@ 0x94
10002d6c:	1b5b      	subs	r3, r3, r5
10002d6e:	930b      	str	r3, [sp, #44]	@ 0x2c
10002d70:	e7a4      	b.n	10002cbc <_etoa+0x458>
10002d72:	2302      	movs	r3, #2
10002d74:	2504      	movs	r5, #4
10002d76:	930c      	str	r3, [sp, #48]	@ 0x30
10002d78:	e7a0      	b.n	10002cbc <_etoa+0x458>
10002d7a:	1a9c      	subs	r4, r3, r2
10002d7c:	3c01      	subs	r4, #1
10002d7e:	e676      	b.n	10002a6e <_etoa+0x20a>
10002d80:	fffffc01 	.word	0xfffffc01
10002d84:	509f79fb 	.word	0x509f79fb
10002d88:	3fd34413 	.word	0x3fd34413
10002d8c:	8b60c8b3 	.word	0x8b60c8b3
10002d90:	3fc68a28 	.word	0x3fc68a28
10002d94:	3ff00000 	.word	0x3ff00000
10002d98:	3ff80000 	.word	0x3ff80000
10002d9c:	636f4361 	.word	0x636f4361
10002da0:	3fd287a7 	.word	0x3fd287a7
10002da4:	0979a371 	.word	0x0979a371
10002da8:	400a934f 	.word	0x400a934f
10002dac:	3fe00000 	.word	0x3fe00000
10002db0:	bbb55516 	.word	0xbbb55516
10002db4:	40026bb1 	.word	0x40026bb1
10002db8:	fefa39ef 	.word	0xfefa39ef
10002dbc:	3fe62e42 	.word	0x3fe62e42
10002dc0:	402c0000 	.word	0x402c0000
10002dc4:	40240000 	.word	0x40240000
10002dc8:	40180000 	.word	0x40180000
10002dcc:	000003ff 	.word	0x000003ff
10002dd0:	eb1c432d 	.word	0xeb1c432d
10002dd4:	3f1a36e2 	.word	0x3f1a36e2
10002dd8:	412e8480 	.word	0x412e8480
10002ddc:	fffff7ff 	.word	0xfffff7ff

10002de0 <_vsnprintf>:
10002de0:	b5f0      	push	{r4, r5, r6, r7, lr}
10002de2:	46de      	mov	lr, fp
10002de4:	4657      	mov	r7, sl
10002de6:	464e      	mov	r6, r9
10002de8:	4645      	mov	r5, r8
10002dea:	b5e0      	push	{r5, r6, r7, lr}
10002dec:	b0a5      	sub	sp, #148	@ 0x94
10002dee:	001e      	movs	r6, r3
10002df0:	9b2e      	ldr	r3, [sp, #184]	@ 0xb8
10002df2:	4692      	mov	sl, r2
10002df4:	930c      	str	r3, [sp, #48]	@ 0x30
10002df6:	4acd      	ldr	r2, [pc, #820]	@ (1000312c <_vsnprintf+0x34c>)
10002df8:	4bcd      	ldr	r3, [pc, #820]	@ (10003130 <_vsnprintf+0x350>)
10002dfa:	4680      	mov	r8, r0
10002dfc:	468b      	mov	fp, r1
10002dfe:	601a      	str	r2, [r3, #0]
10002e00:	2900      	cmp	r1, #0
10002e02:	d100      	bne.n	10002e06 <_vsnprintf+0x26>
10002e04:	e1ea      	b.n	100031dc <_vsnprintf+0x3fc>
10002e06:	2300      	movs	r3, #0
10002e08:	7830      	ldrb	r0, [r6, #0]
10002e0a:	4699      	mov	r9, r3
10002e0c:	2800      	cmp	r0, #0
10002e0e:	d100      	bne.n	10002e12 <_vsnprintf+0x32>
10002e10:	e1ec      	b.n	100031ec <_vsnprintf+0x40c>
10002e12:	4bc8      	ldr	r3, [pc, #800]	@ (10003134 <_vsnprintf+0x354>)
10002e14:	464c      	mov	r4, r9
10002e16:	930b      	str	r3, [sp, #44]	@ 0x2c
10002e18:	4bc7      	ldr	r3, [pc, #796]	@ (10003138 <_vsnprintf+0x358>)
10002e1a:	4645      	mov	r5, r8
10002e1c:	4657      	mov	r7, sl
10002e1e:	930e      	str	r3, [sp, #56]	@ 0x38
10002e20:	e00a      	b.n	10002e38 <_vsnprintf+0x58>
10002e22:	1c63      	adds	r3, r4, #1
10002e24:	4698      	mov	r8, r3
10002e26:	0022      	movs	r2, r4
10002e28:	003b      	movs	r3, r7
10002e2a:	4659      	mov	r1, fp
10002e2c:	47a8      	blx	r5
10002e2e:	4644      	mov	r4, r8
10002e30:	7830      	ldrb	r0, [r6, #0]
10002e32:	2800      	cmp	r0, #0
10002e34:	d100      	bne.n	10002e38 <_vsnprintf+0x58>
10002e36:	e087      	b.n	10002f48 <_vsnprintf+0x168>
10002e38:	3601      	adds	r6, #1
10002e3a:	2825      	cmp	r0, #37	@ 0x25
10002e3c:	d1f1      	bne.n	10002e22 <_vsnprintf+0x42>
10002e3e:	2308      	movs	r3, #8
10002e40:	469a      	mov	sl, r3
10002e42:	3b04      	subs	r3, #4
10002e44:	4699      	mov	r9, r3
10002e46:	3b02      	subs	r3, #2
10002e48:	4698      	mov	r8, r3
10002e4a:	3b01      	subs	r3, #1
10002e4c:	2200      	movs	r2, #0
10002e4e:	469c      	mov	ip, r3
10002e50:	940d      	str	r4, [sp, #52]	@ 0x34
10002e52:	7830      	ldrb	r0, [r6, #0]
10002e54:	1c71      	adds	r1, r6, #1
10002e56:	0003      	movs	r3, r0
10002e58:	3b20      	subs	r3, #32
10002e5a:	b2db      	uxtb	r3, r3
10002e5c:	2b10      	cmp	r3, #16
10002e5e:	d803      	bhi.n	10002e68 <_vsnprintf+0x88>
10002e60:	9c0b      	ldr	r4, [sp, #44]	@ 0x2c
10002e62:	009b      	lsls	r3, r3, #2
10002e64:	58e3      	ldr	r3, [r4, r3]
10002e66:	469f      	mov	pc, r3
10002e68:	0003      	movs	r3, r0
10002e6a:	3b30      	subs	r3, #48	@ 0x30
10002e6c:	4689      	mov	r9, r1
10002e6e:	9c0d      	ldr	r4, [sp, #52]	@ 0x34
10002e70:	2b09      	cmp	r3, #9
10002e72:	d93a      	bls.n	10002eea <_vsnprintf+0x10a>
10002e74:	2300      	movs	r3, #0
10002e76:	4698      	mov	r8, r3
10002e78:	282a      	cmp	r0, #42	@ 0x2a
10002e7a:	d100      	bne.n	10002e7e <_vsnprintf+0x9e>
10002e7c:	e0c1      	b.n	10003002 <_vsnprintf+0x222>
10002e7e:	2300      	movs	r3, #0
10002e80:	469a      	mov	sl, r3
10002e82:	282e      	cmp	r0, #46	@ 0x2e
10002e84:	d04b      	beq.n	10002f1e <_vsnprintf+0x13e>
10002e86:	0003      	movs	r3, r0
10002e88:	3b68      	subs	r3, #104	@ 0x68
10002e8a:	b2db      	uxtb	r3, r3
10002e8c:	2b12      	cmp	r3, #18
10002e8e:	d81e      	bhi.n	10002ece <_vsnprintf+0xee>
10002e90:	990e      	ldr	r1, [sp, #56]	@ 0x38
10002e92:	009b      	lsls	r3, r3, #2
10002e94:	58cb      	ldr	r3, [r1, r3]
10002e96:	469f      	mov	pc, r3
10002e98:	4663      	mov	r3, ip
10002e9a:	000e      	movs	r6, r1
10002e9c:	431a      	orrs	r2, r3
10002e9e:	e7d8      	b.n	10002e52 <_vsnprintf+0x72>
10002ea0:	4643      	mov	r3, r8
10002ea2:	000e      	movs	r6, r1
10002ea4:	431a      	orrs	r2, r3
10002ea6:	e7d4      	b.n	10002e52 <_vsnprintf+0x72>
10002ea8:	464b      	mov	r3, r9
10002eaa:	000e      	movs	r6, r1
10002eac:	431a      	orrs	r2, r3
10002eae:	e7d0      	b.n	10002e52 <_vsnprintf+0x72>
10002eb0:	2310      	movs	r3, #16
10002eb2:	000e      	movs	r6, r1
10002eb4:	431a      	orrs	r2, r3
10002eb6:	e7cc      	b.n	10002e52 <_vsnprintf+0x72>
10002eb8:	4653      	mov	r3, sl
10002eba:	000e      	movs	r6, r1
10002ebc:	431a      	orrs	r2, r3
10002ebe:	e7c8      	b.n	10002e52 <_vsnprintf+0x72>
10002ec0:	2380      	movs	r3, #128	@ 0x80
10002ec2:	005b      	lsls	r3, r3, #1
10002ec4:	431a      	orrs	r2, r3
10002ec6:	3bff      	subs	r3, #255	@ 0xff
10002ec8:	469c      	mov	ip, r3
10002eca:	7870      	ldrb	r0, [r6, #1]
10002ecc:	44e1      	add	r9, ip
10002ece:	464e      	mov	r6, r9
10002ed0:	2867      	cmp	r0, #103	@ 0x67
10002ed2:	d84f      	bhi.n	10002f74 <_vsnprintf+0x194>
10002ed4:	2824      	cmp	r0, #36	@ 0x24
10002ed6:	d9a4      	bls.n	10002e22 <_vsnprintf+0x42>
10002ed8:	0003      	movs	r3, r0
10002eda:	3b25      	subs	r3, #37	@ 0x25
10002edc:	b2db      	uxtb	r3, r3
10002ede:	2b42      	cmp	r3, #66	@ 0x42
10002ee0:	d89f      	bhi.n	10002e22 <_vsnprintf+0x42>
10002ee2:	4996      	ldr	r1, [pc, #600]	@ (1000313c <_vsnprintf+0x35c>)
10002ee4:	009b      	lsls	r3, r3, #2
10002ee6:	58cb      	ldr	r3, [r1, r3]
10002ee8:	469f      	mov	pc, r3
10002eea:	2300      	movs	r3, #0
10002eec:	4694      	mov	ip, r2
10002eee:	001e      	movs	r6, r3
10002ef0:	e000      	b.n	10002ef4 <_vsnprintf+0x114>
10002ef2:	3101      	adds	r1, #1
10002ef4:	00b3      	lsls	r3, r6, #2
10002ef6:	199b      	adds	r3, r3, r6
10002ef8:	005b      	lsls	r3, r3, #1
10002efa:	181e      	adds	r6, r3, r0
10002efc:	7808      	ldrb	r0, [r1, #0]
10002efe:	3e30      	subs	r6, #48	@ 0x30
10002f00:	0003      	movs	r3, r0
10002f02:	3b30      	subs	r3, #48	@ 0x30
10002f04:	2b09      	cmp	r3, #9
10002f06:	d9f4      	bls.n	10002ef2 <_vsnprintf+0x112>
10002f08:	2301      	movs	r3, #1
10002f0a:	4662      	mov	r2, ip
10002f0c:	4689      	mov	r9, r1
10002f0e:	469c      	mov	ip, r3
10002f10:	2300      	movs	r3, #0
10002f12:	46b0      	mov	r8, r6
10002f14:	469a      	mov	sl, r3
10002f16:	000e      	movs	r6, r1
10002f18:	44e1      	add	r9, ip
10002f1a:	282e      	cmp	r0, #46	@ 0x2e
10002f1c:	d1b3      	bne.n	10002e86 <_vsnprintf+0xa6>
10002f1e:	2130      	movs	r1, #48	@ 0x30
10002f20:	2080      	movs	r0, #128	@ 0x80
10002f22:	4249      	negs	r1, r1
10002f24:	468c      	mov	ip, r1
10002f26:	00c0      	lsls	r0, r0, #3
10002f28:	4302      	orrs	r2, r0
10002f2a:	7870      	ldrb	r0, [r6, #1]
10002f2c:	464b      	mov	r3, r9
10002f2e:	4484      	add	ip, r0
10002f30:	4661      	mov	r1, ip
10002f32:	2909      	cmp	r1, #9
10002f34:	d800      	bhi.n	10002f38 <_vsnprintf+0x158>
10002f36:	e16c      	b.n	10003212 <_vsnprintf+0x432>
10002f38:	282a      	cmp	r0, #42	@ 0x2a
10002f3a:	d100      	bne.n	10002f3e <_vsnprintf+0x15e>
10002f3c:	e17a      	b.n	10003234 <_vsnprintf+0x454>
10002f3e:	2301      	movs	r3, #1
10002f40:	469c      	mov	ip, r3
10002f42:	464e      	mov	r6, r9
10002f44:	44e1      	add	r9, ip
10002f46:	e79e      	b.n	10002e86 <_vsnprintf+0xa6>
10002f48:	46a1      	mov	r9, r4
10002f4a:	46a8      	mov	r8, r5
10002f4c:	46ba      	mov	sl, r7
10002f4e:	45ca      	cmp	sl, r9
10002f50:	d803      	bhi.n	10002f5a <_vsnprintf+0x17a>
10002f52:	2301      	movs	r3, #1
10002f54:	425b      	negs	r3, r3
10002f56:	4453      	add	r3, sl
10002f58:	4699      	mov	r9, r3
10002f5a:	4653      	mov	r3, sl
10002f5c:	464a      	mov	r2, r9
10002f5e:	4659      	mov	r1, fp
10002f60:	2000      	movs	r0, #0
10002f62:	47c0      	blx	r8
10002f64:	0020      	movs	r0, r4
10002f66:	b025      	add	sp, #148	@ 0x94
10002f68:	bcf0      	pop	{r4, r5, r6, r7}
10002f6a:	46bb      	mov	fp, r7
10002f6c:	46b2      	mov	sl, r6
10002f6e:	46a9      	mov	r9, r5
10002f70:	46a0      	mov	r8, r4
10002f72:	bdf0      	pop	{r4, r5, r6, r7, pc}
10002f74:	0003      	movs	r3, r0
10002f76:	3b69      	subs	r3, #105	@ 0x69
10002f78:	b2db      	uxtb	r3, r3
10002f7a:	930d      	str	r3, [sp, #52]	@ 0x34
10002f7c:	2b0f      	cmp	r3, #15
10002f7e:	d900      	bls.n	10002f82 <_vsnprintf+0x1a2>
10002f80:	e74f      	b.n	10002e22 <_vsnprintf+0x42>
10002f82:	2101      	movs	r1, #1
10002f84:	4099      	lsls	r1, r3
10002f86:	468c      	mov	ip, r1
10002f88:	496d      	ldr	r1, [pc, #436]	@ (10003140 <_vsnprintf+0x360>)
10002f8a:	4689      	mov	r9, r1
10002f8c:	4661      	mov	r1, ip
10002f8e:	464b      	mov	r3, r9
10002f90:	4019      	ands	r1, r3
10002f92:	910f      	str	r1, [sp, #60]	@ 0x3c
10002f94:	4663      	mov	r3, ip
10002f96:	4649      	mov	r1, r9
10002f98:	420b      	tst	r3, r1
10002f9a:	d000      	beq.n	10002f9e <_vsnprintf+0x1be>
10002f9c:	e128      	b.n	100031f0 <_vsnprintf+0x410>
10002f9e:	9b0d      	ldr	r3, [sp, #52]	@ 0x34
10002fa0:	2b0a      	cmp	r3, #10
10002fa2:	d03a      	beq.n	1000301a <_vsnprintf+0x23a>
10002fa4:	2b07      	cmp	r3, #7
10002fa6:	d000      	beq.n	10002faa <_vsnprintf+0x1ca>
10002fa8:	e73b      	b.n	10002e22 <_vsnprintf+0x42>
10002faa:	9b0c      	ldr	r3, [sp, #48]	@ 0x30
10002fac:	0019      	movs	r1, r3
10002fae:	c908      	ldmia	r1!, {r3}
10002fb0:	4688      	mov	r8, r1
10002fb2:	2b00      	cmp	r3, #0
10002fb4:	d100      	bne.n	10002fb8 <_vsnprintf+0x1d8>
10002fb6:	e14b      	b.n	10003250 <_vsnprintf+0x470>
10002fb8:	2021      	movs	r0, #33	@ 0x21
10002fba:	4302      	orrs	r2, r0
10002fbc:	4691      	mov	r9, r2
10002fbe:	a914      	add	r1, sp, #80	@ 0x50
10002fc0:	468c      	mov	ip, r1
10002fc2:	221f      	movs	r2, #31
10002fc4:	210f      	movs	r1, #15
10002fc6:	4462      	add	r2, ip
10002fc8:	468c      	mov	ip, r1
10002fca:	4651      	mov	r1, sl
10002fcc:	950d      	str	r5, [sp, #52]	@ 0x34
10002fce:	910c      	str	r1, [sp, #48]	@ 0x30
10002fd0:	46a2      	mov	sl, r4
10002fd2:	0015      	movs	r5, r2
10002fd4:	990f      	ldr	r1, [sp, #60]	@ 0x3c
10002fd6:	e002      	b.n	10002fde <_vsnprintf+0x1fe>
10002fd8:	2920      	cmp	r1, #32
10002fda:	d00c      	beq.n	10002ff6 <_vsnprintf+0x216>
10002fdc:	0013      	movs	r3, r2
10002fde:	4664      	mov	r4, ip
10002fe0:	401c      	ands	r4, r3
10002fe2:	0020      	movs	r0, r4
10002fe4:	3037      	adds	r0, #55	@ 0x37
10002fe6:	2c09      	cmp	r4, #9
10002fe8:	d800      	bhi.n	10002fec <_vsnprintf+0x20c>
10002fea:	3807      	subs	r0, #7
10002fec:	3101      	adds	r1, #1
10002fee:	5468      	strb	r0, [r5, r1]
10002ff0:	091a      	lsrs	r2, r3, #4
10002ff2:	2b0f      	cmp	r3, #15
10002ff4:	d8f0      	bhi.n	10002fd8 <_vsnprintf+0x1f8>
10002ff6:	9b0c      	ldr	r3, [sp, #48]	@ 0x30
10002ff8:	4654      	mov	r4, sl
10002ffa:	9d0d      	ldr	r5, [sp, #52]	@ 0x34
10002ffc:	469a      	mov	sl, r3
10002ffe:	910f      	str	r1, [sp, #60]	@ 0x3c
10003000:	e133      	b.n	1000326a <_vsnprintf+0x48a>
10003002:	9b0c      	ldr	r3, [sp, #48]	@ 0x30
10003004:	cb02      	ldmia	r3!, {r1}
10003006:	4688      	mov	r8, r1
10003008:	2900      	cmp	r1, #0
1000300a:	db47      	blt.n	1000309c <_vsnprintf+0x2bc>
1000300c:	930c      	str	r3, [sp, #48]	@ 0x30
1000300e:	2301      	movs	r3, #1
10003010:	469c      	mov	ip, r3
10003012:	7870      	ldrb	r0, [r6, #1]
10003014:	464e      	mov	r6, r9
10003016:	44e1      	add	r9, ip
10003018:	e731      	b.n	10002e7e <_vsnprintf+0x9e>
1000301a:	9b0c      	ldr	r3, [sp, #48]	@ 0x30
1000301c:	cb02      	ldmia	r3!, {r1}
1000301e:	9314      	str	r3, [sp, #80]	@ 0x50
10003020:	4653      	mov	r3, sl
10003022:	2b00      	cmp	r3, #0
10003024:	d100      	bne.n	10003028 <_vsnprintf+0x248>
10003026:	e138      	b.n	1000329a <_vsnprintf+0x4ba>
10003028:	469c      	mov	ip, r3
1000302a:	7808      	ldrb	r0, [r1, #0]
1000302c:	000b      	movs	r3, r1
1000302e:	900c      	str	r0, [sp, #48]	@ 0x30
10003030:	448c      	add	ip, r1
10003032:	2800      	cmp	r0, #0
10003034:	d101      	bne.n	1000303a <_vsnprintf+0x25a>
10003036:	f000 fc98 	bl	1000396a <_vsnprintf+0xb8a>
1000303a:	4689      	mov	r9, r1
1000303c:	4661      	mov	r1, ip
1000303e:	4694      	mov	ip, r2
10003040:	e003      	b.n	1000304a <_vsnprintf+0x26a>
10003042:	785a      	ldrb	r2, [r3, #1]
10003044:	3301      	adds	r3, #1
10003046:	2a00      	cmp	r2, #0
10003048:	d001      	beq.n	1000304e <_vsnprintf+0x26e>
1000304a:	428b      	cmp	r3, r1
1000304c:	d1f9      	bne.n	10003042 <_vsnprintf+0x262>
1000304e:	4649      	mov	r1, r9
10003050:	4662      	mov	r2, ip
10003052:	1a5b      	subs	r3, r3, r1
10003054:	900c      	str	r0, [sp, #48]	@ 0x30
10003056:	930f      	str	r3, [sp, #60]	@ 0x3c
10003058:	0553      	lsls	r3, r2, #21
1000305a:	d500      	bpl.n	1000305e <_vsnprintf+0x27e>
1000305c:	e120      	b.n	100032a0 <_vsnprintf+0x4c0>
1000305e:	2302      	movs	r3, #2
10003060:	0018      	movs	r0, r3
10003062:	4010      	ands	r0, r2
10003064:	900d      	str	r0, [sp, #52]	@ 0x34
10003066:	4213      	tst	r3, r2
10003068:	d100      	bne.n	1000306c <_vsnprintf+0x28c>
1000306a:	e3cb      	b.n	10003804 <_vsnprintf+0xa24>
1000306c:	930d      	str	r3, [sp, #52]	@ 0x34
1000306e:	1b0b      	subs	r3, r1, r4
10003070:	46b1      	mov	r9, r6
10003072:	469a      	mov	sl, r3
10003074:	465e      	mov	r6, fp
10003076:	980c      	ldr	r0, [sp, #48]	@ 0x30
10003078:	0022      	movs	r2, r4
1000307a:	003b      	movs	r3, r7
1000307c:	0031      	movs	r1, r6
1000307e:	47a8      	blx	r5
10003080:	4653      	mov	r3, sl
10003082:	3401      	adds	r4, #1
10003084:	5d18      	ldrb	r0, [r3, r4]
10003086:	2800      	cmp	r0, #0
10003088:	d1f6      	bne.n	10003078 <_vsnprintf+0x298>
1000308a:	46b3      	mov	fp, r6
1000308c:	464e      	mov	r6, r9
1000308e:	9b0d      	ldr	r3, [sp, #52]	@ 0x34
10003090:	2b00      	cmp	r3, #0
10003092:	d000      	beq.n	10003096 <_vsnprintf+0x2b6>
10003094:	e1c7      	b.n	10003426 <_vsnprintf+0x646>
10003096:	9b14      	ldr	r3, [sp, #80]	@ 0x50
10003098:	930c      	str	r3, [sp, #48]	@ 0x30
1000309a:	e6c9      	b.n	10002e30 <_vsnprintf+0x50>
1000309c:	930c      	str	r3, [sp, #48]	@ 0x30
1000309e:	2301      	movs	r3, #1
100030a0:	469c      	mov	ip, r3
100030a2:	3828      	subs	r0, #40	@ 0x28
100030a4:	4249      	negs	r1, r1
100030a6:	4302      	orrs	r2, r0
100030a8:	4688      	mov	r8, r1
100030aa:	7870      	ldrb	r0, [r6, #1]
100030ac:	464e      	mov	r6, r9
100030ae:	44e1      	add	r9, ip
100030b0:	e6e5      	b.n	10002e7e <_vsnprintf+0x9e>
100030b2:	7870      	ldrb	r0, [r6, #1]
100030b4:	286c      	cmp	r0, #108	@ 0x6c
100030b6:	d100      	bne.n	100030ba <_vsnprintf+0x2da>
100030b8:	e17f      	b.n	100033ba <_vsnprintf+0x5da>
100030ba:	2380      	movs	r3, #128	@ 0x80
100030bc:	005b      	lsls	r3, r3, #1
100030be:	431a      	orrs	r2, r3
100030c0:	3bff      	subs	r3, #255	@ 0xff
100030c2:	469c      	mov	ip, r3
100030c4:	44e1      	add	r9, ip
100030c6:	e702      	b.n	10002ece <_vsnprintf+0xee>
100030c8:	2380      	movs	r3, #128	@ 0x80
100030ca:	009b      	lsls	r3, r3, #2
100030cc:	431a      	orrs	r2, r3
100030ce:	2301      	movs	r3, #1
100030d0:	469c      	mov	ip, r3
100030d2:	7870      	ldrb	r0, [r6, #1]
100030d4:	44e1      	add	r9, ip
100030d6:	e6fa      	b.n	10002ece <_vsnprintf+0xee>
100030d8:	7870      	ldrb	r0, [r6, #1]
100030da:	2868      	cmp	r0, #104	@ 0x68
100030dc:	d100      	bne.n	100030e0 <_vsnprintf+0x300>
100030de:	e173      	b.n	100033c8 <_vsnprintf+0x5e8>
100030e0:	2380      	movs	r3, #128	@ 0x80
100030e2:	431a      	orrs	r2, r3
100030e4:	3b7f      	subs	r3, #127	@ 0x7f
100030e6:	469c      	mov	ip, r3
100030e8:	44e1      	add	r9, ip
100030ea:	e6f0      	b.n	10002ece <_vsnprintf+0xee>
100030ec:	2867      	cmp	r0, #103	@ 0x67
100030ee:	d100      	bne.n	100030f2 <_vsnprintf+0x312>
100030f0:	e103      	b.n	100032fa <_vsnprintf+0x51a>
100030f2:	2847      	cmp	r0, #71	@ 0x47
100030f4:	d100      	bne.n	100030f8 <_vsnprintf+0x318>
100030f6:	e15a      	b.n	100033ae <_vsnprintf+0x5ce>
100030f8:	2845      	cmp	r0, #69	@ 0x45
100030fa:	d100      	bne.n	100030fe <_vsnprintf+0x31e>
100030fc:	e15a      	b.n	100033b4 <_vsnprintf+0x5d4>
100030fe:	9204      	str	r2, [sp, #16]
10003100:	2107      	movs	r1, #7
10003102:	4642      	mov	r2, r8
10003104:	9b0c      	ldr	r3, [sp, #48]	@ 0x30
10003106:	9203      	str	r2, [sp, #12]
10003108:	3307      	adds	r3, #7
1000310a:	4652      	mov	r2, sl
1000310c:	438b      	bics	r3, r1
1000310e:	0019      	movs	r1, r3
10003110:	9202      	str	r2, [sp, #8]
10003112:	c90c      	ldmia	r1!, {r2, r3}
10003114:	0028      	movs	r0, r5
10003116:	9200      	str	r2, [sp, #0]
10003118:	9301      	str	r3, [sp, #4]
1000311a:	910c      	str	r1, [sp, #48]	@ 0x30
1000311c:	0022      	movs	r2, r4
1000311e:	003b      	movs	r3, r7
10003120:	4659      	mov	r1, fp
10003122:	f7ff fb9f 	bl	10002864 <_etoa>
10003126:	0004      	movs	r4, r0
10003128:	e682      	b.n	10002e30 <_vsnprintf+0x50>
1000312a:	46c0      	nop			@ (mov r8, r8)
1000312c:	10002de1 	.word	0x10002de1
10003130:	20001f9c 	.word	0x20001f9c
10003134:	10009d1c 	.word	0x10009d1c
10003138:	10009d60 	.word	0x10009d60
1000313c:	10009dac 	.word	0x10009dac
10003140:	00009041 	.word	0x00009041
10003144:	2846      	cmp	r0, #70	@ 0x46
10003146:	d100      	bne.n	1000314a <_vsnprintf+0x36a>
10003148:	e0db      	b.n	10003302 <_vsnprintf+0x522>
1000314a:	9204      	str	r2, [sp, #16]
1000314c:	2107      	movs	r1, #7
1000314e:	4642      	mov	r2, r8
10003150:	9b0c      	ldr	r3, [sp, #48]	@ 0x30
10003152:	9203      	str	r2, [sp, #12]
10003154:	3307      	adds	r3, #7
10003156:	4652      	mov	r2, sl
10003158:	438b      	bics	r3, r1
1000315a:	0019      	movs	r1, r3
1000315c:	9202      	str	r2, [sp, #8]
1000315e:	c90c      	ldmia	r1!, {r2, r3}
10003160:	0028      	movs	r0, r5
10003162:	9200      	str	r2, [sp, #0]
10003164:	9301      	str	r3, [sp, #4]
10003166:	910c      	str	r1, [sp, #48]	@ 0x30
10003168:	0022      	movs	r2, r4
1000316a:	003b      	movs	r3, r7
1000316c:	4659      	mov	r1, fp
1000316e:	f7ff f925 	bl	100023bc <_ftoa>
10003172:	0004      	movs	r4, r0
10003174:	e65c      	b.n	10002e30 <_vsnprintf+0x50>
10003176:	1c63      	adds	r3, r4, #1
10003178:	4698      	mov	r8, r3
1000317a:	0022      	movs	r2, r4
1000317c:	003b      	movs	r3, r7
1000317e:	4659      	mov	r1, fp
10003180:	2025      	movs	r0, #37	@ 0x25
10003182:	47a8      	blx	r5
10003184:	4644      	mov	r4, r8
10003186:	e653      	b.n	10002e30 <_vsnprintf+0x50>
10003188:	9b0c      	ldr	r3, [sp, #48]	@ 0x30
1000318a:	3304      	adds	r3, #4
1000318c:	930d      	str	r3, [sp, #52]	@ 0x34
1000318e:	1c63      	adds	r3, r4, #1
10003190:	4699      	mov	r9, r3
10003192:	0792      	lsls	r2, r2, #30
10003194:	d400      	bmi.n	10003198 <_vsnprintf+0x3b8>
10003196:	e122      	b.n	100033de <_vsnprintf+0x5fe>
10003198:	9b0c      	ldr	r3, [sp, #48]	@ 0x30
1000319a:	0022      	movs	r2, r4
1000319c:	7818      	ldrb	r0, [r3, #0]
1000319e:	4659      	mov	r1, fp
100031a0:	003b      	movs	r3, r7
100031a2:	47a8      	blx	r5
100031a4:	4643      	mov	r3, r8
100031a6:	4444      	add	r4, r8
100031a8:	2b01      	cmp	r3, #1
100031aa:	d800      	bhi.n	100031ae <_vsnprintf+0x3ce>
100031ac:	e285      	b.n	100036ba <_vsnprintf+0x8da>
100031ae:	0033      	movs	r3, r6
100031b0:	46b8      	mov	r8, r7
100031b2:	002e      	movs	r6, r5
100031b4:	465f      	mov	r7, fp
100031b6:	0025      	movs	r5, r4
100031b8:	464c      	mov	r4, r9
100031ba:	4699      	mov	r9, r3
100031bc:	0022      	movs	r2, r4
100031be:	4643      	mov	r3, r8
100031c0:	3401      	adds	r4, #1
100031c2:	0039      	movs	r1, r7
100031c4:	2020      	movs	r0, #32
100031c6:	47b0      	blx	r6
100031c8:	42ac      	cmp	r4, r5
100031ca:	d1f7      	bne.n	100031bc <_vsnprintf+0x3dc>
100031cc:	002c      	movs	r4, r5
100031ce:	46bb      	mov	fp, r7
100031d0:	0035      	movs	r5, r6
100031d2:	4647      	mov	r7, r8
100031d4:	464e      	mov	r6, r9
100031d6:	9b0d      	ldr	r3, [sp, #52]	@ 0x34
100031d8:	930c      	str	r3, [sp, #48]	@ 0x30
100031da:	e629      	b.n	10002e30 <_vsnprintf+0x50>
100031dc:	4bdb      	ldr	r3, [pc, #876]	@ (1000354c <_vsnprintf+0x76c>)
100031de:	7830      	ldrb	r0, [r6, #0]
100031e0:	4698      	mov	r8, r3
100031e2:	2300      	movs	r3, #0
100031e4:	4699      	mov	r9, r3
100031e6:	2800      	cmp	r0, #0
100031e8:	d000      	beq.n	100031ec <_vsnprintf+0x40c>
100031ea:	e612      	b.n	10002e12 <_vsnprintf+0x32>
100031ec:	2400      	movs	r4, #0
100031ee:	e6ae      	b.n	10002f4e <_vsnprintf+0x16e>
100031f0:	286f      	cmp	r0, #111	@ 0x6f
100031f2:	d100      	bne.n	100031f6 <_vsnprintf+0x416>
100031f4:	e088      	b.n	10003308 <_vsnprintf+0x528>
100031f6:	d800      	bhi.n	100031fa <_vsnprintf+0x41a>
100031f8:	e30b      	b.n	10003812 <_vsnprintf+0xa32>
100031fa:	2310      	movs	r3, #16
100031fc:	2878      	cmp	r0, #120	@ 0x78
100031fe:	d100      	bne.n	10003202 <_vsnprintf+0x422>
10003200:	e0cf      	b.n	100033a2 <_vsnprintf+0x5c2>
10003202:	439a      	bics	r2, r3
10003204:	230a      	movs	r3, #10
10003206:	469c      	mov	ip, r3
10003208:	2300      	movs	r3, #0
1000320a:	930f      	str	r3, [sp, #60]	@ 0x3c
1000320c:	330a      	adds	r3, #10
1000320e:	930d      	str	r3, [sp, #52]	@ 0x34
10003210:	e080      	b.n	10003314 <_vsnprintf+0x534>
10003212:	4656      	mov	r6, sl
10003214:	00b1      	lsls	r1, r6, #2
10003216:	1989      	adds	r1, r1, r6
10003218:	0049      	lsls	r1, r1, #1
1000321a:	3301      	adds	r3, #1
1000321c:	180e      	adds	r6, r1, r0
1000321e:	7818      	ldrb	r0, [r3, #0]
10003220:	3e30      	subs	r6, #48	@ 0x30
10003222:	0001      	movs	r1, r0
10003224:	3930      	subs	r1, #48	@ 0x30
10003226:	2909      	cmp	r1, #9
10003228:	d9f4      	bls.n	10003214 <_vsnprintf+0x434>
1000322a:	46b2      	mov	sl, r6
1000322c:	001e      	movs	r6, r3
1000322e:	3301      	adds	r3, #1
10003230:	4699      	mov	r9, r3
10003232:	e628      	b.n	10002e86 <_vsnprintf+0xa6>
10003234:	9b0c      	ldr	r3, [sp, #48]	@ 0x30
10003236:	3602      	adds	r6, #2
10003238:	cb02      	ldmia	r3!, {r1}
1000323a:	468a      	mov	sl, r1
1000323c:	43c9      	mvns	r1, r1
1000323e:	4650      	mov	r0, sl
10003240:	17c9      	asrs	r1, r1, #31
10003242:	4008      	ands	r0, r1
10003244:	4682      	mov	sl, r0
10003246:	930c      	str	r3, [sp, #48]	@ 0x30
10003248:	7830      	ldrb	r0, [r6, #0]
1000324a:	1c73      	adds	r3, r6, #1
1000324c:	4699      	mov	r9, r3
1000324e:	e61a      	b.n	10002e86 <_vsnprintf+0xa6>
10003250:	2310      	movs	r3, #16
10003252:	0010      	movs	r0, r2
10003254:	4398      	bics	r0, r3
10003256:	3311      	adds	r3, #17
10003258:	4318      	orrs	r0, r3
1000325a:	4681      	mov	r9, r0
1000325c:	2080      	movs	r0, #128	@ 0x80
1000325e:	0013      	movs	r3, r2
10003260:	00c0      	lsls	r0, r0, #3
10003262:	4003      	ands	r3, r0
10003264:	4202      	tst	r2, r0
10003266:	d100      	bne.n	1000326a <_vsnprintf+0x48a>
10003268:	e6a9      	b.n	10002fbe <_vsnprintf+0x1de>
1000326a:	464b      	mov	r3, r9
1000326c:	9306      	str	r3, [sp, #24]
1000326e:	2308      	movs	r3, #8
10003270:	9305      	str	r3, [sp, #20]
10003272:	4653      	mov	r3, sl
10003274:	9304      	str	r3, [sp, #16]
10003276:	2310      	movs	r3, #16
10003278:	9303      	str	r3, [sp, #12]
1000327a:	2300      	movs	r3, #0
1000327c:	9302      	str	r3, [sp, #8]
1000327e:	9b0f      	ldr	r3, [sp, #60]	@ 0x3c
10003280:	0022      	movs	r2, r4
10003282:	9301      	str	r3, [sp, #4]
10003284:	ab1c      	add	r3, sp, #112	@ 0x70
10003286:	9300      	str	r3, [sp, #0]
10003288:	4659      	mov	r1, fp
1000328a:	003b      	movs	r3, r7
1000328c:	0028      	movs	r0, r5
1000328e:	f7fe ff9f 	bl	100021d0 <_ntoa_format>
10003292:	4643      	mov	r3, r8
10003294:	0004      	movs	r4, r0
10003296:	930c      	str	r3, [sp, #48]	@ 0x30
10003298:	e5ca      	b.n	10002e30 <_vsnprintf+0x50>
1000329a:	2301      	movs	r3, #1
1000329c:	425b      	negs	r3, r3
1000329e:	e6c3      	b.n	10003028 <_vsnprintf+0x248>
100032a0:	9b0f      	ldr	r3, [sp, #60]	@ 0x3c
100032a2:	4553      	cmp	r3, sl
100032a4:	d901      	bls.n	100032aa <_vsnprintf+0x4ca>
100032a6:	4653      	mov	r3, sl
100032a8:	930f      	str	r3, [sp, #60]	@ 0x3c
100032aa:	2302      	movs	r3, #2
100032ac:	0018      	movs	r0, r3
100032ae:	4010      	ands	r0, r2
100032b0:	900d      	str	r0, [sp, #52]	@ 0x34
100032b2:	4213      	tst	r3, r2
100032b4:	d100      	bne.n	100032b8 <_vsnprintf+0x4d8>
100032b6:	e1b7      	b.n	10003628 <_vsnprintf+0x848>
100032b8:	930d      	str	r3, [sp, #52]	@ 0x34
100032ba:	46d1      	mov	r9, sl
100032bc:	1b0b      	subs	r3, r1, r4
100032be:	469a      	mov	sl, r3
100032c0:	0033      	movs	r3, r6
100032c2:	44a1      	add	r9, r4
100032c4:	002e      	movs	r6, r5
100032c6:	0022      	movs	r2, r4
100032c8:	464d      	mov	r5, r9
100032ca:	980c      	ldr	r0, [sp, #48]	@ 0x30
100032cc:	46b9      	mov	r9, r7
100032ce:	465f      	mov	r7, fp
100032d0:	469b      	mov	fp, r3
100032d2:	e008      	b.n	100032e6 <_vsnprintf+0x506>
100032d4:	464b      	mov	r3, r9
100032d6:	0039      	movs	r1, r7
100032d8:	1c54      	adds	r4, r2, #1
100032da:	47b0      	blx	r6
100032dc:	4653      	mov	r3, sl
100032de:	5d18      	ldrb	r0, [r3, r4]
100032e0:	2800      	cmp	r0, #0
100032e2:	d077      	beq.n	100033d4 <_vsnprintf+0x5f4>
100032e4:	0022      	movs	r2, r4
100032e6:	4295      	cmp	r5, r2
100032e8:	d1f4      	bne.n	100032d4 <_vsnprintf+0x4f4>
100032ea:	465b      	mov	r3, fp
100032ec:	46bb      	mov	fp, r7
100032ee:	464f      	mov	r7, r9
100032f0:	46a9      	mov	r9, r5
100032f2:	0035      	movs	r5, r6
100032f4:	464c      	mov	r4, r9
100032f6:	001e      	movs	r6, r3
100032f8:	e6c9      	b.n	1000308e <_vsnprintf+0x2ae>
100032fa:	2380      	movs	r3, #128	@ 0x80
100032fc:	011b      	lsls	r3, r3, #4
100032fe:	431a      	orrs	r2, r3
10003300:	e6fd      	b.n	100030fe <_vsnprintf+0x31e>
10003302:	2320      	movs	r3, #32
10003304:	431a      	orrs	r2, r3
10003306:	e720      	b.n	1000314a <_vsnprintf+0x36a>
10003308:	2308      	movs	r3, #8
1000330a:	469c      	mov	ip, r3
1000330c:	2300      	movs	r3, #0
1000330e:	930f      	str	r3, [sp, #60]	@ 0x3c
10003310:	3308      	adds	r3, #8
10003312:	930d      	str	r3, [sp, #52]	@ 0x34
10003314:	2380      	movs	r3, #128	@ 0x80
10003316:	0011      	movs	r1, r2
10003318:	00db      	lsls	r3, r3, #3
1000331a:	4019      	ands	r1, r3
1000331c:	421a      	tst	r2, r3
1000331e:	d100      	bne.n	10003322 <_vsnprintf+0x542>
10003320:	e116      	b.n	10003550 <_vsnprintf+0x770>
10003322:	230d      	movs	r3, #13
10003324:	439a      	bics	r2, r3
10003326:	0010      	movs	r0, r2
10003328:	2380      	movs	r3, #128	@ 0x80
1000332a:	0002      	movs	r2, r0
1000332c:	009b      	lsls	r3, r3, #2
1000332e:	401a      	ands	r2, r3
10003330:	9214      	str	r2, [sp, #80]	@ 0x50
10003332:	4218      	tst	r0, r3
10003334:	d000      	beq.n	10003338 <_vsnprintf+0x558>
10003336:	e1c2      	b.n	100036be <_vsnprintf+0x8de>
10003338:	2380      	movs	r3, #128	@ 0x80
1000333a:	0002      	movs	r2, r0
1000333c:	005b      	lsls	r3, r3, #1
1000333e:	401a      	ands	r2, r3
10003340:	4691      	mov	r9, r2
10003342:	9a0c      	ldr	r2, [sp, #48]	@ 0x30
10003344:	3204      	adds	r2, #4
10003346:	920f      	str	r2, [sp, #60]	@ 0x3c
10003348:	4218      	tst	r0, r3
1000334a:	d000      	beq.n	1000334e <_vsnprintf+0x56e>
1000334c:	e2b7      	b.n	100038be <_vsnprintf+0xade>
1000334e:	0643      	lsls	r3, r0, #25
10003350:	d500      	bpl.n	10003354 <_vsnprintf+0x574>
10003352:	e19f      	b.n	10003694 <_vsnprintf+0x8b4>
10003354:	0603      	lsls	r3, r0, #24
10003356:	d400      	bmi.n	1000335a <_vsnprintf+0x57a>
10003358:	e319      	b.n	1000398e <_vsnprintf+0xbae>
1000335a:	9b0c      	ldr	r3, [sp, #48]	@ 0x30
1000335c:	881b      	ldrh	r3, [r3, #0]
1000335e:	9309      	str	r3, [sp, #36]	@ 0x24
10003360:	2b00      	cmp	r3, #0
10003362:	d000      	beq.n	10003366 <_vsnprintf+0x586>
10003364:	e1fc      	b.n	10003760 <_vsnprintf+0x980>
10003366:	3310      	adds	r3, #16
10003368:	4398      	bics	r0, r3
1000336a:	2900      	cmp	r1, #0
1000336c:	d100      	bne.n	10003370 <_vsnprintf+0x590>
1000336e:	e1f7      	b.n	10003760 <_vsnprintf+0x980>
10003370:	2300      	movs	r3, #0
10003372:	4699      	mov	r9, r3
10003374:	4643      	mov	r3, r8
10003376:	9305      	str	r3, [sp, #20]
10003378:	4653      	mov	r3, sl
1000337a:	9304      	str	r3, [sp, #16]
1000337c:	9b0d      	ldr	r3, [sp, #52]	@ 0x34
1000337e:	9006      	str	r0, [sp, #24]
10003380:	9303      	str	r3, [sp, #12]
10003382:	2300      	movs	r3, #0
10003384:	e0d2      	b.n	1000352c <_vsnprintf+0x74c>
10003386:	2858      	cmp	r0, #88	@ 0x58
10003388:	d008      	beq.n	1000339c <_vsnprintf+0x5bc>
1000338a:	2862      	cmp	r0, #98	@ 0x62
1000338c:	d167      	bne.n	1000345e <_vsnprintf+0x67e>
1000338e:	2302      	movs	r3, #2
10003390:	469c      	mov	ip, r3
10003392:	2300      	movs	r3, #0
10003394:	930f      	str	r3, [sp, #60]	@ 0x3c
10003396:	3302      	adds	r3, #2
10003398:	930d      	str	r3, [sp, #52]	@ 0x34
1000339a:	e7bb      	b.n	10003314 <_vsnprintf+0x534>
1000339c:	2320      	movs	r3, #32
1000339e:	431a      	orrs	r2, r3
100033a0:	3b10      	subs	r3, #16
100033a2:	469c      	mov	ip, r3
100033a4:	2300      	movs	r3, #0
100033a6:	930f      	str	r3, [sp, #60]	@ 0x3c
100033a8:	3310      	adds	r3, #16
100033aa:	930d      	str	r3, [sp, #52]	@ 0x34
100033ac:	e7b2      	b.n	10003314 <_vsnprintf+0x534>
100033ae:	2380      	movs	r3, #128	@ 0x80
100033b0:	011b      	lsls	r3, r3, #4
100033b2:	431a      	orrs	r2, r3
100033b4:	2320      	movs	r3, #32
100033b6:	431a      	orrs	r2, r3
100033b8:	e6a1      	b.n	100030fe <_vsnprintf+0x31e>
100033ba:	23c0      	movs	r3, #192	@ 0xc0
100033bc:	009b      	lsls	r3, r3, #2
100033be:	431a      	orrs	r2, r3
100033c0:	1cf3      	adds	r3, r6, #3
100033c2:	4699      	mov	r9, r3
100033c4:	78b0      	ldrb	r0, [r6, #2]
100033c6:	e582      	b.n	10002ece <_vsnprintf+0xee>
100033c8:	23c0      	movs	r3, #192	@ 0xc0
100033ca:	431a      	orrs	r2, r3
100033cc:	1cf3      	adds	r3, r6, #3
100033ce:	4699      	mov	r9, r3
100033d0:	78b0      	ldrb	r0, [r6, #2]
100033d2:	e57c      	b.n	10002ece <_vsnprintf+0xee>
100033d4:	0035      	movs	r5, r6
100033d6:	465e      	mov	r6, fp
100033d8:	46bb      	mov	fp, r7
100033da:	464f      	mov	r7, r9
100033dc:	e657      	b.n	1000308e <_vsnprintf+0x2ae>
100033de:	4643      	mov	r3, r8
100033e0:	2b01      	cmp	r3, #1
100033e2:	d800      	bhi.n	100033e6 <_vsnprintf+0x606>
100033e4:	e163      	b.n	100036ae <_vsnprintf+0x8ce>
100033e6:	1e63      	subs	r3, r4, #1
100033e8:	4443      	add	r3, r8
100033ea:	469a      	mov	sl, r3
100033ec:	0033      	movs	r3, r6
100033ee:	46b9      	mov	r9, r7
100033f0:	002e      	movs	r6, r5
100033f2:	465f      	mov	r7, fp
100033f4:	4655      	mov	r5, sl
100033f6:	469b      	mov	fp, r3
100033f8:	46a2      	mov	sl, r4
100033fa:	0022      	movs	r2, r4
100033fc:	464b      	mov	r3, r9
100033fe:	3401      	adds	r4, #1
10003400:	0039      	movs	r1, r7
10003402:	2020      	movs	r0, #32
10003404:	47b0      	blx	r6
10003406:	42ac      	cmp	r4, r5
10003408:	d1f7      	bne.n	100033fa <_vsnprintf+0x61a>
1000340a:	0035      	movs	r5, r6
1000340c:	465e      	mov	r6, fp
1000340e:	46bb      	mov	fp, r7
10003410:	464f      	mov	r7, r9
10003412:	46a1      	mov	r9, r4
10003414:	4654      	mov	r4, sl
10003416:	9b0c      	ldr	r3, [sp, #48]	@ 0x30
10003418:	464a      	mov	r2, r9
1000341a:	7818      	ldrb	r0, [r3, #0]
1000341c:	4659      	mov	r1, fp
1000341e:	003b      	movs	r3, r7
10003420:	4444      	add	r4, r8
10003422:	47a8      	blx	r5
10003424:	e6d7      	b.n	100031d6 <_vsnprintf+0x3f6>
10003426:	46a1      	mov	r9, r4
10003428:	9b0f      	ldr	r3, [sp, #60]	@ 0x3c
1000342a:	4598      	cmp	r8, r3
1000342c:	d800      	bhi.n	10003430 <_vsnprintf+0x650>
1000342e:	e632      	b.n	10003096 <_vsnprintf+0x2b6>
10003430:	4444      	add	r4, r8
10003432:	1ae4      	subs	r4, r4, r3
10003434:	0033      	movs	r3, r6
10003436:	46b8      	mov	r8, r7
10003438:	002e      	movs	r6, r5
1000343a:	465f      	mov	r7, fp
1000343c:	0025      	movs	r5, r4
1000343e:	464c      	mov	r4, r9
10003440:	4699      	mov	r9, r3
10003442:	0022      	movs	r2, r4
10003444:	4643      	mov	r3, r8
10003446:	3401      	adds	r4, #1
10003448:	0039      	movs	r1, r7
1000344a:	2020      	movs	r0, #32
1000344c:	47b0      	blx	r6
1000344e:	42ac      	cmp	r4, r5
10003450:	d1f7      	bne.n	10003442 <_vsnprintf+0x662>
10003452:	002c      	movs	r4, r5
10003454:	46bb      	mov	fp, r7
10003456:	0035      	movs	r5, r6
10003458:	4647      	mov	r7, r8
1000345a:	464e      	mov	r6, r9
1000345c:	e61b      	b.n	10003096 <_vsnprintf+0x2b6>
1000345e:	2380      	movs	r3, #128	@ 0x80
10003460:	0010      	movs	r0, r2
10003462:	00db      	lsls	r3, r3, #3
10003464:	4018      	ands	r0, r3
10003466:	421a      	tst	r2, r3
10003468:	d100      	bne.n	1000346c <_vsnprintf+0x68c>
1000346a:	e10f      	b.n	1000368c <_vsnprintf+0x8ac>
1000346c:	2111      	movs	r1, #17
1000346e:	0018      	movs	r0, r3
10003470:	438a      	bics	r2, r1
10003472:	920d      	str	r2, [sp, #52]	@ 0x34
10003474:	9a0d      	ldr	r2, [sp, #52]	@ 0x34
10003476:	2380      	movs	r3, #128	@ 0x80
10003478:	0011      	movs	r1, r2
1000347a:	009b      	lsls	r3, r3, #2
1000347c:	4019      	ands	r1, r3
1000347e:	468c      	mov	ip, r1
10003480:	421a      	tst	r2, r3
10003482:	d169      	bne.n	10003558 <_vsnprintf+0x778>
10003484:	2380      	movs	r3, #128	@ 0x80
10003486:	0011      	movs	r1, r2
10003488:	005b      	lsls	r3, r3, #1
1000348a:	4019      	ands	r1, r3
1000348c:	4689      	mov	r9, r1
1000348e:	990c      	ldr	r1, [sp, #48]	@ 0x30
10003490:	3104      	adds	r1, #4
10003492:	910f      	str	r1, [sp, #60]	@ 0x3c
10003494:	421a      	tst	r2, r3
10003496:	d000      	beq.n	1000349a <_vsnprintf+0x6ba>
10003498:	e1ca      	b.n	10003830 <_vsnprintf+0xa50>
1000349a:	0013      	movs	r3, r2
1000349c:	065b      	lsls	r3, r3, #25
1000349e:	d500      	bpl.n	100034a2 <_vsnprintf+0x6c2>
100034a0:	e0f0      	b.n	10003684 <_vsnprintf+0x8a4>
100034a2:	0013      	movs	r3, r2
100034a4:	061b      	lsls	r3, r3, #24
100034a6:	d400      	bmi.n	100034aa <_vsnprintf+0x6ca>
100034a8:	e259      	b.n	1000395e <_vsnprintf+0xb7e>
100034aa:	9b0c      	ldr	r3, [sp, #48]	@ 0x30
100034ac:	2200      	movs	r2, #0
100034ae:	5e9b      	ldrsh	r3, [r3, r2]
100034b0:	17d9      	asrs	r1, r3, #31
100034b2:	185a      	adds	r2, r3, r1
100034b4:	404a      	eors	r2, r1
100034b6:	b292      	uxth	r2, r2
100034b8:	0fd9      	lsrs	r1, r3, #31
100034ba:	910c      	str	r1, [sp, #48]	@ 0x30
100034bc:	2b00      	cmp	r3, #0
100034be:	d100      	bne.n	100034c2 <_vsnprintf+0x6e2>
100034c0:	e1f9      	b.n	100038b6 <_vsnprintf+0xad6>
100034c2:	0010      	movs	r0, r2
100034c4:	aa14      	add	r2, sp, #80	@ 0x50
100034c6:	4694      	mov	ip, r2
100034c8:	4642      	mov	r2, r8
100034ca:	231f      	movs	r3, #31
100034cc:	9214      	str	r2, [sp, #80]	@ 0x50
100034ce:	4652      	mov	r2, sl
100034d0:	4463      	add	r3, ip
100034d2:	46a8      	mov	r8, r5
100034d4:	9416      	str	r4, [sp, #88]	@ 0x58
100034d6:	464d      	mov	r5, r9
100034d8:	0004      	movs	r4, r0
100034da:	46b9      	mov	r9, r7
100034dc:	46b2      	mov	sl, r6
100034de:	001f      	movs	r7, r3
100034e0:	9215      	str	r2, [sp, #84]	@ 0x54
100034e2:	e001      	b.n	100034e8 <_vsnprintf+0x708>
100034e4:	2d20      	cmp	r5, #32
100034e6:	d00f      	beq.n	10003508 <_vsnprintf+0x728>
100034e8:	0020      	movs	r0, r4
100034ea:	210a      	movs	r1, #10
100034ec:	f7fe fa3c 	bl	10001968 <__wrap___aeabi_uidiv>
100034f0:	3501      	adds	r5, #1
100034f2:	197e      	adds	r6, r7, r5
100034f4:	3130      	adds	r1, #48	@ 0x30
100034f6:	7031      	strb	r1, [r6, #0]
100034f8:	0020      	movs	r0, r4
100034fa:	210a      	movs	r1, #10
100034fc:	f7fe fa34 	bl	10001968 <__wrap___aeabi_uidiv>
10003500:	0026      	movs	r6, r4
10003502:	0004      	movs	r4, r0
10003504:	2e09      	cmp	r6, #9
10003506:	d8ed      	bhi.n	100034e4 <_vsnprintf+0x704>
10003508:	9b14      	ldr	r3, [sp, #80]	@ 0x50
1000350a:	464f      	mov	r7, r9
1000350c:	46a9      	mov	r9, r5
1000350e:	4645      	mov	r5, r8
10003510:	4698      	mov	r8, r3
10003512:	9b15      	ldr	r3, [sp, #84]	@ 0x54
10003514:	4656      	mov	r6, sl
10003516:	469a      	mov	sl, r3
10003518:	9c16      	ldr	r4, [sp, #88]	@ 0x58
1000351a:	9b0d      	ldr	r3, [sp, #52]	@ 0x34
1000351c:	9306      	str	r3, [sp, #24]
1000351e:	4643      	mov	r3, r8
10003520:	9305      	str	r3, [sp, #20]
10003522:	4653      	mov	r3, sl
10003524:	9304      	str	r3, [sp, #16]
10003526:	230a      	movs	r3, #10
10003528:	9303      	str	r3, [sp, #12]
1000352a:	9b0c      	ldr	r3, [sp, #48]	@ 0x30
1000352c:	9302      	str	r3, [sp, #8]
1000352e:	464b      	mov	r3, r9
10003530:	9301      	str	r3, [sp, #4]
10003532:	ab1c      	add	r3, sp, #112	@ 0x70
10003534:	0022      	movs	r2, r4
10003536:	9300      	str	r3, [sp, #0]
10003538:	4659      	mov	r1, fp
1000353a:	003b      	movs	r3, r7
1000353c:	0028      	movs	r0, r5
1000353e:	f7fe fe47 	bl	100021d0 <_ntoa_format>
10003542:	9b0f      	ldr	r3, [sp, #60]	@ 0x3c
10003544:	0004      	movs	r4, r0
10003546:	930c      	str	r3, [sp, #48]	@ 0x30
10003548:	e472      	b.n	10002e30 <_vsnprintf+0x50>
1000354a:	46c0      	nop			@ (mov r8, r8)
1000354c:	10002121 	.word	0x10002121
10003550:	230c      	movs	r3, #12
10003552:	439a      	bics	r2, r3
10003554:	0010      	movs	r0, r2
10003556:	e6e7      	b.n	10003328 <_vsnprintf+0x548>
10003558:	2207      	movs	r2, #7
1000355a:	9b0c      	ldr	r3, [sp, #48]	@ 0x30
1000355c:	3307      	adds	r3, #7
1000355e:	4393      	bics	r3, r2
10003560:	3201      	adds	r2, #1
10003562:	4694      	mov	ip, r2
10003564:	449c      	add	ip, r3
10003566:	4662      	mov	r2, ip
10003568:	920c      	str	r2, [sp, #48]	@ 0x30
1000356a:	cb0c      	ldmia	r3, {r2, r3}
1000356c:	0fd9      	lsrs	r1, r3, #31
1000356e:	910f      	str	r1, [sp, #60]	@ 0x3c
10003570:	0011      	movs	r1, r2
10003572:	4319      	orrs	r1, r3
10003574:	d100      	bne.n	10003578 <_vsnprintf+0x798>
10003576:	e091      	b.n	1000369c <_vsnprintf+0x8bc>
10003578:	17d9      	asrs	r1, r3, #31
1000357a:	9113      	str	r1, [sp, #76]	@ 0x4c
1000357c:	9112      	str	r1, [sp, #72]	@ 0x48
1000357e:	4051      	eors	r1, r2
10003580:	9110      	str	r1, [sp, #64]	@ 0x40
10003582:	9913      	ldr	r1, [sp, #76]	@ 0x4c
10003584:	4059      	eors	r1, r3
10003586:	9111      	str	r1, [sp, #68]	@ 0x44
10003588:	9810      	ldr	r0, [sp, #64]	@ 0x40
1000358a:	9911      	ldr	r1, [sp, #68]	@ 0x44
1000358c:	9a12      	ldr	r2, [sp, #72]	@ 0x48
1000358e:	9b13      	ldr	r3, [sp, #76]	@ 0x4c
10003590:	1a80      	subs	r0, r0, r2
10003592:	4199      	sbcs	r1, r3
10003594:	9010      	str	r0, [sp, #64]	@ 0x40
10003596:	9111      	str	r1, [sp, #68]	@ 0x44
10003598:	aa14      	add	r2, sp, #80	@ 0x50
1000359a:	2300      	movs	r3, #0
1000359c:	4694      	mov	ip, r2
1000359e:	4642      	mov	r2, r8
100035a0:	4699      	mov	r9, r3
100035a2:	9214      	str	r2, [sp, #80]	@ 0x50
100035a4:	4652      	mov	r2, sl
100035a6:	331f      	adds	r3, #31
100035a8:	4463      	add	r3, ip
100035aa:	46a8      	mov	r8, r5
100035ac:	46b2      	mov	sl, r6
100035ae:	9416      	str	r4, [sp, #88]	@ 0x58
100035b0:	464e      	mov	r6, r9
100035b2:	9c10      	ldr	r4, [sp, #64]	@ 0x40
100035b4:	9d11      	ldr	r5, [sp, #68]	@ 0x44
100035b6:	46b9      	mov	r9, r7
100035b8:	9215      	str	r2, [sp, #84]	@ 0x54
100035ba:	001f      	movs	r7, r3
100035bc:	e001      	b.n	100035c2 <_vsnprintf+0x7e2>
100035be:	2e20      	cmp	r6, #32
100035c0:	d010      	beq.n	100035e4 <_vsnprintf+0x804>
100035c2:	0020      	movs	r0, r4
100035c4:	0029      	movs	r1, r5
100035c6:	220a      	movs	r2, #10
100035c8:	2300      	movs	r3, #0
100035ca:	f7fe fa0b 	bl	100019e4 <__wrap___aeabi_uldivmod>
100035ce:	3601      	adds	r6, #1
100035d0:	3230      	adds	r2, #48	@ 0x30
100035d2:	002b      	movs	r3, r5
100035d4:	55ba      	strb	r2, [r7, r6]
100035d6:	000d      	movs	r5, r1
100035d8:	0022      	movs	r2, r4
100035da:	0004      	movs	r4, r0
100035dc:	2b00      	cmp	r3, #0
100035de:	d1ee      	bne.n	100035be <_vsnprintf+0x7de>
100035e0:	2a09      	cmp	r2, #9
100035e2:	d8ec      	bhi.n	100035be <_vsnprintf+0x7de>
100035e4:	9b14      	ldr	r3, [sp, #80]	@ 0x50
100035e6:	9410      	str	r4, [sp, #64]	@ 0x40
100035e8:	9511      	str	r5, [sp, #68]	@ 0x44
100035ea:	4645      	mov	r5, r8
100035ec:	4698      	mov	r8, r3
100035ee:	9b15      	ldr	r3, [sp, #84]	@ 0x54
100035f0:	464f      	mov	r7, r9
100035f2:	46b1      	mov	r9, r6
100035f4:	4656      	mov	r6, sl
100035f6:	469a      	mov	sl, r3
100035f8:	9c16      	ldr	r4, [sp, #88]	@ 0x58
100035fa:	9b0d      	ldr	r3, [sp, #52]	@ 0x34
100035fc:	9306      	str	r3, [sp, #24]
100035fe:	4643      	mov	r3, r8
10003600:	9305      	str	r3, [sp, #20]
10003602:	4653      	mov	r3, sl
10003604:	9304      	str	r3, [sp, #16]
10003606:	230a      	movs	r3, #10
10003608:	9303      	str	r3, [sp, #12]
1000360a:	9b0f      	ldr	r3, [sp, #60]	@ 0x3c
1000360c:	9302      	str	r3, [sp, #8]
1000360e:	464b      	mov	r3, r9
10003610:	9301      	str	r3, [sp, #4]
10003612:	ab1c      	add	r3, sp, #112	@ 0x70
10003614:	0022      	movs	r2, r4
10003616:	9300      	str	r3, [sp, #0]
10003618:	4659      	mov	r1, fp
1000361a:	003b      	movs	r3, r7
1000361c:	0028      	movs	r0, r5
1000361e:	f7fe fdd7 	bl	100021d0 <_ntoa_format>
10003622:	0004      	movs	r4, r0
10003624:	f7ff fc04 	bl	10002e30 <_vsnprintf+0x50>
10003628:	9b0f      	ldr	r3, [sp, #60]	@ 0x3c
1000362a:	4598      	cmp	r8, r3
1000362c:	d800      	bhi.n	10003630 <_vsnprintf+0x850>
1000362e:	e1c1      	b.n	100039b4 <_vsnprintf+0xbd4>
10003630:	2380      	movs	r3, #128	@ 0x80
10003632:	00db      	lsls	r3, r3, #3
10003634:	930d      	str	r3, [sp, #52]	@ 0x34
10003636:	4643      	mov	r3, r8
10003638:	9a0f      	ldr	r2, [sp, #60]	@ 0x3c
1000363a:	191b      	adds	r3, r3, r4
1000363c:	1a9b      	subs	r3, r3, r2
1000363e:	4699      	mov	r9, r3
10003640:	0033      	movs	r3, r6
10003642:	002e      	movs	r6, r5
10003644:	464d      	mov	r5, r9
10003646:	46b9      	mov	r9, r7
10003648:	465f      	mov	r7, fp
1000364a:	469b      	mov	fp, r3
1000364c:	910c      	str	r1, [sp, #48]	@ 0x30
1000364e:	0022      	movs	r2, r4
10003650:	464b      	mov	r3, r9
10003652:	3401      	adds	r4, #1
10003654:	0039      	movs	r1, r7
10003656:	2020      	movs	r0, #32
10003658:	47b0      	blx	r6
1000365a:	42ac      	cmp	r4, r5
1000365c:	d1f7      	bne.n	1000364e <_vsnprintf+0x86e>
1000365e:	4643      	mov	r3, r8
10003660:	990c      	ldr	r1, [sp, #48]	@ 0x30
10003662:	3301      	adds	r3, #1
10003664:	930f      	str	r3, [sp, #60]	@ 0x3c
10003666:	780b      	ldrb	r3, [r1, #0]
10003668:	0035      	movs	r5, r6
1000366a:	930c      	str	r3, [sp, #48]	@ 0x30
1000366c:	465e      	mov	r6, fp
1000366e:	46bb      	mov	fp, r7
10003670:	464f      	mov	r7, r9
10003672:	2b00      	cmp	r3, #0
10003674:	d100      	bne.n	10003678 <_vsnprintf+0x898>
10003676:	e50e      	b.n	10003096 <_vsnprintf+0x2b6>
10003678:	9b0d      	ldr	r3, [sp, #52]	@ 0x34
1000367a:	2b00      	cmp	r3, #0
1000367c:	d100      	bne.n	10003680 <_vsnprintf+0x8a0>
1000367e:	e4f6      	b.n	1000306e <_vsnprintf+0x28e>
10003680:	2300      	movs	r3, #0
10003682:	e619      	b.n	100032b8 <_vsnprintf+0x4d8>
10003684:	9b0c      	ldr	r3, [sp, #48]	@ 0x30
10003686:	781b      	ldrb	r3, [r3, #0]
10003688:	001a      	movs	r2, r3
1000368a:	e715      	b.n	100034b8 <_vsnprintf+0x6d8>
1000368c:	2310      	movs	r3, #16
1000368e:	439a      	bics	r2, r3
10003690:	920d      	str	r2, [sp, #52]	@ 0x34
10003692:	e6ef      	b.n	10003474 <_vsnprintf+0x694>
10003694:	9b0c      	ldr	r3, [sp, #48]	@ 0x30
10003696:	781b      	ldrb	r3, [r3, #0]
10003698:	9309      	str	r3, [sp, #36]	@ 0x24
1000369a:	e661      	b.n	10003360 <_vsnprintf+0x580>
1000369c:	2300      	movs	r3, #0
1000369e:	4699      	mov	r9, r3
100036a0:	2800      	cmp	r0, #0
100036a2:	d1aa      	bne.n	100035fa <_vsnprintf+0x81a>
100036a4:	2200      	movs	r2, #0
100036a6:	2300      	movs	r3, #0
100036a8:	9210      	str	r2, [sp, #64]	@ 0x40
100036aa:	9311      	str	r3, [sp, #68]	@ 0x44
100036ac:	e774      	b.n	10003598 <_vsnprintf+0x7b8>
100036ae:	9b0c      	ldr	r3, [sp, #48]	@ 0x30
100036b0:	0022      	movs	r2, r4
100036b2:	7818      	ldrb	r0, [r3, #0]
100036b4:	4659      	mov	r1, fp
100036b6:	003b      	movs	r3, r7
100036b8:	47a8      	blx	r5
100036ba:	464c      	mov	r4, r9
100036bc:	e58b      	b.n	100031d6 <_vsnprintf+0x3f6>
100036be:	9a0c      	ldr	r2, [sp, #48]	@ 0x30
100036c0:	3bfa      	subs	r3, #250	@ 0xfa
100036c2:	3bff      	subs	r3, #255	@ 0xff
100036c4:	3207      	adds	r2, #7
100036c6:	439a      	bics	r2, r3
100036c8:	3301      	adds	r3, #1
100036ca:	4699      	mov	r9, r3
100036cc:	4491      	add	r9, r2
100036ce:	464b      	mov	r3, r9
100036d0:	930c      	str	r3, [sp, #48]	@ 0x30
100036d2:	6813      	ldr	r3, [r2, #0]
100036d4:	6852      	ldr	r2, [r2, #4]
100036d6:	9215      	str	r2, [sp, #84]	@ 0x54
100036d8:	431a      	orrs	r2, r3
100036da:	d106      	bne.n	100036ea <_vsnprintf+0x90a>
100036dc:	3210      	adds	r2, #16
100036de:	4390      	bics	r0, r2
100036e0:	2200      	movs	r2, #0
100036e2:	9209      	str	r2, [sp, #36]	@ 0x24
100036e4:	2900      	cmp	r1, #0
100036e6:	d000      	beq.n	100036ea <_vsnprintf+0x90a>
100036e8:	e081      	b.n	100037ee <_vsnprintf+0xa0e>
100036ea:	2261      	movs	r2, #97	@ 0x61
100036ec:	0681      	lsls	r1, r0, #26
100036ee:	d500      	bpl.n	100036f2 <_vsnprintf+0x912>
100036f0:	2241      	movs	r2, #65	@ 0x41
100036f2:	b2d2      	uxtb	r2, r2
100036f4:	920a      	str	r2, [sp, #40]	@ 0x28
100036f6:	aa14      	add	r2, sp, #80	@ 0x50
100036f8:	4691      	mov	r9, r2
100036fa:	9a0a      	ldr	r2, [sp, #40]	@ 0x28
100036fc:	2100      	movs	r1, #0
100036fe:	3a0a      	subs	r2, #10
10003700:	9214      	str	r2, [sp, #80]	@ 0x50
10003702:	4642      	mov	r2, r8
10003704:	9217      	str	r2, [sp, #92]	@ 0x5c
10003706:	4652      	mov	r2, sl
10003708:	9218      	str	r2, [sp, #96]	@ 0x60
1000370a:	465a      	mov	r2, fp
1000370c:	9109      	str	r1, [sp, #36]	@ 0x24
1000370e:	46b3      	mov	fp, r6
10003710:	311f      	adds	r1, #31
10003712:	001e      	movs	r6, r3
10003714:	9b0f      	ldr	r3, [sp, #60]	@ 0x3c
10003716:	4449      	add	r1, r9
10003718:	46ba      	mov	sl, r7
1000371a:	9419      	str	r4, [sp, #100]	@ 0x64
1000371c:	951a      	str	r5, [sp, #104]	@ 0x68
1000371e:	2400      	movs	r4, #0
10003720:	4667      	mov	r7, ip
10003722:	4698      	mov	r8, r3
10003724:	4689      	mov	r9, r1
10003726:	9d15      	ldr	r5, [sp, #84]	@ 0x54
10003728:	9016      	str	r0, [sp, #88]	@ 0x58
1000372a:	921b      	str	r2, [sp, #108]	@ 0x6c
1000372c:	e00a      	b.n	10003744 <_vsnprintf+0x964>
1000372e:	3230      	adds	r2, #48	@ 0x30
10003730:	b2d2      	uxtb	r2, r2
10003732:	464b      	mov	r3, r9
10003734:	3401      	adds	r4, #1
10003736:	551a      	strb	r2, [r3, r4]
10003738:	45a8      	cmp	r8, r5
1000373a:	d04a      	beq.n	100037d2 <_vsnprintf+0x9f2>
1000373c:	2c20      	cmp	r4, #32
1000373e:	d04a      	beq.n	100037d6 <_vsnprintf+0x9f6>
10003740:	0006      	movs	r6, r0
10003742:	000d      	movs	r5, r1
10003744:	003a      	movs	r2, r7
10003746:	2300      	movs	r3, #0
10003748:	0030      	movs	r0, r6
1000374a:	0029      	movs	r1, r5
1000374c:	f7fe f94a 	bl	100019e4 <__wrap___aeabi_uldivmod>
10003750:	b2d2      	uxtb	r2, r2
10003752:	2a09      	cmp	r2, #9
10003754:	d9eb      	bls.n	1000372e <_vsnprintf+0x94e>
10003756:	9b14      	ldr	r3, [sp, #80]	@ 0x50
10003758:	469c      	mov	ip, r3
1000375a:	4462      	add	r2, ip
1000375c:	b2d2      	uxtb	r2, r2
1000375e:	e7e8      	b.n	10003732 <_vsnprintf+0x952>
10003760:	2361      	movs	r3, #97	@ 0x61
10003762:	0682      	lsls	r2, r0, #26
10003764:	d500      	bpl.n	10003768 <_vsnprintf+0x988>
10003766:	2341      	movs	r3, #65	@ 0x41
10003768:	b2db      	uxtb	r3, r3
1000376a:	3b0a      	subs	r3, #10
1000376c:	930c      	str	r3, [sp, #48]	@ 0x30
1000376e:	4643      	mov	r3, r8
10003770:	a914      	add	r1, sp, #80	@ 0x50
10003772:	221f      	movs	r2, #31
10003774:	468c      	mov	ip, r1
10003776:	9315      	str	r3, [sp, #84]	@ 0x54
10003778:	4653      	mov	r3, sl
1000377a:	4462      	add	r2, ip
1000377c:	46a0      	mov	r8, r4
1000377e:	46b2      	mov	sl, r6
10003780:	464c      	mov	r4, r9
10003782:	9717      	str	r7, [sp, #92]	@ 0x5c
10003784:	46a9      	mov	r9, r5
10003786:	0017      	movs	r7, r2
10003788:	9d09      	ldr	r5, [sp, #36]	@ 0x24
1000378a:	9e0d      	ldr	r6, [sp, #52]	@ 0x34
1000378c:	9014      	str	r0, [sp, #80]	@ 0x50
1000378e:	9316      	str	r3, [sp, #88]	@ 0x58
10003790:	e008      	b.n	100037a4 <_vsnprintf+0x9c4>
10003792:	3330      	adds	r3, #48	@ 0x30
10003794:	b2db      	uxtb	r3, r3
10003796:	3401      	adds	r4, #1
10003798:	553b      	strb	r3, [r7, r4]
1000379a:	42b5      	cmp	r5, r6
1000379c:	d30e      	bcc.n	100037bc <_vsnprintf+0x9dc>
1000379e:	2c20      	cmp	r4, #32
100037a0:	d00c      	beq.n	100037bc <_vsnprintf+0x9dc>
100037a2:	0005      	movs	r5, r0
100037a4:	0031      	movs	r1, r6
100037a6:	0028      	movs	r0, r5
100037a8:	f7fe f8de 	bl	10001968 <__wrap___aeabi_uidiv>
100037ac:	b2cb      	uxtb	r3, r1
100037ae:	2909      	cmp	r1, #9
100037b0:	d9ef      	bls.n	10003792 <_vsnprintf+0x9b2>
100037b2:	9a0c      	ldr	r2, [sp, #48]	@ 0x30
100037b4:	4694      	mov	ip, r2
100037b6:	4463      	add	r3, ip
100037b8:	b2db      	uxtb	r3, r3
100037ba:	e7ec      	b.n	10003796 <_vsnprintf+0x9b6>
100037bc:	9b15      	ldr	r3, [sp, #84]	@ 0x54
100037be:	464d      	mov	r5, r9
100037c0:	46a1      	mov	r9, r4
100037c2:	4644      	mov	r4, r8
100037c4:	4698      	mov	r8, r3
100037c6:	9b16      	ldr	r3, [sp, #88]	@ 0x58
100037c8:	4656      	mov	r6, sl
100037ca:	9814      	ldr	r0, [sp, #80]	@ 0x50
100037cc:	469a      	mov	sl, r3
100037ce:	9f17      	ldr	r7, [sp, #92]	@ 0x5c
100037d0:	e5d0      	b.n	10003374 <_vsnprintf+0x594>
100037d2:	42b7      	cmp	r7, r6
100037d4:	d9b2      	bls.n	1000373c <_vsnprintf+0x95c>
100037d6:	9b17      	ldr	r3, [sp, #92]	@ 0x5c
100037d8:	4657      	mov	r7, sl
100037da:	4698      	mov	r8, r3
100037dc:	9b18      	ldr	r3, [sp, #96]	@ 0x60
100037de:	465e      	mov	r6, fp
100037e0:	469a      	mov	sl, r3
100037e2:	9b1b      	ldr	r3, [sp, #108]	@ 0x6c
100037e4:	9409      	str	r4, [sp, #36]	@ 0x24
100037e6:	469b      	mov	fp, r3
100037e8:	9816      	ldr	r0, [sp, #88]	@ 0x58
100037ea:	9c19      	ldr	r4, [sp, #100]	@ 0x64
100037ec:	9d1a      	ldr	r5, [sp, #104]	@ 0x68
100037ee:	4643      	mov	r3, r8
100037f0:	9305      	str	r3, [sp, #20]
100037f2:	4653      	mov	r3, sl
100037f4:	9304      	str	r3, [sp, #16]
100037f6:	9b0d      	ldr	r3, [sp, #52]	@ 0x34
100037f8:	9006      	str	r0, [sp, #24]
100037fa:	9303      	str	r3, [sp, #12]
100037fc:	2300      	movs	r3, #0
100037fe:	9302      	str	r3, [sp, #8]
10003800:	9b09      	ldr	r3, [sp, #36]	@ 0x24
10003802:	e705      	b.n	10003610 <_vsnprintf+0x830>
10003804:	9b0f      	ldr	r3, [sp, #60]	@ 0x3c
10003806:	4598      	cmp	r8, r3
10003808:	d900      	bls.n	1000380c <_vsnprintf+0xa2c>
1000380a:	e714      	b.n	10003636 <_vsnprintf+0x856>
1000380c:	3301      	adds	r3, #1
1000380e:	930f      	str	r3, [sp, #60]	@ 0x3c
10003810:	e42d      	b.n	1000306e <_vsnprintf+0x28e>
10003812:	2310      	movs	r3, #16
10003814:	0011      	movs	r1, r2
10003816:	4399      	bics	r1, r3
10003818:	910d      	str	r1, [sp, #52]	@ 0x34
1000381a:	2869      	cmp	r0, #105	@ 0x69
1000381c:	d000      	beq.n	10003820 <_vsnprintf+0xa40>
1000381e:	e0ba      	b.n	10003996 <_vsnprintf+0xbb6>
10003820:	2380      	movs	r3, #128	@ 0x80
10003822:	0010      	movs	r0, r2
10003824:	00db      	lsls	r3, r3, #3
10003826:	4018      	ands	r0, r3
10003828:	421a      	tst	r2, r3
1000382a:	d100      	bne.n	1000382e <_vsnprintf+0xa4e>
1000382c:	e622      	b.n	10003474 <_vsnprintf+0x694>
1000382e:	e61d      	b.n	1000346c <_vsnprintf+0x68c>
10003830:	9b0c      	ldr	r3, [sp, #48]	@ 0x30
10003832:	681b      	ldr	r3, [r3, #0]
10003834:	0fda      	lsrs	r2, r3, #31
10003836:	0011      	movs	r1, r2
10003838:	2b00      	cmp	r3, #0
1000383a:	d100      	bne.n	1000383e <_vsnprintf+0xa5e>
1000383c:	e08c      	b.n	10003958 <_vsnprintf+0xb78>
1000383e:	17da      	asrs	r2, r3, #31
10003840:	1898      	adds	r0, r3, r2
10003842:	4050      	eors	r0, r2
10003844:	aa14      	add	r2, sp, #80	@ 0x50
10003846:	4691      	mov	r9, r2
10003848:	4642      	mov	r2, r8
1000384a:	231f      	movs	r3, #31
1000384c:	9214      	str	r2, [sp, #80]	@ 0x50
1000384e:	4652      	mov	r2, sl
10003850:	444b      	add	r3, r9
10003852:	46a0      	mov	r8, r4
10003854:	46a9      	mov	r9, r5
10003856:	9716      	str	r7, [sp, #88]	@ 0x58
10003858:	0004      	movs	r4, r0
1000385a:	4665      	mov	r5, ip
1000385c:	46b2      	mov	sl, r6
1000385e:	001f      	movs	r7, r3
10003860:	910c      	str	r1, [sp, #48]	@ 0x30
10003862:	9215      	str	r2, [sp, #84]	@ 0x54
10003864:	e001      	b.n	1000386a <_vsnprintf+0xa8a>
10003866:	2d20      	cmp	r5, #32
10003868:	d00f      	beq.n	1000388a <_vsnprintf+0xaaa>
1000386a:	0020      	movs	r0, r4
1000386c:	210a      	movs	r1, #10
1000386e:	f7fe f87b 	bl	10001968 <__wrap___aeabi_uidiv>
10003872:	3501      	adds	r5, #1
10003874:	197e      	adds	r6, r7, r5
10003876:	3130      	adds	r1, #48	@ 0x30
10003878:	7031      	strb	r1, [r6, #0]
1000387a:	0020      	movs	r0, r4
1000387c:	210a      	movs	r1, #10
1000387e:	f7fe f873 	bl	10001968 <__wrap___aeabi_uidiv>
10003882:	0026      	movs	r6, r4
10003884:	0004      	movs	r4, r0
10003886:	2e09      	cmp	r6, #9
10003888:	d8ed      	bhi.n	10003866 <_vsnprintf+0xa86>
1000388a:	9b14      	ldr	r3, [sp, #80]	@ 0x50
1000388c:	4644      	mov	r4, r8
1000388e:	4698      	mov	r8, r3
10003890:	9b0c      	ldr	r3, [sp, #48]	@ 0x30
10003892:	46ac      	mov	ip, r5
10003894:	0019      	movs	r1, r3
10003896:	9b15      	ldr	r3, [sp, #84]	@ 0x54
10003898:	4656      	mov	r6, sl
1000389a:	464d      	mov	r5, r9
1000389c:	469a      	mov	sl, r3
1000389e:	9f16      	ldr	r7, [sp, #88]	@ 0x58
100038a0:	9b0d      	ldr	r3, [sp, #52]	@ 0x34
100038a2:	9102      	str	r1, [sp, #8]
100038a4:	9306      	str	r3, [sp, #24]
100038a6:	4643      	mov	r3, r8
100038a8:	9305      	str	r3, [sp, #20]
100038aa:	4653      	mov	r3, sl
100038ac:	9304      	str	r3, [sp, #16]
100038ae:	230a      	movs	r3, #10
100038b0:	9303      	str	r3, [sp, #12]
100038b2:	4663      	mov	r3, ip
100038b4:	e63c      	b.n	10003530 <_vsnprintf+0x750>
100038b6:	2800      	cmp	r0, #0
100038b8:	d000      	beq.n	100038bc <_vsnprintf+0xadc>
100038ba:	e62e      	b.n	1000351a <_vsnprintf+0x73a>
100038bc:	e602      	b.n	100034c4 <_vsnprintf+0x6e4>
100038be:	9b0c      	ldr	r3, [sp, #48]	@ 0x30
100038c0:	681b      	ldr	r3, [r3, #0]
100038c2:	4699      	mov	r9, r3
100038c4:	2b00      	cmp	r3, #0
100038c6:	d103      	bne.n	100038d0 <_vsnprintf+0xaf0>
100038c8:	3310      	adds	r3, #16
100038ca:	4398      	bics	r0, r3
100038cc:	2900      	cmp	r1, #0
100038ce:	d138      	bne.n	10003942 <_vsnprintf+0xb62>
100038d0:	2361      	movs	r3, #97	@ 0x61
100038d2:	0682      	lsls	r2, r0, #26
100038d4:	d500      	bpl.n	100038d8 <_vsnprintf+0xaf8>
100038d6:	2341      	movs	r3, #65	@ 0x41
100038d8:	b2db      	uxtb	r3, r3
100038da:	3b0a      	subs	r3, #10
100038dc:	930c      	str	r3, [sp, #48]	@ 0x30
100038de:	4643      	mov	r3, r8
100038e0:	9316      	str	r3, [sp, #88]	@ 0x58
100038e2:	4653      	mov	r3, sl
100038e4:	a914      	add	r1, sp, #80	@ 0x50
100038e6:	221f      	movs	r2, #31
100038e8:	468c      	mov	ip, r1
100038ea:	9317      	str	r3, [sp, #92]	@ 0x5c
100038ec:	002b      	movs	r3, r5
100038ee:	4462      	add	r2, ip
100038f0:	46a0      	mov	r8, r4
100038f2:	464d      	mov	r5, r9
100038f4:	46b2      	mov	sl, r6
100038f6:	9718      	str	r7, [sp, #96]	@ 0x60
100038f8:	4699      	mov	r9, r3
100038fa:	0017      	movs	r7, r2
100038fc:	9c14      	ldr	r4, [sp, #80]	@ 0x50
100038fe:	9e0d      	ldr	r6, [sp, #52]	@ 0x34
10003900:	9015      	str	r0, [sp, #84]	@ 0x54
10003902:	e008      	b.n	10003916 <_vsnprintf+0xb36>
10003904:	3330      	adds	r3, #48	@ 0x30
10003906:	b2db      	uxtb	r3, r3
10003908:	3401      	adds	r4, #1
1000390a:	553b      	strb	r3, [r7, r4]
1000390c:	42b5      	cmp	r5, r6
1000390e:	d30e      	bcc.n	1000392e <_vsnprintf+0xb4e>
10003910:	2c20      	cmp	r4, #32
10003912:	d00c      	beq.n	1000392e <_vsnprintf+0xb4e>
10003914:	0005      	movs	r5, r0
10003916:	0031      	movs	r1, r6
10003918:	0028      	movs	r0, r5
1000391a:	f7fe f825 	bl	10001968 <__wrap___aeabi_uidiv>
1000391e:	b2cb      	uxtb	r3, r1
10003920:	2909      	cmp	r1, #9
10003922:	d9ef      	bls.n	10003904 <_vsnprintf+0xb24>
10003924:	9a0c      	ldr	r2, [sp, #48]	@ 0x30
10003926:	4694      	mov	ip, r2
10003928:	4463      	add	r3, ip
1000392a:	b2db      	uxtb	r3, r3
1000392c:	e7ec      	b.n	10003908 <_vsnprintf+0xb28>
1000392e:	9b16      	ldr	r3, [sp, #88]	@ 0x58
10003930:	9414      	str	r4, [sp, #80]	@ 0x50
10003932:	4644      	mov	r4, r8
10003934:	4698      	mov	r8, r3
10003936:	9b17      	ldr	r3, [sp, #92]	@ 0x5c
10003938:	4656      	mov	r6, sl
1000393a:	464d      	mov	r5, r9
1000393c:	469a      	mov	sl, r3
1000393e:	9815      	ldr	r0, [sp, #84]	@ 0x54
10003940:	9f18      	ldr	r7, [sp, #96]	@ 0x60
10003942:	4643      	mov	r3, r8
10003944:	9305      	str	r3, [sp, #20]
10003946:	4653      	mov	r3, sl
10003948:	9304      	str	r3, [sp, #16]
1000394a:	9b0d      	ldr	r3, [sp, #52]	@ 0x34
1000394c:	9006      	str	r0, [sp, #24]
1000394e:	9303      	str	r3, [sp, #12]
10003950:	2300      	movs	r3, #0
10003952:	9302      	str	r3, [sp, #8]
10003954:	9b14      	ldr	r3, [sp, #80]	@ 0x50
10003956:	e5eb      	b.n	10003530 <_vsnprintf+0x750>
10003958:	2800      	cmp	r0, #0
1000395a:	d1a1      	bne.n	100038a0 <_vsnprintf+0xac0>
1000395c:	e772      	b.n	10003844 <_vsnprintf+0xa64>
1000395e:	9b0c      	ldr	r3, [sp, #48]	@ 0x30
10003960:	681b      	ldr	r3, [r3, #0]
10003962:	17d9      	asrs	r1, r3, #31
10003964:	185a      	adds	r2, r3, r1
10003966:	404a      	eors	r2, r1
10003968:	e5a6      	b.n	100034b8 <_vsnprintf+0x6d8>
1000396a:	2380      	movs	r3, #128	@ 0x80
1000396c:	0010      	movs	r0, r2
1000396e:	00db      	lsls	r3, r3, #3
10003970:	4018      	ands	r0, r3
10003972:	469c      	mov	ip, r3
10003974:	900f      	str	r0, [sp, #60]	@ 0x3c
10003976:	421a      	tst	r2, r3
10003978:	d00f      	beq.n	1000399a <_vsnprintf+0xbba>
1000397a:	2002      	movs	r0, #2
1000397c:	0003      	movs	r3, r0
1000397e:	4013      	ands	r3, r2
10003980:	930f      	str	r3, [sp, #60]	@ 0x3c
10003982:	4210      	tst	r0, r2
10003984:	d019      	beq.n	100039ba <_vsnprintf+0xbda>
10003986:	2300      	movs	r3, #0
10003988:	46a1      	mov	r9, r4
1000398a:	930f      	str	r3, [sp, #60]	@ 0x3c
1000398c:	e54c      	b.n	10003428 <_vsnprintf+0x648>
1000398e:	9b0c      	ldr	r3, [sp, #48]	@ 0x30
10003990:	681b      	ldr	r3, [r3, #0]
10003992:	9309      	str	r3, [sp, #36]	@ 0x24
10003994:	e4e4      	b.n	10003360 <_vsnprintf+0x580>
10003996:	000a      	movs	r2, r1
10003998:	e434      	b.n	10003204 <_vsnprintf+0x424>
1000399a:	2302      	movs	r3, #2
1000399c:	0018      	movs	r0, r3
1000399e:	4010      	ands	r0, r2
100039a0:	900d      	str	r0, [sp, #52]	@ 0x34
100039a2:	4213      	tst	r3, r2
100039a4:	d000      	beq.n	100039a8 <_vsnprintf+0xbc8>
100039a6:	e53e      	b.n	10003426 <_vsnprintf+0x646>
100039a8:	4643      	mov	r3, r8
100039aa:	2b00      	cmp	r3, #0
100039ac:	d000      	beq.n	100039b0 <_vsnprintf+0xbd0>
100039ae:	e642      	b.n	10003636 <_vsnprintf+0x856>
100039b0:	f7ff fb71 	bl	10003096 <_vsnprintf+0x2b6>
100039b4:	3301      	adds	r3, #1
100039b6:	930f      	str	r3, [sp, #60]	@ 0x3c
100039b8:	e47f      	b.n	100032ba <_vsnprintf+0x4da>
100039ba:	4663      	mov	r3, ip
100039bc:	930d      	str	r3, [sp, #52]	@ 0x34
100039be:	e7f3      	b.n	100039a8 <_vsnprintf+0xbc8>

100039c0 <vfctprintf>:
100039c0:	b510      	push	{r4, lr}
100039c2:	000c      	movs	r4, r1
100039c4:	b084      	sub	sp, #16
100039c6:	9403      	str	r4, [sp, #12]
100039c8:	2401      	movs	r4, #1
100039ca:	a902      	add	r1, sp, #8
100039cc:	9002      	str	r0, [sp, #8]
100039ce:	9300      	str	r3, [sp, #0]
100039d0:	4803      	ldr	r0, [pc, #12]	@ (100039e0 <vfctprintf+0x20>)
100039d2:	0013      	movs	r3, r2
100039d4:	4262      	negs	r2, r4
100039d6:	f7ff fa03 	bl	10002de0 <_vsnprintf>
100039da:	b004      	add	sp, #16
100039dc:	bd10      	pop	{r4, pc}
100039de:	46c0      	nop			@ (mov r8, r8)
100039e0:	100023ad 	.word	0x100023ad

100039e4 <weak_raw_vprintf>:
100039e4:	b510      	push	{r4, lr}
100039e6:	4a09      	ldr	r2, [pc, #36]	@ (10003a0c <weak_raw_vprintf+0x28>)
100039e8:	0003      	movs	r3, r0
100039ea:	6814      	ldr	r4, [r2, #0]
100039ec:	b084      	sub	sp, #16
100039ee:	2c00      	cmp	r4, #0
100039f0:	d008      	beq.n	10003a04 <weak_raw_vprintf+0x20>
100039f2:	2201      	movs	r2, #1
100039f4:	9100      	str	r1, [sp, #0]
100039f6:	4806      	ldr	r0, [pc, #24]	@ (10003a10 <weak_raw_vprintf+0x2c>)
100039f8:	4252      	negs	r2, r2
100039fa:	a903      	add	r1, sp, #12
100039fc:	47a0      	blx	r4
100039fe:	2001      	movs	r0, #1
10003a00:	b004      	add	sp, #16
10003a02:	bd10      	pop	{r4, pc}
10003a04:	f000 f99c 	bl	10003d40 <__wrap_puts>
10003a08:	2000      	movs	r0, #0
10003a0a:	e7f9      	b.n	10003a00 <weak_raw_vprintf+0x1c>
10003a0c:	20001f9c 	.word	0x20001f9c
10003a10:	1000239d 	.word	0x1000239d

10003a14 <_exit>:
10003a14:	2100      	movs	r1, #0
10003a16:	2000      	movs	r0, #0
10003a18:	b510      	push	{r4, lr}
10003a1a:	f7fd fe1d 	bl	10001658 <rom_reset_usb_boot>
10003a1e:	46c0      	nop			@ (mov r8, r8)

10003a20 <exit>:
10003a20:	b510      	push	{r4, lr}
10003a22:	f7ff fff7 	bl	10003a14 <_exit>
10003a26:	46c0      	nop			@ (mov r8, r8)

10003a28 <runtime_init>:
10003a28:	b570      	push	{r4, r5, r6, lr}
10003a2a:	f7fd fe51 	bl	100016d0 <runtime_run_initializers>
10003a2e:	4d07      	ldr	r5, [pc, #28]	@ (10003a4c <runtime_init+0x24>)
10003a30:	4e07      	ldr	r6, [pc, #28]	@ (10003a50 <runtime_init+0x28>)
10003a32:	42b5      	cmp	r5, r6
10003a34:	d209      	bcs.n	10003a4a <runtime_init+0x22>
10003a36:	2400      	movs	r4, #0
10003a38:	3e01      	subs	r6, #1
10003a3a:	1b76      	subs	r6, r6, r5
10003a3c:	08b6      	lsrs	r6, r6, #2
10003a3e:	cd08      	ldmia	r5!, {r3}
10003a40:	4798      	blx	r3
10003a42:	0023      	movs	r3, r4
10003a44:	3401      	adds	r4, #1
10003a46:	42b3      	cmp	r3, r6
10003a48:	d1f9      	bne.n	10003a3e <runtime_init+0x16>
10003a4a:	bd70      	pop	{r4, r5, r6, pc}
10003a4c:	10009aa4 	.word	0x10009aa4
10003a50:	10009ab0 	.word	0x10009ab0

10003a54 <stdio_out_chars_no_crlf>:
10003a54:	0003      	movs	r3, r0
10003a56:	b510      	push	{r4, lr}
10003a58:	0008      	movs	r0, r1
10003a5a:	0011      	movs	r1, r2
10003a5c:	681b      	ldr	r3, [r3, #0]
10003a5e:	4798      	blx	r3
10003a60:	bd10      	pop	{r4, pc}
10003a62:	46c0      	nop			@ (mov r8, r8)

10003a64 <stdio_out_chars_crlf>:
10003a64:	b5f0      	push	{r4, r5, r6, r7, lr}
10003a66:	46c6      	mov	lr, r8
10003a68:	b500      	push	{lr}
10003a6a:	7d43      	ldrb	r3, [r0, #21]
10003a6c:	0007      	movs	r7, r0
10003a6e:	000c      	movs	r4, r1
10003a70:	0016      	movs	r6, r2
10003a72:	2b00      	cmp	r3, #0
10003a74:	d046      	beq.n	10003b04 <stdio_out_chars_crlf+0xa0>
10003a76:	2a00      	cmp	r2, #0
10003a78:	dd17      	ble.n	10003aaa <stdio_out_chars_crlf+0x46>
10003a7a:	780b      	ldrb	r3, [r1, #0]
10003a7c:	2b0a      	cmp	r3, #10
10003a7e:	d024      	beq.n	10003aca <stdio_out_chars_crlf+0x66>
10003a80:	2300      	movs	r3, #0
10003a82:	4698      	mov	r8, r3
10003a84:	2e01      	cmp	r6, #1
10003a86:	d013      	beq.n	10003ab0 <stdio_out_chars_crlf+0x4c>
10003a88:	2501      	movs	r5, #1
10003a8a:	0029      	movs	r1, r5
10003a8c:	5c63      	ldrb	r3, [r4, r1]
10003a8e:	3501      	adds	r5, #1
10003a90:	2b0a      	cmp	r3, #10
10003a92:	d026      	beq.n	10003ae2 <stdio_out_chars_crlf+0x7e>
10003a94:	42b5      	cmp	r5, r6
10003a96:	d1f8      	bne.n	10003a8a <stdio_out_chars_crlf+0x26>
10003a98:	4546      	cmp	r6, r8
10003a9a:	dc09      	bgt.n	10003ab0 <stdio_out_chars_crlf+0x4c>
10003a9c:	19a4      	adds	r4, r4, r6
10003a9e:	3c01      	subs	r4, #1
10003aa0:	7823      	ldrb	r3, [r4, #0]
10003aa2:	3b0d      	subs	r3, #13
10003aa4:	425a      	negs	r2, r3
10003aa6:	4153      	adcs	r3, r2
10003aa8:	753b      	strb	r3, [r7, #20]
10003aaa:	bc80      	pop	{r7}
10003aac:	46b8      	mov	r8, r7
10003aae:	bdf0      	pop	{r4, r5, r6, r7, pc}
10003ab0:	4643      	mov	r3, r8
10003ab2:	18e0      	adds	r0, r4, r3
10003ab4:	19a4      	adds	r4, r4, r6
10003ab6:	1af1      	subs	r1, r6, r3
10003ab8:	3c01      	subs	r4, #1
10003aba:	683b      	ldr	r3, [r7, #0]
10003abc:	4798      	blx	r3
10003abe:	7823      	ldrb	r3, [r4, #0]
10003ac0:	3b0d      	subs	r3, #13
10003ac2:	425a      	negs	r2, r3
10003ac4:	4153      	adcs	r3, r2
10003ac6:	753b      	strb	r3, [r7, #20]
10003ac8:	e7ef      	b.n	10003aaa <stdio_out_chars_crlf+0x46>
10003aca:	7d03      	ldrb	r3, [r0, #20]
10003acc:	2b00      	cmp	r3, #0
10003ace:	d1d7      	bne.n	10003a80 <stdio_out_chars_crlf+0x1c>
10003ad0:	2102      	movs	r1, #2
10003ad2:	480f      	ldr	r0, [pc, #60]	@ (10003b10 <stdio_out_chars_crlf+0xac>)
10003ad4:	683b      	ldr	r3, [r7, #0]
10003ad6:	4798      	blx	r3
10003ad8:	2e01      	cmp	r6, #1
10003ada:	d0df      	beq.n	10003a9c <stdio_out_chars_crlf+0x38>
10003adc:	2301      	movs	r3, #1
10003ade:	4698      	mov	r8, r3
10003ae0:	e7d2      	b.n	10003a88 <stdio_out_chars_crlf+0x24>
10003ae2:	1e63      	subs	r3, r4, #1
10003ae4:	5c5b      	ldrb	r3, [r3, r1]
10003ae6:	2b0d      	cmp	r3, #13
10003ae8:	d0d4      	beq.n	10003a94 <stdio_out_chars_crlf+0x30>
10003aea:	4588      	cmp	r8, r1
10003aec:	da04      	bge.n	10003af8 <stdio_out_chars_crlf+0x94>
10003aee:	4643      	mov	r3, r8
10003af0:	1ac9      	subs	r1, r1, r3
10003af2:	18e0      	adds	r0, r4, r3
10003af4:	683b      	ldr	r3, [r7, #0]
10003af6:	4798      	blx	r3
10003af8:	2102      	movs	r1, #2
10003afa:	4805      	ldr	r0, [pc, #20]	@ (10003b10 <stdio_out_chars_crlf+0xac>)
10003afc:	683b      	ldr	r3, [r7, #0]
10003afe:	46a8      	mov	r8, r5
10003b00:	4798      	blx	r3
10003b02:	e7c7      	b.n	10003a94 <stdio_out_chars_crlf+0x30>
10003b04:	6803      	ldr	r3, [r0, #0]
10003b06:	0011      	movs	r1, r2
10003b08:	0020      	movs	r0, r4
10003b0a:	4798      	blx	r3
10003b0c:	e7cd      	b.n	10003aaa <stdio_out_chars_crlf+0x46>
10003b0e:	46c0      	nop			@ (mov r8, r8)
10003b10:	10009f08 	.word	0x10009f08

10003b14 <stdio_buffered_printer>:
10003b14:	b5f0      	push	{r4, r5, r6, r7, lr}
10003b16:	46c6      	mov	lr, r8
10003b18:	680b      	ldr	r3, [r1, #0]
10003b1a:	0006      	movs	r6, r0
10003b1c:	000c      	movs	r4, r1
10003b1e:	b500      	push	{lr}
10003b20:	2b80      	cmp	r3, #128	@ 0x80
10003b22:	d006      	beq.n	10003b32 <stdio_buffered_printer+0x1e>
10003b24:	1c5a      	adds	r2, r3, #1
10003b26:	6022      	str	r2, [r4, #0]
10003b28:	18e4      	adds	r4, r4, r3
10003b2a:	7126      	strb	r6, [r4, #4]
10003b2c:	bc80      	pop	{r7}
10003b2e:	46b8      	mov	r8, r7
10003b30:	bdf0      	pop	{r4, r5, r6, r7, pc}
10003b32:	4b0f      	ldr	r3, [pc, #60]	@ (10003b70 <stdio_buffered_printer+0x5c>)
10003b34:	681d      	ldr	r5, [r3, #0]
10003b36:	2d00      	cmp	r5, #0
10003b38:	d016      	beq.n	10003b68 <stdio_buffered_printer+0x54>
10003b3a:	1d0b      	adds	r3, r1, #4
10003b3c:	4698      	mov	r8, r3
10003b3e:	4f0d      	ldr	r7, [pc, #52]	@ (10003b74 <stdio_buffered_printer+0x60>)
10003b40:	e002      	b.n	10003b48 <stdio_buffered_printer+0x34>
10003b42:	692d      	ldr	r5, [r5, #16]
10003b44:	2d00      	cmp	r5, #0
10003b46:	d00f      	beq.n	10003b68 <stdio_buffered_printer+0x54>
10003b48:	682b      	ldr	r3, [r5, #0]
10003b4a:	2b00      	cmp	r3, #0
10003b4c:	d0f9      	beq.n	10003b42 <stdio_buffered_printer+0x2e>
10003b4e:	683b      	ldr	r3, [r7, #0]
10003b50:	2b00      	cmp	r3, #0
10003b52:	d001      	beq.n	10003b58 <stdio_buffered_printer+0x44>
10003b54:	42ab      	cmp	r3, r5
10003b56:	d1f4      	bne.n	10003b42 <stdio_buffered_printer+0x2e>
10003b58:	0028      	movs	r0, r5
10003b5a:	4641      	mov	r1, r8
10003b5c:	6822      	ldr	r2, [r4, #0]
10003b5e:	f7ff ff81 	bl	10003a64 <stdio_out_chars_crlf>
10003b62:	692d      	ldr	r5, [r5, #16]
10003b64:	2d00      	cmp	r5, #0
10003b66:	d1ef      	bne.n	10003b48 <stdio_buffered_printer+0x34>
10003b68:	2201      	movs	r2, #1
10003b6a:	2300      	movs	r3, #0
10003b6c:	e7db      	b.n	10003b26 <stdio_buffered_printer+0x12>
10003b6e:	46c0      	nop			@ (mov r8, r8)
10003b70:	20001b90 	.word	0x20001b90
10003b74:	20001b98 	.word	0x20001b98

10003b78 <stdio_put_string>:
10003b78:	b5f0      	push	{r4, r5, r6, r7, lr}
10003b7a:	4645      	mov	r5, r8
10003b7c:	46de      	mov	lr, fp
10003b7e:	464e      	mov	r6, r9
10003b80:	4657      	mov	r7, sl
10003b82:	b5e0      	push	{r5, r6, r7, lr}
10003b84:	b083      	sub	sp, #12
10003b86:	4691      	mov	r9, r2
10003b88:	001c      	movs	r4, r3
10003b8a:	4680      	mov	r8, r0
10003b8c:	000d      	movs	r5, r1
10003b8e:	f7fd fb7b 	bl	10001288 <time_us_64>
10003b92:	2300      	movs	r3, #0
10003b94:	4a30      	ldr	r2, [pc, #192]	@ (10003c58 <stdio_put_string+0xe0>)
10003b96:	1812      	adds	r2, r2, r0
10003b98:	414b      	adcs	r3, r1
10003b9a:	2b00      	cmp	r3, #0
10003b9c:	da02      	bge.n	10003ba4 <stdio_put_string+0x2c>
10003b9e:	2201      	movs	r2, #1
10003ba0:	4b2e      	ldr	r3, [pc, #184]	@ (10003c5c <stdio_put_string+0xe4>)
10003ba2:	4252      	negs	r2, r2
10003ba4:	492e      	ldr	r1, [pc, #184]	@ (10003c60 <stdio_put_string+0xe8>)
10003ba6:	0008      	movs	r0, r1
10003ba8:	468a      	mov	sl, r1
10003baa:	f005 ff3d 	bl	10009a28 <__mutex_try_enter_block_until_veneer>
10003bae:	0007      	movs	r7, r0
10003bb0:	1c6b      	adds	r3, r5, #1
10003bb2:	d103      	bne.n	10003bbc <stdio_put_string+0x44>
10003bb4:	4640      	mov	r0, r8
10003bb6:	f005 fec7 	bl	10009948 <strlen>
10003bba:	0005      	movs	r5, r0
10003bbc:	2c00      	cmp	r4, #0
10003bbe:	d027      	beq.n	10003c10 <stdio_put_string+0x98>
10003bc0:	4e28      	ldr	r6, [pc, #160]	@ (10003c64 <stdio_put_string+0xec>)
10003bc2:	4b29      	ldr	r3, [pc, #164]	@ (10003c68 <stdio_put_string+0xf0>)
10003bc4:	681c      	ldr	r4, [r3, #0]
10003bc6:	2c00      	cmp	r4, #0
10003bc8:	d018      	beq.n	10003bfc <stdio_put_string+0x84>
10003bca:	464b      	mov	r3, r9
10003bcc:	2b00      	cmp	r3, #0
10003bce:	d121      	bne.n	10003c14 <stdio_put_string+0x9c>
10003bd0:	4b26      	ldr	r3, [pc, #152]	@ (10003c6c <stdio_put_string+0xf4>)
10003bd2:	4699      	mov	r9, r3
10003bd4:	e002      	b.n	10003bdc <stdio_put_string+0x64>
10003bd6:	6924      	ldr	r4, [r4, #16]
10003bd8:	2c00      	cmp	r4, #0
10003bda:	d00f      	beq.n	10003bfc <stdio_put_string+0x84>
10003bdc:	6823      	ldr	r3, [r4, #0]
10003bde:	2b00      	cmp	r3, #0
10003be0:	d0f9      	beq.n	10003bd6 <stdio_put_string+0x5e>
10003be2:	464b      	mov	r3, r9
10003be4:	681b      	ldr	r3, [r3, #0]
10003be6:	2b00      	cmp	r3, #0
10003be8:	d001      	beq.n	10003bee <stdio_put_string+0x76>
10003bea:	429c      	cmp	r4, r3
10003bec:	d1f3      	bne.n	10003bd6 <stdio_put_string+0x5e>
10003bee:	0020      	movs	r0, r4
10003bf0:	002a      	movs	r2, r5
10003bf2:	4641      	mov	r1, r8
10003bf4:	47b0      	blx	r6
10003bf6:	6924      	ldr	r4, [r4, #16]
10003bf8:	2c00      	cmp	r4, #0
10003bfa:	d1ef      	bne.n	10003bdc <stdio_put_string+0x64>
10003bfc:	2f00      	cmp	r7, #0
10003bfe:	d126      	bne.n	10003c4e <stdio_put_string+0xd6>
10003c00:	0028      	movs	r0, r5
10003c02:	b003      	add	sp, #12
10003c04:	bcf0      	pop	{r4, r5, r6, r7}
10003c06:	46bb      	mov	fp, r7
10003c08:	46b2      	mov	sl, r6
10003c0a:	46a9      	mov	r9, r5
10003c0c:	46a0      	mov	r8, r4
10003c0e:	bdf0      	pop	{r4, r5, r6, r7, pc}
10003c10:	4e17      	ldr	r6, [pc, #92]	@ (10003c70 <stdio_put_string+0xf8>)
10003c12:	e7d6      	b.n	10003bc2 <stdio_put_string+0x4a>
10003c14:	4b15      	ldr	r3, [pc, #84]	@ (10003c6c <stdio_put_string+0xf4>)
10003c16:	4699      	mov	r9, r3
10003c18:	230a      	movs	r3, #10
10003c1a:	469b      	mov	fp, r3
10003c1c:	e002      	b.n	10003c24 <stdio_put_string+0xac>
10003c1e:	6924      	ldr	r4, [r4, #16]
10003c20:	2c00      	cmp	r4, #0
10003c22:	d0eb      	beq.n	10003bfc <stdio_put_string+0x84>
10003c24:	6823      	ldr	r3, [r4, #0]
10003c26:	2b00      	cmp	r3, #0
10003c28:	d0f9      	beq.n	10003c1e <stdio_put_string+0xa6>
10003c2a:	464b      	mov	r3, r9
10003c2c:	681b      	ldr	r3, [r3, #0]
10003c2e:	2b00      	cmp	r3, #0
10003c30:	d001      	beq.n	10003c36 <stdio_put_string+0xbe>
10003c32:	42a3      	cmp	r3, r4
10003c34:	d1f3      	bne.n	10003c1e <stdio_put_string+0xa6>
10003c36:	002a      	movs	r2, r5
10003c38:	4641      	mov	r1, r8
10003c3a:	0020      	movs	r0, r4
10003c3c:	47b0      	blx	r6
10003c3e:	466b      	mov	r3, sp
10003c40:	465a      	mov	r2, fp
10003c42:	0020      	movs	r0, r4
10003c44:	71da      	strb	r2, [r3, #7]
10003c46:	1dd9      	adds	r1, r3, #7
10003c48:	2201      	movs	r2, #1
10003c4a:	47b0      	blx	r6
10003c4c:	e7e7      	b.n	10003c1e <stdio_put_string+0xa6>
10003c4e:	4650      	mov	r0, sl
10003c50:	f005 feb2 	bl	100099b8 <__mutex_exit_veneer>
10003c54:	e7d4      	b.n	10003c00 <stdio_put_string+0x88>
10003c56:	46c0      	nop			@ (mov r8, r8)
10003c58:	000f4240 	.word	0x000f4240
10003c5c:	7fffffff 	.word	0x7fffffff
10003c60:	200010b0 	.word	0x200010b0
10003c64:	10003a65 	.word	0x10003a65
10003c68:	20001b90 	.word	0x20001b90
10003c6c:	20001b98 	.word	0x20001b98
10003c70:	10003a55 	.word	0x10003a55

10003c74 <stdio_set_driver_enabled>:
10003c74:	4a0a      	ldr	r2, [pc, #40]	@ (10003ca0 <stdio_set_driver_enabled+0x2c>)
10003c76:	6813      	ldr	r3, [r2, #0]
10003c78:	2b00      	cmp	r3, #0
10003c7a:	d105      	bne.n	10003c88 <stdio_set_driver_enabled+0x14>
10003c7c:	e00c      	b.n	10003c98 <stdio_set_driver_enabled+0x24>
10003c7e:	001a      	movs	r2, r3
10003c80:	691b      	ldr	r3, [r3, #16]
10003c82:	3210      	adds	r2, #16
10003c84:	2b00      	cmp	r3, #0
10003c86:	d007      	beq.n	10003c98 <stdio_set_driver_enabled+0x24>
10003c88:	4283      	cmp	r3, r0
10003c8a:	d1f8      	bne.n	10003c7e <stdio_set_driver_enabled+0xa>
10003c8c:	2900      	cmp	r1, #0
10003c8e:	d102      	bne.n	10003c96 <stdio_set_driver_enabled+0x22>
10003c90:	6918      	ldr	r0, [r3, #16]
10003c92:	6010      	str	r0, [r2, #0]
10003c94:	6119      	str	r1, [r3, #16]
10003c96:	4770      	bx	lr
10003c98:	2900      	cmp	r1, #0
10003c9a:	d0fc      	beq.n	10003c96 <stdio_set_driver_enabled+0x22>
10003c9c:	6010      	str	r0, [r2, #0]
10003c9e:	e7fa      	b.n	10003c96 <stdio_set_driver_enabled+0x22>
10003ca0:	20001b90 	.word	0x20001b90

10003ca4 <stdio_init_all>:
10003ca4:	b510      	push	{r4, lr}
10003ca6:	f000 faf1 	bl	1000428c <stdio_usb_init>
10003caa:	bd10      	pop	{r4, pc}

10003cac <__wrap_putchar>:
10003cac:	b5f0      	push	{r4, r5, r6, r7, lr}
10003cae:	46ce      	mov	lr, r9
10003cb0:	4647      	mov	r7, r8
10003cb2:	b580      	push	{r7, lr}
10003cb4:	b083      	sub	sp, #12
10003cb6:	466b      	mov	r3, sp
10003cb8:	0006      	movs	r6, r0
10003cba:	1ddd      	adds	r5, r3, #7
10003cbc:	7028      	strb	r0, [r5, #0]
10003cbe:	f7fd fae3 	bl	10001288 <time_us_64>
10003cc2:	2300      	movs	r3, #0
10003cc4:	4a19      	ldr	r2, [pc, #100]	@ (10003d2c <__wrap_putchar+0x80>)
10003cc6:	1812      	adds	r2, r2, r0
10003cc8:	414b      	adcs	r3, r1
10003cca:	2b00      	cmp	r3, #0
10003ccc:	da02      	bge.n	10003cd4 <__wrap_putchar+0x28>
10003cce:	2201      	movs	r2, #1
10003cd0:	4b17      	ldr	r3, [pc, #92]	@ (10003d30 <__wrap_putchar+0x84>)
10003cd2:	4252      	negs	r2, r2
10003cd4:	4917      	ldr	r1, [pc, #92]	@ (10003d34 <__wrap_putchar+0x88>)
10003cd6:	0008      	movs	r0, r1
10003cd8:	4688      	mov	r8, r1
10003cda:	f005 fea5 	bl	10009a28 <__mutex_try_enter_block_until_veneer>
10003cde:	4b16      	ldr	r3, [pc, #88]	@ (10003d38 <__wrap_putchar+0x8c>)
10003ce0:	4681      	mov	r9, r0
10003ce2:	681c      	ldr	r4, [r3, #0]
10003ce4:	2c00      	cmp	r4, #0
10003ce6:	d014      	beq.n	10003d12 <__wrap_putchar+0x66>
10003ce8:	4f14      	ldr	r7, [pc, #80]	@ (10003d3c <__wrap_putchar+0x90>)
10003cea:	e002      	b.n	10003cf2 <__wrap_putchar+0x46>
10003cec:	6924      	ldr	r4, [r4, #16]
10003cee:	2c00      	cmp	r4, #0
10003cf0:	d00f      	beq.n	10003d12 <__wrap_putchar+0x66>
10003cf2:	6823      	ldr	r3, [r4, #0]
10003cf4:	2b00      	cmp	r3, #0
10003cf6:	d0f9      	beq.n	10003cec <__wrap_putchar+0x40>
10003cf8:	683b      	ldr	r3, [r7, #0]
10003cfa:	2b00      	cmp	r3, #0
10003cfc:	d001      	beq.n	10003d02 <__wrap_putchar+0x56>
10003cfe:	429c      	cmp	r4, r3
10003d00:	d1f4      	bne.n	10003cec <__wrap_putchar+0x40>
10003d02:	0020      	movs	r0, r4
10003d04:	2201      	movs	r2, #1
10003d06:	0029      	movs	r1, r5
10003d08:	f7ff feac 	bl	10003a64 <stdio_out_chars_crlf>
10003d0c:	6924      	ldr	r4, [r4, #16]
10003d0e:	2c00      	cmp	r4, #0
10003d10:	d1ef      	bne.n	10003cf2 <__wrap_putchar+0x46>
10003d12:	464b      	mov	r3, r9
10003d14:	2b00      	cmp	r3, #0
10003d16:	d105      	bne.n	10003d24 <__wrap_putchar+0x78>
10003d18:	0030      	movs	r0, r6
10003d1a:	b003      	add	sp, #12
10003d1c:	bcc0      	pop	{r6, r7}
10003d1e:	46b9      	mov	r9, r7
10003d20:	46b0      	mov	r8, r6
10003d22:	bdf0      	pop	{r4, r5, r6, r7, pc}
10003d24:	4640      	mov	r0, r8
10003d26:	f005 fe47 	bl	100099b8 <__mutex_exit_veneer>
10003d2a:	e7f5      	b.n	10003d18 <__wrap_putchar+0x6c>
10003d2c:	000f4240 	.word	0x000f4240
10003d30:	7fffffff 	.word	0x7fffffff
10003d34:	200010b0 	.word	0x200010b0
10003d38:	20001b90 	.word	0x20001b90
10003d3c:	20001b98 	.word	0x20001b98

10003d40 <__wrap_puts>:
10003d40:	b570      	push	{r4, r5, r6, lr}
10003d42:	0004      	movs	r4, r0
10003d44:	f005 fe00 	bl	10009948 <strlen>
10003d48:	2301      	movs	r3, #1
10003d4a:	0001      	movs	r1, r0
10003d4c:	0005      	movs	r5, r0
10003d4e:	2201      	movs	r2, #1
10003d50:	0020      	movs	r0, r4
10003d52:	f7ff ff11 	bl	10003b78 <stdio_put_string>
10003d56:	4b08      	ldr	r3, [pc, #32]	@ (10003d78 <__wrap_puts+0x38>)
10003d58:	681c      	ldr	r4, [r3, #0]
10003d5a:	2c00      	cmp	r4, #0
10003d5c:	d006      	beq.n	10003d6c <__wrap_puts+0x2c>
10003d5e:	6863      	ldr	r3, [r4, #4]
10003d60:	2b00      	cmp	r3, #0
10003d62:	d005      	beq.n	10003d70 <__wrap_puts+0x30>
10003d64:	4798      	blx	r3
10003d66:	6924      	ldr	r4, [r4, #16]
10003d68:	2c00      	cmp	r4, #0
10003d6a:	d1f8      	bne.n	10003d5e <__wrap_puts+0x1e>
10003d6c:	0028      	movs	r0, r5
10003d6e:	bd70      	pop	{r4, r5, r6, pc}
10003d70:	6924      	ldr	r4, [r4, #16]
10003d72:	2c00      	cmp	r4, #0
10003d74:	d1f3      	bne.n	10003d5e <__wrap_puts+0x1e>
10003d76:	e7f9      	b.n	10003d6c <__wrap_puts+0x2c>
10003d78:	20001b90 	.word	0x20001b90

10003d7c <__wrap_vprintf>:
10003d7c:	b5f0      	push	{r4, r5, r6, r7, lr}
10003d7e:	46ce      	mov	lr, r9
10003d80:	4647      	mov	r7, r8
10003d82:	b580      	push	{r7, lr}
10003d84:	b0a3      	sub	sp, #140	@ 0x8c
10003d86:	0004      	movs	r4, r0
10003d88:	000d      	movs	r5, r1
10003d8a:	f7fd fa7d 	bl	10001288 <time_us_64>
10003d8e:	2300      	movs	r3, #0
10003d90:	4a27      	ldr	r2, [pc, #156]	@ (10003e30 <__wrap_vprintf+0xb4>)
10003d92:	1812      	adds	r2, r2, r0
10003d94:	414b      	adcs	r3, r1
10003d96:	2b00      	cmp	r3, #0
10003d98:	da02      	bge.n	10003da0 <__wrap_vprintf+0x24>
10003d9a:	2201      	movs	r2, #1
10003d9c:	4b25      	ldr	r3, [pc, #148]	@ (10003e34 <__wrap_vprintf+0xb8>)
10003d9e:	4252      	negs	r2, r2
10003da0:	4e25      	ldr	r6, [pc, #148]	@ (10003e38 <__wrap_vprintf+0xbc>)
10003da2:	0030      	movs	r0, r6
10003da4:	f005 fe40 	bl	10009a28 <__mutex_try_enter_block_until_veneer>
10003da8:	2300      	movs	r3, #0
10003daa:	0022      	movs	r2, r4
10003dac:	9301      	str	r3, [sp, #4]
10003dae:	0007      	movs	r7, r0
10003db0:	002b      	movs	r3, r5
10003db2:	4822      	ldr	r0, [pc, #136]	@ (10003e3c <__wrap_vprintf+0xc0>)
10003db4:	a901      	add	r1, sp, #4
10003db6:	f7ff fe03 	bl	100039c0 <vfctprintf>
10003dba:	4b21      	ldr	r3, [pc, #132]	@ (10003e40 <__wrap_vprintf+0xc4>)
10003dbc:	4680      	mov	r8, r0
10003dbe:	4699      	mov	r9, r3
10003dc0:	681c      	ldr	r4, [r3, #0]
10003dc2:	9b01      	ldr	r3, [sp, #4]
10003dc4:	2b00      	cmp	r3, #0
10003dc6:	d01a      	beq.n	10003dfe <__wrap_vprintf+0x82>
10003dc8:	2c00      	cmp	r4, #0
10003dca:	d02f      	beq.n	10003e2c <__wrap_vprintf+0xb0>
10003dcc:	4d1d      	ldr	r5, [pc, #116]	@ (10003e44 <__wrap_vprintf+0xc8>)
10003dce:	e002      	b.n	10003dd6 <__wrap_vprintf+0x5a>
10003dd0:	6924      	ldr	r4, [r4, #16]
10003dd2:	2c00      	cmp	r4, #0
10003dd4:	d00f      	beq.n	10003df6 <__wrap_vprintf+0x7a>
10003dd6:	6823      	ldr	r3, [r4, #0]
10003dd8:	2b00      	cmp	r3, #0
10003dda:	d0f9      	beq.n	10003dd0 <__wrap_vprintf+0x54>
10003ddc:	682b      	ldr	r3, [r5, #0]
10003dde:	2b00      	cmp	r3, #0
10003de0:	d001      	beq.n	10003de6 <__wrap_vprintf+0x6a>
10003de2:	42a3      	cmp	r3, r4
10003de4:	d1f4      	bne.n	10003dd0 <__wrap_vprintf+0x54>
10003de6:	0020      	movs	r0, r4
10003de8:	9a01      	ldr	r2, [sp, #4]
10003dea:	a902      	add	r1, sp, #8
10003dec:	f7ff fe3a 	bl	10003a64 <stdio_out_chars_crlf>
10003df0:	6924      	ldr	r4, [r4, #16]
10003df2:	2c00      	cmp	r4, #0
10003df4:	d1ef      	bne.n	10003dd6 <__wrap_vprintf+0x5a>
10003df6:	464b      	mov	r3, r9
10003df8:	681c      	ldr	r4, [r3, #0]
10003dfa:	2300      	movs	r3, #0
10003dfc:	9301      	str	r3, [sp, #4]
10003dfe:	2c00      	cmp	r4, #0
10003e00:	d006      	beq.n	10003e10 <__wrap_vprintf+0x94>
10003e02:	6863      	ldr	r3, [r4, #4]
10003e04:	2b00      	cmp	r3, #0
10003e06:	d00b      	beq.n	10003e20 <__wrap_vprintf+0xa4>
10003e08:	4798      	blx	r3
10003e0a:	6924      	ldr	r4, [r4, #16]
10003e0c:	2c00      	cmp	r4, #0
10003e0e:	d1f8      	bne.n	10003e02 <__wrap_vprintf+0x86>
10003e10:	2f00      	cmp	r7, #0
10003e12:	d107      	bne.n	10003e24 <__wrap_vprintf+0xa8>
10003e14:	4640      	mov	r0, r8
10003e16:	b023      	add	sp, #140	@ 0x8c
10003e18:	bcc0      	pop	{r6, r7}
10003e1a:	46b9      	mov	r9, r7
10003e1c:	46b0      	mov	r8, r6
10003e1e:	bdf0      	pop	{r4, r5, r6, r7, pc}
10003e20:	6924      	ldr	r4, [r4, #16]
10003e22:	e7ec      	b.n	10003dfe <__wrap_vprintf+0x82>
10003e24:	0030      	movs	r0, r6
10003e26:	f005 fdc7 	bl	100099b8 <__mutex_exit_veneer>
10003e2a:	e7f3      	b.n	10003e14 <__wrap_vprintf+0x98>
10003e2c:	9401      	str	r4, [sp, #4]
10003e2e:	e7ef      	b.n	10003e10 <__wrap_vprintf+0x94>
10003e30:	000f4240 	.word	0x000f4240
10003e34:	7fffffff 	.word	0x7fffffff
10003e38:	200010b0 	.word	0x200010b0
10003e3c:	10003b15 	.word	0x10003b15
10003e40:	20001b90 	.word	0x20001b90
10003e44:	20001b98 	.word	0x20001b98

10003e48 <__wrap_printf>:
10003e48:	b40f      	push	{r0, r1, r2, r3}
10003e4a:	b500      	push	{lr}
10003e4c:	b083      	sub	sp, #12
10003e4e:	a904      	add	r1, sp, #16
10003e50:	c901      	ldmia	r1!, {r0}
10003e52:	9101      	str	r1, [sp, #4]
10003e54:	f7ff ff92 	bl	10003d7c <__wrap_vprintf>
10003e58:	b003      	add	sp, #12
10003e5a:	bc08      	pop	{r3}
10003e5c:	b004      	add	sp, #16
10003e5e:	4718      	bx	r3

10003e60 <resetd_init>:
10003e60:	4770      	bx	lr
10003e62:	46c0      	nop			@ (mov r8, r8)

10003e64 <resetd_reset>:
10003e64:	2200      	movs	r2, #0
10003e66:	4b01      	ldr	r3, [pc, #4]	@ (10003e6c <resetd_reset+0x8>)
10003e68:	701a      	strb	r2, [r3, #0]
10003e6a:	4770      	bx	lr
10003e6c:	20022495 	.word	0x20022495

10003e70 <resetd_open>:
10003e70:	794b      	ldrb	r3, [r1, #5]
10003e72:	2000      	movs	r0, #0
10003e74:	2bff      	cmp	r3, #255	@ 0xff
10003e76:	d10b      	bne.n	10003e90 <resetd_open+0x20>
10003e78:	798b      	ldrb	r3, [r1, #6]
10003e7a:	2b00      	cmp	r3, #0
10003e7c:	d108      	bne.n	10003e90 <resetd_open+0x20>
10003e7e:	79cb      	ldrb	r3, [r1, #7]
10003e80:	2b01      	cmp	r3, #1
10003e82:	d105      	bne.n	10003e90 <resetd_open+0x20>
10003e84:	2a08      	cmp	r2, #8
10003e86:	d903      	bls.n	10003e90 <resetd_open+0x20>
10003e88:	4b02      	ldr	r3, [pc, #8]	@ (10003e94 <resetd_open+0x24>)
10003e8a:	788a      	ldrb	r2, [r1, #2]
10003e8c:	3009      	adds	r0, #9
10003e8e:	701a      	strb	r2, [r3, #0]
10003e90:	4770      	bx	lr
10003e92:	46c0      	nop			@ (mov r8, r8)
10003e94:	20022495 	.word	0x20022495

10003e98 <resetd_xfer_cb>:
10003e98:	2001      	movs	r0, #1
10003e9a:	4770      	bx	lr

10003e9c <resetd_control_xfer_cb>:
10003e9c:	b510      	push	{r4, lr}
10003e9e:	2901      	cmp	r1, #1
10003ea0:	d113      	bne.n	10003eca <resetd_control_xfer_cb+0x2e>
10003ea2:	4912      	ldr	r1, [pc, #72]	@ (10003eec <resetd_control_xfer_cb+0x50>)
10003ea4:	7953      	ldrb	r3, [r2, #5]
10003ea6:	7910      	ldrb	r0, [r2, #4]
10003ea8:	7809      	ldrb	r1, [r1, #0]
10003eaa:	021b      	lsls	r3, r3, #8
10003eac:	4303      	orrs	r3, r0
10003eae:	2000      	movs	r0, #0
10003eb0:	4299      	cmp	r1, r3
10003eb2:	d000      	beq.n	10003eb6 <resetd_control_xfer_cb+0x1a>
10003eb4:	bd10      	pop	{r4, pc}
10003eb6:	7853      	ldrb	r3, [r2, #1]
10003eb8:	2b01      	cmp	r3, #1
10003eba:	d008      	beq.n	10003ece <resetd_control_xfer_cb+0x32>
10003ebc:	2b02      	cmp	r3, #2
10003ebe:	d1f9      	bne.n	10003eb4 <resetd_control_xfer_cb+0x18>
10003ec0:	2264      	movs	r2, #100	@ 0x64
10003ec2:	2100      	movs	r1, #0
10003ec4:	2000      	movs	r0, #0
10003ec6:	f7fd fb3f 	bl	10001548 <watchdog_reboot>
10003eca:	2001      	movs	r0, #1
10003ecc:	e7f2      	b.n	10003eb4 <resetd_control_xfer_cb+0x18>
10003ece:	78d3      	ldrb	r3, [r2, #3]
10003ed0:	7891      	ldrb	r1, [r2, #2]
10003ed2:	021b      	lsls	r3, r3, #8
10003ed4:	4319      	orrs	r1, r3
10003ed6:	0a48      	lsrs	r0, r1, #9
10003ed8:	05db      	lsls	r3, r3, #23
10003eda:	d401      	bmi.n	10003ee0 <resetd_control_xfer_cb+0x44>
10003edc:	2001      	movs	r0, #1
10003ede:	4240      	negs	r0, r0
10003ee0:	237f      	movs	r3, #127	@ 0x7f
10003ee2:	058a      	lsls	r2, r1, #22
10003ee4:	0fd2      	lsrs	r2, r2, #31
10003ee6:	4019      	ands	r1, r3
10003ee8:	f7fd fbc4 	bl	10001674 <rom_reset_usb_boot_extra>
10003eec:	20022495 	.word	0x20022495

10003ef0 <tud_descriptor_bos_cb>:
10003ef0:	4800      	ldr	r0, [pc, #0]	@ (10003ef4 <tud_descriptor_bos_cb+0x4>)
10003ef2:	4770      	bx	lr
10003ef4:	10009fd4 	.word	0x10009fd4

10003ef8 <tud_vendor_control_xfer_cb>:
10003ef8:	b570      	push	{r4, r5, r6, lr}
10003efa:	0005      	movs	r5, r0
10003efc:	0014      	movs	r4, r2
10003efe:	2001      	movs	r0, #1
10003f00:	2901      	cmp	r1, #1
10003f02:	d109      	bne.n	10003f18 <tud_vendor_control_xfer_cb+0x20>
10003f04:	7853      	ldrb	r3, [r2, #1]
10003f06:	2000      	movs	r0, #0
10003f08:	2b01      	cmp	r3, #1
10003f0a:	d105      	bne.n	10003f18 <tud_vendor_control_xfer_cb+0x20>
10003f0c:	7963      	ldrb	r3, [r4, #5]
10003f0e:	7912      	ldrb	r2, [r2, #4]
10003f10:	021b      	lsls	r3, r3, #8
10003f12:	4313      	orrs	r3, r2
10003f14:	2b07      	cmp	r3, #7
10003f16:	d000      	beq.n	10003f1a <tud_vendor_control_xfer_cb+0x22>
10003f18:	bd70      	pop	{r4, r5, r6, pc}
10003f1a:	0021      	movs	r1, r4
10003f1c:	0028      	movs	r0, r5
10003f1e:	4a02      	ldr	r2, [pc, #8]	@ (10003f28 <tud_vendor_control_xfer_cb+0x30>)
10003f20:	339f      	adds	r3, #159	@ 0x9f
10003f22:	f001 fa55 	bl	100053d0 <tud_control_xfer>
10003f26:	e7f7      	b.n	10003f18 <tud_vendor_control_xfer_cb+0x20>
10003f28:	10009f2c 	.word	0x10009f2c

10003f2c <usbd_app_driver_get_cb>:
10003f2c:	2301      	movs	r3, #1
10003f2e:	7003      	strb	r3, [r0, #0]
10003f30:	4800      	ldr	r0, [pc, #0]	@ (10003f34 <usbd_app_driver_get_cb+0x8>)
10003f32:	4770      	bx	lr
10003f34:	10009f0c 	.word	0x10009f0c

10003f38 <tud_cdc_line_coding_cb>:
10003f38:	784b      	ldrb	r3, [r1, #1]
10003f3a:	780a      	ldrb	r2, [r1, #0]
10003f3c:	021b      	lsls	r3, r3, #8
10003f3e:	4313      	orrs	r3, r2
10003f40:	788a      	ldrb	r2, [r1, #2]
10003f42:	b510      	push	{r4, lr}
10003f44:	0412      	lsls	r2, r2, #16
10003f46:	431a      	orrs	r2, r3
10003f48:	78cb      	ldrb	r3, [r1, #3]
10003f4a:	061b      	lsls	r3, r3, #24
10003f4c:	4313      	orrs	r3, r2
10003f4e:	2296      	movs	r2, #150	@ 0x96
10003f50:	00d2      	lsls	r2, r2, #3
10003f52:	4293      	cmp	r3, r2
10003f54:	d000      	beq.n	10003f58 <tud_cdc_line_coding_cb+0x20>
10003f56:	bd10      	pop	{r4, pc}
10003f58:	2200      	movs	r2, #0
10003f5a:	2001      	movs	r0, #1
10003f5c:	0011      	movs	r1, r2
10003f5e:	4240      	negs	r0, r0
10003f60:	f7fd fb88 	bl	10001674 <rom_reset_usb_boot_extra>

10003f64 <stdio_usb_set_chars_available_callback>:
10003f64:	4b02      	ldr	r3, [pc, #8]	@ (10003f70 <stdio_usb_set_chars_available_callback+0xc>)
10003f66:	6018      	str	r0, [r3, #0]
10003f68:	4b02      	ldr	r3, [pc, #8]	@ (10003f74 <stdio_usb_set_chars_available_callback+0x10>)
10003f6a:	6019      	str	r1, [r3, #0]
10003f6c:	4770      	bx	lr
10003f6e:	46c0      	nop			@ (mov r8, r8)
10003f70:	20001b30 	.word	0x20001b30
10003f74:	20001b34 	.word	0x20001b34

10003f78 <usb_irq>:
10003f78:	b510      	push	{r4, lr}
10003f7a:	4b02      	ldr	r3, [pc, #8]	@ (10003f84 <usb_irq+0xc>)
10003f7c:	7818      	ldrb	r0, [r3, #0]
10003f7e:	f7fc fb59 	bl	10000634 <irq_set_pending>
10003f82:	bd10      	pop	{r4, pc}
10003f84:	20022496 	.word	0x20022496

10003f88 <timer_task>:
10003f88:	4b15      	ldr	r3, [pc, #84]	@ (10003fe0 <timer_task+0x58>)
10003f8a:	b570      	push	{r4, r5, r6, lr}
10003f8c:	681a      	ldr	r2, [r3, #0]
10003f8e:	2a00      	cmp	r2, #0
10003f90:	d022      	beq.n	10003fd8 <timer_task+0x50>
10003f92:	f3ef 8110 	mrs	r1, PRIMASK
10003f96:	b672      	cpsid	i
10003f98:	6810      	ldr	r0, [r2, #0]
10003f9a:	2800      	cmp	r0, #0
10003f9c:	d0fc      	beq.n	10003f98 <timer_task+0x10>
10003f9e:	f3bf 8f5f 	dmb	sy
10003fa2:	2000      	movs	r0, #0
10003fa4:	4a0f      	ldr	r2, [pc, #60]	@ (10003fe4 <timer_task+0x5c>)
10003fa6:	6059      	str	r1, [r3, #4]
10003fa8:	7010      	strb	r0, [r2, #0]
10003faa:	681b      	ldr	r3, [r3, #0]
10003fac:	f3bf 8f5f 	dmb	sy
10003fb0:	6018      	str	r0, [r3, #0]
10003fb2:	f381 8810 	msr	PRIMASK, r1
10003fb6:	2400      	movs	r4, #0
10003fb8:	2500      	movs	r5, #0
10003fba:	4e0b      	ldr	r6, [pc, #44]	@ (10003fe8 <timer_task+0x60>)
10003fbc:	7830      	ldrb	r0, [r6, #0]
10003fbe:	f7fc fb2d 	bl	1000061c <irq_is_enabled>
10003fc2:	2800      	cmp	r0, #0
10003fc4:	d104      	bne.n	10003fd0 <timer_task+0x48>
10003fc6:	2400      	movs	r4, #0
10003fc8:	2500      	movs	r5, #0
10003fca:	0029      	movs	r1, r5
10003fcc:	0020      	movs	r0, r4
10003fce:	bd70      	pop	{r4, r5, r6, pc}
10003fd0:	7830      	ldrb	r0, [r6, #0]
10003fd2:	f7fc fb2f 	bl	10000634 <irq_set_pending>
10003fd6:	e7f8      	b.n	10003fca <timer_task+0x42>
10003fd8:	24fa      	movs	r4, #250	@ 0xfa
10003fda:	2500      	movs	r5, #0
10003fdc:	00a4      	lsls	r4, r4, #2
10003fde:	e7ec      	b.n	10003fba <timer_task+0x32>
10003fe0:	20001fc0 	.word	0x20001fc0
10003fe4:	20022497 	.word	0x20022497
10003fe8:	20022496 	.word	0x20022496

10003fec <stdio_usb_in_chars>:
10003fec:	b570      	push	{r4, r5, r6, lr}
10003fee:	0004      	movs	r4, r0
10003ff0:	2000      	movs	r0, #0
10003ff2:	000e      	movs	r6, r1
10003ff4:	f001 fb0a 	bl	1000560c <tud_cdc_n_connected>
10003ff8:	2800      	cmp	r0, #0
10003ffa:	d034      	beq.n	10004066 <stdio_usb_in_chars+0x7a>
10003ffc:	2000      	movs	r0, #0
10003ffe:	f001 fb1b 	bl	10005638 <tud_cdc_n_available>
10004002:	2800      	cmp	r0, #0
10004004:	d02f      	beq.n	10004066 <stdio_usb_in_chars+0x7a>
10004006:	f7fd f93f 	bl	10001288 <time_us_64>
1000400a:	2300      	movs	r3, #0
1000400c:	4a17      	ldr	r2, [pc, #92]	@ (1000406c <stdio_usb_in_chars+0x80>)
1000400e:	1812      	adds	r2, r2, r0
10004010:	414b      	adcs	r3, r1
10004012:	2b00      	cmp	r3, #0
10004014:	db16      	blt.n	10004044 <stdio_usb_in_chars+0x58>
10004016:	4d16      	ldr	r5, [pc, #88]	@ (10004070 <stdio_usb_in_chars+0x84>)
10004018:	0028      	movs	r0, r5
1000401a:	f005 fd05 	bl	10009a28 <__mutex_try_enter_block_until_veneer>
1000401e:	2800      	cmp	r0, #0
10004020:	d021      	beq.n	10004066 <stdio_usb_in_chars+0x7a>
10004022:	2000      	movs	r0, #0
10004024:	f001 faf2 	bl	1000560c <tud_cdc_n_connected>
10004028:	2800      	cmp	r0, #0
1000402a:	d10f      	bne.n	1000404c <stdio_usb_in_chars+0x60>
1000402c:	2001      	movs	r0, #1
1000402e:	2100      	movs	r1, #0
10004030:	4240      	negs	r0, r0
10004032:	f000 fd01 	bl	10004a38 <tud_task_ext>
10004036:	2403      	movs	r4, #3
10004038:	4264      	negs	r4, r4
1000403a:	0028      	movs	r0, r5
1000403c:	f005 fcbc 	bl	100099b8 <__mutex_exit_veneer>
10004040:	0020      	movs	r0, r4
10004042:	bd70      	pop	{r4, r5, r6, pc}
10004044:	2201      	movs	r2, #1
10004046:	4b0b      	ldr	r3, [pc, #44]	@ (10004074 <stdio_usb_in_chars+0x88>)
10004048:	4252      	negs	r2, r2
1000404a:	e7e4      	b.n	10004016 <stdio_usb_in_chars+0x2a>
1000404c:	2000      	movs	r0, #0
1000404e:	f001 faf3 	bl	10005638 <tud_cdc_n_available>
10004052:	2800      	cmp	r0, #0
10004054:	d0ea      	beq.n	1000402c <stdio_usb_in_chars+0x40>
10004056:	0021      	movs	r1, r4
10004058:	0032      	movs	r2, r6
1000405a:	2000      	movs	r0, #0
1000405c:	f001 faf6 	bl	1000564c <tud_cdc_n_read>
10004060:	1e04      	subs	r4, r0, #0
10004062:	d1ea      	bne.n	1000403a <stdio_usb_in_chars+0x4e>
10004064:	e7e7      	b.n	10004036 <stdio_usb_in_chars+0x4a>
10004066:	2403      	movs	r4, #3
10004068:	4264      	negs	r4, r4
1000406a:	e7e9      	b.n	10004040 <stdio_usb_in_chars+0x54>
1000406c:	000f4240 	.word	0x000f4240
10004070:	20002388 	.word	0x20002388
10004074:	7fffffff 	.word	0x7fffffff

10004078 <stdio_usb_out_flush>:
10004078:	b510      	push	{r4, lr}
1000407a:	f7fd f905 	bl	10001288 <time_us_64>
1000407e:	2300      	movs	r3, #0
10004080:	4a0d      	ldr	r2, [pc, #52]	@ (100040b8 <stdio_usb_out_flush+0x40>)
10004082:	1812      	adds	r2, r2, r0
10004084:	414b      	adcs	r3, r1
10004086:	2b00      	cmp	r3, #0
10004088:	da02      	bge.n	10004090 <stdio_usb_out_flush+0x18>
1000408a:	2201      	movs	r2, #1
1000408c:	4b0b      	ldr	r3, [pc, #44]	@ (100040bc <stdio_usb_out_flush+0x44>)
1000408e:	4252      	negs	r2, r2
10004090:	4c0b      	ldr	r4, [pc, #44]	@ (100040c0 <stdio_usb_out_flush+0x48>)
10004092:	0020      	movs	r0, r4
10004094:	f005 fcc8 	bl	10009a28 <__mutex_try_enter_block_until_veneer>
10004098:	2800      	cmp	r0, #0
1000409a:	d00c      	beq.n	100040b6 <stdio_usb_out_flush+0x3e>
1000409c:	2001      	movs	r0, #1
1000409e:	2100      	movs	r1, #0
100040a0:	4240      	negs	r0, r0
100040a2:	f000 fcc9 	bl	10004a38 <tud_task_ext>
100040a6:	2000      	movs	r0, #0
100040a8:	f001 fb14 	bl	100056d4 <tud_cdc_n_write_flush>
100040ac:	2800      	cmp	r0, #0
100040ae:	d1f5      	bne.n	1000409c <stdio_usb_out_flush+0x24>
100040b0:	0020      	movs	r0, r4
100040b2:	f005 fc81 	bl	100099b8 <__mutex_exit_veneer>
100040b6:	bd10      	pop	{r4, pc}
100040b8:	000f4240 	.word	0x000f4240
100040bc:	7fffffff 	.word	0x7fffffff
100040c0:	20002388 	.word	0x20002388

100040c4 <stdio_usb_out_chars>:
100040c4:	b5f8      	push	{r3, r4, r5, r6, r7, lr}
100040c6:	46de      	mov	lr, fp
100040c8:	4657      	mov	r7, sl
100040ca:	b580      	push	{r7, lr}
100040cc:	0005      	movs	r5, r0
100040ce:	000c      	movs	r4, r1
100040d0:	f7fd f8da 	bl	10001288 <time_us_64>
100040d4:	2300      	movs	r3, #0
100040d6:	4a36      	ldr	r2, [pc, #216]	@ (100041b0 <stdio_usb_out_chars+0xec>)
100040d8:	1812      	adds	r2, r2, r0
100040da:	414b      	adcs	r3, r1
100040dc:	2b00      	cmp	r3, #0
100040de:	da02      	bge.n	100040e6 <stdio_usb_out_chars+0x22>
100040e0:	2201      	movs	r2, #1
100040e2:	4b34      	ldr	r3, [pc, #208]	@ (100041b4 <stdio_usb_out_chars+0xf0>)
100040e4:	4252      	negs	r2, r2
100040e6:	4934      	ldr	r1, [pc, #208]	@ (100041b8 <stdio_usb_out_chars+0xf4>)
100040e8:	0008      	movs	r0, r1
100040ea:	468a      	mov	sl, r1
100040ec:	f005 fc9c 	bl	10009a28 <__mutex_try_enter_block_until_veneer>
100040f0:	2800      	cmp	r0, #0
100040f2:	d103      	bne.n	100040fc <stdio_usb_out_chars+0x38>
100040f4:	bcc0      	pop	{r6, r7}
100040f6:	46bb      	mov	fp, r7
100040f8:	46b2      	mov	sl, r6
100040fa:	bdf8      	pop	{r3, r4, r5, r6, r7, pc}
100040fc:	2000      	movs	r0, #0
100040fe:	f001 fa85 	bl	1000560c <tud_cdc_n_connected>
10004102:	2800      	cmp	r0, #0
10004104:	d04a      	beq.n	1000419c <stdio_usb_out_chars+0xd8>
10004106:	2600      	movs	r6, #0
10004108:	2c00      	cmp	r4, #0
1000410a:	dd43      	ble.n	10004194 <stdio_usb_out_chars+0xd0>
1000410c:	4b2b      	ldr	r3, [pc, #172]	@ (100041bc <stdio_usb_out_chars+0xf8>)
1000410e:	469b      	mov	fp, r3
10004110:	e014      	b.n	1000413c <stdio_usb_out_chars+0x78>
10004112:	19a9      	adds	r1, r5, r6
10004114:	2000      	movs	r0, #0
10004116:	f001 fb17 	bl	10005748 <tud_cdc_n_write>
1000411a:	0007      	movs	r7, r0
1000411c:	2001      	movs	r0, #1
1000411e:	2100      	movs	r1, #0
10004120:	4240      	negs	r0, r0
10004122:	f000 fc89 	bl	10004a38 <tud_task_ext>
10004126:	2000      	movs	r0, #0
10004128:	f001 fad4 	bl	100056d4 <tud_cdc_n_write_flush>
1000412c:	f7fd f8ac 	bl	10001288 <time_us_64>
10004130:	4b22      	ldr	r3, [pc, #136]	@ (100041bc <stdio_usb_out_chars+0xf8>)
10004132:	19f6      	adds	r6, r6, r7
10004134:	6018      	str	r0, [r3, #0]
10004136:	6059      	str	r1, [r3, #4]
10004138:	42b4      	cmp	r4, r6
1000413a:	dd2b      	ble.n	10004194 <stdio_usb_out_chars+0xd0>
1000413c:	2000      	movs	r0, #0
1000413e:	f001 fb23 	bl	10005788 <tud_cdc_n_write_available>
10004142:	1ba7      	subs	r7, r4, r6
10004144:	0002      	movs	r2, r0
10004146:	42b8      	cmp	r0, r7
10004148:	dd00      	ble.n	1000414c <stdio_usb_out_chars+0x88>
1000414a:	003a      	movs	r2, r7
1000414c:	2a00      	cmp	r2, #0
1000414e:	d1e0      	bne.n	10004112 <stdio_usb_out_chars+0x4e>
10004150:	2001      	movs	r0, #1
10004152:	2100      	movs	r1, #0
10004154:	4240      	negs	r0, r0
10004156:	f000 fc6f 	bl	10004a38 <tud_task_ext>
1000415a:	2000      	movs	r0, #0
1000415c:	f001 faba 	bl	100056d4 <tud_cdc_n_write_flush>
10004160:	2000      	movs	r0, #0
10004162:	f001 fa53 	bl	1000560c <tud_cdc_n_connected>
10004166:	2800      	cmp	r0, #0
10004168:	d014      	beq.n	10004194 <stdio_usb_out_chars+0xd0>
1000416a:	2000      	movs	r0, #0
1000416c:	f001 fb0c 	bl	10005788 <tud_cdc_n_write_available>
10004170:	2800      	cmp	r0, #0
10004172:	d1e1      	bne.n	10004138 <stdio_usb_out_chars+0x74>
10004174:	f7fd f888 	bl	10001288 <time_us_64>
10004178:	465b      	mov	r3, fp
1000417a:	000f      	movs	r7, r1
1000417c:	681a      	ldr	r2, [r3, #0]
1000417e:	685b      	ldr	r3, [r3, #4]
10004180:	2100      	movs	r1, #0
10004182:	4684      	mov	ip, r0
10004184:	480e      	ldr	r0, [pc, #56]	@ (100041c0 <stdio_usb_out_chars+0xfc>)
10004186:	1812      	adds	r2, r2, r0
10004188:	414b      	adcs	r3, r1
1000418a:	429f      	cmp	r7, r3
1000418c:	d802      	bhi.n	10004194 <stdio_usb_out_chars+0xd0>
1000418e:	d1d3      	bne.n	10004138 <stdio_usb_out_chars+0x74>
10004190:	4594      	cmp	ip, r2
10004192:	d9d1      	bls.n	10004138 <stdio_usb_out_chars+0x74>
10004194:	4650      	mov	r0, sl
10004196:	f005 fc0f 	bl	100099b8 <__mutex_exit_veneer>
1000419a:	e7ab      	b.n	100040f4 <stdio_usb_out_chars+0x30>
1000419c:	2000      	movs	r0, #0
1000419e:	2100      	movs	r1, #0
100041a0:	4b06      	ldr	r3, [pc, #24]	@ (100041bc <stdio_usb_out_chars+0xf8>)
100041a2:	6018      	str	r0, [r3, #0]
100041a4:	6059      	str	r1, [r3, #4]
100041a6:	4650      	mov	r0, sl
100041a8:	f005 fc06 	bl	100099b8 <__mutex_exit_veneer>
100041ac:	e7a2      	b.n	100040f4 <stdio_usb_out_chars+0x30>
100041ae:	46c0      	nop			@ (mov r8, r8)
100041b0:	000f4240 	.word	0x000f4240
100041b4:	7fffffff 	.word	0x7fffffff
100041b8:	20002388 	.word	0x20002388
100041bc:	20001238 	.word	0x20001238
100041c0:	0007a120 	.word	0x0007a120

100041c4 <low_priority_worker_irq>:
100041c4:	b530      	push	{r4, r5, lr}
100041c6:	4c2a      	ldr	r4, [pc, #168]	@ (10004270 <low_priority_worker_irq+0xac>)
100041c8:	b085      	sub	sp, #20
100041ca:	2100      	movs	r1, #0
100041cc:	0020      	movs	r0, r4
100041ce:	f005 fc1b 	bl	10009a08 <__mutex_try_enter_veneer>
100041d2:	2800      	cmp	r0, #0
100041d4:	d11c      	bne.n	10004210 <low_priority_worker_irq+0x4c>
100041d6:	4b27      	ldr	r3, [pc, #156]	@ (10004274 <low_priority_worker_irq+0xb0>)
100041d8:	681a      	ldr	r2, [r3, #0]
100041da:	2a00      	cmp	r2, #0
100041dc:	d016      	beq.n	1000420c <low_priority_worker_irq+0x48>
100041de:	f3ef 8110 	mrs	r1, PRIMASK
100041e2:	b672      	cpsid	i
100041e4:	6810      	ldr	r0, [r2, #0]
100041e6:	2800      	cmp	r0, #0
100041e8:	d0fc      	beq.n	100041e4 <low_priority_worker_irq+0x20>
100041ea:	f3bf 8f5f 	dmb	sy
100041ee:	2401      	movs	r4, #1
100041f0:	4821      	ldr	r0, [pc, #132]	@ (10004278 <low_priority_worker_irq+0xb4>)
100041f2:	6059      	str	r1, [r3, #4]
100041f4:	7802      	ldrb	r2, [r0, #0]
100041f6:	681b      	ldr	r3, [r3, #0]
100041f8:	b2d2      	uxtb	r2, r2
100041fa:	7004      	strb	r4, [r0, #0]
100041fc:	f3bf 8f5f 	dmb	sy
10004200:	2000      	movs	r0, #0
10004202:	6018      	str	r0, [r3, #0]
10004204:	f381 8810 	msr	PRIMASK, r1
10004208:	2a00      	cmp	r2, #0
1000420a:	d017      	beq.n	1000423c <low_priority_worker_irq+0x78>
1000420c:	b005      	add	sp, #20
1000420e:	bd30      	pop	{r4, r5, pc}
10004210:	2001      	movs	r0, #1
10004212:	2100      	movs	r1, #0
10004214:	4240      	negs	r0, r0
10004216:	f000 fc0f 	bl	10004a38 <tud_task_ext>
1000421a:	2000      	movs	r0, #0
1000421c:	f001 fa0c 	bl	10005638 <tud_cdc_n_available>
10004220:	0005      	movs	r5, r0
10004222:	0020      	movs	r0, r4
10004224:	f005 fbc8 	bl	100099b8 <__mutex_exit_veneer>
10004228:	2d00      	cmp	r5, #0
1000422a:	d0ef      	beq.n	1000420c <low_priority_worker_irq+0x48>
1000422c:	4b13      	ldr	r3, [pc, #76]	@ (1000427c <low_priority_worker_irq+0xb8>)
1000422e:	681b      	ldr	r3, [r3, #0]
10004230:	2b00      	cmp	r3, #0
10004232:	d0eb      	beq.n	1000420c <low_priority_worker_irq+0x48>
10004234:	4a12      	ldr	r2, [pc, #72]	@ (10004280 <low_priority_worker_irq+0xbc>)
10004236:	6810      	ldr	r0, [r2, #0]
10004238:	4798      	blx	r3
1000423a:	e7e7      	b.n	1000420c <low_priority_worker_irq+0x48>
1000423c:	f7fc fe10 	bl	10000e60 <alarm_pool_get_default>
10004240:	0004      	movs	r4, r0
10004242:	f7fd f821 	bl	10001288 <time_us_64>
10004246:	22fa      	movs	r2, #250	@ 0xfa
10004248:	2300      	movs	r3, #0
1000424a:	0092      	lsls	r2, r2, #2
1000424c:	1812      	adds	r2, r2, r0
1000424e:	414b      	adcs	r3, r1
10004250:	2b00      	cmp	r3, #0
10004252:	da02      	bge.n	1000425a <low_priority_worker_irq+0x96>
10004254:	2201      	movs	r2, #1
10004256:	4b0b      	ldr	r3, [pc, #44]	@ (10004284 <low_priority_worker_irq+0xc0>)
10004258:	4252      	negs	r2, r2
1000425a:	2101      	movs	r1, #1
1000425c:	9102      	str	r1, [sp, #8]
1000425e:	2100      	movs	r1, #0
10004260:	9101      	str	r1, [sp, #4]
10004262:	4909      	ldr	r1, [pc, #36]	@ (10004288 <low_priority_worker_irq+0xc4>)
10004264:	0020      	movs	r0, r4
10004266:	9100      	str	r1, [sp, #0]
10004268:	f7fc fdfe 	bl	10000e68 <alarm_pool_add_alarm_at>
1000426c:	e7ce      	b.n	1000420c <low_priority_worker_irq+0x48>
1000426e:	46c0      	nop			@ (mov r8, r8)
10004270:	20002388 	.word	0x20002388
10004274:	20001fc0 	.word	0x20001fc0
10004278:	20022497 	.word	0x20022497
1000427c:	20001b30 	.word	0x20001b30
10004280:	20001b34 	.word	0x20001b34
10004284:	7fffffff 	.word	0x7fffffff
10004288:	10003f89 	.word	0x10003f89

1000428c <stdio_usb_init>:
1000428c:	23d0      	movs	r3, #208	@ 0xd0
1000428e:	b510      	push	{r4, lr}
10004290:	061b      	lsls	r3, r3, #24
10004292:	b084      	sub	sp, #16
10004294:	681c      	ldr	r4, [r3, #0]
10004296:	f7fc fde3 	bl	10000e60 <alarm_pool_get_default>
1000429a:	f7fc fedf 	bl	1000105c <alarm_pool_core_num>
1000429e:	42a0      	cmp	r0, r4
100042a0:	d002      	beq.n	100042a8 <stdio_usb_init+0x1c>
100042a2:	2000      	movs	r0, #0
100042a4:	b004      	add	sp, #16
100042a6:	bd10      	pop	{r4, pc}
100042a8:	4b29      	ldr	r3, [pc, #164]	@ (10004350 <stdio_usb_init+0xc4>)
100042aa:	2100      	movs	r1, #0
100042ac:	2000      	movs	r0, #0
100042ae:	781b      	ldrb	r3, [r3, #0]
100042b0:	f001 fd5e 	bl	10005d70 <tusb_rhport_init>
100042b4:	4827      	ldr	r0, [pc, #156]	@ (10004354 <stdio_usb_init+0xc8>)
100042b6:	6803      	ldr	r3, [r0, #0]
100042b8:	2b00      	cmp	r3, #0
100042ba:	d045      	beq.n	10004348 <stdio_usb_init+0xbc>
100042bc:	2001      	movs	r0, #1
100042be:	f7fc fb65 	bl	1000098c <user_irq_claim_unused>
100042c2:	23ff      	movs	r3, #255	@ 0xff
100042c4:	4c24      	ldr	r4, [pc, #144]	@ (10004358 <stdio_usb_init+0xcc>)
100042c6:	4925      	ldr	r1, [pc, #148]	@ (1000435c <stdio_usb_init+0xd0>)
100042c8:	7020      	strb	r0, [r4, #0]
100042ca:	4018      	ands	r0, r3
100042cc:	f7fc f9cc 	bl	10000668 <irq_set_exclusive_handler>
100042d0:	7820      	ldrb	r0, [r4, #0]
100042d2:	2101      	movs	r1, #1
100042d4:	f7fc f990 	bl	100005f8 <irq_set_enabled>
100042d8:	2005      	movs	r0, #5
100042da:	f7fc f9b3 	bl	10000644 <irq_has_shared_handler>
100042de:	2800      	cmp	r0, #0
100042e0:	d124      	bne.n	1000432c <stdio_usb_init+0xa0>
100042e2:	2208      	movs	r2, #8
100042e4:	2100      	movs	r1, #0
100042e6:	481e      	ldr	r0, [pc, #120]	@ (10004360 <stdio_usb_init+0xd4>)
100042e8:	f7fd ff0e 	bl	10002108 <__wrap_memset>
100042ec:	f7fc fdb8 	bl	10000e60 <alarm_pool_get_default>
100042f0:	0004      	movs	r4, r0
100042f2:	f7fc ffc9 	bl	10001288 <time_us_64>
100042f6:	22fa      	movs	r2, #250	@ 0xfa
100042f8:	2300      	movs	r3, #0
100042fa:	0092      	lsls	r2, r2, #2
100042fc:	1812      	adds	r2, r2, r0
100042fe:	414b      	adcs	r3, r1
10004300:	2b00      	cmp	r3, #0
10004302:	da02      	bge.n	1000430a <stdio_usb_init+0x7e>
10004304:	2201      	movs	r2, #1
10004306:	4b17      	ldr	r3, [pc, #92]	@ (10004364 <stdio_usb_init+0xd8>)
10004308:	4252      	negs	r2, r2
1000430a:	2101      	movs	r1, #1
1000430c:	9102      	str	r1, [sp, #8]
1000430e:	2100      	movs	r1, #0
10004310:	9101      	str	r1, [sp, #4]
10004312:	4915      	ldr	r1, [pc, #84]	@ (10004368 <stdio_usb_init+0xdc>)
10004314:	0020      	movs	r0, r4
10004316:	9100      	str	r1, [sp, #0]
10004318:	f7fc fda6 	bl	10000e68 <alarm_pool_add_alarm_at>
1000431c:	2800      	cmp	r0, #0
1000431e:	dbc0      	blt.n	100042a2 <stdio_usb_init+0x16>
10004320:	4812      	ldr	r0, [pc, #72]	@ (1000436c <stdio_usb_init+0xe0>)
10004322:	2101      	movs	r1, #1
10004324:	f7ff fca6 	bl	10003c74 <stdio_set_driver_enabled>
10004328:	2001      	movs	r0, #1
1000432a:	e7bb      	b.n	100042a4 <stdio_usb_init+0x18>
1000432c:	2001      	movs	r0, #1
1000432e:	f7fc f931 	bl	10000594 <spin_lock_claim_unused>
10004332:	4b0b      	ldr	r3, [pc, #44]	@ (10004360 <stdio_usb_init+0xd4>)
10004334:	0001      	movs	r1, r0
10004336:	0018      	movs	r0, r3
10004338:	f7fc fb8c 	bl	10000a54 <critical_section_init_with_lock_num>
1000433c:	2200      	movs	r2, #0
1000433e:	2005      	movs	r0, #5
10004340:	490b      	ldr	r1, [pc, #44]	@ (10004370 <stdio_usb_init+0xe4>)
10004342:	f7fc f9bb 	bl	100006bc <irq_add_shared_handler>
10004346:	e7eb      	b.n	10004320 <stdio_usb_init+0x94>
10004348:	f7fc fb68 	bl	10000a1c <mutex_init>
1000434c:	e7b6      	b.n	100042bc <stdio_usb_init+0x30>
1000434e:	46c0      	nop			@ (mov r8, r8)
10004350:	1000a420 	.word	0x1000a420
10004354:	20002388 	.word	0x20002388
10004358:	20022496 	.word	0x20022496
1000435c:	100041c5 	.word	0x100041c5
10004360:	20001fc0 	.word	0x20001fc0
10004364:	7fffffff 	.word	0x7fffffff
10004368:	10003f89 	.word	0x10003f89
1000436c:	20001070 	.word	0x20001070
10004370:	10003f79 	.word	0x10003f79

10004374 <tud_descriptor_device_cb>:
10004374:	4800      	ldr	r0, [pc, #0]	@ (10004378 <tud_descriptor_device_cb+0x4>)
10004376:	4770      	bx	lr
10004378:	1000a070 	.word	0x1000a070

1000437c <tud_descriptor_configuration_cb>:
1000437c:	4800      	ldr	r0, [pc, #0]	@ (10004380 <tud_descriptor_configuration_cb+0x4>)
1000437e:	4770      	bx	lr
10004380:	1000a01c 	.word	0x1000a01c

10004384 <tud_descriptor_string_cb>:
10004384:	b510      	push	{r4, lr}
10004386:	0004      	movs	r4, r0
10004388:	4817      	ldr	r0, [pc, #92]	@ (100043e8 <tud_descriptor_string_cb+0x64>)
1000438a:	7803      	ldrb	r3, [r0, #0]
1000438c:	2b00      	cmp	r3, #0
1000438e:	d020      	beq.n	100043d2 <tud_descriptor_string_cb+0x4e>
10004390:	2c00      	cmp	r4, #0
10004392:	d106      	bne.n	100043a2 <tud_descriptor_string_cb+0x1e>
10004394:	4b15      	ldr	r3, [pc, #84]	@ (100043ec <tud_descriptor_string_cb+0x68>)
10004396:	4816      	ldr	r0, [pc, #88]	@ (100043f0 <tud_descriptor_string_cb+0x6c>)
10004398:	8043      	strh	r3, [r0, #2]
1000439a:	3b06      	subs	r3, #6
1000439c:	3bff      	subs	r3, #255	@ 0xff
1000439e:	8003      	strh	r3, [r0, #0]
100043a0:	bd10      	pop	{r4, pc}
100043a2:	2c05      	cmp	r4, #5
100043a4:	d81d      	bhi.n	100043e2 <tud_descriptor_string_cb+0x5e>
100043a6:	4b13      	ldr	r3, [pc, #76]	@ (100043f4 <tud_descriptor_string_cb+0x70>)
100043a8:	00a4      	lsls	r4, r4, #2
100043aa:	58e0      	ldr	r0, [r4, r3]
100043ac:	4912      	ldr	r1, [pc, #72]	@ (100043f8 <tud_descriptor_string_cb+0x74>)
100043ae:	2301      	movs	r3, #1
100043b0:	3801      	subs	r0, #1
100043b2:	e004      	b.n	100043be <tud_descriptor_string_cb+0x3a>
100043b4:	3301      	adds	r3, #1
100043b6:	800a      	strh	r2, [r1, #0]
100043b8:	3102      	adds	r1, #2
100043ba:	2b14      	cmp	r3, #20
100043bc:	d00d      	beq.n	100043da <tud_descriptor_string_cb+0x56>
100043be:	5cc2      	ldrb	r2, [r0, r3]
100043c0:	2a00      	cmp	r2, #0
100043c2:	d1f7      	bne.n	100043b4 <tud_descriptor_string_cb+0x30>
100043c4:	22c0      	movs	r2, #192	@ 0xc0
100043c6:	b2db      	uxtb	r3, r3
100043c8:	005b      	lsls	r3, r3, #1
100043ca:	0092      	lsls	r2, r2, #2
100043cc:	4808      	ldr	r0, [pc, #32]	@ (100043f0 <tud_descriptor_string_cb+0x6c>)
100043ce:	4313      	orrs	r3, r2
100043d0:	e7e5      	b.n	1000439e <tud_descriptor_string_cb+0x1a>
100043d2:	2111      	movs	r1, #17
100043d4:	f000 f81a 	bl	1000440c <pico_get_unique_board_id_string>
100043d8:	e7da      	b.n	10004390 <tud_descriptor_string_cb+0xc>
100043da:	23ca      	movs	r3, #202	@ 0xca
100043dc:	4804      	ldr	r0, [pc, #16]	@ (100043f0 <tud_descriptor_string_cb+0x6c>)
100043de:	009b      	lsls	r3, r3, #2
100043e0:	e7dd      	b.n	1000439e <tud_descriptor_string_cb+0x1a>
100043e2:	2000      	movs	r0, #0
100043e4:	e7dc      	b.n	100043a0 <tud_descriptor_string_cb+0x1c>
100043e6:	46c0      	nop			@ (mov r8, r8)
100043e8:	20022390 	.word	0x20022390
100043ec:	00000409 	.word	0x00000409
100043f0:	20001b68 	.word	0x20001b68
100043f4:	1000a004 	.word	0x1000a004
100043f8:	20001b6a 	.word	0x20001b6a

100043fc <_retrieve_unique_id_on_boot>:
100043fc:	b510      	push	{r4, lr}
100043fe:	4802      	ldr	r0, [pc, #8]	@ (10004408 <_retrieve_unique_id_on_boot+0xc>)
10004400:	f000 f8d8 	bl	100045b4 <flash_get_unique_id>
10004404:	bd10      	pop	{r4, pc}
10004406:	46c0      	nop			@ (mov r8, r8)
10004408:	20002278 	.word	0x20002278

1000440c <pico_get_unique_board_id_string>:
1000440c:	b530      	push	{r4, r5, lr}
1000440e:	1e4b      	subs	r3, r1, #1
10004410:	2901      	cmp	r1, #1
10004412:	d100      	bne.n	10004416 <pico_get_unique_board_id_string+0xa>
10004414:	e0a7      	b.n	10004566 <pico_get_unique_board_id_string+0x15a>
10004416:	4a66      	ldr	r2, [pc, #408]	@ (100045b0 <pico_get_unique_board_id_string+0x1a4>)
10004418:	7811      	ldrb	r1, [r2, #0]
1000441a:	090d      	lsrs	r5, r1, #4
1000441c:	002c      	movs	r4, r5
1000441e:	3430      	adds	r4, #48	@ 0x30
10004420:	299f      	cmp	r1, #159	@ 0x9f
10004422:	d900      	bls.n	10004426 <pico_get_unique_board_id_string+0x1a>
10004424:	e0a2      	b.n	1000456c <pico_get_unique_board_id_string+0x160>
10004426:	7004      	strb	r4, [r0, #0]
10004428:	2b01      	cmp	r3, #1
1000442a:	d100      	bne.n	1000442e <pico_get_unique_board_id_string+0x22>
1000442c:	e0be      	b.n	100045ac <pico_get_unique_board_id_string+0x1a0>
1000442e:	210f      	movs	r1, #15
10004430:	7814      	ldrb	r4, [r2, #0]
10004432:	4021      	ands	r1, r4
10004434:	000c      	movs	r4, r1
10004436:	3430      	adds	r4, #48	@ 0x30
10004438:	2909      	cmp	r1, #9
1000443a:	d900      	bls.n	1000443e <pico_get_unique_board_id_string+0x32>
1000443c:	e098      	b.n	10004570 <pico_get_unique_board_id_string+0x164>
1000443e:	7044      	strb	r4, [r0, #1]
10004440:	2b02      	cmp	r3, #2
10004442:	d100      	bne.n	10004446 <pico_get_unique_board_id_string+0x3a>
10004444:	e0b2      	b.n	100045ac <pico_get_unique_board_id_string+0x1a0>
10004446:	7854      	ldrb	r4, [r2, #1]
10004448:	0925      	lsrs	r5, r4, #4
1000444a:	0029      	movs	r1, r5
1000444c:	3130      	adds	r1, #48	@ 0x30
1000444e:	2c9f      	cmp	r4, #159	@ 0x9f
10004450:	d900      	bls.n	10004454 <pico_get_unique_board_id_string+0x48>
10004452:	e090      	b.n	10004576 <pico_get_unique_board_id_string+0x16a>
10004454:	7081      	strb	r1, [r0, #2]
10004456:	2b03      	cmp	r3, #3
10004458:	d100      	bne.n	1000445c <pico_get_unique_board_id_string+0x50>
1000445a:	e0a7      	b.n	100045ac <pico_get_unique_board_id_string+0x1a0>
1000445c:	210f      	movs	r1, #15
1000445e:	4021      	ands	r1, r4
10004460:	000c      	movs	r4, r1
10004462:	3430      	adds	r4, #48	@ 0x30
10004464:	2909      	cmp	r1, #9
10004466:	d900      	bls.n	1000446a <pico_get_unique_board_id_string+0x5e>
10004468:	e087      	b.n	1000457a <pico_get_unique_board_id_string+0x16e>
1000446a:	70c4      	strb	r4, [r0, #3]
1000446c:	2b04      	cmp	r3, #4
1000446e:	d100      	bne.n	10004472 <pico_get_unique_board_id_string+0x66>
10004470:	e09c      	b.n	100045ac <pico_get_unique_board_id_string+0x1a0>
10004472:	7894      	ldrb	r4, [r2, #2]
10004474:	0925      	lsrs	r5, r4, #4
10004476:	0029      	movs	r1, r5
10004478:	3130      	adds	r1, #48	@ 0x30
1000447a:	2c9f      	cmp	r4, #159	@ 0x9f
1000447c:	d900      	bls.n	10004480 <pico_get_unique_board_id_string+0x74>
1000447e:	e07f      	b.n	10004580 <pico_get_unique_board_id_string+0x174>
10004480:	7101      	strb	r1, [r0, #4]
10004482:	2b05      	cmp	r3, #5
10004484:	d100      	bne.n	10004488 <pico_get_unique_board_id_string+0x7c>
10004486:	e091      	b.n	100045ac <pico_get_unique_board_id_string+0x1a0>
10004488:	210f      	movs	r1, #15
1000448a:	4021      	ands	r1, r4
1000448c:	000c      	movs	r4, r1
1000448e:	3430      	adds	r4, #48	@ 0x30
10004490:	2909      	cmp	r1, #9
10004492:	d900      	bls.n	10004496 <pico_get_unique_board_id_string+0x8a>
10004494:	e076      	b.n	10004584 <pico_get_unique_board_id_string+0x178>
10004496:	7144      	strb	r4, [r0, #5]
10004498:	2b06      	cmp	r3, #6
1000449a:	d100      	bne.n	1000449e <pico_get_unique_board_id_string+0x92>
1000449c:	e086      	b.n	100045ac <pico_get_unique_board_id_string+0x1a0>
1000449e:	78d4      	ldrb	r4, [r2, #3]
100044a0:	0925      	lsrs	r5, r4, #4
100044a2:	0029      	movs	r1, r5
100044a4:	3130      	adds	r1, #48	@ 0x30
100044a6:	2c9f      	cmp	r4, #159	@ 0x9f
100044a8:	d900      	bls.n	100044ac <pico_get_unique_board_id_string+0xa0>
100044aa:	e06e      	b.n	1000458a <pico_get_unique_board_id_string+0x17e>
100044ac:	7181      	strb	r1, [r0, #6]
100044ae:	2b07      	cmp	r3, #7
100044b0:	d100      	bne.n	100044b4 <pico_get_unique_board_id_string+0xa8>
100044b2:	e07b      	b.n	100045ac <pico_get_unique_board_id_string+0x1a0>
100044b4:	210f      	movs	r1, #15
100044b6:	4021      	ands	r1, r4
100044b8:	000c      	movs	r4, r1
100044ba:	3430      	adds	r4, #48	@ 0x30
100044bc:	2909      	cmp	r1, #9
100044be:	d866      	bhi.n	1000458e <pico_get_unique_board_id_string+0x182>
100044c0:	71c4      	strb	r4, [r0, #7]
100044c2:	2b08      	cmp	r3, #8
100044c4:	d100      	bne.n	100044c8 <pico_get_unique_board_id_string+0xbc>
100044c6:	e071      	b.n	100045ac <pico_get_unique_board_id_string+0x1a0>
100044c8:	7914      	ldrb	r4, [r2, #4]
100044ca:	0925      	lsrs	r5, r4, #4
100044cc:	0029      	movs	r1, r5
100044ce:	3130      	adds	r1, #48	@ 0x30
100044d0:	2c9f      	cmp	r4, #159	@ 0x9f
100044d2:	d85f      	bhi.n	10004594 <pico_get_unique_board_id_string+0x188>
100044d4:	7201      	strb	r1, [r0, #8]
100044d6:	2b09      	cmp	r3, #9
100044d8:	d068      	beq.n	100045ac <pico_get_unique_board_id_string+0x1a0>
100044da:	210f      	movs	r1, #15
100044dc:	4021      	ands	r1, r4
100044de:	000c      	movs	r4, r1
100044e0:	3430      	adds	r4, #48	@ 0x30
100044e2:	2909      	cmp	r1, #9
100044e4:	d858      	bhi.n	10004598 <pico_get_unique_board_id_string+0x18c>
100044e6:	7244      	strb	r4, [r0, #9]
100044e8:	2b0a      	cmp	r3, #10
100044ea:	d05f      	beq.n	100045ac <pico_get_unique_board_id_string+0x1a0>
100044ec:	7954      	ldrb	r4, [r2, #5]
100044ee:	0925      	lsrs	r5, r4, #4
100044f0:	0029      	movs	r1, r5
100044f2:	3130      	adds	r1, #48	@ 0x30
100044f4:	2c9f      	cmp	r4, #159	@ 0x9f
100044f6:	d852      	bhi.n	1000459e <pico_get_unique_board_id_string+0x192>
100044f8:	7281      	strb	r1, [r0, #10]
100044fa:	2b0b      	cmp	r3, #11
100044fc:	d056      	beq.n	100045ac <pico_get_unique_board_id_string+0x1a0>
100044fe:	210f      	movs	r1, #15
10004500:	4021      	ands	r1, r4
10004502:	000c      	movs	r4, r1
10004504:	3430      	adds	r4, #48	@ 0x30
10004506:	2909      	cmp	r1, #9
10004508:	d84b      	bhi.n	100045a2 <pico_get_unique_board_id_string+0x196>
1000450a:	72c4      	strb	r4, [r0, #11]
1000450c:	2b0c      	cmp	r3, #12
1000450e:	d04d      	beq.n	100045ac <pico_get_unique_board_id_string+0x1a0>
10004510:	7994      	ldrb	r4, [r2, #6]
10004512:	0925      	lsrs	r5, r4, #4
10004514:	0029      	movs	r1, r5
10004516:	3130      	adds	r1, #48	@ 0x30
10004518:	2c9f      	cmp	r4, #159	@ 0x9f
1000451a:	d900      	bls.n	1000451e <pico_get_unique_board_id_string+0x112>
1000451c:	3107      	adds	r1, #7
1000451e:	7301      	strb	r1, [r0, #12]
10004520:	2b0d      	cmp	r3, #13
10004522:	d043      	beq.n	100045ac <pico_get_unique_board_id_string+0x1a0>
10004524:	210f      	movs	r1, #15
10004526:	4021      	ands	r1, r4
10004528:	000c      	movs	r4, r1
1000452a:	3430      	adds	r4, #48	@ 0x30
1000452c:	2909      	cmp	r1, #9
1000452e:	d901      	bls.n	10004534 <pico_get_unique_board_id_string+0x128>
10004530:	3137      	adds	r1, #55	@ 0x37
10004532:	000c      	movs	r4, r1
10004534:	7344      	strb	r4, [r0, #13]
10004536:	2b0e      	cmp	r3, #14
10004538:	d038      	beq.n	100045ac <pico_get_unique_board_id_string+0x1a0>
1000453a:	79d1      	ldrb	r1, [r2, #7]
1000453c:	090c      	lsrs	r4, r1, #4
1000453e:	0022      	movs	r2, r4
10004540:	3230      	adds	r2, #48	@ 0x30
10004542:	299f      	cmp	r1, #159	@ 0x9f
10004544:	d900      	bls.n	10004548 <pico_get_unique_board_id_string+0x13c>
10004546:	3207      	adds	r2, #7
10004548:	7382      	strb	r2, [r0, #14]
1000454a:	2b0f      	cmp	r3, #15
1000454c:	d02e      	beq.n	100045ac <pico_get_unique_board_id_string+0x1a0>
1000454e:	220f      	movs	r2, #15
10004550:	400a      	ands	r2, r1
10004552:	0011      	movs	r1, r2
10004554:	3137      	adds	r1, #55	@ 0x37
10004556:	2a09      	cmp	r2, #9
10004558:	d801      	bhi.n	1000455e <pico_get_unique_board_id_string+0x152>
1000455a:	3230      	adds	r2, #48	@ 0x30
1000455c:	0011      	movs	r1, r2
1000455e:	73c1      	strb	r1, [r0, #15]
10004560:	2b10      	cmp	r3, #16
10004562:	d023      	beq.n	100045ac <pico_get_unique_board_id_string+0x1a0>
10004564:	3010      	adds	r0, #16
10004566:	2300      	movs	r3, #0
10004568:	7003      	strb	r3, [r0, #0]
1000456a:	bd30      	pop	{r4, r5, pc}
1000456c:	3407      	adds	r4, #7
1000456e:	e75a      	b.n	10004426 <pico_get_unique_board_id_string+0x1a>
10004570:	3137      	adds	r1, #55	@ 0x37
10004572:	000c      	movs	r4, r1
10004574:	e763      	b.n	1000443e <pico_get_unique_board_id_string+0x32>
10004576:	3107      	adds	r1, #7
10004578:	e76c      	b.n	10004454 <pico_get_unique_board_id_string+0x48>
1000457a:	3137      	adds	r1, #55	@ 0x37
1000457c:	000c      	movs	r4, r1
1000457e:	e774      	b.n	1000446a <pico_get_unique_board_id_string+0x5e>
10004580:	3107      	adds	r1, #7
10004582:	e77d      	b.n	10004480 <pico_get_unique_board_id_string+0x74>
10004584:	3137      	adds	r1, #55	@ 0x37
10004586:	000c      	movs	r4, r1
10004588:	e785      	b.n	10004496 <pico_get_unique_board_id_string+0x8a>
1000458a:	3107      	adds	r1, #7
1000458c:	e78e      	b.n	100044ac <pico_get_unique_board_id_string+0xa0>
1000458e:	3137      	adds	r1, #55	@ 0x37
10004590:	000c      	movs	r4, r1
10004592:	e795      	b.n	100044c0 <pico_get_unique_board_id_string+0xb4>
10004594:	3107      	adds	r1, #7
10004596:	e79d      	b.n	100044d4 <pico_get_unique_board_id_string+0xc8>
10004598:	3137      	adds	r1, #55	@ 0x37
1000459a:	000c      	movs	r4, r1
1000459c:	e7a3      	b.n	100044e6 <pico_get_unique_board_id_string+0xda>
1000459e:	3107      	adds	r1, #7
100045a0:	e7aa      	b.n	100044f8 <pico_get_unique_board_id_string+0xec>
100045a2:	3137      	adds	r1, #55	@ 0x37
100045a4:	000c      	movs	r4, r1
100045a6:	72c4      	strb	r4, [r0, #11]
100045a8:	2b0c      	cmp	r3, #12
100045aa:	d1b1      	bne.n	10004510 <pico_get_unique_board_id_string+0x104>
100045ac:	18c0      	adds	r0, r0, r3
100045ae:	e7da      	b.n	10004566 <pico_get_unique_board_id_string+0x15a>
100045b0:	20002278 	.word	0x20002278

100045b4 <flash_get_unique_id>:
100045b4:	b510      	push	{r4, lr}
100045b6:	b088      	sub	sp, #32
100045b8:	0004      	movs	r4, r0
100045ba:	220d      	movs	r2, #13
100045bc:	2100      	movs	r1, #0
100045be:	4668      	mov	r0, sp
100045c0:	f7fd fda2 	bl	10002108 <__wrap_memset>
100045c4:	220d      	movs	r2, #13
100045c6:	2100      	movs	r1, #0
100045c8:	a804      	add	r0, sp, #16
100045ca:	f7fd fd9d 	bl	10002108 <__wrap_memset>
100045ce:	234b      	movs	r3, #75	@ 0x4b
100045d0:	466a      	mov	r2, sp
100045d2:	4668      	mov	r0, sp
100045d4:	7013      	strb	r3, [r2, #0]
100045d6:	a904      	add	r1, sp, #16
100045d8:	220d      	movs	r2, #13
100045da:	f005 f9e5 	bl	100099a8 <__flash_do_cmd_veneer>
100045de:	2115      	movs	r1, #21
100045e0:	2208      	movs	r2, #8
100045e2:	0020      	movs	r0, r4
100045e4:	4469      	add	r1, sp
100045e6:	f7fd fd95 	bl	10002114 <__wrap___aeabi_memcpy>
100045ea:	b008      	add	sp, #32
100045ec:	bd10      	pop	{r4, pc}
100045ee:	46c0      	nop			@ (mov r8, r8)

100045f0 <dcd_init>:
100045f0:	b5f8      	push	{r3, r4, r5, r6, r7, lr}
100045f2:	f000 f947 	bl	10004884 <rp2040_usb_init>
100045f6:	230c      	movs	r3, #12
100045f8:	4d19      	ldr	r5, [pc, #100]	@ (10004660 <dcd_init+0x70>)
100045fa:	22ff      	movs	r2, #255	@ 0xff
100045fc:	67ab      	str	r3, [r5, #120]	@ 0x78
100045fe:	2005      	movs	r0, #5
10004600:	4918      	ldr	r1, [pc, #96]	@ (10004664 <dcd_init+0x74>)
10004602:	f7fc f85b 	bl	100006bc <irq_add_shared_handler>
10004606:	4c18      	ldr	r4, [pc, #96]	@ (10004668 <dcd_init+0x78>)
10004608:	2240      	movs	r2, #64	@ 0x40
1000460a:	2100      	movs	r1, #0
1000460c:	0020      	movs	r0, r4
1000460e:	f7fd fd7b 	bl	10002108 <__wrap_memset>
10004612:	2740      	movs	r7, #64	@ 0x40
10004614:	2300      	movs	r3, #0
10004616:	2601      	movs	r6, #1
10004618:	2121      	movs	r1, #33	@ 0x21
1000461a:	4a14      	ldr	r2, [pc, #80]	@ (1000466c <dcd_init+0x7c>)
1000461c:	7066      	strb	r6, [r4, #1]
1000461e:	8327      	strh	r7, [r4, #24]
10004620:	60a2      	str	r2, [r4, #8]
10004622:	6013      	str	r3, [r2, #0]
10004624:	5463      	strb	r3, [r4, r1]
10004626:	315f      	adds	r1, #95	@ 0x5f
10004628:	8461      	strh	r1, [r4, #34]	@ 0x22
1000462a:	3945      	subs	r1, #69	@ 0x45
1000462c:	5463      	strb	r3, [r4, r1]
1000462e:	4a10      	ldr	r2, [pc, #64]	@ (10004670 <dcd_init+0x80>)
10004630:	4910      	ldr	r1, [pc, #64]	@ (10004674 <dcd_init+0x84>)
10004632:	6063      	str	r3, [r4, #4]
10004634:	60e2      	str	r2, [r4, #12]
10004636:	8727      	strh	r7, [r4, #56]	@ 0x38
10004638:	62a1      	str	r1, [r4, #40]	@ 0x28
1000463a:	600b      	str	r3, [r1, #0]
1000463c:	6263      	str	r3, [r4, #36]	@ 0x24
1000463e:	62e2      	str	r2, [r4, #44]	@ 0x2c
10004640:	f005 fa02 	bl	10009a48 <__reset_non_control_endpoints_veneer>
10004644:	2380      	movs	r3, #128	@ 0x80
10004646:	059b      	lsls	r3, r3, #22
10004648:	642e      	str	r6, [r5, #64]	@ 0x40
1000464a:	64eb      	str	r3, [r5, #76]	@ 0x4c
1000464c:	2390      	movs	r3, #144	@ 0x90
1000464e:	4a0a      	ldr	r2, [pc, #40]	@ (10004678 <dcd_init+0x88>)
10004650:	2001      	movs	r0, #1
10004652:	50ea      	str	r2, [r5, r3]
10004654:	2280      	movs	r2, #128	@ 0x80
10004656:	4b09      	ldr	r3, [pc, #36]	@ (1000467c <dcd_init+0x8c>)
10004658:	0252      	lsls	r2, r2, #9
1000465a:	64da      	str	r2, [r3, #76]	@ 0x4c
1000465c:	bdf8      	pop	{r3, r4, r5, r6, r7, pc}
1000465e:	46c0      	nop			@ (mov r8, r8)
10004660:	50110000 	.word	0x50110000
10004664:	2000052d 	.word	0x2000052d
10004668:	20001b9c 	.word	0x20001b9c
1000466c:	50100084 	.word	0x50100084
10004670:	50100100 	.word	0x50100100
10004674:	50100080 	.word	0x50100080
10004678:	0001d010 	.word	0x0001d010
1000467c:	50112000 	.word	0x50112000

10004680 <dcd_int_enable>:
10004680:	b510      	push	{r4, lr}
10004682:	2101      	movs	r1, #1
10004684:	2005      	movs	r0, #5
10004686:	f7fb ffb7 	bl	100005f8 <irq_set_enabled>
1000468a:	bd10      	pop	{r4, pc}

1000468c <dcd_set_address>:
1000468c:	b510      	push	{r4, lr}
1000468e:	2200      	movs	r2, #0
10004690:	2100      	movs	r1, #0
10004692:	4802      	ldr	r0, [pc, #8]	@ (1000469c <dcd_set_address+0x10>)
10004694:	f000 f916 	bl	100048c4 <hw_endpoint_xfer_start>
10004698:	bd10      	pop	{r4, pc}
1000469a:	46c0      	nop			@ (mov r8, r8)
1000469c:	20001bbc 	.word	0x20001bbc

100046a0 <dcd_sof_enable>:
100046a0:	4b04      	ldr	r3, [pc, #16]	@ (100046b4 <dcd_sof_enable+0x14>)
100046a2:	7019      	strb	r1, [r3, #0]
100046a4:	2900      	cmp	r1, #0
100046a6:	d004      	beq.n	100046b2 <dcd_sof_enable+0x12>
100046a8:	2180      	movs	r1, #128	@ 0x80
100046aa:	2390      	movs	r3, #144	@ 0x90
100046ac:	4a02      	ldr	r2, [pc, #8]	@ (100046b8 <dcd_sof_enable+0x18>)
100046ae:	0289      	lsls	r1, r1, #10
100046b0:	50d1      	str	r1, [r2, r3]
100046b2:	4770      	bx	lr
100046b4:	20022491 	.word	0x20022491
100046b8:	50112000 	.word	0x50112000

100046bc <dcd_edpt0_status_complete>:
100046bc:	780b      	ldrb	r3, [r1, #0]
100046be:	065b      	lsls	r3, r3, #25
100046c0:	d102      	bne.n	100046c8 <dcd_edpt0_status_complete+0xc>
100046c2:	784b      	ldrb	r3, [r1, #1]
100046c4:	2b05      	cmp	r3, #5
100046c6:	d000      	beq.n	100046ca <dcd_edpt0_status_complete+0xe>
100046c8:	4770      	bx	lr
100046ca:	788a      	ldrb	r2, [r1, #2]
100046cc:	4b01      	ldr	r3, [pc, #4]	@ (100046d4 <dcd_edpt0_status_complete+0x18>)
100046ce:	601a      	str	r2, [r3, #0]
100046d0:	e7fa      	b.n	100046c8 <dcd_edpt0_status_complete+0xc>
100046d2:	46c0      	nop			@ (mov r8, r8)
100046d4:	50110000 	.word	0x50110000

100046d8 <dcd_edpt_open>:
100046d8:	b5f0      	push	{r4, r5, r6, r7, lr}
100046da:	46c6      	mov	lr, r8
100046dc:	78c8      	ldrb	r0, [r1, #3]
100046de:	b500      	push	{lr}
100046e0:	0780      	lsls	r0, r0, #30
100046e2:	0f83      	lsrs	r3, r0, #30
100046e4:	0018      	movs	r0, r3
100046e6:	2b01      	cmp	r3, #1
100046e8:	d060      	beq.n	100047ac <dcd_edpt_open+0xd4>
100046ea:	788f      	ldrb	r7, [r1, #2]
100046ec:	790a      	ldrb	r2, [r1, #4]
100046ee:	794b      	ldrb	r3, [r1, #5]
100046f0:	217f      	movs	r1, #127	@ 0x7f
100046f2:	4039      	ands	r1, r7
100046f4:	09fc      	lsrs	r4, r7, #7
100046f6:	021b      	lsls	r3, r3, #8
100046f8:	004e      	lsls	r6, r1, #1
100046fa:	4313      	orrs	r3, r2
100046fc:	4d33      	ldr	r5, [pc, #204]	@ (100047cc <dcd_edpt_open+0xf4>)
100046fe:	1932      	adds	r2, r6, r4
10004700:	0152      	lsls	r2, r2, #5
10004702:	18aa      	adds	r2, r5, r2
10004704:	7097      	strb	r7, [r2, #2]
10004706:	2701      	movs	r7, #1
10004708:	4067      	eors	r7, r4
1000470a:	7057      	strb	r7, [r2, #1]
1000470c:	2700      	movs	r7, #0
1000470e:	055b      	lsls	r3, r3, #21
10004710:	0d5b      	lsrs	r3, r3, #21
10004712:	70d7      	strb	r7, [r2, #3]
10004714:	8313      	strh	r3, [r2, #24]
10004716:	76d0      	strb	r0, [r2, #27]
10004718:	46b8      	mov	r8, r7
1000471a:	00ca      	lsls	r2, r1, #3
1000471c:	2c01      	cmp	r4, #1
1000471e:	d032      	beq.n	10004786 <dcd_edpt_open+0xae>
10004720:	4f2b      	ldr	r7, [pc, #172]	@ (100047d0 <dcd_edpt_open+0xf8>)
10004722:	46bc      	mov	ip, r7
10004724:	018f      	lsls	r7, r1, #6
10004726:	4462      	add	r2, ip
10004728:	46bc      	mov	ip, r7
1000472a:	44ac      	add	ip, r5
1000472c:	4667      	mov	r7, ip
1000472e:	60ba      	str	r2, [r7, #8]
10004730:	4647      	mov	r7, r8
10004732:	6017      	str	r7, [r2, #0]
10004734:	2900      	cmp	r1, #0
10004736:	d032      	beq.n	1000479e <dcd_edpt_open+0xc6>
10004738:	4a26      	ldr	r2, [pc, #152]	@ (100047d4 <dcd_edpt_open+0xfc>)
1000473a:	00c9      	lsls	r1, r1, #3
1000473c:	4690      	mov	r8, r2
1000473e:	4662      	mov	r2, ip
10004740:	4441      	add	r1, r8
10004742:	6051      	str	r1, [r2, #4]
10004744:	223f      	movs	r2, #63	@ 0x3f
10004746:	333f      	adds	r3, #63	@ 0x3f
10004748:	4393      	bics	r3, r2
1000474a:	2802      	cmp	r0, #2
1000474c:	d037      	beq.n	100047be <dcd_edpt_open+0xe6>
1000474e:	4922      	ldr	r1, [pc, #136]	@ (100047d8 <dcd_edpt_open+0x100>)
10004750:	1937      	adds	r7, r6, r4
10004752:	680a      	ldr	r2, [r1, #0]
10004754:	017f      	lsls	r7, r7, #5
10004756:	18d3      	adds	r3, r2, r3
10004758:	600b      	str	r3, [r1, #0]
1000475a:	4920      	ldr	r1, [pc, #128]	@ (100047dc <dcd_edpt_open+0x104>)
1000475c:	19ef      	adds	r7, r5, r7
1000475e:	60fa      	str	r2, [r7, #12]
10004760:	428b      	cmp	r3, r1
10004762:	d82e      	bhi.n	100047c2 <dcd_edpt_open+0xea>
10004764:	1936      	adds	r6, r6, r4
10004766:	0176      	lsls	r6, r6, #5
10004768:	19ad      	adds	r5, r5, r6
1000476a:	7eeb      	ldrb	r3, [r5, #27]
1000476c:	491c      	ldr	r1, [pc, #112]	@ (100047e0 <dcd_edpt_open+0x108>)
1000476e:	069b      	lsls	r3, r3, #26
10004770:	404a      	eors	r2, r1
10004772:	4313      	orrs	r3, r2
10004774:	2280      	movs	r2, #128	@ 0x80
10004776:	0612      	lsls	r2, r2, #24
10004778:	4313      	orrs	r3, r2
1000477a:	686a      	ldr	r2, [r5, #4]
1000477c:	6013      	str	r3, [r2, #0]
1000477e:	2001      	movs	r0, #1
10004780:	bc80      	pop	{r7}
10004782:	46b8      	mov	r8, r7
10004784:	bdf0      	pop	{r4, r5, r6, r7, pc}
10004786:	4f17      	ldr	r7, [pc, #92]	@ (100047e4 <dcd_edpt_open+0x10c>)
10004788:	46bc      	mov	ip, r7
1000478a:	018f      	lsls	r7, r1, #6
1000478c:	4462      	add	r2, ip
1000478e:	46bc      	mov	ip, r7
10004790:	44ac      	add	ip, r5
10004792:	4667      	mov	r7, ip
10004794:	62ba      	str	r2, [r7, #40]	@ 0x28
10004796:	4647      	mov	r7, r8
10004798:	6017      	str	r7, [r2, #0]
1000479a:	2900      	cmp	r1, #0
1000479c:	d108      	bne.n	100047b0 <dcd_edpt_open+0xd8>
1000479e:	2300      	movs	r3, #0
100047a0:	0164      	lsls	r4, r4, #5
100047a2:	192c      	adds	r4, r5, r4
100047a4:	6063      	str	r3, [r4, #4]
100047a6:	4b10      	ldr	r3, [pc, #64]	@ (100047e8 <dcd_edpt_open+0x110>)
100047a8:	60e3      	str	r3, [r4, #12]
100047aa:	e7e8      	b.n	1000477e <dcd_edpt_open+0xa6>
100047ac:	2000      	movs	r0, #0
100047ae:	e7e7      	b.n	10004780 <dcd_edpt_open+0xa8>
100047b0:	4a0b      	ldr	r2, [pc, #44]	@ (100047e0 <dcd_edpt_open+0x108>)
100047b2:	00c9      	lsls	r1, r1, #3
100047b4:	4690      	mov	r8, r2
100047b6:	4662      	mov	r2, ip
100047b8:	4441      	add	r1, r8
100047ba:	6251      	str	r1, [r2, #36]	@ 0x24
100047bc:	e7c2      	b.n	10004744 <dcd_edpt_open+0x6c>
100047be:	005b      	lsls	r3, r3, #1
100047c0:	e7c5      	b.n	1000474e <dcd_edpt_open+0x76>
100047c2:	f7fc ff7f 	bl	100016c4 <hard_assertion_failure>
100047c6:	68fa      	ldr	r2, [r7, #12]
100047c8:	e7cc      	b.n	10004764 <dcd_edpt_open+0x8c>
100047ca:	46c0      	nop			@ (mov r8, r8)
100047cc:	20001b9c 	.word	0x20001b9c
100047d0:	50100084 	.word	0x50100084
100047d4:	50100004 	.word	0x50100004
100047d8:	20001fa4 	.word	0x20001fa4
100047dc:	50100fff 	.word	0x50100fff
100047e0:	50100000 	.word	0x50100000
100047e4:	50100080 	.word	0x50100080
100047e8:	50100100 	.word	0x50100100

100047ec <dcd_edpt_close_all>:
100047ec:	b510      	push	{r4, lr}
100047ee:	f005 f92b 	bl	10009a48 <__reset_non_control_endpoints_veneer>
100047f2:	bd10      	pop	{r4, pc}

100047f4 <dcd_edpt_xfer>:
100047f4:	b510      	push	{r4, lr}
100047f6:	207f      	movs	r0, #127	@ 0x7f
100047f8:	000c      	movs	r4, r1
100047fa:	4020      	ands	r0, r4
100047fc:	0040      	lsls	r0, r0, #1
100047fe:	09e4      	lsrs	r4, r4, #7
10004800:	0011      	movs	r1, r2
10004802:	1900      	adds	r0, r0, r4
10004804:	001a      	movs	r2, r3
10004806:	4b03      	ldr	r3, [pc, #12]	@ (10004814 <dcd_edpt_xfer+0x20>)
10004808:	0140      	lsls	r0, r0, #5
1000480a:	18c0      	adds	r0, r0, r3
1000480c:	f000 f85a 	bl	100048c4 <hw_endpoint_xfer_start>
10004810:	2001      	movs	r0, #1
10004812:	bd10      	pop	{r4, pc}
10004814:	20001b9c 	.word	0x20001b9c

10004818 <dcd_edpt_stall>:
10004818:	237f      	movs	r3, #127	@ 0x7f
1000481a:	0018      	movs	r0, r3
1000481c:	b500      	push	{lr}
1000481e:	4008      	ands	r0, r1
10004820:	b083      	sub	sp, #12
10004822:	420b      	tst	r3, r1
10004824:	d104      	bne.n	10004830 <dcd_edpt_stall+0x18>
10004826:	424b      	negs	r3, r1
10004828:	414b      	adcs	r3, r1
1000482a:	4a08      	ldr	r2, [pc, #32]	@ (1000484c <dcd_edpt_stall+0x34>)
1000482c:	3301      	adds	r3, #1
1000482e:	6693      	str	r3, [r2, #104]	@ 0x68
10004830:	2280      	movs	r2, #128	@ 0x80
10004832:	09c9      	lsrs	r1, r1, #7
10004834:	0040      	lsls	r0, r0, #1
10004836:	4b06      	ldr	r3, [pc, #24]	@ (10004850 <dcd_edpt_stall+0x38>)
10004838:	1840      	adds	r0, r0, r1
1000483a:	0140      	lsls	r0, r0, #5
1000483c:	2100      	movs	r1, #0
1000483e:	18c0      	adds	r0, r0, r3
10004840:	0112      	lsls	r2, r2, #4
10004842:	f005 f909 	bl	10009a58 <___hw_endpoint_buffer_control_update32_veneer>
10004846:	b003      	add	sp, #12
10004848:	bd00      	pop	{pc}
1000484a:	46c0      	nop			@ (mov r8, r8)
1000484c:	50112000 	.word	0x50112000
10004850:	20001b9c 	.word	0x20001b9c

10004854 <dcd_edpt_clear_stall>:
10004854:	227f      	movs	r2, #127	@ 0x7f
10004856:	0013      	movs	r3, r2
10004858:	b510      	push	{r4, lr}
1000485a:	400b      	ands	r3, r1
1000485c:	420a      	tst	r2, r1
1000485e:	d100      	bne.n	10004862 <dcd_edpt_clear_stall+0xe>
10004860:	bd10      	pop	{r4, pc}
10004862:	09c9      	lsrs	r1, r1, #7
10004864:	005b      	lsls	r3, r3, #1
10004866:	185b      	adds	r3, r3, r1
10004868:	4804      	ldr	r0, [pc, #16]	@ (1000487c <dcd_edpt_clear_stall+0x28>)
1000486a:	015b      	lsls	r3, r3, #5
1000486c:	18c0      	adds	r0, r0, r3
1000486e:	2300      	movs	r3, #0
10004870:	2200      	movs	r2, #0
10004872:	4903      	ldr	r1, [pc, #12]	@ (10004880 <dcd_edpt_clear_stall+0x2c>)
10004874:	70c3      	strb	r3, [r0, #3]
10004876:	f005 f8ef 	bl	10009a58 <___hw_endpoint_buffer_control_update32_veneer>
1000487a:	e7f1      	b.n	10004860 <dcd_edpt_clear_stall+0xc>
1000487c:	20001b9c 	.word	0x20001b9c
10004880:	fffff7ff 	.word	0xfffff7ff

10004884 <rp2040_usb_init>:
10004884:	2280      	movs	r2, #128	@ 0x80
10004886:	4b0a      	ldr	r3, [pc, #40]	@ (100048b0 <rp2040_usb_init+0x2c>)
10004888:	0452      	lsls	r2, r2, #17
1000488a:	b510      	push	{r4, lr}
1000488c:	601a      	str	r2, [r3, #0]
1000488e:	4b09      	ldr	r3, [pc, #36]	@ (100048b4 <rp2040_usb_init+0x30>)
10004890:	4909      	ldr	r1, [pc, #36]	@ (100048b8 <rp2040_usb_init+0x34>)
10004892:	601a      	str	r2, [r3, #0]
10004894:	0010      	movs	r0, r2
10004896:	680b      	ldr	r3, [r1, #0]
10004898:	4398      	bics	r0, r3
1000489a:	d1fb      	bne.n	10004894 <rp2040_usb_init+0x10>
1000489c:	2280      	movs	r2, #128	@ 0x80
1000489e:	2100      	movs	r1, #0
100048a0:	0152      	lsls	r2, r2, #5
100048a2:	4806      	ldr	r0, [pc, #24]	@ (100048bc <rp2040_usb_init+0x38>)
100048a4:	f7fd fc30 	bl	10002108 <__wrap_memset>
100048a8:	2209      	movs	r2, #9
100048aa:	4b05      	ldr	r3, [pc, #20]	@ (100048c0 <rp2040_usb_init+0x3c>)
100048ac:	675a      	str	r2, [r3, #116]	@ 0x74
100048ae:	bd10      	pop	{r4, pc}
100048b0:	4000e000 	.word	0x4000e000
100048b4:	4000f000 	.word	0x4000f000
100048b8:	4000c008 	.word	0x4000c008
100048bc:	50100000 	.word	0x50100000
100048c0:	50110000 	.word	0x50110000

100048c4 <hw_endpoint_xfer_start>:
100048c4:	2300      	movs	r3, #0
100048c6:	b510      	push	{r4, lr}
100048c8:	82c3      	strh	r3, [r0, #22]
100048ca:	3301      	adds	r3, #1
100048cc:	8282      	strh	r2, [r0, #20]
100048ce:	7683      	strb	r3, [r0, #26]
100048d0:	6101      	str	r1, [r0, #16]
100048d2:	0004      	movs	r4, r0
100048d4:	f005 f880 	bl	100099d8 <__e15_is_bulkin_ep_veneer>
100048d8:	2800      	cmp	r0, #0
100048da:	d004      	beq.n	100048e6 <hw_endpoint_xfer_start+0x22>
100048dc:	2180      	movs	r1, #128	@ 0x80
100048de:	2390      	movs	r3, #144	@ 0x90
100048e0:	4a07      	ldr	r2, [pc, #28]	@ (10004900 <hw_endpoint_xfer_start+0x3c>)
100048e2:	0289      	lsls	r1, r1, #10
100048e4:	50d1      	str	r1, [r2, r3]
100048e6:	0020      	movs	r0, r4
100048e8:	f005 f87e 	bl	100099e8 <__e15_is_critical_frame_period_veneer>
100048ec:	2800      	cmp	r0, #0
100048ee:	d002      	beq.n	100048f6 <hw_endpoint_xfer_start+0x32>
100048f0:	2301      	movs	r3, #1
100048f2:	7723      	strb	r3, [r4, #28]
100048f4:	bd10      	pop	{r4, pc}
100048f6:	0020      	movs	r0, r4
100048f8:	f005 f89e 	bl	10009a38 <__hw_endpoint_start_next_buffer_veneer>
100048fc:	e7fa      	b.n	100048f4 <hw_endpoint_xfer_start+0x30>
100048fe:	46c0      	nop			@ (mov r8, r8)
10004900:	50112000 	.word	0x50112000

10004904 <tud_event_hook_cb>:
10004904:	4770      	bx	lr
10004906:	46c0      	nop			@ (mov r8, r8)

10004908 <tud_sof_cb>:
10004908:	4770      	bx	lr
1000490a:	46c0      	nop			@ (mov r8, r8)

1000490c <tud_descriptor_device_qualifier_cb>:
1000490c:	2000      	movs	r0, #0
1000490e:	4770      	bx	lr

10004910 <tud_descriptor_other_speed_configuration_cb>:
10004910:	2000      	movs	r0, #0
10004912:	4770      	bx	lr

10004914 <tud_mount_cb>:
10004914:	4770      	bx	lr
10004916:	46c0      	nop			@ (mov r8, r8)

10004918 <tud_umount_cb>:
10004918:	4770      	bx	lr
1000491a:	46c0      	nop			@ (mov r8, r8)

1000491c <tud_suspend_cb>:
1000491c:	4770      	bx	lr
1000491e:	46c0      	nop			@ (mov r8, r8)

10004920 <tud_resume_cb>:
10004920:	4770      	bx	lr
10004922:	46c0      	nop			@ (mov r8, r8)

10004924 <tud_mounted>:
10004924:	4b02      	ldr	r3, [pc, #8]	@ (10004930 <tud_mounted+0xc>)
10004926:	7858      	ldrb	r0, [r3, #1]
10004928:	1e43      	subs	r3, r0, #1
1000492a:	4198      	sbcs	r0, r3
1000492c:	b2c0      	uxtb	r0, r0
1000492e:	4770      	bx	lr
10004930:	20001530 	.word	0x20001530

10004934 <tud_suspended>:
10004934:	4b02      	ldr	r3, [pc, #8]	@ (10004940 <tud_suspended+0xc>)
10004936:	7818      	ldrb	r0, [r3, #0]
10004938:	0740      	lsls	r0, r0, #29
1000493a:	0fc0      	lsrs	r0, r0, #31
1000493c:	4770      	bx	lr
1000493e:	46c0      	nop			@ (mov r8, r8)
10004940:	20001530 	.word	0x20001530

10004944 <tud_rhport_init>:
10004944:	b5f0      	push	{r4, r5, r6, r7, lr}
10004946:	46d6      	mov	lr, sl
10004948:	464f      	mov	r7, r9
1000494a:	4646      	mov	r6, r8
1000494c:	b5c0      	push	{r6, r7, lr}
1000494e:	4b2f      	ldr	r3, [pc, #188]	@ (10004a0c <tud_rhport_init+0xc8>)
10004950:	0007      	movs	r7, r0
10004952:	469a      	mov	sl, r3
10004954:	781b      	ldrb	r3, [r3, #0]
10004956:	000e      	movs	r6, r1
10004958:	2bff      	cmp	r3, #255	@ 0xff
1000495a:	d150      	bne.n	100049fe <tud_rhport_init+0xba>
1000495c:	2900      	cmp	r1, #0
1000495e:	d041      	beq.n	100049e4 <tud_rhport_init+0xa0>
10004960:	2100      	movs	r1, #0
10004962:	2254      	movs	r2, #84	@ 0x54
10004964:	482a      	ldr	r0, [pc, #168]	@ (10004a10 <tud_rhport_init+0xcc>)
10004966:	f7fd fbcf 	bl	10002108 <__wrap_memset>
1000496a:	2200      	movs	r2, #0
1000496c:	4c29      	ldr	r4, [pc, #164]	@ (10004a14 <tud_rhport_init+0xd0>)
1000496e:	4b2a      	ldr	r3, [pc, #168]	@ (10004a18 <tud_rhport_init+0xd4>)
10004970:	0020      	movs	r0, r4
10004972:	701a      	strb	r2, [r3, #0]
10004974:	f7fc f852 	bl	10000a1c <mutex_init>
10004978:	4b28      	ldr	r3, [pc, #160]	@ (10004a1c <tud_rhport_init+0xd8>)
1000497a:	601c      	str	r4, [r3, #0]
1000497c:	4c28      	ldr	r4, [pc, #160]	@ (10004a20 <tud_rhport_init+0xdc>)
1000497e:	0020      	movs	r0, r4
10004980:	3c14      	subs	r4, #20
10004982:	f7fc f859 	bl	10000a38 <critical_section_init>
10004986:	0020      	movs	r0, r4
10004988:	f001 fdf2 	bl	10006570 <tu_fifo_clear>
1000498c:	4b25      	ldr	r3, [pc, #148]	@ (10004a24 <tud_rhport_init+0xe0>)
1000498e:	4d26      	ldr	r5, [pc, #152]	@ (10004a28 <tud_rhport_init+0xe4>)
10004990:	601c      	str	r4, [r3, #0]
10004992:	4b26      	ldr	r3, [pc, #152]	@ (10004a2c <tud_rhport_init+0xe8>)
10004994:	2b00      	cmp	r3, #0
10004996:	d004      	beq.n	100049a2 <tud_rhport_init+0x5e>
10004998:	0028      	movs	r0, r5
1000499a:	f7ff fac7 	bl	10003f2c <usbd_app_driver_get_cb>
1000499e:	4b24      	ldr	r3, [pc, #144]	@ (10004a30 <tud_rhport_init+0xec>)
100049a0:	6018      	str	r0, [r3, #0]
100049a2:	4924      	ldr	r1, [pc, #144]	@ (10004a34 <tud_rhport_init+0xf0>)
100049a4:	2400      	movs	r4, #0
100049a6:	4689      	mov	r9, r1
100049a8:	4921      	ldr	r1, [pc, #132]	@ (10004a30 <tud_rhport_init+0xec>)
100049aa:	2300      	movs	r3, #0
100049ac:	4688      	mov	r8, r1
100049ae:	782a      	ldrb	r2, [r5, #0]
100049b0:	e010      	b.n	100049d4 <tud_rhport_init+0x90>
100049b2:	4643      	mov	r3, r8
100049b4:	681b      	ldr	r3, [r3, #0]
100049b6:	0162      	lsls	r2, r4, #5
100049b8:	189b      	adds	r3, r3, r2
100049ba:	2b00      	cmp	r3, #0
100049bc:	d012      	beq.n	100049e4 <tud_rhport_init+0xa0>
100049be:	685b      	ldr	r3, [r3, #4]
100049c0:	2b00      	cmp	r3, #0
100049c2:	d00f      	beq.n	100049e4 <tud_rhport_init+0xa0>
100049c4:	4798      	blx	r3
100049c6:	782a      	ldrb	r2, [r5, #0]
100049c8:	3401      	adds	r4, #1
100049ca:	b2e4      	uxtb	r4, r4
100049cc:	1c51      	adds	r1, r2, #1
100049ce:	0023      	movs	r3, r4
100049d0:	42a1      	cmp	r1, r4
100049d2:	db09      	blt.n	100049e8 <tud_rhport_init+0xa4>
100049d4:	42a2      	cmp	r2, r4
100049d6:	d8ec      	bhi.n	100049b2 <tud_rhport_init+0x6e>
100049d8:	1a9b      	subs	r3, r3, r2
100049da:	015b      	lsls	r3, r3, #5
100049dc:	444b      	add	r3, r9
100049de:	685b      	ldr	r3, [r3, #4]
100049e0:	2b00      	cmp	r3, #0
100049e2:	d1ef      	bne.n	100049c4 <tud_rhport_init+0x80>
100049e4:	2000      	movs	r0, #0
100049e6:	e00b      	b.n	10004a00 <tud_rhport_init+0xbc>
100049e8:	4653      	mov	r3, sl
100049ea:	0031      	movs	r1, r6
100049ec:	0038      	movs	r0, r7
100049ee:	701f      	strb	r7, [r3, #0]
100049f0:	f7ff fdfe 	bl	100045f0 <dcd_init>
100049f4:	2800      	cmp	r0, #0
100049f6:	d0f5      	beq.n	100049e4 <tud_rhport_init+0xa0>
100049f8:	0038      	movs	r0, r7
100049fa:	f7ff fe41 	bl	10004680 <dcd_int_enable>
100049fe:	2001      	movs	r0, #1
10004a00:	bce0      	pop	{r5, r6, r7}
10004a02:	46ba      	mov	sl, r7
10004a04:	46b1      	mov	r9, r6
10004a06:	46a8      	mov	r8, r5
10004a08:	bdf0      	pop	{r4, r5, r6, r7, pc}
10004a0a:	46c0      	nop			@ (mov r8, r8)
10004a0c:	200010a4 	.word	0x200010a4
10004a10:	20001530 	.word	0x20001530
10004a14:	20001528 	.word	0x20001528
10004a18:	20022492 	.word	0x20022492
10004a1c:	20001584 	.word	0x20001584
10004a20:	2000109c 	.word	0x2000109c
10004a24:	20001588 	.word	0x20001588
10004a28:	20022490 	.word	0x20022490
10004a2c:	10003f2d 	.word	0x10003f2d
10004a30:	20001380 	.word	0x20001380
10004a34:	1000a12c 	.word	0x1000a12c

10004a38 <tud_task_ext>:
10004a38:	b5f0      	push	{r4, r5, r6, r7, lr}
10004a3a:	46de      	mov	lr, fp
10004a3c:	4657      	mov	r7, sl
10004a3e:	464e      	mov	r6, r9
10004a40:	4645      	mov	r5, r8
10004a42:	b5e0      	push	{r5, r6, r7, lr}
10004a44:	4bc8      	ldr	r3, [pc, #800]	@ (10004d68 <tud_task_ext+0x330>)
10004a46:	b091      	sub	sp, #68	@ 0x44
10004a48:	9302      	str	r3, [sp, #8]
10004a4a:	781b      	ldrb	r3, [r3, #0]
10004a4c:	2bff      	cmp	r3, #255	@ 0xff
10004a4e:	d100      	bne.n	10004a52 <tud_task_ext+0x1a>
10004a50:	e13e      	b.n	10004cd0 <tud_task_ext+0x298>
10004a52:	4bc6      	ldr	r3, [pc, #792]	@ (10004d6c <tud_task_ext+0x334>)
10004a54:	4ec6      	ldr	r6, [pc, #792]	@ (10004d70 <tud_task_ext+0x338>)
10004a56:	469b      	mov	fp, r3
10004a58:	465f      	mov	r7, fp
10004a5a:	4bc6      	ldr	r3, [pc, #792]	@ (10004d74 <tud_task_ext+0x33c>)
10004a5c:	ac0d      	add	r4, sp, #52	@ 0x34
10004a5e:	9301      	str	r3, [sp, #4]
10004a60:	4bc5      	ldr	r3, [pc, #788]	@ (10004d78 <tud_task_ext+0x340>)
10004a62:	9300      	str	r3, [sp, #0]
10004a64:	6835      	ldr	r5, [r6, #0]
10004a66:	696a      	ldr	r2, [r5, #20]
10004a68:	f3ef 8110 	mrs	r1, PRIMASK
10004a6c:	b672      	cpsid	i
10004a6e:	6813      	ldr	r3, [r2, #0]
10004a70:	2b00      	cmp	r3, #0
10004a72:	d0fc      	beq.n	10004a6e <tud_task_ext+0x36>
10004a74:	f3bf 8f5f 	dmb	sy
10004a78:	61a9      	str	r1, [r5, #24]
10004a7a:	0028      	movs	r0, r5
10004a7c:	0021      	movs	r1, r4
10004a7e:	f001 fbaf 	bl	100061e0 <tu_fifo_read>
10004a82:	696a      	ldr	r2, [r5, #20]
10004a84:	69ab      	ldr	r3, [r5, #24]
10004a86:	f3bf 8f5f 	dmb	sy
10004a8a:	2100      	movs	r1, #0
10004a8c:	6011      	str	r1, [r2, #0]
10004a8e:	f383 8810 	msr	PRIMASK, r3
10004a92:	2800      	cmp	r0, #0
10004a94:	d100      	bne.n	10004a98 <tud_task_ext+0x60>
10004a96:	e11b      	b.n	10004cd0 <tud_task_ext+0x298>
10004a98:	7863      	ldrb	r3, [r4, #1]
10004a9a:	2b08      	cmp	r3, #8
10004a9c:	d8e2      	bhi.n	10004a64 <tud_task_ext+0x2c>
10004a9e:	009b      	lsls	r3, r3, #2
10004aa0:	58fb      	ldr	r3, [r7, r3]
10004aa2:	469f      	mov	pc, r3
10004aa4:	6863      	ldr	r3, [r4, #4]
10004aa6:	2b00      	cmp	r3, #0
10004aa8:	d0dc      	beq.n	10004a64 <tud_task_ext+0x2c>
10004aaa:	68a0      	ldr	r0, [r4, #8]
10004aac:	4798      	blx	r3
10004aae:	e7d9      	b.n	10004a64 <tud_task_ext+0x2c>
10004ab0:	227f      	movs	r2, #127	@ 0x7f
10004ab2:	7921      	ldrb	r1, [r4, #4]
10004ab4:	4daf      	ldr	r5, [pc, #700]	@ (10004d74 <tud_task_ext+0x33c>)
10004ab6:	400a      	ands	r2, r1
10004ab8:	0053      	lsls	r3, r2, #1
10004aba:	18eb      	adds	r3, r5, r3
10004abc:	4698      	mov	r8, r3
10004abe:	09c8      	lsrs	r0, r1, #7
10004ac0:	4480      	add	r8, r0
10004ac2:	4640      	mov	r0, r8
10004ac4:	2301      	movs	r3, #1
10004ac6:	3030      	adds	r0, #48	@ 0x30
10004ac8:	7905      	ldrb	r5, [r0, #4]
10004aca:	439d      	bics	r5, r3
10004acc:	7105      	strb	r5, [r0, #4]
10004ace:	7905      	ldrb	r5, [r0, #4]
10004ad0:	3303      	adds	r3, #3
10004ad2:	439d      	bics	r5, r3
10004ad4:	7105      	strb	r5, [r0, #4]
10004ad6:	2a00      	cmp	r2, #0
10004ad8:	d100      	bne.n	10004adc <tud_task_ext+0xa4>
10004ada:	e100      	b.n	10004cde <tud_task_ext+0x2a6>
10004adc:	4643      	mov	r3, r8
10004ade:	4aa7      	ldr	r2, [pc, #668]	@ (10004d7c <tud_task_ext+0x344>)
10004ae0:	7d1b      	ldrb	r3, [r3, #20]
10004ae2:	7812      	ldrb	r2, [r2, #0]
10004ae4:	4293      	cmp	r3, r2
10004ae6:	d300      	bcc.n	10004aea <tud_task_ext+0xb2>
10004ae8:	e0ef      	b.n	10004cca <tud_task_ext+0x292>
10004aea:	4aa5      	ldr	r2, [pc, #660]	@ (10004d80 <tud_task_ext+0x348>)
10004aec:	015b      	lsls	r3, r3, #5
10004aee:	6815      	ldr	r5, [r2, #0]
10004af0:	18ed      	adds	r5, r5, r3
10004af2:	2d00      	cmp	r5, #0
10004af4:	d100      	bne.n	10004af8 <tud_task_ext+0xc0>
10004af6:	e0eb      	b.n	10004cd0 <tud_task_ext+0x298>
10004af8:	68a3      	ldr	r3, [r4, #8]
10004afa:	7962      	ldrb	r2, [r4, #5]
10004afc:	7820      	ldrb	r0, [r4, #0]
10004afe:	69ad      	ldr	r5, [r5, #24]
10004b00:	47a8      	blx	r5
10004b02:	e7af      	b.n	10004a64 <tud_task_ext+0x2c>
10004b04:	4a9f      	ldr	r2, [pc, #636]	@ (10004d84 <tud_task_ext+0x34c>)
10004b06:	7813      	ldrb	r3, [r2, #0]
10004b08:	2b00      	cmp	r3, #0
10004b0a:	d100      	bne.n	10004b0e <tud_task_ext+0xd6>
10004b0c:	e0e0      	b.n	10004cd0 <tud_task_ext+0x298>
10004b0e:	7813      	ldrb	r3, [r2, #0]
10004b10:	3b01      	subs	r3, #1
10004b12:	b2db      	uxtb	r3, r3
10004b14:	7013      	strb	r3, [r2, #0]
10004b16:	7813      	ldrb	r3, [r2, #0]
10004b18:	2b00      	cmp	r3, #0
10004b1a:	d1a3      	bne.n	10004a64 <tud_task_ext+0x2c>
10004b1c:	2201      	movs	r2, #1
10004b1e:	4d95      	ldr	r5, [pc, #596]	@ (10004d74 <tud_task_ext+0x33c>)
10004b20:	2101      	movs	r1, #1
10004b22:	782b      	ldrb	r3, [r5, #0]
10004b24:	2004      	movs	r0, #4
10004b26:	4313      	orrs	r3, r2
10004b28:	702b      	strb	r3, [r5, #0]
10004b2a:	2334      	movs	r3, #52	@ 0x34
10004b2c:	5cea      	ldrb	r2, [r5, r3]
10004b2e:	438a      	bics	r2, r1
10004b30:	54ea      	strb	r2, [r5, r3]
10004b32:	5cea      	ldrb	r2, [r5, r3]
10004b34:	4382      	bics	r2, r0
10004b36:	54ea      	strb	r2, [r5, r3]
10004b38:	3301      	adds	r3, #1
10004b3a:	5cea      	ldrb	r2, [r5, r3]
10004b3c:	438a      	bics	r2, r1
10004b3e:	54ea      	strb	r2, [r5, r3]
10004b40:	5cea      	ldrb	r2, [r5, r3]
10004b42:	4382      	bics	r2, r0
10004b44:	54ea      	strb	r2, [r5, r3]
10004b46:	7823      	ldrb	r3, [r4, #0]
10004b48:	2000      	movs	r0, #0
10004b4a:	469b      	mov	fp, r3
10004b4c:	f000 fc9e 	bl	1000548c <usbd_control_set_complete_callback>
10004b50:	2260      	movs	r2, #96	@ 0x60
10004b52:	7923      	ldrb	r3, [r4, #4]
10004b54:	401a      	ands	r2, r3
10004b56:	2a60      	cmp	r2, #96	@ 0x60
10004b58:	d100      	bne.n	10004b5c <tud_task_ext+0x124>
10004b5a:	e0ef      	b.n	10004d3c <tud_task_ext+0x304>
10004b5c:	2a40      	cmp	r2, #64	@ 0x40
10004b5e:	d100      	bne.n	10004b62 <tud_task_ext+0x12a>
10004b60:	e0f5      	b.n	10004d4e <tud_task_ext+0x316>
10004b62:	06db      	lsls	r3, r3, #27
10004b64:	0edb      	lsrs	r3, r3, #27
10004b66:	2b01      	cmp	r3, #1
10004b68:	d100      	bne.n	10004b6c <tud_task_ext+0x134>
10004b6a:	e113      	b.n	10004d94 <tud_task_ext+0x35c>
10004b6c:	2b02      	cmp	r3, #2
10004b6e:	d100      	bne.n	10004b72 <tud_task_ext+0x13a>
10004b70:	e0c7      	b.n	10004d02 <tud_task_ext+0x2ca>
10004b72:	2b00      	cmp	r3, #0
10004b74:	d000      	beq.n	10004b78 <tud_task_ext+0x140>
10004b76:	e0e1      	b.n	10004d3c <tud_task_ext+0x304>
10004b78:	2a20      	cmp	r2, #32
10004b7a:	d100      	bne.n	10004b7e <tud_task_ext+0x146>
10004b7c:	e21c      	b.n	10004fb8 <tud_task_ext+0x580>
10004b7e:	2a00      	cmp	r2, #0
10004b80:	d000      	beq.n	10004b84 <tud_task_ext+0x14c>
10004b82:	e0db      	b.n	10004d3c <tud_task_ext+0x304>
10004b84:	7963      	ldrb	r3, [r4, #5]
10004b86:	2b09      	cmp	r3, #9
10004b88:	d900      	bls.n	10004b8c <tud_task_ext+0x154>
10004b8a:	e0d7      	b.n	10004d3c <tud_task_ext+0x304>
10004b8c:	4a7e      	ldr	r2, [pc, #504]	@ (10004d88 <tud_task_ext+0x350>)
10004b8e:	009b      	lsls	r3, r3, #2
10004b90:	58d3      	ldr	r3, [r2, r3]
10004b92:	469f      	mov	pc, r3
10004b94:	4d77      	ldr	r5, [pc, #476]	@ (10004d74 <tud_task_ext+0x33c>)
10004b96:	782b      	ldrb	r3, [r5, #0]
10004b98:	07db      	lsls	r3, r3, #31
10004b9a:	d400      	bmi.n	10004b9e <tud_task_ext+0x166>
10004b9c:	e762      	b.n	10004a64 <tud_task_ext+0x2c>
10004b9e:	f7ff febf 	bl	10004920 <tud_resume_cb>
10004ba2:	e75f      	b.n	10004a64 <tud_task_ext+0x2c>
10004ba4:	9b01      	ldr	r3, [sp, #4]
10004ba6:	78db      	ldrb	r3, [r3, #3]
10004ba8:	07db      	lsls	r3, r3, #31
10004baa:	d400      	bmi.n	10004bae <tud_task_ext+0x176>
10004bac:	e75a      	b.n	10004a64 <tud_task_ext+0x2c>
10004bae:	6860      	ldr	r0, [r4, #4]
10004bb0:	f7ff feaa 	bl	10004908 <tud_sof_cb>
10004bb4:	e756      	b.n	10004a64 <tud_task_ext+0x2c>
10004bb6:	4d6f      	ldr	r5, [pc, #444]	@ (10004d74 <tud_task_ext+0x33c>)
10004bb8:	782b      	ldrb	r3, [r5, #0]
10004bba:	07db      	lsls	r3, r3, #31
10004bbc:	d400      	bmi.n	10004bc0 <tud_task_ext+0x188>
10004bbe:	e751      	b.n	10004a64 <tud_task_ext+0x2c>
10004bc0:	7828      	ldrb	r0, [r5, #0]
10004bc2:	0700      	lsls	r0, r0, #28
10004bc4:	0fc0      	lsrs	r0, r0, #31
10004bc6:	f7ff fea9 	bl	1000491c <tud_suspend_cb>
10004bca:	e74b      	b.n	10004a64 <tud_task_ext+0x2c>
10004bcc:	7823      	ldrb	r3, [r4, #0]
10004bce:	496a      	ldr	r1, [pc, #424]	@ (10004d78 <tud_task_ext+0x340>)
10004bd0:	4699      	mov	r9, r3
10004bd2:	468b      	mov	fp, r1
10004bd4:	4b69      	ldr	r3, [pc, #420]	@ (10004d7c <tud_task_ext+0x344>)
10004bd6:	496a      	ldr	r1, [pc, #424]	@ (10004d80 <tud_task_ext+0x348>)
10004bd8:	4698      	mov	r8, r3
10004bda:	468a      	mov	sl, r1
10004bdc:	0039      	movs	r1, r7
10004bde:	781a      	ldrb	r2, [r3, #0]
10004be0:	4647      	mov	r7, r8
10004be2:	2300      	movs	r3, #0
10004be4:	46b0      	mov	r8, r6
10004be6:	2500      	movs	r5, #0
10004be8:	464e      	mov	r6, r9
10004bea:	4689      	mov	r9, r1
10004bec:	e010      	b.n	10004c10 <tud_task_ext+0x1d8>
10004bee:	4653      	mov	r3, sl
10004bf0:	681b      	ldr	r3, [r3, #0]
10004bf2:	016a      	lsls	r2, r5, #5
10004bf4:	189b      	adds	r3, r3, r2
10004bf6:	2b00      	cmp	r3, #0
10004bf8:	d100      	bne.n	10004bfc <tud_task_ext+0x1c4>
10004bfa:	e076      	b.n	10004cea <tud_task_ext+0x2b2>
10004bfc:	68db      	ldr	r3, [r3, #12]
10004bfe:	0030      	movs	r0, r6
10004c00:	4798      	blx	r3
10004c02:	783a      	ldrb	r2, [r7, #0]
10004c04:	3501      	adds	r5, #1
10004c06:	b2ed      	uxtb	r5, r5
10004c08:	1c51      	adds	r1, r2, #1
10004c0a:	002b      	movs	r3, r5
10004c0c:	428d      	cmp	r5, r1
10004c0e:	dc44      	bgt.n	10004c9a <tud_task_ext+0x262>
10004c10:	4295      	cmp	r5, r2
10004c12:	d3ec      	bcc.n	10004bee <tud_task_ext+0x1b6>
10004c14:	1a9b      	subs	r3, r3, r2
10004c16:	015b      	lsls	r3, r3, #5
10004c18:	445b      	add	r3, fp
10004c1a:	e7ef      	b.n	10004bfc <tud_task_ext+0x1c4>
10004c1c:	7823      	ldrb	r3, [r4, #0]
10004c1e:	4958      	ldr	r1, [pc, #352]	@ (10004d80 <tud_task_ext+0x348>)
10004c20:	4699      	mov	r9, r3
10004c22:	4b56      	ldr	r3, [pc, #344]	@ (10004d7c <tud_task_ext+0x344>)
10004c24:	468a      	mov	sl, r1
10004c26:	4698      	mov	r8, r3
10004c28:	0031      	movs	r1, r6
10004c2a:	46bb      	mov	fp, r7
10004c2c:	464e      	mov	r6, r9
10004c2e:	781a      	ldrb	r2, [r3, #0]
10004c30:	2500      	movs	r5, #0
10004c32:	2300      	movs	r3, #0
10004c34:	4647      	mov	r7, r8
10004c36:	4689      	mov	r9, r1
10004c38:	e00f      	b.n	10004c5a <tud_task_ext+0x222>
10004c3a:	4653      	mov	r3, sl
10004c3c:	681b      	ldr	r3, [r3, #0]
10004c3e:	016a      	lsls	r2, r5, #5
10004c40:	189b      	adds	r3, r3, r2
10004c42:	2b00      	cmp	r3, #0
10004c44:	d055      	beq.n	10004cf2 <tud_task_ext+0x2ba>
10004c46:	68db      	ldr	r3, [r3, #12]
10004c48:	0030      	movs	r0, r6
10004c4a:	4798      	blx	r3
10004c4c:	783a      	ldrb	r2, [r7, #0]
10004c4e:	3501      	adds	r5, #1
10004c50:	b2ed      	uxtb	r5, r5
10004c52:	1c51      	adds	r1, r2, #1
10004c54:	002b      	movs	r3, r5
10004c56:	428d      	cmp	r5, r1
10004c58:	dc07      	bgt.n	10004c6a <tud_task_ext+0x232>
10004c5a:	4295      	cmp	r5, r2
10004c5c:	d3ed      	bcc.n	10004c3a <tud_task_ext+0x202>
10004c5e:	1a9b      	subs	r3, r3, r2
10004c60:	9a00      	ldr	r2, [sp, #0]
10004c62:	015b      	lsls	r3, r3, #5
10004c64:	4694      	mov	ip, r2
10004c66:	4463      	add	r3, ip
10004c68:	e7ed      	b.n	10004c46 <tud_task_ext+0x20e>
10004c6a:	9d01      	ldr	r5, [sp, #4]
10004c6c:	2254      	movs	r2, #84	@ 0x54
10004c6e:	2100      	movs	r1, #0
10004c70:	0028      	movs	r0, r5
10004c72:	f7fd fa49 	bl	10002108 <__wrap_memset>
10004c76:	2210      	movs	r2, #16
10004c78:	21ff      	movs	r1, #255	@ 0xff
10004c7a:	4844      	ldr	r0, [pc, #272]	@ (10004d8c <tud_task_ext+0x354>)
10004c7c:	f7fd fa44 	bl	10002108 <__wrap_memset>
10004c80:	0028      	movs	r0, r5
10004c82:	2220      	movs	r2, #32
10004c84:	21ff      	movs	r1, #255	@ 0xff
10004c86:	3014      	adds	r0, #20
10004c88:	464e      	mov	r6, r9
10004c8a:	465f      	mov	r7, fp
10004c8c:	f7fd fa3c 	bl	10002108 <__wrap_memset>
10004c90:	f000 fbf2 	bl	10005478 <usbd_control_reset>
10004c94:	f7ff fe40 	bl	10004918 <tud_umount_cb>
10004c98:	e6e4      	b.n	10004a64 <tud_task_ext+0x2c>
10004c9a:	4d36      	ldr	r5, [pc, #216]	@ (10004d74 <tud_task_ext+0x33c>)
10004c9c:	2254      	movs	r2, #84	@ 0x54
10004c9e:	2100      	movs	r1, #0
10004ca0:	0028      	movs	r0, r5
10004ca2:	f7fd fa31 	bl	10002108 <__wrap_memset>
10004ca6:	2210      	movs	r2, #16
10004ca8:	21ff      	movs	r1, #255	@ 0xff
10004caa:	1d28      	adds	r0, r5, #4
10004cac:	f7fd fa2c 	bl	10002108 <__wrap_memset>
10004cb0:	0028      	movs	r0, r5
10004cb2:	2220      	movs	r2, #32
10004cb4:	21ff      	movs	r1, #255	@ 0xff
10004cb6:	3014      	adds	r0, #20
10004cb8:	4646      	mov	r6, r8
10004cba:	464f      	mov	r7, r9
10004cbc:	f7fd fa24 	bl	10002108 <__wrap_memset>
10004cc0:	f000 fbda 	bl	10005478 <usbd_control_reset>
10004cc4:	7923      	ldrb	r3, [r4, #4]
10004cc6:	70ab      	strb	r3, [r5, #2]
10004cc8:	e6cc      	b.n	10004a64 <tud_task_ext+0x2c>
10004cca:	1c50      	adds	r0, r2, #1
10004ccc:	4298      	cmp	r0, r3
10004cce:	da13      	bge.n	10004cf8 <tud_task_ext+0x2c0>
10004cd0:	b011      	add	sp, #68	@ 0x44
10004cd2:	bcf0      	pop	{r4, r5, r6, r7}
10004cd4:	46bb      	mov	fp, r7
10004cd6:	46b2      	mov	sl, r6
10004cd8:	46a9      	mov	r9, r5
10004cda:	46a0      	mov	r8, r4
10004cdc:	bdf0      	pop	{r4, r5, r6, r7, pc}
10004cde:	68a3      	ldr	r3, [r4, #8]
10004ce0:	7962      	ldrb	r2, [r4, #5]
10004ce2:	7820      	ldrb	r0, [r4, #0]
10004ce4:	f000 fbe6 	bl	100054b4 <usbd_control_xfer_cb>
10004ce8:	e6bc      	b.n	10004a64 <tud_task_ext+0x2c>
10004cea:	4646      	mov	r6, r8
10004cec:	464f      	mov	r7, r9
10004cee:	4d21      	ldr	r5, [pc, #132]	@ (10004d74 <tud_task_ext+0x33c>)
10004cf0:	e7e6      	b.n	10004cc0 <tud_task_ext+0x288>
10004cf2:	464e      	mov	r6, r9
10004cf4:	465f      	mov	r7, fp
10004cf6:	e7cb      	b.n	10004c90 <tud_task_ext+0x258>
10004cf8:	4d1f      	ldr	r5, [pc, #124]	@ (10004d78 <tud_task_ext+0x340>)
10004cfa:	1a9b      	subs	r3, r3, r2
10004cfc:	015b      	lsls	r3, r3, #5
10004cfe:	195d      	adds	r5, r3, r5
10004d00:	e6fa      	b.n	10004af8 <tud_task_ext+0xc0>
10004d02:	2370      	movs	r3, #112	@ 0x70
10004d04:	7a21      	ldrb	r1, [r4, #8]
10004d06:	420b      	tst	r3, r1
10004d08:	d118      	bne.n	10004d3c <tud_task_ext+0x304>
10004d0a:	09c8      	lsrs	r0, r1, #7
10004d0c:	4682      	mov	sl, r0
10004d0e:	330f      	adds	r3, #15
10004d10:	400b      	ands	r3, r1
10004d12:	005b      	lsls	r3, r3, #1
10004d14:	4698      	mov	r8, r3
10004d16:	4819      	ldr	r0, [pc, #100]	@ (10004d7c <tud_task_ext+0x344>)
10004d18:	18eb      	adds	r3, r5, r3
10004d1a:	4453      	add	r3, sl
10004d1c:	7d1b      	ldrb	r3, [r3, #20]
10004d1e:	7800      	ldrb	r0, [r0, #0]
10004d20:	4699      	mov	r9, r3
10004d22:	4283      	cmp	r3, r0
10004d24:	d266      	bcs.n	10004df4 <tud_task_ext+0x3bc>
10004d26:	4816      	ldr	r0, [pc, #88]	@ (10004d80 <tud_task_ext+0x348>)
10004d28:	015b      	lsls	r3, r3, #5
10004d2a:	6800      	ldr	r0, [r0, #0]
10004d2c:	4681      	mov	r9, r0
10004d2e:	4499      	add	r9, r3
10004d30:	2a00      	cmp	r2, #0
10004d32:	d100      	bne.n	10004d36 <tud_task_ext+0x2fe>
10004d34:	e15f      	b.n	10004ff6 <tud_task_ext+0x5be>
10004d36:	464b      	mov	r3, r9
10004d38:	2b00      	cmp	r3, #0
10004d3a:	d168      	bne.n	10004e0e <tud_task_ext+0x3d6>
10004d3c:	7820      	ldrb	r0, [r4, #0]
10004d3e:	2100      	movs	r1, #0
10004d40:	f7ff fd6a 	bl	10004818 <dcd_edpt_stall>
10004d44:	2180      	movs	r1, #128	@ 0x80
10004d46:	7820      	ldrb	r0, [r4, #0]
10004d48:	f7ff fd66 	bl	10004818 <dcd_edpt_stall>
10004d4c:	e68a      	b.n	10004a64 <tud_task_ext+0x2c>
10004d4e:	4810      	ldr	r0, [pc, #64]	@ (10004d90 <tud_task_ext+0x358>)
10004d50:	f000 fb9c 	bl	1000548c <usbd_control_set_complete_callback>
10004d54:	2101      	movs	r1, #1
10004d56:	4658      	mov	r0, fp
10004d58:	aa0e      	add	r2, sp, #56	@ 0x38
10004d5a:	f7ff f8cd 	bl	10003ef8 <tud_vendor_control_xfer_cb>
10004d5e:	2800      	cmp	r0, #0
10004d60:	d000      	beq.n	10004d64 <tud_task_ext+0x32c>
10004d62:	e67f      	b.n	10004a64 <tud_task_ext+0x2c>
10004d64:	e7ea      	b.n	10004d3c <tud_task_ext+0x304>
10004d66:	46c0      	nop			@ (mov r8, r8)
10004d68:	200010a4 	.word	0x200010a4
10004d6c:	1000a084 	.word	0x1000a084
10004d70:	20001588 	.word	0x20001588
10004d74:	20001530 	.word	0x20001530
10004d78:	1000a12c 	.word	0x1000a12c
10004d7c:	20022490 	.word	0x20022490
10004d80:	20001380 	.word	0x20001380
10004d84:	20022492 	.word	0x20022492
10004d88:	1000a0a8 	.word	0x1000a0a8
10004d8c:	20001534 	.word	0x20001534
10004d90:	10003ef9 	.word	0x10003ef9
10004d94:	7a23      	ldrb	r3, [r4, #8]
10004d96:	2b0f      	cmp	r3, #15
10004d98:	d8d0      	bhi.n	10004d3c <tud_task_ext+0x304>
10004d9a:	4acf      	ldr	r2, [pc, #828]	@ (100050d8 <tud_task_ext+0x6a0>)
10004d9c:	18eb      	adds	r3, r5, r3
10004d9e:	791b      	ldrb	r3, [r3, #4]
10004da0:	7815      	ldrb	r5, [r2, #0]
10004da2:	42ab      	cmp	r3, r5
10004da4:	d33e      	bcc.n	10004e24 <tud_task_ext+0x3ec>
10004da6:	1c69      	adds	r1, r5, #1
10004da8:	4299      	cmp	r1, r3
10004daa:	dbc7      	blt.n	10004d3c <tud_task_ext+0x304>
10004dac:	1b5d      	subs	r5, r3, r5
10004dae:	4bcb      	ldr	r3, [pc, #812]	@ (100050dc <tud_task_ext+0x6a4>)
10004db0:	016d      	lsls	r5, r5, #5
10004db2:	18ed      	adds	r5, r5, r3
10004db4:	6968      	ldr	r0, [r5, #20]
10004db6:	f000 fb69 	bl	1000548c <usbd_control_set_complete_callback>
10004dba:	2101      	movs	r1, #1
10004dbc:	4658      	mov	r0, fp
10004dbe:	696b      	ldr	r3, [r5, #20]
10004dc0:	aa0e      	add	r2, sp, #56	@ 0x38
10004dc2:	4798      	blx	r3
10004dc4:	2800      	cmp	r0, #0
10004dc6:	d000      	beq.n	10004dca <tud_task_ext+0x392>
10004dc8:	e64c      	b.n	10004a64 <tud_task_ext+0x2c>
10004dca:	2260      	movs	r2, #96	@ 0x60
10004dcc:	0015      	movs	r5, r2
10004dce:	7923      	ldrb	r3, [r4, #4]
10004dd0:	401d      	ands	r5, r3
10004dd2:	421a      	tst	r2, r3
10004dd4:	d1b2      	bne.n	10004d3c <tud_task_ext+0x304>
10004dd6:	7963      	ldrb	r3, [r4, #5]
10004dd8:	3b0a      	subs	r3, #10
10004dda:	2b01      	cmp	r3, #1
10004ddc:	d8ae      	bhi.n	10004d3c <tud_task_ext+0x304>
10004dde:	f000 fb55 	bl	1000548c <usbd_control_set_complete_callback>
10004de2:	7963      	ldrb	r3, [r4, #5]
10004de4:	2b0a      	cmp	r3, #10
10004de6:	d100      	bne.n	10004dea <tud_task_ext+0x3b2>
10004de8:	e199      	b.n	1000511e <tud_task_ext+0x6e6>
10004dea:	4658      	mov	r0, fp
10004dec:	a90e      	add	r1, sp, #56	@ 0x38
10004dee:	f000 fad9 	bl	100053a4 <tud_control_status>
10004df2:	e637      	b.n	10004a64 <tud_task_ext+0x2c>
10004df4:	1c43      	adds	r3, r0, #1
10004df6:	454b      	cmp	r3, r9
10004df8:	da00      	bge.n	10004dfc <tud_task_ext+0x3c4>
10004dfa:	e0f7      	b.n	10004fec <tud_task_ext+0x5b4>
10004dfc:	464b      	mov	r3, r9
10004dfe:	1a1b      	subs	r3, r3, r0
10004e00:	015b      	lsls	r3, r3, #5
10004e02:	4699      	mov	r9, r3
10004e04:	48b5      	ldr	r0, [pc, #724]	@ (100050dc <tud_task_ext+0x6a4>)
10004e06:	4481      	add	r9, r0
10004e08:	2a00      	cmp	r2, #0
10004e0a:	d100      	bne.n	10004e0e <tud_task_ext+0x3d6>
10004e0c:	e0f3      	b.n	10004ff6 <tud_task_ext+0x5be>
10004e0e:	464b      	mov	r3, r9
10004e10:	6958      	ldr	r0, [r3, #20]
10004e12:	f000 fb3b 	bl	1000548c <usbd_control_set_complete_callback>
10004e16:	464b      	mov	r3, r9
10004e18:	2101      	movs	r1, #1
10004e1a:	4658      	mov	r0, fp
10004e1c:	695b      	ldr	r3, [r3, #20]
10004e1e:	aa0e      	add	r2, sp, #56	@ 0x38
10004e20:	4798      	blx	r3
10004e22:	e79c      	b.n	10004d5e <tud_task_ext+0x326>
10004e24:	4aae      	ldr	r2, [pc, #696]	@ (100050e0 <tud_task_ext+0x6a8>)
10004e26:	015b      	lsls	r3, r3, #5
10004e28:	6815      	ldr	r5, [r2, #0]
10004e2a:	18ed      	adds	r5, r5, r3
10004e2c:	2d00      	cmp	r5, #0
10004e2e:	d1c1      	bne.n	10004db4 <tud_task_ext+0x37c>
10004e30:	e784      	b.n	10004d3c <tud_task_ext+0x304>
10004e32:	79a3      	ldrb	r3, [r4, #6]
10004e34:	4699      	mov	r9, r3
10004e36:	786b      	ldrb	r3, [r5, #1]
10004e38:	4599      	cmp	r9, r3
10004e3a:	d0d6      	beq.n	10004dea <tud_task_ext+0x3b2>
10004e3c:	786b      	ldrb	r3, [r5, #1]
10004e3e:	2b00      	cmp	r3, #0
10004e40:	d000      	beq.n	10004e44 <tud_task_ext+0x40c>
10004e42:	e133      	b.n	100050ac <tud_task_ext+0x674>
10004e44:	464b      	mov	r3, r9
10004e46:	706b      	strb	r3, [r5, #1]
10004e48:	2b00      	cmp	r3, #0
10004e4a:	d100      	bne.n	10004e4e <tud_task_ext+0x416>
10004e4c:	e12b      	b.n	100050a6 <tud_task_ext+0x66e>
10004e4e:	4648      	mov	r0, r9
10004e50:	3801      	subs	r0, #1
10004e52:	b2c0      	uxtb	r0, r0
10004e54:	f7ff fa92 	bl	1000437c <tud_descriptor_configuration_cb>
10004e58:	2800      	cmp	r0, #0
10004e5a:	d100      	bne.n	10004e5e <tud_task_ext+0x426>
10004e5c:	e17e      	b.n	1000515c <tud_task_ext+0x724>
10004e5e:	7843      	ldrb	r3, [r0, #1]
10004e60:	9307      	str	r3, [sp, #28]
10004e62:	2b02      	cmp	r3, #2
10004e64:	d000      	beq.n	10004e68 <tud_task_ext+0x430>
10004e66:	e179      	b.n	1000515c <tud_task_ext+0x724>
10004e68:	2201      	movs	r2, #1
10004e6a:	79c1      	ldrb	r1, [r0, #7]
10004e6c:	46b1      	mov	r9, r6
10004e6e:	118b      	asrs	r3, r1, #6
10004e70:	1149      	asrs	r1, r1, #5
10004e72:	4013      	ands	r3, r2
10004e74:	400a      	ands	r2, r1
10004e76:	2130      	movs	r1, #48	@ 0x30
10004e78:	0112      	lsls	r2, r2, #4
10004e7a:	015b      	lsls	r3, r3, #5
10004e7c:	4313      	orrs	r3, r2
10004e7e:	782a      	ldrb	r2, [r5, #0]
10004e80:	46a8      	mov	r8, r5
10004e82:	438a      	bics	r2, r1
10004e84:	4313      	orrs	r3, r2
10004e86:	702b      	strb	r3, [r5, #0]
10004e88:	2309      	movs	r3, #9
10004e8a:	469a      	mov	sl, r3
10004e8c:	4482      	add	sl, r0
10004e8e:	4656      	mov	r6, sl
10004e90:	46ba      	mov	sl, r7
10004e92:	78c3      	ldrb	r3, [r0, #3]
10004e94:	7882      	ldrb	r2, [r0, #2]
10004e96:	021b      	lsls	r3, r3, #8
10004e98:	4313      	orrs	r3, r2
10004e9a:	18c3      	adds	r3, r0, r3
10004e9c:	9305      	str	r3, [sp, #20]
10004e9e:	4b8e      	ldr	r3, [pc, #568]	@ (100050d8 <tud_task_ext+0x6a0>)
10004ea0:	9304      	str	r3, [sp, #16]
10004ea2:	4b8e      	ldr	r3, [pc, #568]	@ (100050dc <tud_task_ext+0x6a4>)
10004ea4:	9308      	str	r3, [sp, #32]
10004ea6:	4b8e      	ldr	r3, [pc, #568]	@ (100050e0 <tud_task_ext+0x6a8>)
10004ea8:	9309      	str	r3, [sp, #36]	@ 0x24
10004eaa:	4b8e      	ldr	r3, [pc, #568]	@ (100050e4 <tud_task_ext+0x6ac>)
10004eac:	930a      	str	r3, [sp, #40]	@ 0x28
10004eae:	9b05      	ldr	r3, [sp, #20]
10004eb0:	42b3      	cmp	r3, r6
10004eb2:	d800      	bhi.n	10004eb6 <tud_task_ext+0x47e>
10004eb4:	e155      	b.n	10005162 <tud_task_ext+0x72a>
10004eb6:	7873      	ldrb	r3, [r6, #1]
10004eb8:	2201      	movs	r2, #1
10004eba:	2b0b      	cmp	r3, #11
10004ebc:	d103      	bne.n	10004ec6 <tud_task_ext+0x48e>
10004ebe:	7833      	ldrb	r3, [r6, #0]
10004ec0:	78f2      	ldrb	r2, [r6, #3]
10004ec2:	18f6      	adds	r6, r6, r3
10004ec4:	7873      	ldrb	r3, [r6, #1]
10004ec6:	2b04      	cmp	r3, #4
10004ec8:	d000      	beq.n	10004ecc <tud_task_ext+0x494>
10004eca:	e144      	b.n	10005156 <tud_task_ext+0x71e>
10004ecc:	9b05      	ldr	r3, [sp, #20]
10004ece:	2700      	movs	r7, #0
10004ed0:	1b9b      	subs	r3, r3, r6
10004ed2:	b29b      	uxth	r3, r3
10004ed4:	9306      	str	r3, [sp, #24]
10004ed6:	9b04      	ldr	r3, [sp, #16]
10004ed8:	920b      	str	r2, [sp, #44]	@ 0x2c
10004eda:	781d      	ldrb	r5, [r3, #0]
10004edc:	2300      	movs	r3, #0
10004ede:	9303      	str	r3, [sp, #12]
10004ee0:	e01b      	b.n	10004f1a <tud_task_ext+0x4e2>
10004ee2:	9a09      	ldr	r2, [sp, #36]	@ 0x24
10004ee4:	017b      	lsls	r3, r7, #5
10004ee6:	6815      	ldr	r5, [r2, #0]
10004ee8:	18ed      	adds	r5, r5, r3
10004eea:	2d00      	cmp	r5, #0
10004eec:	d100      	bne.n	10004ef0 <tud_task_ext+0x4b8>
10004eee:	e132      	b.n	10005156 <tud_task_ext+0x71e>
10004ef0:	0031      	movs	r1, r6
10004ef2:	4658      	mov	r0, fp
10004ef4:	692b      	ldr	r3, [r5, #16]
10004ef6:	9a06      	ldr	r2, [sp, #24]
10004ef8:	4798      	blx	r3
10004efa:	4684      	mov	ip, r0
10004efc:	2808      	cmp	r0, #8
10004efe:	d903      	bls.n	10004f08 <tud_task_ext+0x4d0>
10004f00:	9a06      	ldr	r2, [sp, #24]
10004f02:	4282      	cmp	r2, r0
10004f04:	d300      	bcc.n	10004f08 <tud_task_ext+0x4d0>
10004f06:	e113      	b.n	10005130 <tud_task_ext+0x6f8>
10004f08:	9b04      	ldr	r3, [sp, #16]
10004f0a:	3701      	adds	r7, #1
10004f0c:	781d      	ldrb	r5, [r3, #0]
10004f0e:	b2ff      	uxtb	r7, r7
10004f10:	1c6b      	adds	r3, r5, #1
10004f12:	9703      	str	r7, [sp, #12]
10004f14:	429f      	cmp	r7, r3
10004f16:	dd00      	ble.n	10004f1a <tud_task_ext+0x4e2>
10004f18:	e11d      	b.n	10005156 <tud_task_ext+0x71e>
10004f1a:	42bd      	cmp	r5, r7
10004f1c:	d8e1      	bhi.n	10004ee2 <tud_task_ext+0x4aa>
10004f1e:	9b03      	ldr	r3, [sp, #12]
10004f20:	1b5d      	subs	r5, r3, r5
10004f22:	9b08      	ldr	r3, [sp, #32]
10004f24:	016d      	lsls	r5, r5, #5
10004f26:	469c      	mov	ip, r3
10004f28:	4465      	add	r5, ip
10004f2a:	e7e1      	b.n	10004ef0 <tud_task_ext+0x4b8>
10004f2c:	786b      	ldrb	r3, [r5, #1]
10004f2e:	aa0c      	add	r2, sp, #48	@ 0x30
10004f30:	3202      	adds	r2, #2
10004f32:	7013      	strb	r3, [r2, #0]
10004f34:	4658      	mov	r0, fp
10004f36:	2301      	movs	r3, #1
10004f38:	a90e      	add	r1, sp, #56	@ 0x38
10004f3a:	f000 fa49 	bl	100053d0 <tud_control_xfer>
10004f3e:	e591      	b.n	10004a64 <tud_task_ext+0x2c>
10004f40:	88e3      	ldrh	r3, [r4, #6]
10004f42:	0a1a      	lsrs	r2, r3, #8
10004f44:	b2d8      	uxtb	r0, r3
10004f46:	2a0f      	cmp	r2, #15
10004f48:	d900      	bls.n	10004f4c <tud_task_ext+0x514>
10004f4a:	e6f7      	b.n	10004d3c <tud_task_ext+0x304>
10004f4c:	4966      	ldr	r1, [pc, #408]	@ (100050e8 <tud_task_ext+0x6b0>)
10004f4e:	0093      	lsls	r3, r2, #2
10004f50:	58cb      	ldr	r3, [r1, r3]
10004f52:	469f      	mov	pc, r3
10004f54:	a80e      	add	r0, sp, #56	@ 0x38
10004f56:	f000 fa9f 	bl	10005498 <usbd_control_set_request>
10004f5a:	4658      	mov	r0, fp
10004f5c:	79a1      	ldrb	r1, [r4, #6]
10004f5e:	f7ff fb95 	bl	1000468c <dcd_set_address>
10004f62:	2202      	movs	r2, #2
10004f64:	782b      	ldrb	r3, [r5, #0]
10004f66:	4313      	orrs	r3, r2
10004f68:	702b      	strb	r3, [r5, #0]
10004f6a:	e57b      	b.n	10004a64 <tud_task_ext+0x2c>
10004f6c:	88e3      	ldrh	r3, [r4, #6]
10004f6e:	2b01      	cmp	r3, #1
10004f70:	d000      	beq.n	10004f74 <tud_task_ext+0x53c>
10004f72:	e6e3      	b.n	10004d3c <tud_task_ext+0x304>
10004f74:	2208      	movs	r2, #8
10004f76:	782b      	ldrb	r3, [r5, #0]
10004f78:	4658      	mov	r0, fp
10004f7a:	4393      	bics	r3, r2
10004f7c:	a90e      	add	r1, sp, #56	@ 0x38
10004f7e:	702b      	strb	r3, [r5, #0]
10004f80:	f000 fa10 	bl	100053a4 <tud_control_status>
10004f84:	e56e      	b.n	10004a64 <tud_task_ext+0x2c>
10004f86:	2002      	movs	r0, #2
10004f88:	7829      	ldrb	r1, [r5, #0]
10004f8a:	ab0c      	add	r3, sp, #48	@ 0x30
10004f8c:	1c9a      	adds	r2, r3, #2
10004f8e:	068b      	lsls	r3, r1, #26
10004f90:	0889      	lsrs	r1, r1, #2
10004f92:	0fdb      	lsrs	r3, r3, #31
10004f94:	4001      	ands	r1, r0
10004f96:	430b      	orrs	r3, r1
10004f98:	8013      	strh	r3, [r2, #0]
10004f9a:	4658      	mov	r0, fp
10004f9c:	2302      	movs	r3, #2
10004f9e:	a90e      	add	r1, sp, #56	@ 0x38
10004fa0:	f000 fa16 	bl	100053d0 <tud_control_xfer>
10004fa4:	e55e      	b.n	10004a64 <tud_task_ext+0x2c>
10004fa6:	88e3      	ldrh	r3, [r4, #6]
10004fa8:	2b01      	cmp	r3, #1
10004faa:	d000      	beq.n	10004fae <tud_task_ext+0x576>
10004fac:	e6c6      	b.n	10004d3c <tud_task_ext+0x304>
10004fae:	2208      	movs	r2, #8
10004fb0:	782b      	ldrb	r3, [r5, #0]
10004fb2:	4313      	orrs	r3, r2
10004fb4:	702b      	strb	r3, [r5, #0]
10004fb6:	e718      	b.n	10004dea <tud_task_ext+0x3b2>
10004fb8:	7a23      	ldrb	r3, [r4, #8]
10004fba:	2b0f      	cmp	r3, #15
10004fbc:	d900      	bls.n	10004fc0 <tud_task_ext+0x588>
10004fbe:	e6bd      	b.n	10004d3c <tud_task_ext+0x304>
10004fc0:	18eb      	adds	r3, r5, r3
10004fc2:	791d      	ldrb	r5, [r3, #4]
10004fc4:	4b44      	ldr	r3, [pc, #272]	@ (100050d8 <tud_task_ext+0x6a0>)
10004fc6:	781b      	ldrb	r3, [r3, #0]
10004fc8:	429d      	cmp	r5, r3
10004fca:	d228      	bcs.n	1000501e <tud_task_ext+0x5e6>
10004fcc:	4b44      	ldr	r3, [pc, #272]	@ (100050e0 <tud_task_ext+0x6a8>)
10004fce:	016d      	lsls	r5, r5, #5
10004fd0:	681b      	ldr	r3, [r3, #0]
10004fd2:	195d      	adds	r5, r3, r5
10004fd4:	2d00      	cmp	r5, #0
10004fd6:	d100      	bne.n	10004fda <tud_task_ext+0x5a2>
10004fd8:	e6b0      	b.n	10004d3c <tud_task_ext+0x304>
10004fda:	6968      	ldr	r0, [r5, #20]
10004fdc:	f000 fa56 	bl	1000548c <usbd_control_set_complete_callback>
10004fe0:	2101      	movs	r1, #1
10004fe2:	4658      	mov	r0, fp
10004fe4:	696b      	ldr	r3, [r5, #20]
10004fe6:	aa0e      	add	r2, sp, #56	@ 0x38
10004fe8:	4798      	blx	r3
10004fea:	e6b8      	b.n	10004d5e <tud_task_ext+0x326>
10004fec:	2a00      	cmp	r2, #0
10004fee:	d000      	beq.n	10004ff2 <tud_task_ext+0x5ba>
10004ff0:	e6a4      	b.n	10004d3c <tud_task_ext+0x304>
10004ff2:	2300      	movs	r3, #0
10004ff4:	4699      	mov	r9, r3
10004ff6:	7962      	ldrb	r2, [r4, #5]
10004ff8:	2002      	movs	r0, #2
10004ffa:	0013      	movs	r3, r2
10004ffc:	9203      	str	r2, [sp, #12]
10004ffe:	4383      	bics	r3, r0
10005000:	2b01      	cmp	r3, #1
10005002:	d015      	beq.n	10005030 <tud_task_ext+0x5f8>
10005004:	2a00      	cmp	r2, #0
10005006:	d000      	beq.n	1000500a <tud_task_ext+0x5d2>
10005008:	e698      	b.n	10004d3c <tud_task_ext+0x304>
1000500a:	002b      	movs	r3, r5
1000500c:	4443      	add	r3, r8
1000500e:	4453      	add	r3, sl
10005010:	3330      	adds	r3, #48	@ 0x30
10005012:	791b      	ldrb	r3, [r3, #4]
10005014:	aa0c      	add	r2, sp, #48	@ 0x30
10005016:	079b      	lsls	r3, r3, #30
10005018:	0fdb      	lsrs	r3, r3, #31
1000501a:	3202      	adds	r2, #2
1000501c:	e7bc      	b.n	10004f98 <tud_task_ext+0x560>
1000501e:	1c5a      	adds	r2, r3, #1
10005020:	42aa      	cmp	r2, r5
10005022:	da00      	bge.n	10005026 <tud_task_ext+0x5ee>
10005024:	e68a      	b.n	10004d3c <tud_task_ext+0x304>
10005026:	1aed      	subs	r5, r5, r3
10005028:	4b2c      	ldr	r3, [pc, #176]	@ (100050dc <tud_task_ext+0x6a4>)
1000502a:	016d      	lsls	r5, r5, #5
1000502c:	18ed      	adds	r5, r5, r3
1000502e:	e7d4      	b.n	10004fda <tud_task_ext+0x5a2>
10005030:	88e3      	ldrh	r3, [r4, #6]
10005032:	2b00      	cmp	r3, #0
10005034:	d112      	bne.n	1000505c <tud_task_ext+0x624>
10005036:	9b02      	ldr	r3, [sp, #8]
10005038:	7818      	ldrb	r0, [r3, #0]
1000503a:	9b03      	ldr	r3, [sp, #12]
1000503c:	2b01      	cmp	r3, #1
1000503e:	d023      	beq.n	10005088 <tud_task_ext+0x650>
10005040:	f7ff fbea 	bl	10004818 <dcd_edpt_stall>
10005044:	4643      	mov	r3, r8
10005046:	2102      	movs	r1, #2
10005048:	18eb      	adds	r3, r5, r3
1000504a:	4453      	add	r3, sl
1000504c:	3330      	adds	r3, #48	@ 0x30
1000504e:	791a      	ldrb	r2, [r3, #4]
10005050:	430a      	orrs	r2, r1
10005052:	2101      	movs	r1, #1
10005054:	711a      	strb	r2, [r3, #4]
10005056:	791a      	ldrb	r2, [r3, #4]
10005058:	430a      	orrs	r2, r1
1000505a:	711a      	strb	r2, [r3, #4]
1000505c:	464b      	mov	r3, r9
1000505e:	2b00      	cmp	r3, #0
10005060:	d100      	bne.n	10005064 <tud_task_ext+0x62c>
10005062:	e4ff      	b.n	10004a64 <tud_task_ext+0x2c>
10005064:	6958      	ldr	r0, [r3, #20]
10005066:	f000 fa11 	bl	1000548c <usbd_control_set_complete_callback>
1000506a:	464b      	mov	r3, r9
1000506c:	2101      	movs	r1, #1
1000506e:	695b      	ldr	r3, [r3, #20]
10005070:	aa0e      	add	r2, sp, #56	@ 0x38
10005072:	4658      	mov	r0, fp
10005074:	4798      	blx	r3
10005076:	2000      	movs	r0, #0
10005078:	f000 fa08 	bl	1000548c <usbd_control_set_complete_callback>
1000507c:	2335      	movs	r3, #53	@ 0x35
1000507e:	5ceb      	ldrb	r3, [r5, r3]
10005080:	07db      	lsls	r3, r3, #31
10005082:	d500      	bpl.n	10005086 <tud_task_ext+0x64e>
10005084:	e4ee      	b.n	10004a64 <tud_task_ext+0x2c>
10005086:	e6b0      	b.n	10004dea <tud_task_ext+0x3b2>
10005088:	f7ff fbe4 	bl	10004854 <dcd_edpt_clear_stall>
1000508c:	4643      	mov	r3, r8
1000508e:	2102      	movs	r1, #2
10005090:	18eb      	adds	r3, r5, r3
10005092:	4453      	add	r3, sl
10005094:	3330      	adds	r3, #48	@ 0x30
10005096:	791a      	ldrb	r2, [r3, #4]
10005098:	438a      	bics	r2, r1
1000509a:	711a      	strb	r2, [r3, #4]
1000509c:	791a      	ldrb	r2, [r3, #4]
1000509e:	9903      	ldr	r1, [sp, #12]
100050a0:	438a      	bics	r2, r1
100050a2:	711a      	strb	r2, [r3, #4]
100050a4:	e7da      	b.n	1000505c <tud_task_ext+0x624>
100050a6:	f7ff fc37 	bl	10004918 <tud_umount_cb>
100050aa:	e69e      	b.n	10004dea <tud_task_ext+0x3b2>
100050ac:	2100      	movs	r1, #0
100050ae:	4658      	mov	r0, fp
100050b0:	f7ff faf6 	bl	100046a0 <dcd_sof_enable>
100050b4:	4658      	mov	r0, fp
100050b6:	f7ff fb99 	bl	100047ec <dcd_edpt_close_all>
100050ba:	78ab      	ldrb	r3, [r5, #2]
100050bc:	4907      	ldr	r1, [pc, #28]	@ (100050dc <tud_task_ext+0x6a4>)
100050be:	9303      	str	r3, [sp, #12]
100050c0:	9104      	str	r1, [sp, #16]
100050c2:	4b05      	ldr	r3, [pc, #20]	@ (100050d8 <tud_task_ext+0x6a0>)
100050c4:	4906      	ldr	r1, [pc, #24]	@ (100050e0 <tud_task_ext+0x6a8>)
100050c6:	4698      	mov	r8, r3
100050c8:	781a      	ldrb	r2, [r3, #0]
100050ca:	9105      	str	r1, [sp, #20]
100050cc:	2300      	movs	r3, #0
100050ce:	0029      	movs	r1, r5
100050d0:	001d      	movs	r5, r3
100050d2:	468a      	mov	sl, r1
100050d4:	e01b      	b.n	1000510e <tud_task_ext+0x6d6>
100050d6:	46c0      	nop			@ (mov r8, r8)
100050d8:	20022490 	.word	0x20022490
100050dc:	1000a12c 	.word	0x1000a12c
100050e0:	20001380 	.word	0x20001380
100050e4:	20001544 	.word	0x20001544
100050e8:	1000a0d0 	.word	0x1000a0d0
100050ec:	9b05      	ldr	r3, [sp, #20]
100050ee:	016a      	lsls	r2, r5, #5
100050f0:	681b      	ldr	r3, [r3, #0]
100050f2:	189b      	adds	r3, r3, r2
100050f4:	2b00      	cmp	r3, #0
100050f6:	d04d      	beq.n	10005194 <tud_task_ext+0x75c>
100050f8:	68db      	ldr	r3, [r3, #12]
100050fa:	4658      	mov	r0, fp
100050fc:	4798      	blx	r3
100050fe:	4643      	mov	r3, r8
10005100:	781a      	ldrb	r2, [r3, #0]
10005102:	3501      	adds	r5, #1
10005104:	b2ed      	uxtb	r5, r5
10005106:	1c51      	adds	r1, r2, #1
10005108:	002b      	movs	r3, r5
1000510a:	428d      	cmp	r5, r1
1000510c:	dc2e      	bgt.n	1000516c <tud_task_ext+0x734>
1000510e:	4295      	cmp	r5, r2
10005110:	d3ec      	bcc.n	100050ec <tud_task_ext+0x6b4>
10005112:	1a9b      	subs	r3, r3, r2
10005114:	9a04      	ldr	r2, [sp, #16]
10005116:	015b      	lsls	r3, r3, #5
10005118:	4694      	mov	ip, r2
1000511a:	4463      	add	r3, ip
1000511c:	e7ec      	b.n	100050f8 <tud_task_ext+0x6c0>
1000511e:	ab0c      	add	r3, sp, #48	@ 0x30
10005120:	1c9a      	adds	r2, r3, #2
10005122:	4658      	mov	r0, fp
10005124:	2301      	movs	r3, #1
10005126:	a90e      	add	r1, sp, #56	@ 0x38
10005128:	7015      	strb	r5, [r2, #0]
1000512a:	f000 f951 	bl	100053d0 <tud_control_xfer>
1000512e:	e499      	b.n	10004a64 <tud_task_ext+0x2c>
10005130:	9a0b      	ldr	r2, [sp, #44]	@ 0x2c
10005132:	2a01      	cmp	r2, #1
10005134:	d04f      	beq.n	100051d6 <tud_task_ext+0x79e>
10005136:	2a00      	cmp	r2, #0
10005138:	d03c      	beq.n	100051b4 <tud_task_ext+0x77c>
1000513a:	2300      	movs	r3, #0
1000513c:	78b0      	ldrb	r0, [r6, #2]
1000513e:	e004      	b.n	1000514a <tud_task_ext+0x712>
10005140:	3301      	adds	r3, #1
10005142:	b2db      	uxtb	r3, r3
10005144:	710f      	strb	r7, [r1, #4]
10005146:	4293      	cmp	r3, r2
10005148:	d234      	bcs.n	100051b4 <tud_task_ext+0x77c>
1000514a:	18c1      	adds	r1, r0, r3
1000514c:	b2c9      	uxtb	r1, r1
1000514e:	4441      	add	r1, r8
10005150:	790d      	ldrb	r5, [r1, #4]
10005152:	2dff      	cmp	r5, #255	@ 0xff
10005154:	d0f4      	beq.n	10005140 <tud_task_ext+0x708>
10005156:	464e      	mov	r6, r9
10005158:	4645      	mov	r5, r8
1000515a:	4657      	mov	r7, sl
1000515c:	2300      	movs	r3, #0
1000515e:	706b      	strb	r3, [r5, #1]
10005160:	e5ec      	b.n	10004d3c <tud_task_ext+0x304>
10005162:	464e      	mov	r6, r9
10005164:	4657      	mov	r7, sl
10005166:	f7ff fbd5 	bl	10004914 <tud_mount_cb>
1000516a:	e63e      	b.n	10004dea <tud_task_ext+0x3b2>
1000516c:	4655      	mov	r5, sl
1000516e:	2254      	movs	r2, #84	@ 0x54
10005170:	2100      	movs	r1, #0
10005172:	0028      	movs	r0, r5
10005174:	f7fc ffc8 	bl	10002108 <__wrap_memset>
10005178:	2210      	movs	r2, #16
1000517a:	21ff      	movs	r1, #255	@ 0xff
1000517c:	1d28      	adds	r0, r5, #4
1000517e:	f7fc ffc3 	bl	10002108 <__wrap_memset>
10005182:	0028      	movs	r0, r5
10005184:	2220      	movs	r2, #32
10005186:	21ff      	movs	r1, #255	@ 0xff
10005188:	3014      	adds	r0, #20
1000518a:	f7fc ffbd 	bl	10002108 <__wrap_memset>
1000518e:	9b03      	ldr	r3, [sp, #12]
10005190:	70ab      	strb	r3, [r5, #2]
10005192:	e657      	b.n	10004e44 <tud_task_ext+0x40c>
10005194:	4655      	mov	r5, sl
10005196:	e7fa      	b.n	1000518e <tud_task_ext+0x756>
10005198:	f7fe feaa 	bl	10003ef0 <tud_descriptor_bos_cb>
1000519c:	1e02      	subs	r2, r0, #0
1000519e:	d100      	bne.n	100051a2 <tud_task_ext+0x76a>
100051a0:	e5cc      	b.n	10004d3c <tud_task_ext+0x304>
100051a2:	78d3      	ldrb	r3, [r2, #3]
100051a4:	7891      	ldrb	r1, [r2, #2]
100051a6:	021b      	lsls	r3, r3, #8
100051a8:	430b      	orrs	r3, r1
100051aa:	4658      	mov	r0, fp
100051ac:	a90e      	add	r1, sp, #56	@ 0x38
100051ae:	f000 f90f 	bl	100053d0 <tud_control_xfer>
100051b2:	e5d4      	b.n	10004d5e <tud_task_ext+0x326>
100051b4:	4665      	mov	r5, ip
100051b6:	003b      	movs	r3, r7
100051b8:	002a      	movs	r2, r5
100051ba:	0031      	movs	r1, r6
100051bc:	980a      	ldr	r0, [sp, #40]	@ 0x28
100051be:	f000 fe7f 	bl	10005ec0 <tu_edpt_bind_driver>
100051c2:	46ac      	mov	ip, r5
100051c4:	9b04      	ldr	r3, [sp, #16]
100051c6:	9a03      	ldr	r2, [sp, #12]
100051c8:	781b      	ldrb	r3, [r3, #0]
100051ca:	4466      	add	r6, ip
100051cc:	3301      	adds	r3, #1
100051ce:	4293      	cmp	r3, r2
100051d0:	db00      	blt.n	100051d4 <tud_task_ext+0x79c>
100051d2:	e66c      	b.n	10004eae <tud_task_ext+0x476>
100051d4:	e7bf      	b.n	10005156 <tud_task_ext+0x71e>
100051d6:	4b17      	ldr	r3, [pc, #92]	@ (10005234 <tud_task_ext+0x7fc>)
100051d8:	6929      	ldr	r1, [r5, #16]
100051da:	4299      	cmp	r1, r3
100051dc:	d1ad      	bne.n	1000513a <tud_task_ext+0x702>
100051de:	9a07      	ldr	r2, [sp, #28]
100051e0:	e7ab      	b.n	1000513a <tud_task_ext+0x702>
100051e2:	f7ff fb93 	bl	1000490c <tud_descriptor_device_qualifier_cb>
100051e6:	1e02      	subs	r2, r0, #0
100051e8:	d100      	bne.n	100051ec <tud_task_ext+0x7b4>
100051ea:	e5a7      	b.n	10004d3c <tud_task_ext+0x304>
100051ec:	4658      	mov	r0, fp
100051ee:	7813      	ldrb	r3, [r2, #0]
100051f0:	a90e      	add	r1, sp, #56	@ 0x38
100051f2:	f000 f8ed 	bl	100053d0 <tud_control_xfer>
100051f6:	e5b2      	b.n	10004d5e <tud_task_ext+0x326>
100051f8:	8921      	ldrh	r1, [r4, #8]
100051fa:	f7ff f8c3 	bl	10004384 <tud_descriptor_string_cb>
100051fe:	1e02      	subs	r2, r0, #0
10005200:	d1f4      	bne.n	100051ec <tud_task_ext+0x7b4>
10005202:	e59b      	b.n	10004d3c <tud_task_ext+0x304>
10005204:	2a02      	cmp	r2, #2
10005206:	d00f      	beq.n	10005228 <tud_task_ext+0x7f0>
10005208:	f7ff fb82 	bl	10004910 <tud_descriptor_other_speed_configuration_cb>
1000520c:	1e02      	subs	r2, r0, #0
1000520e:	d1c8      	bne.n	100051a2 <tud_task_ext+0x76a>
10005210:	e594      	b.n	10004d3c <tud_task_ext+0x304>
10005212:	f7ff f8af 	bl	10004374 <tud_descriptor_device_cb>
10005216:	1e02      	subs	r2, r0, #0
10005218:	d100      	bne.n	1000521c <tud_task_ext+0x7e4>
1000521a:	e58f      	b.n	10004d3c <tud_task_ext+0x304>
1000521c:	2312      	movs	r3, #18
1000521e:	4658      	mov	r0, fp
10005220:	a90e      	add	r1, sp, #56	@ 0x38
10005222:	f000 f8d5 	bl	100053d0 <tud_control_xfer>
10005226:	e59a      	b.n	10004d5e <tud_task_ext+0x326>
10005228:	f7ff f8a8 	bl	1000437c <tud_descriptor_configuration_cb>
1000522c:	1e02      	subs	r2, r0, #0
1000522e:	d1b8      	bne.n	100051a2 <tud_task_ext+0x76a>
10005230:	e584      	b.n	10004d3c <tud_task_ext+0x304>
10005232:	46c0      	nop			@ (mov r8, r8)
10005234:	10005889 	.word	0x10005889

10005238 <usbd_open_edpt_pair>:
10005238:	b5f8      	push	{r3, r4, r5, r6, r7, lr}
1000523a:	4657      	mov	r7, sl
1000523c:	464e      	mov	r6, r9
1000523e:	46de      	mov	lr, fp
10005240:	4645      	mov	r5, r8
10005242:	000c      	movs	r4, r1
10005244:	b5e0      	push	{r5, r6, r7, lr}
10005246:	0016      	movs	r6, r2
10005248:	001f      	movs	r7, r3
1000524a:	2a00      	cmp	r2, #0
1000524c:	d03c      	beq.n	100052c8 <usbd_open_edpt_pair+0x90>
1000524e:	2370      	movs	r3, #112	@ 0x70
10005250:	4698      	mov	r8, r3
10005252:	4b1e      	ldr	r3, [pc, #120]	@ (100052cc <usbd_open_edpt_pair+0x94>)
10005254:	2500      	movs	r5, #0
10005256:	469b      	mov	fp, r3
10005258:	4b1d      	ldr	r3, [pc, #116]	@ (100052d0 <usbd_open_edpt_pair+0x98>)
1000525a:	469a      	mov	sl, r3
1000525c:	e01a      	b.n	10005294 <usbd_open_edpt_pair+0x5c>
1000525e:	465b      	mov	r3, fp
10005260:	781b      	ldrb	r3, [r3, #0]
10005262:	0020      	movs	r0, r4
10005264:	4699      	mov	r9, r3
10005266:	4653      	mov	r3, sl
10005268:	7899      	ldrb	r1, [r3, #2]
1000526a:	f000 fdeb 	bl	10005e44 <tu_edpt_validate>
1000526e:	2800      	cmp	r0, #0
10005270:	d01c      	beq.n	100052ac <usbd_open_edpt_pair+0x74>
10005272:	0021      	movs	r1, r4
10005274:	4648      	mov	r0, r9
10005276:	f7ff fa2f 	bl	100046d8 <dcd_edpt_open>
1000527a:	2800      	cmp	r0, #0
1000527c:	d016      	beq.n	100052ac <usbd_open_edpt_pair+0x74>
1000527e:	78a3      	ldrb	r3, [r4, #2]
10005280:	09da      	lsrs	r2, r3, #7
10005282:	2a01      	cmp	r2, #1
10005284:	d019      	beq.n	100052ba <usbd_open_edpt_pair+0x82>
10005286:	9a0a      	ldr	r2, [sp, #40]	@ 0x28
10005288:	3501      	adds	r5, #1
1000528a:	7013      	strb	r3, [r2, #0]
1000528c:	7823      	ldrb	r3, [r4, #0]
1000528e:	18e4      	adds	r4, r4, r3
10005290:	42b5      	cmp	r5, r6
10005292:	da19      	bge.n	100052c8 <usbd_open_edpt_pair+0x90>
10005294:	7863      	ldrb	r3, [r4, #1]
10005296:	2b05      	cmp	r3, #5
10005298:	d108      	bne.n	100052ac <usbd_open_edpt_pair+0x74>
1000529a:	78e3      	ldrb	r3, [r4, #3]
1000529c:	079b      	lsls	r3, r3, #30
1000529e:	0f9b      	lsrs	r3, r3, #30
100052a0:	42bb      	cmp	r3, r7
100052a2:	d103      	bne.n	100052ac <usbd_open_edpt_pair+0x74>
100052a4:	4642      	mov	r2, r8
100052a6:	78a3      	ldrb	r3, [r4, #2]
100052a8:	421a      	tst	r2, r3
100052aa:	d0d8      	beq.n	1000525e <usbd_open_edpt_pair+0x26>
100052ac:	2000      	movs	r0, #0
100052ae:	bcf0      	pop	{r4, r5, r6, r7}
100052b0:	46bb      	mov	fp, r7
100052b2:	46b2      	mov	sl, r6
100052b4:	46a9      	mov	r9, r5
100052b6:	46a0      	mov	r8, r4
100052b8:	bdf8      	pop	{r3, r4, r5, r6, r7, pc}
100052ba:	9a0b      	ldr	r2, [sp, #44]	@ 0x2c
100052bc:	3501      	adds	r5, #1
100052be:	7013      	strb	r3, [r2, #0]
100052c0:	7823      	ldrb	r3, [r4, #0]
100052c2:	18e4      	adds	r4, r4, r3
100052c4:	42b5      	cmp	r5, r6
100052c6:	dbe5      	blt.n	10005294 <usbd_open_edpt_pair+0x5c>
100052c8:	2001      	movs	r0, #1
100052ca:	e7f0      	b.n	100052ae <usbd_open_edpt_pair+0x76>
100052cc:	200010a4 	.word	0x200010a4
100052d0:	20001530 	.word	0x20001530

100052d4 <usbd_edpt_open>:
100052d4:	2270      	movs	r2, #112	@ 0x70
100052d6:	b570      	push	{r4, r5, r6, lr}
100052d8:	788b      	ldrb	r3, [r1, #2]
100052da:	000c      	movs	r4, r1
100052dc:	421a      	tst	r2, r3
100052de:	d001      	beq.n	100052e4 <usbd_edpt_open+0x10>
100052e0:	2000      	movs	r0, #0
100052e2:	bd70      	pop	{r4, r5, r6, pc}
100052e4:	4b06      	ldr	r3, [pc, #24]	@ (10005300 <usbd_edpt_open+0x2c>)
100052e6:	0020      	movs	r0, r4
100052e8:	781d      	ldrb	r5, [r3, #0]
100052ea:	4b06      	ldr	r3, [pc, #24]	@ (10005304 <usbd_edpt_open+0x30>)
100052ec:	7899      	ldrb	r1, [r3, #2]
100052ee:	f000 fda9 	bl	10005e44 <tu_edpt_validate>
100052f2:	2800      	cmp	r0, #0
100052f4:	d0f4      	beq.n	100052e0 <usbd_edpt_open+0xc>
100052f6:	0021      	movs	r1, r4
100052f8:	0028      	movs	r0, r5
100052fa:	f7ff f9ed 	bl	100046d8 <dcd_edpt_open>
100052fe:	e7f0      	b.n	100052e2 <usbd_edpt_open+0xe>
10005300:	200010a4 	.word	0x200010a4
10005304:	20001530 	.word	0x20001530

10005308 <usbd_edpt_claim>:
10005308:	000b      	movs	r3, r1
1000530a:	207f      	movs	r0, #127	@ 0x7f
1000530c:	b510      	push	{r4, lr}
1000530e:	4018      	ands	r0, r3
10005310:	09db      	lsrs	r3, r3, #7
10005312:	3334      	adds	r3, #52	@ 0x34
10005314:	0040      	lsls	r0, r0, #1
10005316:	4a04      	ldr	r2, [pc, #16]	@ (10005328 <usbd_edpt_claim+0x20>)
10005318:	18c0      	adds	r0, r0, r3
1000531a:	4b04      	ldr	r3, [pc, #16]	@ (1000532c <usbd_edpt_claim+0x24>)
1000531c:	6811      	ldr	r1, [r2, #0]
1000531e:	18c0      	adds	r0, r0, r3
10005320:	f000 fd4c 	bl	10005dbc <tu_edpt_claim>
10005324:	bd10      	pop	{r4, pc}
10005326:	46c0      	nop			@ (mov r8, r8)
10005328:	20001584 	.word	0x20001584
1000532c:	20001530 	.word	0x20001530

10005330 <usbd_edpt_release>:
10005330:	000b      	movs	r3, r1
10005332:	207f      	movs	r0, #127	@ 0x7f
10005334:	b510      	push	{r4, lr}
10005336:	4018      	ands	r0, r3
10005338:	09db      	lsrs	r3, r3, #7
1000533a:	3334      	adds	r3, #52	@ 0x34
1000533c:	0040      	lsls	r0, r0, #1
1000533e:	4a04      	ldr	r2, [pc, #16]	@ (10005350 <usbd_edpt_release+0x20>)
10005340:	18c0      	adds	r0, r0, r3
10005342:	4b04      	ldr	r3, [pc, #16]	@ (10005354 <usbd_edpt_release+0x24>)
10005344:	6811      	ldr	r1, [r2, #0]
10005346:	18c0      	adds	r0, r0, r3
10005348:	f000 fd60 	bl	10005e0c <tu_edpt_release>
1000534c:	bd10      	pop	{r4, pc}
1000534e:	46c0      	nop			@ (mov r8, r8)
10005350:	20001584 	.word	0x20001584
10005354:	20001530 	.word	0x20001530

10005358 <usbd_edpt_xfer>:
10005358:	b570      	push	{r4, r5, r6, lr}
1000535a:	247f      	movs	r4, #127	@ 0x7f
1000535c:	480f      	ldr	r0, [pc, #60]	@ (1000539c <usbd_edpt_xfer+0x44>)
1000535e:	400c      	ands	r4, r1
10005360:	0064      	lsls	r4, r4, #1
10005362:	1904      	adds	r4, r0, r4
10005364:	09cd      	lsrs	r5, r1, #7
10005366:	1964      	adds	r4, r4, r5
10005368:	3430      	adds	r4, #48	@ 0x30
1000536a:	7920      	ldrb	r0, [r4, #4]
1000536c:	07c0      	lsls	r0, r0, #31
1000536e:	d501      	bpl.n	10005374 <usbd_edpt_xfer+0x1c>
10005370:	2000      	movs	r0, #0
10005372:	bd70      	pop	{r4, r5, r6, pc}
10005374:	2601      	movs	r6, #1
10005376:	7925      	ldrb	r5, [r4, #4]
10005378:	4809      	ldr	r0, [pc, #36]	@ (100053a0 <usbd_edpt_xfer+0x48>)
1000537a:	4335      	orrs	r5, r6
1000537c:	7800      	ldrb	r0, [r0, #0]
1000537e:	7125      	strb	r5, [r4, #4]
10005380:	f7ff fa38 	bl	100047f4 <dcd_edpt_xfer>
10005384:	2800      	cmp	r0, #0
10005386:	d1f4      	bne.n	10005372 <usbd_edpt_xfer+0x1a>
10005388:	2201      	movs	r2, #1
1000538a:	7923      	ldrb	r3, [r4, #4]
1000538c:	4393      	bics	r3, r2
1000538e:	7123      	strb	r3, [r4, #4]
10005390:	7923      	ldrb	r3, [r4, #4]
10005392:	3203      	adds	r2, #3
10005394:	4393      	bics	r3, r2
10005396:	7123      	strb	r3, [r4, #4]
10005398:	e7ea      	b.n	10005370 <usbd_edpt_xfer+0x18>
1000539a:	46c0      	nop			@ (mov r8, r8)
1000539c:	20001530 	.word	0x20001530
100053a0:	200010a4 	.word	0x200010a4

100053a4 <tud_control_status>:
100053a4:	b570      	push	{r4, r5, r6, lr}
100053a6:	4c09      	ldr	r4, [pc, #36]	@ (100053cc <tud_control_status+0x28>)
100053a8:	0006      	movs	r6, r0
100053aa:	2208      	movs	r2, #8
100053ac:	0020      	movs	r0, r4
100053ae:	000d      	movs	r5, r1
100053b0:	f7fc feb0 	bl	10002114 <__wrap___aeabi_memcpy>
100053b4:	2300      	movs	r3, #0
100053b6:	2180      	movs	r1, #128	@ 0x80
100053b8:	60e3      	str	r3, [r4, #12]
100053ba:	60a3      	str	r3, [r4, #8]
100053bc:	782b      	ldrb	r3, [r5, #0]
100053be:	0030      	movs	r0, r6
100053c0:	4399      	bics	r1, r3
100053c2:	2200      	movs	r2, #0
100053c4:	2300      	movs	r3, #0
100053c6:	f7ff ffc7 	bl	10005358 <usbd_edpt_xfer>
100053ca:	bd70      	pop	{r4, r5, r6, pc}
100053cc:	20001510 	.word	0x20001510

100053d0 <tud_control_xfer>:
100053d0:	b5f8      	push	{r3, r4, r5, r6, r7, lr}
100053d2:	46ce      	mov	lr, r9
100053d4:	4647      	mov	r7, r8
100053d6:	4690      	mov	r8, r2
100053d8:	4e25      	ldr	r6, [pc, #148]	@ (10005470 <tud_control_xfer+0xa0>)
100053da:	b580      	push	{r7, lr}
100053dc:	4681      	mov	r9, r0
100053de:	2208      	movs	r2, #8
100053e0:	0030      	movs	r0, r6
100053e2:	000d      	movs	r5, r1
100053e4:	001f      	movs	r7, r3
100053e6:	f7fc fe95 	bl	10002114 <__wrap___aeabi_memcpy>
100053ea:	4643      	mov	r3, r8
100053ec:	60b3      	str	r3, [r6, #8]
100053ee:	2300      	movs	r3, #0
100053f0:	81f3      	strh	r3, [r6, #14]
100053f2:	79ec      	ldrb	r4, [r5, #7]
100053f4:	79ab      	ldrb	r3, [r5, #6]
100053f6:	0224      	lsls	r4, r4, #8
100053f8:	431c      	orrs	r4, r3
100053fa:	1c23      	adds	r3, r4, #0
100053fc:	42bc      	cmp	r4, r7
100053fe:	d900      	bls.n	10005402 <tud_control_xfer+0x32>
10005400:	1c3b      	adds	r3, r7, #0
10005402:	b29f      	uxth	r7, r3
10005404:	81b3      	strh	r3, [r6, #12]
10005406:	2c00      	cmp	r4, #0
10005408:	d00d      	beq.n	10005426 <tud_control_xfer+0x56>
1000540a:	2f00      	cmp	r7, #0
1000540c:	d017      	beq.n	1000543e <tud_control_xfer+0x6e>
1000540e:	4642      	mov	r2, r8
10005410:	2a00      	cmp	r2, #0
10005412:	d02b      	beq.n	1000546c <tud_control_xfer+0x9c>
10005414:	2f40      	cmp	r7, #64	@ 0x40
10005416:	d81b      	bhi.n	10005450 <tud_control_xfer+0x80>
10005418:	b29f      	uxth	r7, r3
1000541a:	7833      	ldrb	r3, [r6, #0]
1000541c:	2b7f      	cmp	r3, #127	@ 0x7f
1000541e:	d81c      	bhi.n	1000545a <tud_control_xfer+0x8a>
10005420:	2100      	movs	r1, #0
10005422:	4a14      	ldr	r2, [pc, #80]	@ (10005474 <tud_control_xfer+0xa4>)
10005424:	e00f      	b.n	10005446 <tud_control_xfer+0x76>
10005426:	2180      	movs	r1, #128	@ 0x80
10005428:	782b      	ldrb	r3, [r5, #0]
1000542a:	2200      	movs	r2, #0
1000542c:	4399      	bics	r1, r3
1000542e:	4648      	mov	r0, r9
10005430:	2300      	movs	r3, #0
10005432:	f7ff ff91 	bl	10005358 <usbd_edpt_xfer>
10005436:	bcc0      	pop	{r6, r7}
10005438:	46b9      	mov	r9, r7
1000543a:	46b0      	mov	r8, r6
1000543c:	bdf8      	pop	{r3, r4, r5, r6, r7, pc}
1000543e:	237f      	movs	r3, #127	@ 0x7f
10005440:	2200      	movs	r2, #0
10005442:	7831      	ldrb	r1, [r6, #0]
10005444:	4399      	bics	r1, r3
10005446:	003b      	movs	r3, r7
10005448:	4648      	mov	r0, r9
1000544a:	f7ff ff85 	bl	10005358 <usbd_edpt_xfer>
1000544e:	e7f2      	b.n	10005436 <tud_control_xfer+0x66>
10005450:	2340      	movs	r3, #64	@ 0x40
10005452:	b29f      	uxth	r7, r3
10005454:	7833      	ldrb	r3, [r6, #0]
10005456:	2b7f      	cmp	r3, #127	@ 0x7f
10005458:	d9e2      	bls.n	10005420 <tud_control_xfer+0x50>
1000545a:	4c06      	ldr	r4, [pc, #24]	@ (10005474 <tud_control_xfer+0xa4>)
1000545c:	003a      	movs	r2, r7
1000545e:	4641      	mov	r1, r8
10005460:	0020      	movs	r0, r4
10005462:	f7fc fe57 	bl	10002114 <__wrap___aeabi_memcpy>
10005466:	2180      	movs	r1, #128	@ 0x80
10005468:	0022      	movs	r2, r4
1000546a:	e7ec      	b.n	10005446 <tud_control_xfer+0x76>
1000546c:	2000      	movs	r0, #0
1000546e:	e7e2      	b.n	10005436 <tud_control_xfer+0x66>
10005470:	20001510 	.word	0x20001510
10005474:	200014d0 	.word	0x200014d0

10005478 <usbd_control_reset>:
10005478:	b510      	push	{r4, lr}
1000547a:	2214      	movs	r2, #20
1000547c:	2100      	movs	r1, #0
1000547e:	4802      	ldr	r0, [pc, #8]	@ (10005488 <usbd_control_reset+0x10>)
10005480:	f7fc fe42 	bl	10002108 <__wrap_memset>
10005484:	bd10      	pop	{r4, pc}
10005486:	46c0      	nop			@ (mov r8, r8)
10005488:	20001510 	.word	0x20001510

1000548c <usbd_control_set_complete_callback>:
1000548c:	4b01      	ldr	r3, [pc, #4]	@ (10005494 <usbd_control_set_complete_callback+0x8>)
1000548e:	6118      	str	r0, [r3, #16]
10005490:	4770      	bx	lr
10005492:	46c0      	nop			@ (mov r8, r8)
10005494:	20001510 	.word	0x20001510

10005498 <usbd_control_set_request>:
10005498:	b510      	push	{r4, lr}
1000549a:	4c05      	ldr	r4, [pc, #20]	@ (100054b0 <usbd_control_set_request+0x18>)
1000549c:	0001      	movs	r1, r0
1000549e:	2208      	movs	r2, #8
100054a0:	0020      	movs	r0, r4
100054a2:	f7fc fe37 	bl	10002114 <__wrap___aeabi_memcpy>
100054a6:	2300      	movs	r3, #0
100054a8:	60a3      	str	r3, [r4, #8]
100054aa:	60e3      	str	r3, [r4, #12]
100054ac:	bd10      	pop	{r4, pc}
100054ae:	46c0      	nop			@ (mov r8, r8)
100054b0:	20001510 	.word	0x20001510

100054b4 <usbd_control_xfer_cb>:
100054b4:	b570      	push	{r4, r5, r6, lr}
100054b6:	4c38      	ldr	r4, [pc, #224]	@ (10005598 <usbd_control_xfer_cb+0xe4>)
100054b8:	001d      	movs	r5, r3
100054ba:	7823      	ldrb	r3, [r4, #0]
100054bc:	0006      	movs	r6, r0
100054be:	09da      	lsrs	r2, r3, #7
100054c0:	09c9      	lsrs	r1, r1, #7
100054c2:	428a      	cmp	r2, r1
100054c4:	d010      	beq.n	100054e8 <usbd_control_xfer_cb+0x34>
100054c6:	2000      	movs	r0, #0
100054c8:	2d00      	cmp	r5, #0
100054ca:	d000      	beq.n	100054ce <usbd_control_xfer_cb+0x1a>
100054cc:	bd70      	pop	{r4, r5, r6, pc}
100054ce:	0021      	movs	r1, r4
100054d0:	0030      	movs	r0, r6
100054d2:	f7ff f8f3 	bl	100046bc <dcd_edpt0_status_complete>
100054d6:	6923      	ldr	r3, [r4, #16]
100054d8:	2b00      	cmp	r3, #0
100054da:	d003      	beq.n	100054e4 <usbd_control_xfer_cb+0x30>
100054dc:	0022      	movs	r2, r4
100054de:	2103      	movs	r1, #3
100054e0:	0030      	movs	r0, r6
100054e2:	4798      	blx	r3
100054e4:	2001      	movs	r0, #1
100054e6:	e7f1      	b.n	100054cc <usbd_control_xfer_cb+0x18>
100054e8:	2b7f      	cmp	r3, #127	@ 0x7f
100054ea:	d806      	bhi.n	100054fa <usbd_control_xfer_cb+0x46>
100054ec:	68a0      	ldr	r0, [r4, #8]
100054ee:	2800      	cmp	r0, #0
100054f0:	d034      	beq.n	1000555c <usbd_control_xfer_cb+0xa8>
100054f2:	002a      	movs	r2, r5
100054f4:	4929      	ldr	r1, [pc, #164]	@ (1000559c <usbd_control_xfer_cb+0xe8>)
100054f6:	f7fc fe0d 	bl	10002114 <__wrap___aeabi_memcpy>
100054fa:	89e2      	ldrh	r2, [r4, #14]
100054fc:	68a1      	ldr	r1, [r4, #8]
100054fe:	1952      	adds	r2, r2, r5
10005500:	88e3      	ldrh	r3, [r4, #6]
10005502:	b292      	uxth	r2, r2
10005504:	1949      	adds	r1, r1, r5
10005506:	81e2      	strh	r2, [r4, #14]
10005508:	60a1      	str	r1, [r4, #8]
1000550a:	4293      	cmp	r3, r2
1000550c:	d014      	beq.n	10005538 <usbd_control_xfer_cb+0x84>
1000550e:	2d3f      	cmp	r5, #63	@ 0x3f
10005510:	d912      	bls.n	10005538 <usbd_control_xfer_cb+0x84>
10005512:	89a3      	ldrh	r3, [r4, #12]
10005514:	1a98      	subs	r0, r3, r2
10005516:	1c05      	adds	r5, r0, #0
10005518:	b280      	uxth	r0, r0
1000551a:	2840      	cmp	r0, #64	@ 0x40
1000551c:	d82a      	bhi.n	10005574 <usbd_control_xfer_cb+0xc0>
1000551e:	7820      	ldrb	r0, [r4, #0]
10005520:	b2ad      	uxth	r5, r5
10005522:	287f      	cmp	r0, #127	@ 0x7f
10005524:	d828      	bhi.n	10005578 <usbd_control_xfer_cb+0xc4>
10005526:	2100      	movs	r1, #0
10005528:	429a      	cmp	r2, r3
1000552a:	d032      	beq.n	10005592 <usbd_control_xfer_cb+0xde>
1000552c:	4a1b      	ldr	r2, [pc, #108]	@ (1000559c <usbd_control_xfer_cb+0xe8>)
1000552e:	002b      	movs	r3, r5
10005530:	0030      	movs	r0, r6
10005532:	f7ff ff11 	bl	10005358 <usbd_edpt_xfer>
10005536:	e7c9      	b.n	100054cc <usbd_control_xfer_cb+0x18>
10005538:	6923      	ldr	r3, [r4, #16]
1000553a:	2b00      	cmp	r3, #0
1000553c:	d005      	beq.n	1000554a <usbd_control_xfer_cb+0x96>
1000553e:	0022      	movs	r2, r4
10005540:	2102      	movs	r1, #2
10005542:	0030      	movs	r0, r6
10005544:	4798      	blx	r3
10005546:	2800      	cmp	r0, #0
10005548:	d00a      	beq.n	10005560 <usbd_control_xfer_cb+0xac>
1000554a:	2180      	movs	r1, #128	@ 0x80
1000554c:	7823      	ldrb	r3, [r4, #0]
1000554e:	2200      	movs	r2, #0
10005550:	4399      	bics	r1, r3
10005552:	0030      	movs	r0, r6
10005554:	2300      	movs	r3, #0
10005556:	f7ff feff 	bl	10005358 <usbd_edpt_xfer>
1000555a:	e7b7      	b.n	100054cc <usbd_control_xfer_cb+0x18>
1000555c:	2000      	movs	r0, #0
1000555e:	e7b5      	b.n	100054cc <usbd_control_xfer_cb+0x18>
10005560:	2100      	movs	r1, #0
10005562:	0030      	movs	r0, r6
10005564:	f7ff f958 	bl	10004818 <dcd_edpt_stall>
10005568:	0030      	movs	r0, r6
1000556a:	2180      	movs	r1, #128	@ 0x80
1000556c:	f7ff f954 	bl	10004818 <dcd_edpt_stall>
10005570:	2001      	movs	r0, #1
10005572:	e7ab      	b.n	100054cc <usbd_control_xfer_cb+0x18>
10005574:	2540      	movs	r5, #64	@ 0x40
10005576:	e7d2      	b.n	1000551e <usbd_control_xfer_cb+0x6a>
10005578:	429a      	cmp	r2, r3
1000557a:	d007      	beq.n	1000558c <usbd_control_xfer_cb+0xd8>
1000557c:	4c07      	ldr	r4, [pc, #28]	@ (1000559c <usbd_control_xfer_cb+0xe8>)
1000557e:	002a      	movs	r2, r5
10005580:	0020      	movs	r0, r4
10005582:	f7fc fdc7 	bl	10002114 <__wrap___aeabi_memcpy>
10005586:	2180      	movs	r1, #128	@ 0x80
10005588:	0022      	movs	r2, r4
1000558a:	e7d0      	b.n	1000552e <usbd_control_xfer_cb+0x7a>
1000558c:	2180      	movs	r1, #128	@ 0x80
1000558e:	2200      	movs	r2, #0
10005590:	e7cd      	b.n	1000552e <usbd_control_xfer_cb+0x7a>
10005592:	2200      	movs	r2, #0
10005594:	e7cb      	b.n	1000552e <usbd_control_xfer_cb+0x7a>
10005596:	46c0      	nop			@ (mov r8, r8)
10005598:	20001510 	.word	0x20001510
1000559c:	200014d0 	.word	0x200014d0

100055a0 <_prep_out_transaction.isra.0>:
100055a0:	b570      	push	{r4, r5, r6, lr}
100055a2:	0004      	movs	r4, r0
100055a4:	f7ff f9be 	bl	10004924 <tud_mounted>
100055a8:	2800      	cmp	r0, #0
100055aa:	d100      	bne.n	100055ae <_prep_out_transaction.isra.0+0xe>
100055ac:	bd70      	pop	{r4, r5, r6, pc}
100055ae:	f7ff f9c1 	bl	10004934 <tud_suspended>
100055b2:	2800      	cmp	r0, #0
100055b4:	d1fa      	bne.n	100055ac <_prep_out_transaction.isra.0+0xc>
100055b6:	23c8      	movs	r3, #200	@ 0xc8
100055b8:	4363      	muls	r3, r4
100055ba:	4d12      	ldr	r5, [pc, #72]	@ (10005604 <_prep_out_transaction.isra.0+0x64>)
100055bc:	18ee      	adds	r6, r5, r3
100055be:	78f1      	ldrb	r1, [r6, #3]
100055c0:	2900      	cmp	r1, #0
100055c2:	d0f3      	beq.n	100055ac <_prep_out_transaction.isra.0+0xc>
100055c4:	3310      	adds	r3, #16
100055c6:	195d      	adds	r5, r3, r5
100055c8:	0028      	movs	r0, r5
100055ca:	f000 fdf3 	bl	100061b4 <tu_fifo_remaining>
100055ce:	283f      	cmp	r0, #63	@ 0x3f
100055d0:	d9ec      	bls.n	100055ac <_prep_out_transaction.isra.0+0xc>
100055d2:	2000      	movs	r0, #0
100055d4:	78f1      	ldrb	r1, [r6, #3]
100055d6:	f7ff fe97 	bl	10005308 <usbd_edpt_claim>
100055da:	2800      	cmp	r0, #0
100055dc:	d0e6      	beq.n	100055ac <_prep_out_transaction.isra.0+0xc>
100055de:	0028      	movs	r0, r5
100055e0:	f000 fde8 	bl	100061b4 <tu_fifo_remaining>
100055e4:	78f1      	ldrb	r1, [r6, #3]
100055e6:	283f      	cmp	r0, #63	@ 0x3f
100055e8:	d907      	bls.n	100055fa <_prep_out_transaction.isra.0+0x5a>
100055ea:	4b07      	ldr	r3, [pc, #28]	@ (10005608 <_prep_out_transaction.isra.0+0x68>)
100055ec:	01e2      	lsls	r2, r4, #7
100055ee:	18d2      	adds	r2, r2, r3
100055f0:	2000      	movs	r0, #0
100055f2:	2340      	movs	r3, #64	@ 0x40
100055f4:	f7ff feb0 	bl	10005358 <usbd_edpt_xfer>
100055f8:	e7d8      	b.n	100055ac <_prep_out_transaction.isra.0+0xc>
100055fa:	2000      	movs	r0, #0
100055fc:	f7ff fe98 	bl	10005330 <usbd_edpt_release>
10005600:	e7d4      	b.n	100055ac <_prep_out_transaction.isra.0+0xc>
10005602:	46c0      	nop			@ (mov r8, r8)
10005604:	20001408 	.word	0x20001408
10005608:	20001384 	.word	0x20001384

1000560c <tud_cdc_n_connected>:
1000560c:	b510      	push	{r4, lr}
1000560e:	0004      	movs	r4, r0
10005610:	f7ff f988 	bl	10004924 <tud_mounted>
10005614:	2800      	cmp	r0, #0
10005616:	d101      	bne.n	1000561c <tud_cdc_n_connected+0x10>
10005618:	2000      	movs	r0, #0
1000561a:	bd10      	pop	{r4, pc}
1000561c:	f7ff f98a 	bl	10004934 <tud_suspended>
10005620:	2800      	cmp	r0, #0
10005622:	d1f9      	bne.n	10005618 <tud_cdc_n_connected+0xc>
10005624:	22c8      	movs	r2, #200	@ 0xc8
10005626:	4362      	muls	r2, r4
10005628:	4b02      	ldr	r3, [pc, #8]	@ (10005634 <tud_cdc_n_connected+0x28>)
1000562a:	3001      	adds	r0, #1
1000562c:	189b      	adds	r3, r3, r2
1000562e:	791b      	ldrb	r3, [r3, #4]
10005630:	4018      	ands	r0, r3
10005632:	e7f2      	b.n	1000561a <tud_cdc_n_connected+0xe>
10005634:	20001408 	.word	0x20001408

10005638 <tud_cdc_n_available>:
10005638:	23c8      	movs	r3, #200	@ 0xc8
1000563a:	b510      	push	{r4, lr}
1000563c:	4343      	muls	r3, r0
1000563e:	4802      	ldr	r0, [pc, #8]	@ (10005648 <tud_cdc_n_available+0x10>)
10005640:	1818      	adds	r0, r3, r0
10005642:	f000 fd99 	bl	10006178 <tu_fifo_count>
10005646:	bd10      	pop	{r4, pc}
10005648:	20001418 	.word	0x20001418

1000564c <tud_cdc_n_read>:
1000564c:	b5f8      	push	{r3, r4, r5, r6, r7, lr}
1000564e:	24c8      	movs	r4, #200	@ 0xc8
10005650:	2380      	movs	r3, #128	@ 0x80
10005652:	4344      	muls	r4, r0
10005654:	4f1c      	ldr	r7, [pc, #112]	@ (100056c8 <tud_cdc_n_read+0x7c>)
10005656:	3410      	adds	r4, #16
10005658:	0005      	movs	r5, r0
1000565a:	193c      	adds	r4, r7, r4
1000565c:	025b      	lsls	r3, r3, #9
1000565e:	429a      	cmp	r2, r3
10005660:	d300      	bcc.n	10005664 <tud_cdc_n_read+0x18>
10005662:	4a1a      	ldr	r2, [pc, #104]	@ (100056cc <tud_cdc_n_read+0x80>)
10005664:	0020      	movs	r0, r4
10005666:	b292      	uxth	r2, r2
10005668:	f000 fe08 	bl	1000627c <tu_fifo_read_n>
1000566c:	0006      	movs	r6, r0
1000566e:	f7ff f959 	bl	10004924 <tud_mounted>
10005672:	2800      	cmp	r0, #0
10005674:	d101      	bne.n	1000567a <tud_cdc_n_read+0x2e>
10005676:	0030      	movs	r0, r6
10005678:	bdf8      	pop	{r3, r4, r5, r6, r7, pc}
1000567a:	f7ff f95b 	bl	10004934 <tud_suspended>
1000567e:	2800      	cmp	r0, #0
10005680:	d1f9      	bne.n	10005676 <tud_cdc_n_read+0x2a>
10005682:	23c8      	movs	r3, #200	@ 0xc8
10005684:	436b      	muls	r3, r5
10005686:	18ff      	adds	r7, r7, r3
10005688:	78fb      	ldrb	r3, [r7, #3]
1000568a:	2b00      	cmp	r3, #0
1000568c:	d0f3      	beq.n	10005676 <tud_cdc_n_read+0x2a>
1000568e:	0020      	movs	r0, r4
10005690:	f000 fd90 	bl	100061b4 <tu_fifo_remaining>
10005694:	283f      	cmp	r0, #63	@ 0x3f
10005696:	d9ee      	bls.n	10005676 <tud_cdc_n_read+0x2a>
10005698:	2000      	movs	r0, #0
1000569a:	78f9      	ldrb	r1, [r7, #3]
1000569c:	f7ff fe34 	bl	10005308 <usbd_edpt_claim>
100056a0:	2800      	cmp	r0, #0
100056a2:	d0e8      	beq.n	10005676 <tud_cdc_n_read+0x2a>
100056a4:	0020      	movs	r0, r4
100056a6:	f000 fd85 	bl	100061b4 <tu_fifo_remaining>
100056aa:	78f9      	ldrb	r1, [r7, #3]
100056ac:	283f      	cmp	r0, #63	@ 0x3f
100056ae:	d907      	bls.n	100056c0 <tud_cdc_n_read+0x74>
100056b0:	4b07      	ldr	r3, [pc, #28]	@ (100056d0 <tud_cdc_n_read+0x84>)
100056b2:	01ea      	lsls	r2, r5, #7
100056b4:	18d2      	adds	r2, r2, r3
100056b6:	2000      	movs	r0, #0
100056b8:	2340      	movs	r3, #64	@ 0x40
100056ba:	f7ff fe4d 	bl	10005358 <usbd_edpt_xfer>
100056be:	e7da      	b.n	10005676 <tud_cdc_n_read+0x2a>
100056c0:	2000      	movs	r0, #0
100056c2:	f7ff fe35 	bl	10005330 <usbd_edpt_release>
100056c6:	e7d6      	b.n	10005676 <tud_cdc_n_read+0x2a>
100056c8:	20001408 	.word	0x20001408
100056cc:	0000ffff 	.word	0x0000ffff
100056d0:	20001384 	.word	0x20001384

100056d4 <tud_cdc_n_write_flush>:
100056d4:	b5f8      	push	{r3, r4, r5, r6, r7, lr}
100056d6:	0004      	movs	r4, r0
100056d8:	f7ff f924 	bl	10004924 <tud_mounted>
100056dc:	2800      	cmp	r0, #0
100056de:	d101      	bne.n	100056e4 <tud_cdc_n_write_flush+0x10>
100056e0:	2000      	movs	r0, #0
100056e2:	bdf8      	pop	{r3, r4, r5, r6, r7, pc}
100056e4:	f7ff f926 	bl	10004934 <tud_suspended>
100056e8:	2800      	cmp	r0, #0
100056ea:	d1f9      	bne.n	100056e0 <tud_cdc_n_write_flush+0xc>
100056ec:	25c8      	movs	r5, #200	@ 0xc8
100056ee:	4365      	muls	r5, r4
100056f0:	002e      	movs	r6, r5
100056f2:	4f13      	ldr	r7, [pc, #76]	@ (10005740 <tud_cdc_n_write_flush+0x6c>)
100056f4:	3624      	adds	r6, #36	@ 0x24
100056f6:	19f6      	adds	r6, r6, r7
100056f8:	0030      	movs	r0, r6
100056fa:	f000 fd3d 	bl	10006178 <tu_fifo_count>
100056fe:	2800      	cmp	r0, #0
10005700:	d0ee      	beq.n	100056e0 <tud_cdc_n_write_flush+0xc>
10005702:	197f      	adds	r7, r7, r5
10005704:	2000      	movs	r0, #0
10005706:	78b9      	ldrb	r1, [r7, #2]
10005708:	f7ff fdfe 	bl	10005308 <usbd_edpt_claim>
1000570c:	2800      	cmp	r0, #0
1000570e:	d0e7      	beq.n	100056e0 <tud_cdc_n_write_flush+0xc>
10005710:	4d0c      	ldr	r5, [pc, #48]	@ (10005744 <tud_cdc_n_write_flush+0x70>)
10005712:	01e4      	lsls	r4, r4, #7
10005714:	1965      	adds	r5, r4, r5
10005716:	0029      	movs	r1, r5
10005718:	2240      	movs	r2, #64	@ 0x40
1000571a:	0030      	movs	r0, r6
1000571c:	f000 fdae 	bl	1000627c <tu_fifo_read_n>
10005720:	78b9      	ldrb	r1, [r7, #2]
10005722:	1e04      	subs	r4, r0, #0
10005724:	d008      	beq.n	10005738 <tud_cdc_n_write_flush+0x64>
10005726:	0003      	movs	r3, r0
10005728:	002a      	movs	r2, r5
1000572a:	2000      	movs	r0, #0
1000572c:	f7ff fe14 	bl	10005358 <usbd_edpt_xfer>
10005730:	2800      	cmp	r0, #0
10005732:	d0d5      	beq.n	100056e0 <tud_cdc_n_write_flush+0xc>
10005734:	0020      	movs	r0, r4
10005736:	e7d4      	b.n	100056e2 <tud_cdc_n_write_flush+0xe>
10005738:	2000      	movs	r0, #0
1000573a:	f7ff fdf9 	bl	10005330 <usbd_edpt_release>
1000573e:	e7cf      	b.n	100056e0 <tud_cdc_n_write_flush+0xc>
10005740:	20001408 	.word	0x20001408
10005744:	200013c4 	.word	0x200013c4

10005748 <tud_cdc_n_write>:
10005748:	b570      	push	{r4, r5, r6, lr}
1000574a:	24c8      	movs	r4, #200	@ 0xc8
1000574c:	4344      	muls	r4, r0
1000574e:	4b0c      	ldr	r3, [pc, #48]	@ (10005780 <tud_cdc_n_write+0x38>)
10005750:	0005      	movs	r5, r0
10005752:	18e4      	adds	r4, r4, r3
10005754:	2380      	movs	r3, #128	@ 0x80
10005756:	025b      	lsls	r3, r3, #9
10005758:	429a      	cmp	r2, r3
1000575a:	d300      	bcc.n	1000575e <tud_cdc_n_write+0x16>
1000575c:	4a09      	ldr	r2, [pc, #36]	@ (10005784 <tud_cdc_n_write+0x3c>)
1000575e:	0020      	movs	r0, r4
10005760:	b292      	uxth	r2, r2
10005762:	f000 fe51 	bl	10006408 <tu_fifo_write_n>
10005766:	0006      	movs	r6, r0
10005768:	0020      	movs	r0, r4
1000576a:	f000 fd05 	bl	10006178 <tu_fifo_count>
1000576e:	283f      	cmp	r0, #63	@ 0x3f
10005770:	d801      	bhi.n	10005776 <tud_cdc_n_write+0x2e>
10005772:	0030      	movs	r0, r6
10005774:	bd70      	pop	{r4, r5, r6, pc}
10005776:	0028      	movs	r0, r5
10005778:	f7ff ffac 	bl	100056d4 <tud_cdc_n_write_flush>
1000577c:	e7f9      	b.n	10005772 <tud_cdc_n_write+0x2a>
1000577e:	46c0      	nop			@ (mov r8, r8)
10005780:	2000142c 	.word	0x2000142c
10005784:	0000ffff 	.word	0x0000ffff

10005788 <tud_cdc_n_write_available>:
10005788:	23c8      	movs	r3, #200	@ 0xc8
1000578a:	b510      	push	{r4, lr}
1000578c:	4343      	muls	r3, r0
1000578e:	4802      	ldr	r0, [pc, #8]	@ (10005798 <tud_cdc_n_write_available+0x10>)
10005790:	1818      	adds	r0, r3, r0
10005792:	f000 fd0f 	bl	100061b4 <tu_fifo_remaining>
10005796:	bd10      	pop	{r4, pc}
10005798:	2000142c 	.word	0x2000142c

1000579c <cdcd_init>:
1000579c:	b5f0      	push	{r4, r5, r6, r7, lr}
1000579e:	2500      	movs	r5, #0
100057a0:	4c18      	ldr	r4, [pc, #96]	@ (10005804 <cdcd_init+0x68>)
100057a2:	b083      	sub	sp, #12
100057a4:	22c8      	movs	r2, #200	@ 0xc8
100057a6:	2100      	movs	r1, #0
100057a8:	0020      	movs	r0, r4
100057aa:	f7fc fcad 	bl	10002108 <__wrap_memset>
100057ae:	4b16      	ldr	r3, [pc, #88]	@ (10005808 <cdcd_init+0x6c>)
100057b0:	0021      	movs	r1, r4
100057b2:	701d      	strb	r5, [r3, #0]
100057b4:	23ff      	movs	r3, #255	@ 0xff
100057b6:	7163      	strb	r3, [r4, #5]
100057b8:	23e1      	movs	r3, #225	@ 0xe1
100057ba:	025b      	lsls	r3, r3, #9
100057bc:	60a3      	str	r3, [r4, #8]
100057be:	0020      	movs	r0, r4
100057c0:	2308      	movs	r3, #8
100057c2:	2240      	movs	r2, #64	@ 0x40
100057c4:	73a3      	strb	r3, [r4, #14]
100057c6:	3138      	adds	r1, #56	@ 0x38
100057c8:	9500      	str	r5, [sp, #0]
100057ca:	3b07      	subs	r3, #7
100057cc:	3010      	adds	r0, #16
100057ce:	f000 fc9d 	bl	1000610c <tu_fifo_config>
100057d2:	0027      	movs	r7, r4
100057d4:	2301      	movs	r3, #1
100057d6:	0021      	movs	r1, r4
100057d8:	0020      	movs	r0, r4
100057da:	0026      	movs	r6, r4
100057dc:	2240      	movs	r2, #64	@ 0x40
100057de:	3178      	adds	r1, #120	@ 0x78
100057e0:	9300      	str	r3, [sp, #0]
100057e2:	37b8      	adds	r7, #184	@ 0xb8
100057e4:	3024      	adds	r0, #36	@ 0x24
100057e6:	f000 fc91 	bl	1000610c <tu_fifo_config>
100057ea:	36c0      	adds	r6, #192	@ 0xc0
100057ec:	0038      	movs	r0, r7
100057ee:	f7fb f915 	bl	10000a1c <mutex_init>
100057f2:	0030      	movs	r0, r6
100057f4:	f7fb f912 	bl	10000a1c <mutex_init>
100057f8:	61e5      	str	r5, [r4, #28]
100057fa:	6227      	str	r7, [r4, #32]
100057fc:	6326      	str	r6, [r4, #48]	@ 0x30
100057fe:	6365      	str	r5, [r4, #52]	@ 0x34
10005800:	b003      	add	sp, #12
10005802:	bdf0      	pop	{r4, r5, r6, r7, pc}
10005804:	20001408 	.word	0x20001408
10005808:	20001404 	.word	0x20001404

1000580c <cdcd_deinit>:
1000580c:	4a0a      	ldr	r2, [pc, #40]	@ (10005838 <cdcd_deinit+0x2c>)
1000580e:	6b11      	ldr	r1, [r2, #48]	@ 0x30
10005810:	6a13      	ldr	r3, [r2, #32]
10005812:	2900      	cmp	r1, #0
10005814:	d00c      	beq.n	10005830 <cdcd_deinit+0x24>
10005816:	2b00      	cmp	r3, #0
10005818:	d007      	beq.n	1000582a <cdcd_deinit+0x1e>
1000581a:	2300      	movs	r3, #0
1000581c:	61d3      	str	r3, [r2, #28]
1000581e:	6353      	str	r3, [r2, #52]	@ 0x34
10005820:	6313      	str	r3, [r2, #48]	@ 0x30
10005822:	2300      	movs	r3, #0
10005824:	6213      	str	r3, [r2, #32]
10005826:	2001      	movs	r0, #1
10005828:	4770      	bx	lr
1000582a:	6353      	str	r3, [r2, #52]	@ 0x34
1000582c:	6313      	str	r3, [r2, #48]	@ 0x30
1000582e:	e7fa      	b.n	10005826 <cdcd_deinit+0x1a>
10005830:	2b00      	cmp	r3, #0
10005832:	d0f8      	beq.n	10005826 <cdcd_deinit+0x1a>
10005834:	61d1      	str	r1, [r2, #28]
10005836:	e7f4      	b.n	10005822 <cdcd_deinit+0x16>
10005838:	20001408 	.word	0x20001408

1000583c <cdcd_reset>:
1000583c:	b570      	push	{r4, r5, r6, lr}
1000583e:	4c0f      	ldr	r4, [pc, #60]	@ (1000587c <cdcd_reset+0x40>)
10005840:	2205      	movs	r2, #5
10005842:	2100      	movs	r1, #0
10005844:	0020      	movs	r0, r4
10005846:	f7fc fc5f 	bl	10002108 <__wrap_memset>
1000584a:	4d0d      	ldr	r5, [pc, #52]	@ (10005880 <cdcd_reset+0x44>)
1000584c:	782b      	ldrb	r3, [r5, #0]
1000584e:	07da      	lsls	r2, r3, #31
10005850:	d507      	bpl.n	10005862 <cdcd_reset+0x26>
10005852:	4c0c      	ldr	r4, [pc, #48]	@ (10005884 <cdcd_reset+0x48>)
10005854:	079b      	lsls	r3, r3, #30
10005856:	d50c      	bpl.n	10005872 <cdcd_reset+0x36>
10005858:	2101      	movs	r1, #1
1000585a:	0020      	movs	r0, r4
1000585c:	f000 fea8 	bl	100065b0 <tu_fifo_set_overwritable>
10005860:	bd70      	pop	{r4, r5, r6, pc}
10005862:	0020      	movs	r0, r4
10005864:	3010      	adds	r0, #16
10005866:	f000 fe83 	bl	10006570 <tu_fifo_clear>
1000586a:	782b      	ldrb	r3, [r5, #0]
1000586c:	4c05      	ldr	r4, [pc, #20]	@ (10005884 <cdcd_reset+0x48>)
1000586e:	079b      	lsls	r3, r3, #30
10005870:	d4f2      	bmi.n	10005858 <cdcd_reset+0x1c>
10005872:	0020      	movs	r0, r4
10005874:	f000 fe7c 	bl	10006570 <tu_fifo_clear>
10005878:	e7ee      	b.n	10005858 <cdcd_reset+0x1c>
1000587a:	46c0      	nop			@ (mov r8, r8)
1000587c:	20001408 	.word	0x20001408
10005880:	20001404 	.word	0x20001404
10005884:	2000142c 	.word	0x2000142c

10005888 <cdcd_open>:
10005888:	b5f0      	push	{r4, r5, r6, r7, lr}
1000588a:	794b      	ldrb	r3, [r1, #5]
1000588c:	0006      	movs	r6, r0
1000588e:	b083      	sub	sp, #12
10005890:	2b02      	cmp	r3, #2
10005892:	d102      	bne.n	1000589a <cdcd_open+0x12>
10005894:	798b      	ldrb	r3, [r1, #6]
10005896:	2b02      	cmp	r3, #2
10005898:	d003      	beq.n	100058a2 <cdcd_open+0x1a>
1000589a:	2500      	movs	r5, #0
1000589c:	0028      	movs	r0, r5
1000589e:	b003      	add	sp, #12
100058a0:	bdf0      	pop	{r4, r5, r6, r7, pc}
100058a2:	4f20      	ldr	r7, [pc, #128]	@ (10005924 <cdcd_open+0x9c>)
100058a4:	78bb      	ldrb	r3, [r7, #2]
100058a6:	2b00      	cmp	r3, #0
100058a8:	d1f7      	bne.n	1000589a <cdcd_open+0x12>
100058aa:	788b      	ldrb	r3, [r1, #2]
100058ac:	2509      	movs	r5, #9
100058ae:	703b      	strb	r3, [r7, #0]
100058b0:	780c      	ldrb	r4, [r1, #0]
100058b2:	190c      	adds	r4, r1, r4
100058b4:	7863      	ldrb	r3, [r4, #1]
100058b6:	2b24      	cmp	r3, #36	@ 0x24
100058b8:	d007      	beq.n	100058ca <cdcd_open+0x42>
100058ba:	e00c      	b.n	100058d6 <cdcd_open+0x4e>
100058bc:	7823      	ldrb	r3, [r4, #0]
100058be:	18e4      	adds	r4, r4, r3
100058c0:	195d      	adds	r5, r3, r5
100058c2:	7863      	ldrb	r3, [r4, #1]
100058c4:	b2ad      	uxth	r5, r5
100058c6:	2b24      	cmp	r3, #36	@ 0x24
100058c8:	d105      	bne.n	100058d6 <cdcd_open+0x4e>
100058ca:	4295      	cmp	r5, r2
100058cc:	d9f6      	bls.n	100058bc <cdcd_open+0x34>
100058ce:	2000      	movs	r0, #0
100058d0:	f7ff fe66 	bl	100055a0 <_prep_out_transaction.isra.0>
100058d4:	e7e2      	b.n	1000589c <cdcd_open+0x14>
100058d6:	001a      	movs	r2, r3
100058d8:	2b05      	cmp	r3, #5
100058da:	d015      	beq.n	10005908 <cdcd_open+0x80>
100058dc:	2a04      	cmp	r2, #4
100058de:	d1f6      	bne.n	100058ce <cdcd_open+0x46>
100058e0:	7963      	ldrb	r3, [r4, #5]
100058e2:	2b0a      	cmp	r3, #10
100058e4:	d1f3      	bne.n	100058ce <cdcd_open+0x46>
100058e6:	4b10      	ldr	r3, [pc, #64]	@ (10005928 <cdcd_open+0xa0>)
100058e8:	7827      	ldrb	r7, [r4, #0]
100058ea:	9301      	str	r3, [sp, #4]
100058ec:	3301      	adds	r3, #1
100058ee:	9300      	str	r3, [sp, #0]
100058f0:	0030      	movs	r0, r6
100058f2:	2302      	movs	r3, #2
100058f4:	19e1      	adds	r1, r4, r7
100058f6:	3a02      	subs	r2, #2
100058f8:	f7ff fc9e 	bl	10005238 <usbd_open_edpt_pair>
100058fc:	2800      	cmp	r0, #0
100058fe:	d0cc      	beq.n	1000589a <cdcd_open+0x12>
10005900:	350e      	adds	r5, #14
10005902:	19ed      	adds	r5, r5, r7
10005904:	b2ad      	uxth	r5, r5
10005906:	e7e2      	b.n	100058ce <cdcd_open+0x46>
10005908:	0021      	movs	r1, r4
1000590a:	0030      	movs	r0, r6
1000590c:	f7ff fce2 	bl	100052d4 <usbd_edpt_open>
10005910:	2800      	cmp	r0, #0
10005912:	d0c2      	beq.n	1000589a <cdcd_open+0x12>
10005914:	78a3      	ldrb	r3, [r4, #2]
10005916:	707b      	strb	r3, [r7, #1]
10005918:	7823      	ldrb	r3, [r4, #0]
1000591a:	195d      	adds	r5, r3, r5
1000591c:	18e4      	adds	r4, r4, r3
1000591e:	7862      	ldrb	r2, [r4, #1]
10005920:	b2ad      	uxth	r5, r5
10005922:	e7db      	b.n	100058dc <cdcd_open+0x54>
10005924:	20001408 	.word	0x20001408
10005928:	2000140a 	.word	0x2000140a

1000592c <cdcd_control_xfer_cb>:
1000592c:	b5f8      	push	{r3, r4, r5, r6, r7, lr}
1000592e:	2360      	movs	r3, #96	@ 0x60
10005930:	0014      	movs	r4, r2
10005932:	7812      	ldrb	r2, [r2, #0]
10005934:	0005      	movs	r5, r0
10005936:	4013      	ands	r3, r2
10005938:	2000      	movs	r0, #0
1000593a:	2b20      	cmp	r3, #32
1000593c:	d107      	bne.n	1000594e <cdcd_control_xfer_cb+0x22>
1000593e:	4a30      	ldr	r2, [pc, #192]	@ (10005a00 <cdcd_control_xfer_cb+0xd4>)
10005940:	7963      	ldrb	r3, [r4, #5]
10005942:	7927      	ldrb	r7, [r4, #4]
10005944:	7816      	ldrb	r6, [r2, #0]
10005946:	021b      	lsls	r3, r3, #8
10005948:	433b      	orrs	r3, r7
1000594a:	429e      	cmp	r6, r3
1000594c:	d000      	beq.n	10005950 <cdcd_control_xfer_cb+0x24>
1000594e:	bdf8      	pop	{r3, r4, r5, r6, r7, pc}
10005950:	7863      	ldrb	r3, [r4, #1]
10005952:	2b22      	cmp	r3, #34	@ 0x22
10005954:	d01a      	beq.n	1000598c <cdcd_control_xfer_cb+0x60>
10005956:	d807      	bhi.n	10005968 <cdcd_control_xfer_cb+0x3c>
10005958:	2b20      	cmp	r3, #32
1000595a:	d034      	beq.n	100059c6 <cdcd_control_xfer_cb+0x9a>
1000595c:	2b21      	cmp	r3, #33	@ 0x21
1000595e:	d1f6      	bne.n	1000594e <cdcd_control_xfer_cb+0x22>
10005960:	2901      	cmp	r1, #1
10005962:	d03e      	beq.n	100059e2 <cdcd_control_xfer_cb+0xb6>
10005964:	2001      	movs	r0, #1
10005966:	e7f2      	b.n	1000594e <cdcd_control_xfer_cb+0x22>
10005968:	2b23      	cmp	r3, #35	@ 0x23
1000596a:	d1f0      	bne.n	1000594e <cdcd_control_xfer_cb+0x22>
1000596c:	2901      	cmp	r1, #1
1000596e:	d040      	beq.n	100059f2 <cdcd_control_xfer_cb+0xc6>
10005970:	2903      	cmp	r1, #3
10005972:	d1f7      	bne.n	10005964 <cdcd_control_xfer_cb+0x38>
10005974:	4b23      	ldr	r3, [pc, #140]	@ (10005a04 <cdcd_control_xfer_cb+0xd8>)
10005976:	2b00      	cmp	r3, #0
10005978:	d0f4      	beq.n	10005964 <cdcd_control_xfer_cb+0x38>
1000597a:	78e1      	ldrb	r1, [r4, #3]
1000597c:	78a3      	ldrb	r3, [r4, #2]
1000597e:	0209      	lsls	r1, r1, #8
10005980:	2000      	movs	r0, #0
10005982:	4319      	orrs	r1, r3
10005984:	e000      	b.n	10005988 <cdcd_control_xfer_cb+0x5c>
10005986:	bf00      	nop
10005988:	2001      	movs	r0, #1
1000598a:	e7e0      	b.n	1000594e <cdcd_control_xfer_cb+0x22>
1000598c:	2901      	cmp	r1, #1
1000598e:	d030      	beq.n	100059f2 <cdcd_control_xfer_cb+0xc6>
10005990:	2903      	cmp	r1, #3
10005992:	d1e7      	bne.n	10005964 <cdcd_control_xfer_cb+0x38>
10005994:	2501      	movs	r5, #1
10005996:	002e      	movs	r6, r5
10005998:	78a3      	ldrb	r3, [r4, #2]
1000599a:	78e4      	ldrb	r4, [r4, #3]
1000599c:	3902      	subs	r1, #2
1000599e:	0224      	lsls	r4, r4, #8
100059a0:	431c      	orrs	r4, r3
100059a2:	7114      	strb	r4, [r2, #4]
100059a4:	4026      	ands	r6, r4
100059a6:	3224      	adds	r2, #36	@ 0x24
100059a8:	0010      	movs	r0, r2
100059aa:	4071      	eors	r1, r6
100059ac:	f000 fe00 	bl	100065b0 <tu_fifo_set_overwritable>
100059b0:	4b15      	ldr	r3, [pc, #84]	@ (10005a08 <cdcd_control_xfer_cb+0xdc>)
100059b2:	2b00      	cmp	r3, #0
100059b4:	d0d6      	beq.n	10005964 <cdcd_control_xfer_cb+0x38>
100059b6:	0862      	lsrs	r2, r4, #1
100059b8:	2000      	movs	r0, #0
100059ba:	0031      	movs	r1, r6
100059bc:	402a      	ands	r2, r5
100059be:	e000      	b.n	100059c2 <cdcd_control_xfer_cb+0x96>
100059c0:	bf00      	nop
100059c2:	2001      	movs	r0, #1
100059c4:	e7c3      	b.n	1000594e <cdcd_control_xfer_cb+0x22>
100059c6:	2901      	cmp	r1, #1
100059c8:	d00b      	beq.n	100059e2 <cdcd_control_xfer_cb+0xb6>
100059ca:	2903      	cmp	r1, #3
100059cc:	d1ca      	bne.n	10005964 <cdcd_control_xfer_cb+0x38>
100059ce:	4b0f      	ldr	r3, [pc, #60]	@ (10005a0c <cdcd_control_xfer_cb+0xe0>)
100059d0:	2b00      	cmp	r3, #0
100059d2:	d0c7      	beq.n	10005964 <cdcd_control_xfer_cb+0x38>
100059d4:	3208      	adds	r2, #8
100059d6:	2000      	movs	r0, #0
100059d8:	0011      	movs	r1, r2
100059da:	f7fe faad 	bl	10003f38 <tud_cdc_line_coding_cb>
100059de:	2001      	movs	r0, #1
100059e0:	e7b5      	b.n	1000594e <cdcd_control_xfer_cb+0x22>
100059e2:	2307      	movs	r3, #7
100059e4:	0021      	movs	r1, r4
100059e6:	0028      	movs	r0, r5
100059e8:	4a09      	ldr	r2, [pc, #36]	@ (10005a10 <cdcd_control_xfer_cb+0xe4>)
100059ea:	f7ff fcf1 	bl	100053d0 <tud_control_xfer>
100059ee:	2001      	movs	r0, #1
100059f0:	e7ad      	b.n	1000594e <cdcd_control_xfer_cb+0x22>
100059f2:	0021      	movs	r1, r4
100059f4:	0028      	movs	r0, r5
100059f6:	f7ff fcd5 	bl	100053a4 <tud_control_status>
100059fa:	2001      	movs	r0, #1
100059fc:	e7a7      	b.n	1000594e <cdcd_control_xfer_cb+0x22>
100059fe:	46c0      	nop			@ (mov r8, r8)
10005a00:	20001408 	.word	0x20001408
	...
10005a0c:	10003f39 	.word	0x10003f39
10005a10:	20001410 	.word	0x20001410

10005a14 <cdcd_xfer_cb>:
10005a14:	b5f0      	push	{r4, r5, r6, r7, lr}
10005a16:	464f      	mov	r7, r9
10005a18:	4646      	mov	r6, r8
10005a1a:	46d6      	mov	lr, sl
10005a1c:	b5c0      	push	{r6, r7, lr}
10005a1e:	4d36      	ldr	r5, [pc, #216]	@ (10005af8 <cdcd_xfer_cb+0xe4>)
10005a20:	4680      	mov	r8, r0
10005a22:	78ea      	ldrb	r2, [r5, #3]
10005a24:	000c      	movs	r4, r1
10005a26:	001f      	movs	r7, r3
10005a28:	428a      	cmp	r2, r1
10005a2a:	d03c      	beq.n	10005aa6 <cdcd_xfer_cb+0x92>
10005a2c:	78ab      	ldrb	r3, [r5, #2]
10005a2e:	428b      	cmp	r3, r1
10005a30:	d010      	beq.n	10005a54 <cdcd_xfer_cb+0x40>
10005a32:	2000      	movs	r0, #0
10005a34:	bce0      	pop	{r5, r6, r7}
10005a36:	46ba      	mov	sl, r7
10005a38:	46b1      	mov	r9, r6
10005a3a:	46a8      	mov	r8, r5
10005a3c:	bdf0      	pop	{r4, r5, r6, r7, pc}
10005a3e:	4b2f      	ldr	r3, [pc, #188]	@ (10005afc <cdcd_xfer_cb+0xe8>)
10005a40:	2b00      	cmp	r3, #0
10005a42:	d004      	beq.n	10005a4e <cdcd_xfer_cb+0x3a>
10005a44:	482e      	ldr	r0, [pc, #184]	@ (10005b00 <cdcd_xfer_cb+0xec>)
10005a46:	f000 fbad 	bl	100061a4 <tu_fifo_empty>
10005a4a:	2800      	cmp	r0, #0
10005a4c:	d051      	beq.n	10005af2 <cdcd_xfer_cb+0xde>
10005a4e:	2000      	movs	r0, #0
10005a50:	f7ff fda6 	bl	100055a0 <_prep_out_transaction.isra.0>
10005a54:	78ab      	ldrb	r3, [r5, #2]
10005a56:	42a3      	cmp	r3, r4
10005a58:	d001      	beq.n	10005a5e <cdcd_xfer_cb+0x4a>
10005a5a:	2001      	movs	r0, #1
10005a5c:	e7ea      	b.n	10005a34 <cdcd_xfer_cb+0x20>
10005a5e:	4b29      	ldr	r3, [pc, #164]	@ (10005b04 <cdcd_xfer_cb+0xf0>)
10005a60:	2b00      	cmp	r3, #0
10005a62:	d002      	beq.n	10005a6a <cdcd_xfer_cb+0x56>
10005a64:	2000      	movs	r0, #0
10005a66:	e000      	b.n	10005a6a <cdcd_xfer_cb+0x56>
10005a68:	bf00      	nop
10005a6a:	2000      	movs	r0, #0
10005a6c:	f7ff fe32 	bl	100056d4 <tud_cdc_n_write_flush>
10005a70:	2800      	cmp	r0, #0
10005a72:	d1f2      	bne.n	10005a5a <cdcd_xfer_cb+0x46>
10005a74:	4c24      	ldr	r4, [pc, #144]	@ (10005b08 <cdcd_xfer_cb+0xf4>)
10005a76:	0020      	movs	r0, r4
10005a78:	f000 fb7e 	bl	10006178 <tu_fifo_count>
10005a7c:	2800      	cmp	r0, #0
10005a7e:	d1ec      	bne.n	10005a5a <cdcd_xfer_cb+0x46>
10005a80:	2f00      	cmp	r7, #0
10005a82:	d0ea      	beq.n	10005a5a <cdcd_xfer_cb+0x46>
10005a84:	06bf      	lsls	r7, r7, #26
10005a86:	d1e8      	bne.n	10005a5a <cdcd_xfer_cb+0x46>
10005a88:	3c24      	subs	r4, #36	@ 0x24
10005a8a:	4640      	mov	r0, r8
10005a8c:	78a1      	ldrb	r1, [r4, #2]
10005a8e:	f7ff fc3b 	bl	10005308 <usbd_edpt_claim>
10005a92:	2800      	cmp	r0, #0
10005a94:	d0e1      	beq.n	10005a5a <cdcd_xfer_cb+0x46>
10005a96:	2300      	movs	r3, #0
10005a98:	2200      	movs	r2, #0
10005a9a:	4640      	mov	r0, r8
10005a9c:	78a1      	ldrb	r1, [r4, #2]
10005a9e:	f7ff fc5b 	bl	10005358 <usbd_edpt_xfer>
10005aa2:	2001      	movs	r0, #1
10005aa4:	e7c6      	b.n	10005a34 <cdcd_xfer_cb+0x20>
10005aa6:	b29a      	uxth	r2, r3
10005aa8:	2310      	movs	r3, #16
10005aaa:	469a      	mov	sl, r3
10005aac:	4e17      	ldr	r6, [pc, #92]	@ (10005b0c <cdcd_xfer_cb+0xf8>)
10005aae:	44aa      	add	sl, r5
10005ab0:	0031      	movs	r1, r6
10005ab2:	4650      	mov	r0, sl
10005ab4:	f000 fca8 	bl	10006408 <tu_fifo_write_n>
10005ab8:	4b15      	ldr	r3, [pc, #84]	@ (10005b10 <cdcd_xfer_cb+0xfc>)
10005aba:	2b00      	cmp	r3, #0
10005abc:	d0bf      	beq.n	10005a3e <cdcd_xfer_cb+0x2a>
10005abe:	796b      	ldrb	r3, [r5, #5]
10005ac0:	2bff      	cmp	r3, #255	@ 0xff
10005ac2:	d0bc      	beq.n	10005a3e <cdcd_xfer_cb+0x2a>
10005ac4:	2f00      	cmp	r7, #0
10005ac6:	d0ba      	beq.n	10005a3e <cdcd_xfer_cb+0x2a>
10005ac8:	19f2      	adds	r2, r6, r7
10005aca:	4691      	mov	r9, r2
10005acc:	e003      	b.n	10005ad6 <cdcd_xfer_cb+0xc2>
10005ace:	3601      	adds	r6, #1
10005ad0:	454e      	cmp	r6, r9
10005ad2:	d0b4      	beq.n	10005a3e <cdcd_xfer_cb+0x2a>
10005ad4:	796b      	ldrb	r3, [r5, #5]
10005ad6:	7832      	ldrb	r2, [r6, #0]
10005ad8:	429a      	cmp	r2, r3
10005ada:	d1f8      	bne.n	10005ace <cdcd_xfer_cb+0xba>
10005adc:	4650      	mov	r0, sl
10005ade:	f000 fb61 	bl	100061a4 <tu_fifo_empty>
10005ae2:	2800      	cmp	r0, #0
10005ae4:	d1f3      	bne.n	10005ace <cdcd_xfer_cb+0xba>
10005ae6:	4653      	mov	r3, sl
10005ae8:	3b10      	subs	r3, #16
10005aea:	7959      	ldrb	r1, [r3, #5]
10005aec:	e000      	b.n	10005af0 <cdcd_xfer_cb+0xdc>
10005aee:	bf00      	nop
10005af0:	e7ed      	b.n	10005ace <cdcd_xfer_cb+0xba>
10005af2:	e000      	b.n	10005af6 <cdcd_xfer_cb+0xe2>
10005af4:	bf00      	nop
10005af6:	e7aa      	b.n	10005a4e <cdcd_xfer_cb+0x3a>
10005af8:	20001408 	.word	0x20001408
10005afc:	00000000 	.word	0x00000000
10005b00:	20001418 	.word	0x20001418
10005b04:	00000000 	.word	0x00000000
10005b08:	2000142c 	.word	0x2000142c
10005b0c:	20001384 	.word	0x20001384
10005b10:	00000000 	.word	0x00000000

10005b14 <vendord_init>:
10005b14:	2293      	movs	r2, #147	@ 0x93
10005b16:	b5f0      	push	{r4, r5, r6, r7, lr}
10005b18:	4c13      	ldr	r4, [pc, #76]	@ (10005b68 <vendord_init+0x54>)
10005b1a:	b085      	sub	sp, #20
10005b1c:	2100      	movs	r1, #0
10005b1e:	0020      	movs	r0, r4
10005b20:	0092      	lsls	r2, r2, #2
10005b22:	f7fc faf1 	bl	10002108 <__wrap_memset>
10005b26:	0023      	movs	r3, r4
10005b28:	0020      	movs	r0, r4
10005b2a:	2680      	movs	r6, #128	@ 0x80
10005b2c:	2740      	movs	r7, #64	@ 0x40
10005b2e:	4d0f      	ldr	r5, [pc, #60]	@ (10005b6c <vendord_init+0x58>)
10005b30:	334d      	adds	r3, #77	@ 0x4d
10005b32:	0076      	lsls	r6, r6, #1
10005b34:	33ff      	adds	r3, #255	@ 0xff
10005b36:	3029      	adds	r0, #41	@ 0x29
10005b38:	9502      	str	r5, [sp, #8]
10005b3a:	9300      	str	r3, [sp, #0]
10005b3c:	2200      	movs	r2, #0
10005b3e:	2300      	movs	r3, #0
10005b40:	2100      	movs	r1, #0
10005b42:	9703      	str	r7, [sp, #12]
10005b44:	9601      	str	r6, [sp, #4]
10005b46:	30ff      	adds	r0, #255	@ 0xff
10005b48:	f000 f9d4 	bl	10005ef4 <tu_edpt_stream_init>
10005b4c:	3540      	adds	r5, #64	@ 0x40
10005b4e:	1d20      	adds	r0, r4, #4
10005b50:	3428      	adds	r4, #40	@ 0x28
10005b52:	2300      	movs	r3, #0
10005b54:	2201      	movs	r2, #1
10005b56:	2100      	movs	r1, #0
10005b58:	9703      	str	r7, [sp, #12]
10005b5a:	9502      	str	r5, [sp, #8]
10005b5c:	9601      	str	r6, [sp, #4]
10005b5e:	9400      	str	r4, [sp, #0]
10005b60:	f000 f9c8 	bl	10005ef4 <tu_edpt_stream_init>
10005b64:	b005      	add	sp, #20
10005b66:	bdf0      	pop	{r4, r5, r6, r7, pc}
10005b68:	200016cc 	.word	0x200016cc
10005b6c:	2000164c 	.word	0x2000164c

10005b70 <vendord_deinit>:
10005b70:	b510      	push	{r4, lr}
10005b72:	4c05      	ldr	r4, [pc, #20]	@ (10005b88 <vendord_deinit+0x18>)
10005b74:	0020      	movs	r0, r4
10005b76:	f000 f9f3 	bl	10005f60 <tu_edpt_stream_deinit>
10005b7a:	0020      	movs	r0, r4
10005b7c:	3825      	subs	r0, #37	@ 0x25
10005b7e:	38ff      	subs	r0, #255	@ 0xff
10005b80:	f000 f9ee 	bl	10005f60 <tu_edpt_stream_deinit>
10005b84:	2001      	movs	r0, #1
10005b86:	bd10      	pop	{r4, pc}
10005b88:	200017f4 	.word	0x200017f4

10005b8c <vendord_reset>:
10005b8c:	b570      	push	{r4, r5, r6, lr}
10005b8e:	4c08      	ldr	r4, [pc, #32]	@ (10005bb0 <vendord_reset+0x24>)
10005b90:	2500      	movs	r5, #0
10005b92:	0020      	movs	r0, r4
10005b94:	3031      	adds	r0, #49	@ 0x31
10005b96:	30ff      	adds	r0, #255	@ 0xff
10005b98:	7025      	strb	r5, [r4, #0]
10005b9a:	f000 fce9 	bl	10006570 <tu_fifo_clear>
10005b9e:	0020      	movs	r0, r4
10005ba0:	300c      	adds	r0, #12
10005ba2:	f000 fce5 	bl	10006570 <tu_fifo_clear>
10005ba6:	232a      	movs	r3, #42	@ 0x2a
10005ba8:	33ff      	adds	r3, #255	@ 0xff
10005baa:	54e5      	strb	r5, [r4, r3]
10005bac:	7165      	strb	r5, [r4, #5]
10005bae:	bd70      	pop	{r4, r5, r6, pc}
10005bb0:	200016cc 	.word	0x200016cc

10005bb4 <vendord_open>:
10005bb4:	b5f8      	push	{r3, r4, r5, r6, r7, lr}
10005bb6:	4657      	mov	r7, sl
10005bb8:	4645      	mov	r5, r8
10005bba:	46de      	mov	lr, fp
10005bbc:	464e      	mov	r6, r9
10005bbe:	b5e0      	push	{r5, r6, r7, lr}
10005bc0:	794b      	ldrb	r3, [r1, #5]
10005bc2:	4680      	mov	r8, r0
10005bc4:	000f      	movs	r7, r1
10005bc6:	2bff      	cmp	r3, #255	@ 0xff
10005bc8:	d15b      	bne.n	10005c82 <vendord_open+0xce>
10005bca:	4b40      	ldr	r3, [pc, #256]	@ (10005ccc <vendord_open+0x118>)
10005bcc:	4699      	mov	r9, r3
10005bce:	232a      	movs	r3, #42	@ 0x2a
10005bd0:	4649      	mov	r1, r9
10005bd2:	33ff      	adds	r3, #255	@ 0xff
10005bd4:	5ccb      	ldrb	r3, [r1, r3]
10005bd6:	2b00      	cmp	r3, #0
10005bd8:	d153      	bne.n	10005c82 <vendord_open+0xce>
10005bda:	794e      	ldrb	r6, [r1, #5]
10005bdc:	2e00      	cmp	r6, #0
10005bde:	d150      	bne.n	10005c82 <vendord_open+0xce>
10005be0:	78bb      	ldrb	r3, [r7, #2]
10005be2:	783c      	ldrb	r4, [r7, #0]
10005be4:	700b      	strb	r3, [r1, #0]
10005be6:	793b      	ldrb	r3, [r7, #4]
10005be8:	193c      	adds	r4, r7, r4
10005bea:	2b00      	cmp	r3, #0
10005bec:	d046      	beq.n	10005c7c <vendord_open+0xc8>
10005bee:	2398      	movs	r3, #152	@ 0x98
10005bf0:	005b      	lsls	r3, r3, #1
10005bf2:	444b      	add	r3, r9
10005bf4:	469a      	mov	sl, r3
10005bf6:	230c      	movs	r3, #12
10005bf8:	444b      	add	r3, r9
10005bfa:	469b      	mov	fp, r3
10005bfc:	18a5      	adds	r5, r4, r2
10005bfe:	e003      	b.n	10005c08 <vendord_open+0x54>
10005c00:	42ac      	cmp	r4, r5
10005c02:	d23b      	bcs.n	10005c7c <vendord_open+0xc8>
10005c04:	7823      	ldrb	r3, [r4, #0]
10005c06:	18e4      	adds	r4, r4, r3
10005c08:	7863      	ldrb	r3, [r4, #1]
10005c0a:	2b05      	cmp	r3, #5
10005c0c:	d1f8      	bne.n	10005c00 <vendord_open+0x4c>
10005c0e:	42ac      	cmp	r4, r5
10005c10:	d234      	bcs.n	10005c7c <vendord_open+0xc8>
10005c12:	0021      	movs	r1, r4
10005c14:	4640      	mov	r0, r8
10005c16:	f7ff fb5d 	bl	100052d4 <usbd_edpt_open>
10005c1a:	2800      	cmp	r0, #0
10005c1c:	d031      	beq.n	10005c82 <vendord_open+0xce>
10005c1e:	78a3      	ldrb	r3, [r4, #2]
10005c20:	3601      	adds	r6, #1
10005c22:	b2f6      	uxtb	r6, r6
10005c24:	09db      	lsrs	r3, r3, #7
10005c26:	2b01      	cmp	r3, #1
10005c28:	d032      	beq.n	10005c90 <vendord_open+0xdc>
10005c2a:	4650      	mov	r0, sl
10005c2c:	f000 fca0 	bl	10006570 <tu_fifo_clear>
10005c30:	232a      	movs	r3, #42	@ 0x2a
10005c32:	4649      	mov	r1, r9
10005c34:	78a2      	ldrb	r2, [r4, #2]
10005c36:	33ff      	adds	r3, #255	@ 0xff
10005c38:	54ca      	strb	r2, [r1, r3]
10005c3a:	7963      	ldrb	r3, [r4, #5]
10005c3c:	7922      	ldrb	r2, [r4, #4]
10005c3e:	021b      	lsls	r3, r3, #8
10005c40:	4313      	orrs	r3, r2
10005c42:	4a23      	ldr	r2, [pc, #140]	@ (10005cd0 <vendord_open+0x11c>)
10005c44:	055b      	lsls	r3, r3, #21
10005c46:	4694      	mov	ip, r2
10005c48:	0d5b      	lsrs	r3, r3, #21
10005c4a:	2194      	movs	r1, #148	@ 0x94
10005c4c:	4463      	add	r3, ip
10005c4e:	425a      	negs	r2, r3
10005c50:	4153      	adcs	r3, r2
10005c52:	464a      	mov	r2, r9
10005c54:	2002      	movs	r0, #2
10005c56:	0049      	lsls	r1, r1, #1
10005c58:	5c52      	ldrb	r2, [r2, r1]
10005c5a:	005b      	lsls	r3, r3, #1
10005c5c:	4382      	bics	r2, r0
10005c5e:	4313      	orrs	r3, r2
10005c60:	464a      	mov	r2, r9
10005c62:	5453      	strb	r3, [r2, r1]
10005c64:	4651      	mov	r1, sl
10005c66:	4640      	mov	r0, r8
10005c68:	3908      	subs	r1, #8
10005c6a:	f000 f9e3 	bl	10006034 <tu_edpt_stream_read_xfer>
10005c6e:	2800      	cmp	r0, #0
10005c70:	d007      	beq.n	10005c82 <vendord_open+0xce>
10005c72:	7823      	ldrb	r3, [r4, #0]
10005c74:	18e4      	adds	r4, r4, r3
10005c76:	793b      	ldrb	r3, [r7, #4]
10005c78:	42b3      	cmp	r3, r6
10005c7a:	d8c5      	bhi.n	10005c08 <vendord_open+0x54>
10005c7c:	1be0      	subs	r0, r4, r7
10005c7e:	b280      	uxth	r0, r0
10005c80:	e000      	b.n	10005c84 <vendord_open+0xd0>
10005c82:	2000      	movs	r0, #0
10005c84:	bcf0      	pop	{r4, r5, r6, r7}
10005c86:	46bb      	mov	fp, r7
10005c88:	46b2      	mov	sl, r6
10005c8a:	46a9      	mov	r9, r5
10005c8c:	46a0      	mov	r8, r4
10005c8e:	bdf8      	pop	{r3, r4, r5, r6, r7, pc}
10005c90:	4658      	mov	r0, fp
10005c92:	f000 fc6d 	bl	10006570 <tu_fifo_clear>
10005c96:	465a      	mov	r2, fp
10005c98:	78a3      	ldrb	r3, [r4, #2]
10005c9a:	3a0c      	subs	r2, #12
10005c9c:	7153      	strb	r3, [r2, #5]
10005c9e:	7963      	ldrb	r3, [r4, #5]
10005ca0:	7921      	ldrb	r1, [r4, #4]
10005ca2:	021b      	lsls	r3, r3, #8
10005ca4:	430b      	orrs	r3, r1
10005ca6:	490a      	ldr	r1, [pc, #40]	@ (10005cd0 <vendord_open+0x11c>)
10005ca8:	055b      	lsls	r3, r3, #21
10005caa:	468c      	mov	ip, r1
10005cac:	0d5b      	lsrs	r3, r3, #21
10005cae:	4463      	add	r3, ip
10005cb0:	4259      	negs	r1, r3
10005cb2:	414b      	adcs	r3, r1
10005cb4:	2002      	movs	r0, #2
10005cb6:	7911      	ldrb	r1, [r2, #4]
10005cb8:	005b      	lsls	r3, r3, #1
10005cba:	4381      	bics	r1, r0
10005cbc:	430b      	orrs	r3, r1
10005cbe:	4659      	mov	r1, fp
10005cc0:	2000      	movs	r0, #0
10005cc2:	3908      	subs	r1, #8
10005cc4:	7113      	strb	r3, [r2, #4]
10005cc6:	f000 f981 	bl	10005fcc <tu_edpt_stream_write_xfer>
10005cca:	e7d2      	b.n	10005c72 <vendord_open+0xbe>
10005ccc:	200016cc 	.word	0x200016cc
10005cd0:	fffffe00 	.word	0xfffffe00

10005cd4 <vendord_xfer_cb>:
10005cd4:	b5f8      	push	{r3, r4, r5, r6, r7, lr}
10005cd6:	252a      	movs	r5, #42	@ 0x2a
10005cd8:	0006      	movs	r6, r0
10005cda:	481f      	ldr	r0, [pc, #124]	@ (10005d58 <vendord_xfer_cb+0x84>)
10005cdc:	35ff      	adds	r5, #255	@ 0xff
10005cde:	5d45      	ldrb	r5, [r0, r5]
10005ce0:	001f      	movs	r7, r3
10005ce2:	428d      	cmp	r5, r1
10005ce4:	d015      	beq.n	10005d12 <vendord_xfer_cb+0x3e>
10005ce6:	7943      	ldrb	r3, [r0, #5]
10005ce8:	428b      	cmp	r3, r1
10005cea:	d001      	beq.n	10005cf0 <vendord_xfer_cb+0x1c>
10005cec:	2000      	movs	r0, #0
10005cee:	bdf8      	pop	{r3, r4, r5, r6, r7, pc}
10005cf0:	4b1a      	ldr	r3, [pc, #104]	@ (10005d5c <vendord_xfer_cb+0x88>)
10005cf2:	2b00      	cmp	r3, #0
10005cf4:	d004      	beq.n	10005d00 <vendord_xfer_cb+0x2c>
10005cf6:	0439      	lsls	r1, r7, #16
10005cf8:	2000      	movs	r0, #0
10005cfa:	0c09      	lsrs	r1, r1, #16
10005cfc:	e000      	b.n	10005d00 <vendord_xfer_cb+0x2c>
10005cfe:	bf00      	nop
10005d00:	4c17      	ldr	r4, [pc, #92]	@ (10005d60 <vendord_xfer_cb+0x8c>)
10005d02:	0030      	movs	r0, r6
10005d04:	0021      	movs	r1, r4
10005d06:	f000 f961 	bl	10005fcc <tu_edpt_stream_write_xfer>
10005d0a:	2800      	cmp	r0, #0
10005d0c:	d01d      	beq.n	10005d4a <vendord_xfer_cb+0x76>
10005d0e:	2001      	movs	r0, #1
10005d10:	e7ed      	b.n	10005cee <vendord_xfer_cb+0x1a>
10005d12:	239a      	movs	r3, #154	@ 0x9a
10005d14:	005b      	lsls	r3, r3, #1
10005d16:	5ac3      	ldrh	r3, [r0, r3]
10005d18:	2b00      	cmp	r3, #0
10005d1a:	d10d      	bne.n	10005d38 <vendord_xfer_cb+0x64>
10005d1c:	4b11      	ldr	r3, [pc, #68]	@ (10005d64 <vendord_xfer_cb+0x90>)
10005d1e:	2b00      	cmp	r3, #0
10005d20:	d004      	beq.n	10005d2c <vendord_xfer_cb+0x58>
10005d22:	2000      	movs	r0, #0
10005d24:	4910      	ldr	r1, [pc, #64]	@ (10005d68 <vendord_xfer_cb+0x94>)
10005d26:	b2ba      	uxth	r2, r7
10005d28:	e000      	b.n	10005d2c <vendord_xfer_cb+0x58>
10005d2a:	bf00      	nop
10005d2c:	0030      	movs	r0, r6
10005d2e:	490f      	ldr	r1, [pc, #60]	@ (10005d6c <vendord_xfer_cb+0x98>)
10005d30:	f000 f980 	bl	10006034 <tu_edpt_stream_read_xfer>
10005d34:	2001      	movs	r0, #1
10005d36:	e7da      	b.n	10005cee <vendord_xfer_cb+0x1a>
10005d38:	2396      	movs	r3, #150	@ 0x96
10005d3a:	005b      	lsls	r3, r3, #1
10005d3c:	58c1      	ldr	r1, [r0, r3]
10005d3e:	3031      	adds	r0, #49	@ 0x31
10005d40:	b2ba      	uxth	r2, r7
10005d42:	30ff      	adds	r0, #255	@ 0xff
10005d44:	f000 fb60 	bl	10006408 <tu_fifo_write_n>
10005d48:	e7e8      	b.n	10005d1c <vendord_xfer_cb+0x48>
10005d4a:	003a      	movs	r2, r7
10005d4c:	0021      	movs	r1, r4
10005d4e:	0030      	movs	r0, r6
10005d50:	f000 f908 	bl	10005f64 <tu_edpt_stream_write_zlp_if_needed>
10005d54:	2001      	movs	r0, #1
10005d56:	e7ca      	b.n	10005cee <vendord_xfer_cb+0x1a>
10005d58:	200016cc 	.word	0x200016cc
10005d5c:	00000000 	.word	0x00000000
10005d60:	200016d0 	.word	0x200016d0
10005d64:	00000000 	.word	0x00000000
10005d68:	2000164c 	.word	0x2000164c
10005d6c:	200017f4 	.word	0x200017f4

10005d70 <tusb_rhport_init>:
10005d70:	b500      	push	{lr}
10005d72:	0003      	movs	r3, r0
10005d74:	b083      	sub	sp, #12
10005d76:	2900      	cmp	r1, #0
10005d78:	d010      	beq.n	10005d9c <tusb_rhport_init+0x2c>
10005d7a:	2000      	movs	r0, #0
10005d7c:	2b01      	cmp	r3, #1
10005d7e:	d807      	bhi.n	10005d90 <tusb_rhport_init+0x20>
10005d80:	780a      	ldrb	r2, [r1, #0]
10005d82:	2a00      	cmp	r2, #0
10005d84:	d004      	beq.n	10005d90 <tusb_rhport_init+0x20>
10005d86:	480c      	ldr	r0, [pc, #48]	@ (10005db8 <tusb_rhport_init+0x48>)
10005d88:	54c2      	strb	r2, [r0, r3]
10005d8a:	2001      	movs	r0, #1
10005d8c:	2a01      	cmp	r2, #1
10005d8e:	d001      	beq.n	10005d94 <tusb_rhport_init+0x24>
10005d90:	b003      	add	sp, #12
10005d92:	bd00      	pop	{pc}
10005d94:	0018      	movs	r0, r3
10005d96:	f7fe fdd5 	bl	10004944 <tud_rhport_init>
10005d9a:	e7f9      	b.n	10005d90 <tusb_rhport_init+0x20>
10005d9c:	2301      	movs	r3, #1
10005d9e:	466a      	mov	r2, sp
10005da0:	2000      	movs	r0, #0
10005da2:	a901      	add	r1, sp, #4
10005da4:	8093      	strh	r3, [r2, #4]
10005da6:	f7fe fdcd 	bl	10004944 <tud_rhport_init>
10005daa:	2800      	cmp	r0, #0
10005dac:	d0f0      	beq.n	10005d90 <tusb_rhport_init+0x20>
10005dae:	2201      	movs	r2, #1
10005db0:	4b01      	ldr	r3, [pc, #4]	@ (10005db8 <tusb_rhport_init+0x48>)
10005db2:	701a      	strb	r2, [r3, #0]
10005db4:	e7ec      	b.n	10005d90 <tusb_rhport_init+0x20>
10005db6:	46c0      	nop			@ (mov r8, r8)
10005db8:	20001524 	.word	0x20001524

10005dbc <tu_edpt_claim>:
10005dbc:	7803      	ldrb	r3, [r0, #0]
10005dbe:	b570      	push	{r4, r5, r6, lr}
10005dc0:	07db      	lsls	r3, r3, #31
10005dc2:	0004      	movs	r4, r0
10005dc4:	000e      	movs	r6, r1
10005dc6:	0fdd      	lsrs	r5, r3, #31
10005dc8:	2b00      	cmp	r3, #0
10005dca:	d117      	bne.n	10005dfc <tu_edpt_claim+0x40>
10005dcc:	7803      	ldrb	r3, [r0, #0]
10005dce:	075b      	lsls	r3, r3, #29
10005dd0:	d501      	bpl.n	10005dd6 <tu_edpt_claim+0x1a>
10005dd2:	0028      	movs	r0, r5
10005dd4:	bd70      	pop	{r4, r5, r6, pc}
10005dd6:	2101      	movs	r1, #1
10005dd8:	0030      	movs	r0, r6
10005dda:	4249      	negs	r1, r1
10005ddc:	f003 fe1c 	bl	10009a18 <__mutex_enter_timeout_ms_veneer>
10005de0:	7823      	ldrb	r3, [r4, #0]
10005de2:	07db      	lsls	r3, r3, #31
10005de4:	0fdd      	lsrs	r5, r3, #31
10005de6:	2b00      	cmp	r3, #0
10005de8:	d10a      	bne.n	10005e00 <tu_edpt_claim+0x44>
10005dea:	7823      	ldrb	r3, [r4, #0]
10005dec:	075b      	lsls	r3, r3, #29
10005dee:	d408      	bmi.n	10005e02 <tu_edpt_claim+0x46>
10005df0:	2204      	movs	r2, #4
10005df2:	7823      	ldrb	r3, [r4, #0]
10005df4:	2501      	movs	r5, #1
10005df6:	4313      	orrs	r3, r2
10005df8:	7023      	strb	r3, [r4, #0]
10005dfa:	e002      	b.n	10005e02 <tu_edpt_claim+0x46>
10005dfc:	2500      	movs	r5, #0
10005dfe:	e7e8      	b.n	10005dd2 <tu_edpt_claim+0x16>
10005e00:	2500      	movs	r5, #0
10005e02:	0030      	movs	r0, r6
10005e04:	f003 fdd8 	bl	100099b8 <__mutex_exit_veneer>
10005e08:	e7e3      	b.n	10005dd2 <tu_edpt_claim+0x16>
10005e0a:	46c0      	nop			@ (mov r8, r8)

10005e0c <tu_edpt_release>:
10005e0c:	b570      	push	{r4, r5, r6, lr}
10005e0e:	000c      	movs	r4, r1
10005e10:	2101      	movs	r1, #1
10005e12:	0006      	movs	r6, r0
10005e14:	4249      	negs	r1, r1
10005e16:	0020      	movs	r0, r4
10005e18:	f003 fdfe 	bl	10009a18 <__mutex_enter_timeout_ms_veneer>
10005e1c:	7833      	ldrb	r3, [r6, #0]
10005e1e:	075b      	lsls	r3, r3, #29
10005e20:	0fdd      	lsrs	r5, r3, #31
10005e22:	2b00      	cmp	r3, #0
10005e24:	db04      	blt.n	10005e30 <tu_edpt_release+0x24>
10005e26:	0020      	movs	r0, r4
10005e28:	f003 fdc6 	bl	100099b8 <__mutex_exit_veneer>
10005e2c:	0028      	movs	r0, r5
10005e2e:	bd70      	pop	{r4, r5, r6, pc}
10005e30:	7833      	ldrb	r3, [r6, #0]
10005e32:	07db      	lsls	r3, r3, #31
10005e34:	d404      	bmi.n	10005e40 <tu_edpt_release+0x34>
10005e36:	2204      	movs	r2, #4
10005e38:	7833      	ldrb	r3, [r6, #0]
10005e3a:	4393      	bics	r3, r2
10005e3c:	7033      	strb	r3, [r6, #0]
10005e3e:	e7f2      	b.n	10005e26 <tu_edpt_release+0x1a>
10005e40:	2500      	movs	r5, #0
10005e42:	e7f0      	b.n	10005e26 <tu_edpt_release+0x1a>

10005e44 <tu_edpt_validate>:
10005e44:	7943      	ldrb	r3, [r0, #5]
10005e46:	7902      	ldrb	r2, [r0, #4]
10005e48:	021b      	lsls	r3, r3, #8
10005e4a:	4313      	orrs	r3, r2
10005e4c:	78c2      	ldrb	r2, [r0, #3]
10005e4e:	055b      	lsls	r3, r3, #21
10005e50:	0792      	lsls	r2, r2, #30
10005e52:	0d5b      	lsrs	r3, r3, #21
10005e54:	0f92      	lsrs	r2, r2, #30
10005e56:	2a02      	cmp	r2, #2
10005e58:	d01d      	beq.n	10005e96 <tu_edpt_validate+0x52>
10005e5a:	2a03      	cmp	r2, #3
10005e5c:	d00c      	beq.n	10005e78 <tu_edpt_validate+0x34>
10005e5e:	2000      	movs	r0, #0
10005e60:	2a01      	cmp	r2, #1
10005e62:	d108      	bne.n	10005e76 <tu_edpt_validate+0x32>
10005e64:	3902      	subs	r1, #2
10005e66:	424a      	negs	r2, r1
10005e68:	4151      	adcs	r1, r2
10005e6a:	4a12      	ldr	r2, [pc, #72]	@ (10005eb4 <tu_edpt_validate+0x70>)
10005e6c:	4694      	mov	ip, r2
10005e6e:	4461      	add	r1, ip
10005e70:	4299      	cmp	r1, r3
10005e72:	4140      	adcs	r0, r0
10005e74:	b2c0      	uxtb	r0, r0
10005e76:	4770      	bx	lr
10005e78:	3902      	subs	r1, #2
10005e7a:	1e4a      	subs	r2, r1, #1
10005e7c:	4191      	sbcs	r1, r2
10005e7e:	4a0e      	ldr	r2, [pc, #56]	@ (10005eb8 <tu_edpt_validate+0x74>)
10005e80:	4249      	negs	r1, r1
10005e82:	4011      	ands	r1, r2
10005e84:	2280      	movs	r2, #128	@ 0x80
10005e86:	00d2      	lsls	r2, r2, #3
10005e88:	4694      	mov	ip, r2
10005e8a:	2000      	movs	r0, #0
10005e8c:	4461      	add	r1, ip
10005e8e:	4299      	cmp	r1, r3
10005e90:	4140      	adcs	r0, r0
10005e92:	b2c0      	uxtb	r0, r0
10005e94:	e7ef      	b.n	10005e76 <tu_edpt_validate+0x32>
10005e96:	2902      	cmp	r1, #2
10005e98:	d005      	beq.n	10005ea6 <tu_edpt_validate+0x62>
10005e9a:	2000      	movs	r0, #0
10005e9c:	2240      	movs	r2, #64	@ 0x40
10005e9e:	429a      	cmp	r2, r3
10005ea0:	4140      	adcs	r0, r0
10005ea2:	b2c0      	uxtb	r0, r0
10005ea4:	e7e7      	b.n	10005e76 <tu_edpt_validate+0x32>
10005ea6:	4a05      	ldr	r2, [pc, #20]	@ (10005ebc <tu_edpt_validate+0x78>)
10005ea8:	1898      	adds	r0, r3, r2
10005eaa:	4243      	negs	r3, r0
10005eac:	4158      	adcs	r0, r3
10005eae:	b2c0      	uxtb	r0, r0
10005eb0:	e7e1      	b.n	10005e76 <tu_edpt_validate+0x32>
10005eb2:	46c0      	nop			@ (mov r8, r8)
10005eb4:	000003ff 	.word	0x000003ff
10005eb8:	fffffc40 	.word	0xfffffc40
10005ebc:	fffffe00 	.word	0xfffffe00

10005ec0 <tu_edpt_bind_driver>:
10005ec0:	188a      	adds	r2, r1, r2
10005ec2:	b570      	push	{r4, r5, r6, lr}
10005ec4:	4291      	cmp	r1, r2
10005ec6:	d207      	bcs.n	10005ed8 <tu_edpt_bind_driver+0x18>
10005ec8:	267f      	movs	r6, #127	@ 0x7f
10005eca:	784c      	ldrb	r4, [r1, #1]
10005ecc:	2c05      	cmp	r4, #5
10005ece:	d004      	beq.n	10005eda <tu_edpt_bind_driver+0x1a>
10005ed0:	780c      	ldrb	r4, [r1, #0]
10005ed2:	1909      	adds	r1, r1, r4
10005ed4:	428a      	cmp	r2, r1
10005ed6:	d8f8      	bhi.n	10005eca <tu_edpt_bind_driver+0xa>
10005ed8:	bd70      	pop	{r4, r5, r6, pc}
10005eda:	0034      	movs	r4, r6
10005edc:	788d      	ldrb	r5, [r1, #2]
10005ede:	402c      	ands	r4, r5
10005ee0:	0064      	lsls	r4, r4, #1
10005ee2:	1904      	adds	r4, r0, r4
10005ee4:	09ed      	lsrs	r5, r5, #7
10005ee6:	5563      	strb	r3, [r4, r5]
10005ee8:	780c      	ldrb	r4, [r1, #0]
10005eea:	1909      	adds	r1, r1, r4
10005eec:	428a      	cmp	r2, r1
10005eee:	d8ec      	bhi.n	10005eca <tu_edpt_bind_driver+0xa>
10005ef0:	e7f2      	b.n	10005ed8 <tu_edpt_bind_driver+0x18>
10005ef2:	46c0      	nop			@ (mov r8, r8)

10005ef4 <tu_edpt_stream_init>:
10005ef4:	b5f0      	push	{r4, r5, r6, r7, lr}
10005ef6:	46c6      	mov	lr, r8
10005ef8:	b500      	push	{lr}
10005efa:	b082      	sub	sp, #8
10005efc:	0015      	movs	r5, r2
10005efe:	aa08      	add	r2, sp, #32
10005f00:	ca40      	ldmia	r2!, {r6}
10005f02:	0004      	movs	r4, r0
10005f04:	8817      	ldrh	r7, [r2, #0]
10005f06:	466a      	mov	r2, sp
10005f08:	8d92      	ldrh	r2, [r2, #44]	@ 0x2c
10005f0a:	2001      	movs	r0, #1
10005f0c:	4690      	mov	r8, r2
10005f0e:	000a      	movs	r2, r1
10005f10:	7821      	ldrb	r1, [r4, #0]
10005f12:	4002      	ands	r2, r0
10005f14:	4381      	bics	r1, r0
10005f16:	0020      	movs	r0, r4
10005f18:	4311      	orrs	r1, r2
10005f1a:	7021      	strb	r1, [r4, #0]
10005f1c:	003a      	movs	r2, r7
10005f1e:	9300      	str	r3, [sp, #0]
10005f20:	0031      	movs	r1, r6
10005f22:	2301      	movs	r3, #1
10005f24:	3008      	adds	r0, #8
10005f26:	f000 f8f1 	bl	1000610c <tu_fifo_config>
10005f2a:	2e00      	cmp	r6, #0
10005f2c:	d001      	beq.n	10005f32 <tu_edpt_stream_init+0x3e>
10005f2e:	2f00      	cmp	r7, #0
10005f30:	d108      	bne.n	10005f44 <tu_edpt_stream_init+0x50>
10005f32:	9b0a      	ldr	r3, [sp, #40]	@ 0x28
10005f34:	2001      	movs	r0, #1
10005f36:	6063      	str	r3, [r4, #4]
10005f38:	4643      	mov	r3, r8
10005f3a:	8063      	strh	r3, [r4, #2]
10005f3c:	b002      	add	sp, #8
10005f3e:	bc80      	pop	{r7}
10005f40:	46b8      	mov	r8, r7
10005f42:	bdf0      	pop	{r4, r5, r6, r7, pc}
10005f44:	0026      	movs	r6, r4
10005f46:	361c      	adds	r6, #28
10005f48:	0030      	movs	r0, r6
10005f4a:	f7fa fd67 	bl	10000a1c <mutex_init>
10005f4e:	2300      	movs	r3, #0
10005f50:	2d00      	cmp	r5, #0
10005f52:	d001      	beq.n	10005f58 <tu_edpt_stream_init+0x64>
10005f54:	0033      	movs	r3, r6
10005f56:	2600      	movs	r6, #0
10005f58:	6163      	str	r3, [r4, #20]
10005f5a:	61a6      	str	r6, [r4, #24]
10005f5c:	e7e9      	b.n	10005f32 <tu_edpt_stream_init+0x3e>
10005f5e:	46c0      	nop			@ (mov r8, r8)

10005f60 <tu_edpt_stream_deinit>:
10005f60:	2001      	movs	r0, #1
10005f62:	4770      	bx	lr

10005f64 <tu_edpt_stream_write_zlp_if_needed>:
10005f64:	b5f8      	push	{r3, r4, r5, r6, r7, lr}
10005f66:	2402      	movs	r4, #2
10005f68:	780b      	ldrb	r3, [r1, #0]
10005f6a:	0007      	movs	r7, r0
10005f6c:	401c      	ands	r4, r3
10005f6e:	4263      	negs	r3, r4
10005f70:	415c      	adcs	r4, r3
10005f72:	4b14      	ldr	r3, [pc, #80]	@ (10005fc4 <tu_edpt_stream_write_zlp_if_needed+0x60>)
10005f74:	4264      	negs	r4, r4
10005f76:	401c      	ands	r4, r3
10005f78:	4b13      	ldr	r3, [pc, #76]	@ (10005fc8 <tu_edpt_stream_write_zlp_if_needed+0x64>)
10005f7a:	0008      	movs	r0, r1
10005f7c:	469c      	mov	ip, r3
10005f7e:	3008      	adds	r0, #8
10005f80:	000d      	movs	r5, r1
10005f82:	0016      	movs	r6, r2
10005f84:	4464      	add	r4, ip
10005f86:	f000 f8f7 	bl	10006178 <tu_fifo_count>
10005f8a:	2800      	cmp	r0, #0
10005f8c:	d107      	bne.n	10005f9e <tu_edpt_stream_write_zlp_if_needed+0x3a>
10005f8e:	2e00      	cmp	r6, #0
10005f90:	d005      	beq.n	10005f9e <tu_edpt_stream_write_zlp_if_needed+0x3a>
10005f92:	4234      	tst	r4, r6
10005f94:	d103      	bne.n	10005f9e <tu_edpt_stream_write_zlp_if_needed+0x3a>
10005f96:	2401      	movs	r4, #1
10005f98:	782b      	ldrb	r3, [r5, #0]
10005f9a:	421c      	tst	r4, r3
10005f9c:	d001      	beq.n	10005fa2 <tu_edpt_stream_write_zlp_if_needed+0x3e>
10005f9e:	2000      	movs	r0, #0
10005fa0:	bdf8      	pop	{r3, r4, r5, r6, r7, pc}
10005fa2:	0038      	movs	r0, r7
10005fa4:	7869      	ldrb	r1, [r5, #1]
10005fa6:	f7ff f9af 	bl	10005308 <usbd_edpt_claim>
10005faa:	2800      	cmp	r0, #0
10005fac:	d0f7      	beq.n	10005f9e <tu_edpt_stream_write_zlp_if_needed+0x3a>
10005fae:	782b      	ldrb	r3, [r5, #0]
10005fb0:	421c      	tst	r4, r3
10005fb2:	d1f4      	bne.n	10005f9e <tu_edpt_stream_write_zlp_if_needed+0x3a>
10005fb4:	2300      	movs	r3, #0
10005fb6:	2200      	movs	r2, #0
10005fb8:	0038      	movs	r0, r7
10005fba:	7869      	ldrb	r1, [r5, #1]
10005fbc:	f7ff f9cc 	bl	10005358 <usbd_edpt_xfer>
10005fc0:	e7ee      	b.n	10005fa0 <tu_edpt_stream_write_zlp_if_needed+0x3c>
10005fc2:	46c0      	nop			@ (mov r8, r8)
10005fc4:	fffffe40 	.word	0xfffffe40
10005fc8:	000001ff 	.word	0x000001ff

10005fcc <tu_edpt_stream_write_xfer>:
10005fcc:	b5f8      	push	{r3, r4, r5, r6, r7, lr}
10005fce:	000d      	movs	r5, r1
10005fd0:	3508      	adds	r5, #8
10005fd2:	0006      	movs	r6, r0
10005fd4:	0028      	movs	r0, r5
10005fd6:	000c      	movs	r4, r1
10005fd8:	f000 f8ce 	bl	10006178 <tu_fifo_count>
10005fdc:	2800      	cmp	r0, #0
10005fde:	d003      	beq.n	10005fe8 <tu_edpt_stream_write_xfer+0x1c>
10005fe0:	2701      	movs	r7, #1
10005fe2:	7823      	ldrb	r3, [r4, #0]
10005fe4:	421f      	tst	r7, r3
10005fe6:	d001      	beq.n	10005fec <tu_edpt_stream_write_xfer+0x20>
10005fe8:	2000      	movs	r0, #0
10005fea:	bdf8      	pop	{r3, r4, r5, r6, r7, pc}
10005fec:	0030      	movs	r0, r6
10005fee:	7861      	ldrb	r1, [r4, #1]
10005ff0:	f7ff f98a 	bl	10005308 <usbd_edpt_claim>
10005ff4:	2800      	cmp	r0, #0
10005ff6:	d0f7      	beq.n	10005fe8 <tu_edpt_stream_write_xfer+0x1c>
10005ff8:	0028      	movs	r0, r5
10005ffa:	8862      	ldrh	r2, [r4, #2]
10005ffc:	6861      	ldr	r1, [r4, #4]
10005ffe:	f000 f93d 	bl	1000627c <tu_fifo_read_n>
10006002:	7823      	ldrb	r3, [r4, #0]
10006004:	0005      	movs	r5, r0
10006006:	401f      	ands	r7, r3
10006008:	2800      	cmp	r0, #0
1000600a:	d00b      	beq.n	10006024 <tu_edpt_stream_write_xfer+0x58>
1000600c:	2f00      	cmp	r7, #0
1000600e:	d1eb      	bne.n	10005fe8 <tu_edpt_stream_write_xfer+0x1c>
10006010:	0003      	movs	r3, r0
10006012:	6862      	ldr	r2, [r4, #4]
10006014:	0030      	movs	r0, r6
10006016:	7861      	ldrb	r1, [r4, #1]
10006018:	f7ff f99e 	bl	10005358 <usbd_edpt_xfer>
1000601c:	2800      	cmp	r0, #0
1000601e:	d0e3      	beq.n	10005fe8 <tu_edpt_stream_write_xfer+0x1c>
10006020:	0028      	movs	r0, r5
10006022:	e7e2      	b.n	10005fea <tu_edpt_stream_write_xfer+0x1e>
10006024:	2f00      	cmp	r7, #0
10006026:	d1df      	bne.n	10005fe8 <tu_edpt_stream_write_xfer+0x1c>
10006028:	0030      	movs	r0, r6
1000602a:	7861      	ldrb	r1, [r4, #1]
1000602c:	f7ff f980 	bl	10005330 <usbd_edpt_release>
10006030:	e7da      	b.n	10005fe8 <tu_edpt_stream_write_xfer+0x1c>
10006032:	46c0      	nop			@ (mov r8, r8)

10006034 <tu_edpt_stream_read_xfer>:
10006034:	b5f8      	push	{r3, r4, r5, r6, r7, lr}
10006036:	46ce      	mov	lr, r9
10006038:	4647      	mov	r7, r8
1000603a:	b580      	push	{r7, lr}
1000603c:	898a      	ldrh	r2, [r1, #12]
1000603e:	0006      	movs	r6, r0
10006040:	000c      	movs	r4, r1
10006042:	780b      	ldrb	r3, [r1, #0]
10006044:	2a00      	cmp	r2, #0
10006046:	d107      	bne.n	10006058 <tu_edpt_stream_read_xfer+0x24>
10006048:	2501      	movs	r5, #1
1000604a:	421d      	tst	r5, r3
1000604c:	d040      	beq.n	100060d0 <tu_edpt_stream_read_xfer+0x9c>
1000604e:	2000      	movs	r0, #0
10006050:	bcc0      	pop	{r6, r7}
10006052:	46b9      	mov	r9, r7
10006054:	46b0      	mov	r8, r6
10006056:	bdf8      	pop	{r3, r4, r5, r6, r7, pc}
10006058:	079b      	lsls	r3, r3, #30
1000605a:	d433      	bmi.n	100060c4 <tu_edpt_stream_read_xfer+0x90>
1000605c:	4b2a      	ldr	r3, [pc, #168]	@ (10006108 <tu_edpt_stream_read_xfer+0xd4>)
1000605e:	2540      	movs	r5, #64	@ 0x40
10006060:	4699      	mov	r9, r3
10006062:	0027      	movs	r7, r4
10006064:	3708      	adds	r7, #8
10006066:	0038      	movs	r0, r7
10006068:	f000 f8a4 	bl	100061b4 <tu_fifo_remaining>
1000606c:	4285      	cmp	r5, r0
1000606e:	d8ee      	bhi.n	1000604e <tu_edpt_stream_read_xfer+0x1a>
10006070:	2201      	movs	r2, #1
10006072:	7823      	ldrb	r3, [r4, #0]
10006074:	4690      	mov	r8, r2
10006076:	421a      	tst	r2, r3
10006078:	d1e9      	bne.n	1000604e <tu_edpt_stream_read_xfer+0x1a>
1000607a:	0030      	movs	r0, r6
1000607c:	7861      	ldrb	r1, [r4, #1]
1000607e:	f7ff f943 	bl	10005308 <usbd_edpt_claim>
10006082:	2800      	cmp	r0, #0
10006084:	d0e3      	beq.n	1000604e <tu_edpt_stream_read_xfer+0x1a>
10006086:	0038      	movs	r0, r7
10006088:	f000 f894 	bl	100061b4 <tu_fifo_remaining>
1000608c:	4642      	mov	r2, r8
1000608e:	7823      	ldrb	r3, [r4, #0]
10006090:	401a      	ands	r2, r3
10006092:	4285      	cmp	r5, r0
10006094:	d831      	bhi.n	100060fa <tu_edpt_stream_read_xfer+0xc6>
10006096:	2a00      	cmp	r2, #0
10006098:	d1d9      	bne.n	1000604e <tu_edpt_stream_read_xfer+0x1a>
1000609a:	464a      	mov	r2, r9
1000609c:	8863      	ldrh	r3, [r4, #2]
1000609e:	4002      	ands	r2, r0
100060a0:	1c1d      	adds	r5, r3, #0
100060a2:	4293      	cmp	r3, r2
100060a4:	d900      	bls.n	100060a8 <tu_edpt_stream_read_xfer+0x74>
100060a6:	1c15      	adds	r5, r2, #0
100060a8:	b2ad      	uxth	r5, r5
100060aa:	2200      	movs	r2, #0
100060ac:	7861      	ldrb	r1, [r4, #1]
100060ae:	2d00      	cmp	r5, #0
100060b0:	d000      	beq.n	100060b4 <tu_edpt_stream_read_xfer+0x80>
100060b2:	6862      	ldr	r2, [r4, #4]
100060b4:	002b      	movs	r3, r5
100060b6:	0030      	movs	r0, r6
100060b8:	f7ff f94e 	bl	10005358 <usbd_edpt_xfer>
100060bc:	2800      	cmp	r0, #0
100060be:	d0c6      	beq.n	1000604e <tu_edpt_stream_read_xfer+0x1a>
100060c0:	0028      	movs	r0, r5
100060c2:	e7c5      	b.n	10006050 <tu_edpt_stream_read_xfer+0x1c>
100060c4:	23fe      	movs	r3, #254	@ 0xfe
100060c6:	2580      	movs	r5, #128	@ 0x80
100060c8:	021b      	lsls	r3, r3, #8
100060ca:	4699      	mov	r9, r3
100060cc:	00ad      	lsls	r5, r5, #2
100060ce:	e7c8      	b.n	10006062 <tu_edpt_stream_read_xfer+0x2e>
100060d0:	7849      	ldrb	r1, [r1, #1]
100060d2:	f7ff f919 	bl	10005308 <usbd_edpt_claim>
100060d6:	2800      	cmp	r0, #0
100060d8:	d0b9      	beq.n	1000604e <tu_edpt_stream_read_xfer+0x1a>
100060da:	7823      	ldrb	r3, [r4, #0]
100060dc:	421d      	tst	r5, r3
100060de:	d1b6      	bne.n	1000604e <tu_edpt_stream_read_xfer+0x1a>
100060e0:	8863      	ldrh	r3, [r4, #2]
100060e2:	2200      	movs	r2, #0
100060e4:	7861      	ldrb	r1, [r4, #1]
100060e6:	2b00      	cmp	r3, #0
100060e8:	d000      	beq.n	100060ec <tu_edpt_stream_read_xfer+0xb8>
100060ea:	6862      	ldr	r2, [r4, #4]
100060ec:	0030      	movs	r0, r6
100060ee:	f7ff f933 	bl	10005358 <usbd_edpt_xfer>
100060f2:	2800      	cmp	r0, #0
100060f4:	d0ab      	beq.n	1000604e <tu_edpt_stream_read_xfer+0x1a>
100060f6:	8860      	ldrh	r0, [r4, #2]
100060f8:	e7aa      	b.n	10006050 <tu_edpt_stream_read_xfer+0x1c>
100060fa:	2a00      	cmp	r2, #0
100060fc:	d1a7      	bne.n	1000604e <tu_edpt_stream_read_xfer+0x1a>
100060fe:	0030      	movs	r0, r6
10006100:	7861      	ldrb	r1, [r4, #1]
10006102:	f7ff f915 	bl	10005330 <usbd_edpt_release>
10006106:	e7a2      	b.n	1000604e <tu_edpt_stream_read_xfer+0x1a>
10006108:	0000ffc0 	.word	0x0000ffc0

1000610c <tu_fifo_config>:
1000610c:	b5f0      	push	{r4, r5, r6, r7, lr}
1000610e:	46c6      	mov	lr, r8
10006110:	b500      	push	{lr}
10006112:	0004      	movs	r4, r0
10006114:	4668      	mov	r0, sp
10006116:	7e05      	ldrb	r5, [r0, #24]
10006118:	2080      	movs	r0, #128	@ 0x80
1000611a:	4688      	mov	r8, r1
1000611c:	0017      	movs	r7, r2
1000611e:	001e      	movs	r6, r3
10006120:	0200      	lsls	r0, r0, #8
10006122:	4282      	cmp	r2, r0
10006124:	d826      	bhi.n	10006174 <tu_fifo_config+0x68>
10006126:	68e0      	ldr	r0, [r4, #12]
10006128:	2800      	cmp	r0, #0
1000612a:	d003      	beq.n	10006134 <tu_fifo_config+0x28>
1000612c:	2101      	movs	r1, #1
1000612e:	4249      	negs	r1, r1
10006130:	f003 fc72 	bl	10009a18 <__mutex_enter_timeout_ms_veneer>
10006134:	6920      	ldr	r0, [r4, #16]
10006136:	2800      	cmp	r0, #0
10006138:	d003      	beq.n	10006142 <tu_fifo_config+0x36>
1000613a:	2101      	movs	r1, #1
1000613c:	4249      	negs	r1, r1
1000613e:	f003 fc6b 	bl	10009a18 <__mutex_enter_timeout_ms_veneer>
10006142:	4643      	mov	r3, r8
10006144:	6023      	str	r3, [r4, #0]
10006146:	0473      	lsls	r3, r6, #17
10006148:	0c5b      	lsrs	r3, r3, #17
1000614a:	03ed      	lsls	r5, r5, #15
1000614c:	431d      	orrs	r5, r3
1000614e:	2300      	movs	r3, #0
10006150:	68e0      	ldr	r0, [r4, #12]
10006152:	8163      	strh	r3, [r4, #10]
10006154:	80a7      	strh	r7, [r4, #4]
10006156:	80e5      	strh	r5, [r4, #6]
10006158:	8123      	strh	r3, [r4, #8]
1000615a:	2800      	cmp	r0, #0
1000615c:	d001      	beq.n	10006162 <tu_fifo_config+0x56>
1000615e:	f003 fc2b 	bl	100099b8 <__mutex_exit_veneer>
10006162:	6920      	ldr	r0, [r4, #16]
10006164:	2800      	cmp	r0, #0
10006166:	d001      	beq.n	1000616c <tu_fifo_config+0x60>
10006168:	f003 fc26 	bl	100099b8 <__mutex_exit_veneer>
1000616c:	2001      	movs	r0, #1
1000616e:	bc80      	pop	{r7}
10006170:	46b8      	mov	r8, r7
10006172:	bdf0      	pop	{r4, r5, r6, r7, pc}
10006174:	2000      	movs	r0, #0
10006176:	e7fa      	b.n	1000616e <tu_fifo_config+0x62>

10006178 <tu_fifo_count>:
10006178:	b510      	push	{r4, lr}
1000617a:	8904      	ldrh	r4, [r0, #8]
1000617c:	8941      	ldrh	r1, [r0, #10]
1000617e:	8882      	ldrh	r2, [r0, #4]
10006180:	b2a3      	uxth	r3, r4
10006182:	b288      	uxth	r0, r1
10006184:	428c      	cmp	r4, r1
10006186:	d307      	bcc.n	10006198 <tu_fifo_count+0x20>
10006188:	1a1b      	subs	r3, r3, r0
1000618a:	b29b      	uxth	r3, r3
1000618c:	1c10      	adds	r0, r2, #0
1000618e:	429a      	cmp	r2, r3
10006190:	d900      	bls.n	10006194 <tu_fifo_count+0x1c>
10006192:	1c18      	adds	r0, r3, #0
10006194:	b280      	uxth	r0, r0
10006196:	bd10      	pop	{r4, pc}
10006198:	0051      	lsls	r1, r2, #1
1000619a:	1a09      	subs	r1, r1, r0
1000619c:	185b      	adds	r3, r3, r1
1000619e:	b29b      	uxth	r3, r3
100061a0:	e7f4      	b.n	1000618c <tu_fifo_count+0x14>
100061a2:	46c0      	nop			@ (mov r8, r8)

100061a4 <tu_fifo_empty>:
100061a4:	8903      	ldrh	r3, [r0, #8]
100061a6:	8940      	ldrh	r0, [r0, #10]
100061a8:	1a18      	subs	r0, r3, r0
100061aa:	4243      	negs	r3, r0
100061ac:	4158      	adcs	r0, r3
100061ae:	b2c0      	uxtb	r0, r0
100061b0:	4770      	bx	lr
100061b2:	46c0      	nop			@ (mov r8, r8)

100061b4 <tu_fifo_remaining>:
100061b4:	b510      	push	{r4, lr}
100061b6:	8904      	ldrh	r4, [r0, #8]
100061b8:	8941      	ldrh	r1, [r0, #10]
100061ba:	8882      	ldrh	r2, [r0, #4]
100061bc:	b2a3      	uxth	r3, r4
100061be:	b288      	uxth	r0, r1
100061c0:	428c      	cmp	r4, r1
100061c2:	d307      	bcc.n	100061d4 <tu_fifo_remaining+0x20>
100061c4:	1a1b      	subs	r3, r3, r0
100061c6:	b29b      	uxth	r3, r3
100061c8:	2000      	movs	r0, #0
100061ca:	429a      	cmp	r2, r3
100061cc:	d901      	bls.n	100061d2 <tu_fifo_remaining+0x1e>
100061ce:	1ad2      	subs	r2, r2, r3
100061d0:	b290      	uxth	r0, r2
100061d2:	bd10      	pop	{r4, pc}
100061d4:	0051      	lsls	r1, r2, #1
100061d6:	1a09      	subs	r1, r1, r0
100061d8:	185b      	adds	r3, r3, r1
100061da:	b29b      	uxth	r3, r3
100061dc:	e7f4      	b.n	100061c8 <tu_fifo_remaining+0x14>
100061de:	46c0      	nop			@ (mov r8, r8)

100061e0 <tu_fifo_read>:
100061e0:	b570      	push	{r4, r5, r6, lr}
100061e2:	0004      	movs	r4, r0
100061e4:	6900      	ldr	r0, [r0, #16]
100061e6:	000e      	movs	r6, r1
100061e8:	2800      	cmp	r0, #0
100061ea:	d003      	beq.n	100061f4 <tu_fifo_read+0x14>
100061ec:	2101      	movs	r1, #1
100061ee:	4249      	negs	r1, r1
100061f0:	f003 fc12 	bl	10009a18 <__mutex_enter_timeout_ms_veneer>
100061f4:	8925      	ldrh	r5, [r4, #8]
100061f6:	8960      	ldrh	r0, [r4, #10]
100061f8:	88a2      	ldrh	r2, [r4, #4]
100061fa:	b2a9      	uxth	r1, r5
100061fc:	b283      	uxth	r3, r0
100061fe:	4285      	cmp	r5, r0
10006200:	d332      	bcc.n	10006268 <tu_fifo_read+0x88>
10006202:	1acd      	subs	r5, r1, r3
10006204:	b2ad      	uxth	r5, r5
10006206:	2d00      	cmp	r5, #0
10006208:	d028      	beq.n	1000625c <tu_fifo_read+0x7c>
1000620a:	42aa      	cmp	r2, r5
1000620c:	d208      	bcs.n	10006220 <tu_fifo_read+0x40>
1000620e:	4291      	cmp	r1, r2
10006210:	d32f      	bcc.n	10006272 <tu_fifo_read+0x92>
10006212:	1a89      	subs	r1, r1, r2
10006214:	b28b      	uxth	r3, r1
10006216:	8163      	strh	r3, [r4, #10]
10006218:	429a      	cmp	r2, r3
1000621a:	d803      	bhi.n	10006224 <tu_fifo_read+0x44>
1000621c:	1a9b      	subs	r3, r3, r2
1000621e:	b29b      	uxth	r3, r3
10006220:	429a      	cmp	r2, r3
10006222:	d9fb      	bls.n	1000621c <tu_fifo_read+0x3c>
10006224:	88e2      	ldrh	r2, [r4, #6]
10006226:	6821      	ldr	r1, [r4, #0]
10006228:	0452      	lsls	r2, r2, #17
1000622a:	0c52      	lsrs	r2, r2, #17
1000622c:	4353      	muls	r3, r2
1000622e:	0030      	movs	r0, r6
10006230:	18c9      	adds	r1, r1, r3
10006232:	f7fb ff6f 	bl	10002114 <__wrap___aeabi_memcpy>
10006236:	8963      	ldrh	r3, [r4, #10]
10006238:	2501      	movs	r5, #1
1000623a:	1c59      	adds	r1, r3, #1
1000623c:	b289      	uxth	r1, r1
1000623e:	88a2      	ldrh	r2, [r4, #4]
10006240:	428b      	cmp	r3, r1
10006242:	d90d      	bls.n	10006260 <tu_fifo_read+0x80>
10006244:	2100      	movs	r1, #0
10006246:	0052      	lsls	r2, r2, #1
10006248:	1a89      	subs	r1, r1, r2
1000624a:	b289      	uxth	r1, r1
1000624c:	6920      	ldr	r0, [r4, #16]
1000624e:	8161      	strh	r1, [r4, #10]
10006250:	2800      	cmp	r0, #0
10006252:	d001      	beq.n	10006258 <tu_fifo_read+0x78>
10006254:	f003 fbb0 	bl	100099b8 <__mutex_exit_veneer>
10006258:	0028      	movs	r0, r5
1000625a:	bd70      	pop	{r4, r5, r6, pc}
1000625c:	8961      	ldrh	r1, [r4, #10]
1000625e:	b289      	uxth	r1, r1
10006260:	0052      	lsls	r2, r2, #1
10006262:	4291      	cmp	r1, r2
10006264:	dbf2      	blt.n	1000624c <tu_fifo_read+0x6c>
10006266:	e7ef      	b.n	10006248 <tu_fifo_read+0x68>
10006268:	0055      	lsls	r5, r2, #1
1000626a:	1aed      	subs	r5, r5, r3
1000626c:	194d      	adds	r5, r1, r5
1000626e:	b2ad      	uxth	r5, r5
10006270:	e7c9      	b.n	10006206 <tu_fifo_read+0x26>
10006272:	1889      	adds	r1, r1, r2
10006274:	b28b      	uxth	r3, r1
10006276:	8163      	strh	r3, [r4, #10]
10006278:	e7ce      	b.n	10006218 <tu_fifo_read+0x38>
1000627a:	46c0      	nop			@ (mov r8, r8)

1000627c <tu_fifo_read_n>:
1000627c:	b5f0      	push	{r4, r5, r6, r7, lr}
1000627e:	4646      	mov	r6, r8
10006280:	464f      	mov	r7, r9
10006282:	46d6      	mov	lr, sl
10006284:	b5c0      	push	{r6, r7, lr}
10006286:	0006      	movs	r6, r0
10006288:	6900      	ldr	r0, [r0, #16]
1000628a:	4689      	mov	r9, r1
1000628c:	4690      	mov	r8, r2
1000628e:	2800      	cmp	r0, #0
10006290:	d003      	beq.n	1000629a <tu_fifo_read_n+0x1e>
10006292:	2101      	movs	r1, #1
10006294:	4249      	negs	r1, r1
10006296:	f003 fbbf 	bl	10009a18 <__mutex_enter_timeout_ms_veneer>
1000629a:	8931      	ldrh	r1, [r6, #8]
1000629c:	8972      	ldrh	r2, [r6, #10]
1000629e:	88b5      	ldrh	r5, [r6, #4]
100062a0:	b28b      	uxth	r3, r1
100062a2:	b294      	uxth	r4, r2
100062a4:	4291      	cmp	r1, r2
100062a6:	d354      	bcc.n	10006352 <tu_fifo_read_n+0xd6>
100062a8:	1b1f      	subs	r7, r3, r4
100062aa:	b2bf      	uxth	r7, r7
100062ac:	2f00      	cmp	r7, #0
100062ae:	d04a      	beq.n	10006346 <tu_fifo_read_n+0xca>
100062b0:	42bd      	cmp	r5, r7
100062b2:	d205      	bcs.n	100062c0 <tu_fifo_read_n+0x44>
100062b4:	42ab      	cmp	r3, r5
100062b6:	d251      	bcs.n	1000635c <tu_fifo_read_n+0xe0>
100062b8:	195b      	adds	r3, r3, r5
100062ba:	b29c      	uxth	r4, r3
100062bc:	002f      	movs	r7, r5
100062be:	8174      	strh	r4, [r6, #10]
100062c0:	4643      	mov	r3, r8
100062c2:	45b8      	cmp	r8, r7
100062c4:	d83d      	bhi.n	10006342 <tu_fifo_read_n+0xc6>
100062c6:	b29f      	uxth	r7, r3
100062c8:	42a5      	cmp	r5, r4
100062ca:	d803      	bhi.n	100062d4 <tu_fifo_read_n+0x58>
100062cc:	1b64      	subs	r4, r4, r5
100062ce:	b2a4      	uxth	r4, r4
100062d0:	42a5      	cmp	r5, r4
100062d2:	d9fb      	bls.n	100062cc <tu_fifo_read_n+0x50>
100062d4:	88f2      	ldrh	r2, [r6, #6]
100062d6:	6831      	ldr	r1, [r6, #0]
100062d8:	0452      	lsls	r2, r2, #17
100062da:	0c52      	lsrs	r2, r2, #17
100062dc:	4690      	mov	r8, r2
100062de:	4362      	muls	r2, r4
100062e0:	1b2b      	subs	r3, r5, r4
100062e2:	b29b      	uxth	r3, r3
100062e4:	1889      	adds	r1, r1, r2
100062e6:	4642      	mov	r2, r8
100062e8:	429f      	cmp	r7, r3
100062ea:	d925      	bls.n	10006338 <tu_fifo_read_n+0xbc>
100062ec:	4353      	muls	r3, r2
100062ee:	b29b      	uxth	r3, r3
100062f0:	001a      	movs	r2, r3
100062f2:	4648      	mov	r0, r9
100062f4:	469a      	mov	sl, r3
100062f6:	f7fb ff0d 	bl	10002114 <__wrap___aeabi_memcpy>
100062fa:	4643      	mov	r3, r8
100062fc:	4648      	mov	r0, r9
100062fe:	1b7d      	subs	r5, r7, r5
10006300:	1964      	adds	r4, r4, r5
10006302:	435c      	muls	r4, r3
10006304:	6831      	ldr	r1, [r6, #0]
10006306:	4450      	add	r0, sl
10006308:	b2a2      	uxth	r2, r4
1000630a:	f7fb ff03 	bl	10002114 <__wrap___aeabi_memcpy>
1000630e:	8971      	ldrh	r1, [r6, #10]
10006310:	88b5      	ldrh	r5, [r6, #4]
10006312:	19cb      	adds	r3, r1, r7
10006314:	b29b      	uxth	r3, r3
10006316:	006a      	lsls	r2, r5, #1
10006318:	4299      	cmp	r1, r3
1000631a:	d916      	bls.n	1000634a <tu_fifo_read_n+0xce>
1000631c:	1a9b      	subs	r3, r3, r2
1000631e:	b29b      	uxth	r3, r3
10006320:	6930      	ldr	r0, [r6, #16]
10006322:	8173      	strh	r3, [r6, #10]
10006324:	2800      	cmp	r0, #0
10006326:	d001      	beq.n	1000632c <tu_fifo_read_n+0xb0>
10006328:	f003 fb46 	bl	100099b8 <__mutex_exit_veneer>
1000632c:	0038      	movs	r0, r7
1000632e:	bce0      	pop	{r5, r6, r7}
10006330:	46ba      	mov	sl, r7
10006332:	46b1      	mov	r9, r6
10006334:	46a8      	mov	r8, r5
10006336:	bdf0      	pop	{r4, r5, r6, r7, pc}
10006338:	4648      	mov	r0, r9
1000633a:	437a      	muls	r2, r7
1000633c:	f7fb feea 	bl	10002114 <__wrap___aeabi_memcpy>
10006340:	e7e5      	b.n	1000630e <tu_fifo_read_n+0x92>
10006342:	1c3b      	adds	r3, r7, #0
10006344:	e7bf      	b.n	100062c6 <tu_fifo_read_n+0x4a>
10006346:	8973      	ldrh	r3, [r6, #10]
10006348:	b29b      	uxth	r3, r3
1000634a:	006a      	lsls	r2, r5, #1
1000634c:	4293      	cmp	r3, r2
1000634e:	dbe7      	blt.n	10006320 <tu_fifo_read_n+0xa4>
10006350:	e7e4      	b.n	1000631c <tu_fifo_read_n+0xa0>
10006352:	006f      	lsls	r7, r5, #1
10006354:	1b3f      	subs	r7, r7, r4
10006356:	19df      	adds	r7, r3, r7
10006358:	b2bf      	uxth	r7, r7
1000635a:	e7a7      	b.n	100062ac <tu_fifo_read_n+0x30>
1000635c:	1b5b      	subs	r3, r3, r5
1000635e:	b29c      	uxth	r4, r3
10006360:	e7ac      	b.n	100062bc <tu_fifo_read_n+0x40>
10006362:	46c0      	nop			@ (mov r8, r8)

10006364 <tu_fifo_write>:
10006364:	b5f8      	push	{r3, r4, r5, r6, r7, lr}
10006366:	0004      	movs	r4, r0
10006368:	68c0      	ldr	r0, [r0, #12]
1000636a:	000e      	movs	r6, r1
1000636c:	2800      	cmp	r0, #0
1000636e:	d003      	beq.n	10006378 <tu_fifo_write+0x14>
10006370:	2101      	movs	r1, #1
10006372:	4249      	negs	r1, r1
10006374:	f003 fb50 	bl	10009a18 <__mutex_enter_timeout_ms_veneer>
10006378:	8925      	ldrh	r5, [r4, #8]
1000637a:	8920      	ldrh	r0, [r4, #8]
1000637c:	8961      	ldrh	r1, [r4, #10]
1000637e:	88a2      	ldrh	r2, [r4, #4]
10006380:	b2ad      	uxth	r5, r5
10006382:	b283      	uxth	r3, r0
10006384:	b28f      	uxth	r7, r1
10006386:	4288      	cmp	r0, r1
10006388:	d329      	bcc.n	100063de <tu_fifo_write+0x7a>
1000638a:	1bdb      	subs	r3, r3, r7
1000638c:	b29b      	uxth	r3, r3
1000638e:	429a      	cmp	r2, r3
10006390:	d809      	bhi.n	100063a6 <tu_fifo_write+0x42>
10006392:	79e7      	ldrb	r7, [r4, #7]
10006394:	09ff      	lsrs	r7, r7, #7
10006396:	d106      	bne.n	100063a6 <tu_fifo_write+0x42>
10006398:	68e0      	ldr	r0, [r4, #12]
1000639a:	2800      	cmp	r0, #0
1000639c:	d001      	beq.n	100063a2 <tu_fifo_write+0x3e>
1000639e:	f003 fb0b 	bl	100099b8 <__mutex_exit_veneer>
100063a2:	0038      	movs	r0, r7
100063a4:	bdf8      	pop	{r3, r4, r5, r6, r7, pc}
100063a6:	002b      	movs	r3, r5
100063a8:	4295      	cmp	r5, r2
100063aa:	d31d      	bcc.n	100063e8 <tu_fifo_write+0x84>
100063ac:	1a9b      	subs	r3, r3, r2
100063ae:	b29b      	uxth	r3, r3
100063b0:	4293      	cmp	r3, r2
100063b2:	d2fb      	bcs.n	100063ac <tu_fifo_write+0x48>
100063b4:	88e2      	ldrh	r2, [r4, #6]
100063b6:	6820      	ldr	r0, [r4, #0]
100063b8:	0452      	lsls	r2, r2, #17
100063ba:	0c52      	lsrs	r2, r2, #17
100063bc:	4353      	muls	r3, r2
100063be:	0031      	movs	r1, r6
100063c0:	18c0      	adds	r0, r0, r3
100063c2:	f7fb fea7 	bl	10002114 <__wrap___aeabi_memcpy>
100063c6:	1c6b      	adds	r3, r5, #1
100063c8:	b29b      	uxth	r3, r3
100063ca:	88a2      	ldrh	r2, [r4, #4]
100063cc:	429d      	cmp	r5, r3
100063ce:	d917      	bls.n	10006400 <tu_fifo_write+0x9c>
100063d0:	2300      	movs	r3, #0
100063d2:	0052      	lsls	r2, r2, #1
100063d4:	1a9b      	subs	r3, r3, r2
100063d6:	b29b      	uxth	r3, r3
100063d8:	2701      	movs	r7, #1
100063da:	8123      	strh	r3, [r4, #8]
100063dc:	e7dc      	b.n	10006398 <tu_fifo_write+0x34>
100063de:	0051      	lsls	r1, r2, #1
100063e0:	1bc9      	subs	r1, r1, r7
100063e2:	185b      	adds	r3, r3, r1
100063e4:	b29b      	uxth	r3, r3
100063e6:	e7d2      	b.n	1000638e <tu_fifo_write+0x2a>
100063e8:	88e2      	ldrh	r2, [r4, #6]
100063ea:	6820      	ldr	r0, [r4, #0]
100063ec:	0452      	lsls	r2, r2, #17
100063ee:	0c52      	lsrs	r2, r2, #17
100063f0:	4353      	muls	r3, r2
100063f2:	0031      	movs	r1, r6
100063f4:	18c0      	adds	r0, r0, r3
100063f6:	f7fb fe8d 	bl	10002114 <__wrap___aeabi_memcpy>
100063fa:	3501      	adds	r5, #1
100063fc:	88a2      	ldrh	r2, [r4, #4]
100063fe:	b2ab      	uxth	r3, r5
10006400:	0052      	lsls	r2, r2, #1
10006402:	4293      	cmp	r3, r2
10006404:	dbe8      	blt.n	100063d8 <tu_fifo_write+0x74>
10006406:	e7e5      	b.n	100063d4 <tu_fifo_write+0x70>

10006408 <tu_fifo_write_n>:
10006408:	b5f0      	push	{r4, r5, r6, r7, lr}
1000640a:	4645      	mov	r5, r8
1000640c:	464e      	mov	r6, r9
1000640e:	46de      	mov	lr, fp
10006410:	4657      	mov	r7, sl
10006412:	b5e0      	push	{r5, r6, r7, lr}
10006414:	4688      	mov	r8, r1
10006416:	0005      	movs	r5, r0
10006418:	0016      	movs	r6, r2
1000641a:	b083      	sub	sp, #12
1000641c:	2a00      	cmp	r2, #0
1000641e:	d06e      	beq.n	100064fe <tu_fifo_write_n+0xf6>
10006420:	68c0      	ldr	r0, [r0, #12]
10006422:	2800      	cmp	r0, #0
10006424:	d003      	beq.n	1000642e <tu_fifo_write_n+0x26>
10006426:	2101      	movs	r1, #1
10006428:	4249      	negs	r1, r1
1000642a:	f003 faf5 	bl	10009a18 <__mutex_enter_timeout_ms_veneer>
1000642e:	892f      	ldrh	r7, [r5, #8]
10006430:	79ea      	ldrb	r2, [r5, #7]
10006432:	b2bb      	uxth	r3, r7
10006434:	469b      	mov	fp, r3
10006436:	896b      	ldrh	r3, [r5, #10]
10006438:	88af      	ldrh	r7, [r5, #4]
1000643a:	b29b      	uxth	r3, r3
1000643c:	09d2      	lsrs	r2, r2, #7
1000643e:	d13f      	bne.n	100064c0 <tu_fifo_write_n+0xb8>
10006440:	459b      	cmp	fp, r3
10006442:	d265      	bcs.n	10006510 <tu_fifo_write_n+0x108>
10006444:	007a      	lsls	r2, r7, #1
10006446:	1ad3      	subs	r3, r2, r3
10006448:	445b      	add	r3, fp
1000644a:	b29b      	uxth	r3, r3
1000644c:	42bb      	cmp	r3, r7
1000644e:	d264      	bcs.n	1000651a <tu_fifo_write_n+0x112>
10006450:	1afb      	subs	r3, r7, r3
10006452:	1c1a      	adds	r2, r3, #0
10006454:	b29b      	uxth	r3, r3
10006456:	42b3      	cmp	r3, r6
10006458:	d900      	bls.n	1000645c <tu_fifo_write_n+0x54>
1000645a:	1c32      	adds	r2, r6, #0
1000645c:	b296      	uxth	r6, r2
1000645e:	1bf3      	subs	r3, r6, r7
10006460:	b29b      	uxth	r3, r3
10006462:	469a      	mov	sl, r3
10006464:	465b      	mov	r3, fp
10006466:	18f3      	adds	r3, r6, r3
10006468:	b29b      	uxth	r3, r3
1000646a:	4699      	mov	r9, r3
1000646c:	88ea      	ldrh	r2, [r5, #6]
1000646e:	465c      	mov	r4, fp
10006470:	45bb      	cmp	fp, r7
10006472:	d303      	bcc.n	1000647c <tu_fifo_write_n+0x74>
10006474:	1be4      	subs	r4, r4, r7
10006476:	b2a4      	uxth	r4, r4
10006478:	42bc      	cmp	r4, r7
1000647a:	d2fb      	bcs.n	10006474 <tu_fifo_write_n+0x6c>
1000647c:	0452      	lsls	r2, r2, #17
1000647e:	1b3b      	subs	r3, r7, r4
10006480:	0c57      	lsrs	r7, r2, #17
10006482:	003a      	movs	r2, r7
10006484:	4362      	muls	r2, r4
10006486:	6828      	ldr	r0, [r5, #0]
10006488:	b29b      	uxth	r3, r3
1000648a:	1880      	adds	r0, r0, r2
1000648c:	42b3      	cmp	r3, r6
1000648e:	d356      	bcc.n	1000653e <tu_fifo_write_n+0x136>
10006490:	003a      	movs	r2, r7
10006492:	4641      	mov	r1, r8
10006494:	4372      	muls	r2, r6
10006496:	f7fb fe3d 	bl	10002114 <__wrap___aeabi_memcpy>
1000649a:	88ab      	ldrh	r3, [r5, #4]
1000649c:	005b      	lsls	r3, r3, #1
1000649e:	45cb      	cmp	fp, r9
100064a0:	d801      	bhi.n	100064a6 <tu_fifo_write_n+0x9e>
100064a2:	4599      	cmp	r9, r3
100064a4:	db03      	blt.n	100064ae <tu_fifo_write_n+0xa6>
100064a6:	464a      	mov	r2, r9
100064a8:	1ad3      	subs	r3, r2, r3
100064aa:	b29b      	uxth	r3, r3
100064ac:	4699      	mov	r9, r3
100064ae:	464b      	mov	r3, r9
100064b0:	0037      	movs	r7, r6
100064b2:	812b      	strh	r3, [r5, #8]
100064b4:	68e8      	ldr	r0, [r5, #12]
100064b6:	2800      	cmp	r0, #0
100064b8:	d022      	beq.n	10006500 <tu_fifo_write_n+0xf8>
100064ba:	f003 fa7d 	bl	100099b8 <__mutex_exit_veneer>
100064be:	e01f      	b.n	10006500 <tu_fifo_write_n+0xf8>
100064c0:	42be      	cmp	r6, r7
100064c2:	d22c      	bcs.n	1000651e <tu_fifo_write_n+0x116>
100064c4:	459b      	cmp	fp, r3
100064c6:	d34b      	bcc.n	10006560 <tu_fifo_write_n+0x158>
100064c8:	465a      	mov	r2, fp
100064ca:	1ad2      	subs	r2, r2, r3
100064cc:	b292      	uxth	r2, r2
100064ce:	0079      	lsls	r1, r7, #1
100064d0:	1bf0      	subs	r0, r6, r7
100064d2:	b280      	uxth	r0, r0
100064d4:	1992      	adds	r2, r2, r6
100064d6:	4682      	mov	sl, r0
100064d8:	428a      	cmp	r2, r1
100064da:	dbc3      	blt.n	10006464 <tu_fifo_write_n+0x5c>
100064dc:	19da      	adds	r2, r3, r7
100064de:	b292      	uxth	r2, r2
100064e0:	4691      	mov	r9, r2
100064e2:	1b92      	subs	r2, r2, r6
100064e4:	b292      	uxth	r2, r2
100064e6:	4693      	mov	fp, r2
100064e8:	4293      	cmp	r3, r2
100064ea:	d93e      	bls.n	1000656a <tu_fifo_write_n+0x162>
100064ec:	465b      	mov	r3, fp
100064ee:	1a59      	subs	r1, r3, r1
100064f0:	b28b      	uxth	r3, r1
100064f2:	469b      	mov	fp, r3
100064f4:	18f3      	adds	r3, r6, r3
100064f6:	b29b      	uxth	r3, r3
100064f8:	4699      	mov	r9, r3
100064fa:	88ea      	ldrh	r2, [r5, #6]
100064fc:	e7b7      	b.n	1000646e <tu_fifo_write_n+0x66>
100064fe:	2700      	movs	r7, #0
10006500:	0038      	movs	r0, r7
10006502:	b003      	add	sp, #12
10006504:	bcf0      	pop	{r4, r5, r6, r7}
10006506:	46bb      	mov	fp, r7
10006508:	46b2      	mov	sl, r6
1000650a:	46a9      	mov	r9, r5
1000650c:	46a0      	mov	r8, r4
1000650e:	bdf0      	pop	{r4, r5, r6, r7, pc}
10006510:	465a      	mov	r2, fp
10006512:	1ad3      	subs	r3, r2, r3
10006514:	b29b      	uxth	r3, r3
10006516:	42bb      	cmp	r3, r7
10006518:	d39a      	bcc.n	10006450 <tu_fifo_write_n+0x48>
1000651a:	2700      	movs	r7, #0
1000651c:	e7ca      	b.n	100064b4 <tu_fifo_write_n+0xac>
1000651e:	2f00      	cmp	r7, #0
10006520:	d0c8      	beq.n	100064b4 <tu_fifo_write_n+0xac>
10006522:	88ea      	ldrh	r2, [r5, #6]
10006524:	1bf6      	subs	r6, r6, r7
10006526:	0451      	lsls	r1, r2, #17
10006528:	0c49      	lsrs	r1, r1, #17
1000652a:	4371      	muls	r1, r6
1000652c:	469b      	mov	fp, r3
1000652e:	4488      	add	r8, r1
10006530:	19d9      	adds	r1, r3, r7
10006532:	2300      	movs	r3, #0
10006534:	b289      	uxth	r1, r1
10006536:	4689      	mov	r9, r1
10006538:	003e      	movs	r6, r7
1000653a:	469a      	mov	sl, r3
1000653c:	e797      	b.n	1000646e <tu_fifo_write_n+0x66>
1000653e:	437b      	muls	r3, r7
10006540:	b299      	uxth	r1, r3
10006542:	000a      	movs	r2, r1
10006544:	9101      	str	r1, [sp, #4]
10006546:	4454      	add	r4, sl
10006548:	4641      	mov	r1, r8
1000654a:	f7fb fde3 	bl	10002114 <__wrap___aeabi_memcpy>
1000654e:	0022      	movs	r2, r4
10006550:	437a      	muls	r2, r7
10006552:	9901      	ldr	r1, [sp, #4]
10006554:	6828      	ldr	r0, [r5, #0]
10006556:	b292      	uxth	r2, r2
10006558:	4441      	add	r1, r8
1000655a:	f7fb fddb 	bl	10002114 <__wrap___aeabi_memcpy>
1000655e:	e79c      	b.n	1000649a <tu_fifo_write_n+0x92>
10006560:	0079      	lsls	r1, r7, #1
10006562:	1aca      	subs	r2, r1, r3
10006564:	445a      	add	r2, fp
10006566:	b292      	uxth	r2, r2
10006568:	e7b2      	b.n	100064d0 <tu_fifo_write_n+0xc8>
1000656a:	4291      	cmp	r1, r2
1000656c:	ddbe      	ble.n	100064ec <tu_fifo_write_n+0xe4>
1000656e:	e7c4      	b.n	100064fa <tu_fifo_write_n+0xf2>

10006570 <tu_fifo_clear>:
10006570:	b510      	push	{r4, lr}
10006572:	0004      	movs	r4, r0
10006574:	68c0      	ldr	r0, [r0, #12]
10006576:	2800      	cmp	r0, #0
10006578:	d003      	beq.n	10006582 <tu_fifo_clear+0x12>
1000657a:	2101      	movs	r1, #1
1000657c:	4249      	negs	r1, r1
1000657e:	f003 fa4b 	bl	10009a18 <__mutex_enter_timeout_ms_veneer>
10006582:	6920      	ldr	r0, [r4, #16]
10006584:	2800      	cmp	r0, #0
10006586:	d003      	beq.n	10006590 <tu_fifo_clear+0x20>
10006588:	2101      	movs	r1, #1
1000658a:	4249      	negs	r1, r1
1000658c:	f003 fa44 	bl	10009a18 <__mutex_enter_timeout_ms_veneer>
10006590:	2300      	movs	r3, #0
10006592:	68e0      	ldr	r0, [r4, #12]
10006594:	8163      	strh	r3, [r4, #10]
10006596:	8123      	strh	r3, [r4, #8]
10006598:	2800      	cmp	r0, #0
1000659a:	d001      	beq.n	100065a0 <tu_fifo_clear+0x30>
1000659c:	f003 fa0c 	bl	100099b8 <__mutex_exit_veneer>
100065a0:	6920      	ldr	r0, [r4, #16]
100065a2:	2800      	cmp	r0, #0
100065a4:	d001      	beq.n	100065aa <tu_fifo_clear+0x3a>
100065a6:	f003 fa07 	bl	100099b8 <__mutex_exit_veneer>
100065aa:	2001      	movs	r0, #1
100065ac:	bd10      	pop	{r4, pc}
100065ae:	46c0      	nop			@ (mov r8, r8)

100065b0 <tu_fifo_set_overwritable>:
100065b0:	b570      	push	{r4, r5, r6, lr}
100065b2:	0004      	movs	r4, r0
100065b4:	68c0      	ldr	r0, [r0, #12]
100065b6:	000d      	movs	r5, r1
100065b8:	2800      	cmp	r0, #0
100065ba:	d003      	beq.n	100065c4 <tu_fifo_set_overwritable+0x14>
100065bc:	2101      	movs	r1, #1
100065be:	4249      	negs	r1, r1
100065c0:	f003 fa2a 	bl	10009a18 <__mutex_enter_timeout_ms_veneer>
100065c4:	6920      	ldr	r0, [r4, #16]
100065c6:	2800      	cmp	r0, #0
100065c8:	d003      	beq.n	100065d2 <tu_fifo_set_overwritable+0x22>
100065ca:	2101      	movs	r1, #1
100065cc:	4249      	negs	r1, r1
100065ce:	f003 fa23 	bl	10009a18 <__mutex_enter_timeout_ms_veneer>
100065d2:	217f      	movs	r1, #127	@ 0x7f
100065d4:	79e3      	ldrb	r3, [r4, #7]
100065d6:	01ed      	lsls	r5, r5, #7
100065d8:	4019      	ands	r1, r3
100065da:	68e0      	ldr	r0, [r4, #12]
100065dc:	4329      	orrs	r1, r5
100065de:	71e1      	strb	r1, [r4, #7]
100065e0:	2800      	cmp	r0, #0
100065e2:	d001      	beq.n	100065e8 <tu_fifo_set_overwritable+0x38>
100065e4:	f003 f9e8 	bl	100099b8 <__mutex_exit_veneer>
100065e8:	6920      	ldr	r0, [r4, #16]
100065ea:	2800      	cmp	r0, #0
100065ec:	d001      	beq.n	100065f2 <tu_fifo_set_overwritable+0x42>
100065ee:	f003 f9e3 	bl	100099b8 <__mutex_exit_veneer>
100065f2:	2001      	movs	r0, #1
100065f4:	bd70      	pop	{r4, r5, r6, pc}
100065f6:	46c0      	nop			@ (mov r8, r8)

100065f8 <pvPortMalloc>:
100065f8:	b5f0      	push	{r4, r5, r6, r7, lr}
100065fa:	46c6      	mov	lr, r8
100065fc:	1e43      	subs	r3, r0, #1
100065fe:	b500      	push	{lr}
10006600:	330a      	adds	r3, #10
10006602:	d814      	bhi.n	1000662e <pvPortMalloc+0x36>
10006604:	2307      	movs	r3, #7
10006606:	0004      	movs	r4, r0
10006608:	001a      	movs	r2, r3
1000660a:	3408      	adds	r4, #8
1000660c:	4022      	ands	r2, r4
1000660e:	4223      	tst	r3, r4
10006610:	d06c      	beq.n	100066ec <pvPortMalloc+0xf4>
10006612:	0013      	movs	r3, r2
10006614:	3b09      	subs	r3, #9
10006616:	42a3      	cmp	r3, r4
10006618:	d309      	bcc.n	1000662e <pvPortMalloc+0x36>
1000661a:	3010      	adds	r0, #16
1000661c:	1a84      	subs	r4, r0, r2
1000661e:	f001 fa53 	bl	10007ac8 <vTaskSuspendAll>
10006622:	4a37      	ldr	r2, [pc, #220]	@ (10006700 <pvPortMalloc+0x108>)
10006624:	0027      	movs	r7, r4
10006626:	6815      	ldr	r5, [r2, #0]
10006628:	2d00      	cmp	r5, #0
1000662a:	d128      	bne.n	1000667e <pvPortMalloc+0x86>
1000662c:	e00e      	b.n	1000664c <pvPortMalloc+0x54>
1000662e:	f001 fa4b 	bl	10007ac8 <vTaskSuspendAll>
10006632:	4a33      	ldr	r2, [pc, #204]	@ (10006700 <pvPortMalloc+0x108>)
10006634:	6813      	ldr	r3, [r2, #0]
10006636:	2b00      	cmp	r3, #0
10006638:	d006      	beq.n	10006648 <pvPortMalloc+0x50>
1000663a:	2500      	movs	r5, #0
1000663c:	f001 fa4c 	bl	10007ad8 <xTaskResumeAll>
10006640:	0028      	movs	r0, r5
10006642:	bc80      	pop	{r7}
10006644:	46b8      	mov	r8, r7
10006646:	bdf0      	pop	{r4, r5, r6, r7, pc}
10006648:	2700      	movs	r7, #0
1000664a:	2400      	movs	r4, #0
1000664c:	2007      	movs	r0, #7
1000664e:	4d2d      	ldr	r5, [pc, #180]	@ (10006704 <pvPortMalloc+0x10c>)
10006650:	002b      	movs	r3, r5
10006652:	0029      	movs	r1, r5
10006654:	4228      	tst	r0, r5
10006656:	d145      	bne.n	100066e4 <pvPortMalloc+0xec>
10006658:	2000      	movs	r0, #0
1000665a:	4e2b      	ldr	r6, [pc, #172]	@ (10006708 <pvPortMalloc+0x110>)
1000665c:	6070      	str	r0, [r6, #4]
1000665e:	6031      	str	r1, [r6, #0]
10006660:	4e2a      	ldr	r6, [pc, #168]	@ (1000670c <pvPortMalloc+0x114>)
10006662:	46b4      	mov	ip, r6
10006664:	2607      	movs	r6, #7
10006666:	4465      	add	r5, ip
10006668:	43b5      	bics	r5, r6
1000666a:	6015      	str	r5, [r2, #0]
1000666c:	4a28      	ldr	r2, [pc, #160]	@ (10006710 <pvPortMalloc+0x118>)
1000666e:	1aeb      	subs	r3, r5, r3
10006670:	6013      	str	r3, [r2, #0]
10006672:	4a28      	ldr	r2, [pc, #160]	@ (10006714 <pvPortMalloc+0x11c>)
10006674:	6068      	str	r0, [r5, #4]
10006676:	6028      	str	r0, [r5, #0]
10006678:	6013      	str	r3, [r2, #0]
1000667a:	604b      	str	r3, [r1, #4]
1000667c:	600d      	str	r5, [r1, #0]
1000667e:	2f00      	cmp	r7, #0
10006680:	dddb      	ble.n	1000663a <pvPortMalloc+0x42>
10006682:	4f24      	ldr	r7, [pc, #144]	@ (10006714 <pvPortMalloc+0x11c>)
10006684:	683e      	ldr	r6, [r7, #0]
10006686:	42a6      	cmp	r6, r4
10006688:	d3d7      	bcc.n	1000663a <pvPortMalloc+0x42>
1000668a:	481f      	ldr	r0, [pc, #124]	@ (10006708 <pvPortMalloc+0x110>)
1000668c:	6803      	ldr	r3, [r0, #0]
1000668e:	e004      	b.n	1000669a <pvPortMalloc+0xa2>
10006690:	681a      	ldr	r2, [r3, #0]
10006692:	2a00      	cmp	r2, #0
10006694:	d004      	beq.n	100066a0 <pvPortMalloc+0xa8>
10006696:	0018      	movs	r0, r3
10006698:	0013      	movs	r3, r2
1000669a:	6859      	ldr	r1, [r3, #4]
1000669c:	42a1      	cmp	r1, r4
1000669e:	d3f7      	bcc.n	10006690 <pvPortMalloc+0x98>
100066a0:	42ab      	cmp	r3, r5
100066a2:	d0ca      	beq.n	1000663a <pvPortMalloc+0x42>
100066a4:	001d      	movs	r5, r3
100066a6:	681a      	ldr	r2, [r3, #0]
100066a8:	3508      	adds	r5, #8
100066aa:	4690      	mov	r8, r2
100066ac:	6002      	str	r2, [r0, #0]
100066ae:	1b0a      	subs	r2, r1, r4
100066b0:	2a10      	cmp	r2, #16
100066b2:	d905      	bls.n	100066c0 <pvPortMalloc+0xc8>
100066b4:	1919      	adds	r1, r3, r4
100066b6:	604a      	str	r2, [r1, #4]
100066b8:	4642      	mov	r2, r8
100066ba:	600a      	str	r2, [r1, #0]
100066bc:	6001      	str	r1, [r0, #0]
100066be:	0021      	movs	r1, r4
100066c0:	4a13      	ldr	r2, [pc, #76]	@ (10006710 <pvPortMalloc+0x118>)
100066c2:	1a76      	subs	r6, r6, r1
100066c4:	6810      	ldr	r0, [r2, #0]
100066c6:	603e      	str	r6, [r7, #0]
100066c8:	4286      	cmp	r6, r0
100066ca:	d200      	bcs.n	100066ce <pvPortMalloc+0xd6>
100066cc:	6016      	str	r6, [r2, #0]
100066ce:	2280      	movs	r2, #128	@ 0x80
100066d0:	0612      	lsls	r2, r2, #24
100066d2:	430a      	orrs	r2, r1
100066d4:	605a      	str	r2, [r3, #4]
100066d6:	2200      	movs	r2, #0
100066d8:	601a      	str	r2, [r3, #0]
100066da:	4a0f      	ldr	r2, [pc, #60]	@ (10006718 <pvPortMalloc+0x120>)
100066dc:	6813      	ldr	r3, [r2, #0]
100066de:	3301      	adds	r3, #1
100066e0:	6013      	str	r3, [r2, #0]
100066e2:	e7ab      	b.n	1000663c <pvPortMalloc+0x44>
100066e4:	1deb      	adds	r3, r5, #7
100066e6:	4383      	bics	r3, r0
100066e8:	0019      	movs	r1, r3
100066ea:	e7b5      	b.n	10006658 <pvPortMalloc+0x60>
100066ec:	f001 f9ec 	bl	10007ac8 <vTaskSuspendAll>
100066f0:	4a03      	ldr	r2, [pc, #12]	@ (10006700 <pvPortMalloc+0x108>)
100066f2:	0027      	movs	r7, r4
100066f4:	6815      	ldr	r5, [r2, #0]
100066f6:	2d00      	cmp	r5, #0
100066f8:	d0a8      	beq.n	1000664c <pvPortMalloc+0x54>
100066fa:	2c00      	cmp	r4, #0
100066fc:	dac1      	bge.n	10006682 <pvPortMalloc+0x8a>
100066fe:	e79c      	b.n	1000663a <pvPortMalloc+0x42>
10006700:	20001fe8 	.word	0x20001fe8
10006704:	20002390 	.word	0x20002390
10006708:	20022450 	.word	0x20022450
1000670c:	0001fff8 	.word	0x0001fff8
10006710:	20022420 	.word	0x20022420
10006714:	20022414 	.word	0x20022414
10006718:	2002242c 	.word	0x2002242c

1000671c <vPortFree>:
1000671c:	b570      	push	{r4, r5, r6, lr}
1000671e:	2800      	cmp	r0, #0
10006720:	d004      	beq.n	1000672c <vPortFree+0x10>
10006722:	3808      	subs	r0, #8
10006724:	6843      	ldr	r3, [r0, #4]
10006726:	0004      	movs	r4, r0
10006728:	2b00      	cmp	r3, #0
1000672a:	db00      	blt.n	1000672e <vPortFree+0x12>
1000672c:	bd70      	pop	{r4, r5, r6, pc}
1000672e:	6802      	ldr	r2, [r0, #0]
10006730:	2a00      	cmp	r2, #0
10006732:	d1fb      	bne.n	1000672c <vPortFree+0x10>
10006734:	005b      	lsls	r3, r3, #1
10006736:	085b      	lsrs	r3, r3, #1
10006738:	6043      	str	r3, [r0, #4]
1000673a:	0005      	movs	r5, r0
1000673c:	f001 f9c4 	bl	10007ac8 <vTaskSuspendAll>
10006740:	4a18      	ldr	r2, [pc, #96]	@ (100067a4 <vPortFree+0x88>)
10006742:	6861      	ldr	r1, [r4, #4]
10006744:	6813      	ldr	r3, [r2, #0]
10006746:	185b      	adds	r3, r3, r1
10006748:	6013      	str	r3, [r2, #0]
1000674a:	4b17      	ldr	r3, [pc, #92]	@ (100067a8 <vPortFree+0x8c>)
1000674c:	001a      	movs	r2, r3
1000674e:	681b      	ldr	r3, [r3, #0]
10006750:	429c      	cmp	r4, r3
10006752:	d8fb      	bhi.n	1000674c <vPortFree+0x30>
10006754:	6850      	ldr	r0, [r2, #4]
10006756:	1816      	adds	r6, r2, r0
10006758:	42b4      	cmp	r4, r6
1000675a:	d00d      	beq.n	10006778 <vPortFree+0x5c>
1000675c:	1860      	adds	r0, r4, r1
1000675e:	4283      	cmp	r3, r0
10006760:	d01a      	beq.n	10006798 <vPortFree+0x7c>
10006762:	6023      	str	r3, [r4, #0]
10006764:	42aa      	cmp	r2, r5
10006766:	d000      	beq.n	1000676a <vPortFree+0x4e>
10006768:	6015      	str	r5, [r2, #0]
1000676a:	4a10      	ldr	r2, [pc, #64]	@ (100067ac <vPortFree+0x90>)
1000676c:	6813      	ldr	r3, [r2, #0]
1000676e:	3301      	adds	r3, #1
10006770:	6013      	str	r3, [r2, #0]
10006772:	f001 f9b1 	bl	10007ad8 <xTaskResumeAll>
10006776:	e7d9      	b.n	1000672c <vPortFree+0x10>
10006778:	1809      	adds	r1, r1, r0
1000677a:	1850      	adds	r0, r2, r1
1000677c:	6051      	str	r1, [r2, #4]
1000677e:	4283      	cmp	r3, r0
10006780:	d1f3      	bne.n	1000676a <vPortFree+0x4e>
10006782:	480b      	ldr	r0, [pc, #44]	@ (100067b0 <vPortFree+0x94>)
10006784:	0015      	movs	r5, r2
10006786:	6800      	ldr	r0, [r0, #0]
10006788:	4298      	cmp	r0, r3
1000678a:	d0ee      	beq.n	1000676a <vPortFree+0x4e>
1000678c:	6858      	ldr	r0, [r3, #4]
1000678e:	681b      	ldr	r3, [r3, #0]
10006790:	1841      	adds	r1, r0, r1
10006792:	6069      	str	r1, [r5, #4]
10006794:	602b      	str	r3, [r5, #0]
10006796:	e7e5      	b.n	10006764 <vPortFree+0x48>
10006798:	4805      	ldr	r0, [pc, #20]	@ (100067b0 <vPortFree+0x94>)
1000679a:	6800      	ldr	r0, [r0, #0]
1000679c:	4283      	cmp	r3, r0
1000679e:	d1f5      	bne.n	1000678c <vPortFree+0x70>
100067a0:	e7df      	b.n	10006762 <vPortFree+0x46>
100067a2:	46c0      	nop			@ (mov r8, r8)
100067a4:	20022414 	.word	0x20022414
100067a8:	20022450 	.word	0x20022450
100067ac:	20022430 	.word	0x20022430
100067b0:	20001fe8 	.word	0x20001fe8
	...

100067c0 <vPortStartFirstTask>:
100067c0:	4a0b      	ldr	r2, [pc, #44]	@ (100067f0 <pxCurrentTCBConst1>)
100067c2:	6813      	ldr	r3, [r2, #0]
100067c4:	6818      	ldr	r0, [r3, #0]
100067c6:	3020      	adds	r0, #32
100067c8:	f380 8809 	msr	PSP, r0
100067cc:	2002      	movs	r0, #2
100067ce:	f380 8814 	msr	CONTROL, r0
100067d2:	f3bf 8f6f 	isb	sy
100067d6:	bc3f      	pop	{r0, r1, r2, r3, r4, r5}
100067d8:	46ae      	mov	lr, r5
100067da:	bc08      	pop	{r3}
100067dc:	bc04      	pop	{r2}
100067de:	b662      	cpsie	i
100067e0:	4718      	bx	r3
100067e2:	46c0      	nop			@ (mov r8, r8)
100067e4:	46c0      	nop			@ (mov r8, r8)
100067e6:	46c0      	nop			@ (mov r8, r8)
100067e8:	46c0      	nop			@ (mov r8, r8)
100067ea:	46c0      	nop			@ (mov r8, r8)
100067ec:	46c0      	nop			@ (mov r8, r8)
100067ee:	46c0      	nop			@ (mov r8, r8)

100067f0 <pxCurrentTCBConst1>:
100067f0:	20001fdc 	.word	0x20001fdc
	...

10006800 <xPortPendSVHandler>:
10006800:	f3ef 8009 	mrs	r0, PSP
10006804:	4b16      	ldr	r3, [pc, #88]	@ (10006860 <pxCurrentTCBConst2>)
10006806:	681a      	ldr	r2, [r3, #0]
10006808:	3820      	subs	r0, #32
1000680a:	6010      	str	r0, [r2, #0]
1000680c:	c0f0      	stmia	r0!, {r4, r5, r6, r7}
1000680e:	4644      	mov	r4, r8
10006810:	464d      	mov	r5, r9
10006812:	4656      	mov	r6, sl
10006814:	465f      	mov	r7, fp
10006816:	c0f0      	stmia	r0!, {r4, r5, r6, r7}
10006818:	220d      	movs	r2, #13
1000681a:	0712      	lsls	r2, r2, #28
1000681c:	6e14      	ldr	r4, [r2, #96]	@ 0x60
1000681e:	6e55      	ldr	r5, [r2, #100]	@ 0x64
10006820:	6f56      	ldr	r6, [r2, #116]	@ 0x74
10006822:	6f17      	ldr	r7, [r2, #112]	@ 0x70
10006824:	3830      	subs	r0, #48	@ 0x30
10006826:	c0f0      	stmia	r0!, {r4, r5, r6, r7}
10006828:	b508      	push	{r3, lr}
1000682a:	b672      	cpsid	i
1000682c:	f001 fa7a 	bl	10007d24 <vTaskSwitchContext>
10006830:	b662      	cpsie	i
10006832:	bc0c      	pop	{r2, r3}
10006834:	6811      	ldr	r1, [r2, #0]
10006836:	6808      	ldr	r0, [r1, #0]
10006838:	3010      	adds	r0, #16
1000683a:	c8f0      	ldmia	r0!, {r4, r5, r6, r7}
1000683c:	46a0      	mov	r8, r4
1000683e:	46a9      	mov	r9, r5
10006840:	46b2      	mov	sl, r6
10006842:	46bb      	mov	fp, r7
10006844:	f380 8809 	msr	PSP, r0
10006848:	220d      	movs	r2, #13
1000684a:	0712      	lsls	r2, r2, #28
1000684c:	3830      	subs	r0, #48	@ 0x30
1000684e:	c8f0      	ldmia	r0!, {r4, r5, r6, r7}
10006850:	6614      	str	r4, [r2, #96]	@ 0x60
10006852:	6655      	str	r5, [r2, #100]	@ 0x64
10006854:	6756      	str	r6, [r2, #116]	@ 0x74
10006856:	6717      	str	r7, [r2, #112]	@ 0x70
10006858:	c8f0      	ldmia	r0!, {r4, r5, r6, r7}
1000685a:	4718      	bx	r3
1000685c:	46c0      	nop			@ (mov r8, r8)
1000685e:	46c0      	nop			@ (mov r8, r8)

10006860 <pxCurrentTCBConst2>:
10006860:	20001fdc 	.word	0x20001fdc

10006864 <prvTaskExitError>:
10006864:	b510      	push	{r4, lr}
10006866:	f7f9 fe1d 	bl	100004a4 <panic_unsupported>
1000686a:	46c0      	nop			@ (mov r8, r8)

1000686c <prvFIFOInterruptHandler>:
1000686c:	23d0      	movs	r3, #208	@ 0xd0
1000686e:	b500      	push	{lr}
10006870:	061b      	lsls	r3, r3, #24
10006872:	6d1a      	ldr	r2, [r3, #80]	@ 0x50
10006874:	b083      	sub	sp, #12
10006876:	07d2      	lsls	r2, r2, #31
10006878:	d504      	bpl.n	10006884 <prvFIFOInterruptHandler+0x18>
1000687a:	2101      	movs	r1, #1
1000687c:	6d9a      	ldr	r2, [r3, #88]	@ 0x58
1000687e:	6d1a      	ldr	r2, [r3, #80]	@ 0x50
10006880:	4211      	tst	r1, r2
10006882:	d1fb      	bne.n	1000687c <prvFIFOInterruptHandler+0x10>
10006884:	23d0      	movs	r3, #208	@ 0xd0
10006886:	22ff      	movs	r2, #255	@ 0xff
10006888:	061b      	lsls	r3, r3, #24
1000688a:	651a      	str	r2, [r3, #80]	@ 0x50
1000688c:	2300      	movs	r3, #0
1000688e:	4a11      	ldr	r2, [pc, #68]	@ (100068d4 <prvFIFOInterruptHandler+0x68>)
10006890:	9301      	str	r3, [sp, #4]
10006892:	6811      	ldr	r1, [r2, #0]
10006894:	f3ef 8c10 	mrs	ip, PRIMASK
10006898:	b672      	cpsid	i
1000689a:	680b      	ldr	r3, [r1, #0]
1000689c:	2b00      	cmp	r3, #0
1000689e:	d0fc      	beq.n	1000689a <prvFIFOInterruptHandler+0x2e>
100068a0:	f3bf 8f5f 	dmb	sy
100068a4:	2300      	movs	r3, #0
100068a6:	480c      	ldr	r0, [pc, #48]	@ (100068d8 <prvFIFOInterruptHandler+0x6c>)
100068a8:	6812      	ldr	r2, [r2, #0]
100068aa:	6801      	ldr	r1, [r0, #0]
100068ac:	6003      	str	r3, [r0, #0]
100068ae:	f3bf 8f5f 	dmb	sy
100068b2:	6013      	str	r3, [r2, #0]
100068b4:	f38c 8810 	msr	PRIMASK, ip
100068b8:	4b08      	ldr	r3, [pc, #32]	@ (100068dc <prvFIFOInterruptHandler+0x70>)
100068ba:	aa01      	add	r2, sp, #4
100068bc:	6818      	ldr	r0, [r3, #0]
100068be:	f000 fb0b 	bl	10006ed8 <xEventGroupSetBitsFromISR>
100068c2:	9b01      	ldr	r3, [sp, #4]
100068c4:	2b00      	cmp	r3, #0
100068c6:	d003      	beq.n	100068d0 <prvFIFOInterruptHandler+0x64>
100068c8:	2280      	movs	r2, #128	@ 0x80
100068ca:	4b05      	ldr	r3, [pc, #20]	@ (100068e0 <prvFIFOInterruptHandler+0x74>)
100068cc:	0552      	lsls	r2, r2, #21
100068ce:	601a      	str	r2, [r3, #0]
100068d0:	b003      	add	sp, #12
100068d2:	bd00      	pop	{pc}
100068d4:	20001fd8 	.word	0x20001fd8
100068d8:	200223a8 	.word	0x200223a8
100068dc:	20022410 	.word	0x20022410
100068e0:	e000ed04 	.word	0xe000ed04

100068e4 <vPortSVCHandler>:
100068e4:	4770      	bx	lr
100068e6:	46c0      	nop			@ (mov r8, r8)

100068e8 <pxPortInitialiseStack>:
100068e8:	b510      	push	{r4, lr}
100068ea:	2480      	movs	r4, #128	@ 0x80
100068ec:	1f03      	subs	r3, r0, #4
100068ee:	0464      	lsls	r4, r4, #17
100068f0:	601c      	str	r4, [r3, #0]
100068f2:	3b04      	subs	r3, #4
100068f4:	6019      	str	r1, [r3, #0]
100068f6:	4903      	ldr	r1, [pc, #12]	@ (10006904 <pxPortInitialiseStack+0x1c>)
100068f8:	3b04      	subs	r3, #4
100068fa:	6019      	str	r1, [r3, #0]
100068fc:	3b14      	subs	r3, #20
100068fe:	3840      	subs	r0, #64	@ 0x40
10006900:	601a      	str	r2, [r3, #0]
10006902:	bd10      	pop	{r4, pc}
10006904:	10006865 	.word	0x10006865

10006908 <vPortYield>:
10006908:	2280      	movs	r2, #128	@ 0x80
1000690a:	4b04      	ldr	r3, [pc, #16]	@ (1000691c <vPortYield+0x14>)
1000690c:	0552      	lsls	r2, r2, #21
1000690e:	601a      	str	r2, [r3, #0]
10006910:	f3bf 8f4f 	dsb	sy
10006914:	f3bf 8f6f 	isb	sy
10006918:	4770      	bx	lr
1000691a:	46c0      	nop			@ (mov r8, r8)
1000691c:	e000ed04 	.word	0xe000ed04

10006920 <vPortEnterCritical>:
10006920:	b672      	cpsid	i
10006922:	4a04      	ldr	r2, [pc, #16]	@ (10006934 <vPortEnterCritical+0x14>)
10006924:	6813      	ldr	r3, [r2, #0]
10006926:	3301      	adds	r3, #1
10006928:	6013      	str	r3, [r2, #0]
1000692a:	f3bf 8f4f 	dsb	sy
1000692e:	f3bf 8f6f 	isb	sy
10006932:	4770      	bx	lr
10006934:	200223a4 	.word	0x200223a4

10006938 <vPortExitCritical>:
10006938:	4a03      	ldr	r2, [pc, #12]	@ (10006948 <vPortExitCritical+0x10>)
1000693a:	6813      	ldr	r3, [r2, #0]
1000693c:	3b01      	subs	r3, #1
1000693e:	6013      	str	r3, [r2, #0]
10006940:	2b00      	cmp	r3, #0
10006942:	d100      	bne.n	10006946 <vPortExitCritical+0xe>
10006944:	b662      	cpsie	i
10006946:	4770      	bx	lr
10006948:	200223a4 	.word	0x200223a4

1000694c <ulSetInterruptMaskFromISR>:
1000694c:	f3ef 8010 	mrs	r0, PRIMASK
10006950:	b672      	cpsid	i
10006952:	4770      	bx	lr

10006954 <vClearInterruptMaskFromISR>:
10006954:	f380 8810 	msr	PRIMASK, r0
10006958:	4770      	bx	lr
1000695a:	46c0      	nop			@ (mov r8, r8)

1000695c <xPortSysTickHandler>:
1000695c:	b510      	push	{r4, lr}
1000695e:	f7ff fff5 	bl	1000694c <ulSetInterruptMaskFromISR>
10006962:	0004      	movs	r4, r0
10006964:	f001 f9cc 	bl	10007d00 <xTaskIncrementTick>
10006968:	2800      	cmp	r0, #0
1000696a:	d003      	beq.n	10006974 <xPortSysTickHandler+0x18>
1000696c:	2280      	movs	r2, #128	@ 0x80
1000696e:	4b03      	ldr	r3, [pc, #12]	@ (1000697c <xPortSysTickHandler+0x20>)
10006970:	0552      	lsls	r2, r2, #21
10006972:	601a      	str	r2, [r3, #0]
10006974:	0020      	movs	r0, r4
10006976:	f7ff ffed 	bl	10006954 <vClearInterruptMaskFromISR>
1000697a:	bd10      	pop	{r4, pc}
1000697c:	e000ed04 	.word	0xe000ed04

10006980 <vPortSetupTimerInterrupt>:
10006980:	2300      	movs	r3, #0
10006982:	b510      	push	{r4, lr}
10006984:	4a08      	ldr	r2, [pc, #32]	@ (100069a8 <vPortSetupTimerInterrupt+0x28>)
10006986:	4c09      	ldr	r4, [pc, #36]	@ (100069ac <vPortSetupTimerInterrupt+0x2c>)
10006988:	2005      	movs	r0, #5
1000698a:	6023      	str	r3, [r4, #0]
1000698c:	6013      	str	r3, [r2, #0]
1000698e:	f7fa fd83 	bl	10001498 <clock_get_hz>
10006992:	21fa      	movs	r1, #250	@ 0xfa
10006994:	0089      	lsls	r1, r1, #2
10006996:	f7fa ffe7 	bl	10001968 <__wrap___aeabi_uidiv>
1000699a:	4b05      	ldr	r3, [pc, #20]	@ (100069b0 <vPortSetupTimerInterrupt+0x30>)
1000699c:	3801      	subs	r0, #1
1000699e:	6018      	str	r0, [r3, #0]
100069a0:	2307      	movs	r3, #7
100069a2:	6023      	str	r3, [r4, #0]
100069a4:	bd10      	pop	{r4, pc}
100069a6:	46c0      	nop			@ (mov r8, r8)
100069a8:	e000e018 	.word	0xe000e018
100069ac:	e000e010 	.word	0xe000e010
100069b0:	e000e014 	.word	0xe000e014

100069b4 <xPortStartScheduler>:
100069b4:	22ff      	movs	r2, #255	@ 0xff
100069b6:	4b1f      	ldr	r3, [pc, #124]	@ (10006a34 <xPortStartScheduler+0x80>)
100069b8:	0412      	lsls	r2, r2, #16
100069ba:	6819      	ldr	r1, [r3, #0]
100069bc:	b510      	push	{r4, lr}
100069be:	430a      	orrs	r2, r1
100069c0:	601a      	str	r2, [r3, #0]
100069c2:	22ff      	movs	r2, #255	@ 0xff
100069c4:	6819      	ldr	r1, [r3, #0]
100069c6:	0612      	lsls	r2, r2, #24
100069c8:	430a      	orrs	r2, r1
100069ca:	601a      	str	r2, [r3, #0]
100069cc:	491a      	ldr	r1, [pc, #104]	@ (10006a38 <xPortStartScheduler+0x84>)
100069ce:	200e      	movs	r0, #14
100069d0:	f001 fe84 	bl	100086dc <exception_set_exclusive_handler>
100069d4:	4919      	ldr	r1, [pc, #100]	@ (10006a3c <xPortStartScheduler+0x88>)
100069d6:	200f      	movs	r0, #15
100069d8:	f001 fe80 	bl	100086dc <exception_set_exclusive_handler>
100069dc:	4918      	ldr	r1, [pc, #96]	@ (10006a40 <xPortStartScheduler+0x8c>)
100069de:	200b      	movs	r0, #11
100069e0:	f001 fe7c 	bl	100086dc <exception_set_exclusive_handler>
100069e4:	f7ff ffcc 	bl	10006980 <vPortSetupTimerInterrupt>
100069e8:	2200      	movs	r2, #0
100069ea:	4b16      	ldr	r3, [pc, #88]	@ (10006a44 <xPortStartScheduler+0x90>)
100069ec:	601a      	str	r2, [r3, #0]
100069ee:	23d0      	movs	r3, #208	@ 0xd0
100069f0:	061b      	lsls	r3, r3, #24
100069f2:	4a15      	ldr	r2, [pc, #84]	@ (10006a48 <xPortStartScheduler+0x94>)
100069f4:	681c      	ldr	r4, [r3, #0]
100069f6:	7014      	strb	r4, [r2, #0]
100069f8:	22ff      	movs	r2, #255	@ 0xff
100069fa:	651a      	str	r2, [r3, #80]	@ 0x50
100069fc:	6d1a      	ldr	r2, [r3, #80]	@ 0x50
100069fe:	07d2      	lsls	r2, r2, #31
10006a00:	d504      	bpl.n	10006a0c <xPortStartScheduler+0x58>
10006a02:	2101      	movs	r1, #1
10006a04:	6d9a      	ldr	r2, [r3, #88]	@ 0x58
10006a06:	6d1a      	ldr	r2, [r3, #80]	@ 0x50
10006a08:	4211      	tst	r1, r2
10006a0a:	d1fb      	bne.n	10006a04 <xPortStartScheduler+0x50>
10006a0c:	340f      	adds	r4, #15
10006a0e:	21ff      	movs	r1, #255	@ 0xff
10006a10:	0020      	movs	r0, r4
10006a12:	f7f9 ff4d 	bl	100008b0 <irq_set_priority>
10006a16:	0020      	movs	r0, r4
10006a18:	490c      	ldr	r1, [pc, #48]	@ (10006a4c <xPortStartScheduler+0x98>)
10006a1a:	f7f9 fe25 	bl	10000668 <irq_set_exclusive_handler>
10006a1e:	2101      	movs	r1, #1
10006a20:	0020      	movs	r0, r4
10006a22:	f7f9 fde9 	bl	100005f8 <irq_set_enabled>
10006a26:	f7ff fecb 	bl	100067c0 <vPortStartFirstTask>
10006a2a:	f001 f97b 	bl	10007d24 <vTaskSwitchContext>
10006a2e:	f7f9 fd39 	bl	100004a4 <panic_unsupported>
10006a32:	46c0      	nop			@ (mov r8, r8)
10006a34:	e000ed20 	.word	0xe000ed20
10006a38:	10006801 	.word	0x10006801
10006a3c:	1000695d 	.word	0x1000695d
10006a40:	100068e5 	.word	0x100068e5
10006a44:	200223a4 	.word	0x200223a4
10006a48:	200010a5 	.word	0x200010a5
10006a4c:	1000686d 	.word	0x1000686d

10006a50 <ulPortLockGetCurrentOwnerId>:
10006a50:	23d0      	movs	r3, #208	@ 0xd0
10006a52:	b510      	push	{r4, lr}
10006a54:	061b      	lsls	r3, r3, #24
10006a56:	6818      	ldr	r0, [r3, #0]
10006a58:	4b07      	ldr	r3, [pc, #28]	@ (10006a78 <ulPortLockGetCurrentOwnerId+0x28>)
10006a5a:	781b      	ldrb	r3, [r3, #0]
10006a5c:	4283      	cmp	r3, r0
10006a5e:	d000      	beq.n	10006a62 <ulPortLockGetCurrentOwnerId+0x12>
10006a60:	bd10      	pop	{r4, pc}
10006a62:	f3ef 8305 	mrs	r3, IPSR
10006a66:	2b00      	cmp	r3, #0
10006a68:	d002      	beq.n	10006a70 <ulPortLockGetCurrentOwnerId+0x20>
10006a6a:	005b      	lsls	r3, r3, #1
10006a6c:	18c0      	adds	r0, r0, r3
10006a6e:	e7f7      	b.n	10006a60 <ulPortLockGetCurrentOwnerId+0x10>
10006a70:	f001 fbc6 	bl	10008200 <xTaskGetCurrentTaskHandle>
10006a74:	e7f4      	b.n	10006a60 <ulPortLockGetCurrentOwnerId+0x10>
10006a76:	46c0      	nop			@ (mov r8, r8)
10006a78:	200010a5 	.word	0x200010a5

10006a7c <vPortLockInternalSpinUnlockWithWait>:
10006a7c:	b510      	push	{r4, lr}
10006a7e:	0003      	movs	r3, r0
10006a80:	6802      	ldr	r2, [r0, #0]
10006a82:	4815      	ldr	r0, [pc, #84]	@ (10006ad8 <vPortLockInternalSpinUnlockWithWait+0x5c>)
10006a84:	b082      	sub	sp, #8
10006a86:	7804      	ldrb	r4, [r0, #0]
10006a88:	20d0      	movs	r0, #208	@ 0xd0
10006a8a:	0600      	lsls	r0, r0, #24
10006a8c:	6800      	ldr	r0, [r0, #0]
10006a8e:	4284      	cmp	r4, r0
10006a90:	d008      	beq.n	10006aa4 <vPortLockInternalSpinUnlockWithWait+0x28>
10006a92:	f3bf 8f5f 	dmb	sy
10006a96:	2300      	movs	r3, #0
10006a98:	6013      	str	r3, [r2, #0]
10006a9a:	f381 8810 	msr	PRIMASK, r1
10006a9e:	bf20      	wfe
10006aa0:	b002      	add	sp, #8
10006aa2:	bd10      	pop	{r4, pc}
10006aa4:	f3bf 8f5f 	dmb	sy
10006aa8:	2000      	movs	r0, #0
10006aaa:	6010      	str	r0, [r2, #0]
10006aac:	f381 8810 	msr	PRIMASK, r1
10006ab0:	4a0a      	ldr	r2, [pc, #40]	@ (10006adc <vPortLockInternalSpinUnlockWithWait+0x60>)
10006ab2:	681b      	ldr	r3, [r3, #0]
10006ab4:	6810      	ldr	r0, [r2, #0]
10006ab6:	4a0a      	ldr	r2, [pc, #40]	@ (10006ae0 <vPortLockInternalSpinUnlockWithWait+0x64>)
10006ab8:	4694      	mov	ip, r2
10006aba:	4463      	add	r3, ip
10006abc:	109a      	asrs	r2, r3, #2
10006abe:	2b5c      	cmp	r3, #92	@ 0x5c
10006ac0:	d900      	bls.n	10006ac4 <vPortLockInternalSpinUnlockWithWait+0x48>
10006ac2:	3a18      	subs	r2, #24
10006ac4:	2301      	movs	r3, #1
10006ac6:	2101      	movs	r1, #1
10006ac8:	425b      	negs	r3, r3
10006aca:	4091      	lsls	r1, r2
10006acc:	9300      	str	r3, [sp, #0]
10006ace:	2201      	movs	r2, #1
10006ad0:	2300      	movs	r3, #0
10006ad2:	f000 f951 	bl	10006d78 <xEventGroupWaitBits>
10006ad6:	e7e3      	b.n	10006aa0 <vPortLockInternalSpinUnlockWithWait+0x24>
10006ad8:	200010a5 	.word	0x200010a5
10006adc:	20022410 	.word	0x20022410
10006ae0:	2fffff00 	.word	0x2fffff00

10006ae4 <vPortLockInternalSpinUnlockWithNotify>:
10006ae4:	000a      	movs	r2, r1
10006ae6:	492b      	ldr	r1, [pc, #172]	@ (10006b94 <vPortLockInternalSpinUnlockWithNotify+0xb0>)
10006ae8:	b530      	push	{r4, r5, lr}
10006aea:	468c      	mov	ip, r1
10006aec:	6803      	ldr	r3, [r0, #0]
10006aee:	b083      	sub	sp, #12
10006af0:	4463      	add	r3, ip
10006af2:	109c      	asrs	r4, r3, #2
10006af4:	2b5c      	cmp	r3, #92	@ 0x5c
10006af6:	d900      	bls.n	10006afa <vPortLockInternalSpinUnlockWithNotify+0x16>
10006af8:	3c18      	subs	r4, #24
10006afa:	2101      	movs	r1, #1
10006afc:	4b26      	ldr	r3, [pc, #152]	@ (10006b98 <vPortLockInternalSpinUnlockWithNotify+0xb4>)
10006afe:	40a1      	lsls	r1, r4
10006b00:	781c      	ldrb	r4, [r3, #0]
10006b02:	23d0      	movs	r3, #208	@ 0xd0
10006b04:	061b      	lsls	r3, r3, #24
10006b06:	681b      	ldr	r3, [r3, #0]
10006b08:	429c      	cmp	r4, r3
10006b0a:	d01f      	beq.n	10006b4c <vPortLockInternalSpinUnlockWithNotify+0x68>
10006b0c:	bf40      	sev
10006b0e:	4d23      	ldr	r5, [pc, #140]	@ (10006b9c <vPortLockInternalSpinUnlockWithNotify+0xb8>)
10006b10:	6803      	ldr	r3, [r0, #0]
10006b12:	682c      	ldr	r4, [r5, #0]
10006b14:	42a3      	cmp	r3, r4
10006b16:	d034      	beq.n	10006b82 <vPortLockInternalSpinUnlockWithNotify+0x9e>
10006b18:	6823      	ldr	r3, [r4, #0]
10006b1a:	2b00      	cmp	r3, #0
10006b1c:	d0fc      	beq.n	10006b18 <vPortLockInternalSpinUnlockWithNotify+0x34>
10006b1e:	f3bf 8f5f 	dmb	sy
10006b22:	4c1f      	ldr	r4, [pc, #124]	@ (10006ba0 <vPortLockInternalSpinUnlockWithNotify+0xbc>)
10006b24:	6823      	ldr	r3, [r4, #0]
10006b26:	430b      	orrs	r3, r1
10006b28:	6023      	str	r3, [r4, #0]
10006b2a:	682b      	ldr	r3, [r5, #0]
10006b2c:	f3bf 8f5f 	dmb	sy
10006b30:	2100      	movs	r1, #0
10006b32:	6019      	str	r1, [r3, #0]
10006b34:	6803      	ldr	r3, [r0, #0]
10006b36:	20d0      	movs	r0, #208	@ 0xd0
10006b38:	2100      	movs	r1, #0
10006b3a:	0600      	lsls	r0, r0, #24
10006b3c:	6541      	str	r1, [r0, #84]	@ 0x54
10006b3e:	f3bf 8f5f 	dmb	sy
10006b42:	6019      	str	r1, [r3, #0]
10006b44:	f382 8810 	msr	PRIMASK, r2
10006b48:	b003      	add	sp, #12
10006b4a:	bd30      	pop	{r4, r5, pc}
10006b4c:	bf40      	sev
10006b4e:	6803      	ldr	r3, [r0, #0]
10006b50:	f3bf 8f5f 	dmb	sy
10006b54:	2400      	movs	r4, #0
10006b56:	601c      	str	r4, [r3, #0]
10006b58:	f382 8810 	msr	PRIMASK, r2
10006b5c:	f3ef 8305 	mrs	r3, IPSR
10006b60:	4a10      	ldr	r2, [pc, #64]	@ (10006ba4 <vPortLockInternalSpinUnlockWithNotify+0xc0>)
10006b62:	b2db      	uxtb	r3, r3
10006b64:	6810      	ldr	r0, [r2, #0]
10006b66:	2b00      	cmp	r3, #0
10006b68:	d010      	beq.n	10006b8c <vPortLockInternalSpinUnlockWithNotify+0xa8>
10006b6a:	aa01      	add	r2, sp, #4
10006b6c:	9401      	str	r4, [sp, #4]
10006b6e:	f000 f9b3 	bl	10006ed8 <xEventGroupSetBitsFromISR>
10006b72:	9b01      	ldr	r3, [sp, #4]
10006b74:	2b00      	cmp	r3, #0
10006b76:	d0e7      	beq.n	10006b48 <vPortLockInternalSpinUnlockWithNotify+0x64>
10006b78:	2280      	movs	r2, #128	@ 0x80
10006b7a:	4b0b      	ldr	r3, [pc, #44]	@ (10006ba8 <vPortLockInternalSpinUnlockWithNotify+0xc4>)
10006b7c:	0552      	lsls	r2, r2, #21
10006b7e:	601a      	str	r2, [r3, #0]
10006b80:	e7e2      	b.n	10006b48 <vPortLockInternalSpinUnlockWithNotify+0x64>
10006b82:	4c07      	ldr	r4, [pc, #28]	@ (10006ba0 <vPortLockInternalSpinUnlockWithNotify+0xbc>)
10006b84:	6820      	ldr	r0, [r4, #0]
10006b86:	4308      	orrs	r0, r1
10006b88:	6020      	str	r0, [r4, #0]
10006b8a:	e7d4      	b.n	10006b36 <vPortLockInternalSpinUnlockWithNotify+0x52>
10006b8c:	f000 f950 	bl	10006e30 <xEventGroupSetBits>
10006b90:	e7da      	b.n	10006b48 <vPortLockInternalSpinUnlockWithNotify+0x64>
10006b92:	46c0      	nop			@ (mov r8, r8)
10006b94:	2fffff00 	.word	0x2fffff00
10006b98:	200010a5 	.word	0x200010a5
10006b9c:	20001fd8 	.word	0x20001fd8
10006ba0:	200223a8 	.word	0x200223a8
10006ba4:	20022410 	.word	0x20022410
10006ba8:	e000ed04 	.word	0xe000ed04

10006bac <xPortLockInternalSpinUnlockWithBestEffortWaitOrTimeout>:
10006bac:	b5f0      	push	{r4, r5, r6, r7, lr}
10006bae:	46ce      	mov	lr, r9
10006bb0:	4647      	mov	r7, r8
10006bb2:	b580      	push	{r7, lr}
10006bb4:	001d      	movs	r5, r3
10006bb6:	4b34      	ldr	r3, [pc, #208]	@ (10006c88 <xPortLockInternalSpinUnlockWithBestEffortWaitOrTimeout+0xdc>)
10006bb8:	0014      	movs	r4, r2
10006bba:	781a      	ldrb	r2, [r3, #0]
10006bbc:	23d0      	movs	r3, #208	@ 0xd0
10006bbe:	061b      	lsls	r3, r3, #24
10006bc0:	681b      	ldr	r3, [r3, #0]
10006bc2:	4680      	mov	r8, r0
10006bc4:	4689      	mov	r9, r1
10006bc6:	b083      	sub	sp, #12
10006bc8:	429a      	cmp	r2, r3
10006bca:	d00f      	beq.n	10006bec <xPortLockInternalSpinUnlockWithBestEffortWaitOrTimeout+0x40>
10006bcc:	6803      	ldr	r3, [r0, #0]
10006bce:	f3bf 8f5f 	dmb	sy
10006bd2:	2200      	movs	r2, #0
10006bd4:	601a      	str	r2, [r3, #0]
10006bd6:	f381 8810 	msr	PRIMASK, r1
10006bda:	0020      	movs	r0, r4
10006bdc:	0029      	movs	r1, r5
10006bde:	f7fa fabb 	bl	10001158 <best_effort_wfe_or_timeout>
10006be2:	b003      	add	sp, #12
10006be4:	bcc0      	pop	{r6, r7}
10006be6:	46b9      	mov	r9, r7
10006be8:	46b0      	mov	r8, r6
10006bea:	bdf0      	pop	{r4, r5, r6, r7, pc}
10006bec:	f7fa fb4c 	bl	10001288 <time_us_64>
10006bf0:	0026      	movs	r6, r4
10006bf2:	002f      	movs	r7, r5
10006bf4:	1a36      	subs	r6, r6, r0
10006bf6:	418f      	sbcs	r7, r1
10006bf8:	2101      	movs	r1, #1
10006bfa:	4824      	ldr	r0, [pc, #144]	@ (10006c8c <xPortLockInternalSpinUnlockWithBestEffortWaitOrTimeout+0xe0>)
10006bfc:	4249      	negs	r1, r1
10006bfe:	1980      	adds	r0, r0, r6
10006c00:	4179      	adcs	r1, r7
10006c02:	4643      	mov	r3, r8
10006c04:	681e      	ldr	r6, [r3, #0]
10006c06:	2900      	cmp	r1, #0
10006c08:	dc1e      	bgt.n	10006c48 <xPortLockInternalSpinUnlockWithBestEffortWaitOrTimeout+0x9c>
10006c0a:	d019      	beq.n	10006c40 <xPortLockInternalSpinUnlockWithBestEffortWaitOrTimeout+0x94>
10006c0c:	f3bf 8f5f 	dmb	sy
10006c10:	2300      	movs	r3, #0
10006c12:	6033      	str	r3, [r6, #0]
10006c14:	f389 8810 	msr	PRIMASK, r9
10006c18:	4b1d      	ldr	r3, [pc, #116]	@ (10006c90 <xPortLockInternalSpinUnlockWithBestEffortWaitOrTimeout+0xe4>)
10006c1a:	6a5a      	ldr	r2, [r3, #36]	@ 0x24
10006c1c:	4295      	cmp	r5, r2
10006c1e:	d805      	bhi.n	10006c2c <xPortLockInternalSpinUnlockWithBestEffortWaitOrTimeout+0x80>
10006c20:	6a9b      	ldr	r3, [r3, #40]	@ 0x28
10006c22:	2001      	movs	r0, #1
10006c24:	42a3      	cmp	r3, r4
10006c26:	d2dc      	bcs.n	10006be2 <xPortLockInternalSpinUnlockWithBestEffortWaitOrTimeout+0x36>
10006c28:	4295      	cmp	r5, r2
10006c2a:	d1da      	bne.n	10006be2 <xPortLockInternalSpinUnlockWithBestEffortWaitOrTimeout+0x36>
10006c2c:	2280      	movs	r2, #128	@ 0x80
10006c2e:	4b19      	ldr	r3, [pc, #100]	@ (10006c94 <xPortLockInternalSpinUnlockWithBestEffortWaitOrTimeout+0xe8>)
10006c30:	0552      	lsls	r2, r2, #21
10006c32:	601a      	str	r2, [r3, #0]
10006c34:	f3bf 8f4f 	dsb	sy
10006c38:	f3bf 8f6f 	isb	sy
10006c3c:	2000      	movs	r0, #0
10006c3e:	e7d0      	b.n	10006be2 <xPortLockInternalSpinUnlockWithBestEffortWaitOrTimeout+0x36>
10006c40:	23fa      	movs	r3, #250	@ 0xfa
10006c42:	009b      	lsls	r3, r3, #2
10006c44:	4298      	cmp	r0, r3
10006c46:	d3e1      	bcc.n	10006c0c <xPortLockInternalSpinUnlockWithBestEffortWaitOrTimeout+0x60>
10006c48:	22fa      	movs	r2, #250	@ 0xfa
10006c4a:	2300      	movs	r3, #0
10006c4c:	0092      	lsls	r2, r2, #2
10006c4e:	f7fa feb1 	bl	100019b4 <__wrap___aeabi_ldivmod>
10006c52:	1e03      	subs	r3, r0, #0
10006c54:	d0da      	beq.n	10006c0c <xPortLockInternalSpinUnlockWithBestEffortWaitOrTimeout+0x60>
10006c56:	f3bf 8f5f 	dmb	sy
10006c5a:	2200      	movs	r2, #0
10006c5c:	6032      	str	r2, [r6, #0]
10006c5e:	f389 8810 	msr	PRIMASK, r9
10006c62:	4a0d      	ldr	r2, [pc, #52]	@ (10006c98 <xPortLockInternalSpinUnlockWithBestEffortWaitOrTimeout+0xec>)
10006c64:	490d      	ldr	r1, [pc, #52]	@ (10006c9c <xPortLockInternalSpinUnlockWithBestEffortWaitOrTimeout+0xf0>)
10006c66:	6810      	ldr	r0, [r2, #0]
10006c68:	4642      	mov	r2, r8
10006c6a:	468c      	mov	ip, r1
10006c6c:	6812      	ldr	r2, [r2, #0]
10006c6e:	4462      	add	r2, ip
10006c70:	1096      	asrs	r6, r2, #2
10006c72:	2a5c      	cmp	r2, #92	@ 0x5c
10006c74:	d900      	bls.n	10006c78 <xPortLockInternalSpinUnlockWithBestEffortWaitOrTimeout+0xcc>
10006c76:	3e18      	subs	r6, #24
10006c78:	2101      	movs	r1, #1
10006c7a:	9300      	str	r3, [sp, #0]
10006c7c:	40b1      	lsls	r1, r6
10006c7e:	2300      	movs	r3, #0
10006c80:	2201      	movs	r2, #1
10006c82:	f000 f879 	bl	10006d78 <xEventGroupWaitBits>
10006c86:	e7c7      	b.n	10006c18 <xPortLockInternalSpinUnlockWithBestEffortWaitOrTimeout+0x6c>
10006c88:	200010a5 	.word	0x200010a5
10006c8c:	fffffc18 	.word	0xfffffc18
10006c90:	40054000 	.word	0x40054000
10006c94:	e000ed04 	.word	0xe000ed04
10006c98:	20022410 	.word	0x20022410
10006c9c:	2fffff00 	.word	0x2fffff00

10006ca0 <prvRuntimeInitializer>:
10006ca0:	b510      	push	{r4, lr}
10006ca2:	f7f9 fc6b 	bl	1000057c <next_striped_spin_lock_num>
10006ca6:	4a05      	ldr	r2, [pc, #20]	@ (10006cbc <prvRuntimeInitializer+0x1c>)
10006ca8:	4b05      	ldr	r3, [pc, #20]	@ (10006cc0 <prvRuntimeInitializer+0x20>)
10006caa:	4694      	mov	ip, r2
10006cac:	4460      	add	r0, ip
10006cae:	0080      	lsls	r0, r0, #2
10006cb0:	6018      	str	r0, [r3, #0]
10006cb2:	f000 f855 	bl	10006d60 <xEventGroupCreate>
10006cb6:	4b03      	ldr	r3, [pc, #12]	@ (10006cc4 <prvRuntimeInitializer+0x24>)
10006cb8:	6018      	str	r0, [r3, #0]
10006cba:	bd10      	pop	{r4, pc}
10006cbc:	34000040 	.word	0x34000040
10006cc0:	20001fd8 	.word	0x20001fd8
10006cc4:	20022410 	.word	0x20022410

10006cc8 <vEventGroupSetBitsCallback>:
10006cc8:	b5f8      	push	{r3, r4, r5, r6, r7, lr}
10006cca:	46de      	mov	lr, fp
10006ccc:	4657      	mov	r7, sl
10006cce:	464e      	mov	r6, r9
10006cd0:	4645      	mov	r5, r8
10006cd2:	b5e0      	push	{r5, r6, r7, lr}
10006cd4:	0005      	movs	r5, r0
10006cd6:	000f      	movs	r7, r1
10006cd8:	0006      	movs	r6, r0
10006cda:	f000 fef5 	bl	10007ac8 <vTaskSuspendAll>
10006cde:	682b      	ldr	r3, [r5, #0]
10006ce0:	692c      	ldr	r4, [r5, #16]
10006ce2:	0019      	movs	r1, r3
10006ce4:	360c      	adds	r6, #12
10006ce6:	4339      	orrs	r1, r7
10006ce8:	468c      	mov	ip, r1
10006cea:	6029      	str	r1, [r5, #0]
10006cec:	42a6      	cmp	r6, r4
10006cee:	d02d      	beq.n	10006d4c <vEventGroupSetBitsCallback+0x84>
10006cf0:	2300      	movs	r3, #0
10006cf2:	4698      	mov	r8, r3
10006cf4:	2380      	movs	r3, #128	@ 0x80
10006cf6:	045b      	lsls	r3, r3, #17
10006cf8:	469a      	mov	sl, r3
10006cfa:	2380      	movs	r3, #128	@ 0x80
10006cfc:	049b      	lsls	r3, r3, #18
10006cfe:	4699      	mov	r9, r3
10006d00:	e011      	b.n	10006d26 <vEventGroupSetBitsCallback+0x5e>
10006d02:	465f      	mov	r7, fp
10006d04:	2f00      	cmp	r7, #0
10006d06:	d00b      	beq.n	10006d20 <vEventGroupSetBitsCallback+0x58>
10006d08:	4657      	mov	r7, sl
10006d0a:	423a      	tst	r2, r7
10006d0c:	d002      	beq.n	10006d14 <vEventGroupSetBitsCallback+0x4c>
10006d0e:	4642      	mov	r2, r8
10006d10:	431a      	orrs	r2, r3
10006d12:	4690      	mov	r8, r2
10006d14:	464b      	mov	r3, r9
10006d16:	4319      	orrs	r1, r3
10006d18:	f001 f9da 	bl	100080d0 <vTaskRemoveFromUnorderedEventList>
10006d1c:	682b      	ldr	r3, [r5, #0]
10006d1e:	469c      	mov	ip, r3
10006d20:	4661      	mov	r1, ip
10006d22:	42a6      	cmp	r6, r4
10006d24:	d010      	beq.n	10006d48 <vEventGroupSetBitsCallback+0x80>
10006d26:	0020      	movs	r0, r4
10006d28:	000f      	movs	r7, r1
10006d2a:	6802      	ldr	r2, [r0, #0]
10006d2c:	6864      	ldr	r4, [r4, #4]
10006d2e:	0213      	lsls	r3, r2, #8
10006d30:	0a1b      	lsrs	r3, r3, #8
10006d32:	401f      	ands	r7, r3
10006d34:	46bb      	mov	fp, r7
10006d36:	2780      	movs	r7, #128	@ 0x80
10006d38:	04ff      	lsls	r7, r7, #19
10006d3a:	423a      	tst	r2, r7
10006d3c:	d0e1      	beq.n	10006d02 <vEventGroupSetBitsCallback+0x3a>
10006d3e:	455b      	cmp	r3, fp
10006d40:	d0e2      	beq.n	10006d08 <vEventGroupSetBitsCallback+0x40>
10006d42:	4661      	mov	r1, ip
10006d44:	42a6      	cmp	r6, r4
10006d46:	d1ee      	bne.n	10006d26 <vEventGroupSetBitsCallback+0x5e>
10006d48:	4643      	mov	r3, r8
10006d4a:	4399      	bics	r1, r3
10006d4c:	6029      	str	r1, [r5, #0]
10006d4e:	f000 fec3 	bl	10007ad8 <xTaskResumeAll>
10006d52:	bcf0      	pop	{r4, r5, r6, r7}
10006d54:	46bb      	mov	fp, r7
10006d56:	46b2      	mov	sl, r6
10006d58:	46a9      	mov	r9, r5
10006d5a:	46a0      	mov	r8, r4
10006d5c:	bdf8      	pop	{r3, r4, r5, r6, r7, pc}
10006d5e:	46c0      	nop			@ (mov r8, r8)

10006d60 <xEventGroupCreate>:
10006d60:	b510      	push	{r4, lr}
10006d62:	201c      	movs	r0, #28
10006d64:	f7ff fc48 	bl	100065f8 <pvPortMalloc>
10006d68:	1e04      	subs	r4, r0, #0
10006d6a:	d003      	beq.n	10006d74 <xEventGroupCreate+0x14>
10006d6c:	2300      	movs	r3, #0
10006d6e:	c008      	stmia	r0!, {r3}
10006d70:	f000 f8be 	bl	10006ef0 <vListInitialise>
10006d74:	0020      	movs	r0, r4
10006d76:	bd10      	pop	{r4, pc}

10006d78 <xEventGroupWaitBits>:
10006d78:	b5f0      	push	{r4, r5, r6, r7, lr}
10006d7a:	46c6      	mov	lr, r8
10006d7c:	000d      	movs	r5, r1
10006d7e:	0006      	movs	r6, r0
10006d80:	b500      	push	{lr}
10006d82:	001f      	movs	r7, r3
10006d84:	4690      	mov	r8, r2
10006d86:	f000 fe9f 	bl	10007ac8 <vTaskSuspendAll>
10006d8a:	002b      	movs	r3, r5
10006d8c:	6834      	ldr	r4, [r6, #0]
10006d8e:	4023      	ands	r3, r4
10006d90:	2f00      	cmp	r7, #0
10006d92:	d10d      	bne.n	10006db0 <xEventGroupWaitBits+0x38>
10006d94:	2b00      	cmp	r3, #0
10006d96:	d028      	beq.n	10006dea <xEventGroupWaitBits+0x72>
10006d98:	4643      	mov	r3, r8
10006d9a:	2b00      	cmp	r3, #0
10006d9c:	d028      	beq.n	10006df0 <xEventGroupWaitBits+0x78>
10006d9e:	0023      	movs	r3, r4
10006da0:	43ab      	bics	r3, r5
10006da2:	6033      	str	r3, [r6, #0]
10006da4:	f000 fe98 	bl	10007ad8 <xTaskResumeAll>
10006da8:	0020      	movs	r0, r4
10006daa:	bc80      	pop	{r7}
10006dac:	46b8      	mov	r8, r7
10006dae:	bdf0      	pop	{r4, r5, r6, r7, pc}
10006db0:	429d      	cmp	r5, r3
10006db2:	d0f1      	beq.n	10006d98 <xEventGroupWaitBits+0x20>
10006db4:	9b06      	ldr	r3, [sp, #24]
10006db6:	2b00      	cmp	r3, #0
10006db8:	d01a      	beq.n	10006df0 <xEventGroupWaitBits+0x78>
10006dba:	4643      	mov	r3, r8
10006dbc:	2180      	movs	r1, #128	@ 0x80
10006dbe:	1e5a      	subs	r2, r3, #1
10006dc0:	4193      	sbcs	r3, r2
10006dc2:	04c9      	lsls	r1, r1, #19
10006dc4:	061b      	lsls	r3, r3, #24
10006dc6:	4319      	orrs	r1, r3
10006dc8:	9a06      	ldr	r2, [sp, #24]
10006dca:	4329      	orrs	r1, r5
10006dcc:	1d30      	adds	r0, r6, #4
10006dce:	f001 f837 	bl	10007e40 <vTaskPlaceOnUnorderedEventList>
10006dd2:	f000 fe81 	bl	10007ad8 <xTaskResumeAll>
10006dd6:	2800      	cmp	r0, #0
10006dd8:	d024      	beq.n	10006e24 <xEventGroupWaitBits+0xac>
10006dda:	f001 fa49 	bl	10008270 <uxTaskResetEventItemValue>
10006dde:	0004      	movs	r4, r0
10006de0:	0183      	lsls	r3, r0, #6
10006de2:	d50d      	bpl.n	10006e00 <xEventGroupWaitBits+0x88>
10006de4:	0224      	lsls	r4, r4, #8
10006de6:	0a24      	lsrs	r4, r4, #8
10006de8:	e7de      	b.n	10006da8 <xEventGroupWaitBits+0x30>
10006dea:	9b06      	ldr	r3, [sp, #24]
10006dec:	2b00      	cmp	r3, #0
10006dee:	d102      	bne.n	10006df6 <xEventGroupWaitBits+0x7e>
10006df0:	f000 fe72 	bl	10007ad8 <xTaskResumeAll>
10006df4:	e7d8      	b.n	10006da8 <xEventGroupWaitBits+0x30>
10006df6:	4641      	mov	r1, r8
10006df8:	1e4b      	subs	r3, r1, #1
10006dfa:	4199      	sbcs	r1, r3
10006dfc:	0609      	lsls	r1, r1, #24
10006dfe:	e7e3      	b.n	10006dc8 <xEventGroupWaitBits+0x50>
10006e00:	f7ff fd8e 	bl	10006920 <vPortEnterCritical>
10006e04:	6834      	ldr	r4, [r6, #0]
10006e06:	0023      	movs	r3, r4
10006e08:	402b      	ands	r3, r5
10006e0a:	2f00      	cmp	r7, #0
10006e0c:	d10d      	bne.n	10006e2a <xEventGroupWaitBits+0xb2>
10006e0e:	2b00      	cmp	r3, #0
10006e10:	d005      	beq.n	10006e1e <xEventGroupWaitBits+0xa6>
10006e12:	4643      	mov	r3, r8
10006e14:	2b00      	cmp	r3, #0
10006e16:	d002      	beq.n	10006e1e <xEventGroupWaitBits+0xa6>
10006e18:	0023      	movs	r3, r4
10006e1a:	43ab      	bics	r3, r5
10006e1c:	6033      	str	r3, [r6, #0]
10006e1e:	f7ff fd8b 	bl	10006938 <vPortExitCritical>
10006e22:	e7df      	b.n	10006de4 <xEventGroupWaitBits+0x6c>
10006e24:	f7ff fd70 	bl	10006908 <vPortYield>
10006e28:	e7d7      	b.n	10006dda <xEventGroupWaitBits+0x62>
10006e2a:	429d      	cmp	r5, r3
10006e2c:	d1f7      	bne.n	10006e1e <xEventGroupWaitBits+0xa6>
10006e2e:	e7f0      	b.n	10006e12 <xEventGroupWaitBits+0x9a>

10006e30 <xEventGroupSetBits>:
10006e30:	b5f0      	push	{r4, r5, r6, r7, lr}
10006e32:	46de      	mov	lr, fp
10006e34:	4657      	mov	r7, sl
10006e36:	464e      	mov	r6, r9
10006e38:	4645      	mov	r5, r8
10006e3a:	b5e0      	push	{r5, r6, r7, lr}
10006e3c:	0005      	movs	r5, r0
10006e3e:	b083      	sub	sp, #12
10006e40:	000c      	movs	r4, r1
10006e42:	0006      	movs	r6, r0
10006e44:	9001      	str	r0, [sp, #4]
10006e46:	f000 fe3f 	bl	10007ac8 <vTaskSuspendAll>
10006e4a:	002b      	movs	r3, r5
10006e4c:	6819      	ldr	r1, [r3, #0]
10006e4e:	692d      	ldr	r5, [r5, #16]
10006e50:	430c      	orrs	r4, r1
10006e52:	360c      	adds	r6, #12
10006e54:	0037      	movs	r7, r6
10006e56:	0021      	movs	r1, r4
10006e58:	601c      	str	r4, [r3, #0]
10006e5a:	42ae      	cmp	r6, r5
10006e5c:	d02f      	beq.n	10006ebe <xEventGroupSetBits+0x8e>
10006e5e:	2300      	movs	r3, #0
10006e60:	4699      	mov	r9, r3
10006e62:	2380      	movs	r3, #128	@ 0x80
10006e64:	04db      	lsls	r3, r3, #19
10006e66:	4698      	mov	r8, r3
10006e68:	2380      	movs	r3, #128	@ 0x80
10006e6a:	045b      	lsls	r3, r3, #17
10006e6c:	469b      	mov	fp, r3
10006e6e:	2380      	movs	r3, #128	@ 0x80
10006e70:	049b      	lsls	r3, r3, #18
10006e72:	469a      	mov	sl, r3
10006e74:	e011      	b.n	10006e9a <xEventGroupSetBits+0x6a>
10006e76:	4666      	mov	r6, ip
10006e78:	2e00      	cmp	r6, #0
10006e7a:	d00b      	beq.n	10006e94 <xEventGroupSetBits+0x64>
10006e7c:	4659      	mov	r1, fp
10006e7e:	420a      	tst	r2, r1
10006e80:	d002      	beq.n	10006e88 <xEventGroupSetBits+0x58>
10006e82:	464a      	mov	r2, r9
10006e84:	431a      	orrs	r2, r3
10006e86:	4691      	mov	r9, r2
10006e88:	4651      	mov	r1, sl
10006e8a:	4321      	orrs	r1, r4
10006e8c:	f001 f920 	bl	100080d0 <vTaskRemoveFromUnorderedEventList>
10006e90:	9b01      	ldr	r3, [sp, #4]
10006e92:	6819      	ldr	r1, [r3, #0]
10006e94:	000c      	movs	r4, r1
10006e96:	42af      	cmp	r7, r5
10006e98:	d00f      	beq.n	10006eba <xEventGroupSetBits+0x8a>
10006e9a:	0028      	movs	r0, r5
10006e9c:	0026      	movs	r6, r4
10006e9e:	6802      	ldr	r2, [r0, #0]
10006ea0:	686d      	ldr	r5, [r5, #4]
10006ea2:	0213      	lsls	r3, r2, #8
10006ea4:	0a1b      	lsrs	r3, r3, #8
10006ea6:	401e      	ands	r6, r3
10006ea8:	46b4      	mov	ip, r6
10006eaa:	4646      	mov	r6, r8
10006eac:	4232      	tst	r2, r6
10006eae:	d0e2      	beq.n	10006e76 <xEventGroupSetBits+0x46>
10006eb0:	4563      	cmp	r3, ip
10006eb2:	d0e3      	beq.n	10006e7c <xEventGroupSetBits+0x4c>
10006eb4:	000c      	movs	r4, r1
10006eb6:	42af      	cmp	r7, r5
10006eb8:	d1ef      	bne.n	10006e9a <xEventGroupSetBits+0x6a>
10006eba:	464b      	mov	r3, r9
10006ebc:	439c      	bics	r4, r3
10006ebe:	9b01      	ldr	r3, [sp, #4]
10006ec0:	601c      	str	r4, [r3, #0]
10006ec2:	f000 fe09 	bl	10007ad8 <xTaskResumeAll>
10006ec6:	0020      	movs	r0, r4
10006ec8:	b003      	add	sp, #12
10006eca:	bcf0      	pop	{r4, r5, r6, r7}
10006ecc:	46bb      	mov	fp, r7
10006ece:	46b2      	mov	sl, r6
10006ed0:	46a9      	mov	r9, r5
10006ed2:	46a0      	mov	r8, r4
10006ed4:	bdf0      	pop	{r4, r5, r6, r7, pc}
10006ed6:	46c0      	nop			@ (mov r8, r8)

10006ed8 <xEventGroupSetBitsFromISR>:
10006ed8:	b510      	push	{r4, lr}
10006eda:	4c04      	ldr	r4, [pc, #16]	@ (10006eec <xEventGroupSetBitsFromISR+0x14>)
10006edc:	0013      	movs	r3, r2
10006ede:	000a      	movs	r2, r1
10006ee0:	0001      	movs	r1, r0
10006ee2:	0020      	movs	r0, r4
10006ee4:	f001 fbe4 	bl	100086b0 <xTimerPendFunctionCallFromISR>
10006ee8:	bd10      	pop	{r4, pc}
10006eea:	46c0      	nop			@ (mov r8, r8)
10006eec:	10006cc9 	.word	0x10006cc9

10006ef0 <vListInitialise>:
10006ef0:	0003      	movs	r3, r0
10006ef2:	3308      	adds	r3, #8
10006ef4:	2201      	movs	r2, #1
10006ef6:	6043      	str	r3, [r0, #4]
10006ef8:	60c3      	str	r3, [r0, #12]
10006efa:	6103      	str	r3, [r0, #16]
10006efc:	2300      	movs	r3, #0
10006efe:	4252      	negs	r2, r2
10006f00:	6082      	str	r2, [r0, #8]
10006f02:	6003      	str	r3, [r0, #0]
10006f04:	4770      	bx	lr
10006f06:	46c0      	nop			@ (mov r8, r8)

10006f08 <vListInitialiseItem>:
10006f08:	2300      	movs	r3, #0
10006f0a:	6103      	str	r3, [r0, #16]
10006f0c:	4770      	bx	lr
10006f0e:	46c0      	nop			@ (mov r8, r8)

10006f10 <vListInsert>:
10006f10:	0003      	movs	r3, r0
10006f12:	b530      	push	{r4, r5, lr}
10006f14:	680d      	ldr	r5, [r1, #0]
10006f16:	3308      	adds	r3, #8
10006f18:	1c6a      	adds	r2, r5, #1
10006f1a:	d00d      	beq.n	10006f38 <vListInsert+0x28>
10006f1c:	001c      	movs	r4, r3
10006f1e:	685b      	ldr	r3, [r3, #4]
10006f20:	681a      	ldr	r2, [r3, #0]
10006f22:	42aa      	cmp	r2, r5
10006f24:	d9fa      	bls.n	10006f1c <vListInsert+0xc>
10006f26:	604b      	str	r3, [r1, #4]
10006f28:	6099      	str	r1, [r3, #8]
10006f2a:	6803      	ldr	r3, [r0, #0]
10006f2c:	608c      	str	r4, [r1, #8]
10006f2e:	3301      	adds	r3, #1
10006f30:	6061      	str	r1, [r4, #4]
10006f32:	6108      	str	r0, [r1, #16]
10006f34:	6003      	str	r3, [r0, #0]
10006f36:	bd30      	pop	{r4, r5, pc}
10006f38:	6904      	ldr	r4, [r0, #16]
10006f3a:	6863      	ldr	r3, [r4, #4]
10006f3c:	e7f3      	b.n	10006f26 <vListInsert+0x16>
10006f3e:	46c0      	nop			@ (mov r8, r8)

10006f40 <uxListRemove>:
10006f40:	6903      	ldr	r3, [r0, #16]
10006f42:	6841      	ldr	r1, [r0, #4]
10006f44:	6882      	ldr	r2, [r0, #8]
10006f46:	608a      	str	r2, [r1, #8]
10006f48:	6051      	str	r1, [r2, #4]
10006f4a:	6859      	ldr	r1, [r3, #4]
10006f4c:	4281      	cmp	r1, r0
10006f4e:	d005      	beq.n	10006f5c <uxListRemove+0x1c>
10006f50:	2200      	movs	r2, #0
10006f52:	6102      	str	r2, [r0, #16]
10006f54:	6818      	ldr	r0, [r3, #0]
10006f56:	3801      	subs	r0, #1
10006f58:	6018      	str	r0, [r3, #0]
10006f5a:	4770      	bx	lr
10006f5c:	605a      	str	r2, [r3, #4]
10006f5e:	e7f7      	b.n	10006f50 <uxListRemove+0x10>

10006f60 <prvUnlockQueue>:
10006f60:	b5f0      	push	{r4, r5, r6, r7, lr}
10006f62:	46de      	mov	lr, fp
10006f64:	464e      	mov	r6, r9
10006f66:	4657      	mov	r7, sl
10006f68:	4645      	mov	r5, r8
10006f6a:	b5e0      	push	{r5, r6, r7, lr}
10006f6c:	b085      	sub	sp, #20
10006f6e:	0006      	movs	r6, r0
10006f70:	f7ff fcd6 	bl	10006920 <vPortEnterCritical>
10006f74:	2345      	movs	r3, #69	@ 0x45
10006f76:	5cf4      	ldrb	r4, [r6, r3]
10006f78:	b264      	sxtb	r4, r4
10006f7a:	2c00      	cmp	r4, #0
10006f7c:	dd21      	ble.n	10006fc2 <prvUnlockQueue+0x62>
10006f7e:	3b21      	subs	r3, #33	@ 0x21
10006f80:	4699      	mov	r9, r3
10006f82:	3321      	adds	r3, #33	@ 0x21
10006f84:	469a      	mov	sl, r3
10006f86:	44b1      	add	r9, r6
10006f88:	e009      	b.n	10006f9e <prvUnlockQueue+0x3e>
10006f8a:	6baa      	ldr	r2, [r5, #56]	@ 0x38
10006f8c:	6beb      	ldr	r3, [r5, #60]	@ 0x3c
10006f8e:	9603      	str	r6, [sp, #12]
10006f90:	429a      	cmp	r2, r3
10006f92:	d345      	bcc.n	10007020 <prvUnlockQueue+0xc0>
10006f94:	3c01      	subs	r4, #1
10006f96:	b2e3      	uxtb	r3, r4
10006f98:	b264      	sxtb	r4, r4
10006f9a:	2b00      	cmp	r3, #0
10006f9c:	d011      	beq.n	10006fc2 <prvUnlockQueue+0x62>
10006f9e:	6cb5      	ldr	r5, [r6, #72]	@ 0x48
10006fa0:	2d00      	cmp	r5, #0
10006fa2:	d1f2      	bne.n	10006f8a <prvUnlockQueue+0x2a>
10006fa4:	6a73      	ldr	r3, [r6, #36]	@ 0x24
10006fa6:	2b00      	cmp	r3, #0
10006fa8:	d00b      	beq.n	10006fc2 <prvUnlockQueue+0x62>
10006faa:	4648      	mov	r0, r9
10006fac:	f001 f824 	bl	10007ff8 <xTaskRemoveFromEventList>
10006fb0:	2800      	cmp	r0, #0
10006fb2:	d0ef      	beq.n	10006f94 <prvUnlockQueue+0x34>
10006fb4:	f001 f91e 	bl	100081f4 <vTaskMissedYield>
10006fb8:	3c01      	subs	r4, #1
10006fba:	b2e3      	uxtb	r3, r4
10006fbc:	b264      	sxtb	r4, r4
10006fbe:	2b00      	cmp	r3, #0
10006fc0:	d1ed      	bne.n	10006f9e <prvUnlockQueue+0x3e>
10006fc2:	2345      	movs	r3, #69	@ 0x45
10006fc4:	22ff      	movs	r2, #255	@ 0xff
10006fc6:	54f2      	strb	r2, [r6, r3]
10006fc8:	f7ff fcb6 	bl	10006938 <vPortExitCritical>
10006fcc:	f7ff fca8 	bl	10006920 <vPortEnterCritical>
10006fd0:	2344      	movs	r3, #68	@ 0x44
10006fd2:	0035      	movs	r5, r6
10006fd4:	5cf4      	ldrb	r4, [r6, r3]
10006fd6:	3510      	adds	r5, #16
10006fd8:	b264      	sxtb	r4, r4
10006fda:	2c00      	cmp	r4, #0
10006fdc:	dc05      	bgt.n	10006fea <prvUnlockQueue+0x8a>
10006fde:	e013      	b.n	10007008 <prvUnlockQueue+0xa8>
10006fe0:	3c01      	subs	r4, #1
10006fe2:	b2e2      	uxtb	r2, r4
10006fe4:	b264      	sxtb	r4, r4
10006fe6:	2a00      	cmp	r2, #0
10006fe8:	d00e      	beq.n	10007008 <prvUnlockQueue+0xa8>
10006fea:	6933      	ldr	r3, [r6, #16]
10006fec:	2b00      	cmp	r3, #0
10006fee:	d00b      	beq.n	10007008 <prvUnlockQueue+0xa8>
10006ff0:	0028      	movs	r0, r5
10006ff2:	f001 f801 	bl	10007ff8 <xTaskRemoveFromEventList>
10006ff6:	2800      	cmp	r0, #0
10006ff8:	d0f2      	beq.n	10006fe0 <prvUnlockQueue+0x80>
10006ffa:	3c01      	subs	r4, #1
10006ffc:	f001 f8fa 	bl	100081f4 <vTaskMissedYield>
10007000:	b2e2      	uxtb	r2, r4
10007002:	b264      	sxtb	r4, r4
10007004:	2a00      	cmp	r2, #0
10007006:	d1f0      	bne.n	10006fea <prvUnlockQueue+0x8a>
10007008:	2344      	movs	r3, #68	@ 0x44
1000700a:	22ff      	movs	r2, #255	@ 0xff
1000700c:	54f2      	strb	r2, [r6, r3]
1000700e:	f7ff fc93 	bl	10006938 <vPortExitCritical>
10007012:	b005      	add	sp, #20
10007014:	bcf0      	pop	{r4, r5, r6, r7}
10007016:	46bb      	mov	fp, r7
10007018:	46b2      	mov	sl, r6
1000701a:	46a9      	mov	r9, r5
1000701c:	46a0      	mov	r8, r4
1000701e:	bdf0      	pop	{r4, r5, r6, r7, pc}
10007020:	4653      	mov	r3, sl
10007022:	5cef      	ldrb	r7, [r5, r3]
10007024:	6bab      	ldr	r3, [r5, #56]	@ 0x38
10007026:	6c2a      	ldr	r2, [r5, #64]	@ 0x40
10007028:	3301      	adds	r3, #1
1000702a:	4698      	mov	r8, r3
1000702c:	b27f      	sxtb	r7, r7
1000702e:	2a00      	cmp	r2, #0
10007030:	d113      	bne.n	1000705a <prvUnlockQueue+0xfa>
10007032:	682b      	ldr	r3, [r5, #0]
10007034:	469b      	mov	fp, r3
10007036:	2b00      	cmp	r3, #0
10007038:	d02a      	beq.n	10007090 <prvUnlockQueue+0x130>
1000703a:	4643      	mov	r3, r8
1000703c:	63ab      	str	r3, [r5, #56]	@ 0x38
1000703e:	1c7b      	adds	r3, r7, #1
10007040:	d11c      	bne.n	1000707c <prvUnlockQueue+0x11c>
10007042:	6a6b      	ldr	r3, [r5, #36]	@ 0x24
10007044:	2b00      	cmp	r3, #0
10007046:	d0a5      	beq.n	10006f94 <prvUnlockQueue+0x34>
10007048:	0028      	movs	r0, r5
1000704a:	3024      	adds	r0, #36	@ 0x24
1000704c:	f000 ffd4 	bl	10007ff8 <xTaskRemoveFromEventList>
10007050:	2800      	cmp	r0, #0
10007052:	d09f      	beq.n	10006f94 <prvUnlockQueue+0x34>
10007054:	f001 f8ce 	bl	100081f4 <vTaskMissedYield>
10007058:	e7ae      	b.n	10006fb8 <prvUnlockQueue+0x58>
1000705a:	6868      	ldr	r0, [r5, #4]
1000705c:	a903      	add	r1, sp, #12
1000705e:	f7fb f859 	bl	10002114 <__wrap___aeabi_memcpy>
10007062:	686b      	ldr	r3, [r5, #4]
10007064:	6c2a      	ldr	r2, [r5, #64]	@ 0x40
10007066:	189b      	adds	r3, r3, r2
10007068:	68aa      	ldr	r2, [r5, #8]
1000706a:	606b      	str	r3, [r5, #4]
1000706c:	4293      	cmp	r3, r2
1000706e:	d3e4      	bcc.n	1000703a <prvUnlockQueue+0xda>
10007070:	682b      	ldr	r3, [r5, #0]
10007072:	606b      	str	r3, [r5, #4]
10007074:	4643      	mov	r3, r8
10007076:	63ab      	str	r3, [r5, #56]	@ 0x38
10007078:	1c7b      	adds	r3, r7, #1
1000707a:	d0e2      	beq.n	10007042 <prvUnlockQueue+0xe2>
1000707c:	f000 fe3a 	bl	10007cf4 <uxTaskGetNumberOfTasks>
10007080:	42b8      	cmp	r0, r7
10007082:	d800      	bhi.n	10007086 <prvUnlockQueue+0x126>
10007084:	e786      	b.n	10006f94 <prvUnlockQueue+0x34>
10007086:	4653      	mov	r3, sl
10007088:	3701      	adds	r7, #1
1000708a:	b27f      	sxtb	r7, r7
1000708c:	54ef      	strb	r7, [r5, r3]
1000708e:	e781      	b.n	10006f94 <prvUnlockQueue+0x34>
10007090:	68a8      	ldr	r0, [r5, #8]
10007092:	f001 f8bb 	bl	1000820c <xTaskPriorityDisinherit>
10007096:	465b      	mov	r3, fp
10007098:	60ab      	str	r3, [r5, #8]
1000709a:	4643      	mov	r3, r8
1000709c:	9001      	str	r0, [sp, #4]
1000709e:	63ab      	str	r3, [r5, #56]	@ 0x38
100070a0:	1c7b      	adds	r3, r7, #1
100070a2:	d109      	bne.n	100070b8 <prvUnlockQueue+0x158>
100070a4:	6a6b      	ldr	r3, [r5, #36]	@ 0x24
100070a6:	2b00      	cmp	r3, #0
100070a8:	d10f      	bne.n	100070ca <prvUnlockQueue+0x16a>
100070aa:	9b01      	ldr	r3, [sp, #4]
100070ac:	2b00      	cmp	r3, #0
100070ae:	d100      	bne.n	100070b2 <prvUnlockQueue+0x152>
100070b0:	e770      	b.n	10006f94 <prvUnlockQueue+0x34>
100070b2:	f001 f89f 	bl	100081f4 <vTaskMissedYield>
100070b6:	e77f      	b.n	10006fb8 <prvUnlockQueue+0x58>
100070b8:	f000 fe1c 	bl	10007cf4 <uxTaskGetNumberOfTasks>
100070bc:	42b8      	cmp	r0, r7
100070be:	d9f4      	bls.n	100070aa <prvUnlockQueue+0x14a>
100070c0:	4653      	mov	r3, sl
100070c2:	3701      	adds	r7, #1
100070c4:	b27f      	sxtb	r7, r7
100070c6:	54ef      	strb	r7, [r5, r3]
100070c8:	e7ef      	b.n	100070aa <prvUnlockQueue+0x14a>
100070ca:	0028      	movs	r0, r5
100070cc:	3024      	adds	r0, #36	@ 0x24
100070ce:	f000 ff93 	bl	10007ff8 <xTaskRemoveFromEventList>
100070d2:	2800      	cmp	r0, #0
100070d4:	d000      	beq.n	100070d8 <prvUnlockQueue+0x178>
100070d6:	e76d      	b.n	10006fb4 <prvUnlockQueue+0x54>
100070d8:	e7e7      	b.n	100070aa <prvUnlockQueue+0x14a>
100070da:	46c0      	nop			@ (mov r8, r8)

100070dc <prvNotifyQueueSetContainer>:
100070dc:	b5f0      	push	{r4, r5, r6, r7, lr}
100070de:	46c6      	mov	lr, r8
100070e0:	b500      	push	{lr}
100070e2:	6c84      	ldr	r4, [r0, #72]	@ 0x48
100070e4:	b082      	sub	sp, #8
100070e6:	6ba2      	ldr	r2, [r4, #56]	@ 0x38
100070e8:	6be3      	ldr	r3, [r4, #60]	@ 0x3c
100070ea:	2500      	movs	r5, #0
100070ec:	9001      	str	r0, [sp, #4]
100070ee:	429a      	cmp	r2, r3
100070f0:	d304      	bcc.n	100070fc <prvNotifyQueueSetContainer+0x20>
100070f2:	0028      	movs	r0, r5
100070f4:	b002      	add	sp, #8
100070f6:	bc80      	pop	{r7}
100070f8:	46b8      	mov	r8, r7
100070fa:	bdf0      	pop	{r4, r5, r6, r7, pc}
100070fc:	2345      	movs	r3, #69	@ 0x45
100070fe:	6c22      	ldr	r2, [r4, #64]	@ 0x40
10007100:	5ce6      	ldrb	r6, [r4, r3]
10007102:	6ba7      	ldr	r7, [r4, #56]	@ 0x38
10007104:	b276      	sxtb	r6, r6
10007106:	2a00      	cmp	r2, #0
10007108:	d01c      	beq.n	10007144 <prvNotifyQueueSetContainer+0x68>
1000710a:	6860      	ldr	r0, [r4, #4]
1000710c:	a901      	add	r1, sp, #4
1000710e:	f7fb f801 	bl	10002114 <__wrap___aeabi_memcpy>
10007112:	6863      	ldr	r3, [r4, #4]
10007114:	6c22      	ldr	r2, [r4, #64]	@ 0x40
10007116:	189b      	adds	r3, r3, r2
10007118:	68a2      	ldr	r2, [r4, #8]
1000711a:	6063      	str	r3, [r4, #4]
1000711c:	4293      	cmp	r3, r2
1000711e:	d301      	bcc.n	10007124 <prvNotifyQueueSetContainer+0x48>
10007120:	6823      	ldr	r3, [r4, #0]
10007122:	6063      	str	r3, [r4, #4]
10007124:	2500      	movs	r5, #0
10007126:	3701      	adds	r7, #1
10007128:	63a7      	str	r7, [r4, #56]	@ 0x38
1000712a:	1c73      	adds	r3, r6, #1
1000712c:	d115      	bne.n	1000715a <prvNotifyQueueSetContainer+0x7e>
1000712e:	6a63      	ldr	r3, [r4, #36]	@ 0x24
10007130:	2b00      	cmp	r3, #0
10007132:	d0de      	beq.n	100070f2 <prvNotifyQueueSetContainer+0x16>
10007134:	0020      	movs	r0, r4
10007136:	3024      	adds	r0, #36	@ 0x24
10007138:	f000 ff5e 	bl	10007ff8 <xTaskRemoveFromEventList>
1000713c:	2800      	cmp	r0, #0
1000713e:	d0d8      	beq.n	100070f2 <prvNotifyQueueSetContainer+0x16>
10007140:	2501      	movs	r5, #1
10007142:	e7d6      	b.n	100070f2 <prvNotifyQueueSetContainer+0x16>
10007144:	6823      	ldr	r3, [r4, #0]
10007146:	4698      	mov	r8, r3
10007148:	2b00      	cmp	r3, #0
1000714a:	d1eb      	bne.n	10007124 <prvNotifyQueueSetContainer+0x48>
1000714c:	68a0      	ldr	r0, [r4, #8]
1000714e:	f001 f85d 	bl	1000820c <xTaskPriorityDisinherit>
10007152:	4643      	mov	r3, r8
10007154:	0005      	movs	r5, r0
10007156:	60a3      	str	r3, [r4, #8]
10007158:	e7e5      	b.n	10007126 <prvNotifyQueueSetContainer+0x4a>
1000715a:	f000 fdcb 	bl	10007cf4 <uxTaskGetNumberOfTasks>
1000715e:	4286      	cmp	r6, r0
10007160:	d2c7      	bcs.n	100070f2 <prvNotifyQueueSetContainer+0x16>
10007162:	2345      	movs	r3, #69	@ 0x45
10007164:	3601      	adds	r6, #1
10007166:	b276      	sxtb	r6, r6
10007168:	54e6      	strb	r6, [r4, r3]
1000716a:	e7c2      	b.n	100070f2 <prvNotifyQueueSetContainer+0x16>

1000716c <xQueueGenericCreate>:
1000716c:	b5f8      	push	{r3, r4, r5, r6, r7, lr}
1000716e:	0005      	movs	r5, r0
10007170:	000e      	movs	r6, r1
10007172:	0017      	movs	r7, r2
10007174:	2800      	cmp	r0, #0
10007176:	d041      	beq.n	100071fc <xQueueGenericCreate+0x90>
10007178:	0c03      	lsrs	r3, r0, #16
1000717a:	0c0a      	lsrs	r2, r1, #16
1000717c:	2b00      	cmp	r3, #0
1000717e:	d142      	bne.n	10007206 <xQueueGenericCreate+0x9a>
10007180:	2a00      	cmp	r2, #0
10007182:	d130      	bne.n	100071e6 <xQueueGenericCreate+0x7a>
10007184:	0030      	movs	r0, r6
10007186:	4368      	muls	r0, r5
10007188:	0003      	movs	r3, r0
1000718a:	3355      	adds	r3, #85	@ 0x55
1000718c:	d836      	bhi.n	100071fc <xQueueGenericCreate+0x90>
1000718e:	3054      	adds	r0, #84	@ 0x54
10007190:	f7ff fa32 	bl	100065f8 <pvPortMalloc>
10007194:	1e04      	subs	r4, r0, #0
10007196:	d031      	beq.n	100071fc <xQueueGenericCreate+0x90>
10007198:	0003      	movs	r3, r0
1000719a:	2e00      	cmp	r6, #0
1000719c:	d131      	bne.n	10007202 <xQueueGenericCreate+0x96>
1000719e:	6023      	str	r3, [r4, #0]
100071a0:	63e5      	str	r5, [r4, #60]	@ 0x3c
100071a2:	6426      	str	r6, [r4, #64]	@ 0x40
100071a4:	f7ff fbbc 	bl	10006920 <vPortEnterCritical>
100071a8:	6c21      	ldr	r1, [r4, #64]	@ 0x40
100071aa:	6be3      	ldr	r3, [r4, #60]	@ 0x3c
100071ac:	6822      	ldr	r2, [r4, #0]
100071ae:	434b      	muls	r3, r1
100071b0:	18d0      	adds	r0, r2, r3
100071b2:	1a5b      	subs	r3, r3, r1
100071b4:	6062      	str	r2, [r4, #4]
100071b6:	18d2      	adds	r2, r2, r3
100071b8:	60e2      	str	r2, [r4, #12]
100071ba:	23ff      	movs	r3, #255	@ 0xff
100071bc:	2500      	movs	r5, #0
100071be:	2244      	movs	r2, #68	@ 0x44
100071c0:	60a0      	str	r0, [r4, #8]
100071c2:	0020      	movs	r0, r4
100071c4:	63a5      	str	r5, [r4, #56]	@ 0x38
100071c6:	54a3      	strb	r3, [r4, r2]
100071c8:	3201      	adds	r2, #1
100071ca:	54a3      	strb	r3, [r4, r2]
100071cc:	3010      	adds	r0, #16
100071ce:	f7ff fe8f 	bl	10006ef0 <vListInitialise>
100071d2:	0020      	movs	r0, r4
100071d4:	3024      	adds	r0, #36	@ 0x24
100071d6:	f7ff fe8b 	bl	10006ef0 <vListInitialise>
100071da:	f7ff fbad 	bl	10006938 <vPortExitCritical>
100071de:	2350      	movs	r3, #80	@ 0x50
100071e0:	54e7      	strb	r7, [r4, r3]
100071e2:	64a5      	str	r5, [r4, #72]	@ 0x48
100071e4:	e00b      	b.n	100071fe <xQueueGenericCreate+0x92>
100071e6:	1c13      	adds	r3, r2, #0
100071e8:	b2a9      	uxth	r1, r5
100071ea:	b2b2      	uxth	r2, r6
100071ec:	434a      	muls	r2, r1
100071ee:	b280      	uxth	r0, r0
100071f0:	b29b      	uxth	r3, r3
100071f2:	4343      	muls	r3, r0
100071f4:	0c12      	lsrs	r2, r2, #16
100071f6:	189b      	adds	r3, r3, r2
100071f8:	0c1b      	lsrs	r3, r3, #16
100071fa:	d0c3      	beq.n	10007184 <xQueueGenericCreate+0x18>
100071fc:	2400      	movs	r4, #0
100071fe:	0020      	movs	r0, r4
10007200:	bdf8      	pop	{r3, r4, r5, r6, r7, pc}
10007202:	3354      	adds	r3, #84	@ 0x54
10007204:	e7cb      	b.n	1000719e <xQueueGenericCreate+0x32>
10007206:	2a00      	cmp	r2, #0
10007208:	d1f8      	bne.n	100071fc <xQueueGenericCreate+0x90>
1000720a:	1c08      	adds	r0, r1, #0
1000720c:	e7ec      	b.n	100071e8 <xQueueGenericCreate+0x7c>
1000720e:	46c0      	nop			@ (mov r8, r8)

10007210 <xQueueGenericSendFromISR>:
10007210:	b5f8      	push	{r3, r4, r5, r6, r7, lr}
10007212:	4657      	mov	r7, sl
10007214:	46de      	mov	lr, fp
10007216:	464e      	mov	r6, r9
10007218:	4645      	mov	r5, r8
1000721a:	0004      	movs	r4, r0
1000721c:	b5e0      	push	{r5, r6, r7, lr}
1000721e:	4692      	mov	sl, r2
10007220:	001d      	movs	r5, r3
10007222:	000f      	movs	r7, r1
10007224:	f7ff fb92 	bl	1000694c <ulSetInterruptMaskFromISR>
10007228:	6ba2      	ldr	r2, [r4, #56]	@ 0x38
1000722a:	6be3      	ldr	r3, [r4, #60]	@ 0x3c
1000722c:	0006      	movs	r6, r0
1000722e:	429a      	cmp	r2, r3
10007230:	d33b      	bcc.n	100072aa <xQueueGenericSendFromISR+0x9a>
10007232:	2300      	movs	r3, #0
10007234:	4698      	mov	r8, r3
10007236:	2d02      	cmp	r5, #2
10007238:	d009      	beq.n	1000724e <xQueueGenericSendFromISR+0x3e>
1000723a:	0030      	movs	r0, r6
1000723c:	f7ff fb8a 	bl	10006954 <vClearInterruptMaskFromISR>
10007240:	4640      	mov	r0, r8
10007242:	bcf0      	pop	{r4, r5, r6, r7}
10007244:	46bb      	mov	fp, r7
10007246:	46b2      	mov	sl, r6
10007248:	46a9      	mov	r9, r5
1000724a:	46a0      	mov	r8, r4
1000724c:	bdf8      	pop	{r3, r4, r5, r6, r7, pc}
1000724e:	3345      	adds	r3, #69	@ 0x45
10007250:	5ce3      	ldrb	r3, [r4, r3]
10007252:	6c22      	ldr	r2, [r4, #64]	@ 0x40
10007254:	b25b      	sxtb	r3, r3
10007256:	4698      	mov	r8, r3
10007258:	6ba3      	ldr	r3, [r4, #56]	@ 0x38
1000725a:	469b      	mov	fp, r3
1000725c:	6ba3      	ldr	r3, [r4, #56]	@ 0x38
1000725e:	4699      	mov	r9, r3
10007260:	2a00      	cmp	r2, #0
10007262:	d02d      	beq.n	100072c0 <xQueueGenericSendFromISR+0xb0>
10007264:	0039      	movs	r1, r7
10007266:	68e0      	ldr	r0, [r4, #12]
10007268:	f7fa ff54 	bl	10002114 <__wrap___aeabi_memcpy>
1000726c:	6c22      	ldr	r2, [r4, #64]	@ 0x40
1000726e:	68e3      	ldr	r3, [r4, #12]
10007270:	4251      	negs	r1, r2
10007272:	1a9b      	subs	r3, r3, r2
10007274:	6822      	ldr	r2, [r4, #0]
10007276:	60e3      	str	r3, [r4, #12]
10007278:	4293      	cmp	r3, r2
1000727a:	d202      	bcs.n	10007282 <xQueueGenericSendFromISR+0x72>
1000727c:	68a3      	ldr	r3, [r4, #8]
1000727e:	185b      	adds	r3, r3, r1
10007280:	60e3      	str	r3, [r4, #12]
10007282:	464b      	mov	r3, r9
10007284:	2d02      	cmp	r5, #2
10007286:	d051      	beq.n	1000732c <xQueueGenericSendFromISR+0x11c>
10007288:	3301      	adds	r3, #1
1000728a:	63a3      	str	r3, [r4, #56]	@ 0x38
1000728c:	4643      	mov	r3, r8
1000728e:	3301      	adds	r3, #1
10007290:	d03d      	beq.n	1000730e <xQueueGenericSendFromISR+0xfe>
10007292:	f000 fd2f 	bl	10007cf4 <uxTaskGetNumberOfTasks>
10007296:	4580      	cmp	r8, r0
10007298:	d204      	bcs.n	100072a4 <xQueueGenericSendFromISR+0x94>
1000729a:	4643      	mov	r3, r8
1000729c:	2245      	movs	r2, #69	@ 0x45
1000729e:	3301      	adds	r3, #1
100072a0:	b25b      	sxtb	r3, r3
100072a2:	54a3      	strb	r3, [r4, r2]
100072a4:	2301      	movs	r3, #1
100072a6:	4698      	mov	r8, r3
100072a8:	e7c7      	b.n	1000723a <xQueueGenericSendFromISR+0x2a>
100072aa:	2345      	movs	r3, #69	@ 0x45
100072ac:	5ce3      	ldrb	r3, [r4, r3]
100072ae:	6c22      	ldr	r2, [r4, #64]	@ 0x40
100072b0:	b25b      	sxtb	r3, r3
100072b2:	4698      	mov	r8, r3
100072b4:	6ba3      	ldr	r3, [r4, #56]	@ 0x38
100072b6:	469b      	mov	fp, r3
100072b8:	6ba3      	ldr	r3, [r4, #56]	@ 0x38
100072ba:	4699      	mov	r9, r3
100072bc:	2a00      	cmp	r2, #0
100072be:	d111      	bne.n	100072e4 <xQueueGenericSendFromISR+0xd4>
100072c0:	6827      	ldr	r7, [r4, #0]
100072c2:	2f00      	cmp	r7, #0
100072c4:	d046      	beq.n	10007354 <xQueueGenericSendFromISR+0x144>
100072c6:	464b      	mov	r3, r9
100072c8:	3301      	adds	r3, #1
100072ca:	63a3      	str	r3, [r4, #56]	@ 0x38
100072cc:	4643      	mov	r3, r8
100072ce:	3301      	adds	r3, #1
100072d0:	d1df      	bne.n	10007292 <xQueueGenericSendFromISR+0x82>
100072d2:	6ca3      	ldr	r3, [r4, #72]	@ 0x48
100072d4:	2b00      	cmp	r3, #0
100072d6:	d033      	beq.n	10007340 <xQueueGenericSendFromISR+0x130>
100072d8:	2d02      	cmp	r5, #2
100072da:	d11b      	bne.n	10007314 <xQueueGenericSendFromISR+0x104>
100072dc:	465b      	mov	r3, fp
100072de:	2b00      	cmp	r3, #0
100072e0:	d018      	beq.n	10007314 <xQueueGenericSendFromISR+0x104>
100072e2:	e7df      	b.n	100072a4 <xQueueGenericSendFromISR+0x94>
100072e4:	2d00      	cmp	r5, #0
100072e6:	d1bd      	bne.n	10007264 <xQueueGenericSendFromISR+0x54>
100072e8:	0039      	movs	r1, r7
100072ea:	6860      	ldr	r0, [r4, #4]
100072ec:	f7fa ff12 	bl	10002114 <__wrap___aeabi_memcpy>
100072f0:	4649      	mov	r1, r9
100072f2:	6863      	ldr	r3, [r4, #4]
100072f4:	6c22      	ldr	r2, [r4, #64]	@ 0x40
100072f6:	3101      	adds	r1, #1
100072f8:	189b      	adds	r3, r3, r2
100072fa:	68a2      	ldr	r2, [r4, #8]
100072fc:	6063      	str	r3, [r4, #4]
100072fe:	4293      	cmp	r3, r2
10007300:	d301      	bcc.n	10007306 <xQueueGenericSendFromISR+0xf6>
10007302:	6823      	ldr	r3, [r4, #0]
10007304:	6063      	str	r3, [r4, #4]
10007306:	4643      	mov	r3, r8
10007308:	63a1      	str	r1, [r4, #56]	@ 0x38
1000730a:	3301      	adds	r3, #1
1000730c:	d1c1      	bne.n	10007292 <xQueueGenericSendFromISR+0x82>
1000730e:	6ca3      	ldr	r3, [r4, #72]	@ 0x48
10007310:	2b00      	cmp	r3, #0
10007312:	d015      	beq.n	10007340 <xQueueGenericSendFromISR+0x130>
10007314:	0020      	movs	r0, r4
10007316:	f7ff fee1 	bl	100070dc <prvNotifyQueueSetContainer>
1000731a:	2800      	cmp	r0, #0
1000731c:	d0c2      	beq.n	100072a4 <xQueueGenericSendFromISR+0x94>
1000731e:	4653      	mov	r3, sl
10007320:	2b00      	cmp	r3, #0
10007322:	d0bf      	beq.n	100072a4 <xQueueGenericSendFromISR+0x94>
10007324:	2301      	movs	r3, #1
10007326:	4652      	mov	r2, sl
10007328:	6013      	str	r3, [r2, #0]
1000732a:	e7bb      	b.n	100072a4 <xQueueGenericSendFromISR+0x94>
1000732c:	2b00      	cmp	r3, #0
1000732e:	d100      	bne.n	10007332 <xQueueGenericSendFromISR+0x122>
10007330:	2301      	movs	r3, #1
10007332:	63a3      	str	r3, [r4, #56]	@ 0x38
10007334:	4643      	mov	r3, r8
10007336:	3301      	adds	r3, #1
10007338:	d1ab      	bne.n	10007292 <xQueueGenericSendFromISR+0x82>
1000733a:	6ca3      	ldr	r3, [r4, #72]	@ 0x48
1000733c:	2b00      	cmp	r3, #0
1000733e:	d1cd      	bne.n	100072dc <xQueueGenericSendFromISR+0xcc>
10007340:	6a63      	ldr	r3, [r4, #36]	@ 0x24
10007342:	2b00      	cmp	r3, #0
10007344:	d0ae      	beq.n	100072a4 <xQueueGenericSendFromISR+0x94>
10007346:	0020      	movs	r0, r4
10007348:	3024      	adds	r0, #36	@ 0x24
1000734a:	f000 fe55 	bl	10007ff8 <xTaskRemoveFromEventList>
1000734e:	2800      	cmp	r0, #0
10007350:	d1e5      	bne.n	1000731e <xQueueGenericSendFromISR+0x10e>
10007352:	e7a7      	b.n	100072a4 <xQueueGenericSendFromISR+0x94>
10007354:	68a0      	ldr	r0, [r4, #8]
10007356:	f000 ff59 	bl	1000820c <xTaskPriorityDisinherit>
1000735a:	60a7      	str	r7, [r4, #8]
1000735c:	e7b3      	b.n	100072c6 <xQueueGenericSendFromISR+0xb6>
1000735e:	46c0      	nop			@ (mov r8, r8)

10007360 <xQueueReceive>:
10007360:	b5f0      	push	{r4, r5, r6, r7, lr}
10007362:	4647      	mov	r7, r8
10007364:	46ce      	mov	lr, r9
10007366:	0004      	movs	r4, r0
10007368:	b580      	push	{r7, lr}
1000736a:	b085      	sub	sp, #20
1000736c:	4688      	mov	r8, r1
1000736e:	9201      	str	r2, [sp, #4]
10007370:	f7ff fad6 	bl	10006920 <vPortEnterCritical>
10007374:	6ba7      	ldr	r7, [r4, #56]	@ 0x38
10007376:	2f00      	cmp	r7, #0
10007378:	d15e      	bne.n	10007438 <xQueueReceive+0xd8>
1000737a:	9b01      	ldr	r3, [sp, #4]
1000737c:	2b00      	cmp	r3, #0
1000737e:	d03b      	beq.n	100073f8 <xQueueReceive+0x98>
10007380:	a802      	add	r0, sp, #8
10007382:	f000 fef1 	bl	10008168 <vTaskInternalSetTimeOutState>
10007386:	2300      	movs	r3, #0
10007388:	2644      	movs	r6, #68	@ 0x44
1000738a:	4699      	mov	r9, r3
1000738c:	2545      	movs	r5, #69	@ 0x45
1000738e:	f7ff fad3 	bl	10006938 <vPortExitCritical>
10007392:	f000 fb99 	bl	10007ac8 <vTaskSuspendAll>
10007396:	f7ff fac3 	bl	10006920 <vPortEnterCritical>
1000739a:	5da3      	ldrb	r3, [r4, r6]
1000739c:	b25b      	sxtb	r3, r3
1000739e:	3301      	adds	r3, #1
100073a0:	d101      	bne.n	100073a6 <xQueueReceive+0x46>
100073a2:	464b      	mov	r3, r9
100073a4:	55a3      	strb	r3, [r4, r6]
100073a6:	5d63      	ldrb	r3, [r4, r5]
100073a8:	b25b      	sxtb	r3, r3
100073aa:	3301      	adds	r3, #1
100073ac:	d101      	bne.n	100073b2 <xQueueReceive+0x52>
100073ae:	464b      	mov	r3, r9
100073b0:	5563      	strb	r3, [r4, r5]
100073b2:	f7ff fac1 	bl	10006938 <vPortExitCritical>
100073b6:	a901      	add	r1, sp, #4
100073b8:	a802      	add	r0, sp, #8
100073ba:	f000 fee1 	bl	10008180 <xTaskCheckForTimeOut>
100073be:	2800      	cmp	r0, #0
100073c0:	d122      	bne.n	10007408 <xQueueReceive+0xa8>
100073c2:	f7ff faad 	bl	10006920 <vPortEnterCritical>
100073c6:	6ba3      	ldr	r3, [r4, #56]	@ 0x38
100073c8:	2b00      	cmp	r3, #0
100073ca:	d12a      	bne.n	10007422 <xQueueReceive+0xc2>
100073cc:	f7ff fab4 	bl	10006938 <vPortExitCritical>
100073d0:	0020      	movs	r0, r4
100073d2:	9901      	ldr	r1, [sp, #4]
100073d4:	3024      	adds	r0, #36	@ 0x24
100073d6:	f000 fce3 	bl	10007da0 <vTaskPlaceOnEventList>
100073da:	0020      	movs	r0, r4
100073dc:	f7ff fdc0 	bl	10006f60 <prvUnlockQueue>
100073e0:	f000 fb7a 	bl	10007ad8 <xTaskResumeAll>
100073e4:	2800      	cmp	r0, #0
100073e6:	d024      	beq.n	10007432 <xQueueReceive+0xd2>
100073e8:	f7ff fa9a 	bl	10006920 <vPortEnterCritical>
100073ec:	6ba7      	ldr	r7, [r4, #56]	@ 0x38
100073ee:	2f00      	cmp	r7, #0
100073f0:	d122      	bne.n	10007438 <xQueueReceive+0xd8>
100073f2:	9b01      	ldr	r3, [sp, #4]
100073f4:	2b00      	cmp	r3, #0
100073f6:	d1ca      	bne.n	1000738e <xQueueReceive+0x2e>
100073f8:	f7ff fa9e 	bl	10006938 <vPortExitCritical>
100073fc:	2000      	movs	r0, #0
100073fe:	b005      	add	sp, #20
10007400:	bcc0      	pop	{r6, r7}
10007402:	46b9      	mov	r9, r7
10007404:	46b0      	mov	r8, r6
10007406:	bdf0      	pop	{r4, r5, r6, r7, pc}
10007408:	0020      	movs	r0, r4
1000740a:	f7ff fda9 	bl	10006f60 <prvUnlockQueue>
1000740e:	f000 fb63 	bl	10007ad8 <xTaskResumeAll>
10007412:	f7ff fa85 	bl	10006920 <vPortEnterCritical>
10007416:	6ba3      	ldr	r3, [r4, #56]	@ 0x38
10007418:	2b00      	cmp	r3, #0
1000741a:	d0ed      	beq.n	100073f8 <xQueueReceive+0x98>
1000741c:	f7ff fa8c 	bl	10006938 <vPortExitCritical>
10007420:	e7e2      	b.n	100073e8 <xQueueReceive+0x88>
10007422:	f7ff fa89 	bl	10006938 <vPortExitCritical>
10007426:	0020      	movs	r0, r4
10007428:	f7ff fd9a 	bl	10006f60 <prvUnlockQueue>
1000742c:	f000 fb54 	bl	10007ad8 <xTaskResumeAll>
10007430:	e7da      	b.n	100073e8 <xQueueReceive+0x88>
10007432:	f7ff fa69 	bl	10006908 <vPortYield>
10007436:	e7d7      	b.n	100073e8 <xQueueReceive+0x88>
10007438:	6c22      	ldr	r2, [r4, #64]	@ 0x40
1000743a:	2a00      	cmp	r2, #0
1000743c:	d008      	beq.n	10007450 <xQueueReceive+0xf0>
1000743e:	68e1      	ldr	r1, [r4, #12]
10007440:	68a3      	ldr	r3, [r4, #8]
10007442:	1889      	adds	r1, r1, r2
10007444:	60e1      	str	r1, [r4, #12]
10007446:	4299      	cmp	r1, r3
10007448:	d20b      	bcs.n	10007462 <xQueueReceive+0x102>
1000744a:	4640      	mov	r0, r8
1000744c:	f7fa fe62 	bl	10002114 <__wrap___aeabi_memcpy>
10007450:	1e7b      	subs	r3, r7, #1
10007452:	63a3      	str	r3, [r4, #56]	@ 0x38
10007454:	6923      	ldr	r3, [r4, #16]
10007456:	2b00      	cmp	r3, #0
10007458:	d106      	bne.n	10007468 <xQueueReceive+0x108>
1000745a:	f7ff fa6d 	bl	10006938 <vPortExitCritical>
1000745e:	2001      	movs	r0, #1
10007460:	e7cd      	b.n	100073fe <xQueueReceive+0x9e>
10007462:	6821      	ldr	r1, [r4, #0]
10007464:	60e1      	str	r1, [r4, #12]
10007466:	e7f0      	b.n	1000744a <xQueueReceive+0xea>
10007468:	0020      	movs	r0, r4
1000746a:	3010      	adds	r0, #16
1000746c:	f000 fdc4 	bl	10007ff8 <xTaskRemoveFromEventList>
10007470:	2800      	cmp	r0, #0
10007472:	d0f2      	beq.n	1000745a <xQueueReceive+0xfa>
10007474:	f7ff fa48 	bl	10006908 <vPortYield>
10007478:	e7ef      	b.n	1000745a <xQueueReceive+0xfa>
1000747a:	46c0      	nop			@ (mov r8, r8)

1000747c <vQueueAddToRegistry>:
1000747c:	b510      	push	{r4, lr}
1000747e:	2900      	cmp	r1, #0
10007480:	d033      	beq.n	100074ea <vQueueAddToRegistry+0x6e>
10007482:	4b42      	ldr	r3, [pc, #264]	@ (1000758c <vQueueAddToRegistry+0x110>)
10007484:	685a      	ldr	r2, [r3, #4]
10007486:	4290      	cmp	r0, r2
10007488:	d100      	bne.n	1000748c <vQueueAddToRegistry+0x10>
1000748a:	e073      	b.n	10007574 <vQueueAddToRegistry+0xf8>
1000748c:	681a      	ldr	r2, [r3, #0]
1000748e:	2a00      	cmp	r2, #0
10007490:	d02c      	beq.n	100074ec <vQueueAddToRegistry+0x70>
10007492:	68da      	ldr	r2, [r3, #12]
10007494:	4290      	cmp	r0, r2
10007496:	d100      	bne.n	1000749a <vQueueAddToRegistry+0x1e>
10007498:	e076      	b.n	10007588 <vQueueAddToRegistry+0x10c>
1000749a:	689a      	ldr	r2, [r3, #8]
1000749c:	2a00      	cmp	r2, #0
1000749e:	d03e      	beq.n	1000751e <vQueueAddToRegistry+0xa2>
100074a0:	695a      	ldr	r2, [r3, #20]
100074a2:	4290      	cmp	r0, r2
100074a4:	d100      	bne.n	100074a8 <vQueueAddToRegistry+0x2c>
100074a6:	e06d      	b.n	10007584 <vQueueAddToRegistry+0x108>
100074a8:	691a      	ldr	r2, [r3, #16]
100074aa:	2a00      	cmp	r2, #0
100074ac:	d03d      	beq.n	1000752a <vQueueAddToRegistry+0xae>
100074ae:	69da      	ldr	r2, [r3, #28]
100074b0:	4290      	cmp	r0, r2
100074b2:	d061      	beq.n	10007578 <vQueueAddToRegistry+0xfc>
100074b4:	699a      	ldr	r2, [r3, #24]
100074b6:	2a00      	cmp	r2, #0
100074b8:	d03d      	beq.n	10007536 <vQueueAddToRegistry+0xba>
100074ba:	6a5a      	ldr	r2, [r3, #36]	@ 0x24
100074bc:	4290      	cmp	r0, r2
100074be:	d042      	beq.n	10007546 <vQueueAddToRegistry+0xca>
100074c0:	6a1a      	ldr	r2, [r3, #32]
100074c2:	2a00      	cmp	r2, #0
100074c4:	d043      	beq.n	1000754e <vQueueAddToRegistry+0xd2>
100074c6:	6ada      	ldr	r2, [r3, #44]	@ 0x2c
100074c8:	4290      	cmp	r0, r2
100074ca:	d057      	beq.n	1000757c <vQueueAddToRegistry+0x100>
100074cc:	6a9a      	ldr	r2, [r3, #40]	@ 0x28
100074ce:	2a00      	cmp	r2, #0
100074d0:	d043      	beq.n	1000755a <vQueueAddToRegistry+0xde>
100074d2:	6b5a      	ldr	r2, [r3, #52]	@ 0x34
100074d4:	4290      	cmp	r0, r2
100074d6:	d053      	beq.n	10007580 <vQueueAddToRegistry+0x104>
100074d8:	6b1a      	ldr	r2, [r3, #48]	@ 0x30
100074da:	2a00      	cmp	r2, #0
100074dc:	d043      	beq.n	10007566 <vQueueAddToRegistry+0xea>
100074de:	6bda      	ldr	r2, [r3, #60]	@ 0x3c
100074e0:	4290      	cmp	r0, r2
100074e2:	d045      	beq.n	10007570 <vQueueAddToRegistry+0xf4>
100074e4:	6b9a      	ldr	r2, [r3, #56]	@ 0x38
100074e6:	2a00      	cmp	r2, #0
100074e8:	d02a      	beq.n	10007540 <vQueueAddToRegistry+0xc4>
100074ea:	bd10      	pop	{r4, pc}
100074ec:	68da      	ldr	r2, [r3, #12]
100074ee:	4290      	cmp	r0, r2
100074f0:	d04a      	beq.n	10007588 <vQueueAddToRegistry+0x10c>
100074f2:	695a      	ldr	r2, [r3, #20]
100074f4:	4290      	cmp	r0, r2
100074f6:	d045      	beq.n	10007584 <vQueueAddToRegistry+0x108>
100074f8:	001a      	movs	r2, r3
100074fa:	69dc      	ldr	r4, [r3, #28]
100074fc:	42a0      	cmp	r0, r4
100074fe:	d03b      	beq.n	10007578 <vQueueAddToRegistry+0xfc>
10007500:	6a5c      	ldr	r4, [r3, #36]	@ 0x24
10007502:	42a0      	cmp	r0, r4
10007504:	d01f      	beq.n	10007546 <vQueueAddToRegistry+0xca>
10007506:	6adc      	ldr	r4, [r3, #44]	@ 0x2c
10007508:	42a0      	cmp	r0, r4
1000750a:	d037      	beq.n	1000757c <vQueueAddToRegistry+0x100>
1000750c:	6b5c      	ldr	r4, [r3, #52]	@ 0x34
1000750e:	42a0      	cmp	r0, r4
10007510:	d036      	beq.n	10007580 <vQueueAddToRegistry+0x104>
10007512:	6bdc      	ldr	r4, [r3, #60]	@ 0x3c
10007514:	42a0      	cmp	r0, r4
10007516:	d02b      	beq.n	10007570 <vQueueAddToRegistry+0xf4>
10007518:	6011      	str	r1, [r2, #0]
1000751a:	6050      	str	r0, [r2, #4]
1000751c:	e7e5      	b.n	100074ea <vQueueAddToRegistry+0x6e>
1000751e:	695a      	ldr	r2, [r3, #20]
10007520:	4290      	cmp	r0, r2
10007522:	d02f      	beq.n	10007584 <vQueueAddToRegistry+0x108>
10007524:	001a      	movs	r2, r3
10007526:	3208      	adds	r2, #8
10007528:	e7e7      	b.n	100074fa <vQueueAddToRegistry+0x7e>
1000752a:	69da      	ldr	r2, [r3, #28]
1000752c:	4290      	cmp	r0, r2
1000752e:	d023      	beq.n	10007578 <vQueueAddToRegistry+0xfc>
10007530:	001a      	movs	r2, r3
10007532:	3210      	adds	r2, #16
10007534:	e7e4      	b.n	10007500 <vQueueAddToRegistry+0x84>
10007536:	6a5a      	ldr	r2, [r3, #36]	@ 0x24
10007538:	4290      	cmp	r0, r2
1000753a:	d004      	beq.n	10007546 <vQueueAddToRegistry+0xca>
1000753c:	4a14      	ldr	r2, [pc, #80]	@ (10007590 <vQueueAddToRegistry+0x114>)
1000753e:	e7e2      	b.n	10007506 <vQueueAddToRegistry+0x8a>
10007540:	3338      	adds	r3, #56	@ 0x38
10007542:	001a      	movs	r2, r3
10007544:	e7e8      	b.n	10007518 <vQueueAddToRegistry+0x9c>
10007546:	2204      	movs	r2, #4
10007548:	00d2      	lsls	r2, r2, #3
1000754a:	189a      	adds	r2, r3, r2
1000754c:	e7e4      	b.n	10007518 <vQueueAddToRegistry+0x9c>
1000754e:	6ada      	ldr	r2, [r3, #44]	@ 0x2c
10007550:	4290      	cmp	r0, r2
10007552:	d013      	beq.n	1000757c <vQueueAddToRegistry+0x100>
10007554:	001a      	movs	r2, r3
10007556:	3220      	adds	r2, #32
10007558:	e7d8      	b.n	1000750c <vQueueAddToRegistry+0x90>
1000755a:	6b5a      	ldr	r2, [r3, #52]	@ 0x34
1000755c:	4290      	cmp	r0, r2
1000755e:	d00f      	beq.n	10007580 <vQueueAddToRegistry+0x104>
10007560:	001a      	movs	r2, r3
10007562:	3228      	adds	r2, #40	@ 0x28
10007564:	e7d5      	b.n	10007512 <vQueueAddToRegistry+0x96>
10007566:	001a      	movs	r2, r3
10007568:	6bdc      	ldr	r4, [r3, #60]	@ 0x3c
1000756a:	3230      	adds	r2, #48	@ 0x30
1000756c:	42a0      	cmp	r0, r4
1000756e:	d1d3      	bne.n	10007518 <vQueueAddToRegistry+0x9c>
10007570:	2207      	movs	r2, #7
10007572:	e7e9      	b.n	10007548 <vQueueAddToRegistry+0xcc>
10007574:	2200      	movs	r2, #0
10007576:	e7e7      	b.n	10007548 <vQueueAddToRegistry+0xcc>
10007578:	2203      	movs	r2, #3
1000757a:	e7e5      	b.n	10007548 <vQueueAddToRegistry+0xcc>
1000757c:	2205      	movs	r2, #5
1000757e:	e7e3      	b.n	10007548 <vQueueAddToRegistry+0xcc>
10007580:	2206      	movs	r2, #6
10007582:	e7e1      	b.n	10007548 <vQueueAddToRegistry+0xcc>
10007584:	2202      	movs	r2, #2
10007586:	e7df      	b.n	10007548 <vQueueAddToRegistry+0xcc>
10007588:	2201      	movs	r2, #1
1000758a:	e7dd      	b.n	10007548 <vQueueAddToRegistry+0xcc>
1000758c:	20001340 	.word	0x20001340
10007590:	20001358 	.word	0x20001358

10007594 <vQueueWaitForMessageRestricted>:
10007594:	b570      	push	{r4, r5, r6, lr}
10007596:	0004      	movs	r4, r0
10007598:	0016      	movs	r6, r2
1000759a:	000d      	movs	r5, r1
1000759c:	f7ff f9c0 	bl	10006920 <vPortEnterCritical>
100075a0:	2244      	movs	r2, #68	@ 0x44
100075a2:	5ca3      	ldrb	r3, [r4, r2]
100075a4:	b25b      	sxtb	r3, r3
100075a6:	3301      	adds	r3, #1
100075a8:	d101      	bne.n	100075ae <vQueueWaitForMessageRestricted+0x1a>
100075aa:	2300      	movs	r3, #0
100075ac:	54a3      	strb	r3, [r4, r2]
100075ae:	2245      	movs	r2, #69	@ 0x45
100075b0:	5ca3      	ldrb	r3, [r4, r2]
100075b2:	b25b      	sxtb	r3, r3
100075b4:	3301      	adds	r3, #1
100075b6:	d101      	bne.n	100075bc <vQueueWaitForMessageRestricted+0x28>
100075b8:	2300      	movs	r3, #0
100075ba:	54a3      	strb	r3, [r4, r2]
100075bc:	f7ff f9bc 	bl	10006938 <vPortExitCritical>
100075c0:	6ba3      	ldr	r3, [r4, #56]	@ 0x38
100075c2:	2b00      	cmp	r3, #0
100075c4:	d003      	beq.n	100075ce <vQueueWaitForMessageRestricted+0x3a>
100075c6:	0020      	movs	r0, r4
100075c8:	f7ff fcca 	bl	10006f60 <prvUnlockQueue>
100075cc:	bd70      	pop	{r4, r5, r6, pc}
100075ce:	0020      	movs	r0, r4
100075d0:	0032      	movs	r2, r6
100075d2:	0029      	movs	r1, r5
100075d4:	3024      	adds	r0, #36	@ 0x24
100075d6:	f000 fc95 	bl	10007f04 <vTaskPlaceOnEventListRestricted>
100075da:	e7f4      	b.n	100075c6 <vQueueWaitForMessageRestricted+0x32>

100075dc <prvAddNewTaskToReadyList>:
100075dc:	b5f0      	push	{r4, r5, r6, r7, lr}
100075de:	46c6      	mov	lr, r8
100075e0:	b500      	push	{lr}
100075e2:	0004      	movs	r4, r0
100075e4:	f7ff f99c 	bl	10006920 <vPortEnterCritical>
100075e8:	4a38      	ldr	r2, [pc, #224]	@ (100076cc <prvAddNewTaskToReadyList+0xf0>)
100075ea:	4f39      	ldr	r7, [pc, #228]	@ (100076d0 <prvAddNewTaskToReadyList+0xf4>)
100075ec:	6813      	ldr	r3, [r2, #0]
100075ee:	3301      	adds	r3, #1
100075f0:	6013      	str	r3, [r2, #0]
100075f2:	683b      	ldr	r3, [r7, #0]
100075f4:	2b00      	cmp	r3, #0
100075f6:	d035      	beq.n	10007664 <prvAddNewTaskToReadyList+0x88>
100075f8:	4b36      	ldr	r3, [pc, #216]	@ (100076d4 <prvAddNewTaskToReadyList+0xf8>)
100075fa:	6ae2      	ldr	r2, [r4, #44]	@ 0x2c
100075fc:	4698      	mov	r8, r3
100075fe:	681b      	ldr	r3, [r3, #0]
10007600:	2b00      	cmp	r3, #0
10007602:	d029      	beq.n	10007658 <prvAddNewTaskToReadyList+0x7c>
10007604:	4e34      	ldr	r6, [pc, #208]	@ (100076d8 <prvAddNewTaskToReadyList+0xfc>)
10007606:	4935      	ldr	r1, [pc, #212]	@ (100076dc <prvAddNewTaskToReadyList+0x100>)
10007608:	680b      	ldr	r3, [r1, #0]
1000760a:	3301      	adds	r3, #1
1000760c:	600b      	str	r3, [r1, #0]
1000760e:	6463      	str	r3, [r4, #68]	@ 0x44
10007610:	4b33      	ldr	r3, [pc, #204]	@ (100076e0 <prvAddNewTaskToReadyList+0x104>)
10007612:	6819      	ldr	r1, [r3, #0]
10007614:	4291      	cmp	r1, r2
10007616:	d200      	bcs.n	1000761a <prvAddNewTaskToReadyList+0x3e>
10007618:	601a      	str	r2, [r3, #0]
1000761a:	0093      	lsls	r3, r2, #2
1000761c:	189b      	adds	r3, r3, r2
1000761e:	009b      	lsls	r3, r3, #2
10007620:	18f1      	adds	r1, r6, r3
10007622:	684a      	ldr	r2, [r1, #4]
10007624:	60a2      	str	r2, [r4, #8]
10007626:	6890      	ldr	r0, [r2, #8]
10007628:	4684      	mov	ip, r0
1000762a:	4665      	mov	r5, ip
1000762c:	60e0      	str	r0, [r4, #12]
1000762e:	1d20      	adds	r0, r4, #4
10007630:	6068      	str	r0, [r5, #4]
10007632:	6090      	str	r0, [r2, #8]
10007634:	58f2      	ldr	r2, [r6, r3]
10007636:	6161      	str	r1, [r4, #20]
10007638:	3201      	adds	r2, #1
1000763a:	50f2      	str	r2, [r6, r3]
1000763c:	f7ff f97c 	bl	10006938 <vPortExitCritical>
10007640:	4643      	mov	r3, r8
10007642:	681b      	ldr	r3, [r3, #0]
10007644:	2b00      	cmp	r3, #0
10007646:	d004      	beq.n	10007652 <prvAddNewTaskToReadyList+0x76>
10007648:	683b      	ldr	r3, [r7, #0]
1000764a:	6ada      	ldr	r2, [r3, #44]	@ 0x2c
1000764c:	6ae3      	ldr	r3, [r4, #44]	@ 0x2c
1000764e:	429a      	cmp	r2, r3
10007650:	d311      	bcc.n	10007676 <prvAddNewTaskToReadyList+0x9a>
10007652:	bc80      	pop	{r7}
10007654:	46b8      	mov	r8, r7
10007656:	bdf0      	pop	{r4, r5, r6, r7, pc}
10007658:	683b      	ldr	r3, [r7, #0]
1000765a:	6adb      	ldr	r3, [r3, #44]	@ 0x2c
1000765c:	4293      	cmp	r3, r2
1000765e:	d8d1      	bhi.n	10007604 <prvAddNewTaskToReadyList+0x28>
10007660:	603c      	str	r4, [r7, #0]
10007662:	e7cf      	b.n	10007604 <prvAddNewTaskToReadyList+0x28>
10007664:	603c      	str	r4, [r7, #0]
10007666:	6813      	ldr	r3, [r2, #0]
10007668:	2b01      	cmp	r3, #1
1000766a:	d007      	beq.n	1000767c <prvAddNewTaskToReadyList+0xa0>
1000766c:	4b19      	ldr	r3, [pc, #100]	@ (100076d4 <prvAddNewTaskToReadyList+0xf8>)
1000766e:	6ae2      	ldr	r2, [r4, #44]	@ 0x2c
10007670:	4698      	mov	r8, r3
10007672:	4e19      	ldr	r6, [pc, #100]	@ (100076d8 <prvAddNewTaskToReadyList+0xfc>)
10007674:	e7c7      	b.n	10007606 <prvAddNewTaskToReadyList+0x2a>
10007676:	f7ff f947 	bl	10006908 <vPortYield>
1000767a:	e7ea      	b.n	10007652 <prvAddNewTaskToReadyList+0x76>
1000767c:	23a0      	movs	r3, #160	@ 0xa0
1000767e:	4e16      	ldr	r6, [pc, #88]	@ (100076d8 <prvAddNewTaskToReadyList+0xfc>)
10007680:	009b      	lsls	r3, r3, #2
10007682:	4698      	mov	r8, r3
10007684:	0035      	movs	r5, r6
10007686:	44b0      	add	r8, r6
10007688:	0028      	movs	r0, r5
1000768a:	3514      	adds	r5, #20
1000768c:	f7ff fc30 	bl	10006ef0 <vListInitialise>
10007690:	4545      	cmp	r5, r8
10007692:	d1f9      	bne.n	10007688 <prvAddNewTaskToReadyList+0xac>
10007694:	4b13      	ldr	r3, [pc, #76]	@ (100076e4 <prvAddNewTaskToReadyList+0x108>)
10007696:	4698      	mov	r8, r3
10007698:	0018      	movs	r0, r3
1000769a:	f7ff fc29 	bl	10006ef0 <vListInitialise>
1000769e:	4d12      	ldr	r5, [pc, #72]	@ (100076e8 <prvAddNewTaskToReadyList+0x10c>)
100076a0:	0028      	movs	r0, r5
100076a2:	f7ff fc25 	bl	10006ef0 <vListInitialise>
100076a6:	4811      	ldr	r0, [pc, #68]	@ (100076ec <prvAddNewTaskToReadyList+0x110>)
100076a8:	f7ff fc22 	bl	10006ef0 <vListInitialise>
100076ac:	4810      	ldr	r0, [pc, #64]	@ (100076f0 <prvAddNewTaskToReadyList+0x114>)
100076ae:	f7ff fc1f 	bl	10006ef0 <vListInitialise>
100076b2:	4810      	ldr	r0, [pc, #64]	@ (100076f4 <prvAddNewTaskToReadyList+0x118>)
100076b4:	f7ff fc1c 	bl	10006ef0 <vListInitialise>
100076b8:	4642      	mov	r2, r8
100076ba:	4b0f      	ldr	r3, [pc, #60]	@ (100076f8 <prvAddNewTaskToReadyList+0x11c>)
100076bc:	601a      	str	r2, [r3, #0]
100076be:	4b0f      	ldr	r3, [pc, #60]	@ (100076fc <prvAddNewTaskToReadyList+0x120>)
100076c0:	6ae2      	ldr	r2, [r4, #44]	@ 0x2c
100076c2:	601d      	str	r5, [r3, #0]
100076c4:	4b03      	ldr	r3, [pc, #12]	@ (100076d4 <prvAddNewTaskToReadyList+0xf8>)
100076c6:	4698      	mov	r8, r3
100076c8:	e79d      	b.n	10007606 <prvAddNewTaskToReadyList+0x2a>
100076ca:	46c0      	nop			@ (mov r8, r8)
100076cc:	200223ac 	.word	0x200223ac
100076d0:	20001fdc 	.word	0x20001fdc
100076d4:	2002244c 	.word	0x2002244c
100076d8:	20001ff4 	.word	0x20001ff4
100076dc:	200223b8 	.word	0x200223b8
100076e0:	200223bc 	.word	0x200223bc
100076e4:	200223e8 	.word	0x200223e8
100076e8:	200223fc 	.word	0x200223fc
100076ec:	20022438 	.word	0x20022438
100076f0:	2002246c 	.word	0x2002246c
100076f4:	20022458 	.word	0x20022458
100076f8:	20001fe4 	.word	0x20001fe4
100076fc:	20001fec 	.word	0x20001fec

10007700 <prvCreateTask>:
10007700:	b5f8      	push	{r3, r4, r5, r6, r7, lr}
10007702:	46ce      	mov	lr, r9
10007704:	4647      	mov	r7, r8
10007706:	0096      	lsls	r6, r2, #2
10007708:	b580      	push	{r7, lr}
1000770a:	4680      	mov	r8, r0
1000770c:	0030      	movs	r0, r6
1000770e:	000d      	movs	r5, r1
10007710:	4699      	mov	r9, r3
10007712:	f7fe ff71 	bl	100065f8 <pvPortMalloc>
10007716:	1e07      	subs	r7, r0, #0
10007718:	d100      	bne.n	1000771c <prvCreateTask+0x1c>
1000771a:	e087      	b.n	1000782c <prvCreateTask+0x12c>
1000771c:	2070      	movs	r0, #112	@ 0x70
1000771e:	f7fe ff6b 	bl	100065f8 <pvPortMalloc>
10007722:	1e04      	subs	r4, r0, #0
10007724:	d100      	bne.n	10007728 <prvCreateTask+0x28>
10007726:	e07e      	b.n	10007826 <prvCreateTask+0x126>
10007728:	2270      	movs	r2, #112	@ 0x70
1000772a:	2100      	movs	r1, #0
1000772c:	f7fa fcec 	bl	10002108 <__wrap_memset>
10007730:	0032      	movs	r2, r6
10007732:	21a5      	movs	r1, #165	@ 0xa5
10007734:	0038      	movs	r0, r7
10007736:	6327      	str	r7, [r4, #48]	@ 0x30
10007738:	f7fa fce6 	bl	10002108 <__wrap_memset>
1000773c:	6b23      	ldr	r3, [r4, #48]	@ 0x30
1000773e:	3e04      	subs	r6, #4
10007740:	199e      	adds	r6, r3, r6
10007742:	2307      	movs	r3, #7
10007744:	439e      	bics	r6, r3
10007746:	2d00      	cmp	r5, #0
10007748:	d04b      	beq.n	100077e2 <prvCreateTask+0xe2>
1000774a:	2234      	movs	r2, #52	@ 0x34
1000774c:	782b      	ldrb	r3, [r5, #0]
1000774e:	54a3      	strb	r3, [r4, r2]
10007750:	2b00      	cmp	r3, #0
10007752:	d043      	beq.n	100077dc <prvCreateTask+0xdc>
10007754:	786b      	ldrb	r3, [r5, #1]
10007756:	3201      	adds	r2, #1
10007758:	54a3      	strb	r3, [r4, r2]
1000775a:	2b00      	cmp	r3, #0
1000775c:	d03e      	beq.n	100077dc <prvCreateTask+0xdc>
1000775e:	78ab      	ldrb	r3, [r5, #2]
10007760:	3201      	adds	r2, #1
10007762:	54a3      	strb	r3, [r4, r2]
10007764:	2b00      	cmp	r3, #0
10007766:	d039      	beq.n	100077dc <prvCreateTask+0xdc>
10007768:	78eb      	ldrb	r3, [r5, #3]
1000776a:	3201      	adds	r2, #1
1000776c:	54a3      	strb	r3, [r4, r2]
1000776e:	2b00      	cmp	r3, #0
10007770:	d034      	beq.n	100077dc <prvCreateTask+0xdc>
10007772:	792b      	ldrb	r3, [r5, #4]
10007774:	3201      	adds	r2, #1
10007776:	54a3      	strb	r3, [r4, r2]
10007778:	2b00      	cmp	r3, #0
1000777a:	d02f      	beq.n	100077dc <prvCreateTask+0xdc>
1000777c:	796b      	ldrb	r3, [r5, #5]
1000777e:	3201      	adds	r2, #1
10007780:	54a3      	strb	r3, [r4, r2]
10007782:	2b00      	cmp	r3, #0
10007784:	d02a      	beq.n	100077dc <prvCreateTask+0xdc>
10007786:	79ab      	ldrb	r3, [r5, #6]
10007788:	3201      	adds	r2, #1
1000778a:	54a3      	strb	r3, [r4, r2]
1000778c:	2b00      	cmp	r3, #0
1000778e:	d025      	beq.n	100077dc <prvCreateTask+0xdc>
10007790:	79eb      	ldrb	r3, [r5, #7]
10007792:	3201      	adds	r2, #1
10007794:	54a3      	strb	r3, [r4, r2]
10007796:	2b00      	cmp	r3, #0
10007798:	d020      	beq.n	100077dc <prvCreateTask+0xdc>
1000779a:	7a2b      	ldrb	r3, [r5, #8]
1000779c:	3201      	adds	r2, #1
1000779e:	54a3      	strb	r3, [r4, r2]
100077a0:	2b00      	cmp	r3, #0
100077a2:	d01b      	beq.n	100077dc <prvCreateTask+0xdc>
100077a4:	7a6b      	ldrb	r3, [r5, #9]
100077a6:	3201      	adds	r2, #1
100077a8:	54a3      	strb	r3, [r4, r2]
100077aa:	2b00      	cmp	r3, #0
100077ac:	d016      	beq.n	100077dc <prvCreateTask+0xdc>
100077ae:	7aab      	ldrb	r3, [r5, #10]
100077b0:	3201      	adds	r2, #1
100077b2:	54a3      	strb	r3, [r4, r2]
100077b4:	2b00      	cmp	r3, #0
100077b6:	d011      	beq.n	100077dc <prvCreateTask+0xdc>
100077b8:	7aeb      	ldrb	r3, [r5, #11]
100077ba:	3201      	adds	r2, #1
100077bc:	54a3      	strb	r3, [r4, r2]
100077be:	2b00      	cmp	r3, #0
100077c0:	d00c      	beq.n	100077dc <prvCreateTask+0xdc>
100077c2:	7b2b      	ldrb	r3, [r5, #12]
100077c4:	3201      	adds	r2, #1
100077c6:	54a3      	strb	r3, [r4, r2]
100077c8:	2b00      	cmp	r3, #0
100077ca:	d007      	beq.n	100077dc <prvCreateTask+0xdc>
100077cc:	7b6b      	ldrb	r3, [r5, #13]
100077ce:	3201      	adds	r2, #1
100077d0:	54a3      	strb	r3, [r4, r2]
100077d2:	2b00      	cmp	r3, #0
100077d4:	d002      	beq.n	100077dc <prvCreateTask+0xdc>
100077d6:	2342      	movs	r3, #66	@ 0x42
100077d8:	7baa      	ldrb	r2, [r5, #14]
100077da:	54e2      	strb	r2, [r4, r3]
100077dc:	2343      	movs	r3, #67	@ 0x43
100077de:	2200      	movs	r2, #0
100077e0:	54e2      	strb	r2, [r4, r3]
100077e2:	9d08      	ldr	r5, [sp, #32]
100077e4:	2d1f      	cmp	r5, #31
100077e6:	d81c      	bhi.n	10007822 <prvCreateTask+0x122>
100077e8:	1d20      	adds	r0, r4, #4
100077ea:	62e5      	str	r5, [r4, #44]	@ 0x2c
100077ec:	64e5      	str	r5, [r4, #76]	@ 0x4c
100077ee:	f7ff fb8b 	bl	10006f08 <vListInitialiseItem>
100077f2:	0020      	movs	r0, r4
100077f4:	3018      	adds	r0, #24
100077f6:	f7ff fb87 	bl	10006f08 <vListInitialiseItem>
100077fa:	2320      	movs	r3, #32
100077fc:	1b5b      	subs	r3, r3, r5
100077fe:	61a3      	str	r3, [r4, #24]
10007800:	464a      	mov	r2, r9
10007802:	4641      	mov	r1, r8
10007804:	0030      	movs	r0, r6
10007806:	6124      	str	r4, [r4, #16]
10007808:	6264      	str	r4, [r4, #36]	@ 0x24
1000780a:	f7ff f86d 	bl	100068e8 <pxPortInitialiseStack>
1000780e:	9b09      	ldr	r3, [sp, #36]	@ 0x24
10007810:	6020      	str	r0, [r4, #0]
10007812:	2b00      	cmp	r3, #0
10007814:	d000      	beq.n	10007818 <prvCreateTask+0x118>
10007816:	601c      	str	r4, [r3, #0]
10007818:	0020      	movs	r0, r4
1000781a:	bcc0      	pop	{r6, r7}
1000781c:	46b9      	mov	r9, r7
1000781e:	46b0      	mov	r8, r6
10007820:	bdf8      	pop	{r3, r4, r5, r6, r7, pc}
10007822:	251f      	movs	r5, #31
10007824:	e7e0      	b.n	100077e8 <prvCreateTask+0xe8>
10007826:	0038      	movs	r0, r7
10007828:	f7fe ff78 	bl	1000671c <vPortFree>
1000782c:	2400      	movs	r4, #0
1000782e:	e7f3      	b.n	10007818 <prvCreateTask+0x118>

10007830 <prvIdleTask>:
10007830:	b5f0      	push	{r4, r5, r6, r7, lr}
10007832:	46c6      	mov	lr, r8
10007834:	4b12      	ldr	r3, [pc, #72]	@ (10007880 <prvIdleTask+0x50>)
10007836:	b500      	push	{lr}
10007838:	4698      	mov	r8, r3
1000783a:	4d12      	ldr	r5, [pc, #72]	@ (10007884 <prvIdleTask+0x54>)
1000783c:	4f12      	ldr	r7, [pc, #72]	@ (10007888 <prvIdleTask+0x58>)
1000783e:	4e13      	ldr	r6, [pc, #76]	@ (1000788c <prvIdleTask+0x5c>)
10007840:	e014      	b.n	1000786c <prvIdleTask+0x3c>
10007842:	f7ff f86d 	bl	10006920 <vPortEnterCritical>
10007846:	68fb      	ldr	r3, [r7, #12]
10007848:	68dc      	ldr	r4, [r3, #12]
1000784a:	1d20      	adds	r0, r4, #4
1000784c:	f7ff fb78 	bl	10006f40 <uxListRemove>
10007850:	6833      	ldr	r3, [r6, #0]
10007852:	3b01      	subs	r3, #1
10007854:	6033      	str	r3, [r6, #0]
10007856:	682b      	ldr	r3, [r5, #0]
10007858:	3b01      	subs	r3, #1
1000785a:	602b      	str	r3, [r5, #0]
1000785c:	f7ff f86c 	bl	10006938 <vPortExitCritical>
10007860:	6b20      	ldr	r0, [r4, #48]	@ 0x30
10007862:	f7fe ff5b 	bl	1000671c <vPortFree>
10007866:	0020      	movs	r0, r4
10007868:	f7fe ff58 	bl	1000671c <vPortFree>
1000786c:	682b      	ldr	r3, [r5, #0]
1000786e:	2b00      	cmp	r3, #0
10007870:	d1e7      	bne.n	10007842 <prvIdleTask+0x12>
10007872:	4643      	mov	r3, r8
10007874:	681b      	ldr	r3, [r3, #0]
10007876:	2b01      	cmp	r3, #1
10007878:	d9f8      	bls.n	1000786c <prvIdleTask+0x3c>
1000787a:	f7ff f845 	bl	10006908 <vPortYield>
1000787e:	e7f5      	b.n	1000786c <prvIdleTask+0x3c>
10007880:	20001ff4 	.word	0x20001ff4
10007884:	200223b0 	.word	0x200223b0
10007888:	2002246c 	.word	0x2002246c
1000788c:	200223ac 	.word	0x200223ac

10007890 <xTaskIncrementTick.part.0>:
10007890:	b5f0      	push	{r4, r5, r6, r7, lr}
10007892:	46de      	mov	lr, fp
10007894:	4657      	mov	r7, sl
10007896:	464e      	mov	r6, r9
10007898:	4645      	mov	r5, r8
1000789a:	4b5c      	ldr	r3, [pc, #368]	@ (10007a0c <xTaskIncrementTick.part.0+0x17c>)
1000789c:	b5e0      	push	{r5, r6, r7, lr}
1000789e:	6818      	ldr	r0, [r3, #0]
100078a0:	b083      	sub	sp, #12
100078a2:	3001      	adds	r0, #1
100078a4:	6018      	str	r0, [r3, #0]
100078a6:	2800      	cmp	r0, #0
100078a8:	d066      	beq.n	10007978 <xTaskIncrementTick.part.0+0xe8>
100078aa:	4959      	ldr	r1, [pc, #356]	@ (10007a10 <xTaskIncrementTick.part.0+0x180>)
100078ac:	680b      	ldr	r3, [r1, #0]
100078ae:	4298      	cmp	r0, r3
100078b0:	d377      	bcc.n	100079a2 <xTaskIncrementTick.part.0+0x112>
100078b2:	4b58      	ldr	r3, [pc, #352]	@ (10007a14 <xTaskIncrementTick.part.0+0x184>)
100078b4:	4698      	mov	r8, r3
100078b6:	681b      	ldr	r3, [r3, #0]
100078b8:	681b      	ldr	r3, [r3, #0]
100078ba:	2b00      	cmp	r3, #0
100078bc:	d100      	bne.n	100078c0 <xTaskIncrementTick.part.0+0x30>
100078be:	e0a0      	b.n	10007a02 <xTaskIncrementTick.part.0+0x172>
100078c0:	2300      	movs	r3, #0
100078c2:	469c      	mov	ip, r3
100078c4:	4b54      	ldr	r3, [pc, #336]	@ (10007a18 <xTaskIncrementTick.part.0+0x188>)
100078c6:	4d55      	ldr	r5, [pc, #340]	@ (10007a1c <xTaskIncrementTick.part.0+0x18c>)
100078c8:	469b      	mov	fp, r3
100078ca:	2300      	movs	r3, #0
100078cc:	4699      	mov	r9, r3
100078ce:	4b54      	ldr	r3, [pc, #336]	@ (10007a20 <xTaskIncrementTick.part.0+0x190>)
100078d0:	9101      	str	r1, [sp, #4]
100078d2:	469a      	mov	sl, r3
100078d4:	4643      	mov	r3, r8
100078d6:	4680      	mov	r8, r0
100078d8:	0018      	movs	r0, r3
100078da:	e03a      	b.n	10007952 <xTaskIncrementTick.part.0+0xc2>
100078dc:	4649      	mov	r1, r9
100078de:	6159      	str	r1, [r3, #20]
100078e0:	6811      	ldr	r1, [r2, #0]
100078e2:	3901      	subs	r1, #1
100078e4:	6011      	str	r1, [r2, #0]
100078e6:	6a9a      	ldr	r2, [r3, #40]	@ 0x28
100078e8:	2a00      	cmp	r2, #0
100078ea:	d00f      	beq.n	1000790c <xTaskIncrementTick.part.0+0x7c>
100078ec:	69de      	ldr	r6, [r3, #28]
100078ee:	6a19      	ldr	r1, [r3, #32]
100078f0:	60b1      	str	r1, [r6, #8]
100078f2:	69de      	ldr	r6, [r3, #28]
100078f4:	604e      	str	r6, [r1, #4]
100078f6:	0019      	movs	r1, r3
100078f8:	6856      	ldr	r6, [r2, #4]
100078fa:	3118      	adds	r1, #24
100078fc:	428e      	cmp	r6, r1
100078fe:	d100      	bne.n	10007902 <xTaskIncrementTick.part.0+0x72>
10007900:	e074      	b.n	100079ec <xTaskIncrementTick.part.0+0x15c>
10007902:	4649      	mov	r1, r9
10007904:	6299      	str	r1, [r3, #40]	@ 0x28
10007906:	6811      	ldr	r1, [r2, #0]
10007908:	3901      	subs	r1, #1
1000790a:	6011      	str	r1, [r2, #0]
1000790c:	4652      	mov	r2, sl
1000790e:	6ad9      	ldr	r1, [r3, #44]	@ 0x2c
10007910:	6812      	ldr	r2, [r2, #0]
10007912:	4291      	cmp	r1, r2
10007914:	d901      	bls.n	1000791a <xTaskIncrementTick.part.0+0x8a>
10007916:	4652      	mov	r2, sl
10007918:	6011      	str	r1, [r2, #0]
1000791a:	008a      	lsls	r2, r1, #2
1000791c:	1852      	adds	r2, r2, r1
1000791e:	0092      	lsls	r2, r2, #2
10007920:	18ae      	adds	r6, r5, r2
10007922:	6871      	ldr	r1, [r6, #4]
10007924:	6099      	str	r1, [r3, #8]
10007926:	688f      	ldr	r7, [r1, #8]
10007928:	60df      	str	r7, [r3, #12]
1000792a:	607c      	str	r4, [r7, #4]
1000792c:	608c      	str	r4, [r1, #8]
1000792e:	58a9      	ldr	r1, [r5, r2]
10007930:	615e      	str	r6, [r3, #20]
10007932:	3101      	adds	r1, #1
10007934:	50a9      	str	r1, [r5, r2]
10007936:	465a      	mov	r2, fp
10007938:	6811      	ldr	r1, [r2, #0]
1000793a:	6ada      	ldr	r2, [r3, #44]	@ 0x2c
1000793c:	6acb      	ldr	r3, [r1, #44]	@ 0x2c
1000793e:	4293      	cmp	r3, r2
10007940:	419b      	sbcs	r3, r3
10007942:	4662      	mov	r2, ip
10007944:	425b      	negs	r3, r3
10007946:	431a      	orrs	r2, r3
10007948:	6803      	ldr	r3, [r0, #0]
1000794a:	4694      	mov	ip, r2
1000794c:	681b      	ldr	r3, [r3, #0]
1000794e:	2b00      	cmp	r3, #0
10007950:	d052      	beq.n	100079f8 <xTaskIncrementTick.part.0+0x168>
10007952:	6803      	ldr	r3, [r0, #0]
10007954:	68db      	ldr	r3, [r3, #12]
10007956:	68db      	ldr	r3, [r3, #12]
10007958:	685a      	ldr	r2, [r3, #4]
1000795a:	4590      	cmp	r8, r2
1000795c:	d349      	bcc.n	100079f2 <xTaskIncrementTick.part.0+0x162>
1000795e:	689c      	ldr	r4, [r3, #8]
10007960:	68d9      	ldr	r1, [r3, #12]
10007962:	695a      	ldr	r2, [r3, #20]
10007964:	60a1      	str	r1, [r4, #8]
10007966:	689c      	ldr	r4, [r3, #8]
10007968:	604c      	str	r4, [r1, #4]
1000796a:	6851      	ldr	r1, [r2, #4]
1000796c:	1d1c      	adds	r4, r3, #4
1000796e:	42a1      	cmp	r1, r4
10007970:	d1b4      	bne.n	100078dc <xTaskIncrementTick.part.0+0x4c>
10007972:	68d9      	ldr	r1, [r3, #12]
10007974:	6051      	str	r1, [r2, #4]
10007976:	e7b1      	b.n	100078dc <xTaskIncrementTick.part.0+0x4c>
10007978:	4b26      	ldr	r3, [pc, #152]	@ (10007a14 <xTaskIncrementTick.part.0+0x184>)
1000797a:	4a2a      	ldr	r2, [pc, #168]	@ (10007a24 <xTaskIncrementTick.part.0+0x194>)
1000797c:	6819      	ldr	r1, [r3, #0]
1000797e:	6814      	ldr	r4, [r2, #0]
10007980:	601c      	str	r4, [r3, #0]
10007982:	6011      	str	r1, [r2, #0]
10007984:	4928      	ldr	r1, [pc, #160]	@ (10007a28 <xTaskIncrementTick.part.0+0x198>)
10007986:	680a      	ldr	r2, [r1, #0]
10007988:	3201      	adds	r2, #1
1000798a:	600a      	str	r2, [r1, #0]
1000798c:	681a      	ldr	r2, [r3, #0]
1000798e:	6812      	ldr	r2, [r2, #0]
10007990:	2a00      	cmp	r2, #0
10007992:	d125      	bne.n	100079e0 <xTaskIncrementTick.part.0+0x150>
10007994:	2301      	movs	r3, #1
10007996:	491e      	ldr	r1, [pc, #120]	@ (10007a10 <xTaskIncrementTick.part.0+0x180>)
10007998:	425b      	negs	r3, r3
1000799a:	600b      	str	r3, [r1, #0]
1000799c:	680b      	ldr	r3, [r1, #0]
1000799e:	4298      	cmp	r0, r3
100079a0:	d287      	bcs.n	100078b2 <xTaskIncrementTick.part.0+0x22>
100079a2:	2300      	movs	r3, #0
100079a4:	469c      	mov	ip, r3
100079a6:	4b1c      	ldr	r3, [pc, #112]	@ (10007a18 <xTaskIncrementTick.part.0+0x188>)
100079a8:	4d1c      	ldr	r5, [pc, #112]	@ (10007a1c <xTaskIncrementTick.part.0+0x18c>)
100079aa:	469b      	mov	fp, r3
100079ac:	465b      	mov	r3, fp
100079ae:	2001      	movs	r0, #1
100079b0:	681b      	ldr	r3, [r3, #0]
100079b2:	4a1e      	ldr	r2, [pc, #120]	@ (10007a2c <xTaskIncrementTick.part.0+0x19c>)
100079b4:	6ad9      	ldr	r1, [r3, #44]	@ 0x2c
100079b6:	6812      	ldr	r2, [r2, #0]
100079b8:	008b      	lsls	r3, r1, #2
100079ba:	185b      	adds	r3, r3, r1
100079bc:	009b      	lsls	r3, r3, #2
100079be:	58eb      	ldr	r3, [r5, r3]
100079c0:	4298      	cmp	r0, r3
100079c2:	4180      	sbcs	r0, r0
100079c4:	0013      	movs	r3, r2
100079c6:	1e5a      	subs	r2, r3, #1
100079c8:	4193      	sbcs	r3, r2
100079ca:	4240      	negs	r0, r0
100079cc:	4318      	orrs	r0, r3
100079ce:	4663      	mov	r3, ip
100079d0:	4318      	orrs	r0, r3
100079d2:	b003      	add	sp, #12
100079d4:	bcf0      	pop	{r4, r5, r6, r7}
100079d6:	46bb      	mov	fp, r7
100079d8:	46b2      	mov	sl, r6
100079da:	46a9      	mov	r9, r5
100079dc:	46a0      	mov	r8, r4
100079de:	bdf0      	pop	{r4, r5, r6, r7, pc}
100079e0:	681b      	ldr	r3, [r3, #0]
100079e2:	490b      	ldr	r1, [pc, #44]	@ (10007a10 <xTaskIncrementTick.part.0+0x180>)
100079e4:	68db      	ldr	r3, [r3, #12]
100079e6:	681b      	ldr	r3, [r3, #0]
100079e8:	600b      	str	r3, [r1, #0]
100079ea:	e75f      	b.n	100078ac <xTaskIncrementTick.part.0+0x1c>
100079ec:	6a19      	ldr	r1, [r3, #32]
100079ee:	6051      	str	r1, [r2, #4]
100079f0:	e787      	b.n	10007902 <xTaskIncrementTick.part.0+0x72>
100079f2:	9901      	ldr	r1, [sp, #4]
100079f4:	600a      	str	r2, [r1, #0]
100079f6:	e7d9      	b.n	100079ac <xTaskIncrementTick.part.0+0x11c>
100079f8:	9901      	ldr	r1, [sp, #4]
100079fa:	2301      	movs	r3, #1
100079fc:	425b      	negs	r3, r3
100079fe:	600b      	str	r3, [r1, #0]
10007a00:	e7d4      	b.n	100079ac <xTaskIncrementTick.part.0+0x11c>
10007a02:	469c      	mov	ip, r3
10007a04:	4b04      	ldr	r3, [pc, #16]	@ (10007a18 <xTaskIncrementTick.part.0+0x188>)
10007a06:	4d05      	ldr	r5, [pc, #20]	@ (10007a1c <xTaskIncrementTick.part.0+0x18c>)
10007a08:	469b      	mov	fp, r3
10007a0a:	e7f6      	b.n	100079fa <xTaskIncrementTick.part.0+0x16a>
10007a0c:	20022480 	.word	0x20022480
10007a10:	20022424 	.word	0x20022424
10007a14:	20001fe4 	.word	0x20001fe4
10007a18:	20001fdc 	.word	0x20001fdc
10007a1c:	20001ff4 	.word	0x20001ff4
10007a20:	200223bc 	.word	0x200223bc
10007a24:	20001fec 	.word	0x20001fec
10007a28:	20022428 	.word	0x20022428
10007a2c:	2002248c 	.word	0x2002248c

10007a30 <xTaskCreate>:
10007a30:	b510      	push	{r4, lr}
10007a32:	b082      	sub	sp, #8
10007a34:	9c05      	ldr	r4, [sp, #20]
10007a36:	9401      	str	r4, [sp, #4]
10007a38:	9c04      	ldr	r4, [sp, #16]
10007a3a:	9400      	str	r4, [sp, #0]
10007a3c:	f7ff fe60 	bl	10007700 <prvCreateTask>
10007a40:	2800      	cmp	r0, #0
10007a42:	d004      	beq.n	10007a4e <xTaskCreate+0x1e>
10007a44:	f7ff fdca 	bl	100075dc <prvAddNewTaskToReadyList>
10007a48:	2001      	movs	r0, #1
10007a4a:	b002      	add	sp, #8
10007a4c:	bd10      	pop	{r4, pc}
10007a4e:	2001      	movs	r0, #1
10007a50:	4240      	negs	r0, r0
10007a52:	e7fa      	b.n	10007a4a <xTaskCreate+0x1a>

10007a54 <vTaskStartScheduler>:
10007a54:	b510      	push	{r4, lr}
10007a56:	b086      	sub	sp, #24
10007a58:	2210      	movs	r2, #16
10007a5a:	2100      	movs	r1, #0
10007a5c:	a802      	add	r0, sp, #8
10007a5e:	f7fa fb53 	bl	10002108 <__wrap_memset>
10007a62:	2400      	movs	r4, #0
10007a64:	2280      	movs	r2, #128	@ 0x80
10007a66:	4b11      	ldr	r3, [pc, #68]	@ (10007aac <vTaskStartScheduler+0x58>)
10007a68:	4811      	ldr	r0, [pc, #68]	@ (10007ab0 <vTaskStartScheduler+0x5c>)
10007a6a:	9302      	str	r3, [sp, #8]
10007a6c:	4b11      	ldr	r3, [pc, #68]	@ (10007ab4 <vTaskStartScheduler+0x60>)
10007a6e:	9400      	str	r4, [sp, #0]
10007a70:	9301      	str	r3, [sp, #4]
10007a72:	0092      	lsls	r2, r2, #2
10007a74:	2300      	movs	r3, #0
10007a76:	a902      	add	r1, sp, #8
10007a78:	f7ff fe42 	bl	10007700 <prvCreateTask>
10007a7c:	2800      	cmp	r0, #0
10007a7e:	d005      	beq.n	10007a8c <vTaskStartScheduler+0x38>
10007a80:	f7ff fdac 	bl	100075dc <prvAddNewTaskToReadyList>
10007a84:	f000 fdce 	bl	10008624 <xTimerCreateTimerTask>
10007a88:	2801      	cmp	r0, #1
10007a8a:	d003      	beq.n	10007a94 <vTaskStartScheduler+0x40>
10007a8c:	4b0a      	ldr	r3, [pc, #40]	@ (10007ab8 <vTaskStartScheduler+0x64>)
10007a8e:	681b      	ldr	r3, [r3, #0]
10007a90:	b006      	add	sp, #24
10007a92:	bd10      	pop	{r4, pc}
10007a94:	b672      	cpsid	i
10007a96:	2201      	movs	r2, #1
10007a98:	4b08      	ldr	r3, [pc, #32]	@ (10007abc <vTaskStartScheduler+0x68>)
10007a9a:	4252      	negs	r2, r2
10007a9c:	601a      	str	r2, [r3, #0]
10007a9e:	4b08      	ldr	r3, [pc, #32]	@ (10007ac0 <vTaskStartScheduler+0x6c>)
10007aa0:	6018      	str	r0, [r3, #0]
10007aa2:	4b08      	ldr	r3, [pc, #32]	@ (10007ac4 <vTaskStartScheduler+0x70>)
10007aa4:	601c      	str	r4, [r3, #0]
10007aa6:	f7fe ff85 	bl	100069b4 <xPortStartScheduler>
10007aaa:	e7ef      	b.n	10007a8c <vTaskStartScheduler+0x38>
10007aac:	454c4449 	.word	0x454c4449
10007ab0:	10007831 	.word	0x10007831
10007ab4:	20022418 	.word	0x20022418
10007ab8:	1000a16c 	.word	0x1000a16c
10007abc:	20022424 	.word	0x20022424
10007ac0:	2002244c 	.word	0x2002244c
10007ac4:	20022480 	.word	0x20022480

10007ac8 <vTaskSuspendAll>:
10007ac8:	4a02      	ldr	r2, [pc, #8]	@ (10007ad4 <vTaskSuspendAll+0xc>)
10007aca:	6813      	ldr	r3, [r2, #0]
10007acc:	3301      	adds	r3, #1
10007ace:	6013      	str	r3, [r2, #0]
10007ad0:	4770      	bx	lr
10007ad2:	46c0      	nop			@ (mov r8, r8)
10007ad4:	200223b4 	.word	0x200223b4

10007ad8 <xTaskResumeAll>:
10007ad8:	b5f0      	push	{r4, r5, r6, r7, lr}
10007ada:	46de      	mov	lr, fp
10007adc:	4645      	mov	r5, r8
10007ade:	4657      	mov	r7, sl
10007ae0:	464e      	mov	r6, r9
10007ae2:	b5e0      	push	{r5, r6, r7, lr}
10007ae4:	b083      	sub	sp, #12
10007ae6:	f7fe ff1b 	bl	10006920 <vPortEnterCritical>
10007aea:	4d54      	ldr	r5, [pc, #336]	@ (10007c3c <xTaskResumeAll+0x164>)
10007aec:	682b      	ldr	r3, [r5, #0]
10007aee:	3b01      	subs	r3, #1
10007af0:	602b      	str	r3, [r5, #0]
10007af2:	682b      	ldr	r3, [r5, #0]
10007af4:	2b00      	cmp	r3, #0
10007af6:	d000      	beq.n	10007afa <xTaskResumeAll+0x22>
10007af8:	e083      	b.n	10007c02 <xTaskResumeAll+0x12a>
10007afa:	4b51      	ldr	r3, [pc, #324]	@ (10007c40 <xTaskResumeAll+0x168>)
10007afc:	681b      	ldr	r3, [r3, #0]
10007afe:	2b00      	cmp	r3, #0
10007b00:	d07f      	beq.n	10007c02 <xTaskResumeAll+0x12a>
10007b02:	4f50      	ldr	r7, [pc, #320]	@ (10007c44 <xTaskResumeAll+0x16c>)
10007b04:	683b      	ldr	r3, [r7, #0]
10007b06:	2b00      	cmp	r3, #0
10007b08:	d100      	bne.n	10007b0c <xTaskResumeAll+0x34>
10007b0a:	e094      	b.n	10007c36 <xTaskResumeAll+0x15e>
10007b0c:	4b4e      	ldr	r3, [pc, #312]	@ (10007c48 <xTaskResumeAll+0x170>)
10007b0e:	4c4f      	ldr	r4, [pc, #316]	@ (10007c4c <xTaskResumeAll+0x174>)
10007b10:	469c      	mov	ip, r3
10007b12:	4b4f      	ldr	r3, [pc, #316]	@ (10007c50 <xTaskResumeAll+0x178>)
10007b14:	9501      	str	r5, [sp, #4]
10007b16:	4699      	mov	r9, r3
10007b18:	4b4e      	ldr	r3, [pc, #312]	@ (10007c54 <xTaskResumeAll+0x17c>)
10007b1a:	469a      	mov	sl, r3
10007b1c:	2300      	movs	r3, #0
10007b1e:	4698      	mov	r8, r3
10007b20:	3301      	adds	r3, #1
10007b22:	469b      	mov	fp, r3
10007b24:	68fb      	ldr	r3, [r7, #12]
10007b26:	68db      	ldr	r3, [r3, #12]
10007b28:	69d8      	ldr	r0, [r3, #28]
10007b2a:	6a19      	ldr	r1, [r3, #32]
10007b2c:	6a9a      	ldr	r2, [r3, #40]	@ 0x28
10007b2e:	6081      	str	r1, [r0, #8]
10007b30:	69d8      	ldr	r0, [r3, #28]
10007b32:	6048      	str	r0, [r1, #4]
10007b34:	0019      	movs	r1, r3
10007b36:	6850      	ldr	r0, [r2, #4]
10007b38:	3118      	adds	r1, #24
10007b3a:	4288      	cmp	r0, r1
10007b3c:	d100      	bne.n	10007b40 <xTaskResumeAll+0x68>
10007b3e:	e073      	b.n	10007c28 <xTaskResumeAll+0x150>
10007b40:	4641      	mov	r1, r8
10007b42:	6299      	str	r1, [r3, #40]	@ 0x28
10007b44:	6811      	ldr	r1, [r2, #0]
10007b46:	3901      	subs	r1, #1
10007b48:	6011      	str	r1, [r2, #0]
10007b4a:	6898      	ldr	r0, [r3, #8]
10007b4c:	68d9      	ldr	r1, [r3, #12]
10007b4e:	695a      	ldr	r2, [r3, #20]
10007b50:	6081      	str	r1, [r0, #8]
10007b52:	6898      	ldr	r0, [r3, #8]
10007b54:	6048      	str	r0, [r1, #4]
10007b56:	6850      	ldr	r0, [r2, #4]
10007b58:	1d19      	adds	r1, r3, #4
10007b5a:	4288      	cmp	r0, r1
10007b5c:	d061      	beq.n	10007c22 <xTaskResumeAll+0x14a>
10007b5e:	6810      	ldr	r0, [r2, #0]
10007b60:	3801      	subs	r0, #1
10007b62:	6010      	str	r0, [r2, #0]
10007b64:	4660      	mov	r0, ip
10007b66:	6ada      	ldr	r2, [r3, #44]	@ 0x2c
10007b68:	6800      	ldr	r0, [r0, #0]
10007b6a:	4282      	cmp	r2, r0
10007b6c:	d901      	bls.n	10007b72 <xTaskResumeAll+0x9a>
10007b6e:	4660      	mov	r0, ip
10007b70:	6002      	str	r2, [r0, #0]
10007b72:	0090      	lsls	r0, r2, #2
10007b74:	1882      	adds	r2, r0, r2
10007b76:	0095      	lsls	r5, r2, #2
10007b78:	1960      	adds	r0, r4, r5
10007b7a:	6842      	ldr	r2, [r0, #4]
10007b7c:	609a      	str	r2, [r3, #8]
10007b7e:	6896      	ldr	r6, [r2, #8]
10007b80:	60de      	str	r6, [r3, #12]
10007b82:	6071      	str	r1, [r6, #4]
10007b84:	6091      	str	r1, [r2, #8]
10007b86:	5962      	ldr	r2, [r4, r5]
10007b88:	6158      	str	r0, [r3, #20]
10007b8a:	3201      	adds	r2, #1
10007b8c:	5162      	str	r2, [r4, r5]
10007b8e:	464a      	mov	r2, r9
10007b90:	6811      	ldr	r1, [r2, #0]
10007b92:	6ada      	ldr	r2, [r3, #44]	@ 0x2c
10007b94:	6acb      	ldr	r3, [r1, #44]	@ 0x2c
10007b96:	429a      	cmp	r2, r3
10007b98:	d93e      	bls.n	10007c18 <xTaskResumeAll+0x140>
10007b9a:	4653      	mov	r3, sl
10007b9c:	465a      	mov	r2, fp
10007b9e:	601a      	str	r2, [r3, #0]
10007ba0:	683b      	ldr	r3, [r7, #0]
10007ba2:	2b00      	cmp	r3, #0
10007ba4:	d1be      	bne.n	10007b24 <xTaskResumeAll+0x4c>
10007ba6:	4b2c      	ldr	r3, [pc, #176]	@ (10007c58 <xTaskResumeAll+0x180>)
10007ba8:	9d01      	ldr	r5, [sp, #4]
10007baa:	681a      	ldr	r2, [r3, #0]
10007bac:	6812      	ldr	r2, [r2, #0]
10007bae:	2a00      	cmp	r2, #0
10007bb0:	d03d      	beq.n	10007c2e <xTaskResumeAll+0x156>
10007bb2:	681b      	ldr	r3, [r3, #0]
10007bb4:	68db      	ldr	r3, [r3, #12]
10007bb6:	681a      	ldr	r2, [r3, #0]
10007bb8:	4b28      	ldr	r3, [pc, #160]	@ (10007c5c <xTaskResumeAll+0x184>)
10007bba:	601a      	str	r2, [r3, #0]
10007bbc:	4e28      	ldr	r6, [pc, #160]	@ (10007c60 <xTaskResumeAll+0x188>)
10007bbe:	6834      	ldr	r4, [r6, #0]
10007bc0:	2c00      	cmp	r4, #0
10007bc2:	d014      	beq.n	10007bee <xTaskResumeAll+0x116>
10007bc4:	2701      	movs	r7, #1
10007bc6:	e008      	b.n	10007bda <xTaskResumeAll+0x102>
10007bc8:	f7ff fe62 	bl	10007890 <xTaskIncrementTick.part.0>
10007bcc:	2800      	cmp	r0, #0
10007bce:	d001      	beq.n	10007bd4 <xTaskResumeAll+0xfc>
10007bd0:	4653      	mov	r3, sl
10007bd2:	601f      	str	r7, [r3, #0]
10007bd4:	3c01      	subs	r4, #1
10007bd6:	2c00      	cmp	r4, #0
10007bd8:	d008      	beq.n	10007bec <xTaskResumeAll+0x114>
10007bda:	682b      	ldr	r3, [r5, #0]
10007bdc:	2b00      	cmp	r3, #0
10007bde:	d0f3      	beq.n	10007bc8 <xTaskResumeAll+0xf0>
10007be0:	6833      	ldr	r3, [r6, #0]
10007be2:	3c01      	subs	r4, #1
10007be4:	3301      	adds	r3, #1
10007be6:	6033      	str	r3, [r6, #0]
10007be8:	2c00      	cmp	r4, #0
10007bea:	d1f6      	bne.n	10007bda <xTaskResumeAll+0x102>
10007bec:	6034      	str	r4, [r6, #0]
10007bee:	4653      	mov	r3, sl
10007bf0:	681b      	ldr	r3, [r3, #0]
10007bf2:	2b00      	cmp	r3, #0
10007bf4:	d005      	beq.n	10007c02 <xTaskResumeAll+0x12a>
10007bf6:	4b16      	ldr	r3, [pc, #88]	@ (10007c50 <xTaskResumeAll+0x178>)
10007bf8:	2401      	movs	r4, #1
10007bfa:	681b      	ldr	r3, [r3, #0]
10007bfc:	f7fe fe84 	bl	10006908 <vPortYield>
10007c00:	e000      	b.n	10007c04 <xTaskResumeAll+0x12c>
10007c02:	2400      	movs	r4, #0
10007c04:	f7fe fe98 	bl	10006938 <vPortExitCritical>
10007c08:	0020      	movs	r0, r4
10007c0a:	b003      	add	sp, #12
10007c0c:	bcf0      	pop	{r4, r5, r6, r7}
10007c0e:	46bb      	mov	fp, r7
10007c10:	46b2      	mov	sl, r6
10007c12:	46a9      	mov	r9, r5
10007c14:	46a0      	mov	r8, r4
10007c16:	bdf0      	pop	{r4, r5, r6, r7, pc}
10007c18:	683b      	ldr	r3, [r7, #0]
10007c1a:	2b00      	cmp	r3, #0
10007c1c:	d000      	beq.n	10007c20 <xTaskResumeAll+0x148>
10007c1e:	e781      	b.n	10007b24 <xTaskResumeAll+0x4c>
10007c20:	e7c1      	b.n	10007ba6 <xTaskResumeAll+0xce>
10007c22:	68d8      	ldr	r0, [r3, #12]
10007c24:	6050      	str	r0, [r2, #4]
10007c26:	e79a      	b.n	10007b5e <xTaskResumeAll+0x86>
10007c28:	6a19      	ldr	r1, [r3, #32]
10007c2a:	6051      	str	r1, [r2, #4]
10007c2c:	e788      	b.n	10007b40 <xTaskResumeAll+0x68>
10007c2e:	4b0b      	ldr	r3, [pc, #44]	@ (10007c5c <xTaskResumeAll+0x184>)
10007c30:	3a01      	subs	r2, #1
10007c32:	601a      	str	r2, [r3, #0]
10007c34:	e7c2      	b.n	10007bbc <xTaskResumeAll+0xe4>
10007c36:	4b07      	ldr	r3, [pc, #28]	@ (10007c54 <xTaskResumeAll+0x17c>)
10007c38:	469a      	mov	sl, r3
10007c3a:	e7bf      	b.n	10007bbc <xTaskResumeAll+0xe4>
10007c3c:	200223b4 	.word	0x200223b4
10007c40:	200223ac 	.word	0x200223ac
10007c44:	20022438 	.word	0x20022438
10007c48:	200223bc 	.word	0x200223bc
10007c4c:	20001ff4 	.word	0x20001ff4
10007c50:	20001fdc 	.word	0x20001fdc
10007c54:	2002248c 	.word	0x2002248c
10007c58:	20001fe4 	.word	0x20001fe4
10007c5c:	20022424 	.word	0x20022424
10007c60:	20022434 	.word	0x20022434

10007c64 <vTaskDelay>:
10007c64:	b5f0      	push	{r4, r5, r6, r7, lr}
10007c66:	46c6      	mov	lr, r8
10007c68:	0004      	movs	r4, r0
10007c6a:	b500      	push	{lr}
10007c6c:	2800      	cmp	r0, #0
10007c6e:	d021      	beq.n	10007cb4 <vTaskDelay+0x50>
10007c70:	4a17      	ldr	r2, [pc, #92]	@ (10007cd0 <vTaskDelay+0x6c>)
10007c72:	6813      	ldr	r3, [r2, #0]
10007c74:	3301      	adds	r3, #1
10007c76:	6013      	str	r3, [r2, #0]
10007c78:	4b16      	ldr	r3, [pc, #88]	@ (10007cd4 <vTaskDelay+0x70>)
10007c7a:	2100      	movs	r1, #0
10007c7c:	681e      	ldr	r6, [r3, #0]
10007c7e:	4b16      	ldr	r3, [pc, #88]	@ (10007cd8 <vTaskDelay+0x74>)
10007c80:	4d16      	ldr	r5, [pc, #88]	@ (10007cdc <vTaskDelay+0x78>)
10007c82:	681f      	ldr	r7, [r3, #0]
10007c84:	4b16      	ldr	r3, [pc, #88]	@ (10007ce0 <vTaskDelay+0x7c>)
10007c86:	19a4      	adds	r4, r4, r6
10007c88:	681b      	ldr	r3, [r3, #0]
10007c8a:	682a      	ldr	r2, [r5, #0]
10007c8c:	4698      	mov	r8, r3
10007c8e:	236d      	movs	r3, #109	@ 0x6d
10007c90:	6828      	ldr	r0, [r5, #0]
10007c92:	54d1      	strb	r1, [r2, r3]
10007c94:	3004      	adds	r0, #4
10007c96:	f7ff f953 	bl	10006f40 <uxListRemove>
10007c9a:	682b      	ldr	r3, [r5, #0]
10007c9c:	6829      	ldr	r1, [r5, #0]
10007c9e:	605c      	str	r4, [r3, #4]
10007ca0:	3104      	adds	r1, #4
10007ca2:	42a6      	cmp	r6, r4
10007ca4:	d90b      	bls.n	10007cbe <vTaskDelay+0x5a>
10007ca6:	4640      	mov	r0, r8
10007ca8:	f7ff f932 	bl	10006f10 <vListInsert>
10007cac:	f7ff ff14 	bl	10007ad8 <xTaskResumeAll>
10007cb0:	2800      	cmp	r0, #0
10007cb2:	d101      	bne.n	10007cb8 <vTaskDelay+0x54>
10007cb4:	f7fe fe28 	bl	10006908 <vPortYield>
10007cb8:	bc80      	pop	{r7}
10007cba:	46b8      	mov	r8, r7
10007cbc:	bdf0      	pop	{r4, r5, r6, r7, pc}
10007cbe:	0038      	movs	r0, r7
10007cc0:	f7ff f926 	bl	10006f10 <vListInsert>
10007cc4:	4b07      	ldr	r3, [pc, #28]	@ (10007ce4 <vTaskDelay+0x80>)
10007cc6:	681a      	ldr	r2, [r3, #0]
10007cc8:	4294      	cmp	r4, r2
10007cca:	d2ef      	bcs.n	10007cac <vTaskDelay+0x48>
10007ccc:	601c      	str	r4, [r3, #0]
10007cce:	e7ed      	b.n	10007cac <vTaskDelay+0x48>
10007cd0:	200223b4 	.word	0x200223b4
10007cd4:	20022480 	.word	0x20022480
10007cd8:	20001fe4 	.word	0x20001fe4
10007cdc:	20001fdc 	.word	0x20001fdc
10007ce0:	20001fec 	.word	0x20001fec
10007ce4:	20022424 	.word	0x20022424

10007ce8 <xTaskGetTickCount>:
10007ce8:	4b01      	ldr	r3, [pc, #4]	@ (10007cf0 <xTaskGetTickCount+0x8>)
10007cea:	6818      	ldr	r0, [r3, #0]
10007cec:	4770      	bx	lr
10007cee:	46c0      	nop			@ (mov r8, r8)
10007cf0:	20022480 	.word	0x20022480

10007cf4 <uxTaskGetNumberOfTasks>:
10007cf4:	4b01      	ldr	r3, [pc, #4]	@ (10007cfc <uxTaskGetNumberOfTasks+0x8>)
10007cf6:	6818      	ldr	r0, [r3, #0]
10007cf8:	4770      	bx	lr
10007cfa:	46c0      	nop			@ (mov r8, r8)
10007cfc:	200223ac 	.word	0x200223ac

10007d00 <xTaskIncrementTick>:
10007d00:	4b06      	ldr	r3, [pc, #24]	@ (10007d1c <xTaskIncrementTick+0x1c>)
10007d02:	b510      	push	{r4, lr}
10007d04:	681b      	ldr	r3, [r3, #0]
10007d06:	2b00      	cmp	r3, #0
10007d08:	d102      	bne.n	10007d10 <xTaskIncrementTick+0x10>
10007d0a:	f7ff fdc1 	bl	10007890 <xTaskIncrementTick.part.0>
10007d0e:	bd10      	pop	{r4, pc}
10007d10:	4a03      	ldr	r2, [pc, #12]	@ (10007d20 <xTaskIncrementTick+0x20>)
10007d12:	2000      	movs	r0, #0
10007d14:	6813      	ldr	r3, [r2, #0]
10007d16:	3301      	adds	r3, #1
10007d18:	6013      	str	r3, [r2, #0]
10007d1a:	e7f8      	b.n	10007d0e <xTaskIncrementTick+0xe>
10007d1c:	200223b4 	.word	0x200223b4
10007d20:	20022434 	.word	0x20022434

10007d24 <vTaskSwitchContext>:
10007d24:	4b19      	ldr	r3, [pc, #100]	@ (10007d8c <vTaskSwitchContext+0x68>)
10007d26:	b530      	push	{r4, r5, lr}
10007d28:	681b      	ldr	r3, [r3, #0]
10007d2a:	2b00      	cmp	r3, #0
10007d2c:	d003      	beq.n	10007d36 <vTaskSwitchContext+0x12>
10007d2e:	2201      	movs	r2, #1
10007d30:	4b17      	ldr	r3, [pc, #92]	@ (10007d90 <vTaskSwitchContext+0x6c>)
10007d32:	601a      	str	r2, [r3, #0]
10007d34:	bd30      	pop	{r4, r5, pc}
10007d36:	4a16      	ldr	r2, [pc, #88]	@ (10007d90 <vTaskSwitchContext+0x6c>)
10007d38:	4c16      	ldr	r4, [pc, #88]	@ (10007d94 <vTaskSwitchContext+0x70>)
10007d3a:	6013      	str	r3, [r2, #0]
10007d3c:	6822      	ldr	r2, [r4, #0]
10007d3e:	4816      	ldr	r0, [pc, #88]	@ (10007d98 <vTaskSwitchContext+0x74>)
10007d40:	0091      	lsls	r1, r2, #2
10007d42:	188b      	adds	r3, r1, r2
10007d44:	009b      	lsls	r3, r3, #2
10007d46:	58c5      	ldr	r5, [r0, r3]
10007d48:	2d00      	cmp	r5, #0
10007d4a:	d107      	bne.n	10007d5c <vTaskSwitchContext+0x38>
10007d4c:	3b14      	subs	r3, #20
10007d4e:	18c3      	adds	r3, r0, r3
10007d50:	6819      	ldr	r1, [r3, #0]
10007d52:	3b14      	subs	r3, #20
10007d54:	3a01      	subs	r2, #1
10007d56:	2900      	cmp	r1, #0
10007d58:	d0fa      	beq.n	10007d50 <vTaskSwitchContext+0x2c>
10007d5a:	0091      	lsls	r1, r2, #2
10007d5c:	1889      	adds	r1, r1, r2
10007d5e:	0089      	lsls	r1, r1, #2
10007d60:	1845      	adds	r5, r0, r1
10007d62:	686b      	ldr	r3, [r5, #4]
10007d64:	3108      	adds	r1, #8
10007d66:	685b      	ldr	r3, [r3, #4]
10007d68:	1840      	adds	r0, r0, r1
10007d6a:	606b      	str	r3, [r5, #4]
10007d6c:	4283      	cmp	r3, r0
10007d6e:	d005      	beq.n	10007d7c <vTaskSwitchContext+0x58>
10007d70:	68d9      	ldr	r1, [r3, #12]
10007d72:	4b0a      	ldr	r3, [pc, #40]	@ (10007d9c <vTaskSwitchContext+0x78>)
10007d74:	6019      	str	r1, [r3, #0]
10007d76:	6022      	str	r2, [r4, #0]
10007d78:	681b      	ldr	r3, [r3, #0]
10007d7a:	e7db      	b.n	10007d34 <vTaskSwitchContext+0x10>
10007d7c:	68eb      	ldr	r3, [r5, #12]
10007d7e:	68d9      	ldr	r1, [r3, #12]
10007d80:	606b      	str	r3, [r5, #4]
10007d82:	4b06      	ldr	r3, [pc, #24]	@ (10007d9c <vTaskSwitchContext+0x78>)
10007d84:	6019      	str	r1, [r3, #0]
10007d86:	6022      	str	r2, [r4, #0]
10007d88:	681b      	ldr	r3, [r3, #0]
10007d8a:	e7d3      	b.n	10007d34 <vTaskSwitchContext+0x10>
10007d8c:	200223b4 	.word	0x200223b4
10007d90:	2002248c 	.word	0x2002248c
10007d94:	200223bc 	.word	0x200223bc
10007d98:	20001ff4 	.word	0x20001ff4
10007d9c:	20001fdc 	.word	0x20001fdc

10007da0 <vTaskPlaceOnEventList>:
10007da0:	b5f0      	push	{r4, r5, r6, r7, lr}
10007da2:	46c6      	mov	lr, r8
10007da4:	4d20      	ldr	r5, [pc, #128]	@ (10007e28 <vTaskPlaceOnEventList+0x88>)
10007da6:	000c      	movs	r4, r1
10007da8:	6829      	ldr	r1, [r5, #0]
10007daa:	b500      	push	{lr}
10007dac:	3118      	adds	r1, #24
10007dae:	f7ff f8af 	bl	10006f10 <vListInsert>
10007db2:	4b1e      	ldr	r3, [pc, #120]	@ (10007e2c <vTaskPlaceOnEventList+0x8c>)
10007db4:	2100      	movs	r1, #0
10007db6:	681e      	ldr	r6, [r3, #0]
10007db8:	4b1d      	ldr	r3, [pc, #116]	@ (10007e30 <vTaskPlaceOnEventList+0x90>)
10007dba:	681f      	ldr	r7, [r3, #0]
10007dbc:	4b1d      	ldr	r3, [pc, #116]	@ (10007e34 <vTaskPlaceOnEventList+0x94>)
10007dbe:	681b      	ldr	r3, [r3, #0]
10007dc0:	682a      	ldr	r2, [r5, #0]
10007dc2:	4698      	mov	r8, r3
10007dc4:	236d      	movs	r3, #109	@ 0x6d
10007dc6:	6828      	ldr	r0, [r5, #0]
10007dc8:	54d1      	strb	r1, [r2, r3]
10007dca:	3004      	adds	r0, #4
10007dcc:	f7ff f8b8 	bl	10006f40 <uxListRemove>
10007dd0:	1c63      	adds	r3, r4, #1
10007dd2:	d015      	beq.n	10007e00 <vTaskPlaceOnEventList+0x60>
10007dd4:	682b      	ldr	r3, [r5, #0]
10007dd6:	6829      	ldr	r1, [r5, #0]
10007dd8:	19a4      	adds	r4, r4, r6
10007dda:	605c      	str	r4, [r3, #4]
10007ddc:	3104      	adds	r1, #4
10007dde:	42a6      	cmp	r6, r4
10007de0:	d905      	bls.n	10007dee <vTaskPlaceOnEventList+0x4e>
10007de2:	4640      	mov	r0, r8
10007de4:	f7ff f894 	bl	10006f10 <vListInsert>
10007de8:	bc80      	pop	{r7}
10007dea:	46b8      	mov	r8, r7
10007dec:	bdf0      	pop	{r4, r5, r6, r7, pc}
10007dee:	0038      	movs	r0, r7
10007df0:	f7ff f88e 	bl	10006f10 <vListInsert>
10007df4:	4b10      	ldr	r3, [pc, #64]	@ (10007e38 <vTaskPlaceOnEventList+0x98>)
10007df6:	681a      	ldr	r2, [r3, #0]
10007df8:	4294      	cmp	r4, r2
10007dfa:	d2f5      	bcs.n	10007de8 <vTaskPlaceOnEventList+0x48>
10007dfc:	601c      	str	r4, [r3, #0]
10007dfe:	e7f3      	b.n	10007de8 <vTaskPlaceOnEventList+0x48>
10007e00:	4b0e      	ldr	r3, [pc, #56]	@ (10007e3c <vTaskPlaceOnEventList+0x9c>)
10007e02:	6829      	ldr	r1, [r5, #0]
10007e04:	685a      	ldr	r2, [r3, #4]
10007e06:	608a      	str	r2, [r1, #8]
10007e08:	6890      	ldr	r0, [r2, #8]
10007e0a:	6829      	ldr	r1, [r5, #0]
10007e0c:	60c8      	str	r0, [r1, #12]
10007e0e:	6829      	ldr	r1, [r5, #0]
10007e10:	3104      	adds	r1, #4
10007e12:	6041      	str	r1, [r0, #4]
10007e14:	6829      	ldr	r1, [r5, #0]
10007e16:	3104      	adds	r1, #4
10007e18:	6091      	str	r1, [r2, #8]
10007e1a:	682a      	ldr	r2, [r5, #0]
10007e1c:	6153      	str	r3, [r2, #20]
10007e1e:	681a      	ldr	r2, [r3, #0]
10007e20:	3201      	adds	r2, #1
10007e22:	601a      	str	r2, [r3, #0]
10007e24:	e7e0      	b.n	10007de8 <vTaskPlaceOnEventList+0x48>
10007e26:	46c0      	nop			@ (mov r8, r8)
10007e28:	20001fdc 	.word	0x20001fdc
10007e2c:	20022480 	.word	0x20022480
10007e30:	20001fe4 	.word	0x20001fe4
10007e34:	20001fec 	.word	0x20001fec
10007e38:	20022424 	.word	0x20022424
10007e3c:	20022458 	.word	0x20022458

10007e40 <vTaskPlaceOnUnorderedEventList>:
10007e40:	2380      	movs	r3, #128	@ 0x80
10007e42:	b5f0      	push	{r4, r5, r6, r7, lr}
10007e44:	46c6      	mov	lr, r8
10007e46:	4c29      	ldr	r4, [pc, #164]	@ (10007eec <vTaskPlaceOnUnorderedEventList+0xac>)
10007e48:	0015      	movs	r5, r2
10007e4a:	061b      	lsls	r3, r3, #24
10007e4c:	6822      	ldr	r2, [r4, #0]
10007e4e:	430b      	orrs	r3, r1
10007e50:	b500      	push	{lr}
10007e52:	6193      	str	r3, [r2, #24]
10007e54:	6822      	ldr	r2, [r4, #0]
10007e56:	6843      	ldr	r3, [r0, #4]
10007e58:	61d3      	str	r3, [r2, #28]
10007e5a:	6899      	ldr	r1, [r3, #8]
10007e5c:	6822      	ldr	r2, [r4, #0]
10007e5e:	6211      	str	r1, [r2, #32]
10007e60:	6822      	ldr	r2, [r4, #0]
10007e62:	3218      	adds	r2, #24
10007e64:	604a      	str	r2, [r1, #4]
10007e66:	6822      	ldr	r2, [r4, #0]
10007e68:	2100      	movs	r1, #0
10007e6a:	3218      	adds	r2, #24
10007e6c:	609a      	str	r2, [r3, #8]
10007e6e:	6823      	ldr	r3, [r4, #0]
10007e70:	6298      	str	r0, [r3, #40]	@ 0x28
10007e72:	6803      	ldr	r3, [r0, #0]
10007e74:	3301      	adds	r3, #1
10007e76:	6003      	str	r3, [r0, #0]
10007e78:	4b1d      	ldr	r3, [pc, #116]	@ (10007ef0 <vTaskPlaceOnUnorderedEventList+0xb0>)
10007e7a:	681e      	ldr	r6, [r3, #0]
10007e7c:	4b1d      	ldr	r3, [pc, #116]	@ (10007ef4 <vTaskPlaceOnUnorderedEventList+0xb4>)
10007e7e:	681f      	ldr	r7, [r3, #0]
10007e80:	4b1d      	ldr	r3, [pc, #116]	@ (10007ef8 <vTaskPlaceOnUnorderedEventList+0xb8>)
10007e82:	681b      	ldr	r3, [r3, #0]
10007e84:	6822      	ldr	r2, [r4, #0]
10007e86:	4698      	mov	r8, r3
10007e88:	236d      	movs	r3, #109	@ 0x6d
10007e8a:	6820      	ldr	r0, [r4, #0]
10007e8c:	54d1      	strb	r1, [r2, r3]
10007e8e:	3004      	adds	r0, #4
10007e90:	f7ff f856 	bl	10006f40 <uxListRemove>
10007e94:	1c6b      	adds	r3, r5, #1
10007e96:	d015      	beq.n	10007ec4 <vTaskPlaceOnUnorderedEventList+0x84>
10007e98:	6823      	ldr	r3, [r4, #0]
10007e9a:	6821      	ldr	r1, [r4, #0]
10007e9c:	19ad      	adds	r5, r5, r6
10007e9e:	605d      	str	r5, [r3, #4]
10007ea0:	3104      	adds	r1, #4
10007ea2:	42ae      	cmp	r6, r5
10007ea4:	d905      	bls.n	10007eb2 <vTaskPlaceOnUnorderedEventList+0x72>
10007ea6:	4640      	mov	r0, r8
10007ea8:	f7ff f832 	bl	10006f10 <vListInsert>
10007eac:	bc80      	pop	{r7}
10007eae:	46b8      	mov	r8, r7
10007eb0:	bdf0      	pop	{r4, r5, r6, r7, pc}
10007eb2:	0038      	movs	r0, r7
10007eb4:	f7ff f82c 	bl	10006f10 <vListInsert>
10007eb8:	4b10      	ldr	r3, [pc, #64]	@ (10007efc <vTaskPlaceOnUnorderedEventList+0xbc>)
10007eba:	681a      	ldr	r2, [r3, #0]
10007ebc:	4295      	cmp	r5, r2
10007ebe:	d2f5      	bcs.n	10007eac <vTaskPlaceOnUnorderedEventList+0x6c>
10007ec0:	601d      	str	r5, [r3, #0]
10007ec2:	e7f3      	b.n	10007eac <vTaskPlaceOnUnorderedEventList+0x6c>
10007ec4:	4b0e      	ldr	r3, [pc, #56]	@ (10007f00 <vTaskPlaceOnUnorderedEventList+0xc0>)
10007ec6:	6821      	ldr	r1, [r4, #0]
10007ec8:	685a      	ldr	r2, [r3, #4]
10007eca:	608a      	str	r2, [r1, #8]
10007ecc:	6890      	ldr	r0, [r2, #8]
10007ece:	6821      	ldr	r1, [r4, #0]
10007ed0:	60c8      	str	r0, [r1, #12]
10007ed2:	6821      	ldr	r1, [r4, #0]
10007ed4:	3104      	adds	r1, #4
10007ed6:	6041      	str	r1, [r0, #4]
10007ed8:	6821      	ldr	r1, [r4, #0]
10007eda:	3104      	adds	r1, #4
10007edc:	6091      	str	r1, [r2, #8]
10007ede:	6822      	ldr	r2, [r4, #0]
10007ee0:	6153      	str	r3, [r2, #20]
10007ee2:	681a      	ldr	r2, [r3, #0]
10007ee4:	3201      	adds	r2, #1
10007ee6:	601a      	str	r2, [r3, #0]
10007ee8:	e7e0      	b.n	10007eac <vTaskPlaceOnUnorderedEventList+0x6c>
10007eea:	46c0      	nop			@ (mov r8, r8)
10007eec:	20001fdc 	.word	0x20001fdc
10007ef0:	20022480 	.word	0x20022480
10007ef4:	20001fe4 	.word	0x20001fe4
10007ef8:	20001fec 	.word	0x20001fec
10007efc:	20022424 	.word	0x20022424
10007f00:	20022458 	.word	0x20022458

10007f04 <vTaskPlaceOnEventListRestricted>:
10007f04:	b5f0      	push	{r4, r5, r6, r7, lr}
10007f06:	46c6      	mov	lr, r8
10007f08:	4c35      	ldr	r4, [pc, #212]	@ (10007fe0 <vTaskPlaceOnEventListRestricted+0xdc>)
10007f0a:	6843      	ldr	r3, [r0, #4]
10007f0c:	000d      	movs	r5, r1
10007f0e:	6821      	ldr	r1, [r4, #0]
10007f10:	b500      	push	{lr}
10007f12:	61cb      	str	r3, [r1, #28]
10007f14:	689e      	ldr	r6, [r3, #8]
10007f16:	6821      	ldr	r1, [r4, #0]
10007f18:	620e      	str	r6, [r1, #32]
10007f1a:	6821      	ldr	r1, [r4, #0]
10007f1c:	3118      	adds	r1, #24
10007f1e:	6071      	str	r1, [r6, #4]
10007f20:	6821      	ldr	r1, [r4, #0]
10007f22:	3118      	adds	r1, #24
10007f24:	6099      	str	r1, [r3, #8]
10007f26:	6823      	ldr	r3, [r4, #0]
10007f28:	6298      	str	r0, [r3, #40]	@ 0x28
10007f2a:	6803      	ldr	r3, [r0, #0]
10007f2c:	3301      	adds	r3, #1
10007f2e:	6003      	str	r3, [r0, #0]
10007f30:	4b2c      	ldr	r3, [pc, #176]	@ (10007fe4 <vTaskPlaceOnEventListRestricted+0xe0>)
10007f32:	2a00      	cmp	r2, #0
10007f34:	d021      	beq.n	10007f7a <vTaskPlaceOnEventListRestricted+0x76>
10007f36:	681b      	ldr	r3, [r3, #0]
10007f38:	4b2b      	ldr	r3, [pc, #172]	@ (10007fe8 <vTaskPlaceOnEventListRestricted+0xe4>)
10007f3a:	2100      	movs	r1, #0
10007f3c:	681b      	ldr	r3, [r3, #0]
10007f3e:	4b2b      	ldr	r3, [pc, #172]	@ (10007fec <vTaskPlaceOnEventListRestricted+0xe8>)
10007f40:	681b      	ldr	r3, [r3, #0]
10007f42:	236d      	movs	r3, #109	@ 0x6d
10007f44:	6822      	ldr	r2, [r4, #0]
10007f46:	6820      	ldr	r0, [r4, #0]
10007f48:	54d1      	strb	r1, [r2, r3]
10007f4a:	3004      	adds	r0, #4
10007f4c:	f7fe fff8 	bl	10006f40 <uxListRemove>
10007f50:	4b27      	ldr	r3, [pc, #156]	@ (10007ff0 <vTaskPlaceOnEventListRestricted+0xec>)
10007f52:	6821      	ldr	r1, [r4, #0]
10007f54:	685a      	ldr	r2, [r3, #4]
10007f56:	608a      	str	r2, [r1, #8]
10007f58:	6890      	ldr	r0, [r2, #8]
10007f5a:	6821      	ldr	r1, [r4, #0]
10007f5c:	60c8      	str	r0, [r1, #12]
10007f5e:	6821      	ldr	r1, [r4, #0]
10007f60:	3104      	adds	r1, #4
10007f62:	6041      	str	r1, [r0, #4]
10007f64:	6821      	ldr	r1, [r4, #0]
10007f66:	3104      	adds	r1, #4
10007f68:	6091      	str	r1, [r2, #8]
10007f6a:	6822      	ldr	r2, [r4, #0]
10007f6c:	6153      	str	r3, [r2, #20]
10007f6e:	681a      	ldr	r2, [r3, #0]
10007f70:	3201      	adds	r2, #1
10007f72:	601a      	str	r2, [r3, #0]
10007f74:	bc80      	pop	{r7}
10007f76:	46b8      	mov	r8, r7
10007f78:	bdf0      	pop	{r4, r5, r6, r7, pc}
10007f7a:	681e      	ldr	r6, [r3, #0]
10007f7c:	4b1a      	ldr	r3, [pc, #104]	@ (10007fe8 <vTaskPlaceOnEventListRestricted+0xe4>)
10007f7e:	681f      	ldr	r7, [r3, #0]
10007f80:	4b1a      	ldr	r3, [pc, #104]	@ (10007fec <vTaskPlaceOnEventListRestricted+0xe8>)
10007f82:	681b      	ldr	r3, [r3, #0]
10007f84:	6821      	ldr	r1, [r4, #0]
10007f86:	4698      	mov	r8, r3
10007f88:	236d      	movs	r3, #109	@ 0x6d
10007f8a:	6820      	ldr	r0, [r4, #0]
10007f8c:	54ca      	strb	r2, [r1, r3]
10007f8e:	3004      	adds	r0, #4
10007f90:	f7fe ffd6 	bl	10006f40 <uxListRemove>
10007f94:	1c6b      	adds	r3, r5, #1
10007f96:	d015      	beq.n	10007fc4 <vTaskPlaceOnEventListRestricted+0xc0>
10007f98:	6823      	ldr	r3, [r4, #0]
10007f9a:	19ad      	adds	r5, r5, r6
10007f9c:	605d      	str	r5, [r3, #4]
10007f9e:	42ae      	cmp	r6, r5
10007fa0:	d80a      	bhi.n	10007fb8 <vTaskPlaceOnEventListRestricted+0xb4>
10007fa2:	6821      	ldr	r1, [r4, #0]
10007fa4:	0038      	movs	r0, r7
10007fa6:	3104      	adds	r1, #4
10007fa8:	f7fe ffb2 	bl	10006f10 <vListInsert>
10007fac:	4b11      	ldr	r3, [pc, #68]	@ (10007ff4 <vTaskPlaceOnEventListRestricted+0xf0>)
10007fae:	681a      	ldr	r2, [r3, #0]
10007fb0:	4295      	cmp	r5, r2
10007fb2:	d2df      	bcs.n	10007f74 <vTaskPlaceOnEventListRestricted+0x70>
10007fb4:	601d      	str	r5, [r3, #0]
10007fb6:	e7dd      	b.n	10007f74 <vTaskPlaceOnEventListRestricted+0x70>
10007fb8:	6821      	ldr	r1, [r4, #0]
10007fba:	4640      	mov	r0, r8
10007fbc:	3104      	adds	r1, #4
10007fbe:	f7fe ffa7 	bl	10006f10 <vListInsert>
10007fc2:	e7d7      	b.n	10007f74 <vTaskPlaceOnEventListRestricted+0x70>
10007fc4:	6822      	ldr	r2, [r4, #0]
10007fc6:	1e73      	subs	r3, r6, #1
10007fc8:	6053      	str	r3, [r2, #4]
10007fca:	429e      	cmp	r6, r3
10007fcc:	d8f4      	bhi.n	10007fb8 <vTaskPlaceOnEventListRestricted+0xb4>
10007fce:	6821      	ldr	r1, [r4, #0]
10007fd0:	0038      	movs	r0, r7
10007fd2:	3104      	adds	r1, #4
10007fd4:	f7fe ff9c 	bl	10006f10 <vListInsert>
10007fd8:	4b06      	ldr	r3, [pc, #24]	@ (10007ff4 <vTaskPlaceOnEventListRestricted+0xf0>)
10007fda:	681b      	ldr	r3, [r3, #0]
10007fdc:	e7ca      	b.n	10007f74 <vTaskPlaceOnEventListRestricted+0x70>
10007fde:	46c0      	nop			@ (mov r8, r8)
10007fe0:	20001fdc 	.word	0x20001fdc
10007fe4:	20022480 	.word	0x20022480
10007fe8:	20001fe4 	.word	0x20001fe4
10007fec:	20001fec 	.word	0x20001fec
10007ff0:	20022458 	.word	0x20022458
10007ff4:	20022424 	.word	0x20022424

10007ff8 <xTaskRemoveFromEventList>:
10007ff8:	68c3      	ldr	r3, [r0, #12]
10007ffa:	b570      	push	{r4, r5, r6, lr}
10007ffc:	68db      	ldr	r3, [r3, #12]
10007ffe:	69d8      	ldr	r0, [r3, #28]
10008000:	6a19      	ldr	r1, [r3, #32]
10008002:	6a9a      	ldr	r2, [r3, #40]	@ 0x28
10008004:	6081      	str	r1, [r0, #8]
10008006:	69d8      	ldr	r0, [r3, #28]
10008008:	6048      	str	r0, [r1, #4]
1000800a:	0018      	movs	r0, r3
1000800c:	6851      	ldr	r1, [r2, #4]
1000800e:	3018      	adds	r0, #24
10008010:	4281      	cmp	r1, r0
10008012:	d043      	beq.n	1000809c <xTaskRemoveFromEventList+0xa4>
10008014:	2100      	movs	r1, #0
10008016:	6299      	str	r1, [r3, #40]	@ 0x28
10008018:	6811      	ldr	r1, [r2, #0]
1000801a:	3901      	subs	r1, #1
1000801c:	6011      	str	r1, [r2, #0]
1000801e:	4a26      	ldr	r2, [pc, #152]	@ (100080b8 <xTaskRemoveFromEventList+0xc0>)
10008020:	6812      	ldr	r2, [r2, #0]
10008022:	2a00      	cmp	r2, #0
10008024:	d12c      	bne.n	10008080 <xTaskRemoveFromEventList+0x88>
10008026:	6898      	ldr	r0, [r3, #8]
10008028:	68d9      	ldr	r1, [r3, #12]
1000802a:	695a      	ldr	r2, [r3, #20]
1000802c:	6081      	str	r1, [r0, #8]
1000802e:	6898      	ldr	r0, [r3, #8]
10008030:	1d1c      	adds	r4, r3, #4
10008032:	6048      	str	r0, [r1, #4]
10008034:	6851      	ldr	r1, [r2, #4]
10008036:	42a1      	cmp	r1, r4
10008038:	d033      	beq.n	100080a2 <xTaskRemoveFromEventList+0xaa>
1000803a:	6811      	ldr	r1, [r2, #0]
1000803c:	3901      	subs	r1, #1
1000803e:	6011      	str	r1, [r2, #0]
10008040:	4a1e      	ldr	r2, [pc, #120]	@ (100080bc <xTaskRemoveFromEventList+0xc4>)
10008042:	6ad9      	ldr	r1, [r3, #44]	@ 0x2c
10008044:	6810      	ldr	r0, [r2, #0]
10008046:	4281      	cmp	r1, r0
10008048:	d826      	bhi.n	10008098 <xTaskRemoveFromEventList+0xa0>
1000804a:	008a      	lsls	r2, r1, #2
1000804c:	481c      	ldr	r0, [pc, #112]	@ (100080c0 <xTaskRemoveFromEventList+0xc8>)
1000804e:	1852      	adds	r2, r2, r1
10008050:	0092      	lsls	r2, r2, #2
10008052:	1885      	adds	r5, r0, r2
10008054:	6869      	ldr	r1, [r5, #4]
10008056:	6099      	str	r1, [r3, #8]
10008058:	688e      	ldr	r6, [r1, #8]
1000805a:	60de      	str	r6, [r3, #12]
1000805c:	6074      	str	r4, [r6, #4]
1000805e:	608c      	str	r4, [r1, #8]
10008060:	5881      	ldr	r1, [r0, r2]
10008062:	615d      	str	r5, [r3, #20]
10008064:	3101      	adds	r1, #1
10008066:	5081      	str	r1, [r0, r2]
10008068:	4a16      	ldr	r2, [pc, #88]	@ (100080c4 <xTaskRemoveFromEventList+0xcc>)
1000806a:	2000      	movs	r0, #0
1000806c:	6811      	ldr	r1, [r2, #0]
1000806e:	6ada      	ldr	r2, [r3, #44]	@ 0x2c
10008070:	6acb      	ldr	r3, [r1, #44]	@ 0x2c
10008072:	429a      	cmp	r2, r3
10008074:	d903      	bls.n	1000807e <xTaskRemoveFromEventList+0x86>
10008076:	2201      	movs	r2, #1
10008078:	4b13      	ldr	r3, [pc, #76]	@ (100080c8 <xTaskRemoveFromEventList+0xd0>)
1000807a:	3001      	adds	r0, #1
1000807c:	601a      	str	r2, [r3, #0]
1000807e:	bd70      	pop	{r4, r5, r6, pc}
10008080:	4a12      	ldr	r2, [pc, #72]	@ (100080cc <xTaskRemoveFromEventList+0xd4>)
10008082:	6851      	ldr	r1, [r2, #4]
10008084:	61d9      	str	r1, [r3, #28]
10008086:	688c      	ldr	r4, [r1, #8]
10008088:	621c      	str	r4, [r3, #32]
1000808a:	6060      	str	r0, [r4, #4]
1000808c:	6088      	str	r0, [r1, #8]
1000808e:	6811      	ldr	r1, [r2, #0]
10008090:	629a      	str	r2, [r3, #40]	@ 0x28
10008092:	3101      	adds	r1, #1
10008094:	6011      	str	r1, [r2, #0]
10008096:	e7e7      	b.n	10008068 <xTaskRemoveFromEventList+0x70>
10008098:	6011      	str	r1, [r2, #0]
1000809a:	e7d6      	b.n	1000804a <xTaskRemoveFromEventList+0x52>
1000809c:	6a19      	ldr	r1, [r3, #32]
1000809e:	6051      	str	r1, [r2, #4]
100080a0:	e7b8      	b.n	10008014 <xTaskRemoveFromEventList+0x1c>
100080a2:	68d9      	ldr	r1, [r3, #12]
100080a4:	6051      	str	r1, [r2, #4]
100080a6:	6811      	ldr	r1, [r2, #0]
100080a8:	3901      	subs	r1, #1
100080aa:	6011      	str	r1, [r2, #0]
100080ac:	4a03      	ldr	r2, [pc, #12]	@ (100080bc <xTaskRemoveFromEventList+0xc4>)
100080ae:	6ad9      	ldr	r1, [r3, #44]	@ 0x2c
100080b0:	6810      	ldr	r0, [r2, #0]
100080b2:	4281      	cmp	r1, r0
100080b4:	d9c9      	bls.n	1000804a <xTaskRemoveFromEventList+0x52>
100080b6:	e7ef      	b.n	10008098 <xTaskRemoveFromEventList+0xa0>
100080b8:	200223b4 	.word	0x200223b4
100080bc:	200223bc 	.word	0x200223bc
100080c0:	20001ff4 	.word	0x20001ff4
100080c4:	20001fdc 	.word	0x20001fdc
100080c8:	2002248c 	.word	0x2002248c
100080cc:	20022438 	.word	0x20022438

100080d0 <vTaskRemoveFromUnorderedEventList>:
100080d0:	2380      	movs	r3, #128	@ 0x80
100080d2:	061b      	lsls	r3, r3, #24
100080d4:	b570      	push	{r4, r5, r6, lr}
100080d6:	6902      	ldr	r2, [r0, #16]
100080d8:	6844      	ldr	r4, [r0, #4]
100080da:	430b      	orrs	r3, r1
100080dc:	6881      	ldr	r1, [r0, #8]
100080de:	6003      	str	r3, [r0, #0]
100080e0:	68c3      	ldr	r3, [r0, #12]
100080e2:	60a1      	str	r1, [r4, #8]
100080e4:	604c      	str	r4, [r1, #4]
100080e6:	6854      	ldr	r4, [r2, #4]
100080e8:	4284      	cmp	r4, r0
100080ea:	d030      	beq.n	1000814e <vTaskRemoveFromUnorderedEventList+0x7e>
100080ec:	2100      	movs	r1, #0
100080ee:	6101      	str	r1, [r0, #16]
100080f0:	6811      	ldr	r1, [r2, #0]
100080f2:	6898      	ldr	r0, [r3, #8]
100080f4:	3901      	subs	r1, #1
100080f6:	6011      	str	r1, [r2, #0]
100080f8:	68d9      	ldr	r1, [r3, #12]
100080fa:	695a      	ldr	r2, [r3, #20]
100080fc:	6081      	str	r1, [r0, #8]
100080fe:	6898      	ldr	r0, [r3, #8]
10008100:	1d1c      	adds	r4, r3, #4
10008102:	6048      	str	r0, [r1, #4]
10008104:	6851      	ldr	r1, [r2, #4]
10008106:	42a1      	cmp	r1, r4
10008108:	d023      	beq.n	10008152 <vTaskRemoveFromUnorderedEventList+0x82>
1000810a:	6811      	ldr	r1, [r2, #0]
1000810c:	3901      	subs	r1, #1
1000810e:	6011      	str	r1, [r2, #0]
10008110:	4a11      	ldr	r2, [pc, #68]	@ (10008158 <vTaskRemoveFromUnorderedEventList+0x88>)
10008112:	6ad9      	ldr	r1, [r3, #44]	@ 0x2c
10008114:	6810      	ldr	r0, [r2, #0]
10008116:	4281      	cmp	r1, r0
10008118:	d900      	bls.n	1000811c <vTaskRemoveFromUnorderedEventList+0x4c>
1000811a:	6011      	str	r1, [r2, #0]
1000811c:	008a      	lsls	r2, r1, #2
1000811e:	480f      	ldr	r0, [pc, #60]	@ (1000815c <vTaskRemoveFromUnorderedEventList+0x8c>)
10008120:	1852      	adds	r2, r2, r1
10008122:	0092      	lsls	r2, r2, #2
10008124:	1885      	adds	r5, r0, r2
10008126:	6869      	ldr	r1, [r5, #4]
10008128:	6099      	str	r1, [r3, #8]
1000812a:	688e      	ldr	r6, [r1, #8]
1000812c:	60de      	str	r6, [r3, #12]
1000812e:	6074      	str	r4, [r6, #4]
10008130:	608c      	str	r4, [r1, #8]
10008132:	5881      	ldr	r1, [r0, r2]
10008134:	615d      	str	r5, [r3, #20]
10008136:	3101      	adds	r1, #1
10008138:	5081      	str	r1, [r0, r2]
1000813a:	4a09      	ldr	r2, [pc, #36]	@ (10008160 <vTaskRemoveFromUnorderedEventList+0x90>)
1000813c:	6811      	ldr	r1, [r2, #0]
1000813e:	6ada      	ldr	r2, [r3, #44]	@ 0x2c
10008140:	6acb      	ldr	r3, [r1, #44]	@ 0x2c
10008142:	429a      	cmp	r2, r3
10008144:	d902      	bls.n	1000814c <vTaskRemoveFromUnorderedEventList+0x7c>
10008146:	2201      	movs	r2, #1
10008148:	4b06      	ldr	r3, [pc, #24]	@ (10008164 <vTaskRemoveFromUnorderedEventList+0x94>)
1000814a:	601a      	str	r2, [r3, #0]
1000814c:	bd70      	pop	{r4, r5, r6, pc}
1000814e:	6051      	str	r1, [r2, #4]
10008150:	e7cc      	b.n	100080ec <vTaskRemoveFromUnorderedEventList+0x1c>
10008152:	68d9      	ldr	r1, [r3, #12]
10008154:	6051      	str	r1, [r2, #4]
10008156:	e7d8      	b.n	1000810a <vTaskRemoveFromUnorderedEventList+0x3a>
10008158:	200223bc 	.word	0x200223bc
1000815c:	20001ff4 	.word	0x20001ff4
10008160:	20001fdc 	.word	0x20001fdc
10008164:	2002248c 	.word	0x2002248c

10008168 <vTaskInternalSetTimeOutState>:
10008168:	4b03      	ldr	r3, [pc, #12]	@ (10008178 <vTaskInternalSetTimeOutState+0x10>)
1000816a:	681b      	ldr	r3, [r3, #0]
1000816c:	6003      	str	r3, [r0, #0]
1000816e:	4b03      	ldr	r3, [pc, #12]	@ (1000817c <vTaskInternalSetTimeOutState+0x14>)
10008170:	681b      	ldr	r3, [r3, #0]
10008172:	6043      	str	r3, [r0, #4]
10008174:	4770      	bx	lr
10008176:	46c0      	nop			@ (mov r8, r8)
10008178:	20022428 	.word	0x20022428
1000817c:	20022480 	.word	0x20022480

10008180 <xTaskCheckForTimeOut>:
10008180:	b5f0      	push	{r4, r5, r6, r7, lr}
10008182:	46c6      	mov	lr, r8
10008184:	b500      	push	{lr}
10008186:	000e      	movs	r6, r1
10008188:	0007      	movs	r7, r0
1000818a:	f7fe fbc9 	bl	10006920 <vPortEnterCritical>
1000818e:	236d      	movs	r3, #109	@ 0x6d
10008190:	4c15      	ldr	r4, [pc, #84]	@ (100081e8 <xTaskCheckForTimeOut+0x68>)
10008192:	4a16      	ldr	r2, [pc, #88]	@ (100081ec <xTaskCheckForTimeOut+0x6c>)
10008194:	6821      	ldr	r1, [r4, #0]
10008196:	6815      	ldr	r5, [r2, #0]
10008198:	5ced      	ldrb	r5, [r5, r3]
1000819a:	2d00      	cmp	r5, #0
1000819c:	d009      	beq.n	100081b2 <xTaskCheckForTimeOut+0x32>
1000819e:	2100      	movs	r1, #0
100081a0:	6812      	ldr	r2, [r2, #0]
100081a2:	54d1      	strb	r1, [r2, r3]
100081a4:	2401      	movs	r4, #1
100081a6:	f7fe fbc7 	bl	10006938 <vPortExitCritical>
100081aa:	0020      	movs	r0, r4
100081ac:	bc80      	pop	{r7}
100081ae:	46b8      	mov	r8, r7
100081b0:	bdf0      	pop	{r4, r5, r6, r7, pc}
100081b2:	6833      	ldr	r3, [r6, #0]
100081b4:	1c5a      	adds	r2, r3, #1
100081b6:	d015      	beq.n	100081e4 <xTaskCheckForTimeOut+0x64>
100081b8:	480d      	ldr	r0, [pc, #52]	@ (100081f0 <xTaskCheckForTimeOut+0x70>)
100081ba:	687a      	ldr	r2, [r7, #4]
100081bc:	6805      	ldr	r5, [r0, #0]
100081be:	46a8      	mov	r8, r5
100081c0:	683d      	ldr	r5, [r7, #0]
100081c2:	4545      	cmp	r5, r8
100081c4:	d004      	beq.n	100081d0 <xTaskCheckForTimeOut+0x50>
100081c6:	428a      	cmp	r2, r1
100081c8:	d802      	bhi.n	100081d0 <xTaskCheckForTimeOut+0x50>
100081ca:	2300      	movs	r3, #0
100081cc:	6033      	str	r3, [r6, #0]
100081ce:	e7e9      	b.n	100081a4 <xTaskCheckForTimeOut+0x24>
100081d0:	1a8d      	subs	r5, r1, r2
100081d2:	42ab      	cmp	r3, r5
100081d4:	d9f9      	bls.n	100081ca <xTaskCheckForTimeOut+0x4a>
100081d6:	1a5b      	subs	r3, r3, r1
100081d8:	189b      	adds	r3, r3, r2
100081da:	6033      	str	r3, [r6, #0]
100081dc:	6803      	ldr	r3, [r0, #0]
100081de:	603b      	str	r3, [r7, #0]
100081e0:	6823      	ldr	r3, [r4, #0]
100081e2:	607b      	str	r3, [r7, #4]
100081e4:	2400      	movs	r4, #0
100081e6:	e7de      	b.n	100081a6 <xTaskCheckForTimeOut+0x26>
100081e8:	20022480 	.word	0x20022480
100081ec:	20001fdc 	.word	0x20001fdc
100081f0:	20022428 	.word	0x20022428

100081f4 <vTaskMissedYield>:
100081f4:	2201      	movs	r2, #1
100081f6:	4b01      	ldr	r3, [pc, #4]	@ (100081fc <vTaskMissedYield+0x8>)
100081f8:	601a      	str	r2, [r3, #0]
100081fa:	4770      	bx	lr
100081fc:	2002248c 	.word	0x2002248c

10008200 <xTaskGetCurrentTaskHandle>:
10008200:	4b01      	ldr	r3, [pc, #4]	@ (10008208 <xTaskGetCurrentTaskHandle+0x8>)
10008202:	6818      	ldr	r0, [r3, #0]
10008204:	4770      	bx	lr
10008206:	46c0      	nop			@ (mov r8, r8)
10008208:	20001fdc 	.word	0x20001fdc

1000820c <xTaskPriorityDisinherit>:
1000820c:	b570      	push	{r4, r5, r6, lr}
1000820e:	1e04      	subs	r4, r0, #0
10008210:	d008      	beq.n	10008224 <xTaskPriorityDisinherit+0x18>
10008212:	6d03      	ldr	r3, [r0, #80]	@ 0x50
10008214:	6ac1      	ldr	r1, [r0, #44]	@ 0x2c
10008216:	6cc2      	ldr	r2, [r0, #76]	@ 0x4c
10008218:	3b01      	subs	r3, #1
1000821a:	6503      	str	r3, [r0, #80]	@ 0x50
1000821c:	4291      	cmp	r1, r2
1000821e:	d001      	beq.n	10008224 <xTaskPriorityDisinherit+0x18>
10008220:	2b00      	cmp	r3, #0
10008222:	d001      	beq.n	10008228 <xTaskPriorityDisinherit+0x1c>
10008224:	2000      	movs	r0, #0
10008226:	bd70      	pop	{r4, r5, r6, pc}
10008228:	1d05      	adds	r5, r0, #4
1000822a:	0028      	movs	r0, r5
1000822c:	f7fe fe88 	bl	10006f40 <uxListRemove>
10008230:	2320      	movs	r3, #32
10008232:	6ce2      	ldr	r2, [r4, #76]	@ 0x4c
10008234:	1a9b      	subs	r3, r3, r2
10008236:	61a3      	str	r3, [r4, #24]
10008238:	4b0b      	ldr	r3, [pc, #44]	@ (10008268 <xTaskPriorityDisinherit+0x5c>)
1000823a:	62e2      	str	r2, [r4, #44]	@ 0x2c
1000823c:	6819      	ldr	r1, [r3, #0]
1000823e:	428a      	cmp	r2, r1
10008240:	d900      	bls.n	10008244 <xTaskPriorityDisinherit+0x38>
10008242:	601a      	str	r2, [r3, #0]
10008244:	0093      	lsls	r3, r2, #2
10008246:	4909      	ldr	r1, [pc, #36]	@ (1000826c <xTaskPriorityDisinherit+0x60>)
10008248:	189b      	adds	r3, r3, r2
1000824a:	009b      	lsls	r3, r3, #2
1000824c:	18c8      	adds	r0, r1, r3
1000824e:	6842      	ldr	r2, [r0, #4]
10008250:	60a2      	str	r2, [r4, #8]
10008252:	6896      	ldr	r6, [r2, #8]
10008254:	60e6      	str	r6, [r4, #12]
10008256:	6075      	str	r5, [r6, #4]
10008258:	6095      	str	r5, [r2, #8]
1000825a:	58ca      	ldr	r2, [r1, r3]
1000825c:	6160      	str	r0, [r4, #20]
1000825e:	3201      	adds	r2, #1
10008260:	2001      	movs	r0, #1
10008262:	50ca      	str	r2, [r1, r3]
10008264:	e7df      	b.n	10008226 <xTaskPriorityDisinherit+0x1a>
10008266:	46c0      	nop			@ (mov r8, r8)
10008268:	200223bc 	.word	0x200223bc
1000826c:	20001ff4 	.word	0x20001ff4

10008270 <uxTaskResetEventItemValue>:
10008270:	4b04      	ldr	r3, [pc, #16]	@ (10008284 <uxTaskResetEventItemValue+0x14>)
10008272:	681a      	ldr	r2, [r3, #0]
10008274:	6819      	ldr	r1, [r3, #0]
10008276:	6990      	ldr	r0, [r2, #24]
10008278:	681a      	ldr	r2, [r3, #0]
1000827a:	2320      	movs	r3, #32
1000827c:	6ac9      	ldr	r1, [r1, #44]	@ 0x2c
1000827e:	1a5b      	subs	r3, r3, r1
10008280:	6193      	str	r3, [r2, #24]
10008282:	4770      	bx	lr
10008284:	20001fdc 	.word	0x20001fdc

10008288 <prvTimerTask>:
10008288:	b5f0      	push	{r4, r5, r6, r7, lr}
1000828a:	4657      	mov	r7, sl
1000828c:	46de      	mov	lr, fp
1000828e:	464e      	mov	r6, r9
10008290:	4645      	mov	r5, r8
10008292:	b5e0      	push	{r5, r6, r7, lr}
10008294:	4bce      	ldr	r3, [pc, #824]	@ (100085d0 <prvTimerTask+0x348>)
10008296:	b08b      	sub	sp, #44	@ 0x2c
10008298:	4698      	mov	r8, r3
1000829a:	4bce      	ldr	r3, [pc, #824]	@ (100085d4 <prvTimerTask+0x34c>)
1000829c:	af06      	add	r7, sp, #24
1000829e:	9301      	str	r3, [sp, #4]
100082a0:	4bcd      	ldr	r3, [pc, #820]	@ (100085d8 <prvTimerTask+0x350>)
100082a2:	469b      	mov	fp, r3
100082a4:	4bcd      	ldr	r3, [pc, #820]	@ (100085dc <prvTimerTask+0x354>)
100082a6:	4699      	mov	r9, r3
100082a8:	4bcd      	ldr	r3, [pc, #820]	@ (100085e0 <prvTimerTask+0x358>)
100082aa:	464c      	mov	r4, r9
100082ac:	9302      	str	r3, [sp, #8]
100082ae:	2328      	movs	r3, #40	@ 0x28
100082b0:	46d9      	mov	r9, fp
100082b2:	469a      	mov	sl, r3
100082b4:	46c3      	mov	fp, r8
100082b6:	465b      	mov	r3, fp
100082b8:	681b      	ldr	r3, [r3, #0]
100082ba:	681d      	ldr	r5, [r3, #0]
100082bc:	2d00      	cmp	r5, #0
100082be:	d000      	beq.n	100082c2 <prvTimerTask+0x3a>
100082c0:	e0e1      	b.n	10008486 <prvTimerTask+0x1fe>
100082c2:	f7ff fc01 	bl	10007ac8 <vTaskSuspendAll>
100082c6:	f7ff fd0f 	bl	10007ce8 <xTaskGetTickCount>
100082ca:	9a01      	ldr	r2, [sp, #4]
100082cc:	4680      	mov	r8, r0
100082ce:	6813      	ldr	r3, [r2, #0]
100082d0:	4283      	cmp	r3, r0
100082d2:	d900      	bls.n	100082d6 <prvTimerTask+0x4e>
100082d4:	e0e7      	b.n	100084a6 <prvTimerTask+0x21e>
100082d6:	464b      	mov	r3, r9
100082d8:	681b      	ldr	r3, [r3, #0]
100082da:	6010      	str	r0, [r2, #0]
100082dc:	681a      	ldr	r2, [r3, #0]
100082de:	4253      	negs	r3, r2
100082e0:	415a      	adcs	r2, r3
100082e2:	4643      	mov	r3, r8
100082e4:	6820      	ldr	r0, [r4, #0]
100082e6:	1ae9      	subs	r1, r5, r3
100082e8:	f7ff f954 	bl	10007594 <vQueueWaitForMessageRestricted>
100082ec:	f7ff fbf4 	bl	10007ad8 <xTaskResumeAll>
100082f0:	2800      	cmp	r0, #0
100082f2:	d100      	bne.n	100082f6 <prvTimerTask+0x6e>
100082f4:	e12b      	b.n	1000854e <prvTimerTask+0x2c6>
100082f6:	2210      	movs	r2, #16
100082f8:	2100      	movs	r1, #0
100082fa:	0038      	movs	r0, r7
100082fc:	f7f9 ff04 	bl	10002108 <__wrap_memset>
10008300:	2200      	movs	r2, #0
10008302:	0039      	movs	r1, r7
10008304:	6820      	ldr	r0, [r4, #0]
10008306:	f7ff f82b 	bl	10007360 <xQueueReceive>
1000830a:	2800      	cmp	r0, #0
1000830c:	d0d3      	beq.n	100082b6 <prvTimerTask+0x2e>
1000830e:	683b      	ldr	r3, [r7, #0]
10008310:	2b00      	cmp	r3, #0
10008312:	db5a      	blt.n	100083ca <prvTimerTask+0x142>
10008314:	68bd      	ldr	r5, [r7, #8]
10008316:	2d00      	cmp	r5, #0
10008318:	d0f2      	beq.n	10008300 <prvTimerTask+0x78>
1000831a:	696b      	ldr	r3, [r5, #20]
1000831c:	2b00      	cmp	r3, #0
1000831e:	d002      	beq.n	10008326 <prvTimerTask+0x9e>
10008320:	1d28      	adds	r0, r5, #4
10008322:	f7fe fe0d 	bl	10006f40 <uxListRemove>
10008326:	f7ff fcdf 	bl	10007ce8 <xTaskGetTickCount>
1000832a:	9b01      	ldr	r3, [sp, #4]
1000832c:	0006      	movs	r6, r0
1000832e:	681b      	ldr	r3, [r3, #0]
10008330:	4298      	cmp	r0, r3
10008332:	d352      	bcc.n	100083da <prvTimerTask+0x152>
10008334:	9b01      	ldr	r3, [sp, #4]
10008336:	601e      	str	r6, [r3, #0]
10008338:	683b      	ldr	r3, [r7, #0]
1000833a:	2b09      	cmp	r3, #9
1000833c:	d8e0      	bhi.n	10008300 <prvTimerTask+0x78>
1000833e:	9a02      	ldr	r2, [sp, #8]
10008340:	009b      	lsls	r3, r3, #2
10008342:	58d3      	ldr	r3, [r2, r3]
10008344:	469f      	mov	pc, r3
10008346:	4653      	mov	r3, sl
10008348:	5ce8      	ldrb	r0, [r5, r3]
1000834a:	2301      	movs	r3, #1
1000834c:	4652      	mov	r2, sl
1000834e:	4303      	orrs	r3, r0
10008350:	54ab      	strb	r3, [r5, r2]
10008352:	6879      	ldr	r1, [r7, #4]
10008354:	69aa      	ldr	r2, [r5, #24]
10008356:	612d      	str	r5, [r5, #16]
10008358:	188b      	adds	r3, r1, r2
1000835a:	606b      	str	r3, [r5, #4]
1000835c:	42b3      	cmp	r3, r6
1000835e:	d900      	bls.n	10008362 <prvTimerTask+0xda>
10008360:	e086      	b.n	10008470 <prvTimerTask+0x1e8>
10008362:	1a71      	subs	r1, r6, r1
10008364:	428a      	cmp	r2, r1
10008366:	d819      	bhi.n	1000839c <prvTimerTask+0x114>
10008368:	0741      	lsls	r1, r0, #29
1000836a:	d500      	bpl.n	1000836e <prvTimerTask+0xe6>
1000836c:	e0f2      	b.n	10008554 <prvTimerTask+0x2cc>
1000836e:	2301      	movs	r3, #1
10008370:	4398      	bics	r0, r3
10008372:	4653      	mov	r3, sl
10008374:	54e8      	strb	r0, [r5, r3]
10008376:	0028      	movs	r0, r5
10008378:	6a2b      	ldr	r3, [r5, #32]
1000837a:	4798      	blx	r3
1000837c:	e7c0      	b.n	10008300 <prvTimerTask+0x78>
1000837e:	4653      	mov	r3, sl
10008380:	2201      	movs	r2, #1
10008382:	5ceb      	ldrb	r3, [r5, r3]
10008384:	4313      	orrs	r3, r2
10008386:	4652      	mov	r2, sl
10008388:	54ab      	strb	r3, [r5, r2]
1000838a:	687b      	ldr	r3, [r7, #4]
1000838c:	612d      	str	r5, [r5, #16]
1000838e:	199a      	adds	r2, r3, r6
10008390:	61ab      	str	r3, [r5, #24]
10008392:	606a      	str	r2, [r5, #4]
10008394:	42b2      	cmp	r2, r6
10008396:	d870      	bhi.n	1000847a <prvTimerTask+0x1f2>
10008398:	2b00      	cmp	r3, #0
1000839a:	d0b1      	beq.n	10008300 <prvTimerTask+0x78>
1000839c:	464b      	mov	r3, r9
1000839e:	1d29      	adds	r1, r5, #4
100083a0:	6818      	ldr	r0, [r3, #0]
100083a2:	f7fe fdb5 	bl	10006f10 <vListInsert>
100083a6:	e7ab      	b.n	10008300 <prvTimerTask+0x78>
100083a8:	4653      	mov	r3, sl
100083aa:	2201      	movs	r2, #1
100083ac:	5ceb      	ldrb	r3, [r5, r3]
100083ae:	4393      	bics	r3, r2
100083b0:	4652      	mov	r2, sl
100083b2:	54ab      	strb	r3, [r5, r2]
100083b4:	e7a4      	b.n	10008300 <prvTimerTask+0x78>
100083b6:	4653      	mov	r3, sl
100083b8:	5ceb      	ldrb	r3, [r5, r3]
100083ba:	079a      	lsls	r2, r3, #30
100083bc:	d400      	bmi.n	100083c0 <prvTimerTask+0x138>
100083be:	e0c2      	b.n	10008546 <prvTimerTask+0x2be>
100083c0:	2201      	movs	r2, #1
100083c2:	4393      	bics	r3, r2
100083c4:	4652      	mov	r2, sl
100083c6:	54ab      	strb	r3, [r5, r2]
100083c8:	e79a      	b.n	10008300 <prvTimerTask+0x78>
100083ca:	687b      	ldr	r3, [r7, #4]
100083cc:	68f9      	ldr	r1, [r7, #12]
100083ce:	68b8      	ldr	r0, [r7, #8]
100083d0:	4798      	blx	r3
100083d2:	683b      	ldr	r3, [r7, #0]
100083d4:	2b00      	cmp	r3, #0
100083d6:	db93      	blt.n	10008300 <prvTimerTask+0x78>
100083d8:	e79c      	b.n	10008314 <prvTimerTask+0x8c>
100083da:	465b      	mov	r3, fp
100083dc:	681b      	ldr	r3, [r3, #0]
100083de:	681a      	ldr	r2, [r3, #0]
100083e0:	2a00      	cmp	r2, #0
100083e2:	d03e      	beq.n	10008462 <prvTimerTask+0x1da>
100083e4:	9503      	str	r5, [sp, #12]
100083e6:	9004      	str	r0, [sp, #16]
100083e8:	9405      	str	r4, [sp, #20]
100083ea:	e00b      	b.n	10008404 <prvTimerTask+0x17c>
100083ec:	2201      	movs	r2, #1
100083ee:	4393      	bics	r3, r2
100083f0:	4652      	mov	r2, sl
100083f2:	54a3      	strb	r3, [r4, r2]
100083f4:	6a23      	ldr	r3, [r4, #32]
100083f6:	0020      	movs	r0, r4
100083f8:	4798      	blx	r3
100083fa:	465b      	mov	r3, fp
100083fc:	681b      	ldr	r3, [r3, #0]
100083fe:	681a      	ldr	r2, [r3, #0]
10008400:	2a00      	cmp	r2, #0
10008402:	d02b      	beq.n	1000845c <prvTimerTask+0x1d4>
10008404:	68db      	ldr	r3, [r3, #12]
10008406:	68dc      	ldr	r4, [r3, #12]
10008408:	681e      	ldr	r6, [r3, #0]
1000840a:	1d23      	adds	r3, r4, #4
1000840c:	0018      	movs	r0, r3
1000840e:	4698      	mov	r8, r3
10008410:	f7fe fd96 	bl	10006f40 <uxListRemove>
10008414:	4653      	mov	r3, sl
10008416:	2204      	movs	r2, #4
10008418:	5ce3      	ldrb	r3, [r4, r3]
1000841a:	421a      	tst	r2, r3
1000841c:	d0e6      	beq.n	100083ec <prvTimerTask+0x164>
1000841e:	69a3      	ldr	r3, [r4, #24]
10008420:	6124      	str	r4, [r4, #16]
10008422:	18f5      	adds	r5, r6, r3
10008424:	43f6      	mvns	r6, r6
10008426:	6065      	str	r5, [r4, #4]
10008428:	429e      	cmp	r6, r3
1000842a:	d30a      	bcc.n	10008442 <prvTimerTask+0x1ba>
1000842c:	002e      	movs	r6, r5
1000842e:	43f6      	mvns	r6, r6
10008430:	6a23      	ldr	r3, [r4, #32]
10008432:	0020      	movs	r0, r4
10008434:	4798      	blx	r3
10008436:	69a3      	ldr	r3, [r4, #24]
10008438:	6124      	str	r4, [r4, #16]
1000843a:	18ed      	adds	r5, r5, r3
1000843c:	6065      	str	r5, [r4, #4]
1000843e:	42b3      	cmp	r3, r6
10008440:	d9f4      	bls.n	1000842c <prvTimerTask+0x1a4>
10008442:	464b      	mov	r3, r9
10008444:	4641      	mov	r1, r8
10008446:	6818      	ldr	r0, [r3, #0]
10008448:	f7fe fd62 	bl	10006f10 <vListInsert>
1000844c:	6a23      	ldr	r3, [r4, #32]
1000844e:	0020      	movs	r0, r4
10008450:	4798      	blx	r3
10008452:	465b      	mov	r3, fp
10008454:	681b      	ldr	r3, [r3, #0]
10008456:	681a      	ldr	r2, [r3, #0]
10008458:	2a00      	cmp	r2, #0
1000845a:	d1d3      	bne.n	10008404 <prvTimerTask+0x17c>
1000845c:	9d03      	ldr	r5, [sp, #12]
1000845e:	9e04      	ldr	r6, [sp, #16]
10008460:	9c05      	ldr	r4, [sp, #20]
10008462:	464a      	mov	r2, r9
10008464:	4659      	mov	r1, fp
10008466:	6812      	ldr	r2, [r2, #0]
10008468:	600a      	str	r2, [r1, #0]
1000846a:	464a      	mov	r2, r9
1000846c:	6013      	str	r3, [r2, #0]
1000846e:	e761      	b.n	10008334 <prvTimerTask+0xac>
10008470:	42b1      	cmp	r1, r6
10008472:	d902      	bls.n	1000847a <prvTimerTask+0x1f2>
10008474:	4299      	cmp	r1, r3
10008476:	d800      	bhi.n	1000847a <prvTimerTask+0x1f2>
10008478:	e776      	b.n	10008368 <prvTimerTask+0xe0>
1000847a:	465b      	mov	r3, fp
1000847c:	1d29      	adds	r1, r5, #4
1000847e:	6818      	ldr	r0, [r3, #0]
10008480:	f7fe fd46 	bl	10006f10 <vListInsert>
10008484:	e73c      	b.n	10008300 <prvTimerTask+0x78>
10008486:	68db      	ldr	r3, [r3, #12]
10008488:	681d      	ldr	r5, [r3, #0]
1000848a:	f7ff fb1d 	bl	10007ac8 <vTaskSuspendAll>
1000848e:	f7ff fc2b 	bl	10007ce8 <xTaskGetTickCount>
10008492:	9a01      	ldr	r2, [sp, #4]
10008494:	4680      	mov	r8, r0
10008496:	6813      	ldr	r3, [r2, #0]
10008498:	4298      	cmp	r0, r3
1000849a:	d304      	bcc.n	100084a6 <prvTimerTask+0x21e>
1000849c:	6010      	str	r0, [r2, #0]
1000849e:	4285      	cmp	r5, r0
100084a0:	d97a      	bls.n	10008598 <prvTimerTask+0x310>
100084a2:	2200      	movs	r2, #0
100084a4:	e71d      	b.n	100082e2 <prvTimerTask+0x5a>
100084a6:	465b      	mov	r3, fp
100084a8:	681b      	ldr	r3, [r3, #0]
100084aa:	681a      	ldr	r2, [r3, #0]
100084ac:	2a00      	cmp	r2, #0
100084ae:	d03e      	beq.n	1000852e <prvTimerTask+0x2a6>
100084b0:	4642      	mov	r2, r8
100084b2:	9404      	str	r4, [sp, #16]
100084b4:	9203      	str	r2, [sp, #12]
100084b6:	e00b      	b.n	100084d0 <prvTimerTask+0x248>
100084b8:	2201      	movs	r2, #1
100084ba:	4393      	bics	r3, r2
100084bc:	4652      	mov	r2, sl
100084be:	54a3      	strb	r3, [r4, r2]
100084c0:	6a23      	ldr	r3, [r4, #32]
100084c2:	0020      	movs	r0, r4
100084c4:	4798      	blx	r3
100084c6:	465b      	mov	r3, fp
100084c8:	681b      	ldr	r3, [r3, #0]
100084ca:	681a      	ldr	r2, [r3, #0]
100084cc:	2a00      	cmp	r2, #0
100084ce:	d02b      	beq.n	10008528 <prvTimerTask+0x2a0>
100084d0:	68db      	ldr	r3, [r3, #12]
100084d2:	68dc      	ldr	r4, [r3, #12]
100084d4:	681e      	ldr	r6, [r3, #0]
100084d6:	1d23      	adds	r3, r4, #4
100084d8:	0018      	movs	r0, r3
100084da:	4698      	mov	r8, r3
100084dc:	f7fe fd30 	bl	10006f40 <uxListRemove>
100084e0:	4653      	mov	r3, sl
100084e2:	2204      	movs	r2, #4
100084e4:	5ce3      	ldrb	r3, [r4, r3]
100084e6:	421a      	tst	r2, r3
100084e8:	d0e6      	beq.n	100084b8 <prvTimerTask+0x230>
100084ea:	69a3      	ldr	r3, [r4, #24]
100084ec:	6124      	str	r4, [r4, #16]
100084ee:	18f5      	adds	r5, r6, r3
100084f0:	43f6      	mvns	r6, r6
100084f2:	6065      	str	r5, [r4, #4]
100084f4:	429e      	cmp	r6, r3
100084f6:	d30a      	bcc.n	1000850e <prvTimerTask+0x286>
100084f8:	002e      	movs	r6, r5
100084fa:	43f6      	mvns	r6, r6
100084fc:	6a23      	ldr	r3, [r4, #32]
100084fe:	0020      	movs	r0, r4
10008500:	4798      	blx	r3
10008502:	69a3      	ldr	r3, [r4, #24]
10008504:	6124      	str	r4, [r4, #16]
10008506:	18ed      	adds	r5, r5, r3
10008508:	6065      	str	r5, [r4, #4]
1000850a:	42b3      	cmp	r3, r6
1000850c:	d9f4      	bls.n	100084f8 <prvTimerTask+0x270>
1000850e:	464b      	mov	r3, r9
10008510:	4641      	mov	r1, r8
10008512:	6818      	ldr	r0, [r3, #0]
10008514:	f7fe fcfc 	bl	10006f10 <vListInsert>
10008518:	6a23      	ldr	r3, [r4, #32]
1000851a:	0020      	movs	r0, r4
1000851c:	4798      	blx	r3
1000851e:	465b      	mov	r3, fp
10008520:	681b      	ldr	r3, [r3, #0]
10008522:	681a      	ldr	r2, [r3, #0]
10008524:	2a00      	cmp	r2, #0
10008526:	d1d3      	bne.n	100084d0 <prvTimerTask+0x248>
10008528:	9a03      	ldr	r2, [sp, #12]
1000852a:	9c04      	ldr	r4, [sp, #16]
1000852c:	4690      	mov	r8, r2
1000852e:	464a      	mov	r2, r9
10008530:	4659      	mov	r1, fp
10008532:	6812      	ldr	r2, [r2, #0]
10008534:	600a      	str	r2, [r1, #0]
10008536:	464a      	mov	r2, r9
10008538:	6013      	str	r3, [r2, #0]
1000853a:	4642      	mov	r2, r8
1000853c:	9b01      	ldr	r3, [sp, #4]
1000853e:	601a      	str	r2, [r3, #0]
10008540:	f7ff faca 	bl	10007ad8 <xTaskResumeAll>
10008544:	e6d7      	b.n	100082f6 <prvTimerTask+0x6e>
10008546:	0028      	movs	r0, r5
10008548:	f7fe f8e8 	bl	1000671c <vPortFree>
1000854c:	e6d8      	b.n	10008300 <prvTimerTask+0x78>
1000854e:	f7fe f9db 	bl	10006908 <vPortYield>
10008552:	e6d0      	b.n	100082f6 <prvTimerTask+0x6e>
10008554:	46a0      	mov	r8, r4
10008556:	0034      	movs	r4, r6
10008558:	e007      	b.n	1000856a <prvTimerTask+0x2e2>
1000855a:	1ae3      	subs	r3, r4, r3
1000855c:	429a      	cmp	r2, r3
1000855e:	d814      	bhi.n	1000858a <prvTimerTask+0x302>
10008560:	6a2b      	ldr	r3, [r5, #32]
10008562:	0028      	movs	r0, r5
10008564:	4798      	blx	r3
10008566:	0033      	movs	r3, r6
10008568:	69aa      	ldr	r2, [r5, #24]
1000856a:	18d6      	adds	r6, r2, r3
1000856c:	606e      	str	r6, [r5, #4]
1000856e:	612d      	str	r5, [r5, #16]
10008570:	42b4      	cmp	r4, r6
10008572:	d2f2      	bcs.n	1000855a <prvTimerTask+0x2d2>
10008574:	429c      	cmp	r4, r3
10008576:	d201      	bcs.n	1000857c <prvTimerTask+0x2f4>
10008578:	42b3      	cmp	r3, r6
1000857a:	d9f1      	bls.n	10008560 <prvTimerTask+0x2d8>
1000857c:	465b      	mov	r3, fp
1000857e:	1d29      	adds	r1, r5, #4
10008580:	6818      	ldr	r0, [r3, #0]
10008582:	4644      	mov	r4, r8
10008584:	f7fe fcc4 	bl	10006f10 <vListInsert>
10008588:	e6f5      	b.n	10008376 <prvTimerTask+0xee>
1000858a:	464b      	mov	r3, r9
1000858c:	1d29      	adds	r1, r5, #4
1000858e:	6818      	ldr	r0, [r3, #0]
10008590:	4644      	mov	r4, r8
10008592:	f7fe fcbd 	bl	10006f10 <vListInsert>
10008596:	e6ee      	b.n	10008376 <prvTimerTask+0xee>
10008598:	f7ff fa9e 	bl	10007ad8 <xTaskResumeAll>
1000859c:	465b      	mov	r3, fp
1000859e:	681b      	ldr	r3, [r3, #0]
100085a0:	68db      	ldr	r3, [r3, #12]
100085a2:	68de      	ldr	r6, [r3, #12]
100085a4:	1d33      	adds	r3, r6, #4
100085a6:	0018      	movs	r0, r3
100085a8:	9303      	str	r3, [sp, #12]
100085aa:	f7fe fcc9 	bl	10006f40 <uxListRemove>
100085ae:	4653      	mov	r3, sl
100085b0:	5cf3      	ldrb	r3, [r6, r3]
100085b2:	075a      	lsls	r2, r3, #29
100085b4:	d407      	bmi.n	100085c6 <prvTimerTask+0x33e>
100085b6:	2201      	movs	r2, #1
100085b8:	4393      	bics	r3, r2
100085ba:	4652      	mov	r2, sl
100085bc:	54b3      	strb	r3, [r6, r2]
100085be:	0030      	movs	r0, r6
100085c0:	6a33      	ldr	r3, [r6, #32]
100085c2:	4798      	blx	r3
100085c4:	e697      	b.n	100082f6 <prvTimerTask+0x6e>
100085c6:	0022      	movs	r2, r4
100085c8:	002b      	movs	r3, r5
100085ca:	4644      	mov	r4, r8
100085cc:	4690      	mov	r8, r2
100085ce:	e010      	b.n	100085f2 <prvTimerTask+0x36a>
100085d0:	20001fe0 	.word	0x20001fe0
100085d4:	2002241c 	.word	0x2002241c
100085d8:	20001ff0 	.word	0x20001ff0
100085dc:	20022484 	.word	0x20022484
100085e0:	1000a170 	.word	0x1000a170
100085e4:	1ae3      	subs	r3, r4, r3
100085e6:	429a      	cmp	r2, r3
100085e8:	d814      	bhi.n	10008614 <prvTimerTask+0x38c>
100085ea:	6a33      	ldr	r3, [r6, #32]
100085ec:	0030      	movs	r0, r6
100085ee:	4798      	blx	r3
100085f0:	002b      	movs	r3, r5
100085f2:	69b2      	ldr	r2, [r6, #24]
100085f4:	6136      	str	r6, [r6, #16]
100085f6:	189d      	adds	r5, r3, r2
100085f8:	6075      	str	r5, [r6, #4]
100085fa:	42a5      	cmp	r5, r4
100085fc:	d9f2      	bls.n	100085e4 <prvTimerTask+0x35c>
100085fe:	42a3      	cmp	r3, r4
10008600:	d901      	bls.n	10008606 <prvTimerTask+0x37e>
10008602:	42ab      	cmp	r3, r5
10008604:	d9f1      	bls.n	100085ea <prvTimerTask+0x362>
10008606:	465b      	mov	r3, fp
10008608:	9903      	ldr	r1, [sp, #12]
1000860a:	6818      	ldr	r0, [r3, #0]
1000860c:	4644      	mov	r4, r8
1000860e:	f7fe fc7f 	bl	10006f10 <vListInsert>
10008612:	e7d4      	b.n	100085be <prvTimerTask+0x336>
10008614:	464b      	mov	r3, r9
10008616:	9903      	ldr	r1, [sp, #12]
10008618:	6818      	ldr	r0, [r3, #0]
1000861a:	4644      	mov	r4, r8
1000861c:	f7fe fc78 	bl	10006f10 <vListInsert>
10008620:	e7cd      	b.n	100085be <prvTimerTask+0x336>
10008622:	46c0      	nop			@ (mov r8, r8)

10008624 <xTimerCreateTimerTask>:
10008624:	b570      	push	{r4, r5, r6, lr}
10008626:	b082      	sub	sp, #8
10008628:	f7fe f97a 	bl	10006920 <vPortEnterCritical>
1000862c:	4c17      	ldr	r4, [pc, #92]	@ (1000868c <xTimerCreateTimerTask+0x68>)
1000862e:	6823      	ldr	r3, [r4, #0]
10008630:	2b00      	cmp	r3, #0
10008632:	d012      	beq.n	1000865a <xTimerCreateTimerTask+0x36>
10008634:	f7fe f980 	bl	10006938 <vPortExitCritical>
10008638:	6823      	ldr	r3, [r4, #0]
1000863a:	2000      	movs	r0, #0
1000863c:	2b00      	cmp	r3, #0
1000863e:	d00a      	beq.n	10008656 <xTimerCreateTimerTask+0x32>
10008640:	4b13      	ldr	r3, [pc, #76]	@ (10008690 <xTimerCreateTimerTask+0x6c>)
10008642:	2280      	movs	r2, #128	@ 0x80
10008644:	9301      	str	r3, [sp, #4]
10008646:	231f      	movs	r3, #31
10008648:	4912      	ldr	r1, [pc, #72]	@ (10008694 <xTimerCreateTimerTask+0x70>)
1000864a:	9300      	str	r3, [sp, #0]
1000864c:	4812      	ldr	r0, [pc, #72]	@ (10008698 <xTimerCreateTimerTask+0x74>)
1000864e:	2300      	movs	r3, #0
10008650:	00d2      	lsls	r2, r2, #3
10008652:	f7ff f9ed 	bl	10007a30 <xTaskCreate>
10008656:	b002      	add	sp, #8
10008658:	bd70      	pop	{r4, r5, r6, pc}
1000865a:	4e10      	ldr	r6, [pc, #64]	@ (1000869c <xTimerCreateTimerTask+0x78>)
1000865c:	0030      	movs	r0, r6
1000865e:	f7fe fc47 	bl	10006ef0 <vListInitialise>
10008662:	4d0f      	ldr	r5, [pc, #60]	@ (100086a0 <xTimerCreateTimerTask+0x7c>)
10008664:	0028      	movs	r0, r5
10008666:	f7fe fc43 	bl	10006ef0 <vListInitialise>
1000866a:	4b0e      	ldr	r3, [pc, #56]	@ (100086a4 <xTimerCreateTimerTask+0x80>)
1000866c:	2200      	movs	r2, #0
1000866e:	601e      	str	r6, [r3, #0]
10008670:	4b0d      	ldr	r3, [pc, #52]	@ (100086a8 <xTimerCreateTimerTask+0x84>)
10008672:	2110      	movs	r1, #16
10008674:	200a      	movs	r0, #10
10008676:	601d      	str	r5, [r3, #0]
10008678:	f7fe fd78 	bl	1000716c <xQueueGenericCreate>
1000867c:	6020      	str	r0, [r4, #0]
1000867e:	2800      	cmp	r0, #0
10008680:	d0d8      	beq.n	10008634 <xTimerCreateTimerTask+0x10>
10008682:	490a      	ldr	r1, [pc, #40]	@ (100086ac <xTimerCreateTimerTask+0x88>)
10008684:	f7fe fefa 	bl	1000747c <vQueueAddToRegistry>
10008688:	e7d4      	b.n	10008634 <xTimerCreateTimerTask+0x10>
1000868a:	46c0      	nop			@ (mov r8, r8)
1000868c:	20022484 	.word	0x20022484
10008690:	20022488 	.word	0x20022488
10008694:	10009cb4 	.word	0x10009cb4
10008698:	10008289 	.word	0x10008289
1000869c:	200223c0 	.word	0x200223c0
100086a0:	200223d4 	.word	0x200223d4
100086a4:	20001fe0 	.word	0x20001fe0
100086a8:	20001ff0 	.word	0x20001ff0
100086ac:	10009cac 	.word	0x10009cac

100086b0 <xTimerPendFunctionCallFromISR>:
100086b0:	b530      	push	{r4, r5, lr}
100086b2:	0014      	movs	r4, r2
100086b4:	001a      	movs	r2, r3
100086b6:	2302      	movs	r3, #2
100086b8:	000d      	movs	r5, r1
100086ba:	b085      	sub	sp, #20
100086bc:	425b      	negs	r3, r3
100086be:	9300      	str	r3, [sp, #0]
100086c0:	4b05      	ldr	r3, [pc, #20]	@ (100086d8 <xTimerPendFunctionCallFromISR+0x28>)
100086c2:	9001      	str	r0, [sp, #4]
100086c4:	4669      	mov	r1, sp
100086c6:	6818      	ldr	r0, [r3, #0]
100086c8:	2300      	movs	r3, #0
100086ca:	9502      	str	r5, [sp, #8]
100086cc:	9403      	str	r4, [sp, #12]
100086ce:	f7fe fd9f 	bl	10007210 <xQueueGenericSendFromISR>
100086d2:	b005      	add	sp, #20
100086d4:	bd30      	pop	{r4, r5, pc}
100086d6:	46c0      	nop			@ (mov r8, r8)
100086d8:	20022484 	.word	0x20022484

100086dc <exception_set_exclusive_handler>:
100086dc:	b5f8      	push	{r3, r4, r5, r6, r7, lr}
100086de:	000e      	movs	r6, r1
100086e0:	f3ef 8710 	mrs	r7, PRIMASK
100086e4:	b672      	cpsid	i
100086e6:	4b0c      	ldr	r3, [pc, #48]	@ (10008718 <exception_set_exclusive_handler+0x3c>)
100086e8:	0084      	lsls	r4, r0, #2
100086ea:	689b      	ldr	r3, [r3, #8]
100086ec:	591d      	ldr	r5, [r3, r4]
100086ee:	42a9      	cmp	r1, r5
100086f0:	d004      	beq.n	100086fc <exception_set_exclusive_handler+0x20>
100086f2:	4b0a      	ldr	r3, [pc, #40]	@ (1000871c <exception_set_exclusive_handler+0x40>)
100086f4:	429d      	cmp	r5, r3
100086f6:	d20a      	bcs.n	1000870e <exception_set_exclusive_handler+0x32>
100086f8:	f7f8 ffe4 	bl	100016c4 <hard_assertion_failure>
100086fc:	4b06      	ldr	r3, [pc, #24]	@ (10008718 <exception_set_exclusive_handler+0x3c>)
100086fe:	689b      	ldr	r3, [r3, #8]
10008700:	511e      	str	r6, [r3, r4]
10008702:	f3bf 8f5f 	dmb	sy
10008706:	f387 8810 	msr	PRIMASK, r7
1000870a:	0028      	movs	r0, r5
1000870c:	bdf8      	pop	{r3, r4, r5, r6, r7, pc}
1000870e:	4b04      	ldr	r3, [pc, #16]	@ (10008720 <exception_set_exclusive_handler+0x44>)
10008710:	429d      	cmp	r5, r3
10008712:	d3f3      	bcc.n	100086fc <exception_set_exclusive_handler+0x20>
10008714:	e7f0      	b.n	100086f8 <exception_set_exclusive_handler+0x1c>
10008716:	46c0      	nop			@ (mov r8, r8)
10008718:	e000ed00 	.word	0xe000ed00
1000871c:	100001c0 	.word	0x100001c0
10008720:	100001d4 	.word	0x100001d4

10008724 <pio_sm_setup>:
10008724:	23ff      	movs	r3, #255	@ 0xff
10008726:	b5f0      	push	{r4, r5, r6, r7, lr}
10008728:	6845      	ldr	r5, [r0, #4]
1000872a:	011b      	lsls	r3, r3, #4
1000872c:	602b      	str	r3, [r5, #0]
1000872e:	2301      	movs	r3, #1
10008730:	425b      	negs	r3, r3
10008732:	60ab      	str	r3, [r5, #8]
10008734:	3301      	adds	r3, #1
10008736:	33ff      	adds	r3, #255	@ 0xff
10008738:	632b      	str	r3, [r5, #48]	@ 0x30
1000873a:	3bfd      	subs	r3, #253	@ 0xfd
1000873c:	636b      	str	r3, [r5, #52]	@ 0x34
1000873e:	2300      	movs	r3, #0
10008740:	492b      	ldr	r1, [pc, #172]	@ (100087f0 <pio_sm_setup+0xcc>)
10008742:	001a      	movs	r2, r3
10008744:	880c      	ldrh	r4, [r1, #0]
10008746:	3212      	adds	r2, #18
10008748:	0092      	lsls	r2, r2, #2
1000874a:	3301      	adds	r3, #1
1000874c:	5154      	str	r4, [r2, r5]
1000874e:	3102      	adds	r1, #2
10008750:	2b20      	cmp	r3, #32
10008752:	d1f6      	bne.n	10008742 <pio_sm_setup+0x1e>
10008754:	241f      	movs	r4, #31
10008756:	21c2      	movs	r1, #194	@ 0xc2
10008758:	6882      	ldr	r2, [r0, #8]
1000875a:	0209      	lsls	r1, r1, #8
1000875c:	4022      	ands	r2, r4
1000875e:	0613      	lsls	r3, r2, #24
10008760:	4319      	orrs	r1, r3
10008762:	002b      	movs	r3, r5
10008764:	33c8      	adds	r3, #200	@ 0xc8
10008766:	6059      	str	r1, [r3, #4]
10008768:	2180      	movs	r1, #128	@ 0x80
1000876a:	0152      	lsls	r2, r2, #5
1000876c:	04c9      	lsls	r1, r1, #19
1000876e:	430a      	orrs	r2, r1
10008770:	615a      	str	r2, [r3, #20]
10008772:	4a20      	ldr	r2, [pc, #128]	@ (100087f4 <pio_sm_setup+0xd0>)
10008774:	2600      	movs	r6, #0
10008776:	611a      	str	r2, [r3, #16]
10008778:	2269      	movs	r2, #105	@ 0x69
1000877a:	615e      	str	r6, [r3, #20]
1000877c:	612a      	str	r2, [r5, #16]
1000877e:	4a1e      	ldr	r2, [pc, #120]	@ (100087f8 <pio_sm_setup+0xd4>)
10008780:	27f8      	movs	r7, #248	@ 0xf8
10008782:	611a      	str	r2, [r3, #16]
10008784:	2206      	movs	r2, #6
10008786:	491d      	ldr	r1, [pc, #116]	@ (100087fc <pio_sm_setup+0xd8>)
10008788:	611a      	str	r2, [r3, #16]
1000878a:	6882      	ldr	r2, [r0, #8]
1000878c:	033f      	lsls	r7, r7, #12
1000878e:	61d9      	str	r1, [r3, #28]
10008790:	03d1      	lsls	r1, r2, #15
10008792:	4039      	ands	r1, r7
10008794:	4f1a      	ldr	r7, [pc, #104]	@ (10008800 <pio_sm_setup+0xdc>)
10008796:	62d9      	str	r1, [r3, #44]	@ 0x2c
10008798:	621e      	str	r6, [r3, #32]
1000879a:	621f      	str	r7, [r3, #32]
1000879c:	270d      	movs	r7, #13
1000879e:	629f      	str	r7, [r3, #40]	@ 0x28
100087a0:	4f18      	ldr	r7, [pc, #96]	@ (10008804 <pio_sm_setup+0xe0>)
100087a2:	0612      	lsls	r2, r2, #24
100087a4:	635f      	str	r7, [r3, #52]	@ 0x34
100087a6:	6459      	str	r1, [r3, #68]	@ 0x44
100087a8:	4917      	ldr	r1, [pc, #92]	@ (10008808 <pio_sm_setup+0xe4>)
100087aa:	639e      	str	r6, [r3, #56]	@ 0x38
100087ac:	6419      	str	r1, [r3, #64]	@ 0x40
100087ae:	4917      	ldr	r1, [pc, #92]	@ (1000880c <pio_sm_setup+0xe8>)
100087b0:	6419      	str	r1, [r3, #64]	@ 0x40
100087b2:	4917      	ldr	r1, [pc, #92]	@ (10008810 <pio_sm_setup+0xec>)
100087b4:	6419      	str	r1, [r3, #64]	@ 0x40
100087b6:	2112      	movs	r1, #18
100087b8:	6419      	str	r1, [r3, #64]	@ 0x40
100087ba:	23f8      	movs	r3, #248	@ 0xf8
100087bc:	055b      	lsls	r3, r3, #21
100087be:	401a      	ands	r2, r3
100087c0:	23c6      	movs	r3, #198	@ 0xc6
100087c2:	025b      	lsls	r3, r3, #9
100087c4:	431a      	orrs	r2, r3
100087c6:	002b      	movs	r3, r5
100087c8:	3311      	adds	r3, #17
100087ca:	68c1      	ldr	r1, [r0, #12]
100087cc:	33ff      	adds	r3, #255	@ 0xff
100087ce:	605a      	str	r2, [r3, #4]
100087d0:	4a10      	ldr	r2, [pc, #64]	@ (10008814 <pio_sm_setup+0xf0>)
100087d2:	4021      	ands	r1, r4
100087d4:	609a      	str	r2, [r3, #8]
100087d6:	014a      	lsls	r2, r1, #5
100087d8:	1851      	adds	r1, r2, r1
100087da:	2282      	movs	r2, #130	@ 0x82
100087dc:	04d2      	lsls	r2, r2, #19
100087de:	430a      	orrs	r2, r1
100087e0:	615a      	str	r2, [r3, #20]
100087e2:	4a0d      	ldr	r2, [pc, #52]	@ (10008818 <pio_sm_setup+0xf4>)
100087e4:	611a      	str	r2, [r3, #16]
100087e6:	4a0d      	ldr	r2, [pc, #52]	@ (1000881c <pio_sm_setup+0xf8>)
100087e8:	611a      	str	r2, [r3, #16]
100087ea:	2307      	movs	r3, #7
100087ec:	602b      	str	r3, [r5, #0]
100087ee:	bdf0      	pop	{r4, r5, r6, r7, pc}
100087f0:	1000a3c0 	.word	0x1000a3c0
100087f4:	0000e080 	.word	0x0000e080
100087f8:	000080a0 	.word	0x000080a0
100087fc:	0000e680 	.word	0x0000e680
10008800:	80a10000 	.word	0x80a10000
10008804:	00018680 	.word	0x00018680
10008808:	0000e040 	.word	0x0000e040
1000880c:	0000a0e2 	.word	0x0000a0e2
10008810:	0000a02a 	.word	0x0000a02a
10008814:	40020000 	.word	0x40020000
10008818:	0000e001 	.word	0x0000e001
1000881c:	0000e081 	.word	0x0000e081

10008820 <bitstuff_rp2040>:
10008820:	b5f0      	push	{r4, r5, r6, r7, lr}
10008822:	46c6      	mov	lr, r8
10008824:	468c      	mov	ip, r1
10008826:	2601      	movs	r6, #1
10008828:	b500      	push	{lr}
1000882a:	0007      	movs	r7, r0
1000882c:	6800      	ldr	r0, [r0, #0]
1000882e:	0842      	lsrs	r2, r0, #1
10008830:	4042      	eors	r2, r0
10008832:	0853      	lsrs	r3, r2, #1
10008834:	4313      	orrs	r3, r2
10008836:	089c      	lsrs	r4, r3, #2
10008838:	431c      	orrs	r4, r3
1000883a:	43e4      	mvns	r4, r4
1000883c:	000a      	movs	r2, r1
1000883e:	0033      	movs	r3, r6
10008840:	408b      	lsls	r3, r1
10008842:	1a55      	subs	r5, r2, r1
10008844:	3b01      	subs	r3, #1
10008846:	40ab      	lsls	r3, r5
10008848:	421c      	tst	r4, r3
1000884a:	d10b      	bne.n	10008864 <bitstuff_rp2040+0x44>
1000884c:	428a      	cmp	r2, r1
1000884e:	d911      	bls.n	10008874 <bitstuff_rp2040+0x54>
10008850:	0033      	movs	r3, r6
10008852:	1c69      	adds	r1, r5, #1
10008854:	0849      	lsrs	r1, r1, #1
10008856:	002a      	movs	r2, r5
10008858:	408b      	lsls	r3, r1
1000885a:	1a55      	subs	r5, r2, r1
1000885c:	3b01      	subs	r3, #1
1000885e:	40ab      	lsls	r3, r5
10008860:	421c      	tst	r4, r3
10008862:	d0f3      	beq.n	1000884c <bitstuff_rp2040+0x2c>
10008864:	0035      	movs	r5, r6
10008866:	1e53      	subs	r3, r2, #1
10008868:	409d      	lsls	r5, r3
1000886a:	422c      	tst	r4, r5
1000886c:	d107      	bne.n	1000887e <bitstuff_rp2040+0x5e>
1000886e:	001a      	movs	r2, r3
10008870:	0849      	lsrs	r1, r1, #1
10008872:	e7e4      	b.n	1000883e <bitstuff_rp2040+0x1e>
10008874:	6038      	str	r0, [r7, #0]
10008876:	4660      	mov	r0, ip
10008878:	bc80      	pop	{r7}
1000887a:	46b8      	mov	r8, r7
1000887c:	bdf0      	pop	{r4, r5, r6, r7, pc}
1000887e:	0033      	movs	r3, r6
10008880:	4093      	lsls	r3, r2
10008882:	0004      	movs	r4, r0
10008884:	3b01      	subs	r3, #1
10008886:	0859      	lsrs	r1, r3, #1
10008888:	438c      	bics	r4, r1
1000888a:	4003      	ands	r3, r0
1000888c:	406b      	eors	r3, r5
1000888e:	0061      	lsls	r1, r4, #1
10008890:	4059      	eors	r1, r3
10008892:	2301      	movs	r3, #1
10008894:	4698      	mov	r8, r3
10008896:	0008      	movs	r0, r1
10008898:	44c4      	add	ip, r8
1000889a:	2a04      	cmp	r2, #4
1000889c:	d9ea      	bls.n	10008874 <bitstuff_rp2040+0x54>
1000889e:	1f11      	subs	r1, r2, #4
100088a0:	e7c5      	b.n	1000882e <bitstuff_rp2040+0xe>
100088a2:	46c0      	nop			@ (mov r8, r8)

100088a4 <data_state_go_discard>:
100088a4:	b510      	push	{r4, lr}
100088a6:	6843      	ldr	r3, [r0, #4]
100088a8:	0004      	movs	r4, r0
100088aa:	689a      	ldr	r2, [r3, #8]
100088ac:	b084      	sub	sp, #16
100088ae:	0792      	lsls	r2, r2, #30
100088b0:	d412      	bmi.n	100088d8 <data_state_go_discard+0x34>
100088b2:	2209      	movs	r2, #9
100088b4:	2120      	movs	r1, #32
100088b6:	63a2      	str	r2, [r4, #56]	@ 0x38
100088b8:	2200      	movs	r2, #0
100088ba:	6321      	str	r1, [r4, #48]	@ 0x30
100088bc:	6da1      	ldr	r1, [r4, #88]	@ 0x58
100088be:	62e2      	str	r2, [r4, #44]	@ 0x2c
100088c0:	2900      	cmp	r1, #0
100088c2:	d001      	beq.n	100088c8 <data_state_go_discard+0x24>
100088c4:	65a2      	str	r2, [r4, #88]	@ 0x58
100088c6:	619a      	str	r2, [r3, #24]
100088c8:	4a0d      	ldr	r2, [pc, #52]	@ (10008900 <data_state_go_discard+0x5c>)
100088ca:	490e      	ldr	r1, [pc, #56]	@ (10008904 <data_state_go_discard+0x60>)
100088cc:	651a      	str	r2, [r3, #80]	@ 0x50
100088ce:	2296      	movs	r2, #150	@ 0x96
100088d0:	0052      	lsls	r2, r2, #1
100088d2:	5099      	str	r1, [r3, r2]
100088d4:	b004      	add	sp, #16
100088d6:	bd10      	pop	{r4, pc}
100088d8:	2300      	movs	r3, #0
100088da:	6283      	str	r3, [r0, #40]	@ 0x28
100088dc:	6243      	str	r3, [r0, #36]	@ 0x24
100088de:	6343      	str	r3, [r0, #52]	@ 0x34
100088e0:	f7ff ff20 	bl	10008724 <pio_sm_setup>
100088e4:	2210      	movs	r2, #16
100088e6:	2100      	movs	r1, #0
100088e8:	4668      	mov	r0, sp
100088ea:	f7f9 fc0d 	bl	10002108 <__wrap_memset>
100088ee:	2180      	movs	r1, #128	@ 0x80
100088f0:	6923      	ldr	r3, [r4, #16]
100088f2:	466a      	mov	r2, sp
100088f4:	0020      	movs	r0, r4
100088f6:	0409      	lsls	r1, r1, #16
100088f8:	4798      	blx	r3
100088fa:	6863      	ldr	r3, [r4, #4]
100088fc:	e7d9      	b.n	100088b2 <data_state_go_discard+0xe>
100088fe:	46c0      	nop			@ (mov r8, r8)
10008900:	0000a127 	.word	0x0000a127
10008904:	00000302 	.word	0x00000302

10008908 <tx_schedule_transmit>:
10008908:	6dc3      	ldr	r3, [r0, #92]	@ 0x5c
1000890a:	0002      	movs	r2, r0
1000890c:	b530      	push	{r4, r5, lr}
1000890e:	2b01      	cmp	r3, #1
10008910:	d045      	beq.n	1000899e <tx_schedule_transmit+0x96>
10008912:	6e13      	ldr	r3, [r2, #96]	@ 0x60
10008914:	6e51      	ldr	r1, [r2, #100]	@ 0x64
10008916:	6854      	ldr	r4, [r2, #4]
10008918:	428b      	cmp	r3, r1
1000891a:	d10d      	bne.n	10008938 <tx_schedule_transmit+0x30>
1000891c:	2100      	movs	r1, #0
1000891e:	65d1      	str	r1, [r2, #92]	@ 0x5c
10008920:	3102      	adds	r1, #2
10008922:	6321      	str	r1, [r4, #48]	@ 0x30
10008924:	f3bf 8f5f 	dmb	sy
10008928:	6e54      	ldr	r4, [r2, #100]	@ 0x64
1000892a:	2080      	movs	r0, #128	@ 0x80
1000892c:	0080      	lsls	r0, r0, #2
1000892e:	42a3      	cmp	r3, r4
10008930:	d100      	bne.n	10008934 <tx_schedule_transmit+0x2c>
10008932:	bd30      	pop	{r4, r5, pc}
10008934:	6854      	ldr	r4, [r2, #4]
10008936:	6361      	str	r1, [r4, #52]	@ 0x34
10008938:	2101      	movs	r1, #1
1000893a:	65d1      	str	r1, [r2, #92]	@ 0x5c
1000893c:	69d1      	ldr	r1, [r2, #28]
1000893e:	0020      	movs	r0, r4
10008940:	3101      	adds	r1, #1
10008942:	61d1      	str	r1, [r2, #28]
10008944:	2103      	movs	r1, #3
10008946:	400b      	ands	r3, r1
10008948:	3129      	adds	r1, #41	@ 0x29
1000894a:	4359      	muls	r1, r3
1000894c:	000b      	movs	r3, r1
1000894e:	3380      	adds	r3, #128	@ 0x80
10008950:	18d3      	adds	r3, r2, r3
10008952:	1852      	adds	r2, r2, r1
10008954:	6fd1      	ldr	r1, [r2, #124]	@ 0x7c
10008956:	2207      	movs	r2, #7
10008958:	6022      	str	r2, [r4, #0]
1000895a:	3280      	adds	r2, #128	@ 0x80
1000895c:	6022      	str	r2, [r4, #0]
1000895e:	3a7b      	subs	r2, #123	@ 0x7b
10008960:	6322      	str	r2, [r4, #48]	@ 0x30
10008962:	2200      	movs	r2, #0
10008964:	3011      	adds	r0, #17
10008966:	30ff      	adds	r0, #255	@ 0xff
10008968:	6082      	str	r2, [r0, #8]
1000896a:	4a1b      	ldr	r2, [pc, #108]	@ (100089d8 <tx_schedule_transmit+0xd0>)
1000896c:	4d1b      	ldr	r5, [pc, #108]	@ (100089dc <tx_schedule_transmit+0xd4>)
1000896e:	6082      	str	r2, [r0, #8]
10008970:	22ac      	movs	r2, #172	@ 0xac
10008972:	50a5      	str	r5, [r4, r2]
10008974:	2900      	cmp	r1, #0
10008976:	d005      	beq.n	10008984 <tx_schedule_transmit+0x7c>
10008978:	0089      	lsls	r1, r1, #2
1000897a:	1859      	adds	r1, r3, r1
1000897c:	cb04      	ldmia	r3!, {r2}
1000897e:	61e2      	str	r2, [r4, #28]
10008980:	4299      	cmp	r1, r3
10008982:	d1fb      	bne.n	1000897c <tx_schedule_transmit+0x74>
10008984:	4b16      	ldr	r3, [pc, #88]	@ (100089e0 <tx_schedule_transmit+0xd8>)
10008986:	6103      	str	r3, [r0, #16]
10008988:	4b14      	ldr	r3, [pc, #80]	@ (100089dc <tx_schedule_transmit+0xd4>)
1000898a:	6103      	str	r3, [r0, #16]
1000898c:	231b      	movs	r3, #27
1000898e:	6103      	str	r3, [r0, #16]
10008990:	2383      	movs	r3, #131	@ 0x83
10008992:	019b      	lsls	r3, r3, #6
10008994:	6103      	str	r3, [r0, #16]
10008996:	230f      	movs	r3, #15
10008998:	6023      	str	r3, [r4, #0]
1000899a:	2000      	movs	r0, #0
1000899c:	e7c9      	b.n	10008932 <tx_schedule_transmit+0x2a>
1000899e:	218e      	movs	r1, #142	@ 0x8e
100089a0:	6843      	ldr	r3, [r0, #4]
100089a2:	0049      	lsls	r1, r1, #1
100089a4:	5859      	ldr	r1, [r3, r1]
100089a6:	2918      	cmp	r1, #24
100089a8:	d00e      	beq.n	100089c8 <tx_schedule_transmit+0xc0>
100089aa:	21f0      	movs	r1, #240	@ 0xf0
100089ac:	68d8      	ldr	r0, [r3, #12]
100089ae:	0509      	lsls	r1, r1, #20
100089b0:	4208      	tst	r0, r1
100089b2:	d1f2      	bne.n	1000899a <tx_schedule_transmit+0x92>
100089b4:	2194      	movs	r1, #148	@ 0x94
100089b6:	0049      	lsls	r1, r1, #1
100089b8:	585b      	ldr	r3, [r3, r1]
100089ba:	3926      	subs	r1, #38	@ 0x26
100089bc:	400b      	ands	r3, r1
100089be:	3902      	subs	r1, #2
100089c0:	428b      	cmp	r3, r1
100089c2:	d0a6      	beq.n	10008912 <tx_schedule_transmit+0xa>
100089c4:	2000      	movs	r0, #0
100089c6:	e7b4      	b.n	10008932 <tx_schedule_transmit+0x2a>
100089c8:	3111      	adds	r1, #17
100089ca:	31ff      	adds	r1, #255	@ 0xff
100089cc:	585b      	ldr	r3, [r3, r1]
100089ce:	079b      	lsls	r3, r3, #30
100089d0:	d59f      	bpl.n	10008912 <tx_schedule_transmit+0xa>
100089d2:	2000      	movs	r0, #0
100089d4:	e7ad      	b.n	10008932 <tx_schedule_transmit+0x2a>
100089d6:	46c0      	nop			@ (mov r8, r8)
100089d8:	40020000 	.word	0x40020000
100089dc:	00006021 	.word	0x00006021
100089e0:	0000e001 	.word	0x0000e001

100089e4 <data_state_go_crc>:
100089e4:	b5f0      	push	{r4, r5, r6, r7, lr}
100089e6:	6a43      	ldr	r3, [r0, #36]	@ 0x24
100089e8:	6a87      	ldr	r7, [r0, #40]	@ 0x28
100089ea:	6bc6      	ldr	r6, [r0, #60]	@ 0x3c
100089ec:	40fb      	lsrs	r3, r7
100089ee:	0476      	lsls	r6, r6, #17
100089f0:	b087      	sub	sp, #28
100089f2:	0c76      	lsrs	r6, r6, #17
100089f4:	03db      	lsls	r3, r3, #15
100089f6:	0004      	movs	r4, r0
100089f8:	6b45      	ldr	r5, [r0, #52]	@ 0x34
100089fa:	4333      	orrs	r3, r6
100089fc:	2110      	movs	r1, #16
100089fe:	63c6      	str	r6, [r0, #60]	@ 0x3c
10008a00:	a801      	add	r0, sp, #4
10008a02:	9301      	str	r3, [sp, #4]
10008a04:	f7ff ff0c 	bl	10008820 <bitstuff_rp2040>
10008a08:	2201      	movs	r2, #1
10008a0a:	9b01      	ldr	r3, [sp, #4]
10008a0c:	3d01      	subs	r5, #1
10008a0e:	005b      	lsls	r3, r3, #1
10008a10:	4313      	orrs	r3, r2
10008a12:	1bed      	subs	r5, r5, r7
10008a14:	6de2      	ldr	r2, [r4, #92]	@ 0x5c
10008a16:	1828      	adds	r0, r5, r0
10008a18:	6861      	ldr	r1, [r4, #4]
10008a1a:	6423      	str	r3, [r4, #64]	@ 0x40
10008a1c:	6460      	str	r0, [r4, #68]	@ 0x44
10008a1e:	2a01      	cmp	r2, #1
10008a20:	d10a      	bne.n	10008a38 <data_state_go_crc+0x54>
10008a22:	2703      	movs	r7, #3
10008a24:	6e25      	ldr	r5, [r4, #96]	@ 0x60
10008a26:	322b      	adds	r2, #43	@ 0x2b
10008a28:	403d      	ands	r5, r7
10008a2a:	436a      	muls	r2, r5
10008a2c:	18a2      	adds	r2, r4, r2
10008a2e:	6e95      	ldr	r5, [r2, #104]	@ 0x68
10008a30:	46ac      	mov	ip, r5
10008a32:	6ca5      	ldr	r5, [r4, #72]	@ 0x48
10008a34:	45ac      	cmp	ip, r5
10008a36:	d00f      	beq.n	10008a58 <data_state_go_crc+0x74>
10008a38:	2301      	movs	r3, #1
10008a3a:	65a3      	str	r3, [r4, #88]	@ 0x58
10008a3c:	3301      	adds	r3, #1
10008a3e:	634b      	str	r3, [r1, #52]	@ 0x34
10008a40:	4a29      	ldr	r2, [pc, #164]	@ (10008ae8 <data_state_go_crc+0x104>)
10008a42:	332b      	adds	r3, #43	@ 0x2b
10008a44:	33ff      	adds	r3, #255	@ 0xff
10008a46:	50ca      	str	r2, [r1, r3]
10008a48:	2305      	movs	r3, #5
10008a4a:	63a3      	str	r3, [r4, #56]	@ 0x38
10008a4c:	2300      	movs	r3, #0
10008a4e:	62e3      	str	r3, [r4, #44]	@ 0x2c
10008a50:	3310      	adds	r3, #16
10008a52:	6323      	str	r3, [r4, #48]	@ 0x30
10008a54:	b007      	add	sp, #28
10008a56:	bdf0      	pop	{r4, r5, r6, r7, pc}
10008a58:	6f95      	ldr	r5, [r2, #120]	@ 0x78
10008a5a:	42ae      	cmp	r6, r5
10008a5c:	d103      	bne.n	10008a66 <data_state_go_crc+0x82>
10008a5e:	6ed6      	ldr	r6, [r2, #108]	@ 0x6c
10008a60:	6ce5      	ldr	r5, [r4, #76]	@ 0x4c
10008a62:	42ae      	cmp	r6, r5
10008a64:	d02b      	beq.n	10008abe <data_state_go_crc+0xda>
10008a66:	6a23      	ldr	r3, [r4, #32]
10008a68:	3301      	adds	r3, #1
10008a6a:	6223      	str	r3, [r4, #32]
10008a6c:	688b      	ldr	r3, [r1, #8]
10008a6e:	079b      	lsls	r3, r3, #30
10008a70:	d411      	bmi.n	10008a96 <data_state_go_crc+0xb2>
10008a72:	2309      	movs	r3, #9
10008a74:	2220      	movs	r2, #32
10008a76:	63a3      	str	r3, [r4, #56]	@ 0x38
10008a78:	2300      	movs	r3, #0
10008a7a:	6322      	str	r2, [r4, #48]	@ 0x30
10008a7c:	6da2      	ldr	r2, [r4, #88]	@ 0x58
10008a7e:	62e3      	str	r3, [r4, #44]	@ 0x2c
10008a80:	2a00      	cmp	r2, #0
10008a82:	d001      	beq.n	10008a88 <data_state_go_crc+0xa4>
10008a84:	65a3      	str	r3, [r4, #88]	@ 0x58
10008a86:	618b      	str	r3, [r1, #24]
10008a88:	4b18      	ldr	r3, [pc, #96]	@ (10008aec <data_state_go_crc+0x108>)
10008a8a:	4a17      	ldr	r2, [pc, #92]	@ (10008ae8 <data_state_go_crc+0x104>)
10008a8c:	650b      	str	r3, [r1, #80]	@ 0x50
10008a8e:	2396      	movs	r3, #150	@ 0x96
10008a90:	005b      	lsls	r3, r3, #1
10008a92:	50ca      	str	r2, [r1, r3]
10008a94:	e7de      	b.n	10008a54 <data_state_go_crc+0x70>
10008a96:	2300      	movs	r3, #0
10008a98:	0020      	movs	r0, r4
10008a9a:	62a3      	str	r3, [r4, #40]	@ 0x28
10008a9c:	6263      	str	r3, [r4, #36]	@ 0x24
10008a9e:	6363      	str	r3, [r4, #52]	@ 0x34
10008aa0:	f7ff fe40 	bl	10008724 <pio_sm_setup>
10008aa4:	2210      	movs	r2, #16
10008aa6:	2100      	movs	r1, #0
10008aa8:	a802      	add	r0, sp, #8
10008aaa:	f7f9 fb2d 	bl	10002108 <__wrap_memset>
10008aae:	2180      	movs	r1, #128	@ 0x80
10008ab0:	0020      	movs	r0, r4
10008ab2:	0409      	lsls	r1, r1, #16
10008ab4:	6923      	ldr	r3, [r4, #16]
10008ab6:	aa02      	add	r2, sp, #8
10008ab8:	4798      	blx	r3
10008aba:	6861      	ldr	r1, [r4, #4]
10008abc:	e7d9      	b.n	10008a72 <data_state_go_crc+0x8e>
10008abe:	6f16      	ldr	r6, [r2, #112]	@ 0x70
10008ac0:	6d25      	ldr	r5, [r4, #80]	@ 0x50
10008ac2:	42ae      	cmp	r6, r5
10008ac4:	d1cf      	bne.n	10008a66 <data_state_go_crc+0x82>
10008ac6:	6f55      	ldr	r5, [r2, #116]	@ 0x74
10008ac8:	6d62      	ldr	r2, [r4, #84]	@ 0x54
10008aca:	4295      	cmp	r5, r2
10008acc:	d1cb      	bne.n	10008a66 <data_state_go_crc+0x82>
10008ace:	2202      	movs	r2, #2
10008ad0:	65a2      	str	r2, [r4, #88]	@ 0x58
10008ad2:	3a0b      	subs	r2, #11
10008ad4:	051b      	lsls	r3, r3, #20
10008ad6:	1a12      	subs	r2, r2, r0
10008ad8:	0552      	lsls	r2, r2, #21
10008ada:	0adb      	lsrs	r3, r3, #11
10008adc:	4313      	orrs	r3, r2
10008ade:	22ff      	movs	r2, #255	@ 0xff
10008ae0:	4313      	orrs	r3, r2
10008ae2:	65e7      	str	r7, [r4, #92]	@ 0x5c
10008ae4:	618b      	str	r3, [r1, #24]
10008ae6:	e7af      	b.n	10008a48 <data_state_go_crc+0x64>
10008ae8:	00000302 	.word	0x00000302
10008aec:	0000a127 	.word	0x0000a127

10008af0 <can2040_pio_irq_handler>:
10008af0:	b5f0      	push	{r4, r5, r6, r7, lr}
10008af2:	4645      	mov	r5, r8
10008af4:	46de      	mov	lr, fp
10008af6:	4657      	mov	r7, sl
10008af8:	464e      	mov	r6, r9
10008afa:	239a      	movs	r3, #154	@ 0x9a
10008afc:	0004      	movs	r4, r0
10008afe:	b5e0      	push	{r5, r6, r7, lr}
10008b00:	6845      	ldr	r5, [r0, #4]
10008b02:	005b      	lsls	r3, r3, #1
10008b04:	58eb      	ldr	r3, [r5, r3]
10008b06:	b087      	sub	sp, #28
10008b08:	2202      	movs	r2, #2
10008b0a:	421a      	tst	r2, r3
10008b0c:	d048      	beq.n	10008ba0 <can2040_pio_irq_handler+0xb0>
10008b0e:	6a6b      	ldr	r3, [r5, #36]	@ 0x24
10008b10:	6a62      	ldr	r2, [r4, #36]	@ 0x24
10008b12:	059b      	lsls	r3, r3, #22
10008b14:	0d9b      	lsrs	r3, r3, #22
10008b16:	0292      	lsls	r2, r2, #10
10008b18:	431a      	orrs	r2, r3
10008b1a:	230a      	movs	r3, #10
10008b1c:	62a3      	str	r3, [r4, #40]	@ 0x28
10008b1e:	6b63      	ldr	r3, [r4, #52]	@ 0x34
10008b20:	0851      	lsrs	r1, r2, #1
10008b22:	4051      	eors	r1, r2
10008b24:	330a      	adds	r3, #10
10008b26:	6363      	str	r3, [r4, #52]	@ 0x34
10008b28:	084b      	lsrs	r3, r1, #1
10008b2a:	430b      	orrs	r3, r1
10008b2c:	0898      	lsrs	r0, r3, #2
10008b2e:	4318      	orrs	r0, r3
10008b30:	43c3      	mvns	r3, r0
10008b32:	9301      	str	r3, [sp, #4]
10008b34:	230a      	movs	r3, #10
10008b36:	4698      	mov	r8, r3
10008b38:	6b21      	ldr	r1, [r4, #48]	@ 0x30
10008b3a:	6262      	str	r2, [r4, #36]	@ 0x24
10008b3c:	46c4      	mov	ip, r8
10008b3e:	4588      	cmp	r8, r1
10008b40:	d82c      	bhi.n	10008b9c <can2040_pio_irq_handler+0xac>
10008b42:	4666      	mov	r6, ip
10008b44:	2301      	movs	r3, #1
10008b46:	4667      	mov	r7, ip
10008b48:	40b3      	lsls	r3, r6
10008b4a:	4646      	mov	r6, r8
10008b4c:	1bf7      	subs	r7, r6, r7
10008b4e:	1c7e      	adds	r6, r7, #1
10008b50:	46b1      	mov	r9, r6
10008b52:	3b01      	subs	r3, #1
10008b54:	4648      	mov	r0, r9
10008b56:	001e      	movs	r6, r3
10008b58:	4086      	lsls	r6, r0
10008b5a:	0030      	movs	r0, r6
10008b5c:	9e01      	ldr	r6, [sp, #4]
10008b5e:	4206      	tst	r6, r0
10008b60:	d14c      	bne.n	10008bfc <can2040_pio_irq_handler+0x10c>
10008b62:	6ae0      	ldr	r0, [r4, #44]	@ 0x2c
10008b64:	4680      	mov	r8, r0
10008b66:	0016      	movs	r6, r2
10008b68:	4660      	mov	r0, ip
10008b6a:	40fe      	lsrs	r6, r7
10008b6c:	1a09      	subs	r1, r1, r0
10008b6e:	4033      	ands	r3, r6
10008b70:	408b      	lsls	r3, r1
10008b72:	4640      	mov	r0, r8
10008b74:	4303      	orrs	r3, r0
10008b76:	6321      	str	r1, [r4, #48]	@ 0x30
10008b78:	62a7      	str	r7, [r4, #40]	@ 0x28
10008b7a:	62e3      	str	r3, [r4, #44]	@ 0x2c
10008b7c:	2900      	cmp	r1, #0
10008b7e:	d035      	beq.n	10008bec <can2040_pio_irq_handler+0xfc>
10008b80:	2f00      	cmp	r7, #0
10008b82:	d169      	bne.n	10008c58 <can2040_pio_irq_handler+0x168>
10008b84:	239a      	movs	r3, #154	@ 0x9a
10008b86:	005b      	lsls	r3, r3, #1
10008b88:	58eb      	ldr	r3, [r5, r3]
10008b8a:	2b00      	cmp	r3, #0
10008b8c:	d1bc      	bne.n	10008b08 <can2040_pio_irq_handler+0x18>
10008b8e:	b007      	add	sp, #28
10008b90:	bcf0      	pop	{r4, r5, r6, r7}
10008b92:	46bb      	mov	fp, r7
10008b94:	46b2      	mov	sl, r6
10008b96:	46a9      	mov	r9, r5
10008b98:	46a0      	mov	r8, r4
10008b9a:	bdf0      	pop	{r4, r5, r6, r7, pc}
10008b9c:	468c      	mov	ip, r1
10008b9e:	e7d0      	b.n	10008b42 <can2040_pio_irq_handler+0x52>
10008ba0:	051a      	lsls	r2, r3, #20
10008ba2:	d500      	bpl.n	10008ba6 <can2040_pio_irq_handler+0xb6>
10008ba4:	e22b      	b.n	10008ffe <can2040_pio_irq_handler+0x50e>
10008ba6:	055a      	lsls	r2, r3, #21
10008ba8:	d458      	bmi.n	10008c5c <can2040_pio_irq_handler+0x16c>
10008baa:	2280      	movs	r2, #128	@ 0x80
10008bac:	0019      	movs	r1, r3
10008bae:	0052      	lsls	r2, r2, #1
10008bb0:	4011      	ands	r1, r2
10008bb2:	4213      	tst	r3, r2
10008bb4:	d000      	beq.n	10008bb8 <can2040_pio_irq_handler+0xc8>
10008bb6:	e239      	b.n	1000902c <can2040_pio_irq_handler+0x53c>
10008bb8:	059b      	lsls	r3, r3, #22
10008bba:	d5e8      	bpl.n	10008b8e <can2040_pio_irq_handler+0x9e>
10008bbc:	2296      	movs	r2, #150	@ 0x96
10008bbe:	6863      	ldr	r3, [r4, #4]
10008bc0:	0052      	lsls	r2, r2, #1
10008bc2:	589d      	ldr	r5, [r3, r2]
10008bc4:	48e1      	ldr	r0, [pc, #900]	@ (10008f4c <can2040_pio_irq_handler+0x45c>)
10008bc6:	4285      	cmp	r5, r0
10008bc8:	d103      	bne.n	10008bd2 <can2040_pio_irq_handler+0xe2>
10008bca:	6da0      	ldr	r0, [r4, #88]	@ 0x58
10008bcc:	2801      	cmp	r0, #1
10008bce:	d100      	bne.n	10008bd2 <can2040_pio_irq_handler+0xe2>
10008bd0:	e3da      	b.n	10009388 <can2040_pio_irq_handler+0x898>
10008bd2:	0020      	movs	r0, r4
10008bd4:	f7ff fe98 	bl	10008908 <tx_schedule_transmit>
10008bd8:	4bdd      	ldr	r3, [pc, #884]	@ (10008f50 <can2040_pio_irq_handler+0x460>)
10008bda:	6862      	ldr	r2, [r4, #4]
10008bdc:	401d      	ands	r5, r3
10008bde:	2302      	movs	r3, #2
10008be0:	4305      	orrs	r5, r0
10008be2:	431d      	orrs	r5, r3
10008be4:	332b      	adds	r3, #43	@ 0x2b
10008be6:	33ff      	adds	r3, #255	@ 0xff
10008be8:	50d5      	str	r5, [r2, r3]
10008bea:	e7d0      	b.n	10008b8e <can2040_pio_irq_handler+0x9e>
10008bec:	6ba0      	ldr	r0, [r4, #56]	@ 0x38
10008bee:	2809      	cmp	r0, #9
10008bf0:	d900      	bls.n	10008bf4 <can2040_pio_irq_handler+0x104>
10008bf2:	e237      	b.n	10009064 <can2040_pio_irq_handler+0x574>
10008bf4:	4ed7      	ldr	r6, [pc, #860]	@ (10008f54 <can2040_pio_irq_handler+0x464>)
10008bf6:	0080      	lsls	r0, r0, #2
10008bf8:	5830      	ldr	r0, [r6, r0]
10008bfa:	4687      	mov	pc, r0
10008bfc:	2301      	movs	r3, #1
10008bfe:	4699      	mov	r9, r3
10008c00:	2301      	movs	r3, #1
10008c02:	425b      	negs	r3, r3
10008c04:	4443      	add	r3, r8
10008c06:	4640      	mov	r0, r8
10008c08:	469a      	mov	sl, r3
10008c0a:	464b      	mov	r3, r9
10008c0c:	4083      	lsls	r3, r0
10008c0e:	9801      	ldr	r0, [sp, #4]
10008c10:	4218      	tst	r0, r3
10008c12:	d000      	beq.n	10008c16 <can2040_pio_irq_handler+0x126>
10008c14:	e26d      	b.n	100090f2 <can2040_pio_irq_handler+0x602>
10008c16:	4650      	mov	r0, sl
10008c18:	0013      	movs	r3, r2
10008c1a:	40c3      	lsrs	r3, r0
10008c1c:	4648      	mov	r0, r9
10008c1e:	3901      	subs	r1, #1
10008c20:	4003      	ands	r3, r0
10008c22:	408b      	lsls	r3, r1
10008c24:	6ae7      	ldr	r7, [r4, #44]	@ 0x2c
10008c26:	6321      	str	r1, [r4, #48]	@ 0x30
10008c28:	433b      	orrs	r3, r7
10008c2a:	4698      	mov	r8, r3
10008c2c:	62e3      	str	r3, [r4, #44]	@ 0x2c
10008c2e:	4663      	mov	r3, ip
10008c30:	085b      	lsrs	r3, r3, #1
10008c32:	469c      	mov	ip, r3
10008c34:	464b      	mov	r3, r9
10008c36:	4660      	mov	r0, ip
10008c38:	4666      	mov	r6, ip
10008c3a:	4083      	lsls	r3, r0
10008c3c:	4650      	mov	r0, sl
10008c3e:	1b87      	subs	r7, r0, r6
10008c40:	1c78      	adds	r0, r7, #1
10008c42:	4683      	mov	fp, r0
10008c44:	3b01      	subs	r3, #1
10008c46:	465e      	mov	r6, fp
10008c48:	0018      	movs	r0, r3
10008c4a:	40b0      	lsls	r0, r6
10008c4c:	9e01      	ldr	r6, [sp, #4]
10008c4e:	4206      	tst	r6, r0
10008c50:	d100      	bne.n	10008c54 <can2040_pio_irq_handler+0x164>
10008c52:	e788      	b.n	10008b66 <can2040_pio_irq_handler+0x76>
10008c54:	46d0      	mov	r8, sl
10008c56:	e7d3      	b.n	10008c00 <can2040_pio_irq_handler+0x110>
10008c58:	46b8      	mov	r8, r7
10008c5a:	e76f      	b.n	10008b3c <can2040_pio_irq_handler+0x4c>
10008c5c:	6da3      	ldr	r3, [r4, #88]	@ 0x58
10008c5e:	2b00      	cmp	r3, #0
10008c60:	d000      	beq.n	10008c64 <can2040_pio_irq_handler+0x174>
10008c62:	e227      	b.n	100090b4 <can2040_pio_irq_handler+0x5c4>
10008c64:	0020      	movs	r0, r4
10008c66:	f7ff fe4f 	bl	10008908 <tx_schedule_transmit>
10008c6a:	2302      	movs	r3, #2
10008c6c:	6862      	ldr	r2, [r4, #4]
10008c6e:	4318      	orrs	r0, r3
10008c70:	332b      	adds	r3, #43	@ 0x2b
10008c72:	33ff      	adds	r3, #255	@ 0xff
10008c74:	50d0      	str	r0, [r2, r3]
10008c76:	e78a      	b.n	10008b8e <can2040_pio_irq_handler+0x9e>
10008c78:	2b1f      	cmp	r3, #31
10008c7a:	d100      	bne.n	10008c7e <can2040_pio_irq_handler+0x18e>
10008c7c:	e2ec      	b.n	10009258 <can2040_pio_irq_handler+0x768>
10008c7e:	2b1b      	cmp	r3, #27
10008c80:	d800      	bhi.n	10008c84 <can2040_pio_irq_handler+0x194>
10008c82:	e31c      	b.n	100092be <can2040_pio_irq_handler+0x7ce>
10008c84:	6da3      	ldr	r3, [r4, #88]	@ 0x58
10008c86:	6862      	ldr	r2, [r4, #4]
10008c88:	0011      	movs	r1, r2
10008c8a:	2b00      	cmp	r3, #0
10008c8c:	d01a      	beq.n	10008cc4 <can2040_pio_irq_handler+0x1d4>
10008c8e:	075b      	lsls	r3, r3, #29
10008c90:	d510      	bpl.n	10008cb4 <can2040_pio_irq_handler+0x1c4>
10008c92:	4bb1      	ldr	r3, [pc, #708]	@ (10008f58 <can2040_pio_irq_handler+0x468>)
10008c94:	6513      	str	r3, [r2, #80]	@ 0x50
10008c96:	6da3      	ldr	r3, [r4, #88]	@ 0x58
10008c98:	2b06      	cmp	r3, #6
10008c9a:	d100      	bne.n	10008c9e <can2040_pio_irq_handler+0x1ae>
10008c9c:	e3af      	b.n	100093fe <can2040_pio_irq_handler+0x90e>
10008c9e:	0022      	movs	r2, r4
10008ca0:	2180      	movs	r1, #128	@ 0x80
10008ca2:	6963      	ldr	r3, [r4, #20]
10008ca4:	3248      	adds	r2, #72	@ 0x48
10008ca6:	3301      	adds	r3, #1
10008ca8:	6163      	str	r3, [r4, #20]
10008caa:	0020      	movs	r0, r4
10008cac:	6923      	ldr	r3, [r4, #16]
10008cae:	0349      	lsls	r1, r1, #13
10008cb0:	4798      	blx	r3
10008cb2:	6862      	ldr	r2, [r4, #4]
10008cb4:	2300      	movs	r3, #0
10008cb6:	0011      	movs	r1, r2
10008cb8:	65a3      	str	r3, [r4, #88]	@ 0x58
10008cba:	48a8      	ldr	r0, [pc, #672]	@ (10008f5c <can2040_pio_irq_handler+0x46c>)
10008cbc:	6193      	str	r3, [r2, #24]
10008cbe:	332d      	adds	r3, #45	@ 0x2d
10008cc0:	33ff      	adds	r3, #255	@ 0xff
10008cc2:	50d0      	str	r0, [r2, r3]
10008cc4:	6893      	ldr	r3, [r2, #8]
10008cc6:	079b      	lsls	r3, r3, #30
10008cc8:	d500      	bpl.n	10008ccc <can2040_pio_irq_handler+0x1dc>
10008cca:	e1fe      	b.n	100090ca <can2040_pio_irq_handler+0x5da>
10008ccc:	2309      	movs	r3, #9
10008cce:	2220      	movs	r2, #32
10008cd0:	63a3      	str	r3, [r4, #56]	@ 0x38
10008cd2:	2300      	movs	r3, #0
10008cd4:	6322      	str	r2, [r4, #48]	@ 0x30
10008cd6:	6da2      	ldr	r2, [r4, #88]	@ 0x58
10008cd8:	62e3      	str	r3, [r4, #44]	@ 0x2c
10008cda:	2a00      	cmp	r2, #0
10008cdc:	d001      	beq.n	10008ce2 <can2040_pio_irq_handler+0x1f2>
10008cde:	65a3      	str	r3, [r4, #88]	@ 0x58
10008ce0:	618b      	str	r3, [r1, #24]
10008ce2:	4b9f      	ldr	r3, [pc, #636]	@ (10008f60 <can2040_pio_irq_handler+0x470>)
10008ce4:	4a99      	ldr	r2, [pc, #612]	@ (10008f4c <can2040_pio_irq_handler+0x45c>)
10008ce6:	650b      	str	r3, [r1, #80]	@ 0x50
10008ce8:	2396      	movs	r3, #150	@ 0x96
10008cea:	005b      	lsls	r3, r3, #1
10008cec:	50ca      	str	r2, [r1, r3]
10008cee:	6aa3      	ldr	r3, [r4, #40]	@ 0x28
10008cf0:	6a62      	ldr	r2, [r4, #36]	@ 0x24
10008cf2:	4698      	mov	r8, r3
10008cf4:	6b21      	ldr	r1, [r4, #48]	@ 0x30
10008cf6:	0850      	lsrs	r0, r2, #1
10008cf8:	4050      	eors	r0, r2
10008cfa:	0843      	lsrs	r3, r0, #1
10008cfc:	4303      	orrs	r3, r0
10008cfe:	0898      	lsrs	r0, r3, #2
10008d00:	4318      	orrs	r0, r3
10008d02:	43c3      	mvns	r3, r0
10008d04:	9301      	str	r3, [sp, #4]
10008d06:	4643      	mov	r3, r8
10008d08:	2b00      	cmp	r3, #0
10008d0a:	d000      	beq.n	10008d0e <can2040_pio_irq_handler+0x21e>
10008d0c:	e716      	b.n	10008b3c <can2040_pio_irq_handler+0x4c>
10008d0e:	e739      	b.n	10008b84 <can2040_pio_irq_handler+0x94>
10008d10:	2101      	movs	r1, #1
10008d12:	6be2      	ldr	r2, [r4, #60]	@ 0x3c
10008d14:	0052      	lsls	r2, r2, #1
10008d16:	430a      	orrs	r2, r1
10008d18:	4293      	cmp	r3, r2
10008d1a:	d000      	beq.n	10008d1e <can2040_pio_irq_handler+0x22e>
10008d1c:	e1af      	b.n	1000907e <can2040_pio_irq_handler+0x58e>
10008d1e:	6da3      	ldr	r3, [r4, #88]	@ 0x58
10008d20:	2b02      	cmp	r3, #2
10008d22:	d105      	bne.n	10008d30 <can2040_pio_irq_handler+0x240>
10008d24:	6862      	ldr	r2, [r4, #4]
10008d26:	498f      	ldr	r1, [pc, #572]	@ (10008f64 <can2040_pio_irq_handler+0x474>)
10008d28:	332b      	adds	r3, #43	@ 0x2b
10008d2a:	33ff      	adds	r3, #255	@ 0xff
10008d2c:	50d1      	str	r1, [r2, r3]
10008d2e:	6aa7      	ldr	r7, [r4, #40]	@ 0x28
10008d30:	2301      	movs	r3, #1
10008d32:	40bb      	lsls	r3, r7
10008d34:	6a62      	ldr	r2, [r4, #36]	@ 0x24
10008d36:	1e59      	subs	r1, r3, #1
10008d38:	400a      	ands	r2, r1
10008d3a:	005b      	lsls	r3, r3, #1
10008d3c:	431a      	orrs	r2, r3
10008d3e:	2306      	movs	r3, #6
10008d40:	63a3      	str	r3, [r4, #56]	@ 0x38
10008d42:	2300      	movs	r3, #0
10008d44:	62e3      	str	r3, [r4, #44]	@ 0x2c
10008d46:	3302      	adds	r3, #2
10008d48:	46b8      	mov	r8, r7
10008d4a:	2102      	movs	r1, #2
10008d4c:	6262      	str	r2, [r4, #36]	@ 0x24
10008d4e:	6323      	str	r3, [r4, #48]	@ 0x30
10008d50:	e7d1      	b.n	10008cf6 <can2040_pio_irq_handler+0x206>
10008d52:	6ce2      	ldr	r2, [r4, #76]	@ 0x4c
10008d54:	6be0      	ldr	r0, [r4, #60]	@ 0x3c
10008d56:	2a07      	cmp	r2, #7
10008d58:	d900      	bls.n	10008d5c <can2040_pio_irq_handler+0x26c>
10008d5a:	e246      	b.n	100091ea <can2040_pio_irq_handler+0x6fa>
10008d5c:	1f17      	subs	r7, r2, #4
10008d5e:	2a06      	cmp	r2, #6
10008d60:	d100      	bne.n	10008d64 <can2040_pio_irq_handler+0x274>
10008d62:	e30b      	b.n	1000937c <can2040_pio_irq_handler+0x88c>
10008d64:	2f03      	cmp	r7, #3
10008d66:	d100      	bne.n	10008d6a <can2040_pio_irq_handler+0x27a>
10008d68:	e30b      	b.n	10009382 <can2040_pio_irq_handler+0x892>
10008d6a:	2f01      	cmp	r7, #1
10008d6c:	d000      	beq.n	10008d70 <can2040_pio_irq_handler+0x280>
10008d6e:	e23d      	b.n	100091ec <can2040_pio_irq_handler+0x6fc>
10008d70:	4a7d      	ldr	r2, [pc, #500]	@ (10008f68 <can2040_pio_irq_handler+0x478>)
10008d72:	0619      	lsls	r1, r3, #24
10008d74:	09c7      	lsrs	r7, r0, #7
10008d76:	405f      	eors	r7, r3
10008d78:	23ff      	movs	r3, #255	@ 0xff
10008d7a:	403b      	ands	r3, r7
10008d7c:	005b      	lsls	r3, r3, #1
10008d7e:	5ad3      	ldrh	r3, [r2, r3]
10008d80:	0200      	lsls	r0, r0, #8
10008d82:	4043      	eors	r3, r0
10008d84:	ba09      	rev	r1, r1
10008d86:	63e3      	str	r3, [r4, #60]	@ 0x3c
10008d88:	6561      	str	r1, [r4, #84]	@ 0x54
10008d8a:	0020      	movs	r0, r4
10008d8c:	f7ff fe2a 	bl	100089e4 <data_state_go_crc>
10008d90:	6aa3      	ldr	r3, [r4, #40]	@ 0x28
10008d92:	6a62      	ldr	r2, [r4, #36]	@ 0x24
10008d94:	4698      	mov	r8, r3
10008d96:	6b21      	ldr	r1, [r4, #48]	@ 0x30
10008d98:	e7ad      	b.n	10008cf6 <can2040_pio_irq_handler+0x206>
10008d9a:	6ce2      	ldr	r2, [r4, #76]	@ 0x4c
10008d9c:	4690      	mov	r8, r2
10008d9e:	6be2      	ldr	r2, [r4, #60]	@ 0x3c
10008da0:	4694      	mov	ip, r2
10008da2:	4642      	mov	r2, r8
10008da4:	2a03      	cmp	r2, #3
10008da6:	d900      	bls.n	10008daa <can2040_pio_irq_handler+0x2ba>
10008da8:	e1d6      	b.n	10009158 <can2040_pio_irq_handler+0x668>
10008daa:	2a02      	cmp	r2, #2
10008dac:	d100      	bne.n	10008db0 <can2040_pio_irq_handler+0x2c0>
10008dae:	e2df      	b.n	10009370 <can2040_pio_irq_handler+0x880>
10008db0:	2a03      	cmp	r2, #3
10008db2:	d100      	bne.n	10008db6 <can2040_pio_irq_handler+0x2c6>
10008db4:	e2df      	b.n	10009376 <can2040_pio_irq_handler+0x886>
10008db6:	2a01      	cmp	r2, #1
10008db8:	d000      	beq.n	10008dbc <can2040_pio_irq_handler+0x2cc>
10008dba:	e1ce      	b.n	1000915a <can2040_pio_irq_handler+0x66a>
10008dbc:	4661      	mov	r1, ip
10008dbe:	09c8      	lsrs	r0, r1, #7
10008dc0:	21ff      	movs	r1, #255	@ 0xff
10008dc2:	4058      	eors	r0, r3
10008dc4:	4a68      	ldr	r2, [pc, #416]	@ (10008f68 <can2040_pio_irq_handler+0x478>)
10008dc6:	4001      	ands	r1, r0
10008dc8:	0049      	lsls	r1, r1, #1
10008dca:	5a52      	ldrh	r2, [r2, r1]
10008dcc:	4661      	mov	r1, ip
10008dce:	061b      	lsls	r3, r3, #24
10008dd0:	0209      	lsls	r1, r1, #8
10008dd2:	404a      	eors	r2, r1
10008dd4:	ba1b      	rev	r3, r3
10008dd6:	63e2      	str	r2, [r4, #60]	@ 0x3c
10008dd8:	6523      	str	r3, [r4, #80]	@ 0x50
10008dda:	e7d6      	b.n	10008d8a <can2040_pio_irq_handler+0x29a>
10008ddc:	6ca0      	ldr	r0, [r4, #72]	@ 0x48
10008dde:	4a62      	ldr	r2, [pc, #392]	@ (10008f68 <can2040_pio_irq_handler+0x478>)
10008de0:	0b01      	lsrs	r1, r0, #12
10008de2:	468c      	mov	ip, r1
10008de4:	21ff      	movs	r1, #255	@ 0xff
10008de6:	4666      	mov	r6, ip
10008de8:	400e      	ands	r6, r1
10008dea:	0076      	lsls	r6, r6, #1
10008dec:	5b96      	ldrh	r6, [r2, r6]
10008dee:	468b      	mov	fp, r1
10008df0:	46b0      	mov	r8, r6
10008df2:	0906      	lsrs	r6, r0, #4
10008df4:	46b4      	mov	ip, r6
10008df6:	4646      	mov	r6, r8
10008df8:	09f6      	lsrs	r6, r6, #7
10008dfa:	46b1      	mov	r9, r6
10008dfc:	4666      	mov	r6, ip
10008dfe:	4649      	mov	r1, r9
10008e00:	404e      	eors	r6, r1
10008e02:	4659      	mov	r1, fp
10008e04:	400e      	ands	r6, r1
10008e06:	0071      	lsls	r1, r6, #1
10008e08:	5a51      	ldrh	r1, [r2, r1]
10008e0a:	468a      	mov	sl, r1
10008e0c:	4641      	mov	r1, r8
10008e0e:	4656      	mov	r6, sl
10008e10:	0209      	lsls	r1, r1, #8
10008e12:	404e      	eors	r6, r1
10008e14:	0501      	lsls	r1, r0, #20
10008e16:	468c      	mov	ip, r1
10008e18:	21f0      	movs	r1, #240	@ 0xf0
10008e1a:	46b2      	mov	sl, r6
10008e1c:	4666      	mov	r6, ip
10008e1e:	0409      	lsls	r1, r1, #16
10008e20:	400e      	ands	r6, r1
10008e22:	431e      	orrs	r6, r3
10008e24:	0c31      	lsrs	r1, r6, #16
10008e26:	4688      	mov	r8, r1
10008e28:	4651      	mov	r1, sl
10008e2a:	46b4      	mov	ip, r6
10008e2c:	4646      	mov	r6, r8
10008e2e:	09c9      	lsrs	r1, r1, #7
10008e30:	404e      	eors	r6, r1
10008e32:	4659      	mov	r1, fp
10008e34:	400e      	ands	r6, r1
10008e36:	0071      	lsls	r1, r6, #1
10008e38:	5a51      	ldrh	r1, [r2, r1]
10008e3a:	4689      	mov	r9, r1
10008e3c:	4651      	mov	r1, sl
10008e3e:	464e      	mov	r6, r9
10008e40:	0209      	lsls	r1, r1, #8
10008e42:	404e      	eors	r6, r1
10008e44:	4661      	mov	r1, ip
10008e46:	0a09      	lsrs	r1, r1, #8
10008e48:	4688      	mov	r8, r1
10008e4a:	46b1      	mov	r9, r6
10008e4c:	09f1      	lsrs	r1, r6, #7
10008e4e:	4646      	mov	r6, r8
10008e50:	404e      	eors	r6, r1
10008e52:	4659      	mov	r1, fp
10008e54:	400e      	ands	r6, r1
10008e56:	0071      	lsls	r1, r6, #1
10008e58:	5a51      	ldrh	r1, [r2, r1]
10008e5a:	4688      	mov	r8, r1
10008e5c:	4649      	mov	r1, r9
10008e5e:	4646      	mov	r6, r8
10008e60:	0209      	lsls	r1, r1, #8
10008e62:	404e      	eors	r6, r1
10008e64:	09f1      	lsrs	r1, r6, #7
10008e66:	46b0      	mov	r8, r6
10008e68:	4666      	mov	r6, ip
10008e6a:	404e      	eors	r6, r1
10008e6c:	0031      	movs	r1, r6
10008e6e:	465e      	mov	r6, fp
10008e70:	400e      	ands	r6, r1
10008e72:	0071      	lsls	r1, r6, #1
10008e74:	5a51      	ldrh	r1, [r2, r1]
10008e76:	4642      	mov	r2, r8
10008e78:	0212      	lsls	r2, r2, #8
10008e7a:	404a      	eors	r2, r1
10008e7c:	493b      	ldr	r1, [pc, #236]	@ (10008f6c <can2040_pio_irq_handler+0x47c>)
10008e7e:	63e2      	str	r2, [r4, #60]	@ 0x3c
10008e80:	02c2      	lsls	r2, r0, #11
10008e82:	4011      	ands	r1, r2
10008e84:	0342      	lsls	r2, r0, #13
10008e86:	20f8      	movs	r0, #248	@ 0xf8
10008e88:	0280      	lsls	r0, r0, #10
10008e8a:	4002      	ands	r2, r0
10008e8c:	430a      	orrs	r2, r1
10008e8e:	09d9      	lsrs	r1, r3, #7
10008e90:	430a      	orrs	r2, r1
10008e92:	2130      	movs	r1, #48	@ 0x30
10008e94:	0008      	movs	r0, r1
10008e96:	4018      	ands	r0, r3
10008e98:	4219      	tst	r1, r3
10008e9a:	d000      	beq.n	10008e9e <can2040_pio_irq_handler+0x3ae>
10008e9c:	e0f2      	b.n	10009084 <can2040_pio_irq_handler+0x594>
10008e9e:	6560      	str	r0, [r4, #84]	@ 0x54
10008ea0:	6520      	str	r0, [r4, #80]	@ 0x50
10008ea2:	200f      	movs	r0, #15
10008ea4:	4018      	ands	r0, r3
10008ea6:	64e0      	str	r0, [r4, #76]	@ 0x4c
10008ea8:	0659      	lsls	r1, r3, #25
10008eaa:	d400      	bmi.n	10008eae <can2040_pio_irq_handler+0x3be>
10008eac:	e1bb      	b.n	10009226 <can2040_pio_irq_handler+0x736>
10008eae:	23c0      	movs	r3, #192	@ 0xc0
10008eb0:	061b      	lsls	r3, r3, #24
10008eb2:	4313      	orrs	r3, r2
10008eb4:	64a3      	str	r3, [r4, #72]	@ 0x48
10008eb6:	e768      	b.n	10008d8a <can2040_pio_irq_handler+0x29a>
10008eb8:	6ca2      	ldr	r2, [r4, #72]	@ 0x48
10008eba:	0452      	lsls	r2, r2, #17
10008ebc:	4313      	orrs	r3, r2
10008ebe:	2260      	movs	r2, #96	@ 0x60
10008ec0:	401a      	ands	r2, r3
10008ec2:	2a60      	cmp	r2, #96	@ 0x60
10008ec4:	d100      	bne.n	10008ec8 <can2040_pio_irq_handler+0x3d8>
10008ec6:	e1bc      	b.n	10009242 <can2040_pio_irq_handler+0x752>
10008ec8:	20ff      	movs	r0, #255	@ 0xff
10008eca:	0c19      	lsrs	r1, r3, #16
10008ecc:	4a26      	ldr	r2, [pc, #152]	@ (10008f68 <can2040_pio_irq_handler+0x478>)
10008ece:	4001      	ands	r1, r0
10008ed0:	0049      	lsls	r1, r1, #1
10008ed2:	5a51      	ldrh	r1, [r2, r1]
10008ed4:	468c      	mov	ip, r1
10008ed6:	4666      	mov	r6, ip
10008ed8:	0a19      	lsrs	r1, r3, #8
10008eda:	09f6      	lsrs	r6, r6, #7
10008edc:	4071      	eors	r1, r6
10008ede:	4666      	mov	r6, ip
10008ee0:	4001      	ands	r1, r0
10008ee2:	0049      	lsls	r1, r1, #1
10008ee4:	5a51      	ldrh	r1, [r2, r1]
10008ee6:	0236      	lsls	r6, r6, #8
10008ee8:	4071      	eors	r1, r6
10008eea:	09ce      	lsrs	r6, r1, #7
10008eec:	405e      	eors	r6, r3
10008eee:	4030      	ands	r0, r6
10008ef0:	0040      	lsls	r0, r0, #1
10008ef2:	5a12      	ldrh	r2, [r2, r0]
10008ef4:	0209      	lsls	r1, r1, #8
10008ef6:	404a      	eors	r2, r1
10008ef8:	63e2      	str	r2, [r4, #60]	@ 0x3c
10008efa:	2230      	movs	r2, #48	@ 0x30
10008efc:	0010      	movs	r0, r2
10008efe:	0399      	lsls	r1, r3, #14
10008f00:	0d49      	lsrs	r1, r1, #21
10008f02:	4018      	ands	r0, r3
10008f04:	421a      	tst	r2, r3
10008f06:	d000      	beq.n	10008f0a <can2040_pio_irq_handler+0x41a>
10008f08:	e1e1      	b.n	100092ce <can2040_pio_irq_handler+0x7de>
10008f0a:	220f      	movs	r2, #15
10008f0c:	401a      	ands	r2, r3
10008f0e:	6560      	str	r0, [r4, #84]	@ 0x54
10008f10:	6520      	str	r0, [r4, #80]	@ 0x50
10008f12:	64e2      	str	r2, [r4, #76]	@ 0x4c
10008f14:	0658      	lsls	r0, r3, #25
10008f16:	d400      	bmi.n	10008f1a <can2040_pio_irq_handler+0x42a>
10008f18:	e205      	b.n	10009326 <can2040_pio_irq_handler+0x836>
10008f1a:	2380      	movs	r3, #128	@ 0x80
10008f1c:	05db      	lsls	r3, r3, #23
10008f1e:	430b      	orrs	r3, r1
10008f20:	64a3      	str	r3, [r4, #72]	@ 0x48
10008f22:	e732      	b.n	10008d8a <can2040_pio_irq_handler+0x29a>
10008f24:	64a3      	str	r3, [r4, #72]	@ 0x48
10008f26:	2181      	movs	r1, #129	@ 0x81
10008f28:	2396      	movs	r3, #150	@ 0x96
10008f2a:	6862      	ldr	r2, [r4, #4]
10008f2c:	005b      	lsls	r3, r3, #1
10008f2e:	0049      	lsls	r1, r1, #1
10008f30:	50d1      	str	r1, [r2, r3]
10008f32:	3b2c      	subs	r3, #44	@ 0x2c
10008f34:	3bff      	subs	r3, #255	@ 0xff
10008f36:	63a3      	str	r3, [r4, #56]	@ 0x38
10008f38:	2300      	movs	r3, #0
10008f3a:	62e3      	str	r3, [r4, #44]	@ 0x2c
10008f3c:	3311      	adds	r3, #17
10008f3e:	6323      	str	r3, [r4, #48]	@ 0x30
10008f40:	6aa3      	ldr	r3, [r4, #40]	@ 0x28
10008f42:	6a62      	ldr	r2, [r4, #36]	@ 0x24
10008f44:	4698      	mov	r8, r3
10008f46:	39f1      	subs	r1, #241	@ 0xf1
10008f48:	e6d5      	b.n	10008cf6 <can2040_pio_irq_handler+0x206>
10008f4a:	46c0      	nop			@ (mov r8, r8)
10008f4c:	00000302 	.word	0x00000302
10008f50:	fffffdff 	.word	0xfffffdff
10008f54:	1000a198 	.word	0x1000a198
10008f58:	0000e12a 	.word	0x0000e12a
10008f5c:	00000202 	.word	0x00000202
10008f60:	0000a127 	.word	0x0000a127
10008f64:	00000502 	.word	0x00000502
10008f68:	1000a1c0 	.word	0x1000a1c0
10008f6c:	1ffc0000 	.word	0x1ffc0000
10008f70:	6861      	ldr	r1, [r4, #4]
10008f72:	2b0f      	cmp	r3, #15
10008f74:	d000      	beq.n	10008f78 <can2040_pio_irq_handler+0x488>
10008f76:	e0a1      	b.n	100090bc <can2040_pio_irq_handler+0x5cc>
10008f78:	2002      	movs	r0, #2
10008f7a:	0006      	movs	r6, r0
10008f7c:	688b      	ldr	r3, [r1, #8]
10008f7e:	401e      	ands	r6, r3
10008f80:	4218      	tst	r0, r3
10008f82:	d000      	beq.n	10008f86 <can2040_pio_irq_handler+0x496>
10008f84:	e09a      	b.n	100090bc <can2040_pio_irq_handler+0x5cc>
10008f86:	2301      	movs	r3, #1
10008f88:	40bb      	lsls	r3, r7
10008f8a:	1e59      	subs	r1, r3, #1
10008f8c:	400a      	ands	r2, r1
10008f8e:	005b      	lsls	r3, r3, #1
10008f90:	431a      	orrs	r2, r3
10008f92:	2308      	movs	r3, #8
10008f94:	63a3      	str	r3, [r4, #56]	@ 0x38
10008f96:	2305      	movs	r3, #5
10008f98:	46b8      	mov	r8, r7
10008f9a:	2105      	movs	r1, #5
10008f9c:	6262      	str	r2, [r4, #36]	@ 0x24
10008f9e:	62e6      	str	r6, [r4, #44]	@ 0x2c
10008fa0:	6323      	str	r3, [r4, #48]	@ 0x30
10008fa2:	e6a8      	b.n	10008cf6 <can2040_pio_irq_handler+0x206>
10008fa4:	2b01      	cmp	r3, #1
10008fa6:	d160      	bne.n	1000906a <can2040_pio_irq_handler+0x57a>
10008fa8:	6da3      	ldr	r3, [r4, #88]	@ 0x58
10008faa:	2b00      	cmp	r3, #0
10008fac:	d002      	beq.n	10008fb4 <can2040_pio_irq_handler+0x4c4>
10008fae:	2204      	movs	r2, #4
10008fb0:	4313      	orrs	r3, r2
10008fb2:	65a3      	str	r3, [r4, #88]	@ 0x58
10008fb4:	2307      	movs	r3, #7
10008fb6:	63a3      	str	r3, [r4, #56]	@ 0x38
10008fb8:	2300      	movs	r3, #0
10008fba:	62e3      	str	r3, [r4, #44]	@ 0x2c
10008fbc:	3304      	adds	r3, #4
10008fbe:	46b8      	mov	r8, r7
10008fc0:	2104      	movs	r1, #4
10008fc2:	6a62      	ldr	r2, [r4, #36]	@ 0x24
10008fc4:	6323      	str	r3, [r4, #48]	@ 0x30
10008fc6:	e696      	b.n	10008cf6 <can2040_pio_irq_handler+0x206>
10008fc8:	6863      	ldr	r3, [r4, #4]
10008fca:	689a      	ldr	r2, [r3, #8]
10008fcc:	0792      	lsls	r2, r2, #30
10008fce:	d500      	bpl.n	10008fd2 <can2040_pio_irq_handler+0x4e2>
10008fd0:	e16b      	b.n	100092aa <can2040_pio_irq_handler+0x7ba>
10008fd2:	2209      	movs	r2, #9
10008fd4:	2120      	movs	r1, #32
10008fd6:	63a2      	str	r2, [r4, #56]	@ 0x38
10008fd8:	2200      	movs	r2, #0
10008fda:	6321      	str	r1, [r4, #48]	@ 0x30
10008fdc:	6da1      	ldr	r1, [r4, #88]	@ 0x58
10008fde:	62e2      	str	r2, [r4, #44]	@ 0x2c
10008fe0:	2900      	cmp	r1, #0
10008fe2:	d001      	beq.n	10008fe8 <can2040_pio_irq_handler+0x4f8>
10008fe4:	65a2      	str	r2, [r4, #88]	@ 0x58
10008fe6:	619a      	str	r2, [r3, #24]
10008fe8:	4adb      	ldr	r2, [pc, #876]	@ (10009358 <can2040_pio_irq_handler+0x868>)
10008fea:	651a      	str	r2, [r3, #80]	@ 0x50
10008fec:	2296      	movs	r2, #150	@ 0x96
10008fee:	0052      	lsls	r2, r2, #1
10008ff0:	49da      	ldr	r1, [pc, #872]	@ (1000935c <can2040_pio_irq_handler+0x86c>)
10008ff2:	5099      	str	r1, [r3, r2]
10008ff4:	6aa3      	ldr	r3, [r4, #40]	@ 0x28
10008ff6:	6a62      	ldr	r2, [r4, #36]	@ 0x24
10008ff8:	4698      	mov	r8, r3
10008ffa:	6b21      	ldr	r1, [r4, #48]	@ 0x30
10008ffc:	e67b      	b.n	10008cf6 <can2040_pio_irq_handler+0x206>
10008ffe:	2208      	movs	r2, #8
10009000:	6c61      	ldr	r1, [r4, #68]	@ 0x44
10009002:	6c23      	ldr	r3, [r4, #64]	@ 0x40
10009004:	4252      	negs	r2, r2
10009006:	1a52      	subs	r2, r2, r1
10009008:	04db      	lsls	r3, r3, #19
1000900a:	0552      	lsls	r2, r2, #21
1000900c:	0adb      	lsrs	r3, r3, #11
1000900e:	4313      	orrs	r3, r2
10009010:	227f      	movs	r2, #127	@ 0x7f
10009012:	4313      	orrs	r3, r2
10009014:	6862      	ldr	r2, [r4, #4]
10009016:	0020      	movs	r0, r4
10009018:	6193      	str	r3, [r2, #24]
1000901a:	f7ff fc75 	bl	10008908 <tx_schedule_transmit>
1000901e:	2296      	movs	r2, #150	@ 0x96
10009020:	4bcf      	ldr	r3, [pc, #828]	@ (10009360 <can2040_pio_irq_handler+0x870>)
10009022:	6861      	ldr	r1, [r4, #4]
10009024:	4303      	orrs	r3, r0
10009026:	0052      	lsls	r2, r2, #1
10009028:	508b      	str	r3, [r1, r2]
1000902a:	e5b0      	b.n	10008b8e <can2040_pio_irq_handler+0x9e>
1000902c:	6da3      	ldr	r3, [r4, #88]	@ 0x58
1000902e:	2b00      	cmp	r3, #0
10009030:	d100      	bne.n	10009034 <can2040_pio_irq_handler+0x544>
10009032:	e617      	b.n	10008c64 <can2040_pio_irq_handler+0x174>
10009034:	075b      	lsls	r3, r3, #29
10009036:	d510      	bpl.n	1000905a <can2040_pio_irq_handler+0x56a>
10009038:	6863      	ldr	r3, [r4, #4]
1000903a:	4aca      	ldr	r2, [pc, #808]	@ (10009364 <can2040_pio_irq_handler+0x874>)
1000903c:	651a      	str	r2, [r3, #80]	@ 0x50
1000903e:	6da3      	ldr	r3, [r4, #88]	@ 0x58
10009040:	2b06      	cmp	r3, #6
10009042:	d100      	bne.n	10009046 <can2040_pio_irq_handler+0x556>
10009044:	e17a      	b.n	1000933c <can2040_pio_irq_handler+0x84c>
10009046:	0022      	movs	r2, r4
10009048:	2180      	movs	r1, #128	@ 0x80
1000904a:	6963      	ldr	r3, [r4, #20]
1000904c:	0020      	movs	r0, r4
1000904e:	3301      	adds	r3, #1
10009050:	6163      	str	r3, [r4, #20]
10009052:	3248      	adds	r2, #72	@ 0x48
10009054:	6923      	ldr	r3, [r4, #16]
10009056:	0349      	lsls	r1, r1, #13
10009058:	4798      	blx	r3
1000905a:	2300      	movs	r3, #0
1000905c:	6862      	ldr	r2, [r4, #4]
1000905e:	65a3      	str	r3, [r4, #88]	@ 0x58
10009060:	6193      	str	r3, [r2, #24]
10009062:	e5ff      	b.n	10008c64 <can2040_pio_irq_handler+0x174>
10009064:	46b8      	mov	r8, r7
10009066:	6a62      	ldr	r2, [r4, #36]	@ 0x24
10009068:	e645      	b.n	10008cf6 <can2040_pio_irq_handler+0x206>
1000906a:	6c21      	ldr	r1, [r4, #64]	@ 0x40
1000906c:	0089      	lsls	r1, r1, #2
1000906e:	430b      	orrs	r3, r1
10009070:	2101      	movs	r1, #1
10009072:	40b9      	lsls	r1, r7
10009074:	40bb      	lsls	r3, r7
10009076:	3901      	subs	r1, #1
10009078:	400a      	ands	r2, r1
1000907a:	4313      	orrs	r3, r2
1000907c:	6263      	str	r3, [r4, #36]	@ 0x24
1000907e:	6a23      	ldr	r3, [r4, #32]
10009080:	3301      	adds	r3, #1
10009082:	6223      	str	r3, [r4, #32]
10009084:	6863      	ldr	r3, [r4, #4]
10009086:	2700      	movs	r7, #0
10009088:	689a      	ldr	r2, [r3, #8]
1000908a:	0792      	lsls	r2, r2, #30
1000908c:	d5a1      	bpl.n	10008fd2 <can2040_pio_irq_handler+0x4e2>
1000908e:	0020      	movs	r0, r4
10009090:	62a7      	str	r7, [r4, #40]	@ 0x28
10009092:	6267      	str	r7, [r4, #36]	@ 0x24
10009094:	6367      	str	r7, [r4, #52]	@ 0x34
10009096:	f7ff fb45 	bl	10008724 <pio_sm_setup>
1000909a:	2210      	movs	r2, #16
1000909c:	0039      	movs	r1, r7
1000909e:	a802      	add	r0, sp, #8
100090a0:	f7f9 f832 	bl	10002108 <__wrap_memset>
100090a4:	2180      	movs	r1, #128	@ 0x80
100090a6:	6923      	ldr	r3, [r4, #16]
100090a8:	0020      	movs	r0, r4
100090aa:	aa02      	add	r2, sp, #8
100090ac:	0409      	lsls	r1, r1, #16
100090ae:	4798      	blx	r3
100090b0:	6863      	ldr	r3, [r4, #4]
100090b2:	e78e      	b.n	10008fd2 <can2040_pio_irq_handler+0x4e2>
100090b4:	2204      	movs	r2, #4
100090b6:	4313      	orrs	r3, r2
100090b8:	65a3      	str	r3, [r4, #88]	@ 0x58
100090ba:	e7bd      	b.n	10009038 <can2040_pio_irq_handler+0x548>
100090bc:	6a23      	ldr	r3, [r4, #32]
100090be:	3301      	adds	r3, #1
100090c0:	6223      	str	r3, [r4, #32]
100090c2:	688b      	ldr	r3, [r1, #8]
100090c4:	079b      	lsls	r3, r3, #30
100090c6:	d400      	bmi.n	100090ca <can2040_pio_irq_handler+0x5da>
100090c8:	e600      	b.n	10008ccc <can2040_pio_irq_handler+0x1dc>
100090ca:	2300      	movs	r3, #0
100090cc:	0020      	movs	r0, r4
100090ce:	62a3      	str	r3, [r4, #40]	@ 0x28
100090d0:	6263      	str	r3, [r4, #36]	@ 0x24
100090d2:	6363      	str	r3, [r4, #52]	@ 0x34
100090d4:	f7ff fb26 	bl	10008724 <pio_sm_setup>
100090d8:	2210      	movs	r2, #16
100090da:	2100      	movs	r1, #0
100090dc:	a802      	add	r0, sp, #8
100090de:	f7f9 f813 	bl	10002108 <__wrap_memset>
100090e2:	2180      	movs	r1, #128	@ 0x80
100090e4:	0020      	movs	r0, r4
100090e6:	0409      	lsls	r1, r1, #16
100090e8:	6923      	ldr	r3, [r4, #16]
100090ea:	aa02      	add	r2, sp, #8
100090ec:	4798      	blx	r3
100090ee:	6861      	ldr	r1, [r4, #4]
100090f0:	e5ec      	b.n	10008ccc <can2040_pio_irq_handler+0x1dc>
100090f2:	4653      	mov	r3, sl
100090f4:	4650      	mov	r0, sl
100090f6:	62a3      	str	r3, [r4, #40]	@ 0x28
100090f8:	464b      	mov	r3, r9
100090fa:	4083      	lsls	r3, r0
100090fc:	9801      	ldr	r0, [sp, #4]
100090fe:	4657      	mov	r7, sl
10009100:	4203      	tst	r3, r0
10009102:	d100      	bne.n	10009106 <can2040_pio_irq_handler+0x616>
10009104:	e53c      	b.n	10008b80 <can2040_pio_irq_handler+0x90>
10009106:	0017      	movs	r7, r2
10009108:	6ba1      	ldr	r1, [r4, #56]	@ 0x38
1000910a:	401f      	ands	r7, r3
1000910c:	421a      	tst	r2, r3
1000910e:	d017      	beq.n	10009140 <can2040_pio_irq_handler+0x650>
10009110:	2909      	cmp	r1, #9
10009112:	d002      	beq.n	1000911a <can2040_pio_irq_handler+0x62a>
10009114:	2900      	cmp	r1, #0
10009116:	d000      	beq.n	1000911a <can2040_pio_irq_handler+0x62a>
10009118:	e16d      	b.n	100093f6 <can2040_pio_irq_handler+0x906>
1000911a:	4653      	mov	r3, sl
1000911c:	40da      	lsrs	r2, r3
1000911e:	43d3      	mvns	r3, r2
10009120:	3201      	adds	r2, #1
10009122:	d100      	bne.n	10009126 <can2040_pio_irq_handler+0x636>
10009124:	e159      	b.n	100093da <can2040_pio_irq_handler+0x8ea>
10009126:	059b      	lsls	r3, r3, #22
10009128:	0d9a      	lsrs	r2, r3, #22
1000912a:	2b00      	cmp	r3, #0
1000912c:	d000      	beq.n	10009130 <can2040_pio_irq_handler+0x640>
1000912e:	e0ce      	b.n	100092ce <can2040_pio_irq_handler+0x7de>
10009130:	3301      	adds	r3, #1
10009132:	63a2      	str	r2, [r4, #56]	@ 0x38
10009134:	62e2      	str	r2, [r4, #44]	@ 0x2c
10009136:	46d0      	mov	r8, sl
10009138:	2101      	movs	r1, #1
1000913a:	6a62      	ldr	r2, [r4, #36]	@ 0x24
1000913c:	6323      	str	r3, [r4, #48]	@ 0x30
1000913e:	e5da      	b.n	10008cf6 <can2040_pio_irq_handler+0x206>
10009140:	2909      	cmp	r1, #9
10009142:	d100      	bne.n	10009146 <can2040_pio_irq_handler+0x656>
10009144:	e0d8      	b.n	100092f8 <can2040_pio_irq_handler+0x808>
10009146:	6a23      	ldr	r3, [r4, #32]
10009148:	3301      	adds	r3, #1
1000914a:	6223      	str	r3, [r4, #32]
1000914c:	6863      	ldr	r3, [r4, #4]
1000914e:	689a      	ldr	r2, [r3, #8]
10009150:	0792      	lsls	r2, r2, #30
10009152:	d400      	bmi.n	10009156 <can2040_pio_irq_handler+0x666>
10009154:	e73d      	b.n	10008fd2 <can2040_pio_irq_handler+0x4e2>
10009156:	e79a      	b.n	1000908e <can2040_pio_irq_handler+0x59e>
10009158:	0019      	movs	r1, r3
1000915a:	4666      	mov	r6, ip
1000915c:	0e18      	lsrs	r0, r3, #24
1000915e:	09f6      	lsrs	r6, r6, #7
10009160:	4046      	eors	r6, r0
10009162:	20ff      	movs	r0, #255	@ 0xff
10009164:	4a80      	ldr	r2, [pc, #512]	@ (10009368 <can2040_pio_irq_handler+0x878>)
10009166:	4030      	ands	r0, r6
10009168:	0040      	lsls	r0, r0, #1
1000916a:	5a10      	ldrh	r0, [r2, r0]
1000916c:	4681      	mov	r9, r0
1000916e:	4660      	mov	r0, ip
10009170:	464e      	mov	r6, r9
10009172:	0200      	lsls	r0, r0, #8
10009174:	4046      	eors	r6, r0
10009176:	46b4      	mov	ip, r6
10009178:	4666      	mov	r6, ip
1000917a:	0c18      	lsrs	r0, r3, #16
1000917c:	09f6      	lsrs	r6, r6, #7
1000917e:	4046      	eors	r6, r0
10009180:	20ff      	movs	r0, #255	@ 0xff
10009182:	4030      	ands	r0, r6
10009184:	0040      	lsls	r0, r0, #1
10009186:	5a10      	ldrh	r0, [r2, r0]
10009188:	4681      	mov	r9, r0
1000918a:	4660      	mov	r0, ip
1000918c:	464e      	mov	r6, r9
1000918e:	0200      	lsls	r0, r0, #8
10009190:	4046      	eors	r6, r0
10009192:	46b4      	mov	ip, r6
10009194:	4666      	mov	r6, ip
10009196:	0a18      	lsrs	r0, r3, #8
10009198:	09f6      	lsrs	r6, r6, #7
1000919a:	4070      	eors	r0, r6
1000919c:	26ff      	movs	r6, #255	@ 0xff
1000919e:	4030      	ands	r0, r6
100091a0:	0040      	lsls	r0, r0, #1
100091a2:	5a10      	ldrh	r0, [r2, r0]
100091a4:	46b1      	mov	r9, r6
100091a6:	4682      	mov	sl, r0
100091a8:	4660      	mov	r0, ip
100091aa:	4656      	mov	r6, sl
100091ac:	0200      	lsls	r0, r0, #8
100091ae:	4070      	eors	r0, r6
100091b0:	09c6      	lsrs	r6, r0, #7
100091b2:	4073      	eors	r3, r6
100091b4:	464e      	mov	r6, r9
100091b6:	4033      	ands	r3, r6
100091b8:	005b      	lsls	r3, r3, #1
100091ba:	5ad3      	ldrh	r3, [r2, r3]
100091bc:	0200      	lsls	r0, r0, #8
100091be:	4043      	eors	r3, r0
100091c0:	63e3      	str	r3, [r4, #60]	@ 0x3c
100091c2:	4643      	mov	r3, r8
100091c4:	ba09      	rev	r1, r1
100091c6:	6521      	str	r1, [r4, #80]	@ 0x50
100091c8:	2b04      	cmp	r3, #4
100091ca:	d800      	bhi.n	100091ce <can2040_pio_irq_handler+0x6de>
100091cc:	e5dd      	b.n	10008d8a <can2040_pio_irq_handler+0x29a>
100091ce:	2120      	movs	r1, #32
100091d0:	2b07      	cmp	r3, #7
100091d2:	d802      	bhi.n	100091da <can2040_pio_irq_handler+0x6ea>
100091d4:	4641      	mov	r1, r8
100091d6:	3904      	subs	r1, #4
100091d8:	00c9      	lsls	r1, r1, #3
100091da:	2304      	movs	r3, #4
100091dc:	63a3      	str	r3, [r4, #56]	@ 0x38
100091de:	2300      	movs	r3, #0
100091e0:	46b8      	mov	r8, r7
100091e2:	6a62      	ldr	r2, [r4, #36]	@ 0x24
100091e4:	62e3      	str	r3, [r4, #44]	@ 0x2c
100091e6:	6321      	str	r1, [r4, #48]	@ 0x30
100091e8:	e585      	b.n	10008cf6 <can2040_pio_irq_handler+0x206>
100091ea:	0019      	movs	r1, r3
100091ec:	0e1f      	lsrs	r7, r3, #24
100091ee:	09c6      	lsrs	r6, r0, #7
100091f0:	407e      	eors	r6, r7
100091f2:	27ff      	movs	r7, #255	@ 0xff
100091f4:	4a5c      	ldr	r2, [pc, #368]	@ (10009368 <can2040_pio_irq_handler+0x878>)
100091f6:	4037      	ands	r7, r6
100091f8:	007f      	lsls	r7, r7, #1
100091fa:	5bd7      	ldrh	r7, [r2, r7]
100091fc:	0200      	lsls	r0, r0, #8
100091fe:	4078      	eors	r0, r7
10009200:	0c1f      	lsrs	r7, r3, #16
10009202:	09c6      	lsrs	r6, r0, #7
10009204:	407e      	eors	r6, r7
10009206:	27ff      	movs	r7, #255	@ 0xff
10009208:	4037      	ands	r7, r6
1000920a:	007f      	lsls	r7, r7, #1
1000920c:	5bd7      	ldrh	r7, [r2, r7]
1000920e:	0200      	lsls	r0, r0, #8
10009210:	4078      	eors	r0, r7
10009212:	0a1f      	lsrs	r7, r3, #8
10009214:	09c6      	lsrs	r6, r0, #7
10009216:	407e      	eors	r6, r7
10009218:	27ff      	movs	r7, #255	@ 0xff
1000921a:	4037      	ands	r7, r6
1000921c:	007f      	lsls	r7, r7, #1
1000921e:	5bd7      	ldrh	r7, [r2, r7]
10009220:	0200      	lsls	r0, r0, #8
10009222:	4078      	eors	r0, r7
10009224:	e5a6      	b.n	10008d74 <can2040_pio_irq_handler+0x284>
10009226:	2180      	movs	r1, #128	@ 0x80
10009228:	0609      	lsls	r1, r1, #24
1000922a:	430a      	orrs	r2, r1
1000922c:	64a2      	str	r2, [r4, #72]	@ 0x48
1000922e:	2800      	cmp	r0, #0
10009230:	d100      	bne.n	10009234 <can2040_pio_irq_handler+0x744>
10009232:	e5aa      	b.n	10008d8a <can2040_pio_irq_handler+0x29a>
10009234:	220c      	movs	r2, #12
10009236:	2120      	movs	r1, #32
10009238:	421a      	tst	r2, r3
1000923a:	d100      	bne.n	1000923e <can2040_pio_irq_handler+0x74e>
1000923c:	00c1      	lsls	r1, r0, #3
1000923e:	2303      	movs	r3, #3
10009240:	e7cc      	b.n	100091dc <can2040_pio_irq_handler+0x6ec>
10009242:	64a3      	str	r3, [r4, #72]	@ 0x48
10009244:	2302      	movs	r3, #2
10009246:	63a3      	str	r3, [r4, #56]	@ 0x38
10009248:	2300      	movs	r3, #0
1000924a:	62e3      	str	r3, [r4, #44]	@ 0x2c
1000924c:	3314      	adds	r3, #20
1000924e:	46b8      	mov	r8, r7
10009250:	2114      	movs	r1, #20
10009252:	6a62      	ldr	r2, [r4, #36]	@ 0x24
10009254:	6323      	str	r3, [r4, #48]	@ 0x30
10009256:	e54e      	b.n	10008cf6 <can2040_pio_irq_handler+0x206>
10009258:	6da3      	ldr	r3, [r4, #88]	@ 0x58
1000925a:	46b8      	mov	r8, r7
1000925c:	2b00      	cmp	r3, #0
1000925e:	d01c      	beq.n	1000929a <can2040_pio_irq_handler+0x7aa>
10009260:	075b      	lsls	r3, r3, #29
10009262:	d510      	bpl.n	10009286 <can2040_pio_irq_handler+0x796>
10009264:	6863      	ldr	r3, [r4, #4]
10009266:	4a3f      	ldr	r2, [pc, #252]	@ (10009364 <can2040_pio_irq_handler+0x874>)
10009268:	651a      	str	r2, [r3, #80]	@ 0x50
1000926a:	6da3      	ldr	r3, [r4, #88]	@ 0x58
1000926c:	2b06      	cmp	r3, #6
1000926e:	d100      	bne.n	10009272 <can2040_pio_irq_handler+0x782>
10009270:	e0d4      	b.n	1000941c <can2040_pio_irq_handler+0x92c>
10009272:	0022      	movs	r2, r4
10009274:	2180      	movs	r1, #128	@ 0x80
10009276:	6963      	ldr	r3, [r4, #20]
10009278:	0020      	movs	r0, r4
1000927a:	3301      	adds	r3, #1
1000927c:	6163      	str	r3, [r4, #20]
1000927e:	3248      	adds	r2, #72	@ 0x48
10009280:	6923      	ldr	r3, [r4, #16]
10009282:	0349      	lsls	r1, r1, #13
10009284:	4798      	blx	r3
10009286:	2200      	movs	r2, #0
10009288:	6863      	ldr	r3, [r4, #4]
1000928a:	65a2      	str	r2, [r4, #88]	@ 0x58
1000928c:	4937      	ldr	r1, [pc, #220]	@ (1000936c <can2040_pio_irq_handler+0x87c>)
1000928e:	619a      	str	r2, [r3, #24]
10009290:	322d      	adds	r2, #45	@ 0x2d
10009292:	32ff      	adds	r2, #255	@ 0xff
10009294:	5099      	str	r1, [r3, r2]
10009296:	6aa3      	ldr	r3, [r4, #40]	@ 0x28
10009298:	4698      	mov	r8, r3
1000929a:	2300      	movs	r3, #0
1000929c:	63a3      	str	r3, [r4, #56]	@ 0x38
1000929e:	62e3      	str	r3, [r4, #44]	@ 0x2c
100092a0:	3301      	adds	r3, #1
100092a2:	2101      	movs	r1, #1
100092a4:	6a62      	ldr	r2, [r4, #36]	@ 0x24
100092a6:	6323      	str	r3, [r4, #48]	@ 0x30
100092a8:	e525      	b.n	10008cf6 <can2040_pio_irq_handler+0x206>
100092aa:	2300      	movs	r3, #0
100092ac:	0020      	movs	r0, r4
100092ae:	62a3      	str	r3, [r4, #40]	@ 0x28
100092b0:	6263      	str	r3, [r4, #36]	@ 0x24
100092b2:	6363      	str	r3, [r4, #52]	@ 0x34
100092b4:	f7ff fa36 	bl	10008724 <pio_sm_setup>
100092b8:	2210      	movs	r2, #16
100092ba:	2100      	movs	r1, #0
100092bc:	e6ef      	b.n	1000909e <can2040_pio_irq_handler+0x5ae>
100092be:	2b17      	cmp	r3, #23
100092c0:	d800      	bhi.n	100092c4 <can2040_pio_irq_handler+0x7d4>
100092c2:	e6dc      	b.n	1000907e <can2040_pio_irq_handler+0x58e>
100092c4:	6da3      	ldr	r3, [r4, #88]	@ 0x58
100092c6:	079a      	lsls	r2, r3, #30
100092c8:	d500      	bpl.n	100092cc <can2040_pio_irq_handler+0x7dc>
100092ca:	e6d8      	b.n	1000907e <can2040_pio_irq_handler+0x58e>
100092cc:	e4db      	b.n	10008c86 <can2040_pio_irq_handler+0x196>
100092ce:	6862      	ldr	r2, [r4, #4]
100092d0:	2700      	movs	r7, #0
100092d2:	6893      	ldr	r3, [r2, #8]
100092d4:	079b      	lsls	r3, r3, #30
100092d6:	d413      	bmi.n	10009300 <can2040_pio_irq_handler+0x810>
100092d8:	2309      	movs	r3, #9
100092da:	2120      	movs	r1, #32
100092dc:	63a3      	str	r3, [r4, #56]	@ 0x38
100092de:	2300      	movs	r3, #0
100092e0:	6321      	str	r1, [r4, #48]	@ 0x30
100092e2:	6da1      	ldr	r1, [r4, #88]	@ 0x58
100092e4:	62e3      	str	r3, [r4, #44]	@ 0x2c
100092e6:	2900      	cmp	r1, #0
100092e8:	d001      	beq.n	100092ee <can2040_pio_irq_handler+0x7fe>
100092ea:	65a3      	str	r3, [r4, #88]	@ 0x58
100092ec:	6193      	str	r3, [r2, #24]
100092ee:	4b1a      	ldr	r3, [pc, #104]	@ (10009358 <can2040_pio_irq_handler+0x868>)
100092f0:	6513      	str	r3, [r2, #80]	@ 0x50
100092f2:	2396      	movs	r3, #150	@ 0x96
100092f4:	005b      	lsls	r3, r3, #1
100092f6:	e67b      	b.n	10008ff0 <can2040_pio_irq_handler+0x500>
100092f8:	6862      	ldr	r2, [r4, #4]
100092fa:	6893      	ldr	r3, [r2, #8]
100092fc:	079b      	lsls	r3, r3, #30
100092fe:	d5eb      	bpl.n	100092d8 <can2040_pio_irq_handler+0x7e8>
10009300:	0020      	movs	r0, r4
10009302:	62a7      	str	r7, [r4, #40]	@ 0x28
10009304:	6267      	str	r7, [r4, #36]	@ 0x24
10009306:	6367      	str	r7, [r4, #52]	@ 0x34
10009308:	f7ff fa0c 	bl	10008724 <pio_sm_setup>
1000930c:	2210      	movs	r2, #16
1000930e:	0039      	movs	r1, r7
10009310:	a802      	add	r0, sp, #8
10009312:	f7f8 fef9 	bl	10002108 <__wrap_memset>
10009316:	2180      	movs	r1, #128	@ 0x80
10009318:	aa02      	add	r2, sp, #8
1000931a:	0020      	movs	r0, r4
1000931c:	6923      	ldr	r3, [r4, #16]
1000931e:	0409      	lsls	r1, r1, #16
10009320:	4798      	blx	r3
10009322:	6862      	ldr	r2, [r4, #4]
10009324:	e7d8      	b.n	100092d8 <can2040_pio_irq_handler+0x7e8>
10009326:	64a1      	str	r1, [r4, #72]	@ 0x48
10009328:	2a00      	cmp	r2, #0
1000932a:	d100      	bne.n	1000932e <can2040_pio_irq_handler+0x83e>
1000932c:	e52d      	b.n	10008d8a <can2040_pio_irq_handler+0x29a>
1000932e:	200c      	movs	r0, #12
10009330:	2120      	movs	r1, #32
10009332:	4218      	tst	r0, r3
10009334:	d183      	bne.n	1000923e <can2040_pio_irq_handler+0x74e>
10009336:	2303      	movs	r3, #3
10009338:	00d1      	lsls	r1, r2, #3
1000933a:	e74f      	b.n	100091dc <can2040_pio_irq_handler+0x6ec>
1000933c:	6e23      	ldr	r3, [r4, #96]	@ 0x60
1000933e:	3301      	adds	r3, #1
10009340:	2180      	movs	r1, #128	@ 0x80
10009342:	0022      	movs	r2, r4
10009344:	6623      	str	r3, [r4, #96]	@ 0x60
10009346:	69a3      	ldr	r3, [r4, #24]
10009348:	0020      	movs	r0, r4
1000934a:	3301      	adds	r3, #1
1000934c:	61a3      	str	r3, [r4, #24]
1000934e:	3248      	adds	r2, #72	@ 0x48
10009350:	6923      	ldr	r3, [r4, #16]
10009352:	0389      	lsls	r1, r1, #14
10009354:	4798      	blx	r3
10009356:	e680      	b.n	1000905a <can2040_pio_irq_handler+0x56a>
10009358:	0000a127 	.word	0x0000a127
1000935c:	00000302 	.word	0x00000302
10009360:	00000502 	.word	0x00000502
10009364:	0000e12a 	.word	0x0000e12a
10009368:	1000a1c0 	.word	0x1000a1c0
1000936c:	00000202 	.word	0x00000202
10009370:	4a31      	ldr	r2, [pc, #196]	@ (10009438 <can2040_pio_irq_handler+0x948>)
10009372:	0419      	lsls	r1, r3, #16
10009374:	e70e      	b.n	10009194 <can2040_pio_irq_handler+0x6a4>
10009376:	4a30      	ldr	r2, [pc, #192]	@ (10009438 <can2040_pio_irq_handler+0x948>)
10009378:	0219      	lsls	r1, r3, #8
1000937a:	e6fd      	b.n	10009178 <can2040_pio_irq_handler+0x688>
1000937c:	4a2e      	ldr	r2, [pc, #184]	@ (10009438 <can2040_pio_irq_handler+0x948>)
1000937e:	0419      	lsls	r1, r3, #16
10009380:	e747      	b.n	10009212 <can2040_pio_irq_handler+0x722>
10009382:	4a2d      	ldr	r2, [pc, #180]	@ (10009438 <can2040_pio_irq_handler+0x948>)
10009384:	0219      	lsls	r1, r3, #8
10009386:	e73b      	b.n	10009200 <can2040_pio_irq_handler+0x710>
10009388:	6c60      	ldr	r0, [r4, #68]	@ 0x44
1000938a:	6c25      	ldr	r5, [r4, #64]	@ 0x40
1000938c:	4240      	negs	r0, r0
1000938e:	02ed      	lsls	r5, r5, #11
10009390:	0aed      	lsrs	r5, r5, #11
10009392:	0540      	lsls	r0, r0, #21
10009394:	4328      	orrs	r0, r5
10009396:	2502      	movs	r5, #2
10009398:	65e5      	str	r5, [r4, #92]	@ 0x5c
1000939a:	2407      	movs	r4, #7
1000939c:	601c      	str	r4, [r3, #0]
1000939e:	3480      	adds	r4, #128	@ 0x80
100093a0:	601c      	str	r4, [r3, #0]
100093a2:	3c7b      	subs	r4, #123	@ 0x7b
100093a4:	631c      	str	r4, [r3, #48]	@ 0x30
100093a6:	001c      	movs	r4, r3
100093a8:	3411      	adds	r4, #17
100093aa:	34ff      	adds	r4, #255	@ 0xff
100093ac:	60a1      	str	r1, [r4, #8]
100093ae:	4923      	ldr	r1, [pc, #140]	@ (1000943c <can2040_pio_irq_handler+0x94c>)
100093b0:	4d23      	ldr	r5, [pc, #140]	@ (10009440 <can2040_pio_irq_handler+0x950>)
100093b2:	60a1      	str	r1, [r4, #8]
100093b4:	21ac      	movs	r1, #172	@ 0xac
100093b6:	505d      	str	r5, [r3, r1]
100093b8:	4922      	ldr	r1, [pc, #136]	@ (10009444 <can2040_pio_irq_handler+0x954>)
100093ba:	61d9      	str	r1, [r3, #28]
100093bc:	4922      	ldr	r1, [pc, #136]	@ (10009448 <can2040_pio_irq_handler+0x958>)
100093be:	6121      	str	r1, [r4, #16]
100093c0:	4922      	ldr	r1, [pc, #136]	@ (1000944c <can2040_pio_irq_handler+0x95c>)
100093c2:	6121      	str	r1, [r4, #16]
100093c4:	211b      	movs	r1, #27
100093c6:	6121      	str	r1, [r4, #16]
100093c8:	4921      	ldr	r1, [pc, #132]	@ (10009450 <can2040_pio_irq_handler+0x960>)
100093ca:	6121      	str	r1, [r4, #16]
100093cc:	210f      	movs	r1, #15
100093ce:	6019      	str	r1, [r3, #0]
100093d0:	4920      	ldr	r1, [pc, #128]	@ (10009454 <can2040_pio_irq_handler+0x964>)
100093d2:	6198      	str	r0, [r3, #24]
100093d4:	5099      	str	r1, [r3, r2]
100093d6:	f7ff fbda 	bl	10008b8e <can2040_pio_irq_handler+0x9e>
100093da:	0020      	movs	r0, r4
100093dc:	62a3      	str	r3, [r4, #40]	@ 0x28
100093de:	6263      	str	r3, [r4, #36]	@ 0x24
100093e0:	6363      	str	r3, [r4, #52]	@ 0x34
100093e2:	f7ff f99f 	bl	10008724 <pio_sm_setup>
100093e6:	0020      	movs	r0, r4
100093e8:	f7ff fa5c 	bl	100088a4 <data_state_go_discard>
100093ec:	6aa3      	ldr	r3, [r4, #40]	@ 0x28
100093ee:	6a62      	ldr	r2, [r4, #36]	@ 0x24
100093f0:	4698      	mov	r8, r3
100093f2:	6b21      	ldr	r1, [r4, #48]	@ 0x30
100093f4:	e47f      	b.n	10008cf6 <can2040_pio_irq_handler+0x206>
100093f6:	6a23      	ldr	r3, [r4, #32]
100093f8:	3301      	adds	r3, #1
100093fa:	6223      	str	r3, [r4, #32]
100093fc:	e7f3      	b.n	100093e6 <can2040_pio_irq_handler+0x8f6>
100093fe:	6e23      	ldr	r3, [r4, #96]	@ 0x60
10009400:	3301      	adds	r3, #1
10009402:	2180      	movs	r1, #128	@ 0x80
10009404:	0022      	movs	r2, r4
10009406:	6623      	str	r3, [r4, #96]	@ 0x60
10009408:	69a3      	ldr	r3, [r4, #24]
1000940a:	3248      	adds	r2, #72	@ 0x48
1000940c:	3301      	adds	r3, #1
1000940e:	61a3      	str	r3, [r4, #24]
10009410:	0020      	movs	r0, r4
10009412:	6923      	ldr	r3, [r4, #16]
10009414:	0389      	lsls	r1, r1, #14
10009416:	4798      	blx	r3
10009418:	6862      	ldr	r2, [r4, #4]
1000941a:	e44b      	b.n	10008cb4 <can2040_pio_irq_handler+0x1c4>
1000941c:	6e23      	ldr	r3, [r4, #96]	@ 0x60
1000941e:	3301      	adds	r3, #1
10009420:	2180      	movs	r1, #128	@ 0x80
10009422:	0022      	movs	r2, r4
10009424:	6623      	str	r3, [r4, #96]	@ 0x60
10009426:	69a3      	ldr	r3, [r4, #24]
10009428:	0020      	movs	r0, r4
1000942a:	3301      	adds	r3, #1
1000942c:	61a3      	str	r3, [r4, #24]
1000942e:	3248      	adds	r2, #72	@ 0x48
10009430:	6923      	ldr	r3, [r4, #16]
10009432:	0389      	lsls	r1, r1, #14
10009434:	4798      	blx	r3
10009436:	e726      	b.n	10009286 <can2040_pio_irq_handler+0x796>
10009438:	1000a1c0 	.word	0x1000a1c0
1000943c:	40020000 	.word	0x40020000
10009440:	0000c023 	.word	0x0000c023
10009444:	7fffffff 	.word	0x7fffffff
10009448:	0000e001 	.word	0x0000e001
1000944c:	00006021 	.word	0x00006021
10009450:	000020c2 	.word	0x000020c2
10009454:	00000902 	.word	0x00000902

10009458 <can2040_transmit>:
10009458:	b5f0      	push	{r4, r5, r6, r7, lr}
1000945a:	4657      	mov	r7, sl
1000945c:	46de      	mov	lr, fp
1000945e:	464e      	mov	r6, r9
10009460:	4645      	mov	r5, r8
10009462:	b5e0      	push	{r5, r6, r7, lr}
10009464:	4682      	mov	sl, r0
10009466:	6e03      	ldr	r3, [r0, #96]	@ 0x60
10009468:	b089      	sub	sp, #36	@ 0x24
1000946a:	6e42      	ldr	r2, [r0, #100]	@ 0x64
1000946c:	9203      	str	r2, [sp, #12]
1000946e:	1ad3      	subs	r3, r2, r3
10009470:	2b03      	cmp	r3, #3
10009472:	d900      	bls.n	10009476 <can2040_transmit+0x1e>
10009474:	e1bc      	b.n	100097f0 <can2040_transmit+0x398>
10009476:	2303      	movs	r3, #3
10009478:	401a      	ands	r2, r3
1000947a:	4693      	mov	fp, r2
1000947c:	680a      	ldr	r2, [r1, #0]
1000947e:	2a00      	cmp	r2, #0
10009480:	da00      	bge.n	10009484 <can2040_transmit+0x2c>
10009482:	e194      	b.n	100097ae <can2040_transmit+0x356>
10009484:	4bdc      	ldr	r3, [pc, #880]	@ (100097f8 <can2040_transmit+0x3a0>)
10009486:	401a      	ands	r2, r3
10009488:	4658      	mov	r0, fp
1000948a:	232c      	movs	r3, #44	@ 0x2c
1000948c:	240f      	movs	r4, #15
1000948e:	4343      	muls	r3, r0
10009490:	4453      	add	r3, sl
10009492:	669a      	str	r2, [r3, #104]	@ 0x68
10009494:	6848      	ldr	r0, [r1, #4]
10009496:	4020      	ands	r0, r4
10009498:	66d8      	str	r0, [r3, #108]	@ 0x6c
1000949a:	2300      	movs	r3, #0
1000949c:	4699      	mov	r9, r3
1000949e:	0052      	lsls	r2, r2, #1
100094a0:	d400      	bmi.n	100094a4 <can2040_transmit+0x4c>
100094a2:	e0fb      	b.n	1000969c <can2040_transmit+0x244>
100094a4:	465b      	mov	r3, fp
100094a6:	272c      	movs	r7, #44	@ 0x2c
100094a8:	435f      	muls	r7, r3
100094aa:	003e      	movs	r6, r7
100094ac:	4653      	mov	r3, sl
100094ae:	3670      	adds	r6, #112	@ 0x70
100094b0:	19dc      	adds	r4, r3, r7
100094b2:	0030      	movs	r0, r6
100094b4:	2300      	movs	r3, #0
100094b6:	464a      	mov	r2, r9
100094b8:	6763      	str	r3, [r4, #116]	@ 0x74
100094ba:	6723      	str	r3, [r4, #112]	@ 0x70
100094bc:	4450      	add	r0, sl
100094be:	3108      	adds	r1, #8
100094c0:	9000      	str	r0, [sp, #0]
100094c2:	f7f8 fe27 	bl	10002114 <__wrap___aeabi_memcpy>
100094c6:	003b      	movs	r3, r7
100094c8:	3380      	adds	r3, #128	@ 0x80
100094ca:	4453      	add	r3, sl
100094cc:	2214      	movs	r2, #20
100094ce:	2100      	movs	r1, #0
100094d0:	0018      	movs	r0, r3
100094d2:	4698      	mov	r8, r3
100094d4:	f7f8 fe18 	bl	10002108 <__wrap_memset>
100094d8:	2140      	movs	r1, #64	@ 0x40
100094da:	6ea2      	ldr	r2, [r4, #104]	@ 0x68
100094dc:	6ee4      	ldr	r4, [r4, #108]	@ 0x6c
100094de:	0e13      	lsrs	r3, r2, #24
100094e0:	400b      	ands	r3, r1
100094e2:	431c      	orrs	r4, r3
100094e4:	01d3      	lsls	r3, r2, #7
100094e6:	2a00      	cmp	r2, #0
100094e8:	da00      	bge.n	100094ec <can2040_transmit+0x94>
100094ea:	e0f3      	b.n	100096d4 <can2040_transmit+0x27c>
100094ec:	4ac3      	ldr	r2, [pc, #780]	@ (100097fc <can2040_transmit+0x3a4>)
100094ee:	4dc4      	ldr	r5, [pc, #784]	@ (10009800 <can2040_transmit+0x3a8>)
100094f0:	4013      	ands	r3, r2
100094f2:	22ff      	movs	r2, #255	@ 0xff
100094f4:	4323      	orrs	r3, r4
100094f6:	0c19      	lsrs	r1, r3, #16
100094f8:	4011      	ands	r1, r2
100094fa:	0049      	lsls	r1, r1, #1
100094fc:	5a68      	ldrh	r0, [r5, r1]
100094fe:	0a19      	lsrs	r1, r3, #8
10009500:	09c4      	lsrs	r4, r0, #7
10009502:	4061      	eors	r1, r4
10009504:	4011      	ands	r1, r2
10009506:	0049      	lsls	r1, r1, #1
10009508:	5a6c      	ldrh	r4, [r5, r1]
1000950a:	0200      	lsls	r0, r0, #8
1000950c:	4060      	eors	r0, r4
1000950e:	09c1      	lsrs	r1, r0, #7
10009510:	4059      	eors	r1, r3
10009512:	400a      	ands	r2, r1
10009514:	0052      	lsls	r2, r2, #1
10009516:	5aac      	ldrh	r4, [r5, r2]
10009518:	2280      	movs	r2, #128	@ 0x80
1000951a:	035b      	lsls	r3, r3, #13
1000951c:	0312      	lsls	r2, r2, #12
1000951e:	0b5b      	lsrs	r3, r3, #13
10009520:	4313      	orrs	r3, r2
10009522:	0200      	lsls	r0, r0, #8
10009524:	9307      	str	r3, [sp, #28]
10009526:	ab07      	add	r3, sp, #28
10009528:	2113      	movs	r1, #19
1000952a:	4044      	eors	r4, r0
1000952c:	0018      	movs	r0, r3
1000952e:	9502      	str	r5, [sp, #8]
10009530:	9301      	str	r3, [sp, #4]
10009532:	f7ff f975 	bl	10008820 <bitstuff_rp2040>
10009536:	9b07      	ldr	r3, [sp, #28]
10009538:	0005      	movs	r5, r0
1000953a:	2820      	cmp	r0, #32
1000953c:	d800      	bhi.n	10009540 <can2040_transmit+0xe8>
1000953e:	e0b4      	b.n	100096aa <can2040_transmit+0x252>
10009540:	0002      	movs	r2, r0
10009542:	0019      	movs	r1, r3
10009544:	3a20      	subs	r2, #32
10009546:	40d1      	lsrs	r1, r2
10009548:	2240      	movs	r2, #64	@ 0x40
1000954a:	1a12      	subs	r2, r2, r0
1000954c:	0018      	movs	r0, r3
1000954e:	4090      	lsls	r0, r2
10009550:	0002      	movs	r2, r0
10009552:	4640      	mov	r0, r8
10009554:	6042      	str	r2, [r0, #4]
10009556:	4642      	mov	r2, r8
10009558:	6011      	str	r1, [r2, #0]
1000955a:	464a      	mov	r2, r9
1000955c:	2a00      	cmp	r2, #0
1000955e:	d04b      	beq.n	100095f8 <can2040_transmit+0x1a0>
10009560:	4652      	mov	r2, sl
10009562:	4659      	mov	r1, fp
10009564:	3270      	adds	r2, #112	@ 0x70
10009566:	19d2      	adds	r2, r2, r7
10009568:	46d3      	mov	fp, sl
1000956a:	9e00      	ldr	r6, [sp, #0]
1000956c:	4491      	add	r9, r2
1000956e:	9104      	str	r1, [sp, #16]
10009570:	e00a      	b.n	10009588 <can2040_transmit+0x130>
10009572:	001f      	movs	r7, r3
10009574:	1a09      	subs	r1, r1, r0
10009576:	408f      	lsls	r7, r1
10009578:	0039      	movs	r1, r7
1000957a:	9f00      	ldr	r7, [sp, #0]
1000957c:	3601      	adds	r6, #1
1000957e:	4339      	orrs	r1, r7
10009580:	6011      	str	r1, [r2, #0]
10009582:	182d      	adds	r5, r5, r0
10009584:	454e      	cmp	r6, r9
10009586:	d033      	beq.n	100095f0 <can2040_transmit+0x198>
10009588:	20ff      	movs	r0, #255	@ 0xff
1000958a:	7831      	ldrb	r1, [r6, #0]
1000958c:	09e2      	lsrs	r2, r4, #7
1000958e:	404a      	eors	r2, r1
10009590:	4002      	ands	r2, r0
10009592:	9802      	ldr	r0, [sp, #8]
10009594:	0052      	lsls	r2, r2, #1
10009596:	5a82      	ldrh	r2, [r0, r2]
10009598:	021b      	lsls	r3, r3, #8
1000959a:	430b      	orrs	r3, r1
1000959c:	9801      	ldr	r0, [sp, #4]
1000959e:	2108      	movs	r1, #8
100095a0:	0224      	lsls	r4, r4, #8
100095a2:	4054      	eors	r4, r2
100095a4:	9307      	str	r3, [sp, #28]
100095a6:	f7ff f93b 	bl	10008820 <bitstuff_rp2040>
100095aa:	221f      	movs	r2, #31
100095ac:	2120      	movs	r1, #32
100095ae:	402a      	ands	r2, r5
100095b0:	4694      	mov	ip, r2
100095b2:	1a89      	subs	r1, r1, r2
100095b4:	096a      	lsrs	r2, r5, #5
100095b6:	0092      	lsls	r2, r2, #2
100095b8:	4442      	add	r2, r8
100095ba:	6817      	ldr	r7, [r2, #0]
100095bc:	9b07      	ldr	r3, [sp, #28]
100095be:	9700      	str	r7, [sp, #0]
100095c0:	4288      	cmp	r0, r1
100095c2:	d9d6      	bls.n	10009572 <can2040_transmit+0x11a>
100095c4:	2720      	movs	r7, #32
100095c6:	1a3f      	subs	r7, r7, r0
100095c8:	46ba      	mov	sl, r7
100095ca:	001f      	movs	r7, r3
100095cc:	4451      	add	r1, sl
100095ce:	408f      	lsls	r7, r1
100095d0:	6851      	ldr	r1, [r2, #4]
100095d2:	3601      	adds	r6, #1
100095d4:	4339      	orrs	r1, r7
100095d6:	6051      	str	r1, [r2, #4]
100095d8:	0001      	movs	r1, r0
100095da:	001f      	movs	r7, r3
100095dc:	3920      	subs	r1, #32
100095de:	4461      	add	r1, ip
100095e0:	40cf      	lsrs	r7, r1
100095e2:	0039      	movs	r1, r7
100095e4:	9f00      	ldr	r7, [sp, #0]
100095e6:	182d      	adds	r5, r5, r0
100095e8:	4339      	orrs	r1, r7
100095ea:	6011      	str	r1, [r2, #0]
100095ec:	454e      	cmp	r6, r9
100095ee:	d1cb      	bne.n	10009588 <can2040_transmit+0x130>
100095f0:	465a      	mov	r2, fp
100095f2:	9904      	ldr	r1, [sp, #16]
100095f4:	4692      	mov	sl, r2
100095f6:	468b      	mov	fp, r1
100095f8:	4659      	mov	r1, fp
100095fa:	222c      	movs	r2, #44	@ 0x2c
100095fc:	434a      	muls	r2, r1
100095fe:	0464      	lsls	r4, r4, #17
10009600:	0c64      	lsrs	r4, r4, #17
10009602:	4452      	add	r2, sl
10009604:	03db      	lsls	r3, r3, #15
10009606:	4323      	orrs	r3, r4
10009608:	6794      	str	r4, [r2, #120]	@ 0x78
1000960a:	210f      	movs	r1, #15
1000960c:	241f      	movs	r4, #31
1000960e:	9801      	ldr	r0, [sp, #4]
10009610:	9307      	str	r3, [sp, #28]
10009612:	f7ff f905 	bl	10008820 <bitstuff_rp2040>
10009616:	2320      	movs	r3, #32
10009618:	402c      	ands	r4, r5
1000961a:	4699      	mov	r9, r3
1000961c:	1b1e      	subs	r6, r3, r4
1000961e:	096b      	lsrs	r3, r5, #5
10009620:	009b      	lsls	r3, r3, #2
10009622:	4443      	add	r3, r8
10009624:	9a07      	ldr	r2, [sp, #28]
10009626:	681f      	ldr	r7, [r3, #0]
10009628:	42b0      	cmp	r0, r6
1000962a:	d843      	bhi.n	100096b4 <can2040_transmit+0x25c>
1000962c:	1a36      	subs	r6, r6, r0
1000962e:	40b2      	lsls	r2, r6
10009630:	4317      	orrs	r7, r2
10009632:	241f      	movs	r4, #31
10009634:	2101      	movs	r1, #1
10009636:	0022      	movs	r2, r4
10009638:	1828      	adds	r0, r5, r0
1000963a:	000d      	movs	r5, r1
1000963c:	4382      	bics	r2, r0
1000963e:	4095      	lsls	r5, r2
10009640:	601f      	str	r7, [r3, #0]
10009642:	0943      	lsrs	r3, r0, #5
10009644:	009b      	lsls	r3, r3, #2
10009646:	4443      	add	r3, r8
10009648:	681a      	ldr	r2, [r3, #0]
1000964a:	432a      	orrs	r2, r5
1000964c:	601a      	str	r2, [r3, #0]
1000964e:	0003      	movs	r3, r0
10009650:	3320      	adds	r3, #32
10009652:	095a      	lsrs	r2, r3, #5
10009654:	43a3      	bics	r3, r4
10009656:	1a1b      	subs	r3, r3, r0
10009658:	1e58      	subs	r0, r3, #1
1000965a:	2b01      	cmp	r3, #1
1000965c:	d008      	beq.n	10009670 <can2040_transmit+0x218>
1000965e:	4081      	lsls	r1, r0
10009660:	4b68      	ldr	r3, [pc, #416]	@ (10009804 <can2040_transmit+0x3ac>)
10009662:	3901      	subs	r1, #1
10009664:	18d3      	adds	r3, r2, r3
10009666:	009b      	lsls	r3, r3, #2
10009668:	4443      	add	r3, r8
1000966a:	6818      	ldr	r0, [r3, #0]
1000966c:	4301      	orrs	r1, r0
1000966e:	6019      	str	r1, [r3, #0]
10009670:	4659      	mov	r1, fp
10009672:	232c      	movs	r3, #44	@ 0x2c
10009674:	434b      	muls	r3, r1
10009676:	4453      	add	r3, sl
10009678:	67da      	str	r2, [r3, #124]	@ 0x7c
1000967a:	9b03      	ldr	r3, [sp, #12]
1000967c:	3301      	adds	r3, #1
1000967e:	4652      	mov	r2, sl
10009680:	6653      	str	r3, [r2, #100]	@ 0x64
10009682:	f3bf 8f5f 	dmb	sy
10009686:	6853      	ldr	r3, [r2, #4]
10009688:	2202      	movs	r2, #2
1000968a:	2000      	movs	r0, #0
1000968c:	635a      	str	r2, [r3, #52]	@ 0x34
1000968e:	b009      	add	sp, #36	@ 0x24
10009690:	bcf0      	pop	{r4, r5, r6, r7}
10009692:	46bb      	mov	fp, r7
10009694:	46b2      	mov	sl, r6
10009696:	46a9      	mov	r9, r5
10009698:	46a0      	mov	r8, r4
1000969a:	bdf0      	pop	{r4, r5, r6, r7, pc}
1000969c:	4681      	mov	r9, r0
1000969e:	2808      	cmp	r0, #8
100096a0:	d800      	bhi.n	100096a4 <can2040_transmit+0x24c>
100096a2:	e6ff      	b.n	100094a4 <can2040_transmit+0x4c>
100096a4:	2308      	movs	r3, #8
100096a6:	4699      	mov	r9, r3
100096a8:	e6fc      	b.n	100094a4 <can2040_transmit+0x4c>
100096aa:	2220      	movs	r2, #32
100096ac:	0019      	movs	r1, r3
100096ae:	1a12      	subs	r2, r2, r0
100096b0:	4091      	lsls	r1, r2
100096b2:	e750      	b.n	10009556 <can2040_transmit+0xfe>
100096b4:	2120      	movs	r1, #32
100096b6:	4249      	negs	r1, r1
100096b8:	468c      	mov	ip, r1
100096ba:	0011      	movs	r1, r2
100096bc:	4484      	add	ip, r0
100096be:	4464      	add	r4, ip
100096c0:	40e1      	lsrs	r1, r4
100096c2:	430f      	orrs	r7, r1
100096c4:	4649      	mov	r1, r9
100096c6:	1a09      	subs	r1, r1, r0
100096c8:	1989      	adds	r1, r1, r6
100096ca:	408a      	lsls	r2, r1
100096cc:	6859      	ldr	r1, [r3, #4]
100096ce:	430a      	orrs	r2, r1
100096d0:	605a      	str	r2, [r3, #4]
100096d2:	e7ae      	b.n	10009632 <can2040_transmit+0x1da>
100096d4:	4849      	ldr	r0, [pc, #292]	@ (100097fc <can2040_transmit+0x3a4>)
100096d6:	0ad1      	lsrs	r1, r2, #11
100096d8:	4001      	ands	r1, r0
100096da:	2060      	movs	r0, #96	@ 0x60
100096dc:	0392      	lsls	r2, r2, #14
100096de:	0ed2      	lsrs	r2, r2, #27
100096e0:	4311      	orrs	r1, r2
100096e2:	4a49      	ldr	r2, [pc, #292]	@ (10009808 <can2040_transmit+0x3b0>)
100096e4:	4d46      	ldr	r5, [pc, #280]	@ (10009800 <can2040_transmit+0x3a8>)
100096e6:	4013      	ands	r3, r2
100096e8:	4323      	orrs	r3, r4
100096ea:	9305      	str	r3, [sp, #20]
100096ec:	0b0b      	lsrs	r3, r1, #12
100096ee:	005b      	lsls	r3, r3, #1
100096f0:	5aec      	ldrh	r4, [r5, r3]
100096f2:	4308      	orrs	r0, r1
100096f4:	09e2      	lsrs	r2, r4, #7
100096f6:	0903      	lsrs	r3, r0, #4
100096f8:	4053      	eors	r3, r2
100096fa:	22ff      	movs	r2, #255	@ 0xff
100096fc:	4013      	ands	r3, r2
100096fe:	005b      	lsls	r3, r3, #1
10009700:	002e      	movs	r6, r5
10009702:	9502      	str	r5, [sp, #8]
10009704:	5aed      	ldrh	r5, [r5, r3]
10009706:	0503      	lsls	r3, r0, #20
10009708:	20f0      	movs	r0, #240	@ 0xf0
1000970a:	0400      	lsls	r0, r0, #16
1000970c:	4003      	ands	r3, r0
1000970e:	9805      	ldr	r0, [sp, #20]
10009710:	0224      	lsls	r4, r4, #8
10009712:	4303      	orrs	r3, r0
10009714:	4065      	eors	r5, r4
10009716:	09ec      	lsrs	r4, r5, #7
10009718:	0c18      	lsrs	r0, r3, #16
1000971a:	4060      	eors	r0, r4
1000971c:	4010      	ands	r0, r2
1000971e:	0040      	lsls	r0, r0, #1
10009720:	5a34      	ldrh	r4, [r6, r0]
10009722:	022d      	lsls	r5, r5, #8
10009724:	406c      	eors	r4, r5
10009726:	0a18      	lsrs	r0, r3, #8
10009728:	09e5      	lsrs	r5, r4, #7
1000972a:	4068      	eors	r0, r5
1000972c:	4010      	ands	r0, r2
1000972e:	0040      	lsls	r0, r0, #1
10009730:	5a30      	ldrh	r0, [r6, r0]
10009732:	0224      	lsls	r4, r4, #8
10009734:	4060      	eors	r0, r4
10009736:	09c4      	lsrs	r4, r0, #7
10009738:	4063      	eors	r3, r4
1000973a:	401a      	ands	r2, r3
1000973c:	4b33      	ldr	r3, [pc, #204]	@ (1000980c <can2040_transmit+0x3b4>)
1000973e:	0052      	lsls	r2, r2, #1
10009740:	5ab4      	ldrh	r4, [r6, r2]
10009742:	430b      	orrs	r3, r1
10009744:	0200      	lsls	r0, r0, #8
10009746:	9307      	str	r3, [sp, #28]
10009748:	ab07      	add	r3, sp, #28
1000974a:	2113      	movs	r1, #19
1000974c:	4044      	eors	r4, r0
1000974e:	0018      	movs	r0, r3
10009750:	9301      	str	r3, [sp, #4]
10009752:	f7ff f865 	bl	10008820 <bitstuff_rp2040>
10009756:	9a07      	ldr	r2, [sp, #28]
10009758:	0001      	movs	r1, r0
1000975a:	9004      	str	r0, [sp, #16]
1000975c:	2820      	cmp	r0, #32
1000975e:	d83a      	bhi.n	100097d6 <can2040_transmit+0x37e>
10009760:	2320      	movs	r3, #32
10009762:	0011      	movs	r1, r2
10009764:	1a1b      	subs	r3, r3, r0
10009766:	4099      	lsls	r1, r3
10009768:	000b      	movs	r3, r1
1000976a:	4641      	mov	r1, r8
1000976c:	251f      	movs	r5, #31
1000976e:	600b      	str	r3, [r1, #0]
10009770:	9b05      	ldr	r3, [sp, #20]
10009772:	0512      	lsls	r2, r2, #20
10009774:	031b      	lsls	r3, r3, #12
10009776:	0b1b      	lsrs	r3, r3, #12
10009778:	4313      	orrs	r3, r2
1000977a:	2114      	movs	r1, #20
1000977c:	9801      	ldr	r0, [sp, #4]
1000977e:	9307      	str	r3, [sp, #28]
10009780:	f7ff f84e 	bl	10008820 <bitstuff_rp2040>
10009784:	2120      	movs	r1, #32
10009786:	9a04      	ldr	r2, [sp, #16]
10009788:	9b07      	ldr	r3, [sp, #28]
1000978a:	4015      	ands	r5, r2
1000978c:	0952      	lsrs	r2, r2, #5
1000978e:	0092      	lsls	r2, r2, #2
10009790:	4442      	add	r2, r8
10009792:	6816      	ldr	r6, [r2, #0]
10009794:	1b49      	subs	r1, r1, r5
10009796:	46b4      	mov	ip, r6
10009798:	4288      	cmp	r0, r1
1000979a:	d80b      	bhi.n	100097b4 <can2040_transmit+0x35c>
1000979c:	001d      	movs	r5, r3
1000979e:	1a09      	subs	r1, r1, r0
100097a0:	408d      	lsls	r5, r1
100097a2:	0029      	movs	r1, r5
100097a4:	4331      	orrs	r1, r6
100097a6:	6011      	str	r1, [r2, #0]
100097a8:	9a04      	ldr	r2, [sp, #16]
100097aa:	1885      	adds	r5, r0, r2
100097ac:	e6d5      	b.n	1000955a <can2040_transmit+0x102>
100097ae:	4b18      	ldr	r3, [pc, #96]	@ (10009810 <can2040_transmit+0x3b8>)
100097b0:	401a      	ands	r2, r3
100097b2:	e669      	b.n	10009488 <can2040_transmit+0x30>
100097b4:	0029      	movs	r1, r5
100097b6:	001e      	movs	r6, r3
100097b8:	3920      	subs	r1, #32
100097ba:	1809      	adds	r1, r1, r0
100097bc:	40ce      	lsrs	r6, r1
100097be:	0031      	movs	r1, r6
100097c0:	4666      	mov	r6, ip
100097c2:	4331      	orrs	r1, r6
100097c4:	2640      	movs	r6, #64	@ 0x40
100097c6:	1b75      	subs	r5, r6, r5
100097c8:	001e      	movs	r6, r3
100097ca:	1a2d      	subs	r5, r5, r0
100097cc:	40ae      	lsls	r6, r5
100097ce:	6855      	ldr	r5, [r2, #4]
100097d0:	4335      	orrs	r5, r6
100097d2:	6055      	str	r5, [r2, #4]
100097d4:	e7e7      	b.n	100097a6 <can2040_transmit+0x34e>
100097d6:	0003      	movs	r3, r0
100097d8:	0010      	movs	r0, r2
100097da:	3b20      	subs	r3, #32
100097dc:	40d8      	lsrs	r0, r3
100097de:	0003      	movs	r3, r0
100097e0:	2040      	movs	r0, #64	@ 0x40
100097e2:	1a41      	subs	r1, r0, r1
100097e4:	0010      	movs	r0, r2
100097e6:	4088      	lsls	r0, r1
100097e8:	0001      	movs	r1, r0
100097ea:	4640      	mov	r0, r8
100097ec:	6041      	str	r1, [r0, #4]
100097ee:	e7bc      	b.n	1000976a <can2040_transmit+0x312>
100097f0:	2001      	movs	r0, #1
100097f2:	4240      	negs	r0, r0
100097f4:	e74b      	b.n	1000968e <can2040_transmit+0x236>
100097f6:	46c0      	nop			@ (mov r8, r8)
100097f8:	400007ff 	.word	0x400007ff
100097fc:	0003ff80 	.word	0x0003ff80
10009800:	1000a1c0 	.word	0x1000a1c0
10009804:	3fffffff 	.word	0x3fffffff
10009808:	000fff80 	.word	0x000fff80
1000980c:	00080060 	.word	0x00080060
10009810:	dfffffff 	.word	0xdfffffff

10009814 <can2040_setup>:
10009814:	228c      	movs	r2, #140	@ 0x8c
10009816:	b570      	push	{r4, r5, r6, lr}
10009818:	000c      	movs	r4, r1
1000981a:	0052      	lsls	r2, r2, #1
1000981c:	2100      	movs	r1, #0
1000981e:	0005      	movs	r5, r0
10009820:	f7f8 fc72 	bl	10002108 <__wrap_memset>
10009824:	0023      	movs	r3, r4
10009826:	1e5a      	subs	r2, r3, #1
10009828:	4193      	sbcs	r3, r2
1000982a:	602b      	str	r3, [r5, #0]
1000982c:	4263      	negs	r3, r4
1000982e:	415c      	adcs	r4, r3
10009830:	4a03      	ldr	r2, [pc, #12]	@ (10009840 <can2040_setup+0x2c>)
10009832:	4263      	negs	r3, r4
10009834:	4694      	mov	ip, r2
10009836:	0d1b      	lsrs	r3, r3, #20
10009838:	051b      	lsls	r3, r3, #20
1000983a:	4463      	add	r3, ip
1000983c:	606b      	str	r3, [r5, #4]
1000983e:	bd70      	pop	{r4, r5, r6, pc}
10009840:	50300000 	.word	0x50300000

10009844 <can2040_callback_config>:
10009844:	6101      	str	r1, [r0, #16]
10009846:	4770      	bx	lr

10009848 <can2040_start>:
10009848:	b570      	push	{r4, r5, r6, lr}
1000984a:	0004      	movs	r4, r0
1000984c:	b084      	sub	sp, #16
1000984e:	60a3      	str	r3, [r4, #8]
10009850:	9b08      	ldr	r3, [sp, #32]
10009852:	0008      	movs	r0, r1
10009854:	60e3      	str	r3, [r4, #12]
10009856:	2300      	movs	r3, #0
10009858:	62a3      	str	r3, [r4, #40]	@ 0x28
1000985a:	6263      	str	r3, [r4, #36]	@ 0x24
1000985c:	6363      	str	r3, [r4, #52]	@ 0x34
1000985e:	6823      	ldr	r3, [r4, #0]
10009860:	0011      	movs	r1, r2
10009862:	425a      	negs	r2, r3
10009864:	4153      	adcs	r3, r2
10009866:	2280      	movs	r2, #128	@ 0x80
10009868:	0112      	lsls	r2, r2, #4
1000986a:	4694      	mov	ip, r2
1000986c:	4e30      	ldr	r6, [pc, #192]	@ (10009930 <can2040_start+0xe8>)
1000986e:	425b      	negs	r3, r3
10009870:	0a9b      	lsrs	r3, r3, #10
10009872:	029b      	lsls	r3, r3, #10
10009874:	6832      	ldr	r2, [r6, #0]
10009876:	4463      	add	r3, ip
10009878:	4213      	tst	r3, r2
1000987a:	d004      	beq.n	10009886 <can2040_start+0x3e>
1000987c:	4a2d      	ldr	r2, [pc, #180]	@ (10009934 <can2040_start+0xec>)
1000987e:	6013      	str	r3, [r2, #0]
10009880:	68b5      	ldr	r5, [r6, #8]
10009882:	421d      	tst	r5, r3
10009884:	d0fc      	beq.n	10009880 <can2040_start+0x38>
10009886:	00c0      	lsls	r0, r0, #3
10009888:	f7f8 f86e 	bl	10001968 <__wrap___aeabi_uidiv>
1000988c:	23c8      	movs	r3, #200	@ 0xc8
1000988e:	6865      	ldr	r5, [r4, #4]
10009890:	0200      	lsls	r0, r0, #8
10009892:	50e8      	str	r0, [r5, r3]
10009894:	3318      	adds	r3, #24
10009896:	50e8      	str	r0, [r5, r3]
10009898:	3318      	adds	r3, #24
1000989a:	50e8      	str	r0, [r5, r3]
1000989c:	3318      	adds	r3, #24
1000989e:	50e8      	str	r0, [r5, r3]
100098a0:	0020      	movs	r0, r4
100098a2:	f7fe ff3f 	bl	10008724 <pio_sm_setup>
100098a6:	4824      	ldr	r0, [pc, #144]	@ (10009938 <can2040_start+0xf0>)
100098a8:	68a3      	ldr	r3, [r4, #8]
100098aa:	4684      	mov	ip, r0
100098ac:	2068      	movs	r0, #104	@ 0x68
100098ae:	0099      	lsls	r1, r3, #2
100098b0:	4461      	add	r1, ip
100098b2:	6822      	ldr	r2, [r4, #0]
100098b4:	6048      	str	r0, [r1, #4]
100098b6:	4921      	ldr	r1, [pc, #132]	@ (1000993c <can2040_start+0xf4>)
100098b8:	481f      	ldr	r0, [pc, #124]	@ (10009938 <can2040_start+0xf0>)
100098ba:	468c      	mov	ip, r1
100098bc:	00db      	lsls	r3, r3, #3
100098be:	4463      	add	r3, ip
100098c0:	4684      	mov	ip, r0
100098c2:	2060      	movs	r0, #96	@ 0x60
100098c4:	3206      	adds	r2, #6
100098c6:	605a      	str	r2, [r3, #4]
100098c8:	68e3      	ldr	r3, [r4, #12]
100098ca:	0099      	lsls	r1, r3, #2
100098cc:	4461      	add	r1, ip
100098ce:	6048      	str	r0, [r1, #4]
100098d0:	491a      	ldr	r1, [pc, #104]	@ (1000993c <can2040_start+0xf4>)
100098d2:	00db      	lsls	r3, r3, #3
100098d4:	468c      	mov	ip, r1
100098d6:	4463      	add	r3, ip
100098d8:	605a      	str	r2, [r3, #4]
100098da:	68ab      	ldr	r3, [r5, #8]
100098dc:	079b      	lsls	r3, r3, #30
100098de:	d412      	bmi.n	10009906 <can2040_start+0xbe>
100098e0:	2309      	movs	r3, #9
100098e2:	2220      	movs	r2, #32
100098e4:	63a3      	str	r3, [r4, #56]	@ 0x38
100098e6:	2300      	movs	r3, #0
100098e8:	6322      	str	r2, [r4, #48]	@ 0x30
100098ea:	6da2      	ldr	r2, [r4, #88]	@ 0x58
100098ec:	62e3      	str	r3, [r4, #44]	@ 0x2c
100098ee:	2a00      	cmp	r2, #0
100098f0:	d001      	beq.n	100098f6 <can2040_start+0xae>
100098f2:	65a3      	str	r3, [r4, #88]	@ 0x58
100098f4:	61ab      	str	r3, [r5, #24]
100098f6:	4b12      	ldr	r3, [pc, #72]	@ (10009940 <can2040_start+0xf8>)
100098f8:	4a12      	ldr	r2, [pc, #72]	@ (10009944 <can2040_start+0xfc>)
100098fa:	652b      	str	r3, [r5, #80]	@ 0x50
100098fc:	2396      	movs	r3, #150	@ 0x96
100098fe:	005b      	lsls	r3, r3, #1
10009900:	50ea      	str	r2, [r5, r3]
10009902:	b004      	add	sp, #16
10009904:	bd70      	pop	{r4, r5, r6, pc}
10009906:	2300      	movs	r3, #0
10009908:	0020      	movs	r0, r4
1000990a:	62a3      	str	r3, [r4, #40]	@ 0x28
1000990c:	6263      	str	r3, [r4, #36]	@ 0x24
1000990e:	6363      	str	r3, [r4, #52]	@ 0x34
10009910:	f7fe ff08 	bl	10008724 <pio_sm_setup>
10009914:	2210      	movs	r2, #16
10009916:	2100      	movs	r1, #0
10009918:	4668      	mov	r0, sp
1000991a:	f7f8 fbf5 	bl	10002108 <__wrap_memset>
1000991e:	2180      	movs	r1, #128	@ 0x80
10009920:	466a      	mov	r2, sp
10009922:	0020      	movs	r0, r4
10009924:	6923      	ldr	r3, [r4, #16]
10009926:	0409      	lsls	r1, r1, #16
10009928:	4798      	blx	r3
1000992a:	6865      	ldr	r5, [r4, #4]
1000992c:	e7d8      	b.n	100098e0 <can2040_start+0x98>
1000992e:	46c0      	nop			@ (mov r8, r8)
10009930:	4000c000 	.word	0x4000c000
10009934:	4000f000 	.word	0x4000f000
10009938:	4001c000 	.word	0x4001c000
1000993c:	40014000 	.word	0x40014000
10009940:	0000a127 	.word	0x0000a127
10009944:	00000302 	.word	0x00000302

10009948 <strlen>:
10009948:	b510      	push	{r4, lr}
1000994a:	0783      	lsls	r3, r0, #30
1000994c:	d00a      	beq.n	10009964 <strlen+0x1c>
1000994e:	0003      	movs	r3, r0
10009950:	2103      	movs	r1, #3
10009952:	e002      	b.n	1000995a <strlen+0x12>
10009954:	3301      	adds	r3, #1
10009956:	420b      	tst	r3, r1
10009958:	d005      	beq.n	10009966 <strlen+0x1e>
1000995a:	781a      	ldrb	r2, [r3, #0]
1000995c:	2a00      	cmp	r2, #0
1000995e:	d1f9      	bne.n	10009954 <strlen+0xc>
10009960:	1a18      	subs	r0, r3, r0
10009962:	bd10      	pop	{r4, pc}
10009964:	0003      	movs	r3, r0
10009966:	6819      	ldr	r1, [r3, #0]
10009968:	4a0c      	ldr	r2, [pc, #48]	@ (1000999c <strlen+0x54>)
1000996a:	4c0d      	ldr	r4, [pc, #52]	@ (100099a0 <strlen+0x58>)
1000996c:	188a      	adds	r2, r1, r2
1000996e:	438a      	bics	r2, r1
10009970:	4222      	tst	r2, r4
10009972:	d10f      	bne.n	10009994 <strlen+0x4c>
10009974:	6859      	ldr	r1, [r3, #4]
10009976:	4a09      	ldr	r2, [pc, #36]	@ (1000999c <strlen+0x54>)
10009978:	3304      	adds	r3, #4
1000997a:	188a      	adds	r2, r1, r2
1000997c:	438a      	bics	r2, r1
1000997e:	4222      	tst	r2, r4
10009980:	d108      	bne.n	10009994 <strlen+0x4c>
10009982:	6859      	ldr	r1, [r3, #4]
10009984:	4a05      	ldr	r2, [pc, #20]	@ (1000999c <strlen+0x54>)
10009986:	3304      	adds	r3, #4
10009988:	188a      	adds	r2, r1, r2
1000998a:	438a      	bics	r2, r1
1000998c:	4222      	tst	r2, r4
1000998e:	d0f1      	beq.n	10009974 <strlen+0x2c>
10009990:	e000      	b.n	10009994 <strlen+0x4c>
10009992:	3301      	adds	r3, #1
10009994:	781a      	ldrb	r2, [r3, #0]
10009996:	2a00      	cmp	r2, #0
10009998:	d1fb      	bne.n	10009992 <strlen+0x4a>
1000999a:	e7e1      	b.n	10009960 <strlen+0x18>
1000999c:	fefefeff 	.word	0xfefefeff
100099a0:	80808080 	.word	0x80808080

100099a4 <_fini>:
100099a4:	b5f8      	push	{r3, r4, r5, r6, r7, lr}
100099a6:	46c0      	nop			@ (mov r8, r8)

100099a8 <__flash_do_cmd_veneer>:
100099a8:	b401      	push	{r0}
100099aa:	4802      	ldr	r0, [pc, #8]	@ (100099b4 <__flash_do_cmd_veneer+0xc>)
100099ac:	4684      	mov	ip, r0
100099ae:	bc01      	pop	{r0}
100099b0:	4760      	bx	ip
100099b2:	bf00      	nop
100099b4:	200002e9 	.word	0x200002e9

100099b8 <__mutex_exit_veneer>:
100099b8:	b401      	push	{r0}
100099ba:	4802      	ldr	r0, [pc, #8]	@ (100099c4 <__mutex_exit_veneer+0xc>)
100099bc:	4684      	mov	ip, r0
100099be:	bc01      	pop	{r0}
100099c0:	4760      	bx	ip
100099c2:	bf00      	nop
100099c4:	20000215 	.word	0x20000215

100099c8 <____aeabi_ldiv0_veneer>:
100099c8:	b401      	push	{r0}
100099ca:	4802      	ldr	r0, [pc, #8]	@ (100099d4 <____aeabi_ldiv0_veneer+0xc>)
100099cc:	4684      	mov	ip, r0
100099ce:	bc01      	pop	{r0}
100099d0:	4760      	bx	ip
100099d2:	bf00      	nop
100099d4:	20000f45 	.word	0x20000f45

100099d8 <__e15_is_bulkin_ep_veneer>:
100099d8:	b401      	push	{r0}
100099da:	4802      	ldr	r0, [pc, #8]	@ (100099e4 <__e15_is_bulkin_ep_veneer+0xc>)
100099dc:	4684      	mov	ip, r0
100099de:	bc01      	pop	{r0}
100099e0:	4760      	bx	ip
100099e2:	bf00      	nop
100099e4:	20000c01 	.word	0x20000c01

100099e8 <__e15_is_critical_frame_period_veneer>:
100099e8:	b401      	push	{r0}
100099ea:	4802      	ldr	r0, [pc, #8]	@ (100099f4 <__e15_is_critical_frame_period_veneer+0xc>)
100099ec:	4684      	mov	ip, r0
100099ee:	bc01      	pop	{r0}
100099f0:	4760      	bx	ip
100099f2:	bf00      	nop
100099f4:	20000c29 	.word	0x20000c29

100099f8 <____aeabi_idiv0_veneer>:
100099f8:	b401      	push	{r0}
100099fa:	4802      	ldr	r0, [pc, #8]	@ (10009a04 <____aeabi_idiv0_veneer+0xc>)
100099fc:	4684      	mov	ip, r0
100099fe:	bc01      	pop	{r0}
10009a00:	4760      	bx	ip
10009a02:	bf00      	nop
10009a04:	20000f45 	.word	0x20000f45

10009a08 <__mutex_try_enter_veneer>:
10009a08:	b401      	push	{r0}
10009a0a:	4802      	ldr	r0, [pc, #8]	@ (10009a14 <__mutex_try_enter_veneer+0xc>)
10009a0c:	4684      	mov	ip, r0
10009a0e:	bc01      	pop	{r0}
10009a10:	4760      	bx	ip
10009a12:	bf00      	nop
10009a14:	200000c1 	.word	0x200000c1

10009a18 <__mutex_enter_timeout_ms_veneer>:
10009a18:	b401      	push	{r0}
10009a1a:	4802      	ldr	r0, [pc, #8]	@ (10009a24 <__mutex_enter_timeout_ms_veneer+0xc>)
10009a1c:	4684      	mov	ip, r0
10009a1e:	bc01      	pop	{r0}
10009a20:	4760      	bx	ip
10009a22:	bf00      	nop
10009a24:	200001a1 	.word	0x200001a1

10009a28 <__mutex_try_enter_block_until_veneer>:
10009a28:	b401      	push	{r0}
10009a2a:	4802      	ldr	r0, [pc, #8]	@ (10009a34 <__mutex_try_enter_block_until_veneer+0xc>)
10009a2c:	4684      	mov	ip, r0
10009a2e:	bc01      	pop	{r0}
10009a30:	4760      	bx	ip
10009a32:	bf00      	nop
10009a34:	20000101 	.word	0x20000101

10009a38 <__hw_endpoint_start_next_buffer_veneer>:
10009a38:	b401      	push	{r0}
10009a3a:	4802      	ldr	r0, [pc, #8]	@ (10009a44 <__hw_endpoint_start_next_buffer_veneer+0xc>)
10009a3c:	4684      	mov	ip, r0
10009a3e:	bc01      	pop	{r0}
10009a40:	4760      	bx	ip
10009a42:	bf00      	nop
10009a44:	20000cb9 	.word	0x20000cb9

10009a48 <__reset_non_control_endpoints_veneer>:
10009a48:	b401      	push	{r0}
10009a4a:	4802      	ldr	r0, [pc, #8]	@ (10009a54 <__reset_non_control_endpoints_veneer+0xc>)
10009a4c:	4684      	mov	ip, r0
10009a4e:	bc01      	pop	{r0}
10009a50:	4760      	bx	ip
10009a52:	bf00      	nop
10009a54:	20000425 	.word	0x20000425

10009a58 <___hw_endpoint_buffer_control_update32_veneer>:
10009a58:	b401      	push	{r0}
10009a5a:	4802      	ldr	r0, [pc, #8]	@ (10009a64 <___hw_endpoint_buffer_control_update32_veneer+0xc>)
10009a5c:	4684      	mov	ip, r0
10009a5e:	bc01      	pop	{r0}
10009a60:	4760      	bx	ip
10009a62:	bf00      	nop
10009a64:	20000c69 	.word	0x20000c69

10009a68 <__pre_init_runtime_init_early_resets>:
10009a68:	100016f9                                ....

10009a6c <__pre_init_runtime_init_usb_power_down>:
10009a6c:	10001725 10001909 100020f9 10001f91     %........ ......
10009a7c:	1000209d                                . ..

10009a80 <__pre_init_runtime_init_clocks>:
10009a80:	10001831                                1...

10009a84 <__pre_init_runtime_init_post_clock_resets>:
10009a84:	10001741                                A...

10009a88 <__pre_init_runtime_init_rp2040_gpio_ie_disable>:
10009a88:	10001761                                a...

10009a8c <__pre_init_runtime_init_spin_locks_reset>:
10009a8c:	10001775                                u...

10009a90 <__pre_init_runtime_init_mutex>:
10009a90:	100009c9                                ....

10009a94 <__pre_init_runtime_init_install_ram_vector_table>:
10009a94:	1000177d                                }...

10009a98 <__pre_init_runtime_init_default_alarm_pool>:
10009a98:	10000d85                                ....

10009a9c <__pre_init_first_per_core_initializer>:
10009a9c:	100016c1                                ....

10009aa0 <__pre_init_runtime_init_per_core_irq_priorities>:
10009aa0:	100005d5                                ....

10009aa4 <__init_array_start>:
10009aa4:	100043fd 	.word	0x100043fd

10009aa8 <__frame_dummy_init_array_entry>:
10009aa8:	100002b1 10006ca1                       .....l..

Disassembly of section .data:

200000c0 <mutex_try_enter>:
200000c0:	b570      	push	{r4, r5, r6, lr}
200000c2:	6802      	ldr	r2, [r0, #0]
200000c4:	0004      	movs	r4, r0
200000c6:	f3ef 8510 	mrs	r5, PRIMASK
200000ca:	b672      	cpsid	i
200000cc:	6813      	ldr	r3, [r2, #0]
200000ce:	2b00      	cmp	r3, #0
200000d0:	d0fc      	beq.n	200000cc <mutex_try_enter+0xc>
200000d2:	f3bf 8f5f 	dmb	sy
200000d6:	6863      	ldr	r3, [r4, #4]
200000d8:	1c5a      	adds	r2, r3, #1
200000da:	d00b      	beq.n	200000f4 <mutex_try_enter+0x34>
200000dc:	2900      	cmp	r1, #0
200000de:	d000      	beq.n	200000e2 <mutex_try_enter+0x22>
200000e0:	600b      	str	r3, [r1, #0]
200000e2:	2000      	movs	r0, #0
200000e4:	6823      	ldr	r3, [r4, #0]
200000e6:	f3bf 8f5f 	dmb	sy
200000ea:	2200      	movs	r2, #0
200000ec:	601a      	str	r2, [r3, #0]
200000ee:	f385 8810 	msr	PRIMASK, r5
200000f2:	bd70      	pop	{r4, r5, r6, pc}
200000f4:	f000 ff30 	bl	20000f58 <__ulPortLockGetCurrentOwnerId_veneer>
200000f8:	6060      	str	r0, [r4, #4]
200000fa:	2001      	movs	r0, #1
200000fc:	e7f2      	b.n	200000e4 <mutex_try_enter+0x24>
200000fe:	46c0      	nop			@ (mov r8, r8)

20000100 <mutex_try_enter_block_until>:
20000100:	b5f0      	push	{r4, r5, r6, r7, lr}
20000102:	46c6      	mov	lr, r8
20000104:	0016      	movs	r6, r2
20000106:	b500      	push	{lr}
20000108:	0004      	movs	r4, r0
2000010a:	001f      	movs	r7, r3
2000010c:	6802      	ldr	r2, [r0, #0]
2000010e:	f3ef 8810 	mrs	r8, PRIMASK
20000112:	b672      	cpsid	i
20000114:	6813      	ldr	r3, [r2, #0]
20000116:	2b00      	cmp	r3, #0
20000118:	d0fc      	beq.n	20000114 <mutex_try_enter_block_until+0x14>
2000011a:	f3bf 8f5f 	dmb	sy
2000011e:	6865      	ldr	r5, [r4, #4]
20000120:	1c6b      	adds	r3, r5, #1
20000122:	d00e      	beq.n	20000142 <mutex_try_enter_block_until+0x42>
20000124:	6823      	ldr	r3, [r4, #0]
20000126:	f3bf 8f5f 	dmb	sy
2000012a:	2200      	movs	r2, #0
2000012c:	601a      	str	r2, [r3, #0]
2000012e:	f388 8810 	msr	PRIMASK, r8
20000132:	f000 ff11 	bl	20000f58 <__ulPortLockGetCurrentOwnerId_veneer>
20000136:	42a8      	cmp	r0, r5
20000138:	d10f      	bne.n	2000015a <mutex_try_enter_block_until+0x5a>
2000013a:	2000      	movs	r0, #0
2000013c:	bc80      	pop	{r7}
2000013e:	46b8      	mov	r8, r7
20000140:	bdf0      	pop	{r4, r5, r6, r7, pc}
20000142:	f000 ff09 	bl	20000f58 <__ulPortLockGetCurrentOwnerId_veneer>
20000146:	6823      	ldr	r3, [r4, #0]
20000148:	6060      	str	r0, [r4, #4]
2000014a:	f3bf 8f5f 	dmb	sy
2000014e:	2200      	movs	r2, #0
20000150:	601a      	str	r2, [r3, #0]
20000152:	f388 8810 	msr	PRIMASK, r8
20000156:	2001      	movs	r0, #1
20000158:	e7f0      	b.n	2000013c <mutex_try_enter_block_until+0x3c>
2000015a:	f000 fefd 	bl	20000f58 <__ulPortLockGetCurrentOwnerId_veneer>
2000015e:	4680      	mov	r8, r0
20000160:	e006      	b.n	20000170 <mutex_try_enter_block_until+0x70>
20000162:	0032      	movs	r2, r6
20000164:	003b      	movs	r3, r7
20000166:	0020      	movs	r0, r4
20000168:	f000 ff06 	bl	20000f78 <__xPortLockInternalSpinUnlockWithBestEffortWaitOrTimeout_veneer>
2000016c:	2800      	cmp	r0, #0
2000016e:	d1e4      	bne.n	2000013a <mutex_try_enter_block_until+0x3a>
20000170:	6822      	ldr	r2, [r4, #0]
20000172:	f3ef 8110 	mrs	r1, PRIMASK
20000176:	b672      	cpsid	i
20000178:	6813      	ldr	r3, [r2, #0]
2000017a:	2b00      	cmp	r3, #0
2000017c:	d0fc      	beq.n	20000178 <mutex_try_enter_block_until+0x78>
2000017e:	f3bf 8f5f 	dmb	sy
20000182:	6865      	ldr	r5, [r4, #4]
20000184:	3501      	adds	r5, #1
20000186:	d1ec      	bne.n	20000162 <mutex_try_enter_block_until+0x62>
20000188:	4643      	mov	r3, r8
2000018a:	6063      	str	r3, [r4, #4]
2000018c:	6823      	ldr	r3, [r4, #0]
2000018e:	f3bf 8f5f 	dmb	sy
20000192:	2200      	movs	r2, #0
20000194:	601a      	str	r2, [r3, #0]
20000196:	f381 8810 	msr	PRIMASK, r1
2000019a:	2001      	movs	r0, #1
2000019c:	e7ce      	b.n	2000013c <mutex_try_enter_block_until+0x3c>
2000019e:	46c0      	nop			@ (mov r8, r8)

200001a0 <mutex_enter_timeout_ms>:
200001a0:	b5f8      	push	{r3, r4, r5, r6, r7, lr}
200001a2:	000d      	movs	r5, r1
200001a4:	0004      	movs	r4, r0
200001a6:	f000 ff07 	bl	20000fb8 <__time_us_64_veneer>
200001aa:	22fa      	movs	r2, #250	@ 0xfa
200001ac:	0006      	movs	r6, r0
200001ae:	000f      	movs	r7, r1
200001b0:	2300      	movs	r3, #0
200001b2:	0028      	movs	r0, r5
200001b4:	2100      	movs	r1, #0
200001b6:	0092      	lsls	r2, r2, #2
200001b8:	f000 fec6 	bl	20000f48 <____wrap___aeabi_lmul_veneer>
200001bc:	1836      	adds	r6, r6, r0
200001be:	414f      	adcs	r7, r1
200001c0:	2f00      	cmp	r7, #0
200001c2:	da02      	bge.n	200001ca <mutex_enter_timeout_ms+0x2a>
200001c4:	2601      	movs	r6, #1
200001c6:	4f12      	ldr	r7, [pc, #72]	@ (20000210 <mutex_enter_timeout_ms+0x70>)
200001c8:	4276      	negs	r6, r6
200001ca:	f000 fec5 	bl	20000f58 <__ulPortLockGetCurrentOwnerId_veneer>
200001ce:	0005      	movs	r5, r0
200001d0:	e006      	b.n	200001e0 <mutex_enter_timeout_ms+0x40>
200001d2:	0032      	movs	r2, r6
200001d4:	003b      	movs	r3, r7
200001d6:	0020      	movs	r0, r4
200001d8:	f000 fece 	bl	20000f78 <__xPortLockInternalSpinUnlockWithBestEffortWaitOrTimeout_veneer>
200001dc:	2800      	cmp	r0, #0
200001de:	d115      	bne.n	2000020c <mutex_enter_timeout_ms+0x6c>
200001e0:	6822      	ldr	r2, [r4, #0]
200001e2:	f3ef 8110 	mrs	r1, PRIMASK
200001e6:	b672      	cpsid	i
200001e8:	6813      	ldr	r3, [r2, #0]
200001ea:	2b00      	cmp	r3, #0
200001ec:	d0fc      	beq.n	200001e8 <mutex_enter_timeout_ms+0x48>
200001ee:	f3bf 8f5f 	dmb	sy
200001f2:	6863      	ldr	r3, [r4, #4]
200001f4:	3301      	adds	r3, #1
200001f6:	d1ec      	bne.n	200001d2 <mutex_enter_timeout_ms+0x32>
200001f8:	6065      	str	r5, [r4, #4]
200001fa:	6823      	ldr	r3, [r4, #0]
200001fc:	f3bf 8f5f 	dmb	sy
20000200:	2200      	movs	r2, #0
20000202:	601a      	str	r2, [r3, #0]
20000204:	f381 8810 	msr	PRIMASK, r1
20000208:	2001      	movs	r0, #1
2000020a:	bdf8      	pop	{r3, r4, r5, r6, r7, pc}
2000020c:	2000      	movs	r0, #0
2000020e:	e7fc      	b.n	2000020a <mutex_enter_timeout_ms+0x6a>
20000210:	7fffffff 	.word	0x7fffffff

20000214 <mutex_exit>:
20000214:	b510      	push	{r4, lr}
20000216:	6802      	ldr	r2, [r0, #0]
20000218:	f3ef 8110 	mrs	r1, PRIMASK
2000021c:	b672      	cpsid	i
2000021e:	6813      	ldr	r3, [r2, #0]
20000220:	2b00      	cmp	r3, #0
20000222:	d0fc      	beq.n	2000021e <mutex_exit+0xa>
20000224:	f3bf 8f5f 	dmb	sy
20000228:	2301      	movs	r3, #1
2000022a:	425b      	negs	r3, r3
2000022c:	6043      	str	r3, [r0, #4]
2000022e:	f000 fecb 	bl	20000fc8 <__vPortLockInternalSpinUnlockWithNotify_veneer>
20000232:	bd10      	pop	{r4, pc}

20000234 <flash_init_boot2_copyout>:
20000234:	b510      	push	{r4, lr}
20000236:	4c08      	ldr	r4, [pc, #32]	@ (20000258 <flash_init_boot2_copyout+0x24>)
20000238:	7823      	ldrb	r3, [r4, #0]
2000023a:	2b00      	cmp	r3, #0
2000023c:	d10a      	bne.n	20000254 <flash_init_boot2_copyout+0x20>
2000023e:	2380      	movs	r3, #128	@ 0x80
20000240:	4806      	ldr	r0, [pc, #24]	@ (2000025c <flash_init_boot2_copyout+0x28>)
20000242:	4907      	ldr	r1, [pc, #28]	@ (20000260 <flash_init_boot2_copyout+0x2c>)
20000244:	055b      	lsls	r3, r3, #21
20000246:	681a      	ldr	r2, [r3, #0]
20000248:	50c2      	str	r2, [r0, r3]
2000024a:	3304      	adds	r3, #4
2000024c:	428b      	cmp	r3, r1
2000024e:	d1fa      	bne.n	20000246 <flash_init_boot2_copyout+0x12>
20000250:	2301      	movs	r3, #1
20000252:	7023      	strb	r3, [r4, #0]
20000254:	bd10      	pop	{r4, pc}
20000256:	46c0      	nop			@ (mov r8, r8)
20000258:	20022493 	.word	0x20022493
2000025c:	10001918 	.word	0x10001918
20000260:	10000100 	.word	0x10000100

20000264 <flash_enable_xip_via_boot2>:
20000264:	b510      	push	{r4, lr}
20000266:	4b01      	ldr	r3, [pc, #4]	@ (2000026c <flash_enable_xip_via_boot2+0x8>)
20000268:	4798      	blx	r3
2000026a:	bd10      	pop	{r4, pc}
2000026c:	20001919 	.word	0x20001919

20000270 <flash_save_hardware_state>:
20000270:	4b06      	ldr	r3, [pc, #24]	@ (2000028c <flash_save_hardware_state+0x1c>)
20000272:	685a      	ldr	r2, [r3, #4]
20000274:	6002      	str	r2, [r0, #0]
20000276:	689a      	ldr	r2, [r3, #8]
20000278:	6042      	str	r2, [r0, #4]
2000027a:	68da      	ldr	r2, [r3, #12]
2000027c:	6082      	str	r2, [r0, #8]
2000027e:	691a      	ldr	r2, [r3, #16]
20000280:	60c2      	str	r2, [r0, #12]
20000282:	695a      	ldr	r2, [r3, #20]
20000284:	6102      	str	r2, [r0, #16]
20000286:	699b      	ldr	r3, [r3, #24]
20000288:	6143      	str	r3, [r0, #20]
2000028a:	4770      	bx	lr
2000028c:	40020000 	.word	0x40020000

20000290 <flash_restore_hardware_state>:
20000290:	6802      	ldr	r2, [r0, #0]
20000292:	4b06      	ldr	r3, [pc, #24]	@ (200002ac <flash_restore_hardware_state+0x1c>)
20000294:	605a      	str	r2, [r3, #4]
20000296:	6842      	ldr	r2, [r0, #4]
20000298:	609a      	str	r2, [r3, #8]
2000029a:	6882      	ldr	r2, [r0, #8]
2000029c:	60da      	str	r2, [r3, #12]
2000029e:	68c2      	ldr	r2, [r0, #12]
200002a0:	611a      	str	r2, [r3, #16]
200002a2:	6902      	ldr	r2, [r0, #16]
200002a4:	615a      	str	r2, [r3, #20]
200002a6:	6942      	ldr	r2, [r0, #20]
200002a8:	619a      	str	r2, [r3, #24]
200002aa:	4770      	bx	lr
200002ac:	40020000 	.word	0x40020000

200002b0 <flash_cs_force.constprop.0>:
200002b0:	4b03      	ldr	r3, [pc, #12]	@ (200002c0 <flash_cs_force.constprop.0+0x10>)
200002b2:	681a      	ldr	r2, [r3, #0]
200002b4:	23c0      	movs	r3, #192	@ 0xc0
200002b6:	009b      	lsls	r3, r3, #2
200002b8:	4393      	bics	r3, r2
200002ba:	4a02      	ldr	r2, [pc, #8]	@ (200002c4 <flash_cs_force.constprop.0+0x14>)
200002bc:	6013      	str	r3, [r2, #0]
200002be:	4770      	bx	lr
200002c0:	4001800c 	.word	0x4001800c
200002c4:	4001900c 	.word	0x4001900c

200002c8 <flash_cs_force.constprop.1>:
200002c8:	4b05      	ldr	r3, [pc, #20]	@ (200002e0 <flash_cs_force.constprop.1+0x18>)
200002ca:	681a      	ldr	r2, [r3, #0]
200002cc:	2380      	movs	r3, #128	@ 0x80
200002ce:	009b      	lsls	r3, r3, #2
200002d0:	4053      	eors	r3, r2
200002d2:	22c0      	movs	r2, #192	@ 0xc0
200002d4:	0092      	lsls	r2, r2, #2
200002d6:	4013      	ands	r3, r2
200002d8:	4a02      	ldr	r2, [pc, #8]	@ (200002e4 <flash_cs_force.constprop.1+0x1c>)
200002da:	6013      	str	r3, [r2, #0]
200002dc:	4770      	bx	lr
200002de:	46c0      	nop			@ (mov r8, r8)
200002e0:	4001800c 	.word	0x4001800c
200002e4:	4001900c 	.word	0x4001900c

200002e8 <flash_do_cmd>:
200002e8:	2300      	movs	r3, #0
200002ea:	b5f0      	push	{r4, r5, r6, r7, lr}
200002ec:	46de      	mov	lr, fp
200002ee:	4657      	mov	r7, sl
200002f0:	464e      	mov	r6, r9
200002f2:	4645      	mov	r5, r8
200002f4:	469a      	mov	sl, r3
200002f6:	b5e0      	push	{r5, r6, r7, lr}
200002f8:	b089      	sub	sp, #36	@ 0x24
200002fa:	9001      	str	r0, [sp, #4]
200002fc:	000e      	movs	r6, r1
200002fe:	8a98      	ldrh	r0, [r3, #20]
20000300:	4945      	ldr	r1, [pc, #276]	@ (20000418 <flash_do_cmd+0x130>)
20000302:	8b1b      	ldrh	r3, [r3, #24]
20000304:	0014      	movs	r4, r2
20000306:	4798      	blx	r3
20000308:	4653      	mov	r3, sl
2000030a:	4681      	mov	r9, r0
2000030c:	4943      	ldr	r1, [pc, #268]	@ (2000041c <flash_do_cmd+0x134>)
2000030e:	8a98      	ldrh	r0, [r3, #20]
20000310:	8b1b      	ldrh	r3, [r3, #24]
20000312:	4798      	blx	r3
20000314:	4653      	mov	r3, sl
20000316:	4942      	ldr	r1, [pc, #264]	@ (20000420 <flash_do_cmd+0x138>)
20000318:	0005      	movs	r5, r0
2000031a:	8a98      	ldrh	r0, [r3, #20]
2000031c:	8b1b      	ldrh	r3, [r3, #24]
2000031e:	4798      	blx	r3
20000320:	4680      	mov	r8, r0
20000322:	f7ff ff87 	bl	20000234 <flash_init_boot2_copyout>
20000326:	a802      	add	r0, sp, #8
20000328:	f7ff ffa2 	bl	20000270 <flash_save_hardware_state>
2000032c:	47c8      	blx	r9
2000032e:	47a8      	blx	r5
20000330:	f7ff ffca 	bl	200002c8 <flash_cs_force.constprop.1>
20000334:	1e25      	subs	r5, r4, #0
20000336:	d022      	beq.n	2000037e <flash_do_cmd+0x96>
20000338:	2308      	movs	r3, #8
2000033a:	21c0      	movs	r1, #192	@ 0xc0
2000033c:	469c      	mov	ip, r3
2000033e:	2002      	movs	r0, #2
20000340:	0549      	lsls	r1, r1, #21
20000342:	4662      	mov	r2, ip
20000344:	6a8b      	ldr	r3, [r1, #40]	@ 0x28
20000346:	401a      	ands	r2, r3
20000348:	4218      	tst	r0, r3
2000034a:	d03f      	beq.n	200003cc <flash_do_cmd+0xe4>
2000034c:	1b63      	subs	r3, r4, r5
2000034e:	2d00      	cmp	r5, #0
20000350:	d12f      	bne.n	200003b2 <flash_do_cmd+0xca>
20000352:	2a00      	cmp	r2, #0
20000354:	d111      	bne.n	2000037a <flash_do_cmd+0x92>
20000356:	2c00      	cmp	r4, #0
20000358:	d011      	beq.n	2000037e <flash_do_cmd+0x96>
2000035a:	23c0      	movs	r3, #192	@ 0xc0
2000035c:	055b      	lsls	r3, r3, #21
2000035e:	469b      	mov	fp, r3
20000360:	2302      	movs	r3, #2
20000362:	469a      	mov	sl, r3
20000364:	3306      	adds	r3, #6
20000366:	4699      	mov	r9, r3
20000368:	465b      	mov	r3, fp
2000036a:	464a      	mov	r2, r9
2000036c:	4657      	mov	r7, sl
2000036e:	6a9b      	ldr	r3, [r3, #40]	@ 0x28
20000370:	401a      	ands	r2, r3
20000372:	421f      	tst	r7, r3
20000374:	d042      	beq.n	200003fc <flash_do_cmd+0x114>
20000376:	2a00      	cmp	r2, #0
20000378:	d0f6      	beq.n	20000368 <flash_do_cmd+0x80>
2000037a:	2c00      	cmp	r4, #0
2000037c:	d130      	bne.n	200003e0 <flash_do_cmd+0xf8>
2000037e:	f7ff ff97 	bl	200002b0 <flash_cs_force.constprop.0>
20000382:	47c0      	blx	r8
20000384:	f7ff ff6e 	bl	20000264 <flash_enable_xip_via_boot2>
20000388:	a802      	add	r0, sp, #8
2000038a:	f7ff ff81 	bl	20000290 <flash_restore_hardware_state>
2000038e:	b009      	add	sp, #36	@ 0x24
20000390:	bcf0      	pop	{r4, r5, r6, r7}
20000392:	46bb      	mov	fp, r7
20000394:	46b2      	mov	sl, r6
20000396:	46a9      	mov	r9, r5
20000398:	46a0      	mov	r8, r4
2000039a:	bdf0      	pop	{r4, r5, r6, r7, pc}
2000039c:	2c00      	cmp	r4, #0
2000039e:	d12f      	bne.n	20000400 <flash_do_cmd+0x118>
200003a0:	22c0      	movs	r2, #192	@ 0xc0
200003a2:	0552      	lsls	r2, r2, #21
200003a4:	6a92      	ldr	r2, [r2, #40]	@ 0x28
200003a6:	4691      	mov	r9, r2
200003a8:	2208      	movs	r2, #8
200003aa:	464f      	mov	r7, r9
200003ac:	403a      	ands	r2, r7
200003ae:	07bf      	lsls	r7, r7, #30
200003b0:	d52d      	bpl.n	2000040e <flash_do_cmd+0x126>
200003b2:	2b0d      	cmp	r3, #13
200003b4:	d91b      	bls.n	200003ee <flash_do_cmd+0x106>
200003b6:	2a00      	cmp	r2, #0
200003b8:	d1f0      	bne.n	2000039c <flash_do_cmd+0xb4>
200003ba:	22c0      	movs	r2, #192	@ 0xc0
200003bc:	0552      	lsls	r2, r2, #21
200003be:	6a92      	ldr	r2, [r2, #40]	@ 0x28
200003c0:	4691      	mov	r9, r2
200003c2:	2208      	movs	r2, #8
200003c4:	464f      	mov	r7, r9
200003c6:	403a      	ands	r2, r7
200003c8:	07bf      	lsls	r7, r7, #30
200003ca:	d4f2      	bmi.n	200003b2 <flash_do_cmd+0xca>
200003cc:	2a00      	cmp	r2, #0
200003ce:	d104      	bne.n	200003da <flash_do_cmd+0xf2>
200003d0:	002b      	movs	r3, r5
200003d2:	4323      	orrs	r3, r4
200003d4:	2b00      	cmp	r3, #0
200003d6:	d1b4      	bne.n	20000342 <flash_do_cmd+0x5a>
200003d8:	e7d1      	b.n	2000037e <flash_do_cmd+0x96>
200003da:	002b      	movs	r3, r5
200003dc:	2c00      	cmp	r4, #0
200003de:	d0f9      	beq.n	200003d4 <flash_do_cmd+0xec>
200003e0:	6e0b      	ldr	r3, [r1, #96]	@ 0x60
200003e2:	3c01      	subs	r4, #1
200003e4:	7033      	strb	r3, [r6, #0]
200003e6:	0023      	movs	r3, r4
200003e8:	3601      	adds	r6, #1
200003ea:	432b      	orrs	r3, r5
200003ec:	e7f2      	b.n	200003d4 <flash_do_cmd+0xec>
200003ee:	9f01      	ldr	r7, [sp, #4]
200003f0:	3d01      	subs	r5, #1
200003f2:	783b      	ldrb	r3, [r7, #0]
200003f4:	3701      	adds	r7, #1
200003f6:	660b      	str	r3, [r1, #96]	@ 0x60
200003f8:	9701      	str	r7, [sp, #4]
200003fa:	e7e7      	b.n	200003cc <flash_do_cmd+0xe4>
200003fc:	2500      	movs	r5, #0
200003fe:	e7e5      	b.n	200003cc <flash_do_cmd+0xe4>
20000400:	23c0      	movs	r3, #192	@ 0xc0
20000402:	055b      	lsls	r3, r3, #21
20000404:	6e1b      	ldr	r3, [r3, #96]	@ 0x60
20000406:	3c01      	subs	r4, #1
20000408:	7033      	strb	r3, [r6, #0]
2000040a:	3601      	adds	r6, #1
2000040c:	e799      	b.n	20000342 <flash_do_cmd+0x5a>
2000040e:	002b      	movs	r3, r5
20000410:	2a00      	cmp	r2, #0
20000412:	d1df      	bne.n	200003d4 <flash_do_cmd+0xec>
20000414:	e7dc      	b.n	200003d0 <flash_do_cmd+0xe8>
20000416:	46c0      	nop			@ (mov r8, r8)
20000418:	00004649 	.word	0x00004649
2000041c:	00005845 	.word	0x00005845
20000420:	00004346 	.word	0x00004346

20000424 <reset_non_control_endpoints>:
20000424:	2200      	movs	r2, #0
20000426:	4b15      	ldr	r3, [pc, #84]	@ (2000047c <reset_non_control_endpoints+0x58>)
20000428:	b510      	push	{r4, lr}
2000042a:	609a      	str	r2, [r3, #8]
2000042c:	60da      	str	r2, [r3, #12]
2000042e:	611a      	str	r2, [r3, #16]
20000430:	615a      	str	r2, [r3, #20]
20000432:	619a      	str	r2, [r3, #24]
20000434:	61da      	str	r2, [r3, #28]
20000436:	621a      	str	r2, [r3, #32]
20000438:	625a      	str	r2, [r3, #36]	@ 0x24
2000043a:	629a      	str	r2, [r3, #40]	@ 0x28
2000043c:	62da      	str	r2, [r3, #44]	@ 0x2c
2000043e:	631a      	str	r2, [r3, #48]	@ 0x30
20000440:	635a      	str	r2, [r3, #52]	@ 0x34
20000442:	639a      	str	r2, [r3, #56]	@ 0x38
20000444:	63da      	str	r2, [r3, #60]	@ 0x3c
20000446:	641a      	str	r2, [r3, #64]	@ 0x40
20000448:	645a      	str	r2, [r3, #68]	@ 0x44
2000044a:	649a      	str	r2, [r3, #72]	@ 0x48
2000044c:	64da      	str	r2, [r3, #76]	@ 0x4c
2000044e:	651a      	str	r2, [r3, #80]	@ 0x50
20000450:	655a      	str	r2, [r3, #84]	@ 0x54
20000452:	659a      	str	r2, [r3, #88]	@ 0x58
20000454:	65da      	str	r2, [r3, #92]	@ 0x5c
20000456:	661a      	str	r2, [r3, #96]	@ 0x60
20000458:	665a      	str	r2, [r3, #100]	@ 0x64
2000045a:	669a      	str	r2, [r3, #104]	@ 0x68
2000045c:	66da      	str	r2, [r3, #108]	@ 0x6c
2000045e:	671a      	str	r2, [r3, #112]	@ 0x70
20000460:	675a      	str	r2, [r3, #116]	@ 0x74
20000462:	679a      	str	r2, [r3, #120]	@ 0x78
20000464:	67da      	str	r2, [r3, #124]	@ 0x7c
20000466:	32f0      	adds	r2, #240	@ 0xf0
20000468:	0092      	lsls	r2, r2, #2
2000046a:	2100      	movs	r1, #0
2000046c:	4804      	ldr	r0, [pc, #16]	@ (20000480 <reset_non_control_endpoints+0x5c>)
2000046e:	f000 fd7b 	bl	20000f68 <____wrap_memset_veneer>
20000472:	4b04      	ldr	r3, [pc, #16]	@ (20000484 <reset_non_control_endpoints+0x60>)
20000474:	4a04      	ldr	r2, [pc, #16]	@ (20000488 <reset_non_control_endpoints+0x64>)
20000476:	601a      	str	r2, [r3, #0]
20000478:	bd10      	pop	{r4, pc}
2000047a:	46c0      	nop			@ (mov r8, r8)
2000047c:	50100000 	.word	0x50100000
20000480:	20001bdc 	.word	0x20001bdc
20000484:	20001fa4 	.word	0x20001fa4
20000488:	50100180 	.word	0x50100180

2000048c <hw_handle_buff_status>:
2000048c:	b5f0      	push	{r4, r5, r6, r7, lr}
2000048e:	464e      	mov	r6, r9
20000490:	4645      	mov	r5, r8
20000492:	46de      	mov	lr, fp
20000494:	4657      	mov	r7, sl
20000496:	b5e0      	push	{r5, r6, r7, lr}
20000498:	4b21      	ldr	r3, [pc, #132]	@ (20000520 <hw_handle_buff_status+0x94>)
2000049a:	2400      	movs	r4, #0
2000049c:	6d9e      	ldr	r6, [r3, #88]	@ 0x58
2000049e:	2501      	movs	r5, #1
200004a0:	b085      	sub	sp, #20
200004a2:	2e00      	cmp	r6, #0
200004a4:	d022      	beq.n	200004ec <hw_handle_buff_status+0x60>
200004a6:	4b1f      	ldr	r3, [pc, #124]	@ (20000524 <hw_handle_buff_status+0x98>)
200004a8:	469a      	mov	sl, r3
200004aa:	2301      	movs	r3, #1
200004ac:	4699      	mov	r9, r3
200004ae:	4b1e      	ldr	r3, [pc, #120]	@ (20000528 <hw_handle_buff_status+0x9c>)
200004b0:	4698      	mov	r8, r3
200004b2:	e001      	b.n	200004b8 <hw_handle_buff_status+0x2c>
200004b4:	2c20      	cmp	r4, #32
200004b6:	d019      	beq.n	200004ec <hw_handle_buff_status+0x60>
200004b8:	002a      	movs	r2, r5
200004ba:	0023      	movs	r3, r4
200004bc:	3401      	adds	r4, #1
200004be:	002f      	movs	r7, r5
200004c0:	4032      	ands	r2, r6
200004c2:	b2e4      	uxtb	r4, r4
200004c4:	006d      	lsls	r5, r5, #1
200004c6:	2a00      	cmp	r2, #0
200004c8:	d0f4      	beq.n	200004b4 <hw_handle_buff_status+0x28>
200004ca:	4652      	mov	r2, sl
200004cc:	6597      	str	r7, [r2, #88]	@ 0x58
200004ce:	464a      	mov	r2, r9
200004d0:	085b      	lsrs	r3, r3, #1
200004d2:	005b      	lsls	r3, r3, #1
200004d4:	4022      	ands	r2, r4
200004d6:	189b      	adds	r3, r3, r2
200004d8:	015b      	lsls	r3, r3, #5
200004da:	4443      	add	r3, r8
200004dc:	0018      	movs	r0, r3
200004de:	469b      	mov	fp, r3
200004e0:	f000 fc1e 	bl	20000d20 <hw_endpoint_xfer_continue>
200004e4:	2800      	cmp	r0, #0
200004e6:	d108      	bne.n	200004fa <hw_handle_buff_status+0x6e>
200004e8:	43be      	bics	r6, r7
200004ea:	d1e3      	bne.n	200004b4 <hw_handle_buff_status+0x28>
200004ec:	b005      	add	sp, #20
200004ee:	bcf0      	pop	{r4, r5, r6, r7}
200004f0:	46bb      	mov	fp, r7
200004f2:	46b2      	mov	sl, r6
200004f4:	46a9      	mov	r9, r5
200004f6:	46a0      	mov	r8, r4
200004f8:	bdf0      	pop	{r4, r5, r6, r7, pc}
200004fa:	465b      	mov	r3, fp
200004fc:	21e0      	movs	r1, #224	@ 0xe0
200004fe:	789a      	ldrb	r2, [r3, #2]
20000500:	8adb      	ldrh	r3, [r3, #22]
20000502:	a801      	add	r0, sp, #4
20000504:	6083      	str	r3, [r0, #8]
20000506:	2300      	movs	r3, #0
20000508:	00c9      	lsls	r1, r1, #3
2000050a:	8001      	strh	r1, [r0, #0]
2000050c:	2101      	movs	r1, #1
2000050e:	7102      	strb	r2, [r0, #4]
20000510:	7143      	strb	r3, [r0, #5]
20000512:	f000 fc25 	bl	20000d60 <dcd_event_handler>
20000516:	4658      	mov	r0, fp
20000518:	f000 fba0 	bl	20000c5c <hw_endpoint_reset_transfer>
2000051c:	e7e4      	b.n	200004e8 <hw_handle_buff_status+0x5c>
2000051e:	46c0      	nop			@ (mov r8, r8)
20000520:	50110000 	.word	0x50110000
20000524:	50113000 	.word	0x50113000
20000528:	20001b9c 	.word	0x20001b9c

2000052c <dcd_rp2040_irq>:
2000052c:	2398      	movs	r3, #152	@ 0x98
2000052e:	b5f0      	push	{r4, r5, r6, r7, lr}
20000530:	46c6      	mov	lr, r8
20000532:	4ac8      	ldr	r2, [pc, #800]	@ (20000854 <dcd_rp2040_irq+0x328>)
20000534:	b500      	push	{lr}
20000536:	58d5      	ldr	r5, [r2, r3]
20000538:	2380      	movs	r3, #128	@ 0x80
2000053a:	002e      	movs	r6, r5
2000053c:	029b      	lsls	r3, r3, #10
2000053e:	2410      	movs	r4, #16
20000540:	b084      	sub	sp, #16
20000542:	401e      	ands	r6, r3
20000544:	421d      	tst	r5, r3
20000546:	d074      	beq.n	20000632 <dcd_rp2040_irq+0x106>
20000548:	4bc3      	ldr	r3, [pc, #780]	@ (20000858 <dcd_rp2040_irq+0x32c>)
2000054a:	4cc4      	ldr	r4, [pc, #784]	@ (2000085c <dcd_rp2040_irq+0x330>)
2000054c:	6a9a      	ldr	r2, [r3, #40]	@ 0x28
2000054e:	4bc4      	ldr	r3, [pc, #784]	@ (20000860 <dcd_rp2040_irq+0x334>)
20000550:	2600      	movs	r6, #0
20000552:	601a      	str	r2, [r3, #0]
20000554:	233b      	movs	r3, #59	@ 0x3b
20000556:	5ce3      	ldrb	r3, [r4, r3]
20000558:	2b02      	cmp	r3, #2
2000055a:	d100      	bne.n	2000055e <dcd_rp2040_irq+0x32>
2000055c:	e14f      	b.n	200007fe <dcd_rp2040_irq+0x2d2>
2000055e:	237b      	movs	r3, #123	@ 0x7b
20000560:	5ce3      	ldrb	r3, [r4, r3]
20000562:	2b02      	cmp	r3, #2
20000564:	d100      	bne.n	20000568 <dcd_rp2040_irq+0x3c>
20000566:	e0f3      	b.n	20000750 <dcd_rp2040_irq+0x224>
20000568:	23bb      	movs	r3, #187	@ 0xbb
2000056a:	5ce3      	ldrb	r3, [r4, r3]
2000056c:	2b02      	cmp	r3, #2
2000056e:	d100      	bne.n	20000572 <dcd_rp2040_irq+0x46>
20000570:	e0fa      	b.n	20000768 <dcd_rp2040_irq+0x23c>
20000572:	23fb      	movs	r3, #251	@ 0xfb
20000574:	5ce3      	ldrb	r3, [r4, r3]
20000576:	2b02      	cmp	r3, #2
20000578:	d100      	bne.n	2000057c <dcd_rp2040_irq+0x50>
2000057a:	e101      	b.n	20000780 <dcd_rp2040_irq+0x254>
2000057c:	233c      	movs	r3, #60	@ 0x3c
2000057e:	33ff      	adds	r3, #255	@ 0xff
20000580:	5ce3      	ldrb	r3, [r4, r3]
20000582:	2b02      	cmp	r3, #2
20000584:	d100      	bne.n	20000588 <dcd_rp2040_irq+0x5c>
20000586:	e12d      	b.n	200007e4 <dcd_rp2040_irq+0x2b8>
20000588:	237c      	movs	r3, #124	@ 0x7c
2000058a:	33ff      	adds	r3, #255	@ 0xff
2000058c:	5ce3      	ldrb	r3, [r4, r3]
2000058e:	2b02      	cmp	r3, #2
20000590:	d100      	bne.n	20000594 <dcd_rp2040_irq+0x68>
20000592:	e10e      	b.n	200007b2 <dcd_rp2040_irq+0x286>
20000594:	23bc      	movs	r3, #188	@ 0xbc
20000596:	33ff      	adds	r3, #255	@ 0xff
20000598:	5ce3      	ldrb	r3, [r4, r3]
2000059a:	2b02      	cmp	r3, #2
2000059c:	d100      	bne.n	200005a0 <dcd_rp2040_irq+0x74>
2000059e:	e13f      	b.n	20000820 <dcd_rp2040_irq+0x2f4>
200005a0:	23fc      	movs	r3, #252	@ 0xfc
200005a2:	33ff      	adds	r3, #255	@ 0xff
200005a4:	5ce3      	ldrb	r3, [r4, r3]
200005a6:	2b02      	cmp	r3, #2
200005a8:	d100      	bne.n	200005ac <dcd_rp2040_irq+0x80>
200005aa:	e0f5      	b.n	20000798 <dcd_rp2040_irq+0x26c>
200005ac:	4bad      	ldr	r3, [pc, #692]	@ (20000864 <dcd_rp2040_irq+0x338>)
200005ae:	5ce3      	ldrb	r3, [r4, r3]
200005b0:	2b02      	cmp	r3, #2
200005b2:	d100      	bne.n	200005b6 <dcd_rp2040_irq+0x8a>
200005b4:	e174      	b.n	200008a0 <dcd_rp2040_irq+0x374>
200005b6:	4bac      	ldr	r3, [pc, #688]	@ (20000868 <dcd_rp2040_irq+0x33c>)
200005b8:	5ce3      	ldrb	r3, [r4, r3]
200005ba:	2b02      	cmp	r3, #2
200005bc:	d100      	bne.n	200005c0 <dcd_rp2040_irq+0x94>
200005be:	e105      	b.n	200007cc <dcd_rp2040_irq+0x2a0>
200005c0:	4baa      	ldr	r3, [pc, #680]	@ (2000086c <dcd_rp2040_irq+0x340>)
200005c2:	5ce3      	ldrb	r3, [r4, r3]
200005c4:	2b02      	cmp	r3, #2
200005c6:	d100      	bne.n	200005ca <dcd_rp2040_irq+0x9e>
200005c8:	e175      	b.n	200008b6 <dcd_rp2040_irq+0x38a>
200005ca:	4ba9      	ldr	r3, [pc, #676]	@ (20000870 <dcd_rp2040_irq+0x344>)
200005cc:	5ce3      	ldrb	r3, [r4, r3]
200005ce:	2b02      	cmp	r3, #2
200005d0:	d100      	bne.n	200005d4 <dcd_rp2040_irq+0xa8>
200005d2:	e132      	b.n	2000083a <dcd_rp2040_irq+0x30e>
200005d4:	4ba7      	ldr	r3, [pc, #668]	@ (20000874 <dcd_rp2040_irq+0x348>)
200005d6:	5ce3      	ldrb	r3, [r4, r3]
200005d8:	2b02      	cmp	r3, #2
200005da:	d100      	bne.n	200005de <dcd_rp2040_irq+0xb2>
200005dc:	e1a0      	b.n	20000920 <dcd_rp2040_irq+0x3f4>
200005de:	4ba6      	ldr	r3, [pc, #664]	@ (20000878 <dcd_rp2040_irq+0x34c>)
200005e0:	5ce3      	ldrb	r3, [r4, r3]
200005e2:	2b02      	cmp	r3, #2
200005e4:	d100      	bne.n	200005e8 <dcd_rp2040_irq+0xbc>
200005e6:	e171      	b.n	200008cc <dcd_rp2040_irq+0x3a0>
200005e8:	4ba4      	ldr	r3, [pc, #656]	@ (2000087c <dcd_rp2040_irq+0x350>)
200005ea:	5ce3      	ldrb	r3, [r4, r3]
200005ec:	2b02      	cmp	r3, #2
200005ee:	d100      	bne.n	200005f2 <dcd_rp2040_irq+0xc6>
200005f0:	e1a1      	b.n	20000936 <dcd_rp2040_irq+0x40a>
200005f2:	4ba3      	ldr	r3, [pc, #652]	@ (20000880 <dcd_rp2040_irq+0x354>)
200005f4:	5ce3      	ldrb	r3, [r4, r3]
200005f6:	2b02      	cmp	r3, #2
200005f8:	d100      	bne.n	200005fc <dcd_rp2040_irq+0xd0>
200005fa:	e17f      	b.n	200008fc <dcd_rp2040_irq+0x3d0>
200005fc:	2e00      	cmp	r6, #0
200005fe:	d108      	bne.n	20000612 <dcd_rp2040_irq+0xe6>
20000600:	4ba0      	ldr	r3, [pc, #640]	@ (20000884 <dcd_rp2040_irq+0x358>)
20000602:	781b      	ldrb	r3, [r3, #0]
20000604:	2b00      	cmp	r3, #0
20000606:	d104      	bne.n	20000612 <dcd_rp2040_irq+0xe6>
20000608:	2180      	movs	r1, #128	@ 0x80
2000060a:	4a9f      	ldr	r2, [pc, #636]	@ (20000888 <dcd_rp2040_irq+0x35c>)
2000060c:	3390      	adds	r3, #144	@ 0x90
2000060e:	0289      	lsls	r1, r1, #10
20000610:	50d1      	str	r1, [r2, r3]
20000612:	22c0      	movs	r2, #192	@ 0xc0
20000614:	4669      	mov	r1, sp
20000616:	4b8f      	ldr	r3, [pc, #572]	@ (20000854 <dcd_rp2040_irq+0x328>)
20000618:	0092      	lsls	r2, r2, #2
2000061a:	6c9b      	ldr	r3, [r3, #72]	@ 0x48
2000061c:	2680      	movs	r6, #128	@ 0x80
2000061e:	055b      	lsls	r3, r3, #21
20000620:	808a      	strh	r2, [r1, #4]
20000622:	0d5b      	lsrs	r3, r3, #21
20000624:	2101      	movs	r1, #1
20000626:	a801      	add	r0, sp, #4
20000628:	9302      	str	r3, [sp, #8]
2000062a:	f000 fb99 	bl	20000d60 <dcd_event_handler>
2000062e:	4c97      	ldr	r4, [pc, #604]	@ (2000088c <dcd_rp2040_irq+0x360>)
20000630:	02b6      	lsls	r6, r6, #10
20000632:	06eb      	lsls	r3, r5, #27
20000634:	d500      	bpl.n	20000638 <dcd_rp2040_irq+0x10c>
20000636:	e07f      	b.n	20000738 <dcd_rp2040_irq+0x20c>
20000638:	2380      	movs	r3, #128	@ 0x80
2000063a:	025b      	lsls	r3, r3, #9
2000063c:	421d      	tst	r5, r3
2000063e:	d031      	beq.n	200006a4 <dcd_rp2040_irq+0x178>
20000640:	431e      	orrs	r6, r3
20000642:	2301      	movs	r3, #1
20000644:	2402      	movs	r4, #2
20000646:	4698      	mov	r8, r3
20000648:	4f84      	ldr	r7, [pc, #528]	@ (2000085c <dcd_rp2040_irq+0x330>)
2000064a:	7ebb      	ldrb	r3, [r7, #26]
2000064c:	2b00      	cmp	r3, #0
2000064e:	d014      	beq.n	2000067a <dcd_rp2040_irq+0x14e>
20000650:	f000 fc9a 	bl	20000f88 <__rp2040_chip_version_veneer>
20000654:	2801      	cmp	r0, #1
20000656:	d900      	bls.n	2000065a <dcd_rp2040_irq+0x12e>
20000658:	e072      	b.n	20000740 <dcd_rp2040_irq+0x214>
2000065a:	22c0      	movs	r2, #192	@ 0xc0
2000065c:	2100      	movs	r1, #0
2000065e:	0038      	movs	r0, r7
20000660:	0192      	lsls	r2, r2, #6
20000662:	f000 fb01 	bl	20000c68 <_hw_endpoint_buffer_control_update32>
20000666:	0038      	movs	r0, r7
20000668:	f000 faf8 	bl	20000c5c <hw_endpoint_reset_transfer>
2000066c:	f000 fc8c 	bl	20000f88 <__rp2040_chip_version_veneer>
20000670:	2801      	cmp	r0, #1
20000672:	d902      	bls.n	2000067a <dcd_rp2040_irq+0x14e>
20000674:	4b84      	ldr	r3, [pc, #528]	@ (20000888 <dcd_rp2040_irq+0x35c>)
20000676:	665c      	str	r4, [r3, #100]	@ 0x64
20000678:	661c      	str	r4, [r3, #96]	@ 0x60
2000067a:	4643      	mov	r3, r8
2000067c:	70fb      	strb	r3, [r7, #3]
2000067e:	3720      	adds	r7, #32
20000680:	2c01      	cmp	r4, #1
20000682:	d122      	bne.n	200006ca <dcd_rp2040_irq+0x19e>
20000684:	23c0      	movs	r3, #192	@ 0xc0
20000686:	466a      	mov	r2, sp
20000688:	00db      	lsls	r3, r3, #3
2000068a:	8093      	strh	r3, [r2, #4]
2000068c:	4a80      	ldr	r2, [pc, #512]	@ (20000890 <dcd_rp2040_irq+0x364>)
2000068e:	ab02      	add	r3, sp, #8
20000690:	ca03      	ldmia	r2!, {r0, r1}
20000692:	c303      	stmia	r3!, {r0, r1}
20000694:	2101      	movs	r1, #1
20000696:	a801      	add	r0, sp, #4
20000698:	f000 fb62 	bl	20000d60 <dcd_event_handler>
2000069c:	2280      	movs	r2, #128	@ 0x80
2000069e:	4b7a      	ldr	r3, [pc, #488]	@ (20000888 <dcd_rp2040_irq+0x35c>)
200006a0:	0292      	lsls	r2, r2, #10
200006a2:	651a      	str	r2, [r3, #80]	@ 0x50
200006a4:	2380      	movs	r3, #128	@ 0x80
200006a6:	015b      	lsls	r3, r3, #5
200006a8:	421d      	tst	r5, r3
200006aa:	d110      	bne.n	200006ce <dcd_rp2040_irq+0x1a2>
200006ac:	2380      	movs	r3, #128	@ 0x80
200006ae:	01db      	lsls	r3, r3, #7
200006b0:	421d      	tst	r5, r3
200006b2:	d123      	bne.n	200006fc <dcd_rp2040_irq+0x1d0>
200006b4:	2380      	movs	r3, #128	@ 0x80
200006b6:	021b      	lsls	r3, r3, #8
200006b8:	421d      	tst	r5, r3
200006ba:	d12f      	bne.n	2000071c <dcd_rp2040_irq+0x1f0>
200006bc:	42ae      	cmp	r6, r5
200006be:	d000      	beq.n	200006c2 <dcd_rp2040_irq+0x196>
200006c0:	e1c0      	b.n	20000a44 <dcd_rp2040_irq+0x518>
200006c2:	b004      	add	sp, #16
200006c4:	bc80      	pop	{r7}
200006c6:	46b8      	mov	r8, r7
200006c8:	bdf0      	pop	{r4, r5, r6, r7, pc}
200006ca:	2401      	movs	r4, #1
200006cc:	e7bd      	b.n	2000064a <dcd_rp2040_irq+0x11e>
200006ce:	2400      	movs	r4, #0
200006d0:	431e      	orrs	r6, r3
200006d2:	4b60      	ldr	r3, [pc, #384]	@ (20000854 <dcd_rp2040_irq+0x328>)
200006d4:	601c      	str	r4, [r3, #0]
200006d6:	f7ff fea5 	bl	20000424 <reset_non_control_endpoints>
200006da:	2380      	movs	r3, #128	@ 0x80
200006dc:	466a      	mov	r2, sp
200006de:	005b      	lsls	r3, r3, #1
200006e0:	8093      	strh	r3, [r2, #4]
200006e2:	7214      	strb	r4, [r2, #8]
200006e4:	2101      	movs	r1, #1
200006e6:	a801      	add	r0, sp, #4
200006e8:	f000 fb3a 	bl	20000d60 <dcd_event_handler>
200006ec:	2280      	movs	r2, #128	@ 0x80
200006ee:	4b66      	ldr	r3, [pc, #408]	@ (20000888 <dcd_rp2040_irq+0x35c>)
200006f0:	0312      	lsls	r2, r2, #12
200006f2:	651a      	str	r2, [r3, #80]	@ 0x50
200006f4:	2380      	movs	r3, #128	@ 0x80
200006f6:	01db      	lsls	r3, r3, #7
200006f8:	421d      	tst	r5, r3
200006fa:	d0db      	beq.n	200006b4 <dcd_rp2040_irq+0x188>
200006fc:	431e      	orrs	r6, r3
200006fe:	2380      	movs	r3, #128	@ 0x80
20000700:	466a      	mov	r2, sp
20000702:	00db      	lsls	r3, r3, #3
20000704:	8093      	strh	r3, [r2, #4]
20000706:	2101      	movs	r1, #1
20000708:	a801      	add	r0, sp, #4
2000070a:	f000 fb29 	bl	20000d60 <dcd_event_handler>
2000070e:	2210      	movs	r2, #16
20000710:	4b5d      	ldr	r3, [pc, #372]	@ (20000888 <dcd_rp2040_irq+0x35c>)
20000712:	651a      	str	r2, [r3, #80]	@ 0x50
20000714:	2380      	movs	r3, #128	@ 0x80
20000716:	021b      	lsls	r3, r3, #8
20000718:	421d      	tst	r5, r3
2000071a:	d0cf      	beq.n	200006bc <dcd_rp2040_irq+0x190>
2000071c:	431e      	orrs	r6, r3
2000071e:	23a0      	movs	r3, #160	@ 0xa0
20000720:	466a      	mov	r2, sp
20000722:	00db      	lsls	r3, r3, #3
20000724:	8093      	strh	r3, [r2, #4]
20000726:	2101      	movs	r1, #1
20000728:	a801      	add	r0, sp, #4
2000072a:	f000 fb19 	bl	20000d60 <dcd_event_handler>
2000072e:	2280      	movs	r2, #128	@ 0x80
20000730:	4b55      	ldr	r3, [pc, #340]	@ (20000888 <dcd_rp2040_irq+0x35c>)
20000732:	0112      	lsls	r2, r2, #4
20000734:	651a      	str	r2, [r3, #80]	@ 0x50
20000736:	e7c1      	b.n	200006bc <dcd_rp2040_irq+0x190>
20000738:	f7ff fea8 	bl	2000048c <hw_handle_buff_status>
2000073c:	0026      	movs	r6, r4
2000073e:	e77b      	b.n	20000638 <dcd_rp2040_irq+0x10c>
20000740:	4b54      	ldr	r3, [pc, #336]	@ (20000894 <dcd_rp2040_irq+0x368>)
20000742:	4a44      	ldr	r2, [pc, #272]	@ (20000854 <dcd_rp2040_irq+0x328>)
20000744:	661c      	str	r4, [r3, #96]	@ 0x60
20000746:	6e53      	ldr	r3, [r2, #100]	@ 0x64
20000748:	4023      	ands	r3, r4
2000074a:	42a3      	cmp	r3, r4
2000074c:	d1fb      	bne.n	20000746 <dcd_rp2040_irq+0x21a>
2000074e:	e784      	b.n	2000065a <dcd_rp2040_irq+0x12e>
20000750:	3378      	adds	r3, #120	@ 0x78
20000752:	5ce7      	ldrb	r7, [r4, r3]
20000754:	2f00      	cmp	r7, #0
20000756:	d100      	bne.n	2000075a <dcd_rp2040_irq+0x22e>
20000758:	e706      	b.n	20000568 <dcd_rp2040_irq+0x3c>
2000075a:	3302      	adds	r3, #2
2000075c:	5ce2      	ldrb	r2, [r4, r3]
2000075e:	2a00      	cmp	r2, #0
20000760:	d000      	beq.n	20000764 <dcd_rp2040_irq+0x238>
20000762:	e10d      	b.n	20000980 <dcd_rp2040_irq+0x454>
20000764:	003e      	movs	r6, r7
20000766:	e6ff      	b.n	20000568 <dcd_rp2040_irq+0x3c>
20000768:	33b8      	adds	r3, #184	@ 0xb8
2000076a:	5ce7      	ldrb	r7, [r4, r3]
2000076c:	2f00      	cmp	r7, #0
2000076e:	d100      	bne.n	20000772 <dcd_rp2040_irq+0x246>
20000770:	e6ff      	b.n	20000572 <dcd_rp2040_irq+0x46>
20000772:	3302      	adds	r3, #2
20000774:	5ce2      	ldrb	r2, [r4, r3]
20000776:	2a00      	cmp	r2, #0
20000778:	d000      	beq.n	2000077c <dcd_rp2040_irq+0x250>
2000077a:	e0f9      	b.n	20000970 <dcd_rp2040_irq+0x444>
2000077c:	003e      	movs	r6, r7
2000077e:	e6f8      	b.n	20000572 <dcd_rp2040_irq+0x46>
20000780:	33f8      	adds	r3, #248	@ 0xf8
20000782:	5ce7      	ldrb	r7, [r4, r3]
20000784:	2f00      	cmp	r7, #0
20000786:	d100      	bne.n	2000078a <dcd_rp2040_irq+0x25e>
20000788:	e6f8      	b.n	2000057c <dcd_rp2040_irq+0x50>
2000078a:	3302      	adds	r3, #2
2000078c:	5ce2      	ldrb	r2, [r4, r3]
2000078e:	2a00      	cmp	r2, #0
20000790:	d000      	beq.n	20000794 <dcd_rp2040_irq+0x268>
20000792:	e141      	b.n	20000a18 <dcd_rp2040_irq+0x4ec>
20000794:	003e      	movs	r6, r7
20000796:	e6f1      	b.n	2000057c <dcd_rp2040_irq+0x50>
20000798:	33f9      	adds	r3, #249	@ 0xf9
2000079a:	33ff      	adds	r3, #255	@ 0xff
2000079c:	5ce7      	ldrb	r7, [r4, r3]
2000079e:	2f00      	cmp	r7, #0
200007a0:	d100      	bne.n	200007a4 <dcd_rp2040_irq+0x278>
200007a2:	e703      	b.n	200005ac <dcd_rp2040_irq+0x80>
200007a4:	3302      	adds	r3, #2
200007a6:	5ce2      	ldrb	r2, [r4, r3]
200007a8:	2a00      	cmp	r2, #0
200007aa:	d000      	beq.n	200007ae <dcd_rp2040_irq+0x282>
200007ac:	e12b      	b.n	20000a06 <dcd_rp2040_irq+0x4da>
200007ae:	003e      	movs	r6, r7
200007b0:	e6fc      	b.n	200005ac <dcd_rp2040_irq+0x80>
200007b2:	3379      	adds	r3, #121	@ 0x79
200007b4:	33ff      	adds	r3, #255	@ 0xff
200007b6:	5ce7      	ldrb	r7, [r4, r3]
200007b8:	2f00      	cmp	r7, #0
200007ba:	d100      	bne.n	200007be <dcd_rp2040_irq+0x292>
200007bc:	e6ea      	b.n	20000594 <dcd_rp2040_irq+0x68>
200007be:	3302      	adds	r3, #2
200007c0:	5ce2      	ldrb	r2, [r4, r3]
200007c2:	2a00      	cmp	r2, #0
200007c4:	d000      	beq.n	200007c8 <dcd_rp2040_irq+0x29c>
200007c6:	e115      	b.n	200009f4 <dcd_rp2040_irq+0x4c8>
200007c8:	003e      	movs	r6, r7
200007ca:	e6e3      	b.n	20000594 <dcd_rp2040_irq+0x68>
200007cc:	4b32      	ldr	r3, [pc, #200]	@ (20000898 <dcd_rp2040_irq+0x36c>)
200007ce:	5ce7      	ldrb	r7, [r4, r3]
200007d0:	2f00      	cmp	r7, #0
200007d2:	d100      	bne.n	200007d6 <dcd_rp2040_irq+0x2aa>
200007d4:	e6f4      	b.n	200005c0 <dcd_rp2040_irq+0x94>
200007d6:	3302      	adds	r3, #2
200007d8:	5ce2      	ldrb	r2, [r4, r3]
200007da:	2a00      	cmp	r2, #0
200007dc:	d000      	beq.n	200007e0 <dcd_rp2040_irq+0x2b4>
200007de:	e101      	b.n	200009e4 <dcd_rp2040_irq+0x4b8>
200007e0:	003e      	movs	r6, r7
200007e2:	e6ed      	b.n	200005c0 <dcd_rp2040_irq+0x94>
200007e4:	3339      	adds	r3, #57	@ 0x39
200007e6:	33ff      	adds	r3, #255	@ 0xff
200007e8:	5ce7      	ldrb	r7, [r4, r3]
200007ea:	2f00      	cmp	r7, #0
200007ec:	d100      	bne.n	200007f0 <dcd_rp2040_irq+0x2c4>
200007ee:	e6cb      	b.n	20000588 <dcd_rp2040_irq+0x5c>
200007f0:	3302      	adds	r3, #2
200007f2:	5ce2      	ldrb	r2, [r4, r3]
200007f4:	2a00      	cmp	r2, #0
200007f6:	d000      	beq.n	200007fa <dcd_rp2040_irq+0x2ce>
200007f8:	e0eb      	b.n	200009d2 <dcd_rp2040_irq+0x4a6>
200007fa:	003e      	movs	r6, r7
200007fc:	e6c4      	b.n	20000588 <dcd_rp2040_irq+0x5c>
200007fe:	3338      	adds	r3, #56	@ 0x38
20000800:	5ce6      	ldrb	r6, [r4, r3]
20000802:	2e00      	cmp	r6, #0
20000804:	d100      	bne.n	20000808 <dcd_rp2040_irq+0x2dc>
20000806:	e6aa      	b.n	2000055e <dcd_rp2040_irq+0x32>
20000808:	3302      	adds	r3, #2
2000080a:	5ce2      	ldrb	r2, [r4, r3]
2000080c:	2a00      	cmp	r2, #0
2000080e:	d100      	bne.n	20000812 <dcd_rp2040_irq+0x2e6>
20000810:	e6a5      	b.n	2000055e <dcd_rp2040_irq+0x32>
20000812:	0020      	movs	r0, r4
20000814:	2200      	movs	r2, #0
20000816:	3020      	adds	r0, #32
20000818:	54e2      	strb	r2, [r4, r3]
2000081a:	f000 fa4d 	bl	20000cb8 <hw_endpoint_start_next_buffer>
2000081e:	e69e      	b.n	2000055e <dcd_rp2040_irq+0x32>
20000820:	33b9      	adds	r3, #185	@ 0xb9
20000822:	33ff      	adds	r3, #255	@ 0xff
20000824:	5ce7      	ldrb	r7, [r4, r3]
20000826:	2f00      	cmp	r7, #0
20000828:	d100      	bne.n	2000082c <dcd_rp2040_irq+0x300>
2000082a:	e6b9      	b.n	200005a0 <dcd_rp2040_irq+0x74>
2000082c:	3302      	adds	r3, #2
2000082e:	5ce2      	ldrb	r2, [r4, r3]
20000830:	2a00      	cmp	r2, #0
20000832:	d000      	beq.n	20000836 <dcd_rp2040_irq+0x30a>
20000834:	e0c4      	b.n	200009c0 <dcd_rp2040_irq+0x494>
20000836:	003e      	movs	r6, r7
20000838:	e6b2      	b.n	200005a0 <dcd_rp2040_irq+0x74>
2000083a:	4b18      	ldr	r3, [pc, #96]	@ (2000089c <dcd_rp2040_irq+0x370>)
2000083c:	5ce7      	ldrb	r7, [r4, r3]
2000083e:	2f00      	cmp	r7, #0
20000840:	d100      	bne.n	20000844 <dcd_rp2040_irq+0x318>
20000842:	e6c7      	b.n	200005d4 <dcd_rp2040_irq+0xa8>
20000844:	3302      	adds	r3, #2
20000846:	5ce2      	ldrb	r2, [r4, r3]
20000848:	2a00      	cmp	r2, #0
2000084a:	d000      	beq.n	2000084e <dcd_rp2040_irq+0x322>
2000084c:	e0b0      	b.n	200009b0 <dcd_rp2040_irq+0x484>
2000084e:	003e      	movs	r6, r7
20000850:	e6c0      	b.n	200005d4 <dcd_rp2040_irq+0xa8>
20000852:	46c0      	nop			@ (mov r8, r8)
20000854:	50110000 	.word	0x50110000
20000858:	40054000 	.word	0x40054000
2000085c:	20001b9c 	.word	0x20001b9c
20000860:	20001b94 	.word	0x20001b94
20000864:	0000023b 	.word	0x0000023b
20000868:	0000027b 	.word	0x0000027b
2000086c:	000002bb 	.word	0x000002bb
20000870:	000002fb 	.word	0x000002fb
20000874:	0000033b 	.word	0x0000033b
20000878:	0000037b 	.word	0x0000037b
2000087c:	000003bb 	.word	0x000003bb
20000880:	000003fb 	.word	0x000003fb
20000884:	20022491 	.word	0x20022491
20000888:	50113000 	.word	0x50113000
2000088c:	00020010 	.word	0x00020010
20000890:	50100000 	.word	0x50100000
20000894:	50112000 	.word	0x50112000
20000898:	0000027a 	.word	0x0000027a
2000089c:	000002fa 	.word	0x000002fa
200008a0:	4b6b      	ldr	r3, [pc, #428]	@ (20000a50 <dcd_rp2040_irq+0x524>)
200008a2:	5ce7      	ldrb	r7, [r4, r3]
200008a4:	2f00      	cmp	r7, #0
200008a6:	d100      	bne.n	200008aa <dcd_rp2040_irq+0x37e>
200008a8:	e685      	b.n	200005b6 <dcd_rp2040_irq+0x8a>
200008aa:	3302      	adds	r3, #2
200008ac:	5ce2      	ldrb	r2, [r4, r3]
200008ae:	2a00      	cmp	r2, #0
200008b0:	d176      	bne.n	200009a0 <dcd_rp2040_irq+0x474>
200008b2:	003e      	movs	r6, r7
200008b4:	e67f      	b.n	200005b6 <dcd_rp2040_irq+0x8a>
200008b6:	4b67      	ldr	r3, [pc, #412]	@ (20000a54 <dcd_rp2040_irq+0x528>)
200008b8:	5ce7      	ldrb	r7, [r4, r3]
200008ba:	2f00      	cmp	r7, #0
200008bc:	d100      	bne.n	200008c0 <dcd_rp2040_irq+0x394>
200008be:	e684      	b.n	200005ca <dcd_rp2040_irq+0x9e>
200008c0:	3302      	adds	r3, #2
200008c2:	5ce2      	ldrb	r2, [r4, r3]
200008c4:	2a00      	cmp	r2, #0
200008c6:	d163      	bne.n	20000990 <dcd_rp2040_irq+0x464>
200008c8:	003e      	movs	r6, r7
200008ca:	e67e      	b.n	200005ca <dcd_rp2040_irq+0x9e>
200008cc:	4b62      	ldr	r3, [pc, #392]	@ (20000a58 <dcd_rp2040_irq+0x52c>)
200008ce:	5ce7      	ldrb	r7, [r4, r3]
200008d0:	2f00      	cmp	r7, #0
200008d2:	d100      	bne.n	200008d6 <dcd_rp2040_irq+0x3aa>
200008d4:	e688      	b.n	200005e8 <dcd_rp2040_irq+0xbc>
200008d6:	3302      	adds	r3, #2
200008d8:	5ce2      	ldrb	r2, [r4, r3]
200008da:	2a00      	cmp	r2, #0
200008dc:	d000      	beq.n	200008e0 <dcd_rp2040_irq+0x3b4>
200008de:	e0a3      	b.n	20000a28 <dcd_rp2040_irq+0x4fc>
200008e0:	4b5e      	ldr	r3, [pc, #376]	@ (20000a5c <dcd_rp2040_irq+0x530>)
200008e2:	5ce3      	ldrb	r3, [r4, r3]
200008e4:	2b02      	cmp	r3, #2
200008e6:	d130      	bne.n	2000094a <dcd_rp2040_irq+0x41e>
200008e8:	4b5d      	ldr	r3, [pc, #372]	@ (20000a60 <dcd_rp2040_irq+0x534>)
200008ea:	5ce3      	ldrb	r3, [r4, r3]
200008ec:	2b00      	cmp	r3, #0
200008ee:	d127      	bne.n	20000940 <dcd_rp2040_irq+0x414>
200008f0:	4b5c      	ldr	r3, [pc, #368]	@ (20000a64 <dcd_rp2040_irq+0x538>)
200008f2:	5ce3      	ldrb	r3, [r4, r3]
200008f4:	2b02      	cmp	r3, #2
200008f6:	d000      	beq.n	200008fa <dcd_rp2040_irq+0x3ce>
200008f8:	e68b      	b.n	20000612 <dcd_rp2040_irq+0xe6>
200008fa:	003e      	movs	r6, r7
200008fc:	4b5a      	ldr	r3, [pc, #360]	@ (20000a68 <dcd_rp2040_irq+0x53c>)
200008fe:	5ce3      	ldrb	r3, [r4, r3]
20000900:	2b00      	cmp	r3, #0
20000902:	d100      	bne.n	20000906 <dcd_rp2040_irq+0x3da>
20000904:	e67a      	b.n	200005fc <dcd_rp2040_irq+0xd0>
20000906:	23ff      	movs	r3, #255	@ 0xff
20000908:	009b      	lsls	r3, r3, #2
2000090a:	5ce2      	ldrb	r2, [r4, r3]
2000090c:	2a00      	cmp	r2, #0
2000090e:	d100      	bne.n	20000912 <dcd_rp2040_irq+0x3e6>
20000910:	e67f      	b.n	20000612 <dcd_rp2040_irq+0xe6>
20000912:	2200      	movs	r2, #0
20000914:	54e2      	strb	r2, [r4, r3]
20000916:	3b1c      	subs	r3, #28
20000918:	18e0      	adds	r0, r4, r3
2000091a:	f000 f9cd 	bl	20000cb8 <hw_endpoint_start_next_buffer>
2000091e:	e678      	b.n	20000612 <dcd_rp2040_irq+0xe6>
20000920:	4b52      	ldr	r3, [pc, #328]	@ (20000a6c <dcd_rp2040_irq+0x540>)
20000922:	5ce7      	ldrb	r7, [r4, r3]
20000924:	2f00      	cmp	r7, #0
20000926:	d100      	bne.n	2000092a <dcd_rp2040_irq+0x3fe>
20000928:	e659      	b.n	200005de <dcd_rp2040_irq+0xb2>
2000092a:	3302      	adds	r3, #2
2000092c:	5ce2      	ldrb	r2, [r4, r3]
2000092e:	2a00      	cmp	r2, #0
20000930:	d116      	bne.n	20000960 <dcd_rp2040_irq+0x434>
20000932:	003e      	movs	r6, r7
20000934:	e653      	b.n	200005de <dcd_rp2040_irq+0xb2>
20000936:	4b4a      	ldr	r3, [pc, #296]	@ (20000a60 <dcd_rp2040_irq+0x534>)
20000938:	5ce3      	ldrb	r3, [r4, r3]
2000093a:	2b00      	cmp	r3, #0
2000093c:	d100      	bne.n	20000940 <dcd_rp2040_irq+0x414>
2000093e:	e658      	b.n	200005f2 <dcd_rp2040_irq+0xc6>
20000940:	23ef      	movs	r3, #239	@ 0xef
20000942:	009b      	lsls	r3, r3, #2
20000944:	5ce2      	ldrb	r2, [r4, r3]
20000946:	2a00      	cmp	r2, #0
20000948:	d175      	bne.n	20000a36 <dcd_rp2040_irq+0x50a>
2000094a:	4b46      	ldr	r3, [pc, #280]	@ (20000a64 <dcd_rp2040_irq+0x538>)
2000094c:	5ce3      	ldrb	r3, [r4, r3]
2000094e:	2b02      	cmp	r3, #2
20000950:	d000      	beq.n	20000954 <dcd_rp2040_irq+0x428>
20000952:	e65e      	b.n	20000612 <dcd_rp2040_irq+0xe6>
20000954:	4b44      	ldr	r3, [pc, #272]	@ (20000a68 <dcd_rp2040_irq+0x53c>)
20000956:	5ce3      	ldrb	r3, [r4, r3]
20000958:	2b00      	cmp	r3, #0
2000095a:	d100      	bne.n	2000095e <dcd_rp2040_irq+0x432>
2000095c:	e659      	b.n	20000612 <dcd_rp2040_irq+0xe6>
2000095e:	e7d2      	b.n	20000906 <dcd_rp2040_irq+0x3da>
20000960:	2200      	movs	r2, #0
20000962:	54e2      	strb	r2, [r4, r3]
20000964:	3b1c      	subs	r3, #28
20000966:	18e0      	adds	r0, r4, r3
20000968:	f000 f9a6 	bl	20000cb8 <hw_endpoint_start_next_buffer>
2000096c:	003e      	movs	r6, r7
2000096e:	e636      	b.n	200005de <dcd_rp2040_irq+0xb2>
20000970:	0020      	movs	r0, r4
20000972:	2200      	movs	r2, #0
20000974:	30a0      	adds	r0, #160	@ 0xa0
20000976:	54e2      	strb	r2, [r4, r3]
20000978:	003e      	movs	r6, r7
2000097a:	f000 f99d 	bl	20000cb8 <hw_endpoint_start_next_buffer>
2000097e:	e5f8      	b.n	20000572 <dcd_rp2040_irq+0x46>
20000980:	0020      	movs	r0, r4
20000982:	2200      	movs	r2, #0
20000984:	3060      	adds	r0, #96	@ 0x60
20000986:	54e2      	strb	r2, [r4, r3]
20000988:	003e      	movs	r6, r7
2000098a:	f000 f995 	bl	20000cb8 <hw_endpoint_start_next_buffer>
2000098e:	e5eb      	b.n	20000568 <dcd_rp2040_irq+0x3c>
20000990:	2200      	movs	r2, #0
20000992:	54e2      	strb	r2, [r4, r3]
20000994:	3b1c      	subs	r3, #28
20000996:	18e0      	adds	r0, r4, r3
20000998:	f000 f98e 	bl	20000cb8 <hw_endpoint_start_next_buffer>
2000099c:	003e      	movs	r6, r7
2000099e:	e614      	b.n	200005ca <dcd_rp2040_irq+0x9e>
200009a0:	2200      	movs	r2, #0
200009a2:	54e2      	strb	r2, [r4, r3]
200009a4:	3b1c      	subs	r3, #28
200009a6:	18e0      	adds	r0, r4, r3
200009a8:	f000 f986 	bl	20000cb8 <hw_endpoint_start_next_buffer>
200009ac:	003e      	movs	r6, r7
200009ae:	e602      	b.n	200005b6 <dcd_rp2040_irq+0x8a>
200009b0:	2200      	movs	r2, #0
200009b2:	54e2      	strb	r2, [r4, r3]
200009b4:	3b1c      	subs	r3, #28
200009b6:	18e0      	adds	r0, r4, r3
200009b8:	f000 f97e 	bl	20000cb8 <hw_endpoint_start_next_buffer>
200009bc:	003e      	movs	r6, r7
200009be:	e609      	b.n	200005d4 <dcd_rp2040_irq+0xa8>
200009c0:	0020      	movs	r0, r4
200009c2:	2200      	movs	r2, #0
200009c4:	30a1      	adds	r0, #161	@ 0xa1
200009c6:	30ff      	adds	r0, #255	@ 0xff
200009c8:	54e2      	strb	r2, [r4, r3]
200009ca:	003e      	movs	r6, r7
200009cc:	f000 f974 	bl	20000cb8 <hw_endpoint_start_next_buffer>
200009d0:	e5e6      	b.n	200005a0 <dcd_rp2040_irq+0x74>
200009d2:	0020      	movs	r0, r4
200009d4:	2200      	movs	r2, #0
200009d6:	3021      	adds	r0, #33	@ 0x21
200009d8:	30ff      	adds	r0, #255	@ 0xff
200009da:	54e2      	strb	r2, [r4, r3]
200009dc:	003e      	movs	r6, r7
200009de:	f000 f96b 	bl	20000cb8 <hw_endpoint_start_next_buffer>
200009e2:	e5d1      	b.n	20000588 <dcd_rp2040_irq+0x5c>
200009e4:	2200      	movs	r2, #0
200009e6:	54e2      	strb	r2, [r4, r3]
200009e8:	3b1c      	subs	r3, #28
200009ea:	18e0      	adds	r0, r4, r3
200009ec:	f000 f964 	bl	20000cb8 <hw_endpoint_start_next_buffer>
200009f0:	003e      	movs	r6, r7
200009f2:	e5e5      	b.n	200005c0 <dcd_rp2040_irq+0x94>
200009f4:	0020      	movs	r0, r4
200009f6:	2200      	movs	r2, #0
200009f8:	3061      	adds	r0, #97	@ 0x61
200009fa:	30ff      	adds	r0, #255	@ 0xff
200009fc:	54e2      	strb	r2, [r4, r3]
200009fe:	003e      	movs	r6, r7
20000a00:	f000 f95a 	bl	20000cb8 <hw_endpoint_start_next_buffer>
20000a04:	e5c6      	b.n	20000594 <dcd_rp2040_irq+0x68>
20000a06:	0020      	movs	r0, r4
20000a08:	2200      	movs	r2, #0
20000a0a:	30e1      	adds	r0, #225	@ 0xe1
20000a0c:	30ff      	adds	r0, #255	@ 0xff
20000a0e:	54e2      	strb	r2, [r4, r3]
20000a10:	003e      	movs	r6, r7
20000a12:	f000 f951 	bl	20000cb8 <hw_endpoint_start_next_buffer>
20000a16:	e5c9      	b.n	200005ac <dcd_rp2040_irq+0x80>
20000a18:	0020      	movs	r0, r4
20000a1a:	2200      	movs	r2, #0
20000a1c:	30e0      	adds	r0, #224	@ 0xe0
20000a1e:	54e2      	strb	r2, [r4, r3]
20000a20:	003e      	movs	r6, r7
20000a22:	f000 f949 	bl	20000cb8 <hw_endpoint_start_next_buffer>
20000a26:	e5a9      	b.n	2000057c <dcd_rp2040_irq+0x50>
20000a28:	2200      	movs	r2, #0
20000a2a:	54e2      	strb	r2, [r4, r3]
20000a2c:	3b1c      	subs	r3, #28
20000a2e:	18e0      	adds	r0, r4, r3
20000a30:	f000 f942 	bl	20000cb8 <hw_endpoint_start_next_buffer>
20000a34:	e754      	b.n	200008e0 <dcd_rp2040_irq+0x3b4>
20000a36:	2200      	movs	r2, #0
20000a38:	54e2      	strb	r2, [r4, r3]
20000a3a:	3b1c      	subs	r3, #28
20000a3c:	18e0      	adds	r0, r4, r3
20000a3e:	f000 f93b 	bl	20000cb8 <hw_endpoint_start_next_buffer>
20000a42:	e782      	b.n	2000094a <dcd_rp2040_irq+0x41e>
20000a44:	0031      	movs	r1, r6
20000a46:	480a      	ldr	r0, [pc, #40]	@ (20000a70 <dcd_rp2040_irq+0x544>)
20000a48:	4069      	eors	r1, r5
20000a4a:	f000 fac5 	bl	20000fd8 <__panic_veneer>
20000a4e:	46c0      	nop			@ (mov r8, r8)
20000a50:	0000023a 	.word	0x0000023a
20000a54:	000002ba 	.word	0x000002ba
20000a58:	0000037a 	.word	0x0000037a
20000a5c:	000003bb 	.word	0x000003bb
20000a60:	000003ba 	.word	0x000003ba
20000a64:	000003fb 	.word	0x000003fb
20000a68:	000003fa 	.word	0x000003fa
20000a6c:	0000033a 	.word	0x0000033a
20000a70:	10009c50 	.word	0x10009c50

20000a74 <prepare_ep_buffer>:
20000a74:	b5f0      	push	{r4, r5, r6, r7, lr}
20000a76:	46c6      	mov	lr, r8
20000a78:	b500      	push	{lr}
20000a7a:	0002      	movs	r2, r0
20000a7c:	8a83      	ldrh	r3, [r0, #20]
20000a7e:	8b00      	ldrh	r0, [r0, #24]
20000a80:	468c      	mov	ip, r1
20000a82:	1c01      	adds	r1, r0, #0
20000a84:	4298      	cmp	r0, r3
20000a86:	d900      	bls.n	20000a8a <prepare_ep_buffer+0x16>
20000a88:	1c19      	adds	r1, r3, #0
20000a8a:	78d4      	ldrb	r4, [r2, #3]
20000a8c:	2580      	movs	r5, #128	@ 0x80
20000a8e:	0020      	movs	r0, r4
20000a90:	1e46      	subs	r6, r0, #1
20000a92:	41b0      	sbcs	r0, r6
20000a94:	b289      	uxth	r1, r1
20000a96:	00ed      	lsls	r5, r5, #3
20000a98:	430d      	orrs	r5, r1
20000a9a:	0340      	lsls	r0, r0, #13
20000a9c:	4328      	orrs	r0, r5
20000a9e:	2501      	movs	r5, #1
20000aa0:	406c      	eors	r4, r5
20000aa2:	1a5b      	subs	r3, r3, r1
20000aa4:	70d4      	strb	r4, [r2, #3]
20000aa6:	7854      	ldrb	r4, [r2, #1]
20000aa8:	b29b      	uxth	r3, r3
20000aaa:	8293      	strh	r3, [r2, #20]
20000aac:	2c00      	cmp	r4, #0
20000aae:	d131      	bne.n	20000b14 <prepare_ep_buffer+0xa0>
20000ab0:	4664      	mov	r4, ip
20000ab2:	68d5      	ldr	r5, [r2, #12]
20000ab4:	01a4      	lsls	r4, r4, #6
20000ab6:	1e4e      	subs	r6, r1, #1
20000ab8:	192d      	adds	r5, r5, r4
20000aba:	46b0      	mov	r8, r6
20000abc:	6914      	ldr	r4, [r2, #16]
20000abe:	2900      	cmp	r1, #0
20000ac0:	d023      	beq.n	20000b0a <prepare_ep_buffer+0x96>
20000ac2:	2e06      	cmp	r6, #6
20000ac4:	d932      	bls.n	20000b2c <prepare_ep_buffer+0xb8>
20000ac6:	002b      	movs	r3, r5
20000ac8:	4323      	orrs	r3, r4
20000aca:	079b      	lsls	r3, r3, #30
20000acc:	d12e      	bne.n	20000b2c <prepare_ep_buffer+0xb8>
20000ace:	1b2b      	subs	r3, r5, r4
20000ad0:	3b01      	subs	r3, #1
20000ad2:	2b02      	cmp	r3, #2
20000ad4:	d92a      	bls.n	20000b2c <prepare_ep_buffer+0xb8>
20000ad6:	2300      	movs	r3, #0
20000ad8:	088f      	lsrs	r7, r1, #2
20000ada:	00bf      	lsls	r7, r7, #2
20000adc:	58e6      	ldr	r6, [r4, r3]
20000ade:	50ee      	str	r6, [r5, r3]
20000ae0:	3304      	adds	r3, #4
20000ae2:	429f      	cmp	r7, r3
20000ae4:	d1fa      	bne.n	20000adc <prepare_ep_buffer+0x68>
20000ae6:	4643      	mov	r3, r8
20000ae8:	19ed      	adds	r5, r5, r7
20000aea:	1bdb      	subs	r3, r3, r7
20000aec:	19e4      	adds	r4, r4, r7
20000aee:	42b9      	cmp	r1, r7
20000af0:	d009      	beq.n	20000b06 <prepare_ep_buffer+0x92>
20000af2:	7826      	ldrb	r6, [r4, #0]
20000af4:	702e      	strb	r6, [r5, #0]
20000af6:	2b00      	cmp	r3, #0
20000af8:	d005      	beq.n	20000b06 <prepare_ep_buffer+0x92>
20000afa:	7866      	ldrb	r6, [r4, #1]
20000afc:	706e      	strb	r6, [r5, #1]
20000afe:	2b01      	cmp	r3, #1
20000b00:	d001      	beq.n	20000b06 <prepare_ep_buffer+0x92>
20000b02:	78a3      	ldrb	r3, [r4, #2]
20000b04:	70ab      	strb	r3, [r5, #2]
20000b06:	6914      	ldr	r4, [r2, #16]
20000b08:	8a93      	ldrh	r3, [r2, #20]
20000b0a:	1864      	adds	r4, r4, r1
20000b0c:	6114      	str	r4, [r2, #16]
20000b0e:	2280      	movs	r2, #128	@ 0x80
20000b10:	0212      	lsls	r2, r2, #8
20000b12:	4310      	orrs	r0, r2
20000b14:	2b00      	cmp	r3, #0
20000b16:	d102      	bne.n	20000b1e <prepare_ep_buffer+0xaa>
20000b18:	2380      	movs	r3, #128	@ 0x80
20000b1a:	01db      	lsls	r3, r3, #7
20000b1c:	4318      	orrs	r0, r3
20000b1e:	4663      	mov	r3, ip
20000b20:	2b00      	cmp	r3, #0
20000b22:	d000      	beq.n	20000b26 <prepare_ep_buffer+0xb2>
20000b24:	0400      	lsls	r0, r0, #16
20000b26:	bc80      	pop	{r7}
20000b28:	46b8      	mov	r8, r7
20000b2a:	bdf0      	pop	{r4, r5, r6, r7, pc}
20000b2c:	2300      	movs	r3, #0
20000b2e:	5ce6      	ldrb	r6, [r4, r3]
20000b30:	54ee      	strb	r6, [r5, r3]
20000b32:	3301      	adds	r3, #1
20000b34:	4299      	cmp	r1, r3
20000b36:	d1fa      	bne.n	20000b2e <prepare_ep_buffer+0xba>
20000b38:	e7e5      	b.n	20000b06 <prepare_ep_buffer+0x92>
20000b3a:	46c0      	nop			@ (mov r8, r8)

20000b3c <sync_ep_buffer>:
20000b3c:	6883      	ldr	r3, [r0, #8]
20000b3e:	b5f0      	push	{r4, r5, r6, r7, lr}
20000b40:	681a      	ldr	r2, [r3, #0]
20000b42:	0004      	movs	r4, r0
20000b44:	2900      	cmp	r1, #0
20000b46:	d000      	beq.n	20000b4a <sync_ep_buffer+0xe>
20000b48:	0c12      	lsrs	r2, r2, #16
20000b4a:	7863      	ldrb	r3, [r4, #1]
20000b4c:	0592      	lsls	r2, r2, #22
20000b4e:	0d90      	lsrs	r0, r2, #22
20000b50:	2b00      	cmp	r3, #0
20000b52:	d108      	bne.n	20000b66 <sync_ep_buffer+0x2a>
20000b54:	8ae3      	ldrh	r3, [r4, #22]
20000b56:	18c3      	adds	r3, r0, r3
20000b58:	82e3      	strh	r3, [r4, #22]
20000b5a:	8b23      	ldrh	r3, [r4, #24]
20000b5c:	4283      	cmp	r3, r0
20000b5e:	d901      	bls.n	20000b64 <sync_ep_buffer+0x28>
20000b60:	2300      	movs	r3, #0
20000b62:	82a3      	strh	r3, [r4, #20]
20000b64:	bdf0      	pop	{r4, r5, r6, r7, pc}
20000b66:	68e3      	ldr	r3, [r4, #12]
20000b68:	0189      	lsls	r1, r1, #6
20000b6a:	6925      	ldr	r5, [r4, #16]
20000b6c:	185e      	adds	r6, r3, r1
20000b6e:	1e47      	subs	r7, r0, #1
20000b70:	2800      	cmp	r0, #0
20000b72:	d022      	beq.n	20000bba <sync_ep_buffer+0x7e>
20000b74:	2f06      	cmp	r7, #6
20000b76:	d926      	bls.n	20000bc6 <sync_ep_buffer+0x8a>
20000b78:	3101      	adds	r1, #1
20000b7a:	185b      	adds	r3, r3, r1
20000b7c:	1aeb      	subs	r3, r5, r3
20000b7e:	2b02      	cmp	r3, #2
20000b80:	d921      	bls.n	20000bc6 <sync_ep_buffer+0x8a>
20000b82:	002b      	movs	r3, r5
20000b84:	4333      	orrs	r3, r6
20000b86:	079b      	lsls	r3, r3, #30
20000b88:	d11d      	bne.n	20000bc6 <sync_ep_buffer+0x8a>
20000b8a:	2300      	movs	r3, #0
20000b8c:	0e12      	lsrs	r2, r2, #24
20000b8e:	0092      	lsls	r2, r2, #2
20000b90:	58f1      	ldr	r1, [r6, r3]
20000b92:	50e9      	str	r1, [r5, r3]
20000b94:	3304      	adds	r3, #4
20000b96:	429a      	cmp	r2, r3
20000b98:	d1fa      	bne.n	20000b90 <sync_ep_buffer+0x54>
20000b9a:	1abf      	subs	r7, r7, r2
20000b9c:	18ad      	adds	r5, r5, r2
20000b9e:	18b6      	adds	r6, r6, r2
20000ba0:	4290      	cmp	r0, r2
20000ba2:	d009      	beq.n	20000bb8 <sync_ep_buffer+0x7c>
20000ba4:	7832      	ldrb	r2, [r6, #0]
20000ba6:	702a      	strb	r2, [r5, #0]
20000ba8:	2f00      	cmp	r7, #0
20000baa:	d005      	beq.n	20000bb8 <sync_ep_buffer+0x7c>
20000bac:	7872      	ldrb	r2, [r6, #1]
20000bae:	706a      	strb	r2, [r5, #1]
20000bb0:	2f01      	cmp	r7, #1
20000bb2:	d001      	beq.n	20000bb8 <sync_ep_buffer+0x7c>
20000bb4:	78b2      	ldrb	r2, [r6, #2]
20000bb6:	70aa      	strb	r2, [r5, #2]
20000bb8:	6925      	ldr	r5, [r4, #16]
20000bba:	8ae3      	ldrh	r3, [r4, #22]
20000bbc:	182d      	adds	r5, r5, r0
20000bbe:	18c3      	adds	r3, r0, r3
20000bc0:	82e3      	strh	r3, [r4, #22]
20000bc2:	6125      	str	r5, [r4, #16]
20000bc4:	e7c9      	b.n	20000b5a <sync_ep_buffer+0x1e>
20000bc6:	2200      	movs	r2, #0
20000bc8:	5cb3      	ldrb	r3, [r6, r2]
20000bca:	54ab      	strb	r3, [r5, r2]
20000bcc:	3201      	adds	r2, #1
20000bce:	4290      	cmp	r0, r2
20000bd0:	d1fa      	bne.n	20000bc8 <sync_ep_buffer+0x8c>
20000bd2:	6925      	ldr	r5, [r4, #16]
20000bd4:	e7f1      	b.n	20000bba <sync_ep_buffer+0x7e>
20000bd6:	46c0      	nop			@ (mov r8, r8)

20000bd8 <_hw_endpoint_xfer_sync>:
20000bd8:	b510      	push	{r4, lr}
20000bda:	0004      	movs	r4, r0
20000bdc:	6883      	ldr	r3, [r0, #8]
20000bde:	2100      	movs	r1, #0
20000be0:	681b      	ldr	r3, [r3, #0]
20000be2:	f7ff ffab 	bl	20000b3c <sync_ep_buffer>
20000be6:	6863      	ldr	r3, [r4, #4]
20000be8:	681b      	ldr	r3, [r3, #0]
20000bea:	005b      	lsls	r3, r3, #1
20000bec:	d502      	bpl.n	20000bf4 <_hw_endpoint_xfer_sync+0x1c>
20000bee:	8b23      	ldrh	r3, [r4, #24]
20000bf0:	4283      	cmp	r3, r0
20000bf2:	d000      	beq.n	20000bf6 <_hw_endpoint_xfer_sync+0x1e>
20000bf4:	bd10      	pop	{r4, pc}
20000bf6:	2101      	movs	r1, #1
20000bf8:	0020      	movs	r0, r4
20000bfa:	f7ff ff9f 	bl	20000b3c <sync_ep_buffer>
20000bfe:	e7f9      	b.n	20000bf4 <_hw_endpoint_xfer_sync+0x1c>

20000c00 <e15_is_bulkin_ep>:
20000c00:	4a08      	ldr	r2, [pc, #32]	@ (20000c24 <e15_is_bulkin_ep+0x24>)
20000c02:	0003      	movs	r3, r0
20000c04:	6c12      	ldr	r2, [r2, #64]	@ 0x40
20000c06:	2000      	movs	r0, #0
20000c08:	0792      	lsls	r2, r2, #30
20000c0a:	d403      	bmi.n	20000c14 <e15_is_bulkin_ep+0x14>
20000c0c:	789a      	ldrb	r2, [r3, #2]
20000c0e:	09d2      	lsrs	r2, r2, #7
20000c10:	2a01      	cmp	r2, #1
20000c12:	d000      	beq.n	20000c16 <e15_is_bulkin_ep+0x16>
20000c14:	4770      	bx	lr
20000c16:	7ed8      	ldrb	r0, [r3, #27]
20000c18:	3802      	subs	r0, #2
20000c1a:	4243      	negs	r3, r0
20000c1c:	4158      	adcs	r0, r3
20000c1e:	b2c0      	uxtb	r0, r0
20000c20:	e7f8      	b.n	20000c14 <e15_is_bulkin_ep+0x14>
20000c22:	46c0      	nop			@ (mov r8, r8)
20000c24:	50110000 	.word	0x50110000

20000c28 <e15_is_critical_frame_period>:
20000c28:	b510      	push	{r4, lr}
20000c2a:	f7ff ffe9 	bl	20000c00 <e15_is_bulkin_ep>
20000c2e:	2800      	cmp	r0, #0
20000c30:	d00c      	beq.n	20000c4c <e15_is_critical_frame_period+0x24>
20000c32:	4907      	ldr	r1, [pc, #28]	@ (20000c50 <e15_is_critical_frame_period+0x28>)
20000c34:	4b07      	ldr	r3, [pc, #28]	@ (20000c54 <e15_is_critical_frame_period+0x2c>)
20000c36:	468c      	mov	ip, r1
20000c38:	4a07      	ldr	r2, [pc, #28]	@ (20000c58 <e15_is_critical_frame_period+0x30>)
20000c3a:	6a9b      	ldr	r3, [r3, #40]	@ 0x28
20000c3c:	6812      	ldr	r2, [r2, #0]
20000c3e:	4463      	add	r3, ip
20000c40:	1a9b      	subs	r3, r3, r2
20000c42:	2000      	movs	r0, #0
20000c44:	22c6      	movs	r2, #198	@ 0xc6
20000c46:	429a      	cmp	r2, r3
20000c48:	4140      	adcs	r0, r0
20000c4a:	b2c0      	uxtb	r0, r0
20000c4c:	bd10      	pop	{r4, pc}
20000c4e:	46c0      	nop			@ (mov r8, r8)
20000c50:	fffffce0 	.word	0xfffffce0
20000c54:	40054000 	.word	0x40054000
20000c58:	20001b94 	.word	0x20001b94

20000c5c <hw_endpoint_reset_transfer>:
20000c5c:	2300      	movs	r3, #0
20000c5e:	7683      	strb	r3, [r0, #26]
20000c60:	6143      	str	r3, [r0, #20]
20000c62:	6103      	str	r3, [r0, #16]
20000c64:	4770      	bx	lr
20000c66:	46c0      	nop			@ (mov r8, r8)

20000c68 <_hw_endpoint_buffer_control_update32>:
20000c68:	b510      	push	{r4, lr}
20000c6a:	6883      	ldr	r3, [r0, #8]
20000c6c:	2900      	cmp	r1, #0
20000c6e:	d001      	beq.n	20000c74 <_hw_endpoint_buffer_control_update32+0xc>
20000c70:	681c      	ldr	r4, [r3, #0]
20000c72:	4021      	ands	r1, r4
20000c74:	2a00      	cmp	r2, #0
20000c76:	d012      	beq.n	20000c9e <_hw_endpoint_buffer_control_update32+0x36>
20000c78:	2480      	movs	r4, #128	@ 0x80
20000c7a:	00e4      	lsls	r4, r4, #3
20000c7c:	4311      	orrs	r1, r2
20000c7e:	4222      	tst	r2, r4
20000c80:	d00d      	beq.n	20000c9e <_hw_endpoint_buffer_control_update32+0x36>
20000c82:	681a      	ldr	r2, [r3, #0]
20000c84:	4222      	tst	r2, r4
20000c86:	d10c      	bne.n	20000ca2 <_hw_endpoint_buffer_control_update32+0x3a>
20000c88:	4a08      	ldr	r2, [pc, #32]	@ (20000cac <_hw_endpoint_buffer_control_update32+0x44>)
20000c8a:	400a      	ands	r2, r1
20000c8c:	601a      	str	r2, [r3, #0]
20000c8e:	4a08      	ldr	r2, [pc, #32]	@ (20000cb0 <_hw_endpoint_buffer_control_update32+0x48>)
20000c90:	6c12      	ldr	r2, [r2, #64]	@ 0x40
20000c92:	0792      	lsls	r2, r2, #30
20000c94:	d403      	bmi.n	20000c9e <_hw_endpoint_buffer_control_update32+0x36>
20000c96:	230c      	movs	r3, #12
20000c98:	3b03      	subs	r3, #3
20000c9a:	d2fd      	bcs.n	20000c98 <_hw_endpoint_buffer_control_update32+0x30>
20000c9c:	6883      	ldr	r3, [r0, #8]
20000c9e:	6019      	str	r1, [r3, #0]
20000ca0:	bd10      	pop	{r4, pc}
20000ca2:	7881      	ldrb	r1, [r0, #2]
20000ca4:	4803      	ldr	r0, [pc, #12]	@ (20000cb4 <_hw_endpoint_buffer_control_update32+0x4c>)
20000ca6:	f000 f997 	bl	20000fd8 <__panic_veneer>
20000caa:	46c0      	nop			@ (mov r8, r8)
20000cac:	fffffbff 	.word	0xfffffbff
20000cb0:	50110000 	.word	0x50110000
20000cb4:	10009c64 	.word	0x10009c64

20000cb8 <hw_endpoint_start_next_buffer>:
20000cb8:	6843      	ldr	r3, [r0, #4]
20000cba:	b570      	push	{r4, r5, r6, lr}
20000cbc:	2100      	movs	r1, #0
20000cbe:	2580      	movs	r5, #128	@ 0x80
20000cc0:	0004      	movs	r4, r0
20000cc2:	681e      	ldr	r6, [r3, #0]
20000cc4:	f7ff fed6 	bl	20000a74 <prepare_ep_buffer>
20000cc8:	4b12      	ldr	r3, [pc, #72]	@ (20000d14 <hw_endpoint_start_next_buffer+0x5c>)
20000cca:	016d      	lsls	r5, r5, #5
20000ccc:	6c1a      	ldr	r2, [r3, #64]	@ 0x40
20000cce:	4305      	orrs	r5, r0
20000cd0:	78a3      	ldrb	r3, [r4, #2]
20000cd2:	0792      	lsls	r2, r2, #30
20000cd4:	d50e      	bpl.n	20000cf4 <hw_endpoint_start_next_buffer+0x3c>
20000cd6:	065b      	lsls	r3, r3, #25
20000cd8:	d00e      	beq.n	20000cf8 <hw_endpoint_start_next_buffer+0x40>
20000cda:	4b0f      	ldr	r3, [pc, #60]	@ (20000d18 <hw_endpoint_start_next_buffer+0x60>)
20000cdc:	401e      	ands	r6, r3
20000cde:	2380      	movs	r3, #128	@ 0x80
20000ce0:	059b      	lsls	r3, r3, #22
20000ce2:	4333      	orrs	r3, r6
20000ce4:	6862      	ldr	r2, [r4, #4]
20000ce6:	2100      	movs	r1, #0
20000ce8:	6013      	str	r3, [r2, #0]
20000cea:	0020      	movs	r0, r4
20000cec:	002a      	movs	r2, r5
20000cee:	f7ff ffbb 	bl	20000c68 <_hw_endpoint_buffer_control_update32>
20000cf2:	bd70      	pop	{r4, r5, r6, pc}
20000cf4:	09db      	lsrs	r3, r3, #7
20000cf6:	d0f0      	beq.n	20000cda <hw_endpoint_start_next_buffer+0x22>
20000cf8:	8aa3      	ldrh	r3, [r4, #20]
20000cfa:	2b00      	cmp	r3, #0
20000cfc:	d0ed      	beq.n	20000cda <hw_endpoint_start_next_buffer+0x22>
20000cfe:	2101      	movs	r1, #1
20000d00:	0020      	movs	r0, r4
20000d02:	f7ff feb7 	bl	20000a74 <prepare_ep_buffer>
20000d06:	23a0      	movs	r3, #160	@ 0xa0
20000d08:	4a04      	ldr	r2, [pc, #16]	@ (20000d1c <hw_endpoint_start_next_buffer+0x64>)
20000d0a:	05db      	lsls	r3, r3, #23
20000d0c:	4032      	ands	r2, r6
20000d0e:	4305      	orrs	r5, r0
20000d10:	4313      	orrs	r3, r2
20000d12:	e7e7      	b.n	20000ce4 <hw_endpoint_start_next_buffer+0x2c>
20000d14:	50110000 	.word	0x50110000
20000d18:	afffffff 	.word	0xafffffff
20000d1c:	dfffffff 	.word	0xdfffffff

20000d20 <hw_endpoint_xfer_continue>:
20000d20:	b570      	push	{r4, r5, r6, lr}
20000d22:	7e85      	ldrb	r5, [r0, #26]
20000d24:	0004      	movs	r4, r0
20000d26:	2d00      	cmp	r5, #0
20000d28:	d014      	beq.n	20000d54 <hw_endpoint_xfer_continue+0x34>
20000d2a:	f7ff ff55 	bl	20000bd8 <_hw_endpoint_xfer_sync>
20000d2e:	8aa3      	ldrh	r3, [r4, #20]
20000d30:	2b00      	cmp	r3, #0
20000d32:	d101      	bne.n	20000d38 <hw_endpoint_xfer_continue+0x18>
20000d34:	0028      	movs	r0, r5
20000d36:	bd70      	pop	{r4, r5, r6, pc}
20000d38:	0020      	movs	r0, r4
20000d3a:	f7ff ff75 	bl	20000c28 <e15_is_critical_frame_period>
20000d3e:	2800      	cmp	r0, #0
20000d40:	d003      	beq.n	20000d4a <hw_endpoint_xfer_continue+0x2a>
20000d42:	2301      	movs	r3, #1
20000d44:	2500      	movs	r5, #0
20000d46:	7723      	strb	r3, [r4, #28]
20000d48:	e7f4      	b.n	20000d34 <hw_endpoint_xfer_continue+0x14>
20000d4a:	0020      	movs	r0, r4
20000d4c:	f7ff ffb4 	bl	20000cb8 <hw_endpoint_start_next_buffer>
20000d50:	2500      	movs	r5, #0
20000d52:	e7ef      	b.n	20000d34 <hw_endpoint_xfer_continue+0x14>
20000d54:	7881      	ldrb	r1, [r0, #2]
20000d56:	4801      	ldr	r0, [pc, #4]	@ (20000d5c <hw_endpoint_xfer_continue+0x3c>)
20000d58:	f000 f93e 	bl	20000fd8 <__panic_veneer>
20000d5c:	10009c84 	.word	0x10009c84

20000d60 <dcd_event_handler>:
20000d60:	b5f0      	push	{r4, r5, r6, r7, lr}
20000d62:	46ce      	mov	lr, r9
20000d64:	4647      	mov	r7, r8
20000d66:	b580      	push	{r7, lr}
20000d68:	7843      	ldrb	r3, [r0, #1]
20000d6a:	0005      	movs	r5, r0
20000d6c:	000e      	movs	r6, r1
20000d6e:	b085      	sub	sp, #20
20000d70:	2b06      	cmp	r3, #6
20000d72:	d808      	bhi.n	20000d86 <dcd_event_handler+0x26>
20000d74:	4a6c      	ldr	r2, [pc, #432]	@ (20000f28 <dcd_event_handler+0x1c8>)
20000d76:	009b      	lsls	r3, r3, #2
20000d78:	58d3      	ldr	r3, [r2, r3]
20000d7a:	469f      	mov	pc, r3
20000d7c:	4a6b      	ldr	r2, [pc, #428]	@ (20000f2c <dcd_event_handler+0x1cc>)
20000d7e:	7813      	ldrb	r3, [r2, #0]
20000d80:	3301      	adds	r3, #1
20000d82:	b2db      	uxtb	r3, r3
20000d84:	7013      	strb	r3, [r2, #0]
20000d86:	4b6a      	ldr	r3, [pc, #424]	@ (20000f30 <dcd_event_handler+0x1d0>)
20000d88:	681c      	ldr	r4, [r3, #0]
20000d8a:	6962      	ldr	r2, [r4, #20]
20000d8c:	f3ef 8110 	mrs	r1, PRIMASK
20000d90:	b672      	cpsid	i
20000d92:	6813      	ldr	r3, [r2, #0]
20000d94:	2b00      	cmp	r3, #0
20000d96:	d0fc      	beq.n	20000d92 <dcd_event_handler+0x32>
20000d98:	f3bf 8f5f 	dmb	sy
20000d9c:	61a1      	str	r1, [r4, #24]
20000d9e:	0020      	movs	r0, r4
20000da0:	0029      	movs	r1, r5
20000da2:	f000 f901 	bl	20000fa8 <__tu_fifo_write_veneer>
20000da6:	6962      	ldr	r2, [r4, #20]
20000da8:	69a3      	ldr	r3, [r4, #24]
20000daa:	f3bf 8f5f 	dmb	sy
20000dae:	2100      	movs	r1, #0
20000db0:	6011      	str	r1, [r2, #0]
20000db2:	f383 8810 	msr	PRIMASK, r3
20000db6:	2800      	cmp	r0, #0
20000db8:	d104      	bne.n	20000dc4 <dcd_event_handler+0x64>
20000dba:	b005      	add	sp, #20
20000dbc:	bcc0      	pop	{r6, r7}
20000dbe:	46b9      	mov	r9, r7
20000dc0:	46b0      	mov	r8, r6
20000dc2:	bdf0      	pop	{r4, r5, r6, r7, pc}
20000dc4:	0032      	movs	r2, r6
20000dc6:	7869      	ldrb	r1, [r5, #1]
20000dc8:	7828      	ldrb	r0, [r5, #0]
20000dca:	f000 f8e5 	bl	20000f98 <__tud_event_hook_cb_veneer>
20000dce:	e7f4      	b.n	20000dba <dcd_event_handler+0x5a>
20000dd0:	2101      	movs	r1, #1
20000dd2:	4b58      	ldr	r3, [pc, #352]	@ (20000f34 <dcd_event_handler+0x1d4>)
20000dd4:	781a      	ldrb	r2, [r3, #0]
20000dd6:	438a      	bics	r2, r1
20000dd8:	701a      	strb	r2, [r3, #0]
20000dda:	781a      	ldrb	r2, [r3, #0]
20000ddc:	3101      	adds	r1, #1
20000dde:	438a      	bics	r2, r1
20000de0:	701a      	strb	r2, [r3, #0]
20000de2:	2200      	movs	r2, #0
20000de4:	705a      	strb	r2, [r3, #1]
20000de6:	781a      	ldrb	r2, [r3, #0]
20000de8:	3102      	adds	r1, #2
20000dea:	438a      	bics	r2, r1
20000dec:	701a      	strb	r2, [r3, #0]
20000dee:	e7ca      	b.n	20000d86 <dcd_event_handler+0x26>
20000df0:	4951      	ldr	r1, [pc, #324]	@ (20000f38 <dcd_event_handler+0x1d8>)
20000df2:	4f52      	ldr	r7, [pc, #328]	@ (20000f3c <dcd_event_handler+0x1dc>)
20000df4:	4689      	mov	r9, r1
20000df6:	4952      	ldr	r1, [pc, #328]	@ (20000f40 <dcd_event_handler+0x1e0>)
20000df8:	2400      	movs	r4, #0
20000dfa:	2300      	movs	r3, #0
20000dfc:	4688      	mov	r8, r1
20000dfe:	783a      	ldrb	r2, [r7, #0]
20000e00:	e012      	b.n	20000e28 <dcd_event_handler+0xc8>
20000e02:	4643      	mov	r3, r8
20000e04:	681b      	ldr	r3, [r3, #0]
20000e06:	0161      	lsls	r1, r4, #5
20000e08:	185b      	adds	r3, r3, r1
20000e0a:	2b00      	cmp	r3, #0
20000e0c:	d006      	beq.n	20000e1c <dcd_event_handler+0xbc>
20000e0e:	69db      	ldr	r3, [r3, #28]
20000e10:	2b00      	cmp	r3, #0
20000e12:	d003      	beq.n	20000e1c <dcd_event_handler+0xbc>
20000e14:	6869      	ldr	r1, [r5, #4]
20000e16:	7828      	ldrb	r0, [r5, #0]
20000e18:	4798      	blx	r3
20000e1a:	783a      	ldrb	r2, [r7, #0]
20000e1c:	3401      	adds	r4, #1
20000e1e:	b2e4      	uxtb	r4, r4
20000e20:	1c51      	adds	r1, r2, #1
20000e22:	0023      	movs	r3, r4
20000e24:	42a1      	cmp	r1, r4
20000e26:	db17      	blt.n	20000e58 <dcd_event_handler+0xf8>
20000e28:	42a2      	cmp	r2, r4
20000e2a:	d8ea      	bhi.n	20000e02 <dcd_event_handler+0xa2>
20000e2c:	1a9b      	subs	r3, r3, r2
20000e2e:	015b      	lsls	r3, r3, #5
20000e30:	444b      	add	r3, r9
20000e32:	e7ec      	b.n	20000e0e <dcd_event_handler+0xae>
20000e34:	4b3f      	ldr	r3, [pc, #252]	@ (20000f34 <dcd_event_handler+0x1d4>)
20000e36:	781a      	ldrb	r2, [r3, #0]
20000e38:	07d2      	lsls	r2, r2, #31
20000e3a:	d5be      	bpl.n	20000dba <dcd_event_handler+0x5a>
20000e3c:	2104      	movs	r1, #4
20000e3e:	781a      	ldrb	r2, [r3, #0]
20000e40:	430a      	orrs	r2, r1
20000e42:	701a      	strb	r2, [r3, #0]
20000e44:	e79f      	b.n	20000d86 <dcd_event_handler+0x26>
20000e46:	4b3b      	ldr	r3, [pc, #236]	@ (20000f34 <dcd_event_handler+0x1d4>)
20000e48:	781a      	ldrb	r2, [r3, #0]
20000e4a:	07d2      	lsls	r2, r2, #31
20000e4c:	d5b5      	bpl.n	20000dba <dcd_event_handler+0x5a>
20000e4e:	2104      	movs	r1, #4
20000e50:	781a      	ldrb	r2, [r3, #0]
20000e52:	438a      	bics	r2, r1
20000e54:	701a      	strb	r2, [r3, #0]
20000e56:	e796      	b.n	20000d86 <dcd_event_handler+0x26>
20000e58:	4f36      	ldr	r7, [pc, #216]	@ (20000f34 <dcd_event_handler+0x1d4>)
20000e5a:	783b      	ldrb	r3, [r7, #0]
20000e5c:	075b      	lsls	r3, r3, #29
20000e5e:	d52b      	bpl.n	20000eb8 <dcd_event_handler+0x158>
20000e60:	2204      	movs	r2, #4
20000e62:	783b      	ldrb	r3, [r7, #0]
20000e64:	2100      	movs	r1, #0
20000e66:	4393      	bics	r3, r2
20000e68:	703b      	strb	r3, [r7, #0]
20000e6a:	466b      	mov	r3, sp
20000e6c:	3206      	adds	r2, #6
20000e6e:	1d98      	adds	r0, r3, #6
20000e70:	f000 f87a 	bl	20000f68 <____wrap_memset_veneer>
20000e74:	782b      	ldrb	r3, [r5, #0]
20000e76:	ac01      	add	r4, sp, #4
20000e78:	7023      	strb	r3, [r4, #0]
20000e7a:	2305      	movs	r3, #5
20000e7c:	7063      	strb	r3, [r4, #1]
20000e7e:	4b2c      	ldr	r3, [pc, #176]	@ (20000f30 <dcd_event_handler+0x1d0>)
20000e80:	681b      	ldr	r3, [r3, #0]
20000e82:	4698      	mov	r8, r3
20000e84:	695a      	ldr	r2, [r3, #20]
20000e86:	f3ef 8110 	mrs	r1, PRIMASK
20000e8a:	b672      	cpsid	i
20000e8c:	6813      	ldr	r3, [r2, #0]
20000e8e:	2b00      	cmp	r3, #0
20000e90:	d0fc      	beq.n	20000e8c <dcd_event_handler+0x12c>
20000e92:	f3bf 8f5f 	dmb	sy
20000e96:	4643      	mov	r3, r8
20000e98:	4640      	mov	r0, r8
20000e9a:	6199      	str	r1, [r3, #24]
20000e9c:	0021      	movs	r1, r4
20000e9e:	f000 f883 	bl	20000fa8 <__tu_fifo_write_veneer>
20000ea2:	4643      	mov	r3, r8
20000ea4:	695a      	ldr	r2, [r3, #20]
20000ea6:	699b      	ldr	r3, [r3, #24]
20000ea8:	f3bf 8f5f 	dmb	sy
20000eac:	2100      	movs	r1, #0
20000eae:	6011      	str	r1, [r2, #0]
20000eb0:	f383 8810 	msr	PRIMASK, r3
20000eb4:	2800      	cmp	r0, #0
20000eb6:	d131      	bne.n	20000f1c <dcd_event_handler+0x1bc>
20000eb8:	78fb      	ldrb	r3, [r7, #3]
20000eba:	07db      	lsls	r3, r3, #31
20000ebc:	d400      	bmi.n	20000ec0 <dcd_event_handler+0x160>
20000ebe:	e77c      	b.n	20000dba <dcd_event_handler+0x5a>
20000ec0:	466b      	mov	r3, sp
20000ec2:	220a      	movs	r2, #10
20000ec4:	2100      	movs	r1, #0
20000ec6:	1d98      	adds	r0, r3, #6
20000ec8:	f000 f84e 	bl	20000f68 <____wrap_memset_veneer>
20000ecc:	782b      	ldrb	r3, [r5, #0]
20000ece:	ac01      	add	r4, sp, #4
20000ed0:	7023      	strb	r3, [r4, #0]
20000ed2:	2303      	movs	r3, #3
20000ed4:	7063      	strb	r3, [r4, #1]
20000ed6:	686b      	ldr	r3, [r5, #4]
20000ed8:	6063      	str	r3, [r4, #4]
20000eda:	4b15      	ldr	r3, [pc, #84]	@ (20000f30 <dcd_event_handler+0x1d0>)
20000edc:	681d      	ldr	r5, [r3, #0]
20000ede:	696a      	ldr	r2, [r5, #20]
20000ee0:	f3ef 8110 	mrs	r1, PRIMASK
20000ee4:	b672      	cpsid	i
20000ee6:	6813      	ldr	r3, [r2, #0]
20000ee8:	2b00      	cmp	r3, #0
20000eea:	d0fc      	beq.n	20000ee6 <dcd_event_handler+0x186>
20000eec:	f3bf 8f5f 	dmb	sy
20000ef0:	61a9      	str	r1, [r5, #24]
20000ef2:	0028      	movs	r0, r5
20000ef4:	0021      	movs	r1, r4
20000ef6:	f000 f857 	bl	20000fa8 <__tu_fifo_write_veneer>
20000efa:	696a      	ldr	r2, [r5, #20]
20000efc:	69ab      	ldr	r3, [r5, #24]
20000efe:	f3bf 8f5f 	dmb	sy
20000f02:	2100      	movs	r1, #0
20000f04:	6011      	str	r1, [r2, #0]
20000f06:	f383 8810 	msr	PRIMASK, r3
20000f0a:	2800      	cmp	r0, #0
20000f0c:	d100      	bne.n	20000f10 <dcd_event_handler+0x1b0>
20000f0e:	e754      	b.n	20000dba <dcd_event_handler+0x5a>
20000f10:	0032      	movs	r2, r6
20000f12:	7861      	ldrb	r1, [r4, #1]
20000f14:	7820      	ldrb	r0, [r4, #0]
20000f16:	f000 f83f 	bl	20000f98 <__tud_event_hook_cb_veneer>
20000f1a:	e74e      	b.n	20000dba <dcd_event_handler+0x5a>
20000f1c:	0032      	movs	r2, r6
20000f1e:	7861      	ldrb	r1, [r4, #1]
20000f20:	7820      	ldrb	r0, [r4, #0]
20000f22:	f000 f839 	bl	20000f98 <__tud_event_hook_cb_veneer>
20000f26:	e7c7      	b.n	20000eb8 <dcd_event_handler+0x158>
20000f28:	1000a110 	.word	0x1000a110
20000f2c:	20022492 	.word	0x20022492
20000f30:	20001588 	.word	0x20001588
20000f34:	20001530 	.word	0x20001530
20000f38:	1000a12c 	.word	0x1000a12c
20000f3c:	20022490 	.word	0x20022490
20000f40:	20001380 	.word	0x20001380

20000f44 <__aeabi_idiv0>:
20000f44:	4770      	bx	lr
20000f46:	46c0      	nop			@ (mov r8, r8)

20000f48 <____wrap___aeabi_lmul_veneer>:
20000f48:	b401      	push	{r0}
20000f4a:	4802      	ldr	r0, [pc, #8]	@ (20000f54 <____wrap___aeabi_lmul_veneer+0xc>)
20000f4c:	4684      	mov	ip, r0
20000f4e:	bc01      	pop	{r0}
20000f50:	4760      	bx	ip
20000f52:	bf00      	nop
20000f54:	1000205d 	.word	0x1000205d

20000f58 <__ulPortLockGetCurrentOwnerId_veneer>:
20000f58:	b401      	push	{r0}
20000f5a:	4802      	ldr	r0, [pc, #8]	@ (20000f64 <__ulPortLockGetCurrentOwnerId_veneer+0xc>)
20000f5c:	4684      	mov	ip, r0
20000f5e:	bc01      	pop	{r0}
20000f60:	4760      	bx	ip
20000f62:	bf00      	nop
20000f64:	10006a51 	.word	0x10006a51

20000f68 <____wrap_memset_veneer>:
20000f68:	b401      	push	{r0}
20000f6a:	4802      	ldr	r0, [pc, #8]	@ (20000f74 <____wrap_memset_veneer+0xc>)
20000f6c:	4684      	mov	ip, r0
20000f6e:	bc01      	pop	{r0}
20000f70:	4760      	bx	ip
20000f72:	bf00      	nop
20000f74:	10002109 	.word	0x10002109

20000f78 <__xPortLockInternalSpinUnlockWithBestEffortWaitOrTimeout_veneer>:
20000f78:	b401      	push	{r0}
20000f7a:	4802      	ldr	r0, [pc, #8]	@ (20000f84 <__xPortLockInternalSpinUnlockWithBestEffortWaitOrTimeout_veneer+0xc>)
20000f7c:	4684      	mov	ip, r0
20000f7e:	bc01      	pop	{r0}
20000f80:	4760      	bx	ip
20000f82:	bf00      	nop
20000f84:	10006bad 	.word	0x10006bad

20000f88 <__rp2040_chip_version_veneer>:
20000f88:	b401      	push	{r0}
20000f8a:	4802      	ldr	r0, [pc, #8]	@ (20000f94 <__rp2040_chip_version_veneer+0xc>)
20000f8c:	4684      	mov	ip, r0
20000f8e:	bc01      	pop	{r0}
20000f90:	4760      	bx	ip
20000f92:	bf00      	nop
20000f94:	10000469 	.word	0x10000469

20000f98 <__tud_event_hook_cb_veneer>:
20000f98:	b401      	push	{r0}
20000f9a:	4802      	ldr	r0, [pc, #8]	@ (20000fa4 <__tud_event_hook_cb_veneer+0xc>)
20000f9c:	4684      	mov	ip, r0
20000f9e:	bc01      	pop	{r0}
20000fa0:	4760      	bx	ip
20000fa2:	bf00      	nop
20000fa4:	10004905 	.word	0x10004905

20000fa8 <__tu_fifo_write_veneer>:
20000fa8:	b401      	push	{r0}
20000faa:	4802      	ldr	r0, [pc, #8]	@ (20000fb4 <__tu_fifo_write_veneer+0xc>)
20000fac:	4684      	mov	ip, r0
20000fae:	bc01      	pop	{r0}
20000fb0:	4760      	bx	ip
20000fb2:	bf00      	nop
20000fb4:	10006365 	.word	0x10006365

20000fb8 <__time_us_64_veneer>:
20000fb8:	b401      	push	{r0}
20000fba:	4802      	ldr	r0, [pc, #8]	@ (20000fc4 <__time_us_64_veneer+0xc>)
20000fbc:	4684      	mov	ip, r0
20000fbe:	bc01      	pop	{r0}
20000fc0:	4760      	bx	ip
20000fc2:	bf00      	nop
20000fc4:	10001289 	.word	0x10001289

20000fc8 <__vPortLockInternalSpinUnlockWithNotify_veneer>:
20000fc8:	b401      	push	{r0}
20000fca:	4802      	ldr	r0, [pc, #8]	@ (20000fd4 <__vPortLockInternalSpinUnlockWithNotify_veneer+0xc>)
20000fcc:	4684      	mov	ip, r0
20000fce:	bc01      	pop	{r0}
20000fd0:	4760      	bx	ip
20000fd2:	bf00      	nop
20000fd4:	10006ae5 	.word	0x10006ae5

20000fd8 <__panic_veneer>:
20000fd8:	b401      	push	{r0}
20000fda:	4802      	ldr	r0, [pc, #8]	@ (20000fe4 <__panic_veneer+0xc>)
20000fdc:	4684      	mov	ip, r0
20000fde:	bc01      	pop	{r0}
20000fe0:	4760      	bx	ip
20000fe2:	bf00      	nop
20000fe4:	10000475 	.word	0x10000475

20000fe8 <striped_spin_lock_num>:
20000fe8:	00000010                                ....

20000fec <irq_handler_chain_slots>:
20000fec:	00000000 	.word	0x00000000
20000ff0:	00010000 	.word	0x00010000
	...
20000ffc:	00020000 	.word	0x00020000
	...
20001008:	00030000 	.word	0x00030000
	...
20001014:	00ff0000 	.word	0x00ff0000
20001018:	00000000 	.word	0x00000000

2000101c <irq_handler_chain_first_slot>:
2000101c:	b501      	push	{r0, lr}
2000101e:	6848      	ldr	r0, [r1, #4]
20001020:	3101      	adds	r1, #1
20001022:	468e      	mov	lr, r1
20001024:	4700      	bx	r0

20001026 <irq_handler_chain_remove_tail>:
20001026:	4670      	mov	r0, lr
20001028:	3809      	subs	r0, #9
2000102a:	4901      	ldr	r1, [pc, #4]	@ (20001030 <irq_handler_chain_remove_tail+0xa>)
2000102c:	4788      	blx	r1
2000102e:	bd01      	pop	{r0, pc}
20001030:	100008d9 	.word	0x100008d9

20001034 <default_alarm_pool>:
	...
20001048:	200010b8 00000000                       ... ....

20001050 <aeabi_bits_funcs>:
20001050:	00003350 	.word	0x00003350
20001054:	0000334c 	.word	0x0000334c
20001058:	00003354 	.word	0x00003354
2000105c:	00003352 	.word	0x00003352

20001060 <aeabi_bits_funcs_end>:
20001060:	0000534d 	.word	0x0000534d
20001064:	0000434d 	.word	0x0000434d
20001068:	00003453 	.word	0x00003453
2000106c:	00003443 	.word	0x00003443

20001070 <stdio_usb>:
20001070:	100040c5 10004079 10003fed 10003f65     .@..y@...?..e?..
20001080:	00000000 00000100                       ........

20001088 <_usbd_qdef>:
20001088:	2000158c 000c0010 00000000 00000000     ... ............
	...

200010a4 <_usbd_rhport>:
200010a4:	                                         .

200010a5 <ucPrimaryCoreNum>:
200010a5:	                                         ...

200010a8 <malloc_mutex>:
	...

200010b0 <print_mutex>:
	...
