:020000041000EA
:1000000000B5324B212058609868022188439860DF
:10001000D860186158612E4B002199600221596106
:100020000121F02299502B49196001219960352056
:1000300000F044F80222904214D00621196600F024
:1000400034F8196E01211966002018661A6600F04E
:100050002CF8196E196E196E052000F02FF8012189
:100060000842F9D1002199601B49196000215960AB
:100070001A491B48016001219960EB211966A021F2
:10008000196600F012F800219960164914480160C1
:100090000121996001BC002800D000471248134993
:1000A000086003C880F30888084703B5996A0420EC
:1000B0000142FBD001200142F8D103BD02B5186610
:1000C0001866FFF7F2FF186E186E02BD00000240BE
:1000D000000000180000070000035F00212200005C
:1000E000F4000018222000A00001001008ED00E03C
:1000F00000000000000000000000000074B24E7A12
:1001000000200420F7010010CB010010CD010010E9
:10011000C9010010C9010010C9010010C901001077
:10012000C9010010C9010010C9010010CF01001061
:10013000C9010010C9010010D1010010D301001045
:10014000C1010010C1010010C1010010C101001067
:10015000C1010010C1010010C1010010C101001057
:10016000C1010010C1010010C1010010C101001047
:10017000C1010010C1010010C1010010C101001037
:10018000C1010010C1010010C1010010C101001027
:10019000C1010010C1010010C1010010C101001017
:1001A000C1010010C1010010C1010010C101001007
:1001B000C1010010C1010010C1010010C1010010F7
:1001C000EFF30580103800BE00BE00BE00BE00BECA
:1001D00000BE00BEF2EB887158A300107CA3001093
:1001E0003802001090A31AE71E481F49086006C88D
:1001F00081F3088810471D480068002801D019487D
:10020000F3E70DA40ECC002902D000F012F8F9E7B4
:100210001749184A002000E001C19142FCD116495B
:100220008847164988471649884700BEFDE701C937
:1002300001C29A42FBD370477CA30010C00000208B
:10024000B810002074B30010000004200000042047
:1002500074B30010001004200010042000000000FF
:10026000704700000000000008ED00E0000000D032
:10027000B81000209C240220B1390010A103001006
:10028000A9390010F8B5C04606480749091A8B106D
:10029000C90FC91810B5491003D0044B002B00D06A
:1002A000984710BDB8100020B810002000000000D2
:1002B000054B10B5002B03D00449054800E000BFF2
:1002C000FFF7E2FF10BDC04600000000A81F00209D
:1002D000309A001010B5024808F0CAFB10BDC046A5
:1002E000181A0020012330B585B00093073301931D
:1002F0000A4B6A4602936F23094C0A4D13736946F1
:10030000200009F069F8002802DA280003F060FDF7
:10031000FA20C00007F066FCF1E7C04668656C6C27
:10032000181A0020309A001010B51400C90200D429
:1003300010BD044B002221001868002306F028FF9E
:10034000F6E7C0467422002010B5104C82B02000A1
:10035000002109F01FFA20000D4909F033FA0720A7
:100360000C4900F045F97F21072000F065FA0121D2
:10037000072000F005F9052320000093064A0749ED
:10038000013B09F021FA02B010BDC046181A002046
:1003900029030010D502001020A10700405973075F
:1003A00000B583B003F042FC0D4800F01DFE0022B2
:1003B0001021402006F09AFE0A4B1860FFF7C4FF98
:1003C0000023802201930133074900939200002308
:1003D000064807F0EDFA07F0FDFA002003B000BD73
:1003E0008813000074220020589A0010E5020010C3
:1003F0008023DB051868000F7047C0460FB400B5B6
:10040000084883B003F060FC049B002B07D005A9CB
:100410001800019103F0AAFA034803F055FC0120EB
:1004200003F0BCFA689A0010789A001010B50148E1
:10043000FFF7E4FF7C9A001070B5EFF3108C72B6F2
:100440000D4D2B68002BFCD0BFF35F8F0724CB082A
:10045000C618C05C01230C40A3401C0004400342AA
:1004600007D118433070BFF35F8F2C608CF3108876
:1004700070BD1000FFF7C2FF2C0100D0F8B5474651
:10048000CE46884680B5EFF3108C72B61C4D2C68B2
:10049000002CFCD0BFF35F8F9A4222D8072101269F
:1004A000894602E00132934218D34D463700154089
:1004B000AF40D4080119045D2742F3D110003C433A
:1004C0000C70BFF35F8F00220D4B1A608CF3108805
:1004D00000280EDBC0BCB946B046F8BD0120404242
:1004E000EFE7BFF35F8F00232B608CF310880120B0
:1004F00040424346002BEDD00898FFF77FFFC046EF
:100500002C0100D0044A1078431CDBB2172B00D911
:10051000102313707047C046E80F002010B5064B3B
:10052000064C82B00100009318221F232000FFF721
:10053000A5FF02B010BDC0468C9A0010381B0020E9
:100540000021044B044ABFF35F8F02C39342FAD1E8
:100550007047C046000100D0800100D0054B064A1C
:100560001360064A136053609360D3601361536154
:10057000936170478080808000E400E004E400E044
:100580001F2318401E3B8340002905D0C021044A88
:100590004900535013607047802201498B50FAE79D
:1005A00000E100E001228240034B1B6813405A1E09
:1005B0009341D8B27047C04600E100E00123834078
:1005C000014A13607047C04600E200E0064B10305D
:1005D0009B688000C358054A00209B1A2F229A422C
:1005E0004041C0B27047C04600ED00E0EC0F002073
:1005F00070B50D00EFF3108672B60F4A1368002B2A
:10060000FCD0BFF35F8F0D4B10309B6884001B59EB
:100610000B4A934203D09D4201D001F017F8074BDB
:100620009B681D51BFF35F8FBFF35F8F0022024BAA
:100630001A6086F3108870BD240100D000ED00E040
:10064000C1010010F0B557464E46DE464546E0B5BE
:1006500085B0060000911700EFF3108B72B66A4A5E
:100660001368002BFCD0BFF35F8F0025674B5D57ED
:100670009A46002D00DAA9E06B00654C01935B19E6
:100680009B009846A146C1444B4652469B79103682
:100690001370604BB6009B6899590B1B2F2B33D9F5
:1006A0005D4B994200D0ACE0019B42469C465B4BBF
:1006B0006544AD0063535A4B0232A218043B9B1AA7
:1006C0001B05584A5B0D651913436B80564B01217E
:1006D000AB80FF23AB71009BEF71AB604B460B43CC
:1006E00019004C4B9B689951BFF35F8FBFF35F8F2D
:1006F0000022454B1A608BF3108805B0F0BCBB4656
:10070000B246A946A046F0BD01200A008243D37933
:100710008C46BB4231D84546130044491B1B5B4104
:100720005943090D3D4B63533D4B02356519043B5D
:100730005B1B1B053B4D5B0D2B43AA464D466B8057
:100740000425AC465546E044131F44441B1B1B05BF
:100750005B0D1D434B46997100999D8099604946F8
:10076000DF71334B01431360BBE75800C0188000B2
:100770002018C179B9422FD902000623D356002B85
:10078000F3DA02932B4B61460393131D9A4604231D
:100790005B429C46E14450464B461B1A1B055B0DD1
:1007A0009C46204B95719846634640460343938090
:1007B000019B5A199200039BA418A380029B1C4A18
:1007C000A371009B2260E771A3608AE700F03EFFFF
:1007D000002553465D574FE7908802934005131D4F
:1007E0009A46031561469C464046D444634604300D
:1007F0002018181AE0230005400D1B02184303902F
:10080000C5E700F023FF4FE7240100D09424022025
:10081000EC0F002000ED00E0C101001000A1FFFF7F
:100820001C10002000E0FFFF01BDFFFFAAAA00008E
:100830000148804701BD000010B583080400032073
:100840002040FF24054AC0009446844081409B001C
:1008500063441A68A2430A431A6010BD00E400E032
:1008600070B501240443EFF30581EFF3108C72B6E9
:10087000214A1368002BFCD0BFF35F8F1F4B05008C
:100880001F4AED1A6D416A43120D1E4D8900AE6874
:1008900052B27658A6421CD00621595691421CD01D
:1008A00012215956914222D01E215956914220D0F0
:1008B0002A2159560324914210D0134B19781A70EB
:1008C0008171BFF35F8F00220B4B1A608CF310888D
:1008D00070BDAB680D4C5C50EFE700246100091956
:1008E00089005B18FF21997109499980E5E7012486
:1008F000F4E70224F2E7C046240100D0EC0F002008
:10090000AAAA000000ED00E094240220C10100101A
:1009100001BDFFFF10B5084B084C82B001000093E9
:10092000002205232000FFF7A9FD002801DB1F237B
:10093000181A02B010BDC046A89A001098240220D0
:10094000024B9C46614489000160704740000034BE
:10095000F8B5124C124DAC4212D201260027764255
:100960002368002B0DD0FFF7CDFD01002000FFF71D
:10097000E7FF66602772BFF35F8F0C34AC42EFD3A2
:10098000F8BDFFF7BFFD01002000FFF7D9FF66604B
:10099000BFF35F8F0834AC42E2D3F1E7A810002028
:1009A000B810002010B50400FFF7ACFD01002000D6
:1009B000FFF7C6FF01235B426360BFF35F8F10BD8B
:1009C00010B504000120FFF7A9FD034BC3189B00DD
:1009D0002360BFF35F8F10BD40000034034B9C4683
:1009E000614489000160BFF35F8F704740000034AD
:1009F000F0B5DE4657464E464546E0B587B0EFF3C4
:100A00000583032201251A40954091008846A94696
:100A1000B14B03925C58B14B1D60B14B04934B46F4
:100A2000B04843630823E55E002D37DAA3881BB284
:100A3000002B00DBADE0A379002B00D0EEE0082313
:100A4000E15E002920DB4B0062695B18DB00D318F4
:100A50009E68DD68731C00D10DE1A248010041448D
:100A6000826A0B69B71A9B1A9F4215D30123026A47
:100A7000039883401A420FD09A4800F0C1FB8D4280
:100A800002DCCCD18642CAD940BF07B0F0BCBB461D
:100A9000B246A946A046F0BD0E61EDE762696B0063
:100AA00092465B19DB009A4453469E68DF6800F06B
:100AB000A7FB8F42BADC00D1FFE0002F00DAE4E0B0
:100AC0005246534652691B699346049A934200D199
:100AD000D5E052460821605E528800045946104312
:100AE0009847009001910099019A0B001000134360
:100AF00000D1CAE013000A00B61A9F41002806DBA5
:100B0000784800F07DFB009E019F36184F41534608
:100B10009E60DF6000229A5E002A00DA86E75300BA
:100B200099186069C900411802938B68C9689B468F
:100B3000B94200DD7AE702D1B34200D976E7082353
:100B40009C46A444059565462281A446029B2C0040
:100B500006E053009918C90041188D68C968AB4672
:100B60009B18DB00C318B94206DC00D1AFE01C00C3
:100B70000023E25E002AECDA230064469C465346DA
:100B80001A806346059D1D80A3881BB2002B00DAE6
:100B900051E72269EFF3108172B61368002BFCD085
:100BA000BFF35F8F0123A7885B42A3803FB2236915
:100BB000BFF35F8F00221A6081F31088002F00DAE4
:100BC00039E72300083322009A4666697B00DB1967
:100BD000DB00F318996850468C460824115FDD68E5
:100BE000002910DB029306E0AB4240D00023E15E17
:100BF0002000002906DB4C006418E4003419E36887
:100C0000AB42F1DD029B078000201F5E1980002FA0
:100C1000DCDA1400A379002B00D110E70023A371C4
:100C200026000823E15E08364B1C00D12CE7B446B1
:100C3000656903E084464B1C00D100E74B005B185C
:100C4000DB00E8180A00E95E43881BB2002BF1DAEA
:100C500001267642F7178660C7600826A35F934295
:100C6000E9D063461980238903802281E3E7A368E2
:100C70006345BBD9C6E76B1C00D0EEE6FCE65B46DD
:100C800058461B69984700281BD153461B88226988
:100C90002381EFF3108372B611680029FCD0BFF3F3
:100CA0005F8F514662880A8022696580BFF35F8F3B
:100CB0000021116083F31088B8E6864200D8FCE674
:100CC000B4E65B461A685B68009201930BE7B34594
:100CD00000D84CE750E7C046C81F00203C700540D4
:100CE000F109001000400540074810B50268EFF315
:100CF000108172B61368002BFCD0BFF35F8F05F034
:100D0000B1FE0020002110BD8423002070B52E4CC0
:100D10002569002D04D00A212C48FFF711FE70BD73
:100D20002B4E0321300000F061FAE660FFF7EAFB8A
:100D3000284B03229C46D02322701B061B680121EE
:100D40006370254B6044A3600F2380002061022064
:100D5000638063694942A180198002311986473155
:100D60001D83585218315A5275325C3999521832D3
:100D70000131995218320131995218320131995288
:100D8000083518329D520231183299521832013109
:100D90009952183201319952183201319952183250
:100DA000013199521832013199520C4B0C49DC60D7
:100DB00001303562FFF71CFC01210320FFF7E0FB47
:100DC000084B1D60A7E7C046341000208423002094
:100DD0000040054040000034FFFF1000C81F002005
:100DE000F1090010386005400048704734100020B9
:100DF000F8B51F0008AB1B7804001600002B08D1C3
:100E000000F006FA32003B00121A8B41002B00DA88
:100E100052E02269EFF3108072B61368002BFCD009
:100E2000BFF35F8F0223E15E63694A005218D2006C
:100E30009B182269002936DB1D886580BFF35F8F10
:100E40000025156080F31088069A9E60DF601A61A5
:100E5000079A5A615A8801325204520C101C002A17
:100E60001FD082B25880080410432669EFF3108720
:100E700072B63268002AFCD0BFF35F8FA2881A8056
:100E8000A1802369BFF35F8F00221A6087F3108867
:100E90000A4923788C4601329A40E36863441A6019
:100EA000F8BD0120DDE7BFF35F8F0023136080F3FF
:100EB000108801204042F3E70020F1E73C200000C9
:100EC00070B501000469EFF3108C72B62068002839
:100ED000FCD0BFF35F8F02200D5E4C6968004019A3
:100EE000C00024180869002D36DB26884E80BFF329
:100EF0005F8F002606608CF31088E3606388049897
:100F0000013320615B0405985B0CA26060611A1CD0
:100F1000002B1FD093B22804628018430A69EFF3B4
:100F2000108C72B61368002BFCD0BFF35F8F8B88D8
:100F300023808D800B69BFF35F8F00221A608CF3D2
:100F400010880B7801329A40CB6808498C4663447C
:100F50001A6070BD0122DDE7BFF35F8F00230360DD
:100F60008CF3108801204042F3E7C0463C2000008B
:100F700010B543890A1493421ADD53009B18426945
:100F8000DB00D3180469EFF3108C72B62268002AD4
:100F9000FCD0BFF35F8F5A88090494B2090C8A42CF
:100FA00008D00369BFF35F8F00221A608CF31088AA
:100FB000002010BD8022120214435C8001230269CC
:100FC0008371BFF35F8F002111608CF31088044997
:100FD00002788C469340C268012062441360E8E7BF
:100FE0003C20000040787047F0B5CE46474680B5BB
:100FF00083B0040000F00CF9FA2206000F00200074
:1010000000230021920000F0EDFF801979410400D7
:101010000D1E02DA01242D4D644296267642F71702
:1010200036196F41AF4215D812D000F0F1F83200F6
:101030003B00121A8B41002B18DC002B43D0200000
:10104000290000F0EFF803B0C0BCB946B046F0BDCF
:10105000A642EAD90022002316001F0000F0D8F8AB
:1010600032003B00121A8B41002BE6DD00F0D0F875
:1010700032003B00121A8B41002B0ADB0023019344
:10108000134B3200009313483B00FFF719FF013068
:10109000D5D0114BB1469846104E736A9F4204D882
:1010A000B26A4A45CBD29F42C9D143461A68EFF390
:1010B000108172B61368002BFCD0BFF35F8F4046DF
:1010C00005F09CFCE9E7002AB9D0CFE7FFFFFF7FDE
:1010D000E90C00103410002084230020004005405B
:1010E000F0B557464E46DE464546E0B506000F00D1
:1010F00085B0EFF3058399468B46002B12D0384913
:1011000000204B6ABB4206D38A6ADB1B591E8B4107
:10111000B2424041184305B0F0BCBB46B246A946B6
:10112000A046F0BD2F4B9A46DB68984653461B7885
:101130004046039300F064F84246039B04000433E6
:101140009B009B580D001B1A39003000001BA94161
:10115000894510DC0DD020BF214A0020536A5B4531
:10116000D9D3926ADB1B591E8B41B24240411843CE
:10117000D1E78342EFD900F04BF832003B00121A5E
:101180008B41002B1ADB00230193174B3200009395
:1011900050463B00FFF794FE011E0FDD104B5A6ACC
:1011A0005A451BD39B6AB34216D35046FFF7E0FE65
:1011B0000B4A0020536A5B45ADD3D2E7084A0020B2
:1011C000536A5B45A7D30020926ADB1BB2424041C1
:1011D0005A1E934118439EE75A45E6D120BFE4E7E3
:1011E0000040054034100020E90C001010B5024A00
:1011F0000248FFF721F910BDC49A00103C1B0020E3
:101200000300416A0A00986A596A8A42FAD1704713
:10121000034B596A0A00986A596A9142FAD1704799
:1012200000400540064A536A9942FCD807D1044B56
:1012300002E05A6A914202D19A6A9042F9D8704704
:1012400000400540F8B5DE464E4657464546E0B5F7
:101250008B4605000A991800160000F049FB0A9B0E
:101260006C001F02324B64199C46A40064446368FE
:1012700081469F4200D967602B1FDBB29846012B45
:1012800030D9C02380229B01E31812011A60294B38
:10129000AD0059599A4600291BD17301E0262268F6
:1012A00053401E40802342465B01E3181E60012A22
:1012B00030D9802380229B01E31812011A60534623
:1012C0004A4667605A51F0BCBB46B246A946A046A2
:1012D000F8BD586900F00CFB013043001B18033BBC
:1012E000FDD2DAE75B46012BCBD1C02303229B0161
:1012F000E3181A60023AA3681A42FCD07301E02690
:101300002268AD0053401E4080230A4A5B0192468A
:10131000E3181E605A462168514003220A401A60B1
:1013200001225B469A40A3681A42FCD0C1E7C0463E
:1013300000800040401B0020F0B546464F46D64690
:10134000C0B51F00344B44009C462418A4006444DC
:10135000636888461600FF2B02D880235B00636019
:10136000031FDBB29A46012B30D9C02380229B0198
:10137000E31812011A60294B850059599946002932
:101380001BD17301E026226853401E408023524641
:101390005B01E3181E60012A30D9802380229B0163
:1013A000E31812011A6080235B0063604B465F51B3
:1013B000E0BCBA46B146A846F0BD586900F098FABC
:1013C000013043001B18033BFDD2DAE74346012BF3
:1013D000CBD1C02303229B01E3181A60023AA36811
:1013E0001A42FCD07301E0262268850053401E405B
:1013F00080230A4A5B019146E3181E604246216839
:10140000514003220A401A60012342469340A268D9
:101410001342FCD0C1E7C04600800040401B0020C2
:10142000014B8000C0587047401B0020F8B50400F5
:1014300021481E0017000D0000F05AFA0100380084
:1014400000F056FA069B36041B031E432368002B4C
:1014500020DB1A4B1A49E3185A1E9341802292014D
:1014600094465B421B0B174A1B0363441360164AE6
:1014700013601F000A689743FBD1144B2560E218E4
:101480002123A06013602368002BFCDA0823E660A8
:101490001360F8BD3F2322681340AB42D9D1A36843
:1014A0001B051B0D8342D4D1EE22E368D202134008
:1014B000B342CED1EDE7C046001BB7000040FDBFF0
:1014C00008C0004000E0004000F000400430000090
:1014D00010B580241C4BE4051C6000281AD00123A1
:1014E0001A4C18431A4BDC611A4C44401C62596276
:1014F00098628021144BC905196017481749086084
:10150000E021C9041960002A07D18022144B120679
:101510001A6010BD0E4BD861EBE753019B1A9B007C
:101520009A18802312015B049A4209D213000D49D4
:101530000B60074B5A608022094BD2051A60E8E71E
:10154000094B1A00F3E7C04600B00540D3C007B00E
:10155000008005402D3FF84FFCFF010008200140AE
:1015600000A00540A01F0020FFFFFF008023024ACB
:101570009B000B43D362704700800540002310B5E9
:101580000100988A1B8B984710BDC046162310B5E2
:101590000100188802331B88984710BDF8B54746EC
:1015A000CE4680B50F1E18D014239946043304008C
:1015B0000025012698464B461888434621681B881B
:1015C000984701C4431E984101350640AF42F2D10D
:1015D0003000C0BCB946B046F8BD0126F8E7C046A9
:1015E000002370B504000D00988A03491B8B9847AF
:1015F000290003002000984755420000002370B5E1
:1016000004000D00988A05491B8B984703000020B1
:10161000002C01DB0130A040290098475542000012
:10162000AA23064A1B0113608D235B00D360044983
:10163000044B19605368002BFCDA704700400240ED
:1016400000B0FA00006002407047C04610B5014883
:10165000FEF7D4FEE89A001070B5074D074EB5426C
:1016600009D20024013E761BB60808CD9847230016
:101670000134B342F9D170BDE8990010249A0010EA
:10168000054B064A06491A60064A074B1A601000C5
:101690000B689843FBD1704700E00040BFCDFBFED4
:1016A00008C00040FE7F3C0000F00040044BDB6CB3
:1016B000002B03D18022034BD2021A607047C04630
:1016C000000011504C201150044A054B1A60054A85
:1016D0001368DB018033FBD17047C046FFFFFF0179
:1016E00000F0004008C000404022034B9A675A6750
:1016F0001A67DA667047C04600F0014010B5FEF781
:101700001FFF10BDF8B52749274C284D641AA610B5
:101710003200302E00D930222800920000F0BEFCAA
:10172000BC2C3BD830202F232C196407204A801B67
:10173000E40F9B1B052B16D93700002C02D0B300F9
:10174000771CEA50001B33199B004108EB18C900B5
:10175000C9181A605A6008339942FAD1012303422A
:101760001CD09843C619B300EA50731C2F2E15D015
:101770009B00EA50B31C2E2E10D09B00EA50F31CA5
:101780002D2E0BD09B00EA50331D2C2E06D09B0033
:10179000EA50731D2B2E01D09B00EA50054B9D6033
:1017A000F8BDC04600010010C0010010000000207C
:1017B000C101001000ED00E0002310B5294C82B0FB
:1017C000A367FFF72DFF0122274B1A60636C012BE3
:1017D000FCD10322254B1A60224A936B012BFCD1CA
:1017E000013300930121224A22480433FFF71EFEF1
:1017F000052301210093204A2048FFF717FE00220D
:10180000022104201E4BFFF797FD00220121052035
:101810001C4BFFF791FD0022002107201A4BFFF718
:101820008BFD002200210820174BFFF785FD802348
:10183000DB000093002200210920134BFFF702FD7B
:101840000022104B00210620FFF776FD0420FFF751
:10185000E7FD0E4900F04CF801000020FFF786FE7E
:1018600002B010BD008000403CB0004030B00040ED
:10187000002F685900800240008C864700C002405B
:10188000001BB70040597307006CDC0240420F0098
:1018900001480421014B1847501000209D150010ED
:1018A000124A936F9B0815D29066D166002905D025
:1018B000FFE7FFE7FFE7516F106F704704B5802126
:1018C0000906C2175140002800D0C84308F054F858
:1018D000002104BDF0B5146E556E576F166FFFF7FB
:1018E000E3FF1466556657671667F0BD000000D029
:1018F000114A936F9B0813D210665166002905D0D8
:10190000FFE7FFE7FFE7516F106F704704B500284E
:1019100001D00020C04308F02FF8002104BDC046CC
:10192000F0B5146E556E576F166FFFF7E5FF14662E
:10193000556657671667F0BD000000D094464A4AC6
:10194000926F9208624601D228E0C046F0B5464E3A
:10195000346E756E776F366F00F020F89446424A09
:1019600014665566576716676246F0BD94463E4A50
:10197000926F9208624601D254E0C046F0B53A4EEA
:10198000346E756E776F366F00F04CF89446364AB9
:1019900014665566576716676246F0BD002B24DB58
:1019A00011D000293EDA00B5C943404200D10131CF
:1019B00000F038F8C943404200D10131DB435242C4
:1019C00000D1013300BD002AEBD1002801D100294C
:1019D00005D00020C90FC90701D1C043410800B597
:1019E00007F0B2FF0022002300BD00B500290ADB8A
:1019F000DB43524200D1013300F014F8C9434042A6
:101A000000D1013100BDC943404200D10131DB4367
:101A1000524200D1013300F005F8DB43524200D1BD
:101A2000013300BD002923D1002B18D1002A0CD08E
:101A3000BC460D4F38667A6600210023FFE7FFE7BA
:101A4000FFE77A6F386F67467047002801D0074874
:101A5000010000B507F078FF0022002300BD02005E
:101A60000B00002000217047000000D0FFFFFFFFA7
:101A7000002B00D0BFE0130C28D1002AE7D080B49F
:101A8000114F39667A66FFE7FFE730B4040C7B6FCD
:101A9000396F1B0423433B667A66FFE7FFE7FFE7E6
:101AA000C04684B27B6F3D6F1B0423433B667A665E
:101AB000FFE7FFE7C04600232C042D0C7A6F386F38
:101AC00000196941B0BC7047000000D0F0B59446E1
:101AD0000025140E01D112020835140F01D1120194
:101AE0000435940F01D192000235D40F01D1520078
:101AF0000135D40B0134254F7C66254C3C660E0C19
:101B000093B2FFE7FFE7FFE73C6F6643360C7703CE
:101B1000BE467343DF0B5B04C01AB941130C734319
:101B2000DB18C91ACE086643360CB64493B2734329
:101B30001F0F1B01C01AB941130C73431F0B1B0568
:101B4000C01AB941860D8F023E436643360C092DFB
:101B500024DB520A7243801A7703460A6643360C26
:101B600016235B1BDE40DF40BF1964466643821BC1
:101B70007046043506330100D940A840C01900D38F
:101B80000131A24206D20023F0BD0000000000D0C7
:101B9000FFFFFFFF121B0130F3D3F1E709277F1B83
:101BA000FE406446A2B27243801A00D20139220C70
:101BB0007243130C1204821A99410B0070460435CB
:101BC00013370100F940A840801900D30131002BE0
:101BD00002D1A2420AD2F0BD013000D30131121B62
:101BE000FAD2013BF8D1A24200D2F0BD013000D3BD
:101BF0000131121BF7E7F0B51C0C00D080E00CB4EB
:101C000000251C0A04D11B02160E334312020835AC
:101C10001C0B04D11B01160F3343120104359C0B1E
:101C200004D19B00960F334392000235DC0B02D1A6
:101C300092185B4101351C00971864410134464FEE
:101C40007C66464C3C660E0CFFE7FFE7FFE7C046AC
:101C50003C6F6643360C7703BE4697B27743C01B92
:101C600000D20139C01B00D201399FB27743C91B92
:101C7000C91B170C77437E04FF0B801BB941CE08AC
:101C80006643360C0C2D33DBB644120B1F053A436A
:101C90001B0B97B27743C01B00D201399FB2774329
:101CA000C91B170C77433E043F0C801BB941860DBE
:101CB0008F023E43664329277F1BFE400C3D77463B
:101CC000AF40BF1930BCA2B2ABB272437343801AAB
:101CD0009941220C7243130C1204801A994102009C
:101CE0000B000137001BA941F9D2781E0021F0BD7D
:101CF0000C277F1BFE4077467F0BAF40FF19E0E7C4
:101D000000245D1C07D0144F7D663966FFE7FFE7AE
:101D1000FFE7FFE73C6F95B29EB265436643401B09
:101D2000B141150C1E0C6543664336042F0C3E432F
:101D30002D04401BB141994204D202000B00200047
:101D40000021F0BD01D19042F7D3801A99410134AE
:101D50009942F2D3F6E70000000000D0FFFFFFFF3A
:101D600048404140484018B4134B5B68019308BD9C
:101D700018B4114B1B68019308BD94460F4A926F2B
:101D8000920805D2624618B40B4BDB68019308BD7C
:101D90000A4AF0B5146E556E576F166F6246FFF71C
:101DA000F2FF064A1466556657671667F0BD18B409
:101DB000014B9B68019308BD40120020000000D039
:101DC000FFB550404240504059404B40594000E020
:101DD000FFB5154F4C00640D03D0BC4204D10C0379
:101DE00014D80020090D09055C00640D03D0BC4225
:101DF00004D11C030AD800221B0D1B0501264B40F1
:101E000009D44B4003D58B4200D18242FFBD994299
:101E1000FCD19042FFBD0B43DB1803431343F5D0C5
:101E2000C9434918FFBD0000FF07000000B5FFF7D8
:101E3000CFFF804100BDC04600B5FFF7C9FF01D903
:101E4000002000BD012000BD00B5FFF7B9FF01D99A
:101E5000002000BD012000BD00B5FFF7B1FF8041AB
:101E600000BD012040054A00121804D85A0012187B
:101E700001D8002070470120704700000021002891
:101E800005D17047C1174840401AFAD0C90713B5A9
:101E9000064B1B6898470CBC441CA2401005120B53
:101EA0000349091B09051943114310BD8022002075
:101EB0001F04000010B54C00620D8023D218DB0017
:101EC000D21A5B057E2A10DD9E3A13DACC1709037D
:101ED000490819435242D140640001341532202A86
:101EE00005DAD0400843604310BD002010BD08460D
:101EF000604310BDC80FC018013810BD18B4024BA4
:101F00005B6A019308BD00004012002010B5014833
:101F1000FEF774FAF49A0010132370B51D78012DA2
:101F200019D014DD1D48FFF731FB06001C48FFF7F0
:101F30002DFB1C4C80223100200000F0AFF8022D58
:101F400006D01948FFF71AFB184B186070BD154CE6
:101F5000174BA364F5E7174B124C23606360A36033
:101F6000E36023616361A361E36123626362A3624F
:101F7000E36223636363A363E36323646364A3642F
:101F8000E36423656365A365E36523666366A3660F
:101F9000E36623676367A367E367D9E753440000F9
:101FA00053460000401200204C33000080220020E5
:101FB000B91F00100D1F001007B5604601880A0AFE
:101FC0000230DF2AFAD1C9B2820804D302884088DD
:101FD0000004104300E00068014A5050039007BD20
:101FE0004012002051434343C9188C46110C83B260
:101FF0004B4310B4040C614392B280B2504362432D
:102000001C041B0C001910BC59411304120CC018FD
:10201000514161447047000010B50148FEF7EEF9E8
:10202000509B0010132310B510481C78FFF7AEFA30
:102030000100012C0AD003DD80220D4800F02EF8AB
:102040000C48FFF79BFA0C4B186010BD084C54224B
:10205000200000F023F82200084980322368002B7A
:1020600000D1216004349442F8D1E9E753460000DE
:10207000842200204C330000802200201920001010
:1020800001480421014B1847601000209D150010E5
:10209000014B1B681847000060100020014B5B6873
:1020A00018470000601000207047C046F8B557463A
:1020B000DE464E464546E0B599460A9B07009A46DD
:1020C0000D9B884693460B9C9B073BD10C9B9C42E7
:1020D0003DD21E1B0B9415000C005E442A004B469B
:1020E000013521002020B847B542F7D1A0460B9C0E
:1020F000002C20D0454636195346321B013C185D52
:1021000029004B46B847002CF6D12B0035009846E5
:102110000D9B9B070FD55B46EC1A0C9BA3420AD97B
:10212000464698462A004B46310020200134B847E5
:1021300001354445F6D32800F0BCBB46B246A9465B
:10214000A046F8BD16001500002CD3D1E0E716001C
:102150001500002CCED1EEE7F0B54546DE465746D9
:102160004E46E0B585B09C4610AB1B78149F934655
:1021700098460F9C129E139DBB074CD4002D42D154
:10218000B44248D201233B4099460E9B013B9A46FC
:10219000302304E0524601341355A64201D9202CC5
:1021A000F8D14B46002B00D183E00E9B013B9946B2
:1021B0003023A54205D82EE04A4601341355AC42DF
:1021C00029D0202CF8D1FB060CD57B0554D4A6428F
:1021D00063D0A54261D0119B102B50D0022B57D059
:1021E000202C32D1202301930E9B5A460093039753
:1021F00063460295FFF75AFF05B0F0BCBB46B246F6
:10220000A946A046F0BD01233B40994601233B422D
:102210002AD1B442B9D3FB061CD57B05DBD4002CF4
:10222000D5D1119B102B5BD0119B022B6BD030238F
:1022300001240E9A13704346002B10D17B073ED524
:102240002B260E9A631C1655CDE723000134302649
:102250000E9AD654202CC5D04346002BEED02D2606
:102260000E9A631C1655BEE74346002B2FD0013D46
:10227000B44200D289E798E7119B102BB2D1BB067C
:1022800037D5202CAED058230E9A13550134A7E72A
:10229000202CA7D02300013407E0631E012CC0D0FE
:1022A000119A102A31D0022AD1D162260E9AD65420
:1022B00096E7FB06CED57B0500D488E78BE72300A5
:1022C0003E0790D520260E9A013316558BE70C2336
:1022D0003B405A1E9341ED1AB44200D255E764E7E1
:1022E000BB060ED478230E9A022413703023537049
:1022F000A1E7202C00D175E778230E9A13550134FD
:102300006EE75823EFE76033EDE70E9AA61E91467D
:102310004E44BA0602D55822327098E778223270BD
:1023200095E7C04610B5002800D110BD01F082FC31
:10233000FBE7C0460B0010B5002802D049681B68B7
:10234000984710BDF0B55746DE464E464546E0B5C7
:1023500095B083460F00924698461E9A1F9B100028
:102360001900209EFFF77DFD002800D0EAE11E98AD
:102370001F990122C54B5242FFF758FD002800D09B
:1023800014E11E981F990122C14B5242FFF764FDD0
:10239000002800D0E9E01E981F990022BD4BFFF7EE
:1023A0005BFD002800D0C8E01E981F990022BA4BA0
:1023B000FFF73CFD002800D0BFE01E981F990022C7
:1023C0000023FFF733FD002800D0E4E000230B9347
:1023D000229B5B0500D406260024302307E017214A
:1023E00006AA013452181355013E202C01D0092EA3
:1023F000F5D81E981F99FFF75DFDA84BF2009B18BA
:102400001A685B68050008920993FFF73BFD02001C
:102410000B001E981F99FFF7A6FC089A099BFFF76F
:10242000C6FC06900791FFF769FD8146FFF726FD80
:1024300002000B0006980799FFF795FC0022984BC5
:1024400006900791FFF708FD002800D10DE1012358
:102450009C46E1444846FFF711FD02000B00089836
:102460000999FFF7E9FC002802D0002399460135BD
:10247000002E00D1D9E006954D46B94614E006AAD3
:10248000944617230A216344280001341F19FFF7DB
:102490002FFA3031397028000A21013EFFF728FA5F
:1024A000092D00D817E10500202CE8D14F46069DE4
:1024B00020240CAE06AA17239446634499465B4633
:1024C000B34606930FE04B4628000A210134E61874
:1024D000FFF7E6F93031280031700A21FFF7E0F903
:1024E000051E00D1E4E0202CEDD1069B5E469B4604
:1024F0000323229A1340012B18D1219B002B15D0C6
:102500000B9B002B00D1FDE0219B013B2193202B55
:102510000CD93023219A07E0172006A901340918A5
:102520000B55944200D3CCE0202CF5D1229B019492
:102530000393219B0096029322E0229B5246049330
:10254000219B3900039358461E9B1F9C02960093C3
:102550000194434600F04AF90400200015B0F0BC95
:10256000BB46B246A946A046F0BD229B5B070FD4EE
:1025700003224C4B229901920391219900930291DD
:102580004346524639005846FFF790FD0400E4E701
:102590000422454BEEE71E9A1F9B00200021FFF707
:1025A000E2FB01231E901F910B9311E7229B5446DF
:1025B0009B0711D1219B042B0ED9219B55469C468C
:1025C0005E46043C64442A0043460135390020201D
:1025D000B047A542F7D1B346344D26002B1F99468C
:1025E0005B46A3461C003200E87843463900013DB3
:1025F000A04701364D45F6D123005C469B46229B01
:1026000004349B07A9D55346219AE31A9A42A4D9C8
:102610005E4615002200434639002020B04753464D
:102620000134E31A9D42F5D897E72800FFF72AFC0A
:1026300002000B001E981F99FFF795FB0022184B14
:1026400006900791FFF7F2FB0CAE002800D031E7AF
:10265000069807990022124BFFF7FEFB002800D0D6
:1026600028E7012301359D4324E7002206980799B6
:102670000B4BFFF7DBFB002800D0F9E64B46002BA5
:102680005CD101239C46E144F2E6C046FFFFEFFF28
:10269000FFFFEF7F65CDCD4165CDCDC1109E001010
:1026A0000000E03F549B00104C9B00105C9B00100E
:1026B000069B5E469B460323229A1340012B00D1C2
:1026C00081E0202C00D131E70B9B002B27D02D235C
:1026D000335501342AE74F46069D202C00D1E7E60A
:1026E0003022331907E0172006A9013409180A55CA
:1026F000202C00D1DCE6A342F5D12E220CAE013411
:10270000F254D7E60C23229A134257D0219B013B67
:102710002193A34200D9FCE6202C00D106E7229B9E
:102720005B0703D52B2333550134FFE6229B1B07A0
:1027300000D4FBE6202333550134F7E6DB0700D451
:1027400096E69EE7229B55469B0711D1219B032BC2
:102750000ED9219B54469C465E46033D65442200AB
:102760004346013439002020B047AC42F7D1B3468C
:10277000B9465F461C4EEC1C2A00B07843464946D9
:102780000135B847013EA542F6D1229BBB464F46D4
:102790009B0700D4E1E65346219AE31A9A4200D8F7
:1027A000DBE65E4615002200434639002020B04794
:1027B00053460134E31A9D42F5D8CEE6219BA3424D
:1027C00000D9A6E6B2E6219B002B00D179E70B9B4E
:1027D000002B97D0219B013B21939C4200D298E68D
:1027E000202C00D073E7A1E6589B0010F0B5DE4620
:1027F00057464E464546E0B599B081468B469246CF
:102800009846229A239B10001900FFF72AFB002804
:1028100000D0CAE0229823990122824B5242FFF74E
:102820001BFB002800D0C0E02298239901227E4B98
:102830005242FFF7FBFA002800D0B6E02298239915
:1028400000220023FFF7F2FA002800D0C9E1229B02
:10285000239C08930994089809998023269ADB0001
:102860001A400D928022269C1201144022000B94E3
:10287000269C07000E001C4200D0ADE00B00034375
:1028800000D0D5E0002A00D00AE2220006332493CB
:10289000022313400C930223134200D002E2259B33
:1028A000042B00D20FE2043B0B93002304250A9370
:1028B0000022229823990023FFF7B8FA002800D0BD
:1028C00003E25A4B269A134004930B9B0393249BD9
:1028D0000293089B099C0093019459464346524633
:1028E0004846FFF72FFD02002020269B1F270340AC
:1028F00059424B415B421840531C0893594643468A
:102900004530C8470A9AD317D4185C40D30F0A93AE
:102910006B1E0B9308AB9C460025674401E0202DFD
:102920000FD020000A21FEF7E3FF01357E19303178
:10293000317020000A21FEF7DBFF26000400092E7B
:10294000EDD8052306930B9B59460593002304936A
:102950000A3303930A9B4846029310AB0093089AEC
:1029600043460195FFF7F8FB0C9B002B2DD05346F7
:10297000C41A259BA34228D94D465F4681461E00B6
:10298000534639001A19202043460134A847A6426D
:10299000F6D8534648462599C21A0132002391427F
:1029A00000D386E1013018180FE0269B0493259B85
:1029B0000393249B0293229B239C00930194434600
:1029C000524659464846FFF7BDFC19B0F0BCBB461D
:1029D000B246A946A046F0BD01432BD10B9B220075
:1029E000002B00D154E700230A93249B0A9A002469
:1029F000934200DD85E12298239900220023FFF70E
:102A000015FA002800D035E1269B084A02941A40A6
:102A10008023DB0013430493259B0393089B099CAD
:102A2000CBE7C046FFFFEF7FFFFFEFFFFFF7FFFFA2
:102A300006232493B44B70009C46400D6044FFF77E
:102A400021FAB24AB24BFFF7B2F9B24AB24BFFF7E2
:102A50008FF93603B14B360B334304000D003800B9
:102A600019000022AE4BFFF77EF9AE4AAE4BFFF7DE
:102A70009EF902000B0020002900FFF779F9FFF70B
:102A800019FA0A90FFF7FEF9A84AA94B04000D00B5
:102A9000FFF78DF90022A74BFFF76AF9FFF70AFA53
:102AA000A54A0600A54B20002900FFF780F9040085
:102AB00030000D000C96FFF7E5F9A14AA14BFFF796
:102AC00076F902000B0020002900FFF74CF9020004
:102AD0000B0006000F00FFF76AF9320004000D003A
:102AE0003B0030003900FFF743F900220E900F91B0
:102AF000954B20002900FFF740F90022934BFFF788
:102B000037F902000B0020002900FFF736F90022F8
:102B10008F4BFFF72DF902000B0020002900FFF773
:102B20002CF90D008021040032003B000020C90573
:102B3000FFF719F902000B0020002900FFF718F930
:102B400002000B000E980F99FFF717F90022734B44
:102B5000FFF70EF97F4B0C9C9C4664440022230532
:102B6000FFF725F906000F0002000B0008980999ED
:102B7000FFF75CF900280AD00A9B3000013B3900BE
:102B80000A930022714BFFF7F8F806000F000A9A2B
:102B9000330063323900C62A12D80222269804254F
:102BA00010400B9A0C90002A25D1259B042B05D9A7
:102BB000002800D0A1E0259B043B0B93042541E0B5
:102BC0000222269810400B9A0C90002A12D1259BC5
:102BD000052B76D9002872D1259B0525053B0B9343
:102BE00034E0802212069446229B0893239B634480
:102BF000099330E605250B4300D1F6E608980999BC
:102C0000554A564BFFF720F9002808D00898099933
:102C10000022534BFFF70AF9002800D0E5E6249B79
:102C2000002B1CD00D9B002B19D0249B013B24931F
:102C3000259BAB4204D90C9B002B5AD002230C934A
:102C400000230B930A9B002B00D131E608980999C9
:102C500032003B00FFF791F80890099128E6259B88
:102C6000AB42EDD90C9B002B43D000230B930233D6
:102C70000C93E7E78020269B3A4A00061A408023FF
:102C800084460294089C099D2900DB0013430493A9
:102C9000259B6144220003930B00009201938EE672
:102CA0000524A8E600230B930A93023304250C9312
:102CB000FEE553468C46013B63441B1A72E6022331
:102CC0000C930525C2E70423EDE58020089E099FAB
:102CD000000639008446269A224B6144134004932F
:102CE0000B9B32000393249B02930B0000920193F1
:102CF000F3E5259B5B1B0B93A4E7022304250C93B0
:102D0000A0E79C1A013C76E601FCFFFFFB799F508F
:102D10001344D33FB3C8608B288AC63F0000F03FFE
:102D20000000F83F61436F63A787D23F71A3790921
:102D30004F930A400000E03F1655B5BBB16B02400F
:102D4000EF39FAFE422EE63F00002C4000002440FE
:102D500000001840FF0300002D431CEBE2361A3F31
:102D600080842E41FFF7FFFFF0B5DE4657464E4602
:102D70004546E0B5A5B01E002E9B92460C93CD4A69
:102D8000CD4B80468B461A60002900D1EAE1002332
:102D900030789946002800D1ECE1C84B4C460B93A3
:102DA000C74B454657460E930AE0631C98462200DF
:102DB0003B005946A84744463078002800D187E0B8
:102DC00001362528F1D108239A46043B9946023B57
:102DD0009846013B00229C460D943078711C0300FC
:102DE000203BDBB2102B03D80B9C9B00E3589F4683
:102DF0000300303B89460D9C092B3AD900239846A5
:102E00002A2800D1C1E000239A462E284BD0030087
:102E1000683BDBB2122B1ED80E999B00CB589F4605
:102E200063460E001A43D8E743460E001A43D4E720
:102E30004B460E001A43D0E710230E001A43CCE78E
:102E400053460E001A43C8E780235B001A43FF3B3A
:102E50009C467078E1444E4667284FD82428A4D970
:102E60000300253BDBB2422B9FD896499B00CB58F1
:102E70009F46002394461E0000E00131B3009B19D9
:102E80005B001E180878303E0300303B092BF4D954
:102E90000123624689469C460023B0469A460E00AE
:102EA000E1442E28B3D13021802049428C46C00015
:102EB000024370784B4684446146092900D86CE18E
:102EC0002A2800D17AE101239C464E46E1449EE740
:102ED000A146A846BA46CA4503D801235B425344DB
:102EE000994653464A4659460020C047200025B01F
:102EF000F0BCBB46B246A946A046F0BD0300693B04
:102F0000DBB20D930F2B00D94FE7012199408C467E
:102F10006D49894661464B4619400F9163464946C3
:102F20000B4200D028E10D9B0A2B3AD0072B00D092
:102F30003BE70C9B190008C98846002B00D14BE1E8
:102F400021200243914614A98C461F220F2162447E
:102F50008C4651460D950C91A24615000F9902E042
:102F600020290CD0130064461C4020003730092C67
:102F700000D80738013168541A090F2BF0D80C9B80
:102F800054460D9D9A460F9133E10C9B02CB884627
:102F9000002947DB0C9301239C4670784E46E144A0
:102FA00031E70C9B02CB14935346002B00D138E140
:102FB0009C4608780B000C908C44002801D100F04E
:102FC00098FC89466146944603E05A780133002A0A
:102FD00001D08B42F9D1494662465B1A0C900F939F
:102FE000530500D520E10223180010400D90134234
:102FF00000D1CBE30D930B1BB1469A465E460C986D
:1030000022003B003100A84753460134185D0028D8
:10301000F6D1B3464E460D9B002B00D0C7E1149B62
:103020000C93C9E60C9301239C462838494202437D
:10303000884670784E46E144E5E670786C2800D109
:103040007FE180235B001A43FF3B9C46E14402E79B
:1030500080239B001A4301239C467078E144FAE6E2
:103060007078682800D173E180231A437F3B9C4627
:10307000E144F0E6672800D103E1472800D15AE196
:10308000452800D15AE10492072142460C9B039245
:10309000073352468B43190002920CC92800009254
:1030A00001930C9122003B005946FFF79FFB04005F
:1030B00082E6C046692D00109C1F0020709C001005
:1030C000B49C0010009D001041900000462800D1E3
:1030D000DBE00492072142460C9B039207335246E1
:1030E0008B43190002920CC92800009201930C91A5
:1030F00022003B005946FFF725F904005CE6631CFB
:10310000984622003B0059462520A847444653E6EE
:103110000C9B04330D93631C9946920700D422E163
:103120000C9B2200187859463B00A847434644446C
:10313000012B00D885E23300B8462E005F462500FB
:103140004C46994622004346013439002020B047BE
:10315000AC42F7D12C00BB46350047464E460D9B8E
:103160000C9329E6DB4B30789846002399460028DB
:1031700000D012E60024AEE66F2800D188E000D827
:103180000BE31023782800D1CFE09A430A239C4612
:1031900000230F930A330D9380E05646B10089193E
:1031A000490001330E181878303E010030390929E2
:1031B000F4D9B2461E000133994628E60C9B02362C
:1031C00002CB8A46C9435046C917084082460C9331
:1031D0003078731C99461AE6102310009843113377
:1031E0001843814680201300C0000340024200D1F2
:1031F000A9E64B46069308230593534604931023F0
:103200000393002302930F9B220001931CAB0093B6
:1032100059463B002800FEF79FFF434604000C93ED
:10322000CAE501235B42C3E60F9B534501D95346D0
:103230000F930223180010400D90134200D1B7E104
:103240000D93D1460B1B9A463300A1442E00220059
:103250004D460C98B9465F469B4608E04B46390000
:10326000541CB0475346185D002877D02200954281
:10327000F4D15B46BB464F46A94635004C461E007E
:10328000C9E680231B011A43FDE620231A4320E7E9
:1032900008239C4600230F9308330D9380231100CD
:1032A000DB0019401A4200D116E10D239A431000A9
:1032B000802302009B001A401492184200D0C2E101
:1032C000802302005B001A4091460C9A04320F9250
:1032D000184200D0B7E2430600D59FE1030600D4B0
:1032E00019E30C9B1B880993002B00D0FCE11033E1
:1032F0009843002900D1F7E10023994643460593FE
:10330000534604930D9B069003930023D2E0582864
:1033100008D0622867D102239C4600230F93023312
:103320000D93BBE720231A43103B9C4600230F93C9
:1033300010330D93B2E780231B011A4320231A4355
:10334000A1E6C0239B001A43F31C9946B07882E59E
:10335000C0231A43F31C9946B0787CE535005E46DD
:10336000BB464F4657E64346012B00D863E1631E38
:1033700043449A463300B9462E005F4655469B4665
:10338000A24622004B46013439002020B047AC420F
:10339000F7D135005E46BB464F46A14654460C9BCE
:1033A0004A46187859463B004444A847D7E6A14608
:1033B0000F9B984500D832E64444E41A3300B846DF
:1033C0002E005F4625004C469946220043460134B4
:1033D00039002020B047AC42F7D12C00BB46350065
:1033E00047464E461BE680231000DB0018401A4279
:1033F00000D10FE1112118008A430D920D9A80230C
:1034000011009B0019408C461A4269D1802311009B
:103410005B00194089460C9904310F911A4200D083
:10342000CAE113005B0600D5F0E013001B0600D4D0
:1034300059E20C9B00229B5ED9175A184A4092B25F
:10344000D90F0C91002B00D1F9E1100014AA944679
:1034500042461F23149252466344A84616944D4692
:103460000400B946B2461F00159201E0202D0FD08E
:1034700020000A21FEF73CFA01357E193031317007
:1034800020000A21FEF734FA26000400092EEDD8A8
:10349000149B4F46A94645469846159B56469A4664
:1034A000169C0D9B069343460593534604930A23AB
:1034B00003930C9B02934B4601931CAB2200009399
:1034C00059463B002800FEF747FE0F9B04000C9373
:1034D00072E4C046A92000100C239A431000E7E6CE
:1034E00007220C9B07339343013294469C44624667
:1034F0000C920CCBD90F0F911100194300D191E020
:10350000D91713911291514010911399594011916B
:1035100010981199129A139B801A99411090119149
:1035200014AA0023944642469946149252461F33E9
:103530006344A846B24616944E46109C119DB94667
:1035400015921F0001E0202E10D0200029000A2231
:103550000023FEF70BFA013630322B00BA550D006E
:1035600022000400002BEED1092AECD8149B109401
:10357000119545469846159B4F46B14656469A4684
:10358000169C0D9B069343460593534604930A23CA
:1035900003930F9B02934B4601931CAB22000093B5
:1035A00059463B002800FEF7D7FD0400FFF704FC56
:1035B0000F9B984500D8C1E18023DB000D93434663
:1035C0000F9A1B199B1A994633002E004D46B94697
:1035D0005F469B460C9122004B4601343900202067
:1035E000B047AC42F7D143460C9901330F930B78A7
:1035F00035000C935E46BB464F46002B00D10EE5CE
:103600000D9B002B00D1F6E4002319E60C9B1B78E0
:103610001A0015E710239A430D92EFE60C9B1B78D6
:10362000099361E6002399460028AAD100220023CD
:103630001092119374E70C9B2200187859463B00B6
:10364000A8474C468BE50C9AFA3BFF3B07329A435E
:103650000133994691444B460C9313685268159276
:103660001A4306D11032904300220992002900D05B
:1036700081E06122810600D54122D2B20A9214AAC9
:1036800091460A9A00210A3A1492424617925246EB
:1036900018925A460991B3461F311E000F9B4944A8
:1036A000BA4619941A950024674698468946159D8E
:1036B00016901B920AE03032D2B24B4601341A55B2
:1036C000A8454AD0202C4AD006000D003A0000231D
:1036D00030002900FEF74AF9D2B2092AEBD9149B2F
:1036E0009C466244D2B2E8E76123820600D54123BA
:1036F000DBB20A3B0C93434614A91F228C46159358
:1037000053466244A046B2464C461797A946170056
:10371000099D0D9E1490169308E03033DBB20134FE
:103720003B55B5420ED3202C0CD0050031002800AB
:10373000FEF7DEF8CBB20929EFD90C9A9446634420
:10374000DBB2ECE7159B4D46A14644469846169BD6
:10375000564614989A46179FD0E5B742B2D9179BA0
:1037600057469846189B5E469A461B9B09949B4673
:103770001698199C1A9D43460593534604930D9B36
:103780000690039300230293099B05E70F9B98453E
:1037900000D914E701330F932DE41023110099434E
:1037A0000D91692800D0BAE080231000DB0018409A
:1037B0001A4200D122E61DE60C9B1B68DA0F1100AD
:1037C000002B00D18CE0DA179818504014AA9146CB
:1037D00042461F23149252464B44A046A9461697D0
:1037E00004006546B2461F000C91159201E0202DA1
:1037F0000FD020000A21FEF77BF801357E19303109
:10380000317020000A21FEF773F826000400092E0B
:10381000EDD8149B444698460C9BAC461900159B6A
:1038200056464D469A46169F0D9B02910693434677
:103830000593534604930A23039363463CE600280A
:1038400000D02EE602E60C9B1B689946002B03D1A4
:1038500010339843002938D16123820600D54123D3
:10386000DBB20A3B0C9343461693534614A91F221E
:103870008C4617932B006244A0464D46B2461897DB
:1038800099461700149C0D9E159008E03033DBB26A
:1038900001343B55B5420ED3202C0CD0050031002D
:1038A0002800FEF725F8CBB20929EFD90C9A9446E7
:1038B0006344DBB2ECE7169B149444469846179B8E
:1038C00056464D469A461598189F434605935346CB
:1038D00004930D9B0690039300230293149BEBE546
:1038E0000028A1D172E70C9B1B68D9175A184A40CF
:1038F000A6E580231000DB0018409C460F901A427A
:103900000FD00220030013400F93104219D0002360
:10391000A1460F934CE50C9B1B680993E4E40A0055
:1039200034E40223180010400D90134200D03EE50D
:103930004346002B00D042E6FFF771FB01330F93A3
:103940007FE463460D93F3E710B50C0084B0039455
:10395000012402A902900093034813006242FFF77A
:1039600003FA04B010BDC0463523001010B5094A53
:103970000300146884B0002C08D00122009106488E
:10398000524203A9A047012004B010BD00F09CF9E9
:103990000020F9E79C1F00202523001000210020B3
:1039A00010B5FDF71DFEC04610B5FFF7F7FFC04686
:1039B00070B5FDF751FE074D074EB54209D2002400
:1039C000013E761BB60808CD984723000134B34268
:1039D000F9D170BD249A0010309A0010030010B580
:1039E000080011001B68984710BDC046F0B5C646D8
:1039F00000B5437D07000C001600002B46D0002ABE
:103A000017DD0B780A2B24D000239846012E13D003
:103A100001252900635C01350A2B26D0B542F8D177
:103A2000464509DCA419013C23780D3B5A42534119
:103A30003B7580BCB846F0BD4346E018A419F11AA6
:103A4000013C3B68984723780D3B5A4253413B75F4
:103A5000EFE7037D002BD7D102210F483B68984741
:103A6000012EDFD001239846D2E7631E5B5C0D2B4D
:103A7000D4D0884504DA4346C91AE0183B68984711
:103A8000022105483B68A8469847C7E7036811002C
:103A900020009847CDE7C046609E0010F0B5C646AE
:103AA0000B6806000C0000B5802B06D05A1C226063
:103AB000E418267180BCB846F0BD0F4B1D68002D80
:103AC00016D00B1D98460D4F02E02D69002D0FD02A
:103AD0002B68002BF9D03B68002B01D0AB42F4D10E
:103AE000280041462268FFF781FF2D69002DEFD1A4
:103AF00001220023DBE7C046901B0020981B00201A
:103B0000F0B54546DE464E465746E0B583B0914691
:103B10001C0080460D00FDF77BFB0023304A121885
:103B20004B41002B02DA01222E4B52422E49080053
:103B30008A4605F039FF07006B1C03D1404605F0AB
:103B4000C3FE0500002C27D0284E294B1C68002CF2
:103B500018D04B46002B21D1264B994602E0246910
:103B6000002C0FD02368002BF9D04B461B68002B8C
:103B700001D09C42F3D120002A004146B04724697D
:103B8000002CEFD1002F26D1280003B0F0BCBB469B
:103B9000B246A946A046F0BD174ED6E7154B99464A
:103BA0000A239B4602E02469002CEBD02368002BFB
:103BB000F9D04B461B68002B01D0A342F3D12A0059
:103BC00041462000B0476B465A462000DA71D91DA5
:103BD0000122B047E7E7504605F0AEFED4E7C04605
:103BE00040420F00FFFFFF7FB0100020ED390010B2
:103BF000901B0020981B0020DD3900100A4A136832
:103C0000002B05D10CE01A001B691032002B07D0E5
:103C10008342F8D1002902D11869106019617047F8
:103C20000029FCD01060FAE7901B002010B500F0CE
:103C3000F1FA10BDF0B5CE46474680B583B06B466D
:103C40000600DD1D2870FDF7E3FA0023194A12185B
:103C50004B41002B02DA0122174B52421749080050
:103C6000884605F0A1FE164B81461C68002C14D036
:103C7000144F02E02469002C0FD02368002BF9D0E8
:103C80003B68002B01D09C42F4D120000122290086
:103C9000FFF7ACFE2469002CEFD14B46002B05D179
:103CA000300003B0C0BCB946B046F0BD404605F098
:103CB00043FEF5E740420F00FFFFFF7FB0100020FA
:103CC000901B0020981B002070B5040005F0FCFD3F
:103CD00001230100050001222000FFF711FF084B1E
:103CE0001C68002C06D06368002B05D09847246917
:103CF000002CF8D1280070BD2469002CF3D1F9E71D
:103D0000901B0020F0B5CE46474680B5A3B0040016
:103D10000D00FDF77DFA0023274A12184B41002BB6
:103D200002DA0122254B5242254E300005F03CFEBE
:103D300000232200019307002B00224801A9FFF76E
:103D400003FE214B804699461C68019B002B1AD02C
:103D5000002C2FD01D4D02E02469002C0FD02368C9
:103D6000002BF9D02B68002B01D0A342F4D1200006
:103D7000019A02A9FFF73AFE2469002CEFD14B46C5
:103D80001C6800230193002C06D06368002B0BD025
:103D900098472469002CF8D1002F07D1404623B062
:103DA000C0BCB946B046F0BD2469ECE7300005F070
:103DB000C3FDF3E70194EFE740420F00FFFFFF7FF1
:103DC000B01000209D3A0010901B0020981B00208E
:103DD0000FB400B583B004A901C90191FFF792FFA8
:103DE00003B008BC04B018477047C0460022014B1E
:103DF0001A707047952402204B790020FF2B0BD1BD
:103E00008B79002B08D1CB79012B05D1082A03D956
:103E1000024B8A7809301A707047C04695240220F8
:103E20000120704710B5012913D112495379107937
:103E300009781B0203430020994200D010BD53783B
:103E4000012B08D0022BF9D1642200210020FDF7BC
:103E50003FFB0120F2E7D37891781B021943480A0F
:103E6000DB0501D4012040427F238A05D20F19408F
:103E7000FDF7C4FB95240220004870472C9F0010DA
:103E800070B5050014000120012909D153780020E4
:103E9000012B05D1637912791B021343072B00D044
:103EA00070BD21002800024A9F3301F055FAF7E760
:103EB000849E00100123037000487047649E001028
:103EC0004B780A781B0213438A7810B512041A4300
:103ED000CB781B0613439622D200934200D010BD2C
:103EE0000022012011004042FDF788FB024B1860C0
:103EF000024B19607047C046301B0020341B002065
:103F000010B5024B1878FCF759FB10BD962402201F
:103F1000154B70B51A68002A22D0EFF3108172B6E3
:103F200010680028FCD0BFF35F8F00200F4A596053
:103F300010701B68BFF35F8F186081F31088002436
:103F400000250B4E3078FCF72DFB002804D100240F
:103F500000252900200070BD3078FCF72FFBF8E722
:103F6000FA240025A400ECE7C01F002097240220BB
:103F70009624022070B5040000200E0001F00AFB18
:103F8000002834D0002001F01BFB00282FD0FDF7C3
:103F90003FF90023174A12184B41002B16DB164D30
:103FA000280005F001FD002821D0002001F0F2FAE0
:103FB00000280FD101200021404200F001FD032420
:103FC0006442280005F0B8FC200070BD01220B4BB4
:103FD0005242E4E7002001F0F3FA0028EAD0210081
:103FE0003200002001F0F6FA041EEAD1E7E70324CC
:103FF0006442E9E740420F0088230020FFFFFF7F73
:1040000010B5FDF705F900230D4A12184B41002B9E
:1040100002DA01220B4B52420B4C200005F0C4FC8B
:1040200000280CD001200021404200F0C9FC0020F3
:1040300001F014FB0028F5D1200005F07DFC10BD37
:1040400040420F00FFFFFF7F88230020F8B5DE46C7
:10405000574680B505000C00FDF7DAF80023364A14
:1040600012184B41002B02DA0122344B52423449E0
:1040700008008A4605F098FC002803D1C0BCBB4666
:10408000B246F8BD002001F085FA00284AD000268B
:10409000002C43DD2B4B9B4614E0A919002001F0B6
:1040A00017FB070001200021404200F089FC00209E
:1040B00001F0D4FAFDF7ACF8224BF61918605960FC
:1040C000B4422BDD002001F023FBA71B0200B84205
:1040D00000DD3A00002AE0D101200021404200F03A
:1040E0006FFC002001F0BAFA002001F053FA00281A
:1040F00014D0002001F00CFB0028E1D1FDF788F876
:104100005B460F001A685B68002184460E4812184F
:104110004B419F4202D8D3D19445D1D9504605F0A6
:104120000BFCABE700200021064B1860596050469D
:1041300005F002FCA2E7C04640420F00FFFFFF7FF0
:10414000882300203812002020A1070030B52A4C17
:1041500085B00021200005F017FC00281CD1274B5A
:104160001A68002A16D0EFF3108172B61068002882
:10417000FCD0BFF35F8F01242148596002781B688F
:10418000D2B20470BFF35F8F0020186081F31088F3
:10419000002A17D005B030BD01200021404200F0B8
:1041A0000FFC002001F00CFA0500200005F0C4FB14
:1041B000002DEFD0134B1B68002BEBD0124A106878
:1041C0009847E7E7FCF710FE0400FDF721F8FA2214
:1041D0000023920012184B41002B02DA01220B4BF4
:1041E00052420121029100210191094920000091D0
:1041F000FCF7FEFDCEE7C04688230020C01F00204C
:1042000097240220301B0020341B0020FFFFFF7F7B
:10421000113F0010D02310B51B0684B01C68FCF7BA
:10422000E3FDFCF7DFFEA04202D0002004B010BD89
:10423000294B002100201B7801F05EFD2748036810
:10424000002B45D00120FCF765FBFF23244C2549BA
:1042500020701840FCF7CCF920780121FCF790F988
:104260000520FCF7B3F9002824D1082200211E48BC
:10427000FDF70EFFFCF7B8FD0400FCF7C9FFFA22BA
:104280000023920012184B41002B02DA0122174B37
:104290005242012102910021019115492000009113
:1042A000FCF7A6FD0028C0DB12480121FFF7A6FCA1
:1042B0000120BBE70120FCF731F90B4B010018008E
:1042C000FCF78CFB002205200B49FCF7BBF9EBE760
:1042D000FCF768FBB6E7C04678A3001088230020EF
:1042E000962402204D410010C01F0020FFFFFF7FD9
:1042F000113F001070100020013F0010004870476F
:10430000C89F001000487047749F001010B504004B
:1043100017480378002B20D0002C06D1154B1648E7
:104320004380063BFF3B038010BD052C1DD8134B7B
:10433000A400E05812490123013804E001330A8047
:104340000231142B0DD0C25C002AF7D1C022DBB29F
:104350005B00920008481343E5E7112100F01AF8CA
:10436000DAE7CA2304489B00DDE70020DCE7C0460B
:104370009023022009040000681B00205C9F0010AD
:104380006A1B002010B5024800F0D8F810BDC046E6
:104390007822002030B54B1E012900D1A7E0664AE3
:1043A00011780D092C0030349F2900D9A2E0047047
:1043B000012B00D1BEE00F21147821400C003034D5
:1043C000092900D998E04470022B00D1B2E054785A
:1043D0002509290030319F2C00D990E08170032BF2
:1043E00000D1A7E00F2121400C003034092900D969
:1043F00087E0C470042B00D19CE094782509290043
:1044000030319F2C00D97FE00171052B00D191E064
:104410000F2121400C003034092900D976E0447185
:10442000062B00D186E0D4782509290030319F2C55
:1044300000D96EE08171072B00D17BE00F21214074
:104440000C003034092966D8C471082B00D171E002
:1044500014792509290030319F2C5FD80172092B6E
:1044600068D00F2121400C003034092958D84472FB
:104470000A2B5FD054792509290030319F2C52D85E
:1044800081720B2B56D00F2121400C0030340929AA
:104490004BD8C4720C2B4DD09479250929003031AA
:1044A0009F2C00D9073101730D2B43D00F212140E0
:1044B0000C003034092901D937310C0044730E2B1C
:1044C00038D0D1790C09220030329F2900D9073227
:1044D00082730F2B2ED00F220A4011003731092A88
:1044E00001D830321100C173102B23D010300023BB
:1044F000037030BD07345AE737310C0063E70731EA
:104500006CE737310C0074E707317DE737310C0079
:1045100085E707318EE737310C0095E707319DE7D6
:1045200037310C00A3E70731AAE737310C00C4721A
:104530000C2BB1D1C018DAE77822002010B588B072
:1045400004000D2200216846FDF7A2FD0D22002186
:1045500004A8FDF79DFD4B236A466846137004A925
:104560000D2205F0E1F91521082220006944FDF72C
:1045700095FD08B010BDC046F8B500F047F90C2312
:10458000194DFF22AB6705201849FCF75BF8184C62
:10459000402200212000FDF77BFD4027002301265B
:1045A0002121144A66702783A260136063545F312F
:1045B000618445396354104A10496360E26027877B
:1045C000A1620B606362E26205F0FEF980239B0545
:1045D0002E64EB6490230A4A0120EA508022094BA2
:1045E0005202DA64F8BDC046000011502D050020CB
:1045F0009C1B0020840010500001105080001050BF
:1046000010D001000020115010B501210520FBF74A
:10461000B7FF10BD10B500220021024800F016F9C6
:1046200010BDC046BC1B0020044B1970002904D0EB
:1046300080219023024A8902D150704791240220A0
:10464000002011500B785B0602D14B78052B00D06F
:1046500070478A78014B1A60FAE7C0460000115093
:10466000F0B5C646C87800B58007830F1800012B47
:1046700060D08F780A794B797F213940FC091B0281
:104680004E001343334D32195201AA189770012777
:104690006740577000275B055B0DD7701383D0769A
:1046A000B846CA00012C32D02B4FBC468F01624461
:1046B000BC46AC446746BA6047461760002932D012
:1046C000264AC90090466246414451603F223F332A
:1046D0009343022837D0224937190A687F01D3183B
:1046E0000B602049EF19FA608B422ED836197601FB
:1046F000AD19EB7E1C499B064A40134380221206EB
:1047000013436A681360012080BCB846F0BD174FA0
:10471000BC468F016244BC46AC446746BA62474619
:104720001760002908D1002364012C196360104B25
:10473000E360E8E70020E7E70B4AC90090466246DD
:1047400041445162C2E75B00C5E7FCF77FFFFA68AE
:10475000CCE7C0469C1B0020840010500400105081
:10476000A41F0020FF0F10500000105080001050B8
:104770000001105010B505F027F910BD10B57F20CD
:104780000C0020404000E409110000191A00034BFE
:104790004001C01800F05AF8012010BD9C1B0020F9
:1047A0007F23180000B5084083B00B4204D14B4270
:1047B0004B41084A013393668022C9094000064BE9
:1047C000401840010021C018120105F005F903B09E
:1047D00000BDC046002011509C1B00207F2213000A
:1047E00010B50B400A4200D110BDC9095B005B182F
:1047F00004485B01C018002300220349C37005F080
:10480000EBF8F1E79C1B0020FFF7FFFF80220A4B2B
:10481000520410B51A60094B09491A6010000B6860
:104820009843FBD18022002152010648FDF730FC5D
:104830000922054B5A6710BD00E0004000F000401F
:1048400008C000400000105000001150002310B5B7
:10485000C3820133828283760161040005F07CF813
:10486000002804D080219023074A8902D1502000DB
:1048700005F07AF8002802D00123237710BD20002C
:1048800005F09AF8FAE7C046002011507047C0467C
:104890007047C04600207047002070477047C046F0
:1048A0007047C0467047C0467047C046024B5878B4
:1048B000431E9841C0B2704730150020024B187853
:1048C0004007C00F7047C04630150020F0B5D646EF
:1048D0004F464646C0B52F4B07009A461B780E0040
:1048E000FF2B50D1002941D0002154222A48FDF746
:1048F000CFFB0022294C2A4B20001A70FCF752F8FB
:10490000284B1C60284C2000143CFCF759F8200070
:1049100001F0F2FD254B264D1C60264B002B04D0E8
:104920002800FFF7C7FA244B186024490024894661
:104930002149002388462A7810E043461B6862011B
:104940009B18002B12D05B68002B0FD098472A7859
:104950000134E4B2511C2300A14209DBA242ECD88D
:104960009B1A5B014B445B68002BEFD100200BE0EE
:104970005346310038001F70FFF7FEFD0028F5D0C8
:104980003800FFF741FE0120E0BCBA46B146A84618
:10499000F0BDC046A41000203015002028150020CE
:1049A00092240220841500209C10002088150020ED
:1049B00090240220B53E00108013002084A0001037
:1049C000F0B5DE4657464E464546E0B5C84B91B079
:1049D00002931B78FF2B00D13EE1C64BC64E9B468F
:1049E0005F46C64B0DAC0193C54B009335686A69B1
:1049F000EFF3108172B61368002BFCD0BFF35F8F0A
:104A0000A9612800210001F0AFFB6A69AB69BFF31F
:104A10005F8F0021116083F31088002800D11BE113
:104A20006378082BE2D89B00FB589F466368002BF5
:104A3000DCD0A0689847D9E77F222179AF4D0A40A2
:104A40005300EB189846C809804440460123303093
:104A500005799D430571057903339D430571002A4E
:104A600000D100E14346A74A1B7D1278934200D350
:104A7000EFE0A54A5B011568ED18002D00D1EBE0D1
:104A8000A36862792078AD69A847AFE79F4A137899
:104A9000002B00D1E0E01378013BDBB213701378F8
:104AA000002BA3D10122954D01212B780420134323
:104AB0002B703423EA5C8A43EA54EA5C8243EA546A
:104AC0000133EA5C8A43EA54EA5C8243EA5423787D
:104AD00000209B4600F09EFC602223791A40602A49
:104AE00000D1EFE0402A00D1F5E0DB06DB0E012B20
:104AF00000D113E1022B00D1C7E0002B00D0E1E090
:104B0000202A00D11CE2002A00D0DBE06379092BC7
:104B100000D9D7E07E4A9B00D3589F46774D2B782B
:104B2000DB0700D462E7FFF7BFFE5FE7019BDB789E
:104B3000DB0700D45AE76068FFF7AAFE56E76F4D1F
:104B40002B78DB0700D451E728780007C00FFFF768
:104B5000A9FE4BE723786A4999468B46694B6A4917
:104B600098468A4639001A7847460023B046002501
:104B70004E46894610E053461B686A019B18002B7D
:104B800000D176E0DB68300098473A780135EDB225
:104B9000511C2B008D4244DC9542ECD39B1A5B01E7
:104BA0005B44EFE7237858499946564B8A46984626
:104BB0003100BB464E461A780025002347468946F9
:104BC0000FE053461B686A019B18002B55D0DB6829
:104BD000300098473A780135EDB2511C2B008D42D8
:104BE00007DC9542EDD39B1A009A5B01944663441F
:104BF000EDE7019D542200212800FDF749FA10221B
:104C0000FF214448FDF744FA28002022FF211430F8
:104C10004E465F46FDF73CFA00F0F2FBFFF740FE20
:104C2000E4E6364D542200212800FDF731FA102227
:104C3000FF21281DFDF72CFA28002022FF21143027
:104C400046464F46FDF724FA00F0DAFB2379AB70B5
:104C5000CCE6501C984213DA11B0F0BCBB46B24609
:104C6000A946A046F0BDA3686279207800F0E6FB73
:104C7000BCE646464F46214DE6E74E465F46CBE74B
:104C80001F4D9B1A5B015D19FAE67023217A0B42D6
:104C900018D1C80982460F330B405B00984619486B
:104CA000EB1853441B7D00789946834266D2164820
:104CB0005B01006881469944002A00D15FE14B46C0
:104CC000002B68D120780021FFF76AFD8021207831
:104CD000FFF766FD8AE6104800F09CFB012158466C
:104CE0000EAAFFF7CDF8002800D07FE6EAE7C0461D
:104CF000A4100020DC9F0010881500203015002033
:104D000084A000109024022080130020922402200E
:104D100000A0001034150020813E0010237A0F2BD4
:104D2000D0D8CF4AEB181B791578AB423ED3691C1B
:104D30009942C7DB5D1BCB4B6D01ED18686900F034
:104D400069FB012158466B690EAA9847002800D0DC
:104D50004CE66022150023791D401A42B2D16379D6
:104D60000A3B012BAED800F055FB63790A2B00D12A
:104D700099E158460EA900F0D9FA37E6431C4B4595
:104D800000DAF7E04B461B1A5B019946B5488144AF
:104D9000002A00D1F3E04B46586900F03BFB4B463C
:104DA000012158465B690EAA98479CE7AE4A5B0111
:104DB0001568ED18002DC1D184E7A37999466B7869
:104DC0009945D6D06B78002B00D033E14B466B7001
:104DD000002B00D12BE148460138C0B2FFF792FA10
:104DE000002800D17EE143780793022B00D079E1BF
:104DF0000122C179B1468B11491113400A4030217B
:104E000012015B0113432A78A8468A4313432B708F
:104E100009239A4682445646BA46C37882781B02D2
:104E20001343C31805938E4B04938E4B08938E4BFC
:104E300009938E4B0A93059BB34200D855E17378D2
:104E400001220B2B03D13378F278F6187378042BF8
:104E500000D044E1059B00279B1B9BB20693049B5B
:104E60000B921D78002303931BE0099A7B011568C0
:104E7000ED18002D00D132E1310058462B69069A19
:104E800098478446082803D9069A824200D313E142
:104E9000049B01371D78FFB26B1C03979F4200DD16
:104EA0001DE1BD42E1D8039B5D1B089B6D019C4643
:104EB0006544E1E76B780CAA02321370584601236F
:104EC0000EA900F049FA91E5E3881A0AD8B20F2A30
:104ED00000D9F7E666499300CB589F460EA800F02C
:104EE0009FFA5846A179FFF795FB02222B781343CE
:104EF0002B707BE5E388012B00D0E3E608222B78BA
:104F0000584693430EA92B7000F010FA6EE502206C
:104F100029780CAB9A1C8B068908DB0F01400B43E8
:104F20001380584602230EA900F016FA5EE5E388C6
:104F3000012B00D0C6E608222B7813432B7018E70C
:104F4000237A0F2B00D9BDE6EB181D79444B1B7853
:104F50009D4228D2444B6D011B685D19002D00D184
:104F6000B0E6686900F056FA012158466B690EAA4E
:104F70009847B8E6002A00D0A4E600239946627953
:104F80000220130003928343012B15D0002A00D086
:104F900098E62B004344534430331B790CAA9B07FB
:104FA000DB0F0232BCE75A1CAA4200DA8AE6ED1A8D
:104FB0002C4B6D01ED18D4E7E388002B12D1029B36
:104FC0001878039B012B23D0FFF7EAFB434602210D
:104FD000EB18534430331A790A4301211A711A79B4
:104FE0000A431A714B46002B00D1FFE4586900F0C8
:104FF00011FA4B4601215B690EAA584698470020DA
:1050000000F008FA3523EB5CDB0700D5EEE4B0E6F0
:10501000FFF7E4FB43460221EB18534430331A797F
:105020008A431A711A7903998A431A71DAE7FFF7EA
:1050300037FC9EE600215846FFF7F6FA5846FFF780
:1050400099FBAB78074903930491054B06499846B1
:105050001A780591002329001D008A461BE0C046EE
:105060009024022084A0001080130020441500200A
:1050700028A00010059B6A011B689B18002B4DD0CF
:10508000DB685846984743461A780135EDB2511C03
:105090002B008D422EDC9542ECD39B1A049A5B01C7
:1050A00094466344ECE70CAB9A1C584601230EA9C6
:1050B000157000F051F999E40B9A012A4FD0002A9B
:1050C0003CD00023B07804E00133DBB20F7193428F
:1050D00034D2C118C9B241440D79FF2DF4D04E46E7
:1050E0004546574600236B70ECE54E465746FFF7A2
:1050F000D5FB3EE65546542200212800FCF7C8FFA8
:105100001022FF21281DFCF7C3FF28002022FF21C9
:105110001430FCF7BDFF039BAB7057E65546FAE72A
:10512000FEF7AAFE021E00D1CCE5D37891781B02CF
:105130000B4358460EA900F00FF9D4E565463B0035
:105140002A0031000A9800F07FFEAC46049B039AC7
:105150001B7866440133934200DB6CE6BFE7174BD4
:1051600029699942ADD1079AABE7FFF793FB021E7D
:1051700000D1A7E5584613780EA900F0EDF8B2E586
:105180002189FFF7C3F8021EF4D19BE5022A0FD054
:10519000FFF782FB021EC8D194E5FFF7AFF8021EAD
:1051A00000D18FE5122358460EA900F0D5F89AE5F4
:1051B000FFF7A8F8021EB8D184E5C04611580010C8
:1051C000F8B557464E46DE4645460C00E0B516009B
:1051D0001F00002A3CD0702398461E4B00259B469A
:1051E0001D4B9A461AE05B461B78200099465346B1
:1051F000997800F0EBFD00281CD021004846FFF70D
:105200002FFA002816D0A378DA09012A19D00A9AB1
:10521000013513702378E418B54219DA6378052B49
:1052200008D1E3789B079B0FBB4203D14246A3788A
:105230001A42D8D00020F0BCBB46B246A946A046D0
:10524000F8BD0B9A013513702378E418B542E5DBFD
:105250000120F0E7A410002030150020702270B566
:105260008B780C001A4201D0002070BD064B200044
:105270001D78064B997800F0A9FD0028F4D0210094
:105280002800FFF7EDF9F0E7A4100020301500200A
:105290000B007F2010B51840DB0934334000044A6E
:1052A000C018044B1168C01800F04CFD10BDC0467A
:1052B00084150020301500200B007F2010B5184009
:1052C000DB0934334000044AC018044B1168C0188D
:1052D00000F060FD10BDC046841500203015002090
:1052E00070B57F240F480C4064000419CD0964197F
:1052F00030342079C00701D5002070BD0126257902
:105300000948354300782571FFF738FA0028F4D1B1
:105310000122237993432371237903329343237129
:10532000EAE7C04630150020A410002070B5094CF3
:105330000600082220000D00FCF7B0FE00238021AB
:10534000E360A3602B783000994300220023FFF72D
:10535000C7FF70BD10150020F8B5CE4647469046F1
:10536000254E80B58146082230000D001F00FCF755
:1053700095FE4346B3600023F381EC79AB792402B8
:105380001C43231CBC4200D93B1C9FB2B381002CA0
:105390000DD0002F17D04246002A2BD0402F1BD80B
:1053A0009FB233787F2B1CD80021144A0FE0802154
:1053B0002B780022994348460023FFF791FFC0BC99
:1053C000B946B046F8BD7F230022317899433B00AF
:1053D0004846FFF785FFF2E740239FB233787F2BE3
:1053E000E2D9064C3A0041462000FCF757FE8021E6
:1053F0002200ECE70020E2E710150020D014002086
:1054000010B5142200210248FCF742FE10BDC04630
:1054100010150020014B18617047C0461015002080
:1054200010B5054C010008222000FCF737FE0023D0
:10543000A360E36010BDC0461015002070B5384C65
:105440001D0023780600DA09C9098A4210D000201D
:10545000002D00D070BD21003000FFF7F3F8236964
:10546000002B03D022000321300098470120F1E7F0
:105470007F2B06D8A068002834D02A002949FCF7E1
:105480000DFEE289A1685219E38892B24919E281BE
:10549000A160934214D03F2D12D9A389981A051CFC
:1054A00080B240282AD82078ADB27F2828D80021A1
:1054B0009A4232D01B4A2B003000FFF711FFC9E798
:1054C0002369002B05D022000221300098470028D4
:1054D0000AD0802123780022994330000023FFF76F
:1054E000FFFEB7E70020B5E700213000FFF758F9CD
:1054F00030008021FFF754F90120ABE74025D2E7C7
:105500009A4207D0074C2A002000FCF7C7FD8021F3
:105510002200D0E780210022CDE70022CBE7C04661
:1055200010150020D014002070B50400FFF7BEF95C
:10553000002800D170BDFFF7C1F90028FAD1C823B7
:105540006343124DEE18F1780029F3D010335D1942
:10555000280000F0F3FD3F28ECD90020F178FFF798
:1055600097FE0028E6D0280000F0E8FDF1783F28FB
:1055700007D9074BE201D21800204023FFF7B0FE05
:10558000D8E70020FFF798FED4E7C04608140020B3
:105590008413002010B50400FFF788F9002801D11A
:1055A000002010BDFFF78AF90028F9D1C822624314
:1055B000024B01309B181B791840F2E708140020B9
:1055C000C82310B543430248181800F099FD10BDD8
:1055D00018140020F8B5C824802344431C4F10340D
:1055E00005003C195B029A4200D31A4A200092B28D
:1055F00000F008FE0600FFF759F9002801D130003D
:10560000F8BDFFF75BF90028F9D1C8236B43FF18F9
:10561000FB78002BF3D0200000F090FD3F28EED95E
:105620000020F978FFF734FE0028E8D0200000F0D1
:1056300085FDF9783F2807D9074BEA01D2180020E9
:105640004023FFF74DFEDAE70020FFF735FED6E7EF
:1056500008140020FFFF000084130020F8B50400A8
:10566000FFF724F9002801D10020F8BDFFF726F943
:105670000028F9D1C82565432E00134F2436F619AA
:10568000300000F03DFD0028EED07F190020B978F1
:10569000FFF7FEFD0028E7D00C4DE4016519290055
:1056A0004022300000F0AEFDB978041E08D003009F
:1056B0002A000020FFF714FE0028D5D02000D4E7F0
:1056C0000020FFF7F9FDCFE708140020C4130020E5
:1056D00070B5C82444430C4B0500E41880235B02DA
:1056E0009A4200D3094A200092B200F051FE06000F
:1056F000200000F005FD3F2801D8300070BD2800D3
:10570000FFF7ACFFF9E7C0462C140020FFFF0000B4
:10571000C82310B543430248181800F00FFD10BD10
:105720002C140020F0B50025184C83B0C8220021AD
:105730002000FCF7ADFC164B21001D70FF236371A8
:10574000E1235B02A360200008234022A3733831C9
:105750000095073B103000F09DFC2700012321003D
:1057600020002600402278310093B837243000F022
:1057700091FCC0363800FBF715F93000FBF712F941
:10578000E56127622663656303B0F0BD081400205D
:10579000041400200A4A116B136A00290CD0002B54
:1057A00007D00023D36153631363002313620120E6
:1057B000704753631363FAE7002BF8D0D161F4E725
:1057C0000814002070B50F4C052200212000FCF7C2
:1057D0005FFC0D4D2B78DA0707D50C4C9B070CD5D9
:1057E0000121200000F0A8FE70BD2000103000F064
:1057F00083FE2B78054C9B07F2D4200000F07CFE42
:10580000EEE7C04608140020041400202C140020E9
:10581000F0B54B79060083B0022B02D18B79022BB5
:1058200003D00025280003B0F0BD204FBB78002B2B
:10583000F7D18B7809253B700C780C196378242BF1
:1058400007D00CE02378E4185D196378ADB2242BFF
:1058500005D19542F6D90020FFF766FEE2E71A006F
:10586000052B15D0042AF6D163790A2BF3D1104BFE
:10587000277801930133009330000223E119023AA3
:10588000FFF79EFC0028CCD00E35ED19ADB2E2E753
:1058900021003000FFF7E2FC0028C2D0A3787B7023
:1058A00023785D19E4186278ADB2DBE708140020B4
:1058B0000A140020F8B56023140012780500134084
:1058C0000020202B07D1304A6379277916781B02F4
:1058D0003B439E4200D0F8BD6378222B1AD007D8F4
:1058E000202B34D0212BF6D101293ED00120F2E724
:1058F000232BF0D1012940D00329F7D1234B002BD2
:10590000F4D0E178A37809020020194300E000BF39
:105910000120E0E7012930D00329E7D101252E003D
:10592000A378E478023924021C43147126402432FF
:105930001000714000F000FE154B002BD6D062081D
:10594000002031002A4000E000BF0120C3E7012908
:105950000BD00329CAD10F4B002BC7D0083200202F
:105960001100FEF7ADFA0120B5E70723210028005A
:10597000094AFFF7F1FC0120ADE721002800FFF7FD
:10598000D5FC0120A7E7C046081400200000000055
:1059900000000000C13E001010140020F0B54F467A
:1059A0004646D646C0B5364D8046EA780C001F0004
:1059B0008A423CD0AB788B4210D00020E0BCBA4683
:1059C000B146A846F0BD2F4B002B04D02E4800F066
:1059D000ADFB002851D00020FFF7A6FDAB78A34215
:1059E00001D00120EAE7294B002B02D0002000E083
:1059F00000BF0020FFF732FE0028F2D1244C200027
:105A000000F07EFB0028ECD1002FEAD0BF06E8D1E1
:105A1000243C4046A178FFF73BFC0028E1D000235E
:105A200000224046A178FFF75BFC0120C6E79AB24E
:105A300010239A46174EAA443100504600F0A8FCA5
:105A4000154B002BBFD06B79FF2BBCD0002FBAD0E9
:105A5000F219914603E001364E45B4D06B793278A5
:105A60009A42F8D1504600F061FB0028F3D153462A
:105A7000103B597900E000BFEDE700E000BFAAE766
:105A8000081400200000000018140020000000008E
:105A90002C14002084130020000000009322F0B595
:105AA000134C85B0002120009200FCF7F1FA23008E
:105AB0002000802640270F4D4D337600FF332930DC
:105AC0000295009300220023002103970196FF30E6
:105AD00000F0D4F94035201D283400230122002194
:105AE000039702950196009400F0C8F905B0F0BD47
:105AF000CC1600204C16002010B5054C200000F0FC
:105B0000F3F920002538FF3800F0EEF9012010BD30
:105B1000F417002070B5084C002520003130FF300C
:105B2000257000F0E9FC20000C3000F0E5FC2A2391
:105B3000FF33E554657170BDCC160020F8B55746AB
:105B40004546DE464E46E0B54B7980460F00FF2BBA
:105B50005BD1404B99462A234946FF33CB5C002B4F
:105B600053D14E79002E50D1BB783C780B703B79E5
:105B70003C19002B46D098235B004B449A460C23DB
:105B80004B449B46A51803E0AC423BD22378E41873
:105B90006378052BF8D1AC4234D221004046FFF7A0
:105BA0005DFB002831D0A3780136F6B2DB09012B6A
:105BB00032D0504600F0A0FC2A234946A278FF3399
:105BC000CA54637922791B021343234A5B05944626
:105BD0005B0D942163445A4253414A4602204900D6
:105BE000525C5B00824313434A465354514640463D
:105BF000083900F0E3F9002807D02378E4183B794E
:105C0000B342C5D8E01B80B200E00020F0BCBB4628
:105C1000B246A946A046F8BD584600F06DFC5A466B
:105C2000A3780C3A5371637921791B020B430A491B
:105C30005B058C465B0D634459424B410220117950
:105C40005B0081430B43594600200839137100F073
:105C500081F9D2E7CC16002000FEFFFFF8B52A2517
:105C600006001F48FF35455D1F008D4215D0437962
:105C70008B4201D00020F8BD1A4B002B04D0390410
:105C80000020090C00E000BF174C3000210000F09C
:105C900061F900281DD00120EDE79A235B00C35A6B
:105CA000002B0DD1114B002B04D000201049BAB2AB
:105CB00000E000BF30000F4900F080F90120DAE772
:105CC00096235B00C1583130BAB2FF3000F060FB60
:105CD000E8E73A002100300000F008F90120CAE7A7
:105CE000CC16002000000000D016002000000000AC
:105CF0004C160020F417002000B5030083B00029E3
:105D000010D00020012B07D80A78002A04D00C48B4
:105D1000C2540120012A01D003B000BD1800FEF7D3
:105D2000D5FDF9E701236A46002001A99380FEF71B
:105D3000CDFD0028F0D00122014B1A70ECE7C046DF
:105D400024150020037870B5DB0704000E00DD0F7A
:105D5000002B17D103785B0701D5280070BD012106
:105D60003000494203F018FE2378DB07DD0F002BDB
:105D70000AD123785B0708D4042223780125134332
:105D8000237002E00025E8E70025300003F0D4FD91
:105D9000E3E7C04670B50C0001210600494220002F
:105DA00003F0FAFD33785B07DD0F002B04DB2000E6
:105DB00003F0C2FD280070BD3378DB0704D4042251
:105DC000337893433370F2E70025F0E743790279A3
:105DD0001B021343C2785B0592075B0D920F022AE8
:105DE0001DD0032A0CD00020012A08D102394A42D2
:105DF0005141124A9446614499424041C0B27047B1
:105E000002394A1E91410E4A494211408022D20075
:105E100094460020614499424041C0B2EFE7022914
:105E200005D0002040229A424041C0B2E7E7054A2F
:105E3000981843425841C0B2E1E7C046FF03000052
:105E400040FCFFFF00FEFFFF8A1870B5914207D2A9
:105E50007F264C78052C04D00C7809198A42F8D892
:105E600070BD34008D782C4064000419ED09635531
:105E70000C7809198A42ECD8F2E7C046F0B5C6465C
:105E800000B582B0150008AA40CA040017886A4607
:105E9000928D012090460A00217802408143200023
:105EA000114321703A00009331000123083000F0C3
:105EB000F1F8002E01D0002F08D10A9B0120636069
:105EC0004346638002B080BCB846F0BD26001C3655
:105ED0003000FAF767FD0023002D01D033000026C3
:105EE0006361A661E9E7C04601207047F8B5022466
:105EF0000B7807001C4063425C41144B64421C4019
:105F0000134B08009C4608300D001600644400F056
:105F1000F7F8002807D1002E05D0344203D1012420
:105F20002B781C4201D00020F8BD38006978FFF7BB
:105F3000AFF90028F7D02B781C42F4D100230022BF
:105F400038006978FFF7CCF9EEE7C04640FEFFFF66
:105F5000FF010000F8B50D000835060028000C0010
:105F600000F0CEF8002803D0012723781F4201D08B
:105F70000020F8BD30006178FFF78AF90028F7D0DB
:105F800028006288616800F03DF9237805001F4011
:105F900000280BD0002FEBD103006268300061783D
:105FA000FFF79EF90028E3D02800E2E7002FDFD1B9
:105FB00030006178FFF780F9DAE7C046F8B5CE46E1
:105FC000474680B58A8906000C000B78002A07D165
:105FD00001251D4240D00020C0BCB946B046F8BDE6
:105FE0009B0733D42A4B40259946270008373800B1
:105FF00000F0A4F88542EED80122237890461A4298
:10600000E9D130006178FFF743F90028E3D0380088
:1060100000F094F8424623781A40854231D8002A8D
:10602000D9D14A46638802401D1C934200D9151CF1
:10603000ADB200226178002D00D062682B003000E4
:10604000FFF74EF90028C6D02800C5E7FE238025BB
:106050001B029946AD00C8E74978FFF719F90028F7
:10606000B9D023781D42B6D1638800226178002B15
:1060700000D062683000FFF733F90028ABD06088A9
:10608000AAE7002AA7D130006178FFF715F9A2E747
:10609000C0FF0000F0B5C64600B504006846057EA6
:1060A0008020884617001E000002824226D8E06841
:1060B000002803D00121494203F06EFC206900282A
:1060C00003D00121494203F067FC43462360730477
:1060D0005B0CED031D430023E0686381A780E5802E
:1060E0002381002801D003F027FC2069002801D07B
:1060F00003F022FC012080BCB846F0BD0020FAE786
:1061000010B5048941898288A3B288B28C4207D332
:106110001B1A9BB2101C9A4200D9181C80B210BDE9
:106120005100091A5B189BB2F4E7C0460389408905
:10613000181A43425841C0B27047C04610B504898E
:1061400041898288A3B288B28C4207D31B1A9BB2C2
:1061500000209A4201D9D21A90B210BD5100091AFA
:106160005B189BB2F4E7C04670B5040000690E00EE
:10617000002803D00121494203F00EFC25896089E3
:10618000A288A9B283B2854232D3CD1AADB2002D16
:1061900028D0AA4208D291422FD3891A8BB26381A8
:1061A0009A4203D89B1A9BB29A42FBD9E288216893
:1061B0005204520C53433000C918FBF76FFF638938
:1061C0000125591C89B2A2888B420DD900215200A9
:1061D000891A89B220696181002801D003F0ACFBE3
:1061E000280070BD618989B252009142F2DBEFE76D
:1061F0005500ED1A4D19ADB2C9E789188BB263810C
:10620000CEE7C046F0B546464F46D646C0B5060076
:10621000006989469046002803D00121494203F0D5
:10622000BBFB31897289B5888BB294B2914254D349
:106230001F1BBFB2002F4AD0BD4205D2AB4251D284
:106240005B199CB22F0074814346B8453DD89FB27C
:10625000A54203D8641BA4B2A542FBD9F2883168D9
:106260005204520C904662432B1B9BB28918424643
:106270009F4225D953439BB21A0048469A46FBF7E2
:106280000DFF434648467D1B64195C43316850440A
:10629000A2B2FBF703FF7189B588CB199BB26A00E4
:1062A000994216D99B1A9BB230697381002801D09C
:1062B00003F042FB3800E0BCBA46B146A846F0BD48
:1062C00048467A43FBF7EAFEE5E73B1CBFE77389E4
:1062D0009BB26A009342E7DBE4E76F003F1BDF19E4
:1062E000BFB2A7E75B1B9CB2ACE7C046F8B50400A1
:1062F000C0680E00002803D00121494203F04CFB86
:10630000258920896189A288ADB283B28FB2884283
:1063100029D3DB1B9BB29A4209D8E779FF0906D142
:10632000E068002801D003F007FB3800F8BD2B001F
:1063300095421DD39B1A9BB29342FBD2E288206800
:106340005204520C53433100C018FBF7A7FE6B1CDC
:106350009BB2A2889D4217D9002352009B1A9BB280
:1063600001272381DCE75100C91B5B189BB2D2E7F0
:10637000E28820685204520C53433100C018FBF7E6
:106380008DFE0135A288ABB252009342E8DBE5E70F
:10639000F0B545464E46DE465746E0B58846050010
:1063A000160083B0002A6ED0C068002803D00121F7
:1063B000494203F0F1FA2F89EA79BBB29B466B8917
:1063C000AF889BB2D2093FD19B4565D27A00D31AE0
:1063D0005B449BB2BB4264D2FB1A1A1C9BB2B34211
:1063E00000D9321C96B2F31B9BB29A465B46F31857
:1063F0009BB29946EA885C46BB4503D3E41BA4B232
:10640000BC42FBD252043B1B570C3A006243286843
:106410009BB28018B34256D33A0041467243FBF711
:106420003DFEAB885B00CB4501D8994503DB4A466E
:10643000D31A9BB299464B4637002B81E868002857
:1064400022D003F079FA1FE0BE422CD29B454BD3F9
:106450005A46D21A92B27900F01B80B29219824643
:106460008A42C3DBDA1992B29146921B92B29346EA
:1064700093423ED95B46591A8BB29B46F3189BB2A6
:106480009946EA88B7E70027380003B0F0BCBB465E
:10649000B246A946A046F0BD5A46D31A9BB2BB42AB
:1064A0009AD30027CAE7002FC8D0EA88F61B510408
:1064B000490C71439B468844D919002389B2894607
:1064C0003E009A4697E77B4399B20A0001915444F3
:1064D0004146FBF7E3FD22007A430199286892B216
:1064E0004144FBF7DBFD9CE77900CA1A5A4492B29B
:1064F000B2E79142BEDDC4E710B50400C0680028D1
:1065000003D00121494203F047FA2069002803D053
:106510000121494203F040FA0023E06863812381AE
:10652000002801D003F008FA2069002801D003F008
:1065300003FA012010BDC04670B50400C0680D000C
:10654000002803D00121494203F026FA20690028DF
:1065500003D00121494203F01FFA7F21E379ED01C5
:106560001940E0682943E171002801D003F0E4F903
:106570002069002801D003F0DFF9012070BDC0467A
:10658000F0B5C646431E00B50A3314D807230400ED
:106590001A000834224023426CD01300093BA34266
:1065A00009D31030841A01F04FFA374A27001568D2
:1065B000002D28D10EE001F047FA334A1368002B72
:1065C00006D0002501F048FA280080BCB846F0BD8E
:1065D0000027002407202D4D2B002900284245D1FB
:1065E00000202B4E706031602A4EB4460726654469
:1065F000B5431560284AEB1A1360284A6860286082
:1066000013604B600D60002FDBDD244F3E68A64217
:10661000D7D31F48036804E01A68002A04D0180082
:1066200013005968A142F7D3AB42CAD01D001A68C3
:106630000835904602600A1B102A05D919194A60CC
:1066400042460A6001602100134A761A10683E60D3
:10665000864200D21660802212060A435A60002247
:106660001A600F4A136801331360ABE7EB1D8343D5
:106670001900B5E701F0E8F9034A27001568002D75
:10668000A8D0002CC1DA9CE7E81F0020902300204E
:1066900050240220F8FF01002024022014240220AC
:1066A0002C24022070B5002804D008384368040068
:1066B000002B00DB70BD0268002AFBD15B005B0889
:1066C0004360050001F0C0F9184A616813685B185F
:1066D0001360174B1A001B689C42FBD850681618B1
:1066E000B4420DD0601883421AD02360AA4200D071
:1066F0001560104A13680133136001F0ADF9D9E752
:106700000918501851608342F3D10B4815000068F6
:106710009842EED058681B68411869602B60E5E725
:10672000054800688342F5D1DFE7C0461424022003
:106730005024022030240220E81F00200000000026
:106740000B4A13681868203080F30988022080F310
:106750001488BFF36F8F3FBCAE4608BC04BC62B662
:106760001847C046C046C046C046C046C046C046A0
:10677000DC1F0020000000000000000000000000FE
:10678000EFF30980164B1A6820381060F0C04446B9
:106790004D4656465F46F0C00D221207146E556EE8
:1067A000566F176F3038F0C008B572B601F07AFA3C
:1067B00062B60CBC116808681030F0C8A046A94643
:1067C000B246BB4680F309880D2212073038F0C864
:1067D0001466556656671767F0C81847C046C04626
:1067E000DC1F002010B5F9F721FEC046D02300B50C
:1067F0001B061A6D83B0D20704D501219A6D1A6D5C
:106800001142FBD1D023FF221B061A650023114A37
:1068100001931168EFF3108C72B60B68002BFCD05B
:10682000BFF35F8F00230C48126801680360BFF359
:106830005F8F13608CF31088084B01AA186800F072
:106840000BFB019B002B03D08022054B52051A60E5
:1068500003B000BDD81F0020A8230220102402206E
:1068600004ED00E07047C04610B58024031F6404A7
:106870001C60043B19600349043B1960143B403819
:106880001A6010BDE56700108022044B52051A60A3
:10689000BFF34F8FBFF36F8F7047C04604ED00E02A
:1068A00072B6044A136801331360BFF34F8FBFF30E
:1068B0006F8F7047A4230220034A1368013B1360C3
:1068C000002B00D162B67047A4230220EFF31080A2
:1068D00072B6704780F310887047C04610B5FFF756
:1068E000F5FF040001F0CCF9002803D08022034B0F
:1068F00052051A602000FFF7EDFF10BD04ED00E027
:10690000002310B5084A094C052023601360FAF7EC
:1069100087FDFA218900FAF7EBFF054B0138186073
:106920000723236010BDC04618E000E010E000E03F
:1069300014E000E0FF221F4B1204196810B50A434F
:106940001A60FF22196812060A431A601A490E20BB
:1069500001F084FE19490F2001F080FE18490B2038
:1069600001F07CFEFFF7CCFF0022164B1A60D0230B
:106970001B06154A1C681470FF221A651A6DD2078F
:1069800004D501219A6D1A6D1142FBD10F34FF21FC
:106990002000F9F751FF20000C49F9F729FE0121E9
:1069A0002000F9F7EDFDFFF7CBFE01F07BF9F9F7D9
:1069B0003DFDC04620ED00E081670010DD6800105D
:1069C00065680010A4230220A5100020ED670010C8
:1069D000D02310B51B061868074B1B78834200D0E4
:1069E00010BDEFF30583002B02D05B00C018F7E762
:1069F00001F0C6FBF4E7C046A510002010B5030067
:106A00000268154882B00478D020000600688442ED
:106A100008D0BFF35F8F0023136081F3108820BF7D
:106A200002B010BDBFF35F8F0020106081F31088AB
:106A30000A4A1B6810680A4A944663449A105C2B01
:106A400000D9183A012301215B42914000930122B1
:106A5000002300F051F9E3E7A510002010240220E4
:106A600000FFFF2F0A002B4930B58C46036883B026
:106A700063449C105C2B00D9183C0121264BA1409B
:106A80001C78D0231B061B689C421FD040BF234D9F
:106A900003682C68A34234D02368002BFCD0BFF3DA
:106AA0005F8F1F4C23680B4323602B68BFF35F8FFE
:106AB000002119600368D020002100064165BFF362
:106AC0005F8F196082F3108803B030BD40BF036848
:106AD000BFF35F8F00241C6082F31088EFF30583FF
:106AE000104ADBB21068002B10D001AA019400F00C
:106AF000B3F9019B002BE7D080220B4B52051A60A3
:106B0000E2E7074C206808432060D4E700F050F922
:106B1000DAE7C04600FFFF2FA5100020D81F002095
:106B2000A82302201024022004ED00E0F0B5CE4698
:106B3000474680B51D00344B14001A78D0231B063D
:106B40001B688046894683B09A420FD00368BFF322
:106B50005F8F00221A6081F3108820002900FAF765
:106B6000BFFA03B0C0BCB946B046F0BDFAF750FB5F
:106B700026002F00361A8F410121244849428019EE
:106B8000794143461E6800291EDC19D0BFF35F8F90
:106B90000023336089F310881D4B5A6A954205D84B
:106BA0009B6A0120A342DCD29542DAD18022194BA4
:106BB00052051A60BFF34F8FBFF36F8F0020D0E7ED
:106BC000FA239B009842E1D3FA2200239200FAF7BD
:106BD000B5FE031EDAD0BFF35F8F0022326089F367
:106BE00010880D4A0D49106842468C46126862446E
:106BF00096105C2A00D9183E01210093B140002371
:106C0000012200F079F8C7E7A510002018FCFFFF6B
:106C10000040054004ED00E01024022000FFFF2F9B
:106C200010B5F9F76FFC054A054B944660448000A7
:106C3000186000F055F8034B186010BD4000003498
:106C4000D81F002010240220F8B5DE4657464E46D5
:106C50004546E0B505000F00060000F0F5FE2B6884
:106C60002C6919000C3639438C462960A6422DD078
:106C70000023984680235B049A4680239B04994610
:106C800011E05F46002F0BD057463A4202D04246F1
:106C90001A4390464B46194301F0DAF92B689C469B
:106CA0006146A64210D020000F00026864681302FB
:106CB0001B0A1F40BB468027FF043A42E1D05B45D8
:106CC000E2D06146A642EED143469943296000F0E6
:106CD000C3FEF0BCBB46B246A946A046F8BDC046BE
:106CE00010B51C20FFF74CFC041E03D0002308C085
:106CF00000F0BEF8200010BDF0B5C6460D0006003D
:106D000000B51F00904600F09FFE2B003468234022
:106D1000002F0DD1002B28D04346002B28D0230074
:106D2000AB43336000F098FE200080BCB846F0BD55
:106D30009D42F1D0069B002B1AD0434680215A1E5B
:106D40009341C9041B061943069A2943301D01F0DB
:106D500037F800F081FE002824D001F049FA040041
:106D600083010DD52402240ADEE7069B002B02D105
:106D700000F072FED8E741464B1E99410906E3E751
:106D8000FFF78EFD346823002B40002F0DD1002B20
:106D900005D04346002B02D02300AB433360FFF7FE
:106DA0008BFDDFE7FFF770FDD7E79D42F7D1F0E7F6
:106DB000F0B5DE4657464E464546E0B5050083B081
:106DC0000C000600019000F03FFE2B0019682D69B1
:106DD0000C430C36370021001C60AE422FD000233C
:106DE00099468023DB04984680235B049B468023DE
:106DF0009B049A4611E06646002E0BD059460A4283
:106E000002D04A461A4391465146214301F020F9E7
:106E1000019B19680C00AF420FD0280026000268C1
:106E20006D6813021B0A1E40B44646463242E2D049
:106E30006345E3D00C00AF42EFD14B469C43019B2E
:106E40001C6000F009FE200003B0F0BCBB46B24657
:106E5000A946A046F0BDC04610B5044C13000A0078
:106E60000100200001F0E4FB10BDC046496C001099
:106E70000300083301224360C360036100235242D0
:106E8000826003607047C046002303617047C046BC
:106E9000030030B50D6808336A1C0DD01C005B6818
:106EA0001A68AA42FAD94B60996003688C60013372
:106EB00061600861036030BD04696368F3E7C04640
:106EC0000369416882688A6051605968814205D0CF
:106ED0000022026118680138186070475A60F7E7AD
:106EE000F0B5DE464E4657464546E0B585B006004D
:106EF000FFF7D6FC4523F45C64B2002C21DD213B76
:106F0000994621339A46B14409E0AA6BEB6B03968C
:106F10009A4245D3013CE3B264B2002B11D0B56C68
:106F2000002DF2D1736A002B0BD0484601F024F8F3
:106F30000028EFD001F01EF9013CE3B264B2002B4F
:106F4000EDD14523FF22F254FFF7B6FCFFF7A8FC72
:106F500044233500F45C103564B2002C05DC13E0EA
:106F6000013CE2B264B2002A0ED03369002B0BD090
:106F7000280001F001F80028F2D0013C01F0FAF8F5
:106F8000E2B264B2002AF0D14423FF22F254FFF7A8
:106F900093FC05B0F0BCBB46B246A946A046F0BD86
:106FA0005346EF5CAB6B2A6C013398467FB2002AE4
:106FB00013D12B689B46002B2AD04346AB637B1C26
:106FC0001CD16B6A002BA5D02800243000F0D4FF20
:106FD00000289FD001F0CEF8AEE7686803A9FBF760
:106FE0005DF86B682A6C9B18AA686B609342E4D3C7
:106FF0002B686B604346AB637B1CE2D000F03AFE2B
:10700000B84200D886E7534601377FB2EF5481E794
:10701000A86801F0BBF85B46AB6043460190AB63E8
:107020007B1C09D16B6A002B0FD1019B002B00D177
:1070300070E701F09FF87FE700F01CFEB842F4D93A
:10704000534601377FB2EF54EFE72800243000F0B9
:1070500093FF002800D06DE7E7E7C046F0B5C646CD
:1070600000B5846C82B0A26BE36B002501909A425C
:1070700004D3280002B080BCB846F0BD4523226C82
:10708000E65CA76B76B2002A1CD0606801A9FBF70A
:1070900005F86368226C9B18A2686360934201D371
:1070A0002368636000250137A763731C15D1636AE9
:1070B000002BDED02000243000F05EFF0028D8D066
:1070C0000125D6E723689846002BEBD1A06801F094
:1070D0005DF843460500A360E5E700F0CBFD86427E
:1070E000C7D24523013676B2E654C2E7F8B50500AB
:1070F0000E001700002841D0030C0A0C002B42D1CF
:10710000002A30D1300068430300553336D854305C
:10711000FFF736FA041E31D00300002E31D1236070
:10712000E5632664FFF7BCFB216CE36B22684B43ED
:10713000D0185B1A6260D218E260FF230025442257
:10714000A0602000A563A3540132A3541030FFF7C0
:107150008FFE20002430FFF78BFEFFF7ADFB50239E
:10716000E754A5640BE0131CA9B2B2B24A4380B243
:107170009BB24343120C9B181B0CC3D0002420006D
:10718000F8BD5433CBE7002AF8D1081CECE7C04621
:10719000F8B55746DE464E4645460400E0B59246F1
:1071A0001D000F00FFF792FBA26BE36B06009A42F3
:1071B0003BD300239846022D09D03000FFF78AFB0D
:1071C0004046F0BCBB46B246A946A046F8BD453392
:1071D000E35C226C5BB29846A36B9B46A36B99461B
:1071E000002A2DD03900E068FAF758FF226CE368D6
:1071F00051429B1A2268E360934202D2A3685B1853
:10720000E3604B46022D51D00133A3634346013363
:107210003DD000F02FFD804504D243464522013386
:107220005BB2A35401239846C7E74523E35C226C75
:107230005BB29846A36B9B46A36B9946002A11D17B
:107240002768002F46D04B460133A36343460133E2
:10725000DFD1A36C002B33D0022D1BD15B46002B5A
:1072600018D0DFE7002DBDD139006068FAF716FFAE
:1072700049466368226C01319B18A268636093429F
:1072800001D3236863604346A1630133C1D1A36C7A
:10729000002B15D02000FFF7E1FE0028C2D0534696
:1072A000002BBFD0012352461360BBE7002B00D157
:1072B0000123A36343460133ABD1A36C002BCDD193
:1072C000636A002BAED02000243000F055FE002869
:1072D000E5D1A7E7A06800F059FFA760B3E7C04673
:1072E000F0B54746CE46040080B585B08846019289
:1072F000FFF7D6FAA76B002F5ED1019B002B3BD086
:1073000002A800F0F1FE0023442699464525FFF728
:10731000D3FA00F099FBFFF7C3FAA35D5BB2013328
:1073200001D14B46A355635D5BB2013301D14B469E
:107330006355FFF7C1FA01A902A800F0E1FE002899
:1073400022D1FFF7ADFAA36B002B2AD1FFF7B4FAD5
:1073500020000199243000F0E3FC2000FFF7C0FD7D
:1073600000F07AFB002824D0FFF79AFAA76B002FD1
:1073700022D1019B002BCAD1FFF79EFA002005B055
:10738000C0BCB946B046F0BD2000FFF7A9FD00F033
:1073900063FBFFF785FAA36B002BEDD0FFF78CFAA8
:1073A000E2E7FFF789FA2000FFF79AFD00F054FBAF
:1073B000DAE7FFF769FAD7E7226C002A08D0E1681C
:1073C000A3688918E16099420BD24046FAF766FE3D
:1073D0007B1EA3632369002B06D1FFF76DFA012002
:1073E000CDE72168E160F0E72000103000F0C4FD37
:1073F0000028F2D0FFF748FAEFE7C04610B50029A1
:1074000033D0424B5A68904200D173E01A68002A88
:107410002CD0DA68904200D176E09A68002A3ED0FB
:107420005A69904200D16DE01A69002A3DD0DA69AC
:10743000904261D09A69002A3DD05A6A904242D067
:107440001A6A002A43D0DA6A904257D09A6A002A10
:1074500043D05A6B904253D01A6B002A43D0DA6B58
:10746000904245D09A6B002A2AD010BDDA6890422B
:107470004AD05A69904245D01A00DC69A0423BD0FC
:107480005C6AA0421FD0DC6AA04237D05C6BA0428D
:1074900036D0DC6BA0422BD011605060E5E75A6912
:1074A00090422FD01A000832E7E7DA69904223D0E1
:1074B0001A001032E4E75A6A904204D0144AE2E714
:1074C00038331A00E8E70422D2009A18E4E7DA6AAF
:1074D000904213D01A002032D8E75A6B90420FD056
:1074E0001A002832D5E71A00DC6B3032A042D3D123
:1074F0000722E9E70022E7E70322E5E70522E3E7C1
:107500000622E1E70222DFE70122DDE74013002047
:107510005813002070B5040016000D00FFF7C0F9E5
:107520004422A35C5BB2013301D10023A354452262
:10753000A35C5BB2013301D10023A354FFF7BCF974
:10754000A36B002B03D02000FFF7CAFC70BD200006
:1075500032002900243000F095FCF4E7F0B5C6466F
:1075600000B50400FFF79CF9384A394F136801331E
:1075700013603B68002B35D0364BE26A98461B6897
:10758000002B29D0344E35490B6801330B606364FE
:10759000334B1968914200D21A6093009B189B00EC
:1075A000F1184A68A260906884466546E060201D34
:1075B00068609060F25861610132F250FFF77CF927
:1075C00043461B68002B04D03B68DA6AE36A9A42A0
:1075D00011D380BCB846F0BD3B68DB6A9342D1D87A
:1075E0003C60CFE73C601368012B07D0194BE26A7F
:1075F0009846194EC7E7FFF747F9EAE7A023164E6A
:107600009B0098463500B04428001435FFF730FC45
:107610004545F9D1134B98461800FFF729FC124D48
:107620002800FFF725FC1148FFF722FC1048FFF760
:107630001FFC1048FFF71CFC42460F4B1A600F4B13
:10764000E26A1D60034B98469DE7C046AC230220CA
:10765000DC1F00204C240220F41F0020B82302204D
:10766000BC230220E8230220FC230220382402202D
:107670006C24022058240220E41F0020EC1F00206C
:10768000F8B5CE464746960080B5804630000D00DE
:107690009946FEF775FF071E00D187E07020FEF7C0
:1076A0006FFF041E00D17EE070220021FAF7F0FC8B
:1076B0003200A52138002763FAF7EAFC236B043E69
:1076C0009E1907239E43002D4BD034222B78A354C0
:1076D000002B43D06B780132A354002B3ED0AB7803
:1076E0000132A354002B39D0EB780132A354002B84
:1076F00034D02B790132A354002B2FD06B79013277
:10770000A354002B2AD0AB790132A354002B25D0EF
:10771000EB790132A354002B20D02B7A0132A354F1
:10772000002B1BD06B7A0132A354002B16D0AB7AFE
:107730000132A354002B11D0EB7A0132A354002B59
:107740000CD02B7B0132A354002B07D06B7B013272
:10775000A354002B02D04223AA7BE25443230022ED
:10776000E254089D1F2D1CD8201DE562E564FFF73B
:107770008BFB20001830FFF787FB20235B1BA361E6
:107780004A464146300024616462FFF76DF8099B68
:107790002060002B00D01C602000C0BCB946B04661
:1077A000F8BD1F25E0E73800FEF77CFF0024F3E773
:1077B000F0B5C646124B00B59846124D124F134E07
:1077C00014E0FFF76DF8FB68DC68201DFFF778FB1D
:1077D0003368013B33602B68013B2B60FFF76CF88B
:1077E000206BFEF75FFF2000FEF75CFF2B68002B8D
:1077F000E7D143461B68012BF8D9FFF745F8F5E7B9
:10780000F41F0020B02302206C240220AC230220AD
:10781000F0B5DE4657464E4645465C4BE0B5186827
:1078200083B001301860002866D059490B6898422F
:1078300077D3584B98461B681B68002B00D1A0E0FB
:1078400000239C46544B554D9B4600239946544B70
:1078500001919A464346804618003AE049465961EC
:107860001168013911609A6A002A0FD0DE69196A1D
:10787000B160DE694E601900566818318E4200D141
:1078800074E0494699621168013911605246D96A1B
:107890001268914201D9524611608A005218920032
:1078A000AE18716899608F68DF607C608C60A95841
:1078B0005E610131A9505A461168DA6ACB6A934277
:1078C0009B4162465B421A43036894461B68002B47
:1078D00052D00368DB68DB685A68904549D39C68DE
:1078E000D9685A69A1609C684C6051681C1DA1420E
:1078F000B4D1D9685160B1E7264B2A4A1968146897
:107900001C60116028490A6801320A601A6812680E
:10791000002A25D101231E495B420B600B68984267
:1079200087D200239C461C4B1C4D9B465B46012086
:107930001B681E4AD96A12688B005B189B00EB58C3
:107940009842804113005A1E9341404218436346B7
:10795000184303B0F0BCBB46B246A946A046F0BDF2
:107960001B680B49DB681B680B605FE7196A516095
:1079700087E701990A60D9E7019901235B420B600F
:10798000D4E79C46044B054D9B46F6E78024022035
:1079900024240220E41F0020DC1F0020F41F00200C
:1079A000BC230220EC1F0020282402208C2402206B
:1079B00010B582B0059C0194049C0094FFF760FE12
:1079C000002804D0FFF7CAFD012002B010BD01203D
:1079D0004042FAE710B586B01022002102A8FAF75B
:1079E00057FB00248022114B11480293114B009445
:1079F00001939200002302A9FFF742FE002805D060
:107A0000FFF7ACFD00F0CEFD012803D00A4B1B6848
:107A100006B010BD72B60122084B52421A60084BE4
:107A20001860084B1C60FEF785FFEFE749444C45A2
:107A3000B177001018240220C4A0001024240220D2
:107A40004C24022080240220024A13680133136070
:107A50007047C046B4230220F0B5DE46454657467F
:107A60004E46E0B583B0FEF71BFF544D2B68013B3B
:107A70002B602B68002B00D083E0514B1B68002B40
:107A80007FD0504F3B68002B00D194E04E4B4F4CC1
:107A90009C464F4B019599464E4B9A46002398467B
:107AA00001339B46FB68DB68D869196A9A6A816072
:107AB000D8694860190050681831884200D173E0D5
:107AC000414699621168013911609868D9685A690C
:107AD0008160986848605068191D884261D01068BC
:107AE000013810606046DA6A0068824201D9604657
:107AF0000260900082189500601942689A6096684A
:107B0000DE607160916062595861013262514A468B
:107B10001168DA6ACB6A9A423ED953465A461A60CD
:107B20003B68002BBED12C4B019D1A681268002ABD
:107B30003DD01B68DB681A68284B1A60284E3468F1
:107B4000002C14D0012708E0FFF762FE002801D0C6
:107B500053461F60013C002C08D02B68002BF3D04B
:107B60003368013C01333360002CF6D13460534656
:107B70001B68002B05D0164B01241B68FEF784FE02
:107B800000E00024FEF798FE200003B0F0BCBB46E6
:107B9000B246A946A046F0BD3B68002B00D081E765
:107BA000C1E7D86850609AE7196A516088E70B4BC3
:107BB000013A1A60C2E7074B9A46BFE7B423022096
:107BC000AC23022038240220BC230220F41F002012
:107BD000DC1F00208C240220E41F0020242402202B
:107BE00034240220F0B5C646040000B5002821D098
:107BF000174A136801331360164B00211E68164B99
:107C0000164D1F68164BA4191B682A6898466D23E9
:107C10002868D1540430FFF753F92B6829685C6059
:107C20000431A6420BD94046FFF732F9FFF714FFA3
:107C3000002801D1FEF728FE80BCB846F0BD380010
:107C4000FFF726F9074B1A689442EFD21C60EDE764
:107C5000B423022080240220E41F0020DC1F002027
:107C6000EC1F002024240220014B18687047C046F6
:107C700080240220014B18687047C046AC230220C4
:107C8000064B10B51B68002B02D1FFF7C1FD10BDDC
:107C9000034A0020136801331360F8E7B42302207D
:107CA00034240220194B30B51B68002B03D001226D
:107CB000174B1A6030BD164A164C136022681648DE
:107CC00091008B189B00C558002D07D1143BC31899
:107CD0001968143B013A0029FAD0910089188900EB
:107CE00045186B6808315B6840186B60834205D0AB
:107CF000D9680A4B196022601B68DBE7EB68D9681A
:107D00006B60064B196022601B68D3E7B423022026
:107D10008C240220BC230220F41F0020DC1F002042
:107D2000F0B5C646204D0C00296800B51831FFF7A4
:107D3000AFF81E4B00211E681D4B1F681D4B1B68B2
:107D40002A6898466D232868D1540430FFF7B8F8A4
:107D5000631C15D02B682968A4195C600431A64205
:107D600005D94046FFF794F880BCB846F0BD38000E
:107D7000FFF78EF8104B1A689442F5D21C60F3E7B7
:107D80000E4B29685A688A6090682968C86029681B
:107D9000043141602968043191602A6853611A688E
:107DA00001321A60E0E7C046DC1F00208024022078
:107DB000E41F0020EC1F002024240220582402206D
:107DC0008023F0B5C646294C15001B0622680B43DC
:107DD00000B5936122684368D36199682268116293
:107DE000226818324A602268002118329A6023689B
:107DF00098620368013303601D4B1E681D4B1F68AA
:107E00001D4B1B68226898466D232068D1540430AE
:107E1000FFF756F86B1C15D023682168AD195D601B
:107E20000431AE4205D94046FFF732F880BCB8466F
:107E3000F0BD3800FFF72CF8104B1A689542F5D2C8
:107E40001D60F3E70E4B21685A688A6090682168CC
:107E5000C860216804314160216804319160226862
:107E600053611A6801321A60E0E7C046DC1F002047
:107E700080240220E41F0020EC1F00202424022084
:107E800058240220F0B5C646354C43680D002168E1
:107E900000B5CB619E6821680E622168183171605F
:107EA0002168183199602368986203680133036080
:107EB0002C4B002A21D01B682B4B00211B682B4B1D
:107EC0001B686D2322682068D1540430FEF7F8FF48
:107ED000274B21685A688A6090682168C8602168C9
:107EE00004314160216804319160226853611A684D
:107EF00001321A6080BCB846F0BD1E681A4B1F687C
:107F00001A4B1B68216898466D232068CA540430B8
:107F1000FEF7D6FF6B1C15D02368AD195D60AE422D
:107F20000AD8216838000431FEF7B2FF114B1A68F5
:107F30009542DFD21D60DDE7216840460431FEF73F
:107F4000A7FFD7E72268731E53609E42F4D82168CA
:107F500038000431FEF79CFF064B1B68CAE7C04699
:107F6000DC1F002080240220E41F0020EC1F0020E2
:107F70005824022024240220C36870B5DB68D86925
:107F8000196A9A6A8160D869486018005168183087
:107F9000814243D000219962116801391160264A5B
:107FA0001268002A2CD19868D9685A69816098684B
:107FB0001C1D48605168A14233D01168013911601D
:107FC0001E4AD96A1068814226D88A001C48521875
:107FD00092008518696899608E68DE6074608C60B4
:107FE00081585D6101318150164A00201168DA6ABA
:107FF000CB6A9A4203D90122134B01301A6070BD3B
:10800000124A5168D9618C681C626060886011688E
:108010009A6201311160E7E71160D6E7196A516091
:10802000B8E7D9685160116801391160034AD96A0B
:1080300010688142C9D9EFE7B4230220BC23022093
:10804000F41F0020DC1F00208C2402203824022092
:1080500080231B0670B5026944680B438168036086
:10806000C368A1604C605468844230D00021016133
:108070001168986801391160D9685A6981609868F7
:108080001C1D48605168A14223D01168013911605C
:10809000114AD96A1068814200D911608A000F48DC
:1080A000521892008518696899608E68DE60746065
:1080B0008C6081585D6101318150094A1168DA6A2A
:1080C000CB6A9A4202D90122064B1A6070BD5160F8
:1080D000CCE7D9685160D8E7BC230220F41F002008
:1080E000DC1F00208C240220034B1B680360034B21
:1080F0001B6843607047C046282402208024022069
:10810000F0B5C64600B50E000700FEF7C9FB6D23AB
:10811000154C164A21681568ED5C002D09D0002128
:108120001268D1540124FEF7C7FB200080BCB8467A
:10813000F0BD33685A1C15D00D487A680568A8460A
:108140003D68454504D08A4202D800233360E9E700
:108150008D1AAB42F9D95B1A9B18336003683B60F8
:1081600023687B600024DEE780240220DC1F0020DF
:10817000282402200122014B1A6070478C2402201F
:10818000014B18687047C046DC1F002070B5041E04
:1081900008D0036DC16AC26C013B0365914201D0F6
:1081A000002B01D0002070BD051D2800FEF788FEC1
:1081B0002023E26C9B1AA3610B4BE26219688A428E
:1081C00000D91A60930009499B189B00C81842689F
:1081D000A2609668E66075609560CA586061013279
:1081E0000120CA50DFE7C046BC230220F41F002054
:1081F000044B1A68196890691A682023C96A5B1AC7
:1082000093617047DC1F0020F0B55746DE464E46AE
:108210004546E0B5CE4B8BB09846CE4B06AF0193AA
:10822000CD4B9B46CD4B9946CD4B4C4602932823D4
:10823000D9469A46C3465B461B681D68002D00D090
:10824000E1E0FFF701FCFFF70FFD019A804613689C
:10825000834200D9E7E04B461B6810601A6853421E
:108260005A4143462068E91AFFF754F9FFF7F4FB37
:10827000002800D12BE1102200213800F9F708FF77
:10828000002239002068FFF72BF80028D3D03B6884
:10829000002B5ADBBD68002DF2D06B69002B02D099
:1082A000281DFEF70DFEFFF7DFFC019B06001B6893
:1082B000984252D3019B1E603B68092BE0D8029A7A
:1082C0009B00D3589F465346E85C01235246034324
:1082D000AB547968AA692D618B186B60B34200D9E1
:1082E00086E0711A8A4219D8410700D5F2E00123CD
:1082F00098435346E85428002B6A9847C0E75346F2
:108300000122EB5C13435246AB547B682D619A19F2
:10831000AB616A60B24270D8002BB1D04B46291DC8
:108320001868FEF7B5FDABE753460122EB5C9343BB
:108330005246AB54A4E75346EB5C9A0700D4C2E024
:10834000012293435246AB549AE77B68F968B868B8
:1083500098473B68002B93DB9CE75B461B681A68D9
:10836000002A3ED00395049005940BE0012293432C
:108370005246A354236A200098475B461B681A683C
:10838000002A2BD0DB68DC681E68231D1800984685
:10839000FEF796FD53460422E35C1A42E6D0A36939
:1083A0002461F518F64365609E420AD32E00F64319
:1083B000236A20009847A3692461ED186560B342E1
:1083C000F4D94B4641461868FEF762FD236A200047
:1083D00098475B461B681A68002AD3D1039D049E08
:1083E000059C4A46594612680A604A46136061E78E
:1083F000B14202D9994200D876E75B46291D186838
:10840000FEF746FD3CE7DB681D68FFF71DFBFFF745
:108410002BFC019A80461368984204D31060854271
:108420007AD900221DE75B461B681A68002A3ED0F5
:108430004246049403920BE0012293435246A35414
:10844000236A200098475B461B681A68002A2BD0D5
:10845000DB68DC681E68231D18009846FEF730FDB7
:1084600053460422E35C1A42E6D0A3692461F5185E
:10847000F64365609E420AD32E00F643236A20002D
:108480009847A3692461ED186560B342F4D94B465F
:1084900041461868FEF7FCFC236A200098475B46BB
:1084A0001B681A68002AD3D1039A049C90464A4656
:1084B000594612680A604A4613604246019B1A6098
:1084C000FFF7CAFAD7E62800FEF7ECF8D8E6FEF781
:1084D000DBF9D0E6A046340007E0E31A9A4214D84C
:1084E0002B6A280098473300AA69D6186E602D6160
:1084F000B442F2D29C4201D2B342F1D95B46291D6B
:1085000018684446FEF7C4FCF5E64B46291D18687A
:108510004446FEF7BDFCEEE6FFF79EFA5B461B689D
:10852000DB68DE68331D18000393FEF7C9FC534671
:10853000F35C5A0707D4012293435246B3543000E8
:10854000336A984797E622002B004446904610E095
:10855000E01F00201C240220F01F002084240220A1
:10856000C8A00010E31A9A4214D8336A3000984722
:108570002B00B26936619D187560A542F2D9A342FD
:1085800001D9AB42F1D95B46039918684446FEF71E
:108590007FFCD4E74B46039918684446FEF778FC05
:1085A000CDE7C04670B582B0FEF77AF9174C236864
:1085B000002B12D0FEF780F923680020002B0AD090
:1085C000134B802201931F2312490093124800236A
:1085D000D200FFF7EDF902B070BD104E3000FEF78B
:1085E00047FC0F4D2800FEF743FC0E4B00221E6097
:1085F0000D4B10210A201D60FEF778FD2060002839
:10860000D8D00A49FEF7FAFED4E7C04684240220F7
:1086100088240220089C001009820010C023022038
:10862000D4230220E01F0020F01F0020009C001037
:1086300030B514001A0002230D0085B05B42009390
:10864000054B019069461868002302950394FEF7D4
:108650009FFD05B030BDC04684240220F8B50E0051
:10866000EFF3108772B60C4B84009B681D59A9422A
:1086700004D00A4B9D420AD2F8F7E8FF064B9B68EC
:108680001E51BFF35F8F87F310882800F8BD044B9D
:108690009D42F3D3F0E7C04600ED00E0C0010010BA
:1086A000D4010010FF23F0B545681B012B600123A6
:1086B0005B42AB600133FF332B63FD3B6B630023F5
:1086C0002B491A000C8812329200013354510231A6
:1086D000202BF6D11F24C2218268090222401306F2
:1086E00019432B00C833596080215201C9040A4341
:1086F0005A61204A00261A6169225E612A611E4A77
:10870000F8271A6106221D491A6182683F03D96160
:10871000D10339401A4FD9621E621F620D279F6232
:10872000184F12065F63596417499E63196417490D
:1087300019641749196412211964F8235B051A405A
:10874000C6235B021A432B001133C168FF335A6002
:10875000104A21409A604A0151188222D2040A43E9
:108760005A610D4A1A610D4A1A6107232B60F0BD48
:1087700018A3001080E00000A080000080E6000048
:108780000000A1808086010040E00000E2A000001F
:108790002AA000000000024001E0000081E000008B
:1087A000F0B5C6468C46012600B5070000684208B1
:1087B0004240530813439C081C43E4430A0033001F
:1087C0008B40551A013BAB401C420BD18A4211D958
:1087D0003300691C49082A008B40551A013BAB4005
:1087E0001C42F3D03500531E9D402C4207D11A0085
:1087F0004908E4E73860604680BCB846F0BD330005
:1088000093400400013B59088C4303406B406100D6
:108810005940012398460800C444042AEAD9111F8C
:10882000C5E7C04610B5436804009A6884B0920753
:1088300012D409222021A26300222163A16DE262E9
:10884000002901D0A2659A610D4A0E491A65962247
:108850005200995004B010BD002383624362436309
:10886000FFF720FF102200216846F9F711FC802154
:1088700023696A462000090498476368D9E7C0461F
:1088800027A1000002030000C36D020030B5012BD8
:1088900045D0136E516E54688B420DD10021D165C5
:1088A00002312163BFF35F8F546E80208000A342AA
:1088B00000D130BD546861630121D165D1692000C8
:1088C0000131D16103210B40293159430B00803321
:1088D000D3185218D16F07222260803222607B3A6F
:1088E000226300221130FF3082601B4A1B4D8260E0
:1088F000AC22A550002905D08900591804CBE261AB
:108900009942FBD1164B0361144B03611B23036196
:1089100083239B0103610F2323600020C9E78E217D
:1089200043684900595818290ED0F021D868090524
:108930000842F2D1942149005B5826390B40023994
:108940008B42A6D00020B4E71131FF315B589B0762
:108950009FD50020ADE7C046000002402160000026
:1089600001E00000F0B5436A876AC66BFB407604FD
:1089700087B0760CDB030400456B33431021C663DC
:1089800001A80193FFF70CFF0122019B013D5B0051
:108990001343ED1BE26D2818616823646064012AAB
:1089A0000AD10327256E2B323D406A43A218956EEB
:1089B000AC46A56CAC450FD00123A36501334B63D6
:1089C000294A2B33FF33CA500523A3630023E362F4
:1089D0001033236307B0F0BD956FAE4203D1D66E5E
:1089E000E56CAE422BD0236A013323628B689B0770
:1089F00011D409232022A36300232263A26DE36222
:108A0000002A01D0A3658B61184B174A0B6596238A
:108A10005B00CA50DEE700232000A3626362636349
:108A2000FFF740FE1022002102A8F9F731FB802158
:108A300020000904236902AA98476168D9E7166FE4
:108A4000256DAE42CFD1556F626D9542CBD10222DA
:108A5000A2650B3A1B05121A5205DB0A1343FF22CB
:108A60001343E7658B61AFE70203000027A1000015
:108A7000F0B54546DE4657464E469A230400E0B51B
:108A800045685B00EB5887B002221A4248D06B6AF7
:108A9000626A9B059B0D92021A430A23A362636BD1
:108AA000510851400A3363634B080B43980818433D
:108AB000C34301930A239846216B6262C4468845EA
:108AC0002CD8664601236746B3404646F71B7E1CFA
:108AD000B146013B48461E0086403000019E0642DA
:108AE0004CD1E06A804616006046FE40091A3340C9
:108AF0008B40404603432163A762E362002935D0DF
:108B0000002F69D19A235B00EB58002BBCD107B032
:108B1000F0BCBB46B246A946A046F0BD8C46D0E7A5
:108B20001A0500D52BE25A0558D4802219005200AC
:108B30001140134200D039E29B05E8D596226368C4
:108B400052009D58E148854203D1A06D012800D113
:108B5000DAE32000FFF798FEDD4B62681D40022338
:108B600005431D432B33FF33D550D0E7A06B0928B5
:108B700000D937E2D74E8000305887460123994606
:108B800001235B42434440469A464B46834001984A
:108B9000184200D06DE250461300C34048460139E8
:108BA00003408B40E76A21633B439846E362634698
:108BB0005B089C464B466046664683405046871B92
:108BC000781C8346013B5E461800B040019E064279
:108BD00000D188E7D046D3E7B8466FE7A36D002BF6
:108BE00000D027E22000FFF74FFE022362681843FF
:108BF0002B33FF33D0508AE71F2B00D1ECE21B2B25
:108C000000D81CE3A36D62681100002B1AD05B072B
:108C100010D5B14B1365A36D062B00D1AFE3220035
:108C2000802163694832013363612000236949036D
:108C30009847626800231100A365A84893612D330B
:108C4000FF33D05093689B0700D5FEE10923202213
:108C5000A36300232263A26DE362002A01D0A3650F
:108C60008B619F4B994A0B6596235B00CA50A36AA0
:108C7000626A9846216B50085040430803439808A5
:108C80001843C34301934346002B00D016E739E74E
:108C90000121E26B52000A43934200D0AFE1A36D81
:108CA000022B05D162688F492B33FF33D150A76A5D
:108CB0000123BB40626A591E0A405B001A43062327
:108CC000A3630023E3620233B84602216262236396
:108CD000D1E7E26CE06B072A00D946E2171F062AAB
:108CE00000D10BE3032F00D10BE3012F00D03DE2B5
:108CF0007D4A1906C7095F40FF233B405B00D35AFA
:108D00000002434009BAE36361652000FFF72AFED1
:108D1000A36A626A9846216BADE7E26C9046E26B0B
:108D200094464246032A00D9D6E1022A00D1DFE266
:108D3000032A00D1DFE2012A00D0CEE16146C80952
:108D4000FF215840684A01404900525A61461B06BB
:108D500009024A401BBAE2632365D6E7A06C624A67
:108D6000010B8C46FF2166460E407600965B8B46D3
:108D7000B0460609B4464646F609B1466646494637
:108D80004E4059460E407100515A8A464146564659
:108D900009024E4001058C46F021B24666460904A0
:108DA0000E401E43310C88465146B4464646C9091A
:108DB0004E4059460E407100515A894651464E4622
:108DC00009024E406146090A8846B146F109464605
:108DD0004E4059460E407100515A88464946464613
:108DE00009024E40F109B04666464E4031005E46EB
:108DF0000E407100515A424612024A403B49E2631A
:108E0000C20211404203F820800202400A43D909FD
:108E10000A43302108001840194200D0F2E0606592
:108E200020650F201840E064590600D4BBE1C02340
:108E30001B061343A36468E7A26C52041343602229
:108E40001A40602A00D1BCE1FF20190C264A0140DB
:108E50004900515A8C466646190AF6097140664621
:108E600001404900515A36027140CE095E403040FF
:108E70004000125A09024A40E2633022100099036E
:108E8000490D18401A4200D0E1E10F221A406065F6
:108E90002065E264580600D405E28023DB050B431D
:108EA000A36432E7A3648121962362685B004900D2
:108EB000D1502C3BFF3BA3630023E36211332363B8
:108EC000A36A626A9846F139D5E6C04602030000FB
:108ED000FFFDFFFFF0A000102AE1000002020000E9
:108EE00027A100000205000018A100100000FC1FCF
:108EF00061680F2B00D0A1E0022006008B681E40A5
:108F0000184200D09AE00123BB40591E0A405B0082
:108F10001A430823A3630523B84605216262E6626B
:108F20002363A8E6012B60D1A36D002B02D004229D
:108F30001343A3650723A3630023E3620433B84606
:108F40000421626A236396E663689A68920700D5F3
:108F50006BE109222021A26300222163A16DE2625C
:108F6000002901D0A2659A61DB4A1A659622520057
:108F7000DA499950A36A626A9846216B7BE6082217
:108F8000616C236C5242521ADB045205DB0A134314
:108F90007F221343626820009361FFF775FC9622DD
:108FA000CF4B6168034352008B50B0E5A36D002B9B
:108FB00000D117E65B0710D56368CA4A1A65A36D2E
:108FC000062B00D17AE12200802163692000013361
:108FD0006361483223694903984700236268A365A7
:108FE0009361FFE5B846626A45E6216C89000B4350
:108FF0000121B940BB4001390A4013436362236A2F
:1090000001332362636800279A689207A1D5200084
:10901000A76267626763FFF745FB1022390002A869
:10902000F9F736F880212369200002AA090498473D
:1090300063688EE704221343A365BDE7236A013307
:1090400023628B689B0700D400E600232000A36204
:1090500063626363FFF726FB1022002102A8F9F781
:1090600017F8802120000904236902AA9847616843
:10907000ECE553465046A3624B4683400198574661
:10908000034200D13CE51700A16B1F401A4217D0E4
:10909000092902D0002900D06DE15346DA40D343BC
:1090A000013200D159E19B059A0D002B00D0CEE092
:1090B0000133A263E262D0460121626A2363DAE5EA
:1090C000092900D1D8E0236A0133236263689A68D2
:1090D000920700D43DE79AE719006646180EF60994
:1090E0004640FF20804A30404000105A814660468A
:1090F0004E4600024640B4466646180CF609464005
:10910000FF2030404000105A814660464E46000223
:109110004640B4466646180AF6097040FF263040BD
:109120004000105AB14682466046564600027040E2
:10913000C60973404E4633405B00D35A0002434099
:10914000E363434609BA2165042B00D8DDE52021FD
:10915000072B02D841460439C9000423A363002326
:10916000B846626AE362216385E519001F0EC609ED
:109170007E40FF275C4A37407F00D75B0002784083
:109180001F0CC6097E40FF2737407F00D75B0002D7
:1091900078401F0AC6097E40FF2737407F00D75B13
:1091A00000027840A6E5802109060A43A26400284F
:1091B00000D1AAE50C2220211A4200D1C1000323CC
:1091C000CCE7A3640223A3630023E3621433B8460D
:1091D0001421626A23634EE5A36DB846002B1CD0B0
:1091E0005B0710D563683F4A1A65A36D062B00D153
:1091F000D4E022008021636920000133636148329A
:1092000023694903984700226368A26537499A6138
:109210002D32FF329950A36A98460023A363E3627C
:1092200001330121626A236325E500232000A36244
:1092300063626363FFF736FA10220021EFE6172B13
:1092400000D8DCE6A36D9A0700D5D8E6DBE46268B7
:10925000002793689B0713D409232021A3630023CD
:109260002163A16DE362002901D0A36593611A4BCC
:10927000136596235B007BE6626893689B07EBD5DA
:109280002000A76267626763FFF70CFA10223900BB
:1092900002A8F8F7FDFE802102AA20002369090434
:1092A00098476268D8E7A164002A00D12DE50C2018
:1092B0002021184283D10323D1004FE7236E0133CD
:1092C000802122002366A36920000133A361483274
:1092D00023698903984780E627A100000203000064
:1092E000020500002AE1000018A10010020200009F
:1092F000314A19040EE7304A1902FDE62E4A1904D4
:1093000047E72D4A19023BE7606C256C4042ED02AD
:10931000ED0A400528430225E56507241C608034DA
:109320001C607B3C1C631C001134FF34A16023498A
:10933000234DA160AC215D502249D96122492161B0
:10934000224921611B212161214921610F211960DD
:10935000204998619950FFF7DAFB2000A36263620D
:109360006363FFF79FF92000FFF75CFAA36A626A64
:109370009846216B7FE4236A01332362F3E7236E6F
:109380000133802122002366A36948320133A3619F
:10939000200023698903984762684BE4236E0133F8
:1093A000802122002366A36920000133A361483293
:1093B00023698903984726E718A10010000002409E
:1093C00023C00000FFFFFF7F01E0000021600000DC
:1093D000C220000002090000F0B55746DE464E46A6
:1093E0004546E0B58246036E89B0426E0392D31AB9
:1093F000032B00D9BCE103231A4093460A68002AD4
:1094000000DA94E1DC4B1A4058462C230F244343E6
:1094100053449A6648682040D86600239946520013
:1094200000D4FBE05B462C275F433E00534670367A
:10943000DC19300000234A46636723675044083133
:109440000090F8F72BFE3B00803353441422002198
:1094500018009846F8F71CFE4021A26EE46E130E29
:109460000B401C43D301002A00DAF3E0C34AC44D89
:109470001340FF222343190C11404900685A190A6E
:10948000C4096140114049006C5A00026040C109A2
:1094900059400A405200AC5A80225B0312035B0B16
:1094A00013430002079307AB1321444018000295B1
:1094B0000193FFF775F9079B0500202800D8B4E059
:1094C00002001900203AD1404022121A18009040A0
:1094D000020040464260424611604A46002A4BD094
:1094E000524659467032D219D346009E9144049197
:1094F0000AE01F00091A8F403900009F01363943E6
:1095000011602D184E4533D0FF203178E2094A40D2
:10951000024002985200825A1B020B430198082114
:10952000240254400793FFF73BF91F2220212A40D1
:109530009446891A6A09920042441768079B00976B
:109540008842D6D920273F1ABA461F0051448F407F
:10955000516801363943516001001F0020396144D0
:10956000CF403900009F2D18394311604E45CBD1B3
:109570005A46049992468B4659462C224A43640423
:10958000640C5244DB03234394670F211F2401988A
:109590000793FFF705F920232C4099461E1B6B0902
:1095A0009B004344079A1F68B04243D8361AB24022
:1095B00017431F240121220028180D0082439540E3
:1095C0001F6043099B0043441A682A431A60030042
:1095D00020335A09A3431B1A581E012B08D081407F
:1095E000684B0139D3189B00434418680143196044
:1095F00059462C234B435344DA67039B01335246AD
:109600005366BFF35F8F5368022200205A6309B08C
:10961000F0BCBB46B246A946A046F0BD814608282C
:1096200000D8FFE608239946FCE620221900121A0A
:10963000914050E7202149428C4611008444644403
:10964000E1400F434946091A89198A4059680A437B
:109650005A60AEE74948D10A014060209203D20E19
:109660001143494A464D1340234305930B0B5B00BE
:10967000EC5A0843E20903095340FF2213405B0000
:109680002E000295ED5A0305F020000403400598D2
:10969000240203436540EC09180C60401040400070
:1096A000345A2D026C40180AE50968401040400009
:1096B000305A24026040C40963401A40334B5200C0
:1096C000B45A0B430002079307AB13214440180020
:1096D0000193FFF765F8079A0100049020283AD813
:1096E000202311001B1A99400B0041461F250B60D7
:1096F000059B12051B031B0B1343142101980793B1
:10970000FFF74EF82021049A079B1540520992005A
:1097100042441668491BB44688420BD81D00091AFA
:109720008D40290031431160049A8518D5E6184B05
:109730001A4069E629001E0020390918CE40310080
:10974000664631434026751B1E002D1AAE405568F3
:1097500035435560E7E703001000203BD840030085
:109760004020411A10008840010040464160BCE79B
:10977000012040424BE7C046FF07004080FF030046
:1097800018A10010FFFFFF3F80FF0F0060000800DE
:10979000FFFFFFDF8C2270B50C0052000021050096
:1097A000F8F776FC23005A1E93412B6063425C411C
:1097B000034A634294461B0D1B0563446B6070BDF6
:1097C000000030500161704770B5040084B0A360A0
:1097D000089B0800E3600023A3626362636323685D
:1097E00011005A425341802212019446304E5B428E
:1097F0009B0A9B0232686344134204D02D4A1360D3
:10980000B5681D42FCD0C000F8F772F8C82365683F
:109810000002E8501833E8501833E8501833E85085
:109820002000FEF73FFF2448A36884466820990083
:1098300061442268486021491F488C46DB0063442C
:109840008446602006325A60E368990061444860AB
:109850001A49DB008C4663445A60AB689B0712D4FC
:1098600009232022A36300232263A26DE362002A5E
:1098700001D0A365AB61124B124A2B6596235B00A6
:10988000EA5004B070BD00232000A36263626363EA
:10989000FEF708FF102200216846F8F7F9FB802147
:1098A0006A4620002369090498476568D8E7C046DE
:1098B00000C0004000F0004000C0014000400140F6
:1098C00027A100000203000010B583070AD003009F
:1098D000032102E001330B4205D01A78002AF9D1A6
:1098E000181A10BD030019680C4A0D4C8A188A43D7
:1098F00022420FD15968094A04338A188A43224206
:1099000008D15968054A04338A188A432242F1D0A3
:1099100000E001331A78002AFBD1E1E7FFFEFEFEEA
:1099200080808080F8B5C04601B40248844601BCFE
:10993000604700BFE902002001B40248844601BC30
:10994000604700BF1502002001B40248844601BCF4
:10995000604700BF450F002001B40248844601BCA7
:10996000604700BF010C002001B40248844601BCDE
:10997000604700BF290C002001B40248844601BCA6
:10998000604700BF450F002001B40248844601BC77
:10999000604700BFC100002001B40248844601BCFA
:1099A000604700BFA101002001B40248844601BC09
:1099B000604700BF0101002001B40248844601BC99
:1099C000604700BFB90C002001B40248844601BCC6
:1099D000604700BF2504002001B40248844601BC52
:1099E000604700BF690C002081160010AD16001002
:1099F0009118001081200010191F00102520001060
:109A0000B9170010C9160010E9160010FD16001055
:109A100051090010051700100D0D00104916001017
:109A20005D05001085430010B1020010216C00108C
:109A30004661696C65643A204E6F2073706163659E
:109A400020666F72206D736720746F2062652071CD
:109A500075657565640000007472616E736D69747C
:109A60005F746872656164000A2A2A2A2050414E98
:109A70004943202A2A2A0A000A0000006E6F742037
:109A8000737570706F727465640000004E6F2073A0
:109A900070696E6C6F636B732061726520617661B3
:109AA000696C61626C6500004E6F20757365722091
:109AB000495251732061726520617661696C6162FF
:109AC0006C650000486172647761726520616C6149
:109AD000726D20256420616C726561647920636C0D
:109AE00061696D6564000000486172642061737390
:109AF000657274006D697373696E6720646F756257
:109B00006C652066756E6374696F6E0052656C6576
:109B100061736500626F6F74325F77323571303810
:109B200030000000302E3100322E322E3000000086
:109B30007069636F5F7700007465737400000000E4
:109B40004E6F76203238203230323500666E692B07
:109B500000000000666E69006E616E00666E692D21
:109B60000000000055534220737464696E202F205A
:109B70007374646F75740000526173706265727201
:109B800079205069000000005069636F00000000F8
:109B9000426F617264204344430000005265736564
:109BA00074000000556E68616E646C6564204952F3
:109BB0005120307825780A006570202530325820F1
:109BC00077617320616C7265616479206176616987
:109BD0006C61626C6500000043616E277420636FE6
:109BE0006E74696E75652078666572206F6E206987
:109BF0006E61637469766520657020253032580087
:109C0000546D725100000000546D72205376630051
:109C100006005250D3F075420C9B001006005250C3
:109C2000E182887F149B0010060052503ABCA911B3
:109C3000249B001006005250ABB36053289B0010C9
:109C400006005250BBFF3CB6309B0010060052503D
:109C5000861C0302389B0010060052505422A29D1D
:109C6000409B001005005250DE65F46874B300108C
:109C7000402E0010F02D0010F02D0010382E001096
:109C8000F02D0010F02D0010F02D0010F02D001020
:109C9000F02D0010F02D0010F02D0010302E0010CF
:109CA000F02D0010282E0010F02D0010F02D0010C7
:109CB000202E001060300010562E00105030001082
:109CC000562E00103A300010562E0010562E00105E
:109CD000562E0010562E0010562E0010562E001034
:109CE000562E0010482E0010562E0010562E001032
:109CF000562E0010562E0010562E0010482E001022
:109D0000FE300010AA2D0010AA2D0010AA2D001060
:109D1000AA2D0010AA2D0010AA2D0010AA2D0010A7
:109D2000AA2D0010AA2D0010AA2D0010AA2D001097
:109D3000AA2D0010AA2D0010AA2D0010AA2D001087
:109D4000AA2D0010AA2D0010AA2D0010AA2D001077
:109D5000AA2D0010AA2D0010AA2D0010AA2D001067
:109D6000AA2D0010AA2D0010AA2D0010AA2D001057
:109D7000AA2D0010AA2D0010AA2D0010AA2D001047
:109D800074300010CC30001074300010AA2D001078
:109D9000AA2D0010AA2D0010AA2D0010AA2D001027
:109DA000AA2D0010AA2D0010AA2D0010AA2D001017
:109DB000AA2D0010AA2D0010AA2D0010AA2D001007
:109DC000AA2D0010AA2D0010AA2D00100E3300108D
:109DD000AA2D0010AA2D0010AA2D0010AA2D0010E7
:109DE000AA2D0010AA2D0010AA2D0010AA2D0010D7
:109DF000AA2D00100E330010103100100E33001089
:109E000074300010CC3000107430001000000000DE
:109E1000000000000000F03F0000000000002440AF
:109E200000000000000059400000000000408F408A
:109E3000000000000088C34000000000006AF840F5
:109E40000000000080842E4100000000D012634119
:109E50000000000084D797410000000065CDCD418F
:109E60000D0A000000000000E93D001000000000A5
:109E7000ED3D0010F93D0010253E0010213E001080
:109E8000000000000A00000000000306A600080011
:109E9000020002009C001400030057494E55534233
:109EA000000000000000000000008000040001002D
:109EB00028004400650076006900630065004900E1
:109EC0006E0074006500720066006100630065004A
:109ED000470055004900440000004E007B0062002E
:109EE00063003700330039003800630031002D0073
:109EF00037003300630064002D003400630062000B
:109F000037002D0039003800620038002D0039007C
:109F100031003300610038006600630061003700E3
:109F20006200660036007D0000000000050F210081
:109F3000011C100500DF60DDD88945C74C9CD26547
:109F40009D9E648A9F00000306A600010000000099
:109F50000600525053B4F4A1649B001000000000AE
:109F6000789B0010889B001090230220909B00108B
:109F70009C9B001009025400030100807D080B0027
:109F8000020202000009040000010202000405248C
:109F90000020010524010001042402060524060016
:109FA000010705810308001009040100020A0000EE
:109FB0000007050202400000070582024000000978
:109FC00004020000FF00010512011002EF0201402F
:109FD0008A2E0A000001010203010000EC49001072
:109FE000544B0010A44B00102C4B00103E4B0010A3
:109FF0001C4B00108C4A0010384A00102C4A0010EC
:10A000000E4F0010F44E0010C44C00102E4F0010E4
:10A01000C44C0010DC4E0010C84E0010C44C0010A0
:10A02000B44E0010BA4D0010C44C00109A510010EC
:10A030008C51001080510010C44C0010C44C001012
:10A040006A5100108C510010C44C0010C44C001018
:10A05000C44C0010C44C0010C44C0010C44C001080
:10A06000C44C001020510010860D0020860D0020E9
:10A07000D00D0020F00D0020340E0020460E0020F0
:10A080007C0D00200000000025570010955700109F
:10A09000C557001011580010B55800109D590010F8
:10A0A00000000000000000009D5A0010F95A001046
:10A0B000155B00103D5B0010813E00105D5C0010E0
:10A0C000000000001F00000080820010C682001007
:10A0D000C682001028830010FE8200103683001014
:10A0E000C6820010C682001028830010FE82001075
:10A0F000A48E0010388E00105C8D00101A8D001098
:10A10000D28C0010908C0010248F0010F08E001064
:10A11000F88B0010488F001000009945AB4E320BB1
:10A12000CF58561D6416FD5307749E31AC3A357FE7
:10A13000C82C51696362FA27972D0E683C63A526E7
:10A140005875C130F33B6A7E9059091C3B17A252E7
:10A150005F01C644F44F6D0A2E5BB71E85151C5077
:10A16000E10378464A4DD308292FB06A82611B2447
:10A17000E6777F324D39D47CB976203312388B7D27
:10A18000762EEF6BDD604425BE022747154C8C0907
:10A19000715AE81FDA144351C5735C366E3DF77887
:10A1A0000A2B936EA1653820C2075B426949F00C07
:10A1B0000D5F941AA6113F54525ECB1BF9106055E7
:10A1C0009D0604433648AF0D552ACC6FFE646721C7
:10A1D0009A720337313CA879EB28726D4066D92317
:10A1E0002470BD358F3E167BEC5C75194712DE5727
:10A1F0002304BA41884A110F7C05E540D74B4E0E27
:10A20000B35D2A18181381567B71E234D03F497A26
:10A21000B4292D6C1F67862213228A67B86C212906
:10A22000DC7A453F7734EE7114568D13BF18265DE6
:10A23000DB0E424B7040E905840F1D4A2F41B604E6
:10A240004B57D212E019795C837B1A3E2835B170E6
:10A250004C23D566E76D7E283D79A43C96370F7276
:10A26000F2216B64596FC02A3A0DA3489143080646
:10A27000F5556C105E1BC75EAA543311011A985F26
:10A28000650CFC49CE425707AD203465066E9F2B06
:10A290006278FB3DC9365073D6514F147D1FE45A86
:10A2A0001909804CB2472B02D12548607A6BE32E06
:10A2B0001E7D8738B5332C76417CD839EA327377E6
:10A2C0008E241761256ABC2F4608DF4DED467403C6
:10A2D00089501015221EBB5BF80A614F5344CA0116
:10A2E0003752AE179C1C0559FF7E663B5430CD7526
:10A2F0003026A9639B68022D6F27F662C4695D2C26
:10A30000A07F393A0B3192746853F116C31D5A5825
:10A31000A70B3E4E0C4595008500480029E0CC0077
:10A3200000C0C00040C029E443F004C1C5030703D6
:10A330004300C420014046A0B20102C0EB4054409B
:10A3400047A0808027A09800E2A02160DF0001B82C
:08A35000D902580021601B0135
:10A35800109C00101C9C0010289C0010349C0010BD
:10A36800409C00104C9C0010589C0010649C0010ED
:04A37800509F0010E2
:10A37C0070B502680400EFF3108572B61368002BF9
:10A38C00FCD0BFF35F8F63685A1C0BD0002900D040
:10A39C000B6000202368BFF35F8F00221A6085F3E7
:10A3AC00108870BD00F030FF60600120F2E7C046FD
:10A3BC00F0B5C646160000B504001F000268EFF3A6
:10A3CC00108872B61368002BFCD0BFF35F8F6568E2
:10A3DC006B1C0ED02368BFF35F8F00221A6088F3CA
:10A3EC00108800F011FFA8420FD1002080BCB846A5
:10A3FC00F0BD00F009FF23686060BFF35F8F00229F
:10A40C001A6088F310880120F0E700F0FDFE80460A
:10A41C0006E032003B00200000F006FF0028E4D1EB
:10A42C002268EFF3108172B61368002BFCD0BFF3D7
:10A43C005F8F65680135ECD1434663602368BFF3D9
:10A44C005F8F00221A6081F310880120CEE7C0468E
:10A45C00F8B50D00040000F007FFFA2206000F000B
:10A46C00002328000021920000F0C6FE36184F4150
:10A47C00002F02DA0126124F764200F0C5FE0500CD
:10A48C0006E032003B00200000F0CEFE002815D183
:10A49C002268EFF3108172B61368002BFCD0BFF367
:10A4AC005F8F63680133ECD165602368BFF35F8F06
:10A4BC0000221A6081F310880120F8BD0020FCE70F
:10A4CC00FFFFFF7F10B50268EFF3108172B61368BF
:10A4DC00002BFCD0BFF35F8F01235B42436000F085
:10A4EC00CBFE10BD10B5084C2378002B0AD180236D
:10A4FC00064807495B051A68C25004338B42FAD1EF
:10A50C000123237010BDC04693240220181900109B
:10A51C000001001010B5014B984710BD191900200F
:10A52C00064B5A6802609A684260DA6882601A695F
:10A53C00C2605A6902619B69436170470000024026
:10A54C000268064B5A6042689A608268DA60C26898
:10A55C001A6102695A6142699A61704700000240AF
:10A56C00034B1A68C0239B009343024A1360704745
:10A57C000C8001400C900140054B1A6880239B0015
:10A58C005340C02292001340024A13607047C046E9
:10A59C000C8001400C9001400023F0B5DE4657467C
:10A5AC004E4645469A46E0B589B001900E00988A11
:10A5BC0045491B8B14009847534681464349988A5A
:10A5CC001B8B9847534642490500988A1B8B98472A
:10A5DC008046FFF787FF02A8FFF7A2FFC847A847EE
:10A5EC00FFF7CAFF251E22D00823C0219C4602205B
:10A5FC00490562468B6A1A4018423FD0631B002DF6
:10A60C002FD1002A11D1002C11D0C0235B059B4601
:10A61C0002239A46063399465B464A4657469B6A3E
:10A62C001A401F4242D0002AF6D0002C30D1FFF73E
:10A63C0097FFC047FFF76EFF02A8FFF781FF09B035
:10A64C00F0BCBB46B246A946A046F0BD002C2FD1AB
:10A65C00C0225205926A914608224F463A40BF07E3
:10A66C002DD50D2B1BD9002AF0D1C0225205926A90
:10A67C00914608224F463A40BF07F2D4002A04D133
:10A68C002B002343002BB4D1D1E72B00002CF9D0A5
:10A69C000B6E013C3370230001362B43F2E7019F14
:10A6AC00013D3B7801370B660197E7E70025E5E7AD
:10A6BC00C0235B051B6E013C3370013699E72B0000
:10A6CC00002ADFD1DCE7C0464946000045580000AF
:10A6DC00464300000022154B10B59A60DA601A61EF
:10A6EC005A619A61DA611A625A629A62DA621A6380
:10A6FC005A639A63DA631A645A649A64DA641A6560
:10A70C005A659A65DA651A665A669A66DA661A673F
:10A71C005A679A67DA67F03292000021044800F019
:10A72C007BFD044B044A1A6010BDC046000010505B
:10A73C00DC1B0020A41F002080011050F0B54E46F9
:10A74C004546DE465746E0B5214B00249E6D01255B
:10A75C0085B0002E22D01F4B9A46012399461E4BE2
:10A76C00984601E0202C19D02A00230001342F0038
:10A77C003240E4B26D00002AF4D0524697654A4646
:10A78C005B085B0022409B185B01434418009B460E
:10A79C0000F01EFC002808D1BE43E3D105B0F0BC8C
:10A7AC00BB46B246A946A046F0BD5B46E0219A786E
:10A7BC00DB8A01A883600023C9000180012102719A
:10A7CC00437100F025FC584600F0A0FBE4E7C046BE
:10A7DC0000001150003011509C1B00209823F0B544
:10A7EC00C646C84A00B5D55880232E009B021024BB
:10A7FC0084B01E401D4274D0C34BC44C9A6AC44BE7
:10A80C0000261A603B23E35C022B00D14FE17B2333
:10A81C00E35C022B00D1F3E0BB23E35C022B00D101
:10A82C00FAE0FB23E35C022B00D101E13C23FF3374
:10A83C00E35C022B00D12DE17C23FF33E35C022B84
:10A84C0000D10EE1BC23FF33E35C022B00D13FE1CE
:10A85C00FC23FF33E35C022B00D1F5E0AD4BE35C52
:10A86C00022B00D174E1AC4BE35C022B00D105E16F
:10A87C00AA4BE35C022B00D175E1A94BE35C022BE4
:10A88C0000D132E1A74BE35C022B00D1A0E1A64B37
:10A89C00E35C022B00D171E1A44BE35C022B00D1F1
:10A8AC00A1E1A34BE35C022B00D17FE1002E08D188
:10A8BC00A04B1B78002B04D180219F4A9033890236
:10A8CC00D150C02269468F4B92009B6C80265B0551
:10A8DC008A805B0D012101A8029300F099FB974C33
:10A8EC00B602EB0600D57FE080235B021D4231D01F
:10A8FC001E43012302249846844FBB7E002B14D0A8
:10A90C0000F09AFC012800D972E0C0220021380026
:10A91C00920100F001FB380000F0F8FA00F08CFC1A
:10A92C00012802D9844B5C661C664346FB702037B9
:10A93C00012C22D1C0236A46DB009380804A02ABF3
:10A94C0003CA03C3012101A800F062FB80227A4BE9
:10A95C0092021A6580235B011D4210D18023DB011A
:10A96C001D4223D180231B021D422FD1AE4200D0A9
:10A97C00C0E104B080BCB846F0BD0124BDE70024A2
:10A98C001E43604B1C60FFF7A5FE80236A465B00EC
:10A99C0093801472012101A800F03AFB8022664BCF
:10A9AC0012031A658023DB011D42DBD01E4380237A
:10A9BC006A46DB009380012101A800F029FB1022DC
:10A9CC005D4B1A6580231B021D42CFD01E43A02372
:10A9DC006A46DB009380012101A800F019FB80225C
:10A9EC00554B12011A65C1E7FFF7A8FE26007BE75D
:10A9FC00544B444A1C66536E2340A342FBD184E75C
:10AA0C007833E75C002F00D106E70233E25C002AC2
:10AA1C0000D00DE13E00FFE6B833E75C002F00D11B
:10AA2C00FFE60233E25C002A00D0F9E03E00F8E6D3
:10AA3C00F833E75C002F00D1F8E60233E25C002A21
:10AA4C0000D041E13E00F1E6F933FF33E75C002F23
:10AA5C0000D103E70233E25C002A00D02BE13E0078
:10AA6C00FCE67933FF33E75C002F00D1EAE60233D2
:10AA7C00E25C002A00D015E13E00E3E6324BE75CD5
:10AA8C00002F00D1F4E60233E25C002A00D001E191
:10AA9C003E00EDE63933FF33E75C002F00D1CBE607
:10AAAC000233E25C002A00D0EBE03E00C4E638330F
:10AABC00E65C002E00D1AAE60233E25C002A00D14B
:10AACC00A5E6200000222030E25400F04DFA9EE66C
:10AADC00B933FF33E75C002F00D1B9E60233E25CF7
:10AAEC00002A00D0C4E03E00B2E6184BE75C002F11
:10AAFC0000D1C7E60233E25C002A00D0B0E03E0091
:10AB0C00C0E6C04600001150004005409C1B0020D0
:10AB1C00941B00203B0200007B020000BB020000E3
:10AB2C00FB0200003B0300007B030000BB030000A2
:10AB3C00FB03000091240220003011501000020091
:10AB4C0000001050002011507A020000FA020000A0
:10AB5C006B4BE75C002F00D185E60233E25C002AE8
:10AB6C0076D13E007FE6674BE75C002F00D184E690
:10AB7C000233E25C002A63D13E007EE6624BE75C66
:10AB8C00002F00D188E60233E25C002A00D0A3E05B
:10AB9C005E4BE35C022B30D15D4BE35C002B27D189
:10ABAC005C4BE35C022B00D08BE63E005A4BE35C23
:10ABBC00002B00D17AE6FF239B00E25C002A00D137
:10ABCC007FE60022E2541C3BE01800F0CDF978E659
:10ABDC00524BE75C002F00D159E60233E25C002AAD
:10ABEC0016D13E0053E64A4BE35C002B00D158E6ED
:10ABFC00EF239B00E25C002A75D1464BE35C022BF1
:10AC0C0000D05EE6444BE35C002B00D159E6D2E762
:10AC1C000022E2541C3BE01800F0A6F93E0036E698
:10AC2C0020000022A030E2543E0000F09DF9F8E52F
:10AC3C00200000226030E2543E0000F095F9EBE574
:10AC4C000022E2541C3BE01800F08EF93E0014E6A2
:10AC5C000022E2541C3BE01800F086F93E0002E6AC
:10AC6C000022E2541C3BE01800F07EF93E0009E69D
:10AC7C0020000022A130FF30E2543E0000F074F9B5
:10AC8C00E6E5200000222130FF30E2543E0000F0C7
:10AC9C006BF9D1E50022E2541C3BE01800F064F99A
:10ACAC003E00E5E5200000226130FF30E2543E001A
:10ACBC0000F05AF9C6E520000022E130FF30E254E2
:10ACCC003E0000F051F9C9E520000022E030E254CA
:10ACDC003E0000F049F9A9E50022E2541C3BE018C3
:10ACEC0000F042F954E70022E2541C3BE01800F05B
:10ACFC003BF982E731000A48694000F0C5FAC046CA
:10AD0C003A020000BA0200007A030000BB03000004
:10AD1C00BA030000FB030000FA0300003A03000032
:10AD2C00A49B0010F0B5C64600B50200838A008BC8
:10AD3C008C46011C984200D9191CD478802520001F
:10AD4C00461EB04189B2ED000D4340032843012556
:10AD5C006C405B1AD47054789BB29382002C31D126
:10AD6C006446D568A4014E1E2D19B04614690029FD
:10AD7C0023D0062E32D92B0023439B072ED12B1B1D
:10AD8C00013B022B2AD900238F08BF00E658EE5056
:10AD9C0004339F42FAD14346ED19DB1BE419B94247
:10ADAC0009D026782E70002B05D066786E70012B9A
:10ADBC0001D0A378AB701469938A64181461802253
:10ADCC0012021043002B02D18023DB01184363468F
:10ADDC00002B00D0000480BCB846F0BD0023E65C1C
:10ADEC00EE5401339942FAD1E5E7C0468368F0B5D9
:10ADFC001A680400002900D0120C63789205900D9B
:10AE0C00002B08D1E38AC318E382238B834201D938
:10AE1C000023A382F0BDE368890125695E18471EF3
:10AE2C00002822D0062F26D901315B18EB1A022BF1
:10AE3C0021D92B0033439B071DD10023120E920006
:10AE4C00F158E95004339A42FAD1BF1AAD18B6182A
:10AE5C00904209D032782A70002F05D072786A702F
:10AE6C00012F01D0B278AA702569E38A2D18C31876
:10AE7C00E3822561C9E70022B35CAB5401329042F6
:10AE8C00FAD12569F1E7C04610B5040083680021AA
:10AE9C001B68FFF7ABFF63681B685B0002D5238B55
:10AEAC00834200D010BD01212000FFF79FFFF9E77E
:10AEBC00084A0300126C0020920703D49A78D20936
:10AECC00012A00D07047D87E023843425841C0B2A4
:10AEDC00F8E7C0460000115010B5FFF7E9FF002855
:10AEEC000CD00749074B8C46074A9B6A126863448F
:10AEFC009B1A0020C6229A424041C0B210BDC046E7
:10AF0C00E0FCFFFF00400540941B002000238376EB
:10AF1C00436103617047C04610B58368002901D0B6
:10AF2C001C682140002A12D08024E40011432242E4
:10AF3C000DD01A6822420CD1084A0A401A60084AFD
:10AF4C00126C920703D40C23033BFDD28368196067
:10AF5C0010BD8178034800F097F9C046FFFBFFFF56
:10AF6C0000001150B89B0010436870B5002180257B
:10AF7C0004001E68FFF7D6FE124B6D011A6C0543D8
:10AF8C00A37892070ED55B060ED00F4B1E40802384
:10AF9C009B05334362680021136020002A00FFF7F1
:10AFAC00BBFF70BDDB09F0D0A38A002BEDD00121D3
:10AFBC002000FFF7B7FEA023044ADB05324005430F
:10AFCC001343E7E700001150FFFFFFAFFFFFFFDF68
:10AFDC0070B5857E0400002D14D0FFF755FFA38AB1
:10AFEC00002B01D1280070BD2000FFF775FF002851
:10AFFC0003D0012300252377F4E72000FFF7B4FFEB
:10B00C000025EFE78178014800F03EF9D89B00104D
:10B01C00F0B5CE46474680B5437805000E0085B0A6
:10B02C00062B08D86C4A9B00D3589F466B4A137862
:10B03C000133DBB213706A4B1C686269EFF3108149
:10B04C0072B61368002BFCD0BFF35F8FA161200098
:10B05C00290000F001F96269A369BFF35F8F002139
:10B06C00116083F31088002804D105B0C0BCB94628
:10B07C00B046F0BD32006978287800F0E5F8F4E7C6
:10B08C000121584B1A788A431A701A7801318A4375
:10B09C001A7000225A701A7802318A431A70CAE761
:10B0AC005149524F894652490024002388463A7828
:10B0BC0012E043461B6861015B18002B06D0DB696C
:10B0CC00002B03D06968287898473A780134E4B2A9
:10B0DC00511C2300A14217DBA242EAD89B1A5B0148
:10B0EC004B44ECE73F4B1A78D207BED504211A78B3
:10B0FC000A431A709FE73B4B1A78D207B5D5042147
:10B10C001A788A431A7096E7364F3B785B072BD533
:10B11C0004223B78002193433B706B460632981D0A
:10B12C0000F07AF82B7801AC2370052363702C4B5C
:10B13C001B6898465A69EFF3108172B61368002B9E
:10B14C00FCD0BFF35F8F434640469961210000F06D
:10B15C0083F843465A699B69BFF35F8F00211160E6
:10B16C0083F31088002831D1FB78DB0700D47CE70F
:10B17C006B460A220021981D00F04EF82B7801AC8A
:10B18C002370032363706B686360154B1D686A69D9
:10B19C00EFF3108172B61368002BFCD0BFF35F8FF6
:10B1AC00A9612800210000F057F86A69AB69BFF368
:10B1BC005F8F0021116083F31088002800D154E7C1
:10B1CC0032006178207800F03FF84EE73200617869
:10B1DC00207800F039F8C7E768A00010922402200C
:10B1EC00881500203015002084A000109024022027
:10B1FC00801300207047C04601B40248844601BC4D
:10B20C00604700BFE51F001001B40248844601BC32
:10B21C00604700BFD169001001B40248844601BCEC
:10B22C00604700BF9120001001B40248844601BC65
:10B23C00604700BF2D6B001001B40248844601BC6E
:10B24C00604700BFF103001001B40248844601BC02
:10B25C00604700BF8D48001001B40248844601BC11
:10B26C00604700BFED62001001B40248844601BC87
:10B27C00604700BF1112001001B40248844601BCA3
:10B28C00604700BF656A001001B40248844601BCE7
:10B29C00604700BFFD03001010000000000000001C
:10B2AC00000001000000000000000000000002008F
:10B2BC00000000000000000000000300000000007F
:10B2CC00000000000000FF000000000001B548680D
:10B2DC0001318E460047704609380149884701BD47
:10B2EC0061080010000000000000000000000000D9
:10B2FC000000000000000000B8100020000000005A
:10B30C00503300004C330000543300005233000023
:10B31C004D5300004D4300005334000043340000F3
:10B32C004D40001001400010753F0010ED3E001024
:10B33C0000000000000100008C15002010000C0023
:10B34C0000000000000000000000000000000000F1
:10B35C0000000000FFFF00000000000000000000E3
:08B36C000000000000000000D9
:04000005100001E9FD
:00000001FF
