
/Users/stein/adv-emb/lab8/txbuild/src/lab8.elf:     file format elf32-littlearm

Sections:
Idx Name          Size      VMA       LMA       File off  Algn
  0 .boot2        00000100  10000000  10000000  00001000  2**0
                  CONTENTS, ALLOC, LOAD, READONLY, CODE
  1 .text         00009930  10000100  10000100  00001100  2**4
                  CONTENTS, ALLOC, LOAD, READONLY, CODE
  2 .rodata       00000928  10009a30  10009a30  0000aa30  2**3
                  CONTENTS, ALLOC, LOAD, READONLY, DATA
  3 .binary_info  00000024  1000a358  1000a358  0000b358  2**2
                  CONTENTS, ALLOC, LOAD, READONLY, DATA
  4 .ram_vector_table 000000c0  20000000  20000000  0000e000  2**2
                  ALLOC
  5 .uninitialized_data 00000000  200000c0  200000c0  0000d0b8  2**0
                  CONTENTS
  6 .data         00000ff8  200000c0  1000a37c  0000c0c0  2**4
                  CONTENTS, ALLOC, LOAD, READONLY, CODE
  7 .tdata        00000000  200010b8  200010b8  0000d0b8  2**0
                  CONTENTS, ALLOC, LOAD, DATA, THREAD_LOCAL
  8 .tbss         00000000  200010b8  200010b8  00000000  2**0
                  ALLOC, THREAD_LOCAL
  9 .bss          000213e4  200010b8  1000b374  0000d0b8  2**3
                  ALLOC
 10 .heap         00000800  2002249c  1000b374  0000d49c  2**2
                  ALLOC, READONLY
 11 .scratch_x    00000000  20040000  20040000  0000d0b8  2**0
                  CONTENTS
 12 .scratch_y    00000000  20041000  20041000  0000d0b8  2**0
                  CONTENTS
 13 .stack1_dummy 00000800  20040000  20040000  0000e000  2**2
                  ALLOC
 14 .stack_dummy  00000800  20041000  20041000  0000e000  2**5
                  ALLOC, READONLY
 15 .ARM.attributes 00000028  00000000  00000000  0000d0b8  2**0
                  CONTENTS, READONLY
 16 .comment      00000046  00000000  00000000  0000d0e0  2**0
                  CONTENTS, READONLY
 17 .debug_info   000428ea  00000000  00000000  0000d126  2**0
                  CONTENTS, READONLY, DEBUGGING, OCTETS
 18 .debug_abbrev 0000af17  00000000  00000000  0004fa10  2**0
                  CONTENTS, READONLY, DEBUGGING, OCTETS
 19 .debug_loclists 00026577  00000000  00000000  0005a927  2**0
                  CONTENTS, READONLY, DEBUGGING, OCTETS
 20 .debug_aranges 00001c50  00000000  00000000  00080ea0  2**3
                  CONTENTS, READONLY, DEBUGGING, OCTETS
 21 .debug_rnglists 00005e35  00000000  00000000  00082af0  2**0
                  CONTENTS, READONLY, DEBUGGING, OCTETS
 22 .debug_line   00030bc5  00000000  00000000  00088925  2**0
                  CONTENTS, READONLY, DEBUGGING, OCTETS
 23 .debug_str    0000bb5e  00000000  00000000  000b94ea  2**0
                  CONTENTS, READONLY, DEBUGGING, OCTETS
 24 .debug_frame  0000435c  00000000  00000000  000c5048  2**2
                  CONTENTS, READONLY, DEBUGGING, OCTETS
 25 .debug_line_str 000002ea  00000000  00000000  000c93a4  2**0
                  CONTENTS, READONLY, DEBUGGING, OCTETS

/Users/stein/adv-emb/lab8/txbuild/src/lab8.elf:     file format elf32-littlearm


Disassembly of section .boot2:

10000000 <__boot2_start__>:
10000000:	4b32b500 	.word	0x4b32b500
10000004:	60582021 	.word	0x60582021
10000008:	21026898 	.word	0x21026898
1000000c:	60984388 	.word	0x60984388
10000010:	611860d8 	.word	0x611860d8
10000014:	4b2e6158 	.word	0x4b2e6158
10000018:	60992100 	.word	0x60992100
1000001c:	61592102 	.word	0x61592102
10000020:	22f02101 	.word	0x22f02101
10000024:	492b5099 	.word	0x492b5099
10000028:	21016019 	.word	0x21016019
1000002c:	20356099 	.word	0x20356099
10000030:	f844f000 	.word	0xf844f000
10000034:	42902202 	.word	0x42902202
10000038:	2106d014 	.word	0x2106d014
1000003c:	f0006619 	.word	0xf0006619
10000040:	6e19f834 	.word	0x6e19f834
10000044:	66192101 	.word	0x66192101
10000048:	66182000 	.word	0x66182000
1000004c:	f000661a 	.word	0xf000661a
10000050:	6e19f82c 	.word	0x6e19f82c
10000054:	6e196e19 	.word	0x6e196e19
10000058:	f0002005 	.word	0xf0002005
1000005c:	2101f82f 	.word	0x2101f82f
10000060:	d1f94208 	.word	0xd1f94208
10000064:	60992100 	.word	0x60992100
10000068:	6019491b 	.word	0x6019491b
1000006c:	60592100 	.word	0x60592100
10000070:	481b491a 	.word	0x481b491a
10000074:	21016001 	.word	0x21016001
10000078:	21eb6099 	.word	0x21eb6099
1000007c:	21a06619 	.word	0x21a06619
10000080:	f0006619 	.word	0xf0006619
10000084:	2100f812 	.word	0x2100f812
10000088:	49166099 	.word	0x49166099
1000008c:	60014814 	.word	0x60014814
10000090:	60992101 	.word	0x60992101
10000094:	2800bc01 	.word	0x2800bc01
10000098:	4700d000 	.word	0x4700d000
1000009c:	49134812 	.word	0x49134812
100000a0:	c8036008 	.word	0xc8036008
100000a4:	8808f380 	.word	0x8808f380
100000a8:	b5034708 	.word	0xb5034708
100000ac:	20046a99 	.word	0x20046a99
100000b0:	d0fb4201 	.word	0xd0fb4201
100000b4:	42012001 	.word	0x42012001
100000b8:	bd03d1f8 	.word	0xbd03d1f8
100000bc:	6618b502 	.word	0x6618b502
100000c0:	f7ff6618 	.word	0xf7ff6618
100000c4:	6e18fff2 	.word	0x6e18fff2
100000c8:	bd026e18 	.word	0xbd026e18
100000cc:	40020000 	.word	0x40020000
100000d0:	18000000 	.word	0x18000000
100000d4:	00070000 	.word	0x00070000
100000d8:	005f0300 	.word	0x005f0300
100000dc:	00002221 	.word	0x00002221
100000e0:	180000f4 	.word	0x180000f4
100000e4:	a0002022 	.word	0xa0002022
100000e8:	10000100 	.word	0x10000100
100000ec:	e000ed08 	.word	0xe000ed08
	...
100000fc:	7a4eb274 	.word	0x7a4eb274

Disassembly of section .text:

10000100 <__VECTOR_TABLE>:
10000100:	20042000 	.word	0x20042000
10000104:	100001f7 	.word	0x100001f7
10000108:	100001cb 	.word	0x100001cb
1000010c:	100001cd 	.word	0x100001cd
10000110:	100001c9 	.word	0x100001c9
10000114:	100001c9 	.word	0x100001c9
10000118:	100001c9 	.word	0x100001c9
1000011c:	100001c9 	.word	0x100001c9
10000120:	100001c9 	.word	0x100001c9
10000124:	100001c9 	.word	0x100001c9
10000128:	100001c9 	.word	0x100001c9
1000012c:	100001cf 	.word	0x100001cf
10000130:	100001c9 	.word	0x100001c9
10000134:	100001c9 	.word	0x100001c9
10000138:	100001d1 	.word	0x100001d1
1000013c:	100001d3 	.word	0x100001d3
10000140:	100001c1 	.word	0x100001c1
10000144:	100001c1 	.word	0x100001c1
10000148:	100001c1 	.word	0x100001c1
1000014c:	100001c1 	.word	0x100001c1
10000150:	100001c1 	.word	0x100001c1
10000154:	100001c1 	.word	0x100001c1
10000158:	100001c1 	.word	0x100001c1
1000015c:	100001c1 	.word	0x100001c1
10000160:	100001c1 	.word	0x100001c1
10000164:	100001c1 	.word	0x100001c1
10000168:	100001c1 	.word	0x100001c1
1000016c:	100001c1 	.word	0x100001c1
10000170:	100001c1 	.word	0x100001c1
10000174:	100001c1 	.word	0x100001c1
10000178:	100001c1 	.word	0x100001c1
1000017c:	100001c1 	.word	0x100001c1
10000180:	100001c1 	.word	0x100001c1
10000184:	100001c1 	.word	0x100001c1
10000188:	100001c1 	.word	0x100001c1
1000018c:	100001c1 	.word	0x100001c1
10000190:	100001c1 	.word	0x100001c1
10000194:	100001c1 	.word	0x100001c1
10000198:	100001c1 	.word	0x100001c1
1000019c:	100001c1 	.word	0x100001c1
100001a0:	100001c1 	.word	0x100001c1
100001a4:	100001c1 	.word	0x100001c1
100001a8:	100001c1 	.word	0x100001c1
100001ac:	100001c1 	.word	0x100001c1
100001b0:	100001c1 	.word	0x100001c1
100001b4:	100001c1 	.word	0x100001c1
100001b8:	100001c1 	.word	0x100001c1
100001bc:	100001c1 	.word	0x100001c1

100001c0 <__unhandled_user_irq>:
100001c0:	f3ef 8005 	mrs	r0, IPSR
100001c4:	3810      	subs	r0, #16

100001c6 <unhandled_user_irq_num_in_r0>:
100001c6:	be00      	bkpt	0x0000

100001c8 <isr_invalid>:
100001c8:	be00      	bkpt	0x0000

100001ca <isr_nmi>:
100001ca:	be00      	bkpt	0x0000

100001cc <isr_hardfault>:
100001cc:	be00      	bkpt	0x0000

100001ce <isr_svcall>:
100001ce:	be00      	bkpt	0x0000

100001d0 <isr_pendsv>:
100001d0:	be00      	bkpt	0x0000

100001d2 <isr_systick>:
100001d2:	be00      	bkpt	0x0000

100001d4 <__default_isrs_end>:
100001d4:	7188ebf2 	.word	0x7188ebf2
100001d8:	1000a358 	.word	0x1000a358
100001dc:	1000a37c 	.word	0x1000a37c
100001e0:	10000238 	.word	0x10000238
100001e4:	e71aa390 	.word	0xe71aa390

100001e8 <_entry_point>:
100001e8:	481e      	ldr	r0, [pc, #120]	@ (10000264 <data_cpy_table+0x2c>)

100001ea <_enter_vtable_in_r0>:
100001ea:	491f      	ldr	r1, [pc, #124]	@ (10000268 <data_cpy_table+0x30>)
100001ec:	6008      	str	r0, [r1, #0]
100001ee:	c806      	ldmia	r0!, {r1, r2}
100001f0:	f381 8808 	msr	MSP, r1
100001f4:	4710      	bx	r2

100001f6 <_reset_handler>:
100001f6:	481d      	ldr	r0, [pc, #116]	@ (1000026c <data_cpy_table+0x34>)
100001f8:	6800      	ldr	r0, [r0, #0]
100001fa:	2800      	cmp	r0, #0
100001fc:	d001      	beq.n	10000202 <hold_non_core0_in_bootrom+0x4>

100001fe <hold_non_core0_in_bootrom>:
100001fe:	4819      	ldr	r0, [pc, #100]	@ (10000264 <data_cpy_table+0x2c>)
10000200:	e7f3      	b.n	100001ea <_enter_vtable_in_r0>
10000202:	a40d      	add	r4, pc, #52	@ (adr r4, 10000238 <data_cpy_table>)
10000204:	cc0e      	ldmia	r4!, {r1, r2, r3}
10000206:	2900      	cmp	r1, #0
10000208:	d002      	beq.n	10000210 <hold_non_core0_in_bootrom+0x12>
1000020a:	f000 f812 	bl	10000232 <data_cpy>
1000020e:	e7f9      	b.n	10000204 <hold_non_core0_in_bootrom+0x6>
10000210:	4917      	ldr	r1, [pc, #92]	@ (10000270 <data_cpy_table+0x38>)
10000212:	4a18      	ldr	r2, [pc, #96]	@ (10000274 <data_cpy_table+0x3c>)
10000214:	2000      	movs	r0, #0
10000216:	e000      	b.n	1000021a <bss_fill_test>

10000218 <bss_fill_loop>:
10000218:	c101      	stmia	r1!, {r0}

1000021a <bss_fill_test>:
1000021a:	4291      	cmp	r1, r2
1000021c:	d1fc      	bne.n	10000218 <bss_fill_loop>

1000021e <platform_entry>:
1000021e:	4916      	ldr	r1, [pc, #88]	@ (10000278 <data_cpy_table+0x40>)
10000220:	4788      	blx	r1
10000222:	4916      	ldr	r1, [pc, #88]	@ (1000027c <data_cpy_table+0x44>)
10000224:	4788      	blx	r1
10000226:	4916      	ldr	r1, [pc, #88]	@ (10000280 <data_cpy_table+0x48>)
10000228:	4788      	blx	r1
1000022a:	be00      	bkpt	0x0000
1000022c:	e7fd      	b.n	1000022a <platform_entry+0xc>

1000022e <data_cpy_loop>:
1000022e:	c901      	ldmia	r1!, {r0}
10000230:	c201      	stmia	r2!, {r0}

10000232 <data_cpy>:
10000232:	429a      	cmp	r2, r3
10000234:	d3fb      	bcc.n	1000022e <data_cpy_loop>
10000236:	4770      	bx	lr

10000238 <data_cpy_table>:
10000238:	1000a37c 	.word	0x1000a37c
1000023c:	200000c0 	.word	0x200000c0
10000240:	200010b8 	.word	0x200010b8
10000244:	1000b374 	.word	0x1000b374
10000248:	20040000 	.word	0x20040000
1000024c:	20040000 	.word	0x20040000
10000250:	1000b374 	.word	0x1000b374
10000254:	20041000 	.word	0x20041000
10000258:	20041000 	.word	0x20041000
1000025c:	00000000 	.word	0x00000000
10000260:	4770      	bx	lr
10000262:	0000      	.short	0x0000
10000264:	00000000 	.word	0x00000000
10000268:	e000ed08 	.word	0xe000ed08
1000026c:	d0000000 	.word	0xd0000000
10000270:	200010b8 	.word	0x200010b8
10000274:	2002249c 	.word	0x2002249c
10000278:	100039b1 	.word	0x100039b1
1000027c:	100003a1 	.word	0x100003a1
10000280:	100039a9 	.word	0x100039a9

10000284 <_init>:
10000284:	b5f8      	push	{r3, r4, r5, r6, r7, lr}
10000286:	46c0      	nop			@ (mov r8, r8)

10000288 <register_tm_clones>:
10000288:	4806      	ldr	r0, [pc, #24]	@ (100002a4 <register_tm_clones+0x1c>)
1000028a:	4907      	ldr	r1, [pc, #28]	@ (100002a8 <register_tm_clones+0x20>)
1000028c:	1a09      	subs	r1, r1, r0
1000028e:	108b      	asrs	r3, r1, #2
10000290:	0fc9      	lsrs	r1, r1, #31
10000292:	18c9      	adds	r1, r1, r3
10000294:	b510      	push	{r4, lr}
10000296:	1049      	asrs	r1, r1, #1
10000298:	d003      	beq.n	100002a2 <register_tm_clones+0x1a>
1000029a:	4b04      	ldr	r3, [pc, #16]	@ (100002ac <register_tm_clones+0x24>)
1000029c:	2b00      	cmp	r3, #0
1000029e:	d000      	beq.n	100002a2 <register_tm_clones+0x1a>
100002a0:	4798      	blx	r3
100002a2:	bd10      	pop	{r4, pc}
100002a4:	200010b8 	.word	0x200010b8
100002a8:	200010b8 	.word	0x200010b8
100002ac:	00000000 	.word	0x00000000

100002b0 <frame_dummy>:
100002b0:	4b05      	ldr	r3, [pc, #20]	@ (100002c8 <frame_dummy+0x18>)
100002b2:	b510      	push	{r4, lr}
100002b4:	2b00      	cmp	r3, #0
100002b6:	d003      	beq.n	100002c0 <frame_dummy+0x10>
100002b8:	4904      	ldr	r1, [pc, #16]	@ (100002cc <frame_dummy+0x1c>)
100002ba:	4805      	ldr	r0, [pc, #20]	@ (100002d0 <frame_dummy+0x20>)
100002bc:	e000      	b.n	100002c0 <frame_dummy+0x10>
100002be:	bf00      	nop
100002c0:	f7ff ffe2 	bl	10000288 <register_tm_clones>
100002c4:	bd10      	pop	{r4, pc}
100002c6:	46c0      	nop			@ (mov r8, r8)
100002c8:	00000000 	.word	0x00000000
100002cc:	20001fa8 	.word	0x20001fa8
100002d0:	10009a30 	.word	0x10009a30

100002d4 <PIOx_IRQHandler>:
100002d4:	b510      	push	{r4, lr}
100002d6:	4802      	ldr	r0, [pc, #8]	@ (100002e0 <PIOx_IRQHandler+0xc>)
100002d8:	f008 fbca 	bl	10008a70 <can2040_pio_irq_handler>
100002dc:	bd10      	pop	{r4, pc}
100002de:	46c0      	nop			@ (mov r8, r8)
100002e0:	20001a18 	.word	0x20001a18

100002e4 <CanTransmitTask>:
100002e4:	2301      	movs	r3, #1
100002e6:	b530      	push	{r4, r5, lr}
100002e8:	b085      	sub	sp, #20
100002ea:	9300      	str	r3, [sp, #0]
100002ec:	3307      	adds	r3, #7
100002ee:	9301      	str	r3, [sp, #4]
100002f0:	4b0a      	ldr	r3, [pc, #40]	@ (1000031c <CanTransmitTask+0x38>)
100002f2:	466a      	mov	r2, sp
100002f4:	9302      	str	r3, [sp, #8]
100002f6:	236f      	movs	r3, #111	@ 0x6f
100002f8:	4c09      	ldr	r4, [pc, #36]	@ (10000320 <CanTransmitTask+0x3c>)
100002fa:	4d0a      	ldr	r5, [pc, #40]	@ (10000324 <CanTransmitTask+0x40>)
100002fc:	7313      	strb	r3, [r2, #12]
100002fe:	4669      	mov	r1, sp
10000300:	0020      	movs	r0, r4
10000302:	f009 f869 	bl	100093d8 <can2040_transmit>
10000306:	2800      	cmp	r0, #0
10000308:	da02      	bge.n	10000310 <CanTransmitTask+0x2c>
1000030a:	0028      	movs	r0, r5
1000030c:	f003 fd60 	bl	10003dd0 <__wrap_printf>
10000310:	20fa      	movs	r0, #250	@ 0xfa
10000312:	00c0      	lsls	r0, r0, #3
10000314:	f007 fc66 	bl	10007be4 <vTaskDelay>
10000318:	e7f1      	b.n	100002fe <CanTransmitTask+0x1a>
1000031a:	46c0      	nop			@ (mov r8, r8)
1000031c:	6c6c6568 	.word	0x6c6c6568
10000320:	20001a18 	.word	0x20001a18
10000324:	10009a30 	.word	0x10009a30

10000328 <can2040_cb>:
10000328:	b510      	push	{r4, lr}
1000032a:	0014      	movs	r4, r2
1000032c:	02c9      	lsls	r1, r1, #11
1000032e:	d400      	bmi.n	10000332 <can2040_cb+0xa>
10000330:	bd10      	pop	{r4, pc}
10000332:	4b04      	ldr	r3, [pc, #16]	@ (10000344 <can2040_cb+0x1c>)
10000334:	2200      	movs	r2, #0
10000336:	0021      	movs	r1, r4
10000338:	6818      	ldr	r0, [r3, #0]
1000033a:	2300      	movs	r3, #0
1000033c:	f006 ff28 	bl	10007190 <xQueueGenericSendFromISR>
10000340:	e7f6      	b.n	10000330 <can2040_cb+0x8>
10000342:	46c0      	nop			@ (mov r8, r8)
10000344:	20002274 	.word	0x20002274

10000348 <canbus_setup>:
10000348:	b510      	push	{r4, lr}
1000034a:	4c10      	ldr	r4, [pc, #64]	@ (1000038c <canbus_setup+0x44>)
1000034c:	b082      	sub	sp, #8
1000034e:	0020      	movs	r0, r4
10000350:	2100      	movs	r1, #0
10000352:	f009 fa1f 	bl	10009794 <can2040_setup>
10000356:	0020      	movs	r0, r4
10000358:	490d      	ldr	r1, [pc, #52]	@ (10000390 <canbus_setup+0x48>)
1000035a:	f009 fa33 	bl	100097c4 <can2040_callback_config>
1000035e:	2007      	movs	r0, #7
10000360:	490c      	ldr	r1, [pc, #48]	@ (10000394 <canbus_setup+0x4c>)
10000362:	f000 f945 	bl	100005f0 <irq_set_exclusive_handler>
10000366:	217f      	movs	r1, #127	@ 0x7f
10000368:	2007      	movs	r0, #7
1000036a:	f000 fa65 	bl	10000838 <irq_set_priority>
1000036e:	2101      	movs	r1, #1
10000370:	2007      	movs	r0, #7
10000372:	f000 f905 	bl	10000580 <irq_set_enabled>
10000376:	2305      	movs	r3, #5
10000378:	0020      	movs	r0, r4
1000037a:	9300      	str	r3, [sp, #0]
1000037c:	4a06      	ldr	r2, [pc, #24]	@ (10000398 <canbus_setup+0x50>)
1000037e:	4907      	ldr	r1, [pc, #28]	@ (1000039c <canbus_setup+0x54>)
10000380:	3b01      	subs	r3, #1
10000382:	f009 fa21 	bl	100097c8 <can2040_start>
10000386:	b002      	add	sp, #8
10000388:	bd10      	pop	{r4, pc}
1000038a:	46c0      	nop			@ (mov r8, r8)
1000038c:	20001a18 	.word	0x20001a18
10000390:	10000329 	.word	0x10000329
10000394:	100002d5 	.word	0x100002d5
10000398:	0007a120 	.word	0x0007a120
1000039c:	07735940 	.word	0x07735940

100003a0 <main>:
100003a0:	b500      	push	{lr}
100003a2:	b083      	sub	sp, #12
100003a4:	f003 fc42 	bl	10003c2c <stdio_init_all>
100003a8:	480d      	ldr	r0, [pc, #52]	@ (100003e0 <main+0x40>)
100003aa:	f000 fe1d 	bl	10000fe8 <sleep_ms>
100003ae:	2200      	movs	r2, #0
100003b0:	2110      	movs	r1, #16
100003b2:	2040      	movs	r0, #64	@ 0x40
100003b4:	f006 fe9a 	bl	100070ec <xQueueGenericCreate>
100003b8:	4b0a      	ldr	r3, [pc, #40]	@ (100003e4 <main+0x44>)
100003ba:	6018      	str	r0, [r3, #0]
100003bc:	f7ff ffc4 	bl	10000348 <canbus_setup>
100003c0:	2300      	movs	r3, #0
100003c2:	2280      	movs	r2, #128	@ 0x80
100003c4:	9301      	str	r3, [sp, #4]
100003c6:	3301      	adds	r3, #1
100003c8:	4907      	ldr	r1, [pc, #28]	@ (100003e8 <main+0x48>)
100003ca:	9300      	str	r3, [sp, #0]
100003cc:	0092      	lsls	r2, r2, #2
100003ce:	2300      	movs	r3, #0
100003d0:	4806      	ldr	r0, [pc, #24]	@ (100003ec <main+0x4c>)
100003d2:	f007 faed 	bl	100079b0 <xTaskCreate>
100003d6:	f007 fafd 	bl	100079d4 <vTaskStartScheduler>
100003da:	2000      	movs	r0, #0
100003dc:	b003      	add	sp, #12
100003de:	bd00      	pop	{pc}
100003e0:	00001388 	.word	0x00001388
100003e4:	20002274 	.word	0x20002274
100003e8:	10009a58 	.word	0x10009a58
100003ec:	100002e5 	.word	0x100002e5

100003f0 <rp2040_chip_version>:
100003f0:	2380      	movs	r3, #128	@ 0x80
100003f2:	05db      	lsls	r3, r3, #23
100003f4:	6818      	ldr	r0, [r3, #0]
100003f6:	0f00      	lsrs	r0, r0, #28
100003f8:	4770      	bx	lr
100003fa:	46c0      	nop			@ (mov r8, r8)

100003fc <panic>:
100003fc:	b40f      	push	{r0, r1, r2, r3}
100003fe:	b500      	push	{lr}
10000400:	4808      	ldr	r0, [pc, #32]	@ (10000424 <panic+0x28>)
10000402:	b083      	sub	sp, #12
10000404:	f003 fc60 	bl	10003cc8 <__wrap_puts>
10000408:	9b04      	ldr	r3, [sp, #16]
1000040a:	2b00      	cmp	r3, #0
1000040c:	d007      	beq.n	1000041e <panic+0x22>
1000040e:	a905      	add	r1, sp, #20
10000410:	0018      	movs	r0, r3
10000412:	9101      	str	r1, [sp, #4]
10000414:	f003 faaa 	bl	1000396c <weak_raw_vprintf>
10000418:	4803      	ldr	r0, [pc, #12]	@ (10000428 <panic+0x2c>)
1000041a:	f003 fc55 	bl	10003cc8 <__wrap_puts>
1000041e:	2001      	movs	r0, #1
10000420:	f003 fabc 	bl	1000399c <_exit>
10000424:	10009a68 	.word	0x10009a68
10000428:	10009a78 	.word	0x10009a78

1000042c <panic_unsupported>:
1000042c:	b510      	push	{r4, lr}
1000042e:	4801      	ldr	r0, [pc, #4]	@ (10000434 <panic_unsupported+0x8>)
10000430:	f7ff ffe4 	bl	100003fc <panic>
10000434:	10009a7c 	.word	0x10009a7c

10000438 <hw_claim_or_assert>:
10000438:	b570      	push	{r4, r5, r6, lr}
1000043a:	f3ef 8c10 	mrs	ip, PRIMASK
1000043e:	b672      	cpsid	i
10000440:	4d0d      	ldr	r5, [pc, #52]	@ (10000478 <hw_claim_or_assert+0x40>)
10000442:	682b      	ldr	r3, [r5, #0]
10000444:	2b00      	cmp	r3, #0
10000446:	d0fc      	beq.n	10000442 <hw_claim_or_assert+0xa>
10000448:	f3bf 8f5f 	dmb	sy
1000044c:	2407      	movs	r4, #7
1000044e:	08cb      	lsrs	r3, r1, #3
10000450:	18c6      	adds	r6, r0, r3
10000452:	5cc0      	ldrb	r0, [r0, r3]
10000454:	2301      	movs	r3, #1
10000456:	400c      	ands	r4, r1
10000458:	40a3      	lsls	r3, r4
1000045a:	001c      	movs	r4, r3
1000045c:	4004      	ands	r4, r0
1000045e:	4203      	tst	r3, r0
10000460:	d107      	bne.n	10000472 <hw_claim_or_assert+0x3a>
10000462:	4318      	orrs	r0, r3
10000464:	7030      	strb	r0, [r6, #0]
10000466:	f3bf 8f5f 	dmb	sy
1000046a:	602c      	str	r4, [r5, #0]
1000046c:	f38c 8810 	msr	PRIMASK, ip
10000470:	bd70      	pop	{r4, r5, r6, pc}
10000472:	0010      	movs	r0, r2
10000474:	f7ff ffc2 	bl	100003fc <panic>
10000478:	d000012c 	.word	0xd000012c

1000047c <hw_claim_unused_from_range>:
1000047c:	b5f8      	push	{r3, r4, r5, r6, r7, lr}
1000047e:	4647      	mov	r7, r8
10000480:	46ce      	mov	lr, r9
10000482:	4688      	mov	r8, r1
10000484:	b580      	push	{r7, lr}
10000486:	f3ef 8c10 	mrs	ip, PRIMASK
1000048a:	b672      	cpsid	i
1000048c:	4d1c      	ldr	r5, [pc, #112]	@ (10000500 <hw_claim_unused_from_range+0x84>)
1000048e:	682c      	ldr	r4, [r5, #0]
10000490:	2c00      	cmp	r4, #0
10000492:	d0fc      	beq.n	1000048e <hw_claim_unused_from_range+0x12>
10000494:	f3bf 8f5f 	dmb	sy
10000498:	429a      	cmp	r2, r3
1000049a:	d822      	bhi.n	100004e2 <hw_claim_unused_from_range+0x66>
1000049c:	2107      	movs	r1, #7
1000049e:	2601      	movs	r6, #1
100004a0:	4689      	mov	r9, r1
100004a2:	e002      	b.n	100004aa <hw_claim_unused_from_range+0x2e>
100004a4:	3201      	adds	r2, #1
100004a6:	4293      	cmp	r3, r2
100004a8:	d318      	bcc.n	100004dc <hw_claim_unused_from_range+0x60>
100004aa:	464d      	mov	r5, r9
100004ac:	0037      	movs	r7, r6
100004ae:	4015      	ands	r5, r2
100004b0:	40af      	lsls	r7, r5
100004b2:	08d4      	lsrs	r4, r2, #3
100004b4:	1901      	adds	r1, r0, r4
100004b6:	5d04      	ldrb	r4, [r0, r4]
100004b8:	4227      	tst	r7, r4
100004ba:	d1f3      	bne.n	100004a4 <hw_claim_unused_from_range+0x28>
100004bc:	0010      	movs	r0, r2
100004be:	433c      	orrs	r4, r7
100004c0:	700c      	strb	r4, [r1, #0]
100004c2:	f3bf 8f5f 	dmb	sy
100004c6:	2200      	movs	r2, #0
100004c8:	4b0d      	ldr	r3, [pc, #52]	@ (10000500 <hw_claim_unused_from_range+0x84>)
100004ca:	601a      	str	r2, [r3, #0]
100004cc:	f38c 8810 	msr	PRIMASK, ip
100004d0:	2800      	cmp	r0, #0
100004d2:	db0e      	blt.n	100004f2 <hw_claim_unused_from_range+0x76>
100004d4:	bcc0      	pop	{r6, r7}
100004d6:	46b9      	mov	r9, r7
100004d8:	46b0      	mov	r8, r6
100004da:	bdf8      	pop	{r3, r4, r5, r6, r7, pc}
100004dc:	2001      	movs	r0, #1
100004de:	4240      	negs	r0, r0
100004e0:	e7ef      	b.n	100004c2 <hw_claim_unused_from_range+0x46>
100004e2:	f3bf 8f5f 	dmb	sy
100004e6:	2300      	movs	r3, #0
100004e8:	602b      	str	r3, [r5, #0]
100004ea:	f38c 8810 	msr	PRIMASK, ip
100004ee:	2001      	movs	r0, #1
100004f0:	4240      	negs	r0, r0
100004f2:	4643      	mov	r3, r8
100004f4:	2b00      	cmp	r3, #0
100004f6:	d0ed      	beq.n	100004d4 <hw_claim_unused_from_range+0x58>
100004f8:	9808      	ldr	r0, [sp, #32]
100004fa:	f7ff ff7f 	bl	100003fc <panic>
100004fe:	46c0      	nop			@ (mov r8, r8)
10000500:	d000012c 	.word	0xd000012c

10000504 <next_striped_spin_lock_num>:
10000504:	4a04      	ldr	r2, [pc, #16]	@ (10000518 <next_striped_spin_lock_num+0x14>)
10000506:	7810      	ldrb	r0, [r2, #0]
10000508:	1c43      	adds	r3, r0, #1
1000050a:	b2db      	uxtb	r3, r3
1000050c:	2b17      	cmp	r3, #23
1000050e:	d900      	bls.n	10000512 <next_striped_spin_lock_num+0xe>
10000510:	2310      	movs	r3, #16
10000512:	7013      	strb	r3, [r2, #0]
10000514:	4770      	bx	lr
10000516:	46c0      	nop			@ (mov r8, r8)
10000518:	20000fe8 	.word	0x20000fe8

1000051c <spin_lock_claim_unused>:
1000051c:	b510      	push	{r4, lr}
1000051e:	4b06      	ldr	r3, [pc, #24]	@ (10000538 <spin_lock_claim_unused+0x1c>)
10000520:	4c06      	ldr	r4, [pc, #24]	@ (1000053c <spin_lock_claim_unused+0x20>)
10000522:	b082      	sub	sp, #8
10000524:	0001      	movs	r1, r0
10000526:	9300      	str	r3, [sp, #0]
10000528:	2218      	movs	r2, #24
1000052a:	231f      	movs	r3, #31
1000052c:	0020      	movs	r0, r4
1000052e:	f7ff ffa5 	bl	1000047c <hw_claim_unused_from_range>
10000532:	b002      	add	sp, #8
10000534:	bd10      	pop	{r4, pc}
10000536:	46c0      	nop			@ (mov r8, r8)
10000538:	10009a8c 	.word	0x10009a8c
1000053c:	20001b38 	.word	0x20001b38

10000540 <spin_locks_reset>:
10000540:	2100      	movs	r1, #0
10000542:	4b04      	ldr	r3, [pc, #16]	@ (10000554 <spin_locks_reset+0x14>)
10000544:	4a04      	ldr	r2, [pc, #16]	@ (10000558 <spin_locks_reset+0x18>)
10000546:	f3bf 8f5f 	dmb	sy
1000054a:	c302      	stmia	r3!, {r1}
1000054c:	4293      	cmp	r3, r2
1000054e:	d1fa      	bne.n	10000546 <spin_locks_reset+0x6>
10000550:	4770      	bx	lr
10000552:	46c0      	nop			@ (mov r8, r8)
10000554:	d0000100 	.word	0xd0000100
10000558:	d0000180 	.word	0xd0000180

1000055c <runtime_init_per_core_irq_priorities>:
1000055c:	4b05      	ldr	r3, [pc, #20]	@ (10000574 <runtime_init_per_core_irq_priorities+0x18>)
1000055e:	4a06      	ldr	r2, [pc, #24]	@ (10000578 <runtime_init_per_core_irq_priorities+0x1c>)
10000560:	6013      	str	r3, [r2, #0]
10000562:	4a06      	ldr	r2, [pc, #24]	@ (1000057c <runtime_init_per_core_irq_priorities+0x20>)
10000564:	6013      	str	r3, [r2, #0]
10000566:	6053      	str	r3, [r2, #4]
10000568:	6093      	str	r3, [r2, #8]
1000056a:	60d3      	str	r3, [r2, #12]
1000056c:	6113      	str	r3, [r2, #16]
1000056e:	6153      	str	r3, [r2, #20]
10000570:	6193      	str	r3, [r2, #24]
10000572:	4770      	bx	lr
10000574:	80808080 	.word	0x80808080
10000578:	e000e400 	.word	0xe000e400
1000057c:	e000e404 	.word	0xe000e404

10000580 <irq_set_enabled>:
10000580:	231f      	movs	r3, #31
10000582:	4018      	ands	r0, r3
10000584:	3b1e      	subs	r3, #30
10000586:	4083      	lsls	r3, r0
10000588:	2900      	cmp	r1, #0
1000058a:	d005      	beq.n	10000598 <irq_set_enabled+0x18>
1000058c:	21c0      	movs	r1, #192	@ 0xc0
1000058e:	4a04      	ldr	r2, [pc, #16]	@ (100005a0 <irq_set_enabled+0x20>)
10000590:	0049      	lsls	r1, r1, #1
10000592:	5053      	str	r3, [r2, r1]
10000594:	6013      	str	r3, [r2, #0]
10000596:	4770      	bx	lr
10000598:	2280      	movs	r2, #128	@ 0x80
1000059a:	4901      	ldr	r1, [pc, #4]	@ (100005a0 <irq_set_enabled+0x20>)
1000059c:	508b      	str	r3, [r1, r2]
1000059e:	e7fa      	b.n	10000596 <irq_set_enabled+0x16>
100005a0:	e000e100 	.word	0xe000e100

100005a4 <irq_is_enabled>:
100005a4:	2201      	movs	r2, #1
100005a6:	4082      	lsls	r2, r0
100005a8:	4b03      	ldr	r3, [pc, #12]	@ (100005b8 <irq_is_enabled+0x14>)
100005aa:	681b      	ldr	r3, [r3, #0]
100005ac:	4013      	ands	r3, r2
100005ae:	1e5a      	subs	r2, r3, #1
100005b0:	4193      	sbcs	r3, r2
100005b2:	b2d8      	uxtb	r0, r3
100005b4:	4770      	bx	lr
100005b6:	46c0      	nop			@ (mov r8, r8)
100005b8:	e000e100 	.word	0xe000e100

100005bc <irq_set_pending>:
100005bc:	2301      	movs	r3, #1
100005be:	4083      	lsls	r3, r0
100005c0:	4a01      	ldr	r2, [pc, #4]	@ (100005c8 <irq_set_pending+0xc>)
100005c2:	6013      	str	r3, [r2, #0]
100005c4:	4770      	bx	lr
100005c6:	46c0      	nop			@ (mov r8, r8)
100005c8:	e000e200 	.word	0xe000e200

100005cc <irq_has_shared_handler>:
100005cc:	4b06      	ldr	r3, [pc, #24]	@ (100005e8 <irq_has_shared_handler+0x1c>)
100005ce:	3010      	adds	r0, #16
100005d0:	689b      	ldr	r3, [r3, #8]
100005d2:	0080      	lsls	r0, r0, #2
100005d4:	58c3      	ldr	r3, [r0, r3]
100005d6:	4a05      	ldr	r2, [pc, #20]	@ (100005ec <irq_has_shared_handler+0x20>)
100005d8:	2000      	movs	r0, #0
100005da:	1a9b      	subs	r3, r3, r2
100005dc:	222f      	movs	r2, #47	@ 0x2f
100005de:	429a      	cmp	r2, r3
100005e0:	4140      	adcs	r0, r0
100005e2:	b2c0      	uxtb	r0, r0
100005e4:	4770      	bx	lr
100005e6:	46c0      	nop			@ (mov r8, r8)
100005e8:	e000ed00 	.word	0xe000ed00
100005ec:	20000fec 	.word	0x20000fec

100005f0 <irq_set_exclusive_handler>:
100005f0:	b570      	push	{r4, r5, r6, lr}
100005f2:	000d      	movs	r5, r1
100005f4:	f3ef 8610 	mrs	r6, PRIMASK
100005f8:	b672      	cpsid	i
100005fa:	4a0f      	ldr	r2, [pc, #60]	@ (10000638 <irq_set_exclusive_handler+0x48>)
100005fc:	6813      	ldr	r3, [r2, #0]
100005fe:	2b00      	cmp	r3, #0
10000600:	d0fc      	beq.n	100005fc <irq_set_exclusive_handler+0xc>
10000602:	f3bf 8f5f 	dmb	sy
10000606:	4b0d      	ldr	r3, [pc, #52]	@ (1000063c <irq_set_exclusive_handler+0x4c>)
10000608:	3010      	adds	r0, #16
1000060a:	689b      	ldr	r3, [r3, #8]
1000060c:	0084      	lsls	r4, r0, #2
1000060e:	591b      	ldr	r3, [r3, r4]
10000610:	4a0b      	ldr	r2, [pc, #44]	@ (10000640 <irq_set_exclusive_handler+0x50>)
10000612:	4293      	cmp	r3, r2
10000614:	d003      	beq.n	1000061e <irq_set_exclusive_handler+0x2e>
10000616:	429d      	cmp	r5, r3
10000618:	d001      	beq.n	1000061e <irq_set_exclusive_handler+0x2e>
1000061a:	f001 f817 	bl	1000164c <hard_assertion_failure>
1000061e:	4b07      	ldr	r3, [pc, #28]	@ (1000063c <irq_set_exclusive_handler+0x4c>)
10000620:	689b      	ldr	r3, [r3, #8]
10000622:	511d      	str	r5, [r3, r4]
10000624:	f3bf 8f5f 	dmb	sy
10000628:	f3bf 8f5f 	dmb	sy
1000062c:	2200      	movs	r2, #0
1000062e:	4b02      	ldr	r3, [pc, #8]	@ (10000638 <irq_set_exclusive_handler+0x48>)
10000630:	601a      	str	r2, [r3, #0]
10000632:	f386 8810 	msr	PRIMASK, r6
10000636:	bd70      	pop	{r4, r5, r6, pc}
10000638:	d0000124 	.word	0xd0000124
1000063c:	e000ed00 	.word	0xe000ed00
10000640:	100001c1 	.word	0x100001c1

10000644 <irq_add_shared_handler>:
10000644:	b5f0      	push	{r4, r5, r6, r7, lr}
10000646:	4657      	mov	r7, sl
10000648:	464e      	mov	r6, r9
1000064a:	46de      	mov	lr, fp
1000064c:	4645      	mov	r5, r8
1000064e:	b5e0      	push	{r5, r6, r7, lr}
10000650:	b085      	sub	sp, #20
10000652:	0006      	movs	r6, r0
10000654:	9100      	str	r1, [sp, #0]
10000656:	0017      	movs	r7, r2
10000658:	f3ef 8b10 	mrs	fp, PRIMASK
1000065c:	b672      	cpsid	i
1000065e:	4a6a      	ldr	r2, [pc, #424]	@ (10000808 <irq_add_shared_handler+0x1c4>)
10000660:	6813      	ldr	r3, [r2, #0]
10000662:	2b00      	cmp	r3, #0
10000664:	d0fc      	beq.n	10000660 <irq_add_shared_handler+0x1c>
10000666:	f3bf 8f5f 	dmb	sy
1000066a:	2500      	movs	r5, #0
1000066c:	4b67      	ldr	r3, [pc, #412]	@ (1000080c <irq_add_shared_handler+0x1c8>)
1000066e:	575d      	ldrsb	r5, [r3, r5]
10000670:	469a      	mov	sl, r3
10000672:	2d00      	cmp	r5, #0
10000674:	da00      	bge.n	10000678 <irq_add_shared_handler+0x34>
10000676:	e0a9      	b.n	100007cc <irq_add_shared_handler+0x188>
10000678:	006b      	lsls	r3, r5, #1
1000067a:	4c65      	ldr	r4, [pc, #404]	@ (10000810 <irq_add_shared_handler+0x1cc>)
1000067c:	9301      	str	r3, [sp, #4]
1000067e:	195b      	adds	r3, r3, r5
10000680:	009b      	lsls	r3, r3, #2
10000682:	4698      	mov	r8, r3
10000684:	46a1      	mov	r9, r4
10000686:	44c1      	add	r9, r8
10000688:	464b      	mov	r3, r9
1000068a:	4652      	mov	r2, sl
1000068c:	799b      	ldrb	r3, [r3, #6]
1000068e:	3610      	adds	r6, #16
10000690:	7013      	strb	r3, [r2, #0]
10000692:	4b60      	ldr	r3, [pc, #384]	@ (10000814 <irq_add_shared_handler+0x1d0>)
10000694:	00b6      	lsls	r6, r6, #2
10000696:	689b      	ldr	r3, [r3, #8]
10000698:	5999      	ldr	r1, [r3, r6]
1000069a:	1b0b      	subs	r3, r1, r4
1000069c:	2b2f      	cmp	r3, #47	@ 0x2f
1000069e:	d933      	bls.n	10000708 <irq_add_shared_handler+0xc4>
100006a0:	4b5d      	ldr	r3, [pc, #372]	@ (10000818 <irq_add_shared_handler+0x1d4>)
100006a2:	4299      	cmp	r1, r3
100006a4:	d000      	beq.n	100006a8 <irq_add_shared_handler+0x64>
100006a6:	e0ac      	b.n	10000802 <irq_add_shared_handler+0x1be>
100006a8:	9b01      	ldr	r3, [sp, #4]
100006aa:	4642      	mov	r2, r8
100006ac:	469c      	mov	ip, r3
100006ae:	4b5b      	ldr	r3, [pc, #364]	@ (1000081c <irq_add_shared_handler+0x1d8>)
100006b0:	4465      	add	r5, ip
100006b2:	00ad      	lsls	r5, r5, #2
100006b4:	5363      	strh	r3, [r4, r5]
100006b6:	4b5a      	ldr	r3, [pc, #360]	@ (10000820 <irq_add_shared_handler+0x1dc>)
100006b8:	3202      	adds	r2, #2
100006ba:	18a2      	adds	r2, r4, r2
100006bc:	3b04      	subs	r3, #4
100006be:	1a9b      	subs	r3, r3, r2
100006c0:	051b      	lsls	r3, r3, #20
100006c2:	4a58      	ldr	r2, [pc, #352]	@ (10000824 <irq_add_shared_handler+0x1e0>)
100006c4:	0d5b      	lsrs	r3, r3, #21
100006c6:	1965      	adds	r5, r4, r5
100006c8:	4313      	orrs	r3, r2
100006ca:	806b      	strh	r3, [r5, #2]
100006cc:	4b56      	ldr	r3, [pc, #344]	@ (10000828 <irq_add_shared_handler+0x1e4>)
100006ce:	2101      	movs	r1, #1
100006d0:	80ab      	strh	r3, [r5, #4]
100006d2:	23ff      	movs	r3, #255	@ 0xff
100006d4:	71ab      	strb	r3, [r5, #6]
100006d6:	9b00      	ldr	r3, [sp, #0]
100006d8:	71ef      	strb	r7, [r5, #7]
100006da:	60ab      	str	r3, [r5, #8]
100006dc:	464b      	mov	r3, r9
100006de:	430b      	orrs	r3, r1
100006e0:	0019      	movs	r1, r3
100006e2:	4b4c      	ldr	r3, [pc, #304]	@ (10000814 <irq_add_shared_handler+0x1d0>)
100006e4:	689b      	ldr	r3, [r3, #8]
100006e6:	5199      	str	r1, [r3, r6]
100006e8:	f3bf 8f5f 	dmb	sy
100006ec:	f3bf 8f5f 	dmb	sy
100006f0:	2200      	movs	r2, #0
100006f2:	4b45      	ldr	r3, [pc, #276]	@ (10000808 <irq_add_shared_handler+0x1c4>)
100006f4:	601a      	str	r2, [r3, #0]
100006f6:	f38b 8810 	msr	PRIMASK, fp
100006fa:	b005      	add	sp, #20
100006fc:	bcf0      	pop	{r4, r5, r6, r7}
100006fe:	46bb      	mov	fp, r7
10000700:	46b2      	mov	sl, r6
10000702:	46a9      	mov	r9, r5
10000704:	46a0      	mov	r8, r4
10000706:	bdf0      	pop	{r4, r5, r6, r7, pc}
10000708:	2001      	movs	r0, #1
1000070a:	000a      	movs	r2, r1
1000070c:	4382      	bics	r2, r0
1000070e:	79d3      	ldrb	r3, [r2, #7]
10000710:	468c      	mov	ip, r1
10000712:	42bb      	cmp	r3, r7
10000714:	d831      	bhi.n	1000077a <irq_add_shared_handler+0x136>
10000716:	4645      	mov	r5, r8
10000718:	0013      	movs	r3, r2
1000071a:	4944      	ldr	r1, [pc, #272]	@ (1000082c <irq_add_shared_handler+0x1e8>)
1000071c:	1b1b      	subs	r3, r3, r4
1000071e:	415b      	adcs	r3, r3
10000720:	4359      	muls	r1, r3
10000722:	0d09      	lsrs	r1, r1, #20
10000724:	4b3d      	ldr	r3, [pc, #244]	@ (1000081c <irq_add_shared_handler+0x1d8>)
10000726:	5363      	strh	r3, [r4, r5]
10000728:	4b3d      	ldr	r3, [pc, #244]	@ (10000820 <irq_add_shared_handler+0x1dc>)
1000072a:	3502      	adds	r5, #2
1000072c:	1965      	adds	r5, r4, r5
1000072e:	3b04      	subs	r3, #4
10000730:	1b5b      	subs	r3, r3, r5
10000732:	051b      	lsls	r3, r3, #20
10000734:	4d3b      	ldr	r5, [pc, #236]	@ (10000824 <irq_add_shared_handler+0x1e0>)
10000736:	0d5b      	lsrs	r3, r3, #21
10000738:	432b      	orrs	r3, r5
1000073a:	46aa      	mov	sl, r5
1000073c:	464d      	mov	r5, r9
1000073e:	806b      	strh	r3, [r5, #2]
10000740:	2504      	movs	r5, #4
10000742:	46ac      	mov	ip, r5
10000744:	4655      	mov	r5, sl
10000746:	44e0      	add	r8, ip
10000748:	1f13      	subs	r3, r2, #4
1000074a:	4444      	add	r4, r8
1000074c:	1b1b      	subs	r3, r3, r4
1000074e:	051b      	lsls	r3, r3, #20
10000750:	0d5b      	lsrs	r3, r3, #21
10000752:	431d      	orrs	r5, r3
10000754:	464b      	mov	r3, r9
10000756:	7199      	strb	r1, [r3, #6]
10000758:	9900      	ldr	r1, [sp, #0]
1000075a:	809d      	strh	r5, [r3, #4]
1000075c:	6099      	str	r1, [r3, #8]
1000075e:	4649      	mov	r1, r9
10000760:	71df      	strb	r7, [r3, #7]
10000762:	4b33      	ldr	r3, [pc, #204]	@ (10000830 <irq_add_shared_handler+0x1ec>)
10000764:	4301      	orrs	r1, r0
10000766:	6013      	str	r3, [r2, #0]
10000768:	e7bb      	b.n	100006e2 <irq_add_shared_handler+0x9e>
1000076a:	0058      	lsls	r0, r3, #1
1000076c:	18c0      	adds	r0, r0, r3
1000076e:	0080      	lsls	r0, r0, #2
10000770:	1820      	adds	r0, r4, r0
10000772:	79c1      	ldrb	r1, [r0, #7]
10000774:	42b9      	cmp	r1, r7
10000776:	d92f      	bls.n	100007d8 <irq_add_shared_handler+0x194>
10000778:	0002      	movs	r2, r0
1000077a:	2306      	movs	r3, #6
1000077c:	56d3      	ldrsb	r3, [r2, r3]
1000077e:	2b00      	cmp	r3, #0
10000780:	daf3      	bge.n	1000076a <irq_add_shared_handler+0x126>
10000782:	9302      	str	r3, [sp, #8]
10000784:	4b2b      	ldr	r3, [pc, #172]	@ (10000834 <irq_add_shared_handler+0x1f0>)
10000786:	4661      	mov	r1, ip
10000788:	9303      	str	r3, [sp, #12]
1000078a:	1d13      	adds	r3, r2, #4
1000078c:	469a      	mov	sl, r3
1000078e:	2304      	movs	r3, #4
10000790:	425b      	negs	r3, r3
10000792:	469c      	mov	ip, r3
10000794:	44e1      	add	r9, ip
10000796:	4650      	mov	r0, sl
10000798:	464b      	mov	r3, r9
1000079a:	1a1b      	subs	r3, r3, r0
1000079c:	051b      	lsls	r3, r3, #20
1000079e:	0d5b      	lsrs	r3, r3, #21
100007a0:	469c      	mov	ip, r3
100007a2:	4b20      	ldr	r3, [pc, #128]	@ (10000824 <irq_add_shared_handler+0x1e0>)
100007a4:	7195      	strb	r5, [r2, #6]
100007a6:	4698      	mov	r8, r3
100007a8:	4663      	mov	r3, ip
100007aa:	4640      	mov	r0, r8
100007ac:	4303      	orrs	r3, r0
100007ae:	8093      	strh	r3, [r2, #4]
100007b0:	9b01      	ldr	r3, [sp, #4]
100007b2:	195a      	adds	r2, r3, r5
100007b4:	0092      	lsls	r2, r2, #2
100007b6:	9b03      	ldr	r3, [sp, #12]
100007b8:	18a4      	adds	r4, r4, r2
100007ba:	80a3      	strh	r3, [r4, #4]
100007bc:	9b02      	ldr	r3, [sp, #8]
100007be:	4a1c      	ldr	r2, [pc, #112]	@ (10000830 <irq_add_shared_handler+0x1ec>)
100007c0:	71a3      	strb	r3, [r4, #6]
100007c2:	9b00      	ldr	r3, [sp, #0]
100007c4:	6022      	str	r2, [r4, #0]
100007c6:	71e7      	strb	r7, [r4, #7]
100007c8:	60a3      	str	r3, [r4, #8]
100007ca:	e78a      	b.n	100006e2 <irq_add_shared_handler+0x9e>
100007cc:	f000 ff3e 	bl	1000164c <hard_assertion_failure>
100007d0:	2500      	movs	r5, #0
100007d2:	4653      	mov	r3, sl
100007d4:	575d      	ldrsb	r5, [r3, r5]
100007d6:	e74f      	b.n	10000678 <irq_add_shared_handler+0x34>
100007d8:	8890      	ldrh	r0, [r2, #4]
100007da:	9302      	str	r3, [sp, #8]
100007dc:	0540      	lsls	r0, r0, #21
100007de:	1d13      	adds	r3, r2, #4
100007e0:	469a      	mov	sl, r3
100007e2:	1503      	asrs	r3, r0, #20
100007e4:	4661      	mov	r1, ip
100007e6:	469c      	mov	ip, r3
100007e8:	4640      	mov	r0, r8
100007ea:	44d4      	add	ip, sl
100007ec:	4663      	mov	r3, ip
100007ee:	3004      	adds	r0, #4
100007f0:	1820      	adds	r0, r4, r0
100007f2:	1a18      	subs	r0, r3, r0
100007f4:	23e0      	movs	r3, #224	@ 0xe0
100007f6:	0500      	lsls	r0, r0, #20
100007f8:	0d40      	lsrs	r0, r0, #21
100007fa:	021b      	lsls	r3, r3, #8
100007fc:	4318      	orrs	r0, r3
100007fe:	9003      	str	r0, [sp, #12]
10000800:	e7c5      	b.n	1000078e <irq_add_shared_handler+0x14a>
10000802:	f000 ff23 	bl	1000164c <hard_assertion_failure>
10000806:	e74f      	b.n	100006a8 <irq_add_shared_handler+0x64>
10000808:	d0000124 	.word	0xd0000124
1000080c:	20022494 	.word	0x20022494
10000810:	20000fec 	.word	0x20000fec
10000814:	e000ed00 	.word	0xe000ed00
10000818:	100001c1 	.word	0x100001c1
1000081c:	ffffa100 	.word	0xffffa100
10000820:	2000101c 	.word	0x2000101c
10000824:	ffffe000 	.word	0xffffe000
10000828:	ffffbd01 	.word	0xffffbd01
1000082c:	0000aaaa 	.word	0x0000aaaa
10000830:	47804801 	.word	0x47804801
10000834:	0000bd01 	.word	0x0000bd01

10000838 <irq_set_priority>:
10000838:	b510      	push	{r4, lr}
1000083a:	0883      	lsrs	r3, r0, #2
1000083c:	0004      	movs	r4, r0
1000083e:	2003      	movs	r0, #3
10000840:	4020      	ands	r0, r4
10000842:	24ff      	movs	r4, #255	@ 0xff
10000844:	4a05      	ldr	r2, [pc, #20]	@ (1000085c <irq_set_priority+0x24>)
10000846:	00c0      	lsls	r0, r0, #3
10000848:	4694      	mov	ip, r2
1000084a:	4084      	lsls	r4, r0
1000084c:	4081      	lsls	r1, r0
1000084e:	009b      	lsls	r3, r3, #2
10000850:	4463      	add	r3, ip
10000852:	681a      	ldr	r2, [r3, #0]
10000854:	43a2      	bics	r2, r4
10000856:	430a      	orrs	r2, r1
10000858:	601a      	str	r2, [r3, #0]
1000085a:	bd10      	pop	{r4, pc}
1000085c:	e000e400 	.word	0xe000e400

10000860 <irq_add_tail_to_free_list>:
10000860:	b570      	push	{r4, r5, r6, lr}
10000862:	2401      	movs	r4, #1
10000864:	4304      	orrs	r4, r0
10000866:	f3ef 8105 	mrs	r1, IPSR
1000086a:	f3ef 8c10 	mrs	ip, PRIMASK
1000086e:	b672      	cpsid	i
10000870:	4a21      	ldr	r2, [pc, #132]	@ (100008f8 <irq_add_tail_to_free_list+0x98>)
10000872:	6813      	ldr	r3, [r2, #0]
10000874:	2b00      	cmp	r3, #0
10000876:	d0fc      	beq.n	10000872 <irq_add_tail_to_free_list+0x12>
10000878:	f3bf 8f5f 	dmb	sy
1000087c:	4b1f      	ldr	r3, [pc, #124]	@ (100008fc <irq_add_tail_to_free_list+0x9c>)
1000087e:	0005      	movs	r5, r0
10000880:	4a1f      	ldr	r2, [pc, #124]	@ (10000900 <irq_add_tail_to_free_list+0xa0>)
10000882:	1aed      	subs	r5, r5, r3
10000884:	416d      	adcs	r5, r5
10000886:	436a      	muls	r2, r5
10000888:	0d12      	lsrs	r2, r2, #20
1000088a:	4d1e      	ldr	r5, [pc, #120]	@ (10000904 <irq_add_tail_to_free_list+0xa4>)
1000088c:	0089      	lsls	r1, r1, #2
1000088e:	68ae      	ldr	r6, [r5, #8]
10000890:	b252      	sxtb	r2, r2
10000892:	5876      	ldr	r6, [r6, r1]
10000894:	42a6      	cmp	r6, r4
10000896:	d01c      	beq.n	100008d2 <irq_add_tail_to_free_list+0x72>
10000898:	2106      	movs	r1, #6
1000089a:	5659      	ldrsb	r1, [r3, r1]
1000089c:	4291      	cmp	r1, r2
1000089e:	d01c      	beq.n	100008da <irq_add_tail_to_free_list+0x7a>
100008a0:	2112      	movs	r1, #18
100008a2:	5659      	ldrsb	r1, [r3, r1]
100008a4:	4291      	cmp	r1, r2
100008a6:	d022      	beq.n	100008ee <irq_add_tail_to_free_list+0x8e>
100008a8:	211e      	movs	r1, #30
100008aa:	5659      	ldrsb	r1, [r3, r1]
100008ac:	4291      	cmp	r1, r2
100008ae:	d020      	beq.n	100008f2 <irq_add_tail_to_free_list+0x92>
100008b0:	212a      	movs	r1, #42	@ 0x2a
100008b2:	5659      	ldrsb	r1, [r3, r1]
100008b4:	2403      	movs	r4, #3
100008b6:	4291      	cmp	r1, r2
100008b8:	d010      	beq.n	100008dc <irq_add_tail_to_free_list+0x7c>
100008ba:	4b13      	ldr	r3, [pc, #76]	@ (10000908 <irq_add_tail_to_free_list+0xa8>)
100008bc:	7819      	ldrb	r1, [r3, #0]
100008be:	701a      	strb	r2, [r3, #0]
100008c0:	7181      	strb	r1, [r0, #6]
100008c2:	f3bf 8f5f 	dmb	sy
100008c6:	2200      	movs	r2, #0
100008c8:	4b0b      	ldr	r3, [pc, #44]	@ (100008f8 <irq_add_tail_to_free_list+0x98>)
100008ca:	601a      	str	r2, [r3, #0]
100008cc:	f38c 8810 	msr	PRIMASK, ip
100008d0:	bd70      	pop	{r4, r5, r6, pc}
100008d2:	68ab      	ldr	r3, [r5, #8]
100008d4:	4c0d      	ldr	r4, [pc, #52]	@ (1000090c <irq_add_tail_to_free_list+0xac>)
100008d6:	505c      	str	r4, [r3, r1]
100008d8:	e7ef      	b.n	100008ba <irq_add_tail_to_free_list+0x5a>
100008da:	2400      	movs	r4, #0
100008dc:	0061      	lsls	r1, r4, #1
100008de:	1909      	adds	r1, r1, r4
100008e0:	0089      	lsls	r1, r1, #2
100008e2:	185b      	adds	r3, r3, r1
100008e4:	21ff      	movs	r1, #255	@ 0xff
100008e6:	7199      	strb	r1, [r3, #6]
100008e8:	4909      	ldr	r1, [pc, #36]	@ (10000910 <irq_add_tail_to_free_list+0xb0>)
100008ea:	8099      	strh	r1, [r3, #4]
100008ec:	e7e5      	b.n	100008ba <irq_add_tail_to_free_list+0x5a>
100008ee:	2401      	movs	r4, #1
100008f0:	e7f4      	b.n	100008dc <irq_add_tail_to_free_list+0x7c>
100008f2:	2402      	movs	r4, #2
100008f4:	e7f2      	b.n	100008dc <irq_add_tail_to_free_list+0x7c>
100008f6:	46c0      	nop			@ (mov r8, r8)
100008f8:	d0000124 	.word	0xd0000124
100008fc:	20000fec 	.word	0x20000fec
10000900:	0000aaaa 	.word	0x0000aaaa
10000904:	e000ed00 	.word	0xe000ed00
10000908:	20022494 	.word	0x20022494
1000090c:	100001c1 	.word	0x100001c1
10000910:	ffffbd01 	.word	0xffffbd01

10000914 <user_irq_claim_unused>:
10000914:	b510      	push	{r4, lr}
10000916:	4b08      	ldr	r3, [pc, #32]	@ (10000938 <user_irq_claim_unused+0x24>)
10000918:	4c08      	ldr	r4, [pc, #32]	@ (1000093c <user_irq_claim_unused+0x28>)
1000091a:	b082      	sub	sp, #8
1000091c:	0001      	movs	r1, r0
1000091e:	9300      	str	r3, [sp, #0]
10000920:	2200      	movs	r2, #0
10000922:	2305      	movs	r3, #5
10000924:	0020      	movs	r0, r4
10000926:	f7ff fda9 	bl	1000047c <hw_claim_unused_from_range>
1000092a:	2800      	cmp	r0, #0
1000092c:	db01      	blt.n	10000932 <user_irq_claim_unused+0x1e>
1000092e:	231f      	movs	r3, #31
10000930:	1a18      	subs	r0, r3, r0
10000932:	b002      	add	sp, #8
10000934:	bd10      	pop	{r4, pc}
10000936:	46c0      	nop			@ (mov r8, r8)
10000938:	10009aa8 	.word	0x10009aa8
1000093c:	20022498 	.word	0x20022498

10000940 <lock_init>:
10000940:	4b02      	ldr	r3, [pc, #8]	@ (1000094c <lock_init+0xc>)
10000942:	469c      	mov	ip, r3
10000944:	4461      	add	r1, ip
10000946:	0089      	lsls	r1, r1, #2
10000948:	6001      	str	r1, [r0, #0]
1000094a:	4770      	bx	lr
1000094c:	34000040 	.word	0x34000040

10000950 <runtime_init_mutex>:
10000950:	b5f8      	push	{r3, r4, r5, r6, r7, lr}
10000952:	4c12      	ldr	r4, [pc, #72]	@ (1000099c <runtime_init_mutex+0x4c>)
10000954:	4d12      	ldr	r5, [pc, #72]	@ (100009a0 <runtime_init_mutex+0x50>)
10000956:	42ac      	cmp	r4, r5
10000958:	d212      	bcs.n	10000980 <runtime_init_mutex+0x30>
1000095a:	2601      	movs	r6, #1
1000095c:	2700      	movs	r7, #0
1000095e:	4276      	negs	r6, r6
10000960:	6823      	ldr	r3, [r4, #0]
10000962:	2b00      	cmp	r3, #0
10000964:	d00d      	beq.n	10000982 <runtime_init_mutex+0x32>
10000966:	f7ff fdcd 	bl	10000504 <next_striped_spin_lock_num>
1000096a:	0001      	movs	r1, r0
1000096c:	0020      	movs	r0, r4
1000096e:	f7ff ffe7 	bl	10000940 <lock_init>
10000972:	6066      	str	r6, [r4, #4]
10000974:	7227      	strb	r7, [r4, #8]
10000976:	f3bf 8f5f 	dmb	sy
1000097a:	340c      	adds	r4, #12
1000097c:	42ac      	cmp	r4, r5
1000097e:	d3ef      	bcc.n	10000960 <runtime_init_mutex+0x10>
10000980:	bdf8      	pop	{r3, r4, r5, r6, r7, pc}
10000982:	f7ff fdbf 	bl	10000504 <next_striped_spin_lock_num>
10000986:	0001      	movs	r1, r0
10000988:	0020      	movs	r0, r4
1000098a:	f7ff ffd9 	bl	10000940 <lock_init>
1000098e:	6066      	str	r6, [r4, #4]
10000990:	f3bf 8f5f 	dmb	sy
10000994:	3408      	adds	r4, #8
10000996:	42ac      	cmp	r4, r5
10000998:	d3e2      	bcc.n	10000960 <runtime_init_mutex+0x10>
1000099a:	e7f1      	b.n	10000980 <runtime_init_mutex+0x30>
1000099c:	200010a8 	.word	0x200010a8
100009a0:	200010b8 	.word	0x200010b8

100009a4 <mutex_init>:
100009a4:	b510      	push	{r4, lr}
100009a6:	0004      	movs	r4, r0
100009a8:	f7ff fdac 	bl	10000504 <next_striped_spin_lock_num>
100009ac:	0001      	movs	r1, r0
100009ae:	0020      	movs	r0, r4
100009b0:	f7ff ffc6 	bl	10000940 <lock_init>
100009b4:	2301      	movs	r3, #1
100009b6:	425b      	negs	r3, r3
100009b8:	6063      	str	r3, [r4, #4]
100009ba:	f3bf 8f5f 	dmb	sy
100009be:	bd10      	pop	{r4, pc}

100009c0 <critical_section_init>:
100009c0:	b510      	push	{r4, lr}
100009c2:	0004      	movs	r4, r0
100009c4:	2001      	movs	r0, #1
100009c6:	f7ff fda9 	bl	1000051c <spin_lock_claim_unused>
100009ca:	4b03      	ldr	r3, [pc, #12]	@ (100009d8 <critical_section_init+0x18>)
100009cc:	18c3      	adds	r3, r0, r3
100009ce:	009b      	lsls	r3, r3, #2
100009d0:	6023      	str	r3, [r4, #0]
100009d2:	f3bf 8f5f 	dmb	sy
100009d6:	bd10      	pop	{r4, pc}
100009d8:	34000040 	.word	0x34000040

100009dc <critical_section_init_with_lock_num>:
100009dc:	4b03      	ldr	r3, [pc, #12]	@ (100009ec <critical_section_init_with_lock_num+0x10>)
100009de:	469c      	mov	ip, r3
100009e0:	4461      	add	r1, ip
100009e2:	0089      	lsls	r1, r1, #2
100009e4:	6001      	str	r1, [r0, #0]
100009e6:	f3bf 8f5f 	dmb	sy
100009ea:	4770      	bx	lr
100009ec:	34000040 	.word	0x34000040

100009f0 <alarm_pool_irq_handler>:
100009f0:	b5f0      	push	{r4, r5, r6, r7, lr}
100009f2:	46de      	mov	lr, fp
100009f4:	4657      	mov	r7, sl
100009f6:	464e      	mov	r6, r9
100009f8:	4645      	mov	r5, r8
100009fa:	b5e0      	push	{r5, r6, r7, lr}
100009fc:	b087      	sub	sp, #28
100009fe:	f3ef 8305 	mrs	r3, IPSR
10000a02:	2203      	movs	r2, #3
10000a04:	2501      	movs	r5, #1
10000a06:	401a      	ands	r2, r3
10000a08:	4095      	lsls	r5, r2
10000a0a:	0091      	lsls	r1, r2, #2
10000a0c:	4688      	mov	r8, r1
10000a0e:	46a9      	mov	r9, r5
10000a10:	4bb1      	ldr	r3, [pc, #708]	@ (10000cd8 <alarm_pool_irq_handler+0x2e8>)
10000a12:	9203      	str	r2, [sp, #12]
10000a14:	585c      	ldr	r4, [r3, r1]
10000a16:	4bb1      	ldr	r3, [pc, #708]	@ (10000cdc <alarm_pool_irq_handler+0x2ec>)
10000a18:	601d      	str	r5, [r3, #0]
10000a1a:	4bb1      	ldr	r3, [pc, #708]	@ (10000ce0 <alarm_pool_irq_handler+0x2f0>)
10000a1c:	9304      	str	r3, [sp, #16]
10000a1e:	464b      	mov	r3, r9
10000a20:	48b0      	ldr	r0, [pc, #704]	@ (10000ce4 <alarm_pool_irq_handler+0x2f4>)
10000a22:	6343      	str	r3, [r0, #52]	@ 0x34
10000a24:	2308      	movs	r3, #8
10000a26:	5ee5      	ldrsh	r5, [r4, r3]
10000a28:	2d00      	cmp	r5, #0
10000a2a:	da37      	bge.n	10000a9c <alarm_pool_irq_handler+0xac>
10000a2c:	88a3      	ldrh	r3, [r4, #4]
10000a2e:	b21b      	sxth	r3, r3
10000a30:	2b00      	cmp	r3, #0
10000a32:	db00      	blt.n	10000a36 <alarm_pool_irq_handler+0x46>
10000a34:	e0ad      	b.n	10000b92 <alarm_pool_irq_handler+0x1a2>
10000a36:	79a3      	ldrb	r3, [r4, #6]
10000a38:	2b00      	cmp	r3, #0
10000a3a:	d000      	beq.n	10000a3e <alarm_pool_irq_handler+0x4e>
10000a3c:	e0ee      	b.n	10000c1c <alarm_pool_irq_handler+0x22c>
10000a3e:	2308      	movs	r3, #8
10000a40:	5ee1      	ldrsh	r1, [r4, r3]
10000a42:	2900      	cmp	r1, #0
10000a44:	db20      	blt.n	10000a88 <alarm_pool_irq_handler+0x98>
10000a46:	004b      	lsls	r3, r1, #1
10000a48:	6962      	ldr	r2, [r4, #20]
10000a4a:	185b      	adds	r3, r3, r1
10000a4c:	00db      	lsls	r3, r3, #3
10000a4e:	18d3      	adds	r3, r2, r3
10000a50:	689e      	ldr	r6, [r3, #8]
10000a52:	68dd      	ldr	r5, [r3, #12]
10000a54:	1c73      	adds	r3, r6, #1
10000a56:	d100      	bne.n	10000a5a <alarm_pool_irq_handler+0x6a>
10000a58:	e10d      	b.n	10000c76 <alarm_pool_irq_handler+0x286>
10000a5a:	48a2      	ldr	r0, [pc, #648]	@ (10000ce4 <alarm_pool_irq_handler+0x2f4>)
10000a5c:	0001      	movs	r1, r0
10000a5e:	4441      	add	r1, r8
10000a60:	6a82      	ldr	r2, [r0, #40]	@ 0x28
10000a62:	690b      	ldr	r3, [r1, #16]
10000a64:	1ab7      	subs	r7, r6, r2
10000a66:	1a9b      	subs	r3, r3, r2
10000a68:	429f      	cmp	r7, r3
10000a6a:	d315      	bcc.n	10000a98 <alarm_pool_irq_handler+0xa8>
10000a6c:	2301      	movs	r3, #1
10000a6e:	6a02      	ldr	r2, [r0, #32]
10000a70:	9803      	ldr	r0, [sp, #12]
10000a72:	4083      	lsls	r3, r0
10000a74:	421a      	tst	r2, r3
10000a76:	d00f      	beq.n	10000a98 <alarm_pool_irq_handler+0xa8>
10000a78:	489a      	ldr	r0, [pc, #616]	@ (10000ce4 <alarm_pool_irq_handler+0x2f4>)
10000a7a:	f000 fbc1 	bl	10001200 <timer_time_us_64>
10000a7e:	428d      	cmp	r5, r1
10000a80:	dc02      	bgt.n	10000a88 <alarm_pool_irq_handler+0x98>
10000a82:	d1cc      	bne.n	10000a1e <alarm_pool_irq_handler+0x2e>
10000a84:	4286      	cmp	r6, r0
10000a86:	d9ca      	bls.n	10000a1e <alarm_pool_irq_handler+0x2e>
10000a88:	bf40      	sev
10000a8a:	b007      	add	sp, #28
10000a8c:	bcf0      	pop	{r4, r5, r6, r7}
10000a8e:	46bb      	mov	fp, r7
10000a90:	46b2      	mov	sl, r6
10000a92:	46a9      	mov	r9, r5
10000a94:	46a0      	mov	r8, r4
10000a96:	bdf0      	pop	{r4, r5, r6, r7, pc}
10000a98:	610e      	str	r6, [r1, #16]
10000a9a:	e7ed      	b.n	10000a78 <alarm_pool_irq_handler+0x88>
10000a9c:	6962      	ldr	r2, [r4, #20]
10000a9e:	006b      	lsls	r3, r5, #1
10000aa0:	4692      	mov	sl, r2
10000aa2:	195b      	adds	r3, r3, r5
10000aa4:	00db      	lsls	r3, r3, #3
10000aa6:	449a      	add	sl, r3
10000aa8:	4653      	mov	r3, sl
10000aaa:	689e      	ldr	r6, [r3, #8]
10000aac:	68df      	ldr	r7, [r3, #12]
10000aae:	f000 fba7 	bl	10001200 <timer_time_us_64>
10000ab2:	428f      	cmp	r7, r1
10000ab4:	dcba      	bgt.n	10000a2c <alarm_pool_irq_handler+0x3c>
10000ab6:	d100      	bne.n	10000aba <alarm_pool_irq_handler+0xca>
10000ab8:	e0ff      	b.n	10000cba <alarm_pool_irq_handler+0x2ca>
10000aba:	2f00      	cmp	r7, #0
10000abc:	da00      	bge.n	10000ac0 <alarm_pool_irq_handler+0xd0>
10000abe:	e0e4      	b.n	10000c8a <alarm_pool_irq_handler+0x29a>
10000ac0:	4652      	mov	r2, sl
10000ac2:	4653      	mov	r3, sl
10000ac4:	6952      	ldr	r2, [r2, #20]
10000ac6:	691b      	ldr	r3, [r3, #16]
10000ac8:	4693      	mov	fp, r2
10000aca:	9a04      	ldr	r2, [sp, #16]
10000acc:	4293      	cmp	r3, r2
10000ace:	d100      	bne.n	10000ad2 <alarm_pool_irq_handler+0xe2>
10000ad0:	e0d5      	b.n	10000c7e <alarm_pool_irq_handler+0x28e>
10000ad2:	4652      	mov	r2, sl
10000ad4:	2108      	movs	r1, #8
10000ad6:	5e60      	ldrsh	r0, [r4, r1]
10000ad8:	8852      	ldrh	r2, [r2, #2]
10000ada:	0400      	lsls	r0, r0, #16
10000adc:	4659      	mov	r1, fp
10000ade:	4310      	orrs	r0, r2
10000ae0:	4798      	blx	r3
10000ae2:	9000      	str	r0, [sp, #0]
10000ae4:	9101      	str	r1, [sp, #4]
10000ae6:	9900      	ldr	r1, [sp, #0]
10000ae8:	9a01      	ldr	r2, [sp, #4]
10000aea:	000b      	movs	r3, r1
10000aec:	0010      	movs	r0, r2
10000aee:	4313      	orrs	r3, r2
10000af0:	d100      	bne.n	10000af4 <alarm_pool_irq_handler+0x104>
10000af2:	e0ca      	b.n	10000c8a <alarm_pool_irq_handler+0x29a>
10000af4:	0013      	movs	r3, r2
10000af6:	000a      	movs	r2, r1
10000af8:	1ab6      	subs	r6, r6, r2
10000afa:	419f      	sbcs	r7, r3
10000afc:	2800      	cmp	r0, #0
10000afe:	db06      	blt.n	10000b0e <alarm_pool_irq_handler+0x11e>
10000b00:	4878      	ldr	r0, [pc, #480]	@ (10000ce4 <alarm_pool_irq_handler+0x2f4>)
10000b02:	f000 fb7d 	bl	10001200 <timer_time_us_64>
10000b06:	9e00      	ldr	r6, [sp, #0]
10000b08:	9f01      	ldr	r7, [sp, #4]
10000b0a:	1836      	adds	r6, r6, r0
10000b0c:	414f      	adcs	r7, r1
10000b0e:	4653      	mov	r3, sl
10000b10:	609e      	str	r6, [r3, #8]
10000b12:	60df      	str	r7, [r3, #12]
10000b14:	2200      	movs	r2, #0
10000b16:	5e9a      	ldrsh	r2, [r3, r2]
10000b18:	2a00      	cmp	r2, #0
10000b1a:	da00      	bge.n	10000b1e <alarm_pool_irq_handler+0x12e>
10000b1c:	e786      	b.n	10000a2c <alarm_pool_irq_handler+0x3c>
10000b1e:	0053      	lsls	r3, r2, #1
10000b20:	1899      	adds	r1, r3, r2
10000b22:	6960      	ldr	r0, [r4, #20]
10000b24:	00c9      	lsls	r1, r1, #3
10000b26:	1841      	adds	r1, r0, r1
10000b28:	9302      	str	r3, [sp, #8]
10000b2a:	688b      	ldr	r3, [r1, #8]
10000b2c:	68c9      	ldr	r1, [r1, #12]
10000b2e:	469b      	mov	fp, r3
10000b30:	42b9      	cmp	r1, r7
10000b32:	dd00      	ble.n	10000b36 <alarm_pool_irq_handler+0x146>
10000b34:	e77a      	b.n	10000a2c <alarm_pool_irq_handler+0x3c>
10000b36:	d102      	bne.n	10000b3e <alarm_pool_irq_handler+0x14e>
10000b38:	42b3      	cmp	r3, r6
10000b3a:	d900      	bls.n	10000b3e <alarm_pool_irq_handler+0x14e>
10000b3c:	e776      	b.n	10000a2c <alarm_pool_irq_handler+0x3c>
10000b3e:	2308      	movs	r3, #8
10000b40:	469c      	mov	ip, r3
10000b42:	44a4      	add	ip, r4
10000b44:	9505      	str	r5, [sp, #20]
10000b46:	4665      	mov	r5, ip
10000b48:	8122      	strh	r2, [r4, #8]
10000b4a:	46a4      	mov	ip, r4
10000b4c:	9b02      	ldr	r3, [sp, #8]
10000b4e:	002c      	movs	r4, r5
10000b50:	e006      	b.n	10000b60 <alarm_pool_irq_handler+0x170>
10000b52:	0053      	lsls	r3, r2, #1
10000b54:	1899      	adds	r1, r3, r2
10000b56:	00c9      	lsls	r1, r1, #3
10000b58:	1841      	adds	r1, r0, r1
10000b5a:	688d      	ldr	r5, [r1, #8]
10000b5c:	68c9      	ldr	r1, [r1, #12]
10000b5e:	46ab      	mov	fp, r5
10000b60:	189b      	adds	r3, r3, r2
10000b62:	00db      	lsls	r3, r3, #3
10000b64:	18c3      	adds	r3, r0, r3
10000b66:	42b9      	cmp	r1, r7
10000b68:	dc06      	bgt.n	10000b78 <alarm_pool_irq_handler+0x188>
10000b6a:	d100      	bne.n	10000b6e <alarm_pool_irq_handler+0x17e>
10000b6c:	e0af      	b.n	10000cce <alarm_pool_irq_handler+0x2de>
10000b6e:	001c      	movs	r4, r3
10000b70:	2300      	movs	r3, #0
10000b72:	5ee2      	ldrsh	r2, [r4, r3]
10000b74:	2a00      	cmp	r2, #0
10000b76:	daec      	bge.n	10000b52 <alarm_pool_irq_handler+0x162>
10000b78:	0023      	movs	r3, r4
10000b7a:	4664      	mov	r4, ip
10000b7c:	469c      	mov	ip, r3
10000b7e:	4653      	mov	r3, sl
10000b80:	801a      	strh	r2, [r3, #0]
10000b82:	4663      	mov	r3, ip
10000b84:	9d05      	ldr	r5, [sp, #20]
10000b86:	801d      	strh	r5, [r3, #0]
10000b88:	88a3      	ldrh	r3, [r4, #4]
10000b8a:	b21b      	sxth	r3, r3
10000b8c:	2b00      	cmp	r3, #0
10000b8e:	da00      	bge.n	10000b92 <alarm_pool_irq_handler+0x1a2>
10000b90:	e751      	b.n	10000a36 <alarm_pool_irq_handler+0x46>
10000b92:	6922      	ldr	r2, [r4, #16]
10000b94:	f3ef 8110 	mrs	r1, PRIMASK
10000b98:	b672      	cpsid	i
10000b9a:	6813      	ldr	r3, [r2, #0]
10000b9c:	2b00      	cmp	r3, #0
10000b9e:	d0fc      	beq.n	10000b9a <alarm_pool_irq_handler+0x1aa>
10000ba0:	f3bf 8f5f 	dmb	sy
10000ba4:	2301      	movs	r3, #1
10000ba6:	88a7      	ldrh	r7, [r4, #4]
10000ba8:	425b      	negs	r3, r3
10000baa:	80a3      	strh	r3, [r4, #4]
10000bac:	b23f      	sxth	r7, r7
10000bae:	6923      	ldr	r3, [r4, #16]
10000bb0:	f3bf 8f5f 	dmb	sy
10000bb4:	2200      	movs	r2, #0
10000bb6:	601a      	str	r2, [r3, #0]
10000bb8:	f381 8810 	msr	PRIMASK, r1
10000bbc:	2f00      	cmp	r7, #0
10000bbe:	da00      	bge.n	10000bc2 <alarm_pool_irq_handler+0x1d2>
10000bc0:	e739      	b.n	10000a36 <alarm_pool_irq_handler+0x46>
10000bc2:	0023      	movs	r3, r4
10000bc4:	3308      	adds	r3, #8
10000bc6:	0022      	movs	r2, r4
10000bc8:	469a      	mov	sl, r3
10000bca:	6966      	ldr	r6, [r4, #20]
10000bcc:	007b      	lsls	r3, r7, #1
10000bce:	19db      	adds	r3, r3, r7
10000bd0:	00db      	lsls	r3, r3, #3
10000bd2:	18f3      	adds	r3, r6, r3
10000bd4:	6899      	ldr	r1, [r3, #8]
10000bd6:	4650      	mov	r0, sl
10000bd8:	468c      	mov	ip, r1
10000bda:	2408      	movs	r4, #8
10000bdc:	5f11      	ldrsh	r1, [r2, r4]
10000bde:	68dd      	ldr	r5, [r3, #12]
10000be0:	2900      	cmp	r1, #0
10000be2:	db10      	blt.n	10000c06 <alarm_pool_irq_handler+0x216>
10000be4:	9302      	str	r3, [sp, #8]
10000be6:	e006      	b.n	10000bf6 <alarm_pool_irq_handler+0x206>
10000be8:	42ab      	cmp	r3, r5
10000bea:	d040      	beq.n	10000c6e <alarm_pool_irq_handler+0x27e>
10000bec:	2300      	movs	r3, #0
10000bee:	5ee1      	ldrsh	r1, [r4, r3]
10000bf0:	0020      	movs	r0, r4
10000bf2:	2900      	cmp	r1, #0
10000bf4:	db06      	blt.n	10000c04 <alarm_pool_irq_handler+0x214>
10000bf6:	004c      	lsls	r4, r1, #1
10000bf8:	1864      	adds	r4, r4, r1
10000bfa:	00e4      	lsls	r4, r4, #3
10000bfc:	1934      	adds	r4, r6, r4
10000bfe:	68e3      	ldr	r3, [r4, #12]
10000c00:	42ab      	cmp	r3, r5
10000c02:	ddf1      	ble.n	10000be8 <alarm_pool_irq_handler+0x1f8>
10000c04:	9b02      	ldr	r3, [sp, #8]
10000c06:	8007      	strh	r7, [r0, #0]
10000c08:	2000      	movs	r0, #0
10000c0a:	5e1f      	ldrsh	r7, [r3, r0]
10000c0c:	8019      	strh	r1, [r3, #0]
10000c0e:	2f00      	cmp	r7, #0
10000c10:	dadc      	bge.n	10000bcc <alarm_pool_irq_handler+0x1dc>
10000c12:	0014      	movs	r4, r2
10000c14:	79a3      	ldrb	r3, [r4, #6]
10000c16:	2b00      	cmp	r3, #0
10000c18:	d100      	bne.n	10000c1c <alarm_pool_irq_handler+0x22c>
10000c1a:	e710      	b.n	10000a3e <alarm_pool_irq_handler+0x4e>
10000c1c:	2300      	movs	r3, #0
10000c1e:	71a3      	strb	r3, [r4, #6]
10000c20:	0026      	movs	r6, r4
10000c22:	2308      	movs	r3, #8
10000c24:	5ee1      	ldrsh	r1, [r4, r3]
10000c26:	3608      	adds	r6, #8
10000c28:	1c4b      	adds	r3, r1, #1
10000c2a:	d100      	bne.n	10000c2e <alarm_pool_irq_handler+0x23e>
10000c2c:	e72c      	b.n	10000a88 <alarm_pool_irq_handler+0x98>
10000c2e:	46b4      	mov	ip, r6
10000c30:	6965      	ldr	r5, [r4, #20]
10000c32:	e003      	b.n	10000c3c <alarm_pool_irq_handler+0x24c>
10000c34:	4684      	mov	ip, r0
10000c36:	1c4b      	adds	r3, r1, #1
10000c38:	d100      	bne.n	10000c3c <alarm_pool_irq_handler+0x24c>
10000c3a:	e700      	b.n	10000a3e <alarm_pool_irq_handler+0x4e>
10000c3c:	004b      	lsls	r3, r1, #1
10000c3e:	185b      	adds	r3, r3, r1
10000c40:	00db      	lsls	r3, r3, #3
10000c42:	18e8      	adds	r0, r5, r3
10000c44:	000a      	movs	r2, r1
10000c46:	5ee9      	ldrsh	r1, [r5, r3]
10000c48:	8843      	ldrh	r3, [r0, #2]
10000c4a:	b21b      	sxth	r3, r3
10000c4c:	2b00      	cmp	r3, #0
10000c4e:	daf1      	bge.n	10000c34 <alarm_pool_irq_handler+0x244>
10000c50:	2601      	movs	r6, #1
10000c52:	4276      	negs	r6, r6
10000c54:	17f7      	asrs	r7, r6, #31
10000c56:	6086      	str	r6, [r0, #8]
10000c58:	60c7      	str	r7, [r0, #12]
10000c5a:	2608      	movs	r6, #8
10000c5c:	5fa3      	ldrsh	r3, [r4, r6]
10000c5e:	4293      	cmp	r3, r2
10000c60:	d0e9      	beq.n	10000c36 <alarm_pool_irq_handler+0x246>
10000c62:	4663      	mov	r3, ip
10000c64:	8019      	strh	r1, [r3, #0]
10000c66:	8923      	ldrh	r3, [r4, #8]
10000c68:	8003      	strh	r3, [r0, #0]
10000c6a:	8122      	strh	r2, [r4, #8]
10000c6c:	e7e3      	b.n	10000c36 <alarm_pool_irq_handler+0x246>
10000c6e:	68a3      	ldr	r3, [r4, #8]
10000c70:	4563      	cmp	r3, ip
10000c72:	d9bb      	bls.n	10000bec <alarm_pool_irq_handler+0x1fc>
10000c74:	e7c6      	b.n	10000c04 <alarm_pool_irq_handler+0x214>
10000c76:	1c6b      	adds	r3, r5, #1
10000c78:	d000      	beq.n	10000c7c <alarm_pool_irq_handler+0x28c>
10000c7a:	e6ee      	b.n	10000a5a <alarm_pool_irq_handler+0x6a>
10000c7c:	e6fc      	b.n	10000a78 <alarm_pool_irq_handler+0x88>
10000c7e:	465b      	mov	r3, fp
10000c80:	4658      	mov	r0, fp
10000c82:	691b      	ldr	r3, [r3, #16]
10000c84:	4798      	blx	r3
10000c86:	2800      	cmp	r0, #0
10000c88:	d11b      	bne.n	10000cc2 <alarm_pool_irq_handler+0x2d2>
10000c8a:	4653      	mov	r3, sl
10000c8c:	881b      	ldrh	r3, [r3, #0]
10000c8e:	6922      	ldr	r2, [r4, #16]
10000c90:	8123      	strh	r3, [r4, #8]
10000c92:	f3ef 8310 	mrs	r3, PRIMASK
10000c96:	b672      	cpsid	i
10000c98:	6811      	ldr	r1, [r2, #0]
10000c9a:	2900      	cmp	r1, #0
10000c9c:	d0fc      	beq.n	10000c98 <alarm_pool_irq_handler+0x2a8>
10000c9e:	f3bf 8f5f 	dmb	sy
10000ca2:	4651      	mov	r1, sl
10000ca4:	8862      	ldrh	r2, [r4, #2]
10000ca6:	800a      	strh	r2, [r1, #0]
10000ca8:	6922      	ldr	r2, [r4, #16]
10000caa:	8065      	strh	r5, [r4, #2]
10000cac:	f3bf 8f5f 	dmb	sy
10000cb0:	2100      	movs	r1, #0
10000cb2:	6011      	str	r1, [r2, #0]
10000cb4:	f383 8810 	msr	PRIMASK, r3
10000cb8:	e6b8      	b.n	10000a2c <alarm_pool_irq_handler+0x3c>
10000cba:	4286      	cmp	r6, r0
10000cbc:	d800      	bhi.n	10000cc0 <alarm_pool_irq_handler+0x2d0>
10000cbe:	e6fc      	b.n	10000aba <alarm_pool_irq_handler+0xca>
10000cc0:	e6b4      	b.n	10000a2c <alarm_pool_irq_handler+0x3c>
10000cc2:	465b      	mov	r3, fp
10000cc4:	681a      	ldr	r2, [r3, #0]
10000cc6:	685b      	ldr	r3, [r3, #4]
10000cc8:	9200      	str	r2, [sp, #0]
10000cca:	9301      	str	r3, [sp, #4]
10000ccc:	e70b      	b.n	10000ae6 <alarm_pool_irq_handler+0xf6>
10000cce:	45b3      	cmp	fp, r6
10000cd0:	d800      	bhi.n	10000cd4 <alarm_pool_irq_handler+0x2e4>
10000cd2:	e74c      	b.n	10000b6e <alarm_pool_irq_handler+0x17e>
10000cd4:	e750      	b.n	10000b78 <alarm_pool_irq_handler+0x188>
10000cd6:	46c0      	nop			@ (mov r8, r8)
10000cd8:	20001fc8 	.word	0x20001fc8
10000cdc:	4005703c 	.word	0x4005703c
10000ce0:	100009f1 	.word	0x100009f1
10000ce4:	40054000 	.word	0x40054000

10000ce8 <sleep_until_callback>:
10000ce8:	4807      	ldr	r0, [pc, #28]	@ (10000d08 <sleep_until_callback+0x20>)
10000cea:	b510      	push	{r4, lr}
10000cec:	6802      	ldr	r2, [r0, #0]
10000cee:	f3ef 8110 	mrs	r1, PRIMASK
10000cf2:	b672      	cpsid	i
10000cf4:	6813      	ldr	r3, [r2, #0]
10000cf6:	2b00      	cmp	r3, #0
10000cf8:	d0fc      	beq.n	10000cf4 <sleep_until_callback+0xc>
10000cfa:	f3bf 8f5f 	dmb	sy
10000cfe:	f005 feb1 	bl	10006a64 <vPortLockInternalSpinUnlockWithNotify>
10000d02:	2000      	movs	r0, #0
10000d04:	2100      	movs	r1, #0
10000d06:	bd10      	pop	{r4, pc}
10000d08:	20002384 	.word	0x20002384

10000d0c <runtime_init_default_alarm_pool>:
10000d0c:	b570      	push	{r4, r5, r6, lr}
10000d0e:	4c2e      	ldr	r4, [pc, #184]	@ (10000dc8 <runtime_init_default_alarm_pool+0xbc>)
10000d10:	6925      	ldr	r5, [r4, #16]
10000d12:	2d00      	cmp	r5, #0
10000d14:	d004      	beq.n	10000d20 <runtime_init_default_alarm_pool+0x14>
10000d16:	210a      	movs	r1, #10
10000d18:	482c      	ldr	r0, [pc, #176]	@ (10000dcc <runtime_init_default_alarm_pool+0xc0>)
10000d1a:	f7ff fe11 	bl	10000940 <lock_init>
10000d1e:	bd70      	pop	{r4, r5, r6, pc}
10000d20:	4e2b      	ldr	r6, [pc, #172]	@ (10000dd0 <runtime_init_default_alarm_pool+0xc4>)
10000d22:	2103      	movs	r1, #3
10000d24:	0030      	movs	r0, r6
10000d26:	f000 fa61 	bl	100011ec <timer_hardware_alarm_claim>
10000d2a:	60e6      	str	r6, [r4, #12]
10000d2c:	f7ff fbea 	bl	10000504 <next_striped_spin_lock_num>
10000d30:	4b28      	ldr	r3, [pc, #160]	@ (10000dd4 <runtime_init_default_alarm_pool+0xc8>)
10000d32:	2203      	movs	r2, #3
10000d34:	469c      	mov	ip, r3
10000d36:	23d0      	movs	r3, #208	@ 0xd0
10000d38:	7022      	strb	r2, [r4, #0]
10000d3a:	061b      	lsls	r3, r3, #24
10000d3c:	681b      	ldr	r3, [r3, #0]
10000d3e:	2101      	movs	r1, #1
10000d40:	7063      	strb	r3, [r4, #1]
10000d42:	4b25      	ldr	r3, [pc, #148]	@ (10000dd8 <runtime_init_default_alarm_pool+0xcc>)
10000d44:	4460      	add	r0, ip
10000d46:	60a3      	str	r3, [r4, #8]
10000d48:	230f      	movs	r3, #15
10000d4a:	0080      	lsls	r0, r0, #2
10000d4c:	6120      	str	r0, [r4, #16]
10000d4e:	2002      	movs	r0, #2
10000d50:	8063      	strh	r3, [r4, #2]
10000d52:	6963      	ldr	r3, [r4, #20]
10000d54:	4249      	negs	r1, r1
10000d56:	80a1      	strh	r1, [r4, #4]
10000d58:	8019      	strh	r1, [r3, #0]
10000d5a:	3102      	adds	r1, #2
10000d5c:	8619      	strh	r1, [r3, #48]	@ 0x30
10000d5e:	3147      	adds	r1, #71	@ 0x47
10000d60:	831d      	strh	r5, [r3, #24]
10000d62:	5258      	strh	r0, [r3, r1]
10000d64:	3118      	adds	r1, #24
10000d66:	525a      	strh	r2, [r3, r1]
10000d68:	3275      	adds	r2, #117	@ 0x75
10000d6a:	395c      	subs	r1, #92	@ 0x5c
10000d6c:	5299      	strh	r1, [r3, r2]
10000d6e:	3218      	adds	r2, #24
10000d70:	3101      	adds	r1, #1
10000d72:	5299      	strh	r1, [r3, r2]
10000d74:	3218      	adds	r2, #24
10000d76:	3101      	adds	r1, #1
10000d78:	5299      	strh	r1, [r3, r2]
10000d7a:	3218      	adds	r2, #24
10000d7c:	3101      	adds	r1, #1
10000d7e:	5299      	strh	r1, [r3, r2]
10000d80:	3508      	adds	r5, #8
10000d82:	3218      	adds	r2, #24
10000d84:	529d      	strh	r5, [r3, r2]
10000d86:	3102      	adds	r1, #2
10000d88:	3218      	adds	r2, #24
10000d8a:	5299      	strh	r1, [r3, r2]
10000d8c:	3218      	adds	r2, #24
10000d8e:	3101      	adds	r1, #1
10000d90:	5299      	strh	r1, [r3, r2]
10000d92:	3218      	adds	r2, #24
10000d94:	3101      	adds	r1, #1
10000d96:	5299      	strh	r1, [r3, r2]
10000d98:	3218      	adds	r2, #24
10000d9a:	3101      	adds	r1, #1
10000d9c:	5299      	strh	r1, [r3, r2]
10000d9e:	3218      	adds	r2, #24
10000da0:	3101      	adds	r1, #1
10000da2:	5299      	strh	r1, [r3, r2]
10000da4:	3218      	adds	r2, #24
10000da6:	3101      	adds	r1, #1
10000da8:	5299      	strh	r1, [r3, r2]
10000daa:	4b0c      	ldr	r3, [pc, #48]	@ (10000ddc <runtime_init_default_alarm_pool+0xd0>)
10000dac:	490c      	ldr	r1, [pc, #48]	@ (10000de0 <runtime_init_default_alarm_pool+0xd4>)
10000dae:	60dc      	str	r4, [r3, #12]
10000db0:	3001      	adds	r0, #1
10000db2:	6235      	str	r5, [r6, #32]
10000db4:	f7ff fc1c 	bl	100005f0 <irq_set_exclusive_handler>
10000db8:	2101      	movs	r1, #1
10000dba:	2003      	movs	r0, #3
10000dbc:	f7ff fbe0 	bl	10000580 <irq_set_enabled>
10000dc0:	4b08      	ldr	r3, [pc, #32]	@ (10000de4 <runtime_init_default_alarm_pool+0xd8>)
10000dc2:	601d      	str	r5, [r3, #0]
10000dc4:	e7a7      	b.n	10000d16 <runtime_init_default_alarm_pool+0xa>
10000dc6:	46c0      	nop			@ (mov r8, r8)
10000dc8:	20001034 	.word	0x20001034
10000dcc:	20002384 	.word	0x20002384
10000dd0:	40054000 	.word	0x40054000
10000dd4:	34000040 	.word	0x34000040
10000dd8:	0010ffff 	.word	0x0010ffff
10000ddc:	20001fc8 	.word	0x20001fc8
10000de0:	100009f1 	.word	0x100009f1
10000de4:	40056038 	.word	0x40056038

10000de8 <alarm_pool_get_default>:
10000de8:	4800      	ldr	r0, [pc, #0]	@ (10000dec <alarm_pool_get_default+0x4>)
10000dea:	4770      	bx	lr
10000dec:	20001034 	.word	0x20001034

10000df0 <alarm_pool_add_alarm_at>:
10000df0:	b5f8      	push	{r3, r4, r5, r6, r7, lr}
10000df2:	001f      	movs	r7, r3
10000df4:	ab08      	add	r3, sp, #32
10000df6:	781b      	ldrb	r3, [r3, #0]
10000df8:	0004      	movs	r4, r0
10000dfa:	0016      	movs	r6, r2
10000dfc:	2b00      	cmp	r3, #0
10000dfe:	d108      	bne.n	10000e12 <alarm_pool_add_alarm_at+0x22>
10000e00:	f000 fa06 	bl	10001210 <time_us_64>
10000e04:	0032      	movs	r2, r6
10000e06:	003b      	movs	r3, r7
10000e08:	1a12      	subs	r2, r2, r0
10000e0a:	418b      	sbcs	r3, r1
10000e0c:	2b00      	cmp	r3, #0
10000e0e:	da00      	bge.n	10000e12 <alarm_pool_add_alarm_at+0x22>
10000e10:	e052      	b.n	10000eb8 <alarm_pool_add_alarm_at+0xc8>
10000e12:	6922      	ldr	r2, [r4, #16]
10000e14:	f3ef 8010 	mrs	r0, PRIMASK
10000e18:	b672      	cpsid	i
10000e1a:	6813      	ldr	r3, [r2, #0]
10000e1c:	2b00      	cmp	r3, #0
10000e1e:	d0fc      	beq.n	10000e1a <alarm_pool_add_alarm_at+0x2a>
10000e20:	f3bf 8f5f 	dmb	sy
10000e24:	2302      	movs	r3, #2
10000e26:	5ee1      	ldrsh	r1, [r4, r3]
10000e28:	6963      	ldr	r3, [r4, #20]
10000e2a:	004a      	lsls	r2, r1, #1
10000e2c:	1852      	adds	r2, r2, r1
10000e2e:	00d2      	lsls	r2, r2, #3
10000e30:	189b      	adds	r3, r3, r2
10000e32:	6922      	ldr	r2, [r4, #16]
10000e34:	2900      	cmp	r1, #0
10000e36:	db36      	blt.n	10000ea6 <alarm_pool_add_alarm_at+0xb6>
10000e38:	881d      	ldrh	r5, [r3, #0]
10000e3a:	8065      	strh	r5, [r4, #2]
10000e3c:	f3bf 8f5f 	dmb	sy
10000e40:	2500      	movs	r5, #0
10000e42:	6015      	str	r5, [r2, #0]
10000e44:	f380 8810 	msr	PRIMASK, r0
10000e48:	9a06      	ldr	r2, [sp, #24]
10000e4a:	609e      	str	r6, [r3, #8]
10000e4c:	60df      	str	r7, [r3, #12]
10000e4e:	611a      	str	r2, [r3, #16]
10000e50:	9a07      	ldr	r2, [sp, #28]
10000e52:	615a      	str	r2, [r3, #20]
10000e54:	885a      	ldrh	r2, [r3, #2]
10000e56:	3201      	adds	r2, #1
10000e58:	0452      	lsls	r2, r2, #17
10000e5a:	0c52      	lsrs	r2, r2, #17
10000e5c:	1c10      	adds	r0, r2, #0
10000e5e:	2a00      	cmp	r2, #0
10000e60:	d01f      	beq.n	10000ea2 <alarm_pool_add_alarm_at+0xb2>
10000e62:	b282      	uxth	r2, r0
10000e64:	8058      	strh	r0, [r3, #2]
10000e66:	0408      	lsls	r0, r1, #16
10000e68:	4310      	orrs	r0, r2
10000e6a:	6926      	ldr	r6, [r4, #16]
10000e6c:	f3ef 8710 	mrs	r7, PRIMASK
10000e70:	b672      	cpsid	i
10000e72:	6832      	ldr	r2, [r6, #0]
10000e74:	2a00      	cmp	r2, #0
10000e76:	d0fc      	beq.n	10000e72 <alarm_pool_add_alarm_at+0x82>
10000e78:	f3bf 8f5f 	dmb	sy
10000e7c:	88a2      	ldrh	r2, [r4, #4]
10000e7e:	801a      	strh	r2, [r3, #0]
10000e80:	80a1      	strh	r1, [r4, #4]
10000e82:	6923      	ldr	r3, [r4, #16]
10000e84:	f3bf 8f5f 	dmb	sy
10000e88:	2200      	movs	r2, #0
10000e8a:	601a      	str	r2, [r3, #0]
10000e8c:	f387 8810 	msr	PRIMASK, r7
10000e90:	490a      	ldr	r1, [pc, #40]	@ (10000ebc <alarm_pool_add_alarm_at+0xcc>)
10000e92:	7823      	ldrb	r3, [r4, #0]
10000e94:	468c      	mov	ip, r1
10000e96:	3201      	adds	r2, #1
10000e98:	409a      	lsls	r2, r3
10000e9a:	68e3      	ldr	r3, [r4, #12]
10000e9c:	4463      	add	r3, ip
10000e9e:	601a      	str	r2, [r3, #0]
10000ea0:	bdf8      	pop	{r3, r4, r5, r6, r7, pc}
10000ea2:	2001      	movs	r0, #1
10000ea4:	e7dd      	b.n	10000e62 <alarm_pool_add_alarm_at+0x72>
10000ea6:	f3bf 8f5f 	dmb	sy
10000eaa:	2300      	movs	r3, #0
10000eac:	6013      	str	r3, [r2, #0]
10000eae:	f380 8810 	msr	PRIMASK, r0
10000eb2:	2001      	movs	r0, #1
10000eb4:	4240      	negs	r0, r0
10000eb6:	e7f3      	b.n	10000ea0 <alarm_pool_add_alarm_at+0xb0>
10000eb8:	2000      	movs	r0, #0
10000eba:	e7f1      	b.n	10000ea0 <alarm_pool_add_alarm_at+0xb0>
10000ebc:	0000203c 	.word	0x0000203c

10000ec0 <alarm_pool_add_alarm_at_force_in_context>:
10000ec0:	b570      	push	{r4, r5, r6, lr}
10000ec2:	0001      	movs	r1, r0
10000ec4:	6904      	ldr	r4, [r0, #16]
10000ec6:	f3ef 8c10 	mrs	ip, PRIMASK
10000eca:	b672      	cpsid	i
10000ecc:	6820      	ldr	r0, [r4, #0]
10000ece:	2800      	cmp	r0, #0
10000ed0:	d0fc      	beq.n	10000ecc <alarm_pool_add_alarm_at_force_in_context+0xc>
10000ed2:	f3bf 8f5f 	dmb	sy
10000ed6:	2002      	movs	r0, #2
10000ed8:	5e0d      	ldrsh	r5, [r1, r0]
10000eda:	694c      	ldr	r4, [r1, #20]
10000edc:	0068      	lsls	r0, r5, #1
10000ede:	1940      	adds	r0, r0, r5
10000ee0:	00c0      	lsls	r0, r0, #3
10000ee2:	1824      	adds	r4, r4, r0
10000ee4:	6908      	ldr	r0, [r1, #16]
10000ee6:	2d00      	cmp	r5, #0
10000ee8:	db36      	blt.n	10000f58 <alarm_pool_add_alarm_at_force_in_context+0x98>
10000eea:	8826      	ldrh	r6, [r4, #0]
10000eec:	804e      	strh	r6, [r1, #2]
10000eee:	f3bf 8f5f 	dmb	sy
10000ef2:	2600      	movs	r6, #0
10000ef4:	6006      	str	r6, [r0, #0]
10000ef6:	f38c 8810 	msr	PRIMASK, ip
10000efa:	60e3      	str	r3, [r4, #12]
10000efc:	8863      	ldrh	r3, [r4, #2]
10000efe:	9804      	ldr	r0, [sp, #16]
10000f00:	3301      	adds	r3, #1
10000f02:	6120      	str	r0, [r4, #16]
10000f04:	045b      	lsls	r3, r3, #17
10000f06:	9805      	ldr	r0, [sp, #20]
10000f08:	0c5b      	lsrs	r3, r3, #17
10000f0a:	60a2      	str	r2, [r4, #8]
10000f0c:	6160      	str	r0, [r4, #20]
10000f0e:	1c1a      	adds	r2, r3, #0
10000f10:	2b00      	cmp	r3, #0
10000f12:	d01f      	beq.n	10000f54 <alarm_pool_add_alarm_at_force_in_context+0x94>
10000f14:	b293      	uxth	r3, r2
10000f16:	0428      	lsls	r0, r5, #16
10000f18:	8062      	strh	r2, [r4, #2]
10000f1a:	4318      	orrs	r0, r3
10000f1c:	690a      	ldr	r2, [r1, #16]
10000f1e:	f3ef 8c10 	mrs	ip, PRIMASK
10000f22:	b672      	cpsid	i
10000f24:	6813      	ldr	r3, [r2, #0]
10000f26:	2b00      	cmp	r3, #0
10000f28:	d0fc      	beq.n	10000f24 <alarm_pool_add_alarm_at_force_in_context+0x64>
10000f2a:	f3bf 8f5f 	dmb	sy
10000f2e:	888b      	ldrh	r3, [r1, #4]
10000f30:	8023      	strh	r3, [r4, #0]
10000f32:	808d      	strh	r5, [r1, #4]
10000f34:	690b      	ldr	r3, [r1, #16]
10000f36:	f3bf 8f5f 	dmb	sy
10000f3a:	2200      	movs	r2, #0
10000f3c:	601a      	str	r2, [r3, #0]
10000f3e:	f38c 8810 	msr	PRIMASK, ip
10000f42:	780b      	ldrb	r3, [r1, #0]
10000f44:	3201      	adds	r2, #1
10000f46:	409a      	lsls	r2, r3
10000f48:	68cb      	ldr	r3, [r1, #12]
10000f4a:	4908      	ldr	r1, [pc, #32]	@ (10000f6c <alarm_pool_add_alarm_at_force_in_context+0xac>)
10000f4c:	468c      	mov	ip, r1
10000f4e:	4463      	add	r3, ip
10000f50:	601a      	str	r2, [r3, #0]
10000f52:	bd70      	pop	{r4, r5, r6, pc}
10000f54:	2201      	movs	r2, #1
10000f56:	e7dd      	b.n	10000f14 <alarm_pool_add_alarm_at_force_in_context+0x54>
10000f58:	f3bf 8f5f 	dmb	sy
10000f5c:	2300      	movs	r3, #0
10000f5e:	6003      	str	r3, [r0, #0]
10000f60:	f38c 8810 	msr	PRIMASK, ip
10000f64:	2001      	movs	r0, #1
10000f66:	4240      	negs	r0, r0
10000f68:	e7f3      	b.n	10000f52 <alarm_pool_add_alarm_at_force_in_context+0x92>
10000f6a:	46c0      	nop			@ (mov r8, r8)
10000f6c:	0000203c 	.word	0x0000203c

10000f70 <alarm_pool_cancel_alarm>:
10000f70:	b510      	push	{r4, lr}
10000f72:	8943      	ldrh	r3, [r0, #10]
10000f74:	140a      	asrs	r2, r1, #16
10000f76:	4293      	cmp	r3, r2
10000f78:	dd1a      	ble.n	10000fb0 <alarm_pool_cancel_alarm+0x40>
10000f7a:	0053      	lsls	r3, r2, #1
10000f7c:	189b      	adds	r3, r3, r2
10000f7e:	6942      	ldr	r2, [r0, #20]
10000f80:	00db      	lsls	r3, r3, #3
10000f82:	18d3      	adds	r3, r2, r3
10000f84:	6904      	ldr	r4, [r0, #16]
10000f86:	f3ef 8c10 	mrs	ip, PRIMASK
10000f8a:	b672      	cpsid	i
10000f8c:	6822      	ldr	r2, [r4, #0]
10000f8e:	2a00      	cmp	r2, #0
10000f90:	d0fc      	beq.n	10000f8c <alarm_pool_cancel_alarm+0x1c>
10000f92:	f3bf 8f5f 	dmb	sy
10000f96:	885a      	ldrh	r2, [r3, #2]
10000f98:	0409      	lsls	r1, r1, #16
10000f9a:	b294      	uxth	r4, r2
10000f9c:	0c09      	lsrs	r1, r1, #16
10000f9e:	428a      	cmp	r2, r1
10000fa0:	d008      	beq.n	10000fb4 <alarm_pool_cancel_alarm+0x44>
10000fa2:	6903      	ldr	r3, [r0, #16]
10000fa4:	f3bf 8f5f 	dmb	sy
10000fa8:	2200      	movs	r2, #0
10000faa:	601a      	str	r2, [r3, #0]
10000fac:	f38c 8810 	msr	PRIMASK, ip
10000fb0:	2000      	movs	r0, #0
10000fb2:	bd10      	pop	{r4, pc}
10000fb4:	2280      	movs	r2, #128	@ 0x80
10000fb6:	0212      	lsls	r2, r2, #8
10000fb8:	4314      	orrs	r4, r2
10000fba:	805c      	strh	r4, [r3, #2]
10000fbc:	2301      	movs	r3, #1
10000fbe:	6902      	ldr	r2, [r0, #16]
10000fc0:	7183      	strb	r3, [r0, #6]
10000fc2:	f3bf 8f5f 	dmb	sy
10000fc6:	2100      	movs	r1, #0
10000fc8:	6011      	str	r1, [r2, #0]
10000fca:	f38c 8810 	msr	PRIMASK, ip
10000fce:	4904      	ldr	r1, [pc, #16]	@ (10000fe0 <alarm_pool_cancel_alarm+0x70>)
10000fd0:	7802      	ldrb	r2, [r0, #0]
10000fd2:	468c      	mov	ip, r1
10000fd4:	4093      	lsls	r3, r2
10000fd6:	68c2      	ldr	r2, [r0, #12]
10000fd8:	2001      	movs	r0, #1
10000fda:	4462      	add	r2, ip
10000fdc:	6013      	str	r3, [r2, #0]
10000fde:	e7e8      	b.n	10000fb2 <alarm_pool_cancel_alarm+0x42>
10000fe0:	0000203c 	.word	0x0000203c

10000fe4 <alarm_pool_core_num>:
10000fe4:	7840      	ldrb	r0, [r0, #1]
10000fe6:	4770      	bx	lr

10000fe8 <sleep_ms>:
10000fe8:	b5f0      	push	{r4, r5, r6, r7, lr}
10000fea:	46ce      	mov	lr, r9
10000fec:	4647      	mov	r7, r8
10000fee:	b580      	push	{r7, lr}
10000ff0:	b083      	sub	sp, #12
10000ff2:	0004      	movs	r4, r0
10000ff4:	f000 f90c 	bl	10001210 <time_us_64>
10000ff8:	22fa      	movs	r2, #250	@ 0xfa
10000ffa:	0006      	movs	r6, r0
10000ffc:	000f      	movs	r7, r1
10000ffe:	0020      	movs	r0, r4
10001000:	2300      	movs	r3, #0
10001002:	2100      	movs	r1, #0
10001004:	0092      	lsls	r2, r2, #2
10001006:	f000 ffed 	bl	10001fe4 <__wrap___aeabi_lmul>
1000100a:	1980      	adds	r0, r0, r6
1000100c:	4179      	adcs	r1, r7
1000100e:	0004      	movs	r4, r0
10001010:	1e0d      	subs	r5, r1, #0
10001012:	da02      	bge.n	1000101a <sleep_ms+0x32>
10001014:	2401      	movs	r4, #1
10001016:	4d2d      	ldr	r5, [pc, #180]	@ (100010cc <sleep_ms+0xe4>)
10001018:	4264      	negs	r4, r4
1000101a:	2696      	movs	r6, #150	@ 0x96
1000101c:	4276      	negs	r6, r6
1000101e:	17f7      	asrs	r7, r6, #31
10001020:	1936      	adds	r6, r6, r4
10001022:	416f      	adcs	r7, r5
10001024:	42af      	cmp	r7, r5
10001026:	d815      	bhi.n	10001054 <sleep_ms+0x6c>
10001028:	d012      	beq.n	10001050 <sleep_ms+0x68>
1000102a:	f000 f8f1 	bl	10001210 <time_us_64>
1000102e:	0032      	movs	r2, r6
10001030:	003b      	movs	r3, r7
10001032:	1a12      	subs	r2, r2, r0
10001034:	418b      	sbcs	r3, r1
10001036:	2b00      	cmp	r3, #0
10001038:	dc18      	bgt.n	1000106c <sleep_ms+0x84>
1000103a:	2b00      	cmp	r3, #0
1000103c:	d043      	beq.n	100010c6 <sleep_ms+0xde>
1000103e:	0020      	movs	r0, r4
10001040:	0029      	movs	r1, r5
10001042:	f000 f8ef 	bl	10001224 <busy_wait_until>
10001046:	b003      	add	sp, #12
10001048:	bcc0      	pop	{r6, r7}
1000104a:	46b9      	mov	r9, r7
1000104c:	46b0      	mov	r8, r6
1000104e:	bdf0      	pop	{r4, r5, r6, r7, pc}
10001050:	42a6      	cmp	r6, r4
10001052:	d9ea      	bls.n	1000102a <sleep_ms+0x42>
10001054:	2200      	movs	r2, #0
10001056:	2300      	movs	r3, #0
10001058:	0016      	movs	r6, r2
1000105a:	001f      	movs	r7, r3
1000105c:	f000 f8d8 	bl	10001210 <time_us_64>
10001060:	0032      	movs	r2, r6
10001062:	003b      	movs	r3, r7
10001064:	1a12      	subs	r2, r2, r0
10001066:	418b      	sbcs	r3, r1
10001068:	2b00      	cmp	r3, #0
1000106a:	dde6      	ble.n	1000103a <sleep_ms+0x52>
1000106c:	f000 f8d0 	bl	10001210 <time_us_64>
10001070:	0032      	movs	r2, r6
10001072:	003b      	movs	r3, r7
10001074:	1a12      	subs	r2, r2, r0
10001076:	418b      	sbcs	r3, r1
10001078:	2b00      	cmp	r3, #0
1000107a:	db0a      	blt.n	10001092 <sleep_ms+0xaa>
1000107c:	2300      	movs	r3, #0
1000107e:	9301      	str	r3, [sp, #4]
10001080:	4b13      	ldr	r3, [pc, #76]	@ (100010d0 <sleep_ms+0xe8>)
10001082:	0032      	movs	r2, r6
10001084:	9300      	str	r3, [sp, #0]
10001086:	4813      	ldr	r0, [pc, #76]	@ (100010d4 <sleep_ms+0xec>)
10001088:	003b      	movs	r3, r7
1000108a:	f7ff ff19 	bl	10000ec0 <alarm_pool_add_alarm_at_force_in_context>
1000108e:	3001      	adds	r0, #1
10001090:	d0d5      	beq.n	1000103e <sleep_ms+0x56>
10001092:	4b11      	ldr	r3, [pc, #68]	@ (100010d8 <sleep_ms+0xf0>)
10001094:	46b1      	mov	r9, r6
10001096:	4698      	mov	r8, r3
10001098:	4e10      	ldr	r6, [pc, #64]	@ (100010dc <sleep_ms+0xf4>)
1000109a:	6a73      	ldr	r3, [r6, #36]	@ 0x24
1000109c:	429f      	cmp	r7, r3
1000109e:	d804      	bhi.n	100010aa <sleep_ms+0xc2>
100010a0:	6ab2      	ldr	r2, [r6, #40]	@ 0x28
100010a2:	454a      	cmp	r2, r9
100010a4:	d2cb      	bcs.n	1000103e <sleep_ms+0x56>
100010a6:	429f      	cmp	r7, r3
100010a8:	d1c9      	bne.n	1000103e <sleep_ms+0x56>
100010aa:	4643      	mov	r3, r8
100010ac:	681a      	ldr	r2, [r3, #0]
100010ae:	f3ef 8110 	mrs	r1, PRIMASK
100010b2:	b672      	cpsid	i
100010b4:	6813      	ldr	r3, [r2, #0]
100010b6:	2b00      	cmp	r3, #0
100010b8:	d0fc      	beq.n	100010b4 <sleep_ms+0xcc>
100010ba:	f3bf 8f5f 	dmb	sy
100010be:	4640      	mov	r0, r8
100010c0:	f005 fc9c 	bl	100069fc <vPortLockInternalSpinUnlockWithWait>
100010c4:	e7e9      	b.n	1000109a <sleep_ms+0xb2>
100010c6:	2a00      	cmp	r2, #0
100010c8:	d0b9      	beq.n	1000103e <sleep_ms+0x56>
100010ca:	e7cf      	b.n	1000106c <sleep_ms+0x84>
100010cc:	7fffffff 	.word	0x7fffffff
100010d0:	10000ce9 	.word	0x10000ce9
100010d4:	20001034 	.word	0x20001034
100010d8:	20002384 	.word	0x20002384
100010dc:	40054000 	.word	0x40054000

100010e0 <best_effort_wfe_or_timeout>:
100010e0:	b5f0      	push	{r4, r5, r6, r7, lr}
100010e2:	4657      	mov	r7, sl
100010e4:	464e      	mov	r6, r9
100010e6:	46de      	mov	lr, fp
100010e8:	4645      	mov	r5, r8
100010ea:	b5e0      	push	{r5, r6, r7, lr}
100010ec:	0006      	movs	r6, r0
100010ee:	000f      	movs	r7, r1
100010f0:	b085      	sub	sp, #20
100010f2:	f3ef 8305 	mrs	r3, IPSR
100010f6:	4699      	mov	r9, r3
100010f8:	468b      	mov	fp, r1
100010fa:	2b00      	cmp	r3, #0
100010fc:	d012      	beq.n	10001124 <best_effort_wfe_or_timeout+0x44>
100010fe:	4938      	ldr	r1, [pc, #224]	@ (100011e0 <best_effort_wfe_or_timeout+0x100>)
10001100:	2000      	movs	r0, #0
10001102:	6a4b      	ldr	r3, [r1, #36]	@ 0x24
10001104:	42bb      	cmp	r3, r7
10001106:	d306      	bcc.n	10001116 <best_effort_wfe_or_timeout+0x36>
10001108:	6a8a      	ldr	r2, [r1, #40]	@ 0x28
1000110a:	1bdb      	subs	r3, r3, r7
1000110c:	1e59      	subs	r1, r3, #1
1000110e:	418b      	sbcs	r3, r1
10001110:	42b2      	cmp	r2, r6
10001112:	4140      	adcs	r0, r0
10001114:	4318      	orrs	r0, r3
10001116:	b005      	add	sp, #20
10001118:	bcf0      	pop	{r4, r5, r6, r7}
1000111a:	46bb      	mov	fp, r7
1000111c:	46b2      	mov	sl, r6
1000111e:	46a9      	mov	r9, r5
10001120:	46a0      	mov	r8, r4
10001122:	bdf0      	pop	{r4, r5, r6, r7, pc}
10001124:	4b2f      	ldr	r3, [pc, #188]	@ (100011e4 <best_effort_wfe_or_timeout+0x104>)
10001126:	469a      	mov	sl, r3
10001128:	68db      	ldr	r3, [r3, #12]
1000112a:	4698      	mov	r8, r3
1000112c:	4653      	mov	r3, sl
1000112e:	781b      	ldrb	r3, [r3, #0]
10001130:	4640      	mov	r0, r8
10001132:	9303      	str	r3, [sp, #12]
10001134:	f000 f864 	bl	10001200 <timer_time_us_64>
10001138:	4642      	mov	r2, r8
1000113a:	9b03      	ldr	r3, [sp, #12]
1000113c:	0004      	movs	r4, r0
1000113e:	3304      	adds	r3, #4
10001140:	009b      	lsls	r3, r3, #2
10001142:	589b      	ldr	r3, [r3, r2]
10001144:	000d      	movs	r5, r1
10001146:	1a1b      	subs	r3, r3, r0
10001148:	0039      	movs	r1, r7
1000114a:	0030      	movs	r0, r6
1000114c:	1b00      	subs	r0, r0, r4
1000114e:	41a9      	sbcs	r1, r5
10001150:	4589      	cmp	r9, r1
10001152:	dc10      	bgt.n	10001176 <best_effort_wfe_or_timeout+0x96>
10001154:	d00d      	beq.n	10001172 <best_effort_wfe_or_timeout+0x92>
10001156:	bf20      	wfe
10001158:	4a21      	ldr	r2, [pc, #132]	@ (100011e0 <best_effort_wfe_or_timeout+0x100>)
1000115a:	2000      	movs	r0, #0
1000115c:	6a53      	ldr	r3, [r2, #36]	@ 0x24
1000115e:	455b      	cmp	r3, fp
10001160:	d3d9      	bcc.n	10001116 <best_effort_wfe_or_timeout+0x36>
10001162:	6a92      	ldr	r2, [r2, #40]	@ 0x28
10001164:	1bdb      	subs	r3, r3, r7
10001166:	1e59      	subs	r1, r3, #1
10001168:	418b      	sbcs	r3, r1
1000116a:	42b2      	cmp	r2, r6
1000116c:	4140      	adcs	r0, r0
1000116e:	4318      	orrs	r0, r3
10001170:	e7d1      	b.n	10001116 <best_effort_wfe_or_timeout+0x36>
10001172:	4283      	cmp	r3, r0
10001174:	d9ef      	bls.n	10001156 <best_effort_wfe_or_timeout+0x76>
10001176:	f000 f84b 	bl	10001210 <time_us_64>
1000117a:	0032      	movs	r2, r6
1000117c:	003b      	movs	r3, r7
1000117e:	1a12      	subs	r2, r2, r0
10001180:	418b      	sbcs	r3, r1
10001182:	2b00      	cmp	r3, #0
10001184:	db1a      	blt.n	100011bc <best_effort_wfe_or_timeout+0xdc>
10001186:	2300      	movs	r3, #0
10001188:	9301      	str	r3, [sp, #4]
1000118a:	4b17      	ldr	r3, [pc, #92]	@ (100011e8 <best_effort_wfe_or_timeout+0x108>)
1000118c:	0032      	movs	r2, r6
1000118e:	9300      	str	r3, [sp, #0]
10001190:	4650      	mov	r0, sl
10001192:	003b      	movs	r3, r7
10001194:	f7ff fe94 	bl	10000ec0 <alarm_pool_add_alarm_at_force_in_context>
10001198:	1e01      	subs	r1, r0, #0
1000119a:	dd0f      	ble.n	100011bc <best_effort_wfe_or_timeout+0xdc>
1000119c:	4b10      	ldr	r3, [pc, #64]	@ (100011e0 <best_effort_wfe_or_timeout+0x100>)
1000119e:	6a5a      	ldr	r2, [r3, #36]	@ 0x24
100011a0:	455a      	cmp	r2, fp
100011a2:	d31b      	bcc.n	100011dc <best_effort_wfe_or_timeout+0xfc>
100011a4:	6a9b      	ldr	r3, [r3, #40]	@ 0x28
100011a6:	42b3      	cmp	r3, r6
100011a8:	d316      	bcc.n	100011d8 <best_effort_wfe_or_timeout+0xf8>
100011aa:	4650      	mov	r0, sl
100011ac:	f7ff fee0 	bl	10000f70 <alarm_pool_cancel_alarm>
100011b0:	4a0b      	ldr	r2, [pc, #44]	@ (100011e0 <best_effort_wfe_or_timeout+0x100>)
100011b2:	2000      	movs	r0, #0
100011b4:	6a53      	ldr	r3, [r2, #36]	@ 0x24
100011b6:	455b      	cmp	r3, fp
100011b8:	d3ad      	bcc.n	10001116 <best_effort_wfe_or_timeout+0x36>
100011ba:	e7d2      	b.n	10001162 <best_effort_wfe_or_timeout+0x82>
100011bc:	4a08      	ldr	r2, [pc, #32]	@ (100011e0 <best_effort_wfe_or_timeout+0x100>)
100011be:	2000      	movs	r0, #0
100011c0:	6a53      	ldr	r3, [r2, #36]	@ 0x24
100011c2:	455b      	cmp	r3, fp
100011c4:	d3a7      	bcc.n	10001116 <best_effort_wfe_or_timeout+0x36>
100011c6:	2000      	movs	r0, #0
100011c8:	6a92      	ldr	r2, [r2, #40]	@ 0x28
100011ca:	1bdb      	subs	r3, r3, r7
100011cc:	42b2      	cmp	r2, r6
100011ce:	4140      	adcs	r0, r0
100011d0:	1e5a      	subs	r2, r3, #1
100011d2:	4193      	sbcs	r3, r2
100011d4:	4318      	orrs	r0, r3
100011d6:	e79e      	b.n	10001116 <best_effort_wfe_or_timeout+0x36>
100011d8:	455a      	cmp	r2, fp
100011da:	d1e6      	bne.n	100011aa <best_effort_wfe_or_timeout+0xca>
100011dc:	bf20      	wfe
100011de:	e7e4      	b.n	100011aa <best_effort_wfe_or_timeout+0xca>
100011e0:	40054000 	.word	0x40054000
100011e4:	20001034 	.word	0x20001034
100011e8:	10000ce9 	.word	0x10000ce9

100011ec <timer_hardware_alarm_claim>:
100011ec:	b510      	push	{r4, lr}
100011ee:	4a02      	ldr	r2, [pc, #8]	@ (100011f8 <timer_hardware_alarm_claim+0xc>)
100011f0:	4802      	ldr	r0, [pc, #8]	@ (100011fc <timer_hardware_alarm_claim+0x10>)
100011f2:	f7ff f921 	bl	10000438 <hw_claim_or_assert>
100011f6:	bd10      	pop	{r4, pc}
100011f8:	10009ac4 	.word	0x10009ac4
100011fc:	20001b3c 	.word	0x20001b3c

10001200 <timer_time_us_64>:
10001200:	0003      	movs	r3, r0
10001202:	6a41      	ldr	r1, [r0, #36]	@ 0x24
10001204:	000a      	movs	r2, r1
10001206:	6a98      	ldr	r0, [r3, #40]	@ 0x28
10001208:	6a59      	ldr	r1, [r3, #36]	@ 0x24
1000120a:	428a      	cmp	r2, r1
1000120c:	d1fa      	bne.n	10001204 <timer_time_us_64+0x4>
1000120e:	4770      	bx	lr

10001210 <time_us_64>:
10001210:	4b03      	ldr	r3, [pc, #12]	@ (10001220 <time_us_64+0x10>)
10001212:	6a59      	ldr	r1, [r3, #36]	@ 0x24
10001214:	000a      	movs	r2, r1
10001216:	6a98      	ldr	r0, [r3, #40]	@ 0x28
10001218:	6a59      	ldr	r1, [r3, #36]	@ 0x24
1000121a:	4291      	cmp	r1, r2
1000121c:	d1fa      	bne.n	10001214 <time_us_64+0x4>
1000121e:	4770      	bx	lr
10001220:	40054000 	.word	0x40054000

10001224 <busy_wait_until>:
10001224:	4a06      	ldr	r2, [pc, #24]	@ (10001240 <busy_wait_until+0x1c>)
10001226:	6a53      	ldr	r3, [r2, #36]	@ 0x24
10001228:	4299      	cmp	r1, r3
1000122a:	d8fc      	bhi.n	10001226 <busy_wait_until+0x2>
1000122c:	d107      	bne.n	1000123e <busy_wait_until+0x1a>
1000122e:	4b04      	ldr	r3, [pc, #16]	@ (10001240 <busy_wait_until+0x1c>)
10001230:	e002      	b.n	10001238 <busy_wait_until+0x14>
10001232:	6a5a      	ldr	r2, [r3, #36]	@ 0x24
10001234:	4291      	cmp	r1, r2
10001236:	d102      	bne.n	1000123e <busy_wait_until+0x1a>
10001238:	6a9a      	ldr	r2, [r3, #40]	@ 0x28
1000123a:	4290      	cmp	r0, r2
1000123c:	d8f9      	bhi.n	10001232 <busy_wait_until+0xe>
1000123e:	4770      	bx	lr
10001240:	40054000 	.word	0x40054000

10001244 <clock_configure_int_divider>:
10001244:	b5f8      	push	{r3, r4, r5, r6, r7, lr}
10001246:	46de      	mov	lr, fp
10001248:	464e      	mov	r6, r9
1000124a:	4657      	mov	r7, sl
1000124c:	4645      	mov	r5, r8
1000124e:	b5e0      	push	{r5, r6, r7, lr}
10001250:	468b      	mov	fp, r1
10001252:	0005      	movs	r5, r0
10001254:	990a      	ldr	r1, [sp, #40]	@ 0x28
10001256:	0018      	movs	r0, r3
10001258:	0016      	movs	r6, r2
1000125a:	f000 fb49 	bl	100018f0 <__wrap___aeabi_uidiv>
1000125e:	9b0a      	ldr	r3, [sp, #40]	@ 0x28
10001260:	006c      	lsls	r4, r5, #1
10001262:	021f      	lsls	r7, r3, #8
10001264:	4b32      	ldr	r3, [pc, #200]	@ (10001330 <clock_configure_int_divider+0xec>)
10001266:	1964      	adds	r4, r4, r5
10001268:	469c      	mov	ip, r3
1000126a:	00a4      	lsls	r4, r4, #2
1000126c:	4464      	add	r4, ip
1000126e:	6863      	ldr	r3, [r4, #4]
10001270:	4681      	mov	r9, r0
10001272:	429f      	cmp	r7, r3
10001274:	d900      	bls.n	10001278 <clock_configure_int_divider+0x34>
10001276:	6067      	str	r7, [r4, #4]
10001278:	1f2b      	subs	r3, r5, #4
1000127a:	b2db      	uxtb	r3, r3
1000127c:	4698      	mov	r8, r3
1000127e:	2b01      	cmp	r3, #1
10001280:	d930      	bls.n	100012e4 <clock_configure_int_divider+0xa0>
10001282:	23c0      	movs	r3, #192	@ 0xc0
10001284:	2280      	movs	r2, #128	@ 0x80
10001286:	019b      	lsls	r3, r3, #6
10001288:	18e3      	adds	r3, r4, r3
1000128a:	0112      	lsls	r2, r2, #4
1000128c:	601a      	str	r2, [r3, #0]
1000128e:	4b29      	ldr	r3, [pc, #164]	@ (10001334 <clock_configure_int_divider+0xf0>)
10001290:	00ad      	lsls	r5, r5, #2
10001292:	5959      	ldr	r1, [r3, r5]
10001294:	469a      	mov	sl, r3
10001296:	2900      	cmp	r1, #0
10001298:	d11b      	bne.n	100012d2 <clock_configure_int_divider+0x8e>
1000129a:	0173      	lsls	r3, r6, #5
1000129c:	26e0      	movs	r6, #224	@ 0xe0
1000129e:	6822      	ldr	r2, [r4, #0]
100012a0:	4053      	eors	r3, r2
100012a2:	401e      	ands	r6, r3
100012a4:	2380      	movs	r3, #128	@ 0x80
100012a6:	4642      	mov	r2, r8
100012a8:	015b      	lsls	r3, r3, #5
100012aa:	18e3      	adds	r3, r4, r3
100012ac:	601e      	str	r6, [r3, #0]
100012ae:	2a01      	cmp	r2, #1
100012b0:	d930      	bls.n	10001314 <clock_configure_int_divider+0xd0>
100012b2:	2380      	movs	r3, #128	@ 0x80
100012b4:	2280      	movs	r2, #128	@ 0x80
100012b6:	019b      	lsls	r3, r3, #6
100012b8:	18e3      	adds	r3, r4, r3
100012ba:	0112      	lsls	r2, r2, #4
100012bc:	601a      	str	r2, [r3, #0]
100012be:	4653      	mov	r3, sl
100012c0:	464a      	mov	r2, r9
100012c2:	6067      	str	r7, [r4, #4]
100012c4:	515a      	str	r2, [r3, r5]
100012c6:	bcf0      	pop	{r4, r5, r6, r7}
100012c8:	46bb      	mov	fp, r7
100012ca:	46b2      	mov	sl, r6
100012cc:	46a9      	mov	r9, r5
100012ce:	46a0      	mov	r8, r4
100012d0:	bdf8      	pop	{r3, r4, r5, r6, r7, pc}
100012d2:	6958      	ldr	r0, [r3, #20]
100012d4:	f000 fb0c 	bl	100018f0 <__wrap___aeabi_uidiv>
100012d8:	3001      	adds	r0, #1
100012da:	0043      	lsls	r3, r0, #1
100012dc:	181b      	adds	r3, r3, r0
100012de:	3b03      	subs	r3, #3
100012e0:	d2fd      	bcs.n	100012de <clock_configure_int_divider+0x9a>
100012e2:	e7da      	b.n	1000129a <clock_configure_int_divider+0x56>
100012e4:	465b      	mov	r3, fp
100012e6:	2b01      	cmp	r3, #1
100012e8:	d1cb      	bne.n	10001282 <clock_configure_int_divider+0x3e>
100012ea:	23c0      	movs	r3, #192	@ 0xc0
100012ec:	2203      	movs	r2, #3
100012ee:	019b      	lsls	r3, r3, #6
100012f0:	18e3      	adds	r3, r4, r3
100012f2:	601a      	str	r2, [r3, #0]
100012f4:	3a02      	subs	r2, #2
100012f6:	68a3      	ldr	r3, [r4, #8]
100012f8:	421a      	tst	r2, r3
100012fa:	d0fc      	beq.n	100012f6 <clock_configure_int_divider+0xb2>
100012fc:	0173      	lsls	r3, r6, #5
100012fe:	26e0      	movs	r6, #224	@ 0xe0
10001300:	6822      	ldr	r2, [r4, #0]
10001302:	00ad      	lsls	r5, r5, #2
10001304:	4053      	eors	r3, r2
10001306:	401e      	ands	r6, r3
10001308:	2380      	movs	r3, #128	@ 0x80
1000130a:	4a0a      	ldr	r2, [pc, #40]	@ (10001334 <clock_configure_int_divider+0xf0>)
1000130c:	015b      	lsls	r3, r3, #5
1000130e:	4692      	mov	sl, r2
10001310:	18e3      	adds	r3, r4, r3
10001312:	601e      	str	r6, [r3, #0]
10001314:	465a      	mov	r2, fp
10001316:	6821      	ldr	r1, [r4, #0]
10001318:	4051      	eors	r1, r2
1000131a:	2203      	movs	r2, #3
1000131c:	400a      	ands	r2, r1
1000131e:	601a      	str	r2, [r3, #0]
10001320:	2201      	movs	r2, #1
10001322:	465b      	mov	r3, fp
10001324:	409a      	lsls	r2, r3
10001326:	68a3      	ldr	r3, [r4, #8]
10001328:	421a      	tst	r2, r3
1000132a:	d0fc      	beq.n	10001326 <clock_configure_int_divider+0xe2>
1000132c:	e7c1      	b.n	100012b2 <clock_configure_int_divider+0x6e>
1000132e:	46c0      	nop			@ (mov r8, r8)
10001330:	40008000 	.word	0x40008000
10001334:	20001b40 	.word	0x20001b40

10001338 <clock_configure_undivided>:
10001338:	b5f0      	push	{r4, r5, r6, r7, lr}
1000133a:	4646      	mov	r6, r8
1000133c:	464f      	mov	r7, r9
1000133e:	46d6      	mov	lr, sl
10001340:	b5c0      	push	{r6, r7, lr}
10001342:	001f      	movs	r7, r3
10001344:	4b34      	ldr	r3, [pc, #208]	@ (10001418 <clock_configure_undivided+0xe0>)
10001346:	0044      	lsls	r4, r0, #1
10001348:	469c      	mov	ip, r3
1000134a:	1824      	adds	r4, r4, r0
1000134c:	00a4      	lsls	r4, r4, #2
1000134e:	4464      	add	r4, ip
10001350:	6863      	ldr	r3, [r4, #4]
10001352:	4688      	mov	r8, r1
10001354:	0016      	movs	r6, r2
10001356:	2bff      	cmp	r3, #255	@ 0xff
10001358:	d802      	bhi.n	10001360 <clock_configure_undivided+0x28>
1000135a:	2380      	movs	r3, #128	@ 0x80
1000135c:	005b      	lsls	r3, r3, #1
1000135e:	6063      	str	r3, [r4, #4]
10001360:	1f03      	subs	r3, r0, #4
10001362:	b2db      	uxtb	r3, r3
10001364:	469a      	mov	sl, r3
10001366:	2b01      	cmp	r3, #1
10001368:	d930      	bls.n	100013cc <clock_configure_undivided+0x94>
1000136a:	23c0      	movs	r3, #192	@ 0xc0
1000136c:	2280      	movs	r2, #128	@ 0x80
1000136e:	019b      	lsls	r3, r3, #6
10001370:	18e3      	adds	r3, r4, r3
10001372:	0112      	lsls	r2, r2, #4
10001374:	601a      	str	r2, [r3, #0]
10001376:	4b29      	ldr	r3, [pc, #164]	@ (1000141c <clock_configure_undivided+0xe4>)
10001378:	0085      	lsls	r5, r0, #2
1000137a:	5959      	ldr	r1, [r3, r5]
1000137c:	4699      	mov	r9, r3
1000137e:	2900      	cmp	r1, #0
10001380:	d11b      	bne.n	100013ba <clock_configure_undivided+0x82>
10001382:	0173      	lsls	r3, r6, #5
10001384:	26e0      	movs	r6, #224	@ 0xe0
10001386:	6822      	ldr	r2, [r4, #0]
10001388:	4053      	eors	r3, r2
1000138a:	401e      	ands	r6, r3
1000138c:	2380      	movs	r3, #128	@ 0x80
1000138e:	4652      	mov	r2, sl
10001390:	015b      	lsls	r3, r3, #5
10001392:	18e3      	adds	r3, r4, r3
10001394:	601e      	str	r6, [r3, #0]
10001396:	2a01      	cmp	r2, #1
10001398:	d930      	bls.n	100013fc <clock_configure_undivided+0xc4>
1000139a:	2380      	movs	r3, #128	@ 0x80
1000139c:	2280      	movs	r2, #128	@ 0x80
1000139e:	019b      	lsls	r3, r3, #6
100013a0:	18e3      	adds	r3, r4, r3
100013a2:	0112      	lsls	r2, r2, #4
100013a4:	601a      	str	r2, [r3, #0]
100013a6:	2380      	movs	r3, #128	@ 0x80
100013a8:	005b      	lsls	r3, r3, #1
100013aa:	6063      	str	r3, [r4, #4]
100013ac:	464b      	mov	r3, r9
100013ae:	515f      	str	r7, [r3, r5]
100013b0:	bce0      	pop	{r5, r6, r7}
100013b2:	46ba      	mov	sl, r7
100013b4:	46b1      	mov	r9, r6
100013b6:	46a8      	mov	r8, r5
100013b8:	bdf0      	pop	{r4, r5, r6, r7, pc}
100013ba:	6958      	ldr	r0, [r3, #20]
100013bc:	f000 fa98 	bl	100018f0 <__wrap___aeabi_uidiv>
100013c0:	3001      	adds	r0, #1
100013c2:	0043      	lsls	r3, r0, #1
100013c4:	181b      	adds	r3, r3, r0
100013c6:	3b03      	subs	r3, #3
100013c8:	d2fd      	bcs.n	100013c6 <clock_configure_undivided+0x8e>
100013ca:	e7da      	b.n	10001382 <clock_configure_undivided+0x4a>
100013cc:	4643      	mov	r3, r8
100013ce:	2b01      	cmp	r3, #1
100013d0:	d1cb      	bne.n	1000136a <clock_configure_undivided+0x32>
100013d2:	23c0      	movs	r3, #192	@ 0xc0
100013d4:	2203      	movs	r2, #3
100013d6:	019b      	lsls	r3, r3, #6
100013d8:	18e3      	adds	r3, r4, r3
100013da:	601a      	str	r2, [r3, #0]
100013dc:	3a02      	subs	r2, #2
100013de:	68a3      	ldr	r3, [r4, #8]
100013e0:	421a      	tst	r2, r3
100013e2:	d0fc      	beq.n	100013de <clock_configure_undivided+0xa6>
100013e4:	0173      	lsls	r3, r6, #5
100013e6:	26e0      	movs	r6, #224	@ 0xe0
100013e8:	6822      	ldr	r2, [r4, #0]
100013ea:	0085      	lsls	r5, r0, #2
100013ec:	4053      	eors	r3, r2
100013ee:	401e      	ands	r6, r3
100013f0:	2380      	movs	r3, #128	@ 0x80
100013f2:	4a0a      	ldr	r2, [pc, #40]	@ (1000141c <clock_configure_undivided+0xe4>)
100013f4:	015b      	lsls	r3, r3, #5
100013f6:	4691      	mov	r9, r2
100013f8:	18e3      	adds	r3, r4, r3
100013fa:	601e      	str	r6, [r3, #0]
100013fc:	4642      	mov	r2, r8
100013fe:	6821      	ldr	r1, [r4, #0]
10001400:	4051      	eors	r1, r2
10001402:	2203      	movs	r2, #3
10001404:	400a      	ands	r2, r1
10001406:	601a      	str	r2, [r3, #0]
10001408:	2301      	movs	r3, #1
1000140a:	4642      	mov	r2, r8
1000140c:	4093      	lsls	r3, r2
1000140e:	68a2      	ldr	r2, [r4, #8]
10001410:	4213      	tst	r3, r2
10001412:	d0fc      	beq.n	1000140e <clock_configure_undivided+0xd6>
10001414:	e7c1      	b.n	1000139a <clock_configure_undivided+0x62>
10001416:	46c0      	nop			@ (mov r8, r8)
10001418:	40008000 	.word	0x40008000
1000141c:	20001b40 	.word	0x20001b40

10001420 <clock_get_hz>:
10001420:	4b01      	ldr	r3, [pc, #4]	@ (10001428 <clock_get_hz+0x8>)
10001422:	0080      	lsls	r0, r0, #2
10001424:	58c0      	ldr	r0, [r0, r3]
10001426:	4770      	bx	lr
10001428:	20001b40 	.word	0x20001b40

1000142c <pll_init>:
1000142c:	b5f8      	push	{r3, r4, r5, r6, r7, lr}
1000142e:	0004      	movs	r4, r0
10001430:	4821      	ldr	r0, [pc, #132]	@ (100014b8 <pll_init+0x8c>)
10001432:	001e      	movs	r6, r3
10001434:	0017      	movs	r7, r2
10001436:	000d      	movs	r5, r1
10001438:	f000 fa5a 	bl	100018f0 <__wrap___aeabi_uidiv>
1000143c:	0001      	movs	r1, r0
1000143e:	0038      	movs	r0, r7
10001440:	f000 fa56 	bl	100018f0 <__wrap___aeabi_uidiv>
10001444:	9b06      	ldr	r3, [sp, #24]
10001446:	0436      	lsls	r6, r6, #16
10001448:	031b      	lsls	r3, r3, #12
1000144a:	431e      	orrs	r6, r3
1000144c:	6823      	ldr	r3, [r4, #0]
1000144e:	2b00      	cmp	r3, #0
10001450:	db20      	blt.n	10001494 <pll_init+0x68>
10001452:	4b1a      	ldr	r3, [pc, #104]	@ (100014bc <pll_init+0x90>)
10001454:	491a      	ldr	r1, [pc, #104]	@ (100014c0 <pll_init+0x94>)
10001456:	18e3      	adds	r3, r4, r3
10001458:	1e5a      	subs	r2, r3, #1
1000145a:	4193      	sbcs	r3, r2
1000145c:	2280      	movs	r2, #128	@ 0x80
1000145e:	0192      	lsls	r2, r2, #6
10001460:	4694      	mov	ip, r2
10001462:	425b      	negs	r3, r3
10001464:	0b1b      	lsrs	r3, r3, #12
10001466:	4a17      	ldr	r2, [pc, #92]	@ (100014c4 <pll_init+0x98>)
10001468:	031b      	lsls	r3, r3, #12
1000146a:	4463      	add	r3, ip
1000146c:	6013      	str	r3, [r2, #0]
1000146e:	4a16      	ldr	r2, [pc, #88]	@ (100014c8 <pll_init+0x9c>)
10001470:	6013      	str	r3, [r2, #0]
10001472:	001f      	movs	r7, r3
10001474:	680a      	ldr	r2, [r1, #0]
10001476:	4397      	bics	r7, r2
10001478:	d1fb      	bne.n	10001472 <pll_init+0x46>
1000147a:	4b14      	ldr	r3, [pc, #80]	@ (100014cc <pll_init+0xa0>)
1000147c:	6025      	str	r5, [r4, #0]
1000147e:	18e2      	adds	r2, r4, r3
10001480:	2321      	movs	r3, #33	@ 0x21
10001482:	60a0      	str	r0, [r4, #8]
10001484:	6013      	str	r3, [r2, #0]
10001486:	6823      	ldr	r3, [r4, #0]
10001488:	2b00      	cmp	r3, #0
1000148a:	dafc      	bge.n	10001486 <pll_init+0x5a>
1000148c:	2308      	movs	r3, #8
1000148e:	60e6      	str	r6, [r4, #12]
10001490:	6013      	str	r3, [r2, #0]
10001492:	bdf8      	pop	{r3, r4, r5, r6, r7, pc}
10001494:	233f      	movs	r3, #63	@ 0x3f
10001496:	6822      	ldr	r2, [r4, #0]
10001498:	4013      	ands	r3, r2
1000149a:	42ab      	cmp	r3, r5
1000149c:	d1d9      	bne.n	10001452 <pll_init+0x26>
1000149e:	68a3      	ldr	r3, [r4, #8]
100014a0:	051b      	lsls	r3, r3, #20
100014a2:	0d1b      	lsrs	r3, r3, #20
100014a4:	4283      	cmp	r3, r0
100014a6:	d1d4      	bne.n	10001452 <pll_init+0x26>
100014a8:	22ee      	movs	r2, #238	@ 0xee
100014aa:	68e3      	ldr	r3, [r4, #12]
100014ac:	02d2      	lsls	r2, r2, #11
100014ae:	4013      	ands	r3, r2
100014b0:	42b3      	cmp	r3, r6
100014b2:	d1ce      	bne.n	10001452 <pll_init+0x26>
100014b4:	e7ed      	b.n	10001492 <pll_init+0x66>
100014b6:	46c0      	nop			@ (mov r8, r8)
100014b8:	00b71b00 	.word	0x00b71b00
100014bc:	bffd4000 	.word	0xbffd4000
100014c0:	4000c008 	.word	0x4000c008
100014c4:	4000e000 	.word	0x4000e000
100014c8:	4000f000 	.word	0x4000f000
100014cc:	00003004 	.word	0x00003004

100014d0 <watchdog_reboot>:
100014d0:	b510      	push	{r4, lr}
100014d2:	2480      	movs	r4, #128	@ 0x80
100014d4:	4b1c      	ldr	r3, [pc, #112]	@ (10001548 <watchdog_reboot+0x78>)
100014d6:	05e4      	lsls	r4, r4, #23
100014d8:	601c      	str	r4, [r3, #0]
100014da:	2800      	cmp	r0, #0
100014dc:	d01a      	beq.n	10001514 <watchdog_reboot+0x44>
100014de:	2301      	movs	r3, #1
100014e0:	4c1a      	ldr	r4, [pc, #104]	@ (1000154c <watchdog_reboot+0x7c>)
100014e2:	4318      	orrs	r0, r3
100014e4:	4b1a      	ldr	r3, [pc, #104]	@ (10001550 <watchdog_reboot+0x80>)
100014e6:	61dc      	str	r4, [r3, #28]
100014e8:	4c1a      	ldr	r4, [pc, #104]	@ (10001554 <watchdog_reboot+0x84>)
100014ea:	4044      	eors	r4, r0
100014ec:	621c      	str	r4, [r3, #32]
100014ee:	6259      	str	r1, [r3, #36]	@ 0x24
100014f0:	6298      	str	r0, [r3, #40]	@ 0x28
100014f2:	2180      	movs	r1, #128	@ 0x80
100014f4:	4b14      	ldr	r3, [pc, #80]	@ (10001548 <watchdog_reboot+0x78>)
100014f6:	05c9      	lsls	r1, r1, #23
100014f8:	6019      	str	r1, [r3, #0]
100014fa:	4817      	ldr	r0, [pc, #92]	@ (10001558 <watchdog_reboot+0x88>)
100014fc:	4917      	ldr	r1, [pc, #92]	@ (1000155c <watchdog_reboot+0x8c>)
100014fe:	6008      	str	r0, [r1, #0]
10001500:	21e0      	movs	r1, #224	@ 0xe0
10001502:	04c9      	lsls	r1, r1, #19
10001504:	6019      	str	r1, [r3, #0]
10001506:	2a00      	cmp	r2, #0
10001508:	d107      	bne.n	1000151a <watchdog_reboot+0x4a>
1000150a:	2280      	movs	r2, #128	@ 0x80
1000150c:	4b14      	ldr	r3, [pc, #80]	@ (10001560 <watchdog_reboot+0x90>)
1000150e:	0612      	lsls	r2, r2, #24
10001510:	601a      	str	r2, [r3, #0]
10001512:	bd10      	pop	{r4, pc}
10001514:	4b0e      	ldr	r3, [pc, #56]	@ (10001550 <watchdog_reboot+0x80>)
10001516:	61d8      	str	r0, [r3, #28]
10001518:	e7eb      	b.n	100014f2 <watchdog_reboot+0x22>
1000151a:	0153      	lsls	r3, r2, #5
1000151c:	1a9b      	subs	r3, r3, r2
1000151e:	009b      	lsls	r3, r3, #2
10001520:	189a      	adds	r2, r3, r2
10001522:	2380      	movs	r3, #128	@ 0x80
10001524:	0112      	lsls	r2, r2, #4
10001526:	045b      	lsls	r3, r3, #17
10001528:	429a      	cmp	r2, r3
1000152a:	d209      	bcs.n	10001540 <watchdog_reboot+0x70>
1000152c:	0013      	movs	r3, r2
1000152e:	490d      	ldr	r1, [pc, #52]	@ (10001564 <watchdog_reboot+0x94>)
10001530:	600b      	str	r3, [r1, #0]
10001532:	4b07      	ldr	r3, [pc, #28]	@ (10001550 <watchdog_reboot+0x80>)
10001534:	605a      	str	r2, [r3, #4]
10001536:	2280      	movs	r2, #128	@ 0x80
10001538:	4b09      	ldr	r3, [pc, #36]	@ (10001560 <watchdog_reboot+0x90>)
1000153a:	05d2      	lsls	r2, r2, #23
1000153c:	601a      	str	r2, [r3, #0]
1000153e:	e7e8      	b.n	10001512 <watchdog_reboot+0x42>
10001540:	4b09      	ldr	r3, [pc, #36]	@ (10001568 <watchdog_reboot+0x98>)
10001542:	001a      	movs	r2, r3
10001544:	e7f3      	b.n	1000152e <watchdog_reboot+0x5e>
10001546:	46c0      	nop			@ (mov r8, r8)
10001548:	4005b000 	.word	0x4005b000
1000154c:	b007c0d3 	.word	0xb007c0d3
10001550:	40058000 	.word	0x40058000
10001554:	4ff83f2d 	.word	0x4ff83f2d
10001558:	0001fffc 	.word	0x0001fffc
1000155c:	40012008 	.word	0x40012008
10001560:	4005a000 	.word	0x4005a000
10001564:	20001fa0 	.word	0x20001fa0
10001568:	00ffffff 	.word	0x00ffffff

1000156c <tick_start>:
1000156c:	2380      	movs	r3, #128	@ 0x80
1000156e:	4a02      	ldr	r2, [pc, #8]	@ (10001578 <tick_start+0xc>)
10001570:	009b      	lsls	r3, r3, #2
10001572:	430b      	orrs	r3, r1
10001574:	62d3      	str	r3, [r2, #44]	@ 0x2c
10001576:	4770      	bx	lr
10001578:	40058000 	.word	0x40058000

1000157c <rom_func_lookup>:
1000157c:	2300      	movs	r3, #0
1000157e:	b510      	push	{r4, lr}
10001580:	0001      	movs	r1, r0
10001582:	8a98      	ldrh	r0, [r3, #20]
10001584:	8b1b      	ldrh	r3, [r3, #24]
10001586:	4798      	blx	r3
10001588:	bd10      	pop	{r4, pc}
1000158a:	46c0      	nop			@ (mov r8, r8)

1000158c <rom_data_lookup>:
1000158c:	2316      	movs	r3, #22
1000158e:	b510      	push	{r4, lr}
10001590:	0001      	movs	r1, r0
10001592:	8818      	ldrh	r0, [r3, #0]
10001594:	3302      	adds	r3, #2
10001596:	881b      	ldrh	r3, [r3, #0]
10001598:	4798      	blx	r3
1000159a:	bd10      	pop	{r4, pc}

1000159c <rom_funcs_lookup>:
1000159c:	b5f8      	push	{r3, r4, r5, r6, r7, lr}
1000159e:	4647      	mov	r7, r8
100015a0:	46ce      	mov	lr, r9
100015a2:	b580      	push	{r7, lr}
100015a4:	1e0f      	subs	r7, r1, #0
100015a6:	d018      	beq.n	100015da <rom_funcs_lookup+0x3e>
100015a8:	2314      	movs	r3, #20
100015aa:	4699      	mov	r9, r3
100015ac:	3304      	adds	r3, #4
100015ae:	0004      	movs	r4, r0
100015b0:	2500      	movs	r5, #0
100015b2:	2601      	movs	r6, #1
100015b4:	4698      	mov	r8, r3
100015b6:	464b      	mov	r3, r9
100015b8:	8818      	ldrh	r0, [r3, #0]
100015ba:	4643      	mov	r3, r8
100015bc:	6821      	ldr	r1, [r4, #0]
100015be:	881b      	ldrh	r3, [r3, #0]
100015c0:	4798      	blx	r3
100015c2:	c401      	stmia	r4!, {r0}
100015c4:	1e43      	subs	r3, r0, #1
100015c6:	4198      	sbcs	r0, r3
100015c8:	3501      	adds	r5, #1
100015ca:	4006      	ands	r6, r0
100015cc:	42af      	cmp	r7, r5
100015ce:	d1f2      	bne.n	100015b6 <rom_funcs_lookup+0x1a>
100015d0:	0030      	movs	r0, r6
100015d2:	bcc0      	pop	{r6, r7}
100015d4:	46b9      	mov	r9, r7
100015d6:	46b0      	mov	r8, r6
100015d8:	bdf8      	pop	{r3, r4, r5, r6, r7, pc}
100015da:	2601      	movs	r6, #1
100015dc:	e7f8      	b.n	100015d0 <rom_funcs_lookup+0x34>
100015de:	46c0      	nop			@ (mov r8, r8)

100015e0 <rom_reset_usb_boot>:
100015e0:	2300      	movs	r3, #0
100015e2:	b570      	push	{r4, r5, r6, lr}
100015e4:	0004      	movs	r4, r0
100015e6:	000d      	movs	r5, r1
100015e8:	8a98      	ldrh	r0, [r3, #20]
100015ea:	4903      	ldr	r1, [pc, #12]	@ (100015f8 <rom_reset_usb_boot+0x18>)
100015ec:	8b1b      	ldrh	r3, [r3, #24]
100015ee:	4798      	blx	r3
100015f0:	0029      	movs	r1, r5
100015f2:	0003      	movs	r3, r0
100015f4:	0020      	movs	r0, r4
100015f6:	4798      	blx	r3
100015f8:	00004255 	.word	0x00004255

100015fc <rom_reset_usb_boot_extra>:
100015fc:	2300      	movs	r3, #0
100015fe:	b570      	push	{r4, r5, r6, lr}
10001600:	0004      	movs	r4, r0
10001602:	000d      	movs	r5, r1
10001604:	8a98      	ldrh	r0, [r3, #20]
10001606:	4905      	ldr	r1, [pc, #20]	@ (1000161c <rom_reset_usb_boot_extra+0x20>)
10001608:	8b1b      	ldrh	r3, [r3, #24]
1000160a:	4798      	blx	r3
1000160c:	0003      	movs	r3, r0
1000160e:	2000      	movs	r0, #0
10001610:	2c00      	cmp	r4, #0
10001612:	db01      	blt.n	10001618 <rom_reset_usb_boot_extra+0x1c>
10001614:	3001      	adds	r0, #1
10001616:	40a0      	lsls	r0, r4
10001618:	0029      	movs	r1, r5
1000161a:	4798      	blx	r3
1000161c:	00004255 	.word	0x00004255

10001620 <xosc_init>:
10001620:	23aa      	movs	r3, #170	@ 0xaa
10001622:	4a06      	ldr	r2, [pc, #24]	@ (1000163c <xosc_init+0x1c>)
10001624:	011b      	lsls	r3, r3, #4
10001626:	6013      	str	r3, [r2, #0]
10001628:	238d      	movs	r3, #141	@ 0x8d
1000162a:	005b      	lsls	r3, r3, #1
1000162c:	60d3      	str	r3, [r2, #12]
1000162e:	4904      	ldr	r1, [pc, #16]	@ (10001640 <xosc_init+0x20>)
10001630:	4b04      	ldr	r3, [pc, #16]	@ (10001644 <xosc_init+0x24>)
10001632:	6019      	str	r1, [r3, #0]
10001634:	6853      	ldr	r3, [r2, #4]
10001636:	2b00      	cmp	r3, #0
10001638:	dafc      	bge.n	10001634 <xosc_init+0x14>
1000163a:	4770      	bx	lr
1000163c:	40024000 	.word	0x40024000
10001640:	00fab000 	.word	0x00fab000
10001644:	40026000 	.word	0x40026000

10001648 <first_per_core_initializer>:
10001648:	4770      	bx	lr
1000164a:	46c0      	nop			@ (mov r8, r8)

1000164c <hard_assertion_failure>:
1000164c:	b510      	push	{r4, lr}
1000164e:	4801      	ldr	r0, [pc, #4]	@ (10001654 <hard_assertion_failure+0x8>)
10001650:	f7fe fed4 	bl	100003fc <panic>
10001654:	10009ae8 	.word	0x10009ae8

10001658 <runtime_run_initializers>:
10001658:	b570      	push	{r4, r5, r6, lr}
1000165a:	4d07      	ldr	r5, [pc, #28]	@ (10001678 <runtime_run_initializers+0x20>)
1000165c:	4e07      	ldr	r6, [pc, #28]	@ (1000167c <runtime_run_initializers+0x24>)
1000165e:	42b5      	cmp	r5, r6
10001660:	d209      	bcs.n	10001676 <runtime_run_initializers+0x1e>
10001662:	2400      	movs	r4, #0
10001664:	3e01      	subs	r6, #1
10001666:	1b76      	subs	r6, r6, r5
10001668:	08b6      	lsrs	r6, r6, #2
1000166a:	cd08      	ldmia	r5!, {r3}
1000166c:	4798      	blx	r3
1000166e:	0023      	movs	r3, r4
10001670:	3401      	adds	r4, #1
10001672:	42b3      	cmp	r3, r6
10001674:	d1f9      	bne.n	1000166a <runtime_run_initializers+0x12>
10001676:	bd70      	pop	{r4, r5, r6, pc}
10001678:	100099e8 	.word	0x100099e8
1000167c:	10009a24 	.word	0x10009a24

10001680 <runtime_init_early_resets>:
10001680:	4b05      	ldr	r3, [pc, #20]	@ (10001698 <runtime_init_early_resets+0x18>)
10001682:	4a06      	ldr	r2, [pc, #24]	@ (1000169c <runtime_init_early_resets+0x1c>)
10001684:	4906      	ldr	r1, [pc, #24]	@ (100016a0 <runtime_init_early_resets+0x20>)
10001686:	601a      	str	r2, [r3, #0]
10001688:	4a06      	ldr	r2, [pc, #24]	@ (100016a4 <runtime_init_early_resets+0x24>)
1000168a:	4b07      	ldr	r3, [pc, #28]	@ (100016a8 <runtime_init_early_resets+0x28>)
1000168c:	601a      	str	r2, [r3, #0]
1000168e:	0010      	movs	r0, r2
10001690:	680b      	ldr	r3, [r1, #0]
10001692:	4398      	bics	r0, r3
10001694:	d1fb      	bne.n	1000168e <runtime_init_early_resets+0xe>
10001696:	4770      	bx	lr
10001698:	4000e000 	.word	0x4000e000
1000169c:	fefbcdbf 	.word	0xfefbcdbf
100016a0:	4000c008 	.word	0x4000c008
100016a4:	003c7ffe 	.word	0x003c7ffe
100016a8:	4000f000 	.word	0x4000f000

100016ac <runtime_init_usb_power_down>:
100016ac:	4b04      	ldr	r3, [pc, #16]	@ (100016c0 <runtime_init_usb_power_down+0x14>)
100016ae:	6cdb      	ldr	r3, [r3, #76]	@ 0x4c
100016b0:	2b00      	cmp	r3, #0
100016b2:	d103      	bne.n	100016bc <runtime_init_usb_power_down+0x10>
100016b4:	2280      	movs	r2, #128	@ 0x80
100016b6:	4b03      	ldr	r3, [pc, #12]	@ (100016c4 <runtime_init_usb_power_down+0x18>)
100016b8:	02d2      	lsls	r2, r2, #11
100016ba:	601a      	str	r2, [r3, #0]
100016bc:	4770      	bx	lr
100016be:	46c0      	nop			@ (mov r8, r8)
100016c0:	50110000 	.word	0x50110000
100016c4:	5011204c 	.word	0x5011204c

100016c8 <runtime_init_post_clock_resets>:
100016c8:	4a04      	ldr	r2, [pc, #16]	@ (100016dc <runtime_init_post_clock_resets+0x14>)
100016ca:	4b05      	ldr	r3, [pc, #20]	@ (100016e0 <runtime_init_post_clock_resets+0x18>)
100016cc:	601a      	str	r2, [r3, #0]
100016ce:	4a05      	ldr	r2, [pc, #20]	@ (100016e4 <runtime_init_post_clock_resets+0x1c>)
100016d0:	6813      	ldr	r3, [r2, #0]
100016d2:	01db      	lsls	r3, r3, #7
100016d4:	3380      	adds	r3, #128	@ 0x80
100016d6:	d1fb      	bne.n	100016d0 <runtime_init_post_clock_resets+0x8>
100016d8:	4770      	bx	lr
100016da:	46c0      	nop			@ (mov r8, r8)
100016dc:	01ffffff 	.word	0x01ffffff
100016e0:	4000f000 	.word	0x4000f000
100016e4:	4000c008 	.word	0x4000c008

100016e8 <runtime_init_rp2040_gpio_ie_disable>:
100016e8:	2240      	movs	r2, #64	@ 0x40
100016ea:	4b03      	ldr	r3, [pc, #12]	@ (100016f8 <runtime_init_rp2040_gpio_ie_disable+0x10>)
100016ec:	679a      	str	r2, [r3, #120]	@ 0x78
100016ee:	675a      	str	r2, [r3, #116]	@ 0x74
100016f0:	671a      	str	r2, [r3, #112]	@ 0x70
100016f2:	66da      	str	r2, [r3, #108]	@ 0x6c
100016f4:	4770      	bx	lr
100016f6:	46c0      	nop			@ (mov r8, r8)
100016f8:	4001f000 	.word	0x4001f000

100016fc <runtime_init_spin_locks_reset>:
100016fc:	b510      	push	{r4, lr}
100016fe:	f7fe ff1f 	bl	10000540 <spin_locks_reset>
10001702:	bd10      	pop	{r4, pc}

10001704 <runtime_init_install_ram_vector_table>:
10001704:	b5f8      	push	{r3, r4, r5, r6, r7, lr}
10001706:	4927      	ldr	r1, [pc, #156]	@ (100017a4 <runtime_init_install_ram_vector_table+0xa0>)
10001708:	4c27      	ldr	r4, [pc, #156]	@ (100017a8 <runtime_init_install_ram_vector_table+0xa4>)
1000170a:	4d28      	ldr	r5, [pc, #160]	@ (100017ac <runtime_init_install_ram_vector_table+0xa8>)
1000170c:	1a64      	subs	r4, r4, r1
1000170e:	10a6      	asrs	r6, r4, #2
10001710:	0032      	movs	r2, r6
10001712:	2e30      	cmp	r6, #48	@ 0x30
10001714:	d900      	bls.n	10001718 <runtime_init_install_ram_vector_table+0x14>
10001716:	2230      	movs	r2, #48	@ 0x30
10001718:	0028      	movs	r0, r5
1000171a:	0092      	lsls	r2, r2, #2
1000171c:	f000 fcbe 	bl	1000209c <__wrap___aeabi_memcpy>
10001720:	2cbc      	cmp	r4, #188	@ 0xbc
10001722:	d83b      	bhi.n	1000179c <runtime_init_install_ram_vector_table+0x98>
10001724:	2030      	movs	r0, #48	@ 0x30
10001726:	232f      	movs	r3, #47	@ 0x2f
10001728:	192c      	adds	r4, r5, r4
1000172a:	0764      	lsls	r4, r4, #29
1000172c:	4a20      	ldr	r2, [pc, #128]	@ (100017b0 <runtime_init_install_ram_vector_table+0xac>)
1000172e:	1b80      	subs	r0, r0, r6
10001730:	0fe4      	lsrs	r4, r4, #31
10001732:	1b9b      	subs	r3, r3, r6
10001734:	2b05      	cmp	r3, #5
10001736:	d916      	bls.n	10001766 <runtime_init_install_ram_vector_table+0x62>
10001738:	0037      	movs	r7, r6
1000173a:	2c00      	cmp	r4, #0
1000173c:	d002      	beq.n	10001744 <runtime_init_install_ram_vector_table+0x40>
1000173e:	00b3      	lsls	r3, r6, #2
10001740:	1c77      	adds	r7, r6, #1
10001742:	50ea      	str	r2, [r5, r3]
10001744:	1b00      	subs	r0, r0, r4
10001746:	1933      	adds	r3, r6, r4
10001748:	009b      	lsls	r3, r3, #2
1000174a:	0841      	lsrs	r1, r0, #1
1000174c:	18eb      	adds	r3, r5, r3
1000174e:	00c9      	lsls	r1, r1, #3
10001750:	18c9      	adds	r1, r1, r3
10001752:	601a      	str	r2, [r3, #0]
10001754:	605a      	str	r2, [r3, #4]
10001756:	3308      	adds	r3, #8
10001758:	4299      	cmp	r1, r3
1000175a:	d1fa      	bne.n	10001752 <runtime_init_install_ram_vector_table+0x4e>
1000175c:	2301      	movs	r3, #1
1000175e:	4203      	tst	r3, r0
10001760:	d01c      	beq.n	1000179c <runtime_init_install_ram_vector_table+0x98>
10001762:	4398      	bics	r0, r3
10001764:	19c6      	adds	r6, r0, r7
10001766:	00b3      	lsls	r3, r6, #2
10001768:	50ea      	str	r2, [r5, r3]
1000176a:	1c73      	adds	r3, r6, #1
1000176c:	2e2f      	cmp	r6, #47	@ 0x2f
1000176e:	d015      	beq.n	1000179c <runtime_init_install_ram_vector_table+0x98>
10001770:	009b      	lsls	r3, r3, #2
10001772:	50ea      	str	r2, [r5, r3]
10001774:	1cb3      	adds	r3, r6, #2
10001776:	2e2e      	cmp	r6, #46	@ 0x2e
10001778:	d010      	beq.n	1000179c <runtime_init_install_ram_vector_table+0x98>
1000177a:	009b      	lsls	r3, r3, #2
1000177c:	50ea      	str	r2, [r5, r3]
1000177e:	1cf3      	adds	r3, r6, #3
10001780:	2e2d      	cmp	r6, #45	@ 0x2d
10001782:	d00b      	beq.n	1000179c <runtime_init_install_ram_vector_table+0x98>
10001784:	009b      	lsls	r3, r3, #2
10001786:	50ea      	str	r2, [r5, r3]
10001788:	1d33      	adds	r3, r6, #4
1000178a:	2e2c      	cmp	r6, #44	@ 0x2c
1000178c:	d006      	beq.n	1000179c <runtime_init_install_ram_vector_table+0x98>
1000178e:	009b      	lsls	r3, r3, #2
10001790:	50ea      	str	r2, [r5, r3]
10001792:	1d73      	adds	r3, r6, #5
10001794:	2e2b      	cmp	r6, #43	@ 0x2b
10001796:	d001      	beq.n	1000179c <runtime_init_install_ram_vector_table+0x98>
10001798:	009b      	lsls	r3, r3, #2
1000179a:	50ea      	str	r2, [r5, r3]
1000179c:	4b05      	ldr	r3, [pc, #20]	@ (100017b4 <runtime_init_install_ram_vector_table+0xb0>)
1000179e:	609d      	str	r5, [r3, #8]
100017a0:	bdf8      	pop	{r3, r4, r5, r6, r7, pc}
100017a2:	46c0      	nop			@ (mov r8, r8)
100017a4:	10000100 	.word	0x10000100
100017a8:	100001c0 	.word	0x100001c0
100017ac:	20000000 	.word	0x20000000
100017b0:	100001c1 	.word	0x100001c1
100017b4:	e000ed00 	.word	0xe000ed00

100017b8 <runtime_init_clocks>:
100017b8:	2300      	movs	r3, #0
100017ba:	b510      	push	{r4, lr}
100017bc:	4c29      	ldr	r4, [pc, #164]	@ (10001864 <runtime_init_clocks+0xac>)
100017be:	b082      	sub	sp, #8
100017c0:	67a3      	str	r3, [r4, #120]	@ 0x78
100017c2:	f7ff ff2d 	bl	10001620 <xosc_init>
100017c6:	2201      	movs	r2, #1
100017c8:	4b27      	ldr	r3, [pc, #156]	@ (10001868 <runtime_init_clocks+0xb0>)
100017ca:	601a      	str	r2, [r3, #0]
100017cc:	6c63      	ldr	r3, [r4, #68]	@ 0x44
100017ce:	2b01      	cmp	r3, #1
100017d0:	d1fc      	bne.n	100017cc <runtime_init_clocks+0x14>
100017d2:	2203      	movs	r2, #3
100017d4:	4b25      	ldr	r3, [pc, #148]	@ (1000186c <runtime_init_clocks+0xb4>)
100017d6:	601a      	str	r2, [r3, #0]
100017d8:	4a22      	ldr	r2, [pc, #136]	@ (10001864 <runtime_init_clocks+0xac>)
100017da:	6b93      	ldr	r3, [r2, #56]	@ 0x38
100017dc:	2b01      	cmp	r3, #1
100017de:	d1fc      	bne.n	100017da <runtime_init_clocks+0x22>
100017e0:	3301      	adds	r3, #1
100017e2:	9300      	str	r3, [sp, #0]
100017e4:	2101      	movs	r1, #1
100017e6:	4a22      	ldr	r2, [pc, #136]	@ (10001870 <runtime_init_clocks+0xb8>)
100017e8:	4822      	ldr	r0, [pc, #136]	@ (10001874 <runtime_init_clocks+0xbc>)
100017ea:	3304      	adds	r3, #4
100017ec:	f7ff fe1e 	bl	1000142c <pll_init>
100017f0:	2305      	movs	r3, #5
100017f2:	2101      	movs	r1, #1
100017f4:	9300      	str	r3, [sp, #0]
100017f6:	4a20      	ldr	r2, [pc, #128]	@ (10001878 <runtime_init_clocks+0xc0>)
100017f8:	4820      	ldr	r0, [pc, #128]	@ (1000187c <runtime_init_clocks+0xc4>)
100017fa:	f7ff fe17 	bl	1000142c <pll_init>
100017fe:	2200      	movs	r2, #0
10001800:	2102      	movs	r1, #2
10001802:	2004      	movs	r0, #4
10001804:	4b1e      	ldr	r3, [pc, #120]	@ (10001880 <runtime_init_clocks+0xc8>)
10001806:	f7ff fd97 	bl	10001338 <clock_configure_undivided>
1000180a:	2200      	movs	r2, #0
1000180c:	2101      	movs	r1, #1
1000180e:	2005      	movs	r0, #5
10001810:	4b1c      	ldr	r3, [pc, #112]	@ (10001884 <runtime_init_clocks+0xcc>)
10001812:	f7ff fd91 	bl	10001338 <clock_configure_undivided>
10001816:	2200      	movs	r2, #0
10001818:	2100      	movs	r1, #0
1000181a:	2007      	movs	r0, #7
1000181c:	4b1a      	ldr	r3, [pc, #104]	@ (10001888 <runtime_init_clocks+0xd0>)
1000181e:	f7ff fd8b 	bl	10001338 <clock_configure_undivided>
10001822:	2200      	movs	r2, #0
10001824:	2100      	movs	r1, #0
10001826:	2008      	movs	r0, #8
10001828:	4b17      	ldr	r3, [pc, #92]	@ (10001888 <runtime_init_clocks+0xd0>)
1000182a:	f7ff fd85 	bl	10001338 <clock_configure_undivided>
1000182e:	2380      	movs	r3, #128	@ 0x80
10001830:	00db      	lsls	r3, r3, #3
10001832:	9300      	str	r3, [sp, #0]
10001834:	2200      	movs	r2, #0
10001836:	2100      	movs	r1, #0
10001838:	2009      	movs	r0, #9
1000183a:	4b13      	ldr	r3, [pc, #76]	@ (10001888 <runtime_init_clocks+0xd0>)
1000183c:	f7ff fd02 	bl	10001244 <clock_configure_int_divider>
10001840:	2200      	movs	r2, #0
10001842:	4b10      	ldr	r3, [pc, #64]	@ (10001884 <runtime_init_clocks+0xcc>)
10001844:	2100      	movs	r1, #0
10001846:	2006      	movs	r0, #6
10001848:	f7ff fd76 	bl	10001338 <clock_configure_undivided>
1000184c:	2004      	movs	r0, #4
1000184e:	f7ff fde7 	bl	10001420 <clock_get_hz>
10001852:	490e      	ldr	r1, [pc, #56]	@ (1000188c <runtime_init_clocks+0xd4>)
10001854:	f000 f84c 	bl	100018f0 <__wrap___aeabi_uidiv>
10001858:	0001      	movs	r1, r0
1000185a:	2000      	movs	r0, #0
1000185c:	f7ff fe86 	bl	1000156c <tick_start>
10001860:	b002      	add	sp, #8
10001862:	bd10      	pop	{r4, pc}
10001864:	40008000 	.word	0x40008000
10001868:	4000b03c 	.word	0x4000b03c
1000186c:	4000b030 	.word	0x4000b030
10001870:	59682f00 	.word	0x59682f00
10001874:	40028000 	.word	0x40028000
10001878:	47868c00 	.word	0x47868c00
1000187c:	4002c000 	.word	0x4002c000
10001880:	00b71b00 	.word	0x00b71b00
10001884:	07735940 	.word	0x07735940
10001888:	02dc6c00 	.word	0x02dc6c00
1000188c:	000f4240 	.word	0x000f4240

10001890 <__aeabi_bits_init>:
10001890:	4801      	ldr	r0, [pc, #4]	@ (10001898 <__aeabi_bits_init+0x8>)
10001892:	2104      	movs	r1, #4
10001894:	4b01      	ldr	r3, [pc, #4]	@ (1000189c <__aeabi_bits_init+0xc>)
10001896:	4718      	bx	r3
10001898:	20001050 	.word	0x20001050
1000189c:	1000159d 	.word	0x1000159d

100018a0 <__wrap___aeabi_idiv>:
100018a0:	4a12      	ldr	r2, [pc, #72]	@ (100018ec <divmod_s32s32_savestate+0x18>)
100018a2:	6f93      	ldr	r3, [r2, #120]	@ 0x78
100018a4:	089b      	lsrs	r3, r3, #2
100018a6:	d215      	bcs.n	100018d4 <divmod_s32s32_savestate>

100018a8 <divmod_s32s32_unsafe>:
100018a8:	6690      	str	r0, [r2, #104]	@ 0x68
100018aa:	66d1      	str	r1, [r2, #108]	@ 0x6c
100018ac:	2900      	cmp	r1, #0
100018ae:	d005      	beq.n	100018bc <divmod_s32s32_unsafe+0x14>
100018b0:	e7ff      	b.n	100018b2 <divmod_s32s32_unsafe+0xa>
100018b2:	e7ff      	b.n	100018b4 <divmod_s32s32_unsafe+0xc>
100018b4:	e7ff      	b.n	100018b6 <divmod_s32s32_unsafe+0xe>
100018b6:	6f51      	ldr	r1, [r2, #116]	@ 0x74
100018b8:	6f10      	ldr	r0, [r2, #112]	@ 0x70
100018ba:	4770      	bx	lr
100018bc:	b504      	push	{r2, lr}
100018be:	2180      	movs	r1, #128	@ 0x80
100018c0:	0609      	lsls	r1, r1, #24
100018c2:	17c2      	asrs	r2, r0, #31
100018c4:	4051      	eors	r1, r2
100018c6:	2800      	cmp	r0, #0
100018c8:	d000      	beq.n	100018cc <divmod_s32s32_unsafe+0x24>
100018ca:	43c8      	mvns	r0, r1
100018cc:	f008 f854 	bl	10009978 <____aeabi_idiv0_veneer>
100018d0:	2100      	movs	r1, #0
100018d2:	bd04      	pop	{r2, pc}

100018d4 <divmod_s32s32_savestate>:
100018d4:	b5f0      	push	{r4, r5, r6, r7, lr}
100018d6:	6e14      	ldr	r4, [r2, #96]	@ 0x60
100018d8:	6e55      	ldr	r5, [r2, #100]	@ 0x64
100018da:	6f57      	ldr	r7, [r2, #116]	@ 0x74
100018dc:	6f16      	ldr	r6, [r2, #112]	@ 0x70
100018de:	f7ff ffe3 	bl	100018a8 <divmod_s32s32_unsafe>
100018e2:	6614      	str	r4, [r2, #96]	@ 0x60
100018e4:	6655      	str	r5, [r2, #100]	@ 0x64
100018e6:	6757      	str	r7, [r2, #116]	@ 0x74
100018e8:	6716      	str	r6, [r2, #112]	@ 0x70
100018ea:	bdf0      	pop	{r4, r5, r6, r7, pc}
100018ec:	d0000000 	.word	0xd0000000

100018f0 <__wrap___aeabi_uidiv>:
100018f0:	4a11      	ldr	r2, [pc, #68]	@ (10001938 <divmod_u32u32_savestate+0x18>)
100018f2:	6f93      	ldr	r3, [r2, #120]	@ 0x78
100018f4:	089b      	lsrs	r3, r3, #2
100018f6:	d213      	bcs.n	10001920 <divmod_u32u32_savestate>

100018f8 <divmod_u32u32_unsafe>:
100018f8:	6610      	str	r0, [r2, #96]	@ 0x60
100018fa:	6651      	str	r1, [r2, #100]	@ 0x64
100018fc:	2900      	cmp	r1, #0
100018fe:	d005      	beq.n	1000190c <divmod_u32u32_unsafe+0x14>
10001900:	e7ff      	b.n	10001902 <divmod_u32u32_unsafe+0xa>
10001902:	e7ff      	b.n	10001904 <divmod_u32u32_unsafe+0xc>
10001904:	e7ff      	b.n	10001906 <divmod_u32u32_unsafe+0xe>
10001906:	6f51      	ldr	r1, [r2, #116]	@ 0x74
10001908:	6f10      	ldr	r0, [r2, #112]	@ 0x70
1000190a:	4770      	bx	lr
1000190c:	b504      	push	{r2, lr}
1000190e:	2800      	cmp	r0, #0
10001910:	d001      	beq.n	10001916 <divmod_u32u32_unsafe+0x1e>
10001912:	2000      	movs	r0, #0
10001914:	43c0      	mvns	r0, r0
10001916:	f008 f82f 	bl	10009978 <____aeabi_idiv0_veneer>
1000191a:	2100      	movs	r1, #0
1000191c:	bd04      	pop	{r2, pc}
1000191e:	46c0      	nop			@ (mov r8, r8)

10001920 <divmod_u32u32_savestate>:
10001920:	b5f0      	push	{r4, r5, r6, r7, lr}
10001922:	6e14      	ldr	r4, [r2, #96]	@ 0x60
10001924:	6e55      	ldr	r5, [r2, #100]	@ 0x64
10001926:	6f57      	ldr	r7, [r2, #116]	@ 0x74
10001928:	6f16      	ldr	r6, [r2, #112]	@ 0x70
1000192a:	f7ff ffe5 	bl	100018f8 <divmod_u32u32_unsafe>
1000192e:	6614      	str	r4, [r2, #96]	@ 0x60
10001930:	6655      	str	r5, [r2, #100]	@ 0x64
10001932:	6757      	str	r7, [r2, #116]	@ 0x74
10001934:	6716      	str	r6, [r2, #112]	@ 0x70
10001936:	bdf0      	pop	{r4, r5, r6, r7, pc}
10001938:	d0000000 	.word	0xd0000000

1000193c <__wrap___aeabi_ldivmod>:
1000193c:	4694      	mov	ip, r2
1000193e:	4a4a      	ldr	r2, [pc, #296]	@ (10001a68 <udiv0+0x1a>)
10001940:	6f92      	ldr	r2, [r2, #120]	@ 0x78
10001942:	0892      	lsrs	r2, r2, #2
10001944:	4662      	mov	r2, ip
10001946:	d201      	bcs.n	1000194c <divmod_s64s64_savestate>
10001948:	e028      	b.n	1000199c <divmod_s64s64_unsafe>
1000194a:	46c0      	nop			@ (mov r8, r8)

1000194c <divmod_s64s64_savestate>:
1000194c:	b5f0      	push	{r4, r5, r6, r7, lr}
1000194e:	4e46      	ldr	r6, [pc, #280]	@ (10001a68 <udiv0+0x1a>)
10001950:	6e34      	ldr	r4, [r6, #96]	@ 0x60
10001952:	6e75      	ldr	r5, [r6, #100]	@ 0x64
10001954:	6f77      	ldr	r7, [r6, #116]	@ 0x74
10001956:	6f36      	ldr	r6, [r6, #112]	@ 0x70
10001958:	f000 f820 	bl	1000199c <divmod_s64s64_unsafe>
1000195c:	4694      	mov	ip, r2
1000195e:	4a42      	ldr	r2, [pc, #264]	@ (10001a68 <udiv0+0x1a>)
10001960:	6614      	str	r4, [r2, #96]	@ 0x60
10001962:	6655      	str	r5, [r2, #100]	@ 0x64
10001964:	6757      	str	r7, [r2, #116]	@ 0x74
10001966:	6716      	str	r6, [r2, #112]	@ 0x70
10001968:	4662      	mov	r2, ip
1000196a:	bdf0      	pop	{r4, r5, r6, r7, pc}

1000196c <__wrap___aeabi_uldivmod>:
1000196c:	4694      	mov	ip, r2
1000196e:	4a3e      	ldr	r2, [pc, #248]	@ (10001a68 <udiv0+0x1a>)
10001970:	6f92      	ldr	r2, [r2, #120]	@ 0x78
10001972:	0892      	lsrs	r2, r2, #2
10001974:	4662      	mov	r2, ip
10001976:	d201      	bcs.n	1000197c <divmod_u64u64_savestate>
10001978:	e054      	b.n	10001a24 <divmod_u64u64_unsafe>
1000197a:	46c0      	nop			@ (mov r8, r8)

1000197c <divmod_u64u64_savestate>:
1000197c:	b5f0      	push	{r4, r5, r6, r7, lr}
1000197e:	4e3a      	ldr	r6, [pc, #232]	@ (10001a68 <udiv0+0x1a>)
10001980:	6e34      	ldr	r4, [r6, #96]	@ 0x60
10001982:	6e75      	ldr	r5, [r6, #100]	@ 0x64
10001984:	6f77      	ldr	r7, [r6, #116]	@ 0x74
10001986:	6f36      	ldr	r6, [r6, #112]	@ 0x70
10001988:	f000 f84c 	bl	10001a24 <divmod_u64u64_unsafe>
1000198c:	4694      	mov	ip, r2
1000198e:	4a36      	ldr	r2, [pc, #216]	@ (10001a68 <udiv0+0x1a>)
10001990:	6614      	str	r4, [r2, #96]	@ 0x60
10001992:	6655      	str	r5, [r2, #100]	@ 0x64
10001994:	6757      	str	r7, [r2, #116]	@ 0x74
10001996:	6716      	str	r6, [r2, #112]	@ 0x70
10001998:	4662      	mov	r2, ip
1000199a:	bdf0      	pop	{r4, r5, r6, r7, pc}

1000199c <divmod_s64s64_unsafe>:
1000199c:	2b00      	cmp	r3, #0
1000199e:	db24      	blt.n	100019ea <l42_1+0x26>
100019a0:	d011      	beq.n	100019c6 <l42_1+0x2>
100019a2:	2900      	cmp	r1, #0
100019a4:	da3e      	bge.n	10001a24 <divmod_u64u64_unsafe>
100019a6:	b500      	push	{lr}
100019a8:	43c9      	mvns	r1, r1
100019aa:	4240      	negs	r0, r0
100019ac:	d100      	bne.n	100019b0 <l40_1>
100019ae:	3101      	adds	r1, #1

100019b0 <l40_1>:
100019b0:	f000 f838 	bl	10001a24 <divmod_u64u64_unsafe>
100019b4:	43c9      	mvns	r1, r1
100019b6:	4240      	negs	r0, r0
100019b8:	d100      	bne.n	100019bc <l41_1>
100019ba:	3101      	adds	r1, #1

100019bc <l41_1>:
100019bc:	43db      	mvns	r3, r3
100019be:	4252      	negs	r2, r2
100019c0:	d100      	bne.n	100019c4 <l42_1>
100019c2:	3301      	adds	r3, #1

100019c4 <l42_1>:
100019c4:	bd00      	pop	{pc}
100019c6:	2a00      	cmp	r2, #0
100019c8:	d1eb      	bne.n	100019a2 <divmod_s64s64_unsafe+0x6>
100019ca:	2800      	cmp	r0, #0
100019cc:	d101      	bne.n	100019d2 <l42_1+0xe>
100019ce:	2900      	cmp	r1, #0
100019d0:	d005      	beq.n	100019de <l42_1+0x1a>
100019d2:	2000      	movs	r0, #0
100019d4:	0fc9      	lsrs	r1, r1, #31
100019d6:	07c9      	lsls	r1, r1, #31
100019d8:	d101      	bne.n	100019de <l42_1+0x1a>
100019da:	43c0      	mvns	r0, r0
100019dc:	0841      	lsrs	r1, r0, #1
100019de:	b500      	push	{lr}
100019e0:	f007 ffb2 	bl	10009948 <____aeabi_ldiv0_veneer>
100019e4:	2200      	movs	r2, #0
100019e6:	2300      	movs	r3, #0
100019e8:	bd00      	pop	{pc}
100019ea:	b500      	push	{lr}
100019ec:	2900      	cmp	r1, #0
100019ee:	db0a      	blt.n	10001a06 <l44_1+0x2>
100019f0:	43db      	mvns	r3, r3
100019f2:	4252      	negs	r2, r2
100019f4:	d100      	bne.n	100019f8 <l43_1>
100019f6:	3301      	adds	r3, #1

100019f8 <l43_1>:
100019f8:	f000 f814 	bl	10001a24 <divmod_u64u64_unsafe>
100019fc:	43c9      	mvns	r1, r1
100019fe:	4240      	negs	r0, r0
10001a00:	d100      	bne.n	10001a04 <l44_1>
10001a02:	3101      	adds	r1, #1

10001a04 <l44_1>:
10001a04:	bd00      	pop	{pc}
10001a06:	43c9      	mvns	r1, r1
10001a08:	4240      	negs	r0, r0
10001a0a:	d100      	bne.n	10001a0e <l45_1>
10001a0c:	3101      	adds	r1, #1

10001a0e <l45_1>:
10001a0e:	43db      	mvns	r3, r3
10001a10:	4252      	negs	r2, r2
10001a12:	d100      	bne.n	10001a16 <l46_1>
10001a14:	3301      	adds	r3, #1

10001a16 <l46_1>:
10001a16:	f000 f805 	bl	10001a24 <divmod_u64u64_unsafe>
10001a1a:	43db      	mvns	r3, r3
10001a1c:	4252      	negs	r2, r2
10001a1e:	d100      	bne.n	10001a22 <l47_1>
10001a20:	3301      	adds	r3, #1

10001a22 <l47_1>:
10001a22:	bd00      	pop	{pc}

10001a24 <divmod_u64u64_unsafe>:
10001a24:	2900      	cmp	r1, #0
10001a26:	d123      	bne.n	10001a70 <y64>
10001a28:	2b00      	cmp	r3, #0
10001a2a:	d118      	bne.n	10001a5e <udiv0+0x10>
10001a2c:	2a00      	cmp	r2, #0
10001a2e:	d00c      	beq.n	10001a4a <divmod_u64u64_unsafe+0x26>
10001a30:	46bc      	mov	ip, r7
10001a32:	4f0d      	ldr	r7, [pc, #52]	@ (10001a68 <udiv0+0x1a>)
10001a34:	6638      	str	r0, [r7, #96]	@ 0x60
10001a36:	667a      	str	r2, [r7, #100]	@ 0x64
10001a38:	2100      	movs	r1, #0
10001a3a:	2300      	movs	r3, #0
10001a3c:	e7ff      	b.n	10001a3e <divmod_u64u64_unsafe+0x1a>
10001a3e:	e7ff      	b.n	10001a40 <divmod_u64u64_unsafe+0x1c>
10001a40:	e7ff      	b.n	10001a42 <divmod_u64u64_unsafe+0x1e>
10001a42:	6f7a      	ldr	r2, [r7, #116]	@ 0x74
10001a44:	6f38      	ldr	r0, [r7, #112]	@ 0x70
10001a46:	4667      	mov	r7, ip
10001a48:	4770      	bx	lr
10001a4a:	2800      	cmp	r0, #0
10001a4c:	d001      	beq.n	10001a52 <udiv0+0x4>

10001a4e <udiv0>:
10001a4e:	4807      	ldr	r0, [pc, #28]	@ (10001a6c <udiv0+0x1e>)
10001a50:	0001      	movs	r1, r0
10001a52:	b500      	push	{lr}
10001a54:	f007 ff78 	bl	10009948 <____aeabi_ldiv0_veneer>
10001a58:	2200      	movs	r2, #0
10001a5a:	2300      	movs	r3, #0
10001a5c:	bd00      	pop	{pc}
10001a5e:	0002      	movs	r2, r0
10001a60:	000b      	movs	r3, r1
10001a62:	2000      	movs	r0, #0
10001a64:	2100      	movs	r1, #0
10001a66:	4770      	bx	lr
10001a68:	d0000000 	.word	0xd0000000
10001a6c:	ffffffff 	.word	0xffffffff

10001a70 <y64>:
10001a70:	2b00      	cmp	r3, #0
10001a72:	d000      	beq.n	10001a76 <y64+0x6>
10001a74:	e0bf      	b.n	10001bf6 <y64_x48>
10001a76:	0c13      	lsrs	r3, r2, #16
10001a78:	d128      	bne.n	10001acc <y64_x32>
10001a7a:	2a00      	cmp	r2, #0
10001a7c:	d0e7      	beq.n	10001a4e <udiv0>
10001a7e:	b480      	push	{r7}
10001a80:	4f11      	ldr	r7, [pc, #68]	@ (10001ac8 <y64+0x58>)
10001a82:	6639      	str	r1, [r7, #96]	@ 0x60
10001a84:	667a      	str	r2, [r7, #100]	@ 0x64
10001a86:	e7ff      	b.n	10001a88 <y64+0x18>
10001a88:	e7ff      	b.n	10001a8a <y64+0x1a>
10001a8a:	b430      	push	{r4, r5}
10001a8c:	0c04      	lsrs	r4, r0, #16
10001a8e:	6f7b      	ldr	r3, [r7, #116]	@ 0x74
10001a90:	6f39      	ldr	r1, [r7, #112]	@ 0x70
10001a92:	041b      	lsls	r3, r3, #16
10001a94:	4323      	orrs	r3, r4
10001a96:	663b      	str	r3, [r7, #96]	@ 0x60
10001a98:	667a      	str	r2, [r7, #100]	@ 0x64
10001a9a:	e7ff      	b.n	10001a9c <y64+0x2c>
10001a9c:	e7ff      	b.n	10001a9e <y64+0x2e>
10001a9e:	e7ff      	b.n	10001aa0 <y64+0x30>
10001aa0:	46c0      	nop			@ (mov r8, r8)
10001aa2:	b284      	uxth	r4, r0
10001aa4:	6f7b      	ldr	r3, [r7, #116]	@ 0x74
10001aa6:	6f3d      	ldr	r5, [r7, #112]	@ 0x70
10001aa8:	041b      	lsls	r3, r3, #16
10001aaa:	4323      	orrs	r3, r4
10001aac:	663b      	str	r3, [r7, #96]	@ 0x60
10001aae:	667a      	str	r2, [r7, #100]	@ 0x64
10001ab0:	e7ff      	b.n	10001ab2 <y64+0x42>
10001ab2:	e7ff      	b.n	10001ab4 <y64+0x44>
10001ab4:	46c0      	nop			@ (mov r8, r8)
10001ab6:	2300      	movs	r3, #0
10001ab8:	042c      	lsls	r4, r5, #16
10001aba:	0c2d      	lsrs	r5, r5, #16
10001abc:	6f7a      	ldr	r2, [r7, #116]	@ 0x74
10001abe:	6f38      	ldr	r0, [r7, #112]	@ 0x70
10001ac0:	1900      	adds	r0, r0, r4
10001ac2:	4169      	adcs	r1, r5
10001ac4:	bcb0      	pop	{r4, r5, r7}
10001ac6:	4770      	bx	lr
10001ac8:	d0000000 	.word	0xd0000000

10001acc <y64_x32>:
10001acc:	b5f0      	push	{r4, r5, r6, r7, lr}
10001ace:	4694      	mov	ip, r2
10001ad0:	2500      	movs	r5, #0
10001ad2:	0e14      	lsrs	r4, r2, #24
10001ad4:	d101      	bne.n	10001ada <y64_x32+0xe>
10001ad6:	0212      	lsls	r2, r2, #8
10001ad8:	3508      	adds	r5, #8
10001ada:	0f14      	lsrs	r4, r2, #28
10001adc:	d101      	bne.n	10001ae2 <y64_x32+0x16>
10001ade:	0112      	lsls	r2, r2, #4
10001ae0:	3504      	adds	r5, #4
10001ae2:	0f94      	lsrs	r4, r2, #30
10001ae4:	d101      	bne.n	10001aea <y64_x32+0x1e>
10001ae6:	0092      	lsls	r2, r2, #2
10001ae8:	3502      	adds	r5, #2
10001aea:	0fd4      	lsrs	r4, r2, #31
10001aec:	d101      	bne.n	10001af2 <y64_x32+0x26>
10001aee:	0052      	lsls	r2, r2, #1
10001af0:	3501      	adds	r5, #1
10001af2:	0bd4      	lsrs	r4, r2, #15
10001af4:	3401      	adds	r4, #1
10001af6:	4f25      	ldr	r7, [pc, #148]	@ (10001b8c <y64_x32+0xc0>)
10001af8:	667c      	str	r4, [r7, #100]	@ 0x64
10001afa:	4c25      	ldr	r4, [pc, #148]	@ (10001b90 <y64_x32+0xc4>)
10001afc:	663c      	str	r4, [r7, #96]	@ 0x60
10001afe:	0c0e      	lsrs	r6, r1, #16
10001b00:	b293      	uxth	r3, r2
10001b02:	e7ff      	b.n	10001b04 <y64_x32+0x38>
10001b04:	e7ff      	b.n	10001b06 <y64_x32+0x3a>
10001b06:	e7ff      	b.n	10001b08 <y64_x32+0x3c>
10001b08:	6f3c      	ldr	r4, [r7, #112]	@ 0x70
10001b0a:	4366      	muls	r6, r4
10001b0c:	0c36      	lsrs	r6, r6, #16
10001b0e:	0377      	lsls	r7, r6, #13
10001b10:	46be      	mov	lr, r7
10001b12:	4373      	muls	r3, r6
10001b14:	0bdf      	lsrs	r7, r3, #15
10001b16:	045b      	lsls	r3, r3, #17
10001b18:	1ac0      	subs	r0, r0, r3
10001b1a:	41b9      	sbcs	r1, r7
10001b1c:	0c13      	lsrs	r3, r2, #16
10001b1e:	4373      	muls	r3, r6
10001b20:	18db      	adds	r3, r3, r3
10001b22:	1ac9      	subs	r1, r1, r3
10001b24:	08ce      	lsrs	r6, r1, #3
10001b26:	4366      	muls	r6, r4
10001b28:	0c36      	lsrs	r6, r6, #16
10001b2a:	44b6      	add	lr, r6
10001b2c:	b293      	uxth	r3, r2
10001b2e:	4373      	muls	r3, r6
10001b30:	0f1f      	lsrs	r7, r3, #28
10001b32:	011b      	lsls	r3, r3, #4
10001b34:	1ac0      	subs	r0, r0, r3
10001b36:	41b9      	sbcs	r1, r7
10001b38:	0c13      	lsrs	r3, r2, #16
10001b3a:	4373      	muls	r3, r6
10001b3c:	0b1f      	lsrs	r7, r3, #12
10001b3e:	051b      	lsls	r3, r3, #20
10001b40:	1ac0      	subs	r0, r0, r3
10001b42:	41b9      	sbcs	r1, r7
10001b44:	0d86      	lsrs	r6, r0, #22
10001b46:	028f      	lsls	r7, r1, #10
10001b48:	433e      	orrs	r6, r7
10001b4a:	4366      	muls	r6, r4
10001b4c:	0c36      	lsrs	r6, r6, #16
10001b4e:	2d09      	cmp	r5, #9
10001b50:	db24      	blt.n	10001b9c <last0>
10001b52:	0a52      	lsrs	r2, r2, #9
10001b54:	4372      	muls	r2, r6
10001b56:	1a80      	subs	r0, r0, r2
10001b58:	0377      	lsls	r7, r6, #13
10001b5a:	0a46      	lsrs	r6, r0, #9
10001b5c:	4366      	muls	r6, r4
10001b5e:	0c36      	lsrs	r6, r6, #16
10001b60:	2316      	movs	r3, #22
10001b62:	1b5b      	subs	r3, r3, r5
10001b64:	40de      	lsrs	r6, r3
10001b66:	40df      	lsrs	r7, r3
10001b68:	19bf      	adds	r7, r7, r6
10001b6a:	4664      	mov	r4, ip
10001b6c:	4366      	muls	r6, r4
10001b6e:	1b82      	subs	r2, r0, r6
10001b70:	4670      	mov	r0, lr
10001b72:	3504      	adds	r5, #4
10001b74:	3306      	adds	r3, #6
10001b76:	0001      	movs	r1, r0
10001b78:	40d9      	lsrs	r1, r3
10001b7a:	40a8      	lsls	r0, r5
10001b7c:	19c0      	adds	r0, r0, r7
10001b7e:	d300      	bcc.n	10001b82 <y64_x32+0xb6>
10001b80:	3101      	adds	r1, #1
10001b82:	42a2      	cmp	r2, r4
10001b84:	d206      	bcs.n	10001b94 <y64_x32+0xc8>
10001b86:	2300      	movs	r3, #0
10001b88:	bdf0      	pop	{r4, r5, r6, r7, pc}
10001b8a:	0000      	.short	0x0000
10001b8c:	d0000000 	.word	0xd0000000
10001b90:	ffffffff 	.word	0xffffffff
10001b94:	1b12      	subs	r2, r2, r4
10001b96:	3001      	adds	r0, #1
10001b98:	d3f3      	bcc.n	10001b82 <y64_x32+0xb6>
10001b9a:	e7f1      	b.n	10001b80 <y64_x32+0xb4>

10001b9c <last0>:
10001b9c:	2709      	movs	r7, #9
10001b9e:	1b7f      	subs	r7, r7, r5
10001ba0:	40fe      	lsrs	r6, r7
10001ba2:	4664      	mov	r4, ip
10001ba4:	b2a2      	uxth	r2, r4
10001ba6:	4372      	muls	r2, r6
10001ba8:	1a80      	subs	r0, r0, r2
10001baa:	d200      	bcs.n	10001bae <last0+0x12>
10001bac:	3901      	subs	r1, #1
10001bae:	0c22      	lsrs	r2, r4, #16
10001bb0:	4372      	muls	r2, r6
10001bb2:	0c13      	lsrs	r3, r2, #16
10001bb4:	0412      	lsls	r2, r2, #16
10001bb6:	1a82      	subs	r2, r0, r2
10001bb8:	4199      	sbcs	r1, r3
10001bba:	000b      	movs	r3, r1
10001bbc:	4670      	mov	r0, lr
10001bbe:	3504      	adds	r5, #4
10001bc0:	3713      	adds	r7, #19
10001bc2:	0001      	movs	r1, r0
10001bc4:	40f9      	lsrs	r1, r7
10001bc6:	40a8      	lsls	r0, r5
10001bc8:	1980      	adds	r0, r0, r6
10001bca:	d300      	bcc.n	10001bce <last0+0x32>
10001bcc:	3101      	adds	r1, #1
10001bce:	2b00      	cmp	r3, #0
10001bd0:	d102      	bne.n	10001bd8 <last0+0x3c>
10001bd2:	42a2      	cmp	r2, r4
10001bd4:	d20a      	bcs.n	10001bec <last0+0x50>
10001bd6:	bdf0      	pop	{r4, r5, r6, r7, pc}
10001bd8:	3001      	adds	r0, #1
10001bda:	d300      	bcc.n	10001bde <last0+0x42>
10001bdc:	3101      	adds	r1, #1
10001bde:	1b12      	subs	r2, r2, r4
10001be0:	d2fa      	bcs.n	10001bd8 <last0+0x3c>
10001be2:	3b01      	subs	r3, #1
10001be4:	d1f8      	bne.n	10001bd8 <last0+0x3c>
10001be6:	42a2      	cmp	r2, r4
10001be8:	d200      	bcs.n	10001bec <last0+0x50>
10001bea:	bdf0      	pop	{r4, r5, r6, r7, pc}
10001bec:	3001      	adds	r0, #1
10001bee:	d300      	bcc.n	10001bf2 <last0+0x56>
10001bf0:	3101      	adds	r1, #1
10001bf2:	1b12      	subs	r2, r2, r4
10001bf4:	e7f7      	b.n	10001be6 <last0+0x4a>

10001bf6 <y64_x48>:
10001bf6:	b5f0      	push	{r4, r5, r6, r7, lr}
10001bf8:	0c1c      	lsrs	r4, r3, #16
10001bfa:	d000      	beq.n	10001bfe <y64_x48+0x8>
10001bfc:	e080      	b.n	10001d00 <y64_x64>
10001bfe:	b40c      	push	{r2, r3}
10001c00:	2500      	movs	r5, #0
10001c02:	0a1c      	lsrs	r4, r3, #8
10001c04:	d104      	bne.n	10001c10 <y64_x48+0x1a>
10001c06:	021b      	lsls	r3, r3, #8
10001c08:	0e16      	lsrs	r6, r2, #24
10001c0a:	4333      	orrs	r3, r6
10001c0c:	0212      	lsls	r2, r2, #8
10001c0e:	3508      	adds	r5, #8
10001c10:	0b1c      	lsrs	r4, r3, #12
10001c12:	d104      	bne.n	10001c1e <y64_x48+0x28>
10001c14:	011b      	lsls	r3, r3, #4
10001c16:	0f16      	lsrs	r6, r2, #28
10001c18:	4333      	orrs	r3, r6
10001c1a:	0112      	lsls	r2, r2, #4
10001c1c:	3504      	adds	r5, #4
10001c1e:	0b9c      	lsrs	r4, r3, #14
10001c20:	d104      	bne.n	10001c2c <y64_x48+0x36>
10001c22:	009b      	lsls	r3, r3, #2
10001c24:	0f96      	lsrs	r6, r2, #30
10001c26:	4333      	orrs	r3, r6
10001c28:	0092      	lsls	r2, r2, #2
10001c2a:	3502      	adds	r5, #2
10001c2c:	0bdc      	lsrs	r4, r3, #15
10001c2e:	d102      	bne.n	10001c36 <y64_x48+0x40>
10001c30:	1892      	adds	r2, r2, r2
10001c32:	415b      	adcs	r3, r3
10001c34:	3501      	adds	r5, #1
10001c36:	001c      	movs	r4, r3
10001c38:	1897      	adds	r7, r2, r2
10001c3a:	4164      	adcs	r4, r4
10001c3c:	3401      	adds	r4, #1
10001c3e:	4f46      	ldr	r7, [pc, #280]	@ (10001d58 <y64_x64+0x58>)
10001c40:	667c      	str	r4, [r7, #100]	@ 0x64
10001c42:	4c46      	ldr	r4, [pc, #280]	@ (10001d5c <y64_x64+0x5c>)
10001c44:	663c      	str	r4, [r7, #96]	@ 0x60
10001c46:	0c0e      	lsrs	r6, r1, #16
10001c48:	e7ff      	b.n	10001c4a <y64_x48+0x54>
10001c4a:	e7ff      	b.n	10001c4c <y64_x48+0x56>
10001c4c:	e7ff      	b.n	10001c4e <y64_x48+0x58>
10001c4e:	46c0      	nop			@ (mov r8, r8)
10001c50:	6f3c      	ldr	r4, [r7, #112]	@ 0x70
10001c52:	4366      	muls	r6, r4
10001c54:	0c36      	lsrs	r6, r6, #16
10001c56:	0377      	lsls	r7, r6, #13
10001c58:	46be      	mov	lr, r7
10001c5a:	b297      	uxth	r7, r2
10001c5c:	4377      	muls	r7, r6
10001c5e:	1bc0      	subs	r0, r0, r7
10001c60:	d200      	bcs.n	10001c64 <y64_x48+0x6e>
10001c62:	3901      	subs	r1, #1
10001c64:	1bc0      	subs	r0, r0, r7
10001c66:	d200      	bcs.n	10001c6a <y64_x48+0x74>
10001c68:	3901      	subs	r1, #1
10001c6a:	b29f      	uxth	r7, r3
10001c6c:	4377      	muls	r7, r6
10001c6e:	1bc9      	subs	r1, r1, r7
10001c70:	1bc9      	subs	r1, r1, r7
10001c72:	0c17      	lsrs	r7, r2, #16
10001c74:	4377      	muls	r7, r6
10001c76:	047e      	lsls	r6, r7, #17
10001c78:	0bff      	lsrs	r7, r7, #15
10001c7a:	1b80      	subs	r0, r0, r6
10001c7c:	41b9      	sbcs	r1, r7
10001c7e:	08ce      	lsrs	r6, r1, #3
10001c80:	4366      	muls	r6, r4
10001c82:	0c36      	lsrs	r6, r6, #16
10001c84:	2d0c      	cmp	r5, #12
10001c86:	db33      	blt.n	10001cf0 <last1>
10001c88:	44b6      	add	lr, r6
10001c8a:	0b12      	lsrs	r2, r2, #12
10001c8c:	051f      	lsls	r7, r3, #20
10001c8e:	433a      	orrs	r2, r7
10001c90:	0b1b      	lsrs	r3, r3, #12
10001c92:	b297      	uxth	r7, r2
10001c94:	4377      	muls	r7, r6
10001c96:	1bc0      	subs	r0, r0, r7
10001c98:	d200      	bcs.n	10001c9c <y64_x48+0xa6>
10001c9a:	3901      	subs	r1, #1
10001c9c:	b29f      	uxth	r7, r3
10001c9e:	4377      	muls	r7, r6
10001ca0:	1bc9      	subs	r1, r1, r7
10001ca2:	0c17      	lsrs	r7, r2, #16
10001ca4:	4377      	muls	r7, r6
10001ca6:	043e      	lsls	r6, r7, #16
10001ca8:	0c3f      	lsrs	r7, r7, #16
10001caa:	1b80      	subs	r0, r0, r6
10001cac:	41b9      	sbcs	r1, r7
10001cae:	0d86      	lsrs	r6, r0, #22
10001cb0:	028f      	lsls	r7, r1, #10
10001cb2:	433e      	orrs	r6, r7
10001cb4:	4366      	muls	r6, r4
10001cb6:	2729      	movs	r7, #41	@ 0x29
10001cb8:	1b7f      	subs	r7, r7, r5
10001cba:	40fe      	lsrs	r6, r7
10001cbc:	3d0c      	subs	r5, #12
10001cbe:	4677      	mov	r7, lr
10001cc0:	40af      	lsls	r7, r5
10001cc2:	19bf      	adds	r7, r7, r6
10001cc4:	bc30      	pop	{r4, r5}
10001cc6:	b2a2      	uxth	r2, r4
10001cc8:	b2ab      	uxth	r3, r5
10001cca:	4372      	muls	r2, r6
10001ccc:	4373      	muls	r3, r6
10001cce:	1a80      	subs	r0, r0, r2
10001cd0:	4199      	sbcs	r1, r3
10001cd2:	0c22      	lsrs	r2, r4, #16
10001cd4:	4372      	muls	r2, r6
10001cd6:	0c13      	lsrs	r3, r2, #16
10001cd8:	0412      	lsls	r2, r2, #16
10001cda:	1a80      	subs	r0, r0, r2
10001cdc:	4199      	sbcs	r1, r3
10001cde:	0002      	movs	r2, r0
10001ce0:	000b      	movs	r3, r1
10001ce2:	3701      	adds	r7, #1
10001ce4:	1b00      	subs	r0, r0, r4
10001ce6:	41a9      	sbcs	r1, r5
10001ce8:	d2f9      	bcs.n	10001cde <y64_x48+0xe8>
10001cea:	1e78      	subs	r0, r7, #1
10001cec:	2100      	movs	r1, #0
10001cee:	bdf0      	pop	{r4, r5, r6, r7, pc}

10001cf0 <last1>:
10001cf0:	270c      	movs	r7, #12
10001cf2:	1b7f      	subs	r7, r7, r5
10001cf4:	40fe      	lsrs	r6, r7
10001cf6:	4677      	mov	r7, lr
10001cf8:	0b7f      	lsrs	r7, r7, #13
10001cfa:	40af      	lsls	r7, r5
10001cfc:	19ff      	adds	r7, r7, r7
10001cfe:	e7e0      	b.n	10001cc2 <y64_x48+0xcc>

10001d00 <y64_x64>:
10001d00:	2400      	movs	r4, #0
10001d02:	1c5d      	adds	r5, r3, #1
10001d04:	d007      	beq.n	10001d16 <y64_x64+0x16>
10001d06:	4f14      	ldr	r7, [pc, #80]	@ (10001d58 <y64_x64+0x58>)
10001d08:	667d      	str	r5, [r7, #100]	@ 0x64
10001d0a:	6639      	str	r1, [r7, #96]	@ 0x60
10001d0c:	e7ff      	b.n	10001d0e <y64_x64+0xe>
10001d0e:	e7ff      	b.n	10001d10 <y64_x64+0x10>
10001d10:	e7ff      	b.n	10001d12 <y64_x64+0x12>
10001d12:	e7ff      	b.n	10001d14 <y64_x64+0x14>
10001d14:	6f3c      	ldr	r4, [r7, #112]	@ 0x70
10001d16:	b295      	uxth	r5, r2
10001d18:	b29e      	uxth	r6, r3
10001d1a:	4365      	muls	r5, r4
10001d1c:	4366      	muls	r6, r4
10001d1e:	1b40      	subs	r0, r0, r5
10001d20:	41b1      	sbcs	r1, r6
10001d22:	0c15      	lsrs	r5, r2, #16
10001d24:	0c1e      	lsrs	r6, r3, #16
10001d26:	4365      	muls	r5, r4
10001d28:	4366      	muls	r6, r4
10001d2a:	0436      	lsls	r6, r6, #16
10001d2c:	0c2f      	lsrs	r7, r5, #16
10001d2e:	433e      	orrs	r6, r7
10001d30:	042d      	lsls	r5, r5, #16
10001d32:	1b40      	subs	r0, r0, r5
10001d34:	41b1      	sbcs	r1, r6
10001d36:	4299      	cmp	r1, r3
10001d38:	d204      	bcs.n	10001d44 <y64_x64+0x44>
10001d3a:	0002      	movs	r2, r0
10001d3c:	000b      	movs	r3, r1
10001d3e:	0020      	movs	r0, r4
10001d40:	2100      	movs	r1, #0
10001d42:	bdf0      	pop	{r4, r5, r6, r7, pc}
10001d44:	d101      	bne.n	10001d4a <y64_x64+0x4a>
10001d46:	4290      	cmp	r0, r2
10001d48:	d3f7      	bcc.n	10001d3a <y64_x64+0x3a>
10001d4a:	1a80      	subs	r0, r0, r2
10001d4c:	4199      	sbcs	r1, r3
10001d4e:	3401      	adds	r4, #1
10001d50:	4299      	cmp	r1, r3
10001d52:	d3f2      	bcc.n	10001d3a <y64_x64+0x3a>
10001d54:	e7f6      	b.n	10001d44 <y64_x64+0x44>
10001d56:	0000      	.short	0x0000
10001d58:	d0000000 	.word	0xd0000000
10001d5c:	ffffffff 	.word	0xffffffff

10001d60 <__wrap___aeabi_drsub>:
10001d60:	4048      	eors	r0, r1
10001d62:	4041      	eors	r1, r0
10001d64:	4048      	eors	r0, r1

10001d66 <__wrap___aeabi_dsub>:
10001d66:	b418      	push	{r3, r4}
10001d68:	4b13      	ldr	r3, [pc, #76]	@ (10001db8 <__wrap___aeabi_dmul+0xa>)
10001d6a:	685b      	ldr	r3, [r3, #4]
10001d6c:	9301      	str	r3, [sp, #4]
10001d6e:	bd08      	pop	{r3, pc}

10001d70 <__wrap___aeabi_dadd>:
10001d70:	b418      	push	{r3, r4}
10001d72:	4b11      	ldr	r3, [pc, #68]	@ (10001db8 <__wrap___aeabi_dmul+0xa>)
10001d74:	681b      	ldr	r3, [r3, #0]
10001d76:	9301      	str	r3, [sp, #4]
10001d78:	bd08      	pop	{r3, pc}

10001d7a <__wrap___aeabi_ddiv>:
10001d7a:	4694      	mov	ip, r2
10001d7c:	4a0f      	ldr	r2, [pc, #60]	@ (10001dbc <__wrap___aeabi_dmul+0xe>)
10001d7e:	6f92      	ldr	r2, [r2, #120]	@ 0x78
10001d80:	0892      	lsrs	r2, r2, #2
10001d82:	d205      	bcs.n	10001d90 <ddiv_save_state>
10001d84:	4662      	mov	r2, ip

10001d86 <ddiv_shim_call>:
10001d86:	b418      	push	{r3, r4}
10001d88:	4b0b      	ldr	r3, [pc, #44]	@ (10001db8 <__wrap___aeabi_dmul+0xa>)
10001d8a:	68db      	ldr	r3, [r3, #12]
10001d8c:	9301      	str	r3, [sp, #4]
10001d8e:	bd08      	pop	{r3, pc}

10001d90 <ddiv_save_state>:
10001d90:	4a0a      	ldr	r2, [pc, #40]	@ (10001dbc <__wrap___aeabi_dmul+0xe>)
10001d92:	b5f0      	push	{r4, r5, r6, r7, lr}
10001d94:	6e14      	ldr	r4, [r2, #96]	@ 0x60
10001d96:	6e55      	ldr	r5, [r2, #100]	@ 0x64
10001d98:	6f57      	ldr	r7, [r2, #116]	@ 0x74
10001d9a:	6f16      	ldr	r6, [r2, #112]	@ 0x70
10001d9c:	4662      	mov	r2, ip
10001d9e:	f7ff fff2 	bl	10001d86 <ddiv_shim_call>
10001da2:	4a06      	ldr	r2, [pc, #24]	@ (10001dbc <__wrap___aeabi_dmul+0xe>)
10001da4:	6614      	str	r4, [r2, #96]	@ 0x60
10001da6:	6655      	str	r5, [r2, #100]	@ 0x64
10001da8:	6757      	str	r7, [r2, #116]	@ 0x74
10001daa:	6716      	str	r6, [r2, #112]	@ 0x70
10001dac:	bdf0      	pop	{r4, r5, r6, r7, pc}

10001dae <__wrap___aeabi_dmul>:
10001dae:	b418      	push	{r3, r4}
10001db0:	4b01      	ldr	r3, [pc, #4]	@ (10001db8 <__wrap___aeabi_dmul+0xa>)
10001db2:	689b      	ldr	r3, [r3, #8]
10001db4:	9301      	str	r3, [sp, #4]
10001db6:	bd08      	pop	{r3, pc}
10001db8:	20001240 	.word	0x20001240
10001dbc:	d0000000 	.word	0xd0000000

10001dc0 <__wrap___aeabi_cdrcmple>:
10001dc0:	b5ff      	push	{r0, r1, r2, r3, r4, r5, r6, r7, lr}
10001dc2:	4050      	eors	r0, r2
10001dc4:	4042      	eors	r2, r0
10001dc6:	4050      	eors	r0, r2
10001dc8:	4059      	eors	r1, r3
10001dca:	404b      	eors	r3, r1
10001dcc:	4059      	eors	r1, r3
10001dce:	e000      	b.n	10001dd2 <__aeabi_dfcmple_guts>

10001dd0 <__wrap___aeabi_cdcmpeq>:
10001dd0:	b5ff      	push	{r0, r1, r2, r3, r4, r5, r6, r7, lr}

10001dd2 <__aeabi_dfcmple_guts>:
10001dd2:	4f15      	ldr	r7, [pc, #84]	@ (10001e28 <__aeabi_dfcmple_guts+0x56>)
10001dd4:	004c      	lsls	r4, r1, #1
10001dd6:	0d64      	lsrs	r4, r4, #21
10001dd8:	d003      	beq.n	10001de2 <__aeabi_dfcmple_guts+0x10>
10001dda:	42bc      	cmp	r4, r7
10001ddc:	d104      	bne.n	10001de8 <__aeabi_dfcmple_guts+0x16>
10001dde:	030c      	lsls	r4, r1, #12
10001de0:	d814      	bhi.n	10001e0c <__aeabi_dfcmple_guts+0x3a>
10001de2:	2000      	movs	r0, #0
10001de4:	0d09      	lsrs	r1, r1, #20
10001de6:	0509      	lsls	r1, r1, #20
10001de8:	005c      	lsls	r4, r3, #1
10001dea:	0d64      	lsrs	r4, r4, #21
10001dec:	d003      	beq.n	10001df6 <__aeabi_dfcmple_guts+0x24>
10001dee:	42bc      	cmp	r4, r7
10001df0:	d104      	bne.n	10001dfc <__aeabi_dfcmple_guts+0x2a>
10001df2:	031c      	lsls	r4, r3, #12
10001df4:	d80a      	bhi.n	10001e0c <__aeabi_dfcmple_guts+0x3a>
10001df6:	2200      	movs	r2, #0
10001df8:	0d1b      	lsrs	r3, r3, #20
10001dfa:	051b      	lsls	r3, r3, #20
10001dfc:	2601      	movs	r6, #1
10001dfe:	404b      	eors	r3, r1
10001e00:	d409      	bmi.n	10001e16 <__aeabi_dfcmple_guts+0x44>
10001e02:	404b      	eors	r3, r1
10001e04:	d503      	bpl.n	10001e0e <__aeabi_dfcmple_guts+0x3c>
10001e06:	428b      	cmp	r3, r1
10001e08:	d100      	bne.n	10001e0c <__aeabi_dfcmple_guts+0x3a>
10001e0a:	4282      	cmp	r2, r0
10001e0c:	bdff      	pop	{r0, r1, r2, r3, r4, r5, r6, r7, pc}
10001e0e:	4299      	cmp	r1, r3
10001e10:	d1fc      	bne.n	10001e0c <__aeabi_dfcmple_guts+0x3a>
10001e12:	4290      	cmp	r0, r2
10001e14:	bdff      	pop	{r0, r1, r2, r3, r4, r5, r6, r7, pc}
10001e16:	430b      	orrs	r3, r1
10001e18:	18db      	adds	r3, r3, r3
10001e1a:	4303      	orrs	r3, r0
10001e1c:	4313      	orrs	r3, r2
10001e1e:	d0f5      	beq.n	10001e0c <__aeabi_dfcmple_guts+0x3a>
10001e20:	43c9      	mvns	r1, r1
10001e22:	1849      	adds	r1, r1, r1
10001e24:	bdff      	pop	{r0, r1, r2, r3, r4, r5, r6, r7, pc}
10001e26:	0000      	.short	0x0000
10001e28:	000007ff 	.word	0x000007ff

10001e2c <__wrap___aeabi_dcmplt>:
10001e2c:	b500      	push	{lr}
10001e2e:	f7ff ffcf 	bl	10001dd0 <__wrap___aeabi_cdcmpeq>
10001e32:	4180      	sbcs	r0, r0
10001e34:	bd00      	pop	{pc}
10001e36:	46c0      	nop			@ (mov r8, r8)

10001e38 <__wrap___aeabi_dcmple>:
10001e38:	b500      	push	{lr}
10001e3a:	f7ff ffc9 	bl	10001dd0 <__wrap___aeabi_cdcmpeq>
10001e3e:	d901      	bls.n	10001e44 <__wrap___aeabi_dcmple+0xc>
10001e40:	2000      	movs	r0, #0
10001e42:	bd00      	pop	{pc}
10001e44:	2001      	movs	r0, #1
10001e46:	bd00      	pop	{pc}

10001e48 <__wrap___aeabi_dcmpge>:
10001e48:	b500      	push	{lr}
10001e4a:	f7ff ffb9 	bl	10001dc0 <__wrap___aeabi_cdrcmple>
10001e4e:	d901      	bls.n	10001e54 <__wrap___aeabi_dcmpge+0xc>
10001e50:	2000      	movs	r0, #0
10001e52:	bd00      	pop	{pc}
10001e54:	2001      	movs	r0, #1
10001e56:	bd00      	pop	{pc}

10001e58 <__wrap___aeabi_dcmpgt>:
10001e58:	b500      	push	{lr}
10001e5a:	f7ff ffb1 	bl	10001dc0 <__wrap___aeabi_cdrcmple>
10001e5e:	4180      	sbcs	r0, r0
10001e60:	bd00      	pop	{pc}

10001e62 <__wrap___aeabi_dcmpun>:
10001e62:	2001      	movs	r0, #1
10001e64:	0540      	lsls	r0, r0, #21
10001e66:	004a      	lsls	r2, r1, #1
10001e68:	1812      	adds	r2, r2, r0
10001e6a:	d804      	bhi.n	10001e76 <__wrap___aeabi_dcmpun+0x14>
10001e6c:	005a      	lsls	r2, r3, #1
10001e6e:	1812      	adds	r2, r2, r0
10001e70:	d801      	bhi.n	10001e76 <__wrap___aeabi_dcmpun+0x14>
10001e72:	2000      	movs	r0, #0
10001e74:	4770      	bx	lr
10001e76:	2001      	movs	r0, #1
10001e78:	4770      	bx	lr
	...

10001e7c <__wrap___aeabi_ui2d>:
10001e7c:	2100      	movs	r1, #0
10001e7e:	2800      	cmp	r0, #0
10001e80:	d105      	bne.n	10001e8e <__wrap___aeabi_i2d+0xa>
10001e82:	4770      	bx	lr

10001e84 <__wrap___aeabi_i2d>:
10001e84:	17c1      	asrs	r1, r0, #31
10001e86:	4048      	eors	r0, r1
10001e88:	1a40      	subs	r0, r0, r1
10001e8a:	d0fa      	beq.n	10001e82 <__wrap___aeabi_ui2d+0x6>
10001e8c:	07c9      	lsls	r1, r1, #31
10001e8e:	b513      	push	{r0, r1, r4, lr}
10001e90:	4b06      	ldr	r3, [pc, #24]	@ (10001eac <__wrap___aeabi_i2d+0x28>)
10001e92:	681b      	ldr	r3, [r3, #0]
10001e94:	4798      	blx	r3
10001e96:	bc0c      	pop	{r2, r3}
10001e98:	1c44      	adds	r4, r0, #1
10001e9a:	40a2      	lsls	r2, r4
10001e9c:	0510      	lsls	r0, r2, #20
10001e9e:	0b12      	lsrs	r2, r2, #12
10001ea0:	4903      	ldr	r1, [pc, #12]	@ (10001eb0 <__wrap___aeabi_i2d+0x2c>)
10001ea2:	1b09      	subs	r1, r1, r4
10001ea4:	0509      	lsls	r1, r1, #20
10001ea6:	4319      	orrs	r1, r3
10001ea8:	4311      	orrs	r1, r2
10001eaa:	bd10      	pop	{r4, pc}
10001eac:	20002280 	.word	0x20002280
10001eb0:	0000041f 	.word	0x0000041f

10001eb4 <__wrap___aeabi_d2iz>:
10001eb4:	b510      	push	{r4, lr}
10001eb6:	004c      	lsls	r4, r1, #1
10001eb8:	0d62      	lsrs	r2, r4, #21
10001eba:	2380      	movs	r3, #128	@ 0x80
10001ebc:	18d2      	adds	r2, r2, r3
10001ebe:	00db      	lsls	r3, r3, #3
10001ec0:	1ad2      	subs	r2, r2, r3
10001ec2:	055b      	lsls	r3, r3, #21
10001ec4:	2a7e      	cmp	r2, #126	@ 0x7e
10001ec6:	dd10      	ble.n	10001eea <__wrap___aeabi_d2iz+0x36>
10001ec8:	3a9e      	subs	r2, #158	@ 0x9e
10001eca:	da13      	bge.n	10001ef4 <__wrap___aeabi_d2iz+0x40>
10001ecc:	17cc      	asrs	r4, r1, #31
10001ece:	0309      	lsls	r1, r1, #12
10001ed0:	0849      	lsrs	r1, r1, #1
10001ed2:	4319      	orrs	r1, r3
10001ed4:	4252      	negs	r2, r2
10001ed6:	40d1      	lsrs	r1, r2
10001ed8:	0064      	lsls	r4, r4, #1
10001eda:	3401      	adds	r4, #1
10001edc:	3215      	adds	r2, #21
10001ede:	2a20      	cmp	r2, #32
10001ee0:	da05      	bge.n	10001eee <__wrap___aeabi_d2iz+0x3a>
10001ee2:	40d0      	lsrs	r0, r2
10001ee4:	4308      	orrs	r0, r1
10001ee6:	4360      	muls	r0, r4
10001ee8:	bd10      	pop	{r4, pc}
10001eea:	2000      	movs	r0, #0
10001eec:	bd10      	pop	{r4, pc}
10001eee:	4608      	mov	r0, r1
10001ef0:	4360      	muls	r0, r4
10001ef2:	bd10      	pop	{r4, pc}
10001ef4:	0fc8      	lsrs	r0, r1, #31
10001ef6:	18c0      	adds	r0, r0, r3
10001ef8:	3801      	subs	r0, #1
10001efa:	bd10      	pop	{r4, pc}

10001efc <__wrap___aeabi_d2uiz>:
10001efc:	b418      	push	{r3, r4}
10001efe:	4b02      	ldr	r3, [pc, #8]	@ (10001f08 <__wrap___aeabi_d2uiz+0xc>)
10001f00:	6a5b      	ldr	r3, [r3, #36]	@ 0x24
10001f02:	9301      	str	r3, [sp, #4]
10001f04:	bd08      	pop	{r3, pc}
10001f06:	0000      	.short	0x0000
10001f08:	20001240 	.word	0x20001240

10001f0c <missing_double_func_shim>:
10001f0c:	b510      	push	{r4, lr}
10001f0e:	4801      	ldr	r0, [pc, #4]	@ (10001f14 <missing_double_func_shim+0x8>)
10001f10:	f7fe fa74 	bl	100003fc <panic>
10001f14:	10009af4 	.word	0x10009af4

10001f18 <__aeabi_double_init>:
10001f18:	2313      	movs	r3, #19
10001f1a:	b570      	push	{r4, r5, r6, lr}
10001f1c:	781d      	ldrb	r5, [r3, #0]
10001f1e:	2d01      	cmp	r5, #1
10001f20:	d019      	beq.n	10001f56 <__aeabi_double_init+0x3e>
10001f22:	dd14      	ble.n	10001f4e <__aeabi_double_init+0x36>
10001f24:	481d      	ldr	r0, [pc, #116]	@ (10001f9c <__aeabi_double_init+0x84>)
10001f26:	f7ff fb31 	bl	1000158c <rom_data_lookup>
10001f2a:	0006      	movs	r6, r0
10001f2c:	481c      	ldr	r0, [pc, #112]	@ (10001fa0 <__aeabi_double_init+0x88>)
10001f2e:	f7ff fb2d 	bl	1000158c <rom_data_lookup>
10001f32:	4c1c      	ldr	r4, [pc, #112]	@ (10001fa4 <__aeabi_double_init+0x8c>)
10001f34:	2280      	movs	r2, #128	@ 0x80
10001f36:	0031      	movs	r1, r6
10001f38:	0020      	movs	r0, r4
10001f3a:	f000 f8af 	bl	1000209c <__wrap___aeabi_memcpy>
10001f3e:	2d02      	cmp	r5, #2
10001f40:	d006      	beq.n	10001f50 <__aeabi_double_init+0x38>
10001f42:	4819      	ldr	r0, [pc, #100]	@ (10001fa8 <__aeabi_double_init+0x90>)
10001f44:	f7ff fb1a 	bl	1000157c <rom_func_lookup>
10001f48:	4b18      	ldr	r3, [pc, #96]	@ (10001fac <__aeabi_double_init+0x94>)
10001f4a:	6018      	str	r0, [r3, #0]
10001f4c:	bd70      	pop	{r4, r5, r6, pc}
10001f4e:	4c15      	ldr	r4, [pc, #84]	@ (10001fa4 <__aeabi_double_init+0x8c>)
10001f50:	4b17      	ldr	r3, [pc, #92]	@ (10001fb0 <__aeabi_double_init+0x98>)
10001f52:	64a3      	str	r3, [r4, #72]	@ 0x48
10001f54:	e7f5      	b.n	10001f42 <__aeabi_double_init+0x2a>
10001f56:	4b17      	ldr	r3, [pc, #92]	@ (10001fb4 <__aeabi_double_init+0x9c>)
10001f58:	4c12      	ldr	r4, [pc, #72]	@ (10001fa4 <__aeabi_double_init+0x8c>)
10001f5a:	6023      	str	r3, [r4, #0]
10001f5c:	6063      	str	r3, [r4, #4]
10001f5e:	60a3      	str	r3, [r4, #8]
10001f60:	60e3      	str	r3, [r4, #12]
10001f62:	6123      	str	r3, [r4, #16]
10001f64:	6163      	str	r3, [r4, #20]
10001f66:	61a3      	str	r3, [r4, #24]
10001f68:	61e3      	str	r3, [r4, #28]
10001f6a:	6223      	str	r3, [r4, #32]
10001f6c:	6263      	str	r3, [r4, #36]	@ 0x24
10001f6e:	62a3      	str	r3, [r4, #40]	@ 0x28
10001f70:	62e3      	str	r3, [r4, #44]	@ 0x2c
10001f72:	6323      	str	r3, [r4, #48]	@ 0x30
10001f74:	6363      	str	r3, [r4, #52]	@ 0x34
10001f76:	63a3      	str	r3, [r4, #56]	@ 0x38
10001f78:	63e3      	str	r3, [r4, #60]	@ 0x3c
10001f7a:	6423      	str	r3, [r4, #64]	@ 0x40
10001f7c:	6463      	str	r3, [r4, #68]	@ 0x44
10001f7e:	64a3      	str	r3, [r4, #72]	@ 0x48
10001f80:	64e3      	str	r3, [r4, #76]	@ 0x4c
10001f82:	6523      	str	r3, [r4, #80]	@ 0x50
10001f84:	6563      	str	r3, [r4, #84]	@ 0x54
10001f86:	65a3      	str	r3, [r4, #88]	@ 0x58
10001f88:	65e3      	str	r3, [r4, #92]	@ 0x5c
10001f8a:	6623      	str	r3, [r4, #96]	@ 0x60
10001f8c:	6663      	str	r3, [r4, #100]	@ 0x64
10001f8e:	66a3      	str	r3, [r4, #104]	@ 0x68
10001f90:	66e3      	str	r3, [r4, #108]	@ 0x6c
10001f92:	6723      	str	r3, [r4, #112]	@ 0x70
10001f94:	6763      	str	r3, [r4, #116]	@ 0x74
10001f96:	67a3      	str	r3, [r4, #120]	@ 0x78
10001f98:	67e3      	str	r3, [r4, #124]	@ 0x7c
10001f9a:	e7d9      	b.n	10001f50 <__aeabi_double_init+0x38>
10001f9c:	00004453 	.word	0x00004453
10001fa0:	00004653 	.word	0x00004653
10001fa4:	20001240 	.word	0x20001240
10001fa8:	0000334c 	.word	0x0000334c
10001fac:	20002280 	.word	0x20002280
10001fb0:	10001fb9 	.word	0x10001fb9
10001fb4:	10001f0d 	.word	0x10001f0d

10001fb8 <double_table_shim_on_use_helper>:
10001fb8:	b507      	push	{r0, r1, r2, lr}
10001fba:	4660      	mov	r0, ip
10001fbc:	8801      	ldrh	r1, [r0, #0]
10001fbe:	0a0a      	lsrs	r2, r1, #8
10001fc0:	3002      	adds	r0, #2
10001fc2:	2adf      	cmp	r2, #223	@ 0xdf
10001fc4:	d1fa      	bne.n	10001fbc <double_table_shim_on_use_helper+0x4>
10001fc6:	b2c9      	uxtb	r1, r1
10001fc8:	0882      	lsrs	r2, r0, #2
10001fca:	d304      	bcc.n	10001fd6 <double_table_shim_on_use_helper+0x1e>
10001fcc:	8802      	ldrh	r2, [r0, #0]
10001fce:	8840      	ldrh	r0, [r0, #2]
10001fd0:	0400      	lsls	r0, r0, #16
10001fd2:	4310      	orrs	r0, r2
10001fd4:	e000      	b.n	10001fd8 <double_table_shim_on_use_helper+0x20>
10001fd6:	6800      	ldr	r0, [r0, #0]
10001fd8:	4a01      	ldr	r2, [pc, #4]	@ (10001fe0 <double_table_shim_on_use_helper+0x28>)
10001fda:	5050      	str	r0, [r2, r1]
10001fdc:	9003      	str	r0, [sp, #12]
10001fde:	bd07      	pop	{r0, r1, r2, pc}
10001fe0:	20001240 	.word	0x20001240

10001fe4 <__wrap___aeabi_lmul>:
10001fe4:	4351      	muls	r1, r2
10001fe6:	4343      	muls	r3, r0
10001fe8:	18c9      	adds	r1, r1, r3
10001fea:	468c      	mov	ip, r1
10001fec:	0c11      	lsrs	r1, r2, #16
10001fee:	b283      	uxth	r3, r0
10001ff0:	434b      	muls	r3, r1
10001ff2:	b410      	push	{r4}
10001ff4:	0c04      	lsrs	r4, r0, #16
10001ff6:	4361      	muls	r1, r4
10001ff8:	b292      	uxth	r2, r2
10001ffa:	b280      	uxth	r0, r0
10001ffc:	4350      	muls	r0, r2
10001ffe:	4362      	muls	r2, r4
10002000:	041c      	lsls	r4, r3, #16
10002002:	0c1b      	lsrs	r3, r3, #16
10002004:	1900      	adds	r0, r0, r4
10002006:	bc10      	pop	{r4}
10002008:	4159      	adcs	r1, r3
1000200a:	0413      	lsls	r3, r2, #16
1000200c:	0c12      	lsrs	r2, r2, #16
1000200e:	18c0      	adds	r0, r0, r3
10002010:	4151      	adcs	r1, r2
10002012:	4461      	add	r1, ip
10002014:	4770      	bx	lr
	...

10002018 <missing_float_func_shim>:
10002018:	b510      	push	{r4, lr}
1000201a:	4801      	ldr	r0, [pc, #4]	@ (10002020 <missing_float_func_shim+0x8>)
1000201c:	f7fe f9ee 	bl	100003fc <panic>
10002020:	10009b50 	.word	0x10009b50

10002024 <__aeabi_float_init>:
10002024:	2313      	movs	r3, #19
10002026:	b510      	push	{r4, lr}
10002028:	4810      	ldr	r0, [pc, #64]	@ (1000206c <__aeabi_float_init+0x48>)
1000202a:	781c      	ldrb	r4, [r3, #0]
1000202c:	f7ff faae 	bl	1000158c <rom_data_lookup>
10002030:	0001      	movs	r1, r0
10002032:	2c01      	cmp	r4, #1
10002034:	d00a      	beq.n	1000204c <__aeabi_float_init+0x28>
10002036:	dd03      	ble.n	10002040 <__aeabi_float_init+0x1c>
10002038:	2280      	movs	r2, #128	@ 0x80
1000203a:	480d      	ldr	r0, [pc, #52]	@ (10002070 <__aeabi_float_init+0x4c>)
1000203c:	f000 f82e 	bl	1000209c <__wrap___aeabi_memcpy>
10002040:	480c      	ldr	r0, [pc, #48]	@ (10002074 <__aeabi_float_init+0x50>)
10002042:	f7ff fa9b 	bl	1000157c <rom_func_lookup>
10002046:	4b0c      	ldr	r3, [pc, #48]	@ (10002078 <__aeabi_float_init+0x54>)
10002048:	6018      	str	r0, [r3, #0]
1000204a:	bd10      	pop	{r4, pc}
1000204c:	4c08      	ldr	r4, [pc, #32]	@ (10002070 <__aeabi_float_init+0x4c>)
1000204e:	2254      	movs	r2, #84	@ 0x54
10002050:	0020      	movs	r0, r4
10002052:	f000 f823 	bl	1000209c <__wrap___aeabi_memcpy>
10002056:	0022      	movs	r2, r4
10002058:	4908      	ldr	r1, [pc, #32]	@ (1000207c <__aeabi_float_init+0x58>)
1000205a:	3280      	adds	r2, #128	@ 0x80
1000205c:	6823      	ldr	r3, [r4, #0]
1000205e:	2b00      	cmp	r3, #0
10002060:	d100      	bne.n	10002064 <__aeabi_float_init+0x40>
10002062:	6021      	str	r1, [r4, #0]
10002064:	3404      	adds	r4, #4
10002066:	4294      	cmp	r4, r2
10002068:	d1f8      	bne.n	1000205c <__aeabi_float_init+0x38>
1000206a:	e7e9      	b.n	10002040 <__aeabi_float_init+0x1c>
1000206c:	00004653 	.word	0x00004653
10002070:	20002284 	.word	0x20002284
10002074:	0000334c 	.word	0x0000334c
10002078:	20002280 	.word	0x20002280
1000207c:	10002019 	.word	0x10002019

10002080 <__aeabi_mem_init>:
10002080:	4801      	ldr	r0, [pc, #4]	@ (10002088 <__aeabi_mem_init+0x8>)
10002082:	2104      	movs	r1, #4
10002084:	4b01      	ldr	r3, [pc, #4]	@ (1000208c <__aeabi_mem_init+0xc>)
10002086:	4718      	bx	r3
10002088:	20001060 	.word	0x20001060
1000208c:	1000159d 	.word	0x1000159d

10002090 <__wrap_memset>:
10002090:	4b01      	ldr	r3, [pc, #4]	@ (10002098 <__wrap_memset+0x8>)
10002092:	681b      	ldr	r3, [r3, #0]
10002094:	4718      	bx	r3
10002096:	0000      	.short	0x0000
10002098:	20001060 	.word	0x20001060

1000209c <__wrap___aeabi_memcpy>:
1000209c:	4b01      	ldr	r3, [pc, #4]	@ (100020a4 <__wrap___aeabi_memcpy+0x8>)
1000209e:	685b      	ldr	r3, [r3, #4]
100020a0:	4718      	bx	r3
100020a2:	0000      	.short	0x0000
100020a4:	20001060 	.word	0x20001060

100020a8 <_out_null>:
100020a8:	4770      	bx	lr
100020aa:	46c0      	nop			@ (mov r8, r8)

100020ac <_out_rev>:
100020ac:	b5f8      	push	{r3, r4, r5, r6, r7, lr}
100020ae:	4657      	mov	r7, sl
100020b0:	46de      	mov	lr, fp
100020b2:	464e      	mov	r6, r9
100020b4:	4645      	mov	r5, r8
100020b6:	b5e0      	push	{r5, r6, r7, lr}
100020b8:	4699      	mov	r9, r3
100020ba:	9b0a      	ldr	r3, [sp, #40]	@ 0x28
100020bc:	0007      	movs	r7, r0
100020be:	469a      	mov	sl, r3
100020c0:	9b0d      	ldr	r3, [sp, #52]	@ 0x34
100020c2:	4688      	mov	r8, r1
100020c4:	4693      	mov	fp, r2
100020c6:	9c0b      	ldr	r4, [sp, #44]	@ 0x2c
100020c8:	079b      	lsls	r3, r3, #30
100020ca:	d13b      	bne.n	10002144 <_out_rev+0x98>
100020cc:	9b0c      	ldr	r3, [sp, #48]	@ 0x30
100020ce:	429c      	cmp	r4, r3
100020d0:	d23d      	bcs.n	1000214e <_out_rev+0xa2>
100020d2:	1b1e      	subs	r6, r3, r4
100020d4:	940b      	str	r4, [sp, #44]	@ 0x2c
100020d6:	0015      	movs	r5, r2
100020d8:	000c      	movs	r4, r1
100020da:	445e      	add	r6, fp
100020dc:	002a      	movs	r2, r5
100020de:	464b      	mov	r3, r9
100020e0:	3501      	adds	r5, #1
100020e2:	0021      	movs	r1, r4
100020e4:	2020      	movs	r0, #32
100020e6:	47b8      	blx	r7
100020e8:	42b5      	cmp	r5, r6
100020ea:	d1f7      	bne.n	100020dc <_out_rev+0x30>
100020ec:	46a0      	mov	r8, r4
100020ee:	9c0b      	ldr	r4, [sp, #44]	@ 0x2c
100020f0:	2c00      	cmp	r4, #0
100020f2:	d020      	beq.n	10002136 <_out_rev+0x8a>
100020f4:	4645      	mov	r5, r8
100020f6:	1936      	adds	r6, r6, r4
100020f8:	4653      	mov	r3, sl
100020fa:	1b32      	subs	r2, r6, r4
100020fc:	3c01      	subs	r4, #1
100020fe:	5d18      	ldrb	r0, [r3, r4]
10002100:	0029      	movs	r1, r5
10002102:	464b      	mov	r3, r9
10002104:	47b8      	blx	r7
10002106:	2c00      	cmp	r4, #0
10002108:	d1f6      	bne.n	100020f8 <_out_rev+0x4c>
1000210a:	002b      	movs	r3, r5
1000210c:	0035      	movs	r5, r6
1000210e:	4698      	mov	r8, r3
10002110:	9b0d      	ldr	r3, [sp, #52]	@ 0x34
10002112:	079b      	lsls	r3, r3, #30
10002114:	d50f      	bpl.n	10002136 <_out_rev+0x8a>
10002116:	465b      	mov	r3, fp
10002118:	1aec      	subs	r4, r5, r3
1000211a:	9b0c      	ldr	r3, [sp, #48]	@ 0x30
1000211c:	42a3      	cmp	r3, r4
1000211e:	d90a      	bls.n	10002136 <_out_rev+0x8a>
10002120:	4646      	mov	r6, r8
10002122:	4698      	mov	r8, r3
10002124:	002a      	movs	r2, r5
10002126:	464b      	mov	r3, r9
10002128:	0031      	movs	r1, r6
1000212a:	2020      	movs	r0, #32
1000212c:	3401      	adds	r4, #1
1000212e:	47b8      	blx	r7
10002130:	3501      	adds	r5, #1
10002132:	4544      	cmp	r4, r8
10002134:	d3f6      	bcc.n	10002124 <_out_rev+0x78>
10002136:	0028      	movs	r0, r5
10002138:	bcf0      	pop	{r4, r5, r6, r7}
1000213a:	46bb      	mov	fp, r7
1000213c:	46b2      	mov	sl, r6
1000213e:	46a9      	mov	r9, r5
10002140:	46a0      	mov	r8, r4
10002142:	bdf8      	pop	{r3, r4, r5, r6, r7, pc}
10002144:	0016      	movs	r6, r2
10002146:	0015      	movs	r5, r2
10002148:	2c00      	cmp	r4, #0
1000214a:	d1d3      	bne.n	100020f4 <_out_rev+0x48>
1000214c:	e7e0      	b.n	10002110 <_out_rev+0x64>
1000214e:	0016      	movs	r6, r2
10002150:	0015      	movs	r5, r2
10002152:	2c00      	cmp	r4, #0
10002154:	d1ce      	bne.n	100020f4 <_out_rev+0x48>
10002156:	e7ee      	b.n	10002136 <_out_rev+0x8a>

10002158 <_ntoa_format>:
10002158:	b5f0      	push	{r4, r5, r6, r7, lr}
1000215a:	4645      	mov	r5, r8
1000215c:	46de      	mov	lr, fp
1000215e:	4657      	mov	r7, sl
10002160:	464e      	mov	r6, r9
10002162:	b5e0      	push	{r5, r6, r7, lr}
10002164:	b085      	sub	sp, #20
10002166:	469c      	mov	ip, r3
10002168:	ab10      	add	r3, sp, #64	@ 0x40
1000216a:	781b      	ldrb	r3, [r3, #0]
1000216c:	9f14      	ldr	r7, [sp, #80]	@ 0x50
1000216e:	4693      	mov	fp, r2
10002170:	4698      	mov	r8, r3
10002172:	9c0f      	ldr	r4, [sp, #60]	@ 0x3c
10002174:	9e12      	ldr	r6, [sp, #72]	@ 0x48
10002176:	9d13      	ldr	r5, [sp, #76]	@ 0x4c
10002178:	07bb      	lsls	r3, r7, #30
1000217a:	d44c      	bmi.n	10002216 <_ntoa_format+0xbe>
1000217c:	2d00      	cmp	r5, #0
1000217e:	d142      	bne.n	10002206 <_ntoa_format+0xae>
10002180:	42b4      	cmp	r4, r6
10002182:	d248      	bcs.n	10002216 <_ntoa_format+0xbe>
10002184:	2301      	movs	r3, #1
10002186:	403b      	ands	r3, r7
10002188:	4699      	mov	r9, r3
1000218a:	9b0e      	ldr	r3, [sp, #56]	@ 0x38
1000218c:	3b01      	subs	r3, #1
1000218e:	469a      	mov	sl, r3
10002190:	2330      	movs	r3, #48	@ 0x30
10002192:	e004      	b.n	1000219e <_ntoa_format+0x46>
10002194:	4652      	mov	r2, sl
10002196:	3401      	adds	r4, #1
10002198:	5513      	strb	r3, [r2, r4]
1000219a:	42a6      	cmp	r6, r4
1000219c:	d901      	bls.n	100021a2 <_ntoa_format+0x4a>
1000219e:	2c20      	cmp	r4, #32
100021a0:	d1f8      	bne.n	10002194 <_ntoa_format+0x3c>
100021a2:	464b      	mov	r3, r9
100021a4:	2b00      	cmp	r3, #0
100021a6:	d100      	bne.n	100021aa <_ntoa_format+0x52>
100021a8:	e083      	b.n	100022b2 <_ntoa_format+0x15a>
100021aa:	9b0e      	ldr	r3, [sp, #56]	@ 0x38
100021ac:	3b01      	subs	r3, #1
100021ae:	4699      	mov	r9, r3
100021b0:	2330      	movs	r3, #48	@ 0x30
100021b2:	42a5      	cmp	r5, r4
100021b4:	d805      	bhi.n	100021c2 <_ntoa_format+0x6a>
100021b6:	e02e      	b.n	10002216 <_ntoa_format+0xbe>
100021b8:	464a      	mov	r2, r9
100021ba:	3401      	adds	r4, #1
100021bc:	5513      	strb	r3, [r2, r4]
100021be:	42ac      	cmp	r4, r5
100021c0:	d029      	beq.n	10002216 <_ntoa_format+0xbe>
100021c2:	2c20      	cmp	r4, #32
100021c4:	d1f8      	bne.n	100021b8 <_ntoa_format+0x60>
100021c6:	06fb      	lsls	r3, r7, #27
100021c8:	d50c      	bpl.n	100021e4 <_ntoa_format+0x8c>
100021ca:	057b      	lsls	r3, r7, #21
100021cc:	d454      	bmi.n	10002278 <_ntoa_format+0x120>
100021ce:	42a6      	cmp	r6, r4
100021d0:	d063      	beq.n	1000229a <_ntoa_format+0x142>
100021d2:	42a5      	cmp	r5, r4
100021d4:	d061      	beq.n	1000229a <_ntoa_format+0x142>
100021d6:	9b11      	ldr	r3, [sp, #68]	@ 0x44
100021d8:	2b10      	cmp	r3, #16
100021da:	d050      	beq.n	1000227e <_ntoa_format+0x126>
100021dc:	2b02      	cmp	r3, #2
100021de:	d057      	beq.n	10002290 <_ntoa_format+0x138>
100021e0:	2c20      	cmp	r4, #32
100021e2:	d132      	bne.n	1000224a <_ntoa_format+0xf2>
100021e4:	2320      	movs	r3, #32
100021e6:	9301      	str	r3, [sp, #4]
100021e8:	9b0e      	ldr	r3, [sp, #56]	@ 0x38
100021ea:	465a      	mov	r2, fp
100021ec:	9300      	str	r3, [sp, #0]
100021ee:	9703      	str	r7, [sp, #12]
100021f0:	4663      	mov	r3, ip
100021f2:	9502      	str	r5, [sp, #8]
100021f4:	f7ff ff5a 	bl	100020ac <_out_rev>
100021f8:	b005      	add	sp, #20
100021fa:	bcf0      	pop	{r4, r5, r6, r7}
100021fc:	46bb      	mov	fp, r7
100021fe:	46b2      	mov	sl, r6
10002200:	46a9      	mov	r9, r5
10002202:	46a0      	mov	r8, r4
10002204:	bdf0      	pop	{r4, r5, r6, r7, pc}
10002206:	2301      	movs	r3, #1
10002208:	403b      	ands	r3, r7
1000220a:	4699      	mov	r9, r3
1000220c:	2301      	movs	r3, #1
1000220e:	423b      	tst	r3, r7
10002210:	d12a      	bne.n	10002268 <_ntoa_format+0x110>
10002212:	42b4      	cmp	r4, r6
10002214:	d3b9      	bcc.n	1000218a <_ntoa_format+0x32>
10002216:	06fb      	lsls	r3, r7, #27
10002218:	d51c      	bpl.n	10002254 <_ntoa_format+0xfc>
1000221a:	057b      	lsls	r3, r7, #21
1000221c:	d4db      	bmi.n	100021d6 <_ntoa_format+0x7e>
1000221e:	2c00      	cmp	r4, #0
10002220:	d1d5      	bne.n	100021ce <_ntoa_format+0x76>
10002222:	9b11      	ldr	r3, [sp, #68]	@ 0x44
10002224:	2b10      	cmp	r3, #16
10002226:	d05b      	beq.n	100022e0 <_ntoa_format+0x188>
10002228:	9b11      	ldr	r3, [sp, #68]	@ 0x44
1000222a:	2b02      	cmp	r3, #2
1000222c:	d06b      	beq.n	10002306 <_ntoa_format+0x1ae>
1000222e:	2330      	movs	r3, #48	@ 0x30
10002230:	2401      	movs	r4, #1
10002232:	9a0e      	ldr	r2, [sp, #56]	@ 0x38
10002234:	7013      	strb	r3, [r2, #0]
10002236:	4643      	mov	r3, r8
10002238:	2b00      	cmp	r3, #0
1000223a:	d110      	bne.n	1000225e <_ntoa_format+0x106>
1000223c:	077b      	lsls	r3, r7, #29
1000223e:	d53e      	bpl.n	100022be <_ntoa_format+0x166>
10002240:	262b      	movs	r6, #43	@ 0x2b
10002242:	9a0e      	ldr	r2, [sp, #56]	@ 0x38
10002244:	1c63      	adds	r3, r4, #1
10002246:	5516      	strb	r6, [r2, r4]
10002248:	e7cd      	b.n	100021e6 <_ntoa_format+0x8e>
1000224a:	0023      	movs	r3, r4
1000224c:	3401      	adds	r4, #1
1000224e:	2630      	movs	r6, #48	@ 0x30
10002250:	9a0e      	ldr	r2, [sp, #56]	@ 0x38
10002252:	54d6      	strb	r6, [r2, r3]
10002254:	2c20      	cmp	r4, #32
10002256:	d0c5      	beq.n	100021e4 <_ntoa_format+0x8c>
10002258:	4643      	mov	r3, r8
1000225a:	2b00      	cmp	r3, #0
1000225c:	d0ee      	beq.n	1000223c <_ntoa_format+0xe4>
1000225e:	262d      	movs	r6, #45	@ 0x2d
10002260:	9a0e      	ldr	r2, [sp, #56]	@ 0x38
10002262:	1c63      	adds	r3, r4, #1
10002264:	5516      	strb	r6, [r2, r4]
10002266:	e7be      	b.n	100021e6 <_ntoa_format+0x8e>
10002268:	4643      	mov	r3, r8
1000226a:	2b00      	cmp	r3, #0
1000226c:	d02f      	beq.n	100022ce <_ntoa_format+0x176>
1000226e:	3d01      	subs	r5, #1
10002270:	42b4      	cmp	r4, r6
10002272:	d200      	bcs.n	10002276 <_ntoa_format+0x11e>
10002274:	e789      	b.n	1000218a <_ntoa_format+0x32>
10002276:	e798      	b.n	100021aa <_ntoa_format+0x52>
10002278:	9b11      	ldr	r3, [sp, #68]	@ 0x44
1000227a:	2b10      	cmp	r3, #16
1000227c:	d1b2      	bne.n	100021e4 <_ntoa_format+0x8c>
1000227e:	06bb      	lsls	r3, r7, #26
10002280:	d537      	bpl.n	100022f2 <_ntoa_format+0x19a>
10002282:	2c20      	cmp	r4, #32
10002284:	d0ae      	beq.n	100021e4 <_ntoa_format+0x8c>
10002286:	2358      	movs	r3, #88	@ 0x58
10002288:	9a0e      	ldr	r2, [sp, #56]	@ 0x38
1000228a:	5513      	strb	r3, [r2, r4]
1000228c:	3401      	adds	r4, #1
1000228e:	e7a7      	b.n	100021e0 <_ntoa_format+0x88>
10002290:	2c20      	cmp	r4, #32
10002292:	d0a7      	beq.n	100021e4 <_ntoa_format+0x8c>
10002294:	0023      	movs	r3, r4
10002296:	3401      	adds	r4, #1
10002298:	e007      	b.n	100022aa <_ntoa_format+0x152>
1000229a:	1e63      	subs	r3, r4, #1
1000229c:	2c01      	cmp	r4, #1
1000229e:	d0c0      	beq.n	10002222 <_ntoa_format+0xca>
100022a0:	9a11      	ldr	r2, [sp, #68]	@ 0x44
100022a2:	2a10      	cmp	r2, #16
100022a4:	d031      	beq.n	1000230a <_ntoa_format+0x1b2>
100022a6:	2a02      	cmp	r2, #2
100022a8:	d1d1      	bne.n	1000224e <_ntoa_format+0xf6>
100022aa:	2662      	movs	r6, #98	@ 0x62
100022ac:	9a0e      	ldr	r2, [sp, #56]	@ 0x38
100022ae:	54d6      	strb	r6, [r2, r3]
100022b0:	e796      	b.n	100021e0 <_ntoa_format+0x88>
100022b2:	06fb      	lsls	r3, r7, #27
100022b4:	d5ce      	bpl.n	10002254 <_ntoa_format+0xfc>
100022b6:	057b      	lsls	r3, r7, #21
100022b8:	d400      	bmi.n	100022bc <_ntoa_format+0x164>
100022ba:	e788      	b.n	100021ce <_ntoa_format+0x76>
100022bc:	e78b      	b.n	100021d6 <_ntoa_format+0x7e>
100022be:	0023      	movs	r3, r4
100022c0:	073e      	lsls	r6, r7, #28
100022c2:	d590      	bpl.n	100021e6 <_ntoa_format+0x8e>
100022c4:	2620      	movs	r6, #32
100022c6:	9a0e      	ldr	r2, [sp, #56]	@ 0x38
100022c8:	3301      	adds	r3, #1
100022ca:	5516      	strb	r6, [r2, r4]
100022cc:	e78b      	b.n	100021e6 <_ntoa_format+0x8e>
100022ce:	230c      	movs	r3, #12
100022d0:	403b      	ands	r3, r7
100022d2:	1e5a      	subs	r2, r3, #1
100022d4:	4193      	sbcs	r3, r2
100022d6:	1aed      	subs	r5, r5, r3
100022d8:	42b4      	cmp	r4, r6
100022da:	d200      	bcs.n	100022de <_ntoa_format+0x186>
100022dc:	e755      	b.n	1000218a <_ntoa_format+0x32>
100022de:	e764      	b.n	100021aa <_ntoa_format+0x52>
100022e0:	06bb      	lsls	r3, r7, #26
100022e2:	d40e      	bmi.n	10002302 <_ntoa_format+0x1aa>
100022e4:	2378      	movs	r3, #120	@ 0x78
100022e6:	9a0e      	ldr	r2, [sp, #56]	@ 0x38
100022e8:	2402      	movs	r4, #2
100022ea:	7013      	strb	r3, [r2, #0]
100022ec:	2330      	movs	r3, #48	@ 0x30
100022ee:	7053      	strb	r3, [r2, #1]
100022f0:	e7a1      	b.n	10002236 <_ntoa_format+0xde>
100022f2:	2c20      	cmp	r4, #32
100022f4:	d100      	bne.n	100022f8 <_ntoa_format+0x1a0>
100022f6:	e775      	b.n	100021e4 <_ntoa_format+0x8c>
100022f8:	2378      	movs	r3, #120	@ 0x78
100022fa:	9a0e      	ldr	r2, [sp, #56]	@ 0x38
100022fc:	5513      	strb	r3, [r2, r4]
100022fe:	3401      	adds	r4, #1
10002300:	e76e      	b.n	100021e0 <_ntoa_format+0x88>
10002302:	2358      	movs	r3, #88	@ 0x58
10002304:	e7ef      	b.n	100022e6 <_ntoa_format+0x18e>
10002306:	3360      	adds	r3, #96	@ 0x60
10002308:	e7ed      	b.n	100022e6 <_ntoa_format+0x18e>
1000230a:	9a0e      	ldr	r2, [sp, #56]	@ 0x38
1000230c:	1ea6      	subs	r6, r4, #2
1000230e:	4691      	mov	r9, r2
10002310:	444e      	add	r6, r9
10002312:	06ba      	lsls	r2, r7, #26
10002314:	d502      	bpl.n	1000231c <_ntoa_format+0x1c4>
10002316:	2258      	movs	r2, #88	@ 0x58
10002318:	7032      	strb	r2, [r6, #0]
1000231a:	e798      	b.n	1000224e <_ntoa_format+0xf6>
1000231c:	2278      	movs	r2, #120	@ 0x78
1000231e:	7032      	strb	r2, [r6, #0]
10002320:	e795      	b.n	1000224e <_ntoa_format+0xf6>
10002322:	46c0      	nop			@ (mov r8, r8)

10002324 <_out_char>:
10002324:	b510      	push	{r4, lr}
10002326:	2800      	cmp	r0, #0
10002328:	d100      	bne.n	1000232c <_out_char+0x8>
1000232a:	bd10      	pop	{r4, pc}
1000232c:	f001 fc82 	bl	10003c34 <__wrap_putchar>
10002330:	e7fb      	b.n	1000232a <_out_char+0x6>
10002332:	46c0      	nop			@ (mov r8, r8)

10002334 <_out_fct>:
10002334:	000b      	movs	r3, r1
10002336:	b510      	push	{r4, lr}
10002338:	2800      	cmp	r0, #0
1000233a:	d002      	beq.n	10002342 <_out_fct+0xe>
1000233c:	6849      	ldr	r1, [r1, #4]
1000233e:	681b      	ldr	r3, [r3, #0]
10002340:	4798      	blx	r3
10002342:	bd10      	pop	{r4, pc}

10002344 <_ftoa>:
10002344:	b5f0      	push	{r4, r5, r6, r7, lr}
10002346:	4657      	mov	r7, sl
10002348:	46de      	mov	lr, fp
1000234a:	464e      	mov	r6, r9
1000234c:	4645      	mov	r5, r8
1000234e:	b5e0      	push	{r5, r6, r7, lr}
10002350:	b095      	sub	sp, #84	@ 0x54
10002352:	4683      	mov	fp, r0
10002354:	000f      	movs	r7, r1
10002356:	4692      	mov	sl, r2
10002358:	4698      	mov	r8, r3
1000235a:	9a1e      	ldr	r2, [sp, #120]	@ 0x78
1000235c:	9b1f      	ldr	r3, [sp, #124]	@ 0x7c
1000235e:	0010      	movs	r0, r2
10002360:	0019      	movs	r1, r3
10002362:	9e20      	ldr	r6, [sp, #128]	@ 0x80
10002364:	f7ff fd7d 	bl	10001e62 <__wrap___aeabi_dcmpun>
10002368:	2800      	cmp	r0, #0
1000236a:	d000      	beq.n	1000236e <_ftoa+0x2a>
1000236c:	e1ea      	b.n	10002744 <_ftoa+0x400>
1000236e:	981e      	ldr	r0, [sp, #120]	@ 0x78
10002370:	991f      	ldr	r1, [sp, #124]	@ 0x7c
10002372:	2201      	movs	r2, #1
10002374:	4bc5      	ldr	r3, [pc, #788]	@ (1000268c <_ftoa+0x348>)
10002376:	4252      	negs	r2, r2
10002378:	f7ff fd58 	bl	10001e2c <__wrap___aeabi_dcmplt>
1000237c:	2800      	cmp	r0, #0
1000237e:	d000      	beq.n	10002382 <_ftoa+0x3e>
10002380:	e114      	b.n	100025ac <_ftoa+0x268>
10002382:	981e      	ldr	r0, [sp, #120]	@ 0x78
10002384:	991f      	ldr	r1, [sp, #124]	@ 0x7c
10002386:	2201      	movs	r2, #1
10002388:	4bc1      	ldr	r3, [pc, #772]	@ (10002690 <_ftoa+0x34c>)
1000238a:	4252      	negs	r2, r2
1000238c:	f7ff fd64 	bl	10001e58 <__wrap___aeabi_dcmpgt>
10002390:	2800      	cmp	r0, #0
10002392:	d000      	beq.n	10002396 <_ftoa+0x52>
10002394:	e0e9      	b.n	1000256a <_ftoa+0x226>
10002396:	981e      	ldr	r0, [sp, #120]	@ 0x78
10002398:	991f      	ldr	r1, [sp, #124]	@ 0x7c
1000239a:	2200      	movs	r2, #0
1000239c:	4bbd      	ldr	r3, [pc, #756]	@ (10002694 <_ftoa+0x350>)
1000239e:	f7ff fd5b 	bl	10001e58 <__wrap___aeabi_dcmpgt>
100023a2:	2800      	cmp	r0, #0
100023a4:	d000      	beq.n	100023a8 <_ftoa+0x64>
100023a6:	e0c8      	b.n	1000253a <_ftoa+0x1f6>
100023a8:	981e      	ldr	r0, [sp, #120]	@ 0x78
100023aa:	991f      	ldr	r1, [sp, #124]	@ 0x7c
100023ac:	2200      	movs	r2, #0
100023ae:	4bba      	ldr	r3, [pc, #744]	@ (10002698 <_ftoa+0x354>)
100023b0:	f7ff fd3c 	bl	10001e2c <__wrap___aeabi_dcmplt>
100023b4:	2800      	cmp	r0, #0
100023b6:	d000      	beq.n	100023ba <_ftoa+0x76>
100023b8:	e0bf      	b.n	1000253a <_ftoa+0x1f6>
100023ba:	981e      	ldr	r0, [sp, #120]	@ 0x78
100023bc:	991f      	ldr	r1, [sp, #124]	@ 0x7c
100023be:	2200      	movs	r2, #0
100023c0:	2300      	movs	r3, #0
100023c2:	f7ff fd33 	bl	10001e2c <__wrap___aeabi_dcmplt>
100023c6:	2800      	cmp	r0, #0
100023c8:	d000      	beq.n	100023cc <_ftoa+0x88>
100023ca:	e0e4      	b.n	10002596 <_ftoa+0x252>
100023cc:	2300      	movs	r3, #0
100023ce:	930b      	str	r3, [sp, #44]	@ 0x2c
100023d0:	9b22      	ldr	r3, [sp, #136]	@ 0x88
100023d2:	055b      	lsls	r3, r3, #21
100023d4:	d400      	bmi.n	100023d8 <_ftoa+0x94>
100023d6:	2606      	movs	r6, #6
100023d8:	2400      	movs	r4, #0
100023da:	2330      	movs	r3, #48	@ 0x30
100023dc:	e007      	b.n	100023ee <_ftoa+0xaa>
100023de:	2117      	movs	r1, #23
100023e0:	aa06      	add	r2, sp, #24
100023e2:	3401      	adds	r4, #1
100023e4:	1852      	adds	r2, r2, r1
100023e6:	5513      	strb	r3, [r2, r4]
100023e8:	3e01      	subs	r6, #1
100023ea:	2c20      	cmp	r4, #32
100023ec:	d001      	beq.n	100023f2 <_ftoa+0xae>
100023ee:	2e09      	cmp	r6, #9
100023f0:	d8f5      	bhi.n	100023de <_ftoa+0x9a>
100023f2:	981e      	ldr	r0, [sp, #120]	@ 0x78
100023f4:	991f      	ldr	r1, [sp, #124]	@ 0x7c
100023f6:	f7ff fd5d 	bl	10001eb4 <__wrap___aeabi_d2iz>
100023fa:	4ba8      	ldr	r3, [pc, #672]	@ (1000269c <_ftoa+0x358>)
100023fc:	00f2      	lsls	r2, r6, #3
100023fe:	189b      	adds	r3, r3, r2
10002400:	681a      	ldr	r2, [r3, #0]
10002402:	685b      	ldr	r3, [r3, #4]
10002404:	0005      	movs	r5, r0
10002406:	9208      	str	r2, [sp, #32]
10002408:	9309      	str	r3, [sp, #36]	@ 0x24
1000240a:	f7ff fd3b 	bl	10001e84 <__wrap___aeabi_i2d>
1000240e:	0002      	movs	r2, r0
10002410:	000b      	movs	r3, r1
10002412:	981e      	ldr	r0, [sp, #120]	@ 0x78
10002414:	991f      	ldr	r1, [sp, #124]	@ 0x7c
10002416:	f7ff fca6 	bl	10001d66 <__wrap___aeabi_dsub>
1000241a:	9a08      	ldr	r2, [sp, #32]
1000241c:	9b09      	ldr	r3, [sp, #36]	@ 0x24
1000241e:	f7ff fcc6 	bl	10001dae <__wrap___aeabi_dmul>
10002422:	9006      	str	r0, [sp, #24]
10002424:	9107      	str	r1, [sp, #28]
10002426:	f7ff fd69 	bl	10001efc <__wrap___aeabi_d2uiz>
1000242a:	4681      	mov	r9, r0
1000242c:	f7ff fd26 	bl	10001e7c <__wrap___aeabi_ui2d>
10002430:	0002      	movs	r2, r0
10002432:	000b      	movs	r3, r1
10002434:	9806      	ldr	r0, [sp, #24]
10002436:	9907      	ldr	r1, [sp, #28]
10002438:	f7ff fc95 	bl	10001d66 <__wrap___aeabi_dsub>
1000243c:	2200      	movs	r2, #0
1000243e:	4b98      	ldr	r3, [pc, #608]	@ (100026a0 <_ftoa+0x35c>)
10002440:	9006      	str	r0, [sp, #24]
10002442:	9107      	str	r1, [sp, #28]
10002444:	f7ff fd08 	bl	10001e58 <__wrap___aeabi_dcmpgt>
10002448:	2800      	cmp	r0, #0
1000244a:	d100      	bne.n	1000244e <_ftoa+0x10a>
1000244c:	e10d      	b.n	1000266a <_ftoa+0x326>
1000244e:	2301      	movs	r3, #1
10002450:	469c      	mov	ip, r3
10002452:	44e1      	add	r9, ip
10002454:	4648      	mov	r0, r9
10002456:	f7ff fd11 	bl	10001e7c <__wrap___aeabi_ui2d>
1000245a:	0002      	movs	r2, r0
1000245c:	000b      	movs	r3, r1
1000245e:	9808      	ldr	r0, [sp, #32]
10002460:	9909      	ldr	r1, [sp, #36]	@ 0x24
10002462:	f7ff fce9 	bl	10001e38 <__wrap___aeabi_dcmple>
10002466:	2800      	cmp	r0, #0
10002468:	d002      	beq.n	10002470 <_ftoa+0x12c>
1000246a:	2300      	movs	r3, #0
1000246c:	4699      	mov	r9, r3
1000246e:	3501      	adds	r5, #1
10002470:	2e00      	cmp	r6, #0
10002472:	d100      	bne.n	10002476 <_ftoa+0x132>
10002474:	e0d9      	b.n	1000262a <_ftoa+0x2e6>
10002476:	9506      	str	r5, [sp, #24]
10002478:	464d      	mov	r5, r9
1000247a:	46b9      	mov	r9, r7
1000247c:	e014      	b.n	100024a8 <_ftoa+0x164>
1000247e:	aa06      	add	r2, sp, #24
10002480:	4694      	mov	ip, r2
10002482:	2317      	movs	r3, #23
10002484:	210a      	movs	r1, #10
10002486:	4463      	add	r3, ip
10002488:	0028      	movs	r0, r5
1000248a:	3401      	adds	r4, #1
1000248c:	191f      	adds	r7, r3, r4
1000248e:	f7ff fa2f 	bl	100018f0 <__wrap___aeabi_uidiv>
10002492:	3130      	adds	r1, #48	@ 0x30
10002494:	7039      	strb	r1, [r7, #0]
10002496:	0028      	movs	r0, r5
10002498:	210a      	movs	r1, #10
1000249a:	3e01      	subs	r6, #1
1000249c:	f7ff fa28 	bl	100018f0 <__wrap___aeabi_uidiv>
100024a0:	2d09      	cmp	r5, #9
100024a2:	d800      	bhi.n	100024a6 <_ftoa+0x162>
100024a4:	e117      	b.n	100026d6 <_ftoa+0x392>
100024a6:	0005      	movs	r5, r0
100024a8:	2c20      	cmp	r4, #32
100024aa:	d1e8      	bne.n	1000247e <_ftoa+0x13a>
100024ac:	464f      	mov	r7, r9
100024ae:	9d06      	ldr	r5, [sp, #24]
100024b0:	2420      	movs	r4, #32
100024b2:	ae0c      	add	r6, sp, #48	@ 0x30
100024b4:	aa06      	add	r2, sp, #24
100024b6:	2317      	movs	r3, #23
100024b8:	4694      	mov	ip, r2
100024ba:	4463      	add	r3, ip
100024bc:	4699      	mov	r9, r3
100024be:	465b      	mov	r3, fp
100024c0:	46b3      	mov	fp, r6
100024c2:	9306      	str	r3, [sp, #24]
100024c4:	e00f      	b.n	100024e6 <_ftoa+0x1a2>
100024c6:	464b      	mov	r3, r9
100024c8:	0028      	movs	r0, r5
100024ca:	210a      	movs	r1, #10
100024cc:	3401      	adds	r4, #1
100024ce:	18e6      	adds	r6, r4, r3
100024d0:	f7ff f9e6 	bl	100018a0 <__wrap___aeabi_idiv>
100024d4:	3130      	adds	r1, #48	@ 0x30
100024d6:	0028      	movs	r0, r5
100024d8:	7031      	strb	r1, [r6, #0]
100024da:	210a      	movs	r1, #10
100024dc:	f7ff f9e0 	bl	100018a0 <__wrap___aeabi_idiv>
100024e0:	1e05      	subs	r5, r0, #0
100024e2:	d100      	bne.n	100024e6 <_ftoa+0x1a2>
100024e4:	e0e4      	b.n	100026b0 <_ftoa+0x36c>
100024e6:	2c20      	cmp	r4, #32
100024e8:	d1ed      	bne.n	100024c6 <_ftoa+0x182>
100024ea:	9b06      	ldr	r3, [sp, #24]
100024ec:	465e      	mov	r6, fp
100024ee:	469b      	mov	fp, r3
100024f0:	2303      	movs	r3, #3
100024f2:	9a22      	ldr	r2, [sp, #136]	@ 0x88
100024f4:	4013      	ands	r3, r2
100024f6:	2b01      	cmp	r3, #1
100024f8:	d118      	bne.n	1000252c <_ftoa+0x1e8>
100024fa:	9b21      	ldr	r3, [sp, #132]	@ 0x84
100024fc:	2b00      	cmp	r3, #0
100024fe:	d015      	beq.n	1000252c <_ftoa+0x1e8>
10002500:	9b0b      	ldr	r3, [sp, #44]	@ 0x2c
10002502:	2b00      	cmp	r3, #0
10002504:	d100      	bne.n	10002508 <_ftoa+0x1c4>
10002506:	e0fd      	b.n	10002704 <_ftoa+0x3c0>
10002508:	9b21      	ldr	r3, [sp, #132]	@ 0x84
1000250a:	3b01      	subs	r3, #1
1000250c:	9321      	str	r3, [sp, #132]	@ 0x84
1000250e:	2b20      	cmp	r3, #32
10002510:	d90c      	bls.n	1000252c <_ftoa+0x1e8>
10002512:	2330      	movs	r3, #48	@ 0x30
10002514:	9a21      	ldr	r2, [sp, #132]	@ 0x84
10002516:	e007      	b.n	10002528 <_ftoa+0x1e4>
10002518:	2017      	movs	r0, #23
1000251a:	a906      	add	r1, sp, #24
1000251c:	3401      	adds	r4, #1
1000251e:	1809      	adds	r1, r1, r0
10002520:	550b      	strb	r3, [r1, r4]
10002522:	4294      	cmp	r4, r2
10002524:	d300      	bcc.n	10002528 <_ftoa+0x1e4>
10002526:	e0cc      	b.n	100026c2 <_ftoa+0x37e>
10002528:	2c20      	cmp	r4, #32
1000252a:	d1f5      	bne.n	10002518 <_ftoa+0x1d4>
1000252c:	9b22      	ldr	r3, [sp, #136]	@ 0x88
1000252e:	9401      	str	r4, [sp, #4]
10002530:	9303      	str	r3, [sp, #12]
10002532:	9b21      	ldr	r3, [sp, #132]	@ 0x84
10002534:	9600      	str	r6, [sp, #0]
10002536:	9302      	str	r3, [sp, #8]
10002538:	e022      	b.n	10002580 <_ftoa+0x23c>
1000253a:	9b22      	ldr	r3, [sp, #136]	@ 0x88
1000253c:	4652      	mov	r2, sl
1000253e:	9304      	str	r3, [sp, #16]
10002540:	9b21      	ldr	r3, [sp, #132]	@ 0x84
10002542:	0039      	movs	r1, r7
10002544:	9303      	str	r3, [sp, #12]
10002546:	4658      	mov	r0, fp
10002548:	9b1e      	ldr	r3, [sp, #120]	@ 0x78
1000254a:	9c1f      	ldr	r4, [sp, #124]	@ 0x7c
1000254c:	9602      	str	r6, [sp, #8]
1000254e:	9300      	str	r3, [sp, #0]
10002550:	9401      	str	r4, [sp, #4]
10002552:	4643      	mov	r3, r8
10002554:	f000 f94a 	bl	100027ec <_etoa>
10002558:	0004      	movs	r4, r0
1000255a:	0020      	movs	r0, r4
1000255c:	b015      	add	sp, #84	@ 0x54
1000255e:	bcf0      	pop	{r4, r5, r6, r7}
10002560:	46bb      	mov	fp, r7
10002562:	46b2      	mov	sl, r6
10002564:	46a9      	mov	r9, r5
10002566:	46a0      	mov	r8, r4
10002568:	bdf0      	pop	{r4, r5, r6, r7, pc}
1000256a:	9b22      	ldr	r3, [sp, #136]	@ 0x88
1000256c:	075b      	lsls	r3, r3, #29
1000256e:	d40f      	bmi.n	10002590 <_ftoa+0x24c>
10002570:	2203      	movs	r2, #3
10002572:	4b4c      	ldr	r3, [pc, #304]	@ (100026a4 <_ftoa+0x360>)
10002574:	9922      	ldr	r1, [sp, #136]	@ 0x88
10002576:	9201      	str	r2, [sp, #4]
10002578:	9103      	str	r1, [sp, #12]
1000257a:	9921      	ldr	r1, [sp, #132]	@ 0x84
1000257c:	9300      	str	r3, [sp, #0]
1000257e:	9102      	str	r1, [sp, #8]
10002580:	4643      	mov	r3, r8
10002582:	4652      	mov	r2, sl
10002584:	0039      	movs	r1, r7
10002586:	4658      	mov	r0, fp
10002588:	f7ff fd90 	bl	100020ac <_out_rev>
1000258c:	0004      	movs	r4, r0
1000258e:	e7e4      	b.n	1000255a <_ftoa+0x216>
10002590:	2204      	movs	r2, #4
10002592:	4b45      	ldr	r3, [pc, #276]	@ (100026a8 <_ftoa+0x364>)
10002594:	e7ee      	b.n	10002574 <_ftoa+0x230>
10002596:	9a1e      	ldr	r2, [sp, #120]	@ 0x78
10002598:	9b1f      	ldr	r3, [sp, #124]	@ 0x7c
1000259a:	2000      	movs	r0, #0
1000259c:	2100      	movs	r1, #0
1000259e:	f7ff fbe2 	bl	10001d66 <__wrap___aeabi_dsub>
100025a2:	2301      	movs	r3, #1
100025a4:	901e      	str	r0, [sp, #120]	@ 0x78
100025a6:	911f      	str	r1, [sp, #124]	@ 0x7c
100025a8:	930b      	str	r3, [sp, #44]	@ 0x2c
100025aa:	e711      	b.n	100023d0 <_ftoa+0x8c>
100025ac:	9b22      	ldr	r3, [sp, #136]	@ 0x88
100025ae:	4654      	mov	r4, sl
100025b0:	079b      	lsls	r3, r3, #30
100025b2:	d111      	bne.n	100025d8 <_ftoa+0x294>
100025b4:	9b21      	ldr	r3, [sp, #132]	@ 0x84
100025b6:	2b04      	cmp	r3, #4
100025b8:	d90e      	bls.n	100025d8 <_ftoa+0x294>
100025ba:	9b21      	ldr	r3, [sp, #132]	@ 0x84
100025bc:	4655      	mov	r5, sl
100025be:	469c      	mov	ip, r3
100025c0:	465e      	mov	r6, fp
100025c2:	3c04      	subs	r4, #4
100025c4:	4464      	add	r4, ip
100025c6:	002a      	movs	r2, r5
100025c8:	4643      	mov	r3, r8
100025ca:	3501      	adds	r5, #1
100025cc:	0039      	movs	r1, r7
100025ce:	2020      	movs	r0, #32
100025d0:	47b0      	blx	r6
100025d2:	42a5      	cmp	r5, r4
100025d4:	d1f7      	bne.n	100025c6 <_ftoa+0x282>
100025d6:	46b3      	mov	fp, r6
100025d8:	4d34      	ldr	r5, [pc, #208]	@ (100026ac <_ftoa+0x368>)
100025da:	0026      	movs	r6, r4
100025dc:	1f2b      	subs	r3, r5, #4
100025de:	4699      	mov	r9, r3
100025e0:	465b      	mov	r3, fp
100025e2:	46a3      	mov	fp, r4
100025e4:	001c      	movs	r4, r3
100025e6:	0032      	movs	r2, r6
100025e8:	78e8      	ldrb	r0, [r5, #3]
100025ea:	4643      	mov	r3, r8
100025ec:	0039      	movs	r1, r7
100025ee:	3d01      	subs	r5, #1
100025f0:	47a0      	blx	r4
100025f2:	3601      	adds	r6, #1
100025f4:	454d      	cmp	r5, r9
100025f6:	d1f6      	bne.n	100025e6 <_ftoa+0x2a2>
100025f8:	0023      	movs	r3, r4
100025fa:	465c      	mov	r4, fp
100025fc:	469b      	mov	fp, r3
100025fe:	9b22      	ldr	r3, [sp, #136]	@ 0x88
10002600:	3404      	adds	r4, #4
10002602:	079b      	lsls	r3, r3, #30
10002604:	d5a9      	bpl.n	1000255a <_ftoa+0x216>
10002606:	4653      	mov	r3, sl
10002608:	9a21      	ldr	r2, [sp, #132]	@ 0x84
1000260a:	1ae3      	subs	r3, r4, r3
1000260c:	429a      	cmp	r2, r3
1000260e:	d9a4      	bls.n	1000255a <_ftoa+0x216>
10002610:	465e      	mov	r6, fp
10002612:	0015      	movs	r5, r2
10002614:	0022      	movs	r2, r4
10002616:	4643      	mov	r3, r8
10002618:	0039      	movs	r1, r7
1000261a:	2020      	movs	r0, #32
1000261c:	47b0      	blx	r6
1000261e:	4653      	mov	r3, sl
10002620:	3401      	adds	r4, #1
10002622:	1ae3      	subs	r3, r4, r3
10002624:	429d      	cmp	r5, r3
10002626:	d8f5      	bhi.n	10002614 <_ftoa+0x2d0>
10002628:	e797      	b.n	1000255a <_ftoa+0x216>
1000262a:	0028      	movs	r0, r5
1000262c:	f7ff fc2a 	bl	10001e84 <__wrap___aeabi_i2d>
10002630:	0002      	movs	r2, r0
10002632:	000b      	movs	r3, r1
10002634:	981e      	ldr	r0, [sp, #120]	@ 0x78
10002636:	991f      	ldr	r1, [sp, #124]	@ 0x7c
10002638:	f7ff fb95 	bl	10001d66 <__wrap___aeabi_dsub>
1000263c:	2200      	movs	r2, #0
1000263e:	4b18      	ldr	r3, [pc, #96]	@ (100026a0 <_ftoa+0x35c>)
10002640:	9006      	str	r0, [sp, #24]
10002642:	9107      	str	r1, [sp, #28]
10002644:	f7ff fbf2 	bl	10001e2c <__wrap___aeabi_dcmplt>
10002648:	ae0c      	add	r6, sp, #48	@ 0x30
1000264a:	2800      	cmp	r0, #0
1000264c:	d000      	beq.n	10002650 <_ftoa+0x30c>
1000264e:	e731      	b.n	100024b4 <_ftoa+0x170>
10002650:	9806      	ldr	r0, [sp, #24]
10002652:	9907      	ldr	r1, [sp, #28]
10002654:	2200      	movs	r2, #0
10002656:	4b12      	ldr	r3, [pc, #72]	@ (100026a0 <_ftoa+0x35c>)
10002658:	f7ff fbfe 	bl	10001e58 <__wrap___aeabi_dcmpgt>
1000265c:	2800      	cmp	r0, #0
1000265e:	d000      	beq.n	10002662 <_ftoa+0x31e>
10002660:	e728      	b.n	100024b4 <_ftoa+0x170>
10002662:	2301      	movs	r3, #1
10002664:	3501      	adds	r5, #1
10002666:	439d      	bics	r5, r3
10002668:	e724      	b.n	100024b4 <_ftoa+0x170>
1000266a:	2200      	movs	r2, #0
1000266c:	9806      	ldr	r0, [sp, #24]
1000266e:	9907      	ldr	r1, [sp, #28]
10002670:	4b0b      	ldr	r3, [pc, #44]	@ (100026a0 <_ftoa+0x35c>)
10002672:	f7ff fbdb 	bl	10001e2c <__wrap___aeabi_dcmplt>
10002676:	2800      	cmp	r0, #0
10002678:	d000      	beq.n	1000267c <_ftoa+0x338>
1000267a:	e6f9      	b.n	10002470 <_ftoa+0x12c>
1000267c:	464b      	mov	r3, r9
1000267e:	2b00      	cmp	r3, #0
10002680:	d15c      	bne.n	1000273c <_ftoa+0x3f8>
10002682:	2301      	movs	r3, #1
10002684:	469c      	mov	ip, r3
10002686:	44e1      	add	r9, ip
10002688:	e6f2      	b.n	10002470 <_ftoa+0x12c>
1000268a:	46c0      	nop			@ (mov r8, r8)
1000268c:	ffefffff 	.word	0xffefffff
10002690:	7fefffff 	.word	0x7fefffff
10002694:	41cdcd65 	.word	0x41cdcd65
10002698:	c1cdcd65 	.word	0xc1cdcd65
1000269c:	10009e10 	.word	0x10009e10
100026a0:	3fe00000 	.word	0x3fe00000
100026a4:	10009b54 	.word	0x10009b54
100026a8:	10009b4c 	.word	0x10009b4c
100026ac:	10009b5c 	.word	0x10009b5c
100026b0:	9b06      	ldr	r3, [sp, #24]
100026b2:	465e      	mov	r6, fp
100026b4:	469b      	mov	fp, r3
100026b6:	2303      	movs	r3, #3
100026b8:	9a22      	ldr	r2, [sp, #136]	@ 0x88
100026ba:	4013      	ands	r3, r2
100026bc:	2b01      	cmp	r3, #1
100026be:	d100      	bne.n	100026c2 <_ftoa+0x37e>
100026c0:	e081      	b.n	100027c6 <_ftoa+0x482>
100026c2:	2c20      	cmp	r4, #32
100026c4:	d100      	bne.n	100026c8 <_ftoa+0x384>
100026c6:	e731      	b.n	1000252c <_ftoa+0x1e8>
100026c8:	9b0b      	ldr	r3, [sp, #44]	@ 0x2c
100026ca:	2b00      	cmp	r3, #0
100026cc:	d027      	beq.n	1000271e <_ftoa+0x3da>
100026ce:	232d      	movs	r3, #45	@ 0x2d
100026d0:	5533      	strb	r3, [r6, r4]
100026d2:	3401      	adds	r4, #1
100026d4:	e72a      	b.n	1000252c <_ftoa+0x1e8>
100026d6:	464f      	mov	r7, r9
100026d8:	9d06      	ldr	r5, [sp, #24]
100026da:	2c20      	cmp	r4, #32
100026dc:	d100      	bne.n	100026e0 <_ftoa+0x39c>
100026de:	e6e7      	b.n	100024b0 <_ftoa+0x16c>
100026e0:	2230      	movs	r2, #48	@ 0x30
100026e2:	1933      	adds	r3, r6, r4
100026e4:	e007      	b.n	100026f6 <_ftoa+0x3b2>
100026e6:	2017      	movs	r0, #23
100026e8:	a906      	add	r1, sp, #24
100026ea:	3401      	adds	r4, #1
100026ec:	1809      	adds	r1, r1, r0
100026ee:	550a      	strb	r2, [r1, r4]
100026f0:	2c20      	cmp	r4, #32
100026f2:	d100      	bne.n	100026f6 <_ftoa+0x3b2>
100026f4:	e6dc      	b.n	100024b0 <_ftoa+0x16c>
100026f6:	42a3      	cmp	r3, r4
100026f8:	d1f5      	bne.n	100026e6 <_ftoa+0x3a2>
100026fa:	222e      	movs	r2, #46	@ 0x2e
100026fc:	ae0c      	add	r6, sp, #48	@ 0x30
100026fe:	3401      	adds	r4, #1
10002700:	54f2      	strb	r2, [r6, r3]
10002702:	e6d7      	b.n	100024b4 <_ftoa+0x170>
10002704:	230c      	movs	r3, #12
10002706:	9a22      	ldr	r2, [sp, #136]	@ 0x88
10002708:	4213      	tst	r3, r2
1000270a:	d057      	beq.n	100027bc <_ftoa+0x478>
1000270c:	9b21      	ldr	r3, [sp, #132]	@ 0x84
1000270e:	3b01      	subs	r3, #1
10002710:	9321      	str	r3, [sp, #132]	@ 0x84
10002712:	42a3      	cmp	r3, r4
10002714:	d900      	bls.n	10002718 <_ftoa+0x3d4>
10002716:	e6fc      	b.n	10002512 <_ftoa+0x1ce>
10002718:	2c20      	cmp	r4, #32
1000271a:	d100      	bne.n	1000271e <_ftoa+0x3da>
1000271c:	e706      	b.n	1000252c <_ftoa+0x1e8>
1000271e:	9b22      	ldr	r3, [sp, #136]	@ 0x88
10002720:	075b      	lsls	r3, r3, #29
10002722:	d503      	bpl.n	1000272c <_ftoa+0x3e8>
10002724:	232b      	movs	r3, #43	@ 0x2b
10002726:	5533      	strb	r3, [r6, r4]
10002728:	3401      	adds	r4, #1
1000272a:	e6ff      	b.n	1000252c <_ftoa+0x1e8>
1000272c:	9b22      	ldr	r3, [sp, #136]	@ 0x88
1000272e:	071b      	lsls	r3, r3, #28
10002730:	d400      	bmi.n	10002734 <_ftoa+0x3f0>
10002732:	e6fb      	b.n	1000252c <_ftoa+0x1e8>
10002734:	2320      	movs	r3, #32
10002736:	5533      	strb	r3, [r6, r4]
10002738:	3401      	adds	r4, #1
1000273a:	e6f7      	b.n	1000252c <_ftoa+0x1e8>
1000273c:	07db      	lsls	r3, r3, #31
1000273e:	d400      	bmi.n	10002742 <_ftoa+0x3fe>
10002740:	e696      	b.n	10002470 <_ftoa+0x12c>
10002742:	e79e      	b.n	10002682 <_ftoa+0x33e>
10002744:	9b22      	ldr	r3, [sp, #136]	@ 0x88
10002746:	4655      	mov	r5, sl
10002748:	079b      	lsls	r3, r3, #30
1000274a:	d111      	bne.n	10002770 <_ftoa+0x42c>
1000274c:	9b21      	ldr	r3, [sp, #132]	@ 0x84
1000274e:	2b03      	cmp	r3, #3
10002750:	d90e      	bls.n	10002770 <_ftoa+0x42c>
10002752:	9b21      	ldr	r3, [sp, #132]	@ 0x84
10002754:	4654      	mov	r4, sl
10002756:	469c      	mov	ip, r3
10002758:	465e      	mov	r6, fp
1000275a:	3d03      	subs	r5, #3
1000275c:	4465      	add	r5, ip
1000275e:	0022      	movs	r2, r4
10002760:	4643      	mov	r3, r8
10002762:	3401      	adds	r4, #1
10002764:	0039      	movs	r1, r7
10002766:	2020      	movs	r0, #32
10002768:	47b0      	blx	r6
1000276a:	42ac      	cmp	r4, r5
1000276c:	d1f7      	bne.n	1000275e <_ftoa+0x41a>
1000276e:	46b3      	mov	fp, r6
10002770:	46b9      	mov	r9, r7
10002772:	465f      	mov	r7, fp
10002774:	4e1c      	ldr	r6, [pc, #112]	@ (100027e8 <_ftoa+0x4a4>)
10002776:	1cec      	adds	r4, r5, #3
10002778:	002a      	movs	r2, r5
1000277a:	78b0      	ldrb	r0, [r6, #2]
1000277c:	4643      	mov	r3, r8
1000277e:	4649      	mov	r1, r9
10002780:	3501      	adds	r5, #1
10002782:	47b8      	blx	r7
10002784:	3e01      	subs	r6, #1
10002786:	42a5      	cmp	r5, r4
10002788:	d1f6      	bne.n	10002778 <_ftoa+0x434>
1000278a:	9b22      	ldr	r3, [sp, #136]	@ 0x88
1000278c:	46bb      	mov	fp, r7
1000278e:	464f      	mov	r7, r9
10002790:	079b      	lsls	r3, r3, #30
10002792:	d400      	bmi.n	10002796 <_ftoa+0x452>
10002794:	e6e1      	b.n	1000255a <_ftoa+0x216>
10002796:	4653      	mov	r3, sl
10002798:	9a21      	ldr	r2, [sp, #132]	@ 0x84
1000279a:	1ae3      	subs	r3, r4, r3
1000279c:	429a      	cmp	r2, r3
1000279e:	d800      	bhi.n	100027a2 <_ftoa+0x45e>
100027a0:	e6db      	b.n	1000255a <_ftoa+0x216>
100027a2:	465e      	mov	r6, fp
100027a4:	0015      	movs	r5, r2
100027a6:	0022      	movs	r2, r4
100027a8:	4643      	mov	r3, r8
100027aa:	0039      	movs	r1, r7
100027ac:	2020      	movs	r0, #32
100027ae:	47b0      	blx	r6
100027b0:	4653      	mov	r3, sl
100027b2:	3401      	adds	r4, #1
100027b4:	1ae3      	subs	r3, r4, r3
100027b6:	429d      	cmp	r5, r3
100027b8:	d8f5      	bhi.n	100027a6 <_ftoa+0x462>
100027ba:	e6ce      	b.n	1000255a <_ftoa+0x216>
100027bc:	9b21      	ldr	r3, [sp, #132]	@ 0x84
100027be:	42a3      	cmp	r3, r4
100027c0:	d900      	bls.n	100027c4 <_ftoa+0x480>
100027c2:	e6a6      	b.n	10002512 <_ftoa+0x1ce>
100027c4:	e6b2      	b.n	1000252c <_ftoa+0x1e8>
100027c6:	9b21      	ldr	r3, [sp, #132]	@ 0x84
100027c8:	2b00      	cmp	r3, #0
100027ca:	d100      	bne.n	100027ce <_ftoa+0x48a>
100027cc:	e779      	b.n	100026c2 <_ftoa+0x37e>
100027ce:	9b0b      	ldr	r3, [sp, #44]	@ 0x2c
100027d0:	2b00      	cmp	r3, #0
100027d2:	d097      	beq.n	10002704 <_ftoa+0x3c0>
100027d4:	9b21      	ldr	r3, [sp, #132]	@ 0x84
100027d6:	3b01      	subs	r3, #1
100027d8:	9321      	str	r3, [sp, #132]	@ 0x84
100027da:	429c      	cmp	r4, r3
100027dc:	d200      	bcs.n	100027e0 <_ftoa+0x49c>
100027de:	e698      	b.n	10002512 <_ftoa+0x1ce>
100027e0:	2c20      	cmp	r4, #32
100027e2:	d000      	beq.n	100027e6 <_ftoa+0x4a2>
100027e4:	e773      	b.n	100026ce <_ftoa+0x38a>
100027e6:	e6a1      	b.n	1000252c <_ftoa+0x1e8>
100027e8:	10009b58 	.word	0x10009b58

100027ec <_etoa>:
100027ec:	b5f0      	push	{r4, r5, r6, r7, lr}
100027ee:	46de      	mov	lr, fp
100027f0:	4657      	mov	r7, sl
100027f2:	464e      	mov	r6, r9
100027f4:	4645      	mov	r5, r8
100027f6:	b5e0      	push	{r5, r6, r7, lr}
100027f8:	b099      	sub	sp, #100	@ 0x64
100027fa:	4681      	mov	r9, r0
100027fc:	468b      	mov	fp, r1
100027fe:	4692      	mov	sl, r2
10002800:	4698      	mov	r8, r3
10002802:	9a22      	ldr	r2, [sp, #136]	@ 0x88
10002804:	9b23      	ldr	r3, [sp, #140]	@ 0x8c
10002806:	0010      	movs	r0, r2
10002808:	0019      	movs	r1, r3
1000280a:	f7ff fb2a 	bl	10001e62 <__wrap___aeabi_dcmpun>
1000280e:	2800      	cmp	r0, #0
10002810:	d000      	beq.n	10002814 <_etoa+0x28>
10002812:	e0ca      	b.n	100029aa <_etoa+0x1be>
10002814:	9822      	ldr	r0, [sp, #136]	@ 0x88
10002816:	9923      	ldr	r1, [sp, #140]	@ 0x8c
10002818:	2201      	movs	r2, #1
1000281a:	4b82      	ldr	r3, [pc, #520]	@ (10002a24 <_etoa+0x238>)
1000281c:	4252      	negs	r2, r2
1000281e:	f7ff fb1b 	bl	10001e58 <__wrap___aeabi_dcmpgt>
10002822:	2800      	cmp	r0, #0
10002824:	d000      	beq.n	10002828 <_etoa+0x3c>
10002826:	e0c0      	b.n	100029aa <_etoa+0x1be>
10002828:	9822      	ldr	r0, [sp, #136]	@ 0x88
1000282a:	9923      	ldr	r1, [sp, #140]	@ 0x8c
1000282c:	2201      	movs	r2, #1
1000282e:	4b7e      	ldr	r3, [pc, #504]	@ (10002a28 <_etoa+0x23c>)
10002830:	4252      	negs	r2, r2
10002832:	f7ff fafb 	bl	10001e2c <__wrap___aeabi_dcmplt>
10002836:	2800      	cmp	r0, #0
10002838:	d000      	beq.n	1000283c <_etoa+0x50>
1000283a:	e0b6      	b.n	100029aa <_etoa+0x1be>
1000283c:	9822      	ldr	r0, [sp, #136]	@ 0x88
1000283e:	9923      	ldr	r1, [sp, #140]	@ 0x8c
10002840:	2200      	movs	r2, #0
10002842:	2300      	movs	r3, #0
10002844:	f7ff faf2 	bl	10001e2c <__wrap___aeabi_dcmplt>
10002848:	2800      	cmp	r0, #0
1000284a:	d000      	beq.n	1000284e <_etoa+0x62>
1000284c:	e1c9      	b.n	10002be2 <_etoa+0x3f6>
1000284e:	9b22      	ldr	r3, [sp, #136]	@ 0x88
10002850:	9c23      	ldr	r4, [sp, #140]	@ 0x8c
10002852:	9308      	str	r3, [sp, #32]
10002854:	9409      	str	r4, [sp, #36]	@ 0x24
10002856:	9808      	ldr	r0, [sp, #32]
10002858:	9909      	ldr	r1, [sp, #36]	@ 0x24
1000285a:	2380      	movs	r3, #128	@ 0x80
1000285c:	9a26      	ldr	r2, [sp, #152]	@ 0x98
1000285e:	00db      	lsls	r3, r3, #3
10002860:	401a      	ands	r2, r3
10002862:	920d      	str	r2, [sp, #52]	@ 0x34
10002864:	2280      	movs	r2, #128	@ 0x80
10002866:	9c26      	ldr	r4, [sp, #152]	@ 0x98
10002868:	0112      	lsls	r2, r2, #4
1000286a:	4014      	ands	r4, r2
1000286c:	0022      	movs	r2, r4
1000286e:	940b      	str	r4, [sp, #44]	@ 0x2c
10002870:	9c26      	ldr	r4, [sp, #152]	@ 0x98
10002872:	0007      	movs	r7, r0
10002874:	000e      	movs	r6, r1
10002876:	421c      	tst	r4, r3
10002878:	d000      	beq.n	1000287c <_etoa+0x90>
1000287a:	e0ad      	b.n	100029d8 <_etoa+0x1ec>
1000287c:	000b      	movs	r3, r1
1000287e:	4303      	orrs	r3, r0
10002880:	d000      	beq.n	10002884 <_etoa+0x98>
10002882:	e0d5      	b.n	10002a30 <_etoa+0x244>
10002884:	2a00      	cmp	r2, #0
10002886:	d000      	beq.n	1000288a <_etoa+0x9e>
10002888:	e20a      	b.n	10002ca0 <_etoa+0x4b4>
1000288a:	0022      	movs	r2, r4
1000288c:	3306      	adds	r3, #6
1000288e:	9324      	str	r3, [sp, #144]	@ 0x90
10002890:	2302      	movs	r3, #2
10002892:	4013      	ands	r3, r2
10002894:	930c      	str	r3, [sp, #48]	@ 0x30
10002896:	2302      	movs	r3, #2
10002898:	4213      	tst	r3, r2
1000289a:	d000      	beq.n	1000289e <_etoa+0xb2>
1000289c:	e202      	b.n	10002ca4 <_etoa+0x4b8>
1000289e:	9b25      	ldr	r3, [sp, #148]	@ 0x94
100028a0:	2b04      	cmp	r3, #4
100028a2:	d200      	bcs.n	100028a6 <_etoa+0xba>
100028a4:	e20f      	b.n	10002cc6 <_etoa+0x4da>
100028a6:	3b04      	subs	r3, #4
100028a8:	930b      	str	r3, [sp, #44]	@ 0x2c
100028aa:	2300      	movs	r3, #0
100028ac:	2504      	movs	r5, #4
100028ae:	930a      	str	r3, [sp, #40]	@ 0x28
100028b0:	2200      	movs	r2, #0
100028b2:	9822      	ldr	r0, [sp, #136]	@ 0x88
100028b4:	9923      	ldr	r1, [sp, #140]	@ 0x8c
100028b6:	2300      	movs	r3, #0
100028b8:	f7ff fab8 	bl	10001e2c <__wrap___aeabi_dcmplt>
100028bc:	2800      	cmp	r0, #0
100028be:	d000      	beq.n	100028c2 <_etoa+0xd6>
100028c0:	e203      	b.n	10002cca <_etoa+0x4de>
100028c2:	4b5a      	ldr	r3, [pc, #360]	@ (10002a2c <_etoa+0x240>)
100028c4:	9a26      	ldr	r2, [sp, #152]	@ 0x98
100028c6:	4013      	ands	r3, r2
100028c8:	9304      	str	r3, [sp, #16]
100028ca:	9b0b      	ldr	r3, [sp, #44]	@ 0x2c
100028cc:	9303      	str	r3, [sp, #12]
100028ce:	9b24      	ldr	r3, [sp, #144]	@ 0x90
100028d0:	9302      	str	r3, [sp, #8]
100028d2:	9b08      	ldr	r3, [sp, #32]
100028d4:	9c09      	ldr	r4, [sp, #36]	@ 0x24
100028d6:	9300      	str	r3, [sp, #0]
100028d8:	9401      	str	r4, [sp, #4]
100028da:	4659      	mov	r1, fp
100028dc:	4643      	mov	r3, r8
100028de:	4652      	mov	r2, sl
100028e0:	4648      	mov	r0, r9
100028e2:	f7ff fd2f 	bl	10002344 <_ftoa>
100028e6:	0002      	movs	r2, r0
100028e8:	2020      	movs	r0, #32
100028ea:	9b26      	ldr	r3, [sp, #152]	@ 0x98
100028ec:	271f      	movs	r7, #31
100028ee:	4003      	ands	r3, r0
100028f0:	4259      	negs	r1, r3
100028f2:	414b      	adcs	r3, r1
100028f4:	425b      	negs	r3, r3
100028f6:	4018      	ands	r0, r3
100028f8:	1c53      	adds	r3, r2, #1
100028fa:	9308      	str	r3, [sp, #32]
100028fc:	4659      	mov	r1, fp
100028fe:	4643      	mov	r3, r8
10002900:	3045      	adds	r0, #69	@ 0x45
10002902:	47c8      	blx	r9
10002904:	9a0a      	ldr	r2, [sp, #40]	@ 0x28
10002906:	17d3      	asrs	r3, r2, #31
10002908:	18d4      	adds	r4, r2, r3
1000290a:	405c      	eors	r4, r3
1000290c:	0fd3      	lsrs	r3, r2, #31
1000290e:	930a      	str	r3, [sp, #40]	@ 0x28
10002910:	1e6b      	subs	r3, r5, #1
10002912:	930b      	str	r3, [sp, #44]	@ 0x2c
10002914:	ab08      	add	r3, sp, #32
10002916:	469c      	mov	ip, r3
10002918:	2500      	movs	r5, #0
1000291a:	4467      	add	r7, ip
1000291c:	e001      	b.n	10002922 <_etoa+0x136>
1000291e:	2d20      	cmp	r5, #32
10002920:	d00f      	beq.n	10002942 <_etoa+0x156>
10002922:	0020      	movs	r0, r4
10002924:	210a      	movs	r1, #10
10002926:	f7fe ffe3 	bl	100018f0 <__wrap___aeabi_uidiv>
1000292a:	3501      	adds	r5, #1
1000292c:	197e      	adds	r6, r7, r5
1000292e:	3130      	adds	r1, #48	@ 0x30
10002930:	7031      	strb	r1, [r6, #0]
10002932:	0020      	movs	r0, r4
10002934:	210a      	movs	r1, #10
10002936:	f7fe ffdb 	bl	100018f0 <__wrap___aeabi_uidiv>
1000293a:	0026      	movs	r6, r4
1000293c:	0004      	movs	r4, r0
1000293e:	2e09      	cmp	r6, #9
10002940:	d8ed      	bhi.n	1000291e <_etoa+0x132>
10002942:	2305      	movs	r3, #5
10002944:	9306      	str	r3, [sp, #24]
10002946:	9b0b      	ldr	r3, [sp, #44]	@ 0x2c
10002948:	4659      	mov	r1, fp
1000294a:	9305      	str	r3, [sp, #20]
1000294c:	2300      	movs	r3, #0
1000294e:	9304      	str	r3, [sp, #16]
10002950:	330a      	adds	r3, #10
10002952:	9303      	str	r3, [sp, #12]
10002954:	9b0a      	ldr	r3, [sp, #40]	@ 0x28
10002956:	4648      	mov	r0, r9
10002958:	9302      	str	r3, [sp, #8]
1000295a:	ab10      	add	r3, sp, #64	@ 0x40
1000295c:	9300      	str	r3, [sp, #0]
1000295e:	9a08      	ldr	r2, [sp, #32]
10002960:	4643      	mov	r3, r8
10002962:	9501      	str	r5, [sp, #4]
10002964:	f7ff fbf8 	bl	10002158 <_ntoa_format>
10002968:	9b0c      	ldr	r3, [sp, #48]	@ 0x30
1000296a:	2b00      	cmp	r3, #0
1000296c:	d02d      	beq.n	100029ca <_etoa+0x1de>
1000296e:	4653      	mov	r3, sl
10002970:	1ac4      	subs	r4, r0, r3
10002972:	9b25      	ldr	r3, [sp, #148]	@ 0x94
10002974:	42a3      	cmp	r3, r4
10002976:	d928      	bls.n	100029ca <_etoa+0x1de>
10002978:	464d      	mov	r5, r9
1000297a:	465f      	mov	r7, fp
1000297c:	4681      	mov	r9, r0
1000297e:	001e      	movs	r6, r3
10002980:	4653      	mov	r3, sl
10002982:	0039      	movs	r1, r7
10002984:	191a      	adds	r2, r3, r4
10002986:	2020      	movs	r0, #32
10002988:	4643      	mov	r3, r8
1000298a:	3401      	adds	r4, #1
1000298c:	47a8      	blx	r5
1000298e:	42a6      	cmp	r6, r4
10002990:	d8f6      	bhi.n	10002980 <_etoa+0x194>
10002992:	4653      	mov	r3, sl
10002994:	4648      	mov	r0, r9
10002996:	9925      	ldr	r1, [sp, #148]	@ 0x94
10002998:	1ac2      	subs	r2, r0, r3
1000299a:	3201      	adds	r2, #1
1000299c:	2300      	movs	r3, #0
1000299e:	4291      	cmp	r1, r2
100029a0:	d300      	bcc.n	100029a4 <_etoa+0x1b8>
100029a2:	e186      	b.n	10002cb2 <_etoa+0x4c6>
100029a4:	3001      	adds	r0, #1
100029a6:	1818      	adds	r0, r3, r0
100029a8:	e00f      	b.n	100029ca <_etoa+0x1de>
100029aa:	9b26      	ldr	r3, [sp, #152]	@ 0x98
100029ac:	9304      	str	r3, [sp, #16]
100029ae:	9b25      	ldr	r3, [sp, #148]	@ 0x94
100029b0:	9303      	str	r3, [sp, #12]
100029b2:	9b24      	ldr	r3, [sp, #144]	@ 0x90
100029b4:	9302      	str	r3, [sp, #8]
100029b6:	9b22      	ldr	r3, [sp, #136]	@ 0x88
100029b8:	9c23      	ldr	r4, [sp, #140]	@ 0x8c
100029ba:	9300      	str	r3, [sp, #0]
100029bc:	9401      	str	r4, [sp, #4]
100029be:	4643      	mov	r3, r8
100029c0:	4652      	mov	r2, sl
100029c2:	4659      	mov	r1, fp
100029c4:	4648      	mov	r0, r9
100029c6:	f7ff fcbd 	bl	10002344 <_ftoa>
100029ca:	b019      	add	sp, #100	@ 0x64
100029cc:	bcf0      	pop	{r4, r5, r6, r7}
100029ce:	46bb      	mov	fp, r7
100029d0:	46b2      	mov	sl, r6
100029d2:	46a9      	mov	r9, r5
100029d4:	46a0      	mov	r8, r4
100029d6:	bdf0      	pop	{r4, r5, r6, r7, pc}
100029d8:	4301      	orrs	r1, r0
100029da:	d12b      	bne.n	10002a34 <_etoa+0x248>
100029dc:	9b0b      	ldr	r3, [sp, #44]	@ 0x2c
100029de:	0022      	movs	r2, r4
100029e0:	2b00      	cmp	r3, #0
100029e2:	d100      	bne.n	100029e6 <_etoa+0x1fa>
100029e4:	e754      	b.n	10002890 <_etoa+0xa4>
100029e6:	2300      	movs	r3, #0
100029e8:	930a      	str	r3, [sp, #40]	@ 0x28
100029ea:	9b24      	ldr	r3, [sp, #144]	@ 0x90
100029ec:	9a0a      	ldr	r2, [sp, #40]	@ 0x28
100029ee:	2400      	movs	r4, #0
100029f0:	4293      	cmp	r3, r2
100029f2:	dd00      	ble.n	100029f6 <_etoa+0x20a>
100029f4:	e185      	b.n	10002d02 <_etoa+0x516>
100029f6:	9822      	ldr	r0, [sp, #136]	@ 0x88
100029f8:	9923      	ldr	r1, [sp, #140]	@ 0x8c
100029fa:	2200      	movs	r2, #0
100029fc:	2300      	movs	r3, #0
100029fe:	f7ff fa15 	bl	10001e2c <__wrap___aeabi_dcmplt>
10002a02:	2800      	cmp	r0, #0
10002a04:	d000      	beq.n	10002a08 <_etoa+0x21c>
10002a06:	e135      	b.n	10002c74 <_etoa+0x488>
10002a08:	9b26      	ldr	r3, [sp, #152]	@ 0x98
10002a0a:	4a08      	ldr	r2, [pc, #32]	@ (10002a2c <_etoa+0x240>)
10002a0c:	9402      	str	r4, [sp, #8]
10002a0e:	401a      	ands	r2, r3
10002a10:	2380      	movs	r3, #128	@ 0x80
10002a12:	00db      	lsls	r3, r3, #3
10002a14:	4313      	orrs	r3, r2
10002a16:	9304      	str	r3, [sp, #16]
10002a18:	9b25      	ldr	r3, [sp, #148]	@ 0x94
10002a1a:	9303      	str	r3, [sp, #12]
10002a1c:	9b08      	ldr	r3, [sp, #32]
10002a1e:	9c09      	ldr	r4, [sp, #36]	@ 0x24
10002a20:	e7cb      	b.n	100029ba <_etoa+0x1ce>
10002a22:	46c0      	nop			@ (mov r8, r8)
10002a24:	7fefffff 	.word	0x7fefffff
10002a28:	ffefffff 	.word	0xffefffff
10002a2c:	fffff7ff 	.word	0xfffff7ff
10002a30:	2306      	movs	r3, #6
10002a32:	9324      	str	r3, [sp, #144]	@ 0x90
10002a34:	4bb4      	ldr	r3, [pc, #720]	@ (10002d08 <_etoa+0x51c>)
10002a36:	0070      	lsls	r0, r6, #1
10002a38:	469c      	mov	ip, r3
10002a3a:	0d40      	lsrs	r0, r0, #21
10002a3c:	4460      	add	r0, ip
10002a3e:	f7ff fa21 	bl	10001e84 <__wrap___aeabi_i2d>
10002a42:	4ab2      	ldr	r2, [pc, #712]	@ (10002d0c <_etoa+0x520>)
10002a44:	4bb2      	ldr	r3, [pc, #712]	@ (10002d10 <_etoa+0x524>)
10002a46:	f7ff f9b2 	bl	10001dae <__wrap___aeabi_dmul>
10002a4a:	4ab2      	ldr	r2, [pc, #712]	@ (10002d14 <_etoa+0x528>)
10002a4c:	4bb2      	ldr	r3, [pc, #712]	@ (10002d18 <_etoa+0x52c>)
10002a4e:	f7ff f98f 	bl	10001d70 <__wrap___aeabi_dadd>
10002a52:	0336      	lsls	r6, r6, #12
10002a54:	4bb1      	ldr	r3, [pc, #708]	@ (10002d1c <_etoa+0x530>)
10002a56:	0b36      	lsrs	r6, r6, #12
10002a58:	4333      	orrs	r3, r6
10002a5a:	0004      	movs	r4, r0
10002a5c:	000d      	movs	r5, r1
10002a5e:	0038      	movs	r0, r7
10002a60:	0019      	movs	r1, r3
10002a62:	2200      	movs	r2, #0
10002a64:	4bae      	ldr	r3, [pc, #696]	@ (10002d20 <_etoa+0x534>)
10002a66:	f7ff f97e 	bl	10001d66 <__wrap___aeabi_dsub>
10002a6a:	4aae      	ldr	r2, [pc, #696]	@ (10002d24 <_etoa+0x538>)
10002a6c:	4bae      	ldr	r3, [pc, #696]	@ (10002d28 <_etoa+0x53c>)
10002a6e:	f7ff f99e 	bl	10001dae <__wrap___aeabi_dmul>
10002a72:	0002      	movs	r2, r0
10002a74:	000b      	movs	r3, r1
10002a76:	0020      	movs	r0, r4
10002a78:	0029      	movs	r1, r5
10002a7a:	f7ff f979 	bl	10001d70 <__wrap___aeabi_dadd>
10002a7e:	f7ff fa19 	bl	10001eb4 <__wrap___aeabi_d2iz>
10002a82:	900a      	str	r0, [sp, #40]	@ 0x28
10002a84:	f7ff f9fe 	bl	10001e84 <__wrap___aeabi_i2d>
10002a88:	4aa8      	ldr	r2, [pc, #672]	@ (10002d2c <_etoa+0x540>)
10002a8a:	4ba9      	ldr	r3, [pc, #676]	@ (10002d30 <_etoa+0x544>)
10002a8c:	0004      	movs	r4, r0
10002a8e:	000d      	movs	r5, r1
10002a90:	f7ff f98d 	bl	10001dae <__wrap___aeabi_dmul>
10002a94:	2200      	movs	r2, #0
10002a96:	4ba7      	ldr	r3, [pc, #668]	@ (10002d34 <_etoa+0x548>)
10002a98:	f7ff f96a 	bl	10001d70 <__wrap___aeabi_dadd>
10002a9c:	f7ff fa0a 	bl	10001eb4 <__wrap___aeabi_d2iz>
10002aa0:	4aa5      	ldr	r2, [pc, #660]	@ (10002d38 <_etoa+0x54c>)
10002aa2:	0006      	movs	r6, r0
10002aa4:	4ba5      	ldr	r3, [pc, #660]	@ (10002d3c <_etoa+0x550>)
10002aa6:	0020      	movs	r0, r4
10002aa8:	0029      	movs	r1, r5
10002aaa:	f7ff f980 	bl	10001dae <__wrap___aeabi_dmul>
10002aae:	0004      	movs	r4, r0
10002ab0:	0030      	movs	r0, r6
10002ab2:	000d      	movs	r5, r1
10002ab4:	960c      	str	r6, [sp, #48]	@ 0x30
10002ab6:	f7ff f9e5 	bl	10001e84 <__wrap___aeabi_i2d>
10002aba:	4aa1      	ldr	r2, [pc, #644]	@ (10002d40 <_etoa+0x554>)
10002abc:	4ba1      	ldr	r3, [pc, #644]	@ (10002d44 <_etoa+0x558>)
10002abe:	f7ff f976 	bl	10001dae <__wrap___aeabi_dmul>
10002ac2:	0002      	movs	r2, r0
10002ac4:	000b      	movs	r3, r1
10002ac6:	0020      	movs	r0, r4
10002ac8:	0029      	movs	r1, r5
10002aca:	f7ff f94c 	bl	10001d66 <__wrap___aeabi_dsub>
10002ace:	0002      	movs	r2, r0
10002ad0:	000b      	movs	r3, r1
10002ad2:	0006      	movs	r6, r0
10002ad4:	000f      	movs	r7, r1
10002ad6:	f7ff f96a 	bl	10001dae <__wrap___aeabi_dmul>
10002ada:	0032      	movs	r2, r6
10002adc:	0004      	movs	r4, r0
10002ade:	000d      	movs	r5, r1
10002ae0:	003b      	movs	r3, r7
10002ae2:	0030      	movs	r0, r6
10002ae4:	0039      	movs	r1, r7
10002ae6:	f7ff f943 	bl	10001d70 <__wrap___aeabi_dadd>
10002aea:	2200      	movs	r2, #0
10002aec:	900e      	str	r0, [sp, #56]	@ 0x38
10002aee:	910f      	str	r1, [sp, #60]	@ 0x3c
10002af0:	4b95      	ldr	r3, [pc, #596]	@ (10002d48 <_etoa+0x55c>)
10002af2:	0020      	movs	r0, r4
10002af4:	0029      	movs	r1, r5
10002af6:	f7ff f940 	bl	10001d7a <__wrap___aeabi_ddiv>
10002afa:	2200      	movs	r2, #0
10002afc:	4b93      	ldr	r3, [pc, #588]	@ (10002d4c <_etoa+0x560>)
10002afe:	f7ff f937 	bl	10001d70 <__wrap___aeabi_dadd>
10002b02:	0002      	movs	r2, r0
10002b04:	000b      	movs	r3, r1
10002b06:	0020      	movs	r0, r4
10002b08:	0029      	movs	r1, r5
10002b0a:	f7ff f936 	bl	10001d7a <__wrap___aeabi_ddiv>
10002b0e:	2200      	movs	r2, #0
10002b10:	4b8f      	ldr	r3, [pc, #572]	@ (10002d50 <_etoa+0x564>)
10002b12:	f7ff f92d 	bl	10001d70 <__wrap___aeabi_dadd>
10002b16:	0002      	movs	r2, r0
10002b18:	000b      	movs	r3, r1
10002b1a:	0020      	movs	r0, r4
10002b1c:	0029      	movs	r1, r5
10002b1e:	f7ff f92c 	bl	10001d7a <__wrap___aeabi_ddiv>
10002b22:	000d      	movs	r5, r1
10002b24:	2180      	movs	r1, #128	@ 0x80
10002b26:	0004      	movs	r4, r0
10002b28:	0032      	movs	r2, r6
10002b2a:	003b      	movs	r3, r7
10002b2c:	2000      	movs	r0, #0
10002b2e:	05c9      	lsls	r1, r1, #23
10002b30:	f7ff f919 	bl	10001d66 <__wrap___aeabi_dsub>
10002b34:	0002      	movs	r2, r0
10002b36:	000b      	movs	r3, r1
10002b38:	0020      	movs	r0, r4
10002b3a:	0029      	movs	r1, r5
10002b3c:	f7ff f918 	bl	10001d70 <__wrap___aeabi_dadd>
10002b40:	0002      	movs	r2, r0
10002b42:	000b      	movs	r3, r1
10002b44:	980e      	ldr	r0, [sp, #56]	@ 0x38
10002b46:	990f      	ldr	r1, [sp, #60]	@ 0x3c
10002b48:	f7ff f917 	bl	10001d7a <__wrap___aeabi_ddiv>
10002b4c:	2200      	movs	r2, #0
10002b4e:	4b73      	ldr	r3, [pc, #460]	@ (10002d1c <_etoa+0x530>)
10002b50:	f7ff f90e 	bl	10001d70 <__wrap___aeabi_dadd>
10002b54:	4b7f      	ldr	r3, [pc, #508]	@ (10002d54 <_etoa+0x568>)
10002b56:	9c0c      	ldr	r4, [sp, #48]	@ 0x30
10002b58:	469c      	mov	ip, r3
10002b5a:	4464      	add	r4, ip
10002b5c:	2200      	movs	r2, #0
10002b5e:	0523      	lsls	r3, r4, #20
10002b60:	f7ff f925 	bl	10001dae <__wrap___aeabi_dmul>
10002b64:	0006      	movs	r6, r0
10002b66:	000f      	movs	r7, r1
10002b68:	0002      	movs	r2, r0
10002b6a:	000b      	movs	r3, r1
10002b6c:	9808      	ldr	r0, [sp, #32]
10002b6e:	9909      	ldr	r1, [sp, #36]	@ 0x24
10002b70:	f7ff f95c 	bl	10001e2c <__wrap___aeabi_dcmplt>
10002b74:	2800      	cmp	r0, #0
10002b76:	d00a      	beq.n	10002b8e <_etoa+0x3a2>
10002b78:	9b0a      	ldr	r3, [sp, #40]	@ 0x28
10002b7a:	0030      	movs	r0, r6
10002b7c:	3b01      	subs	r3, #1
10002b7e:	0039      	movs	r1, r7
10002b80:	930a      	str	r3, [sp, #40]	@ 0x28
10002b82:	2200      	movs	r2, #0
10002b84:	4b71      	ldr	r3, [pc, #452]	@ (10002d4c <_etoa+0x560>)
10002b86:	f7ff f8f8 	bl	10001d7a <__wrap___aeabi_ddiv>
10002b8a:	0006      	movs	r6, r0
10002b8c:	000f      	movs	r7, r1
10002b8e:	9a0a      	ldr	r2, [sp, #40]	@ 0x28
10002b90:	0033      	movs	r3, r6
10002b92:	3263      	adds	r2, #99	@ 0x63
10002b94:	0039      	movs	r1, r7
10002b96:	2ac6      	cmp	r2, #198	@ 0xc6
10002b98:	d812      	bhi.n	10002bc0 <_etoa+0x3d4>
10002b9a:	2202      	movs	r2, #2
10002b9c:	9826      	ldr	r0, [sp, #152]	@ 0x98
10002b9e:	2504      	movs	r5, #4
10002ba0:	4010      	ands	r0, r2
10002ba2:	9a0b      	ldr	r2, [sp, #44]	@ 0x2c
10002ba4:	900c      	str	r0, [sp, #48]	@ 0x30
10002ba6:	2a00      	cmp	r2, #0
10002ba8:	d125      	bne.n	10002bf6 <_etoa+0x40a>
10002baa:	9b25      	ldr	r3, [sp, #148]	@ 0x94
10002bac:	2b04      	cmp	r3, #4
10002bae:	d905      	bls.n	10002bbc <_etoa+0x3d0>
10002bb0:	2800      	cmp	r0, #0
10002bb2:	d000      	beq.n	10002bb6 <_etoa+0x3ca>
10002bb4:	e0a1      	b.n	10002cfa <_etoa+0x50e>
10002bb6:	9b25      	ldr	r3, [sp, #148]	@ 0x94
10002bb8:	3b04      	subs	r3, #4
10002bba:	930b      	str	r3, [sp, #44]	@ 0x2c
10002bbc:	2504      	movs	r5, #4
10002bbe:	e041      	b.n	10002c44 <_etoa+0x458>
10002bc0:	2202      	movs	r2, #2
10002bc2:	9826      	ldr	r0, [sp, #152]	@ 0x98
10002bc4:	4010      	ands	r0, r2
10002bc6:	9a0b      	ldr	r2, [sp, #44]	@ 0x2c
10002bc8:	900c      	str	r0, [sp, #48]	@ 0x30
10002bca:	2a00      	cmp	r2, #0
10002bcc:	d112      	bne.n	10002bf4 <_etoa+0x408>
10002bce:	9b25      	ldr	r3, [sp, #148]	@ 0x94
10002bd0:	2b05      	cmp	r3, #5
10002bd2:	d976      	bls.n	10002cc2 <_etoa+0x4d6>
10002bd4:	2800      	cmp	r0, #0
10002bd6:	d172      	bne.n	10002cbe <_etoa+0x4d2>
10002bd8:	9b25      	ldr	r3, [sp, #148]	@ 0x94
10002bda:	2505      	movs	r5, #5
10002bdc:	3b05      	subs	r3, #5
10002bde:	930b      	str	r3, [sp, #44]	@ 0x2c
10002be0:	e034      	b.n	10002c4c <_etoa+0x460>
10002be2:	2280      	movs	r2, #128	@ 0x80
10002be4:	0612      	lsls	r2, r2, #24
10002be6:	4694      	mov	ip, r2
10002be8:	9b22      	ldr	r3, [sp, #136]	@ 0x88
10002bea:	9308      	str	r3, [sp, #32]
10002bec:	9b23      	ldr	r3, [sp, #140]	@ 0x8c
10002bee:	4463      	add	r3, ip
10002bf0:	9309      	str	r3, [sp, #36]	@ 0x24
10002bf2:	e630      	b.n	10002856 <_etoa+0x6a>
10002bf4:	2505      	movs	r5, #5
10002bf6:	430b      	orrs	r3, r1
10002bf8:	d100      	bne.n	10002bfc <_etoa+0x410>
10002bfa:	e6f6      	b.n	100029ea <_etoa+0x1fe>
10002bfc:	9808      	ldr	r0, [sp, #32]
10002bfe:	9909      	ldr	r1, [sp, #36]	@ 0x24
10002c00:	4a55      	ldr	r2, [pc, #340]	@ (10002d58 <_etoa+0x56c>)
10002c02:	4b56      	ldr	r3, [pc, #344]	@ (10002d5c <_etoa+0x570>)
10002c04:	f7ff f920 	bl	10001e48 <__wrap___aeabi_dcmpge>
10002c08:	2800      	cmp	r0, #0
10002c0a:	d008      	beq.n	10002c1e <_etoa+0x432>
10002c0c:	9808      	ldr	r0, [sp, #32]
10002c0e:	9909      	ldr	r1, [sp, #36]	@ 0x24
10002c10:	2200      	movs	r2, #0
10002c12:	4b53      	ldr	r3, [pc, #332]	@ (10002d60 <_etoa+0x574>)
10002c14:	f7ff f90a 	bl	10001e2c <__wrap___aeabi_dcmplt>
10002c18:	2800      	cmp	r0, #0
10002c1a:	d000      	beq.n	10002c1e <_etoa+0x432>
10002c1c:	e6e5      	b.n	100029ea <_etoa+0x1fe>
10002c1e:	9b24      	ldr	r3, [sp, #144]	@ 0x90
10002c20:	2b00      	cmp	r3, #0
10002c22:	d01c      	beq.n	10002c5e <_etoa+0x472>
10002c24:	9b0d      	ldr	r3, [sp, #52]	@ 0x34
10002c26:	2b00      	cmp	r3, #0
10002c28:	d019      	beq.n	10002c5e <_etoa+0x472>
10002c2a:	9b24      	ldr	r3, [sp, #144]	@ 0x90
10002c2c:	3b01      	subs	r3, #1
10002c2e:	9324      	str	r3, [sp, #144]	@ 0x90
10002c30:	9b25      	ldr	r3, [sp, #148]	@ 0x94
10002c32:	42ab      	cmp	r3, r5
10002c34:	d904      	bls.n	10002c40 <_etoa+0x454>
10002c36:	9b0c      	ldr	r3, [sp, #48]	@ 0x30
10002c38:	2b00      	cmp	r3, #0
10002c3a:	d05a      	beq.n	10002cf2 <_etoa+0x506>
10002c3c:	2302      	movs	r3, #2
10002c3e:	930c      	str	r3, [sp, #48]	@ 0x30
10002c40:	2300      	movs	r3, #0
10002c42:	930b      	str	r3, [sp, #44]	@ 0x2c
10002c44:	9b0a      	ldr	r3, [sp, #40]	@ 0x28
10002c46:	2b00      	cmp	r3, #0
10002c48:	d100      	bne.n	10002c4c <_etoa+0x460>
10002c4a:	e631      	b.n	100028b0 <_etoa+0xc4>
10002c4c:	9808      	ldr	r0, [sp, #32]
10002c4e:	9909      	ldr	r1, [sp, #36]	@ 0x24
10002c50:	0032      	movs	r2, r6
10002c52:	003b      	movs	r3, r7
10002c54:	f7ff f891 	bl	10001d7a <__wrap___aeabi_ddiv>
10002c58:	9008      	str	r0, [sp, #32]
10002c5a:	9109      	str	r1, [sp, #36]	@ 0x24
10002c5c:	e628      	b.n	100028b0 <_etoa+0xc4>
10002c5e:	9b25      	ldr	r3, [sp, #148]	@ 0x94
10002c60:	42ab      	cmp	r3, r5
10002c62:	d9ed      	bls.n	10002c40 <_etoa+0x454>
10002c64:	9b0c      	ldr	r3, [sp, #48]	@ 0x30
10002c66:	2b00      	cmp	r3, #0
10002c68:	d043      	beq.n	10002cf2 <_etoa+0x506>
10002c6a:	2300      	movs	r3, #0
10002c6c:	930b      	str	r3, [sp, #44]	@ 0x2c
10002c6e:	3302      	adds	r3, #2
10002c70:	930c      	str	r3, [sp, #48]	@ 0x30
10002c72:	e7e7      	b.n	10002c44 <_etoa+0x458>
10002c74:	2080      	movs	r0, #128	@ 0x80
10002c76:	9b26      	ldr	r3, [sp, #152]	@ 0x98
10002c78:	4a3a      	ldr	r2, [pc, #232]	@ (10002d64 <_etoa+0x578>)
10002c7a:	0600      	lsls	r0, r0, #24
10002c7c:	401a      	ands	r2, r3
10002c7e:	2380      	movs	r3, #128	@ 0x80
10002c80:	4684      	mov	ip, r0
10002c82:	9402      	str	r4, [sp, #8]
10002c84:	9c08      	ldr	r4, [sp, #32]
10002c86:	9d09      	ldr	r5, [sp, #36]	@ 0x24
10002c88:	0029      	movs	r1, r5
10002c8a:	00db      	lsls	r3, r3, #3
10002c8c:	4313      	orrs	r3, r2
10002c8e:	9304      	str	r3, [sp, #16]
10002c90:	9b25      	ldr	r3, [sp, #148]	@ 0x94
10002c92:	4461      	add	r1, ip
10002c94:	0022      	movs	r2, r4
10002c96:	9303      	str	r3, [sp, #12]
10002c98:	000b      	movs	r3, r1
10002c9a:	9200      	str	r2, [sp, #0]
10002c9c:	9301      	str	r3, [sp, #4]
10002c9e:	e68e      	b.n	100029be <_etoa+0x1d2>
10002ca0:	2405      	movs	r4, #5
10002ca2:	e6a8      	b.n	100029f6 <_etoa+0x20a>
10002ca4:	2300      	movs	r3, #0
10002ca6:	930b      	str	r3, [sp, #44]	@ 0x2c
10002ca8:	930a      	str	r3, [sp, #40]	@ 0x28
10002caa:	3302      	adds	r3, #2
10002cac:	2504      	movs	r5, #4
10002cae:	930c      	str	r3, [sp, #48]	@ 0x30
10002cb0:	e5fe      	b.n	100028b0 <_etoa+0xc4>
10002cb2:	4653      	mov	r3, sl
10002cb4:	468c      	mov	ip, r1
10002cb6:	3b01      	subs	r3, #1
10002cb8:	4463      	add	r3, ip
10002cba:	1a1b      	subs	r3, r3, r0
10002cbc:	e672      	b.n	100029a4 <_etoa+0x1b8>
10002cbe:	2302      	movs	r3, #2
10002cc0:	930c      	str	r3, [sp, #48]	@ 0x30
10002cc2:	2505      	movs	r5, #5
10002cc4:	e7c2      	b.n	10002c4c <_etoa+0x460>
10002cc6:	2304      	movs	r3, #4
10002cc8:	e5ed      	b.n	100028a6 <_etoa+0xba>
10002cca:	2080      	movs	r0, #128	@ 0x80
10002ccc:	9e08      	ldr	r6, [sp, #32]
10002cce:	9f09      	ldr	r7, [sp, #36]	@ 0x24
10002cd0:	0600      	lsls	r0, r0, #24
10002cd2:	0039      	movs	r1, r7
10002cd4:	4684      	mov	ip, r0
10002cd6:	9a26      	ldr	r2, [sp, #152]	@ 0x98
10002cd8:	4b22      	ldr	r3, [pc, #136]	@ (10002d64 <_etoa+0x578>)
10002cda:	4461      	add	r1, ip
10002cdc:	4013      	ands	r3, r2
10002cde:	9304      	str	r3, [sp, #16]
10002ce0:	9b0b      	ldr	r3, [sp, #44]	@ 0x2c
10002ce2:	0032      	movs	r2, r6
10002ce4:	9303      	str	r3, [sp, #12]
10002ce6:	9b24      	ldr	r3, [sp, #144]	@ 0x90
10002ce8:	9302      	str	r3, [sp, #8]
10002cea:	000b      	movs	r3, r1
10002cec:	9200      	str	r2, [sp, #0]
10002cee:	9301      	str	r3, [sp, #4]
10002cf0:	e5f3      	b.n	100028da <_etoa+0xee>
10002cf2:	9b25      	ldr	r3, [sp, #148]	@ 0x94
10002cf4:	1b5b      	subs	r3, r3, r5
10002cf6:	930b      	str	r3, [sp, #44]	@ 0x2c
10002cf8:	e7a4      	b.n	10002c44 <_etoa+0x458>
10002cfa:	2302      	movs	r3, #2
10002cfc:	2504      	movs	r5, #4
10002cfe:	930c      	str	r3, [sp, #48]	@ 0x30
10002d00:	e7a0      	b.n	10002c44 <_etoa+0x458>
10002d02:	1a9c      	subs	r4, r3, r2
10002d04:	3c01      	subs	r4, #1
10002d06:	e676      	b.n	100029f6 <_etoa+0x20a>
10002d08:	fffffc01 	.word	0xfffffc01
10002d0c:	509f79fb 	.word	0x509f79fb
10002d10:	3fd34413 	.word	0x3fd34413
10002d14:	8b60c8b3 	.word	0x8b60c8b3
10002d18:	3fc68a28 	.word	0x3fc68a28
10002d1c:	3ff00000 	.word	0x3ff00000
10002d20:	3ff80000 	.word	0x3ff80000
10002d24:	636f4361 	.word	0x636f4361
10002d28:	3fd287a7 	.word	0x3fd287a7
10002d2c:	0979a371 	.word	0x0979a371
10002d30:	400a934f 	.word	0x400a934f
10002d34:	3fe00000 	.word	0x3fe00000
10002d38:	bbb55516 	.word	0xbbb55516
10002d3c:	40026bb1 	.word	0x40026bb1
10002d40:	fefa39ef 	.word	0xfefa39ef
10002d44:	3fe62e42 	.word	0x3fe62e42
10002d48:	402c0000 	.word	0x402c0000
10002d4c:	40240000 	.word	0x40240000
10002d50:	40180000 	.word	0x40180000
10002d54:	000003ff 	.word	0x000003ff
10002d58:	eb1c432d 	.word	0xeb1c432d
10002d5c:	3f1a36e2 	.word	0x3f1a36e2
10002d60:	412e8480 	.word	0x412e8480
10002d64:	fffff7ff 	.word	0xfffff7ff

10002d68 <_vsnprintf>:
10002d68:	b5f0      	push	{r4, r5, r6, r7, lr}
10002d6a:	46de      	mov	lr, fp
10002d6c:	4657      	mov	r7, sl
10002d6e:	464e      	mov	r6, r9
10002d70:	4645      	mov	r5, r8
10002d72:	b5e0      	push	{r5, r6, r7, lr}
10002d74:	b0a5      	sub	sp, #148	@ 0x94
10002d76:	001e      	movs	r6, r3
10002d78:	9b2e      	ldr	r3, [sp, #184]	@ 0xb8
10002d7a:	4692      	mov	sl, r2
10002d7c:	930c      	str	r3, [sp, #48]	@ 0x30
10002d7e:	4acd      	ldr	r2, [pc, #820]	@ (100030b4 <_vsnprintf+0x34c>)
10002d80:	4bcd      	ldr	r3, [pc, #820]	@ (100030b8 <_vsnprintf+0x350>)
10002d82:	4680      	mov	r8, r0
10002d84:	468b      	mov	fp, r1
10002d86:	601a      	str	r2, [r3, #0]
10002d88:	2900      	cmp	r1, #0
10002d8a:	d100      	bne.n	10002d8e <_vsnprintf+0x26>
10002d8c:	e1ea      	b.n	10003164 <_vsnprintf+0x3fc>
10002d8e:	2300      	movs	r3, #0
10002d90:	7830      	ldrb	r0, [r6, #0]
10002d92:	4699      	mov	r9, r3
10002d94:	2800      	cmp	r0, #0
10002d96:	d100      	bne.n	10002d9a <_vsnprintf+0x32>
10002d98:	e1ec      	b.n	10003174 <_vsnprintf+0x40c>
10002d9a:	4bc8      	ldr	r3, [pc, #800]	@ (100030bc <_vsnprintf+0x354>)
10002d9c:	464c      	mov	r4, r9
10002d9e:	930b      	str	r3, [sp, #44]	@ 0x2c
10002da0:	4bc7      	ldr	r3, [pc, #796]	@ (100030c0 <_vsnprintf+0x358>)
10002da2:	4645      	mov	r5, r8
10002da4:	4657      	mov	r7, sl
10002da6:	930e      	str	r3, [sp, #56]	@ 0x38
10002da8:	e00a      	b.n	10002dc0 <_vsnprintf+0x58>
10002daa:	1c63      	adds	r3, r4, #1
10002dac:	4698      	mov	r8, r3
10002dae:	0022      	movs	r2, r4
10002db0:	003b      	movs	r3, r7
10002db2:	4659      	mov	r1, fp
10002db4:	47a8      	blx	r5
10002db6:	4644      	mov	r4, r8
10002db8:	7830      	ldrb	r0, [r6, #0]
10002dba:	2800      	cmp	r0, #0
10002dbc:	d100      	bne.n	10002dc0 <_vsnprintf+0x58>
10002dbe:	e087      	b.n	10002ed0 <_vsnprintf+0x168>
10002dc0:	3601      	adds	r6, #1
10002dc2:	2825      	cmp	r0, #37	@ 0x25
10002dc4:	d1f1      	bne.n	10002daa <_vsnprintf+0x42>
10002dc6:	2308      	movs	r3, #8
10002dc8:	469a      	mov	sl, r3
10002dca:	3b04      	subs	r3, #4
10002dcc:	4699      	mov	r9, r3
10002dce:	3b02      	subs	r3, #2
10002dd0:	4698      	mov	r8, r3
10002dd2:	3b01      	subs	r3, #1
10002dd4:	2200      	movs	r2, #0
10002dd6:	469c      	mov	ip, r3
10002dd8:	940d      	str	r4, [sp, #52]	@ 0x34
10002dda:	7830      	ldrb	r0, [r6, #0]
10002ddc:	1c71      	adds	r1, r6, #1
10002dde:	0003      	movs	r3, r0
10002de0:	3b20      	subs	r3, #32
10002de2:	b2db      	uxtb	r3, r3
10002de4:	2b10      	cmp	r3, #16
10002de6:	d803      	bhi.n	10002df0 <_vsnprintf+0x88>
10002de8:	9c0b      	ldr	r4, [sp, #44]	@ 0x2c
10002dea:	009b      	lsls	r3, r3, #2
10002dec:	58e3      	ldr	r3, [r4, r3]
10002dee:	469f      	mov	pc, r3
10002df0:	0003      	movs	r3, r0
10002df2:	3b30      	subs	r3, #48	@ 0x30
10002df4:	4689      	mov	r9, r1
10002df6:	9c0d      	ldr	r4, [sp, #52]	@ 0x34
10002df8:	2b09      	cmp	r3, #9
10002dfa:	d93a      	bls.n	10002e72 <_vsnprintf+0x10a>
10002dfc:	2300      	movs	r3, #0
10002dfe:	4698      	mov	r8, r3
10002e00:	282a      	cmp	r0, #42	@ 0x2a
10002e02:	d100      	bne.n	10002e06 <_vsnprintf+0x9e>
10002e04:	e0c1      	b.n	10002f8a <_vsnprintf+0x222>
10002e06:	2300      	movs	r3, #0
10002e08:	469a      	mov	sl, r3
10002e0a:	282e      	cmp	r0, #46	@ 0x2e
10002e0c:	d04b      	beq.n	10002ea6 <_vsnprintf+0x13e>
10002e0e:	0003      	movs	r3, r0
10002e10:	3b68      	subs	r3, #104	@ 0x68
10002e12:	b2db      	uxtb	r3, r3
10002e14:	2b12      	cmp	r3, #18
10002e16:	d81e      	bhi.n	10002e56 <_vsnprintf+0xee>
10002e18:	990e      	ldr	r1, [sp, #56]	@ 0x38
10002e1a:	009b      	lsls	r3, r3, #2
10002e1c:	58cb      	ldr	r3, [r1, r3]
10002e1e:	469f      	mov	pc, r3
10002e20:	4663      	mov	r3, ip
10002e22:	000e      	movs	r6, r1
10002e24:	431a      	orrs	r2, r3
10002e26:	e7d8      	b.n	10002dda <_vsnprintf+0x72>
10002e28:	4643      	mov	r3, r8
10002e2a:	000e      	movs	r6, r1
10002e2c:	431a      	orrs	r2, r3
10002e2e:	e7d4      	b.n	10002dda <_vsnprintf+0x72>
10002e30:	464b      	mov	r3, r9
10002e32:	000e      	movs	r6, r1
10002e34:	431a      	orrs	r2, r3
10002e36:	e7d0      	b.n	10002dda <_vsnprintf+0x72>
10002e38:	2310      	movs	r3, #16
10002e3a:	000e      	movs	r6, r1
10002e3c:	431a      	orrs	r2, r3
10002e3e:	e7cc      	b.n	10002dda <_vsnprintf+0x72>
10002e40:	4653      	mov	r3, sl
10002e42:	000e      	movs	r6, r1
10002e44:	431a      	orrs	r2, r3
10002e46:	e7c8      	b.n	10002dda <_vsnprintf+0x72>
10002e48:	2380      	movs	r3, #128	@ 0x80
10002e4a:	005b      	lsls	r3, r3, #1
10002e4c:	431a      	orrs	r2, r3
10002e4e:	3bff      	subs	r3, #255	@ 0xff
10002e50:	469c      	mov	ip, r3
10002e52:	7870      	ldrb	r0, [r6, #1]
10002e54:	44e1      	add	r9, ip
10002e56:	464e      	mov	r6, r9
10002e58:	2867      	cmp	r0, #103	@ 0x67
10002e5a:	d84f      	bhi.n	10002efc <_vsnprintf+0x194>
10002e5c:	2824      	cmp	r0, #36	@ 0x24
10002e5e:	d9a4      	bls.n	10002daa <_vsnprintf+0x42>
10002e60:	0003      	movs	r3, r0
10002e62:	3b25      	subs	r3, #37	@ 0x25
10002e64:	b2db      	uxtb	r3, r3
10002e66:	2b42      	cmp	r3, #66	@ 0x42
10002e68:	d89f      	bhi.n	10002daa <_vsnprintf+0x42>
10002e6a:	4996      	ldr	r1, [pc, #600]	@ (100030c4 <_vsnprintf+0x35c>)
10002e6c:	009b      	lsls	r3, r3, #2
10002e6e:	58cb      	ldr	r3, [r1, r3]
10002e70:	469f      	mov	pc, r3
10002e72:	2300      	movs	r3, #0
10002e74:	4694      	mov	ip, r2
10002e76:	001e      	movs	r6, r3
10002e78:	e000      	b.n	10002e7c <_vsnprintf+0x114>
10002e7a:	3101      	adds	r1, #1
10002e7c:	00b3      	lsls	r3, r6, #2
10002e7e:	199b      	adds	r3, r3, r6
10002e80:	005b      	lsls	r3, r3, #1
10002e82:	181e      	adds	r6, r3, r0
10002e84:	7808      	ldrb	r0, [r1, #0]
10002e86:	3e30      	subs	r6, #48	@ 0x30
10002e88:	0003      	movs	r3, r0
10002e8a:	3b30      	subs	r3, #48	@ 0x30
10002e8c:	2b09      	cmp	r3, #9
10002e8e:	d9f4      	bls.n	10002e7a <_vsnprintf+0x112>
10002e90:	2301      	movs	r3, #1
10002e92:	4662      	mov	r2, ip
10002e94:	4689      	mov	r9, r1
10002e96:	469c      	mov	ip, r3
10002e98:	2300      	movs	r3, #0
10002e9a:	46b0      	mov	r8, r6
10002e9c:	469a      	mov	sl, r3
10002e9e:	000e      	movs	r6, r1
10002ea0:	44e1      	add	r9, ip
10002ea2:	282e      	cmp	r0, #46	@ 0x2e
10002ea4:	d1b3      	bne.n	10002e0e <_vsnprintf+0xa6>
10002ea6:	2130      	movs	r1, #48	@ 0x30
10002ea8:	2080      	movs	r0, #128	@ 0x80
10002eaa:	4249      	negs	r1, r1
10002eac:	468c      	mov	ip, r1
10002eae:	00c0      	lsls	r0, r0, #3
10002eb0:	4302      	orrs	r2, r0
10002eb2:	7870      	ldrb	r0, [r6, #1]
10002eb4:	464b      	mov	r3, r9
10002eb6:	4484      	add	ip, r0
10002eb8:	4661      	mov	r1, ip
10002eba:	2909      	cmp	r1, #9
10002ebc:	d800      	bhi.n	10002ec0 <_vsnprintf+0x158>
10002ebe:	e16c      	b.n	1000319a <_vsnprintf+0x432>
10002ec0:	282a      	cmp	r0, #42	@ 0x2a
10002ec2:	d100      	bne.n	10002ec6 <_vsnprintf+0x15e>
10002ec4:	e17a      	b.n	100031bc <_vsnprintf+0x454>
10002ec6:	2301      	movs	r3, #1
10002ec8:	469c      	mov	ip, r3
10002eca:	464e      	mov	r6, r9
10002ecc:	44e1      	add	r9, ip
10002ece:	e79e      	b.n	10002e0e <_vsnprintf+0xa6>
10002ed0:	46a1      	mov	r9, r4
10002ed2:	46a8      	mov	r8, r5
10002ed4:	46ba      	mov	sl, r7
10002ed6:	45ca      	cmp	sl, r9
10002ed8:	d803      	bhi.n	10002ee2 <_vsnprintf+0x17a>
10002eda:	2301      	movs	r3, #1
10002edc:	425b      	negs	r3, r3
10002ede:	4453      	add	r3, sl
10002ee0:	4699      	mov	r9, r3
10002ee2:	4653      	mov	r3, sl
10002ee4:	464a      	mov	r2, r9
10002ee6:	4659      	mov	r1, fp
10002ee8:	2000      	movs	r0, #0
10002eea:	47c0      	blx	r8
10002eec:	0020      	movs	r0, r4
10002eee:	b025      	add	sp, #148	@ 0x94
10002ef0:	bcf0      	pop	{r4, r5, r6, r7}
10002ef2:	46bb      	mov	fp, r7
10002ef4:	46b2      	mov	sl, r6
10002ef6:	46a9      	mov	r9, r5
10002ef8:	46a0      	mov	r8, r4
10002efa:	bdf0      	pop	{r4, r5, r6, r7, pc}
10002efc:	0003      	movs	r3, r0
10002efe:	3b69      	subs	r3, #105	@ 0x69
10002f00:	b2db      	uxtb	r3, r3
10002f02:	930d      	str	r3, [sp, #52]	@ 0x34
10002f04:	2b0f      	cmp	r3, #15
10002f06:	d900      	bls.n	10002f0a <_vsnprintf+0x1a2>
10002f08:	e74f      	b.n	10002daa <_vsnprintf+0x42>
10002f0a:	2101      	movs	r1, #1
10002f0c:	4099      	lsls	r1, r3
10002f0e:	468c      	mov	ip, r1
10002f10:	496d      	ldr	r1, [pc, #436]	@ (100030c8 <_vsnprintf+0x360>)
10002f12:	4689      	mov	r9, r1
10002f14:	4661      	mov	r1, ip
10002f16:	464b      	mov	r3, r9
10002f18:	4019      	ands	r1, r3
10002f1a:	910f      	str	r1, [sp, #60]	@ 0x3c
10002f1c:	4663      	mov	r3, ip
10002f1e:	4649      	mov	r1, r9
10002f20:	420b      	tst	r3, r1
10002f22:	d000      	beq.n	10002f26 <_vsnprintf+0x1be>
10002f24:	e128      	b.n	10003178 <_vsnprintf+0x410>
10002f26:	9b0d      	ldr	r3, [sp, #52]	@ 0x34
10002f28:	2b0a      	cmp	r3, #10
10002f2a:	d03a      	beq.n	10002fa2 <_vsnprintf+0x23a>
10002f2c:	2b07      	cmp	r3, #7
10002f2e:	d000      	beq.n	10002f32 <_vsnprintf+0x1ca>
10002f30:	e73b      	b.n	10002daa <_vsnprintf+0x42>
10002f32:	9b0c      	ldr	r3, [sp, #48]	@ 0x30
10002f34:	0019      	movs	r1, r3
10002f36:	c908      	ldmia	r1!, {r3}
10002f38:	4688      	mov	r8, r1
10002f3a:	2b00      	cmp	r3, #0
10002f3c:	d100      	bne.n	10002f40 <_vsnprintf+0x1d8>
10002f3e:	e14b      	b.n	100031d8 <_vsnprintf+0x470>
10002f40:	2021      	movs	r0, #33	@ 0x21
10002f42:	4302      	orrs	r2, r0
10002f44:	4691      	mov	r9, r2
10002f46:	a914      	add	r1, sp, #80	@ 0x50
10002f48:	468c      	mov	ip, r1
10002f4a:	221f      	movs	r2, #31
10002f4c:	210f      	movs	r1, #15
10002f4e:	4462      	add	r2, ip
10002f50:	468c      	mov	ip, r1
10002f52:	4651      	mov	r1, sl
10002f54:	950d      	str	r5, [sp, #52]	@ 0x34
10002f56:	910c      	str	r1, [sp, #48]	@ 0x30
10002f58:	46a2      	mov	sl, r4
10002f5a:	0015      	movs	r5, r2
10002f5c:	990f      	ldr	r1, [sp, #60]	@ 0x3c
10002f5e:	e002      	b.n	10002f66 <_vsnprintf+0x1fe>
10002f60:	2920      	cmp	r1, #32
10002f62:	d00c      	beq.n	10002f7e <_vsnprintf+0x216>
10002f64:	0013      	movs	r3, r2
10002f66:	4664      	mov	r4, ip
10002f68:	401c      	ands	r4, r3
10002f6a:	0020      	movs	r0, r4
10002f6c:	3037      	adds	r0, #55	@ 0x37
10002f6e:	2c09      	cmp	r4, #9
10002f70:	d800      	bhi.n	10002f74 <_vsnprintf+0x20c>
10002f72:	3807      	subs	r0, #7
10002f74:	3101      	adds	r1, #1
10002f76:	5468      	strb	r0, [r5, r1]
10002f78:	091a      	lsrs	r2, r3, #4
10002f7a:	2b0f      	cmp	r3, #15
10002f7c:	d8f0      	bhi.n	10002f60 <_vsnprintf+0x1f8>
10002f7e:	9b0c      	ldr	r3, [sp, #48]	@ 0x30
10002f80:	4654      	mov	r4, sl
10002f82:	9d0d      	ldr	r5, [sp, #52]	@ 0x34
10002f84:	469a      	mov	sl, r3
10002f86:	910f      	str	r1, [sp, #60]	@ 0x3c
10002f88:	e133      	b.n	100031f2 <_vsnprintf+0x48a>
10002f8a:	9b0c      	ldr	r3, [sp, #48]	@ 0x30
10002f8c:	cb02      	ldmia	r3!, {r1}
10002f8e:	4688      	mov	r8, r1
10002f90:	2900      	cmp	r1, #0
10002f92:	db47      	blt.n	10003024 <_vsnprintf+0x2bc>
10002f94:	930c      	str	r3, [sp, #48]	@ 0x30
10002f96:	2301      	movs	r3, #1
10002f98:	469c      	mov	ip, r3
10002f9a:	7870      	ldrb	r0, [r6, #1]
10002f9c:	464e      	mov	r6, r9
10002f9e:	44e1      	add	r9, ip
10002fa0:	e731      	b.n	10002e06 <_vsnprintf+0x9e>
10002fa2:	9b0c      	ldr	r3, [sp, #48]	@ 0x30
10002fa4:	cb02      	ldmia	r3!, {r1}
10002fa6:	9314      	str	r3, [sp, #80]	@ 0x50
10002fa8:	4653      	mov	r3, sl
10002faa:	2b00      	cmp	r3, #0
10002fac:	d100      	bne.n	10002fb0 <_vsnprintf+0x248>
10002fae:	e138      	b.n	10003222 <_vsnprintf+0x4ba>
10002fb0:	469c      	mov	ip, r3
10002fb2:	7808      	ldrb	r0, [r1, #0]
10002fb4:	000b      	movs	r3, r1
10002fb6:	900c      	str	r0, [sp, #48]	@ 0x30
10002fb8:	448c      	add	ip, r1
10002fba:	2800      	cmp	r0, #0
10002fbc:	d101      	bne.n	10002fc2 <_vsnprintf+0x25a>
10002fbe:	f000 fc98 	bl	100038f2 <_vsnprintf+0xb8a>
10002fc2:	4689      	mov	r9, r1
10002fc4:	4661      	mov	r1, ip
10002fc6:	4694      	mov	ip, r2
10002fc8:	e003      	b.n	10002fd2 <_vsnprintf+0x26a>
10002fca:	785a      	ldrb	r2, [r3, #1]
10002fcc:	3301      	adds	r3, #1
10002fce:	2a00      	cmp	r2, #0
10002fd0:	d001      	beq.n	10002fd6 <_vsnprintf+0x26e>
10002fd2:	428b      	cmp	r3, r1
10002fd4:	d1f9      	bne.n	10002fca <_vsnprintf+0x262>
10002fd6:	4649      	mov	r1, r9
10002fd8:	4662      	mov	r2, ip
10002fda:	1a5b      	subs	r3, r3, r1
10002fdc:	900c      	str	r0, [sp, #48]	@ 0x30
10002fde:	930f      	str	r3, [sp, #60]	@ 0x3c
10002fe0:	0553      	lsls	r3, r2, #21
10002fe2:	d500      	bpl.n	10002fe6 <_vsnprintf+0x27e>
10002fe4:	e120      	b.n	10003228 <_vsnprintf+0x4c0>
10002fe6:	2302      	movs	r3, #2
10002fe8:	0018      	movs	r0, r3
10002fea:	4010      	ands	r0, r2
10002fec:	900d      	str	r0, [sp, #52]	@ 0x34
10002fee:	4213      	tst	r3, r2
10002ff0:	d100      	bne.n	10002ff4 <_vsnprintf+0x28c>
10002ff2:	e3cb      	b.n	1000378c <_vsnprintf+0xa24>
10002ff4:	930d      	str	r3, [sp, #52]	@ 0x34
10002ff6:	1b0b      	subs	r3, r1, r4
10002ff8:	46b1      	mov	r9, r6
10002ffa:	469a      	mov	sl, r3
10002ffc:	465e      	mov	r6, fp
10002ffe:	980c      	ldr	r0, [sp, #48]	@ 0x30
10003000:	0022      	movs	r2, r4
10003002:	003b      	movs	r3, r7
10003004:	0031      	movs	r1, r6
10003006:	47a8      	blx	r5
10003008:	4653      	mov	r3, sl
1000300a:	3401      	adds	r4, #1
1000300c:	5d18      	ldrb	r0, [r3, r4]
1000300e:	2800      	cmp	r0, #0
10003010:	d1f6      	bne.n	10003000 <_vsnprintf+0x298>
10003012:	46b3      	mov	fp, r6
10003014:	464e      	mov	r6, r9
10003016:	9b0d      	ldr	r3, [sp, #52]	@ 0x34
10003018:	2b00      	cmp	r3, #0
1000301a:	d000      	beq.n	1000301e <_vsnprintf+0x2b6>
1000301c:	e1c7      	b.n	100033ae <_vsnprintf+0x646>
1000301e:	9b14      	ldr	r3, [sp, #80]	@ 0x50
10003020:	930c      	str	r3, [sp, #48]	@ 0x30
10003022:	e6c9      	b.n	10002db8 <_vsnprintf+0x50>
10003024:	930c      	str	r3, [sp, #48]	@ 0x30
10003026:	2301      	movs	r3, #1
10003028:	469c      	mov	ip, r3
1000302a:	3828      	subs	r0, #40	@ 0x28
1000302c:	4249      	negs	r1, r1
1000302e:	4302      	orrs	r2, r0
10003030:	4688      	mov	r8, r1
10003032:	7870      	ldrb	r0, [r6, #1]
10003034:	464e      	mov	r6, r9
10003036:	44e1      	add	r9, ip
10003038:	e6e5      	b.n	10002e06 <_vsnprintf+0x9e>
1000303a:	7870      	ldrb	r0, [r6, #1]
1000303c:	286c      	cmp	r0, #108	@ 0x6c
1000303e:	d100      	bne.n	10003042 <_vsnprintf+0x2da>
10003040:	e17f      	b.n	10003342 <_vsnprintf+0x5da>
10003042:	2380      	movs	r3, #128	@ 0x80
10003044:	005b      	lsls	r3, r3, #1
10003046:	431a      	orrs	r2, r3
10003048:	3bff      	subs	r3, #255	@ 0xff
1000304a:	469c      	mov	ip, r3
1000304c:	44e1      	add	r9, ip
1000304e:	e702      	b.n	10002e56 <_vsnprintf+0xee>
10003050:	2380      	movs	r3, #128	@ 0x80
10003052:	009b      	lsls	r3, r3, #2
10003054:	431a      	orrs	r2, r3
10003056:	2301      	movs	r3, #1
10003058:	469c      	mov	ip, r3
1000305a:	7870      	ldrb	r0, [r6, #1]
1000305c:	44e1      	add	r9, ip
1000305e:	e6fa      	b.n	10002e56 <_vsnprintf+0xee>
10003060:	7870      	ldrb	r0, [r6, #1]
10003062:	2868      	cmp	r0, #104	@ 0x68
10003064:	d100      	bne.n	10003068 <_vsnprintf+0x300>
10003066:	e173      	b.n	10003350 <_vsnprintf+0x5e8>
10003068:	2380      	movs	r3, #128	@ 0x80
1000306a:	431a      	orrs	r2, r3
1000306c:	3b7f      	subs	r3, #127	@ 0x7f
1000306e:	469c      	mov	ip, r3
10003070:	44e1      	add	r9, ip
10003072:	e6f0      	b.n	10002e56 <_vsnprintf+0xee>
10003074:	2867      	cmp	r0, #103	@ 0x67
10003076:	d100      	bne.n	1000307a <_vsnprintf+0x312>
10003078:	e103      	b.n	10003282 <_vsnprintf+0x51a>
1000307a:	2847      	cmp	r0, #71	@ 0x47
1000307c:	d100      	bne.n	10003080 <_vsnprintf+0x318>
1000307e:	e15a      	b.n	10003336 <_vsnprintf+0x5ce>
10003080:	2845      	cmp	r0, #69	@ 0x45
10003082:	d100      	bne.n	10003086 <_vsnprintf+0x31e>
10003084:	e15a      	b.n	1000333c <_vsnprintf+0x5d4>
10003086:	9204      	str	r2, [sp, #16]
10003088:	2107      	movs	r1, #7
1000308a:	4642      	mov	r2, r8
1000308c:	9b0c      	ldr	r3, [sp, #48]	@ 0x30
1000308e:	9203      	str	r2, [sp, #12]
10003090:	3307      	adds	r3, #7
10003092:	4652      	mov	r2, sl
10003094:	438b      	bics	r3, r1
10003096:	0019      	movs	r1, r3
10003098:	9202      	str	r2, [sp, #8]
1000309a:	c90c      	ldmia	r1!, {r2, r3}
1000309c:	0028      	movs	r0, r5
1000309e:	9200      	str	r2, [sp, #0]
100030a0:	9301      	str	r3, [sp, #4]
100030a2:	910c      	str	r1, [sp, #48]	@ 0x30
100030a4:	0022      	movs	r2, r4
100030a6:	003b      	movs	r3, r7
100030a8:	4659      	mov	r1, fp
100030aa:	f7ff fb9f 	bl	100027ec <_etoa>
100030ae:	0004      	movs	r4, r0
100030b0:	e682      	b.n	10002db8 <_vsnprintf+0x50>
100030b2:	46c0      	nop			@ (mov r8, r8)
100030b4:	10002d69 	.word	0x10002d69
100030b8:	20001f9c 	.word	0x20001f9c
100030bc:	10009c70 	.word	0x10009c70
100030c0:	10009cb4 	.word	0x10009cb4
100030c4:	10009d00 	.word	0x10009d00
100030c8:	00009041 	.word	0x00009041
100030cc:	2846      	cmp	r0, #70	@ 0x46
100030ce:	d100      	bne.n	100030d2 <_vsnprintf+0x36a>
100030d0:	e0db      	b.n	1000328a <_vsnprintf+0x522>
100030d2:	9204      	str	r2, [sp, #16]
100030d4:	2107      	movs	r1, #7
100030d6:	4642      	mov	r2, r8
100030d8:	9b0c      	ldr	r3, [sp, #48]	@ 0x30
100030da:	9203      	str	r2, [sp, #12]
100030dc:	3307      	adds	r3, #7
100030de:	4652      	mov	r2, sl
100030e0:	438b      	bics	r3, r1
100030e2:	0019      	movs	r1, r3
100030e4:	9202      	str	r2, [sp, #8]
100030e6:	c90c      	ldmia	r1!, {r2, r3}
100030e8:	0028      	movs	r0, r5
100030ea:	9200      	str	r2, [sp, #0]
100030ec:	9301      	str	r3, [sp, #4]
100030ee:	910c      	str	r1, [sp, #48]	@ 0x30
100030f0:	0022      	movs	r2, r4
100030f2:	003b      	movs	r3, r7
100030f4:	4659      	mov	r1, fp
100030f6:	f7ff f925 	bl	10002344 <_ftoa>
100030fa:	0004      	movs	r4, r0
100030fc:	e65c      	b.n	10002db8 <_vsnprintf+0x50>
100030fe:	1c63      	adds	r3, r4, #1
10003100:	4698      	mov	r8, r3
10003102:	0022      	movs	r2, r4
10003104:	003b      	movs	r3, r7
10003106:	4659      	mov	r1, fp
10003108:	2025      	movs	r0, #37	@ 0x25
1000310a:	47a8      	blx	r5
1000310c:	4644      	mov	r4, r8
1000310e:	e653      	b.n	10002db8 <_vsnprintf+0x50>
10003110:	9b0c      	ldr	r3, [sp, #48]	@ 0x30
10003112:	3304      	adds	r3, #4
10003114:	930d      	str	r3, [sp, #52]	@ 0x34
10003116:	1c63      	adds	r3, r4, #1
10003118:	4699      	mov	r9, r3
1000311a:	0792      	lsls	r2, r2, #30
1000311c:	d400      	bmi.n	10003120 <_vsnprintf+0x3b8>
1000311e:	e122      	b.n	10003366 <_vsnprintf+0x5fe>
10003120:	9b0c      	ldr	r3, [sp, #48]	@ 0x30
10003122:	0022      	movs	r2, r4
10003124:	7818      	ldrb	r0, [r3, #0]
10003126:	4659      	mov	r1, fp
10003128:	003b      	movs	r3, r7
1000312a:	47a8      	blx	r5
1000312c:	4643      	mov	r3, r8
1000312e:	4444      	add	r4, r8
10003130:	2b01      	cmp	r3, #1
10003132:	d800      	bhi.n	10003136 <_vsnprintf+0x3ce>
10003134:	e285      	b.n	10003642 <_vsnprintf+0x8da>
10003136:	0033      	movs	r3, r6
10003138:	46b8      	mov	r8, r7
1000313a:	002e      	movs	r6, r5
1000313c:	465f      	mov	r7, fp
1000313e:	0025      	movs	r5, r4
10003140:	464c      	mov	r4, r9
10003142:	4699      	mov	r9, r3
10003144:	0022      	movs	r2, r4
10003146:	4643      	mov	r3, r8
10003148:	3401      	adds	r4, #1
1000314a:	0039      	movs	r1, r7
1000314c:	2020      	movs	r0, #32
1000314e:	47b0      	blx	r6
10003150:	42ac      	cmp	r4, r5
10003152:	d1f7      	bne.n	10003144 <_vsnprintf+0x3dc>
10003154:	002c      	movs	r4, r5
10003156:	46bb      	mov	fp, r7
10003158:	0035      	movs	r5, r6
1000315a:	4647      	mov	r7, r8
1000315c:	464e      	mov	r6, r9
1000315e:	9b0d      	ldr	r3, [sp, #52]	@ 0x34
10003160:	930c      	str	r3, [sp, #48]	@ 0x30
10003162:	e629      	b.n	10002db8 <_vsnprintf+0x50>
10003164:	4bdb      	ldr	r3, [pc, #876]	@ (100034d4 <_vsnprintf+0x76c>)
10003166:	7830      	ldrb	r0, [r6, #0]
10003168:	4698      	mov	r8, r3
1000316a:	2300      	movs	r3, #0
1000316c:	4699      	mov	r9, r3
1000316e:	2800      	cmp	r0, #0
10003170:	d000      	beq.n	10003174 <_vsnprintf+0x40c>
10003172:	e612      	b.n	10002d9a <_vsnprintf+0x32>
10003174:	2400      	movs	r4, #0
10003176:	e6ae      	b.n	10002ed6 <_vsnprintf+0x16e>
10003178:	286f      	cmp	r0, #111	@ 0x6f
1000317a:	d100      	bne.n	1000317e <_vsnprintf+0x416>
1000317c:	e088      	b.n	10003290 <_vsnprintf+0x528>
1000317e:	d800      	bhi.n	10003182 <_vsnprintf+0x41a>
10003180:	e30b      	b.n	1000379a <_vsnprintf+0xa32>
10003182:	2310      	movs	r3, #16
10003184:	2878      	cmp	r0, #120	@ 0x78
10003186:	d100      	bne.n	1000318a <_vsnprintf+0x422>
10003188:	e0cf      	b.n	1000332a <_vsnprintf+0x5c2>
1000318a:	439a      	bics	r2, r3
1000318c:	230a      	movs	r3, #10
1000318e:	469c      	mov	ip, r3
10003190:	2300      	movs	r3, #0
10003192:	930f      	str	r3, [sp, #60]	@ 0x3c
10003194:	330a      	adds	r3, #10
10003196:	930d      	str	r3, [sp, #52]	@ 0x34
10003198:	e080      	b.n	1000329c <_vsnprintf+0x534>
1000319a:	4656      	mov	r6, sl
1000319c:	00b1      	lsls	r1, r6, #2
1000319e:	1989      	adds	r1, r1, r6
100031a0:	0049      	lsls	r1, r1, #1
100031a2:	3301      	adds	r3, #1
100031a4:	180e      	adds	r6, r1, r0
100031a6:	7818      	ldrb	r0, [r3, #0]
100031a8:	3e30      	subs	r6, #48	@ 0x30
100031aa:	0001      	movs	r1, r0
100031ac:	3930      	subs	r1, #48	@ 0x30
100031ae:	2909      	cmp	r1, #9
100031b0:	d9f4      	bls.n	1000319c <_vsnprintf+0x434>
100031b2:	46b2      	mov	sl, r6
100031b4:	001e      	movs	r6, r3
100031b6:	3301      	adds	r3, #1
100031b8:	4699      	mov	r9, r3
100031ba:	e628      	b.n	10002e0e <_vsnprintf+0xa6>
100031bc:	9b0c      	ldr	r3, [sp, #48]	@ 0x30
100031be:	3602      	adds	r6, #2
100031c0:	cb02      	ldmia	r3!, {r1}
100031c2:	468a      	mov	sl, r1
100031c4:	43c9      	mvns	r1, r1
100031c6:	4650      	mov	r0, sl
100031c8:	17c9      	asrs	r1, r1, #31
100031ca:	4008      	ands	r0, r1
100031cc:	4682      	mov	sl, r0
100031ce:	930c      	str	r3, [sp, #48]	@ 0x30
100031d0:	7830      	ldrb	r0, [r6, #0]
100031d2:	1c73      	adds	r3, r6, #1
100031d4:	4699      	mov	r9, r3
100031d6:	e61a      	b.n	10002e0e <_vsnprintf+0xa6>
100031d8:	2310      	movs	r3, #16
100031da:	0010      	movs	r0, r2
100031dc:	4398      	bics	r0, r3
100031de:	3311      	adds	r3, #17
100031e0:	4318      	orrs	r0, r3
100031e2:	4681      	mov	r9, r0
100031e4:	2080      	movs	r0, #128	@ 0x80
100031e6:	0013      	movs	r3, r2
100031e8:	00c0      	lsls	r0, r0, #3
100031ea:	4003      	ands	r3, r0
100031ec:	4202      	tst	r2, r0
100031ee:	d100      	bne.n	100031f2 <_vsnprintf+0x48a>
100031f0:	e6a9      	b.n	10002f46 <_vsnprintf+0x1de>
100031f2:	464b      	mov	r3, r9
100031f4:	9306      	str	r3, [sp, #24]
100031f6:	2308      	movs	r3, #8
100031f8:	9305      	str	r3, [sp, #20]
100031fa:	4653      	mov	r3, sl
100031fc:	9304      	str	r3, [sp, #16]
100031fe:	2310      	movs	r3, #16
10003200:	9303      	str	r3, [sp, #12]
10003202:	2300      	movs	r3, #0
10003204:	9302      	str	r3, [sp, #8]
10003206:	9b0f      	ldr	r3, [sp, #60]	@ 0x3c
10003208:	0022      	movs	r2, r4
1000320a:	9301      	str	r3, [sp, #4]
1000320c:	ab1c      	add	r3, sp, #112	@ 0x70
1000320e:	9300      	str	r3, [sp, #0]
10003210:	4659      	mov	r1, fp
10003212:	003b      	movs	r3, r7
10003214:	0028      	movs	r0, r5
10003216:	f7fe ff9f 	bl	10002158 <_ntoa_format>
1000321a:	4643      	mov	r3, r8
1000321c:	0004      	movs	r4, r0
1000321e:	930c      	str	r3, [sp, #48]	@ 0x30
10003220:	e5ca      	b.n	10002db8 <_vsnprintf+0x50>
10003222:	2301      	movs	r3, #1
10003224:	425b      	negs	r3, r3
10003226:	e6c3      	b.n	10002fb0 <_vsnprintf+0x248>
10003228:	9b0f      	ldr	r3, [sp, #60]	@ 0x3c
1000322a:	4553      	cmp	r3, sl
1000322c:	d901      	bls.n	10003232 <_vsnprintf+0x4ca>
1000322e:	4653      	mov	r3, sl
10003230:	930f      	str	r3, [sp, #60]	@ 0x3c
10003232:	2302      	movs	r3, #2
10003234:	0018      	movs	r0, r3
10003236:	4010      	ands	r0, r2
10003238:	900d      	str	r0, [sp, #52]	@ 0x34
1000323a:	4213      	tst	r3, r2
1000323c:	d100      	bne.n	10003240 <_vsnprintf+0x4d8>
1000323e:	e1b7      	b.n	100035b0 <_vsnprintf+0x848>
10003240:	930d      	str	r3, [sp, #52]	@ 0x34
10003242:	46d1      	mov	r9, sl
10003244:	1b0b      	subs	r3, r1, r4
10003246:	469a      	mov	sl, r3
10003248:	0033      	movs	r3, r6
1000324a:	44a1      	add	r9, r4
1000324c:	002e      	movs	r6, r5
1000324e:	0022      	movs	r2, r4
10003250:	464d      	mov	r5, r9
10003252:	980c      	ldr	r0, [sp, #48]	@ 0x30
10003254:	46b9      	mov	r9, r7
10003256:	465f      	mov	r7, fp
10003258:	469b      	mov	fp, r3
1000325a:	e008      	b.n	1000326e <_vsnprintf+0x506>
1000325c:	464b      	mov	r3, r9
1000325e:	0039      	movs	r1, r7
10003260:	1c54      	adds	r4, r2, #1
10003262:	47b0      	blx	r6
10003264:	4653      	mov	r3, sl
10003266:	5d18      	ldrb	r0, [r3, r4]
10003268:	2800      	cmp	r0, #0
1000326a:	d077      	beq.n	1000335c <_vsnprintf+0x5f4>
1000326c:	0022      	movs	r2, r4
1000326e:	4295      	cmp	r5, r2
10003270:	d1f4      	bne.n	1000325c <_vsnprintf+0x4f4>
10003272:	465b      	mov	r3, fp
10003274:	46bb      	mov	fp, r7
10003276:	464f      	mov	r7, r9
10003278:	46a9      	mov	r9, r5
1000327a:	0035      	movs	r5, r6
1000327c:	464c      	mov	r4, r9
1000327e:	001e      	movs	r6, r3
10003280:	e6c9      	b.n	10003016 <_vsnprintf+0x2ae>
10003282:	2380      	movs	r3, #128	@ 0x80
10003284:	011b      	lsls	r3, r3, #4
10003286:	431a      	orrs	r2, r3
10003288:	e6fd      	b.n	10003086 <_vsnprintf+0x31e>
1000328a:	2320      	movs	r3, #32
1000328c:	431a      	orrs	r2, r3
1000328e:	e720      	b.n	100030d2 <_vsnprintf+0x36a>
10003290:	2308      	movs	r3, #8
10003292:	469c      	mov	ip, r3
10003294:	2300      	movs	r3, #0
10003296:	930f      	str	r3, [sp, #60]	@ 0x3c
10003298:	3308      	adds	r3, #8
1000329a:	930d      	str	r3, [sp, #52]	@ 0x34
1000329c:	2380      	movs	r3, #128	@ 0x80
1000329e:	0011      	movs	r1, r2
100032a0:	00db      	lsls	r3, r3, #3
100032a2:	4019      	ands	r1, r3
100032a4:	421a      	tst	r2, r3
100032a6:	d100      	bne.n	100032aa <_vsnprintf+0x542>
100032a8:	e116      	b.n	100034d8 <_vsnprintf+0x770>
100032aa:	230d      	movs	r3, #13
100032ac:	439a      	bics	r2, r3
100032ae:	0010      	movs	r0, r2
100032b0:	2380      	movs	r3, #128	@ 0x80
100032b2:	0002      	movs	r2, r0
100032b4:	009b      	lsls	r3, r3, #2
100032b6:	401a      	ands	r2, r3
100032b8:	9214      	str	r2, [sp, #80]	@ 0x50
100032ba:	4218      	tst	r0, r3
100032bc:	d000      	beq.n	100032c0 <_vsnprintf+0x558>
100032be:	e1c2      	b.n	10003646 <_vsnprintf+0x8de>
100032c0:	2380      	movs	r3, #128	@ 0x80
100032c2:	0002      	movs	r2, r0
100032c4:	005b      	lsls	r3, r3, #1
100032c6:	401a      	ands	r2, r3
100032c8:	4691      	mov	r9, r2
100032ca:	9a0c      	ldr	r2, [sp, #48]	@ 0x30
100032cc:	3204      	adds	r2, #4
100032ce:	920f      	str	r2, [sp, #60]	@ 0x3c
100032d0:	4218      	tst	r0, r3
100032d2:	d000      	beq.n	100032d6 <_vsnprintf+0x56e>
100032d4:	e2b7      	b.n	10003846 <_vsnprintf+0xade>
100032d6:	0643      	lsls	r3, r0, #25
100032d8:	d500      	bpl.n	100032dc <_vsnprintf+0x574>
100032da:	e19f      	b.n	1000361c <_vsnprintf+0x8b4>
100032dc:	0603      	lsls	r3, r0, #24
100032de:	d400      	bmi.n	100032e2 <_vsnprintf+0x57a>
100032e0:	e319      	b.n	10003916 <_vsnprintf+0xbae>
100032e2:	9b0c      	ldr	r3, [sp, #48]	@ 0x30
100032e4:	881b      	ldrh	r3, [r3, #0]
100032e6:	9309      	str	r3, [sp, #36]	@ 0x24
100032e8:	2b00      	cmp	r3, #0
100032ea:	d000      	beq.n	100032ee <_vsnprintf+0x586>
100032ec:	e1fc      	b.n	100036e8 <_vsnprintf+0x980>
100032ee:	3310      	adds	r3, #16
100032f0:	4398      	bics	r0, r3
100032f2:	2900      	cmp	r1, #0
100032f4:	d100      	bne.n	100032f8 <_vsnprintf+0x590>
100032f6:	e1f7      	b.n	100036e8 <_vsnprintf+0x980>
100032f8:	2300      	movs	r3, #0
100032fa:	4699      	mov	r9, r3
100032fc:	4643      	mov	r3, r8
100032fe:	9305      	str	r3, [sp, #20]
10003300:	4653      	mov	r3, sl
10003302:	9304      	str	r3, [sp, #16]
10003304:	9b0d      	ldr	r3, [sp, #52]	@ 0x34
10003306:	9006      	str	r0, [sp, #24]
10003308:	9303      	str	r3, [sp, #12]
1000330a:	2300      	movs	r3, #0
1000330c:	e0d2      	b.n	100034b4 <_vsnprintf+0x74c>
1000330e:	2858      	cmp	r0, #88	@ 0x58
10003310:	d008      	beq.n	10003324 <_vsnprintf+0x5bc>
10003312:	2862      	cmp	r0, #98	@ 0x62
10003314:	d167      	bne.n	100033e6 <_vsnprintf+0x67e>
10003316:	2302      	movs	r3, #2
10003318:	469c      	mov	ip, r3
1000331a:	2300      	movs	r3, #0
1000331c:	930f      	str	r3, [sp, #60]	@ 0x3c
1000331e:	3302      	adds	r3, #2
10003320:	930d      	str	r3, [sp, #52]	@ 0x34
10003322:	e7bb      	b.n	1000329c <_vsnprintf+0x534>
10003324:	2320      	movs	r3, #32
10003326:	431a      	orrs	r2, r3
10003328:	3b10      	subs	r3, #16
1000332a:	469c      	mov	ip, r3
1000332c:	2300      	movs	r3, #0
1000332e:	930f      	str	r3, [sp, #60]	@ 0x3c
10003330:	3310      	adds	r3, #16
10003332:	930d      	str	r3, [sp, #52]	@ 0x34
10003334:	e7b2      	b.n	1000329c <_vsnprintf+0x534>
10003336:	2380      	movs	r3, #128	@ 0x80
10003338:	011b      	lsls	r3, r3, #4
1000333a:	431a      	orrs	r2, r3
1000333c:	2320      	movs	r3, #32
1000333e:	431a      	orrs	r2, r3
10003340:	e6a1      	b.n	10003086 <_vsnprintf+0x31e>
10003342:	23c0      	movs	r3, #192	@ 0xc0
10003344:	009b      	lsls	r3, r3, #2
10003346:	431a      	orrs	r2, r3
10003348:	1cf3      	adds	r3, r6, #3
1000334a:	4699      	mov	r9, r3
1000334c:	78b0      	ldrb	r0, [r6, #2]
1000334e:	e582      	b.n	10002e56 <_vsnprintf+0xee>
10003350:	23c0      	movs	r3, #192	@ 0xc0
10003352:	431a      	orrs	r2, r3
10003354:	1cf3      	adds	r3, r6, #3
10003356:	4699      	mov	r9, r3
10003358:	78b0      	ldrb	r0, [r6, #2]
1000335a:	e57c      	b.n	10002e56 <_vsnprintf+0xee>
1000335c:	0035      	movs	r5, r6
1000335e:	465e      	mov	r6, fp
10003360:	46bb      	mov	fp, r7
10003362:	464f      	mov	r7, r9
10003364:	e657      	b.n	10003016 <_vsnprintf+0x2ae>
10003366:	4643      	mov	r3, r8
10003368:	2b01      	cmp	r3, #1
1000336a:	d800      	bhi.n	1000336e <_vsnprintf+0x606>
1000336c:	e163      	b.n	10003636 <_vsnprintf+0x8ce>
1000336e:	1e63      	subs	r3, r4, #1
10003370:	4443      	add	r3, r8
10003372:	469a      	mov	sl, r3
10003374:	0033      	movs	r3, r6
10003376:	46b9      	mov	r9, r7
10003378:	002e      	movs	r6, r5
1000337a:	465f      	mov	r7, fp
1000337c:	4655      	mov	r5, sl
1000337e:	469b      	mov	fp, r3
10003380:	46a2      	mov	sl, r4
10003382:	0022      	movs	r2, r4
10003384:	464b      	mov	r3, r9
10003386:	3401      	adds	r4, #1
10003388:	0039      	movs	r1, r7
1000338a:	2020      	movs	r0, #32
1000338c:	47b0      	blx	r6
1000338e:	42ac      	cmp	r4, r5
10003390:	d1f7      	bne.n	10003382 <_vsnprintf+0x61a>
10003392:	0035      	movs	r5, r6
10003394:	465e      	mov	r6, fp
10003396:	46bb      	mov	fp, r7
10003398:	464f      	mov	r7, r9
1000339a:	46a1      	mov	r9, r4
1000339c:	4654      	mov	r4, sl
1000339e:	9b0c      	ldr	r3, [sp, #48]	@ 0x30
100033a0:	464a      	mov	r2, r9
100033a2:	7818      	ldrb	r0, [r3, #0]
100033a4:	4659      	mov	r1, fp
100033a6:	003b      	movs	r3, r7
100033a8:	4444      	add	r4, r8
100033aa:	47a8      	blx	r5
100033ac:	e6d7      	b.n	1000315e <_vsnprintf+0x3f6>
100033ae:	46a1      	mov	r9, r4
100033b0:	9b0f      	ldr	r3, [sp, #60]	@ 0x3c
100033b2:	4598      	cmp	r8, r3
100033b4:	d800      	bhi.n	100033b8 <_vsnprintf+0x650>
100033b6:	e632      	b.n	1000301e <_vsnprintf+0x2b6>
100033b8:	4444      	add	r4, r8
100033ba:	1ae4      	subs	r4, r4, r3
100033bc:	0033      	movs	r3, r6
100033be:	46b8      	mov	r8, r7
100033c0:	002e      	movs	r6, r5
100033c2:	465f      	mov	r7, fp
100033c4:	0025      	movs	r5, r4
100033c6:	464c      	mov	r4, r9
100033c8:	4699      	mov	r9, r3
100033ca:	0022      	movs	r2, r4
100033cc:	4643      	mov	r3, r8
100033ce:	3401      	adds	r4, #1
100033d0:	0039      	movs	r1, r7
100033d2:	2020      	movs	r0, #32
100033d4:	47b0      	blx	r6
100033d6:	42ac      	cmp	r4, r5
100033d8:	d1f7      	bne.n	100033ca <_vsnprintf+0x662>
100033da:	002c      	movs	r4, r5
100033dc:	46bb      	mov	fp, r7
100033de:	0035      	movs	r5, r6
100033e0:	4647      	mov	r7, r8
100033e2:	464e      	mov	r6, r9
100033e4:	e61b      	b.n	1000301e <_vsnprintf+0x2b6>
100033e6:	2380      	movs	r3, #128	@ 0x80
100033e8:	0010      	movs	r0, r2
100033ea:	00db      	lsls	r3, r3, #3
100033ec:	4018      	ands	r0, r3
100033ee:	421a      	tst	r2, r3
100033f0:	d100      	bne.n	100033f4 <_vsnprintf+0x68c>
100033f2:	e10f      	b.n	10003614 <_vsnprintf+0x8ac>
100033f4:	2111      	movs	r1, #17
100033f6:	0018      	movs	r0, r3
100033f8:	438a      	bics	r2, r1
100033fa:	920d      	str	r2, [sp, #52]	@ 0x34
100033fc:	9a0d      	ldr	r2, [sp, #52]	@ 0x34
100033fe:	2380      	movs	r3, #128	@ 0x80
10003400:	0011      	movs	r1, r2
10003402:	009b      	lsls	r3, r3, #2
10003404:	4019      	ands	r1, r3
10003406:	468c      	mov	ip, r1
10003408:	421a      	tst	r2, r3
1000340a:	d169      	bne.n	100034e0 <_vsnprintf+0x778>
1000340c:	2380      	movs	r3, #128	@ 0x80
1000340e:	0011      	movs	r1, r2
10003410:	005b      	lsls	r3, r3, #1
10003412:	4019      	ands	r1, r3
10003414:	4689      	mov	r9, r1
10003416:	990c      	ldr	r1, [sp, #48]	@ 0x30
10003418:	3104      	adds	r1, #4
1000341a:	910f      	str	r1, [sp, #60]	@ 0x3c
1000341c:	421a      	tst	r2, r3
1000341e:	d000      	beq.n	10003422 <_vsnprintf+0x6ba>
10003420:	e1ca      	b.n	100037b8 <_vsnprintf+0xa50>
10003422:	0013      	movs	r3, r2
10003424:	065b      	lsls	r3, r3, #25
10003426:	d500      	bpl.n	1000342a <_vsnprintf+0x6c2>
10003428:	e0f0      	b.n	1000360c <_vsnprintf+0x8a4>
1000342a:	0013      	movs	r3, r2
1000342c:	061b      	lsls	r3, r3, #24
1000342e:	d400      	bmi.n	10003432 <_vsnprintf+0x6ca>
10003430:	e259      	b.n	100038e6 <_vsnprintf+0xb7e>
10003432:	9b0c      	ldr	r3, [sp, #48]	@ 0x30
10003434:	2200      	movs	r2, #0
10003436:	5e9b      	ldrsh	r3, [r3, r2]
10003438:	17d9      	asrs	r1, r3, #31
1000343a:	185a      	adds	r2, r3, r1
1000343c:	404a      	eors	r2, r1
1000343e:	b292      	uxth	r2, r2
10003440:	0fd9      	lsrs	r1, r3, #31
10003442:	910c      	str	r1, [sp, #48]	@ 0x30
10003444:	2b00      	cmp	r3, #0
10003446:	d100      	bne.n	1000344a <_vsnprintf+0x6e2>
10003448:	e1f9      	b.n	1000383e <_vsnprintf+0xad6>
1000344a:	0010      	movs	r0, r2
1000344c:	aa14      	add	r2, sp, #80	@ 0x50
1000344e:	4694      	mov	ip, r2
10003450:	4642      	mov	r2, r8
10003452:	231f      	movs	r3, #31
10003454:	9214      	str	r2, [sp, #80]	@ 0x50
10003456:	4652      	mov	r2, sl
10003458:	4463      	add	r3, ip
1000345a:	46a8      	mov	r8, r5
1000345c:	9416      	str	r4, [sp, #88]	@ 0x58
1000345e:	464d      	mov	r5, r9
10003460:	0004      	movs	r4, r0
10003462:	46b9      	mov	r9, r7
10003464:	46b2      	mov	sl, r6
10003466:	001f      	movs	r7, r3
10003468:	9215      	str	r2, [sp, #84]	@ 0x54
1000346a:	e001      	b.n	10003470 <_vsnprintf+0x708>
1000346c:	2d20      	cmp	r5, #32
1000346e:	d00f      	beq.n	10003490 <_vsnprintf+0x728>
10003470:	0020      	movs	r0, r4
10003472:	210a      	movs	r1, #10
10003474:	f7fe fa3c 	bl	100018f0 <__wrap___aeabi_uidiv>
10003478:	3501      	adds	r5, #1
1000347a:	197e      	adds	r6, r7, r5
1000347c:	3130      	adds	r1, #48	@ 0x30
1000347e:	7031      	strb	r1, [r6, #0]
10003480:	0020      	movs	r0, r4
10003482:	210a      	movs	r1, #10
10003484:	f7fe fa34 	bl	100018f0 <__wrap___aeabi_uidiv>
10003488:	0026      	movs	r6, r4
1000348a:	0004      	movs	r4, r0
1000348c:	2e09      	cmp	r6, #9
1000348e:	d8ed      	bhi.n	1000346c <_vsnprintf+0x704>
10003490:	9b14      	ldr	r3, [sp, #80]	@ 0x50
10003492:	464f      	mov	r7, r9
10003494:	46a9      	mov	r9, r5
10003496:	4645      	mov	r5, r8
10003498:	4698      	mov	r8, r3
1000349a:	9b15      	ldr	r3, [sp, #84]	@ 0x54
1000349c:	4656      	mov	r6, sl
1000349e:	469a      	mov	sl, r3
100034a0:	9c16      	ldr	r4, [sp, #88]	@ 0x58
100034a2:	9b0d      	ldr	r3, [sp, #52]	@ 0x34
100034a4:	9306      	str	r3, [sp, #24]
100034a6:	4643      	mov	r3, r8
100034a8:	9305      	str	r3, [sp, #20]
100034aa:	4653      	mov	r3, sl
100034ac:	9304      	str	r3, [sp, #16]
100034ae:	230a      	movs	r3, #10
100034b0:	9303      	str	r3, [sp, #12]
100034b2:	9b0c      	ldr	r3, [sp, #48]	@ 0x30
100034b4:	9302      	str	r3, [sp, #8]
100034b6:	464b      	mov	r3, r9
100034b8:	9301      	str	r3, [sp, #4]
100034ba:	ab1c      	add	r3, sp, #112	@ 0x70
100034bc:	0022      	movs	r2, r4
100034be:	9300      	str	r3, [sp, #0]
100034c0:	4659      	mov	r1, fp
100034c2:	003b      	movs	r3, r7
100034c4:	0028      	movs	r0, r5
100034c6:	f7fe fe47 	bl	10002158 <_ntoa_format>
100034ca:	9b0f      	ldr	r3, [sp, #60]	@ 0x3c
100034cc:	0004      	movs	r4, r0
100034ce:	930c      	str	r3, [sp, #48]	@ 0x30
100034d0:	e472      	b.n	10002db8 <_vsnprintf+0x50>
100034d2:	46c0      	nop			@ (mov r8, r8)
100034d4:	100020a9 	.word	0x100020a9
100034d8:	230c      	movs	r3, #12
100034da:	439a      	bics	r2, r3
100034dc:	0010      	movs	r0, r2
100034de:	e6e7      	b.n	100032b0 <_vsnprintf+0x548>
100034e0:	2207      	movs	r2, #7
100034e2:	9b0c      	ldr	r3, [sp, #48]	@ 0x30
100034e4:	3307      	adds	r3, #7
100034e6:	4393      	bics	r3, r2
100034e8:	3201      	adds	r2, #1
100034ea:	4694      	mov	ip, r2
100034ec:	449c      	add	ip, r3
100034ee:	4662      	mov	r2, ip
100034f0:	920c      	str	r2, [sp, #48]	@ 0x30
100034f2:	cb0c      	ldmia	r3, {r2, r3}
100034f4:	0fd9      	lsrs	r1, r3, #31
100034f6:	910f      	str	r1, [sp, #60]	@ 0x3c
100034f8:	0011      	movs	r1, r2
100034fa:	4319      	orrs	r1, r3
100034fc:	d100      	bne.n	10003500 <_vsnprintf+0x798>
100034fe:	e091      	b.n	10003624 <_vsnprintf+0x8bc>
10003500:	17d9      	asrs	r1, r3, #31
10003502:	9113      	str	r1, [sp, #76]	@ 0x4c
10003504:	9112      	str	r1, [sp, #72]	@ 0x48
10003506:	4051      	eors	r1, r2
10003508:	9110      	str	r1, [sp, #64]	@ 0x40
1000350a:	9913      	ldr	r1, [sp, #76]	@ 0x4c
1000350c:	4059      	eors	r1, r3
1000350e:	9111      	str	r1, [sp, #68]	@ 0x44
10003510:	9810      	ldr	r0, [sp, #64]	@ 0x40
10003512:	9911      	ldr	r1, [sp, #68]	@ 0x44
10003514:	9a12      	ldr	r2, [sp, #72]	@ 0x48
10003516:	9b13      	ldr	r3, [sp, #76]	@ 0x4c
10003518:	1a80      	subs	r0, r0, r2
1000351a:	4199      	sbcs	r1, r3
1000351c:	9010      	str	r0, [sp, #64]	@ 0x40
1000351e:	9111      	str	r1, [sp, #68]	@ 0x44
10003520:	aa14      	add	r2, sp, #80	@ 0x50
10003522:	2300      	movs	r3, #0
10003524:	4694      	mov	ip, r2
10003526:	4642      	mov	r2, r8
10003528:	4699      	mov	r9, r3
1000352a:	9214      	str	r2, [sp, #80]	@ 0x50
1000352c:	4652      	mov	r2, sl
1000352e:	331f      	adds	r3, #31
10003530:	4463      	add	r3, ip
10003532:	46a8      	mov	r8, r5
10003534:	46b2      	mov	sl, r6
10003536:	9416      	str	r4, [sp, #88]	@ 0x58
10003538:	464e      	mov	r6, r9
1000353a:	9c10      	ldr	r4, [sp, #64]	@ 0x40
1000353c:	9d11      	ldr	r5, [sp, #68]	@ 0x44
1000353e:	46b9      	mov	r9, r7
10003540:	9215      	str	r2, [sp, #84]	@ 0x54
10003542:	001f      	movs	r7, r3
10003544:	e001      	b.n	1000354a <_vsnprintf+0x7e2>
10003546:	2e20      	cmp	r6, #32
10003548:	d010      	beq.n	1000356c <_vsnprintf+0x804>
1000354a:	0020      	movs	r0, r4
1000354c:	0029      	movs	r1, r5
1000354e:	220a      	movs	r2, #10
10003550:	2300      	movs	r3, #0
10003552:	f7fe fa0b 	bl	1000196c <__wrap___aeabi_uldivmod>
10003556:	3601      	adds	r6, #1
10003558:	3230      	adds	r2, #48	@ 0x30
1000355a:	002b      	movs	r3, r5
1000355c:	55ba      	strb	r2, [r7, r6]
1000355e:	000d      	movs	r5, r1
10003560:	0022      	movs	r2, r4
10003562:	0004      	movs	r4, r0
10003564:	2b00      	cmp	r3, #0
10003566:	d1ee      	bne.n	10003546 <_vsnprintf+0x7de>
10003568:	2a09      	cmp	r2, #9
1000356a:	d8ec      	bhi.n	10003546 <_vsnprintf+0x7de>
1000356c:	9b14      	ldr	r3, [sp, #80]	@ 0x50
1000356e:	9410      	str	r4, [sp, #64]	@ 0x40
10003570:	9511      	str	r5, [sp, #68]	@ 0x44
10003572:	4645      	mov	r5, r8
10003574:	4698      	mov	r8, r3
10003576:	9b15      	ldr	r3, [sp, #84]	@ 0x54
10003578:	464f      	mov	r7, r9
1000357a:	46b1      	mov	r9, r6
1000357c:	4656      	mov	r6, sl
1000357e:	469a      	mov	sl, r3
10003580:	9c16      	ldr	r4, [sp, #88]	@ 0x58
10003582:	9b0d      	ldr	r3, [sp, #52]	@ 0x34
10003584:	9306      	str	r3, [sp, #24]
10003586:	4643      	mov	r3, r8
10003588:	9305      	str	r3, [sp, #20]
1000358a:	4653      	mov	r3, sl
1000358c:	9304      	str	r3, [sp, #16]
1000358e:	230a      	movs	r3, #10
10003590:	9303      	str	r3, [sp, #12]
10003592:	9b0f      	ldr	r3, [sp, #60]	@ 0x3c
10003594:	9302      	str	r3, [sp, #8]
10003596:	464b      	mov	r3, r9
10003598:	9301      	str	r3, [sp, #4]
1000359a:	ab1c      	add	r3, sp, #112	@ 0x70
1000359c:	0022      	movs	r2, r4
1000359e:	9300      	str	r3, [sp, #0]
100035a0:	4659      	mov	r1, fp
100035a2:	003b      	movs	r3, r7
100035a4:	0028      	movs	r0, r5
100035a6:	f7fe fdd7 	bl	10002158 <_ntoa_format>
100035aa:	0004      	movs	r4, r0
100035ac:	f7ff fc04 	bl	10002db8 <_vsnprintf+0x50>
100035b0:	9b0f      	ldr	r3, [sp, #60]	@ 0x3c
100035b2:	4598      	cmp	r8, r3
100035b4:	d800      	bhi.n	100035b8 <_vsnprintf+0x850>
100035b6:	e1c1      	b.n	1000393c <_vsnprintf+0xbd4>
100035b8:	2380      	movs	r3, #128	@ 0x80
100035ba:	00db      	lsls	r3, r3, #3
100035bc:	930d      	str	r3, [sp, #52]	@ 0x34
100035be:	4643      	mov	r3, r8
100035c0:	9a0f      	ldr	r2, [sp, #60]	@ 0x3c
100035c2:	191b      	adds	r3, r3, r4
100035c4:	1a9b      	subs	r3, r3, r2
100035c6:	4699      	mov	r9, r3
100035c8:	0033      	movs	r3, r6
100035ca:	002e      	movs	r6, r5
100035cc:	464d      	mov	r5, r9
100035ce:	46b9      	mov	r9, r7
100035d0:	465f      	mov	r7, fp
100035d2:	469b      	mov	fp, r3
100035d4:	910c      	str	r1, [sp, #48]	@ 0x30
100035d6:	0022      	movs	r2, r4
100035d8:	464b      	mov	r3, r9
100035da:	3401      	adds	r4, #1
100035dc:	0039      	movs	r1, r7
100035de:	2020      	movs	r0, #32
100035e0:	47b0      	blx	r6
100035e2:	42ac      	cmp	r4, r5
100035e4:	d1f7      	bne.n	100035d6 <_vsnprintf+0x86e>
100035e6:	4643      	mov	r3, r8
100035e8:	990c      	ldr	r1, [sp, #48]	@ 0x30
100035ea:	3301      	adds	r3, #1
100035ec:	930f      	str	r3, [sp, #60]	@ 0x3c
100035ee:	780b      	ldrb	r3, [r1, #0]
100035f0:	0035      	movs	r5, r6
100035f2:	930c      	str	r3, [sp, #48]	@ 0x30
100035f4:	465e      	mov	r6, fp
100035f6:	46bb      	mov	fp, r7
100035f8:	464f      	mov	r7, r9
100035fa:	2b00      	cmp	r3, #0
100035fc:	d100      	bne.n	10003600 <_vsnprintf+0x898>
100035fe:	e50e      	b.n	1000301e <_vsnprintf+0x2b6>
10003600:	9b0d      	ldr	r3, [sp, #52]	@ 0x34
10003602:	2b00      	cmp	r3, #0
10003604:	d100      	bne.n	10003608 <_vsnprintf+0x8a0>
10003606:	e4f6      	b.n	10002ff6 <_vsnprintf+0x28e>
10003608:	2300      	movs	r3, #0
1000360a:	e619      	b.n	10003240 <_vsnprintf+0x4d8>
1000360c:	9b0c      	ldr	r3, [sp, #48]	@ 0x30
1000360e:	781b      	ldrb	r3, [r3, #0]
10003610:	001a      	movs	r2, r3
10003612:	e715      	b.n	10003440 <_vsnprintf+0x6d8>
10003614:	2310      	movs	r3, #16
10003616:	439a      	bics	r2, r3
10003618:	920d      	str	r2, [sp, #52]	@ 0x34
1000361a:	e6ef      	b.n	100033fc <_vsnprintf+0x694>
1000361c:	9b0c      	ldr	r3, [sp, #48]	@ 0x30
1000361e:	781b      	ldrb	r3, [r3, #0]
10003620:	9309      	str	r3, [sp, #36]	@ 0x24
10003622:	e661      	b.n	100032e8 <_vsnprintf+0x580>
10003624:	2300      	movs	r3, #0
10003626:	4699      	mov	r9, r3
10003628:	2800      	cmp	r0, #0
1000362a:	d1aa      	bne.n	10003582 <_vsnprintf+0x81a>
1000362c:	2200      	movs	r2, #0
1000362e:	2300      	movs	r3, #0
10003630:	9210      	str	r2, [sp, #64]	@ 0x40
10003632:	9311      	str	r3, [sp, #68]	@ 0x44
10003634:	e774      	b.n	10003520 <_vsnprintf+0x7b8>
10003636:	9b0c      	ldr	r3, [sp, #48]	@ 0x30
10003638:	0022      	movs	r2, r4
1000363a:	7818      	ldrb	r0, [r3, #0]
1000363c:	4659      	mov	r1, fp
1000363e:	003b      	movs	r3, r7
10003640:	47a8      	blx	r5
10003642:	464c      	mov	r4, r9
10003644:	e58b      	b.n	1000315e <_vsnprintf+0x3f6>
10003646:	9a0c      	ldr	r2, [sp, #48]	@ 0x30
10003648:	3bfa      	subs	r3, #250	@ 0xfa
1000364a:	3bff      	subs	r3, #255	@ 0xff
1000364c:	3207      	adds	r2, #7
1000364e:	439a      	bics	r2, r3
10003650:	3301      	adds	r3, #1
10003652:	4699      	mov	r9, r3
10003654:	4491      	add	r9, r2
10003656:	464b      	mov	r3, r9
10003658:	930c      	str	r3, [sp, #48]	@ 0x30
1000365a:	6813      	ldr	r3, [r2, #0]
1000365c:	6852      	ldr	r2, [r2, #4]
1000365e:	9215      	str	r2, [sp, #84]	@ 0x54
10003660:	431a      	orrs	r2, r3
10003662:	d106      	bne.n	10003672 <_vsnprintf+0x90a>
10003664:	3210      	adds	r2, #16
10003666:	4390      	bics	r0, r2
10003668:	2200      	movs	r2, #0
1000366a:	9209      	str	r2, [sp, #36]	@ 0x24
1000366c:	2900      	cmp	r1, #0
1000366e:	d000      	beq.n	10003672 <_vsnprintf+0x90a>
10003670:	e081      	b.n	10003776 <_vsnprintf+0xa0e>
10003672:	2261      	movs	r2, #97	@ 0x61
10003674:	0681      	lsls	r1, r0, #26
10003676:	d500      	bpl.n	1000367a <_vsnprintf+0x912>
10003678:	2241      	movs	r2, #65	@ 0x41
1000367a:	b2d2      	uxtb	r2, r2
1000367c:	920a      	str	r2, [sp, #40]	@ 0x28
1000367e:	aa14      	add	r2, sp, #80	@ 0x50
10003680:	4691      	mov	r9, r2
10003682:	9a0a      	ldr	r2, [sp, #40]	@ 0x28
10003684:	2100      	movs	r1, #0
10003686:	3a0a      	subs	r2, #10
10003688:	9214      	str	r2, [sp, #80]	@ 0x50
1000368a:	4642      	mov	r2, r8
1000368c:	9217      	str	r2, [sp, #92]	@ 0x5c
1000368e:	4652      	mov	r2, sl
10003690:	9218      	str	r2, [sp, #96]	@ 0x60
10003692:	465a      	mov	r2, fp
10003694:	9109      	str	r1, [sp, #36]	@ 0x24
10003696:	46b3      	mov	fp, r6
10003698:	311f      	adds	r1, #31
1000369a:	001e      	movs	r6, r3
1000369c:	9b0f      	ldr	r3, [sp, #60]	@ 0x3c
1000369e:	4449      	add	r1, r9
100036a0:	46ba      	mov	sl, r7
100036a2:	9419      	str	r4, [sp, #100]	@ 0x64
100036a4:	951a      	str	r5, [sp, #104]	@ 0x68
100036a6:	2400      	movs	r4, #0
100036a8:	4667      	mov	r7, ip
100036aa:	4698      	mov	r8, r3
100036ac:	4689      	mov	r9, r1
100036ae:	9d15      	ldr	r5, [sp, #84]	@ 0x54
100036b0:	9016      	str	r0, [sp, #88]	@ 0x58
100036b2:	921b      	str	r2, [sp, #108]	@ 0x6c
100036b4:	e00a      	b.n	100036cc <_vsnprintf+0x964>
100036b6:	3230      	adds	r2, #48	@ 0x30
100036b8:	b2d2      	uxtb	r2, r2
100036ba:	464b      	mov	r3, r9
100036bc:	3401      	adds	r4, #1
100036be:	551a      	strb	r2, [r3, r4]
100036c0:	45a8      	cmp	r8, r5
100036c2:	d04a      	beq.n	1000375a <_vsnprintf+0x9f2>
100036c4:	2c20      	cmp	r4, #32
100036c6:	d04a      	beq.n	1000375e <_vsnprintf+0x9f6>
100036c8:	0006      	movs	r6, r0
100036ca:	000d      	movs	r5, r1
100036cc:	003a      	movs	r2, r7
100036ce:	2300      	movs	r3, #0
100036d0:	0030      	movs	r0, r6
100036d2:	0029      	movs	r1, r5
100036d4:	f7fe f94a 	bl	1000196c <__wrap___aeabi_uldivmod>
100036d8:	b2d2      	uxtb	r2, r2
100036da:	2a09      	cmp	r2, #9
100036dc:	d9eb      	bls.n	100036b6 <_vsnprintf+0x94e>
100036de:	9b14      	ldr	r3, [sp, #80]	@ 0x50
100036e0:	469c      	mov	ip, r3
100036e2:	4462      	add	r2, ip
100036e4:	b2d2      	uxtb	r2, r2
100036e6:	e7e8      	b.n	100036ba <_vsnprintf+0x952>
100036e8:	2361      	movs	r3, #97	@ 0x61
100036ea:	0682      	lsls	r2, r0, #26
100036ec:	d500      	bpl.n	100036f0 <_vsnprintf+0x988>
100036ee:	2341      	movs	r3, #65	@ 0x41
100036f0:	b2db      	uxtb	r3, r3
100036f2:	3b0a      	subs	r3, #10
100036f4:	930c      	str	r3, [sp, #48]	@ 0x30
100036f6:	4643      	mov	r3, r8
100036f8:	a914      	add	r1, sp, #80	@ 0x50
100036fa:	221f      	movs	r2, #31
100036fc:	468c      	mov	ip, r1
100036fe:	9315      	str	r3, [sp, #84]	@ 0x54
10003700:	4653      	mov	r3, sl
10003702:	4462      	add	r2, ip
10003704:	46a0      	mov	r8, r4
10003706:	46b2      	mov	sl, r6
10003708:	464c      	mov	r4, r9
1000370a:	9717      	str	r7, [sp, #92]	@ 0x5c
1000370c:	46a9      	mov	r9, r5
1000370e:	0017      	movs	r7, r2
10003710:	9d09      	ldr	r5, [sp, #36]	@ 0x24
10003712:	9e0d      	ldr	r6, [sp, #52]	@ 0x34
10003714:	9014      	str	r0, [sp, #80]	@ 0x50
10003716:	9316      	str	r3, [sp, #88]	@ 0x58
10003718:	e008      	b.n	1000372c <_vsnprintf+0x9c4>
1000371a:	3330      	adds	r3, #48	@ 0x30
1000371c:	b2db      	uxtb	r3, r3
1000371e:	3401      	adds	r4, #1
10003720:	553b      	strb	r3, [r7, r4]
10003722:	42b5      	cmp	r5, r6
10003724:	d30e      	bcc.n	10003744 <_vsnprintf+0x9dc>
10003726:	2c20      	cmp	r4, #32
10003728:	d00c      	beq.n	10003744 <_vsnprintf+0x9dc>
1000372a:	0005      	movs	r5, r0
1000372c:	0031      	movs	r1, r6
1000372e:	0028      	movs	r0, r5
10003730:	f7fe f8de 	bl	100018f0 <__wrap___aeabi_uidiv>
10003734:	b2cb      	uxtb	r3, r1
10003736:	2909      	cmp	r1, #9
10003738:	d9ef      	bls.n	1000371a <_vsnprintf+0x9b2>
1000373a:	9a0c      	ldr	r2, [sp, #48]	@ 0x30
1000373c:	4694      	mov	ip, r2
1000373e:	4463      	add	r3, ip
10003740:	b2db      	uxtb	r3, r3
10003742:	e7ec      	b.n	1000371e <_vsnprintf+0x9b6>
10003744:	9b15      	ldr	r3, [sp, #84]	@ 0x54
10003746:	464d      	mov	r5, r9
10003748:	46a1      	mov	r9, r4
1000374a:	4644      	mov	r4, r8
1000374c:	4698      	mov	r8, r3
1000374e:	9b16      	ldr	r3, [sp, #88]	@ 0x58
10003750:	4656      	mov	r6, sl
10003752:	9814      	ldr	r0, [sp, #80]	@ 0x50
10003754:	469a      	mov	sl, r3
10003756:	9f17      	ldr	r7, [sp, #92]	@ 0x5c
10003758:	e5d0      	b.n	100032fc <_vsnprintf+0x594>
1000375a:	42b7      	cmp	r7, r6
1000375c:	d9b2      	bls.n	100036c4 <_vsnprintf+0x95c>
1000375e:	9b17      	ldr	r3, [sp, #92]	@ 0x5c
10003760:	4657      	mov	r7, sl
10003762:	4698      	mov	r8, r3
10003764:	9b18      	ldr	r3, [sp, #96]	@ 0x60
10003766:	465e      	mov	r6, fp
10003768:	469a      	mov	sl, r3
1000376a:	9b1b      	ldr	r3, [sp, #108]	@ 0x6c
1000376c:	9409      	str	r4, [sp, #36]	@ 0x24
1000376e:	469b      	mov	fp, r3
10003770:	9816      	ldr	r0, [sp, #88]	@ 0x58
10003772:	9c19      	ldr	r4, [sp, #100]	@ 0x64
10003774:	9d1a      	ldr	r5, [sp, #104]	@ 0x68
10003776:	4643      	mov	r3, r8
10003778:	9305      	str	r3, [sp, #20]
1000377a:	4653      	mov	r3, sl
1000377c:	9304      	str	r3, [sp, #16]
1000377e:	9b0d      	ldr	r3, [sp, #52]	@ 0x34
10003780:	9006      	str	r0, [sp, #24]
10003782:	9303      	str	r3, [sp, #12]
10003784:	2300      	movs	r3, #0
10003786:	9302      	str	r3, [sp, #8]
10003788:	9b09      	ldr	r3, [sp, #36]	@ 0x24
1000378a:	e705      	b.n	10003598 <_vsnprintf+0x830>
1000378c:	9b0f      	ldr	r3, [sp, #60]	@ 0x3c
1000378e:	4598      	cmp	r8, r3
10003790:	d900      	bls.n	10003794 <_vsnprintf+0xa2c>
10003792:	e714      	b.n	100035be <_vsnprintf+0x856>
10003794:	3301      	adds	r3, #1
10003796:	930f      	str	r3, [sp, #60]	@ 0x3c
10003798:	e42d      	b.n	10002ff6 <_vsnprintf+0x28e>
1000379a:	2310      	movs	r3, #16
1000379c:	0011      	movs	r1, r2
1000379e:	4399      	bics	r1, r3
100037a0:	910d      	str	r1, [sp, #52]	@ 0x34
100037a2:	2869      	cmp	r0, #105	@ 0x69
100037a4:	d000      	beq.n	100037a8 <_vsnprintf+0xa40>
100037a6:	e0ba      	b.n	1000391e <_vsnprintf+0xbb6>
100037a8:	2380      	movs	r3, #128	@ 0x80
100037aa:	0010      	movs	r0, r2
100037ac:	00db      	lsls	r3, r3, #3
100037ae:	4018      	ands	r0, r3
100037b0:	421a      	tst	r2, r3
100037b2:	d100      	bne.n	100037b6 <_vsnprintf+0xa4e>
100037b4:	e622      	b.n	100033fc <_vsnprintf+0x694>
100037b6:	e61d      	b.n	100033f4 <_vsnprintf+0x68c>
100037b8:	9b0c      	ldr	r3, [sp, #48]	@ 0x30
100037ba:	681b      	ldr	r3, [r3, #0]
100037bc:	0fda      	lsrs	r2, r3, #31
100037be:	0011      	movs	r1, r2
100037c0:	2b00      	cmp	r3, #0
100037c2:	d100      	bne.n	100037c6 <_vsnprintf+0xa5e>
100037c4:	e08c      	b.n	100038e0 <_vsnprintf+0xb78>
100037c6:	17da      	asrs	r2, r3, #31
100037c8:	1898      	adds	r0, r3, r2
100037ca:	4050      	eors	r0, r2
100037cc:	aa14      	add	r2, sp, #80	@ 0x50
100037ce:	4691      	mov	r9, r2
100037d0:	4642      	mov	r2, r8
100037d2:	231f      	movs	r3, #31
100037d4:	9214      	str	r2, [sp, #80]	@ 0x50
100037d6:	4652      	mov	r2, sl
100037d8:	444b      	add	r3, r9
100037da:	46a0      	mov	r8, r4
100037dc:	46a9      	mov	r9, r5
100037de:	9716      	str	r7, [sp, #88]	@ 0x58
100037e0:	0004      	movs	r4, r0
100037e2:	4665      	mov	r5, ip
100037e4:	46b2      	mov	sl, r6
100037e6:	001f      	movs	r7, r3
100037e8:	910c      	str	r1, [sp, #48]	@ 0x30
100037ea:	9215      	str	r2, [sp, #84]	@ 0x54
100037ec:	e001      	b.n	100037f2 <_vsnprintf+0xa8a>
100037ee:	2d20      	cmp	r5, #32
100037f0:	d00f      	beq.n	10003812 <_vsnprintf+0xaaa>
100037f2:	0020      	movs	r0, r4
100037f4:	210a      	movs	r1, #10
100037f6:	f7fe f87b 	bl	100018f0 <__wrap___aeabi_uidiv>
100037fa:	3501      	adds	r5, #1
100037fc:	197e      	adds	r6, r7, r5
100037fe:	3130      	adds	r1, #48	@ 0x30
10003800:	7031      	strb	r1, [r6, #0]
10003802:	0020      	movs	r0, r4
10003804:	210a      	movs	r1, #10
10003806:	f7fe f873 	bl	100018f0 <__wrap___aeabi_uidiv>
1000380a:	0026      	movs	r6, r4
1000380c:	0004      	movs	r4, r0
1000380e:	2e09      	cmp	r6, #9
10003810:	d8ed      	bhi.n	100037ee <_vsnprintf+0xa86>
10003812:	9b14      	ldr	r3, [sp, #80]	@ 0x50
10003814:	4644      	mov	r4, r8
10003816:	4698      	mov	r8, r3
10003818:	9b0c      	ldr	r3, [sp, #48]	@ 0x30
1000381a:	46ac      	mov	ip, r5
1000381c:	0019      	movs	r1, r3
1000381e:	9b15      	ldr	r3, [sp, #84]	@ 0x54
10003820:	4656      	mov	r6, sl
10003822:	464d      	mov	r5, r9
10003824:	469a      	mov	sl, r3
10003826:	9f16      	ldr	r7, [sp, #88]	@ 0x58
10003828:	9b0d      	ldr	r3, [sp, #52]	@ 0x34
1000382a:	9102      	str	r1, [sp, #8]
1000382c:	9306      	str	r3, [sp, #24]
1000382e:	4643      	mov	r3, r8
10003830:	9305      	str	r3, [sp, #20]
10003832:	4653      	mov	r3, sl
10003834:	9304      	str	r3, [sp, #16]
10003836:	230a      	movs	r3, #10
10003838:	9303      	str	r3, [sp, #12]
1000383a:	4663      	mov	r3, ip
1000383c:	e63c      	b.n	100034b8 <_vsnprintf+0x750>
1000383e:	2800      	cmp	r0, #0
10003840:	d000      	beq.n	10003844 <_vsnprintf+0xadc>
10003842:	e62e      	b.n	100034a2 <_vsnprintf+0x73a>
10003844:	e602      	b.n	1000344c <_vsnprintf+0x6e4>
10003846:	9b0c      	ldr	r3, [sp, #48]	@ 0x30
10003848:	681b      	ldr	r3, [r3, #0]
1000384a:	4699      	mov	r9, r3
1000384c:	2b00      	cmp	r3, #0
1000384e:	d103      	bne.n	10003858 <_vsnprintf+0xaf0>
10003850:	3310      	adds	r3, #16
10003852:	4398      	bics	r0, r3
10003854:	2900      	cmp	r1, #0
10003856:	d138      	bne.n	100038ca <_vsnprintf+0xb62>
10003858:	2361      	movs	r3, #97	@ 0x61
1000385a:	0682      	lsls	r2, r0, #26
1000385c:	d500      	bpl.n	10003860 <_vsnprintf+0xaf8>
1000385e:	2341      	movs	r3, #65	@ 0x41
10003860:	b2db      	uxtb	r3, r3
10003862:	3b0a      	subs	r3, #10
10003864:	930c      	str	r3, [sp, #48]	@ 0x30
10003866:	4643      	mov	r3, r8
10003868:	9316      	str	r3, [sp, #88]	@ 0x58
1000386a:	4653      	mov	r3, sl
1000386c:	a914      	add	r1, sp, #80	@ 0x50
1000386e:	221f      	movs	r2, #31
10003870:	468c      	mov	ip, r1
10003872:	9317      	str	r3, [sp, #92]	@ 0x5c
10003874:	002b      	movs	r3, r5
10003876:	4462      	add	r2, ip
10003878:	46a0      	mov	r8, r4
1000387a:	464d      	mov	r5, r9
1000387c:	46b2      	mov	sl, r6
1000387e:	9718      	str	r7, [sp, #96]	@ 0x60
10003880:	4699      	mov	r9, r3
10003882:	0017      	movs	r7, r2
10003884:	9c14      	ldr	r4, [sp, #80]	@ 0x50
10003886:	9e0d      	ldr	r6, [sp, #52]	@ 0x34
10003888:	9015      	str	r0, [sp, #84]	@ 0x54
1000388a:	e008      	b.n	1000389e <_vsnprintf+0xb36>
1000388c:	3330      	adds	r3, #48	@ 0x30
1000388e:	b2db      	uxtb	r3, r3
10003890:	3401      	adds	r4, #1
10003892:	553b      	strb	r3, [r7, r4]
10003894:	42b5      	cmp	r5, r6
10003896:	d30e      	bcc.n	100038b6 <_vsnprintf+0xb4e>
10003898:	2c20      	cmp	r4, #32
1000389a:	d00c      	beq.n	100038b6 <_vsnprintf+0xb4e>
1000389c:	0005      	movs	r5, r0
1000389e:	0031      	movs	r1, r6
100038a0:	0028      	movs	r0, r5
100038a2:	f7fe f825 	bl	100018f0 <__wrap___aeabi_uidiv>
100038a6:	b2cb      	uxtb	r3, r1
100038a8:	2909      	cmp	r1, #9
100038aa:	d9ef      	bls.n	1000388c <_vsnprintf+0xb24>
100038ac:	9a0c      	ldr	r2, [sp, #48]	@ 0x30
100038ae:	4694      	mov	ip, r2
100038b0:	4463      	add	r3, ip
100038b2:	b2db      	uxtb	r3, r3
100038b4:	e7ec      	b.n	10003890 <_vsnprintf+0xb28>
100038b6:	9b16      	ldr	r3, [sp, #88]	@ 0x58
100038b8:	9414      	str	r4, [sp, #80]	@ 0x50
100038ba:	4644      	mov	r4, r8
100038bc:	4698      	mov	r8, r3
100038be:	9b17      	ldr	r3, [sp, #92]	@ 0x5c
100038c0:	4656      	mov	r6, sl
100038c2:	464d      	mov	r5, r9
100038c4:	469a      	mov	sl, r3
100038c6:	9815      	ldr	r0, [sp, #84]	@ 0x54
100038c8:	9f18      	ldr	r7, [sp, #96]	@ 0x60
100038ca:	4643      	mov	r3, r8
100038cc:	9305      	str	r3, [sp, #20]
100038ce:	4653      	mov	r3, sl
100038d0:	9304      	str	r3, [sp, #16]
100038d2:	9b0d      	ldr	r3, [sp, #52]	@ 0x34
100038d4:	9006      	str	r0, [sp, #24]
100038d6:	9303      	str	r3, [sp, #12]
100038d8:	2300      	movs	r3, #0
100038da:	9302      	str	r3, [sp, #8]
100038dc:	9b14      	ldr	r3, [sp, #80]	@ 0x50
100038de:	e5eb      	b.n	100034b8 <_vsnprintf+0x750>
100038e0:	2800      	cmp	r0, #0
100038e2:	d1a1      	bne.n	10003828 <_vsnprintf+0xac0>
100038e4:	e772      	b.n	100037cc <_vsnprintf+0xa64>
100038e6:	9b0c      	ldr	r3, [sp, #48]	@ 0x30
100038e8:	681b      	ldr	r3, [r3, #0]
100038ea:	17d9      	asrs	r1, r3, #31
100038ec:	185a      	adds	r2, r3, r1
100038ee:	404a      	eors	r2, r1
100038f0:	e5a6      	b.n	10003440 <_vsnprintf+0x6d8>
100038f2:	2380      	movs	r3, #128	@ 0x80
100038f4:	0010      	movs	r0, r2
100038f6:	00db      	lsls	r3, r3, #3
100038f8:	4018      	ands	r0, r3
100038fa:	469c      	mov	ip, r3
100038fc:	900f      	str	r0, [sp, #60]	@ 0x3c
100038fe:	421a      	tst	r2, r3
10003900:	d00f      	beq.n	10003922 <_vsnprintf+0xbba>
10003902:	2002      	movs	r0, #2
10003904:	0003      	movs	r3, r0
10003906:	4013      	ands	r3, r2
10003908:	930f      	str	r3, [sp, #60]	@ 0x3c
1000390a:	4210      	tst	r0, r2
1000390c:	d019      	beq.n	10003942 <_vsnprintf+0xbda>
1000390e:	2300      	movs	r3, #0
10003910:	46a1      	mov	r9, r4
10003912:	930f      	str	r3, [sp, #60]	@ 0x3c
10003914:	e54c      	b.n	100033b0 <_vsnprintf+0x648>
10003916:	9b0c      	ldr	r3, [sp, #48]	@ 0x30
10003918:	681b      	ldr	r3, [r3, #0]
1000391a:	9309      	str	r3, [sp, #36]	@ 0x24
1000391c:	e4e4      	b.n	100032e8 <_vsnprintf+0x580>
1000391e:	000a      	movs	r2, r1
10003920:	e434      	b.n	1000318c <_vsnprintf+0x424>
10003922:	2302      	movs	r3, #2
10003924:	0018      	movs	r0, r3
10003926:	4010      	ands	r0, r2
10003928:	900d      	str	r0, [sp, #52]	@ 0x34
1000392a:	4213      	tst	r3, r2
1000392c:	d000      	beq.n	10003930 <_vsnprintf+0xbc8>
1000392e:	e53e      	b.n	100033ae <_vsnprintf+0x646>
10003930:	4643      	mov	r3, r8
10003932:	2b00      	cmp	r3, #0
10003934:	d000      	beq.n	10003938 <_vsnprintf+0xbd0>
10003936:	e642      	b.n	100035be <_vsnprintf+0x856>
10003938:	f7ff fb71 	bl	1000301e <_vsnprintf+0x2b6>
1000393c:	3301      	adds	r3, #1
1000393e:	930f      	str	r3, [sp, #60]	@ 0x3c
10003940:	e47f      	b.n	10003242 <_vsnprintf+0x4da>
10003942:	4663      	mov	r3, ip
10003944:	930d      	str	r3, [sp, #52]	@ 0x34
10003946:	e7f3      	b.n	10003930 <_vsnprintf+0xbc8>

10003948 <vfctprintf>:
10003948:	b510      	push	{r4, lr}
1000394a:	000c      	movs	r4, r1
1000394c:	b084      	sub	sp, #16
1000394e:	9403      	str	r4, [sp, #12]
10003950:	2401      	movs	r4, #1
10003952:	a902      	add	r1, sp, #8
10003954:	9002      	str	r0, [sp, #8]
10003956:	9300      	str	r3, [sp, #0]
10003958:	4803      	ldr	r0, [pc, #12]	@ (10003968 <vfctprintf+0x20>)
1000395a:	0013      	movs	r3, r2
1000395c:	4262      	negs	r2, r4
1000395e:	f7ff fa03 	bl	10002d68 <_vsnprintf>
10003962:	b004      	add	sp, #16
10003964:	bd10      	pop	{r4, pc}
10003966:	46c0      	nop			@ (mov r8, r8)
10003968:	10002335 	.word	0x10002335

1000396c <weak_raw_vprintf>:
1000396c:	b510      	push	{r4, lr}
1000396e:	4a09      	ldr	r2, [pc, #36]	@ (10003994 <weak_raw_vprintf+0x28>)
10003970:	0003      	movs	r3, r0
10003972:	6814      	ldr	r4, [r2, #0]
10003974:	b084      	sub	sp, #16
10003976:	2c00      	cmp	r4, #0
10003978:	d008      	beq.n	1000398c <weak_raw_vprintf+0x20>
1000397a:	2201      	movs	r2, #1
1000397c:	9100      	str	r1, [sp, #0]
1000397e:	4806      	ldr	r0, [pc, #24]	@ (10003998 <weak_raw_vprintf+0x2c>)
10003980:	4252      	negs	r2, r2
10003982:	a903      	add	r1, sp, #12
10003984:	47a0      	blx	r4
10003986:	2001      	movs	r0, #1
10003988:	b004      	add	sp, #16
1000398a:	bd10      	pop	{r4, pc}
1000398c:	f000 f99c 	bl	10003cc8 <__wrap_puts>
10003990:	2000      	movs	r0, #0
10003992:	e7f9      	b.n	10003988 <weak_raw_vprintf+0x1c>
10003994:	20001f9c 	.word	0x20001f9c
10003998:	10002325 	.word	0x10002325

1000399c <_exit>:
1000399c:	2100      	movs	r1, #0
1000399e:	2000      	movs	r0, #0
100039a0:	b510      	push	{r4, lr}
100039a2:	f7fd fe1d 	bl	100015e0 <rom_reset_usb_boot>
100039a6:	46c0      	nop			@ (mov r8, r8)

100039a8 <exit>:
100039a8:	b510      	push	{r4, lr}
100039aa:	f7ff fff7 	bl	1000399c <_exit>
100039ae:	46c0      	nop			@ (mov r8, r8)

100039b0 <runtime_init>:
100039b0:	b570      	push	{r4, r5, r6, lr}
100039b2:	f7fd fe51 	bl	10001658 <runtime_run_initializers>
100039b6:	4d07      	ldr	r5, [pc, #28]	@ (100039d4 <runtime_init+0x24>)
100039b8:	4e07      	ldr	r6, [pc, #28]	@ (100039d8 <runtime_init+0x28>)
100039ba:	42b5      	cmp	r5, r6
100039bc:	d209      	bcs.n	100039d2 <runtime_init+0x22>
100039be:	2400      	movs	r4, #0
100039c0:	3e01      	subs	r6, #1
100039c2:	1b76      	subs	r6, r6, r5
100039c4:	08b6      	lsrs	r6, r6, #2
100039c6:	cd08      	ldmia	r5!, {r3}
100039c8:	4798      	blx	r3
100039ca:	0023      	movs	r3, r4
100039cc:	3401      	adds	r4, #1
100039ce:	42b3      	cmp	r3, r6
100039d0:	d1f9      	bne.n	100039c6 <runtime_init+0x16>
100039d2:	bd70      	pop	{r4, r5, r6, pc}
100039d4:	10009a24 	.word	0x10009a24
100039d8:	10009a30 	.word	0x10009a30

100039dc <stdio_out_chars_no_crlf>:
100039dc:	0003      	movs	r3, r0
100039de:	b510      	push	{r4, lr}
100039e0:	0008      	movs	r0, r1
100039e2:	0011      	movs	r1, r2
100039e4:	681b      	ldr	r3, [r3, #0]
100039e6:	4798      	blx	r3
100039e8:	bd10      	pop	{r4, pc}
100039ea:	46c0      	nop			@ (mov r8, r8)

100039ec <stdio_out_chars_crlf>:
100039ec:	b5f0      	push	{r4, r5, r6, r7, lr}
100039ee:	46c6      	mov	lr, r8
100039f0:	b500      	push	{lr}
100039f2:	7d43      	ldrb	r3, [r0, #21]
100039f4:	0007      	movs	r7, r0
100039f6:	000c      	movs	r4, r1
100039f8:	0016      	movs	r6, r2
100039fa:	2b00      	cmp	r3, #0
100039fc:	d046      	beq.n	10003a8c <stdio_out_chars_crlf+0xa0>
100039fe:	2a00      	cmp	r2, #0
10003a00:	dd17      	ble.n	10003a32 <stdio_out_chars_crlf+0x46>
10003a02:	780b      	ldrb	r3, [r1, #0]
10003a04:	2b0a      	cmp	r3, #10
10003a06:	d024      	beq.n	10003a52 <stdio_out_chars_crlf+0x66>
10003a08:	2300      	movs	r3, #0
10003a0a:	4698      	mov	r8, r3
10003a0c:	2e01      	cmp	r6, #1
10003a0e:	d013      	beq.n	10003a38 <stdio_out_chars_crlf+0x4c>
10003a10:	2501      	movs	r5, #1
10003a12:	0029      	movs	r1, r5
10003a14:	5c63      	ldrb	r3, [r4, r1]
10003a16:	3501      	adds	r5, #1
10003a18:	2b0a      	cmp	r3, #10
10003a1a:	d026      	beq.n	10003a6a <stdio_out_chars_crlf+0x7e>
10003a1c:	42b5      	cmp	r5, r6
10003a1e:	d1f8      	bne.n	10003a12 <stdio_out_chars_crlf+0x26>
10003a20:	4546      	cmp	r6, r8
10003a22:	dc09      	bgt.n	10003a38 <stdio_out_chars_crlf+0x4c>
10003a24:	19a4      	adds	r4, r4, r6
10003a26:	3c01      	subs	r4, #1
10003a28:	7823      	ldrb	r3, [r4, #0]
10003a2a:	3b0d      	subs	r3, #13
10003a2c:	425a      	negs	r2, r3
10003a2e:	4153      	adcs	r3, r2
10003a30:	753b      	strb	r3, [r7, #20]
10003a32:	bc80      	pop	{r7}
10003a34:	46b8      	mov	r8, r7
10003a36:	bdf0      	pop	{r4, r5, r6, r7, pc}
10003a38:	4643      	mov	r3, r8
10003a3a:	18e0      	adds	r0, r4, r3
10003a3c:	19a4      	adds	r4, r4, r6
10003a3e:	1af1      	subs	r1, r6, r3
10003a40:	3c01      	subs	r4, #1
10003a42:	683b      	ldr	r3, [r7, #0]
10003a44:	4798      	blx	r3
10003a46:	7823      	ldrb	r3, [r4, #0]
10003a48:	3b0d      	subs	r3, #13
10003a4a:	425a      	negs	r2, r3
10003a4c:	4153      	adcs	r3, r2
10003a4e:	753b      	strb	r3, [r7, #20]
10003a50:	e7ef      	b.n	10003a32 <stdio_out_chars_crlf+0x46>
10003a52:	7d03      	ldrb	r3, [r0, #20]
10003a54:	2b00      	cmp	r3, #0
10003a56:	d1d7      	bne.n	10003a08 <stdio_out_chars_crlf+0x1c>
10003a58:	2102      	movs	r1, #2
10003a5a:	480f      	ldr	r0, [pc, #60]	@ (10003a98 <stdio_out_chars_crlf+0xac>)
10003a5c:	683b      	ldr	r3, [r7, #0]
10003a5e:	4798      	blx	r3
10003a60:	2e01      	cmp	r6, #1
10003a62:	d0df      	beq.n	10003a24 <stdio_out_chars_crlf+0x38>
10003a64:	2301      	movs	r3, #1
10003a66:	4698      	mov	r8, r3
10003a68:	e7d2      	b.n	10003a10 <stdio_out_chars_crlf+0x24>
10003a6a:	1e63      	subs	r3, r4, #1
10003a6c:	5c5b      	ldrb	r3, [r3, r1]
10003a6e:	2b0d      	cmp	r3, #13
10003a70:	d0d4      	beq.n	10003a1c <stdio_out_chars_crlf+0x30>
10003a72:	4588      	cmp	r8, r1
10003a74:	da04      	bge.n	10003a80 <stdio_out_chars_crlf+0x94>
10003a76:	4643      	mov	r3, r8
10003a78:	1ac9      	subs	r1, r1, r3
10003a7a:	18e0      	adds	r0, r4, r3
10003a7c:	683b      	ldr	r3, [r7, #0]
10003a7e:	4798      	blx	r3
10003a80:	2102      	movs	r1, #2
10003a82:	4805      	ldr	r0, [pc, #20]	@ (10003a98 <stdio_out_chars_crlf+0xac>)
10003a84:	683b      	ldr	r3, [r7, #0]
10003a86:	46a8      	mov	r8, r5
10003a88:	4798      	blx	r3
10003a8a:	e7c7      	b.n	10003a1c <stdio_out_chars_crlf+0x30>
10003a8c:	6803      	ldr	r3, [r0, #0]
10003a8e:	0011      	movs	r1, r2
10003a90:	0020      	movs	r0, r4
10003a92:	4798      	blx	r3
10003a94:	e7cd      	b.n	10003a32 <stdio_out_chars_crlf+0x46>
10003a96:	46c0      	nop			@ (mov r8, r8)
10003a98:	10009e60 	.word	0x10009e60

10003a9c <stdio_buffered_printer>:
10003a9c:	b5f0      	push	{r4, r5, r6, r7, lr}
10003a9e:	46c6      	mov	lr, r8
10003aa0:	680b      	ldr	r3, [r1, #0]
10003aa2:	0006      	movs	r6, r0
10003aa4:	000c      	movs	r4, r1
10003aa6:	b500      	push	{lr}
10003aa8:	2b80      	cmp	r3, #128	@ 0x80
10003aaa:	d006      	beq.n	10003aba <stdio_buffered_printer+0x1e>
10003aac:	1c5a      	adds	r2, r3, #1
10003aae:	6022      	str	r2, [r4, #0]
10003ab0:	18e4      	adds	r4, r4, r3
10003ab2:	7126      	strb	r6, [r4, #4]
10003ab4:	bc80      	pop	{r7}
10003ab6:	46b8      	mov	r8, r7
10003ab8:	bdf0      	pop	{r4, r5, r6, r7, pc}
10003aba:	4b0f      	ldr	r3, [pc, #60]	@ (10003af8 <stdio_buffered_printer+0x5c>)
10003abc:	681d      	ldr	r5, [r3, #0]
10003abe:	2d00      	cmp	r5, #0
10003ac0:	d016      	beq.n	10003af0 <stdio_buffered_printer+0x54>
10003ac2:	1d0b      	adds	r3, r1, #4
10003ac4:	4698      	mov	r8, r3
10003ac6:	4f0d      	ldr	r7, [pc, #52]	@ (10003afc <stdio_buffered_printer+0x60>)
10003ac8:	e002      	b.n	10003ad0 <stdio_buffered_printer+0x34>
10003aca:	692d      	ldr	r5, [r5, #16]
10003acc:	2d00      	cmp	r5, #0
10003ace:	d00f      	beq.n	10003af0 <stdio_buffered_printer+0x54>
10003ad0:	682b      	ldr	r3, [r5, #0]
10003ad2:	2b00      	cmp	r3, #0
10003ad4:	d0f9      	beq.n	10003aca <stdio_buffered_printer+0x2e>
10003ad6:	683b      	ldr	r3, [r7, #0]
10003ad8:	2b00      	cmp	r3, #0
10003ada:	d001      	beq.n	10003ae0 <stdio_buffered_printer+0x44>
10003adc:	42ab      	cmp	r3, r5
10003ade:	d1f4      	bne.n	10003aca <stdio_buffered_printer+0x2e>
10003ae0:	0028      	movs	r0, r5
10003ae2:	4641      	mov	r1, r8
10003ae4:	6822      	ldr	r2, [r4, #0]
10003ae6:	f7ff ff81 	bl	100039ec <stdio_out_chars_crlf>
10003aea:	692d      	ldr	r5, [r5, #16]
10003aec:	2d00      	cmp	r5, #0
10003aee:	d1ef      	bne.n	10003ad0 <stdio_buffered_printer+0x34>
10003af0:	2201      	movs	r2, #1
10003af2:	2300      	movs	r3, #0
10003af4:	e7db      	b.n	10003aae <stdio_buffered_printer+0x12>
10003af6:	46c0      	nop			@ (mov r8, r8)
10003af8:	20001b90 	.word	0x20001b90
10003afc:	20001b98 	.word	0x20001b98

10003b00 <stdio_put_string>:
10003b00:	b5f0      	push	{r4, r5, r6, r7, lr}
10003b02:	4645      	mov	r5, r8
10003b04:	46de      	mov	lr, fp
10003b06:	464e      	mov	r6, r9
10003b08:	4657      	mov	r7, sl
10003b0a:	b5e0      	push	{r5, r6, r7, lr}
10003b0c:	b083      	sub	sp, #12
10003b0e:	4691      	mov	r9, r2
10003b10:	001c      	movs	r4, r3
10003b12:	4680      	mov	r8, r0
10003b14:	000d      	movs	r5, r1
10003b16:	f7fd fb7b 	bl	10001210 <time_us_64>
10003b1a:	2300      	movs	r3, #0
10003b1c:	4a30      	ldr	r2, [pc, #192]	@ (10003be0 <stdio_put_string+0xe0>)
10003b1e:	1812      	adds	r2, r2, r0
10003b20:	414b      	adcs	r3, r1
10003b22:	2b00      	cmp	r3, #0
10003b24:	da02      	bge.n	10003b2c <stdio_put_string+0x2c>
10003b26:	2201      	movs	r2, #1
10003b28:	4b2e      	ldr	r3, [pc, #184]	@ (10003be4 <stdio_put_string+0xe4>)
10003b2a:	4252      	negs	r2, r2
10003b2c:	492e      	ldr	r1, [pc, #184]	@ (10003be8 <stdio_put_string+0xe8>)
10003b2e:	0008      	movs	r0, r1
10003b30:	468a      	mov	sl, r1
10003b32:	f005 ff39 	bl	100099a8 <__mutex_try_enter_block_until_veneer>
10003b36:	0007      	movs	r7, r0
10003b38:	1c6b      	adds	r3, r5, #1
10003b3a:	d103      	bne.n	10003b44 <stdio_put_string+0x44>
10003b3c:	4640      	mov	r0, r8
10003b3e:	f005 fec3 	bl	100098c8 <strlen>
10003b42:	0005      	movs	r5, r0
10003b44:	2c00      	cmp	r4, #0
10003b46:	d027      	beq.n	10003b98 <stdio_put_string+0x98>
10003b48:	4e28      	ldr	r6, [pc, #160]	@ (10003bec <stdio_put_string+0xec>)
10003b4a:	4b29      	ldr	r3, [pc, #164]	@ (10003bf0 <stdio_put_string+0xf0>)
10003b4c:	681c      	ldr	r4, [r3, #0]
10003b4e:	2c00      	cmp	r4, #0
10003b50:	d018      	beq.n	10003b84 <stdio_put_string+0x84>
10003b52:	464b      	mov	r3, r9
10003b54:	2b00      	cmp	r3, #0
10003b56:	d121      	bne.n	10003b9c <stdio_put_string+0x9c>
10003b58:	4b26      	ldr	r3, [pc, #152]	@ (10003bf4 <stdio_put_string+0xf4>)
10003b5a:	4699      	mov	r9, r3
10003b5c:	e002      	b.n	10003b64 <stdio_put_string+0x64>
10003b5e:	6924      	ldr	r4, [r4, #16]
10003b60:	2c00      	cmp	r4, #0
10003b62:	d00f      	beq.n	10003b84 <stdio_put_string+0x84>
10003b64:	6823      	ldr	r3, [r4, #0]
10003b66:	2b00      	cmp	r3, #0
10003b68:	d0f9      	beq.n	10003b5e <stdio_put_string+0x5e>
10003b6a:	464b      	mov	r3, r9
10003b6c:	681b      	ldr	r3, [r3, #0]
10003b6e:	2b00      	cmp	r3, #0
10003b70:	d001      	beq.n	10003b76 <stdio_put_string+0x76>
10003b72:	429c      	cmp	r4, r3
10003b74:	d1f3      	bne.n	10003b5e <stdio_put_string+0x5e>
10003b76:	0020      	movs	r0, r4
10003b78:	002a      	movs	r2, r5
10003b7a:	4641      	mov	r1, r8
10003b7c:	47b0      	blx	r6
10003b7e:	6924      	ldr	r4, [r4, #16]
10003b80:	2c00      	cmp	r4, #0
10003b82:	d1ef      	bne.n	10003b64 <stdio_put_string+0x64>
10003b84:	2f00      	cmp	r7, #0
10003b86:	d126      	bne.n	10003bd6 <stdio_put_string+0xd6>
10003b88:	0028      	movs	r0, r5
10003b8a:	b003      	add	sp, #12
10003b8c:	bcf0      	pop	{r4, r5, r6, r7}
10003b8e:	46bb      	mov	fp, r7
10003b90:	46b2      	mov	sl, r6
10003b92:	46a9      	mov	r9, r5
10003b94:	46a0      	mov	r8, r4
10003b96:	bdf0      	pop	{r4, r5, r6, r7, pc}
10003b98:	4e17      	ldr	r6, [pc, #92]	@ (10003bf8 <stdio_put_string+0xf8>)
10003b9a:	e7d6      	b.n	10003b4a <stdio_put_string+0x4a>
10003b9c:	4b15      	ldr	r3, [pc, #84]	@ (10003bf4 <stdio_put_string+0xf4>)
10003b9e:	4699      	mov	r9, r3
10003ba0:	230a      	movs	r3, #10
10003ba2:	469b      	mov	fp, r3
10003ba4:	e002      	b.n	10003bac <stdio_put_string+0xac>
10003ba6:	6924      	ldr	r4, [r4, #16]
10003ba8:	2c00      	cmp	r4, #0
10003baa:	d0eb      	beq.n	10003b84 <stdio_put_string+0x84>
10003bac:	6823      	ldr	r3, [r4, #0]
10003bae:	2b00      	cmp	r3, #0
10003bb0:	d0f9      	beq.n	10003ba6 <stdio_put_string+0xa6>
10003bb2:	464b      	mov	r3, r9
10003bb4:	681b      	ldr	r3, [r3, #0]
10003bb6:	2b00      	cmp	r3, #0
10003bb8:	d001      	beq.n	10003bbe <stdio_put_string+0xbe>
10003bba:	42a3      	cmp	r3, r4
10003bbc:	d1f3      	bne.n	10003ba6 <stdio_put_string+0xa6>
10003bbe:	002a      	movs	r2, r5
10003bc0:	4641      	mov	r1, r8
10003bc2:	0020      	movs	r0, r4
10003bc4:	47b0      	blx	r6
10003bc6:	466b      	mov	r3, sp
10003bc8:	465a      	mov	r2, fp
10003bca:	0020      	movs	r0, r4
10003bcc:	71da      	strb	r2, [r3, #7]
10003bce:	1dd9      	adds	r1, r3, #7
10003bd0:	2201      	movs	r2, #1
10003bd2:	47b0      	blx	r6
10003bd4:	e7e7      	b.n	10003ba6 <stdio_put_string+0xa6>
10003bd6:	4650      	mov	r0, sl
10003bd8:	f005 feae 	bl	10009938 <__mutex_exit_veneer>
10003bdc:	e7d4      	b.n	10003b88 <stdio_put_string+0x88>
10003bde:	46c0      	nop			@ (mov r8, r8)
10003be0:	000f4240 	.word	0x000f4240
10003be4:	7fffffff 	.word	0x7fffffff
10003be8:	200010b0 	.word	0x200010b0
10003bec:	100039ed 	.word	0x100039ed
10003bf0:	20001b90 	.word	0x20001b90
10003bf4:	20001b98 	.word	0x20001b98
10003bf8:	100039dd 	.word	0x100039dd

10003bfc <stdio_set_driver_enabled>:
10003bfc:	4a0a      	ldr	r2, [pc, #40]	@ (10003c28 <stdio_set_driver_enabled+0x2c>)
10003bfe:	6813      	ldr	r3, [r2, #0]
10003c00:	2b00      	cmp	r3, #0
10003c02:	d105      	bne.n	10003c10 <stdio_set_driver_enabled+0x14>
10003c04:	e00c      	b.n	10003c20 <stdio_set_driver_enabled+0x24>
10003c06:	001a      	movs	r2, r3
10003c08:	691b      	ldr	r3, [r3, #16]
10003c0a:	3210      	adds	r2, #16
10003c0c:	2b00      	cmp	r3, #0
10003c0e:	d007      	beq.n	10003c20 <stdio_set_driver_enabled+0x24>
10003c10:	4283      	cmp	r3, r0
10003c12:	d1f8      	bne.n	10003c06 <stdio_set_driver_enabled+0xa>
10003c14:	2900      	cmp	r1, #0
10003c16:	d102      	bne.n	10003c1e <stdio_set_driver_enabled+0x22>
10003c18:	6918      	ldr	r0, [r3, #16]
10003c1a:	6010      	str	r0, [r2, #0]
10003c1c:	6119      	str	r1, [r3, #16]
10003c1e:	4770      	bx	lr
10003c20:	2900      	cmp	r1, #0
10003c22:	d0fc      	beq.n	10003c1e <stdio_set_driver_enabled+0x22>
10003c24:	6010      	str	r0, [r2, #0]
10003c26:	e7fa      	b.n	10003c1e <stdio_set_driver_enabled+0x22>
10003c28:	20001b90 	.word	0x20001b90

10003c2c <stdio_init_all>:
10003c2c:	b510      	push	{r4, lr}
10003c2e:	f000 faf1 	bl	10004214 <stdio_usb_init>
10003c32:	bd10      	pop	{r4, pc}

10003c34 <__wrap_putchar>:
10003c34:	b5f0      	push	{r4, r5, r6, r7, lr}
10003c36:	46ce      	mov	lr, r9
10003c38:	4647      	mov	r7, r8
10003c3a:	b580      	push	{r7, lr}
10003c3c:	b083      	sub	sp, #12
10003c3e:	466b      	mov	r3, sp
10003c40:	0006      	movs	r6, r0
10003c42:	1ddd      	adds	r5, r3, #7
10003c44:	7028      	strb	r0, [r5, #0]
10003c46:	f7fd fae3 	bl	10001210 <time_us_64>
10003c4a:	2300      	movs	r3, #0
10003c4c:	4a19      	ldr	r2, [pc, #100]	@ (10003cb4 <__wrap_putchar+0x80>)
10003c4e:	1812      	adds	r2, r2, r0
10003c50:	414b      	adcs	r3, r1
10003c52:	2b00      	cmp	r3, #0
10003c54:	da02      	bge.n	10003c5c <__wrap_putchar+0x28>
10003c56:	2201      	movs	r2, #1
10003c58:	4b17      	ldr	r3, [pc, #92]	@ (10003cb8 <__wrap_putchar+0x84>)
10003c5a:	4252      	negs	r2, r2
10003c5c:	4917      	ldr	r1, [pc, #92]	@ (10003cbc <__wrap_putchar+0x88>)
10003c5e:	0008      	movs	r0, r1
10003c60:	4688      	mov	r8, r1
10003c62:	f005 fea1 	bl	100099a8 <__mutex_try_enter_block_until_veneer>
10003c66:	4b16      	ldr	r3, [pc, #88]	@ (10003cc0 <__wrap_putchar+0x8c>)
10003c68:	4681      	mov	r9, r0
10003c6a:	681c      	ldr	r4, [r3, #0]
10003c6c:	2c00      	cmp	r4, #0
10003c6e:	d014      	beq.n	10003c9a <__wrap_putchar+0x66>
10003c70:	4f14      	ldr	r7, [pc, #80]	@ (10003cc4 <__wrap_putchar+0x90>)
10003c72:	e002      	b.n	10003c7a <__wrap_putchar+0x46>
10003c74:	6924      	ldr	r4, [r4, #16]
10003c76:	2c00      	cmp	r4, #0
10003c78:	d00f      	beq.n	10003c9a <__wrap_putchar+0x66>
10003c7a:	6823      	ldr	r3, [r4, #0]
10003c7c:	2b00      	cmp	r3, #0
10003c7e:	d0f9      	beq.n	10003c74 <__wrap_putchar+0x40>
10003c80:	683b      	ldr	r3, [r7, #0]
10003c82:	2b00      	cmp	r3, #0
10003c84:	d001      	beq.n	10003c8a <__wrap_putchar+0x56>
10003c86:	429c      	cmp	r4, r3
10003c88:	d1f4      	bne.n	10003c74 <__wrap_putchar+0x40>
10003c8a:	0020      	movs	r0, r4
10003c8c:	2201      	movs	r2, #1
10003c8e:	0029      	movs	r1, r5
10003c90:	f7ff feac 	bl	100039ec <stdio_out_chars_crlf>
10003c94:	6924      	ldr	r4, [r4, #16]
10003c96:	2c00      	cmp	r4, #0
10003c98:	d1ef      	bne.n	10003c7a <__wrap_putchar+0x46>
10003c9a:	464b      	mov	r3, r9
10003c9c:	2b00      	cmp	r3, #0
10003c9e:	d105      	bne.n	10003cac <__wrap_putchar+0x78>
10003ca0:	0030      	movs	r0, r6
10003ca2:	b003      	add	sp, #12
10003ca4:	bcc0      	pop	{r6, r7}
10003ca6:	46b9      	mov	r9, r7
10003ca8:	46b0      	mov	r8, r6
10003caa:	bdf0      	pop	{r4, r5, r6, r7, pc}
10003cac:	4640      	mov	r0, r8
10003cae:	f005 fe43 	bl	10009938 <__mutex_exit_veneer>
10003cb2:	e7f5      	b.n	10003ca0 <__wrap_putchar+0x6c>
10003cb4:	000f4240 	.word	0x000f4240
10003cb8:	7fffffff 	.word	0x7fffffff
10003cbc:	200010b0 	.word	0x200010b0
10003cc0:	20001b90 	.word	0x20001b90
10003cc4:	20001b98 	.word	0x20001b98

10003cc8 <__wrap_puts>:
10003cc8:	b570      	push	{r4, r5, r6, lr}
10003cca:	0004      	movs	r4, r0
10003ccc:	f005 fdfc 	bl	100098c8 <strlen>
10003cd0:	2301      	movs	r3, #1
10003cd2:	0001      	movs	r1, r0
10003cd4:	0005      	movs	r5, r0
10003cd6:	2201      	movs	r2, #1
10003cd8:	0020      	movs	r0, r4
10003cda:	f7ff ff11 	bl	10003b00 <stdio_put_string>
10003cde:	4b08      	ldr	r3, [pc, #32]	@ (10003d00 <__wrap_puts+0x38>)
10003ce0:	681c      	ldr	r4, [r3, #0]
10003ce2:	2c00      	cmp	r4, #0
10003ce4:	d006      	beq.n	10003cf4 <__wrap_puts+0x2c>
10003ce6:	6863      	ldr	r3, [r4, #4]
10003ce8:	2b00      	cmp	r3, #0
10003cea:	d005      	beq.n	10003cf8 <__wrap_puts+0x30>
10003cec:	4798      	blx	r3
10003cee:	6924      	ldr	r4, [r4, #16]
10003cf0:	2c00      	cmp	r4, #0
10003cf2:	d1f8      	bne.n	10003ce6 <__wrap_puts+0x1e>
10003cf4:	0028      	movs	r0, r5
10003cf6:	bd70      	pop	{r4, r5, r6, pc}
10003cf8:	6924      	ldr	r4, [r4, #16]
10003cfa:	2c00      	cmp	r4, #0
10003cfc:	d1f3      	bne.n	10003ce6 <__wrap_puts+0x1e>
10003cfe:	e7f9      	b.n	10003cf4 <__wrap_puts+0x2c>
10003d00:	20001b90 	.word	0x20001b90

10003d04 <__wrap_vprintf>:
10003d04:	b5f0      	push	{r4, r5, r6, r7, lr}
10003d06:	46ce      	mov	lr, r9
10003d08:	4647      	mov	r7, r8
10003d0a:	b580      	push	{r7, lr}
10003d0c:	b0a3      	sub	sp, #140	@ 0x8c
10003d0e:	0004      	movs	r4, r0
10003d10:	000d      	movs	r5, r1
10003d12:	f7fd fa7d 	bl	10001210 <time_us_64>
10003d16:	2300      	movs	r3, #0
10003d18:	4a27      	ldr	r2, [pc, #156]	@ (10003db8 <__wrap_vprintf+0xb4>)
10003d1a:	1812      	adds	r2, r2, r0
10003d1c:	414b      	adcs	r3, r1
10003d1e:	2b00      	cmp	r3, #0
10003d20:	da02      	bge.n	10003d28 <__wrap_vprintf+0x24>
10003d22:	2201      	movs	r2, #1
10003d24:	4b25      	ldr	r3, [pc, #148]	@ (10003dbc <__wrap_vprintf+0xb8>)
10003d26:	4252      	negs	r2, r2
10003d28:	4e25      	ldr	r6, [pc, #148]	@ (10003dc0 <__wrap_vprintf+0xbc>)
10003d2a:	0030      	movs	r0, r6
10003d2c:	f005 fe3c 	bl	100099a8 <__mutex_try_enter_block_until_veneer>
10003d30:	2300      	movs	r3, #0
10003d32:	0022      	movs	r2, r4
10003d34:	9301      	str	r3, [sp, #4]
10003d36:	0007      	movs	r7, r0
10003d38:	002b      	movs	r3, r5
10003d3a:	4822      	ldr	r0, [pc, #136]	@ (10003dc4 <__wrap_vprintf+0xc0>)
10003d3c:	a901      	add	r1, sp, #4
10003d3e:	f7ff fe03 	bl	10003948 <vfctprintf>
10003d42:	4b21      	ldr	r3, [pc, #132]	@ (10003dc8 <__wrap_vprintf+0xc4>)
10003d44:	4680      	mov	r8, r0
10003d46:	4699      	mov	r9, r3
10003d48:	681c      	ldr	r4, [r3, #0]
10003d4a:	9b01      	ldr	r3, [sp, #4]
10003d4c:	2b00      	cmp	r3, #0
10003d4e:	d01a      	beq.n	10003d86 <__wrap_vprintf+0x82>
10003d50:	2c00      	cmp	r4, #0
10003d52:	d02f      	beq.n	10003db4 <__wrap_vprintf+0xb0>
10003d54:	4d1d      	ldr	r5, [pc, #116]	@ (10003dcc <__wrap_vprintf+0xc8>)
10003d56:	e002      	b.n	10003d5e <__wrap_vprintf+0x5a>
10003d58:	6924      	ldr	r4, [r4, #16]
10003d5a:	2c00      	cmp	r4, #0
10003d5c:	d00f      	beq.n	10003d7e <__wrap_vprintf+0x7a>
10003d5e:	6823      	ldr	r3, [r4, #0]
10003d60:	2b00      	cmp	r3, #0
10003d62:	d0f9      	beq.n	10003d58 <__wrap_vprintf+0x54>
10003d64:	682b      	ldr	r3, [r5, #0]
10003d66:	2b00      	cmp	r3, #0
10003d68:	d001      	beq.n	10003d6e <__wrap_vprintf+0x6a>
10003d6a:	42a3      	cmp	r3, r4
10003d6c:	d1f4      	bne.n	10003d58 <__wrap_vprintf+0x54>
10003d6e:	0020      	movs	r0, r4
10003d70:	9a01      	ldr	r2, [sp, #4]
10003d72:	a902      	add	r1, sp, #8
10003d74:	f7ff fe3a 	bl	100039ec <stdio_out_chars_crlf>
10003d78:	6924      	ldr	r4, [r4, #16]
10003d7a:	2c00      	cmp	r4, #0
10003d7c:	d1ef      	bne.n	10003d5e <__wrap_vprintf+0x5a>
10003d7e:	464b      	mov	r3, r9
10003d80:	681c      	ldr	r4, [r3, #0]
10003d82:	2300      	movs	r3, #0
10003d84:	9301      	str	r3, [sp, #4]
10003d86:	2c00      	cmp	r4, #0
10003d88:	d006      	beq.n	10003d98 <__wrap_vprintf+0x94>
10003d8a:	6863      	ldr	r3, [r4, #4]
10003d8c:	2b00      	cmp	r3, #0
10003d8e:	d00b      	beq.n	10003da8 <__wrap_vprintf+0xa4>
10003d90:	4798      	blx	r3
10003d92:	6924      	ldr	r4, [r4, #16]
10003d94:	2c00      	cmp	r4, #0
10003d96:	d1f8      	bne.n	10003d8a <__wrap_vprintf+0x86>
10003d98:	2f00      	cmp	r7, #0
10003d9a:	d107      	bne.n	10003dac <__wrap_vprintf+0xa8>
10003d9c:	4640      	mov	r0, r8
10003d9e:	b023      	add	sp, #140	@ 0x8c
10003da0:	bcc0      	pop	{r6, r7}
10003da2:	46b9      	mov	r9, r7
10003da4:	46b0      	mov	r8, r6
10003da6:	bdf0      	pop	{r4, r5, r6, r7, pc}
10003da8:	6924      	ldr	r4, [r4, #16]
10003daa:	e7ec      	b.n	10003d86 <__wrap_vprintf+0x82>
10003dac:	0030      	movs	r0, r6
10003dae:	f005 fdc3 	bl	10009938 <__mutex_exit_veneer>
10003db2:	e7f3      	b.n	10003d9c <__wrap_vprintf+0x98>
10003db4:	9401      	str	r4, [sp, #4]
10003db6:	e7ef      	b.n	10003d98 <__wrap_vprintf+0x94>
10003db8:	000f4240 	.word	0x000f4240
10003dbc:	7fffffff 	.word	0x7fffffff
10003dc0:	200010b0 	.word	0x200010b0
10003dc4:	10003a9d 	.word	0x10003a9d
10003dc8:	20001b90 	.word	0x20001b90
10003dcc:	20001b98 	.word	0x20001b98

10003dd0 <__wrap_printf>:
10003dd0:	b40f      	push	{r0, r1, r2, r3}
10003dd2:	b500      	push	{lr}
10003dd4:	b083      	sub	sp, #12
10003dd6:	a904      	add	r1, sp, #16
10003dd8:	c901      	ldmia	r1!, {r0}
10003dda:	9101      	str	r1, [sp, #4]
10003ddc:	f7ff ff92 	bl	10003d04 <__wrap_vprintf>
10003de0:	b003      	add	sp, #12
10003de2:	bc08      	pop	{r3}
10003de4:	b004      	add	sp, #16
10003de6:	4718      	bx	r3

10003de8 <resetd_init>:
10003de8:	4770      	bx	lr
10003dea:	46c0      	nop			@ (mov r8, r8)

10003dec <resetd_reset>:
10003dec:	2200      	movs	r2, #0
10003dee:	4b01      	ldr	r3, [pc, #4]	@ (10003df4 <resetd_reset+0x8>)
10003df0:	701a      	strb	r2, [r3, #0]
10003df2:	4770      	bx	lr
10003df4:	20022495 	.word	0x20022495

10003df8 <resetd_open>:
10003df8:	794b      	ldrb	r3, [r1, #5]
10003dfa:	2000      	movs	r0, #0
10003dfc:	2bff      	cmp	r3, #255	@ 0xff
10003dfe:	d10b      	bne.n	10003e18 <resetd_open+0x20>
10003e00:	798b      	ldrb	r3, [r1, #6]
10003e02:	2b00      	cmp	r3, #0
10003e04:	d108      	bne.n	10003e18 <resetd_open+0x20>
10003e06:	79cb      	ldrb	r3, [r1, #7]
10003e08:	2b01      	cmp	r3, #1
10003e0a:	d105      	bne.n	10003e18 <resetd_open+0x20>
10003e0c:	2a08      	cmp	r2, #8
10003e0e:	d903      	bls.n	10003e18 <resetd_open+0x20>
10003e10:	4b02      	ldr	r3, [pc, #8]	@ (10003e1c <resetd_open+0x24>)
10003e12:	788a      	ldrb	r2, [r1, #2]
10003e14:	3009      	adds	r0, #9
10003e16:	701a      	strb	r2, [r3, #0]
10003e18:	4770      	bx	lr
10003e1a:	46c0      	nop			@ (mov r8, r8)
10003e1c:	20022495 	.word	0x20022495

10003e20 <resetd_xfer_cb>:
10003e20:	2001      	movs	r0, #1
10003e22:	4770      	bx	lr

10003e24 <resetd_control_xfer_cb>:
10003e24:	b510      	push	{r4, lr}
10003e26:	2901      	cmp	r1, #1
10003e28:	d113      	bne.n	10003e52 <resetd_control_xfer_cb+0x2e>
10003e2a:	4912      	ldr	r1, [pc, #72]	@ (10003e74 <resetd_control_xfer_cb+0x50>)
10003e2c:	7953      	ldrb	r3, [r2, #5]
10003e2e:	7910      	ldrb	r0, [r2, #4]
10003e30:	7809      	ldrb	r1, [r1, #0]
10003e32:	021b      	lsls	r3, r3, #8
10003e34:	4303      	orrs	r3, r0
10003e36:	2000      	movs	r0, #0
10003e38:	4299      	cmp	r1, r3
10003e3a:	d000      	beq.n	10003e3e <resetd_control_xfer_cb+0x1a>
10003e3c:	bd10      	pop	{r4, pc}
10003e3e:	7853      	ldrb	r3, [r2, #1]
10003e40:	2b01      	cmp	r3, #1
10003e42:	d008      	beq.n	10003e56 <resetd_control_xfer_cb+0x32>
10003e44:	2b02      	cmp	r3, #2
10003e46:	d1f9      	bne.n	10003e3c <resetd_control_xfer_cb+0x18>
10003e48:	2264      	movs	r2, #100	@ 0x64
10003e4a:	2100      	movs	r1, #0
10003e4c:	2000      	movs	r0, #0
10003e4e:	f7fd fb3f 	bl	100014d0 <watchdog_reboot>
10003e52:	2001      	movs	r0, #1
10003e54:	e7f2      	b.n	10003e3c <resetd_control_xfer_cb+0x18>
10003e56:	78d3      	ldrb	r3, [r2, #3]
10003e58:	7891      	ldrb	r1, [r2, #2]
10003e5a:	021b      	lsls	r3, r3, #8
10003e5c:	4319      	orrs	r1, r3
10003e5e:	0a48      	lsrs	r0, r1, #9
10003e60:	05db      	lsls	r3, r3, #23
10003e62:	d401      	bmi.n	10003e68 <resetd_control_xfer_cb+0x44>
10003e64:	2001      	movs	r0, #1
10003e66:	4240      	negs	r0, r0
10003e68:	237f      	movs	r3, #127	@ 0x7f
10003e6a:	058a      	lsls	r2, r1, #22
10003e6c:	0fd2      	lsrs	r2, r2, #31
10003e6e:	4019      	ands	r1, r3
10003e70:	f7fd fbc4 	bl	100015fc <rom_reset_usb_boot_extra>
10003e74:	20022495 	.word	0x20022495

10003e78 <tud_descriptor_bos_cb>:
10003e78:	4800      	ldr	r0, [pc, #0]	@ (10003e7c <tud_descriptor_bos_cb+0x4>)
10003e7a:	4770      	bx	lr
10003e7c:	10009f2c 	.word	0x10009f2c

10003e80 <tud_vendor_control_xfer_cb>:
10003e80:	b570      	push	{r4, r5, r6, lr}
10003e82:	0005      	movs	r5, r0
10003e84:	0014      	movs	r4, r2
10003e86:	2001      	movs	r0, #1
10003e88:	2901      	cmp	r1, #1
10003e8a:	d109      	bne.n	10003ea0 <tud_vendor_control_xfer_cb+0x20>
10003e8c:	7853      	ldrb	r3, [r2, #1]
10003e8e:	2000      	movs	r0, #0
10003e90:	2b01      	cmp	r3, #1
10003e92:	d105      	bne.n	10003ea0 <tud_vendor_control_xfer_cb+0x20>
10003e94:	7963      	ldrb	r3, [r4, #5]
10003e96:	7912      	ldrb	r2, [r2, #4]
10003e98:	021b      	lsls	r3, r3, #8
10003e9a:	4313      	orrs	r3, r2
10003e9c:	2b07      	cmp	r3, #7
10003e9e:	d000      	beq.n	10003ea2 <tud_vendor_control_xfer_cb+0x22>
10003ea0:	bd70      	pop	{r4, r5, r6, pc}
10003ea2:	0021      	movs	r1, r4
10003ea4:	0028      	movs	r0, r5
10003ea6:	4a02      	ldr	r2, [pc, #8]	@ (10003eb0 <tud_vendor_control_xfer_cb+0x30>)
10003ea8:	339f      	adds	r3, #159	@ 0x9f
10003eaa:	f001 fa55 	bl	10005358 <tud_control_xfer>
10003eae:	e7f7      	b.n	10003ea0 <tud_vendor_control_xfer_cb+0x20>
10003eb0:	10009e84 	.word	0x10009e84

10003eb4 <usbd_app_driver_get_cb>:
10003eb4:	2301      	movs	r3, #1
10003eb6:	7003      	strb	r3, [r0, #0]
10003eb8:	4800      	ldr	r0, [pc, #0]	@ (10003ebc <usbd_app_driver_get_cb+0x8>)
10003eba:	4770      	bx	lr
10003ebc:	10009e64 	.word	0x10009e64

10003ec0 <tud_cdc_line_coding_cb>:
10003ec0:	784b      	ldrb	r3, [r1, #1]
10003ec2:	780a      	ldrb	r2, [r1, #0]
10003ec4:	021b      	lsls	r3, r3, #8
10003ec6:	4313      	orrs	r3, r2
10003ec8:	788a      	ldrb	r2, [r1, #2]
10003eca:	b510      	push	{r4, lr}
10003ecc:	0412      	lsls	r2, r2, #16
10003ece:	431a      	orrs	r2, r3
10003ed0:	78cb      	ldrb	r3, [r1, #3]
10003ed2:	061b      	lsls	r3, r3, #24
10003ed4:	4313      	orrs	r3, r2
10003ed6:	2296      	movs	r2, #150	@ 0x96
10003ed8:	00d2      	lsls	r2, r2, #3
10003eda:	4293      	cmp	r3, r2
10003edc:	d000      	beq.n	10003ee0 <tud_cdc_line_coding_cb+0x20>
10003ede:	bd10      	pop	{r4, pc}
10003ee0:	2200      	movs	r2, #0
10003ee2:	2001      	movs	r0, #1
10003ee4:	0011      	movs	r1, r2
10003ee6:	4240      	negs	r0, r0
10003ee8:	f7fd fb88 	bl	100015fc <rom_reset_usb_boot_extra>

10003eec <stdio_usb_set_chars_available_callback>:
10003eec:	4b02      	ldr	r3, [pc, #8]	@ (10003ef8 <stdio_usb_set_chars_available_callback+0xc>)
10003eee:	6018      	str	r0, [r3, #0]
10003ef0:	4b02      	ldr	r3, [pc, #8]	@ (10003efc <stdio_usb_set_chars_available_callback+0x10>)
10003ef2:	6019      	str	r1, [r3, #0]
10003ef4:	4770      	bx	lr
10003ef6:	46c0      	nop			@ (mov r8, r8)
10003ef8:	20001b30 	.word	0x20001b30
10003efc:	20001b34 	.word	0x20001b34

10003f00 <usb_irq>:
10003f00:	b510      	push	{r4, lr}
10003f02:	4b02      	ldr	r3, [pc, #8]	@ (10003f0c <usb_irq+0xc>)
10003f04:	7818      	ldrb	r0, [r3, #0]
10003f06:	f7fc fb59 	bl	100005bc <irq_set_pending>
10003f0a:	bd10      	pop	{r4, pc}
10003f0c:	20022496 	.word	0x20022496

10003f10 <timer_task>:
10003f10:	4b15      	ldr	r3, [pc, #84]	@ (10003f68 <timer_task+0x58>)
10003f12:	b570      	push	{r4, r5, r6, lr}
10003f14:	681a      	ldr	r2, [r3, #0]
10003f16:	2a00      	cmp	r2, #0
10003f18:	d022      	beq.n	10003f60 <timer_task+0x50>
10003f1a:	f3ef 8110 	mrs	r1, PRIMASK
10003f1e:	b672      	cpsid	i
10003f20:	6810      	ldr	r0, [r2, #0]
10003f22:	2800      	cmp	r0, #0
10003f24:	d0fc      	beq.n	10003f20 <timer_task+0x10>
10003f26:	f3bf 8f5f 	dmb	sy
10003f2a:	2000      	movs	r0, #0
10003f2c:	4a0f      	ldr	r2, [pc, #60]	@ (10003f6c <timer_task+0x5c>)
10003f2e:	6059      	str	r1, [r3, #4]
10003f30:	7010      	strb	r0, [r2, #0]
10003f32:	681b      	ldr	r3, [r3, #0]
10003f34:	f3bf 8f5f 	dmb	sy
10003f38:	6018      	str	r0, [r3, #0]
10003f3a:	f381 8810 	msr	PRIMASK, r1
10003f3e:	2400      	movs	r4, #0
10003f40:	2500      	movs	r5, #0
10003f42:	4e0b      	ldr	r6, [pc, #44]	@ (10003f70 <timer_task+0x60>)
10003f44:	7830      	ldrb	r0, [r6, #0]
10003f46:	f7fc fb2d 	bl	100005a4 <irq_is_enabled>
10003f4a:	2800      	cmp	r0, #0
10003f4c:	d104      	bne.n	10003f58 <timer_task+0x48>
10003f4e:	2400      	movs	r4, #0
10003f50:	2500      	movs	r5, #0
10003f52:	0029      	movs	r1, r5
10003f54:	0020      	movs	r0, r4
10003f56:	bd70      	pop	{r4, r5, r6, pc}
10003f58:	7830      	ldrb	r0, [r6, #0]
10003f5a:	f7fc fb2f 	bl	100005bc <irq_set_pending>
10003f5e:	e7f8      	b.n	10003f52 <timer_task+0x42>
10003f60:	24fa      	movs	r4, #250	@ 0xfa
10003f62:	2500      	movs	r5, #0
10003f64:	00a4      	lsls	r4, r4, #2
10003f66:	e7ec      	b.n	10003f42 <timer_task+0x32>
10003f68:	20001fc0 	.word	0x20001fc0
10003f6c:	20022497 	.word	0x20022497
10003f70:	20022496 	.word	0x20022496

10003f74 <stdio_usb_in_chars>:
10003f74:	b570      	push	{r4, r5, r6, lr}
10003f76:	0004      	movs	r4, r0
10003f78:	2000      	movs	r0, #0
10003f7a:	000e      	movs	r6, r1
10003f7c:	f001 fb0a 	bl	10005594 <tud_cdc_n_connected>
10003f80:	2800      	cmp	r0, #0
10003f82:	d034      	beq.n	10003fee <stdio_usb_in_chars+0x7a>
10003f84:	2000      	movs	r0, #0
10003f86:	f001 fb1b 	bl	100055c0 <tud_cdc_n_available>
10003f8a:	2800      	cmp	r0, #0
10003f8c:	d02f      	beq.n	10003fee <stdio_usb_in_chars+0x7a>
10003f8e:	f7fd f93f 	bl	10001210 <time_us_64>
10003f92:	2300      	movs	r3, #0
10003f94:	4a17      	ldr	r2, [pc, #92]	@ (10003ff4 <stdio_usb_in_chars+0x80>)
10003f96:	1812      	adds	r2, r2, r0
10003f98:	414b      	adcs	r3, r1
10003f9a:	2b00      	cmp	r3, #0
10003f9c:	db16      	blt.n	10003fcc <stdio_usb_in_chars+0x58>
10003f9e:	4d16      	ldr	r5, [pc, #88]	@ (10003ff8 <stdio_usb_in_chars+0x84>)
10003fa0:	0028      	movs	r0, r5
10003fa2:	f005 fd01 	bl	100099a8 <__mutex_try_enter_block_until_veneer>
10003fa6:	2800      	cmp	r0, #0
10003fa8:	d021      	beq.n	10003fee <stdio_usb_in_chars+0x7a>
10003faa:	2000      	movs	r0, #0
10003fac:	f001 faf2 	bl	10005594 <tud_cdc_n_connected>
10003fb0:	2800      	cmp	r0, #0
10003fb2:	d10f      	bne.n	10003fd4 <stdio_usb_in_chars+0x60>
10003fb4:	2001      	movs	r0, #1
10003fb6:	2100      	movs	r1, #0
10003fb8:	4240      	negs	r0, r0
10003fba:	f000 fd01 	bl	100049c0 <tud_task_ext>
10003fbe:	2403      	movs	r4, #3
10003fc0:	4264      	negs	r4, r4
10003fc2:	0028      	movs	r0, r5
10003fc4:	f005 fcb8 	bl	10009938 <__mutex_exit_veneer>
10003fc8:	0020      	movs	r0, r4
10003fca:	bd70      	pop	{r4, r5, r6, pc}
10003fcc:	2201      	movs	r2, #1
10003fce:	4b0b      	ldr	r3, [pc, #44]	@ (10003ffc <stdio_usb_in_chars+0x88>)
10003fd0:	4252      	negs	r2, r2
10003fd2:	e7e4      	b.n	10003f9e <stdio_usb_in_chars+0x2a>
10003fd4:	2000      	movs	r0, #0
10003fd6:	f001 faf3 	bl	100055c0 <tud_cdc_n_available>
10003fda:	2800      	cmp	r0, #0
10003fdc:	d0ea      	beq.n	10003fb4 <stdio_usb_in_chars+0x40>
10003fde:	0021      	movs	r1, r4
10003fe0:	0032      	movs	r2, r6
10003fe2:	2000      	movs	r0, #0
10003fe4:	f001 faf6 	bl	100055d4 <tud_cdc_n_read>
10003fe8:	1e04      	subs	r4, r0, #0
10003fea:	d1ea      	bne.n	10003fc2 <stdio_usb_in_chars+0x4e>
10003fec:	e7e7      	b.n	10003fbe <stdio_usb_in_chars+0x4a>
10003fee:	2403      	movs	r4, #3
10003ff0:	4264      	negs	r4, r4
10003ff2:	e7e9      	b.n	10003fc8 <stdio_usb_in_chars+0x54>
10003ff4:	000f4240 	.word	0x000f4240
10003ff8:	20002388 	.word	0x20002388
10003ffc:	7fffffff 	.word	0x7fffffff

10004000 <stdio_usb_out_flush>:
10004000:	b510      	push	{r4, lr}
10004002:	f7fd f905 	bl	10001210 <time_us_64>
10004006:	2300      	movs	r3, #0
10004008:	4a0d      	ldr	r2, [pc, #52]	@ (10004040 <stdio_usb_out_flush+0x40>)
1000400a:	1812      	adds	r2, r2, r0
1000400c:	414b      	adcs	r3, r1
1000400e:	2b00      	cmp	r3, #0
10004010:	da02      	bge.n	10004018 <stdio_usb_out_flush+0x18>
10004012:	2201      	movs	r2, #1
10004014:	4b0b      	ldr	r3, [pc, #44]	@ (10004044 <stdio_usb_out_flush+0x44>)
10004016:	4252      	negs	r2, r2
10004018:	4c0b      	ldr	r4, [pc, #44]	@ (10004048 <stdio_usb_out_flush+0x48>)
1000401a:	0020      	movs	r0, r4
1000401c:	f005 fcc4 	bl	100099a8 <__mutex_try_enter_block_until_veneer>
10004020:	2800      	cmp	r0, #0
10004022:	d00c      	beq.n	1000403e <stdio_usb_out_flush+0x3e>
10004024:	2001      	movs	r0, #1
10004026:	2100      	movs	r1, #0
10004028:	4240      	negs	r0, r0
1000402a:	f000 fcc9 	bl	100049c0 <tud_task_ext>
1000402e:	2000      	movs	r0, #0
10004030:	f001 fb14 	bl	1000565c <tud_cdc_n_write_flush>
10004034:	2800      	cmp	r0, #0
10004036:	d1f5      	bne.n	10004024 <stdio_usb_out_flush+0x24>
10004038:	0020      	movs	r0, r4
1000403a:	f005 fc7d 	bl	10009938 <__mutex_exit_veneer>
1000403e:	bd10      	pop	{r4, pc}
10004040:	000f4240 	.word	0x000f4240
10004044:	7fffffff 	.word	0x7fffffff
10004048:	20002388 	.word	0x20002388

1000404c <stdio_usb_out_chars>:
1000404c:	b5f8      	push	{r3, r4, r5, r6, r7, lr}
1000404e:	46de      	mov	lr, fp
10004050:	4657      	mov	r7, sl
10004052:	b580      	push	{r7, lr}
10004054:	0005      	movs	r5, r0
10004056:	000c      	movs	r4, r1
10004058:	f7fd f8da 	bl	10001210 <time_us_64>
1000405c:	2300      	movs	r3, #0
1000405e:	4a36      	ldr	r2, [pc, #216]	@ (10004138 <stdio_usb_out_chars+0xec>)
10004060:	1812      	adds	r2, r2, r0
10004062:	414b      	adcs	r3, r1
10004064:	2b00      	cmp	r3, #0
10004066:	da02      	bge.n	1000406e <stdio_usb_out_chars+0x22>
10004068:	2201      	movs	r2, #1
1000406a:	4b34      	ldr	r3, [pc, #208]	@ (1000413c <stdio_usb_out_chars+0xf0>)
1000406c:	4252      	negs	r2, r2
1000406e:	4934      	ldr	r1, [pc, #208]	@ (10004140 <stdio_usb_out_chars+0xf4>)
10004070:	0008      	movs	r0, r1
10004072:	468a      	mov	sl, r1
10004074:	f005 fc98 	bl	100099a8 <__mutex_try_enter_block_until_veneer>
10004078:	2800      	cmp	r0, #0
1000407a:	d103      	bne.n	10004084 <stdio_usb_out_chars+0x38>
1000407c:	bcc0      	pop	{r6, r7}
1000407e:	46bb      	mov	fp, r7
10004080:	46b2      	mov	sl, r6
10004082:	bdf8      	pop	{r3, r4, r5, r6, r7, pc}
10004084:	2000      	movs	r0, #0
10004086:	f001 fa85 	bl	10005594 <tud_cdc_n_connected>
1000408a:	2800      	cmp	r0, #0
1000408c:	d04a      	beq.n	10004124 <stdio_usb_out_chars+0xd8>
1000408e:	2600      	movs	r6, #0
10004090:	2c00      	cmp	r4, #0
10004092:	dd43      	ble.n	1000411c <stdio_usb_out_chars+0xd0>
10004094:	4b2b      	ldr	r3, [pc, #172]	@ (10004144 <stdio_usb_out_chars+0xf8>)
10004096:	469b      	mov	fp, r3
10004098:	e014      	b.n	100040c4 <stdio_usb_out_chars+0x78>
1000409a:	19a9      	adds	r1, r5, r6
1000409c:	2000      	movs	r0, #0
1000409e:	f001 fb17 	bl	100056d0 <tud_cdc_n_write>
100040a2:	0007      	movs	r7, r0
100040a4:	2001      	movs	r0, #1
100040a6:	2100      	movs	r1, #0
100040a8:	4240      	negs	r0, r0
100040aa:	f000 fc89 	bl	100049c0 <tud_task_ext>
100040ae:	2000      	movs	r0, #0
100040b0:	f001 fad4 	bl	1000565c <tud_cdc_n_write_flush>
100040b4:	f7fd f8ac 	bl	10001210 <time_us_64>
100040b8:	4b22      	ldr	r3, [pc, #136]	@ (10004144 <stdio_usb_out_chars+0xf8>)
100040ba:	19f6      	adds	r6, r6, r7
100040bc:	6018      	str	r0, [r3, #0]
100040be:	6059      	str	r1, [r3, #4]
100040c0:	42b4      	cmp	r4, r6
100040c2:	dd2b      	ble.n	1000411c <stdio_usb_out_chars+0xd0>
100040c4:	2000      	movs	r0, #0
100040c6:	f001 fb23 	bl	10005710 <tud_cdc_n_write_available>
100040ca:	1ba7      	subs	r7, r4, r6
100040cc:	0002      	movs	r2, r0
100040ce:	42b8      	cmp	r0, r7
100040d0:	dd00      	ble.n	100040d4 <stdio_usb_out_chars+0x88>
100040d2:	003a      	movs	r2, r7
100040d4:	2a00      	cmp	r2, #0
100040d6:	d1e0      	bne.n	1000409a <stdio_usb_out_chars+0x4e>
100040d8:	2001      	movs	r0, #1
100040da:	2100      	movs	r1, #0
100040dc:	4240      	negs	r0, r0
100040de:	f000 fc6f 	bl	100049c0 <tud_task_ext>
100040e2:	2000      	movs	r0, #0
100040e4:	f001 faba 	bl	1000565c <tud_cdc_n_write_flush>
100040e8:	2000      	movs	r0, #0
100040ea:	f001 fa53 	bl	10005594 <tud_cdc_n_connected>
100040ee:	2800      	cmp	r0, #0
100040f0:	d014      	beq.n	1000411c <stdio_usb_out_chars+0xd0>
100040f2:	2000      	movs	r0, #0
100040f4:	f001 fb0c 	bl	10005710 <tud_cdc_n_write_available>
100040f8:	2800      	cmp	r0, #0
100040fa:	d1e1      	bne.n	100040c0 <stdio_usb_out_chars+0x74>
100040fc:	f7fd f888 	bl	10001210 <time_us_64>
10004100:	465b      	mov	r3, fp
10004102:	000f      	movs	r7, r1
10004104:	681a      	ldr	r2, [r3, #0]
10004106:	685b      	ldr	r3, [r3, #4]
10004108:	2100      	movs	r1, #0
1000410a:	4684      	mov	ip, r0
1000410c:	480e      	ldr	r0, [pc, #56]	@ (10004148 <stdio_usb_out_chars+0xfc>)
1000410e:	1812      	adds	r2, r2, r0
10004110:	414b      	adcs	r3, r1
10004112:	429f      	cmp	r7, r3
10004114:	d802      	bhi.n	1000411c <stdio_usb_out_chars+0xd0>
10004116:	d1d3      	bne.n	100040c0 <stdio_usb_out_chars+0x74>
10004118:	4594      	cmp	ip, r2
1000411a:	d9d1      	bls.n	100040c0 <stdio_usb_out_chars+0x74>
1000411c:	4650      	mov	r0, sl
1000411e:	f005 fc0b 	bl	10009938 <__mutex_exit_veneer>
10004122:	e7ab      	b.n	1000407c <stdio_usb_out_chars+0x30>
10004124:	2000      	movs	r0, #0
10004126:	2100      	movs	r1, #0
10004128:	4b06      	ldr	r3, [pc, #24]	@ (10004144 <stdio_usb_out_chars+0xf8>)
1000412a:	6018      	str	r0, [r3, #0]
1000412c:	6059      	str	r1, [r3, #4]
1000412e:	4650      	mov	r0, sl
10004130:	f005 fc02 	bl	10009938 <__mutex_exit_veneer>
10004134:	e7a2      	b.n	1000407c <stdio_usb_out_chars+0x30>
10004136:	46c0      	nop			@ (mov r8, r8)
10004138:	000f4240 	.word	0x000f4240
1000413c:	7fffffff 	.word	0x7fffffff
10004140:	20002388 	.word	0x20002388
10004144:	20001238 	.word	0x20001238
10004148:	0007a120 	.word	0x0007a120

1000414c <low_priority_worker_irq>:
1000414c:	b530      	push	{r4, r5, lr}
1000414e:	4c2a      	ldr	r4, [pc, #168]	@ (100041f8 <low_priority_worker_irq+0xac>)
10004150:	b085      	sub	sp, #20
10004152:	2100      	movs	r1, #0
10004154:	0020      	movs	r0, r4
10004156:	f005 fc17 	bl	10009988 <__mutex_try_enter_veneer>
1000415a:	2800      	cmp	r0, #0
1000415c:	d11c      	bne.n	10004198 <low_priority_worker_irq+0x4c>
1000415e:	4b27      	ldr	r3, [pc, #156]	@ (100041fc <low_priority_worker_irq+0xb0>)
10004160:	681a      	ldr	r2, [r3, #0]
10004162:	2a00      	cmp	r2, #0
10004164:	d016      	beq.n	10004194 <low_priority_worker_irq+0x48>
10004166:	f3ef 8110 	mrs	r1, PRIMASK
1000416a:	b672      	cpsid	i
1000416c:	6810      	ldr	r0, [r2, #0]
1000416e:	2800      	cmp	r0, #0
10004170:	d0fc      	beq.n	1000416c <low_priority_worker_irq+0x20>
10004172:	f3bf 8f5f 	dmb	sy
10004176:	2401      	movs	r4, #1
10004178:	4821      	ldr	r0, [pc, #132]	@ (10004200 <low_priority_worker_irq+0xb4>)
1000417a:	6059      	str	r1, [r3, #4]
1000417c:	7802      	ldrb	r2, [r0, #0]
1000417e:	681b      	ldr	r3, [r3, #0]
10004180:	b2d2      	uxtb	r2, r2
10004182:	7004      	strb	r4, [r0, #0]
10004184:	f3bf 8f5f 	dmb	sy
10004188:	2000      	movs	r0, #0
1000418a:	6018      	str	r0, [r3, #0]
1000418c:	f381 8810 	msr	PRIMASK, r1
10004190:	2a00      	cmp	r2, #0
10004192:	d017      	beq.n	100041c4 <low_priority_worker_irq+0x78>
10004194:	b005      	add	sp, #20
10004196:	bd30      	pop	{r4, r5, pc}
10004198:	2001      	movs	r0, #1
1000419a:	2100      	movs	r1, #0
1000419c:	4240      	negs	r0, r0
1000419e:	f000 fc0f 	bl	100049c0 <tud_task_ext>
100041a2:	2000      	movs	r0, #0
100041a4:	f001 fa0c 	bl	100055c0 <tud_cdc_n_available>
100041a8:	0005      	movs	r5, r0
100041aa:	0020      	movs	r0, r4
100041ac:	f005 fbc4 	bl	10009938 <__mutex_exit_veneer>
100041b0:	2d00      	cmp	r5, #0
100041b2:	d0ef      	beq.n	10004194 <low_priority_worker_irq+0x48>
100041b4:	4b13      	ldr	r3, [pc, #76]	@ (10004204 <low_priority_worker_irq+0xb8>)
100041b6:	681b      	ldr	r3, [r3, #0]
100041b8:	2b00      	cmp	r3, #0
100041ba:	d0eb      	beq.n	10004194 <low_priority_worker_irq+0x48>
100041bc:	4a12      	ldr	r2, [pc, #72]	@ (10004208 <low_priority_worker_irq+0xbc>)
100041be:	6810      	ldr	r0, [r2, #0]
100041c0:	4798      	blx	r3
100041c2:	e7e7      	b.n	10004194 <low_priority_worker_irq+0x48>
100041c4:	f7fc fe10 	bl	10000de8 <alarm_pool_get_default>
100041c8:	0004      	movs	r4, r0
100041ca:	f7fd f821 	bl	10001210 <time_us_64>
100041ce:	22fa      	movs	r2, #250	@ 0xfa
100041d0:	2300      	movs	r3, #0
100041d2:	0092      	lsls	r2, r2, #2
100041d4:	1812      	adds	r2, r2, r0
100041d6:	414b      	adcs	r3, r1
100041d8:	2b00      	cmp	r3, #0
100041da:	da02      	bge.n	100041e2 <low_priority_worker_irq+0x96>
100041dc:	2201      	movs	r2, #1
100041de:	4b0b      	ldr	r3, [pc, #44]	@ (1000420c <low_priority_worker_irq+0xc0>)
100041e0:	4252      	negs	r2, r2
100041e2:	2101      	movs	r1, #1
100041e4:	9102      	str	r1, [sp, #8]
100041e6:	2100      	movs	r1, #0
100041e8:	9101      	str	r1, [sp, #4]
100041ea:	4909      	ldr	r1, [pc, #36]	@ (10004210 <low_priority_worker_irq+0xc4>)
100041ec:	0020      	movs	r0, r4
100041ee:	9100      	str	r1, [sp, #0]
100041f0:	f7fc fdfe 	bl	10000df0 <alarm_pool_add_alarm_at>
100041f4:	e7ce      	b.n	10004194 <low_priority_worker_irq+0x48>
100041f6:	46c0      	nop			@ (mov r8, r8)
100041f8:	20002388 	.word	0x20002388
100041fc:	20001fc0 	.word	0x20001fc0
10004200:	20022497 	.word	0x20022497
10004204:	20001b30 	.word	0x20001b30
10004208:	20001b34 	.word	0x20001b34
1000420c:	7fffffff 	.word	0x7fffffff
10004210:	10003f11 	.word	0x10003f11

10004214 <stdio_usb_init>:
10004214:	23d0      	movs	r3, #208	@ 0xd0
10004216:	b510      	push	{r4, lr}
10004218:	061b      	lsls	r3, r3, #24
1000421a:	b084      	sub	sp, #16
1000421c:	681c      	ldr	r4, [r3, #0]
1000421e:	f7fc fde3 	bl	10000de8 <alarm_pool_get_default>
10004222:	f7fc fedf 	bl	10000fe4 <alarm_pool_core_num>
10004226:	42a0      	cmp	r0, r4
10004228:	d002      	beq.n	10004230 <stdio_usb_init+0x1c>
1000422a:	2000      	movs	r0, #0
1000422c:	b004      	add	sp, #16
1000422e:	bd10      	pop	{r4, pc}
10004230:	4b29      	ldr	r3, [pc, #164]	@ (100042d8 <stdio_usb_init+0xc4>)
10004232:	2100      	movs	r1, #0
10004234:	2000      	movs	r0, #0
10004236:	781b      	ldrb	r3, [r3, #0]
10004238:	f001 fd5e 	bl	10005cf8 <tusb_rhport_init>
1000423c:	4827      	ldr	r0, [pc, #156]	@ (100042dc <stdio_usb_init+0xc8>)
1000423e:	6803      	ldr	r3, [r0, #0]
10004240:	2b00      	cmp	r3, #0
10004242:	d045      	beq.n	100042d0 <stdio_usb_init+0xbc>
10004244:	2001      	movs	r0, #1
10004246:	f7fc fb65 	bl	10000914 <user_irq_claim_unused>
1000424a:	23ff      	movs	r3, #255	@ 0xff
1000424c:	4c24      	ldr	r4, [pc, #144]	@ (100042e0 <stdio_usb_init+0xcc>)
1000424e:	4925      	ldr	r1, [pc, #148]	@ (100042e4 <stdio_usb_init+0xd0>)
10004250:	7020      	strb	r0, [r4, #0]
10004252:	4018      	ands	r0, r3
10004254:	f7fc f9cc 	bl	100005f0 <irq_set_exclusive_handler>
10004258:	7820      	ldrb	r0, [r4, #0]
1000425a:	2101      	movs	r1, #1
1000425c:	f7fc f990 	bl	10000580 <irq_set_enabled>
10004260:	2005      	movs	r0, #5
10004262:	f7fc f9b3 	bl	100005cc <irq_has_shared_handler>
10004266:	2800      	cmp	r0, #0
10004268:	d124      	bne.n	100042b4 <stdio_usb_init+0xa0>
1000426a:	2208      	movs	r2, #8
1000426c:	2100      	movs	r1, #0
1000426e:	481e      	ldr	r0, [pc, #120]	@ (100042e8 <stdio_usb_init+0xd4>)
10004270:	f7fd ff0e 	bl	10002090 <__wrap_memset>
10004274:	f7fc fdb8 	bl	10000de8 <alarm_pool_get_default>
10004278:	0004      	movs	r4, r0
1000427a:	f7fc ffc9 	bl	10001210 <time_us_64>
1000427e:	22fa      	movs	r2, #250	@ 0xfa
10004280:	2300      	movs	r3, #0
10004282:	0092      	lsls	r2, r2, #2
10004284:	1812      	adds	r2, r2, r0
10004286:	414b      	adcs	r3, r1
10004288:	2b00      	cmp	r3, #0
1000428a:	da02      	bge.n	10004292 <stdio_usb_init+0x7e>
1000428c:	2201      	movs	r2, #1
1000428e:	4b17      	ldr	r3, [pc, #92]	@ (100042ec <stdio_usb_init+0xd8>)
10004290:	4252      	negs	r2, r2
10004292:	2101      	movs	r1, #1
10004294:	9102      	str	r1, [sp, #8]
10004296:	2100      	movs	r1, #0
10004298:	9101      	str	r1, [sp, #4]
1000429a:	4915      	ldr	r1, [pc, #84]	@ (100042f0 <stdio_usb_init+0xdc>)
1000429c:	0020      	movs	r0, r4
1000429e:	9100      	str	r1, [sp, #0]
100042a0:	f7fc fda6 	bl	10000df0 <alarm_pool_add_alarm_at>
100042a4:	2800      	cmp	r0, #0
100042a6:	dbc0      	blt.n	1000422a <stdio_usb_init+0x16>
100042a8:	4812      	ldr	r0, [pc, #72]	@ (100042f4 <stdio_usb_init+0xe0>)
100042aa:	2101      	movs	r1, #1
100042ac:	f7ff fca6 	bl	10003bfc <stdio_set_driver_enabled>
100042b0:	2001      	movs	r0, #1
100042b2:	e7bb      	b.n	1000422c <stdio_usb_init+0x18>
100042b4:	2001      	movs	r0, #1
100042b6:	f7fc f931 	bl	1000051c <spin_lock_claim_unused>
100042ba:	4b0b      	ldr	r3, [pc, #44]	@ (100042e8 <stdio_usb_init+0xd4>)
100042bc:	0001      	movs	r1, r0
100042be:	0018      	movs	r0, r3
100042c0:	f7fc fb8c 	bl	100009dc <critical_section_init_with_lock_num>
100042c4:	2200      	movs	r2, #0
100042c6:	2005      	movs	r0, #5
100042c8:	490b      	ldr	r1, [pc, #44]	@ (100042f8 <stdio_usb_init+0xe4>)
100042ca:	f7fc f9bb 	bl	10000644 <irq_add_shared_handler>
100042ce:	e7eb      	b.n	100042a8 <stdio_usb_init+0x94>
100042d0:	f7fc fb68 	bl	100009a4 <mutex_init>
100042d4:	e7b6      	b.n	10004244 <stdio_usb_init+0x30>
100042d6:	46c0      	nop			@ (mov r8, r8)
100042d8:	1000a378 	.word	0x1000a378
100042dc:	20002388 	.word	0x20002388
100042e0:	20022496 	.word	0x20022496
100042e4:	1000414d 	.word	0x1000414d
100042e8:	20001fc0 	.word	0x20001fc0
100042ec:	7fffffff 	.word	0x7fffffff
100042f0:	10003f11 	.word	0x10003f11
100042f4:	20001070 	.word	0x20001070
100042f8:	10003f01 	.word	0x10003f01

100042fc <tud_descriptor_device_cb>:
100042fc:	4800      	ldr	r0, [pc, #0]	@ (10004300 <tud_descriptor_device_cb+0x4>)
100042fe:	4770      	bx	lr
10004300:	10009fc8 	.word	0x10009fc8

10004304 <tud_descriptor_configuration_cb>:
10004304:	4800      	ldr	r0, [pc, #0]	@ (10004308 <tud_descriptor_configuration_cb+0x4>)
10004306:	4770      	bx	lr
10004308:	10009f74 	.word	0x10009f74

1000430c <tud_descriptor_string_cb>:
1000430c:	b510      	push	{r4, lr}
1000430e:	0004      	movs	r4, r0
10004310:	4817      	ldr	r0, [pc, #92]	@ (10004370 <tud_descriptor_string_cb+0x64>)
10004312:	7803      	ldrb	r3, [r0, #0]
10004314:	2b00      	cmp	r3, #0
10004316:	d020      	beq.n	1000435a <tud_descriptor_string_cb+0x4e>
10004318:	2c00      	cmp	r4, #0
1000431a:	d106      	bne.n	1000432a <tud_descriptor_string_cb+0x1e>
1000431c:	4b15      	ldr	r3, [pc, #84]	@ (10004374 <tud_descriptor_string_cb+0x68>)
1000431e:	4816      	ldr	r0, [pc, #88]	@ (10004378 <tud_descriptor_string_cb+0x6c>)
10004320:	8043      	strh	r3, [r0, #2]
10004322:	3b06      	subs	r3, #6
10004324:	3bff      	subs	r3, #255	@ 0xff
10004326:	8003      	strh	r3, [r0, #0]
10004328:	bd10      	pop	{r4, pc}
1000432a:	2c05      	cmp	r4, #5
1000432c:	d81d      	bhi.n	1000436a <tud_descriptor_string_cb+0x5e>
1000432e:	4b13      	ldr	r3, [pc, #76]	@ (1000437c <tud_descriptor_string_cb+0x70>)
10004330:	00a4      	lsls	r4, r4, #2
10004332:	58e0      	ldr	r0, [r4, r3]
10004334:	4912      	ldr	r1, [pc, #72]	@ (10004380 <tud_descriptor_string_cb+0x74>)
10004336:	2301      	movs	r3, #1
10004338:	3801      	subs	r0, #1
1000433a:	e004      	b.n	10004346 <tud_descriptor_string_cb+0x3a>
1000433c:	3301      	adds	r3, #1
1000433e:	800a      	strh	r2, [r1, #0]
10004340:	3102      	adds	r1, #2
10004342:	2b14      	cmp	r3, #20
10004344:	d00d      	beq.n	10004362 <tud_descriptor_string_cb+0x56>
10004346:	5cc2      	ldrb	r2, [r0, r3]
10004348:	2a00      	cmp	r2, #0
1000434a:	d1f7      	bne.n	1000433c <tud_descriptor_string_cb+0x30>
1000434c:	22c0      	movs	r2, #192	@ 0xc0
1000434e:	b2db      	uxtb	r3, r3
10004350:	005b      	lsls	r3, r3, #1
10004352:	0092      	lsls	r2, r2, #2
10004354:	4808      	ldr	r0, [pc, #32]	@ (10004378 <tud_descriptor_string_cb+0x6c>)
10004356:	4313      	orrs	r3, r2
10004358:	e7e5      	b.n	10004326 <tud_descriptor_string_cb+0x1a>
1000435a:	2111      	movs	r1, #17
1000435c:	f000 f81a 	bl	10004394 <pico_get_unique_board_id_string>
10004360:	e7da      	b.n	10004318 <tud_descriptor_string_cb+0xc>
10004362:	23ca      	movs	r3, #202	@ 0xca
10004364:	4804      	ldr	r0, [pc, #16]	@ (10004378 <tud_descriptor_string_cb+0x6c>)
10004366:	009b      	lsls	r3, r3, #2
10004368:	e7dd      	b.n	10004326 <tud_descriptor_string_cb+0x1a>
1000436a:	2000      	movs	r0, #0
1000436c:	e7dc      	b.n	10004328 <tud_descriptor_string_cb+0x1c>
1000436e:	46c0      	nop			@ (mov r8, r8)
10004370:	20022390 	.word	0x20022390
10004374:	00000409 	.word	0x00000409
10004378:	20001b68 	.word	0x20001b68
1000437c:	10009f5c 	.word	0x10009f5c
10004380:	20001b6a 	.word	0x20001b6a

10004384 <_retrieve_unique_id_on_boot>:
10004384:	b510      	push	{r4, lr}
10004386:	4802      	ldr	r0, [pc, #8]	@ (10004390 <_retrieve_unique_id_on_boot+0xc>)
10004388:	f000 f8d8 	bl	1000453c <flash_get_unique_id>
1000438c:	bd10      	pop	{r4, pc}
1000438e:	46c0      	nop			@ (mov r8, r8)
10004390:	20002278 	.word	0x20002278

10004394 <pico_get_unique_board_id_string>:
10004394:	b530      	push	{r4, r5, lr}
10004396:	1e4b      	subs	r3, r1, #1
10004398:	2901      	cmp	r1, #1
1000439a:	d100      	bne.n	1000439e <pico_get_unique_board_id_string+0xa>
1000439c:	e0a7      	b.n	100044ee <pico_get_unique_board_id_string+0x15a>
1000439e:	4a66      	ldr	r2, [pc, #408]	@ (10004538 <pico_get_unique_board_id_string+0x1a4>)
100043a0:	7811      	ldrb	r1, [r2, #0]
100043a2:	090d      	lsrs	r5, r1, #4
100043a4:	002c      	movs	r4, r5
100043a6:	3430      	adds	r4, #48	@ 0x30
100043a8:	299f      	cmp	r1, #159	@ 0x9f
100043aa:	d900      	bls.n	100043ae <pico_get_unique_board_id_string+0x1a>
100043ac:	e0a2      	b.n	100044f4 <pico_get_unique_board_id_string+0x160>
100043ae:	7004      	strb	r4, [r0, #0]
100043b0:	2b01      	cmp	r3, #1
100043b2:	d100      	bne.n	100043b6 <pico_get_unique_board_id_string+0x22>
100043b4:	e0be      	b.n	10004534 <pico_get_unique_board_id_string+0x1a0>
100043b6:	210f      	movs	r1, #15
100043b8:	7814      	ldrb	r4, [r2, #0]
100043ba:	4021      	ands	r1, r4
100043bc:	000c      	movs	r4, r1
100043be:	3430      	adds	r4, #48	@ 0x30
100043c0:	2909      	cmp	r1, #9
100043c2:	d900      	bls.n	100043c6 <pico_get_unique_board_id_string+0x32>
100043c4:	e098      	b.n	100044f8 <pico_get_unique_board_id_string+0x164>
100043c6:	7044      	strb	r4, [r0, #1]
100043c8:	2b02      	cmp	r3, #2
100043ca:	d100      	bne.n	100043ce <pico_get_unique_board_id_string+0x3a>
100043cc:	e0b2      	b.n	10004534 <pico_get_unique_board_id_string+0x1a0>
100043ce:	7854      	ldrb	r4, [r2, #1]
100043d0:	0925      	lsrs	r5, r4, #4
100043d2:	0029      	movs	r1, r5
100043d4:	3130      	adds	r1, #48	@ 0x30
100043d6:	2c9f      	cmp	r4, #159	@ 0x9f
100043d8:	d900      	bls.n	100043dc <pico_get_unique_board_id_string+0x48>
100043da:	e090      	b.n	100044fe <pico_get_unique_board_id_string+0x16a>
100043dc:	7081      	strb	r1, [r0, #2]
100043de:	2b03      	cmp	r3, #3
100043e0:	d100      	bne.n	100043e4 <pico_get_unique_board_id_string+0x50>
100043e2:	e0a7      	b.n	10004534 <pico_get_unique_board_id_string+0x1a0>
100043e4:	210f      	movs	r1, #15
100043e6:	4021      	ands	r1, r4
100043e8:	000c      	movs	r4, r1
100043ea:	3430      	adds	r4, #48	@ 0x30
100043ec:	2909      	cmp	r1, #9
100043ee:	d900      	bls.n	100043f2 <pico_get_unique_board_id_string+0x5e>
100043f0:	e087      	b.n	10004502 <pico_get_unique_board_id_string+0x16e>
100043f2:	70c4      	strb	r4, [r0, #3]
100043f4:	2b04      	cmp	r3, #4
100043f6:	d100      	bne.n	100043fa <pico_get_unique_board_id_string+0x66>
100043f8:	e09c      	b.n	10004534 <pico_get_unique_board_id_string+0x1a0>
100043fa:	7894      	ldrb	r4, [r2, #2]
100043fc:	0925      	lsrs	r5, r4, #4
100043fe:	0029      	movs	r1, r5
10004400:	3130      	adds	r1, #48	@ 0x30
10004402:	2c9f      	cmp	r4, #159	@ 0x9f
10004404:	d900      	bls.n	10004408 <pico_get_unique_board_id_string+0x74>
10004406:	e07f      	b.n	10004508 <pico_get_unique_board_id_string+0x174>
10004408:	7101      	strb	r1, [r0, #4]
1000440a:	2b05      	cmp	r3, #5
1000440c:	d100      	bne.n	10004410 <pico_get_unique_board_id_string+0x7c>
1000440e:	e091      	b.n	10004534 <pico_get_unique_board_id_string+0x1a0>
10004410:	210f      	movs	r1, #15
10004412:	4021      	ands	r1, r4
10004414:	000c      	movs	r4, r1
10004416:	3430      	adds	r4, #48	@ 0x30
10004418:	2909      	cmp	r1, #9
1000441a:	d900      	bls.n	1000441e <pico_get_unique_board_id_string+0x8a>
1000441c:	e076      	b.n	1000450c <pico_get_unique_board_id_string+0x178>
1000441e:	7144      	strb	r4, [r0, #5]
10004420:	2b06      	cmp	r3, #6
10004422:	d100      	bne.n	10004426 <pico_get_unique_board_id_string+0x92>
10004424:	e086      	b.n	10004534 <pico_get_unique_board_id_string+0x1a0>
10004426:	78d4      	ldrb	r4, [r2, #3]
10004428:	0925      	lsrs	r5, r4, #4
1000442a:	0029      	movs	r1, r5
1000442c:	3130      	adds	r1, #48	@ 0x30
1000442e:	2c9f      	cmp	r4, #159	@ 0x9f
10004430:	d900      	bls.n	10004434 <pico_get_unique_board_id_string+0xa0>
10004432:	e06e      	b.n	10004512 <pico_get_unique_board_id_string+0x17e>
10004434:	7181      	strb	r1, [r0, #6]
10004436:	2b07      	cmp	r3, #7
10004438:	d100      	bne.n	1000443c <pico_get_unique_board_id_string+0xa8>
1000443a:	e07b      	b.n	10004534 <pico_get_unique_board_id_string+0x1a0>
1000443c:	210f      	movs	r1, #15
1000443e:	4021      	ands	r1, r4
10004440:	000c      	movs	r4, r1
10004442:	3430      	adds	r4, #48	@ 0x30
10004444:	2909      	cmp	r1, #9
10004446:	d866      	bhi.n	10004516 <pico_get_unique_board_id_string+0x182>
10004448:	71c4      	strb	r4, [r0, #7]
1000444a:	2b08      	cmp	r3, #8
1000444c:	d100      	bne.n	10004450 <pico_get_unique_board_id_string+0xbc>
1000444e:	e071      	b.n	10004534 <pico_get_unique_board_id_string+0x1a0>
10004450:	7914      	ldrb	r4, [r2, #4]
10004452:	0925      	lsrs	r5, r4, #4
10004454:	0029      	movs	r1, r5
10004456:	3130      	adds	r1, #48	@ 0x30
10004458:	2c9f      	cmp	r4, #159	@ 0x9f
1000445a:	d85f      	bhi.n	1000451c <pico_get_unique_board_id_string+0x188>
1000445c:	7201      	strb	r1, [r0, #8]
1000445e:	2b09      	cmp	r3, #9
10004460:	d068      	beq.n	10004534 <pico_get_unique_board_id_string+0x1a0>
10004462:	210f      	movs	r1, #15
10004464:	4021      	ands	r1, r4
10004466:	000c      	movs	r4, r1
10004468:	3430      	adds	r4, #48	@ 0x30
1000446a:	2909      	cmp	r1, #9
1000446c:	d858      	bhi.n	10004520 <pico_get_unique_board_id_string+0x18c>
1000446e:	7244      	strb	r4, [r0, #9]
10004470:	2b0a      	cmp	r3, #10
10004472:	d05f      	beq.n	10004534 <pico_get_unique_board_id_string+0x1a0>
10004474:	7954      	ldrb	r4, [r2, #5]
10004476:	0925      	lsrs	r5, r4, #4
10004478:	0029      	movs	r1, r5
1000447a:	3130      	adds	r1, #48	@ 0x30
1000447c:	2c9f      	cmp	r4, #159	@ 0x9f
1000447e:	d852      	bhi.n	10004526 <pico_get_unique_board_id_string+0x192>
10004480:	7281      	strb	r1, [r0, #10]
10004482:	2b0b      	cmp	r3, #11
10004484:	d056      	beq.n	10004534 <pico_get_unique_board_id_string+0x1a0>
10004486:	210f      	movs	r1, #15
10004488:	4021      	ands	r1, r4
1000448a:	000c      	movs	r4, r1
1000448c:	3430      	adds	r4, #48	@ 0x30
1000448e:	2909      	cmp	r1, #9
10004490:	d84b      	bhi.n	1000452a <pico_get_unique_board_id_string+0x196>
10004492:	72c4      	strb	r4, [r0, #11]
10004494:	2b0c      	cmp	r3, #12
10004496:	d04d      	beq.n	10004534 <pico_get_unique_board_id_string+0x1a0>
10004498:	7994      	ldrb	r4, [r2, #6]
1000449a:	0925      	lsrs	r5, r4, #4
1000449c:	0029      	movs	r1, r5
1000449e:	3130      	adds	r1, #48	@ 0x30
100044a0:	2c9f      	cmp	r4, #159	@ 0x9f
100044a2:	d900      	bls.n	100044a6 <pico_get_unique_board_id_string+0x112>
100044a4:	3107      	adds	r1, #7
100044a6:	7301      	strb	r1, [r0, #12]
100044a8:	2b0d      	cmp	r3, #13
100044aa:	d043      	beq.n	10004534 <pico_get_unique_board_id_string+0x1a0>
100044ac:	210f      	movs	r1, #15
100044ae:	4021      	ands	r1, r4
100044b0:	000c      	movs	r4, r1
100044b2:	3430      	adds	r4, #48	@ 0x30
100044b4:	2909      	cmp	r1, #9
100044b6:	d901      	bls.n	100044bc <pico_get_unique_board_id_string+0x128>
100044b8:	3137      	adds	r1, #55	@ 0x37
100044ba:	000c      	movs	r4, r1
100044bc:	7344      	strb	r4, [r0, #13]
100044be:	2b0e      	cmp	r3, #14
100044c0:	d038      	beq.n	10004534 <pico_get_unique_board_id_string+0x1a0>
100044c2:	79d1      	ldrb	r1, [r2, #7]
100044c4:	090c      	lsrs	r4, r1, #4
100044c6:	0022      	movs	r2, r4
100044c8:	3230      	adds	r2, #48	@ 0x30
100044ca:	299f      	cmp	r1, #159	@ 0x9f
100044cc:	d900      	bls.n	100044d0 <pico_get_unique_board_id_string+0x13c>
100044ce:	3207      	adds	r2, #7
100044d0:	7382      	strb	r2, [r0, #14]
100044d2:	2b0f      	cmp	r3, #15
100044d4:	d02e      	beq.n	10004534 <pico_get_unique_board_id_string+0x1a0>
100044d6:	220f      	movs	r2, #15
100044d8:	400a      	ands	r2, r1
100044da:	0011      	movs	r1, r2
100044dc:	3137      	adds	r1, #55	@ 0x37
100044de:	2a09      	cmp	r2, #9
100044e0:	d801      	bhi.n	100044e6 <pico_get_unique_board_id_string+0x152>
100044e2:	3230      	adds	r2, #48	@ 0x30
100044e4:	0011      	movs	r1, r2
100044e6:	73c1      	strb	r1, [r0, #15]
100044e8:	2b10      	cmp	r3, #16
100044ea:	d023      	beq.n	10004534 <pico_get_unique_board_id_string+0x1a0>
100044ec:	3010      	adds	r0, #16
100044ee:	2300      	movs	r3, #0
100044f0:	7003      	strb	r3, [r0, #0]
100044f2:	bd30      	pop	{r4, r5, pc}
100044f4:	3407      	adds	r4, #7
100044f6:	e75a      	b.n	100043ae <pico_get_unique_board_id_string+0x1a>
100044f8:	3137      	adds	r1, #55	@ 0x37
100044fa:	000c      	movs	r4, r1
100044fc:	e763      	b.n	100043c6 <pico_get_unique_board_id_string+0x32>
100044fe:	3107      	adds	r1, #7
10004500:	e76c      	b.n	100043dc <pico_get_unique_board_id_string+0x48>
10004502:	3137      	adds	r1, #55	@ 0x37
10004504:	000c      	movs	r4, r1
10004506:	e774      	b.n	100043f2 <pico_get_unique_board_id_string+0x5e>
10004508:	3107      	adds	r1, #7
1000450a:	e77d      	b.n	10004408 <pico_get_unique_board_id_string+0x74>
1000450c:	3137      	adds	r1, #55	@ 0x37
1000450e:	000c      	movs	r4, r1
10004510:	e785      	b.n	1000441e <pico_get_unique_board_id_string+0x8a>
10004512:	3107      	adds	r1, #7
10004514:	e78e      	b.n	10004434 <pico_get_unique_board_id_string+0xa0>
10004516:	3137      	adds	r1, #55	@ 0x37
10004518:	000c      	movs	r4, r1
1000451a:	e795      	b.n	10004448 <pico_get_unique_board_id_string+0xb4>
1000451c:	3107      	adds	r1, #7
1000451e:	e79d      	b.n	1000445c <pico_get_unique_board_id_string+0xc8>
10004520:	3137      	adds	r1, #55	@ 0x37
10004522:	000c      	movs	r4, r1
10004524:	e7a3      	b.n	1000446e <pico_get_unique_board_id_string+0xda>
10004526:	3107      	adds	r1, #7
10004528:	e7aa      	b.n	10004480 <pico_get_unique_board_id_string+0xec>
1000452a:	3137      	adds	r1, #55	@ 0x37
1000452c:	000c      	movs	r4, r1
1000452e:	72c4      	strb	r4, [r0, #11]
10004530:	2b0c      	cmp	r3, #12
10004532:	d1b1      	bne.n	10004498 <pico_get_unique_board_id_string+0x104>
10004534:	18c0      	adds	r0, r0, r3
10004536:	e7da      	b.n	100044ee <pico_get_unique_board_id_string+0x15a>
10004538:	20002278 	.word	0x20002278

1000453c <flash_get_unique_id>:
1000453c:	b510      	push	{r4, lr}
1000453e:	b088      	sub	sp, #32
10004540:	0004      	movs	r4, r0
10004542:	220d      	movs	r2, #13
10004544:	2100      	movs	r1, #0
10004546:	4668      	mov	r0, sp
10004548:	f7fd fda2 	bl	10002090 <__wrap_memset>
1000454c:	220d      	movs	r2, #13
1000454e:	2100      	movs	r1, #0
10004550:	a804      	add	r0, sp, #16
10004552:	f7fd fd9d 	bl	10002090 <__wrap_memset>
10004556:	234b      	movs	r3, #75	@ 0x4b
10004558:	466a      	mov	r2, sp
1000455a:	4668      	mov	r0, sp
1000455c:	7013      	strb	r3, [r2, #0]
1000455e:	a904      	add	r1, sp, #16
10004560:	220d      	movs	r2, #13
10004562:	f005 f9e1 	bl	10009928 <__flash_do_cmd_veneer>
10004566:	2115      	movs	r1, #21
10004568:	2208      	movs	r2, #8
1000456a:	0020      	movs	r0, r4
1000456c:	4469      	add	r1, sp
1000456e:	f7fd fd95 	bl	1000209c <__wrap___aeabi_memcpy>
10004572:	b008      	add	sp, #32
10004574:	bd10      	pop	{r4, pc}
10004576:	46c0      	nop			@ (mov r8, r8)

10004578 <dcd_init>:
10004578:	b5f8      	push	{r3, r4, r5, r6, r7, lr}
1000457a:	f000 f947 	bl	1000480c <rp2040_usb_init>
1000457e:	230c      	movs	r3, #12
10004580:	4d19      	ldr	r5, [pc, #100]	@ (100045e8 <dcd_init+0x70>)
10004582:	22ff      	movs	r2, #255	@ 0xff
10004584:	67ab      	str	r3, [r5, #120]	@ 0x78
10004586:	2005      	movs	r0, #5
10004588:	4918      	ldr	r1, [pc, #96]	@ (100045ec <dcd_init+0x74>)
1000458a:	f7fc f85b 	bl	10000644 <irq_add_shared_handler>
1000458e:	4c18      	ldr	r4, [pc, #96]	@ (100045f0 <dcd_init+0x78>)
10004590:	2240      	movs	r2, #64	@ 0x40
10004592:	2100      	movs	r1, #0
10004594:	0020      	movs	r0, r4
10004596:	f7fd fd7b 	bl	10002090 <__wrap_memset>
1000459a:	2740      	movs	r7, #64	@ 0x40
1000459c:	2300      	movs	r3, #0
1000459e:	2601      	movs	r6, #1
100045a0:	2121      	movs	r1, #33	@ 0x21
100045a2:	4a14      	ldr	r2, [pc, #80]	@ (100045f4 <dcd_init+0x7c>)
100045a4:	7066      	strb	r6, [r4, #1]
100045a6:	8327      	strh	r7, [r4, #24]
100045a8:	60a2      	str	r2, [r4, #8]
100045aa:	6013      	str	r3, [r2, #0]
100045ac:	5463      	strb	r3, [r4, r1]
100045ae:	315f      	adds	r1, #95	@ 0x5f
100045b0:	8461      	strh	r1, [r4, #34]	@ 0x22
100045b2:	3945      	subs	r1, #69	@ 0x45
100045b4:	5463      	strb	r3, [r4, r1]
100045b6:	4a10      	ldr	r2, [pc, #64]	@ (100045f8 <dcd_init+0x80>)
100045b8:	4910      	ldr	r1, [pc, #64]	@ (100045fc <dcd_init+0x84>)
100045ba:	6063      	str	r3, [r4, #4]
100045bc:	60e2      	str	r2, [r4, #12]
100045be:	8727      	strh	r7, [r4, #56]	@ 0x38
100045c0:	62a1      	str	r1, [r4, #40]	@ 0x28
100045c2:	600b      	str	r3, [r1, #0]
100045c4:	6263      	str	r3, [r4, #36]	@ 0x24
100045c6:	62e2      	str	r2, [r4, #44]	@ 0x2c
100045c8:	f005 f9fe 	bl	100099c8 <__reset_non_control_endpoints_veneer>
100045cc:	2380      	movs	r3, #128	@ 0x80
100045ce:	059b      	lsls	r3, r3, #22
100045d0:	642e      	str	r6, [r5, #64]	@ 0x40
100045d2:	64eb      	str	r3, [r5, #76]	@ 0x4c
100045d4:	2390      	movs	r3, #144	@ 0x90
100045d6:	4a0a      	ldr	r2, [pc, #40]	@ (10004600 <dcd_init+0x88>)
100045d8:	2001      	movs	r0, #1
100045da:	50ea      	str	r2, [r5, r3]
100045dc:	2280      	movs	r2, #128	@ 0x80
100045de:	4b09      	ldr	r3, [pc, #36]	@ (10004604 <dcd_init+0x8c>)
100045e0:	0252      	lsls	r2, r2, #9
100045e2:	64da      	str	r2, [r3, #76]	@ 0x4c
100045e4:	bdf8      	pop	{r3, r4, r5, r6, r7, pc}
100045e6:	46c0      	nop			@ (mov r8, r8)
100045e8:	50110000 	.word	0x50110000
100045ec:	2000052d 	.word	0x2000052d
100045f0:	20001b9c 	.word	0x20001b9c
100045f4:	50100084 	.word	0x50100084
100045f8:	50100100 	.word	0x50100100
100045fc:	50100080 	.word	0x50100080
10004600:	0001d010 	.word	0x0001d010
10004604:	50112000 	.word	0x50112000

10004608 <dcd_int_enable>:
10004608:	b510      	push	{r4, lr}
1000460a:	2101      	movs	r1, #1
1000460c:	2005      	movs	r0, #5
1000460e:	f7fb ffb7 	bl	10000580 <irq_set_enabled>
10004612:	bd10      	pop	{r4, pc}

10004614 <dcd_set_address>:
10004614:	b510      	push	{r4, lr}
10004616:	2200      	movs	r2, #0
10004618:	2100      	movs	r1, #0
1000461a:	4802      	ldr	r0, [pc, #8]	@ (10004624 <dcd_set_address+0x10>)
1000461c:	f000 f916 	bl	1000484c <hw_endpoint_xfer_start>
10004620:	bd10      	pop	{r4, pc}
10004622:	46c0      	nop			@ (mov r8, r8)
10004624:	20001bbc 	.word	0x20001bbc

10004628 <dcd_sof_enable>:
10004628:	4b04      	ldr	r3, [pc, #16]	@ (1000463c <dcd_sof_enable+0x14>)
1000462a:	7019      	strb	r1, [r3, #0]
1000462c:	2900      	cmp	r1, #0
1000462e:	d004      	beq.n	1000463a <dcd_sof_enable+0x12>
10004630:	2180      	movs	r1, #128	@ 0x80
10004632:	2390      	movs	r3, #144	@ 0x90
10004634:	4a02      	ldr	r2, [pc, #8]	@ (10004640 <dcd_sof_enable+0x18>)
10004636:	0289      	lsls	r1, r1, #10
10004638:	50d1      	str	r1, [r2, r3]
1000463a:	4770      	bx	lr
1000463c:	20022491 	.word	0x20022491
10004640:	50112000 	.word	0x50112000

10004644 <dcd_edpt0_status_complete>:
10004644:	780b      	ldrb	r3, [r1, #0]
10004646:	065b      	lsls	r3, r3, #25
10004648:	d102      	bne.n	10004650 <dcd_edpt0_status_complete+0xc>
1000464a:	784b      	ldrb	r3, [r1, #1]
1000464c:	2b05      	cmp	r3, #5
1000464e:	d000      	beq.n	10004652 <dcd_edpt0_status_complete+0xe>
10004650:	4770      	bx	lr
10004652:	788a      	ldrb	r2, [r1, #2]
10004654:	4b01      	ldr	r3, [pc, #4]	@ (1000465c <dcd_edpt0_status_complete+0x18>)
10004656:	601a      	str	r2, [r3, #0]
10004658:	e7fa      	b.n	10004650 <dcd_edpt0_status_complete+0xc>
1000465a:	46c0      	nop			@ (mov r8, r8)
1000465c:	50110000 	.word	0x50110000

10004660 <dcd_edpt_open>:
10004660:	b5f0      	push	{r4, r5, r6, r7, lr}
10004662:	46c6      	mov	lr, r8
10004664:	78c8      	ldrb	r0, [r1, #3]
10004666:	b500      	push	{lr}
10004668:	0780      	lsls	r0, r0, #30
1000466a:	0f83      	lsrs	r3, r0, #30
1000466c:	0018      	movs	r0, r3
1000466e:	2b01      	cmp	r3, #1
10004670:	d060      	beq.n	10004734 <dcd_edpt_open+0xd4>
10004672:	788f      	ldrb	r7, [r1, #2]
10004674:	790a      	ldrb	r2, [r1, #4]
10004676:	794b      	ldrb	r3, [r1, #5]
10004678:	217f      	movs	r1, #127	@ 0x7f
1000467a:	4039      	ands	r1, r7
1000467c:	09fc      	lsrs	r4, r7, #7
1000467e:	021b      	lsls	r3, r3, #8
10004680:	004e      	lsls	r6, r1, #1
10004682:	4313      	orrs	r3, r2
10004684:	4d33      	ldr	r5, [pc, #204]	@ (10004754 <dcd_edpt_open+0xf4>)
10004686:	1932      	adds	r2, r6, r4
10004688:	0152      	lsls	r2, r2, #5
1000468a:	18aa      	adds	r2, r5, r2
1000468c:	7097      	strb	r7, [r2, #2]
1000468e:	2701      	movs	r7, #1
10004690:	4067      	eors	r7, r4
10004692:	7057      	strb	r7, [r2, #1]
10004694:	2700      	movs	r7, #0
10004696:	055b      	lsls	r3, r3, #21
10004698:	0d5b      	lsrs	r3, r3, #21
1000469a:	70d7      	strb	r7, [r2, #3]
1000469c:	8313      	strh	r3, [r2, #24]
1000469e:	76d0      	strb	r0, [r2, #27]
100046a0:	46b8      	mov	r8, r7
100046a2:	00ca      	lsls	r2, r1, #3
100046a4:	2c01      	cmp	r4, #1
100046a6:	d032      	beq.n	1000470e <dcd_edpt_open+0xae>
100046a8:	4f2b      	ldr	r7, [pc, #172]	@ (10004758 <dcd_edpt_open+0xf8>)
100046aa:	46bc      	mov	ip, r7
100046ac:	018f      	lsls	r7, r1, #6
100046ae:	4462      	add	r2, ip
100046b0:	46bc      	mov	ip, r7
100046b2:	44ac      	add	ip, r5
100046b4:	4667      	mov	r7, ip
100046b6:	60ba      	str	r2, [r7, #8]
100046b8:	4647      	mov	r7, r8
100046ba:	6017      	str	r7, [r2, #0]
100046bc:	2900      	cmp	r1, #0
100046be:	d032      	beq.n	10004726 <dcd_edpt_open+0xc6>
100046c0:	4a26      	ldr	r2, [pc, #152]	@ (1000475c <dcd_edpt_open+0xfc>)
100046c2:	00c9      	lsls	r1, r1, #3
100046c4:	4690      	mov	r8, r2
100046c6:	4662      	mov	r2, ip
100046c8:	4441      	add	r1, r8
100046ca:	6051      	str	r1, [r2, #4]
100046cc:	223f      	movs	r2, #63	@ 0x3f
100046ce:	333f      	adds	r3, #63	@ 0x3f
100046d0:	4393      	bics	r3, r2
100046d2:	2802      	cmp	r0, #2
100046d4:	d037      	beq.n	10004746 <dcd_edpt_open+0xe6>
100046d6:	4922      	ldr	r1, [pc, #136]	@ (10004760 <dcd_edpt_open+0x100>)
100046d8:	1937      	adds	r7, r6, r4
100046da:	680a      	ldr	r2, [r1, #0]
100046dc:	017f      	lsls	r7, r7, #5
100046de:	18d3      	adds	r3, r2, r3
100046e0:	600b      	str	r3, [r1, #0]
100046e2:	4920      	ldr	r1, [pc, #128]	@ (10004764 <dcd_edpt_open+0x104>)
100046e4:	19ef      	adds	r7, r5, r7
100046e6:	60fa      	str	r2, [r7, #12]
100046e8:	428b      	cmp	r3, r1
100046ea:	d82e      	bhi.n	1000474a <dcd_edpt_open+0xea>
100046ec:	1936      	adds	r6, r6, r4
100046ee:	0176      	lsls	r6, r6, #5
100046f0:	19ad      	adds	r5, r5, r6
100046f2:	7eeb      	ldrb	r3, [r5, #27]
100046f4:	491c      	ldr	r1, [pc, #112]	@ (10004768 <dcd_edpt_open+0x108>)
100046f6:	069b      	lsls	r3, r3, #26
100046f8:	404a      	eors	r2, r1
100046fa:	4313      	orrs	r3, r2
100046fc:	2280      	movs	r2, #128	@ 0x80
100046fe:	0612      	lsls	r2, r2, #24
10004700:	4313      	orrs	r3, r2
10004702:	686a      	ldr	r2, [r5, #4]
10004704:	6013      	str	r3, [r2, #0]
10004706:	2001      	movs	r0, #1
10004708:	bc80      	pop	{r7}
1000470a:	46b8      	mov	r8, r7
1000470c:	bdf0      	pop	{r4, r5, r6, r7, pc}
1000470e:	4f17      	ldr	r7, [pc, #92]	@ (1000476c <dcd_edpt_open+0x10c>)
10004710:	46bc      	mov	ip, r7
10004712:	018f      	lsls	r7, r1, #6
10004714:	4462      	add	r2, ip
10004716:	46bc      	mov	ip, r7
10004718:	44ac      	add	ip, r5
1000471a:	4667      	mov	r7, ip
1000471c:	62ba      	str	r2, [r7, #40]	@ 0x28
1000471e:	4647      	mov	r7, r8
10004720:	6017      	str	r7, [r2, #0]
10004722:	2900      	cmp	r1, #0
10004724:	d108      	bne.n	10004738 <dcd_edpt_open+0xd8>
10004726:	2300      	movs	r3, #0
10004728:	0164      	lsls	r4, r4, #5
1000472a:	192c      	adds	r4, r5, r4
1000472c:	6063      	str	r3, [r4, #4]
1000472e:	4b10      	ldr	r3, [pc, #64]	@ (10004770 <dcd_edpt_open+0x110>)
10004730:	60e3      	str	r3, [r4, #12]
10004732:	e7e8      	b.n	10004706 <dcd_edpt_open+0xa6>
10004734:	2000      	movs	r0, #0
10004736:	e7e7      	b.n	10004708 <dcd_edpt_open+0xa8>
10004738:	4a0b      	ldr	r2, [pc, #44]	@ (10004768 <dcd_edpt_open+0x108>)
1000473a:	00c9      	lsls	r1, r1, #3
1000473c:	4690      	mov	r8, r2
1000473e:	4662      	mov	r2, ip
10004740:	4441      	add	r1, r8
10004742:	6251      	str	r1, [r2, #36]	@ 0x24
10004744:	e7c2      	b.n	100046cc <dcd_edpt_open+0x6c>
10004746:	005b      	lsls	r3, r3, #1
10004748:	e7c5      	b.n	100046d6 <dcd_edpt_open+0x76>
1000474a:	f7fc ff7f 	bl	1000164c <hard_assertion_failure>
1000474e:	68fa      	ldr	r2, [r7, #12]
10004750:	e7cc      	b.n	100046ec <dcd_edpt_open+0x8c>
10004752:	46c0      	nop			@ (mov r8, r8)
10004754:	20001b9c 	.word	0x20001b9c
10004758:	50100084 	.word	0x50100084
1000475c:	50100004 	.word	0x50100004
10004760:	20001fa4 	.word	0x20001fa4
10004764:	50100fff 	.word	0x50100fff
10004768:	50100000 	.word	0x50100000
1000476c:	50100080 	.word	0x50100080
10004770:	50100100 	.word	0x50100100

10004774 <dcd_edpt_close_all>:
10004774:	b510      	push	{r4, lr}
10004776:	f005 f927 	bl	100099c8 <__reset_non_control_endpoints_veneer>
1000477a:	bd10      	pop	{r4, pc}

1000477c <dcd_edpt_xfer>:
1000477c:	b510      	push	{r4, lr}
1000477e:	207f      	movs	r0, #127	@ 0x7f
10004780:	000c      	movs	r4, r1
10004782:	4020      	ands	r0, r4
10004784:	0040      	lsls	r0, r0, #1
10004786:	09e4      	lsrs	r4, r4, #7
10004788:	0011      	movs	r1, r2
1000478a:	1900      	adds	r0, r0, r4
1000478c:	001a      	movs	r2, r3
1000478e:	4b03      	ldr	r3, [pc, #12]	@ (1000479c <dcd_edpt_xfer+0x20>)
10004790:	0140      	lsls	r0, r0, #5
10004792:	18c0      	adds	r0, r0, r3
10004794:	f000 f85a 	bl	1000484c <hw_endpoint_xfer_start>
10004798:	2001      	movs	r0, #1
1000479a:	bd10      	pop	{r4, pc}
1000479c:	20001b9c 	.word	0x20001b9c

100047a0 <dcd_edpt_stall>:
100047a0:	237f      	movs	r3, #127	@ 0x7f
100047a2:	0018      	movs	r0, r3
100047a4:	b500      	push	{lr}
100047a6:	4008      	ands	r0, r1
100047a8:	b083      	sub	sp, #12
100047aa:	420b      	tst	r3, r1
100047ac:	d104      	bne.n	100047b8 <dcd_edpt_stall+0x18>
100047ae:	424b      	negs	r3, r1
100047b0:	414b      	adcs	r3, r1
100047b2:	4a08      	ldr	r2, [pc, #32]	@ (100047d4 <dcd_edpt_stall+0x34>)
100047b4:	3301      	adds	r3, #1
100047b6:	6693      	str	r3, [r2, #104]	@ 0x68
100047b8:	2280      	movs	r2, #128	@ 0x80
100047ba:	09c9      	lsrs	r1, r1, #7
100047bc:	0040      	lsls	r0, r0, #1
100047be:	4b06      	ldr	r3, [pc, #24]	@ (100047d8 <dcd_edpt_stall+0x38>)
100047c0:	1840      	adds	r0, r0, r1
100047c2:	0140      	lsls	r0, r0, #5
100047c4:	2100      	movs	r1, #0
100047c6:	18c0      	adds	r0, r0, r3
100047c8:	0112      	lsls	r2, r2, #4
100047ca:	f005 f905 	bl	100099d8 <___hw_endpoint_buffer_control_update32_veneer>
100047ce:	b003      	add	sp, #12
100047d0:	bd00      	pop	{pc}
100047d2:	46c0      	nop			@ (mov r8, r8)
100047d4:	50112000 	.word	0x50112000
100047d8:	20001b9c 	.word	0x20001b9c

100047dc <dcd_edpt_clear_stall>:
100047dc:	227f      	movs	r2, #127	@ 0x7f
100047de:	0013      	movs	r3, r2
100047e0:	b510      	push	{r4, lr}
100047e2:	400b      	ands	r3, r1
100047e4:	420a      	tst	r2, r1
100047e6:	d100      	bne.n	100047ea <dcd_edpt_clear_stall+0xe>
100047e8:	bd10      	pop	{r4, pc}
100047ea:	09c9      	lsrs	r1, r1, #7
100047ec:	005b      	lsls	r3, r3, #1
100047ee:	185b      	adds	r3, r3, r1
100047f0:	4804      	ldr	r0, [pc, #16]	@ (10004804 <dcd_edpt_clear_stall+0x28>)
100047f2:	015b      	lsls	r3, r3, #5
100047f4:	18c0      	adds	r0, r0, r3
100047f6:	2300      	movs	r3, #0
100047f8:	2200      	movs	r2, #0
100047fa:	4903      	ldr	r1, [pc, #12]	@ (10004808 <dcd_edpt_clear_stall+0x2c>)
100047fc:	70c3      	strb	r3, [r0, #3]
100047fe:	f005 f8eb 	bl	100099d8 <___hw_endpoint_buffer_control_update32_veneer>
10004802:	e7f1      	b.n	100047e8 <dcd_edpt_clear_stall+0xc>
10004804:	20001b9c 	.word	0x20001b9c
10004808:	fffff7ff 	.word	0xfffff7ff

1000480c <rp2040_usb_init>:
1000480c:	2280      	movs	r2, #128	@ 0x80
1000480e:	4b0a      	ldr	r3, [pc, #40]	@ (10004838 <rp2040_usb_init+0x2c>)
10004810:	0452      	lsls	r2, r2, #17
10004812:	b510      	push	{r4, lr}
10004814:	601a      	str	r2, [r3, #0]
10004816:	4b09      	ldr	r3, [pc, #36]	@ (1000483c <rp2040_usb_init+0x30>)
10004818:	4909      	ldr	r1, [pc, #36]	@ (10004840 <rp2040_usb_init+0x34>)
1000481a:	601a      	str	r2, [r3, #0]
1000481c:	0010      	movs	r0, r2
1000481e:	680b      	ldr	r3, [r1, #0]
10004820:	4398      	bics	r0, r3
10004822:	d1fb      	bne.n	1000481c <rp2040_usb_init+0x10>
10004824:	2280      	movs	r2, #128	@ 0x80
10004826:	2100      	movs	r1, #0
10004828:	0152      	lsls	r2, r2, #5
1000482a:	4806      	ldr	r0, [pc, #24]	@ (10004844 <rp2040_usb_init+0x38>)
1000482c:	f7fd fc30 	bl	10002090 <__wrap_memset>
10004830:	2209      	movs	r2, #9
10004832:	4b05      	ldr	r3, [pc, #20]	@ (10004848 <rp2040_usb_init+0x3c>)
10004834:	675a      	str	r2, [r3, #116]	@ 0x74
10004836:	bd10      	pop	{r4, pc}
10004838:	4000e000 	.word	0x4000e000
1000483c:	4000f000 	.word	0x4000f000
10004840:	4000c008 	.word	0x4000c008
10004844:	50100000 	.word	0x50100000
10004848:	50110000 	.word	0x50110000

1000484c <hw_endpoint_xfer_start>:
1000484c:	2300      	movs	r3, #0
1000484e:	b510      	push	{r4, lr}
10004850:	82c3      	strh	r3, [r0, #22]
10004852:	3301      	adds	r3, #1
10004854:	8282      	strh	r2, [r0, #20]
10004856:	7683      	strb	r3, [r0, #26]
10004858:	6101      	str	r1, [r0, #16]
1000485a:	0004      	movs	r4, r0
1000485c:	f005 f87c 	bl	10009958 <__e15_is_bulkin_ep_veneer>
10004860:	2800      	cmp	r0, #0
10004862:	d004      	beq.n	1000486e <hw_endpoint_xfer_start+0x22>
10004864:	2180      	movs	r1, #128	@ 0x80
10004866:	2390      	movs	r3, #144	@ 0x90
10004868:	4a07      	ldr	r2, [pc, #28]	@ (10004888 <hw_endpoint_xfer_start+0x3c>)
1000486a:	0289      	lsls	r1, r1, #10
1000486c:	50d1      	str	r1, [r2, r3]
1000486e:	0020      	movs	r0, r4
10004870:	f005 f87a 	bl	10009968 <__e15_is_critical_frame_period_veneer>
10004874:	2800      	cmp	r0, #0
10004876:	d002      	beq.n	1000487e <hw_endpoint_xfer_start+0x32>
10004878:	2301      	movs	r3, #1
1000487a:	7723      	strb	r3, [r4, #28]
1000487c:	bd10      	pop	{r4, pc}
1000487e:	0020      	movs	r0, r4
10004880:	f005 f89a 	bl	100099b8 <__hw_endpoint_start_next_buffer_veneer>
10004884:	e7fa      	b.n	1000487c <hw_endpoint_xfer_start+0x30>
10004886:	46c0      	nop			@ (mov r8, r8)
10004888:	50112000 	.word	0x50112000

1000488c <tud_event_hook_cb>:
1000488c:	4770      	bx	lr
1000488e:	46c0      	nop			@ (mov r8, r8)

10004890 <tud_sof_cb>:
10004890:	4770      	bx	lr
10004892:	46c0      	nop			@ (mov r8, r8)

10004894 <tud_descriptor_device_qualifier_cb>:
10004894:	2000      	movs	r0, #0
10004896:	4770      	bx	lr

10004898 <tud_descriptor_other_speed_configuration_cb>:
10004898:	2000      	movs	r0, #0
1000489a:	4770      	bx	lr

1000489c <tud_mount_cb>:
1000489c:	4770      	bx	lr
1000489e:	46c0      	nop			@ (mov r8, r8)

100048a0 <tud_umount_cb>:
100048a0:	4770      	bx	lr
100048a2:	46c0      	nop			@ (mov r8, r8)

100048a4 <tud_suspend_cb>:
100048a4:	4770      	bx	lr
100048a6:	46c0      	nop			@ (mov r8, r8)

100048a8 <tud_resume_cb>:
100048a8:	4770      	bx	lr
100048aa:	46c0      	nop			@ (mov r8, r8)

100048ac <tud_mounted>:
100048ac:	4b02      	ldr	r3, [pc, #8]	@ (100048b8 <tud_mounted+0xc>)
100048ae:	7858      	ldrb	r0, [r3, #1]
100048b0:	1e43      	subs	r3, r0, #1
100048b2:	4198      	sbcs	r0, r3
100048b4:	b2c0      	uxtb	r0, r0
100048b6:	4770      	bx	lr
100048b8:	20001530 	.word	0x20001530

100048bc <tud_suspended>:
100048bc:	4b02      	ldr	r3, [pc, #8]	@ (100048c8 <tud_suspended+0xc>)
100048be:	7818      	ldrb	r0, [r3, #0]
100048c0:	0740      	lsls	r0, r0, #29
100048c2:	0fc0      	lsrs	r0, r0, #31
100048c4:	4770      	bx	lr
100048c6:	46c0      	nop			@ (mov r8, r8)
100048c8:	20001530 	.word	0x20001530

100048cc <tud_rhport_init>:
100048cc:	b5f0      	push	{r4, r5, r6, r7, lr}
100048ce:	46d6      	mov	lr, sl
100048d0:	464f      	mov	r7, r9
100048d2:	4646      	mov	r6, r8
100048d4:	b5c0      	push	{r6, r7, lr}
100048d6:	4b2f      	ldr	r3, [pc, #188]	@ (10004994 <tud_rhport_init+0xc8>)
100048d8:	0007      	movs	r7, r0
100048da:	469a      	mov	sl, r3
100048dc:	781b      	ldrb	r3, [r3, #0]
100048de:	000e      	movs	r6, r1
100048e0:	2bff      	cmp	r3, #255	@ 0xff
100048e2:	d150      	bne.n	10004986 <tud_rhport_init+0xba>
100048e4:	2900      	cmp	r1, #0
100048e6:	d041      	beq.n	1000496c <tud_rhport_init+0xa0>
100048e8:	2100      	movs	r1, #0
100048ea:	2254      	movs	r2, #84	@ 0x54
100048ec:	482a      	ldr	r0, [pc, #168]	@ (10004998 <tud_rhport_init+0xcc>)
100048ee:	f7fd fbcf 	bl	10002090 <__wrap_memset>
100048f2:	2200      	movs	r2, #0
100048f4:	4c29      	ldr	r4, [pc, #164]	@ (1000499c <tud_rhport_init+0xd0>)
100048f6:	4b2a      	ldr	r3, [pc, #168]	@ (100049a0 <tud_rhport_init+0xd4>)
100048f8:	0020      	movs	r0, r4
100048fa:	701a      	strb	r2, [r3, #0]
100048fc:	f7fc f852 	bl	100009a4 <mutex_init>
10004900:	4b28      	ldr	r3, [pc, #160]	@ (100049a4 <tud_rhport_init+0xd8>)
10004902:	601c      	str	r4, [r3, #0]
10004904:	4c28      	ldr	r4, [pc, #160]	@ (100049a8 <tud_rhport_init+0xdc>)
10004906:	0020      	movs	r0, r4
10004908:	3c14      	subs	r4, #20
1000490a:	f7fc f859 	bl	100009c0 <critical_section_init>
1000490e:	0020      	movs	r0, r4
10004910:	f001 fdf2 	bl	100064f8 <tu_fifo_clear>
10004914:	4b25      	ldr	r3, [pc, #148]	@ (100049ac <tud_rhport_init+0xe0>)
10004916:	4d26      	ldr	r5, [pc, #152]	@ (100049b0 <tud_rhport_init+0xe4>)
10004918:	601c      	str	r4, [r3, #0]
1000491a:	4b26      	ldr	r3, [pc, #152]	@ (100049b4 <tud_rhport_init+0xe8>)
1000491c:	2b00      	cmp	r3, #0
1000491e:	d004      	beq.n	1000492a <tud_rhport_init+0x5e>
10004920:	0028      	movs	r0, r5
10004922:	f7ff fac7 	bl	10003eb4 <usbd_app_driver_get_cb>
10004926:	4b24      	ldr	r3, [pc, #144]	@ (100049b8 <tud_rhport_init+0xec>)
10004928:	6018      	str	r0, [r3, #0]
1000492a:	4924      	ldr	r1, [pc, #144]	@ (100049bc <tud_rhport_init+0xf0>)
1000492c:	2400      	movs	r4, #0
1000492e:	4689      	mov	r9, r1
10004930:	4921      	ldr	r1, [pc, #132]	@ (100049b8 <tud_rhport_init+0xec>)
10004932:	2300      	movs	r3, #0
10004934:	4688      	mov	r8, r1
10004936:	782a      	ldrb	r2, [r5, #0]
10004938:	e010      	b.n	1000495c <tud_rhport_init+0x90>
1000493a:	4643      	mov	r3, r8
1000493c:	681b      	ldr	r3, [r3, #0]
1000493e:	0162      	lsls	r2, r4, #5
10004940:	189b      	adds	r3, r3, r2
10004942:	2b00      	cmp	r3, #0
10004944:	d012      	beq.n	1000496c <tud_rhport_init+0xa0>
10004946:	685b      	ldr	r3, [r3, #4]
10004948:	2b00      	cmp	r3, #0
1000494a:	d00f      	beq.n	1000496c <tud_rhport_init+0xa0>
1000494c:	4798      	blx	r3
1000494e:	782a      	ldrb	r2, [r5, #0]
10004950:	3401      	adds	r4, #1
10004952:	b2e4      	uxtb	r4, r4
10004954:	1c51      	adds	r1, r2, #1
10004956:	0023      	movs	r3, r4
10004958:	42a1      	cmp	r1, r4
1000495a:	db09      	blt.n	10004970 <tud_rhport_init+0xa4>
1000495c:	42a2      	cmp	r2, r4
1000495e:	d8ec      	bhi.n	1000493a <tud_rhport_init+0x6e>
10004960:	1a9b      	subs	r3, r3, r2
10004962:	015b      	lsls	r3, r3, #5
10004964:	444b      	add	r3, r9
10004966:	685b      	ldr	r3, [r3, #4]
10004968:	2b00      	cmp	r3, #0
1000496a:	d1ef      	bne.n	1000494c <tud_rhport_init+0x80>
1000496c:	2000      	movs	r0, #0
1000496e:	e00b      	b.n	10004988 <tud_rhport_init+0xbc>
10004970:	4653      	mov	r3, sl
10004972:	0031      	movs	r1, r6
10004974:	0038      	movs	r0, r7
10004976:	701f      	strb	r7, [r3, #0]
10004978:	f7ff fdfe 	bl	10004578 <dcd_init>
1000497c:	2800      	cmp	r0, #0
1000497e:	d0f5      	beq.n	1000496c <tud_rhport_init+0xa0>
10004980:	0038      	movs	r0, r7
10004982:	f7ff fe41 	bl	10004608 <dcd_int_enable>
10004986:	2001      	movs	r0, #1
10004988:	bce0      	pop	{r5, r6, r7}
1000498a:	46ba      	mov	sl, r7
1000498c:	46b1      	mov	r9, r6
1000498e:	46a8      	mov	r8, r5
10004990:	bdf0      	pop	{r4, r5, r6, r7, pc}
10004992:	46c0      	nop			@ (mov r8, r8)
10004994:	200010a4 	.word	0x200010a4
10004998:	20001530 	.word	0x20001530
1000499c:	20001528 	.word	0x20001528
100049a0:	20022492 	.word	0x20022492
100049a4:	20001584 	.word	0x20001584
100049a8:	2000109c 	.word	0x2000109c
100049ac:	20001588 	.word	0x20001588
100049b0:	20022490 	.word	0x20022490
100049b4:	10003eb5 	.word	0x10003eb5
100049b8:	20001380 	.word	0x20001380
100049bc:	1000a084 	.word	0x1000a084

100049c0 <tud_task_ext>:
100049c0:	b5f0      	push	{r4, r5, r6, r7, lr}
100049c2:	46de      	mov	lr, fp
100049c4:	4657      	mov	r7, sl
100049c6:	464e      	mov	r6, r9
100049c8:	4645      	mov	r5, r8
100049ca:	b5e0      	push	{r5, r6, r7, lr}
100049cc:	4bc8      	ldr	r3, [pc, #800]	@ (10004cf0 <tud_task_ext+0x330>)
100049ce:	b091      	sub	sp, #68	@ 0x44
100049d0:	9302      	str	r3, [sp, #8]
100049d2:	781b      	ldrb	r3, [r3, #0]
100049d4:	2bff      	cmp	r3, #255	@ 0xff
100049d6:	d100      	bne.n	100049da <tud_task_ext+0x1a>
100049d8:	e13e      	b.n	10004c58 <tud_task_ext+0x298>
100049da:	4bc6      	ldr	r3, [pc, #792]	@ (10004cf4 <tud_task_ext+0x334>)
100049dc:	4ec6      	ldr	r6, [pc, #792]	@ (10004cf8 <tud_task_ext+0x338>)
100049de:	469b      	mov	fp, r3
100049e0:	465f      	mov	r7, fp
100049e2:	4bc6      	ldr	r3, [pc, #792]	@ (10004cfc <tud_task_ext+0x33c>)
100049e4:	ac0d      	add	r4, sp, #52	@ 0x34
100049e6:	9301      	str	r3, [sp, #4]
100049e8:	4bc5      	ldr	r3, [pc, #788]	@ (10004d00 <tud_task_ext+0x340>)
100049ea:	9300      	str	r3, [sp, #0]
100049ec:	6835      	ldr	r5, [r6, #0]
100049ee:	696a      	ldr	r2, [r5, #20]
100049f0:	f3ef 8110 	mrs	r1, PRIMASK
100049f4:	b672      	cpsid	i
100049f6:	6813      	ldr	r3, [r2, #0]
100049f8:	2b00      	cmp	r3, #0
100049fa:	d0fc      	beq.n	100049f6 <tud_task_ext+0x36>
100049fc:	f3bf 8f5f 	dmb	sy
10004a00:	61a9      	str	r1, [r5, #24]
10004a02:	0028      	movs	r0, r5
10004a04:	0021      	movs	r1, r4
10004a06:	f001 fbaf 	bl	10006168 <tu_fifo_read>
10004a0a:	696a      	ldr	r2, [r5, #20]
10004a0c:	69ab      	ldr	r3, [r5, #24]
10004a0e:	f3bf 8f5f 	dmb	sy
10004a12:	2100      	movs	r1, #0
10004a14:	6011      	str	r1, [r2, #0]
10004a16:	f383 8810 	msr	PRIMASK, r3
10004a1a:	2800      	cmp	r0, #0
10004a1c:	d100      	bne.n	10004a20 <tud_task_ext+0x60>
10004a1e:	e11b      	b.n	10004c58 <tud_task_ext+0x298>
10004a20:	7863      	ldrb	r3, [r4, #1]
10004a22:	2b08      	cmp	r3, #8
10004a24:	d8e2      	bhi.n	100049ec <tud_task_ext+0x2c>
10004a26:	009b      	lsls	r3, r3, #2
10004a28:	58fb      	ldr	r3, [r7, r3]
10004a2a:	469f      	mov	pc, r3
10004a2c:	6863      	ldr	r3, [r4, #4]
10004a2e:	2b00      	cmp	r3, #0
10004a30:	d0dc      	beq.n	100049ec <tud_task_ext+0x2c>
10004a32:	68a0      	ldr	r0, [r4, #8]
10004a34:	4798      	blx	r3
10004a36:	e7d9      	b.n	100049ec <tud_task_ext+0x2c>
10004a38:	227f      	movs	r2, #127	@ 0x7f
10004a3a:	7921      	ldrb	r1, [r4, #4]
10004a3c:	4daf      	ldr	r5, [pc, #700]	@ (10004cfc <tud_task_ext+0x33c>)
10004a3e:	400a      	ands	r2, r1
10004a40:	0053      	lsls	r3, r2, #1
10004a42:	18eb      	adds	r3, r5, r3
10004a44:	4698      	mov	r8, r3
10004a46:	09c8      	lsrs	r0, r1, #7
10004a48:	4480      	add	r8, r0
10004a4a:	4640      	mov	r0, r8
10004a4c:	2301      	movs	r3, #1
10004a4e:	3030      	adds	r0, #48	@ 0x30
10004a50:	7905      	ldrb	r5, [r0, #4]
10004a52:	439d      	bics	r5, r3
10004a54:	7105      	strb	r5, [r0, #4]
10004a56:	7905      	ldrb	r5, [r0, #4]
10004a58:	3303      	adds	r3, #3
10004a5a:	439d      	bics	r5, r3
10004a5c:	7105      	strb	r5, [r0, #4]
10004a5e:	2a00      	cmp	r2, #0
10004a60:	d100      	bne.n	10004a64 <tud_task_ext+0xa4>
10004a62:	e100      	b.n	10004c66 <tud_task_ext+0x2a6>
10004a64:	4643      	mov	r3, r8
10004a66:	4aa7      	ldr	r2, [pc, #668]	@ (10004d04 <tud_task_ext+0x344>)
10004a68:	7d1b      	ldrb	r3, [r3, #20]
10004a6a:	7812      	ldrb	r2, [r2, #0]
10004a6c:	4293      	cmp	r3, r2
10004a6e:	d300      	bcc.n	10004a72 <tud_task_ext+0xb2>
10004a70:	e0ef      	b.n	10004c52 <tud_task_ext+0x292>
10004a72:	4aa5      	ldr	r2, [pc, #660]	@ (10004d08 <tud_task_ext+0x348>)
10004a74:	015b      	lsls	r3, r3, #5
10004a76:	6815      	ldr	r5, [r2, #0]
10004a78:	18ed      	adds	r5, r5, r3
10004a7a:	2d00      	cmp	r5, #0
10004a7c:	d100      	bne.n	10004a80 <tud_task_ext+0xc0>
10004a7e:	e0eb      	b.n	10004c58 <tud_task_ext+0x298>
10004a80:	68a3      	ldr	r3, [r4, #8]
10004a82:	7962      	ldrb	r2, [r4, #5]
10004a84:	7820      	ldrb	r0, [r4, #0]
10004a86:	69ad      	ldr	r5, [r5, #24]
10004a88:	47a8      	blx	r5
10004a8a:	e7af      	b.n	100049ec <tud_task_ext+0x2c>
10004a8c:	4a9f      	ldr	r2, [pc, #636]	@ (10004d0c <tud_task_ext+0x34c>)
10004a8e:	7813      	ldrb	r3, [r2, #0]
10004a90:	2b00      	cmp	r3, #0
10004a92:	d100      	bne.n	10004a96 <tud_task_ext+0xd6>
10004a94:	e0e0      	b.n	10004c58 <tud_task_ext+0x298>
10004a96:	7813      	ldrb	r3, [r2, #0]
10004a98:	3b01      	subs	r3, #1
10004a9a:	b2db      	uxtb	r3, r3
10004a9c:	7013      	strb	r3, [r2, #0]
10004a9e:	7813      	ldrb	r3, [r2, #0]
10004aa0:	2b00      	cmp	r3, #0
10004aa2:	d1a3      	bne.n	100049ec <tud_task_ext+0x2c>
10004aa4:	2201      	movs	r2, #1
10004aa6:	4d95      	ldr	r5, [pc, #596]	@ (10004cfc <tud_task_ext+0x33c>)
10004aa8:	2101      	movs	r1, #1
10004aaa:	782b      	ldrb	r3, [r5, #0]
10004aac:	2004      	movs	r0, #4
10004aae:	4313      	orrs	r3, r2
10004ab0:	702b      	strb	r3, [r5, #0]
10004ab2:	2334      	movs	r3, #52	@ 0x34
10004ab4:	5cea      	ldrb	r2, [r5, r3]
10004ab6:	438a      	bics	r2, r1
10004ab8:	54ea      	strb	r2, [r5, r3]
10004aba:	5cea      	ldrb	r2, [r5, r3]
10004abc:	4382      	bics	r2, r0
10004abe:	54ea      	strb	r2, [r5, r3]
10004ac0:	3301      	adds	r3, #1
10004ac2:	5cea      	ldrb	r2, [r5, r3]
10004ac4:	438a      	bics	r2, r1
10004ac6:	54ea      	strb	r2, [r5, r3]
10004ac8:	5cea      	ldrb	r2, [r5, r3]
10004aca:	4382      	bics	r2, r0
10004acc:	54ea      	strb	r2, [r5, r3]
10004ace:	7823      	ldrb	r3, [r4, #0]
10004ad0:	2000      	movs	r0, #0
10004ad2:	469b      	mov	fp, r3
10004ad4:	f000 fc9e 	bl	10005414 <usbd_control_set_complete_callback>
10004ad8:	2260      	movs	r2, #96	@ 0x60
10004ada:	7923      	ldrb	r3, [r4, #4]
10004adc:	401a      	ands	r2, r3
10004ade:	2a60      	cmp	r2, #96	@ 0x60
10004ae0:	d100      	bne.n	10004ae4 <tud_task_ext+0x124>
10004ae2:	e0ef      	b.n	10004cc4 <tud_task_ext+0x304>
10004ae4:	2a40      	cmp	r2, #64	@ 0x40
10004ae6:	d100      	bne.n	10004aea <tud_task_ext+0x12a>
10004ae8:	e0f5      	b.n	10004cd6 <tud_task_ext+0x316>
10004aea:	06db      	lsls	r3, r3, #27
10004aec:	0edb      	lsrs	r3, r3, #27
10004aee:	2b01      	cmp	r3, #1
10004af0:	d100      	bne.n	10004af4 <tud_task_ext+0x134>
10004af2:	e113      	b.n	10004d1c <tud_task_ext+0x35c>
10004af4:	2b02      	cmp	r3, #2
10004af6:	d100      	bne.n	10004afa <tud_task_ext+0x13a>
10004af8:	e0c7      	b.n	10004c8a <tud_task_ext+0x2ca>
10004afa:	2b00      	cmp	r3, #0
10004afc:	d000      	beq.n	10004b00 <tud_task_ext+0x140>
10004afe:	e0e1      	b.n	10004cc4 <tud_task_ext+0x304>
10004b00:	2a20      	cmp	r2, #32
10004b02:	d100      	bne.n	10004b06 <tud_task_ext+0x146>
10004b04:	e21c      	b.n	10004f40 <tud_task_ext+0x580>
10004b06:	2a00      	cmp	r2, #0
10004b08:	d000      	beq.n	10004b0c <tud_task_ext+0x14c>
10004b0a:	e0db      	b.n	10004cc4 <tud_task_ext+0x304>
10004b0c:	7963      	ldrb	r3, [r4, #5]
10004b0e:	2b09      	cmp	r3, #9
10004b10:	d900      	bls.n	10004b14 <tud_task_ext+0x154>
10004b12:	e0d7      	b.n	10004cc4 <tud_task_ext+0x304>
10004b14:	4a7e      	ldr	r2, [pc, #504]	@ (10004d10 <tud_task_ext+0x350>)
10004b16:	009b      	lsls	r3, r3, #2
10004b18:	58d3      	ldr	r3, [r2, r3]
10004b1a:	469f      	mov	pc, r3
10004b1c:	4d77      	ldr	r5, [pc, #476]	@ (10004cfc <tud_task_ext+0x33c>)
10004b1e:	782b      	ldrb	r3, [r5, #0]
10004b20:	07db      	lsls	r3, r3, #31
10004b22:	d400      	bmi.n	10004b26 <tud_task_ext+0x166>
10004b24:	e762      	b.n	100049ec <tud_task_ext+0x2c>
10004b26:	f7ff febf 	bl	100048a8 <tud_resume_cb>
10004b2a:	e75f      	b.n	100049ec <tud_task_ext+0x2c>
10004b2c:	9b01      	ldr	r3, [sp, #4]
10004b2e:	78db      	ldrb	r3, [r3, #3]
10004b30:	07db      	lsls	r3, r3, #31
10004b32:	d400      	bmi.n	10004b36 <tud_task_ext+0x176>
10004b34:	e75a      	b.n	100049ec <tud_task_ext+0x2c>
10004b36:	6860      	ldr	r0, [r4, #4]
10004b38:	f7ff feaa 	bl	10004890 <tud_sof_cb>
10004b3c:	e756      	b.n	100049ec <tud_task_ext+0x2c>
10004b3e:	4d6f      	ldr	r5, [pc, #444]	@ (10004cfc <tud_task_ext+0x33c>)
10004b40:	782b      	ldrb	r3, [r5, #0]
10004b42:	07db      	lsls	r3, r3, #31
10004b44:	d400      	bmi.n	10004b48 <tud_task_ext+0x188>
10004b46:	e751      	b.n	100049ec <tud_task_ext+0x2c>
10004b48:	7828      	ldrb	r0, [r5, #0]
10004b4a:	0700      	lsls	r0, r0, #28
10004b4c:	0fc0      	lsrs	r0, r0, #31
10004b4e:	f7ff fea9 	bl	100048a4 <tud_suspend_cb>
10004b52:	e74b      	b.n	100049ec <tud_task_ext+0x2c>
10004b54:	7823      	ldrb	r3, [r4, #0]
10004b56:	496a      	ldr	r1, [pc, #424]	@ (10004d00 <tud_task_ext+0x340>)
10004b58:	4699      	mov	r9, r3
10004b5a:	468b      	mov	fp, r1
10004b5c:	4b69      	ldr	r3, [pc, #420]	@ (10004d04 <tud_task_ext+0x344>)
10004b5e:	496a      	ldr	r1, [pc, #424]	@ (10004d08 <tud_task_ext+0x348>)
10004b60:	4698      	mov	r8, r3
10004b62:	468a      	mov	sl, r1
10004b64:	0039      	movs	r1, r7
10004b66:	781a      	ldrb	r2, [r3, #0]
10004b68:	4647      	mov	r7, r8
10004b6a:	2300      	movs	r3, #0
10004b6c:	46b0      	mov	r8, r6
10004b6e:	2500      	movs	r5, #0
10004b70:	464e      	mov	r6, r9
10004b72:	4689      	mov	r9, r1
10004b74:	e010      	b.n	10004b98 <tud_task_ext+0x1d8>
10004b76:	4653      	mov	r3, sl
10004b78:	681b      	ldr	r3, [r3, #0]
10004b7a:	016a      	lsls	r2, r5, #5
10004b7c:	189b      	adds	r3, r3, r2
10004b7e:	2b00      	cmp	r3, #0
10004b80:	d100      	bne.n	10004b84 <tud_task_ext+0x1c4>
10004b82:	e076      	b.n	10004c72 <tud_task_ext+0x2b2>
10004b84:	68db      	ldr	r3, [r3, #12]
10004b86:	0030      	movs	r0, r6
10004b88:	4798      	blx	r3
10004b8a:	783a      	ldrb	r2, [r7, #0]
10004b8c:	3501      	adds	r5, #1
10004b8e:	b2ed      	uxtb	r5, r5
10004b90:	1c51      	adds	r1, r2, #1
10004b92:	002b      	movs	r3, r5
10004b94:	428d      	cmp	r5, r1
10004b96:	dc44      	bgt.n	10004c22 <tud_task_ext+0x262>
10004b98:	4295      	cmp	r5, r2
10004b9a:	d3ec      	bcc.n	10004b76 <tud_task_ext+0x1b6>
10004b9c:	1a9b      	subs	r3, r3, r2
10004b9e:	015b      	lsls	r3, r3, #5
10004ba0:	445b      	add	r3, fp
10004ba2:	e7ef      	b.n	10004b84 <tud_task_ext+0x1c4>
10004ba4:	7823      	ldrb	r3, [r4, #0]
10004ba6:	4958      	ldr	r1, [pc, #352]	@ (10004d08 <tud_task_ext+0x348>)
10004ba8:	4699      	mov	r9, r3
10004baa:	4b56      	ldr	r3, [pc, #344]	@ (10004d04 <tud_task_ext+0x344>)
10004bac:	468a      	mov	sl, r1
10004bae:	4698      	mov	r8, r3
10004bb0:	0031      	movs	r1, r6
10004bb2:	46bb      	mov	fp, r7
10004bb4:	464e      	mov	r6, r9
10004bb6:	781a      	ldrb	r2, [r3, #0]
10004bb8:	2500      	movs	r5, #0
10004bba:	2300      	movs	r3, #0
10004bbc:	4647      	mov	r7, r8
10004bbe:	4689      	mov	r9, r1
10004bc0:	e00f      	b.n	10004be2 <tud_task_ext+0x222>
10004bc2:	4653      	mov	r3, sl
10004bc4:	681b      	ldr	r3, [r3, #0]
10004bc6:	016a      	lsls	r2, r5, #5
10004bc8:	189b      	adds	r3, r3, r2
10004bca:	2b00      	cmp	r3, #0
10004bcc:	d055      	beq.n	10004c7a <tud_task_ext+0x2ba>
10004bce:	68db      	ldr	r3, [r3, #12]
10004bd0:	0030      	movs	r0, r6
10004bd2:	4798      	blx	r3
10004bd4:	783a      	ldrb	r2, [r7, #0]
10004bd6:	3501      	adds	r5, #1
10004bd8:	b2ed      	uxtb	r5, r5
10004bda:	1c51      	adds	r1, r2, #1
10004bdc:	002b      	movs	r3, r5
10004bde:	428d      	cmp	r5, r1
10004be0:	dc07      	bgt.n	10004bf2 <tud_task_ext+0x232>
10004be2:	4295      	cmp	r5, r2
10004be4:	d3ed      	bcc.n	10004bc2 <tud_task_ext+0x202>
10004be6:	1a9b      	subs	r3, r3, r2
10004be8:	9a00      	ldr	r2, [sp, #0]
10004bea:	015b      	lsls	r3, r3, #5
10004bec:	4694      	mov	ip, r2
10004bee:	4463      	add	r3, ip
10004bf0:	e7ed      	b.n	10004bce <tud_task_ext+0x20e>
10004bf2:	9d01      	ldr	r5, [sp, #4]
10004bf4:	2254      	movs	r2, #84	@ 0x54
10004bf6:	2100      	movs	r1, #0
10004bf8:	0028      	movs	r0, r5
10004bfa:	f7fd fa49 	bl	10002090 <__wrap_memset>
10004bfe:	2210      	movs	r2, #16
10004c00:	21ff      	movs	r1, #255	@ 0xff
10004c02:	4844      	ldr	r0, [pc, #272]	@ (10004d14 <tud_task_ext+0x354>)
10004c04:	f7fd fa44 	bl	10002090 <__wrap_memset>
10004c08:	0028      	movs	r0, r5
10004c0a:	2220      	movs	r2, #32
10004c0c:	21ff      	movs	r1, #255	@ 0xff
10004c0e:	3014      	adds	r0, #20
10004c10:	464e      	mov	r6, r9
10004c12:	465f      	mov	r7, fp
10004c14:	f7fd fa3c 	bl	10002090 <__wrap_memset>
10004c18:	f000 fbf2 	bl	10005400 <usbd_control_reset>
10004c1c:	f7ff fe40 	bl	100048a0 <tud_umount_cb>
10004c20:	e6e4      	b.n	100049ec <tud_task_ext+0x2c>
10004c22:	4d36      	ldr	r5, [pc, #216]	@ (10004cfc <tud_task_ext+0x33c>)
10004c24:	2254      	movs	r2, #84	@ 0x54
10004c26:	2100      	movs	r1, #0
10004c28:	0028      	movs	r0, r5
10004c2a:	f7fd fa31 	bl	10002090 <__wrap_memset>
10004c2e:	2210      	movs	r2, #16
10004c30:	21ff      	movs	r1, #255	@ 0xff
10004c32:	1d28      	adds	r0, r5, #4
10004c34:	f7fd fa2c 	bl	10002090 <__wrap_memset>
10004c38:	0028      	movs	r0, r5
10004c3a:	2220      	movs	r2, #32
10004c3c:	21ff      	movs	r1, #255	@ 0xff
10004c3e:	3014      	adds	r0, #20
10004c40:	4646      	mov	r6, r8
10004c42:	464f      	mov	r7, r9
10004c44:	f7fd fa24 	bl	10002090 <__wrap_memset>
10004c48:	f000 fbda 	bl	10005400 <usbd_control_reset>
10004c4c:	7923      	ldrb	r3, [r4, #4]
10004c4e:	70ab      	strb	r3, [r5, #2]
10004c50:	e6cc      	b.n	100049ec <tud_task_ext+0x2c>
10004c52:	1c50      	adds	r0, r2, #1
10004c54:	4298      	cmp	r0, r3
10004c56:	da13      	bge.n	10004c80 <tud_task_ext+0x2c0>
10004c58:	b011      	add	sp, #68	@ 0x44
10004c5a:	bcf0      	pop	{r4, r5, r6, r7}
10004c5c:	46bb      	mov	fp, r7
10004c5e:	46b2      	mov	sl, r6
10004c60:	46a9      	mov	r9, r5
10004c62:	46a0      	mov	r8, r4
10004c64:	bdf0      	pop	{r4, r5, r6, r7, pc}
10004c66:	68a3      	ldr	r3, [r4, #8]
10004c68:	7962      	ldrb	r2, [r4, #5]
10004c6a:	7820      	ldrb	r0, [r4, #0]
10004c6c:	f000 fbe6 	bl	1000543c <usbd_control_xfer_cb>
10004c70:	e6bc      	b.n	100049ec <tud_task_ext+0x2c>
10004c72:	4646      	mov	r6, r8
10004c74:	464f      	mov	r7, r9
10004c76:	4d21      	ldr	r5, [pc, #132]	@ (10004cfc <tud_task_ext+0x33c>)
10004c78:	e7e6      	b.n	10004c48 <tud_task_ext+0x288>
10004c7a:	464e      	mov	r6, r9
10004c7c:	465f      	mov	r7, fp
10004c7e:	e7cb      	b.n	10004c18 <tud_task_ext+0x258>
10004c80:	4d1f      	ldr	r5, [pc, #124]	@ (10004d00 <tud_task_ext+0x340>)
10004c82:	1a9b      	subs	r3, r3, r2
10004c84:	015b      	lsls	r3, r3, #5
10004c86:	195d      	adds	r5, r3, r5
10004c88:	e6fa      	b.n	10004a80 <tud_task_ext+0xc0>
10004c8a:	2370      	movs	r3, #112	@ 0x70
10004c8c:	7a21      	ldrb	r1, [r4, #8]
10004c8e:	420b      	tst	r3, r1
10004c90:	d118      	bne.n	10004cc4 <tud_task_ext+0x304>
10004c92:	09c8      	lsrs	r0, r1, #7
10004c94:	4682      	mov	sl, r0
10004c96:	330f      	adds	r3, #15
10004c98:	400b      	ands	r3, r1
10004c9a:	005b      	lsls	r3, r3, #1
10004c9c:	4698      	mov	r8, r3
10004c9e:	4819      	ldr	r0, [pc, #100]	@ (10004d04 <tud_task_ext+0x344>)
10004ca0:	18eb      	adds	r3, r5, r3
10004ca2:	4453      	add	r3, sl
10004ca4:	7d1b      	ldrb	r3, [r3, #20]
10004ca6:	7800      	ldrb	r0, [r0, #0]
10004ca8:	4699      	mov	r9, r3
10004caa:	4283      	cmp	r3, r0
10004cac:	d266      	bcs.n	10004d7c <tud_task_ext+0x3bc>
10004cae:	4816      	ldr	r0, [pc, #88]	@ (10004d08 <tud_task_ext+0x348>)
10004cb0:	015b      	lsls	r3, r3, #5
10004cb2:	6800      	ldr	r0, [r0, #0]
10004cb4:	4681      	mov	r9, r0
10004cb6:	4499      	add	r9, r3
10004cb8:	2a00      	cmp	r2, #0
10004cba:	d100      	bne.n	10004cbe <tud_task_ext+0x2fe>
10004cbc:	e15f      	b.n	10004f7e <tud_task_ext+0x5be>
10004cbe:	464b      	mov	r3, r9
10004cc0:	2b00      	cmp	r3, #0
10004cc2:	d168      	bne.n	10004d96 <tud_task_ext+0x3d6>
10004cc4:	7820      	ldrb	r0, [r4, #0]
10004cc6:	2100      	movs	r1, #0
10004cc8:	f7ff fd6a 	bl	100047a0 <dcd_edpt_stall>
10004ccc:	2180      	movs	r1, #128	@ 0x80
10004cce:	7820      	ldrb	r0, [r4, #0]
10004cd0:	f7ff fd66 	bl	100047a0 <dcd_edpt_stall>
10004cd4:	e68a      	b.n	100049ec <tud_task_ext+0x2c>
10004cd6:	4810      	ldr	r0, [pc, #64]	@ (10004d18 <tud_task_ext+0x358>)
10004cd8:	f000 fb9c 	bl	10005414 <usbd_control_set_complete_callback>
10004cdc:	2101      	movs	r1, #1
10004cde:	4658      	mov	r0, fp
10004ce0:	aa0e      	add	r2, sp, #56	@ 0x38
10004ce2:	f7ff f8cd 	bl	10003e80 <tud_vendor_control_xfer_cb>
10004ce6:	2800      	cmp	r0, #0
10004ce8:	d000      	beq.n	10004cec <tud_task_ext+0x32c>
10004cea:	e67f      	b.n	100049ec <tud_task_ext+0x2c>
10004cec:	e7ea      	b.n	10004cc4 <tud_task_ext+0x304>
10004cee:	46c0      	nop			@ (mov r8, r8)
10004cf0:	200010a4 	.word	0x200010a4
10004cf4:	10009fdc 	.word	0x10009fdc
10004cf8:	20001588 	.word	0x20001588
10004cfc:	20001530 	.word	0x20001530
10004d00:	1000a084 	.word	0x1000a084
10004d04:	20022490 	.word	0x20022490
10004d08:	20001380 	.word	0x20001380
10004d0c:	20022492 	.word	0x20022492
10004d10:	1000a000 	.word	0x1000a000
10004d14:	20001534 	.word	0x20001534
10004d18:	10003e81 	.word	0x10003e81
10004d1c:	7a23      	ldrb	r3, [r4, #8]
10004d1e:	2b0f      	cmp	r3, #15
10004d20:	d8d0      	bhi.n	10004cc4 <tud_task_ext+0x304>
10004d22:	4acf      	ldr	r2, [pc, #828]	@ (10005060 <tud_task_ext+0x6a0>)
10004d24:	18eb      	adds	r3, r5, r3
10004d26:	791b      	ldrb	r3, [r3, #4]
10004d28:	7815      	ldrb	r5, [r2, #0]
10004d2a:	42ab      	cmp	r3, r5
10004d2c:	d33e      	bcc.n	10004dac <tud_task_ext+0x3ec>
10004d2e:	1c69      	adds	r1, r5, #1
10004d30:	4299      	cmp	r1, r3
10004d32:	dbc7      	blt.n	10004cc4 <tud_task_ext+0x304>
10004d34:	1b5d      	subs	r5, r3, r5
10004d36:	4bcb      	ldr	r3, [pc, #812]	@ (10005064 <tud_task_ext+0x6a4>)
10004d38:	016d      	lsls	r5, r5, #5
10004d3a:	18ed      	adds	r5, r5, r3
10004d3c:	6968      	ldr	r0, [r5, #20]
10004d3e:	f000 fb69 	bl	10005414 <usbd_control_set_complete_callback>
10004d42:	2101      	movs	r1, #1
10004d44:	4658      	mov	r0, fp
10004d46:	696b      	ldr	r3, [r5, #20]
10004d48:	aa0e      	add	r2, sp, #56	@ 0x38
10004d4a:	4798      	blx	r3
10004d4c:	2800      	cmp	r0, #0
10004d4e:	d000      	beq.n	10004d52 <tud_task_ext+0x392>
10004d50:	e64c      	b.n	100049ec <tud_task_ext+0x2c>
10004d52:	2260      	movs	r2, #96	@ 0x60
10004d54:	0015      	movs	r5, r2
10004d56:	7923      	ldrb	r3, [r4, #4]
10004d58:	401d      	ands	r5, r3
10004d5a:	421a      	tst	r2, r3
10004d5c:	d1b2      	bne.n	10004cc4 <tud_task_ext+0x304>
10004d5e:	7963      	ldrb	r3, [r4, #5]
10004d60:	3b0a      	subs	r3, #10
10004d62:	2b01      	cmp	r3, #1
10004d64:	d8ae      	bhi.n	10004cc4 <tud_task_ext+0x304>
10004d66:	f000 fb55 	bl	10005414 <usbd_control_set_complete_callback>
10004d6a:	7963      	ldrb	r3, [r4, #5]
10004d6c:	2b0a      	cmp	r3, #10
10004d6e:	d100      	bne.n	10004d72 <tud_task_ext+0x3b2>
10004d70:	e199      	b.n	100050a6 <tud_task_ext+0x6e6>
10004d72:	4658      	mov	r0, fp
10004d74:	a90e      	add	r1, sp, #56	@ 0x38
10004d76:	f000 fad9 	bl	1000532c <tud_control_status>
10004d7a:	e637      	b.n	100049ec <tud_task_ext+0x2c>
10004d7c:	1c43      	adds	r3, r0, #1
10004d7e:	454b      	cmp	r3, r9
10004d80:	da00      	bge.n	10004d84 <tud_task_ext+0x3c4>
10004d82:	e0f7      	b.n	10004f74 <tud_task_ext+0x5b4>
10004d84:	464b      	mov	r3, r9
10004d86:	1a1b      	subs	r3, r3, r0
10004d88:	015b      	lsls	r3, r3, #5
10004d8a:	4699      	mov	r9, r3
10004d8c:	48b5      	ldr	r0, [pc, #724]	@ (10005064 <tud_task_ext+0x6a4>)
10004d8e:	4481      	add	r9, r0
10004d90:	2a00      	cmp	r2, #0
10004d92:	d100      	bne.n	10004d96 <tud_task_ext+0x3d6>
10004d94:	e0f3      	b.n	10004f7e <tud_task_ext+0x5be>
10004d96:	464b      	mov	r3, r9
10004d98:	6958      	ldr	r0, [r3, #20]
10004d9a:	f000 fb3b 	bl	10005414 <usbd_control_set_complete_callback>
10004d9e:	464b      	mov	r3, r9
10004da0:	2101      	movs	r1, #1
10004da2:	4658      	mov	r0, fp
10004da4:	695b      	ldr	r3, [r3, #20]
10004da6:	aa0e      	add	r2, sp, #56	@ 0x38
10004da8:	4798      	blx	r3
10004daa:	e79c      	b.n	10004ce6 <tud_task_ext+0x326>
10004dac:	4aae      	ldr	r2, [pc, #696]	@ (10005068 <tud_task_ext+0x6a8>)
10004dae:	015b      	lsls	r3, r3, #5
10004db0:	6815      	ldr	r5, [r2, #0]
10004db2:	18ed      	adds	r5, r5, r3
10004db4:	2d00      	cmp	r5, #0
10004db6:	d1c1      	bne.n	10004d3c <tud_task_ext+0x37c>
10004db8:	e784      	b.n	10004cc4 <tud_task_ext+0x304>
10004dba:	79a3      	ldrb	r3, [r4, #6]
10004dbc:	4699      	mov	r9, r3
10004dbe:	786b      	ldrb	r3, [r5, #1]
10004dc0:	4599      	cmp	r9, r3
10004dc2:	d0d6      	beq.n	10004d72 <tud_task_ext+0x3b2>
10004dc4:	786b      	ldrb	r3, [r5, #1]
10004dc6:	2b00      	cmp	r3, #0
10004dc8:	d000      	beq.n	10004dcc <tud_task_ext+0x40c>
10004dca:	e133      	b.n	10005034 <tud_task_ext+0x674>
10004dcc:	464b      	mov	r3, r9
10004dce:	706b      	strb	r3, [r5, #1]
10004dd0:	2b00      	cmp	r3, #0
10004dd2:	d100      	bne.n	10004dd6 <tud_task_ext+0x416>
10004dd4:	e12b      	b.n	1000502e <tud_task_ext+0x66e>
10004dd6:	4648      	mov	r0, r9
10004dd8:	3801      	subs	r0, #1
10004dda:	b2c0      	uxtb	r0, r0
10004ddc:	f7ff fa92 	bl	10004304 <tud_descriptor_configuration_cb>
10004de0:	2800      	cmp	r0, #0
10004de2:	d100      	bne.n	10004de6 <tud_task_ext+0x426>
10004de4:	e17e      	b.n	100050e4 <tud_task_ext+0x724>
10004de6:	7843      	ldrb	r3, [r0, #1]
10004de8:	9307      	str	r3, [sp, #28]
10004dea:	2b02      	cmp	r3, #2
10004dec:	d000      	beq.n	10004df0 <tud_task_ext+0x430>
10004dee:	e179      	b.n	100050e4 <tud_task_ext+0x724>
10004df0:	2201      	movs	r2, #1
10004df2:	79c1      	ldrb	r1, [r0, #7]
10004df4:	46b1      	mov	r9, r6
10004df6:	118b      	asrs	r3, r1, #6
10004df8:	1149      	asrs	r1, r1, #5
10004dfa:	4013      	ands	r3, r2
10004dfc:	400a      	ands	r2, r1
10004dfe:	2130      	movs	r1, #48	@ 0x30
10004e00:	0112      	lsls	r2, r2, #4
10004e02:	015b      	lsls	r3, r3, #5
10004e04:	4313      	orrs	r3, r2
10004e06:	782a      	ldrb	r2, [r5, #0]
10004e08:	46a8      	mov	r8, r5
10004e0a:	438a      	bics	r2, r1
10004e0c:	4313      	orrs	r3, r2
10004e0e:	702b      	strb	r3, [r5, #0]
10004e10:	2309      	movs	r3, #9
10004e12:	469a      	mov	sl, r3
10004e14:	4482      	add	sl, r0
10004e16:	4656      	mov	r6, sl
10004e18:	46ba      	mov	sl, r7
10004e1a:	78c3      	ldrb	r3, [r0, #3]
10004e1c:	7882      	ldrb	r2, [r0, #2]
10004e1e:	021b      	lsls	r3, r3, #8
10004e20:	4313      	orrs	r3, r2
10004e22:	18c3      	adds	r3, r0, r3
10004e24:	9305      	str	r3, [sp, #20]
10004e26:	4b8e      	ldr	r3, [pc, #568]	@ (10005060 <tud_task_ext+0x6a0>)
10004e28:	9304      	str	r3, [sp, #16]
10004e2a:	4b8e      	ldr	r3, [pc, #568]	@ (10005064 <tud_task_ext+0x6a4>)
10004e2c:	9308      	str	r3, [sp, #32]
10004e2e:	4b8e      	ldr	r3, [pc, #568]	@ (10005068 <tud_task_ext+0x6a8>)
10004e30:	9309      	str	r3, [sp, #36]	@ 0x24
10004e32:	4b8e      	ldr	r3, [pc, #568]	@ (1000506c <tud_task_ext+0x6ac>)
10004e34:	930a      	str	r3, [sp, #40]	@ 0x28
10004e36:	9b05      	ldr	r3, [sp, #20]
10004e38:	42b3      	cmp	r3, r6
10004e3a:	d800      	bhi.n	10004e3e <tud_task_ext+0x47e>
10004e3c:	e155      	b.n	100050ea <tud_task_ext+0x72a>
10004e3e:	7873      	ldrb	r3, [r6, #1]
10004e40:	2201      	movs	r2, #1
10004e42:	2b0b      	cmp	r3, #11
10004e44:	d103      	bne.n	10004e4e <tud_task_ext+0x48e>
10004e46:	7833      	ldrb	r3, [r6, #0]
10004e48:	78f2      	ldrb	r2, [r6, #3]
10004e4a:	18f6      	adds	r6, r6, r3
10004e4c:	7873      	ldrb	r3, [r6, #1]
10004e4e:	2b04      	cmp	r3, #4
10004e50:	d000      	beq.n	10004e54 <tud_task_ext+0x494>
10004e52:	e144      	b.n	100050de <tud_task_ext+0x71e>
10004e54:	9b05      	ldr	r3, [sp, #20]
10004e56:	2700      	movs	r7, #0
10004e58:	1b9b      	subs	r3, r3, r6
10004e5a:	b29b      	uxth	r3, r3
10004e5c:	9306      	str	r3, [sp, #24]
10004e5e:	9b04      	ldr	r3, [sp, #16]
10004e60:	920b      	str	r2, [sp, #44]	@ 0x2c
10004e62:	781d      	ldrb	r5, [r3, #0]
10004e64:	2300      	movs	r3, #0
10004e66:	9303      	str	r3, [sp, #12]
10004e68:	e01b      	b.n	10004ea2 <tud_task_ext+0x4e2>
10004e6a:	9a09      	ldr	r2, [sp, #36]	@ 0x24
10004e6c:	017b      	lsls	r3, r7, #5
10004e6e:	6815      	ldr	r5, [r2, #0]
10004e70:	18ed      	adds	r5, r5, r3
10004e72:	2d00      	cmp	r5, #0
10004e74:	d100      	bne.n	10004e78 <tud_task_ext+0x4b8>
10004e76:	e132      	b.n	100050de <tud_task_ext+0x71e>
10004e78:	0031      	movs	r1, r6
10004e7a:	4658      	mov	r0, fp
10004e7c:	692b      	ldr	r3, [r5, #16]
10004e7e:	9a06      	ldr	r2, [sp, #24]
10004e80:	4798      	blx	r3
10004e82:	4684      	mov	ip, r0
10004e84:	2808      	cmp	r0, #8
10004e86:	d903      	bls.n	10004e90 <tud_task_ext+0x4d0>
10004e88:	9a06      	ldr	r2, [sp, #24]
10004e8a:	4282      	cmp	r2, r0
10004e8c:	d300      	bcc.n	10004e90 <tud_task_ext+0x4d0>
10004e8e:	e113      	b.n	100050b8 <tud_task_ext+0x6f8>
10004e90:	9b04      	ldr	r3, [sp, #16]
10004e92:	3701      	adds	r7, #1
10004e94:	781d      	ldrb	r5, [r3, #0]
10004e96:	b2ff      	uxtb	r7, r7
10004e98:	1c6b      	adds	r3, r5, #1
10004e9a:	9703      	str	r7, [sp, #12]
10004e9c:	429f      	cmp	r7, r3
10004e9e:	dd00      	ble.n	10004ea2 <tud_task_ext+0x4e2>
10004ea0:	e11d      	b.n	100050de <tud_task_ext+0x71e>
10004ea2:	42bd      	cmp	r5, r7
10004ea4:	d8e1      	bhi.n	10004e6a <tud_task_ext+0x4aa>
10004ea6:	9b03      	ldr	r3, [sp, #12]
10004ea8:	1b5d      	subs	r5, r3, r5
10004eaa:	9b08      	ldr	r3, [sp, #32]
10004eac:	016d      	lsls	r5, r5, #5
10004eae:	469c      	mov	ip, r3
10004eb0:	4465      	add	r5, ip
10004eb2:	e7e1      	b.n	10004e78 <tud_task_ext+0x4b8>
10004eb4:	786b      	ldrb	r3, [r5, #1]
10004eb6:	aa0c      	add	r2, sp, #48	@ 0x30
10004eb8:	3202      	adds	r2, #2
10004eba:	7013      	strb	r3, [r2, #0]
10004ebc:	4658      	mov	r0, fp
10004ebe:	2301      	movs	r3, #1
10004ec0:	a90e      	add	r1, sp, #56	@ 0x38
10004ec2:	f000 fa49 	bl	10005358 <tud_control_xfer>
10004ec6:	e591      	b.n	100049ec <tud_task_ext+0x2c>
10004ec8:	88e3      	ldrh	r3, [r4, #6]
10004eca:	0a1a      	lsrs	r2, r3, #8
10004ecc:	b2d8      	uxtb	r0, r3
10004ece:	2a0f      	cmp	r2, #15
10004ed0:	d900      	bls.n	10004ed4 <tud_task_ext+0x514>
10004ed2:	e6f7      	b.n	10004cc4 <tud_task_ext+0x304>
10004ed4:	4966      	ldr	r1, [pc, #408]	@ (10005070 <tud_task_ext+0x6b0>)
10004ed6:	0093      	lsls	r3, r2, #2
10004ed8:	58cb      	ldr	r3, [r1, r3]
10004eda:	469f      	mov	pc, r3
10004edc:	a80e      	add	r0, sp, #56	@ 0x38
10004ede:	f000 fa9f 	bl	10005420 <usbd_control_set_request>
10004ee2:	4658      	mov	r0, fp
10004ee4:	79a1      	ldrb	r1, [r4, #6]
10004ee6:	f7ff fb95 	bl	10004614 <dcd_set_address>
10004eea:	2202      	movs	r2, #2
10004eec:	782b      	ldrb	r3, [r5, #0]
10004eee:	4313      	orrs	r3, r2
10004ef0:	702b      	strb	r3, [r5, #0]
10004ef2:	e57b      	b.n	100049ec <tud_task_ext+0x2c>
10004ef4:	88e3      	ldrh	r3, [r4, #6]
10004ef6:	2b01      	cmp	r3, #1
10004ef8:	d000      	beq.n	10004efc <tud_task_ext+0x53c>
10004efa:	e6e3      	b.n	10004cc4 <tud_task_ext+0x304>
10004efc:	2208      	movs	r2, #8
10004efe:	782b      	ldrb	r3, [r5, #0]
10004f00:	4658      	mov	r0, fp
10004f02:	4393      	bics	r3, r2
10004f04:	a90e      	add	r1, sp, #56	@ 0x38
10004f06:	702b      	strb	r3, [r5, #0]
10004f08:	f000 fa10 	bl	1000532c <tud_control_status>
10004f0c:	e56e      	b.n	100049ec <tud_task_ext+0x2c>
10004f0e:	2002      	movs	r0, #2
10004f10:	7829      	ldrb	r1, [r5, #0]
10004f12:	ab0c      	add	r3, sp, #48	@ 0x30
10004f14:	1c9a      	adds	r2, r3, #2
10004f16:	068b      	lsls	r3, r1, #26
10004f18:	0889      	lsrs	r1, r1, #2
10004f1a:	0fdb      	lsrs	r3, r3, #31
10004f1c:	4001      	ands	r1, r0
10004f1e:	430b      	orrs	r3, r1
10004f20:	8013      	strh	r3, [r2, #0]
10004f22:	4658      	mov	r0, fp
10004f24:	2302      	movs	r3, #2
10004f26:	a90e      	add	r1, sp, #56	@ 0x38
10004f28:	f000 fa16 	bl	10005358 <tud_control_xfer>
10004f2c:	e55e      	b.n	100049ec <tud_task_ext+0x2c>
10004f2e:	88e3      	ldrh	r3, [r4, #6]
10004f30:	2b01      	cmp	r3, #1
10004f32:	d000      	beq.n	10004f36 <tud_task_ext+0x576>
10004f34:	e6c6      	b.n	10004cc4 <tud_task_ext+0x304>
10004f36:	2208      	movs	r2, #8
10004f38:	782b      	ldrb	r3, [r5, #0]
10004f3a:	4313      	orrs	r3, r2
10004f3c:	702b      	strb	r3, [r5, #0]
10004f3e:	e718      	b.n	10004d72 <tud_task_ext+0x3b2>
10004f40:	7a23      	ldrb	r3, [r4, #8]
10004f42:	2b0f      	cmp	r3, #15
10004f44:	d900      	bls.n	10004f48 <tud_task_ext+0x588>
10004f46:	e6bd      	b.n	10004cc4 <tud_task_ext+0x304>
10004f48:	18eb      	adds	r3, r5, r3
10004f4a:	791d      	ldrb	r5, [r3, #4]
10004f4c:	4b44      	ldr	r3, [pc, #272]	@ (10005060 <tud_task_ext+0x6a0>)
10004f4e:	781b      	ldrb	r3, [r3, #0]
10004f50:	429d      	cmp	r5, r3
10004f52:	d228      	bcs.n	10004fa6 <tud_task_ext+0x5e6>
10004f54:	4b44      	ldr	r3, [pc, #272]	@ (10005068 <tud_task_ext+0x6a8>)
10004f56:	016d      	lsls	r5, r5, #5
10004f58:	681b      	ldr	r3, [r3, #0]
10004f5a:	195d      	adds	r5, r3, r5
10004f5c:	2d00      	cmp	r5, #0
10004f5e:	d100      	bne.n	10004f62 <tud_task_ext+0x5a2>
10004f60:	e6b0      	b.n	10004cc4 <tud_task_ext+0x304>
10004f62:	6968      	ldr	r0, [r5, #20]
10004f64:	f000 fa56 	bl	10005414 <usbd_control_set_complete_callback>
10004f68:	2101      	movs	r1, #1
10004f6a:	4658      	mov	r0, fp
10004f6c:	696b      	ldr	r3, [r5, #20]
10004f6e:	aa0e      	add	r2, sp, #56	@ 0x38
10004f70:	4798      	blx	r3
10004f72:	e6b8      	b.n	10004ce6 <tud_task_ext+0x326>
10004f74:	2a00      	cmp	r2, #0
10004f76:	d000      	beq.n	10004f7a <tud_task_ext+0x5ba>
10004f78:	e6a4      	b.n	10004cc4 <tud_task_ext+0x304>
10004f7a:	2300      	movs	r3, #0
10004f7c:	4699      	mov	r9, r3
10004f7e:	7962      	ldrb	r2, [r4, #5]
10004f80:	2002      	movs	r0, #2
10004f82:	0013      	movs	r3, r2
10004f84:	9203      	str	r2, [sp, #12]
10004f86:	4383      	bics	r3, r0
10004f88:	2b01      	cmp	r3, #1
10004f8a:	d015      	beq.n	10004fb8 <tud_task_ext+0x5f8>
10004f8c:	2a00      	cmp	r2, #0
10004f8e:	d000      	beq.n	10004f92 <tud_task_ext+0x5d2>
10004f90:	e698      	b.n	10004cc4 <tud_task_ext+0x304>
10004f92:	002b      	movs	r3, r5
10004f94:	4443      	add	r3, r8
10004f96:	4453      	add	r3, sl
10004f98:	3330      	adds	r3, #48	@ 0x30
10004f9a:	791b      	ldrb	r3, [r3, #4]
10004f9c:	aa0c      	add	r2, sp, #48	@ 0x30
10004f9e:	079b      	lsls	r3, r3, #30
10004fa0:	0fdb      	lsrs	r3, r3, #31
10004fa2:	3202      	adds	r2, #2
10004fa4:	e7bc      	b.n	10004f20 <tud_task_ext+0x560>
10004fa6:	1c5a      	adds	r2, r3, #1
10004fa8:	42aa      	cmp	r2, r5
10004faa:	da00      	bge.n	10004fae <tud_task_ext+0x5ee>
10004fac:	e68a      	b.n	10004cc4 <tud_task_ext+0x304>
10004fae:	1aed      	subs	r5, r5, r3
10004fb0:	4b2c      	ldr	r3, [pc, #176]	@ (10005064 <tud_task_ext+0x6a4>)
10004fb2:	016d      	lsls	r5, r5, #5
10004fb4:	18ed      	adds	r5, r5, r3
10004fb6:	e7d4      	b.n	10004f62 <tud_task_ext+0x5a2>
10004fb8:	88e3      	ldrh	r3, [r4, #6]
10004fba:	2b00      	cmp	r3, #0
10004fbc:	d112      	bne.n	10004fe4 <tud_task_ext+0x624>
10004fbe:	9b02      	ldr	r3, [sp, #8]
10004fc0:	7818      	ldrb	r0, [r3, #0]
10004fc2:	9b03      	ldr	r3, [sp, #12]
10004fc4:	2b01      	cmp	r3, #1
10004fc6:	d023      	beq.n	10005010 <tud_task_ext+0x650>
10004fc8:	f7ff fbea 	bl	100047a0 <dcd_edpt_stall>
10004fcc:	4643      	mov	r3, r8
10004fce:	2102      	movs	r1, #2
10004fd0:	18eb      	adds	r3, r5, r3
10004fd2:	4453      	add	r3, sl
10004fd4:	3330      	adds	r3, #48	@ 0x30
10004fd6:	791a      	ldrb	r2, [r3, #4]
10004fd8:	430a      	orrs	r2, r1
10004fda:	2101      	movs	r1, #1
10004fdc:	711a      	strb	r2, [r3, #4]
10004fde:	791a      	ldrb	r2, [r3, #4]
10004fe0:	430a      	orrs	r2, r1
10004fe2:	711a      	strb	r2, [r3, #4]
10004fe4:	464b      	mov	r3, r9
10004fe6:	2b00      	cmp	r3, #0
10004fe8:	d100      	bne.n	10004fec <tud_task_ext+0x62c>
10004fea:	e4ff      	b.n	100049ec <tud_task_ext+0x2c>
10004fec:	6958      	ldr	r0, [r3, #20]
10004fee:	f000 fa11 	bl	10005414 <usbd_control_set_complete_callback>
10004ff2:	464b      	mov	r3, r9
10004ff4:	2101      	movs	r1, #1
10004ff6:	695b      	ldr	r3, [r3, #20]
10004ff8:	aa0e      	add	r2, sp, #56	@ 0x38
10004ffa:	4658      	mov	r0, fp
10004ffc:	4798      	blx	r3
10004ffe:	2000      	movs	r0, #0
10005000:	f000 fa08 	bl	10005414 <usbd_control_set_complete_callback>
10005004:	2335      	movs	r3, #53	@ 0x35
10005006:	5ceb      	ldrb	r3, [r5, r3]
10005008:	07db      	lsls	r3, r3, #31
1000500a:	d500      	bpl.n	1000500e <tud_task_ext+0x64e>
1000500c:	e4ee      	b.n	100049ec <tud_task_ext+0x2c>
1000500e:	e6b0      	b.n	10004d72 <tud_task_ext+0x3b2>
10005010:	f7ff fbe4 	bl	100047dc <dcd_edpt_clear_stall>
10005014:	4643      	mov	r3, r8
10005016:	2102      	movs	r1, #2
10005018:	18eb      	adds	r3, r5, r3
1000501a:	4453      	add	r3, sl
1000501c:	3330      	adds	r3, #48	@ 0x30
1000501e:	791a      	ldrb	r2, [r3, #4]
10005020:	438a      	bics	r2, r1
10005022:	711a      	strb	r2, [r3, #4]
10005024:	791a      	ldrb	r2, [r3, #4]
10005026:	9903      	ldr	r1, [sp, #12]
10005028:	438a      	bics	r2, r1
1000502a:	711a      	strb	r2, [r3, #4]
1000502c:	e7da      	b.n	10004fe4 <tud_task_ext+0x624>
1000502e:	f7ff fc37 	bl	100048a0 <tud_umount_cb>
10005032:	e69e      	b.n	10004d72 <tud_task_ext+0x3b2>
10005034:	2100      	movs	r1, #0
10005036:	4658      	mov	r0, fp
10005038:	f7ff faf6 	bl	10004628 <dcd_sof_enable>
1000503c:	4658      	mov	r0, fp
1000503e:	f7ff fb99 	bl	10004774 <dcd_edpt_close_all>
10005042:	78ab      	ldrb	r3, [r5, #2]
10005044:	4907      	ldr	r1, [pc, #28]	@ (10005064 <tud_task_ext+0x6a4>)
10005046:	9303      	str	r3, [sp, #12]
10005048:	9104      	str	r1, [sp, #16]
1000504a:	4b05      	ldr	r3, [pc, #20]	@ (10005060 <tud_task_ext+0x6a0>)
1000504c:	4906      	ldr	r1, [pc, #24]	@ (10005068 <tud_task_ext+0x6a8>)
1000504e:	4698      	mov	r8, r3
10005050:	781a      	ldrb	r2, [r3, #0]
10005052:	9105      	str	r1, [sp, #20]
10005054:	2300      	movs	r3, #0
10005056:	0029      	movs	r1, r5
10005058:	001d      	movs	r5, r3
1000505a:	468a      	mov	sl, r1
1000505c:	e01b      	b.n	10005096 <tud_task_ext+0x6d6>
1000505e:	46c0      	nop			@ (mov r8, r8)
10005060:	20022490 	.word	0x20022490
10005064:	1000a084 	.word	0x1000a084
10005068:	20001380 	.word	0x20001380
1000506c:	20001544 	.word	0x20001544
10005070:	1000a028 	.word	0x1000a028
10005074:	9b05      	ldr	r3, [sp, #20]
10005076:	016a      	lsls	r2, r5, #5
10005078:	681b      	ldr	r3, [r3, #0]
1000507a:	189b      	adds	r3, r3, r2
1000507c:	2b00      	cmp	r3, #0
1000507e:	d04d      	beq.n	1000511c <tud_task_ext+0x75c>
10005080:	68db      	ldr	r3, [r3, #12]
10005082:	4658      	mov	r0, fp
10005084:	4798      	blx	r3
10005086:	4643      	mov	r3, r8
10005088:	781a      	ldrb	r2, [r3, #0]
1000508a:	3501      	adds	r5, #1
1000508c:	b2ed      	uxtb	r5, r5
1000508e:	1c51      	adds	r1, r2, #1
10005090:	002b      	movs	r3, r5
10005092:	428d      	cmp	r5, r1
10005094:	dc2e      	bgt.n	100050f4 <tud_task_ext+0x734>
10005096:	4295      	cmp	r5, r2
10005098:	d3ec      	bcc.n	10005074 <tud_task_ext+0x6b4>
1000509a:	1a9b      	subs	r3, r3, r2
1000509c:	9a04      	ldr	r2, [sp, #16]
1000509e:	015b      	lsls	r3, r3, #5
100050a0:	4694      	mov	ip, r2
100050a2:	4463      	add	r3, ip
100050a4:	e7ec      	b.n	10005080 <tud_task_ext+0x6c0>
100050a6:	ab0c      	add	r3, sp, #48	@ 0x30
100050a8:	1c9a      	adds	r2, r3, #2
100050aa:	4658      	mov	r0, fp
100050ac:	2301      	movs	r3, #1
100050ae:	a90e      	add	r1, sp, #56	@ 0x38
100050b0:	7015      	strb	r5, [r2, #0]
100050b2:	f000 f951 	bl	10005358 <tud_control_xfer>
100050b6:	e499      	b.n	100049ec <tud_task_ext+0x2c>
100050b8:	9a0b      	ldr	r2, [sp, #44]	@ 0x2c
100050ba:	2a01      	cmp	r2, #1
100050bc:	d04f      	beq.n	1000515e <tud_task_ext+0x79e>
100050be:	2a00      	cmp	r2, #0
100050c0:	d03c      	beq.n	1000513c <tud_task_ext+0x77c>
100050c2:	2300      	movs	r3, #0
100050c4:	78b0      	ldrb	r0, [r6, #2]
100050c6:	e004      	b.n	100050d2 <tud_task_ext+0x712>
100050c8:	3301      	adds	r3, #1
100050ca:	b2db      	uxtb	r3, r3
100050cc:	710f      	strb	r7, [r1, #4]
100050ce:	4293      	cmp	r3, r2
100050d0:	d234      	bcs.n	1000513c <tud_task_ext+0x77c>
100050d2:	18c1      	adds	r1, r0, r3
100050d4:	b2c9      	uxtb	r1, r1
100050d6:	4441      	add	r1, r8
100050d8:	790d      	ldrb	r5, [r1, #4]
100050da:	2dff      	cmp	r5, #255	@ 0xff
100050dc:	d0f4      	beq.n	100050c8 <tud_task_ext+0x708>
100050de:	464e      	mov	r6, r9
100050e0:	4645      	mov	r5, r8
100050e2:	4657      	mov	r7, sl
100050e4:	2300      	movs	r3, #0
100050e6:	706b      	strb	r3, [r5, #1]
100050e8:	e5ec      	b.n	10004cc4 <tud_task_ext+0x304>
100050ea:	464e      	mov	r6, r9
100050ec:	4657      	mov	r7, sl
100050ee:	f7ff fbd5 	bl	1000489c <tud_mount_cb>
100050f2:	e63e      	b.n	10004d72 <tud_task_ext+0x3b2>
100050f4:	4655      	mov	r5, sl
100050f6:	2254      	movs	r2, #84	@ 0x54
100050f8:	2100      	movs	r1, #0
100050fa:	0028      	movs	r0, r5
100050fc:	f7fc ffc8 	bl	10002090 <__wrap_memset>
10005100:	2210      	movs	r2, #16
10005102:	21ff      	movs	r1, #255	@ 0xff
10005104:	1d28      	adds	r0, r5, #4
10005106:	f7fc ffc3 	bl	10002090 <__wrap_memset>
1000510a:	0028      	movs	r0, r5
1000510c:	2220      	movs	r2, #32
1000510e:	21ff      	movs	r1, #255	@ 0xff
10005110:	3014      	adds	r0, #20
10005112:	f7fc ffbd 	bl	10002090 <__wrap_memset>
10005116:	9b03      	ldr	r3, [sp, #12]
10005118:	70ab      	strb	r3, [r5, #2]
1000511a:	e657      	b.n	10004dcc <tud_task_ext+0x40c>
1000511c:	4655      	mov	r5, sl
1000511e:	e7fa      	b.n	10005116 <tud_task_ext+0x756>
10005120:	f7fe feaa 	bl	10003e78 <tud_descriptor_bos_cb>
10005124:	1e02      	subs	r2, r0, #0
10005126:	d100      	bne.n	1000512a <tud_task_ext+0x76a>
10005128:	e5cc      	b.n	10004cc4 <tud_task_ext+0x304>
1000512a:	78d3      	ldrb	r3, [r2, #3]
1000512c:	7891      	ldrb	r1, [r2, #2]
1000512e:	021b      	lsls	r3, r3, #8
10005130:	430b      	orrs	r3, r1
10005132:	4658      	mov	r0, fp
10005134:	a90e      	add	r1, sp, #56	@ 0x38
10005136:	f000 f90f 	bl	10005358 <tud_control_xfer>
1000513a:	e5d4      	b.n	10004ce6 <tud_task_ext+0x326>
1000513c:	4665      	mov	r5, ip
1000513e:	003b      	movs	r3, r7
10005140:	002a      	movs	r2, r5
10005142:	0031      	movs	r1, r6
10005144:	980a      	ldr	r0, [sp, #40]	@ 0x28
10005146:	f000 fe7f 	bl	10005e48 <tu_edpt_bind_driver>
1000514a:	46ac      	mov	ip, r5
1000514c:	9b04      	ldr	r3, [sp, #16]
1000514e:	9a03      	ldr	r2, [sp, #12]
10005150:	781b      	ldrb	r3, [r3, #0]
10005152:	4466      	add	r6, ip
10005154:	3301      	adds	r3, #1
10005156:	4293      	cmp	r3, r2
10005158:	db00      	blt.n	1000515c <tud_task_ext+0x79c>
1000515a:	e66c      	b.n	10004e36 <tud_task_ext+0x476>
1000515c:	e7bf      	b.n	100050de <tud_task_ext+0x71e>
1000515e:	4b17      	ldr	r3, [pc, #92]	@ (100051bc <tud_task_ext+0x7fc>)
10005160:	6929      	ldr	r1, [r5, #16]
10005162:	4299      	cmp	r1, r3
10005164:	d1ad      	bne.n	100050c2 <tud_task_ext+0x702>
10005166:	9a07      	ldr	r2, [sp, #28]
10005168:	e7ab      	b.n	100050c2 <tud_task_ext+0x702>
1000516a:	f7ff fb93 	bl	10004894 <tud_descriptor_device_qualifier_cb>
1000516e:	1e02      	subs	r2, r0, #0
10005170:	d100      	bne.n	10005174 <tud_task_ext+0x7b4>
10005172:	e5a7      	b.n	10004cc4 <tud_task_ext+0x304>
10005174:	4658      	mov	r0, fp
10005176:	7813      	ldrb	r3, [r2, #0]
10005178:	a90e      	add	r1, sp, #56	@ 0x38
1000517a:	f000 f8ed 	bl	10005358 <tud_control_xfer>
1000517e:	e5b2      	b.n	10004ce6 <tud_task_ext+0x326>
10005180:	8921      	ldrh	r1, [r4, #8]
10005182:	f7ff f8c3 	bl	1000430c <tud_descriptor_string_cb>
10005186:	1e02      	subs	r2, r0, #0
10005188:	d1f4      	bne.n	10005174 <tud_task_ext+0x7b4>
1000518a:	e59b      	b.n	10004cc4 <tud_task_ext+0x304>
1000518c:	2a02      	cmp	r2, #2
1000518e:	d00f      	beq.n	100051b0 <tud_task_ext+0x7f0>
10005190:	f7ff fb82 	bl	10004898 <tud_descriptor_other_speed_configuration_cb>
10005194:	1e02      	subs	r2, r0, #0
10005196:	d1c8      	bne.n	1000512a <tud_task_ext+0x76a>
10005198:	e594      	b.n	10004cc4 <tud_task_ext+0x304>
1000519a:	f7ff f8af 	bl	100042fc <tud_descriptor_device_cb>
1000519e:	1e02      	subs	r2, r0, #0
100051a0:	d100      	bne.n	100051a4 <tud_task_ext+0x7e4>
100051a2:	e58f      	b.n	10004cc4 <tud_task_ext+0x304>
100051a4:	2312      	movs	r3, #18
100051a6:	4658      	mov	r0, fp
100051a8:	a90e      	add	r1, sp, #56	@ 0x38
100051aa:	f000 f8d5 	bl	10005358 <tud_control_xfer>
100051ae:	e59a      	b.n	10004ce6 <tud_task_ext+0x326>
100051b0:	f7ff f8a8 	bl	10004304 <tud_descriptor_configuration_cb>
100051b4:	1e02      	subs	r2, r0, #0
100051b6:	d1b8      	bne.n	1000512a <tud_task_ext+0x76a>
100051b8:	e584      	b.n	10004cc4 <tud_task_ext+0x304>
100051ba:	46c0      	nop			@ (mov r8, r8)
100051bc:	10005811 	.word	0x10005811

100051c0 <usbd_open_edpt_pair>:
100051c0:	b5f8      	push	{r3, r4, r5, r6, r7, lr}
100051c2:	4657      	mov	r7, sl
100051c4:	464e      	mov	r6, r9
100051c6:	46de      	mov	lr, fp
100051c8:	4645      	mov	r5, r8
100051ca:	000c      	movs	r4, r1
100051cc:	b5e0      	push	{r5, r6, r7, lr}
100051ce:	0016      	movs	r6, r2
100051d0:	001f      	movs	r7, r3
100051d2:	2a00      	cmp	r2, #0
100051d4:	d03c      	beq.n	10005250 <usbd_open_edpt_pair+0x90>
100051d6:	2370      	movs	r3, #112	@ 0x70
100051d8:	4698      	mov	r8, r3
100051da:	4b1e      	ldr	r3, [pc, #120]	@ (10005254 <usbd_open_edpt_pair+0x94>)
100051dc:	2500      	movs	r5, #0
100051de:	469b      	mov	fp, r3
100051e0:	4b1d      	ldr	r3, [pc, #116]	@ (10005258 <usbd_open_edpt_pair+0x98>)
100051e2:	469a      	mov	sl, r3
100051e4:	e01a      	b.n	1000521c <usbd_open_edpt_pair+0x5c>
100051e6:	465b      	mov	r3, fp
100051e8:	781b      	ldrb	r3, [r3, #0]
100051ea:	0020      	movs	r0, r4
100051ec:	4699      	mov	r9, r3
100051ee:	4653      	mov	r3, sl
100051f0:	7899      	ldrb	r1, [r3, #2]
100051f2:	f000 fdeb 	bl	10005dcc <tu_edpt_validate>
100051f6:	2800      	cmp	r0, #0
100051f8:	d01c      	beq.n	10005234 <usbd_open_edpt_pair+0x74>
100051fa:	0021      	movs	r1, r4
100051fc:	4648      	mov	r0, r9
100051fe:	f7ff fa2f 	bl	10004660 <dcd_edpt_open>
10005202:	2800      	cmp	r0, #0
10005204:	d016      	beq.n	10005234 <usbd_open_edpt_pair+0x74>
10005206:	78a3      	ldrb	r3, [r4, #2]
10005208:	09da      	lsrs	r2, r3, #7
1000520a:	2a01      	cmp	r2, #1
1000520c:	d019      	beq.n	10005242 <usbd_open_edpt_pair+0x82>
1000520e:	9a0a      	ldr	r2, [sp, #40]	@ 0x28
10005210:	3501      	adds	r5, #1
10005212:	7013      	strb	r3, [r2, #0]
10005214:	7823      	ldrb	r3, [r4, #0]
10005216:	18e4      	adds	r4, r4, r3
10005218:	42b5      	cmp	r5, r6
1000521a:	da19      	bge.n	10005250 <usbd_open_edpt_pair+0x90>
1000521c:	7863      	ldrb	r3, [r4, #1]
1000521e:	2b05      	cmp	r3, #5
10005220:	d108      	bne.n	10005234 <usbd_open_edpt_pair+0x74>
10005222:	78e3      	ldrb	r3, [r4, #3]
10005224:	079b      	lsls	r3, r3, #30
10005226:	0f9b      	lsrs	r3, r3, #30
10005228:	42bb      	cmp	r3, r7
1000522a:	d103      	bne.n	10005234 <usbd_open_edpt_pair+0x74>
1000522c:	4642      	mov	r2, r8
1000522e:	78a3      	ldrb	r3, [r4, #2]
10005230:	421a      	tst	r2, r3
10005232:	d0d8      	beq.n	100051e6 <usbd_open_edpt_pair+0x26>
10005234:	2000      	movs	r0, #0
10005236:	bcf0      	pop	{r4, r5, r6, r7}
10005238:	46bb      	mov	fp, r7
1000523a:	46b2      	mov	sl, r6
1000523c:	46a9      	mov	r9, r5
1000523e:	46a0      	mov	r8, r4
10005240:	bdf8      	pop	{r3, r4, r5, r6, r7, pc}
10005242:	9a0b      	ldr	r2, [sp, #44]	@ 0x2c
10005244:	3501      	adds	r5, #1
10005246:	7013      	strb	r3, [r2, #0]
10005248:	7823      	ldrb	r3, [r4, #0]
1000524a:	18e4      	adds	r4, r4, r3
1000524c:	42b5      	cmp	r5, r6
1000524e:	dbe5      	blt.n	1000521c <usbd_open_edpt_pair+0x5c>
10005250:	2001      	movs	r0, #1
10005252:	e7f0      	b.n	10005236 <usbd_open_edpt_pair+0x76>
10005254:	200010a4 	.word	0x200010a4
10005258:	20001530 	.word	0x20001530

1000525c <usbd_edpt_open>:
1000525c:	2270      	movs	r2, #112	@ 0x70
1000525e:	b570      	push	{r4, r5, r6, lr}
10005260:	788b      	ldrb	r3, [r1, #2]
10005262:	000c      	movs	r4, r1
10005264:	421a      	tst	r2, r3
10005266:	d001      	beq.n	1000526c <usbd_edpt_open+0x10>
10005268:	2000      	movs	r0, #0
1000526a:	bd70      	pop	{r4, r5, r6, pc}
1000526c:	4b06      	ldr	r3, [pc, #24]	@ (10005288 <usbd_edpt_open+0x2c>)
1000526e:	0020      	movs	r0, r4
10005270:	781d      	ldrb	r5, [r3, #0]
10005272:	4b06      	ldr	r3, [pc, #24]	@ (1000528c <usbd_edpt_open+0x30>)
10005274:	7899      	ldrb	r1, [r3, #2]
10005276:	f000 fda9 	bl	10005dcc <tu_edpt_validate>
1000527a:	2800      	cmp	r0, #0
1000527c:	d0f4      	beq.n	10005268 <usbd_edpt_open+0xc>
1000527e:	0021      	movs	r1, r4
10005280:	0028      	movs	r0, r5
10005282:	f7ff f9ed 	bl	10004660 <dcd_edpt_open>
10005286:	e7f0      	b.n	1000526a <usbd_edpt_open+0xe>
10005288:	200010a4 	.word	0x200010a4
1000528c:	20001530 	.word	0x20001530

10005290 <usbd_edpt_claim>:
10005290:	000b      	movs	r3, r1
10005292:	207f      	movs	r0, #127	@ 0x7f
10005294:	b510      	push	{r4, lr}
10005296:	4018      	ands	r0, r3
10005298:	09db      	lsrs	r3, r3, #7
1000529a:	3334      	adds	r3, #52	@ 0x34
1000529c:	0040      	lsls	r0, r0, #1
1000529e:	4a04      	ldr	r2, [pc, #16]	@ (100052b0 <usbd_edpt_claim+0x20>)
100052a0:	18c0      	adds	r0, r0, r3
100052a2:	4b04      	ldr	r3, [pc, #16]	@ (100052b4 <usbd_edpt_claim+0x24>)
100052a4:	6811      	ldr	r1, [r2, #0]
100052a6:	18c0      	adds	r0, r0, r3
100052a8:	f000 fd4c 	bl	10005d44 <tu_edpt_claim>
100052ac:	bd10      	pop	{r4, pc}
100052ae:	46c0      	nop			@ (mov r8, r8)
100052b0:	20001584 	.word	0x20001584
100052b4:	20001530 	.word	0x20001530

100052b8 <usbd_edpt_release>:
100052b8:	000b      	movs	r3, r1
100052ba:	207f      	movs	r0, #127	@ 0x7f
100052bc:	b510      	push	{r4, lr}
100052be:	4018      	ands	r0, r3
100052c0:	09db      	lsrs	r3, r3, #7
100052c2:	3334      	adds	r3, #52	@ 0x34
100052c4:	0040      	lsls	r0, r0, #1
100052c6:	4a04      	ldr	r2, [pc, #16]	@ (100052d8 <usbd_edpt_release+0x20>)
100052c8:	18c0      	adds	r0, r0, r3
100052ca:	4b04      	ldr	r3, [pc, #16]	@ (100052dc <usbd_edpt_release+0x24>)
100052cc:	6811      	ldr	r1, [r2, #0]
100052ce:	18c0      	adds	r0, r0, r3
100052d0:	f000 fd60 	bl	10005d94 <tu_edpt_release>
100052d4:	bd10      	pop	{r4, pc}
100052d6:	46c0      	nop			@ (mov r8, r8)
100052d8:	20001584 	.word	0x20001584
100052dc:	20001530 	.word	0x20001530

100052e0 <usbd_edpt_xfer>:
100052e0:	b570      	push	{r4, r5, r6, lr}
100052e2:	247f      	movs	r4, #127	@ 0x7f
100052e4:	480f      	ldr	r0, [pc, #60]	@ (10005324 <usbd_edpt_xfer+0x44>)
100052e6:	400c      	ands	r4, r1
100052e8:	0064      	lsls	r4, r4, #1
100052ea:	1904      	adds	r4, r0, r4
100052ec:	09cd      	lsrs	r5, r1, #7
100052ee:	1964      	adds	r4, r4, r5
100052f0:	3430      	adds	r4, #48	@ 0x30
100052f2:	7920      	ldrb	r0, [r4, #4]
100052f4:	07c0      	lsls	r0, r0, #31
100052f6:	d501      	bpl.n	100052fc <usbd_edpt_xfer+0x1c>
100052f8:	2000      	movs	r0, #0
100052fa:	bd70      	pop	{r4, r5, r6, pc}
100052fc:	2601      	movs	r6, #1
100052fe:	7925      	ldrb	r5, [r4, #4]
10005300:	4809      	ldr	r0, [pc, #36]	@ (10005328 <usbd_edpt_xfer+0x48>)
10005302:	4335      	orrs	r5, r6
10005304:	7800      	ldrb	r0, [r0, #0]
10005306:	7125      	strb	r5, [r4, #4]
10005308:	f7ff fa38 	bl	1000477c <dcd_edpt_xfer>
1000530c:	2800      	cmp	r0, #0
1000530e:	d1f4      	bne.n	100052fa <usbd_edpt_xfer+0x1a>
10005310:	2201      	movs	r2, #1
10005312:	7923      	ldrb	r3, [r4, #4]
10005314:	4393      	bics	r3, r2
10005316:	7123      	strb	r3, [r4, #4]
10005318:	7923      	ldrb	r3, [r4, #4]
1000531a:	3203      	adds	r2, #3
1000531c:	4393      	bics	r3, r2
1000531e:	7123      	strb	r3, [r4, #4]
10005320:	e7ea      	b.n	100052f8 <usbd_edpt_xfer+0x18>
10005322:	46c0      	nop			@ (mov r8, r8)
10005324:	20001530 	.word	0x20001530
10005328:	200010a4 	.word	0x200010a4

1000532c <tud_control_status>:
1000532c:	b570      	push	{r4, r5, r6, lr}
1000532e:	4c09      	ldr	r4, [pc, #36]	@ (10005354 <tud_control_status+0x28>)
10005330:	0006      	movs	r6, r0
10005332:	2208      	movs	r2, #8
10005334:	0020      	movs	r0, r4
10005336:	000d      	movs	r5, r1
10005338:	f7fc feb0 	bl	1000209c <__wrap___aeabi_memcpy>
1000533c:	2300      	movs	r3, #0
1000533e:	2180      	movs	r1, #128	@ 0x80
10005340:	60e3      	str	r3, [r4, #12]
10005342:	60a3      	str	r3, [r4, #8]
10005344:	782b      	ldrb	r3, [r5, #0]
10005346:	0030      	movs	r0, r6
10005348:	4399      	bics	r1, r3
1000534a:	2200      	movs	r2, #0
1000534c:	2300      	movs	r3, #0
1000534e:	f7ff ffc7 	bl	100052e0 <usbd_edpt_xfer>
10005352:	bd70      	pop	{r4, r5, r6, pc}
10005354:	20001510 	.word	0x20001510

10005358 <tud_control_xfer>:
10005358:	b5f8      	push	{r3, r4, r5, r6, r7, lr}
1000535a:	46ce      	mov	lr, r9
1000535c:	4647      	mov	r7, r8
1000535e:	4690      	mov	r8, r2
10005360:	4e25      	ldr	r6, [pc, #148]	@ (100053f8 <tud_control_xfer+0xa0>)
10005362:	b580      	push	{r7, lr}
10005364:	4681      	mov	r9, r0
10005366:	2208      	movs	r2, #8
10005368:	0030      	movs	r0, r6
1000536a:	000d      	movs	r5, r1
1000536c:	001f      	movs	r7, r3
1000536e:	f7fc fe95 	bl	1000209c <__wrap___aeabi_memcpy>
10005372:	4643      	mov	r3, r8
10005374:	60b3      	str	r3, [r6, #8]
10005376:	2300      	movs	r3, #0
10005378:	81f3      	strh	r3, [r6, #14]
1000537a:	79ec      	ldrb	r4, [r5, #7]
1000537c:	79ab      	ldrb	r3, [r5, #6]
1000537e:	0224      	lsls	r4, r4, #8
10005380:	431c      	orrs	r4, r3
10005382:	1c23      	adds	r3, r4, #0
10005384:	42bc      	cmp	r4, r7
10005386:	d900      	bls.n	1000538a <tud_control_xfer+0x32>
10005388:	1c3b      	adds	r3, r7, #0
1000538a:	b29f      	uxth	r7, r3
1000538c:	81b3      	strh	r3, [r6, #12]
1000538e:	2c00      	cmp	r4, #0
10005390:	d00d      	beq.n	100053ae <tud_control_xfer+0x56>
10005392:	2f00      	cmp	r7, #0
10005394:	d017      	beq.n	100053c6 <tud_control_xfer+0x6e>
10005396:	4642      	mov	r2, r8
10005398:	2a00      	cmp	r2, #0
1000539a:	d02b      	beq.n	100053f4 <tud_control_xfer+0x9c>
1000539c:	2f40      	cmp	r7, #64	@ 0x40
1000539e:	d81b      	bhi.n	100053d8 <tud_control_xfer+0x80>
100053a0:	b29f      	uxth	r7, r3
100053a2:	7833      	ldrb	r3, [r6, #0]
100053a4:	2b7f      	cmp	r3, #127	@ 0x7f
100053a6:	d81c      	bhi.n	100053e2 <tud_control_xfer+0x8a>
100053a8:	2100      	movs	r1, #0
100053aa:	4a14      	ldr	r2, [pc, #80]	@ (100053fc <tud_control_xfer+0xa4>)
100053ac:	e00f      	b.n	100053ce <tud_control_xfer+0x76>
100053ae:	2180      	movs	r1, #128	@ 0x80
100053b0:	782b      	ldrb	r3, [r5, #0]
100053b2:	2200      	movs	r2, #0
100053b4:	4399      	bics	r1, r3
100053b6:	4648      	mov	r0, r9
100053b8:	2300      	movs	r3, #0
100053ba:	f7ff ff91 	bl	100052e0 <usbd_edpt_xfer>
100053be:	bcc0      	pop	{r6, r7}
100053c0:	46b9      	mov	r9, r7
100053c2:	46b0      	mov	r8, r6
100053c4:	bdf8      	pop	{r3, r4, r5, r6, r7, pc}
100053c6:	237f      	movs	r3, #127	@ 0x7f
100053c8:	2200      	movs	r2, #0
100053ca:	7831      	ldrb	r1, [r6, #0]
100053cc:	4399      	bics	r1, r3
100053ce:	003b      	movs	r3, r7
100053d0:	4648      	mov	r0, r9
100053d2:	f7ff ff85 	bl	100052e0 <usbd_edpt_xfer>
100053d6:	e7f2      	b.n	100053be <tud_control_xfer+0x66>
100053d8:	2340      	movs	r3, #64	@ 0x40
100053da:	b29f      	uxth	r7, r3
100053dc:	7833      	ldrb	r3, [r6, #0]
100053de:	2b7f      	cmp	r3, #127	@ 0x7f
100053e0:	d9e2      	bls.n	100053a8 <tud_control_xfer+0x50>
100053e2:	4c06      	ldr	r4, [pc, #24]	@ (100053fc <tud_control_xfer+0xa4>)
100053e4:	003a      	movs	r2, r7
100053e6:	4641      	mov	r1, r8
100053e8:	0020      	movs	r0, r4
100053ea:	f7fc fe57 	bl	1000209c <__wrap___aeabi_memcpy>
100053ee:	2180      	movs	r1, #128	@ 0x80
100053f0:	0022      	movs	r2, r4
100053f2:	e7ec      	b.n	100053ce <tud_control_xfer+0x76>
100053f4:	2000      	movs	r0, #0
100053f6:	e7e2      	b.n	100053be <tud_control_xfer+0x66>
100053f8:	20001510 	.word	0x20001510
100053fc:	200014d0 	.word	0x200014d0

10005400 <usbd_control_reset>:
10005400:	b510      	push	{r4, lr}
10005402:	2214      	movs	r2, #20
10005404:	2100      	movs	r1, #0
10005406:	4802      	ldr	r0, [pc, #8]	@ (10005410 <usbd_control_reset+0x10>)
10005408:	f7fc fe42 	bl	10002090 <__wrap_memset>
1000540c:	bd10      	pop	{r4, pc}
1000540e:	46c0      	nop			@ (mov r8, r8)
10005410:	20001510 	.word	0x20001510

10005414 <usbd_control_set_complete_callback>:
10005414:	4b01      	ldr	r3, [pc, #4]	@ (1000541c <usbd_control_set_complete_callback+0x8>)
10005416:	6118      	str	r0, [r3, #16]
10005418:	4770      	bx	lr
1000541a:	46c0      	nop			@ (mov r8, r8)
1000541c:	20001510 	.word	0x20001510

10005420 <usbd_control_set_request>:
10005420:	b510      	push	{r4, lr}
10005422:	4c05      	ldr	r4, [pc, #20]	@ (10005438 <usbd_control_set_request+0x18>)
10005424:	0001      	movs	r1, r0
10005426:	2208      	movs	r2, #8
10005428:	0020      	movs	r0, r4
1000542a:	f7fc fe37 	bl	1000209c <__wrap___aeabi_memcpy>
1000542e:	2300      	movs	r3, #0
10005430:	60a3      	str	r3, [r4, #8]
10005432:	60e3      	str	r3, [r4, #12]
10005434:	bd10      	pop	{r4, pc}
10005436:	46c0      	nop			@ (mov r8, r8)
10005438:	20001510 	.word	0x20001510

1000543c <usbd_control_xfer_cb>:
1000543c:	b570      	push	{r4, r5, r6, lr}
1000543e:	4c38      	ldr	r4, [pc, #224]	@ (10005520 <usbd_control_xfer_cb+0xe4>)
10005440:	001d      	movs	r5, r3
10005442:	7823      	ldrb	r3, [r4, #0]
10005444:	0006      	movs	r6, r0
10005446:	09da      	lsrs	r2, r3, #7
10005448:	09c9      	lsrs	r1, r1, #7
1000544a:	428a      	cmp	r2, r1
1000544c:	d010      	beq.n	10005470 <usbd_control_xfer_cb+0x34>
1000544e:	2000      	movs	r0, #0
10005450:	2d00      	cmp	r5, #0
10005452:	d000      	beq.n	10005456 <usbd_control_xfer_cb+0x1a>
10005454:	bd70      	pop	{r4, r5, r6, pc}
10005456:	0021      	movs	r1, r4
10005458:	0030      	movs	r0, r6
1000545a:	f7ff f8f3 	bl	10004644 <dcd_edpt0_status_complete>
1000545e:	6923      	ldr	r3, [r4, #16]
10005460:	2b00      	cmp	r3, #0
10005462:	d003      	beq.n	1000546c <usbd_control_xfer_cb+0x30>
10005464:	0022      	movs	r2, r4
10005466:	2103      	movs	r1, #3
10005468:	0030      	movs	r0, r6
1000546a:	4798      	blx	r3
1000546c:	2001      	movs	r0, #1
1000546e:	e7f1      	b.n	10005454 <usbd_control_xfer_cb+0x18>
10005470:	2b7f      	cmp	r3, #127	@ 0x7f
10005472:	d806      	bhi.n	10005482 <usbd_control_xfer_cb+0x46>
10005474:	68a0      	ldr	r0, [r4, #8]
10005476:	2800      	cmp	r0, #0
10005478:	d034      	beq.n	100054e4 <usbd_control_xfer_cb+0xa8>
1000547a:	002a      	movs	r2, r5
1000547c:	4929      	ldr	r1, [pc, #164]	@ (10005524 <usbd_control_xfer_cb+0xe8>)
1000547e:	f7fc fe0d 	bl	1000209c <__wrap___aeabi_memcpy>
10005482:	89e2      	ldrh	r2, [r4, #14]
10005484:	68a1      	ldr	r1, [r4, #8]
10005486:	1952      	adds	r2, r2, r5
10005488:	88e3      	ldrh	r3, [r4, #6]
1000548a:	b292      	uxth	r2, r2
1000548c:	1949      	adds	r1, r1, r5
1000548e:	81e2      	strh	r2, [r4, #14]
10005490:	60a1      	str	r1, [r4, #8]
10005492:	4293      	cmp	r3, r2
10005494:	d014      	beq.n	100054c0 <usbd_control_xfer_cb+0x84>
10005496:	2d3f      	cmp	r5, #63	@ 0x3f
10005498:	d912      	bls.n	100054c0 <usbd_control_xfer_cb+0x84>
1000549a:	89a3      	ldrh	r3, [r4, #12]
1000549c:	1a98      	subs	r0, r3, r2
1000549e:	1c05      	adds	r5, r0, #0
100054a0:	b280      	uxth	r0, r0
100054a2:	2840      	cmp	r0, #64	@ 0x40
100054a4:	d82a      	bhi.n	100054fc <usbd_control_xfer_cb+0xc0>
100054a6:	7820      	ldrb	r0, [r4, #0]
100054a8:	b2ad      	uxth	r5, r5
100054aa:	287f      	cmp	r0, #127	@ 0x7f
100054ac:	d828      	bhi.n	10005500 <usbd_control_xfer_cb+0xc4>
100054ae:	2100      	movs	r1, #0
100054b0:	429a      	cmp	r2, r3
100054b2:	d032      	beq.n	1000551a <usbd_control_xfer_cb+0xde>
100054b4:	4a1b      	ldr	r2, [pc, #108]	@ (10005524 <usbd_control_xfer_cb+0xe8>)
100054b6:	002b      	movs	r3, r5
100054b8:	0030      	movs	r0, r6
100054ba:	f7ff ff11 	bl	100052e0 <usbd_edpt_xfer>
100054be:	e7c9      	b.n	10005454 <usbd_control_xfer_cb+0x18>
100054c0:	6923      	ldr	r3, [r4, #16]
100054c2:	2b00      	cmp	r3, #0
100054c4:	d005      	beq.n	100054d2 <usbd_control_xfer_cb+0x96>
100054c6:	0022      	movs	r2, r4
100054c8:	2102      	movs	r1, #2
100054ca:	0030      	movs	r0, r6
100054cc:	4798      	blx	r3
100054ce:	2800      	cmp	r0, #0
100054d0:	d00a      	beq.n	100054e8 <usbd_control_xfer_cb+0xac>
100054d2:	2180      	movs	r1, #128	@ 0x80
100054d4:	7823      	ldrb	r3, [r4, #0]
100054d6:	2200      	movs	r2, #0
100054d8:	4399      	bics	r1, r3
100054da:	0030      	movs	r0, r6
100054dc:	2300      	movs	r3, #0
100054de:	f7ff feff 	bl	100052e0 <usbd_edpt_xfer>
100054e2:	e7b7      	b.n	10005454 <usbd_control_xfer_cb+0x18>
100054e4:	2000      	movs	r0, #0
100054e6:	e7b5      	b.n	10005454 <usbd_control_xfer_cb+0x18>
100054e8:	2100      	movs	r1, #0
100054ea:	0030      	movs	r0, r6
100054ec:	f7ff f958 	bl	100047a0 <dcd_edpt_stall>
100054f0:	0030      	movs	r0, r6
100054f2:	2180      	movs	r1, #128	@ 0x80
100054f4:	f7ff f954 	bl	100047a0 <dcd_edpt_stall>
100054f8:	2001      	movs	r0, #1
100054fa:	e7ab      	b.n	10005454 <usbd_control_xfer_cb+0x18>
100054fc:	2540      	movs	r5, #64	@ 0x40
100054fe:	e7d2      	b.n	100054a6 <usbd_control_xfer_cb+0x6a>
10005500:	429a      	cmp	r2, r3
10005502:	d007      	beq.n	10005514 <usbd_control_xfer_cb+0xd8>
10005504:	4c07      	ldr	r4, [pc, #28]	@ (10005524 <usbd_control_xfer_cb+0xe8>)
10005506:	002a      	movs	r2, r5
10005508:	0020      	movs	r0, r4
1000550a:	f7fc fdc7 	bl	1000209c <__wrap___aeabi_memcpy>
1000550e:	2180      	movs	r1, #128	@ 0x80
10005510:	0022      	movs	r2, r4
10005512:	e7d0      	b.n	100054b6 <usbd_control_xfer_cb+0x7a>
10005514:	2180      	movs	r1, #128	@ 0x80
10005516:	2200      	movs	r2, #0
10005518:	e7cd      	b.n	100054b6 <usbd_control_xfer_cb+0x7a>
1000551a:	2200      	movs	r2, #0
1000551c:	e7cb      	b.n	100054b6 <usbd_control_xfer_cb+0x7a>
1000551e:	46c0      	nop			@ (mov r8, r8)
10005520:	20001510 	.word	0x20001510
10005524:	200014d0 	.word	0x200014d0

10005528 <_prep_out_transaction.isra.0>:
10005528:	b570      	push	{r4, r5, r6, lr}
1000552a:	0004      	movs	r4, r0
1000552c:	f7ff f9be 	bl	100048ac <tud_mounted>
10005530:	2800      	cmp	r0, #0
10005532:	d100      	bne.n	10005536 <_prep_out_transaction.isra.0+0xe>
10005534:	bd70      	pop	{r4, r5, r6, pc}
10005536:	f7ff f9c1 	bl	100048bc <tud_suspended>
1000553a:	2800      	cmp	r0, #0
1000553c:	d1fa      	bne.n	10005534 <_prep_out_transaction.isra.0+0xc>
1000553e:	23c8      	movs	r3, #200	@ 0xc8
10005540:	4363      	muls	r3, r4
10005542:	4d12      	ldr	r5, [pc, #72]	@ (1000558c <_prep_out_transaction.isra.0+0x64>)
10005544:	18ee      	adds	r6, r5, r3
10005546:	78f1      	ldrb	r1, [r6, #3]
10005548:	2900      	cmp	r1, #0
1000554a:	d0f3      	beq.n	10005534 <_prep_out_transaction.isra.0+0xc>
1000554c:	3310      	adds	r3, #16
1000554e:	195d      	adds	r5, r3, r5
10005550:	0028      	movs	r0, r5
10005552:	f000 fdf3 	bl	1000613c <tu_fifo_remaining>
10005556:	283f      	cmp	r0, #63	@ 0x3f
10005558:	d9ec      	bls.n	10005534 <_prep_out_transaction.isra.0+0xc>
1000555a:	2000      	movs	r0, #0
1000555c:	78f1      	ldrb	r1, [r6, #3]
1000555e:	f7ff fe97 	bl	10005290 <usbd_edpt_claim>
10005562:	2800      	cmp	r0, #0
10005564:	d0e6      	beq.n	10005534 <_prep_out_transaction.isra.0+0xc>
10005566:	0028      	movs	r0, r5
10005568:	f000 fde8 	bl	1000613c <tu_fifo_remaining>
1000556c:	78f1      	ldrb	r1, [r6, #3]
1000556e:	283f      	cmp	r0, #63	@ 0x3f
10005570:	d907      	bls.n	10005582 <_prep_out_transaction.isra.0+0x5a>
10005572:	4b07      	ldr	r3, [pc, #28]	@ (10005590 <_prep_out_transaction.isra.0+0x68>)
10005574:	01e2      	lsls	r2, r4, #7
10005576:	18d2      	adds	r2, r2, r3
10005578:	2000      	movs	r0, #0
1000557a:	2340      	movs	r3, #64	@ 0x40
1000557c:	f7ff feb0 	bl	100052e0 <usbd_edpt_xfer>
10005580:	e7d8      	b.n	10005534 <_prep_out_transaction.isra.0+0xc>
10005582:	2000      	movs	r0, #0
10005584:	f7ff fe98 	bl	100052b8 <usbd_edpt_release>
10005588:	e7d4      	b.n	10005534 <_prep_out_transaction.isra.0+0xc>
1000558a:	46c0      	nop			@ (mov r8, r8)
1000558c:	20001408 	.word	0x20001408
10005590:	20001384 	.word	0x20001384

10005594 <tud_cdc_n_connected>:
10005594:	b510      	push	{r4, lr}
10005596:	0004      	movs	r4, r0
10005598:	f7ff f988 	bl	100048ac <tud_mounted>
1000559c:	2800      	cmp	r0, #0
1000559e:	d101      	bne.n	100055a4 <tud_cdc_n_connected+0x10>
100055a0:	2000      	movs	r0, #0
100055a2:	bd10      	pop	{r4, pc}
100055a4:	f7ff f98a 	bl	100048bc <tud_suspended>
100055a8:	2800      	cmp	r0, #0
100055aa:	d1f9      	bne.n	100055a0 <tud_cdc_n_connected+0xc>
100055ac:	22c8      	movs	r2, #200	@ 0xc8
100055ae:	4362      	muls	r2, r4
100055b0:	4b02      	ldr	r3, [pc, #8]	@ (100055bc <tud_cdc_n_connected+0x28>)
100055b2:	3001      	adds	r0, #1
100055b4:	189b      	adds	r3, r3, r2
100055b6:	791b      	ldrb	r3, [r3, #4]
100055b8:	4018      	ands	r0, r3
100055ba:	e7f2      	b.n	100055a2 <tud_cdc_n_connected+0xe>
100055bc:	20001408 	.word	0x20001408

100055c0 <tud_cdc_n_available>:
100055c0:	23c8      	movs	r3, #200	@ 0xc8
100055c2:	b510      	push	{r4, lr}
100055c4:	4343      	muls	r3, r0
100055c6:	4802      	ldr	r0, [pc, #8]	@ (100055d0 <tud_cdc_n_available+0x10>)
100055c8:	1818      	adds	r0, r3, r0
100055ca:	f000 fd99 	bl	10006100 <tu_fifo_count>
100055ce:	bd10      	pop	{r4, pc}
100055d0:	20001418 	.word	0x20001418

100055d4 <tud_cdc_n_read>:
100055d4:	b5f8      	push	{r3, r4, r5, r6, r7, lr}
100055d6:	24c8      	movs	r4, #200	@ 0xc8
100055d8:	2380      	movs	r3, #128	@ 0x80
100055da:	4344      	muls	r4, r0
100055dc:	4f1c      	ldr	r7, [pc, #112]	@ (10005650 <tud_cdc_n_read+0x7c>)
100055de:	3410      	adds	r4, #16
100055e0:	0005      	movs	r5, r0
100055e2:	193c      	adds	r4, r7, r4
100055e4:	025b      	lsls	r3, r3, #9
100055e6:	429a      	cmp	r2, r3
100055e8:	d300      	bcc.n	100055ec <tud_cdc_n_read+0x18>
100055ea:	4a1a      	ldr	r2, [pc, #104]	@ (10005654 <tud_cdc_n_read+0x80>)
100055ec:	0020      	movs	r0, r4
100055ee:	b292      	uxth	r2, r2
100055f0:	f000 fe08 	bl	10006204 <tu_fifo_read_n>
100055f4:	0006      	movs	r6, r0
100055f6:	f7ff f959 	bl	100048ac <tud_mounted>
100055fa:	2800      	cmp	r0, #0
100055fc:	d101      	bne.n	10005602 <tud_cdc_n_read+0x2e>
100055fe:	0030      	movs	r0, r6
10005600:	bdf8      	pop	{r3, r4, r5, r6, r7, pc}
10005602:	f7ff f95b 	bl	100048bc <tud_suspended>
10005606:	2800      	cmp	r0, #0
10005608:	d1f9      	bne.n	100055fe <tud_cdc_n_read+0x2a>
1000560a:	23c8      	movs	r3, #200	@ 0xc8
1000560c:	436b      	muls	r3, r5
1000560e:	18ff      	adds	r7, r7, r3
10005610:	78fb      	ldrb	r3, [r7, #3]
10005612:	2b00      	cmp	r3, #0
10005614:	d0f3      	beq.n	100055fe <tud_cdc_n_read+0x2a>
10005616:	0020      	movs	r0, r4
10005618:	f000 fd90 	bl	1000613c <tu_fifo_remaining>
1000561c:	283f      	cmp	r0, #63	@ 0x3f
1000561e:	d9ee      	bls.n	100055fe <tud_cdc_n_read+0x2a>
10005620:	2000      	movs	r0, #0
10005622:	78f9      	ldrb	r1, [r7, #3]
10005624:	f7ff fe34 	bl	10005290 <usbd_edpt_claim>
10005628:	2800      	cmp	r0, #0
1000562a:	d0e8      	beq.n	100055fe <tud_cdc_n_read+0x2a>
1000562c:	0020      	movs	r0, r4
1000562e:	f000 fd85 	bl	1000613c <tu_fifo_remaining>
10005632:	78f9      	ldrb	r1, [r7, #3]
10005634:	283f      	cmp	r0, #63	@ 0x3f
10005636:	d907      	bls.n	10005648 <tud_cdc_n_read+0x74>
10005638:	4b07      	ldr	r3, [pc, #28]	@ (10005658 <tud_cdc_n_read+0x84>)
1000563a:	01ea      	lsls	r2, r5, #7
1000563c:	18d2      	adds	r2, r2, r3
1000563e:	2000      	movs	r0, #0
10005640:	2340      	movs	r3, #64	@ 0x40
10005642:	f7ff fe4d 	bl	100052e0 <usbd_edpt_xfer>
10005646:	e7da      	b.n	100055fe <tud_cdc_n_read+0x2a>
10005648:	2000      	movs	r0, #0
1000564a:	f7ff fe35 	bl	100052b8 <usbd_edpt_release>
1000564e:	e7d6      	b.n	100055fe <tud_cdc_n_read+0x2a>
10005650:	20001408 	.word	0x20001408
10005654:	0000ffff 	.word	0x0000ffff
10005658:	20001384 	.word	0x20001384

1000565c <tud_cdc_n_write_flush>:
1000565c:	b5f8      	push	{r3, r4, r5, r6, r7, lr}
1000565e:	0004      	movs	r4, r0
10005660:	f7ff f924 	bl	100048ac <tud_mounted>
10005664:	2800      	cmp	r0, #0
10005666:	d101      	bne.n	1000566c <tud_cdc_n_write_flush+0x10>
10005668:	2000      	movs	r0, #0
1000566a:	bdf8      	pop	{r3, r4, r5, r6, r7, pc}
1000566c:	f7ff f926 	bl	100048bc <tud_suspended>
10005670:	2800      	cmp	r0, #0
10005672:	d1f9      	bne.n	10005668 <tud_cdc_n_write_flush+0xc>
10005674:	25c8      	movs	r5, #200	@ 0xc8
10005676:	4365      	muls	r5, r4
10005678:	002e      	movs	r6, r5
1000567a:	4f13      	ldr	r7, [pc, #76]	@ (100056c8 <tud_cdc_n_write_flush+0x6c>)
1000567c:	3624      	adds	r6, #36	@ 0x24
1000567e:	19f6      	adds	r6, r6, r7
10005680:	0030      	movs	r0, r6
10005682:	f000 fd3d 	bl	10006100 <tu_fifo_count>
10005686:	2800      	cmp	r0, #0
10005688:	d0ee      	beq.n	10005668 <tud_cdc_n_write_flush+0xc>
1000568a:	197f      	adds	r7, r7, r5
1000568c:	2000      	movs	r0, #0
1000568e:	78b9      	ldrb	r1, [r7, #2]
10005690:	f7ff fdfe 	bl	10005290 <usbd_edpt_claim>
10005694:	2800      	cmp	r0, #0
10005696:	d0e7      	beq.n	10005668 <tud_cdc_n_write_flush+0xc>
10005698:	4d0c      	ldr	r5, [pc, #48]	@ (100056cc <tud_cdc_n_write_flush+0x70>)
1000569a:	01e4      	lsls	r4, r4, #7
1000569c:	1965      	adds	r5, r4, r5
1000569e:	0029      	movs	r1, r5
100056a0:	2240      	movs	r2, #64	@ 0x40
100056a2:	0030      	movs	r0, r6
100056a4:	f000 fdae 	bl	10006204 <tu_fifo_read_n>
100056a8:	78b9      	ldrb	r1, [r7, #2]
100056aa:	1e04      	subs	r4, r0, #0
100056ac:	d008      	beq.n	100056c0 <tud_cdc_n_write_flush+0x64>
100056ae:	0003      	movs	r3, r0
100056b0:	002a      	movs	r2, r5
100056b2:	2000      	movs	r0, #0
100056b4:	f7ff fe14 	bl	100052e0 <usbd_edpt_xfer>
100056b8:	2800      	cmp	r0, #0
100056ba:	d0d5      	beq.n	10005668 <tud_cdc_n_write_flush+0xc>
100056bc:	0020      	movs	r0, r4
100056be:	e7d4      	b.n	1000566a <tud_cdc_n_write_flush+0xe>
100056c0:	2000      	movs	r0, #0
100056c2:	f7ff fdf9 	bl	100052b8 <usbd_edpt_release>
100056c6:	e7cf      	b.n	10005668 <tud_cdc_n_write_flush+0xc>
100056c8:	20001408 	.word	0x20001408
100056cc:	200013c4 	.word	0x200013c4

100056d0 <tud_cdc_n_write>:
100056d0:	b570      	push	{r4, r5, r6, lr}
100056d2:	24c8      	movs	r4, #200	@ 0xc8
100056d4:	4344      	muls	r4, r0
100056d6:	4b0c      	ldr	r3, [pc, #48]	@ (10005708 <tud_cdc_n_write+0x38>)
100056d8:	0005      	movs	r5, r0
100056da:	18e4      	adds	r4, r4, r3
100056dc:	2380      	movs	r3, #128	@ 0x80
100056de:	025b      	lsls	r3, r3, #9
100056e0:	429a      	cmp	r2, r3
100056e2:	d300      	bcc.n	100056e6 <tud_cdc_n_write+0x16>
100056e4:	4a09      	ldr	r2, [pc, #36]	@ (1000570c <tud_cdc_n_write+0x3c>)
100056e6:	0020      	movs	r0, r4
100056e8:	b292      	uxth	r2, r2
100056ea:	f000 fe51 	bl	10006390 <tu_fifo_write_n>
100056ee:	0006      	movs	r6, r0
100056f0:	0020      	movs	r0, r4
100056f2:	f000 fd05 	bl	10006100 <tu_fifo_count>
100056f6:	283f      	cmp	r0, #63	@ 0x3f
100056f8:	d801      	bhi.n	100056fe <tud_cdc_n_write+0x2e>
100056fa:	0030      	movs	r0, r6
100056fc:	bd70      	pop	{r4, r5, r6, pc}
100056fe:	0028      	movs	r0, r5
10005700:	f7ff ffac 	bl	1000565c <tud_cdc_n_write_flush>
10005704:	e7f9      	b.n	100056fa <tud_cdc_n_write+0x2a>
10005706:	46c0      	nop			@ (mov r8, r8)
10005708:	2000142c 	.word	0x2000142c
1000570c:	0000ffff 	.word	0x0000ffff

10005710 <tud_cdc_n_write_available>:
10005710:	23c8      	movs	r3, #200	@ 0xc8
10005712:	b510      	push	{r4, lr}
10005714:	4343      	muls	r3, r0
10005716:	4802      	ldr	r0, [pc, #8]	@ (10005720 <tud_cdc_n_write_available+0x10>)
10005718:	1818      	adds	r0, r3, r0
1000571a:	f000 fd0f 	bl	1000613c <tu_fifo_remaining>
1000571e:	bd10      	pop	{r4, pc}
10005720:	2000142c 	.word	0x2000142c

10005724 <cdcd_init>:
10005724:	b5f0      	push	{r4, r5, r6, r7, lr}
10005726:	2500      	movs	r5, #0
10005728:	4c18      	ldr	r4, [pc, #96]	@ (1000578c <cdcd_init+0x68>)
1000572a:	b083      	sub	sp, #12
1000572c:	22c8      	movs	r2, #200	@ 0xc8
1000572e:	2100      	movs	r1, #0
10005730:	0020      	movs	r0, r4
10005732:	f7fc fcad 	bl	10002090 <__wrap_memset>
10005736:	4b16      	ldr	r3, [pc, #88]	@ (10005790 <cdcd_init+0x6c>)
10005738:	0021      	movs	r1, r4
1000573a:	701d      	strb	r5, [r3, #0]
1000573c:	23ff      	movs	r3, #255	@ 0xff
1000573e:	7163      	strb	r3, [r4, #5]
10005740:	23e1      	movs	r3, #225	@ 0xe1
10005742:	025b      	lsls	r3, r3, #9
10005744:	60a3      	str	r3, [r4, #8]
10005746:	0020      	movs	r0, r4
10005748:	2308      	movs	r3, #8
1000574a:	2240      	movs	r2, #64	@ 0x40
1000574c:	73a3      	strb	r3, [r4, #14]
1000574e:	3138      	adds	r1, #56	@ 0x38
10005750:	9500      	str	r5, [sp, #0]
10005752:	3b07      	subs	r3, #7
10005754:	3010      	adds	r0, #16
10005756:	f000 fc9d 	bl	10006094 <tu_fifo_config>
1000575a:	0027      	movs	r7, r4
1000575c:	2301      	movs	r3, #1
1000575e:	0021      	movs	r1, r4
10005760:	0020      	movs	r0, r4
10005762:	0026      	movs	r6, r4
10005764:	2240      	movs	r2, #64	@ 0x40
10005766:	3178      	adds	r1, #120	@ 0x78
10005768:	9300      	str	r3, [sp, #0]
1000576a:	37b8      	adds	r7, #184	@ 0xb8
1000576c:	3024      	adds	r0, #36	@ 0x24
1000576e:	f000 fc91 	bl	10006094 <tu_fifo_config>
10005772:	36c0      	adds	r6, #192	@ 0xc0
10005774:	0038      	movs	r0, r7
10005776:	f7fb f915 	bl	100009a4 <mutex_init>
1000577a:	0030      	movs	r0, r6
1000577c:	f7fb f912 	bl	100009a4 <mutex_init>
10005780:	61e5      	str	r5, [r4, #28]
10005782:	6227      	str	r7, [r4, #32]
10005784:	6326      	str	r6, [r4, #48]	@ 0x30
10005786:	6365      	str	r5, [r4, #52]	@ 0x34
10005788:	b003      	add	sp, #12
1000578a:	bdf0      	pop	{r4, r5, r6, r7, pc}
1000578c:	20001408 	.word	0x20001408
10005790:	20001404 	.word	0x20001404

10005794 <cdcd_deinit>:
10005794:	4a0a      	ldr	r2, [pc, #40]	@ (100057c0 <cdcd_deinit+0x2c>)
10005796:	6b11      	ldr	r1, [r2, #48]	@ 0x30
10005798:	6a13      	ldr	r3, [r2, #32]
1000579a:	2900      	cmp	r1, #0
1000579c:	d00c      	beq.n	100057b8 <cdcd_deinit+0x24>
1000579e:	2b00      	cmp	r3, #0
100057a0:	d007      	beq.n	100057b2 <cdcd_deinit+0x1e>
100057a2:	2300      	movs	r3, #0
100057a4:	61d3      	str	r3, [r2, #28]
100057a6:	6353      	str	r3, [r2, #52]	@ 0x34
100057a8:	6313      	str	r3, [r2, #48]	@ 0x30
100057aa:	2300      	movs	r3, #0
100057ac:	6213      	str	r3, [r2, #32]
100057ae:	2001      	movs	r0, #1
100057b0:	4770      	bx	lr
100057b2:	6353      	str	r3, [r2, #52]	@ 0x34
100057b4:	6313      	str	r3, [r2, #48]	@ 0x30
100057b6:	e7fa      	b.n	100057ae <cdcd_deinit+0x1a>
100057b8:	2b00      	cmp	r3, #0
100057ba:	d0f8      	beq.n	100057ae <cdcd_deinit+0x1a>
100057bc:	61d1      	str	r1, [r2, #28]
100057be:	e7f4      	b.n	100057aa <cdcd_deinit+0x16>
100057c0:	20001408 	.word	0x20001408

100057c4 <cdcd_reset>:
100057c4:	b570      	push	{r4, r5, r6, lr}
100057c6:	4c0f      	ldr	r4, [pc, #60]	@ (10005804 <cdcd_reset+0x40>)
100057c8:	2205      	movs	r2, #5
100057ca:	2100      	movs	r1, #0
100057cc:	0020      	movs	r0, r4
100057ce:	f7fc fc5f 	bl	10002090 <__wrap_memset>
100057d2:	4d0d      	ldr	r5, [pc, #52]	@ (10005808 <cdcd_reset+0x44>)
100057d4:	782b      	ldrb	r3, [r5, #0]
100057d6:	07da      	lsls	r2, r3, #31
100057d8:	d507      	bpl.n	100057ea <cdcd_reset+0x26>
100057da:	4c0c      	ldr	r4, [pc, #48]	@ (1000580c <cdcd_reset+0x48>)
100057dc:	079b      	lsls	r3, r3, #30
100057de:	d50c      	bpl.n	100057fa <cdcd_reset+0x36>
100057e0:	2101      	movs	r1, #1
100057e2:	0020      	movs	r0, r4
100057e4:	f000 fea8 	bl	10006538 <tu_fifo_set_overwritable>
100057e8:	bd70      	pop	{r4, r5, r6, pc}
100057ea:	0020      	movs	r0, r4
100057ec:	3010      	adds	r0, #16
100057ee:	f000 fe83 	bl	100064f8 <tu_fifo_clear>
100057f2:	782b      	ldrb	r3, [r5, #0]
100057f4:	4c05      	ldr	r4, [pc, #20]	@ (1000580c <cdcd_reset+0x48>)
100057f6:	079b      	lsls	r3, r3, #30
100057f8:	d4f2      	bmi.n	100057e0 <cdcd_reset+0x1c>
100057fa:	0020      	movs	r0, r4
100057fc:	f000 fe7c 	bl	100064f8 <tu_fifo_clear>
10005800:	e7ee      	b.n	100057e0 <cdcd_reset+0x1c>
10005802:	46c0      	nop			@ (mov r8, r8)
10005804:	20001408 	.word	0x20001408
10005808:	20001404 	.word	0x20001404
1000580c:	2000142c 	.word	0x2000142c

10005810 <cdcd_open>:
10005810:	b5f0      	push	{r4, r5, r6, r7, lr}
10005812:	794b      	ldrb	r3, [r1, #5]
10005814:	0006      	movs	r6, r0
10005816:	b083      	sub	sp, #12
10005818:	2b02      	cmp	r3, #2
1000581a:	d102      	bne.n	10005822 <cdcd_open+0x12>
1000581c:	798b      	ldrb	r3, [r1, #6]
1000581e:	2b02      	cmp	r3, #2
10005820:	d003      	beq.n	1000582a <cdcd_open+0x1a>
10005822:	2500      	movs	r5, #0
10005824:	0028      	movs	r0, r5
10005826:	b003      	add	sp, #12
10005828:	bdf0      	pop	{r4, r5, r6, r7, pc}
1000582a:	4f20      	ldr	r7, [pc, #128]	@ (100058ac <cdcd_open+0x9c>)
1000582c:	78bb      	ldrb	r3, [r7, #2]
1000582e:	2b00      	cmp	r3, #0
10005830:	d1f7      	bne.n	10005822 <cdcd_open+0x12>
10005832:	788b      	ldrb	r3, [r1, #2]
10005834:	2509      	movs	r5, #9
10005836:	703b      	strb	r3, [r7, #0]
10005838:	780c      	ldrb	r4, [r1, #0]
1000583a:	190c      	adds	r4, r1, r4
1000583c:	7863      	ldrb	r3, [r4, #1]
1000583e:	2b24      	cmp	r3, #36	@ 0x24
10005840:	d007      	beq.n	10005852 <cdcd_open+0x42>
10005842:	e00c      	b.n	1000585e <cdcd_open+0x4e>
10005844:	7823      	ldrb	r3, [r4, #0]
10005846:	18e4      	adds	r4, r4, r3
10005848:	195d      	adds	r5, r3, r5
1000584a:	7863      	ldrb	r3, [r4, #1]
1000584c:	b2ad      	uxth	r5, r5
1000584e:	2b24      	cmp	r3, #36	@ 0x24
10005850:	d105      	bne.n	1000585e <cdcd_open+0x4e>
10005852:	4295      	cmp	r5, r2
10005854:	d9f6      	bls.n	10005844 <cdcd_open+0x34>
10005856:	2000      	movs	r0, #0
10005858:	f7ff fe66 	bl	10005528 <_prep_out_transaction.isra.0>
1000585c:	e7e2      	b.n	10005824 <cdcd_open+0x14>
1000585e:	001a      	movs	r2, r3
10005860:	2b05      	cmp	r3, #5
10005862:	d015      	beq.n	10005890 <cdcd_open+0x80>
10005864:	2a04      	cmp	r2, #4
10005866:	d1f6      	bne.n	10005856 <cdcd_open+0x46>
10005868:	7963      	ldrb	r3, [r4, #5]
1000586a:	2b0a      	cmp	r3, #10
1000586c:	d1f3      	bne.n	10005856 <cdcd_open+0x46>
1000586e:	4b10      	ldr	r3, [pc, #64]	@ (100058b0 <cdcd_open+0xa0>)
10005870:	7827      	ldrb	r7, [r4, #0]
10005872:	9301      	str	r3, [sp, #4]
10005874:	3301      	adds	r3, #1
10005876:	9300      	str	r3, [sp, #0]
10005878:	0030      	movs	r0, r6
1000587a:	2302      	movs	r3, #2
1000587c:	19e1      	adds	r1, r4, r7
1000587e:	3a02      	subs	r2, #2
10005880:	f7ff fc9e 	bl	100051c0 <usbd_open_edpt_pair>
10005884:	2800      	cmp	r0, #0
10005886:	d0cc      	beq.n	10005822 <cdcd_open+0x12>
10005888:	350e      	adds	r5, #14
1000588a:	19ed      	adds	r5, r5, r7
1000588c:	b2ad      	uxth	r5, r5
1000588e:	e7e2      	b.n	10005856 <cdcd_open+0x46>
10005890:	0021      	movs	r1, r4
10005892:	0030      	movs	r0, r6
10005894:	f7ff fce2 	bl	1000525c <usbd_edpt_open>
10005898:	2800      	cmp	r0, #0
1000589a:	d0c2      	beq.n	10005822 <cdcd_open+0x12>
1000589c:	78a3      	ldrb	r3, [r4, #2]
1000589e:	707b      	strb	r3, [r7, #1]
100058a0:	7823      	ldrb	r3, [r4, #0]
100058a2:	195d      	adds	r5, r3, r5
100058a4:	18e4      	adds	r4, r4, r3
100058a6:	7862      	ldrb	r2, [r4, #1]
100058a8:	b2ad      	uxth	r5, r5
100058aa:	e7db      	b.n	10005864 <cdcd_open+0x54>
100058ac:	20001408 	.word	0x20001408
100058b0:	2000140a 	.word	0x2000140a

100058b4 <cdcd_control_xfer_cb>:
100058b4:	b5f8      	push	{r3, r4, r5, r6, r7, lr}
100058b6:	2360      	movs	r3, #96	@ 0x60
100058b8:	0014      	movs	r4, r2
100058ba:	7812      	ldrb	r2, [r2, #0]
100058bc:	0005      	movs	r5, r0
100058be:	4013      	ands	r3, r2
100058c0:	2000      	movs	r0, #0
100058c2:	2b20      	cmp	r3, #32
100058c4:	d107      	bne.n	100058d6 <cdcd_control_xfer_cb+0x22>
100058c6:	4a30      	ldr	r2, [pc, #192]	@ (10005988 <cdcd_control_xfer_cb+0xd4>)
100058c8:	7963      	ldrb	r3, [r4, #5]
100058ca:	7927      	ldrb	r7, [r4, #4]
100058cc:	7816      	ldrb	r6, [r2, #0]
100058ce:	021b      	lsls	r3, r3, #8
100058d0:	433b      	orrs	r3, r7
100058d2:	429e      	cmp	r6, r3
100058d4:	d000      	beq.n	100058d8 <cdcd_control_xfer_cb+0x24>
100058d6:	bdf8      	pop	{r3, r4, r5, r6, r7, pc}
100058d8:	7863      	ldrb	r3, [r4, #1]
100058da:	2b22      	cmp	r3, #34	@ 0x22
100058dc:	d01a      	beq.n	10005914 <cdcd_control_xfer_cb+0x60>
100058de:	d807      	bhi.n	100058f0 <cdcd_control_xfer_cb+0x3c>
100058e0:	2b20      	cmp	r3, #32
100058e2:	d034      	beq.n	1000594e <cdcd_control_xfer_cb+0x9a>
100058e4:	2b21      	cmp	r3, #33	@ 0x21
100058e6:	d1f6      	bne.n	100058d6 <cdcd_control_xfer_cb+0x22>
100058e8:	2901      	cmp	r1, #1
100058ea:	d03e      	beq.n	1000596a <cdcd_control_xfer_cb+0xb6>
100058ec:	2001      	movs	r0, #1
100058ee:	e7f2      	b.n	100058d6 <cdcd_control_xfer_cb+0x22>
100058f0:	2b23      	cmp	r3, #35	@ 0x23
100058f2:	d1f0      	bne.n	100058d6 <cdcd_control_xfer_cb+0x22>
100058f4:	2901      	cmp	r1, #1
100058f6:	d040      	beq.n	1000597a <cdcd_control_xfer_cb+0xc6>
100058f8:	2903      	cmp	r1, #3
100058fa:	d1f7      	bne.n	100058ec <cdcd_control_xfer_cb+0x38>
100058fc:	4b23      	ldr	r3, [pc, #140]	@ (1000598c <cdcd_control_xfer_cb+0xd8>)
100058fe:	2b00      	cmp	r3, #0
10005900:	d0f4      	beq.n	100058ec <cdcd_control_xfer_cb+0x38>
10005902:	78e1      	ldrb	r1, [r4, #3]
10005904:	78a3      	ldrb	r3, [r4, #2]
10005906:	0209      	lsls	r1, r1, #8
10005908:	2000      	movs	r0, #0
1000590a:	4319      	orrs	r1, r3
1000590c:	e000      	b.n	10005910 <cdcd_control_xfer_cb+0x5c>
1000590e:	bf00      	nop
10005910:	2001      	movs	r0, #1
10005912:	e7e0      	b.n	100058d6 <cdcd_control_xfer_cb+0x22>
10005914:	2901      	cmp	r1, #1
10005916:	d030      	beq.n	1000597a <cdcd_control_xfer_cb+0xc6>
10005918:	2903      	cmp	r1, #3
1000591a:	d1e7      	bne.n	100058ec <cdcd_control_xfer_cb+0x38>
1000591c:	2501      	movs	r5, #1
1000591e:	002e      	movs	r6, r5
10005920:	78a3      	ldrb	r3, [r4, #2]
10005922:	78e4      	ldrb	r4, [r4, #3]
10005924:	3902      	subs	r1, #2
10005926:	0224      	lsls	r4, r4, #8
10005928:	431c      	orrs	r4, r3
1000592a:	7114      	strb	r4, [r2, #4]
1000592c:	4026      	ands	r6, r4
1000592e:	3224      	adds	r2, #36	@ 0x24
10005930:	0010      	movs	r0, r2
10005932:	4071      	eors	r1, r6
10005934:	f000 fe00 	bl	10006538 <tu_fifo_set_overwritable>
10005938:	4b15      	ldr	r3, [pc, #84]	@ (10005990 <cdcd_control_xfer_cb+0xdc>)
1000593a:	2b00      	cmp	r3, #0
1000593c:	d0d6      	beq.n	100058ec <cdcd_control_xfer_cb+0x38>
1000593e:	0862      	lsrs	r2, r4, #1
10005940:	2000      	movs	r0, #0
10005942:	0031      	movs	r1, r6
10005944:	402a      	ands	r2, r5
10005946:	e000      	b.n	1000594a <cdcd_control_xfer_cb+0x96>
10005948:	bf00      	nop
1000594a:	2001      	movs	r0, #1
1000594c:	e7c3      	b.n	100058d6 <cdcd_control_xfer_cb+0x22>
1000594e:	2901      	cmp	r1, #1
10005950:	d00b      	beq.n	1000596a <cdcd_control_xfer_cb+0xb6>
10005952:	2903      	cmp	r1, #3
10005954:	d1ca      	bne.n	100058ec <cdcd_control_xfer_cb+0x38>
10005956:	4b0f      	ldr	r3, [pc, #60]	@ (10005994 <cdcd_control_xfer_cb+0xe0>)
10005958:	2b00      	cmp	r3, #0
1000595a:	d0c7      	beq.n	100058ec <cdcd_control_xfer_cb+0x38>
1000595c:	3208      	adds	r2, #8
1000595e:	2000      	movs	r0, #0
10005960:	0011      	movs	r1, r2
10005962:	f7fe faad 	bl	10003ec0 <tud_cdc_line_coding_cb>
10005966:	2001      	movs	r0, #1
10005968:	e7b5      	b.n	100058d6 <cdcd_control_xfer_cb+0x22>
1000596a:	2307      	movs	r3, #7
1000596c:	0021      	movs	r1, r4
1000596e:	0028      	movs	r0, r5
10005970:	4a09      	ldr	r2, [pc, #36]	@ (10005998 <cdcd_control_xfer_cb+0xe4>)
10005972:	f7ff fcf1 	bl	10005358 <tud_control_xfer>
10005976:	2001      	movs	r0, #1
10005978:	e7ad      	b.n	100058d6 <cdcd_control_xfer_cb+0x22>
1000597a:	0021      	movs	r1, r4
1000597c:	0028      	movs	r0, r5
1000597e:	f7ff fcd5 	bl	1000532c <tud_control_status>
10005982:	2001      	movs	r0, #1
10005984:	e7a7      	b.n	100058d6 <cdcd_control_xfer_cb+0x22>
10005986:	46c0      	nop			@ (mov r8, r8)
10005988:	20001408 	.word	0x20001408
	...
10005994:	10003ec1 	.word	0x10003ec1
10005998:	20001410 	.word	0x20001410

1000599c <cdcd_xfer_cb>:
1000599c:	b5f0      	push	{r4, r5, r6, r7, lr}
1000599e:	464f      	mov	r7, r9
100059a0:	4646      	mov	r6, r8
100059a2:	46d6      	mov	lr, sl
100059a4:	b5c0      	push	{r6, r7, lr}
100059a6:	4d36      	ldr	r5, [pc, #216]	@ (10005a80 <cdcd_xfer_cb+0xe4>)
100059a8:	4680      	mov	r8, r0
100059aa:	78ea      	ldrb	r2, [r5, #3]
100059ac:	000c      	movs	r4, r1
100059ae:	001f      	movs	r7, r3
100059b0:	428a      	cmp	r2, r1
100059b2:	d03c      	beq.n	10005a2e <cdcd_xfer_cb+0x92>
100059b4:	78ab      	ldrb	r3, [r5, #2]
100059b6:	428b      	cmp	r3, r1
100059b8:	d010      	beq.n	100059dc <cdcd_xfer_cb+0x40>
100059ba:	2000      	movs	r0, #0
100059bc:	bce0      	pop	{r5, r6, r7}
100059be:	46ba      	mov	sl, r7
100059c0:	46b1      	mov	r9, r6
100059c2:	46a8      	mov	r8, r5
100059c4:	bdf0      	pop	{r4, r5, r6, r7, pc}
100059c6:	4b2f      	ldr	r3, [pc, #188]	@ (10005a84 <cdcd_xfer_cb+0xe8>)
100059c8:	2b00      	cmp	r3, #0
100059ca:	d004      	beq.n	100059d6 <cdcd_xfer_cb+0x3a>
100059cc:	482e      	ldr	r0, [pc, #184]	@ (10005a88 <cdcd_xfer_cb+0xec>)
100059ce:	f000 fbad 	bl	1000612c <tu_fifo_empty>
100059d2:	2800      	cmp	r0, #0
100059d4:	d051      	beq.n	10005a7a <cdcd_xfer_cb+0xde>
100059d6:	2000      	movs	r0, #0
100059d8:	f7ff fda6 	bl	10005528 <_prep_out_transaction.isra.0>
100059dc:	78ab      	ldrb	r3, [r5, #2]
100059de:	42a3      	cmp	r3, r4
100059e0:	d001      	beq.n	100059e6 <cdcd_xfer_cb+0x4a>
100059e2:	2001      	movs	r0, #1
100059e4:	e7ea      	b.n	100059bc <cdcd_xfer_cb+0x20>
100059e6:	4b29      	ldr	r3, [pc, #164]	@ (10005a8c <cdcd_xfer_cb+0xf0>)
100059e8:	2b00      	cmp	r3, #0
100059ea:	d002      	beq.n	100059f2 <cdcd_xfer_cb+0x56>
100059ec:	2000      	movs	r0, #0
100059ee:	e000      	b.n	100059f2 <cdcd_xfer_cb+0x56>
100059f0:	bf00      	nop
100059f2:	2000      	movs	r0, #0
100059f4:	f7ff fe32 	bl	1000565c <tud_cdc_n_write_flush>
100059f8:	2800      	cmp	r0, #0
100059fa:	d1f2      	bne.n	100059e2 <cdcd_xfer_cb+0x46>
100059fc:	4c24      	ldr	r4, [pc, #144]	@ (10005a90 <cdcd_xfer_cb+0xf4>)
100059fe:	0020      	movs	r0, r4
10005a00:	f000 fb7e 	bl	10006100 <tu_fifo_count>
10005a04:	2800      	cmp	r0, #0
10005a06:	d1ec      	bne.n	100059e2 <cdcd_xfer_cb+0x46>
10005a08:	2f00      	cmp	r7, #0
10005a0a:	d0ea      	beq.n	100059e2 <cdcd_xfer_cb+0x46>
10005a0c:	06bf      	lsls	r7, r7, #26
10005a0e:	d1e8      	bne.n	100059e2 <cdcd_xfer_cb+0x46>
10005a10:	3c24      	subs	r4, #36	@ 0x24
10005a12:	4640      	mov	r0, r8
10005a14:	78a1      	ldrb	r1, [r4, #2]
10005a16:	f7ff fc3b 	bl	10005290 <usbd_edpt_claim>
10005a1a:	2800      	cmp	r0, #0
10005a1c:	d0e1      	beq.n	100059e2 <cdcd_xfer_cb+0x46>
10005a1e:	2300      	movs	r3, #0
10005a20:	2200      	movs	r2, #0
10005a22:	4640      	mov	r0, r8
10005a24:	78a1      	ldrb	r1, [r4, #2]
10005a26:	f7ff fc5b 	bl	100052e0 <usbd_edpt_xfer>
10005a2a:	2001      	movs	r0, #1
10005a2c:	e7c6      	b.n	100059bc <cdcd_xfer_cb+0x20>
10005a2e:	b29a      	uxth	r2, r3
10005a30:	2310      	movs	r3, #16
10005a32:	469a      	mov	sl, r3
10005a34:	4e17      	ldr	r6, [pc, #92]	@ (10005a94 <cdcd_xfer_cb+0xf8>)
10005a36:	44aa      	add	sl, r5
10005a38:	0031      	movs	r1, r6
10005a3a:	4650      	mov	r0, sl
10005a3c:	f000 fca8 	bl	10006390 <tu_fifo_write_n>
10005a40:	4b15      	ldr	r3, [pc, #84]	@ (10005a98 <cdcd_xfer_cb+0xfc>)
10005a42:	2b00      	cmp	r3, #0
10005a44:	d0bf      	beq.n	100059c6 <cdcd_xfer_cb+0x2a>
10005a46:	796b      	ldrb	r3, [r5, #5]
10005a48:	2bff      	cmp	r3, #255	@ 0xff
10005a4a:	d0bc      	beq.n	100059c6 <cdcd_xfer_cb+0x2a>
10005a4c:	2f00      	cmp	r7, #0
10005a4e:	d0ba      	beq.n	100059c6 <cdcd_xfer_cb+0x2a>
10005a50:	19f2      	adds	r2, r6, r7
10005a52:	4691      	mov	r9, r2
10005a54:	e003      	b.n	10005a5e <cdcd_xfer_cb+0xc2>
10005a56:	3601      	adds	r6, #1
10005a58:	454e      	cmp	r6, r9
10005a5a:	d0b4      	beq.n	100059c6 <cdcd_xfer_cb+0x2a>
10005a5c:	796b      	ldrb	r3, [r5, #5]
10005a5e:	7832      	ldrb	r2, [r6, #0]
10005a60:	429a      	cmp	r2, r3
10005a62:	d1f8      	bne.n	10005a56 <cdcd_xfer_cb+0xba>
10005a64:	4650      	mov	r0, sl
10005a66:	f000 fb61 	bl	1000612c <tu_fifo_empty>
10005a6a:	2800      	cmp	r0, #0
10005a6c:	d1f3      	bne.n	10005a56 <cdcd_xfer_cb+0xba>
10005a6e:	4653      	mov	r3, sl
10005a70:	3b10      	subs	r3, #16
10005a72:	7959      	ldrb	r1, [r3, #5]
10005a74:	e000      	b.n	10005a78 <cdcd_xfer_cb+0xdc>
10005a76:	bf00      	nop
10005a78:	e7ed      	b.n	10005a56 <cdcd_xfer_cb+0xba>
10005a7a:	e000      	b.n	10005a7e <cdcd_xfer_cb+0xe2>
10005a7c:	bf00      	nop
10005a7e:	e7aa      	b.n	100059d6 <cdcd_xfer_cb+0x3a>
10005a80:	20001408 	.word	0x20001408
10005a84:	00000000 	.word	0x00000000
10005a88:	20001418 	.word	0x20001418
10005a8c:	00000000 	.word	0x00000000
10005a90:	2000142c 	.word	0x2000142c
10005a94:	20001384 	.word	0x20001384
10005a98:	00000000 	.word	0x00000000

10005a9c <vendord_init>:
10005a9c:	2293      	movs	r2, #147	@ 0x93
10005a9e:	b5f0      	push	{r4, r5, r6, r7, lr}
10005aa0:	4c13      	ldr	r4, [pc, #76]	@ (10005af0 <vendord_init+0x54>)
10005aa2:	b085      	sub	sp, #20
10005aa4:	2100      	movs	r1, #0
10005aa6:	0020      	movs	r0, r4
10005aa8:	0092      	lsls	r2, r2, #2
10005aaa:	f7fc faf1 	bl	10002090 <__wrap_memset>
10005aae:	0023      	movs	r3, r4
10005ab0:	0020      	movs	r0, r4
10005ab2:	2680      	movs	r6, #128	@ 0x80
10005ab4:	2740      	movs	r7, #64	@ 0x40
10005ab6:	4d0f      	ldr	r5, [pc, #60]	@ (10005af4 <vendord_init+0x58>)
10005ab8:	334d      	adds	r3, #77	@ 0x4d
10005aba:	0076      	lsls	r6, r6, #1
10005abc:	33ff      	adds	r3, #255	@ 0xff
10005abe:	3029      	adds	r0, #41	@ 0x29
10005ac0:	9502      	str	r5, [sp, #8]
10005ac2:	9300      	str	r3, [sp, #0]
10005ac4:	2200      	movs	r2, #0
10005ac6:	2300      	movs	r3, #0
10005ac8:	2100      	movs	r1, #0
10005aca:	9703      	str	r7, [sp, #12]
10005acc:	9601      	str	r6, [sp, #4]
10005ace:	30ff      	adds	r0, #255	@ 0xff
10005ad0:	f000 f9d4 	bl	10005e7c <tu_edpt_stream_init>
10005ad4:	3540      	adds	r5, #64	@ 0x40
10005ad6:	1d20      	adds	r0, r4, #4
10005ad8:	3428      	adds	r4, #40	@ 0x28
10005ada:	2300      	movs	r3, #0
10005adc:	2201      	movs	r2, #1
10005ade:	2100      	movs	r1, #0
10005ae0:	9703      	str	r7, [sp, #12]
10005ae2:	9502      	str	r5, [sp, #8]
10005ae4:	9601      	str	r6, [sp, #4]
10005ae6:	9400      	str	r4, [sp, #0]
10005ae8:	f000 f9c8 	bl	10005e7c <tu_edpt_stream_init>
10005aec:	b005      	add	sp, #20
10005aee:	bdf0      	pop	{r4, r5, r6, r7, pc}
10005af0:	200016cc 	.word	0x200016cc
10005af4:	2000164c 	.word	0x2000164c

10005af8 <vendord_deinit>:
10005af8:	b510      	push	{r4, lr}
10005afa:	4c05      	ldr	r4, [pc, #20]	@ (10005b10 <vendord_deinit+0x18>)
10005afc:	0020      	movs	r0, r4
10005afe:	f000 f9f3 	bl	10005ee8 <tu_edpt_stream_deinit>
10005b02:	0020      	movs	r0, r4
10005b04:	3825      	subs	r0, #37	@ 0x25
10005b06:	38ff      	subs	r0, #255	@ 0xff
10005b08:	f000 f9ee 	bl	10005ee8 <tu_edpt_stream_deinit>
10005b0c:	2001      	movs	r0, #1
10005b0e:	bd10      	pop	{r4, pc}
10005b10:	200017f4 	.word	0x200017f4

10005b14 <vendord_reset>:
10005b14:	b570      	push	{r4, r5, r6, lr}
10005b16:	4c08      	ldr	r4, [pc, #32]	@ (10005b38 <vendord_reset+0x24>)
10005b18:	2500      	movs	r5, #0
10005b1a:	0020      	movs	r0, r4
10005b1c:	3031      	adds	r0, #49	@ 0x31
10005b1e:	30ff      	adds	r0, #255	@ 0xff
10005b20:	7025      	strb	r5, [r4, #0]
10005b22:	f000 fce9 	bl	100064f8 <tu_fifo_clear>
10005b26:	0020      	movs	r0, r4
10005b28:	300c      	adds	r0, #12
10005b2a:	f000 fce5 	bl	100064f8 <tu_fifo_clear>
10005b2e:	232a      	movs	r3, #42	@ 0x2a
10005b30:	33ff      	adds	r3, #255	@ 0xff
10005b32:	54e5      	strb	r5, [r4, r3]
10005b34:	7165      	strb	r5, [r4, #5]
10005b36:	bd70      	pop	{r4, r5, r6, pc}
10005b38:	200016cc 	.word	0x200016cc

10005b3c <vendord_open>:
10005b3c:	b5f8      	push	{r3, r4, r5, r6, r7, lr}
10005b3e:	4657      	mov	r7, sl
10005b40:	4645      	mov	r5, r8
10005b42:	46de      	mov	lr, fp
10005b44:	464e      	mov	r6, r9
10005b46:	b5e0      	push	{r5, r6, r7, lr}
10005b48:	794b      	ldrb	r3, [r1, #5]
10005b4a:	4680      	mov	r8, r0
10005b4c:	000f      	movs	r7, r1
10005b4e:	2bff      	cmp	r3, #255	@ 0xff
10005b50:	d15b      	bne.n	10005c0a <vendord_open+0xce>
10005b52:	4b40      	ldr	r3, [pc, #256]	@ (10005c54 <vendord_open+0x118>)
10005b54:	4699      	mov	r9, r3
10005b56:	232a      	movs	r3, #42	@ 0x2a
10005b58:	4649      	mov	r1, r9
10005b5a:	33ff      	adds	r3, #255	@ 0xff
10005b5c:	5ccb      	ldrb	r3, [r1, r3]
10005b5e:	2b00      	cmp	r3, #0
10005b60:	d153      	bne.n	10005c0a <vendord_open+0xce>
10005b62:	794e      	ldrb	r6, [r1, #5]
10005b64:	2e00      	cmp	r6, #0
10005b66:	d150      	bne.n	10005c0a <vendord_open+0xce>
10005b68:	78bb      	ldrb	r3, [r7, #2]
10005b6a:	783c      	ldrb	r4, [r7, #0]
10005b6c:	700b      	strb	r3, [r1, #0]
10005b6e:	793b      	ldrb	r3, [r7, #4]
10005b70:	193c      	adds	r4, r7, r4
10005b72:	2b00      	cmp	r3, #0
10005b74:	d046      	beq.n	10005c04 <vendord_open+0xc8>
10005b76:	2398      	movs	r3, #152	@ 0x98
10005b78:	005b      	lsls	r3, r3, #1
10005b7a:	444b      	add	r3, r9
10005b7c:	469a      	mov	sl, r3
10005b7e:	230c      	movs	r3, #12
10005b80:	444b      	add	r3, r9
10005b82:	469b      	mov	fp, r3
10005b84:	18a5      	adds	r5, r4, r2
10005b86:	e003      	b.n	10005b90 <vendord_open+0x54>
10005b88:	42ac      	cmp	r4, r5
10005b8a:	d23b      	bcs.n	10005c04 <vendord_open+0xc8>
10005b8c:	7823      	ldrb	r3, [r4, #0]
10005b8e:	18e4      	adds	r4, r4, r3
10005b90:	7863      	ldrb	r3, [r4, #1]
10005b92:	2b05      	cmp	r3, #5
10005b94:	d1f8      	bne.n	10005b88 <vendord_open+0x4c>
10005b96:	42ac      	cmp	r4, r5
10005b98:	d234      	bcs.n	10005c04 <vendord_open+0xc8>
10005b9a:	0021      	movs	r1, r4
10005b9c:	4640      	mov	r0, r8
10005b9e:	f7ff fb5d 	bl	1000525c <usbd_edpt_open>
10005ba2:	2800      	cmp	r0, #0
10005ba4:	d031      	beq.n	10005c0a <vendord_open+0xce>
10005ba6:	78a3      	ldrb	r3, [r4, #2]
10005ba8:	3601      	adds	r6, #1
10005baa:	b2f6      	uxtb	r6, r6
10005bac:	09db      	lsrs	r3, r3, #7
10005bae:	2b01      	cmp	r3, #1
10005bb0:	d032      	beq.n	10005c18 <vendord_open+0xdc>
10005bb2:	4650      	mov	r0, sl
10005bb4:	f000 fca0 	bl	100064f8 <tu_fifo_clear>
10005bb8:	232a      	movs	r3, #42	@ 0x2a
10005bba:	4649      	mov	r1, r9
10005bbc:	78a2      	ldrb	r2, [r4, #2]
10005bbe:	33ff      	adds	r3, #255	@ 0xff
10005bc0:	54ca      	strb	r2, [r1, r3]
10005bc2:	7963      	ldrb	r3, [r4, #5]
10005bc4:	7922      	ldrb	r2, [r4, #4]
10005bc6:	021b      	lsls	r3, r3, #8
10005bc8:	4313      	orrs	r3, r2
10005bca:	4a23      	ldr	r2, [pc, #140]	@ (10005c58 <vendord_open+0x11c>)
10005bcc:	055b      	lsls	r3, r3, #21
10005bce:	4694      	mov	ip, r2
10005bd0:	0d5b      	lsrs	r3, r3, #21
10005bd2:	2194      	movs	r1, #148	@ 0x94
10005bd4:	4463      	add	r3, ip
10005bd6:	425a      	negs	r2, r3
10005bd8:	4153      	adcs	r3, r2
10005bda:	464a      	mov	r2, r9
10005bdc:	2002      	movs	r0, #2
10005bde:	0049      	lsls	r1, r1, #1
10005be0:	5c52      	ldrb	r2, [r2, r1]
10005be2:	005b      	lsls	r3, r3, #1
10005be4:	4382      	bics	r2, r0
10005be6:	4313      	orrs	r3, r2
10005be8:	464a      	mov	r2, r9
10005bea:	5453      	strb	r3, [r2, r1]
10005bec:	4651      	mov	r1, sl
10005bee:	4640      	mov	r0, r8
10005bf0:	3908      	subs	r1, #8
10005bf2:	f000 f9e3 	bl	10005fbc <tu_edpt_stream_read_xfer>
10005bf6:	2800      	cmp	r0, #0
10005bf8:	d007      	beq.n	10005c0a <vendord_open+0xce>
10005bfa:	7823      	ldrb	r3, [r4, #0]
10005bfc:	18e4      	adds	r4, r4, r3
10005bfe:	793b      	ldrb	r3, [r7, #4]
10005c00:	42b3      	cmp	r3, r6
10005c02:	d8c5      	bhi.n	10005b90 <vendord_open+0x54>
10005c04:	1be0      	subs	r0, r4, r7
10005c06:	b280      	uxth	r0, r0
10005c08:	e000      	b.n	10005c0c <vendord_open+0xd0>
10005c0a:	2000      	movs	r0, #0
10005c0c:	bcf0      	pop	{r4, r5, r6, r7}
10005c0e:	46bb      	mov	fp, r7
10005c10:	46b2      	mov	sl, r6
10005c12:	46a9      	mov	r9, r5
10005c14:	46a0      	mov	r8, r4
10005c16:	bdf8      	pop	{r3, r4, r5, r6, r7, pc}
10005c18:	4658      	mov	r0, fp
10005c1a:	f000 fc6d 	bl	100064f8 <tu_fifo_clear>
10005c1e:	465a      	mov	r2, fp
10005c20:	78a3      	ldrb	r3, [r4, #2]
10005c22:	3a0c      	subs	r2, #12
10005c24:	7153      	strb	r3, [r2, #5]
10005c26:	7963      	ldrb	r3, [r4, #5]
10005c28:	7921      	ldrb	r1, [r4, #4]
10005c2a:	021b      	lsls	r3, r3, #8
10005c2c:	430b      	orrs	r3, r1
10005c2e:	490a      	ldr	r1, [pc, #40]	@ (10005c58 <vendord_open+0x11c>)
10005c30:	055b      	lsls	r3, r3, #21
10005c32:	468c      	mov	ip, r1
10005c34:	0d5b      	lsrs	r3, r3, #21
10005c36:	4463      	add	r3, ip
10005c38:	4259      	negs	r1, r3
10005c3a:	414b      	adcs	r3, r1
10005c3c:	2002      	movs	r0, #2
10005c3e:	7911      	ldrb	r1, [r2, #4]
10005c40:	005b      	lsls	r3, r3, #1
10005c42:	4381      	bics	r1, r0
10005c44:	430b      	orrs	r3, r1
10005c46:	4659      	mov	r1, fp
10005c48:	2000      	movs	r0, #0
10005c4a:	3908      	subs	r1, #8
10005c4c:	7113      	strb	r3, [r2, #4]
10005c4e:	f000 f981 	bl	10005f54 <tu_edpt_stream_write_xfer>
10005c52:	e7d2      	b.n	10005bfa <vendord_open+0xbe>
10005c54:	200016cc 	.word	0x200016cc
10005c58:	fffffe00 	.word	0xfffffe00

10005c5c <vendord_xfer_cb>:
10005c5c:	b5f8      	push	{r3, r4, r5, r6, r7, lr}
10005c5e:	252a      	movs	r5, #42	@ 0x2a
10005c60:	0006      	movs	r6, r0
10005c62:	481f      	ldr	r0, [pc, #124]	@ (10005ce0 <vendord_xfer_cb+0x84>)
10005c64:	35ff      	adds	r5, #255	@ 0xff
10005c66:	5d45      	ldrb	r5, [r0, r5]
10005c68:	001f      	movs	r7, r3
10005c6a:	428d      	cmp	r5, r1
10005c6c:	d015      	beq.n	10005c9a <vendord_xfer_cb+0x3e>
10005c6e:	7943      	ldrb	r3, [r0, #5]
10005c70:	428b      	cmp	r3, r1
10005c72:	d001      	beq.n	10005c78 <vendord_xfer_cb+0x1c>
10005c74:	2000      	movs	r0, #0
10005c76:	bdf8      	pop	{r3, r4, r5, r6, r7, pc}
10005c78:	4b1a      	ldr	r3, [pc, #104]	@ (10005ce4 <vendord_xfer_cb+0x88>)
10005c7a:	2b00      	cmp	r3, #0
10005c7c:	d004      	beq.n	10005c88 <vendord_xfer_cb+0x2c>
10005c7e:	0439      	lsls	r1, r7, #16
10005c80:	2000      	movs	r0, #0
10005c82:	0c09      	lsrs	r1, r1, #16
10005c84:	e000      	b.n	10005c88 <vendord_xfer_cb+0x2c>
10005c86:	bf00      	nop
10005c88:	4c17      	ldr	r4, [pc, #92]	@ (10005ce8 <vendord_xfer_cb+0x8c>)
10005c8a:	0030      	movs	r0, r6
10005c8c:	0021      	movs	r1, r4
10005c8e:	f000 f961 	bl	10005f54 <tu_edpt_stream_write_xfer>
10005c92:	2800      	cmp	r0, #0
10005c94:	d01d      	beq.n	10005cd2 <vendord_xfer_cb+0x76>
10005c96:	2001      	movs	r0, #1
10005c98:	e7ed      	b.n	10005c76 <vendord_xfer_cb+0x1a>
10005c9a:	239a      	movs	r3, #154	@ 0x9a
10005c9c:	005b      	lsls	r3, r3, #1
10005c9e:	5ac3      	ldrh	r3, [r0, r3]
10005ca0:	2b00      	cmp	r3, #0
10005ca2:	d10d      	bne.n	10005cc0 <vendord_xfer_cb+0x64>
10005ca4:	4b11      	ldr	r3, [pc, #68]	@ (10005cec <vendord_xfer_cb+0x90>)
10005ca6:	2b00      	cmp	r3, #0
10005ca8:	d004      	beq.n	10005cb4 <vendord_xfer_cb+0x58>
10005caa:	2000      	movs	r0, #0
10005cac:	4910      	ldr	r1, [pc, #64]	@ (10005cf0 <vendord_xfer_cb+0x94>)
10005cae:	b2ba      	uxth	r2, r7
10005cb0:	e000      	b.n	10005cb4 <vendord_xfer_cb+0x58>
10005cb2:	bf00      	nop
10005cb4:	0030      	movs	r0, r6
10005cb6:	490f      	ldr	r1, [pc, #60]	@ (10005cf4 <vendord_xfer_cb+0x98>)
10005cb8:	f000 f980 	bl	10005fbc <tu_edpt_stream_read_xfer>
10005cbc:	2001      	movs	r0, #1
10005cbe:	e7da      	b.n	10005c76 <vendord_xfer_cb+0x1a>
10005cc0:	2396      	movs	r3, #150	@ 0x96
10005cc2:	005b      	lsls	r3, r3, #1
10005cc4:	58c1      	ldr	r1, [r0, r3]
10005cc6:	3031      	adds	r0, #49	@ 0x31
10005cc8:	b2ba      	uxth	r2, r7
10005cca:	30ff      	adds	r0, #255	@ 0xff
10005ccc:	f000 fb60 	bl	10006390 <tu_fifo_write_n>
10005cd0:	e7e8      	b.n	10005ca4 <vendord_xfer_cb+0x48>
10005cd2:	003a      	movs	r2, r7
10005cd4:	0021      	movs	r1, r4
10005cd6:	0030      	movs	r0, r6
10005cd8:	f000 f908 	bl	10005eec <tu_edpt_stream_write_zlp_if_needed>
10005cdc:	2001      	movs	r0, #1
10005cde:	e7ca      	b.n	10005c76 <vendord_xfer_cb+0x1a>
10005ce0:	200016cc 	.word	0x200016cc
10005ce4:	00000000 	.word	0x00000000
10005ce8:	200016d0 	.word	0x200016d0
10005cec:	00000000 	.word	0x00000000
10005cf0:	2000164c 	.word	0x2000164c
10005cf4:	200017f4 	.word	0x200017f4

10005cf8 <tusb_rhport_init>:
10005cf8:	b500      	push	{lr}
10005cfa:	0003      	movs	r3, r0
10005cfc:	b083      	sub	sp, #12
10005cfe:	2900      	cmp	r1, #0
10005d00:	d010      	beq.n	10005d24 <tusb_rhport_init+0x2c>
10005d02:	2000      	movs	r0, #0
10005d04:	2b01      	cmp	r3, #1
10005d06:	d807      	bhi.n	10005d18 <tusb_rhport_init+0x20>
10005d08:	780a      	ldrb	r2, [r1, #0]
10005d0a:	2a00      	cmp	r2, #0
10005d0c:	d004      	beq.n	10005d18 <tusb_rhport_init+0x20>
10005d0e:	480c      	ldr	r0, [pc, #48]	@ (10005d40 <tusb_rhport_init+0x48>)
10005d10:	54c2      	strb	r2, [r0, r3]
10005d12:	2001      	movs	r0, #1
10005d14:	2a01      	cmp	r2, #1
10005d16:	d001      	beq.n	10005d1c <tusb_rhport_init+0x24>
10005d18:	b003      	add	sp, #12
10005d1a:	bd00      	pop	{pc}
10005d1c:	0018      	movs	r0, r3
10005d1e:	f7fe fdd5 	bl	100048cc <tud_rhport_init>
10005d22:	e7f9      	b.n	10005d18 <tusb_rhport_init+0x20>
10005d24:	2301      	movs	r3, #1
10005d26:	466a      	mov	r2, sp
10005d28:	2000      	movs	r0, #0
10005d2a:	a901      	add	r1, sp, #4
10005d2c:	8093      	strh	r3, [r2, #4]
10005d2e:	f7fe fdcd 	bl	100048cc <tud_rhport_init>
10005d32:	2800      	cmp	r0, #0
10005d34:	d0f0      	beq.n	10005d18 <tusb_rhport_init+0x20>
10005d36:	2201      	movs	r2, #1
10005d38:	4b01      	ldr	r3, [pc, #4]	@ (10005d40 <tusb_rhport_init+0x48>)
10005d3a:	701a      	strb	r2, [r3, #0]
10005d3c:	e7ec      	b.n	10005d18 <tusb_rhport_init+0x20>
10005d3e:	46c0      	nop			@ (mov r8, r8)
10005d40:	20001524 	.word	0x20001524

10005d44 <tu_edpt_claim>:
10005d44:	7803      	ldrb	r3, [r0, #0]
10005d46:	b570      	push	{r4, r5, r6, lr}
10005d48:	07db      	lsls	r3, r3, #31
10005d4a:	0004      	movs	r4, r0
10005d4c:	000e      	movs	r6, r1
10005d4e:	0fdd      	lsrs	r5, r3, #31
10005d50:	2b00      	cmp	r3, #0
10005d52:	d117      	bne.n	10005d84 <tu_edpt_claim+0x40>
10005d54:	7803      	ldrb	r3, [r0, #0]
10005d56:	075b      	lsls	r3, r3, #29
10005d58:	d501      	bpl.n	10005d5e <tu_edpt_claim+0x1a>
10005d5a:	0028      	movs	r0, r5
10005d5c:	bd70      	pop	{r4, r5, r6, pc}
10005d5e:	2101      	movs	r1, #1
10005d60:	0030      	movs	r0, r6
10005d62:	4249      	negs	r1, r1
10005d64:	f003 fe18 	bl	10009998 <__mutex_enter_timeout_ms_veneer>
10005d68:	7823      	ldrb	r3, [r4, #0]
10005d6a:	07db      	lsls	r3, r3, #31
10005d6c:	0fdd      	lsrs	r5, r3, #31
10005d6e:	2b00      	cmp	r3, #0
10005d70:	d10a      	bne.n	10005d88 <tu_edpt_claim+0x44>
10005d72:	7823      	ldrb	r3, [r4, #0]
10005d74:	075b      	lsls	r3, r3, #29
10005d76:	d408      	bmi.n	10005d8a <tu_edpt_claim+0x46>
10005d78:	2204      	movs	r2, #4
10005d7a:	7823      	ldrb	r3, [r4, #0]
10005d7c:	2501      	movs	r5, #1
10005d7e:	4313      	orrs	r3, r2
10005d80:	7023      	strb	r3, [r4, #0]
10005d82:	e002      	b.n	10005d8a <tu_edpt_claim+0x46>
10005d84:	2500      	movs	r5, #0
10005d86:	e7e8      	b.n	10005d5a <tu_edpt_claim+0x16>
10005d88:	2500      	movs	r5, #0
10005d8a:	0030      	movs	r0, r6
10005d8c:	f003 fdd4 	bl	10009938 <__mutex_exit_veneer>
10005d90:	e7e3      	b.n	10005d5a <tu_edpt_claim+0x16>
10005d92:	46c0      	nop			@ (mov r8, r8)

10005d94 <tu_edpt_release>:
10005d94:	b570      	push	{r4, r5, r6, lr}
10005d96:	000c      	movs	r4, r1
10005d98:	2101      	movs	r1, #1
10005d9a:	0006      	movs	r6, r0
10005d9c:	4249      	negs	r1, r1
10005d9e:	0020      	movs	r0, r4
10005da0:	f003 fdfa 	bl	10009998 <__mutex_enter_timeout_ms_veneer>
10005da4:	7833      	ldrb	r3, [r6, #0]
10005da6:	075b      	lsls	r3, r3, #29
10005da8:	0fdd      	lsrs	r5, r3, #31
10005daa:	2b00      	cmp	r3, #0
10005dac:	db04      	blt.n	10005db8 <tu_edpt_release+0x24>
10005dae:	0020      	movs	r0, r4
10005db0:	f003 fdc2 	bl	10009938 <__mutex_exit_veneer>
10005db4:	0028      	movs	r0, r5
10005db6:	bd70      	pop	{r4, r5, r6, pc}
10005db8:	7833      	ldrb	r3, [r6, #0]
10005dba:	07db      	lsls	r3, r3, #31
10005dbc:	d404      	bmi.n	10005dc8 <tu_edpt_release+0x34>
10005dbe:	2204      	movs	r2, #4
10005dc0:	7833      	ldrb	r3, [r6, #0]
10005dc2:	4393      	bics	r3, r2
10005dc4:	7033      	strb	r3, [r6, #0]
10005dc6:	e7f2      	b.n	10005dae <tu_edpt_release+0x1a>
10005dc8:	2500      	movs	r5, #0
10005dca:	e7f0      	b.n	10005dae <tu_edpt_release+0x1a>

10005dcc <tu_edpt_validate>:
10005dcc:	7943      	ldrb	r3, [r0, #5]
10005dce:	7902      	ldrb	r2, [r0, #4]
10005dd0:	021b      	lsls	r3, r3, #8
10005dd2:	4313      	orrs	r3, r2
10005dd4:	78c2      	ldrb	r2, [r0, #3]
10005dd6:	055b      	lsls	r3, r3, #21
10005dd8:	0792      	lsls	r2, r2, #30
10005dda:	0d5b      	lsrs	r3, r3, #21
10005ddc:	0f92      	lsrs	r2, r2, #30
10005dde:	2a02      	cmp	r2, #2
10005de0:	d01d      	beq.n	10005e1e <tu_edpt_validate+0x52>
10005de2:	2a03      	cmp	r2, #3
10005de4:	d00c      	beq.n	10005e00 <tu_edpt_validate+0x34>
10005de6:	2000      	movs	r0, #0
10005de8:	2a01      	cmp	r2, #1
10005dea:	d108      	bne.n	10005dfe <tu_edpt_validate+0x32>
10005dec:	3902      	subs	r1, #2
10005dee:	424a      	negs	r2, r1
10005df0:	4151      	adcs	r1, r2
10005df2:	4a12      	ldr	r2, [pc, #72]	@ (10005e3c <tu_edpt_validate+0x70>)
10005df4:	4694      	mov	ip, r2
10005df6:	4461      	add	r1, ip
10005df8:	4299      	cmp	r1, r3
10005dfa:	4140      	adcs	r0, r0
10005dfc:	b2c0      	uxtb	r0, r0
10005dfe:	4770      	bx	lr
10005e00:	3902      	subs	r1, #2
10005e02:	1e4a      	subs	r2, r1, #1
10005e04:	4191      	sbcs	r1, r2
10005e06:	4a0e      	ldr	r2, [pc, #56]	@ (10005e40 <tu_edpt_validate+0x74>)
10005e08:	4249      	negs	r1, r1
10005e0a:	4011      	ands	r1, r2
10005e0c:	2280      	movs	r2, #128	@ 0x80
10005e0e:	00d2      	lsls	r2, r2, #3
10005e10:	4694      	mov	ip, r2
10005e12:	2000      	movs	r0, #0
10005e14:	4461      	add	r1, ip
10005e16:	4299      	cmp	r1, r3
10005e18:	4140      	adcs	r0, r0
10005e1a:	b2c0      	uxtb	r0, r0
10005e1c:	e7ef      	b.n	10005dfe <tu_edpt_validate+0x32>
10005e1e:	2902      	cmp	r1, #2
10005e20:	d005      	beq.n	10005e2e <tu_edpt_validate+0x62>
10005e22:	2000      	movs	r0, #0
10005e24:	2240      	movs	r2, #64	@ 0x40
10005e26:	429a      	cmp	r2, r3
10005e28:	4140      	adcs	r0, r0
10005e2a:	b2c0      	uxtb	r0, r0
10005e2c:	e7e7      	b.n	10005dfe <tu_edpt_validate+0x32>
10005e2e:	4a05      	ldr	r2, [pc, #20]	@ (10005e44 <tu_edpt_validate+0x78>)
10005e30:	1898      	adds	r0, r3, r2
10005e32:	4243      	negs	r3, r0
10005e34:	4158      	adcs	r0, r3
10005e36:	b2c0      	uxtb	r0, r0
10005e38:	e7e1      	b.n	10005dfe <tu_edpt_validate+0x32>
10005e3a:	46c0      	nop			@ (mov r8, r8)
10005e3c:	000003ff 	.word	0x000003ff
10005e40:	fffffc40 	.word	0xfffffc40
10005e44:	fffffe00 	.word	0xfffffe00

10005e48 <tu_edpt_bind_driver>:
10005e48:	188a      	adds	r2, r1, r2
10005e4a:	b570      	push	{r4, r5, r6, lr}
10005e4c:	4291      	cmp	r1, r2
10005e4e:	d207      	bcs.n	10005e60 <tu_edpt_bind_driver+0x18>
10005e50:	267f      	movs	r6, #127	@ 0x7f
10005e52:	784c      	ldrb	r4, [r1, #1]
10005e54:	2c05      	cmp	r4, #5
10005e56:	d004      	beq.n	10005e62 <tu_edpt_bind_driver+0x1a>
10005e58:	780c      	ldrb	r4, [r1, #0]
10005e5a:	1909      	adds	r1, r1, r4
10005e5c:	428a      	cmp	r2, r1
10005e5e:	d8f8      	bhi.n	10005e52 <tu_edpt_bind_driver+0xa>
10005e60:	bd70      	pop	{r4, r5, r6, pc}
10005e62:	0034      	movs	r4, r6
10005e64:	788d      	ldrb	r5, [r1, #2]
10005e66:	402c      	ands	r4, r5
10005e68:	0064      	lsls	r4, r4, #1
10005e6a:	1904      	adds	r4, r0, r4
10005e6c:	09ed      	lsrs	r5, r5, #7
10005e6e:	5563      	strb	r3, [r4, r5]
10005e70:	780c      	ldrb	r4, [r1, #0]
10005e72:	1909      	adds	r1, r1, r4
10005e74:	428a      	cmp	r2, r1
10005e76:	d8ec      	bhi.n	10005e52 <tu_edpt_bind_driver+0xa>
10005e78:	e7f2      	b.n	10005e60 <tu_edpt_bind_driver+0x18>
10005e7a:	46c0      	nop			@ (mov r8, r8)

10005e7c <tu_edpt_stream_init>:
10005e7c:	b5f0      	push	{r4, r5, r6, r7, lr}
10005e7e:	46c6      	mov	lr, r8
10005e80:	b500      	push	{lr}
10005e82:	b082      	sub	sp, #8
10005e84:	0015      	movs	r5, r2
10005e86:	aa08      	add	r2, sp, #32
10005e88:	ca40      	ldmia	r2!, {r6}
10005e8a:	0004      	movs	r4, r0
10005e8c:	8817      	ldrh	r7, [r2, #0]
10005e8e:	466a      	mov	r2, sp
10005e90:	8d92      	ldrh	r2, [r2, #44]	@ 0x2c
10005e92:	2001      	movs	r0, #1
10005e94:	4690      	mov	r8, r2
10005e96:	000a      	movs	r2, r1
10005e98:	7821      	ldrb	r1, [r4, #0]
10005e9a:	4002      	ands	r2, r0
10005e9c:	4381      	bics	r1, r0
10005e9e:	0020      	movs	r0, r4
10005ea0:	4311      	orrs	r1, r2
10005ea2:	7021      	strb	r1, [r4, #0]
10005ea4:	003a      	movs	r2, r7
10005ea6:	9300      	str	r3, [sp, #0]
10005ea8:	0031      	movs	r1, r6
10005eaa:	2301      	movs	r3, #1
10005eac:	3008      	adds	r0, #8
10005eae:	f000 f8f1 	bl	10006094 <tu_fifo_config>
10005eb2:	2e00      	cmp	r6, #0
10005eb4:	d001      	beq.n	10005eba <tu_edpt_stream_init+0x3e>
10005eb6:	2f00      	cmp	r7, #0
10005eb8:	d108      	bne.n	10005ecc <tu_edpt_stream_init+0x50>
10005eba:	9b0a      	ldr	r3, [sp, #40]	@ 0x28
10005ebc:	2001      	movs	r0, #1
10005ebe:	6063      	str	r3, [r4, #4]
10005ec0:	4643      	mov	r3, r8
10005ec2:	8063      	strh	r3, [r4, #2]
10005ec4:	b002      	add	sp, #8
10005ec6:	bc80      	pop	{r7}
10005ec8:	46b8      	mov	r8, r7
10005eca:	bdf0      	pop	{r4, r5, r6, r7, pc}
10005ecc:	0026      	movs	r6, r4
10005ece:	361c      	adds	r6, #28
10005ed0:	0030      	movs	r0, r6
10005ed2:	f7fa fd67 	bl	100009a4 <mutex_init>
10005ed6:	2300      	movs	r3, #0
10005ed8:	2d00      	cmp	r5, #0
10005eda:	d001      	beq.n	10005ee0 <tu_edpt_stream_init+0x64>
10005edc:	0033      	movs	r3, r6
10005ede:	2600      	movs	r6, #0
10005ee0:	6163      	str	r3, [r4, #20]
10005ee2:	61a6      	str	r6, [r4, #24]
10005ee4:	e7e9      	b.n	10005eba <tu_edpt_stream_init+0x3e>
10005ee6:	46c0      	nop			@ (mov r8, r8)

10005ee8 <tu_edpt_stream_deinit>:
10005ee8:	2001      	movs	r0, #1
10005eea:	4770      	bx	lr

10005eec <tu_edpt_stream_write_zlp_if_needed>:
10005eec:	b5f8      	push	{r3, r4, r5, r6, r7, lr}
10005eee:	2402      	movs	r4, #2
10005ef0:	780b      	ldrb	r3, [r1, #0]
10005ef2:	0007      	movs	r7, r0
10005ef4:	401c      	ands	r4, r3
10005ef6:	4263      	negs	r3, r4
10005ef8:	415c      	adcs	r4, r3
10005efa:	4b14      	ldr	r3, [pc, #80]	@ (10005f4c <tu_edpt_stream_write_zlp_if_needed+0x60>)
10005efc:	4264      	negs	r4, r4
10005efe:	401c      	ands	r4, r3
10005f00:	4b13      	ldr	r3, [pc, #76]	@ (10005f50 <tu_edpt_stream_write_zlp_if_needed+0x64>)
10005f02:	0008      	movs	r0, r1
10005f04:	469c      	mov	ip, r3
10005f06:	3008      	adds	r0, #8
10005f08:	000d      	movs	r5, r1
10005f0a:	0016      	movs	r6, r2
10005f0c:	4464      	add	r4, ip
10005f0e:	f000 f8f7 	bl	10006100 <tu_fifo_count>
10005f12:	2800      	cmp	r0, #0
10005f14:	d107      	bne.n	10005f26 <tu_edpt_stream_write_zlp_if_needed+0x3a>
10005f16:	2e00      	cmp	r6, #0
10005f18:	d005      	beq.n	10005f26 <tu_edpt_stream_write_zlp_if_needed+0x3a>
10005f1a:	4234      	tst	r4, r6
10005f1c:	d103      	bne.n	10005f26 <tu_edpt_stream_write_zlp_if_needed+0x3a>
10005f1e:	2401      	movs	r4, #1
10005f20:	782b      	ldrb	r3, [r5, #0]
10005f22:	421c      	tst	r4, r3
10005f24:	d001      	beq.n	10005f2a <tu_edpt_stream_write_zlp_if_needed+0x3e>
10005f26:	2000      	movs	r0, #0
10005f28:	bdf8      	pop	{r3, r4, r5, r6, r7, pc}
10005f2a:	0038      	movs	r0, r7
10005f2c:	7869      	ldrb	r1, [r5, #1]
10005f2e:	f7ff f9af 	bl	10005290 <usbd_edpt_claim>
10005f32:	2800      	cmp	r0, #0
10005f34:	d0f7      	beq.n	10005f26 <tu_edpt_stream_write_zlp_if_needed+0x3a>
10005f36:	782b      	ldrb	r3, [r5, #0]
10005f38:	421c      	tst	r4, r3
10005f3a:	d1f4      	bne.n	10005f26 <tu_edpt_stream_write_zlp_if_needed+0x3a>
10005f3c:	2300      	movs	r3, #0
10005f3e:	2200      	movs	r2, #0
10005f40:	0038      	movs	r0, r7
10005f42:	7869      	ldrb	r1, [r5, #1]
10005f44:	f7ff f9cc 	bl	100052e0 <usbd_edpt_xfer>
10005f48:	e7ee      	b.n	10005f28 <tu_edpt_stream_write_zlp_if_needed+0x3c>
10005f4a:	46c0      	nop			@ (mov r8, r8)
10005f4c:	fffffe40 	.word	0xfffffe40
10005f50:	000001ff 	.word	0x000001ff

10005f54 <tu_edpt_stream_write_xfer>:
10005f54:	b5f8      	push	{r3, r4, r5, r6, r7, lr}
10005f56:	000d      	movs	r5, r1
10005f58:	3508      	adds	r5, #8
10005f5a:	0006      	movs	r6, r0
10005f5c:	0028      	movs	r0, r5
10005f5e:	000c      	movs	r4, r1
10005f60:	f000 f8ce 	bl	10006100 <tu_fifo_count>
10005f64:	2800      	cmp	r0, #0
10005f66:	d003      	beq.n	10005f70 <tu_edpt_stream_write_xfer+0x1c>
10005f68:	2701      	movs	r7, #1
10005f6a:	7823      	ldrb	r3, [r4, #0]
10005f6c:	421f      	tst	r7, r3
10005f6e:	d001      	beq.n	10005f74 <tu_edpt_stream_write_xfer+0x20>
10005f70:	2000      	movs	r0, #0
10005f72:	bdf8      	pop	{r3, r4, r5, r6, r7, pc}
10005f74:	0030      	movs	r0, r6
10005f76:	7861      	ldrb	r1, [r4, #1]
10005f78:	f7ff f98a 	bl	10005290 <usbd_edpt_claim>
10005f7c:	2800      	cmp	r0, #0
10005f7e:	d0f7      	beq.n	10005f70 <tu_edpt_stream_write_xfer+0x1c>
10005f80:	0028      	movs	r0, r5
10005f82:	8862      	ldrh	r2, [r4, #2]
10005f84:	6861      	ldr	r1, [r4, #4]
10005f86:	f000 f93d 	bl	10006204 <tu_fifo_read_n>
10005f8a:	7823      	ldrb	r3, [r4, #0]
10005f8c:	0005      	movs	r5, r0
10005f8e:	401f      	ands	r7, r3
10005f90:	2800      	cmp	r0, #0
10005f92:	d00b      	beq.n	10005fac <tu_edpt_stream_write_xfer+0x58>
10005f94:	2f00      	cmp	r7, #0
10005f96:	d1eb      	bne.n	10005f70 <tu_edpt_stream_write_xfer+0x1c>
10005f98:	0003      	movs	r3, r0
10005f9a:	6862      	ldr	r2, [r4, #4]
10005f9c:	0030      	movs	r0, r6
10005f9e:	7861      	ldrb	r1, [r4, #1]
10005fa0:	f7ff f99e 	bl	100052e0 <usbd_edpt_xfer>
10005fa4:	2800      	cmp	r0, #0
10005fa6:	d0e3      	beq.n	10005f70 <tu_edpt_stream_write_xfer+0x1c>
10005fa8:	0028      	movs	r0, r5
10005faa:	e7e2      	b.n	10005f72 <tu_edpt_stream_write_xfer+0x1e>
10005fac:	2f00      	cmp	r7, #0
10005fae:	d1df      	bne.n	10005f70 <tu_edpt_stream_write_xfer+0x1c>
10005fb0:	0030      	movs	r0, r6
10005fb2:	7861      	ldrb	r1, [r4, #1]
10005fb4:	f7ff f980 	bl	100052b8 <usbd_edpt_release>
10005fb8:	e7da      	b.n	10005f70 <tu_edpt_stream_write_xfer+0x1c>
10005fba:	46c0      	nop			@ (mov r8, r8)

10005fbc <tu_edpt_stream_read_xfer>:
10005fbc:	b5f8      	push	{r3, r4, r5, r6, r7, lr}
10005fbe:	46ce      	mov	lr, r9
10005fc0:	4647      	mov	r7, r8
10005fc2:	b580      	push	{r7, lr}
10005fc4:	898a      	ldrh	r2, [r1, #12]
10005fc6:	0006      	movs	r6, r0
10005fc8:	000c      	movs	r4, r1
10005fca:	780b      	ldrb	r3, [r1, #0]
10005fcc:	2a00      	cmp	r2, #0
10005fce:	d107      	bne.n	10005fe0 <tu_edpt_stream_read_xfer+0x24>
10005fd0:	2501      	movs	r5, #1
10005fd2:	421d      	tst	r5, r3
10005fd4:	d040      	beq.n	10006058 <tu_edpt_stream_read_xfer+0x9c>
10005fd6:	2000      	movs	r0, #0
10005fd8:	bcc0      	pop	{r6, r7}
10005fda:	46b9      	mov	r9, r7
10005fdc:	46b0      	mov	r8, r6
10005fde:	bdf8      	pop	{r3, r4, r5, r6, r7, pc}
10005fe0:	079b      	lsls	r3, r3, #30
10005fe2:	d433      	bmi.n	1000604c <tu_edpt_stream_read_xfer+0x90>
10005fe4:	4b2a      	ldr	r3, [pc, #168]	@ (10006090 <tu_edpt_stream_read_xfer+0xd4>)
10005fe6:	2540      	movs	r5, #64	@ 0x40
10005fe8:	4699      	mov	r9, r3
10005fea:	0027      	movs	r7, r4
10005fec:	3708      	adds	r7, #8
10005fee:	0038      	movs	r0, r7
10005ff0:	f000 f8a4 	bl	1000613c <tu_fifo_remaining>
10005ff4:	4285      	cmp	r5, r0
10005ff6:	d8ee      	bhi.n	10005fd6 <tu_edpt_stream_read_xfer+0x1a>
10005ff8:	2201      	movs	r2, #1
10005ffa:	7823      	ldrb	r3, [r4, #0]
10005ffc:	4690      	mov	r8, r2
10005ffe:	421a      	tst	r2, r3
10006000:	d1e9      	bne.n	10005fd6 <tu_edpt_stream_read_xfer+0x1a>
10006002:	0030      	movs	r0, r6
10006004:	7861      	ldrb	r1, [r4, #1]
10006006:	f7ff f943 	bl	10005290 <usbd_edpt_claim>
1000600a:	2800      	cmp	r0, #0
1000600c:	d0e3      	beq.n	10005fd6 <tu_edpt_stream_read_xfer+0x1a>
1000600e:	0038      	movs	r0, r7
10006010:	f000 f894 	bl	1000613c <tu_fifo_remaining>
10006014:	4642      	mov	r2, r8
10006016:	7823      	ldrb	r3, [r4, #0]
10006018:	401a      	ands	r2, r3
1000601a:	4285      	cmp	r5, r0
1000601c:	d831      	bhi.n	10006082 <tu_edpt_stream_read_xfer+0xc6>
1000601e:	2a00      	cmp	r2, #0
10006020:	d1d9      	bne.n	10005fd6 <tu_edpt_stream_read_xfer+0x1a>
10006022:	464a      	mov	r2, r9
10006024:	8863      	ldrh	r3, [r4, #2]
10006026:	4002      	ands	r2, r0
10006028:	1c1d      	adds	r5, r3, #0
1000602a:	4293      	cmp	r3, r2
1000602c:	d900      	bls.n	10006030 <tu_edpt_stream_read_xfer+0x74>
1000602e:	1c15      	adds	r5, r2, #0
10006030:	b2ad      	uxth	r5, r5
10006032:	2200      	movs	r2, #0
10006034:	7861      	ldrb	r1, [r4, #1]
10006036:	2d00      	cmp	r5, #0
10006038:	d000      	beq.n	1000603c <tu_edpt_stream_read_xfer+0x80>
1000603a:	6862      	ldr	r2, [r4, #4]
1000603c:	002b      	movs	r3, r5
1000603e:	0030      	movs	r0, r6
10006040:	f7ff f94e 	bl	100052e0 <usbd_edpt_xfer>
10006044:	2800      	cmp	r0, #0
10006046:	d0c6      	beq.n	10005fd6 <tu_edpt_stream_read_xfer+0x1a>
10006048:	0028      	movs	r0, r5
1000604a:	e7c5      	b.n	10005fd8 <tu_edpt_stream_read_xfer+0x1c>
1000604c:	23fe      	movs	r3, #254	@ 0xfe
1000604e:	2580      	movs	r5, #128	@ 0x80
10006050:	021b      	lsls	r3, r3, #8
10006052:	4699      	mov	r9, r3
10006054:	00ad      	lsls	r5, r5, #2
10006056:	e7c8      	b.n	10005fea <tu_edpt_stream_read_xfer+0x2e>
10006058:	7849      	ldrb	r1, [r1, #1]
1000605a:	f7ff f919 	bl	10005290 <usbd_edpt_claim>
1000605e:	2800      	cmp	r0, #0
10006060:	d0b9      	beq.n	10005fd6 <tu_edpt_stream_read_xfer+0x1a>
10006062:	7823      	ldrb	r3, [r4, #0]
10006064:	421d      	tst	r5, r3
10006066:	d1b6      	bne.n	10005fd6 <tu_edpt_stream_read_xfer+0x1a>
10006068:	8863      	ldrh	r3, [r4, #2]
1000606a:	2200      	movs	r2, #0
1000606c:	7861      	ldrb	r1, [r4, #1]
1000606e:	2b00      	cmp	r3, #0
10006070:	d000      	beq.n	10006074 <tu_edpt_stream_read_xfer+0xb8>
10006072:	6862      	ldr	r2, [r4, #4]
10006074:	0030      	movs	r0, r6
10006076:	f7ff f933 	bl	100052e0 <usbd_edpt_xfer>
1000607a:	2800      	cmp	r0, #0
1000607c:	d0ab      	beq.n	10005fd6 <tu_edpt_stream_read_xfer+0x1a>
1000607e:	8860      	ldrh	r0, [r4, #2]
10006080:	e7aa      	b.n	10005fd8 <tu_edpt_stream_read_xfer+0x1c>
10006082:	2a00      	cmp	r2, #0
10006084:	d1a7      	bne.n	10005fd6 <tu_edpt_stream_read_xfer+0x1a>
10006086:	0030      	movs	r0, r6
10006088:	7861      	ldrb	r1, [r4, #1]
1000608a:	f7ff f915 	bl	100052b8 <usbd_edpt_release>
1000608e:	e7a2      	b.n	10005fd6 <tu_edpt_stream_read_xfer+0x1a>
10006090:	0000ffc0 	.word	0x0000ffc0

10006094 <tu_fifo_config>:
10006094:	b5f0      	push	{r4, r5, r6, r7, lr}
10006096:	46c6      	mov	lr, r8
10006098:	b500      	push	{lr}
1000609a:	0004      	movs	r4, r0
1000609c:	4668      	mov	r0, sp
1000609e:	7e05      	ldrb	r5, [r0, #24]
100060a0:	2080      	movs	r0, #128	@ 0x80
100060a2:	4688      	mov	r8, r1
100060a4:	0017      	movs	r7, r2
100060a6:	001e      	movs	r6, r3
100060a8:	0200      	lsls	r0, r0, #8
100060aa:	4282      	cmp	r2, r0
100060ac:	d826      	bhi.n	100060fc <tu_fifo_config+0x68>
100060ae:	68e0      	ldr	r0, [r4, #12]
100060b0:	2800      	cmp	r0, #0
100060b2:	d003      	beq.n	100060bc <tu_fifo_config+0x28>
100060b4:	2101      	movs	r1, #1
100060b6:	4249      	negs	r1, r1
100060b8:	f003 fc6e 	bl	10009998 <__mutex_enter_timeout_ms_veneer>
100060bc:	6920      	ldr	r0, [r4, #16]
100060be:	2800      	cmp	r0, #0
100060c0:	d003      	beq.n	100060ca <tu_fifo_config+0x36>
100060c2:	2101      	movs	r1, #1
100060c4:	4249      	negs	r1, r1
100060c6:	f003 fc67 	bl	10009998 <__mutex_enter_timeout_ms_veneer>
100060ca:	4643      	mov	r3, r8
100060cc:	6023      	str	r3, [r4, #0]
100060ce:	0473      	lsls	r3, r6, #17
100060d0:	0c5b      	lsrs	r3, r3, #17
100060d2:	03ed      	lsls	r5, r5, #15
100060d4:	431d      	orrs	r5, r3
100060d6:	2300      	movs	r3, #0
100060d8:	68e0      	ldr	r0, [r4, #12]
100060da:	8163      	strh	r3, [r4, #10]
100060dc:	80a7      	strh	r7, [r4, #4]
100060de:	80e5      	strh	r5, [r4, #6]
100060e0:	8123      	strh	r3, [r4, #8]
100060e2:	2800      	cmp	r0, #0
100060e4:	d001      	beq.n	100060ea <tu_fifo_config+0x56>
100060e6:	f003 fc27 	bl	10009938 <__mutex_exit_veneer>
100060ea:	6920      	ldr	r0, [r4, #16]
100060ec:	2800      	cmp	r0, #0
100060ee:	d001      	beq.n	100060f4 <tu_fifo_config+0x60>
100060f0:	f003 fc22 	bl	10009938 <__mutex_exit_veneer>
100060f4:	2001      	movs	r0, #1
100060f6:	bc80      	pop	{r7}
100060f8:	46b8      	mov	r8, r7
100060fa:	bdf0      	pop	{r4, r5, r6, r7, pc}
100060fc:	2000      	movs	r0, #0
100060fe:	e7fa      	b.n	100060f6 <tu_fifo_config+0x62>

10006100 <tu_fifo_count>:
10006100:	b510      	push	{r4, lr}
10006102:	8904      	ldrh	r4, [r0, #8]
10006104:	8941      	ldrh	r1, [r0, #10]
10006106:	8882      	ldrh	r2, [r0, #4]
10006108:	b2a3      	uxth	r3, r4
1000610a:	b288      	uxth	r0, r1
1000610c:	428c      	cmp	r4, r1
1000610e:	d307      	bcc.n	10006120 <tu_fifo_count+0x20>
10006110:	1a1b      	subs	r3, r3, r0
10006112:	b29b      	uxth	r3, r3
10006114:	1c10      	adds	r0, r2, #0
10006116:	429a      	cmp	r2, r3
10006118:	d900      	bls.n	1000611c <tu_fifo_count+0x1c>
1000611a:	1c18      	adds	r0, r3, #0
1000611c:	b280      	uxth	r0, r0
1000611e:	bd10      	pop	{r4, pc}
10006120:	0051      	lsls	r1, r2, #1
10006122:	1a09      	subs	r1, r1, r0
10006124:	185b      	adds	r3, r3, r1
10006126:	b29b      	uxth	r3, r3
10006128:	e7f4      	b.n	10006114 <tu_fifo_count+0x14>
1000612a:	46c0      	nop			@ (mov r8, r8)

1000612c <tu_fifo_empty>:
1000612c:	8903      	ldrh	r3, [r0, #8]
1000612e:	8940      	ldrh	r0, [r0, #10]
10006130:	1a18      	subs	r0, r3, r0
10006132:	4243      	negs	r3, r0
10006134:	4158      	adcs	r0, r3
10006136:	b2c0      	uxtb	r0, r0
10006138:	4770      	bx	lr
1000613a:	46c0      	nop			@ (mov r8, r8)

1000613c <tu_fifo_remaining>:
1000613c:	b510      	push	{r4, lr}
1000613e:	8904      	ldrh	r4, [r0, #8]
10006140:	8941      	ldrh	r1, [r0, #10]
10006142:	8882      	ldrh	r2, [r0, #4]
10006144:	b2a3      	uxth	r3, r4
10006146:	b288      	uxth	r0, r1
10006148:	428c      	cmp	r4, r1
1000614a:	d307      	bcc.n	1000615c <tu_fifo_remaining+0x20>
1000614c:	1a1b      	subs	r3, r3, r0
1000614e:	b29b      	uxth	r3, r3
10006150:	2000      	movs	r0, #0
10006152:	429a      	cmp	r2, r3
10006154:	d901      	bls.n	1000615a <tu_fifo_remaining+0x1e>
10006156:	1ad2      	subs	r2, r2, r3
10006158:	b290      	uxth	r0, r2
1000615a:	bd10      	pop	{r4, pc}
1000615c:	0051      	lsls	r1, r2, #1
1000615e:	1a09      	subs	r1, r1, r0
10006160:	185b      	adds	r3, r3, r1
10006162:	b29b      	uxth	r3, r3
10006164:	e7f4      	b.n	10006150 <tu_fifo_remaining+0x14>
10006166:	46c0      	nop			@ (mov r8, r8)

10006168 <tu_fifo_read>:
10006168:	b570      	push	{r4, r5, r6, lr}
1000616a:	0004      	movs	r4, r0
1000616c:	6900      	ldr	r0, [r0, #16]
1000616e:	000e      	movs	r6, r1
10006170:	2800      	cmp	r0, #0
10006172:	d003      	beq.n	1000617c <tu_fifo_read+0x14>
10006174:	2101      	movs	r1, #1
10006176:	4249      	negs	r1, r1
10006178:	f003 fc0e 	bl	10009998 <__mutex_enter_timeout_ms_veneer>
1000617c:	8925      	ldrh	r5, [r4, #8]
1000617e:	8960      	ldrh	r0, [r4, #10]
10006180:	88a2      	ldrh	r2, [r4, #4]
10006182:	b2a9      	uxth	r1, r5
10006184:	b283      	uxth	r3, r0
10006186:	4285      	cmp	r5, r0
10006188:	d332      	bcc.n	100061f0 <tu_fifo_read+0x88>
1000618a:	1acd      	subs	r5, r1, r3
1000618c:	b2ad      	uxth	r5, r5
1000618e:	2d00      	cmp	r5, #0
10006190:	d028      	beq.n	100061e4 <tu_fifo_read+0x7c>
10006192:	42aa      	cmp	r2, r5
10006194:	d208      	bcs.n	100061a8 <tu_fifo_read+0x40>
10006196:	4291      	cmp	r1, r2
10006198:	d32f      	bcc.n	100061fa <tu_fifo_read+0x92>
1000619a:	1a89      	subs	r1, r1, r2
1000619c:	b28b      	uxth	r3, r1
1000619e:	8163      	strh	r3, [r4, #10]
100061a0:	429a      	cmp	r2, r3
100061a2:	d803      	bhi.n	100061ac <tu_fifo_read+0x44>
100061a4:	1a9b      	subs	r3, r3, r2
100061a6:	b29b      	uxth	r3, r3
100061a8:	429a      	cmp	r2, r3
100061aa:	d9fb      	bls.n	100061a4 <tu_fifo_read+0x3c>
100061ac:	88e2      	ldrh	r2, [r4, #6]
100061ae:	6821      	ldr	r1, [r4, #0]
100061b0:	0452      	lsls	r2, r2, #17
100061b2:	0c52      	lsrs	r2, r2, #17
100061b4:	4353      	muls	r3, r2
100061b6:	0030      	movs	r0, r6
100061b8:	18c9      	adds	r1, r1, r3
100061ba:	f7fb ff6f 	bl	1000209c <__wrap___aeabi_memcpy>
100061be:	8963      	ldrh	r3, [r4, #10]
100061c0:	2501      	movs	r5, #1
100061c2:	1c59      	adds	r1, r3, #1
100061c4:	b289      	uxth	r1, r1
100061c6:	88a2      	ldrh	r2, [r4, #4]
100061c8:	428b      	cmp	r3, r1
100061ca:	d90d      	bls.n	100061e8 <tu_fifo_read+0x80>
100061cc:	2100      	movs	r1, #0
100061ce:	0052      	lsls	r2, r2, #1
100061d0:	1a89      	subs	r1, r1, r2
100061d2:	b289      	uxth	r1, r1
100061d4:	6920      	ldr	r0, [r4, #16]
100061d6:	8161      	strh	r1, [r4, #10]
100061d8:	2800      	cmp	r0, #0
100061da:	d001      	beq.n	100061e0 <tu_fifo_read+0x78>
100061dc:	f003 fbac 	bl	10009938 <__mutex_exit_veneer>
100061e0:	0028      	movs	r0, r5
100061e2:	bd70      	pop	{r4, r5, r6, pc}
100061e4:	8961      	ldrh	r1, [r4, #10]
100061e6:	b289      	uxth	r1, r1
100061e8:	0052      	lsls	r2, r2, #1
100061ea:	4291      	cmp	r1, r2
100061ec:	dbf2      	blt.n	100061d4 <tu_fifo_read+0x6c>
100061ee:	e7ef      	b.n	100061d0 <tu_fifo_read+0x68>
100061f0:	0055      	lsls	r5, r2, #1
100061f2:	1aed      	subs	r5, r5, r3
100061f4:	194d      	adds	r5, r1, r5
100061f6:	b2ad      	uxth	r5, r5
100061f8:	e7c9      	b.n	1000618e <tu_fifo_read+0x26>
100061fa:	1889      	adds	r1, r1, r2
100061fc:	b28b      	uxth	r3, r1
100061fe:	8163      	strh	r3, [r4, #10]
10006200:	e7ce      	b.n	100061a0 <tu_fifo_read+0x38>
10006202:	46c0      	nop			@ (mov r8, r8)

10006204 <tu_fifo_read_n>:
10006204:	b5f0      	push	{r4, r5, r6, r7, lr}
10006206:	4646      	mov	r6, r8
10006208:	464f      	mov	r7, r9
1000620a:	46d6      	mov	lr, sl
1000620c:	b5c0      	push	{r6, r7, lr}
1000620e:	0006      	movs	r6, r0
10006210:	6900      	ldr	r0, [r0, #16]
10006212:	4689      	mov	r9, r1
10006214:	4690      	mov	r8, r2
10006216:	2800      	cmp	r0, #0
10006218:	d003      	beq.n	10006222 <tu_fifo_read_n+0x1e>
1000621a:	2101      	movs	r1, #1
1000621c:	4249      	negs	r1, r1
1000621e:	f003 fbbb 	bl	10009998 <__mutex_enter_timeout_ms_veneer>
10006222:	8931      	ldrh	r1, [r6, #8]
10006224:	8972      	ldrh	r2, [r6, #10]
10006226:	88b5      	ldrh	r5, [r6, #4]
10006228:	b28b      	uxth	r3, r1
1000622a:	b294      	uxth	r4, r2
1000622c:	4291      	cmp	r1, r2
1000622e:	d354      	bcc.n	100062da <tu_fifo_read_n+0xd6>
10006230:	1b1f      	subs	r7, r3, r4
10006232:	b2bf      	uxth	r7, r7
10006234:	2f00      	cmp	r7, #0
10006236:	d04a      	beq.n	100062ce <tu_fifo_read_n+0xca>
10006238:	42bd      	cmp	r5, r7
1000623a:	d205      	bcs.n	10006248 <tu_fifo_read_n+0x44>
1000623c:	42ab      	cmp	r3, r5
1000623e:	d251      	bcs.n	100062e4 <tu_fifo_read_n+0xe0>
10006240:	195b      	adds	r3, r3, r5
10006242:	b29c      	uxth	r4, r3
10006244:	002f      	movs	r7, r5
10006246:	8174      	strh	r4, [r6, #10]
10006248:	4643      	mov	r3, r8
1000624a:	45b8      	cmp	r8, r7
1000624c:	d83d      	bhi.n	100062ca <tu_fifo_read_n+0xc6>
1000624e:	b29f      	uxth	r7, r3
10006250:	42a5      	cmp	r5, r4
10006252:	d803      	bhi.n	1000625c <tu_fifo_read_n+0x58>
10006254:	1b64      	subs	r4, r4, r5
10006256:	b2a4      	uxth	r4, r4
10006258:	42a5      	cmp	r5, r4
1000625a:	d9fb      	bls.n	10006254 <tu_fifo_read_n+0x50>
1000625c:	88f2      	ldrh	r2, [r6, #6]
1000625e:	6831      	ldr	r1, [r6, #0]
10006260:	0452      	lsls	r2, r2, #17
10006262:	0c52      	lsrs	r2, r2, #17
10006264:	4690      	mov	r8, r2
10006266:	4362      	muls	r2, r4
10006268:	1b2b      	subs	r3, r5, r4
1000626a:	b29b      	uxth	r3, r3
1000626c:	1889      	adds	r1, r1, r2
1000626e:	4642      	mov	r2, r8
10006270:	429f      	cmp	r7, r3
10006272:	d925      	bls.n	100062c0 <tu_fifo_read_n+0xbc>
10006274:	4353      	muls	r3, r2
10006276:	b29b      	uxth	r3, r3
10006278:	001a      	movs	r2, r3
1000627a:	4648      	mov	r0, r9
1000627c:	469a      	mov	sl, r3
1000627e:	f7fb ff0d 	bl	1000209c <__wrap___aeabi_memcpy>
10006282:	4643      	mov	r3, r8
10006284:	4648      	mov	r0, r9
10006286:	1b7d      	subs	r5, r7, r5
10006288:	1964      	adds	r4, r4, r5
1000628a:	435c      	muls	r4, r3
1000628c:	6831      	ldr	r1, [r6, #0]
1000628e:	4450      	add	r0, sl
10006290:	b2a2      	uxth	r2, r4
10006292:	f7fb ff03 	bl	1000209c <__wrap___aeabi_memcpy>
10006296:	8971      	ldrh	r1, [r6, #10]
10006298:	88b5      	ldrh	r5, [r6, #4]
1000629a:	19cb      	adds	r3, r1, r7
1000629c:	b29b      	uxth	r3, r3
1000629e:	006a      	lsls	r2, r5, #1
100062a0:	4299      	cmp	r1, r3
100062a2:	d916      	bls.n	100062d2 <tu_fifo_read_n+0xce>
100062a4:	1a9b      	subs	r3, r3, r2
100062a6:	b29b      	uxth	r3, r3
100062a8:	6930      	ldr	r0, [r6, #16]
100062aa:	8173      	strh	r3, [r6, #10]
100062ac:	2800      	cmp	r0, #0
100062ae:	d001      	beq.n	100062b4 <tu_fifo_read_n+0xb0>
100062b0:	f003 fb42 	bl	10009938 <__mutex_exit_veneer>
100062b4:	0038      	movs	r0, r7
100062b6:	bce0      	pop	{r5, r6, r7}
100062b8:	46ba      	mov	sl, r7
100062ba:	46b1      	mov	r9, r6
100062bc:	46a8      	mov	r8, r5
100062be:	bdf0      	pop	{r4, r5, r6, r7, pc}
100062c0:	4648      	mov	r0, r9
100062c2:	437a      	muls	r2, r7
100062c4:	f7fb feea 	bl	1000209c <__wrap___aeabi_memcpy>
100062c8:	e7e5      	b.n	10006296 <tu_fifo_read_n+0x92>
100062ca:	1c3b      	adds	r3, r7, #0
100062cc:	e7bf      	b.n	1000624e <tu_fifo_read_n+0x4a>
100062ce:	8973      	ldrh	r3, [r6, #10]
100062d0:	b29b      	uxth	r3, r3
100062d2:	006a      	lsls	r2, r5, #1
100062d4:	4293      	cmp	r3, r2
100062d6:	dbe7      	blt.n	100062a8 <tu_fifo_read_n+0xa4>
100062d8:	e7e4      	b.n	100062a4 <tu_fifo_read_n+0xa0>
100062da:	006f      	lsls	r7, r5, #1
100062dc:	1b3f      	subs	r7, r7, r4
100062de:	19df      	adds	r7, r3, r7
100062e0:	b2bf      	uxth	r7, r7
100062e2:	e7a7      	b.n	10006234 <tu_fifo_read_n+0x30>
100062e4:	1b5b      	subs	r3, r3, r5
100062e6:	b29c      	uxth	r4, r3
100062e8:	e7ac      	b.n	10006244 <tu_fifo_read_n+0x40>
100062ea:	46c0      	nop			@ (mov r8, r8)

100062ec <tu_fifo_write>:
100062ec:	b5f8      	push	{r3, r4, r5, r6, r7, lr}
100062ee:	0004      	movs	r4, r0
100062f0:	68c0      	ldr	r0, [r0, #12]
100062f2:	000e      	movs	r6, r1
100062f4:	2800      	cmp	r0, #0
100062f6:	d003      	beq.n	10006300 <tu_fifo_write+0x14>
100062f8:	2101      	movs	r1, #1
100062fa:	4249      	negs	r1, r1
100062fc:	f003 fb4c 	bl	10009998 <__mutex_enter_timeout_ms_veneer>
10006300:	8925      	ldrh	r5, [r4, #8]
10006302:	8920      	ldrh	r0, [r4, #8]
10006304:	8961      	ldrh	r1, [r4, #10]
10006306:	88a2      	ldrh	r2, [r4, #4]
10006308:	b2ad      	uxth	r5, r5
1000630a:	b283      	uxth	r3, r0
1000630c:	b28f      	uxth	r7, r1
1000630e:	4288      	cmp	r0, r1
10006310:	d329      	bcc.n	10006366 <tu_fifo_write+0x7a>
10006312:	1bdb      	subs	r3, r3, r7
10006314:	b29b      	uxth	r3, r3
10006316:	429a      	cmp	r2, r3
10006318:	d809      	bhi.n	1000632e <tu_fifo_write+0x42>
1000631a:	79e7      	ldrb	r7, [r4, #7]
1000631c:	09ff      	lsrs	r7, r7, #7
1000631e:	d106      	bne.n	1000632e <tu_fifo_write+0x42>
10006320:	68e0      	ldr	r0, [r4, #12]
10006322:	2800      	cmp	r0, #0
10006324:	d001      	beq.n	1000632a <tu_fifo_write+0x3e>
10006326:	f003 fb07 	bl	10009938 <__mutex_exit_veneer>
1000632a:	0038      	movs	r0, r7
1000632c:	bdf8      	pop	{r3, r4, r5, r6, r7, pc}
1000632e:	002b      	movs	r3, r5
10006330:	4295      	cmp	r5, r2
10006332:	d31d      	bcc.n	10006370 <tu_fifo_write+0x84>
10006334:	1a9b      	subs	r3, r3, r2
10006336:	b29b      	uxth	r3, r3
10006338:	4293      	cmp	r3, r2
1000633a:	d2fb      	bcs.n	10006334 <tu_fifo_write+0x48>
1000633c:	88e2      	ldrh	r2, [r4, #6]
1000633e:	6820      	ldr	r0, [r4, #0]
10006340:	0452      	lsls	r2, r2, #17
10006342:	0c52      	lsrs	r2, r2, #17
10006344:	4353      	muls	r3, r2
10006346:	0031      	movs	r1, r6
10006348:	18c0      	adds	r0, r0, r3
1000634a:	f7fb fea7 	bl	1000209c <__wrap___aeabi_memcpy>
1000634e:	1c6b      	adds	r3, r5, #1
10006350:	b29b      	uxth	r3, r3
10006352:	88a2      	ldrh	r2, [r4, #4]
10006354:	429d      	cmp	r5, r3
10006356:	d917      	bls.n	10006388 <tu_fifo_write+0x9c>
10006358:	2300      	movs	r3, #0
1000635a:	0052      	lsls	r2, r2, #1
1000635c:	1a9b      	subs	r3, r3, r2
1000635e:	b29b      	uxth	r3, r3
10006360:	2701      	movs	r7, #1
10006362:	8123      	strh	r3, [r4, #8]
10006364:	e7dc      	b.n	10006320 <tu_fifo_write+0x34>
10006366:	0051      	lsls	r1, r2, #1
10006368:	1bc9      	subs	r1, r1, r7
1000636a:	185b      	adds	r3, r3, r1
1000636c:	b29b      	uxth	r3, r3
1000636e:	e7d2      	b.n	10006316 <tu_fifo_write+0x2a>
10006370:	88e2      	ldrh	r2, [r4, #6]
10006372:	6820      	ldr	r0, [r4, #0]
10006374:	0452      	lsls	r2, r2, #17
10006376:	0c52      	lsrs	r2, r2, #17
10006378:	4353      	muls	r3, r2
1000637a:	0031      	movs	r1, r6
1000637c:	18c0      	adds	r0, r0, r3
1000637e:	f7fb fe8d 	bl	1000209c <__wrap___aeabi_memcpy>
10006382:	3501      	adds	r5, #1
10006384:	88a2      	ldrh	r2, [r4, #4]
10006386:	b2ab      	uxth	r3, r5
10006388:	0052      	lsls	r2, r2, #1
1000638a:	4293      	cmp	r3, r2
1000638c:	dbe8      	blt.n	10006360 <tu_fifo_write+0x74>
1000638e:	e7e5      	b.n	1000635c <tu_fifo_write+0x70>

10006390 <tu_fifo_write_n>:
10006390:	b5f0      	push	{r4, r5, r6, r7, lr}
10006392:	4645      	mov	r5, r8
10006394:	464e      	mov	r6, r9
10006396:	46de      	mov	lr, fp
10006398:	4657      	mov	r7, sl
1000639a:	b5e0      	push	{r5, r6, r7, lr}
1000639c:	4688      	mov	r8, r1
1000639e:	0005      	movs	r5, r0
100063a0:	0016      	movs	r6, r2
100063a2:	b083      	sub	sp, #12
100063a4:	2a00      	cmp	r2, #0
100063a6:	d06e      	beq.n	10006486 <tu_fifo_write_n+0xf6>
100063a8:	68c0      	ldr	r0, [r0, #12]
100063aa:	2800      	cmp	r0, #0
100063ac:	d003      	beq.n	100063b6 <tu_fifo_write_n+0x26>
100063ae:	2101      	movs	r1, #1
100063b0:	4249      	negs	r1, r1
100063b2:	f003 faf1 	bl	10009998 <__mutex_enter_timeout_ms_veneer>
100063b6:	892f      	ldrh	r7, [r5, #8]
100063b8:	79ea      	ldrb	r2, [r5, #7]
100063ba:	b2bb      	uxth	r3, r7
100063bc:	469b      	mov	fp, r3
100063be:	896b      	ldrh	r3, [r5, #10]
100063c0:	88af      	ldrh	r7, [r5, #4]
100063c2:	b29b      	uxth	r3, r3
100063c4:	09d2      	lsrs	r2, r2, #7
100063c6:	d13f      	bne.n	10006448 <tu_fifo_write_n+0xb8>
100063c8:	459b      	cmp	fp, r3
100063ca:	d265      	bcs.n	10006498 <tu_fifo_write_n+0x108>
100063cc:	007a      	lsls	r2, r7, #1
100063ce:	1ad3      	subs	r3, r2, r3
100063d0:	445b      	add	r3, fp
100063d2:	b29b      	uxth	r3, r3
100063d4:	42bb      	cmp	r3, r7
100063d6:	d264      	bcs.n	100064a2 <tu_fifo_write_n+0x112>
100063d8:	1afb      	subs	r3, r7, r3
100063da:	1c1a      	adds	r2, r3, #0
100063dc:	b29b      	uxth	r3, r3
100063de:	42b3      	cmp	r3, r6
100063e0:	d900      	bls.n	100063e4 <tu_fifo_write_n+0x54>
100063e2:	1c32      	adds	r2, r6, #0
100063e4:	b296      	uxth	r6, r2
100063e6:	1bf3      	subs	r3, r6, r7
100063e8:	b29b      	uxth	r3, r3
100063ea:	469a      	mov	sl, r3
100063ec:	465b      	mov	r3, fp
100063ee:	18f3      	adds	r3, r6, r3
100063f0:	b29b      	uxth	r3, r3
100063f2:	4699      	mov	r9, r3
100063f4:	88ea      	ldrh	r2, [r5, #6]
100063f6:	465c      	mov	r4, fp
100063f8:	45bb      	cmp	fp, r7
100063fa:	d303      	bcc.n	10006404 <tu_fifo_write_n+0x74>
100063fc:	1be4      	subs	r4, r4, r7
100063fe:	b2a4      	uxth	r4, r4
10006400:	42bc      	cmp	r4, r7
10006402:	d2fb      	bcs.n	100063fc <tu_fifo_write_n+0x6c>
10006404:	0452      	lsls	r2, r2, #17
10006406:	1b3b      	subs	r3, r7, r4
10006408:	0c57      	lsrs	r7, r2, #17
1000640a:	003a      	movs	r2, r7
1000640c:	4362      	muls	r2, r4
1000640e:	6828      	ldr	r0, [r5, #0]
10006410:	b29b      	uxth	r3, r3
10006412:	1880      	adds	r0, r0, r2
10006414:	42b3      	cmp	r3, r6
10006416:	d356      	bcc.n	100064c6 <tu_fifo_write_n+0x136>
10006418:	003a      	movs	r2, r7
1000641a:	4641      	mov	r1, r8
1000641c:	4372      	muls	r2, r6
1000641e:	f7fb fe3d 	bl	1000209c <__wrap___aeabi_memcpy>
10006422:	88ab      	ldrh	r3, [r5, #4]
10006424:	005b      	lsls	r3, r3, #1
10006426:	45cb      	cmp	fp, r9
10006428:	d801      	bhi.n	1000642e <tu_fifo_write_n+0x9e>
1000642a:	4599      	cmp	r9, r3
1000642c:	db03      	blt.n	10006436 <tu_fifo_write_n+0xa6>
1000642e:	464a      	mov	r2, r9
10006430:	1ad3      	subs	r3, r2, r3
10006432:	b29b      	uxth	r3, r3
10006434:	4699      	mov	r9, r3
10006436:	464b      	mov	r3, r9
10006438:	0037      	movs	r7, r6
1000643a:	812b      	strh	r3, [r5, #8]
1000643c:	68e8      	ldr	r0, [r5, #12]
1000643e:	2800      	cmp	r0, #0
10006440:	d022      	beq.n	10006488 <tu_fifo_write_n+0xf8>
10006442:	f003 fa79 	bl	10009938 <__mutex_exit_veneer>
10006446:	e01f      	b.n	10006488 <tu_fifo_write_n+0xf8>
10006448:	42be      	cmp	r6, r7
1000644a:	d22c      	bcs.n	100064a6 <tu_fifo_write_n+0x116>
1000644c:	459b      	cmp	fp, r3
1000644e:	d34b      	bcc.n	100064e8 <tu_fifo_write_n+0x158>
10006450:	465a      	mov	r2, fp
10006452:	1ad2      	subs	r2, r2, r3
10006454:	b292      	uxth	r2, r2
10006456:	0079      	lsls	r1, r7, #1
10006458:	1bf0      	subs	r0, r6, r7
1000645a:	b280      	uxth	r0, r0
1000645c:	1992      	adds	r2, r2, r6
1000645e:	4682      	mov	sl, r0
10006460:	428a      	cmp	r2, r1
10006462:	dbc3      	blt.n	100063ec <tu_fifo_write_n+0x5c>
10006464:	19da      	adds	r2, r3, r7
10006466:	b292      	uxth	r2, r2
10006468:	4691      	mov	r9, r2
1000646a:	1b92      	subs	r2, r2, r6
1000646c:	b292      	uxth	r2, r2
1000646e:	4693      	mov	fp, r2
10006470:	4293      	cmp	r3, r2
10006472:	d93e      	bls.n	100064f2 <tu_fifo_write_n+0x162>
10006474:	465b      	mov	r3, fp
10006476:	1a59      	subs	r1, r3, r1
10006478:	b28b      	uxth	r3, r1
1000647a:	469b      	mov	fp, r3
1000647c:	18f3      	adds	r3, r6, r3
1000647e:	b29b      	uxth	r3, r3
10006480:	4699      	mov	r9, r3
10006482:	88ea      	ldrh	r2, [r5, #6]
10006484:	e7b7      	b.n	100063f6 <tu_fifo_write_n+0x66>
10006486:	2700      	movs	r7, #0
10006488:	0038      	movs	r0, r7
1000648a:	b003      	add	sp, #12
1000648c:	bcf0      	pop	{r4, r5, r6, r7}
1000648e:	46bb      	mov	fp, r7
10006490:	46b2      	mov	sl, r6
10006492:	46a9      	mov	r9, r5
10006494:	46a0      	mov	r8, r4
10006496:	bdf0      	pop	{r4, r5, r6, r7, pc}
10006498:	465a      	mov	r2, fp
1000649a:	1ad3      	subs	r3, r2, r3
1000649c:	b29b      	uxth	r3, r3
1000649e:	42bb      	cmp	r3, r7
100064a0:	d39a      	bcc.n	100063d8 <tu_fifo_write_n+0x48>
100064a2:	2700      	movs	r7, #0
100064a4:	e7ca      	b.n	1000643c <tu_fifo_write_n+0xac>
100064a6:	2f00      	cmp	r7, #0
100064a8:	d0c8      	beq.n	1000643c <tu_fifo_write_n+0xac>
100064aa:	88ea      	ldrh	r2, [r5, #6]
100064ac:	1bf6      	subs	r6, r6, r7
100064ae:	0451      	lsls	r1, r2, #17
100064b0:	0c49      	lsrs	r1, r1, #17
100064b2:	4371      	muls	r1, r6
100064b4:	469b      	mov	fp, r3
100064b6:	4488      	add	r8, r1
100064b8:	19d9      	adds	r1, r3, r7
100064ba:	2300      	movs	r3, #0
100064bc:	b289      	uxth	r1, r1
100064be:	4689      	mov	r9, r1
100064c0:	003e      	movs	r6, r7
100064c2:	469a      	mov	sl, r3
100064c4:	e797      	b.n	100063f6 <tu_fifo_write_n+0x66>
100064c6:	437b      	muls	r3, r7
100064c8:	b299      	uxth	r1, r3
100064ca:	000a      	movs	r2, r1
100064cc:	9101      	str	r1, [sp, #4]
100064ce:	4454      	add	r4, sl
100064d0:	4641      	mov	r1, r8
100064d2:	f7fb fde3 	bl	1000209c <__wrap___aeabi_memcpy>
100064d6:	0022      	movs	r2, r4
100064d8:	437a      	muls	r2, r7
100064da:	9901      	ldr	r1, [sp, #4]
100064dc:	6828      	ldr	r0, [r5, #0]
100064de:	b292      	uxth	r2, r2
100064e0:	4441      	add	r1, r8
100064e2:	f7fb fddb 	bl	1000209c <__wrap___aeabi_memcpy>
100064e6:	e79c      	b.n	10006422 <tu_fifo_write_n+0x92>
100064e8:	0079      	lsls	r1, r7, #1
100064ea:	1aca      	subs	r2, r1, r3
100064ec:	445a      	add	r2, fp
100064ee:	b292      	uxth	r2, r2
100064f0:	e7b2      	b.n	10006458 <tu_fifo_write_n+0xc8>
100064f2:	4291      	cmp	r1, r2
100064f4:	ddbe      	ble.n	10006474 <tu_fifo_write_n+0xe4>
100064f6:	e7c4      	b.n	10006482 <tu_fifo_write_n+0xf2>

100064f8 <tu_fifo_clear>:
100064f8:	b510      	push	{r4, lr}
100064fa:	0004      	movs	r4, r0
100064fc:	68c0      	ldr	r0, [r0, #12]
100064fe:	2800      	cmp	r0, #0
10006500:	d003      	beq.n	1000650a <tu_fifo_clear+0x12>
10006502:	2101      	movs	r1, #1
10006504:	4249      	negs	r1, r1
10006506:	f003 fa47 	bl	10009998 <__mutex_enter_timeout_ms_veneer>
1000650a:	6920      	ldr	r0, [r4, #16]
1000650c:	2800      	cmp	r0, #0
1000650e:	d003      	beq.n	10006518 <tu_fifo_clear+0x20>
10006510:	2101      	movs	r1, #1
10006512:	4249      	negs	r1, r1
10006514:	f003 fa40 	bl	10009998 <__mutex_enter_timeout_ms_veneer>
10006518:	2300      	movs	r3, #0
1000651a:	68e0      	ldr	r0, [r4, #12]
1000651c:	8163      	strh	r3, [r4, #10]
1000651e:	8123      	strh	r3, [r4, #8]
10006520:	2800      	cmp	r0, #0
10006522:	d001      	beq.n	10006528 <tu_fifo_clear+0x30>
10006524:	f003 fa08 	bl	10009938 <__mutex_exit_veneer>
10006528:	6920      	ldr	r0, [r4, #16]
1000652a:	2800      	cmp	r0, #0
1000652c:	d001      	beq.n	10006532 <tu_fifo_clear+0x3a>
1000652e:	f003 fa03 	bl	10009938 <__mutex_exit_veneer>
10006532:	2001      	movs	r0, #1
10006534:	bd10      	pop	{r4, pc}
10006536:	46c0      	nop			@ (mov r8, r8)

10006538 <tu_fifo_set_overwritable>:
10006538:	b570      	push	{r4, r5, r6, lr}
1000653a:	0004      	movs	r4, r0
1000653c:	68c0      	ldr	r0, [r0, #12]
1000653e:	000d      	movs	r5, r1
10006540:	2800      	cmp	r0, #0
10006542:	d003      	beq.n	1000654c <tu_fifo_set_overwritable+0x14>
10006544:	2101      	movs	r1, #1
10006546:	4249      	negs	r1, r1
10006548:	f003 fa26 	bl	10009998 <__mutex_enter_timeout_ms_veneer>
1000654c:	6920      	ldr	r0, [r4, #16]
1000654e:	2800      	cmp	r0, #0
10006550:	d003      	beq.n	1000655a <tu_fifo_set_overwritable+0x22>
10006552:	2101      	movs	r1, #1
10006554:	4249      	negs	r1, r1
10006556:	f003 fa1f 	bl	10009998 <__mutex_enter_timeout_ms_veneer>
1000655a:	217f      	movs	r1, #127	@ 0x7f
1000655c:	79e3      	ldrb	r3, [r4, #7]
1000655e:	01ed      	lsls	r5, r5, #7
10006560:	4019      	ands	r1, r3
10006562:	68e0      	ldr	r0, [r4, #12]
10006564:	4329      	orrs	r1, r5
10006566:	71e1      	strb	r1, [r4, #7]
10006568:	2800      	cmp	r0, #0
1000656a:	d001      	beq.n	10006570 <tu_fifo_set_overwritable+0x38>
1000656c:	f003 f9e4 	bl	10009938 <__mutex_exit_veneer>
10006570:	6920      	ldr	r0, [r4, #16]
10006572:	2800      	cmp	r0, #0
10006574:	d001      	beq.n	1000657a <tu_fifo_set_overwritable+0x42>
10006576:	f003 f9df 	bl	10009938 <__mutex_exit_veneer>
1000657a:	2001      	movs	r0, #1
1000657c:	bd70      	pop	{r4, r5, r6, pc}
1000657e:	46c0      	nop			@ (mov r8, r8)

10006580 <pvPortMalloc>:
10006580:	b5f0      	push	{r4, r5, r6, r7, lr}
10006582:	46c6      	mov	lr, r8
10006584:	1e43      	subs	r3, r0, #1
10006586:	b500      	push	{lr}
10006588:	330a      	adds	r3, #10
1000658a:	d814      	bhi.n	100065b6 <pvPortMalloc+0x36>
1000658c:	2307      	movs	r3, #7
1000658e:	0004      	movs	r4, r0
10006590:	001a      	movs	r2, r3
10006592:	3408      	adds	r4, #8
10006594:	4022      	ands	r2, r4
10006596:	4223      	tst	r3, r4
10006598:	d06c      	beq.n	10006674 <pvPortMalloc+0xf4>
1000659a:	0013      	movs	r3, r2
1000659c:	3b09      	subs	r3, #9
1000659e:	42a3      	cmp	r3, r4
100065a0:	d309      	bcc.n	100065b6 <pvPortMalloc+0x36>
100065a2:	3010      	adds	r0, #16
100065a4:	1a84      	subs	r4, r0, r2
100065a6:	f001 fa4f 	bl	10007a48 <vTaskSuspendAll>
100065aa:	4a37      	ldr	r2, [pc, #220]	@ (10006688 <pvPortMalloc+0x108>)
100065ac:	0027      	movs	r7, r4
100065ae:	6815      	ldr	r5, [r2, #0]
100065b0:	2d00      	cmp	r5, #0
100065b2:	d128      	bne.n	10006606 <pvPortMalloc+0x86>
100065b4:	e00e      	b.n	100065d4 <pvPortMalloc+0x54>
100065b6:	f001 fa47 	bl	10007a48 <vTaskSuspendAll>
100065ba:	4a33      	ldr	r2, [pc, #204]	@ (10006688 <pvPortMalloc+0x108>)
100065bc:	6813      	ldr	r3, [r2, #0]
100065be:	2b00      	cmp	r3, #0
100065c0:	d006      	beq.n	100065d0 <pvPortMalloc+0x50>
100065c2:	2500      	movs	r5, #0
100065c4:	f001 fa48 	bl	10007a58 <xTaskResumeAll>
100065c8:	0028      	movs	r0, r5
100065ca:	bc80      	pop	{r7}
100065cc:	46b8      	mov	r8, r7
100065ce:	bdf0      	pop	{r4, r5, r6, r7, pc}
100065d0:	2700      	movs	r7, #0
100065d2:	2400      	movs	r4, #0
100065d4:	2007      	movs	r0, #7
100065d6:	4d2d      	ldr	r5, [pc, #180]	@ (1000668c <pvPortMalloc+0x10c>)
100065d8:	002b      	movs	r3, r5
100065da:	0029      	movs	r1, r5
100065dc:	4228      	tst	r0, r5
100065de:	d145      	bne.n	1000666c <pvPortMalloc+0xec>
100065e0:	2000      	movs	r0, #0
100065e2:	4e2b      	ldr	r6, [pc, #172]	@ (10006690 <pvPortMalloc+0x110>)
100065e4:	6070      	str	r0, [r6, #4]
100065e6:	6031      	str	r1, [r6, #0]
100065e8:	4e2a      	ldr	r6, [pc, #168]	@ (10006694 <pvPortMalloc+0x114>)
100065ea:	46b4      	mov	ip, r6
100065ec:	2607      	movs	r6, #7
100065ee:	4465      	add	r5, ip
100065f0:	43b5      	bics	r5, r6
100065f2:	6015      	str	r5, [r2, #0]
100065f4:	4a28      	ldr	r2, [pc, #160]	@ (10006698 <pvPortMalloc+0x118>)
100065f6:	1aeb      	subs	r3, r5, r3
100065f8:	6013      	str	r3, [r2, #0]
100065fa:	4a28      	ldr	r2, [pc, #160]	@ (1000669c <pvPortMalloc+0x11c>)
100065fc:	6068      	str	r0, [r5, #4]
100065fe:	6028      	str	r0, [r5, #0]
10006600:	6013      	str	r3, [r2, #0]
10006602:	604b      	str	r3, [r1, #4]
10006604:	600d      	str	r5, [r1, #0]
10006606:	2f00      	cmp	r7, #0
10006608:	dddb      	ble.n	100065c2 <pvPortMalloc+0x42>
1000660a:	4f24      	ldr	r7, [pc, #144]	@ (1000669c <pvPortMalloc+0x11c>)
1000660c:	683e      	ldr	r6, [r7, #0]
1000660e:	42a6      	cmp	r6, r4
10006610:	d3d7      	bcc.n	100065c2 <pvPortMalloc+0x42>
10006612:	481f      	ldr	r0, [pc, #124]	@ (10006690 <pvPortMalloc+0x110>)
10006614:	6803      	ldr	r3, [r0, #0]
10006616:	e004      	b.n	10006622 <pvPortMalloc+0xa2>
10006618:	681a      	ldr	r2, [r3, #0]
1000661a:	2a00      	cmp	r2, #0
1000661c:	d004      	beq.n	10006628 <pvPortMalloc+0xa8>
1000661e:	0018      	movs	r0, r3
10006620:	0013      	movs	r3, r2
10006622:	6859      	ldr	r1, [r3, #4]
10006624:	42a1      	cmp	r1, r4
10006626:	d3f7      	bcc.n	10006618 <pvPortMalloc+0x98>
10006628:	42ab      	cmp	r3, r5
1000662a:	d0ca      	beq.n	100065c2 <pvPortMalloc+0x42>
1000662c:	001d      	movs	r5, r3
1000662e:	681a      	ldr	r2, [r3, #0]
10006630:	3508      	adds	r5, #8
10006632:	4690      	mov	r8, r2
10006634:	6002      	str	r2, [r0, #0]
10006636:	1b0a      	subs	r2, r1, r4
10006638:	2a10      	cmp	r2, #16
1000663a:	d905      	bls.n	10006648 <pvPortMalloc+0xc8>
1000663c:	1919      	adds	r1, r3, r4
1000663e:	604a      	str	r2, [r1, #4]
10006640:	4642      	mov	r2, r8
10006642:	600a      	str	r2, [r1, #0]
10006644:	6001      	str	r1, [r0, #0]
10006646:	0021      	movs	r1, r4
10006648:	4a13      	ldr	r2, [pc, #76]	@ (10006698 <pvPortMalloc+0x118>)
1000664a:	1a76      	subs	r6, r6, r1
1000664c:	6810      	ldr	r0, [r2, #0]
1000664e:	603e      	str	r6, [r7, #0]
10006650:	4286      	cmp	r6, r0
10006652:	d200      	bcs.n	10006656 <pvPortMalloc+0xd6>
10006654:	6016      	str	r6, [r2, #0]
10006656:	2280      	movs	r2, #128	@ 0x80
10006658:	0612      	lsls	r2, r2, #24
1000665a:	430a      	orrs	r2, r1
1000665c:	605a      	str	r2, [r3, #4]
1000665e:	2200      	movs	r2, #0
10006660:	601a      	str	r2, [r3, #0]
10006662:	4a0f      	ldr	r2, [pc, #60]	@ (100066a0 <pvPortMalloc+0x120>)
10006664:	6813      	ldr	r3, [r2, #0]
10006666:	3301      	adds	r3, #1
10006668:	6013      	str	r3, [r2, #0]
1000666a:	e7ab      	b.n	100065c4 <pvPortMalloc+0x44>
1000666c:	1deb      	adds	r3, r5, #7
1000666e:	4383      	bics	r3, r0
10006670:	0019      	movs	r1, r3
10006672:	e7b5      	b.n	100065e0 <pvPortMalloc+0x60>
10006674:	f001 f9e8 	bl	10007a48 <vTaskSuspendAll>
10006678:	4a03      	ldr	r2, [pc, #12]	@ (10006688 <pvPortMalloc+0x108>)
1000667a:	0027      	movs	r7, r4
1000667c:	6815      	ldr	r5, [r2, #0]
1000667e:	2d00      	cmp	r5, #0
10006680:	d0a8      	beq.n	100065d4 <pvPortMalloc+0x54>
10006682:	2c00      	cmp	r4, #0
10006684:	dac1      	bge.n	1000660a <pvPortMalloc+0x8a>
10006686:	e79c      	b.n	100065c2 <pvPortMalloc+0x42>
10006688:	20001fe8 	.word	0x20001fe8
1000668c:	20002390 	.word	0x20002390
10006690:	20022450 	.word	0x20022450
10006694:	0001fff8 	.word	0x0001fff8
10006698:	20022420 	.word	0x20022420
1000669c:	20022414 	.word	0x20022414
100066a0:	2002242c 	.word	0x2002242c

100066a4 <vPortFree>:
100066a4:	b570      	push	{r4, r5, r6, lr}
100066a6:	2800      	cmp	r0, #0
100066a8:	d004      	beq.n	100066b4 <vPortFree+0x10>
100066aa:	3808      	subs	r0, #8
100066ac:	6843      	ldr	r3, [r0, #4]
100066ae:	0004      	movs	r4, r0
100066b0:	2b00      	cmp	r3, #0
100066b2:	db00      	blt.n	100066b6 <vPortFree+0x12>
100066b4:	bd70      	pop	{r4, r5, r6, pc}
100066b6:	6802      	ldr	r2, [r0, #0]
100066b8:	2a00      	cmp	r2, #0
100066ba:	d1fb      	bne.n	100066b4 <vPortFree+0x10>
100066bc:	005b      	lsls	r3, r3, #1
100066be:	085b      	lsrs	r3, r3, #1
100066c0:	6043      	str	r3, [r0, #4]
100066c2:	0005      	movs	r5, r0
100066c4:	f001 f9c0 	bl	10007a48 <vTaskSuspendAll>
100066c8:	4a18      	ldr	r2, [pc, #96]	@ (1000672c <vPortFree+0x88>)
100066ca:	6861      	ldr	r1, [r4, #4]
100066cc:	6813      	ldr	r3, [r2, #0]
100066ce:	185b      	adds	r3, r3, r1
100066d0:	6013      	str	r3, [r2, #0]
100066d2:	4b17      	ldr	r3, [pc, #92]	@ (10006730 <vPortFree+0x8c>)
100066d4:	001a      	movs	r2, r3
100066d6:	681b      	ldr	r3, [r3, #0]
100066d8:	429c      	cmp	r4, r3
100066da:	d8fb      	bhi.n	100066d4 <vPortFree+0x30>
100066dc:	6850      	ldr	r0, [r2, #4]
100066de:	1816      	adds	r6, r2, r0
100066e0:	42b4      	cmp	r4, r6
100066e2:	d00d      	beq.n	10006700 <vPortFree+0x5c>
100066e4:	1860      	adds	r0, r4, r1
100066e6:	4283      	cmp	r3, r0
100066e8:	d01a      	beq.n	10006720 <vPortFree+0x7c>
100066ea:	6023      	str	r3, [r4, #0]
100066ec:	42aa      	cmp	r2, r5
100066ee:	d000      	beq.n	100066f2 <vPortFree+0x4e>
100066f0:	6015      	str	r5, [r2, #0]
100066f2:	4a10      	ldr	r2, [pc, #64]	@ (10006734 <vPortFree+0x90>)
100066f4:	6813      	ldr	r3, [r2, #0]
100066f6:	3301      	adds	r3, #1
100066f8:	6013      	str	r3, [r2, #0]
100066fa:	f001 f9ad 	bl	10007a58 <xTaskResumeAll>
100066fe:	e7d9      	b.n	100066b4 <vPortFree+0x10>
10006700:	1809      	adds	r1, r1, r0
10006702:	1850      	adds	r0, r2, r1
10006704:	6051      	str	r1, [r2, #4]
10006706:	4283      	cmp	r3, r0
10006708:	d1f3      	bne.n	100066f2 <vPortFree+0x4e>
1000670a:	480b      	ldr	r0, [pc, #44]	@ (10006738 <vPortFree+0x94>)
1000670c:	0015      	movs	r5, r2
1000670e:	6800      	ldr	r0, [r0, #0]
10006710:	4298      	cmp	r0, r3
10006712:	d0ee      	beq.n	100066f2 <vPortFree+0x4e>
10006714:	6858      	ldr	r0, [r3, #4]
10006716:	681b      	ldr	r3, [r3, #0]
10006718:	1841      	adds	r1, r0, r1
1000671a:	6069      	str	r1, [r5, #4]
1000671c:	602b      	str	r3, [r5, #0]
1000671e:	e7e5      	b.n	100066ec <vPortFree+0x48>
10006720:	4805      	ldr	r0, [pc, #20]	@ (10006738 <vPortFree+0x94>)
10006722:	6800      	ldr	r0, [r0, #0]
10006724:	4283      	cmp	r3, r0
10006726:	d1f5      	bne.n	10006714 <vPortFree+0x70>
10006728:	e7df      	b.n	100066ea <vPortFree+0x46>
1000672a:	46c0      	nop			@ (mov r8, r8)
1000672c:	20022414 	.word	0x20022414
10006730:	20022450 	.word	0x20022450
10006734:	20022430 	.word	0x20022430
10006738:	20001fe8 	.word	0x20001fe8
1000673c:	00000000 	.word	0x00000000

10006740 <vPortStartFirstTask>:
10006740:	4a0b      	ldr	r2, [pc, #44]	@ (10006770 <pxCurrentTCBConst1>)
10006742:	6813      	ldr	r3, [r2, #0]
10006744:	6818      	ldr	r0, [r3, #0]
10006746:	3020      	adds	r0, #32
10006748:	f380 8809 	msr	PSP, r0
1000674c:	2002      	movs	r0, #2
1000674e:	f380 8814 	msr	CONTROL, r0
10006752:	f3bf 8f6f 	isb	sy
10006756:	bc3f      	pop	{r0, r1, r2, r3, r4, r5}
10006758:	46ae      	mov	lr, r5
1000675a:	bc08      	pop	{r3}
1000675c:	bc04      	pop	{r2}
1000675e:	b662      	cpsie	i
10006760:	4718      	bx	r3
10006762:	46c0      	nop			@ (mov r8, r8)
10006764:	46c0      	nop			@ (mov r8, r8)
10006766:	46c0      	nop			@ (mov r8, r8)
10006768:	46c0      	nop			@ (mov r8, r8)
1000676a:	46c0      	nop			@ (mov r8, r8)
1000676c:	46c0      	nop			@ (mov r8, r8)
1000676e:	46c0      	nop			@ (mov r8, r8)

10006770 <pxCurrentTCBConst1>:
10006770:	20001fdc 	.word	0x20001fdc
	...

10006780 <xPortPendSVHandler>:
10006780:	f3ef 8009 	mrs	r0, PSP
10006784:	4b16      	ldr	r3, [pc, #88]	@ (100067e0 <pxCurrentTCBConst2>)
10006786:	681a      	ldr	r2, [r3, #0]
10006788:	3820      	subs	r0, #32
1000678a:	6010      	str	r0, [r2, #0]
1000678c:	c0f0      	stmia	r0!, {r4, r5, r6, r7}
1000678e:	4644      	mov	r4, r8
10006790:	464d      	mov	r5, r9
10006792:	4656      	mov	r6, sl
10006794:	465f      	mov	r7, fp
10006796:	c0f0      	stmia	r0!, {r4, r5, r6, r7}
10006798:	220d      	movs	r2, #13
1000679a:	0712      	lsls	r2, r2, #28
1000679c:	6e14      	ldr	r4, [r2, #96]	@ 0x60
1000679e:	6e55      	ldr	r5, [r2, #100]	@ 0x64
100067a0:	6f56      	ldr	r6, [r2, #116]	@ 0x74
100067a2:	6f17      	ldr	r7, [r2, #112]	@ 0x70
100067a4:	3830      	subs	r0, #48	@ 0x30
100067a6:	c0f0      	stmia	r0!, {r4, r5, r6, r7}
100067a8:	b508      	push	{r3, lr}
100067aa:	b672      	cpsid	i
100067ac:	f001 fa7a 	bl	10007ca4 <vTaskSwitchContext>
100067b0:	b662      	cpsie	i
100067b2:	bc0c      	pop	{r2, r3}
100067b4:	6811      	ldr	r1, [r2, #0]
100067b6:	6808      	ldr	r0, [r1, #0]
100067b8:	3010      	adds	r0, #16
100067ba:	c8f0      	ldmia	r0!, {r4, r5, r6, r7}
100067bc:	46a0      	mov	r8, r4
100067be:	46a9      	mov	r9, r5
100067c0:	46b2      	mov	sl, r6
100067c2:	46bb      	mov	fp, r7
100067c4:	f380 8809 	msr	PSP, r0
100067c8:	220d      	movs	r2, #13
100067ca:	0712      	lsls	r2, r2, #28
100067cc:	3830      	subs	r0, #48	@ 0x30
100067ce:	c8f0      	ldmia	r0!, {r4, r5, r6, r7}
100067d0:	6614      	str	r4, [r2, #96]	@ 0x60
100067d2:	6655      	str	r5, [r2, #100]	@ 0x64
100067d4:	6756      	str	r6, [r2, #116]	@ 0x74
100067d6:	6717      	str	r7, [r2, #112]	@ 0x70
100067d8:	c8f0      	ldmia	r0!, {r4, r5, r6, r7}
100067da:	4718      	bx	r3
100067dc:	46c0      	nop			@ (mov r8, r8)
100067de:	46c0      	nop			@ (mov r8, r8)

100067e0 <pxCurrentTCBConst2>:
100067e0:	20001fdc 	.word	0x20001fdc

100067e4 <prvTaskExitError>:
100067e4:	b510      	push	{r4, lr}
100067e6:	f7f9 fe21 	bl	1000042c <panic_unsupported>
100067ea:	46c0      	nop			@ (mov r8, r8)

100067ec <prvFIFOInterruptHandler>:
100067ec:	23d0      	movs	r3, #208	@ 0xd0
100067ee:	b500      	push	{lr}
100067f0:	061b      	lsls	r3, r3, #24
100067f2:	6d1a      	ldr	r2, [r3, #80]	@ 0x50
100067f4:	b083      	sub	sp, #12
100067f6:	07d2      	lsls	r2, r2, #31
100067f8:	d504      	bpl.n	10006804 <prvFIFOInterruptHandler+0x18>
100067fa:	2101      	movs	r1, #1
100067fc:	6d9a      	ldr	r2, [r3, #88]	@ 0x58
100067fe:	6d1a      	ldr	r2, [r3, #80]	@ 0x50
10006800:	4211      	tst	r1, r2
10006802:	d1fb      	bne.n	100067fc <prvFIFOInterruptHandler+0x10>
10006804:	23d0      	movs	r3, #208	@ 0xd0
10006806:	22ff      	movs	r2, #255	@ 0xff
10006808:	061b      	lsls	r3, r3, #24
1000680a:	651a      	str	r2, [r3, #80]	@ 0x50
1000680c:	2300      	movs	r3, #0
1000680e:	4a11      	ldr	r2, [pc, #68]	@ (10006854 <prvFIFOInterruptHandler+0x68>)
10006810:	9301      	str	r3, [sp, #4]
10006812:	6811      	ldr	r1, [r2, #0]
10006814:	f3ef 8c10 	mrs	ip, PRIMASK
10006818:	b672      	cpsid	i
1000681a:	680b      	ldr	r3, [r1, #0]
1000681c:	2b00      	cmp	r3, #0
1000681e:	d0fc      	beq.n	1000681a <prvFIFOInterruptHandler+0x2e>
10006820:	f3bf 8f5f 	dmb	sy
10006824:	2300      	movs	r3, #0
10006826:	480c      	ldr	r0, [pc, #48]	@ (10006858 <prvFIFOInterruptHandler+0x6c>)
10006828:	6812      	ldr	r2, [r2, #0]
1000682a:	6801      	ldr	r1, [r0, #0]
1000682c:	6003      	str	r3, [r0, #0]
1000682e:	f3bf 8f5f 	dmb	sy
10006832:	6013      	str	r3, [r2, #0]
10006834:	f38c 8810 	msr	PRIMASK, ip
10006838:	4b08      	ldr	r3, [pc, #32]	@ (1000685c <prvFIFOInterruptHandler+0x70>)
1000683a:	aa01      	add	r2, sp, #4
1000683c:	6818      	ldr	r0, [r3, #0]
1000683e:	f000 fb0b 	bl	10006e58 <xEventGroupSetBitsFromISR>
10006842:	9b01      	ldr	r3, [sp, #4]
10006844:	2b00      	cmp	r3, #0
10006846:	d003      	beq.n	10006850 <prvFIFOInterruptHandler+0x64>
10006848:	2280      	movs	r2, #128	@ 0x80
1000684a:	4b05      	ldr	r3, [pc, #20]	@ (10006860 <prvFIFOInterruptHandler+0x74>)
1000684c:	0552      	lsls	r2, r2, #21
1000684e:	601a      	str	r2, [r3, #0]
10006850:	b003      	add	sp, #12
10006852:	bd00      	pop	{pc}
10006854:	20001fd8 	.word	0x20001fd8
10006858:	200223a8 	.word	0x200223a8
1000685c:	20022410 	.word	0x20022410
10006860:	e000ed04 	.word	0xe000ed04

10006864 <vPortSVCHandler>:
10006864:	4770      	bx	lr
10006866:	46c0      	nop			@ (mov r8, r8)

10006868 <pxPortInitialiseStack>:
10006868:	b510      	push	{r4, lr}
1000686a:	2480      	movs	r4, #128	@ 0x80
1000686c:	1f03      	subs	r3, r0, #4
1000686e:	0464      	lsls	r4, r4, #17
10006870:	601c      	str	r4, [r3, #0]
10006872:	3b04      	subs	r3, #4
10006874:	6019      	str	r1, [r3, #0]
10006876:	4903      	ldr	r1, [pc, #12]	@ (10006884 <pxPortInitialiseStack+0x1c>)
10006878:	3b04      	subs	r3, #4
1000687a:	6019      	str	r1, [r3, #0]
1000687c:	3b14      	subs	r3, #20
1000687e:	3840      	subs	r0, #64	@ 0x40
10006880:	601a      	str	r2, [r3, #0]
10006882:	bd10      	pop	{r4, pc}
10006884:	100067e5 	.word	0x100067e5

10006888 <vPortYield>:
10006888:	2280      	movs	r2, #128	@ 0x80
1000688a:	4b04      	ldr	r3, [pc, #16]	@ (1000689c <vPortYield+0x14>)
1000688c:	0552      	lsls	r2, r2, #21
1000688e:	601a      	str	r2, [r3, #0]
10006890:	f3bf 8f4f 	dsb	sy
10006894:	f3bf 8f6f 	isb	sy
10006898:	4770      	bx	lr
1000689a:	46c0      	nop			@ (mov r8, r8)
1000689c:	e000ed04 	.word	0xe000ed04

100068a0 <vPortEnterCritical>:
100068a0:	b672      	cpsid	i
100068a2:	4a04      	ldr	r2, [pc, #16]	@ (100068b4 <vPortEnterCritical+0x14>)
100068a4:	6813      	ldr	r3, [r2, #0]
100068a6:	3301      	adds	r3, #1
100068a8:	6013      	str	r3, [r2, #0]
100068aa:	f3bf 8f4f 	dsb	sy
100068ae:	f3bf 8f6f 	isb	sy
100068b2:	4770      	bx	lr
100068b4:	200223a4 	.word	0x200223a4

100068b8 <vPortExitCritical>:
100068b8:	4a03      	ldr	r2, [pc, #12]	@ (100068c8 <vPortExitCritical+0x10>)
100068ba:	6813      	ldr	r3, [r2, #0]
100068bc:	3b01      	subs	r3, #1
100068be:	6013      	str	r3, [r2, #0]
100068c0:	2b00      	cmp	r3, #0
100068c2:	d100      	bne.n	100068c6 <vPortExitCritical+0xe>
100068c4:	b662      	cpsie	i
100068c6:	4770      	bx	lr
100068c8:	200223a4 	.word	0x200223a4

100068cc <ulSetInterruptMaskFromISR>:
100068cc:	f3ef 8010 	mrs	r0, PRIMASK
100068d0:	b672      	cpsid	i
100068d2:	4770      	bx	lr

100068d4 <vClearInterruptMaskFromISR>:
100068d4:	f380 8810 	msr	PRIMASK, r0
100068d8:	4770      	bx	lr
100068da:	46c0      	nop			@ (mov r8, r8)

100068dc <xPortSysTickHandler>:
100068dc:	b510      	push	{r4, lr}
100068de:	f7ff fff5 	bl	100068cc <ulSetInterruptMaskFromISR>
100068e2:	0004      	movs	r4, r0
100068e4:	f001 f9cc 	bl	10007c80 <xTaskIncrementTick>
100068e8:	2800      	cmp	r0, #0
100068ea:	d003      	beq.n	100068f4 <xPortSysTickHandler+0x18>
100068ec:	2280      	movs	r2, #128	@ 0x80
100068ee:	4b03      	ldr	r3, [pc, #12]	@ (100068fc <xPortSysTickHandler+0x20>)
100068f0:	0552      	lsls	r2, r2, #21
100068f2:	601a      	str	r2, [r3, #0]
100068f4:	0020      	movs	r0, r4
100068f6:	f7ff ffed 	bl	100068d4 <vClearInterruptMaskFromISR>
100068fa:	bd10      	pop	{r4, pc}
100068fc:	e000ed04 	.word	0xe000ed04

10006900 <vPortSetupTimerInterrupt>:
10006900:	2300      	movs	r3, #0
10006902:	b510      	push	{r4, lr}
10006904:	4a08      	ldr	r2, [pc, #32]	@ (10006928 <vPortSetupTimerInterrupt+0x28>)
10006906:	4c09      	ldr	r4, [pc, #36]	@ (1000692c <vPortSetupTimerInterrupt+0x2c>)
10006908:	2005      	movs	r0, #5
1000690a:	6023      	str	r3, [r4, #0]
1000690c:	6013      	str	r3, [r2, #0]
1000690e:	f7fa fd87 	bl	10001420 <clock_get_hz>
10006912:	21fa      	movs	r1, #250	@ 0xfa
10006914:	0089      	lsls	r1, r1, #2
10006916:	f7fa ffeb 	bl	100018f0 <__wrap___aeabi_uidiv>
1000691a:	4b05      	ldr	r3, [pc, #20]	@ (10006930 <vPortSetupTimerInterrupt+0x30>)
1000691c:	3801      	subs	r0, #1
1000691e:	6018      	str	r0, [r3, #0]
10006920:	2307      	movs	r3, #7
10006922:	6023      	str	r3, [r4, #0]
10006924:	bd10      	pop	{r4, pc}
10006926:	46c0      	nop			@ (mov r8, r8)
10006928:	e000e018 	.word	0xe000e018
1000692c:	e000e010 	.word	0xe000e010
10006930:	e000e014 	.word	0xe000e014

10006934 <xPortStartScheduler>:
10006934:	22ff      	movs	r2, #255	@ 0xff
10006936:	4b1f      	ldr	r3, [pc, #124]	@ (100069b4 <xPortStartScheduler+0x80>)
10006938:	0412      	lsls	r2, r2, #16
1000693a:	6819      	ldr	r1, [r3, #0]
1000693c:	b510      	push	{r4, lr}
1000693e:	430a      	orrs	r2, r1
10006940:	601a      	str	r2, [r3, #0]
10006942:	22ff      	movs	r2, #255	@ 0xff
10006944:	6819      	ldr	r1, [r3, #0]
10006946:	0612      	lsls	r2, r2, #24
10006948:	430a      	orrs	r2, r1
1000694a:	601a      	str	r2, [r3, #0]
1000694c:	491a      	ldr	r1, [pc, #104]	@ (100069b8 <xPortStartScheduler+0x84>)
1000694e:	200e      	movs	r0, #14
10006950:	f001 fe84 	bl	1000865c <exception_set_exclusive_handler>
10006954:	4919      	ldr	r1, [pc, #100]	@ (100069bc <xPortStartScheduler+0x88>)
10006956:	200f      	movs	r0, #15
10006958:	f001 fe80 	bl	1000865c <exception_set_exclusive_handler>
1000695c:	4918      	ldr	r1, [pc, #96]	@ (100069c0 <xPortStartScheduler+0x8c>)
1000695e:	200b      	movs	r0, #11
10006960:	f001 fe7c 	bl	1000865c <exception_set_exclusive_handler>
10006964:	f7ff ffcc 	bl	10006900 <vPortSetupTimerInterrupt>
10006968:	2200      	movs	r2, #0
1000696a:	4b16      	ldr	r3, [pc, #88]	@ (100069c4 <xPortStartScheduler+0x90>)
1000696c:	601a      	str	r2, [r3, #0]
1000696e:	23d0      	movs	r3, #208	@ 0xd0
10006970:	061b      	lsls	r3, r3, #24
10006972:	4a15      	ldr	r2, [pc, #84]	@ (100069c8 <xPortStartScheduler+0x94>)
10006974:	681c      	ldr	r4, [r3, #0]
10006976:	7014      	strb	r4, [r2, #0]
10006978:	22ff      	movs	r2, #255	@ 0xff
1000697a:	651a      	str	r2, [r3, #80]	@ 0x50
1000697c:	6d1a      	ldr	r2, [r3, #80]	@ 0x50
1000697e:	07d2      	lsls	r2, r2, #31
10006980:	d504      	bpl.n	1000698c <xPortStartScheduler+0x58>
10006982:	2101      	movs	r1, #1
10006984:	6d9a      	ldr	r2, [r3, #88]	@ 0x58
10006986:	6d1a      	ldr	r2, [r3, #80]	@ 0x50
10006988:	4211      	tst	r1, r2
1000698a:	d1fb      	bne.n	10006984 <xPortStartScheduler+0x50>
1000698c:	340f      	adds	r4, #15
1000698e:	21ff      	movs	r1, #255	@ 0xff
10006990:	0020      	movs	r0, r4
10006992:	f7f9 ff51 	bl	10000838 <irq_set_priority>
10006996:	0020      	movs	r0, r4
10006998:	490c      	ldr	r1, [pc, #48]	@ (100069cc <xPortStartScheduler+0x98>)
1000699a:	f7f9 fe29 	bl	100005f0 <irq_set_exclusive_handler>
1000699e:	2101      	movs	r1, #1
100069a0:	0020      	movs	r0, r4
100069a2:	f7f9 fded 	bl	10000580 <irq_set_enabled>
100069a6:	f7ff fecb 	bl	10006740 <vPortStartFirstTask>
100069aa:	f001 f97b 	bl	10007ca4 <vTaskSwitchContext>
100069ae:	f7f9 fd3d 	bl	1000042c <panic_unsupported>
100069b2:	46c0      	nop			@ (mov r8, r8)
100069b4:	e000ed20 	.word	0xe000ed20
100069b8:	10006781 	.word	0x10006781
100069bc:	100068dd 	.word	0x100068dd
100069c0:	10006865 	.word	0x10006865
100069c4:	200223a4 	.word	0x200223a4
100069c8:	200010a5 	.word	0x200010a5
100069cc:	100067ed 	.word	0x100067ed

100069d0 <ulPortLockGetCurrentOwnerId>:
100069d0:	23d0      	movs	r3, #208	@ 0xd0
100069d2:	b510      	push	{r4, lr}
100069d4:	061b      	lsls	r3, r3, #24
100069d6:	6818      	ldr	r0, [r3, #0]
100069d8:	4b07      	ldr	r3, [pc, #28]	@ (100069f8 <ulPortLockGetCurrentOwnerId+0x28>)
100069da:	781b      	ldrb	r3, [r3, #0]
100069dc:	4283      	cmp	r3, r0
100069de:	d000      	beq.n	100069e2 <ulPortLockGetCurrentOwnerId+0x12>
100069e0:	bd10      	pop	{r4, pc}
100069e2:	f3ef 8305 	mrs	r3, IPSR
100069e6:	2b00      	cmp	r3, #0
100069e8:	d002      	beq.n	100069f0 <ulPortLockGetCurrentOwnerId+0x20>
100069ea:	005b      	lsls	r3, r3, #1
100069ec:	18c0      	adds	r0, r0, r3
100069ee:	e7f7      	b.n	100069e0 <ulPortLockGetCurrentOwnerId+0x10>
100069f0:	f001 fbc6 	bl	10008180 <xTaskGetCurrentTaskHandle>
100069f4:	e7f4      	b.n	100069e0 <ulPortLockGetCurrentOwnerId+0x10>
100069f6:	46c0      	nop			@ (mov r8, r8)
100069f8:	200010a5 	.word	0x200010a5

100069fc <vPortLockInternalSpinUnlockWithWait>:
100069fc:	b510      	push	{r4, lr}
100069fe:	0003      	movs	r3, r0
10006a00:	6802      	ldr	r2, [r0, #0]
10006a02:	4815      	ldr	r0, [pc, #84]	@ (10006a58 <vPortLockInternalSpinUnlockWithWait+0x5c>)
10006a04:	b082      	sub	sp, #8
10006a06:	7804      	ldrb	r4, [r0, #0]
10006a08:	20d0      	movs	r0, #208	@ 0xd0
10006a0a:	0600      	lsls	r0, r0, #24
10006a0c:	6800      	ldr	r0, [r0, #0]
10006a0e:	4284      	cmp	r4, r0
10006a10:	d008      	beq.n	10006a24 <vPortLockInternalSpinUnlockWithWait+0x28>
10006a12:	f3bf 8f5f 	dmb	sy
10006a16:	2300      	movs	r3, #0
10006a18:	6013      	str	r3, [r2, #0]
10006a1a:	f381 8810 	msr	PRIMASK, r1
10006a1e:	bf20      	wfe
10006a20:	b002      	add	sp, #8
10006a22:	bd10      	pop	{r4, pc}
10006a24:	f3bf 8f5f 	dmb	sy
10006a28:	2000      	movs	r0, #0
10006a2a:	6010      	str	r0, [r2, #0]
10006a2c:	f381 8810 	msr	PRIMASK, r1
10006a30:	4a0a      	ldr	r2, [pc, #40]	@ (10006a5c <vPortLockInternalSpinUnlockWithWait+0x60>)
10006a32:	681b      	ldr	r3, [r3, #0]
10006a34:	6810      	ldr	r0, [r2, #0]
10006a36:	4a0a      	ldr	r2, [pc, #40]	@ (10006a60 <vPortLockInternalSpinUnlockWithWait+0x64>)
10006a38:	4694      	mov	ip, r2
10006a3a:	4463      	add	r3, ip
10006a3c:	109a      	asrs	r2, r3, #2
10006a3e:	2b5c      	cmp	r3, #92	@ 0x5c
10006a40:	d900      	bls.n	10006a44 <vPortLockInternalSpinUnlockWithWait+0x48>
10006a42:	3a18      	subs	r2, #24
10006a44:	2301      	movs	r3, #1
10006a46:	2101      	movs	r1, #1
10006a48:	425b      	negs	r3, r3
10006a4a:	4091      	lsls	r1, r2
10006a4c:	9300      	str	r3, [sp, #0]
10006a4e:	2201      	movs	r2, #1
10006a50:	2300      	movs	r3, #0
10006a52:	f000 f951 	bl	10006cf8 <xEventGroupWaitBits>
10006a56:	e7e3      	b.n	10006a20 <vPortLockInternalSpinUnlockWithWait+0x24>
10006a58:	200010a5 	.word	0x200010a5
10006a5c:	20022410 	.word	0x20022410
10006a60:	2fffff00 	.word	0x2fffff00

10006a64 <vPortLockInternalSpinUnlockWithNotify>:
10006a64:	000a      	movs	r2, r1
10006a66:	492b      	ldr	r1, [pc, #172]	@ (10006b14 <vPortLockInternalSpinUnlockWithNotify+0xb0>)
10006a68:	b530      	push	{r4, r5, lr}
10006a6a:	468c      	mov	ip, r1
10006a6c:	6803      	ldr	r3, [r0, #0]
10006a6e:	b083      	sub	sp, #12
10006a70:	4463      	add	r3, ip
10006a72:	109c      	asrs	r4, r3, #2
10006a74:	2b5c      	cmp	r3, #92	@ 0x5c
10006a76:	d900      	bls.n	10006a7a <vPortLockInternalSpinUnlockWithNotify+0x16>
10006a78:	3c18      	subs	r4, #24
10006a7a:	2101      	movs	r1, #1
10006a7c:	4b26      	ldr	r3, [pc, #152]	@ (10006b18 <vPortLockInternalSpinUnlockWithNotify+0xb4>)
10006a7e:	40a1      	lsls	r1, r4
10006a80:	781c      	ldrb	r4, [r3, #0]
10006a82:	23d0      	movs	r3, #208	@ 0xd0
10006a84:	061b      	lsls	r3, r3, #24
10006a86:	681b      	ldr	r3, [r3, #0]
10006a88:	429c      	cmp	r4, r3
10006a8a:	d01f      	beq.n	10006acc <vPortLockInternalSpinUnlockWithNotify+0x68>
10006a8c:	bf40      	sev
10006a8e:	4d23      	ldr	r5, [pc, #140]	@ (10006b1c <vPortLockInternalSpinUnlockWithNotify+0xb8>)
10006a90:	6803      	ldr	r3, [r0, #0]
10006a92:	682c      	ldr	r4, [r5, #0]
10006a94:	42a3      	cmp	r3, r4
10006a96:	d034      	beq.n	10006b02 <vPortLockInternalSpinUnlockWithNotify+0x9e>
10006a98:	6823      	ldr	r3, [r4, #0]
10006a9a:	2b00      	cmp	r3, #0
10006a9c:	d0fc      	beq.n	10006a98 <vPortLockInternalSpinUnlockWithNotify+0x34>
10006a9e:	f3bf 8f5f 	dmb	sy
10006aa2:	4c1f      	ldr	r4, [pc, #124]	@ (10006b20 <vPortLockInternalSpinUnlockWithNotify+0xbc>)
10006aa4:	6823      	ldr	r3, [r4, #0]
10006aa6:	430b      	orrs	r3, r1
10006aa8:	6023      	str	r3, [r4, #0]
10006aaa:	682b      	ldr	r3, [r5, #0]
10006aac:	f3bf 8f5f 	dmb	sy
10006ab0:	2100      	movs	r1, #0
10006ab2:	6019      	str	r1, [r3, #0]
10006ab4:	6803      	ldr	r3, [r0, #0]
10006ab6:	20d0      	movs	r0, #208	@ 0xd0
10006ab8:	2100      	movs	r1, #0
10006aba:	0600      	lsls	r0, r0, #24
10006abc:	6541      	str	r1, [r0, #84]	@ 0x54
10006abe:	f3bf 8f5f 	dmb	sy
10006ac2:	6019      	str	r1, [r3, #0]
10006ac4:	f382 8810 	msr	PRIMASK, r2
10006ac8:	b003      	add	sp, #12
10006aca:	bd30      	pop	{r4, r5, pc}
10006acc:	bf40      	sev
10006ace:	6803      	ldr	r3, [r0, #0]
10006ad0:	f3bf 8f5f 	dmb	sy
10006ad4:	2400      	movs	r4, #0
10006ad6:	601c      	str	r4, [r3, #0]
10006ad8:	f382 8810 	msr	PRIMASK, r2
10006adc:	f3ef 8305 	mrs	r3, IPSR
10006ae0:	4a10      	ldr	r2, [pc, #64]	@ (10006b24 <vPortLockInternalSpinUnlockWithNotify+0xc0>)
10006ae2:	b2db      	uxtb	r3, r3
10006ae4:	6810      	ldr	r0, [r2, #0]
10006ae6:	2b00      	cmp	r3, #0
10006ae8:	d010      	beq.n	10006b0c <vPortLockInternalSpinUnlockWithNotify+0xa8>
10006aea:	aa01      	add	r2, sp, #4
10006aec:	9401      	str	r4, [sp, #4]
10006aee:	f000 f9b3 	bl	10006e58 <xEventGroupSetBitsFromISR>
10006af2:	9b01      	ldr	r3, [sp, #4]
10006af4:	2b00      	cmp	r3, #0
10006af6:	d0e7      	beq.n	10006ac8 <vPortLockInternalSpinUnlockWithNotify+0x64>
10006af8:	2280      	movs	r2, #128	@ 0x80
10006afa:	4b0b      	ldr	r3, [pc, #44]	@ (10006b28 <vPortLockInternalSpinUnlockWithNotify+0xc4>)
10006afc:	0552      	lsls	r2, r2, #21
10006afe:	601a      	str	r2, [r3, #0]
10006b00:	e7e2      	b.n	10006ac8 <vPortLockInternalSpinUnlockWithNotify+0x64>
10006b02:	4c07      	ldr	r4, [pc, #28]	@ (10006b20 <vPortLockInternalSpinUnlockWithNotify+0xbc>)
10006b04:	6820      	ldr	r0, [r4, #0]
10006b06:	4308      	orrs	r0, r1
10006b08:	6020      	str	r0, [r4, #0]
10006b0a:	e7d4      	b.n	10006ab6 <vPortLockInternalSpinUnlockWithNotify+0x52>
10006b0c:	f000 f950 	bl	10006db0 <xEventGroupSetBits>
10006b10:	e7da      	b.n	10006ac8 <vPortLockInternalSpinUnlockWithNotify+0x64>
10006b12:	46c0      	nop			@ (mov r8, r8)
10006b14:	2fffff00 	.word	0x2fffff00
10006b18:	200010a5 	.word	0x200010a5
10006b1c:	20001fd8 	.word	0x20001fd8
10006b20:	200223a8 	.word	0x200223a8
10006b24:	20022410 	.word	0x20022410
10006b28:	e000ed04 	.word	0xe000ed04

10006b2c <xPortLockInternalSpinUnlockWithBestEffortWaitOrTimeout>:
10006b2c:	b5f0      	push	{r4, r5, r6, r7, lr}
10006b2e:	46ce      	mov	lr, r9
10006b30:	4647      	mov	r7, r8
10006b32:	b580      	push	{r7, lr}
10006b34:	001d      	movs	r5, r3
10006b36:	4b34      	ldr	r3, [pc, #208]	@ (10006c08 <xPortLockInternalSpinUnlockWithBestEffortWaitOrTimeout+0xdc>)
10006b38:	0014      	movs	r4, r2
10006b3a:	781a      	ldrb	r2, [r3, #0]
10006b3c:	23d0      	movs	r3, #208	@ 0xd0
10006b3e:	061b      	lsls	r3, r3, #24
10006b40:	681b      	ldr	r3, [r3, #0]
10006b42:	4680      	mov	r8, r0
10006b44:	4689      	mov	r9, r1
10006b46:	b083      	sub	sp, #12
10006b48:	429a      	cmp	r2, r3
10006b4a:	d00f      	beq.n	10006b6c <xPortLockInternalSpinUnlockWithBestEffortWaitOrTimeout+0x40>
10006b4c:	6803      	ldr	r3, [r0, #0]
10006b4e:	f3bf 8f5f 	dmb	sy
10006b52:	2200      	movs	r2, #0
10006b54:	601a      	str	r2, [r3, #0]
10006b56:	f381 8810 	msr	PRIMASK, r1
10006b5a:	0020      	movs	r0, r4
10006b5c:	0029      	movs	r1, r5
10006b5e:	f7fa fabf 	bl	100010e0 <best_effort_wfe_or_timeout>
10006b62:	b003      	add	sp, #12
10006b64:	bcc0      	pop	{r6, r7}
10006b66:	46b9      	mov	r9, r7
10006b68:	46b0      	mov	r8, r6
10006b6a:	bdf0      	pop	{r4, r5, r6, r7, pc}
10006b6c:	f7fa fb50 	bl	10001210 <time_us_64>
10006b70:	0026      	movs	r6, r4
10006b72:	002f      	movs	r7, r5
10006b74:	1a36      	subs	r6, r6, r0
10006b76:	418f      	sbcs	r7, r1
10006b78:	2101      	movs	r1, #1
10006b7a:	4824      	ldr	r0, [pc, #144]	@ (10006c0c <xPortLockInternalSpinUnlockWithBestEffortWaitOrTimeout+0xe0>)
10006b7c:	4249      	negs	r1, r1
10006b7e:	1980      	adds	r0, r0, r6
10006b80:	4179      	adcs	r1, r7
10006b82:	4643      	mov	r3, r8
10006b84:	681e      	ldr	r6, [r3, #0]
10006b86:	2900      	cmp	r1, #0
10006b88:	dc1e      	bgt.n	10006bc8 <xPortLockInternalSpinUnlockWithBestEffortWaitOrTimeout+0x9c>
10006b8a:	d019      	beq.n	10006bc0 <xPortLockInternalSpinUnlockWithBestEffortWaitOrTimeout+0x94>
10006b8c:	f3bf 8f5f 	dmb	sy
10006b90:	2300      	movs	r3, #0
10006b92:	6033      	str	r3, [r6, #0]
10006b94:	f389 8810 	msr	PRIMASK, r9
10006b98:	4b1d      	ldr	r3, [pc, #116]	@ (10006c10 <xPortLockInternalSpinUnlockWithBestEffortWaitOrTimeout+0xe4>)
10006b9a:	6a5a      	ldr	r2, [r3, #36]	@ 0x24
10006b9c:	4295      	cmp	r5, r2
10006b9e:	d805      	bhi.n	10006bac <xPortLockInternalSpinUnlockWithBestEffortWaitOrTimeout+0x80>
10006ba0:	6a9b      	ldr	r3, [r3, #40]	@ 0x28
10006ba2:	2001      	movs	r0, #1
10006ba4:	42a3      	cmp	r3, r4
10006ba6:	d2dc      	bcs.n	10006b62 <xPortLockInternalSpinUnlockWithBestEffortWaitOrTimeout+0x36>
10006ba8:	4295      	cmp	r5, r2
10006baa:	d1da      	bne.n	10006b62 <xPortLockInternalSpinUnlockWithBestEffortWaitOrTimeout+0x36>
10006bac:	2280      	movs	r2, #128	@ 0x80
10006bae:	4b19      	ldr	r3, [pc, #100]	@ (10006c14 <xPortLockInternalSpinUnlockWithBestEffortWaitOrTimeout+0xe8>)
10006bb0:	0552      	lsls	r2, r2, #21
10006bb2:	601a      	str	r2, [r3, #0]
10006bb4:	f3bf 8f4f 	dsb	sy
10006bb8:	f3bf 8f6f 	isb	sy
10006bbc:	2000      	movs	r0, #0
10006bbe:	e7d0      	b.n	10006b62 <xPortLockInternalSpinUnlockWithBestEffortWaitOrTimeout+0x36>
10006bc0:	23fa      	movs	r3, #250	@ 0xfa
10006bc2:	009b      	lsls	r3, r3, #2
10006bc4:	4298      	cmp	r0, r3
10006bc6:	d3e1      	bcc.n	10006b8c <xPortLockInternalSpinUnlockWithBestEffortWaitOrTimeout+0x60>
10006bc8:	22fa      	movs	r2, #250	@ 0xfa
10006bca:	2300      	movs	r3, #0
10006bcc:	0092      	lsls	r2, r2, #2
10006bce:	f7fa feb5 	bl	1000193c <__wrap___aeabi_ldivmod>
10006bd2:	1e03      	subs	r3, r0, #0
10006bd4:	d0da      	beq.n	10006b8c <xPortLockInternalSpinUnlockWithBestEffortWaitOrTimeout+0x60>
10006bd6:	f3bf 8f5f 	dmb	sy
10006bda:	2200      	movs	r2, #0
10006bdc:	6032      	str	r2, [r6, #0]
10006bde:	f389 8810 	msr	PRIMASK, r9
10006be2:	4a0d      	ldr	r2, [pc, #52]	@ (10006c18 <xPortLockInternalSpinUnlockWithBestEffortWaitOrTimeout+0xec>)
10006be4:	490d      	ldr	r1, [pc, #52]	@ (10006c1c <xPortLockInternalSpinUnlockWithBestEffortWaitOrTimeout+0xf0>)
10006be6:	6810      	ldr	r0, [r2, #0]
10006be8:	4642      	mov	r2, r8
10006bea:	468c      	mov	ip, r1
10006bec:	6812      	ldr	r2, [r2, #0]
10006bee:	4462      	add	r2, ip
10006bf0:	1096      	asrs	r6, r2, #2
10006bf2:	2a5c      	cmp	r2, #92	@ 0x5c
10006bf4:	d900      	bls.n	10006bf8 <xPortLockInternalSpinUnlockWithBestEffortWaitOrTimeout+0xcc>
10006bf6:	3e18      	subs	r6, #24
10006bf8:	2101      	movs	r1, #1
10006bfa:	9300      	str	r3, [sp, #0]
10006bfc:	40b1      	lsls	r1, r6
10006bfe:	2300      	movs	r3, #0
10006c00:	2201      	movs	r2, #1
10006c02:	f000 f879 	bl	10006cf8 <xEventGroupWaitBits>
10006c06:	e7c7      	b.n	10006b98 <xPortLockInternalSpinUnlockWithBestEffortWaitOrTimeout+0x6c>
10006c08:	200010a5 	.word	0x200010a5
10006c0c:	fffffc18 	.word	0xfffffc18
10006c10:	40054000 	.word	0x40054000
10006c14:	e000ed04 	.word	0xe000ed04
10006c18:	20022410 	.word	0x20022410
10006c1c:	2fffff00 	.word	0x2fffff00

10006c20 <prvRuntimeInitializer>:
10006c20:	b510      	push	{r4, lr}
10006c22:	f7f9 fc6f 	bl	10000504 <next_striped_spin_lock_num>
10006c26:	4a05      	ldr	r2, [pc, #20]	@ (10006c3c <prvRuntimeInitializer+0x1c>)
10006c28:	4b05      	ldr	r3, [pc, #20]	@ (10006c40 <prvRuntimeInitializer+0x20>)
10006c2a:	4694      	mov	ip, r2
10006c2c:	4460      	add	r0, ip
10006c2e:	0080      	lsls	r0, r0, #2
10006c30:	6018      	str	r0, [r3, #0]
10006c32:	f000 f855 	bl	10006ce0 <xEventGroupCreate>
10006c36:	4b03      	ldr	r3, [pc, #12]	@ (10006c44 <prvRuntimeInitializer+0x24>)
10006c38:	6018      	str	r0, [r3, #0]
10006c3a:	bd10      	pop	{r4, pc}
10006c3c:	34000040 	.word	0x34000040
10006c40:	20001fd8 	.word	0x20001fd8
10006c44:	20022410 	.word	0x20022410

10006c48 <vEventGroupSetBitsCallback>:
10006c48:	b5f8      	push	{r3, r4, r5, r6, r7, lr}
10006c4a:	46de      	mov	lr, fp
10006c4c:	4657      	mov	r7, sl
10006c4e:	464e      	mov	r6, r9
10006c50:	4645      	mov	r5, r8
10006c52:	b5e0      	push	{r5, r6, r7, lr}
10006c54:	0005      	movs	r5, r0
10006c56:	000f      	movs	r7, r1
10006c58:	0006      	movs	r6, r0
10006c5a:	f000 fef5 	bl	10007a48 <vTaskSuspendAll>
10006c5e:	682b      	ldr	r3, [r5, #0]
10006c60:	692c      	ldr	r4, [r5, #16]
10006c62:	0019      	movs	r1, r3
10006c64:	360c      	adds	r6, #12
10006c66:	4339      	orrs	r1, r7
10006c68:	468c      	mov	ip, r1
10006c6a:	6029      	str	r1, [r5, #0]
10006c6c:	42a6      	cmp	r6, r4
10006c6e:	d02d      	beq.n	10006ccc <vEventGroupSetBitsCallback+0x84>
10006c70:	2300      	movs	r3, #0
10006c72:	4698      	mov	r8, r3
10006c74:	2380      	movs	r3, #128	@ 0x80
10006c76:	045b      	lsls	r3, r3, #17
10006c78:	469a      	mov	sl, r3
10006c7a:	2380      	movs	r3, #128	@ 0x80
10006c7c:	049b      	lsls	r3, r3, #18
10006c7e:	4699      	mov	r9, r3
10006c80:	e011      	b.n	10006ca6 <vEventGroupSetBitsCallback+0x5e>
10006c82:	465f      	mov	r7, fp
10006c84:	2f00      	cmp	r7, #0
10006c86:	d00b      	beq.n	10006ca0 <vEventGroupSetBitsCallback+0x58>
10006c88:	4657      	mov	r7, sl
10006c8a:	423a      	tst	r2, r7
10006c8c:	d002      	beq.n	10006c94 <vEventGroupSetBitsCallback+0x4c>
10006c8e:	4642      	mov	r2, r8
10006c90:	431a      	orrs	r2, r3
10006c92:	4690      	mov	r8, r2
10006c94:	464b      	mov	r3, r9
10006c96:	4319      	orrs	r1, r3
10006c98:	f001 f9da 	bl	10008050 <vTaskRemoveFromUnorderedEventList>
10006c9c:	682b      	ldr	r3, [r5, #0]
10006c9e:	469c      	mov	ip, r3
10006ca0:	4661      	mov	r1, ip
10006ca2:	42a6      	cmp	r6, r4
10006ca4:	d010      	beq.n	10006cc8 <vEventGroupSetBitsCallback+0x80>
10006ca6:	0020      	movs	r0, r4
10006ca8:	000f      	movs	r7, r1
10006caa:	6802      	ldr	r2, [r0, #0]
10006cac:	6864      	ldr	r4, [r4, #4]
10006cae:	0213      	lsls	r3, r2, #8
10006cb0:	0a1b      	lsrs	r3, r3, #8
10006cb2:	401f      	ands	r7, r3
10006cb4:	46bb      	mov	fp, r7
10006cb6:	2780      	movs	r7, #128	@ 0x80
10006cb8:	04ff      	lsls	r7, r7, #19
10006cba:	423a      	tst	r2, r7
10006cbc:	d0e1      	beq.n	10006c82 <vEventGroupSetBitsCallback+0x3a>
10006cbe:	455b      	cmp	r3, fp
10006cc0:	d0e2      	beq.n	10006c88 <vEventGroupSetBitsCallback+0x40>
10006cc2:	4661      	mov	r1, ip
10006cc4:	42a6      	cmp	r6, r4
10006cc6:	d1ee      	bne.n	10006ca6 <vEventGroupSetBitsCallback+0x5e>
10006cc8:	4643      	mov	r3, r8
10006cca:	4399      	bics	r1, r3
10006ccc:	6029      	str	r1, [r5, #0]
10006cce:	f000 fec3 	bl	10007a58 <xTaskResumeAll>
10006cd2:	bcf0      	pop	{r4, r5, r6, r7}
10006cd4:	46bb      	mov	fp, r7
10006cd6:	46b2      	mov	sl, r6
10006cd8:	46a9      	mov	r9, r5
10006cda:	46a0      	mov	r8, r4
10006cdc:	bdf8      	pop	{r3, r4, r5, r6, r7, pc}
10006cde:	46c0      	nop			@ (mov r8, r8)

10006ce0 <xEventGroupCreate>:
10006ce0:	b510      	push	{r4, lr}
10006ce2:	201c      	movs	r0, #28
10006ce4:	f7ff fc4c 	bl	10006580 <pvPortMalloc>
10006ce8:	1e04      	subs	r4, r0, #0
10006cea:	d003      	beq.n	10006cf4 <xEventGroupCreate+0x14>
10006cec:	2300      	movs	r3, #0
10006cee:	c008      	stmia	r0!, {r3}
10006cf0:	f000 f8be 	bl	10006e70 <vListInitialise>
10006cf4:	0020      	movs	r0, r4
10006cf6:	bd10      	pop	{r4, pc}

10006cf8 <xEventGroupWaitBits>:
10006cf8:	b5f0      	push	{r4, r5, r6, r7, lr}
10006cfa:	46c6      	mov	lr, r8
10006cfc:	000d      	movs	r5, r1
10006cfe:	0006      	movs	r6, r0
10006d00:	b500      	push	{lr}
10006d02:	001f      	movs	r7, r3
10006d04:	4690      	mov	r8, r2
10006d06:	f000 fe9f 	bl	10007a48 <vTaskSuspendAll>
10006d0a:	002b      	movs	r3, r5
10006d0c:	6834      	ldr	r4, [r6, #0]
10006d0e:	4023      	ands	r3, r4
10006d10:	2f00      	cmp	r7, #0
10006d12:	d10d      	bne.n	10006d30 <xEventGroupWaitBits+0x38>
10006d14:	2b00      	cmp	r3, #0
10006d16:	d028      	beq.n	10006d6a <xEventGroupWaitBits+0x72>
10006d18:	4643      	mov	r3, r8
10006d1a:	2b00      	cmp	r3, #0
10006d1c:	d028      	beq.n	10006d70 <xEventGroupWaitBits+0x78>
10006d1e:	0023      	movs	r3, r4
10006d20:	43ab      	bics	r3, r5
10006d22:	6033      	str	r3, [r6, #0]
10006d24:	f000 fe98 	bl	10007a58 <xTaskResumeAll>
10006d28:	0020      	movs	r0, r4
10006d2a:	bc80      	pop	{r7}
10006d2c:	46b8      	mov	r8, r7
10006d2e:	bdf0      	pop	{r4, r5, r6, r7, pc}
10006d30:	429d      	cmp	r5, r3
10006d32:	d0f1      	beq.n	10006d18 <xEventGroupWaitBits+0x20>
10006d34:	9b06      	ldr	r3, [sp, #24]
10006d36:	2b00      	cmp	r3, #0
10006d38:	d01a      	beq.n	10006d70 <xEventGroupWaitBits+0x78>
10006d3a:	4643      	mov	r3, r8
10006d3c:	2180      	movs	r1, #128	@ 0x80
10006d3e:	1e5a      	subs	r2, r3, #1
10006d40:	4193      	sbcs	r3, r2
10006d42:	04c9      	lsls	r1, r1, #19
10006d44:	061b      	lsls	r3, r3, #24
10006d46:	4319      	orrs	r1, r3
10006d48:	9a06      	ldr	r2, [sp, #24]
10006d4a:	4329      	orrs	r1, r5
10006d4c:	1d30      	adds	r0, r6, #4
10006d4e:	f001 f837 	bl	10007dc0 <vTaskPlaceOnUnorderedEventList>
10006d52:	f000 fe81 	bl	10007a58 <xTaskResumeAll>
10006d56:	2800      	cmp	r0, #0
10006d58:	d024      	beq.n	10006da4 <xEventGroupWaitBits+0xac>
10006d5a:	f001 fa49 	bl	100081f0 <uxTaskResetEventItemValue>
10006d5e:	0004      	movs	r4, r0
10006d60:	0183      	lsls	r3, r0, #6
10006d62:	d50d      	bpl.n	10006d80 <xEventGroupWaitBits+0x88>
10006d64:	0224      	lsls	r4, r4, #8
10006d66:	0a24      	lsrs	r4, r4, #8
10006d68:	e7de      	b.n	10006d28 <xEventGroupWaitBits+0x30>
10006d6a:	9b06      	ldr	r3, [sp, #24]
10006d6c:	2b00      	cmp	r3, #0
10006d6e:	d102      	bne.n	10006d76 <xEventGroupWaitBits+0x7e>
10006d70:	f000 fe72 	bl	10007a58 <xTaskResumeAll>
10006d74:	e7d8      	b.n	10006d28 <xEventGroupWaitBits+0x30>
10006d76:	4641      	mov	r1, r8
10006d78:	1e4b      	subs	r3, r1, #1
10006d7a:	4199      	sbcs	r1, r3
10006d7c:	0609      	lsls	r1, r1, #24
10006d7e:	e7e3      	b.n	10006d48 <xEventGroupWaitBits+0x50>
10006d80:	f7ff fd8e 	bl	100068a0 <vPortEnterCritical>
10006d84:	6834      	ldr	r4, [r6, #0]
10006d86:	0023      	movs	r3, r4
10006d88:	402b      	ands	r3, r5
10006d8a:	2f00      	cmp	r7, #0
10006d8c:	d10d      	bne.n	10006daa <xEventGroupWaitBits+0xb2>
10006d8e:	2b00      	cmp	r3, #0
10006d90:	d005      	beq.n	10006d9e <xEventGroupWaitBits+0xa6>
10006d92:	4643      	mov	r3, r8
10006d94:	2b00      	cmp	r3, #0
10006d96:	d002      	beq.n	10006d9e <xEventGroupWaitBits+0xa6>
10006d98:	0023      	movs	r3, r4
10006d9a:	43ab      	bics	r3, r5
10006d9c:	6033      	str	r3, [r6, #0]
10006d9e:	f7ff fd8b 	bl	100068b8 <vPortExitCritical>
10006da2:	e7df      	b.n	10006d64 <xEventGroupWaitBits+0x6c>
10006da4:	f7ff fd70 	bl	10006888 <vPortYield>
10006da8:	e7d7      	b.n	10006d5a <xEventGroupWaitBits+0x62>
10006daa:	429d      	cmp	r5, r3
10006dac:	d1f7      	bne.n	10006d9e <xEventGroupWaitBits+0xa6>
10006dae:	e7f0      	b.n	10006d92 <xEventGroupWaitBits+0x9a>

10006db0 <xEventGroupSetBits>:
10006db0:	b5f0      	push	{r4, r5, r6, r7, lr}
10006db2:	46de      	mov	lr, fp
10006db4:	4657      	mov	r7, sl
10006db6:	464e      	mov	r6, r9
10006db8:	4645      	mov	r5, r8
10006dba:	b5e0      	push	{r5, r6, r7, lr}
10006dbc:	0005      	movs	r5, r0
10006dbe:	b083      	sub	sp, #12
10006dc0:	000c      	movs	r4, r1
10006dc2:	0006      	movs	r6, r0
10006dc4:	9001      	str	r0, [sp, #4]
10006dc6:	f000 fe3f 	bl	10007a48 <vTaskSuspendAll>
10006dca:	002b      	movs	r3, r5
10006dcc:	6819      	ldr	r1, [r3, #0]
10006dce:	692d      	ldr	r5, [r5, #16]
10006dd0:	430c      	orrs	r4, r1
10006dd2:	360c      	adds	r6, #12
10006dd4:	0037      	movs	r7, r6
10006dd6:	0021      	movs	r1, r4
10006dd8:	601c      	str	r4, [r3, #0]
10006dda:	42ae      	cmp	r6, r5
10006ddc:	d02f      	beq.n	10006e3e <xEventGroupSetBits+0x8e>
10006dde:	2300      	movs	r3, #0
10006de0:	4699      	mov	r9, r3
10006de2:	2380      	movs	r3, #128	@ 0x80
10006de4:	04db      	lsls	r3, r3, #19
10006de6:	4698      	mov	r8, r3
10006de8:	2380      	movs	r3, #128	@ 0x80
10006dea:	045b      	lsls	r3, r3, #17
10006dec:	469b      	mov	fp, r3
10006dee:	2380      	movs	r3, #128	@ 0x80
10006df0:	049b      	lsls	r3, r3, #18
10006df2:	469a      	mov	sl, r3
10006df4:	e011      	b.n	10006e1a <xEventGroupSetBits+0x6a>
10006df6:	4666      	mov	r6, ip
10006df8:	2e00      	cmp	r6, #0
10006dfa:	d00b      	beq.n	10006e14 <xEventGroupSetBits+0x64>
10006dfc:	4659      	mov	r1, fp
10006dfe:	420a      	tst	r2, r1
10006e00:	d002      	beq.n	10006e08 <xEventGroupSetBits+0x58>
10006e02:	464a      	mov	r2, r9
10006e04:	431a      	orrs	r2, r3
10006e06:	4691      	mov	r9, r2
10006e08:	4651      	mov	r1, sl
10006e0a:	4321      	orrs	r1, r4
10006e0c:	f001 f920 	bl	10008050 <vTaskRemoveFromUnorderedEventList>
10006e10:	9b01      	ldr	r3, [sp, #4]
10006e12:	6819      	ldr	r1, [r3, #0]
10006e14:	000c      	movs	r4, r1
10006e16:	42af      	cmp	r7, r5
10006e18:	d00f      	beq.n	10006e3a <xEventGroupSetBits+0x8a>
10006e1a:	0028      	movs	r0, r5
10006e1c:	0026      	movs	r6, r4
10006e1e:	6802      	ldr	r2, [r0, #0]
10006e20:	686d      	ldr	r5, [r5, #4]
10006e22:	0213      	lsls	r3, r2, #8
10006e24:	0a1b      	lsrs	r3, r3, #8
10006e26:	401e      	ands	r6, r3
10006e28:	46b4      	mov	ip, r6
10006e2a:	4646      	mov	r6, r8
10006e2c:	4232      	tst	r2, r6
10006e2e:	d0e2      	beq.n	10006df6 <xEventGroupSetBits+0x46>
10006e30:	4563      	cmp	r3, ip
10006e32:	d0e3      	beq.n	10006dfc <xEventGroupSetBits+0x4c>
10006e34:	000c      	movs	r4, r1
10006e36:	42af      	cmp	r7, r5
10006e38:	d1ef      	bne.n	10006e1a <xEventGroupSetBits+0x6a>
10006e3a:	464b      	mov	r3, r9
10006e3c:	439c      	bics	r4, r3
10006e3e:	9b01      	ldr	r3, [sp, #4]
10006e40:	601c      	str	r4, [r3, #0]
10006e42:	f000 fe09 	bl	10007a58 <xTaskResumeAll>
10006e46:	0020      	movs	r0, r4
10006e48:	b003      	add	sp, #12
10006e4a:	bcf0      	pop	{r4, r5, r6, r7}
10006e4c:	46bb      	mov	fp, r7
10006e4e:	46b2      	mov	sl, r6
10006e50:	46a9      	mov	r9, r5
10006e52:	46a0      	mov	r8, r4
10006e54:	bdf0      	pop	{r4, r5, r6, r7, pc}
10006e56:	46c0      	nop			@ (mov r8, r8)

10006e58 <xEventGroupSetBitsFromISR>:
10006e58:	b510      	push	{r4, lr}
10006e5a:	4c04      	ldr	r4, [pc, #16]	@ (10006e6c <xEventGroupSetBitsFromISR+0x14>)
10006e5c:	0013      	movs	r3, r2
10006e5e:	000a      	movs	r2, r1
10006e60:	0001      	movs	r1, r0
10006e62:	0020      	movs	r0, r4
10006e64:	f001 fbe4 	bl	10008630 <xTimerPendFunctionCallFromISR>
10006e68:	bd10      	pop	{r4, pc}
10006e6a:	46c0      	nop			@ (mov r8, r8)
10006e6c:	10006c49 	.word	0x10006c49

10006e70 <vListInitialise>:
10006e70:	0003      	movs	r3, r0
10006e72:	3308      	adds	r3, #8
10006e74:	2201      	movs	r2, #1
10006e76:	6043      	str	r3, [r0, #4]
10006e78:	60c3      	str	r3, [r0, #12]
10006e7a:	6103      	str	r3, [r0, #16]
10006e7c:	2300      	movs	r3, #0
10006e7e:	4252      	negs	r2, r2
10006e80:	6082      	str	r2, [r0, #8]
10006e82:	6003      	str	r3, [r0, #0]
10006e84:	4770      	bx	lr
10006e86:	46c0      	nop			@ (mov r8, r8)

10006e88 <vListInitialiseItem>:
10006e88:	2300      	movs	r3, #0
10006e8a:	6103      	str	r3, [r0, #16]
10006e8c:	4770      	bx	lr
10006e8e:	46c0      	nop			@ (mov r8, r8)

10006e90 <vListInsert>:
10006e90:	0003      	movs	r3, r0
10006e92:	b530      	push	{r4, r5, lr}
10006e94:	680d      	ldr	r5, [r1, #0]
10006e96:	3308      	adds	r3, #8
10006e98:	1c6a      	adds	r2, r5, #1
10006e9a:	d00d      	beq.n	10006eb8 <vListInsert+0x28>
10006e9c:	001c      	movs	r4, r3
10006e9e:	685b      	ldr	r3, [r3, #4]
10006ea0:	681a      	ldr	r2, [r3, #0]
10006ea2:	42aa      	cmp	r2, r5
10006ea4:	d9fa      	bls.n	10006e9c <vListInsert+0xc>
10006ea6:	604b      	str	r3, [r1, #4]
10006ea8:	6099      	str	r1, [r3, #8]
10006eaa:	6803      	ldr	r3, [r0, #0]
10006eac:	608c      	str	r4, [r1, #8]
10006eae:	3301      	adds	r3, #1
10006eb0:	6061      	str	r1, [r4, #4]
10006eb2:	6108      	str	r0, [r1, #16]
10006eb4:	6003      	str	r3, [r0, #0]
10006eb6:	bd30      	pop	{r4, r5, pc}
10006eb8:	6904      	ldr	r4, [r0, #16]
10006eba:	6863      	ldr	r3, [r4, #4]
10006ebc:	e7f3      	b.n	10006ea6 <vListInsert+0x16>
10006ebe:	46c0      	nop			@ (mov r8, r8)

10006ec0 <uxListRemove>:
10006ec0:	6903      	ldr	r3, [r0, #16]
10006ec2:	6841      	ldr	r1, [r0, #4]
10006ec4:	6882      	ldr	r2, [r0, #8]
10006ec6:	608a      	str	r2, [r1, #8]
10006ec8:	6051      	str	r1, [r2, #4]
10006eca:	6859      	ldr	r1, [r3, #4]
10006ecc:	4281      	cmp	r1, r0
10006ece:	d005      	beq.n	10006edc <uxListRemove+0x1c>
10006ed0:	2200      	movs	r2, #0
10006ed2:	6102      	str	r2, [r0, #16]
10006ed4:	6818      	ldr	r0, [r3, #0]
10006ed6:	3801      	subs	r0, #1
10006ed8:	6018      	str	r0, [r3, #0]
10006eda:	4770      	bx	lr
10006edc:	605a      	str	r2, [r3, #4]
10006ede:	e7f7      	b.n	10006ed0 <uxListRemove+0x10>

10006ee0 <prvUnlockQueue>:
10006ee0:	b5f0      	push	{r4, r5, r6, r7, lr}
10006ee2:	46de      	mov	lr, fp
10006ee4:	464e      	mov	r6, r9
10006ee6:	4657      	mov	r7, sl
10006ee8:	4645      	mov	r5, r8
10006eea:	b5e0      	push	{r5, r6, r7, lr}
10006eec:	b085      	sub	sp, #20
10006eee:	0006      	movs	r6, r0
10006ef0:	f7ff fcd6 	bl	100068a0 <vPortEnterCritical>
10006ef4:	2345      	movs	r3, #69	@ 0x45
10006ef6:	5cf4      	ldrb	r4, [r6, r3]
10006ef8:	b264      	sxtb	r4, r4
10006efa:	2c00      	cmp	r4, #0
10006efc:	dd21      	ble.n	10006f42 <prvUnlockQueue+0x62>
10006efe:	3b21      	subs	r3, #33	@ 0x21
10006f00:	4699      	mov	r9, r3
10006f02:	3321      	adds	r3, #33	@ 0x21
10006f04:	469a      	mov	sl, r3
10006f06:	44b1      	add	r9, r6
10006f08:	e009      	b.n	10006f1e <prvUnlockQueue+0x3e>
10006f0a:	6baa      	ldr	r2, [r5, #56]	@ 0x38
10006f0c:	6beb      	ldr	r3, [r5, #60]	@ 0x3c
10006f0e:	9603      	str	r6, [sp, #12]
10006f10:	429a      	cmp	r2, r3
10006f12:	d345      	bcc.n	10006fa0 <prvUnlockQueue+0xc0>
10006f14:	3c01      	subs	r4, #1
10006f16:	b2e3      	uxtb	r3, r4
10006f18:	b264      	sxtb	r4, r4
10006f1a:	2b00      	cmp	r3, #0
10006f1c:	d011      	beq.n	10006f42 <prvUnlockQueue+0x62>
10006f1e:	6cb5      	ldr	r5, [r6, #72]	@ 0x48
10006f20:	2d00      	cmp	r5, #0
10006f22:	d1f2      	bne.n	10006f0a <prvUnlockQueue+0x2a>
10006f24:	6a73      	ldr	r3, [r6, #36]	@ 0x24
10006f26:	2b00      	cmp	r3, #0
10006f28:	d00b      	beq.n	10006f42 <prvUnlockQueue+0x62>
10006f2a:	4648      	mov	r0, r9
10006f2c:	f001 f824 	bl	10007f78 <xTaskRemoveFromEventList>
10006f30:	2800      	cmp	r0, #0
10006f32:	d0ef      	beq.n	10006f14 <prvUnlockQueue+0x34>
10006f34:	f001 f91e 	bl	10008174 <vTaskMissedYield>
10006f38:	3c01      	subs	r4, #1
10006f3a:	b2e3      	uxtb	r3, r4
10006f3c:	b264      	sxtb	r4, r4
10006f3e:	2b00      	cmp	r3, #0
10006f40:	d1ed      	bne.n	10006f1e <prvUnlockQueue+0x3e>
10006f42:	2345      	movs	r3, #69	@ 0x45
10006f44:	22ff      	movs	r2, #255	@ 0xff
10006f46:	54f2      	strb	r2, [r6, r3]
10006f48:	f7ff fcb6 	bl	100068b8 <vPortExitCritical>
10006f4c:	f7ff fca8 	bl	100068a0 <vPortEnterCritical>
10006f50:	2344      	movs	r3, #68	@ 0x44
10006f52:	0035      	movs	r5, r6
10006f54:	5cf4      	ldrb	r4, [r6, r3]
10006f56:	3510      	adds	r5, #16
10006f58:	b264      	sxtb	r4, r4
10006f5a:	2c00      	cmp	r4, #0
10006f5c:	dc05      	bgt.n	10006f6a <prvUnlockQueue+0x8a>
10006f5e:	e013      	b.n	10006f88 <prvUnlockQueue+0xa8>
10006f60:	3c01      	subs	r4, #1
10006f62:	b2e2      	uxtb	r2, r4
10006f64:	b264      	sxtb	r4, r4
10006f66:	2a00      	cmp	r2, #0
10006f68:	d00e      	beq.n	10006f88 <prvUnlockQueue+0xa8>
10006f6a:	6933      	ldr	r3, [r6, #16]
10006f6c:	2b00      	cmp	r3, #0
10006f6e:	d00b      	beq.n	10006f88 <prvUnlockQueue+0xa8>
10006f70:	0028      	movs	r0, r5
10006f72:	f001 f801 	bl	10007f78 <xTaskRemoveFromEventList>
10006f76:	2800      	cmp	r0, #0
10006f78:	d0f2      	beq.n	10006f60 <prvUnlockQueue+0x80>
10006f7a:	3c01      	subs	r4, #1
10006f7c:	f001 f8fa 	bl	10008174 <vTaskMissedYield>
10006f80:	b2e2      	uxtb	r2, r4
10006f82:	b264      	sxtb	r4, r4
10006f84:	2a00      	cmp	r2, #0
10006f86:	d1f0      	bne.n	10006f6a <prvUnlockQueue+0x8a>
10006f88:	2344      	movs	r3, #68	@ 0x44
10006f8a:	22ff      	movs	r2, #255	@ 0xff
10006f8c:	54f2      	strb	r2, [r6, r3]
10006f8e:	f7ff fc93 	bl	100068b8 <vPortExitCritical>
10006f92:	b005      	add	sp, #20
10006f94:	bcf0      	pop	{r4, r5, r6, r7}
10006f96:	46bb      	mov	fp, r7
10006f98:	46b2      	mov	sl, r6
10006f9a:	46a9      	mov	r9, r5
10006f9c:	46a0      	mov	r8, r4
10006f9e:	bdf0      	pop	{r4, r5, r6, r7, pc}
10006fa0:	4653      	mov	r3, sl
10006fa2:	5cef      	ldrb	r7, [r5, r3]
10006fa4:	6bab      	ldr	r3, [r5, #56]	@ 0x38
10006fa6:	6c2a      	ldr	r2, [r5, #64]	@ 0x40
10006fa8:	3301      	adds	r3, #1
10006faa:	4698      	mov	r8, r3
10006fac:	b27f      	sxtb	r7, r7
10006fae:	2a00      	cmp	r2, #0
10006fb0:	d113      	bne.n	10006fda <prvUnlockQueue+0xfa>
10006fb2:	682b      	ldr	r3, [r5, #0]
10006fb4:	469b      	mov	fp, r3
10006fb6:	2b00      	cmp	r3, #0
10006fb8:	d02a      	beq.n	10007010 <prvUnlockQueue+0x130>
10006fba:	4643      	mov	r3, r8
10006fbc:	63ab      	str	r3, [r5, #56]	@ 0x38
10006fbe:	1c7b      	adds	r3, r7, #1
10006fc0:	d11c      	bne.n	10006ffc <prvUnlockQueue+0x11c>
10006fc2:	6a6b      	ldr	r3, [r5, #36]	@ 0x24
10006fc4:	2b00      	cmp	r3, #0
10006fc6:	d0a5      	beq.n	10006f14 <prvUnlockQueue+0x34>
10006fc8:	0028      	movs	r0, r5
10006fca:	3024      	adds	r0, #36	@ 0x24
10006fcc:	f000 ffd4 	bl	10007f78 <xTaskRemoveFromEventList>
10006fd0:	2800      	cmp	r0, #0
10006fd2:	d09f      	beq.n	10006f14 <prvUnlockQueue+0x34>
10006fd4:	f001 f8ce 	bl	10008174 <vTaskMissedYield>
10006fd8:	e7ae      	b.n	10006f38 <prvUnlockQueue+0x58>
10006fda:	6868      	ldr	r0, [r5, #4]
10006fdc:	a903      	add	r1, sp, #12
10006fde:	f7fb f85d 	bl	1000209c <__wrap___aeabi_memcpy>
10006fe2:	686b      	ldr	r3, [r5, #4]
10006fe4:	6c2a      	ldr	r2, [r5, #64]	@ 0x40
10006fe6:	189b      	adds	r3, r3, r2
10006fe8:	68aa      	ldr	r2, [r5, #8]
10006fea:	606b      	str	r3, [r5, #4]
10006fec:	4293      	cmp	r3, r2
10006fee:	d3e4      	bcc.n	10006fba <prvUnlockQueue+0xda>
10006ff0:	682b      	ldr	r3, [r5, #0]
10006ff2:	606b      	str	r3, [r5, #4]
10006ff4:	4643      	mov	r3, r8
10006ff6:	63ab      	str	r3, [r5, #56]	@ 0x38
10006ff8:	1c7b      	adds	r3, r7, #1
10006ffa:	d0e2      	beq.n	10006fc2 <prvUnlockQueue+0xe2>
10006ffc:	f000 fe3a 	bl	10007c74 <uxTaskGetNumberOfTasks>
10007000:	42b8      	cmp	r0, r7
10007002:	d800      	bhi.n	10007006 <prvUnlockQueue+0x126>
10007004:	e786      	b.n	10006f14 <prvUnlockQueue+0x34>
10007006:	4653      	mov	r3, sl
10007008:	3701      	adds	r7, #1
1000700a:	b27f      	sxtb	r7, r7
1000700c:	54ef      	strb	r7, [r5, r3]
1000700e:	e781      	b.n	10006f14 <prvUnlockQueue+0x34>
10007010:	68a8      	ldr	r0, [r5, #8]
10007012:	f001 f8bb 	bl	1000818c <xTaskPriorityDisinherit>
10007016:	465b      	mov	r3, fp
10007018:	60ab      	str	r3, [r5, #8]
1000701a:	4643      	mov	r3, r8
1000701c:	9001      	str	r0, [sp, #4]
1000701e:	63ab      	str	r3, [r5, #56]	@ 0x38
10007020:	1c7b      	adds	r3, r7, #1
10007022:	d109      	bne.n	10007038 <prvUnlockQueue+0x158>
10007024:	6a6b      	ldr	r3, [r5, #36]	@ 0x24
10007026:	2b00      	cmp	r3, #0
10007028:	d10f      	bne.n	1000704a <prvUnlockQueue+0x16a>
1000702a:	9b01      	ldr	r3, [sp, #4]
1000702c:	2b00      	cmp	r3, #0
1000702e:	d100      	bne.n	10007032 <prvUnlockQueue+0x152>
10007030:	e770      	b.n	10006f14 <prvUnlockQueue+0x34>
10007032:	f001 f89f 	bl	10008174 <vTaskMissedYield>
10007036:	e77f      	b.n	10006f38 <prvUnlockQueue+0x58>
10007038:	f000 fe1c 	bl	10007c74 <uxTaskGetNumberOfTasks>
1000703c:	42b8      	cmp	r0, r7
1000703e:	d9f4      	bls.n	1000702a <prvUnlockQueue+0x14a>
10007040:	4653      	mov	r3, sl
10007042:	3701      	adds	r7, #1
10007044:	b27f      	sxtb	r7, r7
10007046:	54ef      	strb	r7, [r5, r3]
10007048:	e7ef      	b.n	1000702a <prvUnlockQueue+0x14a>
1000704a:	0028      	movs	r0, r5
1000704c:	3024      	adds	r0, #36	@ 0x24
1000704e:	f000 ff93 	bl	10007f78 <xTaskRemoveFromEventList>
10007052:	2800      	cmp	r0, #0
10007054:	d000      	beq.n	10007058 <prvUnlockQueue+0x178>
10007056:	e76d      	b.n	10006f34 <prvUnlockQueue+0x54>
10007058:	e7e7      	b.n	1000702a <prvUnlockQueue+0x14a>
1000705a:	46c0      	nop			@ (mov r8, r8)

1000705c <prvNotifyQueueSetContainer>:
1000705c:	b5f0      	push	{r4, r5, r6, r7, lr}
1000705e:	46c6      	mov	lr, r8
10007060:	b500      	push	{lr}
10007062:	6c84      	ldr	r4, [r0, #72]	@ 0x48
10007064:	b082      	sub	sp, #8
10007066:	6ba2      	ldr	r2, [r4, #56]	@ 0x38
10007068:	6be3      	ldr	r3, [r4, #60]	@ 0x3c
1000706a:	2500      	movs	r5, #0
1000706c:	9001      	str	r0, [sp, #4]
1000706e:	429a      	cmp	r2, r3
10007070:	d304      	bcc.n	1000707c <prvNotifyQueueSetContainer+0x20>
10007072:	0028      	movs	r0, r5
10007074:	b002      	add	sp, #8
10007076:	bc80      	pop	{r7}
10007078:	46b8      	mov	r8, r7
1000707a:	bdf0      	pop	{r4, r5, r6, r7, pc}
1000707c:	2345      	movs	r3, #69	@ 0x45
1000707e:	6c22      	ldr	r2, [r4, #64]	@ 0x40
10007080:	5ce6      	ldrb	r6, [r4, r3]
10007082:	6ba7      	ldr	r7, [r4, #56]	@ 0x38
10007084:	b276      	sxtb	r6, r6
10007086:	2a00      	cmp	r2, #0
10007088:	d01c      	beq.n	100070c4 <prvNotifyQueueSetContainer+0x68>
1000708a:	6860      	ldr	r0, [r4, #4]
1000708c:	a901      	add	r1, sp, #4
1000708e:	f7fb f805 	bl	1000209c <__wrap___aeabi_memcpy>
10007092:	6863      	ldr	r3, [r4, #4]
10007094:	6c22      	ldr	r2, [r4, #64]	@ 0x40
10007096:	189b      	adds	r3, r3, r2
10007098:	68a2      	ldr	r2, [r4, #8]
1000709a:	6063      	str	r3, [r4, #4]
1000709c:	4293      	cmp	r3, r2
1000709e:	d301      	bcc.n	100070a4 <prvNotifyQueueSetContainer+0x48>
100070a0:	6823      	ldr	r3, [r4, #0]
100070a2:	6063      	str	r3, [r4, #4]
100070a4:	2500      	movs	r5, #0
100070a6:	3701      	adds	r7, #1
100070a8:	63a7      	str	r7, [r4, #56]	@ 0x38
100070aa:	1c73      	adds	r3, r6, #1
100070ac:	d115      	bne.n	100070da <prvNotifyQueueSetContainer+0x7e>
100070ae:	6a63      	ldr	r3, [r4, #36]	@ 0x24
100070b0:	2b00      	cmp	r3, #0
100070b2:	d0de      	beq.n	10007072 <prvNotifyQueueSetContainer+0x16>
100070b4:	0020      	movs	r0, r4
100070b6:	3024      	adds	r0, #36	@ 0x24
100070b8:	f000 ff5e 	bl	10007f78 <xTaskRemoveFromEventList>
100070bc:	2800      	cmp	r0, #0
100070be:	d0d8      	beq.n	10007072 <prvNotifyQueueSetContainer+0x16>
100070c0:	2501      	movs	r5, #1
100070c2:	e7d6      	b.n	10007072 <prvNotifyQueueSetContainer+0x16>
100070c4:	6823      	ldr	r3, [r4, #0]
100070c6:	4698      	mov	r8, r3
100070c8:	2b00      	cmp	r3, #0
100070ca:	d1eb      	bne.n	100070a4 <prvNotifyQueueSetContainer+0x48>
100070cc:	68a0      	ldr	r0, [r4, #8]
100070ce:	f001 f85d 	bl	1000818c <xTaskPriorityDisinherit>
100070d2:	4643      	mov	r3, r8
100070d4:	0005      	movs	r5, r0
100070d6:	60a3      	str	r3, [r4, #8]
100070d8:	e7e5      	b.n	100070a6 <prvNotifyQueueSetContainer+0x4a>
100070da:	f000 fdcb 	bl	10007c74 <uxTaskGetNumberOfTasks>
100070de:	4286      	cmp	r6, r0
100070e0:	d2c7      	bcs.n	10007072 <prvNotifyQueueSetContainer+0x16>
100070e2:	2345      	movs	r3, #69	@ 0x45
100070e4:	3601      	adds	r6, #1
100070e6:	b276      	sxtb	r6, r6
100070e8:	54e6      	strb	r6, [r4, r3]
100070ea:	e7c2      	b.n	10007072 <prvNotifyQueueSetContainer+0x16>

100070ec <xQueueGenericCreate>:
100070ec:	b5f8      	push	{r3, r4, r5, r6, r7, lr}
100070ee:	0005      	movs	r5, r0
100070f0:	000e      	movs	r6, r1
100070f2:	0017      	movs	r7, r2
100070f4:	2800      	cmp	r0, #0
100070f6:	d041      	beq.n	1000717c <xQueueGenericCreate+0x90>
100070f8:	0c03      	lsrs	r3, r0, #16
100070fa:	0c0a      	lsrs	r2, r1, #16
100070fc:	2b00      	cmp	r3, #0
100070fe:	d142      	bne.n	10007186 <xQueueGenericCreate+0x9a>
10007100:	2a00      	cmp	r2, #0
10007102:	d130      	bne.n	10007166 <xQueueGenericCreate+0x7a>
10007104:	0030      	movs	r0, r6
10007106:	4368      	muls	r0, r5
10007108:	0003      	movs	r3, r0
1000710a:	3355      	adds	r3, #85	@ 0x55
1000710c:	d836      	bhi.n	1000717c <xQueueGenericCreate+0x90>
1000710e:	3054      	adds	r0, #84	@ 0x54
10007110:	f7ff fa36 	bl	10006580 <pvPortMalloc>
10007114:	1e04      	subs	r4, r0, #0
10007116:	d031      	beq.n	1000717c <xQueueGenericCreate+0x90>
10007118:	0003      	movs	r3, r0
1000711a:	2e00      	cmp	r6, #0
1000711c:	d131      	bne.n	10007182 <xQueueGenericCreate+0x96>
1000711e:	6023      	str	r3, [r4, #0]
10007120:	63e5      	str	r5, [r4, #60]	@ 0x3c
10007122:	6426      	str	r6, [r4, #64]	@ 0x40
10007124:	f7ff fbbc 	bl	100068a0 <vPortEnterCritical>
10007128:	6c21      	ldr	r1, [r4, #64]	@ 0x40
1000712a:	6be3      	ldr	r3, [r4, #60]	@ 0x3c
1000712c:	6822      	ldr	r2, [r4, #0]
1000712e:	434b      	muls	r3, r1
10007130:	18d0      	adds	r0, r2, r3
10007132:	1a5b      	subs	r3, r3, r1
10007134:	6062      	str	r2, [r4, #4]
10007136:	18d2      	adds	r2, r2, r3
10007138:	60e2      	str	r2, [r4, #12]
1000713a:	23ff      	movs	r3, #255	@ 0xff
1000713c:	2500      	movs	r5, #0
1000713e:	2244      	movs	r2, #68	@ 0x44
10007140:	60a0      	str	r0, [r4, #8]
10007142:	0020      	movs	r0, r4
10007144:	63a5      	str	r5, [r4, #56]	@ 0x38
10007146:	54a3      	strb	r3, [r4, r2]
10007148:	3201      	adds	r2, #1
1000714a:	54a3      	strb	r3, [r4, r2]
1000714c:	3010      	adds	r0, #16
1000714e:	f7ff fe8f 	bl	10006e70 <vListInitialise>
10007152:	0020      	movs	r0, r4
10007154:	3024      	adds	r0, #36	@ 0x24
10007156:	f7ff fe8b 	bl	10006e70 <vListInitialise>
1000715a:	f7ff fbad 	bl	100068b8 <vPortExitCritical>
1000715e:	2350      	movs	r3, #80	@ 0x50
10007160:	54e7      	strb	r7, [r4, r3]
10007162:	64a5      	str	r5, [r4, #72]	@ 0x48
10007164:	e00b      	b.n	1000717e <xQueueGenericCreate+0x92>
10007166:	1c13      	adds	r3, r2, #0
10007168:	b2a9      	uxth	r1, r5
1000716a:	b2b2      	uxth	r2, r6
1000716c:	434a      	muls	r2, r1
1000716e:	b280      	uxth	r0, r0
10007170:	b29b      	uxth	r3, r3
10007172:	4343      	muls	r3, r0
10007174:	0c12      	lsrs	r2, r2, #16
10007176:	189b      	adds	r3, r3, r2
10007178:	0c1b      	lsrs	r3, r3, #16
1000717a:	d0c3      	beq.n	10007104 <xQueueGenericCreate+0x18>
1000717c:	2400      	movs	r4, #0
1000717e:	0020      	movs	r0, r4
10007180:	bdf8      	pop	{r3, r4, r5, r6, r7, pc}
10007182:	3354      	adds	r3, #84	@ 0x54
10007184:	e7cb      	b.n	1000711e <xQueueGenericCreate+0x32>
10007186:	2a00      	cmp	r2, #0
10007188:	d1f8      	bne.n	1000717c <xQueueGenericCreate+0x90>
1000718a:	1c08      	adds	r0, r1, #0
1000718c:	e7ec      	b.n	10007168 <xQueueGenericCreate+0x7c>
1000718e:	46c0      	nop			@ (mov r8, r8)

10007190 <xQueueGenericSendFromISR>:
10007190:	b5f8      	push	{r3, r4, r5, r6, r7, lr}
10007192:	4657      	mov	r7, sl
10007194:	46de      	mov	lr, fp
10007196:	464e      	mov	r6, r9
10007198:	4645      	mov	r5, r8
1000719a:	0004      	movs	r4, r0
1000719c:	b5e0      	push	{r5, r6, r7, lr}
1000719e:	4692      	mov	sl, r2
100071a0:	001d      	movs	r5, r3
100071a2:	000f      	movs	r7, r1
100071a4:	f7ff fb92 	bl	100068cc <ulSetInterruptMaskFromISR>
100071a8:	6ba2      	ldr	r2, [r4, #56]	@ 0x38
100071aa:	6be3      	ldr	r3, [r4, #60]	@ 0x3c
100071ac:	0006      	movs	r6, r0
100071ae:	429a      	cmp	r2, r3
100071b0:	d33b      	bcc.n	1000722a <xQueueGenericSendFromISR+0x9a>
100071b2:	2300      	movs	r3, #0
100071b4:	4698      	mov	r8, r3
100071b6:	2d02      	cmp	r5, #2
100071b8:	d009      	beq.n	100071ce <xQueueGenericSendFromISR+0x3e>
100071ba:	0030      	movs	r0, r6
100071bc:	f7ff fb8a 	bl	100068d4 <vClearInterruptMaskFromISR>
100071c0:	4640      	mov	r0, r8
100071c2:	bcf0      	pop	{r4, r5, r6, r7}
100071c4:	46bb      	mov	fp, r7
100071c6:	46b2      	mov	sl, r6
100071c8:	46a9      	mov	r9, r5
100071ca:	46a0      	mov	r8, r4
100071cc:	bdf8      	pop	{r3, r4, r5, r6, r7, pc}
100071ce:	3345      	adds	r3, #69	@ 0x45
100071d0:	5ce3      	ldrb	r3, [r4, r3]
100071d2:	6c22      	ldr	r2, [r4, #64]	@ 0x40
100071d4:	b25b      	sxtb	r3, r3
100071d6:	4698      	mov	r8, r3
100071d8:	6ba3      	ldr	r3, [r4, #56]	@ 0x38
100071da:	469b      	mov	fp, r3
100071dc:	6ba3      	ldr	r3, [r4, #56]	@ 0x38
100071de:	4699      	mov	r9, r3
100071e0:	2a00      	cmp	r2, #0
100071e2:	d02d      	beq.n	10007240 <xQueueGenericSendFromISR+0xb0>
100071e4:	0039      	movs	r1, r7
100071e6:	68e0      	ldr	r0, [r4, #12]
100071e8:	f7fa ff58 	bl	1000209c <__wrap___aeabi_memcpy>
100071ec:	6c22      	ldr	r2, [r4, #64]	@ 0x40
100071ee:	68e3      	ldr	r3, [r4, #12]
100071f0:	4251      	negs	r1, r2
100071f2:	1a9b      	subs	r3, r3, r2
100071f4:	6822      	ldr	r2, [r4, #0]
100071f6:	60e3      	str	r3, [r4, #12]
100071f8:	4293      	cmp	r3, r2
100071fa:	d202      	bcs.n	10007202 <xQueueGenericSendFromISR+0x72>
100071fc:	68a3      	ldr	r3, [r4, #8]
100071fe:	185b      	adds	r3, r3, r1
10007200:	60e3      	str	r3, [r4, #12]
10007202:	464b      	mov	r3, r9
10007204:	2d02      	cmp	r5, #2
10007206:	d051      	beq.n	100072ac <xQueueGenericSendFromISR+0x11c>
10007208:	3301      	adds	r3, #1
1000720a:	63a3      	str	r3, [r4, #56]	@ 0x38
1000720c:	4643      	mov	r3, r8
1000720e:	3301      	adds	r3, #1
10007210:	d03d      	beq.n	1000728e <xQueueGenericSendFromISR+0xfe>
10007212:	f000 fd2f 	bl	10007c74 <uxTaskGetNumberOfTasks>
10007216:	4580      	cmp	r8, r0
10007218:	d204      	bcs.n	10007224 <xQueueGenericSendFromISR+0x94>
1000721a:	4643      	mov	r3, r8
1000721c:	2245      	movs	r2, #69	@ 0x45
1000721e:	3301      	adds	r3, #1
10007220:	b25b      	sxtb	r3, r3
10007222:	54a3      	strb	r3, [r4, r2]
10007224:	2301      	movs	r3, #1
10007226:	4698      	mov	r8, r3
10007228:	e7c7      	b.n	100071ba <xQueueGenericSendFromISR+0x2a>
1000722a:	2345      	movs	r3, #69	@ 0x45
1000722c:	5ce3      	ldrb	r3, [r4, r3]
1000722e:	6c22      	ldr	r2, [r4, #64]	@ 0x40
10007230:	b25b      	sxtb	r3, r3
10007232:	4698      	mov	r8, r3
10007234:	6ba3      	ldr	r3, [r4, #56]	@ 0x38
10007236:	469b      	mov	fp, r3
10007238:	6ba3      	ldr	r3, [r4, #56]	@ 0x38
1000723a:	4699      	mov	r9, r3
1000723c:	2a00      	cmp	r2, #0
1000723e:	d111      	bne.n	10007264 <xQueueGenericSendFromISR+0xd4>
10007240:	6827      	ldr	r7, [r4, #0]
10007242:	2f00      	cmp	r7, #0
10007244:	d046      	beq.n	100072d4 <xQueueGenericSendFromISR+0x144>
10007246:	464b      	mov	r3, r9
10007248:	3301      	adds	r3, #1
1000724a:	63a3      	str	r3, [r4, #56]	@ 0x38
1000724c:	4643      	mov	r3, r8
1000724e:	3301      	adds	r3, #1
10007250:	d1df      	bne.n	10007212 <xQueueGenericSendFromISR+0x82>
10007252:	6ca3      	ldr	r3, [r4, #72]	@ 0x48
10007254:	2b00      	cmp	r3, #0
10007256:	d033      	beq.n	100072c0 <xQueueGenericSendFromISR+0x130>
10007258:	2d02      	cmp	r5, #2
1000725a:	d11b      	bne.n	10007294 <xQueueGenericSendFromISR+0x104>
1000725c:	465b      	mov	r3, fp
1000725e:	2b00      	cmp	r3, #0
10007260:	d018      	beq.n	10007294 <xQueueGenericSendFromISR+0x104>
10007262:	e7df      	b.n	10007224 <xQueueGenericSendFromISR+0x94>
10007264:	2d00      	cmp	r5, #0
10007266:	d1bd      	bne.n	100071e4 <xQueueGenericSendFromISR+0x54>
10007268:	0039      	movs	r1, r7
1000726a:	6860      	ldr	r0, [r4, #4]
1000726c:	f7fa ff16 	bl	1000209c <__wrap___aeabi_memcpy>
10007270:	4649      	mov	r1, r9
10007272:	6863      	ldr	r3, [r4, #4]
10007274:	6c22      	ldr	r2, [r4, #64]	@ 0x40
10007276:	3101      	adds	r1, #1
10007278:	189b      	adds	r3, r3, r2
1000727a:	68a2      	ldr	r2, [r4, #8]
1000727c:	6063      	str	r3, [r4, #4]
1000727e:	4293      	cmp	r3, r2
10007280:	d301      	bcc.n	10007286 <xQueueGenericSendFromISR+0xf6>
10007282:	6823      	ldr	r3, [r4, #0]
10007284:	6063      	str	r3, [r4, #4]
10007286:	4643      	mov	r3, r8
10007288:	63a1      	str	r1, [r4, #56]	@ 0x38
1000728a:	3301      	adds	r3, #1
1000728c:	d1c1      	bne.n	10007212 <xQueueGenericSendFromISR+0x82>
1000728e:	6ca3      	ldr	r3, [r4, #72]	@ 0x48
10007290:	2b00      	cmp	r3, #0
10007292:	d015      	beq.n	100072c0 <xQueueGenericSendFromISR+0x130>
10007294:	0020      	movs	r0, r4
10007296:	f7ff fee1 	bl	1000705c <prvNotifyQueueSetContainer>
1000729a:	2800      	cmp	r0, #0
1000729c:	d0c2      	beq.n	10007224 <xQueueGenericSendFromISR+0x94>
1000729e:	4653      	mov	r3, sl
100072a0:	2b00      	cmp	r3, #0
100072a2:	d0bf      	beq.n	10007224 <xQueueGenericSendFromISR+0x94>
100072a4:	2301      	movs	r3, #1
100072a6:	4652      	mov	r2, sl
100072a8:	6013      	str	r3, [r2, #0]
100072aa:	e7bb      	b.n	10007224 <xQueueGenericSendFromISR+0x94>
100072ac:	2b00      	cmp	r3, #0
100072ae:	d100      	bne.n	100072b2 <xQueueGenericSendFromISR+0x122>
100072b0:	2301      	movs	r3, #1
100072b2:	63a3      	str	r3, [r4, #56]	@ 0x38
100072b4:	4643      	mov	r3, r8
100072b6:	3301      	adds	r3, #1
100072b8:	d1ab      	bne.n	10007212 <xQueueGenericSendFromISR+0x82>
100072ba:	6ca3      	ldr	r3, [r4, #72]	@ 0x48
100072bc:	2b00      	cmp	r3, #0
100072be:	d1cd      	bne.n	1000725c <xQueueGenericSendFromISR+0xcc>
100072c0:	6a63      	ldr	r3, [r4, #36]	@ 0x24
100072c2:	2b00      	cmp	r3, #0
100072c4:	d0ae      	beq.n	10007224 <xQueueGenericSendFromISR+0x94>
100072c6:	0020      	movs	r0, r4
100072c8:	3024      	adds	r0, #36	@ 0x24
100072ca:	f000 fe55 	bl	10007f78 <xTaskRemoveFromEventList>
100072ce:	2800      	cmp	r0, #0
100072d0:	d1e5      	bne.n	1000729e <xQueueGenericSendFromISR+0x10e>
100072d2:	e7a7      	b.n	10007224 <xQueueGenericSendFromISR+0x94>
100072d4:	68a0      	ldr	r0, [r4, #8]
100072d6:	f000 ff59 	bl	1000818c <xTaskPriorityDisinherit>
100072da:	60a7      	str	r7, [r4, #8]
100072dc:	e7b3      	b.n	10007246 <xQueueGenericSendFromISR+0xb6>
100072de:	46c0      	nop			@ (mov r8, r8)

100072e0 <xQueueReceive>:
100072e0:	b5f0      	push	{r4, r5, r6, r7, lr}
100072e2:	4647      	mov	r7, r8
100072e4:	46ce      	mov	lr, r9
100072e6:	0004      	movs	r4, r0
100072e8:	b580      	push	{r7, lr}
100072ea:	b085      	sub	sp, #20
100072ec:	4688      	mov	r8, r1
100072ee:	9201      	str	r2, [sp, #4]
100072f0:	f7ff fad6 	bl	100068a0 <vPortEnterCritical>
100072f4:	6ba7      	ldr	r7, [r4, #56]	@ 0x38
100072f6:	2f00      	cmp	r7, #0
100072f8:	d15e      	bne.n	100073b8 <xQueueReceive+0xd8>
100072fa:	9b01      	ldr	r3, [sp, #4]
100072fc:	2b00      	cmp	r3, #0
100072fe:	d03b      	beq.n	10007378 <xQueueReceive+0x98>
10007300:	a802      	add	r0, sp, #8
10007302:	f000 fef1 	bl	100080e8 <vTaskInternalSetTimeOutState>
10007306:	2300      	movs	r3, #0
10007308:	2644      	movs	r6, #68	@ 0x44
1000730a:	4699      	mov	r9, r3
1000730c:	2545      	movs	r5, #69	@ 0x45
1000730e:	f7ff fad3 	bl	100068b8 <vPortExitCritical>
10007312:	f000 fb99 	bl	10007a48 <vTaskSuspendAll>
10007316:	f7ff fac3 	bl	100068a0 <vPortEnterCritical>
1000731a:	5da3      	ldrb	r3, [r4, r6]
1000731c:	b25b      	sxtb	r3, r3
1000731e:	3301      	adds	r3, #1
10007320:	d101      	bne.n	10007326 <xQueueReceive+0x46>
10007322:	464b      	mov	r3, r9
10007324:	55a3      	strb	r3, [r4, r6]
10007326:	5d63      	ldrb	r3, [r4, r5]
10007328:	b25b      	sxtb	r3, r3
1000732a:	3301      	adds	r3, #1
1000732c:	d101      	bne.n	10007332 <xQueueReceive+0x52>
1000732e:	464b      	mov	r3, r9
10007330:	5563      	strb	r3, [r4, r5]
10007332:	f7ff fac1 	bl	100068b8 <vPortExitCritical>
10007336:	a901      	add	r1, sp, #4
10007338:	a802      	add	r0, sp, #8
1000733a:	f000 fee1 	bl	10008100 <xTaskCheckForTimeOut>
1000733e:	2800      	cmp	r0, #0
10007340:	d122      	bne.n	10007388 <xQueueReceive+0xa8>
10007342:	f7ff faad 	bl	100068a0 <vPortEnterCritical>
10007346:	6ba3      	ldr	r3, [r4, #56]	@ 0x38
10007348:	2b00      	cmp	r3, #0
1000734a:	d12a      	bne.n	100073a2 <xQueueReceive+0xc2>
1000734c:	f7ff fab4 	bl	100068b8 <vPortExitCritical>
10007350:	0020      	movs	r0, r4
10007352:	9901      	ldr	r1, [sp, #4]
10007354:	3024      	adds	r0, #36	@ 0x24
10007356:	f000 fce3 	bl	10007d20 <vTaskPlaceOnEventList>
1000735a:	0020      	movs	r0, r4
1000735c:	f7ff fdc0 	bl	10006ee0 <prvUnlockQueue>
10007360:	f000 fb7a 	bl	10007a58 <xTaskResumeAll>
10007364:	2800      	cmp	r0, #0
10007366:	d024      	beq.n	100073b2 <xQueueReceive+0xd2>
10007368:	f7ff fa9a 	bl	100068a0 <vPortEnterCritical>
1000736c:	6ba7      	ldr	r7, [r4, #56]	@ 0x38
1000736e:	2f00      	cmp	r7, #0
10007370:	d122      	bne.n	100073b8 <xQueueReceive+0xd8>
10007372:	9b01      	ldr	r3, [sp, #4]
10007374:	2b00      	cmp	r3, #0
10007376:	d1ca      	bne.n	1000730e <xQueueReceive+0x2e>
10007378:	f7ff fa9e 	bl	100068b8 <vPortExitCritical>
1000737c:	2000      	movs	r0, #0
1000737e:	b005      	add	sp, #20
10007380:	bcc0      	pop	{r6, r7}
10007382:	46b9      	mov	r9, r7
10007384:	46b0      	mov	r8, r6
10007386:	bdf0      	pop	{r4, r5, r6, r7, pc}
10007388:	0020      	movs	r0, r4
1000738a:	f7ff fda9 	bl	10006ee0 <prvUnlockQueue>
1000738e:	f000 fb63 	bl	10007a58 <xTaskResumeAll>
10007392:	f7ff fa85 	bl	100068a0 <vPortEnterCritical>
10007396:	6ba3      	ldr	r3, [r4, #56]	@ 0x38
10007398:	2b00      	cmp	r3, #0
1000739a:	d0ed      	beq.n	10007378 <xQueueReceive+0x98>
1000739c:	f7ff fa8c 	bl	100068b8 <vPortExitCritical>
100073a0:	e7e2      	b.n	10007368 <xQueueReceive+0x88>
100073a2:	f7ff fa89 	bl	100068b8 <vPortExitCritical>
100073a6:	0020      	movs	r0, r4
100073a8:	f7ff fd9a 	bl	10006ee0 <prvUnlockQueue>
100073ac:	f000 fb54 	bl	10007a58 <xTaskResumeAll>
100073b0:	e7da      	b.n	10007368 <xQueueReceive+0x88>
100073b2:	f7ff fa69 	bl	10006888 <vPortYield>
100073b6:	e7d7      	b.n	10007368 <xQueueReceive+0x88>
100073b8:	6c22      	ldr	r2, [r4, #64]	@ 0x40
100073ba:	2a00      	cmp	r2, #0
100073bc:	d008      	beq.n	100073d0 <xQueueReceive+0xf0>
100073be:	68e1      	ldr	r1, [r4, #12]
100073c0:	68a3      	ldr	r3, [r4, #8]
100073c2:	1889      	adds	r1, r1, r2
100073c4:	60e1      	str	r1, [r4, #12]
100073c6:	4299      	cmp	r1, r3
100073c8:	d20b      	bcs.n	100073e2 <xQueueReceive+0x102>
100073ca:	4640      	mov	r0, r8
100073cc:	f7fa fe66 	bl	1000209c <__wrap___aeabi_memcpy>
100073d0:	1e7b      	subs	r3, r7, #1
100073d2:	63a3      	str	r3, [r4, #56]	@ 0x38
100073d4:	6923      	ldr	r3, [r4, #16]
100073d6:	2b00      	cmp	r3, #0
100073d8:	d106      	bne.n	100073e8 <xQueueReceive+0x108>
100073da:	f7ff fa6d 	bl	100068b8 <vPortExitCritical>
100073de:	2001      	movs	r0, #1
100073e0:	e7cd      	b.n	1000737e <xQueueReceive+0x9e>
100073e2:	6821      	ldr	r1, [r4, #0]
100073e4:	60e1      	str	r1, [r4, #12]
100073e6:	e7f0      	b.n	100073ca <xQueueReceive+0xea>
100073e8:	0020      	movs	r0, r4
100073ea:	3010      	adds	r0, #16
100073ec:	f000 fdc4 	bl	10007f78 <xTaskRemoveFromEventList>
100073f0:	2800      	cmp	r0, #0
100073f2:	d0f2      	beq.n	100073da <xQueueReceive+0xfa>
100073f4:	f7ff fa48 	bl	10006888 <vPortYield>
100073f8:	e7ef      	b.n	100073da <xQueueReceive+0xfa>
100073fa:	46c0      	nop			@ (mov r8, r8)

100073fc <vQueueAddToRegistry>:
100073fc:	b510      	push	{r4, lr}
100073fe:	2900      	cmp	r1, #0
10007400:	d033      	beq.n	1000746a <vQueueAddToRegistry+0x6e>
10007402:	4b42      	ldr	r3, [pc, #264]	@ (1000750c <vQueueAddToRegistry+0x110>)
10007404:	685a      	ldr	r2, [r3, #4]
10007406:	4290      	cmp	r0, r2
10007408:	d100      	bne.n	1000740c <vQueueAddToRegistry+0x10>
1000740a:	e073      	b.n	100074f4 <vQueueAddToRegistry+0xf8>
1000740c:	681a      	ldr	r2, [r3, #0]
1000740e:	2a00      	cmp	r2, #0
10007410:	d02c      	beq.n	1000746c <vQueueAddToRegistry+0x70>
10007412:	68da      	ldr	r2, [r3, #12]
10007414:	4290      	cmp	r0, r2
10007416:	d100      	bne.n	1000741a <vQueueAddToRegistry+0x1e>
10007418:	e076      	b.n	10007508 <vQueueAddToRegistry+0x10c>
1000741a:	689a      	ldr	r2, [r3, #8]
1000741c:	2a00      	cmp	r2, #0
1000741e:	d03e      	beq.n	1000749e <vQueueAddToRegistry+0xa2>
10007420:	695a      	ldr	r2, [r3, #20]
10007422:	4290      	cmp	r0, r2
10007424:	d100      	bne.n	10007428 <vQueueAddToRegistry+0x2c>
10007426:	e06d      	b.n	10007504 <vQueueAddToRegistry+0x108>
10007428:	691a      	ldr	r2, [r3, #16]
1000742a:	2a00      	cmp	r2, #0
1000742c:	d03d      	beq.n	100074aa <vQueueAddToRegistry+0xae>
1000742e:	69da      	ldr	r2, [r3, #28]
10007430:	4290      	cmp	r0, r2
10007432:	d061      	beq.n	100074f8 <vQueueAddToRegistry+0xfc>
10007434:	699a      	ldr	r2, [r3, #24]
10007436:	2a00      	cmp	r2, #0
10007438:	d03d      	beq.n	100074b6 <vQueueAddToRegistry+0xba>
1000743a:	6a5a      	ldr	r2, [r3, #36]	@ 0x24
1000743c:	4290      	cmp	r0, r2
1000743e:	d042      	beq.n	100074c6 <vQueueAddToRegistry+0xca>
10007440:	6a1a      	ldr	r2, [r3, #32]
10007442:	2a00      	cmp	r2, #0
10007444:	d043      	beq.n	100074ce <vQueueAddToRegistry+0xd2>
10007446:	6ada      	ldr	r2, [r3, #44]	@ 0x2c
10007448:	4290      	cmp	r0, r2
1000744a:	d057      	beq.n	100074fc <vQueueAddToRegistry+0x100>
1000744c:	6a9a      	ldr	r2, [r3, #40]	@ 0x28
1000744e:	2a00      	cmp	r2, #0
10007450:	d043      	beq.n	100074da <vQueueAddToRegistry+0xde>
10007452:	6b5a      	ldr	r2, [r3, #52]	@ 0x34
10007454:	4290      	cmp	r0, r2
10007456:	d053      	beq.n	10007500 <vQueueAddToRegistry+0x104>
10007458:	6b1a      	ldr	r2, [r3, #48]	@ 0x30
1000745a:	2a00      	cmp	r2, #0
1000745c:	d043      	beq.n	100074e6 <vQueueAddToRegistry+0xea>
1000745e:	6bda      	ldr	r2, [r3, #60]	@ 0x3c
10007460:	4290      	cmp	r0, r2
10007462:	d045      	beq.n	100074f0 <vQueueAddToRegistry+0xf4>
10007464:	6b9a      	ldr	r2, [r3, #56]	@ 0x38
10007466:	2a00      	cmp	r2, #0
10007468:	d02a      	beq.n	100074c0 <vQueueAddToRegistry+0xc4>
1000746a:	bd10      	pop	{r4, pc}
1000746c:	68da      	ldr	r2, [r3, #12]
1000746e:	4290      	cmp	r0, r2
10007470:	d04a      	beq.n	10007508 <vQueueAddToRegistry+0x10c>
10007472:	695a      	ldr	r2, [r3, #20]
10007474:	4290      	cmp	r0, r2
10007476:	d045      	beq.n	10007504 <vQueueAddToRegistry+0x108>
10007478:	001a      	movs	r2, r3
1000747a:	69dc      	ldr	r4, [r3, #28]
1000747c:	42a0      	cmp	r0, r4
1000747e:	d03b      	beq.n	100074f8 <vQueueAddToRegistry+0xfc>
10007480:	6a5c      	ldr	r4, [r3, #36]	@ 0x24
10007482:	42a0      	cmp	r0, r4
10007484:	d01f      	beq.n	100074c6 <vQueueAddToRegistry+0xca>
10007486:	6adc      	ldr	r4, [r3, #44]	@ 0x2c
10007488:	42a0      	cmp	r0, r4
1000748a:	d037      	beq.n	100074fc <vQueueAddToRegistry+0x100>
1000748c:	6b5c      	ldr	r4, [r3, #52]	@ 0x34
1000748e:	42a0      	cmp	r0, r4
10007490:	d036      	beq.n	10007500 <vQueueAddToRegistry+0x104>
10007492:	6bdc      	ldr	r4, [r3, #60]	@ 0x3c
10007494:	42a0      	cmp	r0, r4
10007496:	d02b      	beq.n	100074f0 <vQueueAddToRegistry+0xf4>
10007498:	6011      	str	r1, [r2, #0]
1000749a:	6050      	str	r0, [r2, #4]
1000749c:	e7e5      	b.n	1000746a <vQueueAddToRegistry+0x6e>
1000749e:	695a      	ldr	r2, [r3, #20]
100074a0:	4290      	cmp	r0, r2
100074a2:	d02f      	beq.n	10007504 <vQueueAddToRegistry+0x108>
100074a4:	001a      	movs	r2, r3
100074a6:	3208      	adds	r2, #8
100074a8:	e7e7      	b.n	1000747a <vQueueAddToRegistry+0x7e>
100074aa:	69da      	ldr	r2, [r3, #28]
100074ac:	4290      	cmp	r0, r2
100074ae:	d023      	beq.n	100074f8 <vQueueAddToRegistry+0xfc>
100074b0:	001a      	movs	r2, r3
100074b2:	3210      	adds	r2, #16
100074b4:	e7e4      	b.n	10007480 <vQueueAddToRegistry+0x84>
100074b6:	6a5a      	ldr	r2, [r3, #36]	@ 0x24
100074b8:	4290      	cmp	r0, r2
100074ba:	d004      	beq.n	100074c6 <vQueueAddToRegistry+0xca>
100074bc:	4a14      	ldr	r2, [pc, #80]	@ (10007510 <vQueueAddToRegistry+0x114>)
100074be:	e7e2      	b.n	10007486 <vQueueAddToRegistry+0x8a>
100074c0:	3338      	adds	r3, #56	@ 0x38
100074c2:	001a      	movs	r2, r3
100074c4:	e7e8      	b.n	10007498 <vQueueAddToRegistry+0x9c>
100074c6:	2204      	movs	r2, #4
100074c8:	00d2      	lsls	r2, r2, #3
100074ca:	189a      	adds	r2, r3, r2
100074cc:	e7e4      	b.n	10007498 <vQueueAddToRegistry+0x9c>
100074ce:	6ada      	ldr	r2, [r3, #44]	@ 0x2c
100074d0:	4290      	cmp	r0, r2
100074d2:	d013      	beq.n	100074fc <vQueueAddToRegistry+0x100>
100074d4:	001a      	movs	r2, r3
100074d6:	3220      	adds	r2, #32
100074d8:	e7d8      	b.n	1000748c <vQueueAddToRegistry+0x90>
100074da:	6b5a      	ldr	r2, [r3, #52]	@ 0x34
100074dc:	4290      	cmp	r0, r2
100074de:	d00f      	beq.n	10007500 <vQueueAddToRegistry+0x104>
100074e0:	001a      	movs	r2, r3
100074e2:	3228      	adds	r2, #40	@ 0x28
100074e4:	e7d5      	b.n	10007492 <vQueueAddToRegistry+0x96>
100074e6:	001a      	movs	r2, r3
100074e8:	6bdc      	ldr	r4, [r3, #60]	@ 0x3c
100074ea:	3230      	adds	r2, #48	@ 0x30
100074ec:	42a0      	cmp	r0, r4
100074ee:	d1d3      	bne.n	10007498 <vQueueAddToRegistry+0x9c>
100074f0:	2207      	movs	r2, #7
100074f2:	e7e9      	b.n	100074c8 <vQueueAddToRegistry+0xcc>
100074f4:	2200      	movs	r2, #0
100074f6:	e7e7      	b.n	100074c8 <vQueueAddToRegistry+0xcc>
100074f8:	2203      	movs	r2, #3
100074fa:	e7e5      	b.n	100074c8 <vQueueAddToRegistry+0xcc>
100074fc:	2205      	movs	r2, #5
100074fe:	e7e3      	b.n	100074c8 <vQueueAddToRegistry+0xcc>
10007500:	2206      	movs	r2, #6
10007502:	e7e1      	b.n	100074c8 <vQueueAddToRegistry+0xcc>
10007504:	2202      	movs	r2, #2
10007506:	e7df      	b.n	100074c8 <vQueueAddToRegistry+0xcc>
10007508:	2201      	movs	r2, #1
1000750a:	e7dd      	b.n	100074c8 <vQueueAddToRegistry+0xcc>
1000750c:	20001340 	.word	0x20001340
10007510:	20001358 	.word	0x20001358

10007514 <vQueueWaitForMessageRestricted>:
10007514:	b570      	push	{r4, r5, r6, lr}
10007516:	0004      	movs	r4, r0
10007518:	0016      	movs	r6, r2
1000751a:	000d      	movs	r5, r1
1000751c:	f7ff f9c0 	bl	100068a0 <vPortEnterCritical>
10007520:	2244      	movs	r2, #68	@ 0x44
10007522:	5ca3      	ldrb	r3, [r4, r2]
10007524:	b25b      	sxtb	r3, r3
10007526:	3301      	adds	r3, #1
10007528:	d101      	bne.n	1000752e <vQueueWaitForMessageRestricted+0x1a>
1000752a:	2300      	movs	r3, #0
1000752c:	54a3      	strb	r3, [r4, r2]
1000752e:	2245      	movs	r2, #69	@ 0x45
10007530:	5ca3      	ldrb	r3, [r4, r2]
10007532:	b25b      	sxtb	r3, r3
10007534:	3301      	adds	r3, #1
10007536:	d101      	bne.n	1000753c <vQueueWaitForMessageRestricted+0x28>
10007538:	2300      	movs	r3, #0
1000753a:	54a3      	strb	r3, [r4, r2]
1000753c:	f7ff f9bc 	bl	100068b8 <vPortExitCritical>
10007540:	6ba3      	ldr	r3, [r4, #56]	@ 0x38
10007542:	2b00      	cmp	r3, #0
10007544:	d003      	beq.n	1000754e <vQueueWaitForMessageRestricted+0x3a>
10007546:	0020      	movs	r0, r4
10007548:	f7ff fcca 	bl	10006ee0 <prvUnlockQueue>
1000754c:	bd70      	pop	{r4, r5, r6, pc}
1000754e:	0020      	movs	r0, r4
10007550:	0032      	movs	r2, r6
10007552:	0029      	movs	r1, r5
10007554:	3024      	adds	r0, #36	@ 0x24
10007556:	f000 fc95 	bl	10007e84 <vTaskPlaceOnEventListRestricted>
1000755a:	e7f4      	b.n	10007546 <vQueueWaitForMessageRestricted+0x32>

1000755c <prvAddNewTaskToReadyList>:
1000755c:	b5f0      	push	{r4, r5, r6, r7, lr}
1000755e:	46c6      	mov	lr, r8
10007560:	b500      	push	{lr}
10007562:	0004      	movs	r4, r0
10007564:	f7ff f99c 	bl	100068a0 <vPortEnterCritical>
10007568:	4a38      	ldr	r2, [pc, #224]	@ (1000764c <prvAddNewTaskToReadyList+0xf0>)
1000756a:	4f39      	ldr	r7, [pc, #228]	@ (10007650 <prvAddNewTaskToReadyList+0xf4>)
1000756c:	6813      	ldr	r3, [r2, #0]
1000756e:	3301      	adds	r3, #1
10007570:	6013      	str	r3, [r2, #0]
10007572:	683b      	ldr	r3, [r7, #0]
10007574:	2b00      	cmp	r3, #0
10007576:	d035      	beq.n	100075e4 <prvAddNewTaskToReadyList+0x88>
10007578:	4b36      	ldr	r3, [pc, #216]	@ (10007654 <prvAddNewTaskToReadyList+0xf8>)
1000757a:	6ae2      	ldr	r2, [r4, #44]	@ 0x2c
1000757c:	4698      	mov	r8, r3
1000757e:	681b      	ldr	r3, [r3, #0]
10007580:	2b00      	cmp	r3, #0
10007582:	d029      	beq.n	100075d8 <prvAddNewTaskToReadyList+0x7c>
10007584:	4e34      	ldr	r6, [pc, #208]	@ (10007658 <prvAddNewTaskToReadyList+0xfc>)
10007586:	4935      	ldr	r1, [pc, #212]	@ (1000765c <prvAddNewTaskToReadyList+0x100>)
10007588:	680b      	ldr	r3, [r1, #0]
1000758a:	3301      	adds	r3, #1
1000758c:	600b      	str	r3, [r1, #0]
1000758e:	6463      	str	r3, [r4, #68]	@ 0x44
10007590:	4b33      	ldr	r3, [pc, #204]	@ (10007660 <prvAddNewTaskToReadyList+0x104>)
10007592:	6819      	ldr	r1, [r3, #0]
10007594:	4291      	cmp	r1, r2
10007596:	d200      	bcs.n	1000759a <prvAddNewTaskToReadyList+0x3e>
10007598:	601a      	str	r2, [r3, #0]
1000759a:	0093      	lsls	r3, r2, #2
1000759c:	189b      	adds	r3, r3, r2
1000759e:	009b      	lsls	r3, r3, #2
100075a0:	18f1      	adds	r1, r6, r3
100075a2:	684a      	ldr	r2, [r1, #4]
100075a4:	60a2      	str	r2, [r4, #8]
100075a6:	6890      	ldr	r0, [r2, #8]
100075a8:	4684      	mov	ip, r0
100075aa:	4665      	mov	r5, ip
100075ac:	60e0      	str	r0, [r4, #12]
100075ae:	1d20      	adds	r0, r4, #4
100075b0:	6068      	str	r0, [r5, #4]
100075b2:	6090      	str	r0, [r2, #8]
100075b4:	58f2      	ldr	r2, [r6, r3]
100075b6:	6161      	str	r1, [r4, #20]
100075b8:	3201      	adds	r2, #1
100075ba:	50f2      	str	r2, [r6, r3]
100075bc:	f7ff f97c 	bl	100068b8 <vPortExitCritical>
100075c0:	4643      	mov	r3, r8
100075c2:	681b      	ldr	r3, [r3, #0]
100075c4:	2b00      	cmp	r3, #0
100075c6:	d004      	beq.n	100075d2 <prvAddNewTaskToReadyList+0x76>
100075c8:	683b      	ldr	r3, [r7, #0]
100075ca:	6ada      	ldr	r2, [r3, #44]	@ 0x2c
100075cc:	6ae3      	ldr	r3, [r4, #44]	@ 0x2c
100075ce:	429a      	cmp	r2, r3
100075d0:	d311      	bcc.n	100075f6 <prvAddNewTaskToReadyList+0x9a>
100075d2:	bc80      	pop	{r7}
100075d4:	46b8      	mov	r8, r7
100075d6:	bdf0      	pop	{r4, r5, r6, r7, pc}
100075d8:	683b      	ldr	r3, [r7, #0]
100075da:	6adb      	ldr	r3, [r3, #44]	@ 0x2c
100075dc:	4293      	cmp	r3, r2
100075de:	d8d1      	bhi.n	10007584 <prvAddNewTaskToReadyList+0x28>
100075e0:	603c      	str	r4, [r7, #0]
100075e2:	e7cf      	b.n	10007584 <prvAddNewTaskToReadyList+0x28>
100075e4:	603c      	str	r4, [r7, #0]
100075e6:	6813      	ldr	r3, [r2, #0]
100075e8:	2b01      	cmp	r3, #1
100075ea:	d007      	beq.n	100075fc <prvAddNewTaskToReadyList+0xa0>
100075ec:	4b19      	ldr	r3, [pc, #100]	@ (10007654 <prvAddNewTaskToReadyList+0xf8>)
100075ee:	6ae2      	ldr	r2, [r4, #44]	@ 0x2c
100075f0:	4698      	mov	r8, r3
100075f2:	4e19      	ldr	r6, [pc, #100]	@ (10007658 <prvAddNewTaskToReadyList+0xfc>)
100075f4:	e7c7      	b.n	10007586 <prvAddNewTaskToReadyList+0x2a>
100075f6:	f7ff f947 	bl	10006888 <vPortYield>
100075fa:	e7ea      	b.n	100075d2 <prvAddNewTaskToReadyList+0x76>
100075fc:	23a0      	movs	r3, #160	@ 0xa0
100075fe:	4e16      	ldr	r6, [pc, #88]	@ (10007658 <prvAddNewTaskToReadyList+0xfc>)
10007600:	009b      	lsls	r3, r3, #2
10007602:	4698      	mov	r8, r3
10007604:	0035      	movs	r5, r6
10007606:	44b0      	add	r8, r6
10007608:	0028      	movs	r0, r5
1000760a:	3514      	adds	r5, #20
1000760c:	f7ff fc30 	bl	10006e70 <vListInitialise>
10007610:	4545      	cmp	r5, r8
10007612:	d1f9      	bne.n	10007608 <prvAddNewTaskToReadyList+0xac>
10007614:	4b13      	ldr	r3, [pc, #76]	@ (10007664 <prvAddNewTaskToReadyList+0x108>)
10007616:	4698      	mov	r8, r3
10007618:	0018      	movs	r0, r3
1000761a:	f7ff fc29 	bl	10006e70 <vListInitialise>
1000761e:	4d12      	ldr	r5, [pc, #72]	@ (10007668 <prvAddNewTaskToReadyList+0x10c>)
10007620:	0028      	movs	r0, r5
10007622:	f7ff fc25 	bl	10006e70 <vListInitialise>
10007626:	4811      	ldr	r0, [pc, #68]	@ (1000766c <prvAddNewTaskToReadyList+0x110>)
10007628:	f7ff fc22 	bl	10006e70 <vListInitialise>
1000762c:	4810      	ldr	r0, [pc, #64]	@ (10007670 <prvAddNewTaskToReadyList+0x114>)
1000762e:	f7ff fc1f 	bl	10006e70 <vListInitialise>
10007632:	4810      	ldr	r0, [pc, #64]	@ (10007674 <prvAddNewTaskToReadyList+0x118>)
10007634:	f7ff fc1c 	bl	10006e70 <vListInitialise>
10007638:	4642      	mov	r2, r8
1000763a:	4b0f      	ldr	r3, [pc, #60]	@ (10007678 <prvAddNewTaskToReadyList+0x11c>)
1000763c:	601a      	str	r2, [r3, #0]
1000763e:	4b0f      	ldr	r3, [pc, #60]	@ (1000767c <prvAddNewTaskToReadyList+0x120>)
10007640:	6ae2      	ldr	r2, [r4, #44]	@ 0x2c
10007642:	601d      	str	r5, [r3, #0]
10007644:	4b03      	ldr	r3, [pc, #12]	@ (10007654 <prvAddNewTaskToReadyList+0xf8>)
10007646:	4698      	mov	r8, r3
10007648:	e79d      	b.n	10007586 <prvAddNewTaskToReadyList+0x2a>
1000764a:	46c0      	nop			@ (mov r8, r8)
1000764c:	200223ac 	.word	0x200223ac
10007650:	20001fdc 	.word	0x20001fdc
10007654:	2002244c 	.word	0x2002244c
10007658:	20001ff4 	.word	0x20001ff4
1000765c:	200223b8 	.word	0x200223b8
10007660:	200223bc 	.word	0x200223bc
10007664:	200223e8 	.word	0x200223e8
10007668:	200223fc 	.word	0x200223fc
1000766c:	20022438 	.word	0x20022438
10007670:	2002246c 	.word	0x2002246c
10007674:	20022458 	.word	0x20022458
10007678:	20001fe4 	.word	0x20001fe4
1000767c:	20001fec 	.word	0x20001fec

10007680 <prvCreateTask>:
10007680:	b5f8      	push	{r3, r4, r5, r6, r7, lr}
10007682:	46ce      	mov	lr, r9
10007684:	4647      	mov	r7, r8
10007686:	0096      	lsls	r6, r2, #2
10007688:	b580      	push	{r7, lr}
1000768a:	4680      	mov	r8, r0
1000768c:	0030      	movs	r0, r6
1000768e:	000d      	movs	r5, r1
10007690:	4699      	mov	r9, r3
10007692:	f7fe ff75 	bl	10006580 <pvPortMalloc>
10007696:	1e07      	subs	r7, r0, #0
10007698:	d100      	bne.n	1000769c <prvCreateTask+0x1c>
1000769a:	e087      	b.n	100077ac <prvCreateTask+0x12c>
1000769c:	2070      	movs	r0, #112	@ 0x70
1000769e:	f7fe ff6f 	bl	10006580 <pvPortMalloc>
100076a2:	1e04      	subs	r4, r0, #0
100076a4:	d100      	bne.n	100076a8 <prvCreateTask+0x28>
100076a6:	e07e      	b.n	100077a6 <prvCreateTask+0x126>
100076a8:	2270      	movs	r2, #112	@ 0x70
100076aa:	2100      	movs	r1, #0
100076ac:	f7fa fcf0 	bl	10002090 <__wrap_memset>
100076b0:	0032      	movs	r2, r6
100076b2:	21a5      	movs	r1, #165	@ 0xa5
100076b4:	0038      	movs	r0, r7
100076b6:	6327      	str	r7, [r4, #48]	@ 0x30
100076b8:	f7fa fcea 	bl	10002090 <__wrap_memset>
100076bc:	6b23      	ldr	r3, [r4, #48]	@ 0x30
100076be:	3e04      	subs	r6, #4
100076c0:	199e      	adds	r6, r3, r6
100076c2:	2307      	movs	r3, #7
100076c4:	439e      	bics	r6, r3
100076c6:	2d00      	cmp	r5, #0
100076c8:	d04b      	beq.n	10007762 <prvCreateTask+0xe2>
100076ca:	2234      	movs	r2, #52	@ 0x34
100076cc:	782b      	ldrb	r3, [r5, #0]
100076ce:	54a3      	strb	r3, [r4, r2]
100076d0:	2b00      	cmp	r3, #0
100076d2:	d043      	beq.n	1000775c <prvCreateTask+0xdc>
100076d4:	786b      	ldrb	r3, [r5, #1]
100076d6:	3201      	adds	r2, #1
100076d8:	54a3      	strb	r3, [r4, r2]
100076da:	2b00      	cmp	r3, #0
100076dc:	d03e      	beq.n	1000775c <prvCreateTask+0xdc>
100076de:	78ab      	ldrb	r3, [r5, #2]
100076e0:	3201      	adds	r2, #1
100076e2:	54a3      	strb	r3, [r4, r2]
100076e4:	2b00      	cmp	r3, #0
100076e6:	d039      	beq.n	1000775c <prvCreateTask+0xdc>
100076e8:	78eb      	ldrb	r3, [r5, #3]
100076ea:	3201      	adds	r2, #1
100076ec:	54a3      	strb	r3, [r4, r2]
100076ee:	2b00      	cmp	r3, #0
100076f0:	d034      	beq.n	1000775c <prvCreateTask+0xdc>
100076f2:	792b      	ldrb	r3, [r5, #4]
100076f4:	3201      	adds	r2, #1
100076f6:	54a3      	strb	r3, [r4, r2]
100076f8:	2b00      	cmp	r3, #0
100076fa:	d02f      	beq.n	1000775c <prvCreateTask+0xdc>
100076fc:	796b      	ldrb	r3, [r5, #5]
100076fe:	3201      	adds	r2, #1
10007700:	54a3      	strb	r3, [r4, r2]
10007702:	2b00      	cmp	r3, #0
10007704:	d02a      	beq.n	1000775c <prvCreateTask+0xdc>
10007706:	79ab      	ldrb	r3, [r5, #6]
10007708:	3201      	adds	r2, #1
1000770a:	54a3      	strb	r3, [r4, r2]
1000770c:	2b00      	cmp	r3, #0
1000770e:	d025      	beq.n	1000775c <prvCreateTask+0xdc>
10007710:	79eb      	ldrb	r3, [r5, #7]
10007712:	3201      	adds	r2, #1
10007714:	54a3      	strb	r3, [r4, r2]
10007716:	2b00      	cmp	r3, #0
10007718:	d020      	beq.n	1000775c <prvCreateTask+0xdc>
1000771a:	7a2b      	ldrb	r3, [r5, #8]
1000771c:	3201      	adds	r2, #1
1000771e:	54a3      	strb	r3, [r4, r2]
10007720:	2b00      	cmp	r3, #0
10007722:	d01b      	beq.n	1000775c <prvCreateTask+0xdc>
10007724:	7a6b      	ldrb	r3, [r5, #9]
10007726:	3201      	adds	r2, #1
10007728:	54a3      	strb	r3, [r4, r2]
1000772a:	2b00      	cmp	r3, #0
1000772c:	d016      	beq.n	1000775c <prvCreateTask+0xdc>
1000772e:	7aab      	ldrb	r3, [r5, #10]
10007730:	3201      	adds	r2, #1
10007732:	54a3      	strb	r3, [r4, r2]
10007734:	2b00      	cmp	r3, #0
10007736:	d011      	beq.n	1000775c <prvCreateTask+0xdc>
10007738:	7aeb      	ldrb	r3, [r5, #11]
1000773a:	3201      	adds	r2, #1
1000773c:	54a3      	strb	r3, [r4, r2]
1000773e:	2b00      	cmp	r3, #0
10007740:	d00c      	beq.n	1000775c <prvCreateTask+0xdc>
10007742:	7b2b      	ldrb	r3, [r5, #12]
10007744:	3201      	adds	r2, #1
10007746:	54a3      	strb	r3, [r4, r2]
10007748:	2b00      	cmp	r3, #0
1000774a:	d007      	beq.n	1000775c <prvCreateTask+0xdc>
1000774c:	7b6b      	ldrb	r3, [r5, #13]
1000774e:	3201      	adds	r2, #1
10007750:	54a3      	strb	r3, [r4, r2]
10007752:	2b00      	cmp	r3, #0
10007754:	d002      	beq.n	1000775c <prvCreateTask+0xdc>
10007756:	2342      	movs	r3, #66	@ 0x42
10007758:	7baa      	ldrb	r2, [r5, #14]
1000775a:	54e2      	strb	r2, [r4, r3]
1000775c:	2343      	movs	r3, #67	@ 0x43
1000775e:	2200      	movs	r2, #0
10007760:	54e2      	strb	r2, [r4, r3]
10007762:	9d08      	ldr	r5, [sp, #32]
10007764:	2d1f      	cmp	r5, #31
10007766:	d81c      	bhi.n	100077a2 <prvCreateTask+0x122>
10007768:	1d20      	adds	r0, r4, #4
1000776a:	62e5      	str	r5, [r4, #44]	@ 0x2c
1000776c:	64e5      	str	r5, [r4, #76]	@ 0x4c
1000776e:	f7ff fb8b 	bl	10006e88 <vListInitialiseItem>
10007772:	0020      	movs	r0, r4
10007774:	3018      	adds	r0, #24
10007776:	f7ff fb87 	bl	10006e88 <vListInitialiseItem>
1000777a:	2320      	movs	r3, #32
1000777c:	1b5b      	subs	r3, r3, r5
1000777e:	61a3      	str	r3, [r4, #24]
10007780:	464a      	mov	r2, r9
10007782:	4641      	mov	r1, r8
10007784:	0030      	movs	r0, r6
10007786:	6124      	str	r4, [r4, #16]
10007788:	6264      	str	r4, [r4, #36]	@ 0x24
1000778a:	f7ff f86d 	bl	10006868 <pxPortInitialiseStack>
1000778e:	9b09      	ldr	r3, [sp, #36]	@ 0x24
10007790:	6020      	str	r0, [r4, #0]
10007792:	2b00      	cmp	r3, #0
10007794:	d000      	beq.n	10007798 <prvCreateTask+0x118>
10007796:	601c      	str	r4, [r3, #0]
10007798:	0020      	movs	r0, r4
1000779a:	bcc0      	pop	{r6, r7}
1000779c:	46b9      	mov	r9, r7
1000779e:	46b0      	mov	r8, r6
100077a0:	bdf8      	pop	{r3, r4, r5, r6, r7, pc}
100077a2:	251f      	movs	r5, #31
100077a4:	e7e0      	b.n	10007768 <prvCreateTask+0xe8>
100077a6:	0038      	movs	r0, r7
100077a8:	f7fe ff7c 	bl	100066a4 <vPortFree>
100077ac:	2400      	movs	r4, #0
100077ae:	e7f3      	b.n	10007798 <prvCreateTask+0x118>

100077b0 <prvIdleTask>:
100077b0:	b5f0      	push	{r4, r5, r6, r7, lr}
100077b2:	46c6      	mov	lr, r8
100077b4:	4b12      	ldr	r3, [pc, #72]	@ (10007800 <prvIdleTask+0x50>)
100077b6:	b500      	push	{lr}
100077b8:	4698      	mov	r8, r3
100077ba:	4d12      	ldr	r5, [pc, #72]	@ (10007804 <prvIdleTask+0x54>)
100077bc:	4f12      	ldr	r7, [pc, #72]	@ (10007808 <prvIdleTask+0x58>)
100077be:	4e13      	ldr	r6, [pc, #76]	@ (1000780c <prvIdleTask+0x5c>)
100077c0:	e014      	b.n	100077ec <prvIdleTask+0x3c>
100077c2:	f7ff f86d 	bl	100068a0 <vPortEnterCritical>
100077c6:	68fb      	ldr	r3, [r7, #12]
100077c8:	68dc      	ldr	r4, [r3, #12]
100077ca:	1d20      	adds	r0, r4, #4
100077cc:	f7ff fb78 	bl	10006ec0 <uxListRemove>
100077d0:	6833      	ldr	r3, [r6, #0]
100077d2:	3b01      	subs	r3, #1
100077d4:	6033      	str	r3, [r6, #0]
100077d6:	682b      	ldr	r3, [r5, #0]
100077d8:	3b01      	subs	r3, #1
100077da:	602b      	str	r3, [r5, #0]
100077dc:	f7ff f86c 	bl	100068b8 <vPortExitCritical>
100077e0:	6b20      	ldr	r0, [r4, #48]	@ 0x30
100077e2:	f7fe ff5f 	bl	100066a4 <vPortFree>
100077e6:	0020      	movs	r0, r4
100077e8:	f7fe ff5c 	bl	100066a4 <vPortFree>
100077ec:	682b      	ldr	r3, [r5, #0]
100077ee:	2b00      	cmp	r3, #0
100077f0:	d1e7      	bne.n	100077c2 <prvIdleTask+0x12>
100077f2:	4643      	mov	r3, r8
100077f4:	681b      	ldr	r3, [r3, #0]
100077f6:	2b01      	cmp	r3, #1
100077f8:	d9f8      	bls.n	100077ec <prvIdleTask+0x3c>
100077fa:	f7ff f845 	bl	10006888 <vPortYield>
100077fe:	e7f5      	b.n	100077ec <prvIdleTask+0x3c>
10007800:	20001ff4 	.word	0x20001ff4
10007804:	200223b0 	.word	0x200223b0
10007808:	2002246c 	.word	0x2002246c
1000780c:	200223ac 	.word	0x200223ac

10007810 <xTaskIncrementTick.part.0>:
10007810:	b5f0      	push	{r4, r5, r6, r7, lr}
10007812:	46de      	mov	lr, fp
10007814:	4657      	mov	r7, sl
10007816:	464e      	mov	r6, r9
10007818:	4645      	mov	r5, r8
1000781a:	4b5c      	ldr	r3, [pc, #368]	@ (1000798c <xTaskIncrementTick.part.0+0x17c>)
1000781c:	b5e0      	push	{r5, r6, r7, lr}
1000781e:	6818      	ldr	r0, [r3, #0]
10007820:	b083      	sub	sp, #12
10007822:	3001      	adds	r0, #1
10007824:	6018      	str	r0, [r3, #0]
10007826:	2800      	cmp	r0, #0
10007828:	d066      	beq.n	100078f8 <xTaskIncrementTick.part.0+0xe8>
1000782a:	4959      	ldr	r1, [pc, #356]	@ (10007990 <xTaskIncrementTick.part.0+0x180>)
1000782c:	680b      	ldr	r3, [r1, #0]
1000782e:	4298      	cmp	r0, r3
10007830:	d377      	bcc.n	10007922 <xTaskIncrementTick.part.0+0x112>
10007832:	4b58      	ldr	r3, [pc, #352]	@ (10007994 <xTaskIncrementTick.part.0+0x184>)
10007834:	4698      	mov	r8, r3
10007836:	681b      	ldr	r3, [r3, #0]
10007838:	681b      	ldr	r3, [r3, #0]
1000783a:	2b00      	cmp	r3, #0
1000783c:	d100      	bne.n	10007840 <xTaskIncrementTick.part.0+0x30>
1000783e:	e0a0      	b.n	10007982 <xTaskIncrementTick.part.0+0x172>
10007840:	2300      	movs	r3, #0
10007842:	469c      	mov	ip, r3
10007844:	4b54      	ldr	r3, [pc, #336]	@ (10007998 <xTaskIncrementTick.part.0+0x188>)
10007846:	4d55      	ldr	r5, [pc, #340]	@ (1000799c <xTaskIncrementTick.part.0+0x18c>)
10007848:	469b      	mov	fp, r3
1000784a:	2300      	movs	r3, #0
1000784c:	4699      	mov	r9, r3
1000784e:	4b54      	ldr	r3, [pc, #336]	@ (100079a0 <xTaskIncrementTick.part.0+0x190>)
10007850:	9101      	str	r1, [sp, #4]
10007852:	469a      	mov	sl, r3
10007854:	4643      	mov	r3, r8
10007856:	4680      	mov	r8, r0
10007858:	0018      	movs	r0, r3
1000785a:	e03a      	b.n	100078d2 <xTaskIncrementTick.part.0+0xc2>
1000785c:	4649      	mov	r1, r9
1000785e:	6159      	str	r1, [r3, #20]
10007860:	6811      	ldr	r1, [r2, #0]
10007862:	3901      	subs	r1, #1
10007864:	6011      	str	r1, [r2, #0]
10007866:	6a9a      	ldr	r2, [r3, #40]	@ 0x28
10007868:	2a00      	cmp	r2, #0
1000786a:	d00f      	beq.n	1000788c <xTaskIncrementTick.part.0+0x7c>
1000786c:	69de      	ldr	r6, [r3, #28]
1000786e:	6a19      	ldr	r1, [r3, #32]
10007870:	60b1      	str	r1, [r6, #8]
10007872:	69de      	ldr	r6, [r3, #28]
10007874:	604e      	str	r6, [r1, #4]
10007876:	0019      	movs	r1, r3
10007878:	6856      	ldr	r6, [r2, #4]
1000787a:	3118      	adds	r1, #24
1000787c:	428e      	cmp	r6, r1
1000787e:	d100      	bne.n	10007882 <xTaskIncrementTick.part.0+0x72>
10007880:	e074      	b.n	1000796c <xTaskIncrementTick.part.0+0x15c>
10007882:	4649      	mov	r1, r9
10007884:	6299      	str	r1, [r3, #40]	@ 0x28
10007886:	6811      	ldr	r1, [r2, #0]
10007888:	3901      	subs	r1, #1
1000788a:	6011      	str	r1, [r2, #0]
1000788c:	4652      	mov	r2, sl
1000788e:	6ad9      	ldr	r1, [r3, #44]	@ 0x2c
10007890:	6812      	ldr	r2, [r2, #0]
10007892:	4291      	cmp	r1, r2
10007894:	d901      	bls.n	1000789a <xTaskIncrementTick.part.0+0x8a>
10007896:	4652      	mov	r2, sl
10007898:	6011      	str	r1, [r2, #0]
1000789a:	008a      	lsls	r2, r1, #2
1000789c:	1852      	adds	r2, r2, r1
1000789e:	0092      	lsls	r2, r2, #2
100078a0:	18ae      	adds	r6, r5, r2
100078a2:	6871      	ldr	r1, [r6, #4]
100078a4:	6099      	str	r1, [r3, #8]
100078a6:	688f      	ldr	r7, [r1, #8]
100078a8:	60df      	str	r7, [r3, #12]
100078aa:	607c      	str	r4, [r7, #4]
100078ac:	608c      	str	r4, [r1, #8]
100078ae:	58a9      	ldr	r1, [r5, r2]
100078b0:	615e      	str	r6, [r3, #20]
100078b2:	3101      	adds	r1, #1
100078b4:	50a9      	str	r1, [r5, r2]
100078b6:	465a      	mov	r2, fp
100078b8:	6811      	ldr	r1, [r2, #0]
100078ba:	6ada      	ldr	r2, [r3, #44]	@ 0x2c
100078bc:	6acb      	ldr	r3, [r1, #44]	@ 0x2c
100078be:	4293      	cmp	r3, r2
100078c0:	419b      	sbcs	r3, r3
100078c2:	4662      	mov	r2, ip
100078c4:	425b      	negs	r3, r3
100078c6:	431a      	orrs	r2, r3
100078c8:	6803      	ldr	r3, [r0, #0]
100078ca:	4694      	mov	ip, r2
100078cc:	681b      	ldr	r3, [r3, #0]
100078ce:	2b00      	cmp	r3, #0
100078d0:	d052      	beq.n	10007978 <xTaskIncrementTick.part.0+0x168>
100078d2:	6803      	ldr	r3, [r0, #0]
100078d4:	68db      	ldr	r3, [r3, #12]
100078d6:	68db      	ldr	r3, [r3, #12]
100078d8:	685a      	ldr	r2, [r3, #4]
100078da:	4590      	cmp	r8, r2
100078dc:	d349      	bcc.n	10007972 <xTaskIncrementTick.part.0+0x162>
100078de:	689c      	ldr	r4, [r3, #8]
100078e0:	68d9      	ldr	r1, [r3, #12]
100078e2:	695a      	ldr	r2, [r3, #20]
100078e4:	60a1      	str	r1, [r4, #8]
100078e6:	689c      	ldr	r4, [r3, #8]
100078e8:	604c      	str	r4, [r1, #4]
100078ea:	6851      	ldr	r1, [r2, #4]
100078ec:	1d1c      	adds	r4, r3, #4
100078ee:	42a1      	cmp	r1, r4
100078f0:	d1b4      	bne.n	1000785c <xTaskIncrementTick.part.0+0x4c>
100078f2:	68d9      	ldr	r1, [r3, #12]
100078f4:	6051      	str	r1, [r2, #4]
100078f6:	e7b1      	b.n	1000785c <xTaskIncrementTick.part.0+0x4c>
100078f8:	4b26      	ldr	r3, [pc, #152]	@ (10007994 <xTaskIncrementTick.part.0+0x184>)
100078fa:	4a2a      	ldr	r2, [pc, #168]	@ (100079a4 <xTaskIncrementTick.part.0+0x194>)
100078fc:	6819      	ldr	r1, [r3, #0]
100078fe:	6814      	ldr	r4, [r2, #0]
10007900:	601c      	str	r4, [r3, #0]
10007902:	6011      	str	r1, [r2, #0]
10007904:	4928      	ldr	r1, [pc, #160]	@ (100079a8 <xTaskIncrementTick.part.0+0x198>)
10007906:	680a      	ldr	r2, [r1, #0]
10007908:	3201      	adds	r2, #1
1000790a:	600a      	str	r2, [r1, #0]
1000790c:	681a      	ldr	r2, [r3, #0]
1000790e:	6812      	ldr	r2, [r2, #0]
10007910:	2a00      	cmp	r2, #0
10007912:	d125      	bne.n	10007960 <xTaskIncrementTick.part.0+0x150>
10007914:	2301      	movs	r3, #1
10007916:	491e      	ldr	r1, [pc, #120]	@ (10007990 <xTaskIncrementTick.part.0+0x180>)
10007918:	425b      	negs	r3, r3
1000791a:	600b      	str	r3, [r1, #0]
1000791c:	680b      	ldr	r3, [r1, #0]
1000791e:	4298      	cmp	r0, r3
10007920:	d287      	bcs.n	10007832 <xTaskIncrementTick.part.0+0x22>
10007922:	2300      	movs	r3, #0
10007924:	469c      	mov	ip, r3
10007926:	4b1c      	ldr	r3, [pc, #112]	@ (10007998 <xTaskIncrementTick.part.0+0x188>)
10007928:	4d1c      	ldr	r5, [pc, #112]	@ (1000799c <xTaskIncrementTick.part.0+0x18c>)
1000792a:	469b      	mov	fp, r3
1000792c:	465b      	mov	r3, fp
1000792e:	2001      	movs	r0, #1
10007930:	681b      	ldr	r3, [r3, #0]
10007932:	4a1e      	ldr	r2, [pc, #120]	@ (100079ac <xTaskIncrementTick.part.0+0x19c>)
10007934:	6ad9      	ldr	r1, [r3, #44]	@ 0x2c
10007936:	6812      	ldr	r2, [r2, #0]
10007938:	008b      	lsls	r3, r1, #2
1000793a:	185b      	adds	r3, r3, r1
1000793c:	009b      	lsls	r3, r3, #2
1000793e:	58eb      	ldr	r3, [r5, r3]
10007940:	4298      	cmp	r0, r3
10007942:	4180      	sbcs	r0, r0
10007944:	0013      	movs	r3, r2
10007946:	1e5a      	subs	r2, r3, #1
10007948:	4193      	sbcs	r3, r2
1000794a:	4240      	negs	r0, r0
1000794c:	4318      	orrs	r0, r3
1000794e:	4663      	mov	r3, ip
10007950:	4318      	orrs	r0, r3
10007952:	b003      	add	sp, #12
10007954:	bcf0      	pop	{r4, r5, r6, r7}
10007956:	46bb      	mov	fp, r7
10007958:	46b2      	mov	sl, r6
1000795a:	46a9      	mov	r9, r5
1000795c:	46a0      	mov	r8, r4
1000795e:	bdf0      	pop	{r4, r5, r6, r7, pc}
10007960:	681b      	ldr	r3, [r3, #0]
10007962:	490b      	ldr	r1, [pc, #44]	@ (10007990 <xTaskIncrementTick.part.0+0x180>)
10007964:	68db      	ldr	r3, [r3, #12]
10007966:	681b      	ldr	r3, [r3, #0]
10007968:	600b      	str	r3, [r1, #0]
1000796a:	e75f      	b.n	1000782c <xTaskIncrementTick.part.0+0x1c>
1000796c:	6a19      	ldr	r1, [r3, #32]
1000796e:	6051      	str	r1, [r2, #4]
10007970:	e787      	b.n	10007882 <xTaskIncrementTick.part.0+0x72>
10007972:	9901      	ldr	r1, [sp, #4]
10007974:	600a      	str	r2, [r1, #0]
10007976:	e7d9      	b.n	1000792c <xTaskIncrementTick.part.0+0x11c>
10007978:	9901      	ldr	r1, [sp, #4]
1000797a:	2301      	movs	r3, #1
1000797c:	425b      	negs	r3, r3
1000797e:	600b      	str	r3, [r1, #0]
10007980:	e7d4      	b.n	1000792c <xTaskIncrementTick.part.0+0x11c>
10007982:	469c      	mov	ip, r3
10007984:	4b04      	ldr	r3, [pc, #16]	@ (10007998 <xTaskIncrementTick.part.0+0x188>)
10007986:	4d05      	ldr	r5, [pc, #20]	@ (1000799c <xTaskIncrementTick.part.0+0x18c>)
10007988:	469b      	mov	fp, r3
1000798a:	e7f6      	b.n	1000797a <xTaskIncrementTick.part.0+0x16a>
1000798c:	20022480 	.word	0x20022480
10007990:	20022424 	.word	0x20022424
10007994:	20001fe4 	.word	0x20001fe4
10007998:	20001fdc 	.word	0x20001fdc
1000799c:	20001ff4 	.word	0x20001ff4
100079a0:	200223bc 	.word	0x200223bc
100079a4:	20001fec 	.word	0x20001fec
100079a8:	20022428 	.word	0x20022428
100079ac:	2002248c 	.word	0x2002248c

100079b0 <xTaskCreate>:
100079b0:	b510      	push	{r4, lr}
100079b2:	b082      	sub	sp, #8
100079b4:	9c05      	ldr	r4, [sp, #20]
100079b6:	9401      	str	r4, [sp, #4]
100079b8:	9c04      	ldr	r4, [sp, #16]
100079ba:	9400      	str	r4, [sp, #0]
100079bc:	f7ff fe60 	bl	10007680 <prvCreateTask>
100079c0:	2800      	cmp	r0, #0
100079c2:	d004      	beq.n	100079ce <xTaskCreate+0x1e>
100079c4:	f7ff fdca 	bl	1000755c <prvAddNewTaskToReadyList>
100079c8:	2001      	movs	r0, #1
100079ca:	b002      	add	sp, #8
100079cc:	bd10      	pop	{r4, pc}
100079ce:	2001      	movs	r0, #1
100079d0:	4240      	negs	r0, r0
100079d2:	e7fa      	b.n	100079ca <xTaskCreate+0x1a>

100079d4 <vTaskStartScheduler>:
100079d4:	b510      	push	{r4, lr}
100079d6:	b086      	sub	sp, #24
100079d8:	2210      	movs	r2, #16
100079da:	2100      	movs	r1, #0
100079dc:	a802      	add	r0, sp, #8
100079de:	f7fa fb57 	bl	10002090 <__wrap_memset>
100079e2:	2400      	movs	r4, #0
100079e4:	2280      	movs	r2, #128	@ 0x80
100079e6:	4b11      	ldr	r3, [pc, #68]	@ (10007a2c <vTaskStartScheduler+0x58>)
100079e8:	4811      	ldr	r0, [pc, #68]	@ (10007a30 <vTaskStartScheduler+0x5c>)
100079ea:	9302      	str	r3, [sp, #8]
100079ec:	4b11      	ldr	r3, [pc, #68]	@ (10007a34 <vTaskStartScheduler+0x60>)
100079ee:	9400      	str	r4, [sp, #0]
100079f0:	9301      	str	r3, [sp, #4]
100079f2:	0092      	lsls	r2, r2, #2
100079f4:	2300      	movs	r3, #0
100079f6:	a902      	add	r1, sp, #8
100079f8:	f7ff fe42 	bl	10007680 <prvCreateTask>
100079fc:	2800      	cmp	r0, #0
100079fe:	d005      	beq.n	10007a0c <vTaskStartScheduler+0x38>
10007a00:	f7ff fdac 	bl	1000755c <prvAddNewTaskToReadyList>
10007a04:	f000 fdce 	bl	100085a4 <xTimerCreateTimerTask>
10007a08:	2801      	cmp	r0, #1
10007a0a:	d003      	beq.n	10007a14 <vTaskStartScheduler+0x40>
10007a0c:	4b0a      	ldr	r3, [pc, #40]	@ (10007a38 <vTaskStartScheduler+0x64>)
10007a0e:	681b      	ldr	r3, [r3, #0]
10007a10:	b006      	add	sp, #24
10007a12:	bd10      	pop	{r4, pc}
10007a14:	b672      	cpsid	i
10007a16:	2201      	movs	r2, #1
10007a18:	4b08      	ldr	r3, [pc, #32]	@ (10007a3c <vTaskStartScheduler+0x68>)
10007a1a:	4252      	negs	r2, r2
10007a1c:	601a      	str	r2, [r3, #0]
10007a1e:	4b08      	ldr	r3, [pc, #32]	@ (10007a40 <vTaskStartScheduler+0x6c>)
10007a20:	6018      	str	r0, [r3, #0]
10007a22:	4b08      	ldr	r3, [pc, #32]	@ (10007a44 <vTaskStartScheduler+0x70>)
10007a24:	601c      	str	r4, [r3, #0]
10007a26:	f7fe ff85 	bl	10006934 <xPortStartScheduler>
10007a2a:	e7ef      	b.n	10007a0c <vTaskStartScheduler+0x38>
10007a2c:	454c4449 	.word	0x454c4449
10007a30:	100077b1 	.word	0x100077b1
10007a34:	20022418 	.word	0x20022418
10007a38:	1000a0c4 	.word	0x1000a0c4
10007a3c:	20022424 	.word	0x20022424
10007a40:	2002244c 	.word	0x2002244c
10007a44:	20022480 	.word	0x20022480

10007a48 <vTaskSuspendAll>:
10007a48:	4a02      	ldr	r2, [pc, #8]	@ (10007a54 <vTaskSuspendAll+0xc>)
10007a4a:	6813      	ldr	r3, [r2, #0]
10007a4c:	3301      	adds	r3, #1
10007a4e:	6013      	str	r3, [r2, #0]
10007a50:	4770      	bx	lr
10007a52:	46c0      	nop			@ (mov r8, r8)
10007a54:	200223b4 	.word	0x200223b4

10007a58 <xTaskResumeAll>:
10007a58:	b5f0      	push	{r4, r5, r6, r7, lr}
10007a5a:	46de      	mov	lr, fp
10007a5c:	4645      	mov	r5, r8
10007a5e:	4657      	mov	r7, sl
10007a60:	464e      	mov	r6, r9
10007a62:	b5e0      	push	{r5, r6, r7, lr}
10007a64:	b083      	sub	sp, #12
10007a66:	f7fe ff1b 	bl	100068a0 <vPortEnterCritical>
10007a6a:	4d54      	ldr	r5, [pc, #336]	@ (10007bbc <xTaskResumeAll+0x164>)
10007a6c:	682b      	ldr	r3, [r5, #0]
10007a6e:	3b01      	subs	r3, #1
10007a70:	602b      	str	r3, [r5, #0]
10007a72:	682b      	ldr	r3, [r5, #0]
10007a74:	2b00      	cmp	r3, #0
10007a76:	d000      	beq.n	10007a7a <xTaskResumeAll+0x22>
10007a78:	e083      	b.n	10007b82 <xTaskResumeAll+0x12a>
10007a7a:	4b51      	ldr	r3, [pc, #324]	@ (10007bc0 <xTaskResumeAll+0x168>)
10007a7c:	681b      	ldr	r3, [r3, #0]
10007a7e:	2b00      	cmp	r3, #0
10007a80:	d07f      	beq.n	10007b82 <xTaskResumeAll+0x12a>
10007a82:	4f50      	ldr	r7, [pc, #320]	@ (10007bc4 <xTaskResumeAll+0x16c>)
10007a84:	683b      	ldr	r3, [r7, #0]
10007a86:	2b00      	cmp	r3, #0
10007a88:	d100      	bne.n	10007a8c <xTaskResumeAll+0x34>
10007a8a:	e094      	b.n	10007bb6 <xTaskResumeAll+0x15e>
10007a8c:	4b4e      	ldr	r3, [pc, #312]	@ (10007bc8 <xTaskResumeAll+0x170>)
10007a8e:	4c4f      	ldr	r4, [pc, #316]	@ (10007bcc <xTaskResumeAll+0x174>)
10007a90:	469c      	mov	ip, r3
10007a92:	4b4f      	ldr	r3, [pc, #316]	@ (10007bd0 <xTaskResumeAll+0x178>)
10007a94:	9501      	str	r5, [sp, #4]
10007a96:	4699      	mov	r9, r3
10007a98:	4b4e      	ldr	r3, [pc, #312]	@ (10007bd4 <xTaskResumeAll+0x17c>)
10007a9a:	469a      	mov	sl, r3
10007a9c:	2300      	movs	r3, #0
10007a9e:	4698      	mov	r8, r3
10007aa0:	3301      	adds	r3, #1
10007aa2:	469b      	mov	fp, r3
10007aa4:	68fb      	ldr	r3, [r7, #12]
10007aa6:	68db      	ldr	r3, [r3, #12]
10007aa8:	69d8      	ldr	r0, [r3, #28]
10007aaa:	6a19      	ldr	r1, [r3, #32]
10007aac:	6a9a      	ldr	r2, [r3, #40]	@ 0x28
10007aae:	6081      	str	r1, [r0, #8]
10007ab0:	69d8      	ldr	r0, [r3, #28]
10007ab2:	6048      	str	r0, [r1, #4]
10007ab4:	0019      	movs	r1, r3
10007ab6:	6850      	ldr	r0, [r2, #4]
10007ab8:	3118      	adds	r1, #24
10007aba:	4288      	cmp	r0, r1
10007abc:	d100      	bne.n	10007ac0 <xTaskResumeAll+0x68>
10007abe:	e073      	b.n	10007ba8 <xTaskResumeAll+0x150>
10007ac0:	4641      	mov	r1, r8
10007ac2:	6299      	str	r1, [r3, #40]	@ 0x28
10007ac4:	6811      	ldr	r1, [r2, #0]
10007ac6:	3901      	subs	r1, #1
10007ac8:	6011      	str	r1, [r2, #0]
10007aca:	6898      	ldr	r0, [r3, #8]
10007acc:	68d9      	ldr	r1, [r3, #12]
10007ace:	695a      	ldr	r2, [r3, #20]
10007ad0:	6081      	str	r1, [r0, #8]
10007ad2:	6898      	ldr	r0, [r3, #8]
10007ad4:	6048      	str	r0, [r1, #4]
10007ad6:	6850      	ldr	r0, [r2, #4]
10007ad8:	1d19      	adds	r1, r3, #4
10007ada:	4288      	cmp	r0, r1
10007adc:	d061      	beq.n	10007ba2 <xTaskResumeAll+0x14a>
10007ade:	6810      	ldr	r0, [r2, #0]
10007ae0:	3801      	subs	r0, #1
10007ae2:	6010      	str	r0, [r2, #0]
10007ae4:	4660      	mov	r0, ip
10007ae6:	6ada      	ldr	r2, [r3, #44]	@ 0x2c
10007ae8:	6800      	ldr	r0, [r0, #0]
10007aea:	4282      	cmp	r2, r0
10007aec:	d901      	bls.n	10007af2 <xTaskResumeAll+0x9a>
10007aee:	4660      	mov	r0, ip
10007af0:	6002      	str	r2, [r0, #0]
10007af2:	0090      	lsls	r0, r2, #2
10007af4:	1882      	adds	r2, r0, r2
10007af6:	0095      	lsls	r5, r2, #2
10007af8:	1960      	adds	r0, r4, r5
10007afa:	6842      	ldr	r2, [r0, #4]
10007afc:	609a      	str	r2, [r3, #8]
10007afe:	6896      	ldr	r6, [r2, #8]
10007b00:	60de      	str	r6, [r3, #12]
10007b02:	6071      	str	r1, [r6, #4]
10007b04:	6091      	str	r1, [r2, #8]
10007b06:	5962      	ldr	r2, [r4, r5]
10007b08:	6158      	str	r0, [r3, #20]
10007b0a:	3201      	adds	r2, #1
10007b0c:	5162      	str	r2, [r4, r5]
10007b0e:	464a      	mov	r2, r9
10007b10:	6811      	ldr	r1, [r2, #0]
10007b12:	6ada      	ldr	r2, [r3, #44]	@ 0x2c
10007b14:	6acb      	ldr	r3, [r1, #44]	@ 0x2c
10007b16:	429a      	cmp	r2, r3
10007b18:	d93e      	bls.n	10007b98 <xTaskResumeAll+0x140>
10007b1a:	4653      	mov	r3, sl
10007b1c:	465a      	mov	r2, fp
10007b1e:	601a      	str	r2, [r3, #0]
10007b20:	683b      	ldr	r3, [r7, #0]
10007b22:	2b00      	cmp	r3, #0
10007b24:	d1be      	bne.n	10007aa4 <xTaskResumeAll+0x4c>
10007b26:	4b2c      	ldr	r3, [pc, #176]	@ (10007bd8 <xTaskResumeAll+0x180>)
10007b28:	9d01      	ldr	r5, [sp, #4]
10007b2a:	681a      	ldr	r2, [r3, #0]
10007b2c:	6812      	ldr	r2, [r2, #0]
10007b2e:	2a00      	cmp	r2, #0
10007b30:	d03d      	beq.n	10007bae <xTaskResumeAll+0x156>
10007b32:	681b      	ldr	r3, [r3, #0]
10007b34:	68db      	ldr	r3, [r3, #12]
10007b36:	681a      	ldr	r2, [r3, #0]
10007b38:	4b28      	ldr	r3, [pc, #160]	@ (10007bdc <xTaskResumeAll+0x184>)
10007b3a:	601a      	str	r2, [r3, #0]
10007b3c:	4e28      	ldr	r6, [pc, #160]	@ (10007be0 <xTaskResumeAll+0x188>)
10007b3e:	6834      	ldr	r4, [r6, #0]
10007b40:	2c00      	cmp	r4, #0
10007b42:	d014      	beq.n	10007b6e <xTaskResumeAll+0x116>
10007b44:	2701      	movs	r7, #1
10007b46:	e008      	b.n	10007b5a <xTaskResumeAll+0x102>
10007b48:	f7ff fe62 	bl	10007810 <xTaskIncrementTick.part.0>
10007b4c:	2800      	cmp	r0, #0
10007b4e:	d001      	beq.n	10007b54 <xTaskResumeAll+0xfc>
10007b50:	4653      	mov	r3, sl
10007b52:	601f      	str	r7, [r3, #0]
10007b54:	3c01      	subs	r4, #1
10007b56:	2c00      	cmp	r4, #0
10007b58:	d008      	beq.n	10007b6c <xTaskResumeAll+0x114>
10007b5a:	682b      	ldr	r3, [r5, #0]
10007b5c:	2b00      	cmp	r3, #0
10007b5e:	d0f3      	beq.n	10007b48 <xTaskResumeAll+0xf0>
10007b60:	6833      	ldr	r3, [r6, #0]
10007b62:	3c01      	subs	r4, #1
10007b64:	3301      	adds	r3, #1
10007b66:	6033      	str	r3, [r6, #0]
10007b68:	2c00      	cmp	r4, #0
10007b6a:	d1f6      	bne.n	10007b5a <xTaskResumeAll+0x102>
10007b6c:	6034      	str	r4, [r6, #0]
10007b6e:	4653      	mov	r3, sl
10007b70:	681b      	ldr	r3, [r3, #0]
10007b72:	2b00      	cmp	r3, #0
10007b74:	d005      	beq.n	10007b82 <xTaskResumeAll+0x12a>
10007b76:	4b16      	ldr	r3, [pc, #88]	@ (10007bd0 <xTaskResumeAll+0x178>)
10007b78:	2401      	movs	r4, #1
10007b7a:	681b      	ldr	r3, [r3, #0]
10007b7c:	f7fe fe84 	bl	10006888 <vPortYield>
10007b80:	e000      	b.n	10007b84 <xTaskResumeAll+0x12c>
10007b82:	2400      	movs	r4, #0
10007b84:	f7fe fe98 	bl	100068b8 <vPortExitCritical>
10007b88:	0020      	movs	r0, r4
10007b8a:	b003      	add	sp, #12
10007b8c:	bcf0      	pop	{r4, r5, r6, r7}
10007b8e:	46bb      	mov	fp, r7
10007b90:	46b2      	mov	sl, r6
10007b92:	46a9      	mov	r9, r5
10007b94:	46a0      	mov	r8, r4
10007b96:	bdf0      	pop	{r4, r5, r6, r7, pc}
10007b98:	683b      	ldr	r3, [r7, #0]
10007b9a:	2b00      	cmp	r3, #0
10007b9c:	d000      	beq.n	10007ba0 <xTaskResumeAll+0x148>
10007b9e:	e781      	b.n	10007aa4 <xTaskResumeAll+0x4c>
10007ba0:	e7c1      	b.n	10007b26 <xTaskResumeAll+0xce>
10007ba2:	68d8      	ldr	r0, [r3, #12]
10007ba4:	6050      	str	r0, [r2, #4]
10007ba6:	e79a      	b.n	10007ade <xTaskResumeAll+0x86>
10007ba8:	6a19      	ldr	r1, [r3, #32]
10007baa:	6051      	str	r1, [r2, #4]
10007bac:	e788      	b.n	10007ac0 <xTaskResumeAll+0x68>
10007bae:	4b0b      	ldr	r3, [pc, #44]	@ (10007bdc <xTaskResumeAll+0x184>)
10007bb0:	3a01      	subs	r2, #1
10007bb2:	601a      	str	r2, [r3, #0]
10007bb4:	e7c2      	b.n	10007b3c <xTaskResumeAll+0xe4>
10007bb6:	4b07      	ldr	r3, [pc, #28]	@ (10007bd4 <xTaskResumeAll+0x17c>)
10007bb8:	469a      	mov	sl, r3
10007bba:	e7bf      	b.n	10007b3c <xTaskResumeAll+0xe4>
10007bbc:	200223b4 	.word	0x200223b4
10007bc0:	200223ac 	.word	0x200223ac
10007bc4:	20022438 	.word	0x20022438
10007bc8:	200223bc 	.word	0x200223bc
10007bcc:	20001ff4 	.word	0x20001ff4
10007bd0:	20001fdc 	.word	0x20001fdc
10007bd4:	2002248c 	.word	0x2002248c
10007bd8:	20001fe4 	.word	0x20001fe4
10007bdc:	20022424 	.word	0x20022424
10007be0:	20022434 	.word	0x20022434

10007be4 <vTaskDelay>:
10007be4:	b5f0      	push	{r4, r5, r6, r7, lr}
10007be6:	46c6      	mov	lr, r8
10007be8:	0004      	movs	r4, r0
10007bea:	b500      	push	{lr}
10007bec:	2800      	cmp	r0, #0
10007bee:	d021      	beq.n	10007c34 <vTaskDelay+0x50>
10007bf0:	4a17      	ldr	r2, [pc, #92]	@ (10007c50 <vTaskDelay+0x6c>)
10007bf2:	6813      	ldr	r3, [r2, #0]
10007bf4:	3301      	adds	r3, #1
10007bf6:	6013      	str	r3, [r2, #0]
10007bf8:	4b16      	ldr	r3, [pc, #88]	@ (10007c54 <vTaskDelay+0x70>)
10007bfa:	2100      	movs	r1, #0
10007bfc:	681e      	ldr	r6, [r3, #0]
10007bfe:	4b16      	ldr	r3, [pc, #88]	@ (10007c58 <vTaskDelay+0x74>)
10007c00:	4d16      	ldr	r5, [pc, #88]	@ (10007c5c <vTaskDelay+0x78>)
10007c02:	681f      	ldr	r7, [r3, #0]
10007c04:	4b16      	ldr	r3, [pc, #88]	@ (10007c60 <vTaskDelay+0x7c>)
10007c06:	19a4      	adds	r4, r4, r6
10007c08:	681b      	ldr	r3, [r3, #0]
10007c0a:	682a      	ldr	r2, [r5, #0]
10007c0c:	4698      	mov	r8, r3
10007c0e:	236d      	movs	r3, #109	@ 0x6d
10007c10:	6828      	ldr	r0, [r5, #0]
10007c12:	54d1      	strb	r1, [r2, r3]
10007c14:	3004      	adds	r0, #4
10007c16:	f7ff f953 	bl	10006ec0 <uxListRemove>
10007c1a:	682b      	ldr	r3, [r5, #0]
10007c1c:	6829      	ldr	r1, [r5, #0]
10007c1e:	605c      	str	r4, [r3, #4]
10007c20:	3104      	adds	r1, #4
10007c22:	42a6      	cmp	r6, r4
10007c24:	d90b      	bls.n	10007c3e <vTaskDelay+0x5a>
10007c26:	4640      	mov	r0, r8
10007c28:	f7ff f932 	bl	10006e90 <vListInsert>
10007c2c:	f7ff ff14 	bl	10007a58 <xTaskResumeAll>
10007c30:	2800      	cmp	r0, #0
10007c32:	d101      	bne.n	10007c38 <vTaskDelay+0x54>
10007c34:	f7fe fe28 	bl	10006888 <vPortYield>
10007c38:	bc80      	pop	{r7}
10007c3a:	46b8      	mov	r8, r7
10007c3c:	bdf0      	pop	{r4, r5, r6, r7, pc}
10007c3e:	0038      	movs	r0, r7
10007c40:	f7ff f926 	bl	10006e90 <vListInsert>
10007c44:	4b07      	ldr	r3, [pc, #28]	@ (10007c64 <vTaskDelay+0x80>)
10007c46:	681a      	ldr	r2, [r3, #0]
10007c48:	4294      	cmp	r4, r2
10007c4a:	d2ef      	bcs.n	10007c2c <vTaskDelay+0x48>
10007c4c:	601c      	str	r4, [r3, #0]
10007c4e:	e7ed      	b.n	10007c2c <vTaskDelay+0x48>
10007c50:	200223b4 	.word	0x200223b4
10007c54:	20022480 	.word	0x20022480
10007c58:	20001fe4 	.word	0x20001fe4
10007c5c:	20001fdc 	.word	0x20001fdc
10007c60:	20001fec 	.word	0x20001fec
10007c64:	20022424 	.word	0x20022424

10007c68 <xTaskGetTickCount>:
10007c68:	4b01      	ldr	r3, [pc, #4]	@ (10007c70 <xTaskGetTickCount+0x8>)
10007c6a:	6818      	ldr	r0, [r3, #0]
10007c6c:	4770      	bx	lr
10007c6e:	46c0      	nop			@ (mov r8, r8)
10007c70:	20022480 	.word	0x20022480

10007c74 <uxTaskGetNumberOfTasks>:
10007c74:	4b01      	ldr	r3, [pc, #4]	@ (10007c7c <uxTaskGetNumberOfTasks+0x8>)
10007c76:	6818      	ldr	r0, [r3, #0]
10007c78:	4770      	bx	lr
10007c7a:	46c0      	nop			@ (mov r8, r8)
10007c7c:	200223ac 	.word	0x200223ac

10007c80 <xTaskIncrementTick>:
10007c80:	4b06      	ldr	r3, [pc, #24]	@ (10007c9c <xTaskIncrementTick+0x1c>)
10007c82:	b510      	push	{r4, lr}
10007c84:	681b      	ldr	r3, [r3, #0]
10007c86:	2b00      	cmp	r3, #0
10007c88:	d102      	bne.n	10007c90 <xTaskIncrementTick+0x10>
10007c8a:	f7ff fdc1 	bl	10007810 <xTaskIncrementTick.part.0>
10007c8e:	bd10      	pop	{r4, pc}
10007c90:	4a03      	ldr	r2, [pc, #12]	@ (10007ca0 <xTaskIncrementTick+0x20>)
10007c92:	2000      	movs	r0, #0
10007c94:	6813      	ldr	r3, [r2, #0]
10007c96:	3301      	adds	r3, #1
10007c98:	6013      	str	r3, [r2, #0]
10007c9a:	e7f8      	b.n	10007c8e <xTaskIncrementTick+0xe>
10007c9c:	200223b4 	.word	0x200223b4
10007ca0:	20022434 	.word	0x20022434

10007ca4 <vTaskSwitchContext>:
10007ca4:	4b19      	ldr	r3, [pc, #100]	@ (10007d0c <vTaskSwitchContext+0x68>)
10007ca6:	b530      	push	{r4, r5, lr}
10007ca8:	681b      	ldr	r3, [r3, #0]
10007caa:	2b00      	cmp	r3, #0
10007cac:	d003      	beq.n	10007cb6 <vTaskSwitchContext+0x12>
10007cae:	2201      	movs	r2, #1
10007cb0:	4b17      	ldr	r3, [pc, #92]	@ (10007d10 <vTaskSwitchContext+0x6c>)
10007cb2:	601a      	str	r2, [r3, #0]
10007cb4:	bd30      	pop	{r4, r5, pc}
10007cb6:	4a16      	ldr	r2, [pc, #88]	@ (10007d10 <vTaskSwitchContext+0x6c>)
10007cb8:	4c16      	ldr	r4, [pc, #88]	@ (10007d14 <vTaskSwitchContext+0x70>)
10007cba:	6013      	str	r3, [r2, #0]
10007cbc:	6822      	ldr	r2, [r4, #0]
10007cbe:	4816      	ldr	r0, [pc, #88]	@ (10007d18 <vTaskSwitchContext+0x74>)
10007cc0:	0091      	lsls	r1, r2, #2
10007cc2:	188b      	adds	r3, r1, r2
10007cc4:	009b      	lsls	r3, r3, #2
10007cc6:	58c5      	ldr	r5, [r0, r3]
10007cc8:	2d00      	cmp	r5, #0
10007cca:	d107      	bne.n	10007cdc <vTaskSwitchContext+0x38>
10007ccc:	3b14      	subs	r3, #20
10007cce:	18c3      	adds	r3, r0, r3
10007cd0:	6819      	ldr	r1, [r3, #0]
10007cd2:	3b14      	subs	r3, #20
10007cd4:	3a01      	subs	r2, #1
10007cd6:	2900      	cmp	r1, #0
10007cd8:	d0fa      	beq.n	10007cd0 <vTaskSwitchContext+0x2c>
10007cda:	0091      	lsls	r1, r2, #2
10007cdc:	1889      	adds	r1, r1, r2
10007cde:	0089      	lsls	r1, r1, #2
10007ce0:	1845      	adds	r5, r0, r1
10007ce2:	686b      	ldr	r3, [r5, #4]
10007ce4:	3108      	adds	r1, #8
10007ce6:	685b      	ldr	r3, [r3, #4]
10007ce8:	1840      	adds	r0, r0, r1
10007cea:	606b      	str	r3, [r5, #4]
10007cec:	4283      	cmp	r3, r0
10007cee:	d005      	beq.n	10007cfc <vTaskSwitchContext+0x58>
10007cf0:	68d9      	ldr	r1, [r3, #12]
10007cf2:	4b0a      	ldr	r3, [pc, #40]	@ (10007d1c <vTaskSwitchContext+0x78>)
10007cf4:	6019      	str	r1, [r3, #0]
10007cf6:	6022      	str	r2, [r4, #0]
10007cf8:	681b      	ldr	r3, [r3, #0]
10007cfa:	e7db      	b.n	10007cb4 <vTaskSwitchContext+0x10>
10007cfc:	68eb      	ldr	r3, [r5, #12]
10007cfe:	68d9      	ldr	r1, [r3, #12]
10007d00:	606b      	str	r3, [r5, #4]
10007d02:	4b06      	ldr	r3, [pc, #24]	@ (10007d1c <vTaskSwitchContext+0x78>)
10007d04:	6019      	str	r1, [r3, #0]
10007d06:	6022      	str	r2, [r4, #0]
10007d08:	681b      	ldr	r3, [r3, #0]
10007d0a:	e7d3      	b.n	10007cb4 <vTaskSwitchContext+0x10>
10007d0c:	200223b4 	.word	0x200223b4
10007d10:	2002248c 	.word	0x2002248c
10007d14:	200223bc 	.word	0x200223bc
10007d18:	20001ff4 	.word	0x20001ff4
10007d1c:	20001fdc 	.word	0x20001fdc

10007d20 <vTaskPlaceOnEventList>:
10007d20:	b5f0      	push	{r4, r5, r6, r7, lr}
10007d22:	46c6      	mov	lr, r8
10007d24:	4d20      	ldr	r5, [pc, #128]	@ (10007da8 <vTaskPlaceOnEventList+0x88>)
10007d26:	000c      	movs	r4, r1
10007d28:	6829      	ldr	r1, [r5, #0]
10007d2a:	b500      	push	{lr}
10007d2c:	3118      	adds	r1, #24
10007d2e:	f7ff f8af 	bl	10006e90 <vListInsert>
10007d32:	4b1e      	ldr	r3, [pc, #120]	@ (10007dac <vTaskPlaceOnEventList+0x8c>)
10007d34:	2100      	movs	r1, #0
10007d36:	681e      	ldr	r6, [r3, #0]
10007d38:	4b1d      	ldr	r3, [pc, #116]	@ (10007db0 <vTaskPlaceOnEventList+0x90>)
10007d3a:	681f      	ldr	r7, [r3, #0]
10007d3c:	4b1d      	ldr	r3, [pc, #116]	@ (10007db4 <vTaskPlaceOnEventList+0x94>)
10007d3e:	681b      	ldr	r3, [r3, #0]
10007d40:	682a      	ldr	r2, [r5, #0]
10007d42:	4698      	mov	r8, r3
10007d44:	236d      	movs	r3, #109	@ 0x6d
10007d46:	6828      	ldr	r0, [r5, #0]
10007d48:	54d1      	strb	r1, [r2, r3]
10007d4a:	3004      	adds	r0, #4
10007d4c:	f7ff f8b8 	bl	10006ec0 <uxListRemove>
10007d50:	1c63      	adds	r3, r4, #1
10007d52:	d015      	beq.n	10007d80 <vTaskPlaceOnEventList+0x60>
10007d54:	682b      	ldr	r3, [r5, #0]
10007d56:	6829      	ldr	r1, [r5, #0]
10007d58:	19a4      	adds	r4, r4, r6
10007d5a:	605c      	str	r4, [r3, #4]
10007d5c:	3104      	adds	r1, #4
10007d5e:	42a6      	cmp	r6, r4
10007d60:	d905      	bls.n	10007d6e <vTaskPlaceOnEventList+0x4e>
10007d62:	4640      	mov	r0, r8
10007d64:	f7ff f894 	bl	10006e90 <vListInsert>
10007d68:	bc80      	pop	{r7}
10007d6a:	46b8      	mov	r8, r7
10007d6c:	bdf0      	pop	{r4, r5, r6, r7, pc}
10007d6e:	0038      	movs	r0, r7
10007d70:	f7ff f88e 	bl	10006e90 <vListInsert>
10007d74:	4b10      	ldr	r3, [pc, #64]	@ (10007db8 <vTaskPlaceOnEventList+0x98>)
10007d76:	681a      	ldr	r2, [r3, #0]
10007d78:	4294      	cmp	r4, r2
10007d7a:	d2f5      	bcs.n	10007d68 <vTaskPlaceOnEventList+0x48>
10007d7c:	601c      	str	r4, [r3, #0]
10007d7e:	e7f3      	b.n	10007d68 <vTaskPlaceOnEventList+0x48>
10007d80:	4b0e      	ldr	r3, [pc, #56]	@ (10007dbc <vTaskPlaceOnEventList+0x9c>)
10007d82:	6829      	ldr	r1, [r5, #0]
10007d84:	685a      	ldr	r2, [r3, #4]
10007d86:	608a      	str	r2, [r1, #8]
10007d88:	6890      	ldr	r0, [r2, #8]
10007d8a:	6829      	ldr	r1, [r5, #0]
10007d8c:	60c8      	str	r0, [r1, #12]
10007d8e:	6829      	ldr	r1, [r5, #0]
10007d90:	3104      	adds	r1, #4
10007d92:	6041      	str	r1, [r0, #4]
10007d94:	6829      	ldr	r1, [r5, #0]
10007d96:	3104      	adds	r1, #4
10007d98:	6091      	str	r1, [r2, #8]
10007d9a:	682a      	ldr	r2, [r5, #0]
10007d9c:	6153      	str	r3, [r2, #20]
10007d9e:	681a      	ldr	r2, [r3, #0]
10007da0:	3201      	adds	r2, #1
10007da2:	601a      	str	r2, [r3, #0]
10007da4:	e7e0      	b.n	10007d68 <vTaskPlaceOnEventList+0x48>
10007da6:	46c0      	nop			@ (mov r8, r8)
10007da8:	20001fdc 	.word	0x20001fdc
10007dac:	20022480 	.word	0x20022480
10007db0:	20001fe4 	.word	0x20001fe4
10007db4:	20001fec 	.word	0x20001fec
10007db8:	20022424 	.word	0x20022424
10007dbc:	20022458 	.word	0x20022458

10007dc0 <vTaskPlaceOnUnorderedEventList>:
10007dc0:	2380      	movs	r3, #128	@ 0x80
10007dc2:	b5f0      	push	{r4, r5, r6, r7, lr}
10007dc4:	46c6      	mov	lr, r8
10007dc6:	4c29      	ldr	r4, [pc, #164]	@ (10007e6c <vTaskPlaceOnUnorderedEventList+0xac>)
10007dc8:	0015      	movs	r5, r2
10007dca:	061b      	lsls	r3, r3, #24
10007dcc:	6822      	ldr	r2, [r4, #0]
10007dce:	430b      	orrs	r3, r1
10007dd0:	b500      	push	{lr}
10007dd2:	6193      	str	r3, [r2, #24]
10007dd4:	6822      	ldr	r2, [r4, #0]
10007dd6:	6843      	ldr	r3, [r0, #4]
10007dd8:	61d3      	str	r3, [r2, #28]
10007dda:	6899      	ldr	r1, [r3, #8]
10007ddc:	6822      	ldr	r2, [r4, #0]
10007dde:	6211      	str	r1, [r2, #32]
10007de0:	6822      	ldr	r2, [r4, #0]
10007de2:	3218      	adds	r2, #24
10007de4:	604a      	str	r2, [r1, #4]
10007de6:	6822      	ldr	r2, [r4, #0]
10007de8:	2100      	movs	r1, #0
10007dea:	3218      	adds	r2, #24
10007dec:	609a      	str	r2, [r3, #8]
10007dee:	6823      	ldr	r3, [r4, #0]
10007df0:	6298      	str	r0, [r3, #40]	@ 0x28
10007df2:	6803      	ldr	r3, [r0, #0]
10007df4:	3301      	adds	r3, #1
10007df6:	6003      	str	r3, [r0, #0]
10007df8:	4b1d      	ldr	r3, [pc, #116]	@ (10007e70 <vTaskPlaceOnUnorderedEventList+0xb0>)
10007dfa:	681e      	ldr	r6, [r3, #0]
10007dfc:	4b1d      	ldr	r3, [pc, #116]	@ (10007e74 <vTaskPlaceOnUnorderedEventList+0xb4>)
10007dfe:	681f      	ldr	r7, [r3, #0]
10007e00:	4b1d      	ldr	r3, [pc, #116]	@ (10007e78 <vTaskPlaceOnUnorderedEventList+0xb8>)
10007e02:	681b      	ldr	r3, [r3, #0]
10007e04:	6822      	ldr	r2, [r4, #0]
10007e06:	4698      	mov	r8, r3
10007e08:	236d      	movs	r3, #109	@ 0x6d
10007e0a:	6820      	ldr	r0, [r4, #0]
10007e0c:	54d1      	strb	r1, [r2, r3]
10007e0e:	3004      	adds	r0, #4
10007e10:	f7ff f856 	bl	10006ec0 <uxListRemove>
10007e14:	1c6b      	adds	r3, r5, #1
10007e16:	d015      	beq.n	10007e44 <vTaskPlaceOnUnorderedEventList+0x84>
10007e18:	6823      	ldr	r3, [r4, #0]
10007e1a:	6821      	ldr	r1, [r4, #0]
10007e1c:	19ad      	adds	r5, r5, r6
10007e1e:	605d      	str	r5, [r3, #4]
10007e20:	3104      	adds	r1, #4
10007e22:	42ae      	cmp	r6, r5
10007e24:	d905      	bls.n	10007e32 <vTaskPlaceOnUnorderedEventList+0x72>
10007e26:	4640      	mov	r0, r8
10007e28:	f7ff f832 	bl	10006e90 <vListInsert>
10007e2c:	bc80      	pop	{r7}
10007e2e:	46b8      	mov	r8, r7
10007e30:	bdf0      	pop	{r4, r5, r6, r7, pc}
10007e32:	0038      	movs	r0, r7
10007e34:	f7ff f82c 	bl	10006e90 <vListInsert>
10007e38:	4b10      	ldr	r3, [pc, #64]	@ (10007e7c <vTaskPlaceOnUnorderedEventList+0xbc>)
10007e3a:	681a      	ldr	r2, [r3, #0]
10007e3c:	4295      	cmp	r5, r2
10007e3e:	d2f5      	bcs.n	10007e2c <vTaskPlaceOnUnorderedEventList+0x6c>
10007e40:	601d      	str	r5, [r3, #0]
10007e42:	e7f3      	b.n	10007e2c <vTaskPlaceOnUnorderedEventList+0x6c>
10007e44:	4b0e      	ldr	r3, [pc, #56]	@ (10007e80 <vTaskPlaceOnUnorderedEventList+0xc0>)
10007e46:	6821      	ldr	r1, [r4, #0]
10007e48:	685a      	ldr	r2, [r3, #4]
10007e4a:	608a      	str	r2, [r1, #8]
10007e4c:	6890      	ldr	r0, [r2, #8]
10007e4e:	6821      	ldr	r1, [r4, #0]
10007e50:	60c8      	str	r0, [r1, #12]
10007e52:	6821      	ldr	r1, [r4, #0]
10007e54:	3104      	adds	r1, #4
10007e56:	6041      	str	r1, [r0, #4]
10007e58:	6821      	ldr	r1, [r4, #0]
10007e5a:	3104      	adds	r1, #4
10007e5c:	6091      	str	r1, [r2, #8]
10007e5e:	6822      	ldr	r2, [r4, #0]
10007e60:	6153      	str	r3, [r2, #20]
10007e62:	681a      	ldr	r2, [r3, #0]
10007e64:	3201      	adds	r2, #1
10007e66:	601a      	str	r2, [r3, #0]
10007e68:	e7e0      	b.n	10007e2c <vTaskPlaceOnUnorderedEventList+0x6c>
10007e6a:	46c0      	nop			@ (mov r8, r8)
10007e6c:	20001fdc 	.word	0x20001fdc
10007e70:	20022480 	.word	0x20022480
10007e74:	20001fe4 	.word	0x20001fe4
10007e78:	20001fec 	.word	0x20001fec
10007e7c:	20022424 	.word	0x20022424
10007e80:	20022458 	.word	0x20022458

10007e84 <vTaskPlaceOnEventListRestricted>:
10007e84:	b5f0      	push	{r4, r5, r6, r7, lr}
10007e86:	46c6      	mov	lr, r8
10007e88:	4c35      	ldr	r4, [pc, #212]	@ (10007f60 <vTaskPlaceOnEventListRestricted+0xdc>)
10007e8a:	6843      	ldr	r3, [r0, #4]
10007e8c:	000d      	movs	r5, r1
10007e8e:	6821      	ldr	r1, [r4, #0]
10007e90:	b500      	push	{lr}
10007e92:	61cb      	str	r3, [r1, #28]
10007e94:	689e      	ldr	r6, [r3, #8]
10007e96:	6821      	ldr	r1, [r4, #0]
10007e98:	620e      	str	r6, [r1, #32]
10007e9a:	6821      	ldr	r1, [r4, #0]
10007e9c:	3118      	adds	r1, #24
10007e9e:	6071      	str	r1, [r6, #4]
10007ea0:	6821      	ldr	r1, [r4, #0]
10007ea2:	3118      	adds	r1, #24
10007ea4:	6099      	str	r1, [r3, #8]
10007ea6:	6823      	ldr	r3, [r4, #0]
10007ea8:	6298      	str	r0, [r3, #40]	@ 0x28
10007eaa:	6803      	ldr	r3, [r0, #0]
10007eac:	3301      	adds	r3, #1
10007eae:	6003      	str	r3, [r0, #0]
10007eb0:	4b2c      	ldr	r3, [pc, #176]	@ (10007f64 <vTaskPlaceOnEventListRestricted+0xe0>)
10007eb2:	2a00      	cmp	r2, #0
10007eb4:	d021      	beq.n	10007efa <vTaskPlaceOnEventListRestricted+0x76>
10007eb6:	681b      	ldr	r3, [r3, #0]
10007eb8:	4b2b      	ldr	r3, [pc, #172]	@ (10007f68 <vTaskPlaceOnEventListRestricted+0xe4>)
10007eba:	2100      	movs	r1, #0
10007ebc:	681b      	ldr	r3, [r3, #0]
10007ebe:	4b2b      	ldr	r3, [pc, #172]	@ (10007f6c <vTaskPlaceOnEventListRestricted+0xe8>)
10007ec0:	681b      	ldr	r3, [r3, #0]
10007ec2:	236d      	movs	r3, #109	@ 0x6d
10007ec4:	6822      	ldr	r2, [r4, #0]
10007ec6:	6820      	ldr	r0, [r4, #0]
10007ec8:	54d1      	strb	r1, [r2, r3]
10007eca:	3004      	adds	r0, #4
10007ecc:	f7fe fff8 	bl	10006ec0 <uxListRemove>
10007ed0:	4b27      	ldr	r3, [pc, #156]	@ (10007f70 <vTaskPlaceOnEventListRestricted+0xec>)
10007ed2:	6821      	ldr	r1, [r4, #0]
10007ed4:	685a      	ldr	r2, [r3, #4]
10007ed6:	608a      	str	r2, [r1, #8]
10007ed8:	6890      	ldr	r0, [r2, #8]
10007eda:	6821      	ldr	r1, [r4, #0]
10007edc:	60c8      	str	r0, [r1, #12]
10007ede:	6821      	ldr	r1, [r4, #0]
10007ee0:	3104      	adds	r1, #4
10007ee2:	6041      	str	r1, [r0, #4]
10007ee4:	6821      	ldr	r1, [r4, #0]
10007ee6:	3104      	adds	r1, #4
10007ee8:	6091      	str	r1, [r2, #8]
10007eea:	6822      	ldr	r2, [r4, #0]
10007eec:	6153      	str	r3, [r2, #20]
10007eee:	681a      	ldr	r2, [r3, #0]
10007ef0:	3201      	adds	r2, #1
10007ef2:	601a      	str	r2, [r3, #0]
10007ef4:	bc80      	pop	{r7}
10007ef6:	46b8      	mov	r8, r7
10007ef8:	bdf0      	pop	{r4, r5, r6, r7, pc}
10007efa:	681e      	ldr	r6, [r3, #0]
10007efc:	4b1a      	ldr	r3, [pc, #104]	@ (10007f68 <vTaskPlaceOnEventListRestricted+0xe4>)
10007efe:	681f      	ldr	r7, [r3, #0]
10007f00:	4b1a      	ldr	r3, [pc, #104]	@ (10007f6c <vTaskPlaceOnEventListRestricted+0xe8>)
10007f02:	681b      	ldr	r3, [r3, #0]
10007f04:	6821      	ldr	r1, [r4, #0]
10007f06:	4698      	mov	r8, r3
10007f08:	236d      	movs	r3, #109	@ 0x6d
10007f0a:	6820      	ldr	r0, [r4, #0]
10007f0c:	54ca      	strb	r2, [r1, r3]
10007f0e:	3004      	adds	r0, #4
10007f10:	f7fe ffd6 	bl	10006ec0 <uxListRemove>
10007f14:	1c6b      	adds	r3, r5, #1
10007f16:	d015      	beq.n	10007f44 <vTaskPlaceOnEventListRestricted+0xc0>
10007f18:	6823      	ldr	r3, [r4, #0]
10007f1a:	19ad      	adds	r5, r5, r6
10007f1c:	605d      	str	r5, [r3, #4]
10007f1e:	42ae      	cmp	r6, r5
10007f20:	d80a      	bhi.n	10007f38 <vTaskPlaceOnEventListRestricted+0xb4>
10007f22:	6821      	ldr	r1, [r4, #0]
10007f24:	0038      	movs	r0, r7
10007f26:	3104      	adds	r1, #4
10007f28:	f7fe ffb2 	bl	10006e90 <vListInsert>
10007f2c:	4b11      	ldr	r3, [pc, #68]	@ (10007f74 <vTaskPlaceOnEventListRestricted+0xf0>)
10007f2e:	681a      	ldr	r2, [r3, #0]
10007f30:	4295      	cmp	r5, r2
10007f32:	d2df      	bcs.n	10007ef4 <vTaskPlaceOnEventListRestricted+0x70>
10007f34:	601d      	str	r5, [r3, #0]
10007f36:	e7dd      	b.n	10007ef4 <vTaskPlaceOnEventListRestricted+0x70>
10007f38:	6821      	ldr	r1, [r4, #0]
10007f3a:	4640      	mov	r0, r8
10007f3c:	3104      	adds	r1, #4
10007f3e:	f7fe ffa7 	bl	10006e90 <vListInsert>
10007f42:	e7d7      	b.n	10007ef4 <vTaskPlaceOnEventListRestricted+0x70>
10007f44:	6822      	ldr	r2, [r4, #0]
10007f46:	1e73      	subs	r3, r6, #1
10007f48:	6053      	str	r3, [r2, #4]
10007f4a:	429e      	cmp	r6, r3
10007f4c:	d8f4      	bhi.n	10007f38 <vTaskPlaceOnEventListRestricted+0xb4>
10007f4e:	6821      	ldr	r1, [r4, #0]
10007f50:	0038      	movs	r0, r7
10007f52:	3104      	adds	r1, #4
10007f54:	f7fe ff9c 	bl	10006e90 <vListInsert>
10007f58:	4b06      	ldr	r3, [pc, #24]	@ (10007f74 <vTaskPlaceOnEventListRestricted+0xf0>)
10007f5a:	681b      	ldr	r3, [r3, #0]
10007f5c:	e7ca      	b.n	10007ef4 <vTaskPlaceOnEventListRestricted+0x70>
10007f5e:	46c0      	nop			@ (mov r8, r8)
10007f60:	20001fdc 	.word	0x20001fdc
10007f64:	20022480 	.word	0x20022480
10007f68:	20001fe4 	.word	0x20001fe4
10007f6c:	20001fec 	.word	0x20001fec
10007f70:	20022458 	.word	0x20022458
10007f74:	20022424 	.word	0x20022424

10007f78 <xTaskRemoveFromEventList>:
10007f78:	68c3      	ldr	r3, [r0, #12]
10007f7a:	b570      	push	{r4, r5, r6, lr}
10007f7c:	68db      	ldr	r3, [r3, #12]
10007f7e:	69d8      	ldr	r0, [r3, #28]
10007f80:	6a19      	ldr	r1, [r3, #32]
10007f82:	6a9a      	ldr	r2, [r3, #40]	@ 0x28
10007f84:	6081      	str	r1, [r0, #8]
10007f86:	69d8      	ldr	r0, [r3, #28]
10007f88:	6048      	str	r0, [r1, #4]
10007f8a:	0018      	movs	r0, r3
10007f8c:	6851      	ldr	r1, [r2, #4]
10007f8e:	3018      	adds	r0, #24
10007f90:	4281      	cmp	r1, r0
10007f92:	d043      	beq.n	1000801c <xTaskRemoveFromEventList+0xa4>
10007f94:	2100      	movs	r1, #0
10007f96:	6299      	str	r1, [r3, #40]	@ 0x28
10007f98:	6811      	ldr	r1, [r2, #0]
10007f9a:	3901      	subs	r1, #1
10007f9c:	6011      	str	r1, [r2, #0]
10007f9e:	4a26      	ldr	r2, [pc, #152]	@ (10008038 <xTaskRemoveFromEventList+0xc0>)
10007fa0:	6812      	ldr	r2, [r2, #0]
10007fa2:	2a00      	cmp	r2, #0
10007fa4:	d12c      	bne.n	10008000 <xTaskRemoveFromEventList+0x88>
10007fa6:	6898      	ldr	r0, [r3, #8]
10007fa8:	68d9      	ldr	r1, [r3, #12]
10007faa:	695a      	ldr	r2, [r3, #20]
10007fac:	6081      	str	r1, [r0, #8]
10007fae:	6898      	ldr	r0, [r3, #8]
10007fb0:	1d1c      	adds	r4, r3, #4
10007fb2:	6048      	str	r0, [r1, #4]
10007fb4:	6851      	ldr	r1, [r2, #4]
10007fb6:	42a1      	cmp	r1, r4
10007fb8:	d033      	beq.n	10008022 <xTaskRemoveFromEventList+0xaa>
10007fba:	6811      	ldr	r1, [r2, #0]
10007fbc:	3901      	subs	r1, #1
10007fbe:	6011      	str	r1, [r2, #0]
10007fc0:	4a1e      	ldr	r2, [pc, #120]	@ (1000803c <xTaskRemoveFromEventList+0xc4>)
10007fc2:	6ad9      	ldr	r1, [r3, #44]	@ 0x2c
10007fc4:	6810      	ldr	r0, [r2, #0]
10007fc6:	4281      	cmp	r1, r0
10007fc8:	d826      	bhi.n	10008018 <xTaskRemoveFromEventList+0xa0>
10007fca:	008a      	lsls	r2, r1, #2
10007fcc:	481c      	ldr	r0, [pc, #112]	@ (10008040 <xTaskRemoveFromEventList+0xc8>)
10007fce:	1852      	adds	r2, r2, r1
10007fd0:	0092      	lsls	r2, r2, #2
10007fd2:	1885      	adds	r5, r0, r2
10007fd4:	6869      	ldr	r1, [r5, #4]
10007fd6:	6099      	str	r1, [r3, #8]
10007fd8:	688e      	ldr	r6, [r1, #8]
10007fda:	60de      	str	r6, [r3, #12]
10007fdc:	6074      	str	r4, [r6, #4]
10007fde:	608c      	str	r4, [r1, #8]
10007fe0:	5881      	ldr	r1, [r0, r2]
10007fe2:	615d      	str	r5, [r3, #20]
10007fe4:	3101      	adds	r1, #1
10007fe6:	5081      	str	r1, [r0, r2]
10007fe8:	4a16      	ldr	r2, [pc, #88]	@ (10008044 <xTaskRemoveFromEventList+0xcc>)
10007fea:	2000      	movs	r0, #0
10007fec:	6811      	ldr	r1, [r2, #0]
10007fee:	6ada      	ldr	r2, [r3, #44]	@ 0x2c
10007ff0:	6acb      	ldr	r3, [r1, #44]	@ 0x2c
10007ff2:	429a      	cmp	r2, r3
10007ff4:	d903      	bls.n	10007ffe <xTaskRemoveFromEventList+0x86>
10007ff6:	2201      	movs	r2, #1
10007ff8:	4b13      	ldr	r3, [pc, #76]	@ (10008048 <xTaskRemoveFromEventList+0xd0>)
10007ffa:	3001      	adds	r0, #1
10007ffc:	601a      	str	r2, [r3, #0]
10007ffe:	bd70      	pop	{r4, r5, r6, pc}
10008000:	4a12      	ldr	r2, [pc, #72]	@ (1000804c <xTaskRemoveFromEventList+0xd4>)
10008002:	6851      	ldr	r1, [r2, #4]
10008004:	61d9      	str	r1, [r3, #28]
10008006:	688c      	ldr	r4, [r1, #8]
10008008:	621c      	str	r4, [r3, #32]
1000800a:	6060      	str	r0, [r4, #4]
1000800c:	6088      	str	r0, [r1, #8]
1000800e:	6811      	ldr	r1, [r2, #0]
10008010:	629a      	str	r2, [r3, #40]	@ 0x28
10008012:	3101      	adds	r1, #1
10008014:	6011      	str	r1, [r2, #0]
10008016:	e7e7      	b.n	10007fe8 <xTaskRemoveFromEventList+0x70>
10008018:	6011      	str	r1, [r2, #0]
1000801a:	e7d6      	b.n	10007fca <xTaskRemoveFromEventList+0x52>
1000801c:	6a19      	ldr	r1, [r3, #32]
1000801e:	6051      	str	r1, [r2, #4]
10008020:	e7b8      	b.n	10007f94 <xTaskRemoveFromEventList+0x1c>
10008022:	68d9      	ldr	r1, [r3, #12]
10008024:	6051      	str	r1, [r2, #4]
10008026:	6811      	ldr	r1, [r2, #0]
10008028:	3901      	subs	r1, #1
1000802a:	6011      	str	r1, [r2, #0]
1000802c:	4a03      	ldr	r2, [pc, #12]	@ (1000803c <xTaskRemoveFromEventList+0xc4>)
1000802e:	6ad9      	ldr	r1, [r3, #44]	@ 0x2c
10008030:	6810      	ldr	r0, [r2, #0]
10008032:	4281      	cmp	r1, r0
10008034:	d9c9      	bls.n	10007fca <xTaskRemoveFromEventList+0x52>
10008036:	e7ef      	b.n	10008018 <xTaskRemoveFromEventList+0xa0>
10008038:	200223b4 	.word	0x200223b4
1000803c:	200223bc 	.word	0x200223bc
10008040:	20001ff4 	.word	0x20001ff4
10008044:	20001fdc 	.word	0x20001fdc
10008048:	2002248c 	.word	0x2002248c
1000804c:	20022438 	.word	0x20022438

10008050 <vTaskRemoveFromUnorderedEventList>:
10008050:	2380      	movs	r3, #128	@ 0x80
10008052:	061b      	lsls	r3, r3, #24
10008054:	b570      	push	{r4, r5, r6, lr}
10008056:	6902      	ldr	r2, [r0, #16]
10008058:	6844      	ldr	r4, [r0, #4]
1000805a:	430b      	orrs	r3, r1
1000805c:	6881      	ldr	r1, [r0, #8]
1000805e:	6003      	str	r3, [r0, #0]
10008060:	68c3      	ldr	r3, [r0, #12]
10008062:	60a1      	str	r1, [r4, #8]
10008064:	604c      	str	r4, [r1, #4]
10008066:	6854      	ldr	r4, [r2, #4]
10008068:	4284      	cmp	r4, r0
1000806a:	d030      	beq.n	100080ce <vTaskRemoveFromUnorderedEventList+0x7e>
1000806c:	2100      	movs	r1, #0
1000806e:	6101      	str	r1, [r0, #16]
10008070:	6811      	ldr	r1, [r2, #0]
10008072:	6898      	ldr	r0, [r3, #8]
10008074:	3901      	subs	r1, #1
10008076:	6011      	str	r1, [r2, #0]
10008078:	68d9      	ldr	r1, [r3, #12]
1000807a:	695a      	ldr	r2, [r3, #20]
1000807c:	6081      	str	r1, [r0, #8]
1000807e:	6898      	ldr	r0, [r3, #8]
10008080:	1d1c      	adds	r4, r3, #4
10008082:	6048      	str	r0, [r1, #4]
10008084:	6851      	ldr	r1, [r2, #4]
10008086:	42a1      	cmp	r1, r4
10008088:	d023      	beq.n	100080d2 <vTaskRemoveFromUnorderedEventList+0x82>
1000808a:	6811      	ldr	r1, [r2, #0]
1000808c:	3901      	subs	r1, #1
1000808e:	6011      	str	r1, [r2, #0]
10008090:	4a11      	ldr	r2, [pc, #68]	@ (100080d8 <vTaskRemoveFromUnorderedEventList+0x88>)
10008092:	6ad9      	ldr	r1, [r3, #44]	@ 0x2c
10008094:	6810      	ldr	r0, [r2, #0]
10008096:	4281      	cmp	r1, r0
10008098:	d900      	bls.n	1000809c <vTaskRemoveFromUnorderedEventList+0x4c>
1000809a:	6011      	str	r1, [r2, #0]
1000809c:	008a      	lsls	r2, r1, #2
1000809e:	480f      	ldr	r0, [pc, #60]	@ (100080dc <vTaskRemoveFromUnorderedEventList+0x8c>)
100080a0:	1852      	adds	r2, r2, r1
100080a2:	0092      	lsls	r2, r2, #2
100080a4:	1885      	adds	r5, r0, r2
100080a6:	6869      	ldr	r1, [r5, #4]
100080a8:	6099      	str	r1, [r3, #8]
100080aa:	688e      	ldr	r6, [r1, #8]
100080ac:	60de      	str	r6, [r3, #12]
100080ae:	6074      	str	r4, [r6, #4]
100080b0:	608c      	str	r4, [r1, #8]
100080b2:	5881      	ldr	r1, [r0, r2]
100080b4:	615d      	str	r5, [r3, #20]
100080b6:	3101      	adds	r1, #1
100080b8:	5081      	str	r1, [r0, r2]
100080ba:	4a09      	ldr	r2, [pc, #36]	@ (100080e0 <vTaskRemoveFromUnorderedEventList+0x90>)
100080bc:	6811      	ldr	r1, [r2, #0]
100080be:	6ada      	ldr	r2, [r3, #44]	@ 0x2c
100080c0:	6acb      	ldr	r3, [r1, #44]	@ 0x2c
100080c2:	429a      	cmp	r2, r3
100080c4:	d902      	bls.n	100080cc <vTaskRemoveFromUnorderedEventList+0x7c>
100080c6:	2201      	movs	r2, #1
100080c8:	4b06      	ldr	r3, [pc, #24]	@ (100080e4 <vTaskRemoveFromUnorderedEventList+0x94>)
100080ca:	601a      	str	r2, [r3, #0]
100080cc:	bd70      	pop	{r4, r5, r6, pc}
100080ce:	6051      	str	r1, [r2, #4]
100080d0:	e7cc      	b.n	1000806c <vTaskRemoveFromUnorderedEventList+0x1c>
100080d2:	68d9      	ldr	r1, [r3, #12]
100080d4:	6051      	str	r1, [r2, #4]
100080d6:	e7d8      	b.n	1000808a <vTaskRemoveFromUnorderedEventList+0x3a>
100080d8:	200223bc 	.word	0x200223bc
100080dc:	20001ff4 	.word	0x20001ff4
100080e0:	20001fdc 	.word	0x20001fdc
100080e4:	2002248c 	.word	0x2002248c

100080e8 <vTaskInternalSetTimeOutState>:
100080e8:	4b03      	ldr	r3, [pc, #12]	@ (100080f8 <vTaskInternalSetTimeOutState+0x10>)
100080ea:	681b      	ldr	r3, [r3, #0]
100080ec:	6003      	str	r3, [r0, #0]
100080ee:	4b03      	ldr	r3, [pc, #12]	@ (100080fc <vTaskInternalSetTimeOutState+0x14>)
100080f0:	681b      	ldr	r3, [r3, #0]
100080f2:	6043      	str	r3, [r0, #4]
100080f4:	4770      	bx	lr
100080f6:	46c0      	nop			@ (mov r8, r8)
100080f8:	20022428 	.word	0x20022428
100080fc:	20022480 	.word	0x20022480

10008100 <xTaskCheckForTimeOut>:
10008100:	b5f0      	push	{r4, r5, r6, r7, lr}
10008102:	46c6      	mov	lr, r8
10008104:	b500      	push	{lr}
10008106:	000e      	movs	r6, r1
10008108:	0007      	movs	r7, r0
1000810a:	f7fe fbc9 	bl	100068a0 <vPortEnterCritical>
1000810e:	236d      	movs	r3, #109	@ 0x6d
10008110:	4c15      	ldr	r4, [pc, #84]	@ (10008168 <xTaskCheckForTimeOut+0x68>)
10008112:	4a16      	ldr	r2, [pc, #88]	@ (1000816c <xTaskCheckForTimeOut+0x6c>)
10008114:	6821      	ldr	r1, [r4, #0]
10008116:	6815      	ldr	r5, [r2, #0]
10008118:	5ced      	ldrb	r5, [r5, r3]
1000811a:	2d00      	cmp	r5, #0
1000811c:	d009      	beq.n	10008132 <xTaskCheckForTimeOut+0x32>
1000811e:	2100      	movs	r1, #0
10008120:	6812      	ldr	r2, [r2, #0]
10008122:	54d1      	strb	r1, [r2, r3]
10008124:	2401      	movs	r4, #1
10008126:	f7fe fbc7 	bl	100068b8 <vPortExitCritical>
1000812a:	0020      	movs	r0, r4
1000812c:	bc80      	pop	{r7}
1000812e:	46b8      	mov	r8, r7
10008130:	bdf0      	pop	{r4, r5, r6, r7, pc}
10008132:	6833      	ldr	r3, [r6, #0]
10008134:	1c5a      	adds	r2, r3, #1
10008136:	d015      	beq.n	10008164 <xTaskCheckForTimeOut+0x64>
10008138:	480d      	ldr	r0, [pc, #52]	@ (10008170 <xTaskCheckForTimeOut+0x70>)
1000813a:	687a      	ldr	r2, [r7, #4]
1000813c:	6805      	ldr	r5, [r0, #0]
1000813e:	46a8      	mov	r8, r5
10008140:	683d      	ldr	r5, [r7, #0]
10008142:	4545      	cmp	r5, r8
10008144:	d004      	beq.n	10008150 <xTaskCheckForTimeOut+0x50>
10008146:	428a      	cmp	r2, r1
10008148:	d802      	bhi.n	10008150 <xTaskCheckForTimeOut+0x50>
1000814a:	2300      	movs	r3, #0
1000814c:	6033      	str	r3, [r6, #0]
1000814e:	e7e9      	b.n	10008124 <xTaskCheckForTimeOut+0x24>
10008150:	1a8d      	subs	r5, r1, r2
10008152:	42ab      	cmp	r3, r5
10008154:	d9f9      	bls.n	1000814a <xTaskCheckForTimeOut+0x4a>
10008156:	1a5b      	subs	r3, r3, r1
10008158:	189b      	adds	r3, r3, r2
1000815a:	6033      	str	r3, [r6, #0]
1000815c:	6803      	ldr	r3, [r0, #0]
1000815e:	603b      	str	r3, [r7, #0]
10008160:	6823      	ldr	r3, [r4, #0]
10008162:	607b      	str	r3, [r7, #4]
10008164:	2400      	movs	r4, #0
10008166:	e7de      	b.n	10008126 <xTaskCheckForTimeOut+0x26>
10008168:	20022480 	.word	0x20022480
1000816c:	20001fdc 	.word	0x20001fdc
10008170:	20022428 	.word	0x20022428

10008174 <vTaskMissedYield>:
10008174:	2201      	movs	r2, #1
10008176:	4b01      	ldr	r3, [pc, #4]	@ (1000817c <vTaskMissedYield+0x8>)
10008178:	601a      	str	r2, [r3, #0]
1000817a:	4770      	bx	lr
1000817c:	2002248c 	.word	0x2002248c

10008180 <xTaskGetCurrentTaskHandle>:
10008180:	4b01      	ldr	r3, [pc, #4]	@ (10008188 <xTaskGetCurrentTaskHandle+0x8>)
10008182:	6818      	ldr	r0, [r3, #0]
10008184:	4770      	bx	lr
10008186:	46c0      	nop			@ (mov r8, r8)
10008188:	20001fdc 	.word	0x20001fdc

1000818c <xTaskPriorityDisinherit>:
1000818c:	b570      	push	{r4, r5, r6, lr}
1000818e:	1e04      	subs	r4, r0, #0
10008190:	d008      	beq.n	100081a4 <xTaskPriorityDisinherit+0x18>
10008192:	6d03      	ldr	r3, [r0, #80]	@ 0x50
10008194:	6ac1      	ldr	r1, [r0, #44]	@ 0x2c
10008196:	6cc2      	ldr	r2, [r0, #76]	@ 0x4c
10008198:	3b01      	subs	r3, #1
1000819a:	6503      	str	r3, [r0, #80]	@ 0x50
1000819c:	4291      	cmp	r1, r2
1000819e:	d001      	beq.n	100081a4 <xTaskPriorityDisinherit+0x18>
100081a0:	2b00      	cmp	r3, #0
100081a2:	d001      	beq.n	100081a8 <xTaskPriorityDisinherit+0x1c>
100081a4:	2000      	movs	r0, #0
100081a6:	bd70      	pop	{r4, r5, r6, pc}
100081a8:	1d05      	adds	r5, r0, #4
100081aa:	0028      	movs	r0, r5
100081ac:	f7fe fe88 	bl	10006ec0 <uxListRemove>
100081b0:	2320      	movs	r3, #32
100081b2:	6ce2      	ldr	r2, [r4, #76]	@ 0x4c
100081b4:	1a9b      	subs	r3, r3, r2
100081b6:	61a3      	str	r3, [r4, #24]
100081b8:	4b0b      	ldr	r3, [pc, #44]	@ (100081e8 <xTaskPriorityDisinherit+0x5c>)
100081ba:	62e2      	str	r2, [r4, #44]	@ 0x2c
100081bc:	6819      	ldr	r1, [r3, #0]
100081be:	428a      	cmp	r2, r1
100081c0:	d900      	bls.n	100081c4 <xTaskPriorityDisinherit+0x38>
100081c2:	601a      	str	r2, [r3, #0]
100081c4:	0093      	lsls	r3, r2, #2
100081c6:	4909      	ldr	r1, [pc, #36]	@ (100081ec <xTaskPriorityDisinherit+0x60>)
100081c8:	189b      	adds	r3, r3, r2
100081ca:	009b      	lsls	r3, r3, #2
100081cc:	18c8      	adds	r0, r1, r3
100081ce:	6842      	ldr	r2, [r0, #4]
100081d0:	60a2      	str	r2, [r4, #8]
100081d2:	6896      	ldr	r6, [r2, #8]
100081d4:	60e6      	str	r6, [r4, #12]
100081d6:	6075      	str	r5, [r6, #4]
100081d8:	6095      	str	r5, [r2, #8]
100081da:	58ca      	ldr	r2, [r1, r3]
100081dc:	6160      	str	r0, [r4, #20]
100081de:	3201      	adds	r2, #1
100081e0:	2001      	movs	r0, #1
100081e2:	50ca      	str	r2, [r1, r3]
100081e4:	e7df      	b.n	100081a6 <xTaskPriorityDisinherit+0x1a>
100081e6:	46c0      	nop			@ (mov r8, r8)
100081e8:	200223bc 	.word	0x200223bc
100081ec:	20001ff4 	.word	0x20001ff4

100081f0 <uxTaskResetEventItemValue>:
100081f0:	4b04      	ldr	r3, [pc, #16]	@ (10008204 <uxTaskResetEventItemValue+0x14>)
100081f2:	681a      	ldr	r2, [r3, #0]
100081f4:	6819      	ldr	r1, [r3, #0]
100081f6:	6990      	ldr	r0, [r2, #24]
100081f8:	681a      	ldr	r2, [r3, #0]
100081fa:	2320      	movs	r3, #32
100081fc:	6ac9      	ldr	r1, [r1, #44]	@ 0x2c
100081fe:	1a5b      	subs	r3, r3, r1
10008200:	6193      	str	r3, [r2, #24]
10008202:	4770      	bx	lr
10008204:	20001fdc 	.word	0x20001fdc

10008208 <prvTimerTask>:
10008208:	b5f0      	push	{r4, r5, r6, r7, lr}
1000820a:	4657      	mov	r7, sl
1000820c:	46de      	mov	lr, fp
1000820e:	464e      	mov	r6, r9
10008210:	4645      	mov	r5, r8
10008212:	b5e0      	push	{r5, r6, r7, lr}
10008214:	4bce      	ldr	r3, [pc, #824]	@ (10008550 <prvTimerTask+0x348>)
10008216:	b08b      	sub	sp, #44	@ 0x2c
10008218:	4698      	mov	r8, r3
1000821a:	4bce      	ldr	r3, [pc, #824]	@ (10008554 <prvTimerTask+0x34c>)
1000821c:	af06      	add	r7, sp, #24
1000821e:	9301      	str	r3, [sp, #4]
10008220:	4bcd      	ldr	r3, [pc, #820]	@ (10008558 <prvTimerTask+0x350>)
10008222:	469b      	mov	fp, r3
10008224:	4bcd      	ldr	r3, [pc, #820]	@ (1000855c <prvTimerTask+0x354>)
10008226:	4699      	mov	r9, r3
10008228:	4bcd      	ldr	r3, [pc, #820]	@ (10008560 <prvTimerTask+0x358>)
1000822a:	464c      	mov	r4, r9
1000822c:	9302      	str	r3, [sp, #8]
1000822e:	2328      	movs	r3, #40	@ 0x28
10008230:	46d9      	mov	r9, fp
10008232:	469a      	mov	sl, r3
10008234:	46c3      	mov	fp, r8
10008236:	465b      	mov	r3, fp
10008238:	681b      	ldr	r3, [r3, #0]
1000823a:	681d      	ldr	r5, [r3, #0]
1000823c:	2d00      	cmp	r5, #0
1000823e:	d000      	beq.n	10008242 <prvTimerTask+0x3a>
10008240:	e0e1      	b.n	10008406 <prvTimerTask+0x1fe>
10008242:	f7ff fc01 	bl	10007a48 <vTaskSuspendAll>
10008246:	f7ff fd0f 	bl	10007c68 <xTaskGetTickCount>
1000824a:	9a01      	ldr	r2, [sp, #4]
1000824c:	4680      	mov	r8, r0
1000824e:	6813      	ldr	r3, [r2, #0]
10008250:	4283      	cmp	r3, r0
10008252:	d900      	bls.n	10008256 <prvTimerTask+0x4e>
10008254:	e0e7      	b.n	10008426 <prvTimerTask+0x21e>
10008256:	464b      	mov	r3, r9
10008258:	681b      	ldr	r3, [r3, #0]
1000825a:	6010      	str	r0, [r2, #0]
1000825c:	681a      	ldr	r2, [r3, #0]
1000825e:	4253      	negs	r3, r2
10008260:	415a      	adcs	r2, r3
10008262:	4643      	mov	r3, r8
10008264:	6820      	ldr	r0, [r4, #0]
10008266:	1ae9      	subs	r1, r5, r3
10008268:	f7ff f954 	bl	10007514 <vQueueWaitForMessageRestricted>
1000826c:	f7ff fbf4 	bl	10007a58 <xTaskResumeAll>
10008270:	2800      	cmp	r0, #0
10008272:	d100      	bne.n	10008276 <prvTimerTask+0x6e>
10008274:	e12b      	b.n	100084ce <prvTimerTask+0x2c6>
10008276:	2210      	movs	r2, #16
10008278:	2100      	movs	r1, #0
1000827a:	0038      	movs	r0, r7
1000827c:	f7f9 ff08 	bl	10002090 <__wrap_memset>
10008280:	2200      	movs	r2, #0
10008282:	0039      	movs	r1, r7
10008284:	6820      	ldr	r0, [r4, #0]
10008286:	f7ff f82b 	bl	100072e0 <xQueueReceive>
1000828a:	2800      	cmp	r0, #0
1000828c:	d0d3      	beq.n	10008236 <prvTimerTask+0x2e>
1000828e:	683b      	ldr	r3, [r7, #0]
10008290:	2b00      	cmp	r3, #0
10008292:	db5a      	blt.n	1000834a <prvTimerTask+0x142>
10008294:	68bd      	ldr	r5, [r7, #8]
10008296:	2d00      	cmp	r5, #0
10008298:	d0f2      	beq.n	10008280 <prvTimerTask+0x78>
1000829a:	696b      	ldr	r3, [r5, #20]
1000829c:	2b00      	cmp	r3, #0
1000829e:	d002      	beq.n	100082a6 <prvTimerTask+0x9e>
100082a0:	1d28      	adds	r0, r5, #4
100082a2:	f7fe fe0d 	bl	10006ec0 <uxListRemove>
100082a6:	f7ff fcdf 	bl	10007c68 <xTaskGetTickCount>
100082aa:	9b01      	ldr	r3, [sp, #4]
100082ac:	0006      	movs	r6, r0
100082ae:	681b      	ldr	r3, [r3, #0]
100082b0:	4298      	cmp	r0, r3
100082b2:	d352      	bcc.n	1000835a <prvTimerTask+0x152>
100082b4:	9b01      	ldr	r3, [sp, #4]
100082b6:	601e      	str	r6, [r3, #0]
100082b8:	683b      	ldr	r3, [r7, #0]
100082ba:	2b09      	cmp	r3, #9
100082bc:	d8e0      	bhi.n	10008280 <prvTimerTask+0x78>
100082be:	9a02      	ldr	r2, [sp, #8]
100082c0:	009b      	lsls	r3, r3, #2
100082c2:	58d3      	ldr	r3, [r2, r3]
100082c4:	469f      	mov	pc, r3
100082c6:	4653      	mov	r3, sl
100082c8:	5ce8      	ldrb	r0, [r5, r3]
100082ca:	2301      	movs	r3, #1
100082cc:	4652      	mov	r2, sl
100082ce:	4303      	orrs	r3, r0
100082d0:	54ab      	strb	r3, [r5, r2]
100082d2:	6879      	ldr	r1, [r7, #4]
100082d4:	69aa      	ldr	r2, [r5, #24]
100082d6:	612d      	str	r5, [r5, #16]
100082d8:	188b      	adds	r3, r1, r2
100082da:	606b      	str	r3, [r5, #4]
100082dc:	42b3      	cmp	r3, r6
100082de:	d900      	bls.n	100082e2 <prvTimerTask+0xda>
100082e0:	e086      	b.n	100083f0 <prvTimerTask+0x1e8>
100082e2:	1a71      	subs	r1, r6, r1
100082e4:	428a      	cmp	r2, r1
100082e6:	d819      	bhi.n	1000831c <prvTimerTask+0x114>
100082e8:	0741      	lsls	r1, r0, #29
100082ea:	d500      	bpl.n	100082ee <prvTimerTask+0xe6>
100082ec:	e0f2      	b.n	100084d4 <prvTimerTask+0x2cc>
100082ee:	2301      	movs	r3, #1
100082f0:	4398      	bics	r0, r3
100082f2:	4653      	mov	r3, sl
100082f4:	54e8      	strb	r0, [r5, r3]
100082f6:	0028      	movs	r0, r5
100082f8:	6a2b      	ldr	r3, [r5, #32]
100082fa:	4798      	blx	r3
100082fc:	e7c0      	b.n	10008280 <prvTimerTask+0x78>
100082fe:	4653      	mov	r3, sl
10008300:	2201      	movs	r2, #1
10008302:	5ceb      	ldrb	r3, [r5, r3]
10008304:	4313      	orrs	r3, r2
10008306:	4652      	mov	r2, sl
10008308:	54ab      	strb	r3, [r5, r2]
1000830a:	687b      	ldr	r3, [r7, #4]
1000830c:	612d      	str	r5, [r5, #16]
1000830e:	199a      	adds	r2, r3, r6
10008310:	61ab      	str	r3, [r5, #24]
10008312:	606a      	str	r2, [r5, #4]
10008314:	42b2      	cmp	r2, r6
10008316:	d870      	bhi.n	100083fa <prvTimerTask+0x1f2>
10008318:	2b00      	cmp	r3, #0
1000831a:	d0b1      	beq.n	10008280 <prvTimerTask+0x78>
1000831c:	464b      	mov	r3, r9
1000831e:	1d29      	adds	r1, r5, #4
10008320:	6818      	ldr	r0, [r3, #0]
10008322:	f7fe fdb5 	bl	10006e90 <vListInsert>
10008326:	e7ab      	b.n	10008280 <prvTimerTask+0x78>
10008328:	4653      	mov	r3, sl
1000832a:	2201      	movs	r2, #1
1000832c:	5ceb      	ldrb	r3, [r5, r3]
1000832e:	4393      	bics	r3, r2
10008330:	4652      	mov	r2, sl
10008332:	54ab      	strb	r3, [r5, r2]
10008334:	e7a4      	b.n	10008280 <prvTimerTask+0x78>
10008336:	4653      	mov	r3, sl
10008338:	5ceb      	ldrb	r3, [r5, r3]
1000833a:	079a      	lsls	r2, r3, #30
1000833c:	d400      	bmi.n	10008340 <prvTimerTask+0x138>
1000833e:	e0c2      	b.n	100084c6 <prvTimerTask+0x2be>
10008340:	2201      	movs	r2, #1
10008342:	4393      	bics	r3, r2
10008344:	4652      	mov	r2, sl
10008346:	54ab      	strb	r3, [r5, r2]
10008348:	e79a      	b.n	10008280 <prvTimerTask+0x78>
1000834a:	687b      	ldr	r3, [r7, #4]
1000834c:	68f9      	ldr	r1, [r7, #12]
1000834e:	68b8      	ldr	r0, [r7, #8]
10008350:	4798      	blx	r3
10008352:	683b      	ldr	r3, [r7, #0]
10008354:	2b00      	cmp	r3, #0
10008356:	db93      	blt.n	10008280 <prvTimerTask+0x78>
10008358:	e79c      	b.n	10008294 <prvTimerTask+0x8c>
1000835a:	465b      	mov	r3, fp
1000835c:	681b      	ldr	r3, [r3, #0]
1000835e:	681a      	ldr	r2, [r3, #0]
10008360:	2a00      	cmp	r2, #0
10008362:	d03e      	beq.n	100083e2 <prvTimerTask+0x1da>
10008364:	9503      	str	r5, [sp, #12]
10008366:	9004      	str	r0, [sp, #16]
10008368:	9405      	str	r4, [sp, #20]
1000836a:	e00b      	b.n	10008384 <prvTimerTask+0x17c>
1000836c:	2201      	movs	r2, #1
1000836e:	4393      	bics	r3, r2
10008370:	4652      	mov	r2, sl
10008372:	54a3      	strb	r3, [r4, r2]
10008374:	6a23      	ldr	r3, [r4, #32]
10008376:	0020      	movs	r0, r4
10008378:	4798      	blx	r3
1000837a:	465b      	mov	r3, fp
1000837c:	681b      	ldr	r3, [r3, #0]
1000837e:	681a      	ldr	r2, [r3, #0]
10008380:	2a00      	cmp	r2, #0
10008382:	d02b      	beq.n	100083dc <prvTimerTask+0x1d4>
10008384:	68db      	ldr	r3, [r3, #12]
10008386:	68dc      	ldr	r4, [r3, #12]
10008388:	681e      	ldr	r6, [r3, #0]
1000838a:	1d23      	adds	r3, r4, #4
1000838c:	0018      	movs	r0, r3
1000838e:	4698      	mov	r8, r3
10008390:	f7fe fd96 	bl	10006ec0 <uxListRemove>
10008394:	4653      	mov	r3, sl
10008396:	2204      	movs	r2, #4
10008398:	5ce3      	ldrb	r3, [r4, r3]
1000839a:	421a      	tst	r2, r3
1000839c:	d0e6      	beq.n	1000836c <prvTimerTask+0x164>
1000839e:	69a3      	ldr	r3, [r4, #24]
100083a0:	6124      	str	r4, [r4, #16]
100083a2:	18f5      	adds	r5, r6, r3
100083a4:	43f6      	mvns	r6, r6
100083a6:	6065      	str	r5, [r4, #4]
100083a8:	429e      	cmp	r6, r3
100083aa:	d30a      	bcc.n	100083c2 <prvTimerTask+0x1ba>
100083ac:	002e      	movs	r6, r5
100083ae:	43f6      	mvns	r6, r6
100083b0:	6a23      	ldr	r3, [r4, #32]
100083b2:	0020      	movs	r0, r4
100083b4:	4798      	blx	r3
100083b6:	69a3      	ldr	r3, [r4, #24]
100083b8:	6124      	str	r4, [r4, #16]
100083ba:	18ed      	adds	r5, r5, r3
100083bc:	6065      	str	r5, [r4, #4]
100083be:	42b3      	cmp	r3, r6
100083c0:	d9f4      	bls.n	100083ac <prvTimerTask+0x1a4>
100083c2:	464b      	mov	r3, r9
100083c4:	4641      	mov	r1, r8
100083c6:	6818      	ldr	r0, [r3, #0]
100083c8:	f7fe fd62 	bl	10006e90 <vListInsert>
100083cc:	6a23      	ldr	r3, [r4, #32]
100083ce:	0020      	movs	r0, r4
100083d0:	4798      	blx	r3
100083d2:	465b      	mov	r3, fp
100083d4:	681b      	ldr	r3, [r3, #0]
100083d6:	681a      	ldr	r2, [r3, #0]
100083d8:	2a00      	cmp	r2, #0
100083da:	d1d3      	bne.n	10008384 <prvTimerTask+0x17c>
100083dc:	9d03      	ldr	r5, [sp, #12]
100083de:	9e04      	ldr	r6, [sp, #16]
100083e0:	9c05      	ldr	r4, [sp, #20]
100083e2:	464a      	mov	r2, r9
100083e4:	4659      	mov	r1, fp
100083e6:	6812      	ldr	r2, [r2, #0]
100083e8:	600a      	str	r2, [r1, #0]
100083ea:	464a      	mov	r2, r9
100083ec:	6013      	str	r3, [r2, #0]
100083ee:	e761      	b.n	100082b4 <prvTimerTask+0xac>
100083f0:	42b1      	cmp	r1, r6
100083f2:	d902      	bls.n	100083fa <prvTimerTask+0x1f2>
100083f4:	4299      	cmp	r1, r3
100083f6:	d800      	bhi.n	100083fa <prvTimerTask+0x1f2>
100083f8:	e776      	b.n	100082e8 <prvTimerTask+0xe0>
100083fa:	465b      	mov	r3, fp
100083fc:	1d29      	adds	r1, r5, #4
100083fe:	6818      	ldr	r0, [r3, #0]
10008400:	f7fe fd46 	bl	10006e90 <vListInsert>
10008404:	e73c      	b.n	10008280 <prvTimerTask+0x78>
10008406:	68db      	ldr	r3, [r3, #12]
10008408:	681d      	ldr	r5, [r3, #0]
1000840a:	f7ff fb1d 	bl	10007a48 <vTaskSuspendAll>
1000840e:	f7ff fc2b 	bl	10007c68 <xTaskGetTickCount>
10008412:	9a01      	ldr	r2, [sp, #4]
10008414:	4680      	mov	r8, r0
10008416:	6813      	ldr	r3, [r2, #0]
10008418:	4298      	cmp	r0, r3
1000841a:	d304      	bcc.n	10008426 <prvTimerTask+0x21e>
1000841c:	6010      	str	r0, [r2, #0]
1000841e:	4285      	cmp	r5, r0
10008420:	d97a      	bls.n	10008518 <prvTimerTask+0x310>
10008422:	2200      	movs	r2, #0
10008424:	e71d      	b.n	10008262 <prvTimerTask+0x5a>
10008426:	465b      	mov	r3, fp
10008428:	681b      	ldr	r3, [r3, #0]
1000842a:	681a      	ldr	r2, [r3, #0]
1000842c:	2a00      	cmp	r2, #0
1000842e:	d03e      	beq.n	100084ae <prvTimerTask+0x2a6>
10008430:	4642      	mov	r2, r8
10008432:	9404      	str	r4, [sp, #16]
10008434:	9203      	str	r2, [sp, #12]
10008436:	e00b      	b.n	10008450 <prvTimerTask+0x248>
10008438:	2201      	movs	r2, #1
1000843a:	4393      	bics	r3, r2
1000843c:	4652      	mov	r2, sl
1000843e:	54a3      	strb	r3, [r4, r2]
10008440:	6a23      	ldr	r3, [r4, #32]
10008442:	0020      	movs	r0, r4
10008444:	4798      	blx	r3
10008446:	465b      	mov	r3, fp
10008448:	681b      	ldr	r3, [r3, #0]
1000844a:	681a      	ldr	r2, [r3, #0]
1000844c:	2a00      	cmp	r2, #0
1000844e:	d02b      	beq.n	100084a8 <prvTimerTask+0x2a0>
10008450:	68db      	ldr	r3, [r3, #12]
10008452:	68dc      	ldr	r4, [r3, #12]
10008454:	681e      	ldr	r6, [r3, #0]
10008456:	1d23      	adds	r3, r4, #4
10008458:	0018      	movs	r0, r3
1000845a:	4698      	mov	r8, r3
1000845c:	f7fe fd30 	bl	10006ec0 <uxListRemove>
10008460:	4653      	mov	r3, sl
10008462:	2204      	movs	r2, #4
10008464:	5ce3      	ldrb	r3, [r4, r3]
10008466:	421a      	tst	r2, r3
10008468:	d0e6      	beq.n	10008438 <prvTimerTask+0x230>
1000846a:	69a3      	ldr	r3, [r4, #24]
1000846c:	6124      	str	r4, [r4, #16]
1000846e:	18f5      	adds	r5, r6, r3
10008470:	43f6      	mvns	r6, r6
10008472:	6065      	str	r5, [r4, #4]
10008474:	429e      	cmp	r6, r3
10008476:	d30a      	bcc.n	1000848e <prvTimerTask+0x286>
10008478:	002e      	movs	r6, r5
1000847a:	43f6      	mvns	r6, r6
1000847c:	6a23      	ldr	r3, [r4, #32]
1000847e:	0020      	movs	r0, r4
10008480:	4798      	blx	r3
10008482:	69a3      	ldr	r3, [r4, #24]
10008484:	6124      	str	r4, [r4, #16]
10008486:	18ed      	adds	r5, r5, r3
10008488:	6065      	str	r5, [r4, #4]
1000848a:	42b3      	cmp	r3, r6
1000848c:	d9f4      	bls.n	10008478 <prvTimerTask+0x270>
1000848e:	464b      	mov	r3, r9
10008490:	4641      	mov	r1, r8
10008492:	6818      	ldr	r0, [r3, #0]
10008494:	f7fe fcfc 	bl	10006e90 <vListInsert>
10008498:	6a23      	ldr	r3, [r4, #32]
1000849a:	0020      	movs	r0, r4
1000849c:	4798      	blx	r3
1000849e:	465b      	mov	r3, fp
100084a0:	681b      	ldr	r3, [r3, #0]
100084a2:	681a      	ldr	r2, [r3, #0]
100084a4:	2a00      	cmp	r2, #0
100084a6:	d1d3      	bne.n	10008450 <prvTimerTask+0x248>
100084a8:	9a03      	ldr	r2, [sp, #12]
100084aa:	9c04      	ldr	r4, [sp, #16]
100084ac:	4690      	mov	r8, r2
100084ae:	464a      	mov	r2, r9
100084b0:	4659      	mov	r1, fp
100084b2:	6812      	ldr	r2, [r2, #0]
100084b4:	600a      	str	r2, [r1, #0]
100084b6:	464a      	mov	r2, r9
100084b8:	6013      	str	r3, [r2, #0]
100084ba:	4642      	mov	r2, r8
100084bc:	9b01      	ldr	r3, [sp, #4]
100084be:	601a      	str	r2, [r3, #0]
100084c0:	f7ff faca 	bl	10007a58 <xTaskResumeAll>
100084c4:	e6d7      	b.n	10008276 <prvTimerTask+0x6e>
100084c6:	0028      	movs	r0, r5
100084c8:	f7fe f8ec 	bl	100066a4 <vPortFree>
100084cc:	e6d8      	b.n	10008280 <prvTimerTask+0x78>
100084ce:	f7fe f9db 	bl	10006888 <vPortYield>
100084d2:	e6d0      	b.n	10008276 <prvTimerTask+0x6e>
100084d4:	46a0      	mov	r8, r4
100084d6:	0034      	movs	r4, r6
100084d8:	e007      	b.n	100084ea <prvTimerTask+0x2e2>
100084da:	1ae3      	subs	r3, r4, r3
100084dc:	429a      	cmp	r2, r3
100084de:	d814      	bhi.n	1000850a <prvTimerTask+0x302>
100084e0:	6a2b      	ldr	r3, [r5, #32]
100084e2:	0028      	movs	r0, r5
100084e4:	4798      	blx	r3
100084e6:	0033      	movs	r3, r6
100084e8:	69aa      	ldr	r2, [r5, #24]
100084ea:	18d6      	adds	r6, r2, r3
100084ec:	606e      	str	r6, [r5, #4]
100084ee:	612d      	str	r5, [r5, #16]
100084f0:	42b4      	cmp	r4, r6
100084f2:	d2f2      	bcs.n	100084da <prvTimerTask+0x2d2>
100084f4:	429c      	cmp	r4, r3
100084f6:	d201      	bcs.n	100084fc <prvTimerTask+0x2f4>
100084f8:	42b3      	cmp	r3, r6
100084fa:	d9f1      	bls.n	100084e0 <prvTimerTask+0x2d8>
100084fc:	465b      	mov	r3, fp
100084fe:	1d29      	adds	r1, r5, #4
10008500:	6818      	ldr	r0, [r3, #0]
10008502:	4644      	mov	r4, r8
10008504:	f7fe fcc4 	bl	10006e90 <vListInsert>
10008508:	e6f5      	b.n	100082f6 <prvTimerTask+0xee>
1000850a:	464b      	mov	r3, r9
1000850c:	1d29      	adds	r1, r5, #4
1000850e:	6818      	ldr	r0, [r3, #0]
10008510:	4644      	mov	r4, r8
10008512:	f7fe fcbd 	bl	10006e90 <vListInsert>
10008516:	e6ee      	b.n	100082f6 <prvTimerTask+0xee>
10008518:	f7ff fa9e 	bl	10007a58 <xTaskResumeAll>
1000851c:	465b      	mov	r3, fp
1000851e:	681b      	ldr	r3, [r3, #0]
10008520:	68db      	ldr	r3, [r3, #12]
10008522:	68de      	ldr	r6, [r3, #12]
10008524:	1d33      	adds	r3, r6, #4
10008526:	0018      	movs	r0, r3
10008528:	9303      	str	r3, [sp, #12]
1000852a:	f7fe fcc9 	bl	10006ec0 <uxListRemove>
1000852e:	4653      	mov	r3, sl
10008530:	5cf3      	ldrb	r3, [r6, r3]
10008532:	075a      	lsls	r2, r3, #29
10008534:	d407      	bmi.n	10008546 <prvTimerTask+0x33e>
10008536:	2201      	movs	r2, #1
10008538:	4393      	bics	r3, r2
1000853a:	4652      	mov	r2, sl
1000853c:	54b3      	strb	r3, [r6, r2]
1000853e:	0030      	movs	r0, r6
10008540:	6a33      	ldr	r3, [r6, #32]
10008542:	4798      	blx	r3
10008544:	e697      	b.n	10008276 <prvTimerTask+0x6e>
10008546:	0022      	movs	r2, r4
10008548:	002b      	movs	r3, r5
1000854a:	4644      	mov	r4, r8
1000854c:	4690      	mov	r8, r2
1000854e:	e010      	b.n	10008572 <prvTimerTask+0x36a>
10008550:	20001fe0 	.word	0x20001fe0
10008554:	2002241c 	.word	0x2002241c
10008558:	20001ff0 	.word	0x20001ff0
1000855c:	20022484 	.word	0x20022484
10008560:	1000a0c8 	.word	0x1000a0c8
10008564:	1ae3      	subs	r3, r4, r3
10008566:	429a      	cmp	r2, r3
10008568:	d814      	bhi.n	10008594 <prvTimerTask+0x38c>
1000856a:	6a33      	ldr	r3, [r6, #32]
1000856c:	0030      	movs	r0, r6
1000856e:	4798      	blx	r3
10008570:	002b      	movs	r3, r5
10008572:	69b2      	ldr	r2, [r6, #24]
10008574:	6136      	str	r6, [r6, #16]
10008576:	189d      	adds	r5, r3, r2
10008578:	6075      	str	r5, [r6, #4]
1000857a:	42a5      	cmp	r5, r4
1000857c:	d9f2      	bls.n	10008564 <prvTimerTask+0x35c>
1000857e:	42a3      	cmp	r3, r4
10008580:	d901      	bls.n	10008586 <prvTimerTask+0x37e>
10008582:	42ab      	cmp	r3, r5
10008584:	d9f1      	bls.n	1000856a <prvTimerTask+0x362>
10008586:	465b      	mov	r3, fp
10008588:	9903      	ldr	r1, [sp, #12]
1000858a:	6818      	ldr	r0, [r3, #0]
1000858c:	4644      	mov	r4, r8
1000858e:	f7fe fc7f 	bl	10006e90 <vListInsert>
10008592:	e7d4      	b.n	1000853e <prvTimerTask+0x336>
10008594:	464b      	mov	r3, r9
10008596:	9903      	ldr	r1, [sp, #12]
10008598:	6818      	ldr	r0, [r3, #0]
1000859a:	4644      	mov	r4, r8
1000859c:	f7fe fc78 	bl	10006e90 <vListInsert>
100085a0:	e7cd      	b.n	1000853e <prvTimerTask+0x336>
100085a2:	46c0      	nop			@ (mov r8, r8)

100085a4 <xTimerCreateTimerTask>:
100085a4:	b570      	push	{r4, r5, r6, lr}
100085a6:	b082      	sub	sp, #8
100085a8:	f7fe f97a 	bl	100068a0 <vPortEnterCritical>
100085ac:	4c17      	ldr	r4, [pc, #92]	@ (1000860c <xTimerCreateTimerTask+0x68>)
100085ae:	6823      	ldr	r3, [r4, #0]
100085b0:	2b00      	cmp	r3, #0
100085b2:	d012      	beq.n	100085da <xTimerCreateTimerTask+0x36>
100085b4:	f7fe f980 	bl	100068b8 <vPortExitCritical>
100085b8:	6823      	ldr	r3, [r4, #0]
100085ba:	2000      	movs	r0, #0
100085bc:	2b00      	cmp	r3, #0
100085be:	d00a      	beq.n	100085d6 <xTimerCreateTimerTask+0x32>
100085c0:	4b13      	ldr	r3, [pc, #76]	@ (10008610 <xTimerCreateTimerTask+0x6c>)
100085c2:	2280      	movs	r2, #128	@ 0x80
100085c4:	9301      	str	r3, [sp, #4]
100085c6:	231f      	movs	r3, #31
100085c8:	4912      	ldr	r1, [pc, #72]	@ (10008614 <xTimerCreateTimerTask+0x70>)
100085ca:	9300      	str	r3, [sp, #0]
100085cc:	4812      	ldr	r0, [pc, #72]	@ (10008618 <xTimerCreateTimerTask+0x74>)
100085ce:	2300      	movs	r3, #0
100085d0:	00d2      	lsls	r2, r2, #3
100085d2:	f7ff f9ed 	bl	100079b0 <xTaskCreate>
100085d6:	b002      	add	sp, #8
100085d8:	bd70      	pop	{r4, r5, r6, pc}
100085da:	4e10      	ldr	r6, [pc, #64]	@ (1000861c <xTimerCreateTimerTask+0x78>)
100085dc:	0030      	movs	r0, r6
100085de:	f7fe fc47 	bl	10006e70 <vListInitialise>
100085e2:	4d0f      	ldr	r5, [pc, #60]	@ (10008620 <xTimerCreateTimerTask+0x7c>)
100085e4:	0028      	movs	r0, r5
100085e6:	f7fe fc43 	bl	10006e70 <vListInitialise>
100085ea:	4b0e      	ldr	r3, [pc, #56]	@ (10008624 <xTimerCreateTimerTask+0x80>)
100085ec:	2200      	movs	r2, #0
100085ee:	601e      	str	r6, [r3, #0]
100085f0:	4b0d      	ldr	r3, [pc, #52]	@ (10008628 <xTimerCreateTimerTask+0x84>)
100085f2:	2110      	movs	r1, #16
100085f4:	200a      	movs	r0, #10
100085f6:	601d      	str	r5, [r3, #0]
100085f8:	f7fe fd78 	bl	100070ec <xQueueGenericCreate>
100085fc:	6020      	str	r0, [r4, #0]
100085fe:	2800      	cmp	r0, #0
10008600:	d0d8      	beq.n	100085b4 <xTimerCreateTimerTask+0x10>
10008602:	490a      	ldr	r1, [pc, #40]	@ (1000862c <xTimerCreateTimerTask+0x88>)
10008604:	f7fe fefa 	bl	100073fc <vQueueAddToRegistry>
10008608:	e7d4      	b.n	100085b4 <xTimerCreateTimerTask+0x10>
1000860a:	46c0      	nop			@ (mov r8, r8)
1000860c:	20022484 	.word	0x20022484
10008610:	20022488 	.word	0x20022488
10008614:	10009c08 	.word	0x10009c08
10008618:	10008209 	.word	0x10008209
1000861c:	200223c0 	.word	0x200223c0
10008620:	200223d4 	.word	0x200223d4
10008624:	20001fe0 	.word	0x20001fe0
10008628:	20001ff0 	.word	0x20001ff0
1000862c:	10009c00 	.word	0x10009c00

10008630 <xTimerPendFunctionCallFromISR>:
10008630:	b530      	push	{r4, r5, lr}
10008632:	0014      	movs	r4, r2
10008634:	001a      	movs	r2, r3
10008636:	2302      	movs	r3, #2
10008638:	000d      	movs	r5, r1
1000863a:	b085      	sub	sp, #20
1000863c:	425b      	negs	r3, r3
1000863e:	9300      	str	r3, [sp, #0]
10008640:	4b05      	ldr	r3, [pc, #20]	@ (10008658 <xTimerPendFunctionCallFromISR+0x28>)
10008642:	9001      	str	r0, [sp, #4]
10008644:	4669      	mov	r1, sp
10008646:	6818      	ldr	r0, [r3, #0]
10008648:	2300      	movs	r3, #0
1000864a:	9502      	str	r5, [sp, #8]
1000864c:	9403      	str	r4, [sp, #12]
1000864e:	f7fe fd9f 	bl	10007190 <xQueueGenericSendFromISR>
10008652:	b005      	add	sp, #20
10008654:	bd30      	pop	{r4, r5, pc}
10008656:	46c0      	nop			@ (mov r8, r8)
10008658:	20022484 	.word	0x20022484

1000865c <exception_set_exclusive_handler>:
1000865c:	b5f8      	push	{r3, r4, r5, r6, r7, lr}
1000865e:	000e      	movs	r6, r1
10008660:	f3ef 8710 	mrs	r7, PRIMASK
10008664:	b672      	cpsid	i
10008666:	4b0c      	ldr	r3, [pc, #48]	@ (10008698 <exception_set_exclusive_handler+0x3c>)
10008668:	0084      	lsls	r4, r0, #2
1000866a:	689b      	ldr	r3, [r3, #8]
1000866c:	591d      	ldr	r5, [r3, r4]
1000866e:	42a9      	cmp	r1, r5
10008670:	d004      	beq.n	1000867c <exception_set_exclusive_handler+0x20>
10008672:	4b0a      	ldr	r3, [pc, #40]	@ (1000869c <exception_set_exclusive_handler+0x40>)
10008674:	429d      	cmp	r5, r3
10008676:	d20a      	bcs.n	1000868e <exception_set_exclusive_handler+0x32>
10008678:	f7f8 ffe8 	bl	1000164c <hard_assertion_failure>
1000867c:	4b06      	ldr	r3, [pc, #24]	@ (10008698 <exception_set_exclusive_handler+0x3c>)
1000867e:	689b      	ldr	r3, [r3, #8]
10008680:	511e      	str	r6, [r3, r4]
10008682:	f3bf 8f5f 	dmb	sy
10008686:	f387 8810 	msr	PRIMASK, r7
1000868a:	0028      	movs	r0, r5
1000868c:	bdf8      	pop	{r3, r4, r5, r6, r7, pc}
1000868e:	4b04      	ldr	r3, [pc, #16]	@ (100086a0 <exception_set_exclusive_handler+0x44>)
10008690:	429d      	cmp	r5, r3
10008692:	d3f3      	bcc.n	1000867c <exception_set_exclusive_handler+0x20>
10008694:	e7f0      	b.n	10008678 <exception_set_exclusive_handler+0x1c>
10008696:	46c0      	nop			@ (mov r8, r8)
10008698:	e000ed00 	.word	0xe000ed00
1000869c:	100001c0 	.word	0x100001c0
100086a0:	100001d4 	.word	0x100001d4

100086a4 <pio_sm_setup>:
100086a4:	23ff      	movs	r3, #255	@ 0xff
100086a6:	b5f0      	push	{r4, r5, r6, r7, lr}
100086a8:	6845      	ldr	r5, [r0, #4]
100086aa:	011b      	lsls	r3, r3, #4
100086ac:	602b      	str	r3, [r5, #0]
100086ae:	2301      	movs	r3, #1
100086b0:	425b      	negs	r3, r3
100086b2:	60ab      	str	r3, [r5, #8]
100086b4:	3301      	adds	r3, #1
100086b6:	33ff      	adds	r3, #255	@ 0xff
100086b8:	632b      	str	r3, [r5, #48]	@ 0x30
100086ba:	3bfd      	subs	r3, #253	@ 0xfd
100086bc:	636b      	str	r3, [r5, #52]	@ 0x34
100086be:	2300      	movs	r3, #0
100086c0:	492b      	ldr	r1, [pc, #172]	@ (10008770 <pio_sm_setup+0xcc>)
100086c2:	001a      	movs	r2, r3
100086c4:	880c      	ldrh	r4, [r1, #0]
100086c6:	3212      	adds	r2, #18
100086c8:	0092      	lsls	r2, r2, #2
100086ca:	3301      	adds	r3, #1
100086cc:	5154      	str	r4, [r2, r5]
100086ce:	3102      	adds	r1, #2
100086d0:	2b20      	cmp	r3, #32
100086d2:	d1f6      	bne.n	100086c2 <pio_sm_setup+0x1e>
100086d4:	241f      	movs	r4, #31
100086d6:	21c2      	movs	r1, #194	@ 0xc2
100086d8:	6882      	ldr	r2, [r0, #8]
100086da:	0209      	lsls	r1, r1, #8
100086dc:	4022      	ands	r2, r4
100086de:	0613      	lsls	r3, r2, #24
100086e0:	4319      	orrs	r1, r3
100086e2:	002b      	movs	r3, r5
100086e4:	33c8      	adds	r3, #200	@ 0xc8
100086e6:	6059      	str	r1, [r3, #4]
100086e8:	2180      	movs	r1, #128	@ 0x80
100086ea:	0152      	lsls	r2, r2, #5
100086ec:	04c9      	lsls	r1, r1, #19
100086ee:	430a      	orrs	r2, r1
100086f0:	615a      	str	r2, [r3, #20]
100086f2:	4a20      	ldr	r2, [pc, #128]	@ (10008774 <pio_sm_setup+0xd0>)
100086f4:	2600      	movs	r6, #0
100086f6:	611a      	str	r2, [r3, #16]
100086f8:	2269      	movs	r2, #105	@ 0x69
100086fa:	615e      	str	r6, [r3, #20]
100086fc:	612a      	str	r2, [r5, #16]
100086fe:	4a1e      	ldr	r2, [pc, #120]	@ (10008778 <pio_sm_setup+0xd4>)
10008700:	27f8      	movs	r7, #248	@ 0xf8
10008702:	611a      	str	r2, [r3, #16]
10008704:	2206      	movs	r2, #6
10008706:	491d      	ldr	r1, [pc, #116]	@ (1000877c <pio_sm_setup+0xd8>)
10008708:	611a      	str	r2, [r3, #16]
1000870a:	6882      	ldr	r2, [r0, #8]
1000870c:	033f      	lsls	r7, r7, #12
1000870e:	61d9      	str	r1, [r3, #28]
10008710:	03d1      	lsls	r1, r2, #15
10008712:	4039      	ands	r1, r7
10008714:	4f1a      	ldr	r7, [pc, #104]	@ (10008780 <pio_sm_setup+0xdc>)
10008716:	62d9      	str	r1, [r3, #44]	@ 0x2c
10008718:	621e      	str	r6, [r3, #32]
1000871a:	621f      	str	r7, [r3, #32]
1000871c:	270d      	movs	r7, #13
1000871e:	629f      	str	r7, [r3, #40]	@ 0x28
10008720:	4f18      	ldr	r7, [pc, #96]	@ (10008784 <pio_sm_setup+0xe0>)
10008722:	0612      	lsls	r2, r2, #24
10008724:	635f      	str	r7, [r3, #52]	@ 0x34
10008726:	6459      	str	r1, [r3, #68]	@ 0x44
10008728:	4917      	ldr	r1, [pc, #92]	@ (10008788 <pio_sm_setup+0xe4>)
1000872a:	639e      	str	r6, [r3, #56]	@ 0x38
1000872c:	6419      	str	r1, [r3, #64]	@ 0x40
1000872e:	4917      	ldr	r1, [pc, #92]	@ (1000878c <pio_sm_setup+0xe8>)
10008730:	6419      	str	r1, [r3, #64]	@ 0x40
10008732:	4917      	ldr	r1, [pc, #92]	@ (10008790 <pio_sm_setup+0xec>)
10008734:	6419      	str	r1, [r3, #64]	@ 0x40
10008736:	2112      	movs	r1, #18
10008738:	6419      	str	r1, [r3, #64]	@ 0x40
1000873a:	23f8      	movs	r3, #248	@ 0xf8
1000873c:	055b      	lsls	r3, r3, #21
1000873e:	401a      	ands	r2, r3
10008740:	23c6      	movs	r3, #198	@ 0xc6
10008742:	025b      	lsls	r3, r3, #9
10008744:	431a      	orrs	r2, r3
10008746:	002b      	movs	r3, r5
10008748:	3311      	adds	r3, #17
1000874a:	68c1      	ldr	r1, [r0, #12]
1000874c:	33ff      	adds	r3, #255	@ 0xff
1000874e:	605a      	str	r2, [r3, #4]
10008750:	4a10      	ldr	r2, [pc, #64]	@ (10008794 <pio_sm_setup+0xf0>)
10008752:	4021      	ands	r1, r4
10008754:	609a      	str	r2, [r3, #8]
10008756:	014a      	lsls	r2, r1, #5
10008758:	1851      	adds	r1, r2, r1
1000875a:	2282      	movs	r2, #130	@ 0x82
1000875c:	04d2      	lsls	r2, r2, #19
1000875e:	430a      	orrs	r2, r1
10008760:	615a      	str	r2, [r3, #20]
10008762:	4a0d      	ldr	r2, [pc, #52]	@ (10008798 <pio_sm_setup+0xf4>)
10008764:	611a      	str	r2, [r3, #16]
10008766:	4a0d      	ldr	r2, [pc, #52]	@ (1000879c <pio_sm_setup+0xf8>)
10008768:	611a      	str	r2, [r3, #16]
1000876a:	2307      	movs	r3, #7
1000876c:	602b      	str	r3, [r5, #0]
1000876e:	bdf0      	pop	{r4, r5, r6, r7, pc}
10008770:	1000a318 	.word	0x1000a318
10008774:	0000e080 	.word	0x0000e080
10008778:	000080a0 	.word	0x000080a0
1000877c:	0000e680 	.word	0x0000e680
10008780:	80a10000 	.word	0x80a10000
10008784:	00018680 	.word	0x00018680
10008788:	0000e040 	.word	0x0000e040
1000878c:	0000a0e2 	.word	0x0000a0e2
10008790:	0000a02a 	.word	0x0000a02a
10008794:	40020000 	.word	0x40020000
10008798:	0000e001 	.word	0x0000e001
1000879c:	0000e081 	.word	0x0000e081

100087a0 <bitstuff_rp2040>:
100087a0:	b5f0      	push	{r4, r5, r6, r7, lr}
100087a2:	46c6      	mov	lr, r8
100087a4:	468c      	mov	ip, r1
100087a6:	2601      	movs	r6, #1
100087a8:	b500      	push	{lr}
100087aa:	0007      	movs	r7, r0
100087ac:	6800      	ldr	r0, [r0, #0]
100087ae:	0842      	lsrs	r2, r0, #1
100087b0:	4042      	eors	r2, r0
100087b2:	0853      	lsrs	r3, r2, #1
100087b4:	4313      	orrs	r3, r2
100087b6:	089c      	lsrs	r4, r3, #2
100087b8:	431c      	orrs	r4, r3
100087ba:	43e4      	mvns	r4, r4
100087bc:	000a      	movs	r2, r1
100087be:	0033      	movs	r3, r6
100087c0:	408b      	lsls	r3, r1
100087c2:	1a55      	subs	r5, r2, r1
100087c4:	3b01      	subs	r3, #1
100087c6:	40ab      	lsls	r3, r5
100087c8:	421c      	tst	r4, r3
100087ca:	d10b      	bne.n	100087e4 <bitstuff_rp2040+0x44>
100087cc:	428a      	cmp	r2, r1
100087ce:	d911      	bls.n	100087f4 <bitstuff_rp2040+0x54>
100087d0:	0033      	movs	r3, r6
100087d2:	1c69      	adds	r1, r5, #1
100087d4:	0849      	lsrs	r1, r1, #1
100087d6:	002a      	movs	r2, r5
100087d8:	408b      	lsls	r3, r1
100087da:	1a55      	subs	r5, r2, r1
100087dc:	3b01      	subs	r3, #1
100087de:	40ab      	lsls	r3, r5
100087e0:	421c      	tst	r4, r3
100087e2:	d0f3      	beq.n	100087cc <bitstuff_rp2040+0x2c>
100087e4:	0035      	movs	r5, r6
100087e6:	1e53      	subs	r3, r2, #1
100087e8:	409d      	lsls	r5, r3
100087ea:	422c      	tst	r4, r5
100087ec:	d107      	bne.n	100087fe <bitstuff_rp2040+0x5e>
100087ee:	001a      	movs	r2, r3
100087f0:	0849      	lsrs	r1, r1, #1
100087f2:	e7e4      	b.n	100087be <bitstuff_rp2040+0x1e>
100087f4:	6038      	str	r0, [r7, #0]
100087f6:	4660      	mov	r0, ip
100087f8:	bc80      	pop	{r7}
100087fa:	46b8      	mov	r8, r7
100087fc:	bdf0      	pop	{r4, r5, r6, r7, pc}
100087fe:	0033      	movs	r3, r6
10008800:	4093      	lsls	r3, r2
10008802:	0004      	movs	r4, r0
10008804:	3b01      	subs	r3, #1
10008806:	0859      	lsrs	r1, r3, #1
10008808:	438c      	bics	r4, r1
1000880a:	4003      	ands	r3, r0
1000880c:	406b      	eors	r3, r5
1000880e:	0061      	lsls	r1, r4, #1
10008810:	4059      	eors	r1, r3
10008812:	2301      	movs	r3, #1
10008814:	4698      	mov	r8, r3
10008816:	0008      	movs	r0, r1
10008818:	44c4      	add	ip, r8
1000881a:	2a04      	cmp	r2, #4
1000881c:	d9ea      	bls.n	100087f4 <bitstuff_rp2040+0x54>
1000881e:	1f11      	subs	r1, r2, #4
10008820:	e7c5      	b.n	100087ae <bitstuff_rp2040+0xe>
10008822:	46c0      	nop			@ (mov r8, r8)

10008824 <data_state_go_discard>:
10008824:	b510      	push	{r4, lr}
10008826:	6843      	ldr	r3, [r0, #4]
10008828:	0004      	movs	r4, r0
1000882a:	689a      	ldr	r2, [r3, #8]
1000882c:	b084      	sub	sp, #16
1000882e:	0792      	lsls	r2, r2, #30
10008830:	d412      	bmi.n	10008858 <data_state_go_discard+0x34>
10008832:	2209      	movs	r2, #9
10008834:	2120      	movs	r1, #32
10008836:	63a2      	str	r2, [r4, #56]	@ 0x38
10008838:	2200      	movs	r2, #0
1000883a:	6321      	str	r1, [r4, #48]	@ 0x30
1000883c:	6da1      	ldr	r1, [r4, #88]	@ 0x58
1000883e:	62e2      	str	r2, [r4, #44]	@ 0x2c
10008840:	2900      	cmp	r1, #0
10008842:	d001      	beq.n	10008848 <data_state_go_discard+0x24>
10008844:	65a2      	str	r2, [r4, #88]	@ 0x58
10008846:	619a      	str	r2, [r3, #24]
10008848:	4a0d      	ldr	r2, [pc, #52]	@ (10008880 <data_state_go_discard+0x5c>)
1000884a:	490e      	ldr	r1, [pc, #56]	@ (10008884 <data_state_go_discard+0x60>)
1000884c:	651a      	str	r2, [r3, #80]	@ 0x50
1000884e:	2296      	movs	r2, #150	@ 0x96
10008850:	0052      	lsls	r2, r2, #1
10008852:	5099      	str	r1, [r3, r2]
10008854:	b004      	add	sp, #16
10008856:	bd10      	pop	{r4, pc}
10008858:	2300      	movs	r3, #0
1000885a:	6283      	str	r3, [r0, #40]	@ 0x28
1000885c:	6243      	str	r3, [r0, #36]	@ 0x24
1000885e:	6343      	str	r3, [r0, #52]	@ 0x34
10008860:	f7ff ff20 	bl	100086a4 <pio_sm_setup>
10008864:	2210      	movs	r2, #16
10008866:	2100      	movs	r1, #0
10008868:	4668      	mov	r0, sp
1000886a:	f7f9 fc11 	bl	10002090 <__wrap_memset>
1000886e:	2180      	movs	r1, #128	@ 0x80
10008870:	6923      	ldr	r3, [r4, #16]
10008872:	466a      	mov	r2, sp
10008874:	0020      	movs	r0, r4
10008876:	0409      	lsls	r1, r1, #16
10008878:	4798      	blx	r3
1000887a:	6863      	ldr	r3, [r4, #4]
1000887c:	e7d9      	b.n	10008832 <data_state_go_discard+0xe>
1000887e:	46c0      	nop			@ (mov r8, r8)
10008880:	0000a127 	.word	0x0000a127
10008884:	00000302 	.word	0x00000302

10008888 <tx_schedule_transmit>:
10008888:	6dc3      	ldr	r3, [r0, #92]	@ 0x5c
1000888a:	0002      	movs	r2, r0
1000888c:	b530      	push	{r4, r5, lr}
1000888e:	2b01      	cmp	r3, #1
10008890:	d045      	beq.n	1000891e <tx_schedule_transmit+0x96>
10008892:	6e13      	ldr	r3, [r2, #96]	@ 0x60
10008894:	6e51      	ldr	r1, [r2, #100]	@ 0x64
10008896:	6854      	ldr	r4, [r2, #4]
10008898:	428b      	cmp	r3, r1
1000889a:	d10d      	bne.n	100088b8 <tx_schedule_transmit+0x30>
1000889c:	2100      	movs	r1, #0
1000889e:	65d1      	str	r1, [r2, #92]	@ 0x5c
100088a0:	3102      	adds	r1, #2
100088a2:	6321      	str	r1, [r4, #48]	@ 0x30
100088a4:	f3bf 8f5f 	dmb	sy
100088a8:	6e54      	ldr	r4, [r2, #100]	@ 0x64
100088aa:	2080      	movs	r0, #128	@ 0x80
100088ac:	0080      	lsls	r0, r0, #2
100088ae:	42a3      	cmp	r3, r4
100088b0:	d100      	bne.n	100088b4 <tx_schedule_transmit+0x2c>
100088b2:	bd30      	pop	{r4, r5, pc}
100088b4:	6854      	ldr	r4, [r2, #4]
100088b6:	6361      	str	r1, [r4, #52]	@ 0x34
100088b8:	2101      	movs	r1, #1
100088ba:	65d1      	str	r1, [r2, #92]	@ 0x5c
100088bc:	69d1      	ldr	r1, [r2, #28]
100088be:	0020      	movs	r0, r4
100088c0:	3101      	adds	r1, #1
100088c2:	61d1      	str	r1, [r2, #28]
100088c4:	2103      	movs	r1, #3
100088c6:	400b      	ands	r3, r1
100088c8:	3129      	adds	r1, #41	@ 0x29
100088ca:	4359      	muls	r1, r3
100088cc:	000b      	movs	r3, r1
100088ce:	3380      	adds	r3, #128	@ 0x80
100088d0:	18d3      	adds	r3, r2, r3
100088d2:	1852      	adds	r2, r2, r1
100088d4:	6fd1      	ldr	r1, [r2, #124]	@ 0x7c
100088d6:	2207      	movs	r2, #7
100088d8:	6022      	str	r2, [r4, #0]
100088da:	3280      	adds	r2, #128	@ 0x80
100088dc:	6022      	str	r2, [r4, #0]
100088de:	3a7b      	subs	r2, #123	@ 0x7b
100088e0:	6322      	str	r2, [r4, #48]	@ 0x30
100088e2:	2200      	movs	r2, #0
100088e4:	3011      	adds	r0, #17
100088e6:	30ff      	adds	r0, #255	@ 0xff
100088e8:	6082      	str	r2, [r0, #8]
100088ea:	4a1b      	ldr	r2, [pc, #108]	@ (10008958 <tx_schedule_transmit+0xd0>)
100088ec:	4d1b      	ldr	r5, [pc, #108]	@ (1000895c <tx_schedule_transmit+0xd4>)
100088ee:	6082      	str	r2, [r0, #8]
100088f0:	22ac      	movs	r2, #172	@ 0xac
100088f2:	50a5      	str	r5, [r4, r2]
100088f4:	2900      	cmp	r1, #0
100088f6:	d005      	beq.n	10008904 <tx_schedule_transmit+0x7c>
100088f8:	0089      	lsls	r1, r1, #2
100088fa:	1859      	adds	r1, r3, r1
100088fc:	cb04      	ldmia	r3!, {r2}
100088fe:	61e2      	str	r2, [r4, #28]
10008900:	4299      	cmp	r1, r3
10008902:	d1fb      	bne.n	100088fc <tx_schedule_transmit+0x74>
10008904:	4b16      	ldr	r3, [pc, #88]	@ (10008960 <tx_schedule_transmit+0xd8>)
10008906:	6103      	str	r3, [r0, #16]
10008908:	4b14      	ldr	r3, [pc, #80]	@ (1000895c <tx_schedule_transmit+0xd4>)
1000890a:	6103      	str	r3, [r0, #16]
1000890c:	231b      	movs	r3, #27
1000890e:	6103      	str	r3, [r0, #16]
10008910:	2383      	movs	r3, #131	@ 0x83
10008912:	019b      	lsls	r3, r3, #6
10008914:	6103      	str	r3, [r0, #16]
10008916:	230f      	movs	r3, #15
10008918:	6023      	str	r3, [r4, #0]
1000891a:	2000      	movs	r0, #0
1000891c:	e7c9      	b.n	100088b2 <tx_schedule_transmit+0x2a>
1000891e:	218e      	movs	r1, #142	@ 0x8e
10008920:	6843      	ldr	r3, [r0, #4]
10008922:	0049      	lsls	r1, r1, #1
10008924:	5859      	ldr	r1, [r3, r1]
10008926:	2918      	cmp	r1, #24
10008928:	d00e      	beq.n	10008948 <tx_schedule_transmit+0xc0>
1000892a:	21f0      	movs	r1, #240	@ 0xf0
1000892c:	68d8      	ldr	r0, [r3, #12]
1000892e:	0509      	lsls	r1, r1, #20
10008930:	4208      	tst	r0, r1
10008932:	d1f2      	bne.n	1000891a <tx_schedule_transmit+0x92>
10008934:	2194      	movs	r1, #148	@ 0x94
10008936:	0049      	lsls	r1, r1, #1
10008938:	585b      	ldr	r3, [r3, r1]
1000893a:	3926      	subs	r1, #38	@ 0x26
1000893c:	400b      	ands	r3, r1
1000893e:	3902      	subs	r1, #2
10008940:	428b      	cmp	r3, r1
10008942:	d0a6      	beq.n	10008892 <tx_schedule_transmit+0xa>
10008944:	2000      	movs	r0, #0
10008946:	e7b4      	b.n	100088b2 <tx_schedule_transmit+0x2a>
10008948:	3111      	adds	r1, #17
1000894a:	31ff      	adds	r1, #255	@ 0xff
1000894c:	585b      	ldr	r3, [r3, r1]
1000894e:	079b      	lsls	r3, r3, #30
10008950:	d59f      	bpl.n	10008892 <tx_schedule_transmit+0xa>
10008952:	2000      	movs	r0, #0
10008954:	e7ad      	b.n	100088b2 <tx_schedule_transmit+0x2a>
10008956:	46c0      	nop			@ (mov r8, r8)
10008958:	40020000 	.word	0x40020000
1000895c:	00006021 	.word	0x00006021
10008960:	0000e001 	.word	0x0000e001

10008964 <data_state_go_crc>:
10008964:	b5f0      	push	{r4, r5, r6, r7, lr}
10008966:	6a43      	ldr	r3, [r0, #36]	@ 0x24
10008968:	6a87      	ldr	r7, [r0, #40]	@ 0x28
1000896a:	6bc6      	ldr	r6, [r0, #60]	@ 0x3c
1000896c:	40fb      	lsrs	r3, r7
1000896e:	0476      	lsls	r6, r6, #17
10008970:	b087      	sub	sp, #28
10008972:	0c76      	lsrs	r6, r6, #17
10008974:	03db      	lsls	r3, r3, #15
10008976:	0004      	movs	r4, r0
10008978:	6b45      	ldr	r5, [r0, #52]	@ 0x34
1000897a:	4333      	orrs	r3, r6
1000897c:	2110      	movs	r1, #16
1000897e:	63c6      	str	r6, [r0, #60]	@ 0x3c
10008980:	a801      	add	r0, sp, #4
10008982:	9301      	str	r3, [sp, #4]
10008984:	f7ff ff0c 	bl	100087a0 <bitstuff_rp2040>
10008988:	2201      	movs	r2, #1
1000898a:	9b01      	ldr	r3, [sp, #4]
1000898c:	3d01      	subs	r5, #1
1000898e:	005b      	lsls	r3, r3, #1
10008990:	4313      	orrs	r3, r2
10008992:	1bed      	subs	r5, r5, r7
10008994:	6de2      	ldr	r2, [r4, #92]	@ 0x5c
10008996:	1828      	adds	r0, r5, r0
10008998:	6861      	ldr	r1, [r4, #4]
1000899a:	6423      	str	r3, [r4, #64]	@ 0x40
1000899c:	6460      	str	r0, [r4, #68]	@ 0x44
1000899e:	2a01      	cmp	r2, #1
100089a0:	d10a      	bne.n	100089b8 <data_state_go_crc+0x54>
100089a2:	2703      	movs	r7, #3
100089a4:	6e25      	ldr	r5, [r4, #96]	@ 0x60
100089a6:	322b      	adds	r2, #43	@ 0x2b
100089a8:	403d      	ands	r5, r7
100089aa:	436a      	muls	r2, r5
100089ac:	18a2      	adds	r2, r4, r2
100089ae:	6e95      	ldr	r5, [r2, #104]	@ 0x68
100089b0:	46ac      	mov	ip, r5
100089b2:	6ca5      	ldr	r5, [r4, #72]	@ 0x48
100089b4:	45ac      	cmp	ip, r5
100089b6:	d00f      	beq.n	100089d8 <data_state_go_crc+0x74>
100089b8:	2301      	movs	r3, #1
100089ba:	65a3      	str	r3, [r4, #88]	@ 0x58
100089bc:	3301      	adds	r3, #1
100089be:	634b      	str	r3, [r1, #52]	@ 0x34
100089c0:	4a29      	ldr	r2, [pc, #164]	@ (10008a68 <data_state_go_crc+0x104>)
100089c2:	332b      	adds	r3, #43	@ 0x2b
100089c4:	33ff      	adds	r3, #255	@ 0xff
100089c6:	50ca      	str	r2, [r1, r3]
100089c8:	2305      	movs	r3, #5
100089ca:	63a3      	str	r3, [r4, #56]	@ 0x38
100089cc:	2300      	movs	r3, #0
100089ce:	62e3      	str	r3, [r4, #44]	@ 0x2c
100089d0:	3310      	adds	r3, #16
100089d2:	6323      	str	r3, [r4, #48]	@ 0x30
100089d4:	b007      	add	sp, #28
100089d6:	bdf0      	pop	{r4, r5, r6, r7, pc}
100089d8:	6f95      	ldr	r5, [r2, #120]	@ 0x78
100089da:	42ae      	cmp	r6, r5
100089dc:	d103      	bne.n	100089e6 <data_state_go_crc+0x82>
100089de:	6ed6      	ldr	r6, [r2, #108]	@ 0x6c
100089e0:	6ce5      	ldr	r5, [r4, #76]	@ 0x4c
100089e2:	42ae      	cmp	r6, r5
100089e4:	d02b      	beq.n	10008a3e <data_state_go_crc+0xda>
100089e6:	6a23      	ldr	r3, [r4, #32]
100089e8:	3301      	adds	r3, #1
100089ea:	6223      	str	r3, [r4, #32]
100089ec:	688b      	ldr	r3, [r1, #8]
100089ee:	079b      	lsls	r3, r3, #30
100089f0:	d411      	bmi.n	10008a16 <data_state_go_crc+0xb2>
100089f2:	2309      	movs	r3, #9
100089f4:	2220      	movs	r2, #32
100089f6:	63a3      	str	r3, [r4, #56]	@ 0x38
100089f8:	2300      	movs	r3, #0
100089fa:	6322      	str	r2, [r4, #48]	@ 0x30
100089fc:	6da2      	ldr	r2, [r4, #88]	@ 0x58
100089fe:	62e3      	str	r3, [r4, #44]	@ 0x2c
10008a00:	2a00      	cmp	r2, #0
10008a02:	d001      	beq.n	10008a08 <data_state_go_crc+0xa4>
10008a04:	65a3      	str	r3, [r4, #88]	@ 0x58
10008a06:	618b      	str	r3, [r1, #24]
10008a08:	4b18      	ldr	r3, [pc, #96]	@ (10008a6c <data_state_go_crc+0x108>)
10008a0a:	4a17      	ldr	r2, [pc, #92]	@ (10008a68 <data_state_go_crc+0x104>)
10008a0c:	650b      	str	r3, [r1, #80]	@ 0x50
10008a0e:	2396      	movs	r3, #150	@ 0x96
10008a10:	005b      	lsls	r3, r3, #1
10008a12:	50ca      	str	r2, [r1, r3]
10008a14:	e7de      	b.n	100089d4 <data_state_go_crc+0x70>
10008a16:	2300      	movs	r3, #0
10008a18:	0020      	movs	r0, r4
10008a1a:	62a3      	str	r3, [r4, #40]	@ 0x28
10008a1c:	6263      	str	r3, [r4, #36]	@ 0x24
10008a1e:	6363      	str	r3, [r4, #52]	@ 0x34
10008a20:	f7ff fe40 	bl	100086a4 <pio_sm_setup>
10008a24:	2210      	movs	r2, #16
10008a26:	2100      	movs	r1, #0
10008a28:	a802      	add	r0, sp, #8
10008a2a:	f7f9 fb31 	bl	10002090 <__wrap_memset>
10008a2e:	2180      	movs	r1, #128	@ 0x80
10008a30:	0020      	movs	r0, r4
10008a32:	0409      	lsls	r1, r1, #16
10008a34:	6923      	ldr	r3, [r4, #16]
10008a36:	aa02      	add	r2, sp, #8
10008a38:	4798      	blx	r3
10008a3a:	6861      	ldr	r1, [r4, #4]
10008a3c:	e7d9      	b.n	100089f2 <data_state_go_crc+0x8e>
10008a3e:	6f16      	ldr	r6, [r2, #112]	@ 0x70
10008a40:	6d25      	ldr	r5, [r4, #80]	@ 0x50
10008a42:	42ae      	cmp	r6, r5
10008a44:	d1cf      	bne.n	100089e6 <data_state_go_crc+0x82>
10008a46:	6f55      	ldr	r5, [r2, #116]	@ 0x74
10008a48:	6d62      	ldr	r2, [r4, #84]	@ 0x54
10008a4a:	4295      	cmp	r5, r2
10008a4c:	d1cb      	bne.n	100089e6 <data_state_go_crc+0x82>
10008a4e:	2202      	movs	r2, #2
10008a50:	65a2      	str	r2, [r4, #88]	@ 0x58
10008a52:	3a0b      	subs	r2, #11
10008a54:	051b      	lsls	r3, r3, #20
10008a56:	1a12      	subs	r2, r2, r0
10008a58:	0552      	lsls	r2, r2, #21
10008a5a:	0adb      	lsrs	r3, r3, #11
10008a5c:	4313      	orrs	r3, r2
10008a5e:	22ff      	movs	r2, #255	@ 0xff
10008a60:	4313      	orrs	r3, r2
10008a62:	65e7      	str	r7, [r4, #92]	@ 0x5c
10008a64:	618b      	str	r3, [r1, #24]
10008a66:	e7af      	b.n	100089c8 <data_state_go_crc+0x64>
10008a68:	00000302 	.word	0x00000302
10008a6c:	0000a127 	.word	0x0000a127

10008a70 <can2040_pio_irq_handler>:
10008a70:	b5f0      	push	{r4, r5, r6, r7, lr}
10008a72:	4645      	mov	r5, r8
10008a74:	46de      	mov	lr, fp
10008a76:	4657      	mov	r7, sl
10008a78:	464e      	mov	r6, r9
10008a7a:	239a      	movs	r3, #154	@ 0x9a
10008a7c:	0004      	movs	r4, r0
10008a7e:	b5e0      	push	{r5, r6, r7, lr}
10008a80:	6845      	ldr	r5, [r0, #4]
10008a82:	005b      	lsls	r3, r3, #1
10008a84:	58eb      	ldr	r3, [r5, r3]
10008a86:	b087      	sub	sp, #28
10008a88:	2202      	movs	r2, #2
10008a8a:	421a      	tst	r2, r3
10008a8c:	d048      	beq.n	10008b20 <can2040_pio_irq_handler+0xb0>
10008a8e:	6a6b      	ldr	r3, [r5, #36]	@ 0x24
10008a90:	6a62      	ldr	r2, [r4, #36]	@ 0x24
10008a92:	059b      	lsls	r3, r3, #22
10008a94:	0d9b      	lsrs	r3, r3, #22
10008a96:	0292      	lsls	r2, r2, #10
10008a98:	431a      	orrs	r2, r3
10008a9a:	230a      	movs	r3, #10
10008a9c:	62a3      	str	r3, [r4, #40]	@ 0x28
10008a9e:	6b63      	ldr	r3, [r4, #52]	@ 0x34
10008aa0:	0851      	lsrs	r1, r2, #1
10008aa2:	4051      	eors	r1, r2
10008aa4:	330a      	adds	r3, #10
10008aa6:	6363      	str	r3, [r4, #52]	@ 0x34
10008aa8:	084b      	lsrs	r3, r1, #1
10008aaa:	430b      	orrs	r3, r1
10008aac:	0898      	lsrs	r0, r3, #2
10008aae:	4318      	orrs	r0, r3
10008ab0:	43c3      	mvns	r3, r0
10008ab2:	9301      	str	r3, [sp, #4]
10008ab4:	230a      	movs	r3, #10
10008ab6:	4698      	mov	r8, r3
10008ab8:	6b21      	ldr	r1, [r4, #48]	@ 0x30
10008aba:	6262      	str	r2, [r4, #36]	@ 0x24
10008abc:	46c4      	mov	ip, r8
10008abe:	4588      	cmp	r8, r1
10008ac0:	d82c      	bhi.n	10008b1c <can2040_pio_irq_handler+0xac>
10008ac2:	4666      	mov	r6, ip
10008ac4:	2301      	movs	r3, #1
10008ac6:	4667      	mov	r7, ip
10008ac8:	40b3      	lsls	r3, r6
10008aca:	4646      	mov	r6, r8
10008acc:	1bf7      	subs	r7, r6, r7
10008ace:	1c7e      	adds	r6, r7, #1
10008ad0:	46b1      	mov	r9, r6
10008ad2:	3b01      	subs	r3, #1
10008ad4:	4648      	mov	r0, r9
10008ad6:	001e      	movs	r6, r3
10008ad8:	4086      	lsls	r6, r0
10008ada:	0030      	movs	r0, r6
10008adc:	9e01      	ldr	r6, [sp, #4]
10008ade:	4206      	tst	r6, r0
10008ae0:	d14c      	bne.n	10008b7c <can2040_pio_irq_handler+0x10c>
10008ae2:	6ae0      	ldr	r0, [r4, #44]	@ 0x2c
10008ae4:	4680      	mov	r8, r0
10008ae6:	0016      	movs	r6, r2
10008ae8:	4660      	mov	r0, ip
10008aea:	40fe      	lsrs	r6, r7
10008aec:	1a09      	subs	r1, r1, r0
10008aee:	4033      	ands	r3, r6
10008af0:	408b      	lsls	r3, r1
10008af2:	4640      	mov	r0, r8
10008af4:	4303      	orrs	r3, r0
10008af6:	6321      	str	r1, [r4, #48]	@ 0x30
10008af8:	62a7      	str	r7, [r4, #40]	@ 0x28
10008afa:	62e3      	str	r3, [r4, #44]	@ 0x2c
10008afc:	2900      	cmp	r1, #0
10008afe:	d035      	beq.n	10008b6c <can2040_pio_irq_handler+0xfc>
10008b00:	2f00      	cmp	r7, #0
10008b02:	d169      	bne.n	10008bd8 <can2040_pio_irq_handler+0x168>
10008b04:	239a      	movs	r3, #154	@ 0x9a
10008b06:	005b      	lsls	r3, r3, #1
10008b08:	58eb      	ldr	r3, [r5, r3]
10008b0a:	2b00      	cmp	r3, #0
10008b0c:	d1bc      	bne.n	10008a88 <can2040_pio_irq_handler+0x18>
10008b0e:	b007      	add	sp, #28
10008b10:	bcf0      	pop	{r4, r5, r6, r7}
10008b12:	46bb      	mov	fp, r7
10008b14:	46b2      	mov	sl, r6
10008b16:	46a9      	mov	r9, r5
10008b18:	46a0      	mov	r8, r4
10008b1a:	bdf0      	pop	{r4, r5, r6, r7, pc}
10008b1c:	468c      	mov	ip, r1
10008b1e:	e7d0      	b.n	10008ac2 <can2040_pio_irq_handler+0x52>
10008b20:	051a      	lsls	r2, r3, #20
10008b22:	d500      	bpl.n	10008b26 <can2040_pio_irq_handler+0xb6>
10008b24:	e22b      	b.n	10008f7e <can2040_pio_irq_handler+0x50e>
10008b26:	055a      	lsls	r2, r3, #21
10008b28:	d458      	bmi.n	10008bdc <can2040_pio_irq_handler+0x16c>
10008b2a:	2280      	movs	r2, #128	@ 0x80
10008b2c:	0019      	movs	r1, r3
10008b2e:	0052      	lsls	r2, r2, #1
10008b30:	4011      	ands	r1, r2
10008b32:	4213      	tst	r3, r2
10008b34:	d000      	beq.n	10008b38 <can2040_pio_irq_handler+0xc8>
10008b36:	e239      	b.n	10008fac <can2040_pio_irq_handler+0x53c>
10008b38:	059b      	lsls	r3, r3, #22
10008b3a:	d5e8      	bpl.n	10008b0e <can2040_pio_irq_handler+0x9e>
10008b3c:	2296      	movs	r2, #150	@ 0x96
10008b3e:	6863      	ldr	r3, [r4, #4]
10008b40:	0052      	lsls	r2, r2, #1
10008b42:	589d      	ldr	r5, [r3, r2]
10008b44:	48e1      	ldr	r0, [pc, #900]	@ (10008ecc <can2040_pio_irq_handler+0x45c>)
10008b46:	4285      	cmp	r5, r0
10008b48:	d103      	bne.n	10008b52 <can2040_pio_irq_handler+0xe2>
10008b4a:	6da0      	ldr	r0, [r4, #88]	@ 0x58
10008b4c:	2801      	cmp	r0, #1
10008b4e:	d100      	bne.n	10008b52 <can2040_pio_irq_handler+0xe2>
10008b50:	e3da      	b.n	10009308 <can2040_pio_irq_handler+0x898>
10008b52:	0020      	movs	r0, r4
10008b54:	f7ff fe98 	bl	10008888 <tx_schedule_transmit>
10008b58:	4bdd      	ldr	r3, [pc, #884]	@ (10008ed0 <can2040_pio_irq_handler+0x460>)
10008b5a:	6862      	ldr	r2, [r4, #4]
10008b5c:	401d      	ands	r5, r3
10008b5e:	2302      	movs	r3, #2
10008b60:	4305      	orrs	r5, r0
10008b62:	431d      	orrs	r5, r3
10008b64:	332b      	adds	r3, #43	@ 0x2b
10008b66:	33ff      	adds	r3, #255	@ 0xff
10008b68:	50d5      	str	r5, [r2, r3]
10008b6a:	e7d0      	b.n	10008b0e <can2040_pio_irq_handler+0x9e>
10008b6c:	6ba0      	ldr	r0, [r4, #56]	@ 0x38
10008b6e:	2809      	cmp	r0, #9
10008b70:	d900      	bls.n	10008b74 <can2040_pio_irq_handler+0x104>
10008b72:	e237      	b.n	10008fe4 <can2040_pio_irq_handler+0x574>
10008b74:	4ed7      	ldr	r6, [pc, #860]	@ (10008ed4 <can2040_pio_irq_handler+0x464>)
10008b76:	0080      	lsls	r0, r0, #2
10008b78:	5830      	ldr	r0, [r6, r0]
10008b7a:	4687      	mov	pc, r0
10008b7c:	2301      	movs	r3, #1
10008b7e:	4699      	mov	r9, r3
10008b80:	2301      	movs	r3, #1
10008b82:	425b      	negs	r3, r3
10008b84:	4443      	add	r3, r8
10008b86:	4640      	mov	r0, r8
10008b88:	469a      	mov	sl, r3
10008b8a:	464b      	mov	r3, r9
10008b8c:	4083      	lsls	r3, r0
10008b8e:	9801      	ldr	r0, [sp, #4]
10008b90:	4218      	tst	r0, r3
10008b92:	d000      	beq.n	10008b96 <can2040_pio_irq_handler+0x126>
10008b94:	e26d      	b.n	10009072 <can2040_pio_irq_handler+0x602>
10008b96:	4650      	mov	r0, sl
10008b98:	0013      	movs	r3, r2
10008b9a:	40c3      	lsrs	r3, r0
10008b9c:	4648      	mov	r0, r9
10008b9e:	3901      	subs	r1, #1
10008ba0:	4003      	ands	r3, r0
10008ba2:	408b      	lsls	r3, r1
10008ba4:	6ae7      	ldr	r7, [r4, #44]	@ 0x2c
10008ba6:	6321      	str	r1, [r4, #48]	@ 0x30
10008ba8:	433b      	orrs	r3, r7
10008baa:	4698      	mov	r8, r3
10008bac:	62e3      	str	r3, [r4, #44]	@ 0x2c
10008bae:	4663      	mov	r3, ip
10008bb0:	085b      	lsrs	r3, r3, #1
10008bb2:	469c      	mov	ip, r3
10008bb4:	464b      	mov	r3, r9
10008bb6:	4660      	mov	r0, ip
10008bb8:	4666      	mov	r6, ip
10008bba:	4083      	lsls	r3, r0
10008bbc:	4650      	mov	r0, sl
10008bbe:	1b87      	subs	r7, r0, r6
10008bc0:	1c78      	adds	r0, r7, #1
10008bc2:	4683      	mov	fp, r0
10008bc4:	3b01      	subs	r3, #1
10008bc6:	465e      	mov	r6, fp
10008bc8:	0018      	movs	r0, r3
10008bca:	40b0      	lsls	r0, r6
10008bcc:	9e01      	ldr	r6, [sp, #4]
10008bce:	4206      	tst	r6, r0
10008bd0:	d100      	bne.n	10008bd4 <can2040_pio_irq_handler+0x164>
10008bd2:	e788      	b.n	10008ae6 <can2040_pio_irq_handler+0x76>
10008bd4:	46d0      	mov	r8, sl
10008bd6:	e7d3      	b.n	10008b80 <can2040_pio_irq_handler+0x110>
10008bd8:	46b8      	mov	r8, r7
10008bda:	e76f      	b.n	10008abc <can2040_pio_irq_handler+0x4c>
10008bdc:	6da3      	ldr	r3, [r4, #88]	@ 0x58
10008bde:	2b00      	cmp	r3, #0
10008be0:	d000      	beq.n	10008be4 <can2040_pio_irq_handler+0x174>
10008be2:	e227      	b.n	10009034 <can2040_pio_irq_handler+0x5c4>
10008be4:	0020      	movs	r0, r4
10008be6:	f7ff fe4f 	bl	10008888 <tx_schedule_transmit>
10008bea:	2302      	movs	r3, #2
10008bec:	6862      	ldr	r2, [r4, #4]
10008bee:	4318      	orrs	r0, r3
10008bf0:	332b      	adds	r3, #43	@ 0x2b
10008bf2:	33ff      	adds	r3, #255	@ 0xff
10008bf4:	50d0      	str	r0, [r2, r3]
10008bf6:	e78a      	b.n	10008b0e <can2040_pio_irq_handler+0x9e>
10008bf8:	2b1f      	cmp	r3, #31
10008bfa:	d100      	bne.n	10008bfe <can2040_pio_irq_handler+0x18e>
10008bfc:	e2ec      	b.n	100091d8 <can2040_pio_irq_handler+0x768>
10008bfe:	2b1b      	cmp	r3, #27
10008c00:	d800      	bhi.n	10008c04 <can2040_pio_irq_handler+0x194>
10008c02:	e31c      	b.n	1000923e <can2040_pio_irq_handler+0x7ce>
10008c04:	6da3      	ldr	r3, [r4, #88]	@ 0x58
10008c06:	6862      	ldr	r2, [r4, #4]
10008c08:	0011      	movs	r1, r2
10008c0a:	2b00      	cmp	r3, #0
10008c0c:	d01a      	beq.n	10008c44 <can2040_pio_irq_handler+0x1d4>
10008c0e:	075b      	lsls	r3, r3, #29
10008c10:	d510      	bpl.n	10008c34 <can2040_pio_irq_handler+0x1c4>
10008c12:	4bb1      	ldr	r3, [pc, #708]	@ (10008ed8 <can2040_pio_irq_handler+0x468>)
10008c14:	6513      	str	r3, [r2, #80]	@ 0x50
10008c16:	6da3      	ldr	r3, [r4, #88]	@ 0x58
10008c18:	2b06      	cmp	r3, #6
10008c1a:	d100      	bne.n	10008c1e <can2040_pio_irq_handler+0x1ae>
10008c1c:	e3af      	b.n	1000937e <can2040_pio_irq_handler+0x90e>
10008c1e:	0022      	movs	r2, r4
10008c20:	2180      	movs	r1, #128	@ 0x80
10008c22:	6963      	ldr	r3, [r4, #20]
10008c24:	3248      	adds	r2, #72	@ 0x48
10008c26:	3301      	adds	r3, #1
10008c28:	6163      	str	r3, [r4, #20]
10008c2a:	0020      	movs	r0, r4
10008c2c:	6923      	ldr	r3, [r4, #16]
10008c2e:	0349      	lsls	r1, r1, #13
10008c30:	4798      	blx	r3
10008c32:	6862      	ldr	r2, [r4, #4]
10008c34:	2300      	movs	r3, #0
10008c36:	0011      	movs	r1, r2
10008c38:	65a3      	str	r3, [r4, #88]	@ 0x58
10008c3a:	48a8      	ldr	r0, [pc, #672]	@ (10008edc <can2040_pio_irq_handler+0x46c>)
10008c3c:	6193      	str	r3, [r2, #24]
10008c3e:	332d      	adds	r3, #45	@ 0x2d
10008c40:	33ff      	adds	r3, #255	@ 0xff
10008c42:	50d0      	str	r0, [r2, r3]
10008c44:	6893      	ldr	r3, [r2, #8]
10008c46:	079b      	lsls	r3, r3, #30
10008c48:	d500      	bpl.n	10008c4c <can2040_pio_irq_handler+0x1dc>
10008c4a:	e1fe      	b.n	1000904a <can2040_pio_irq_handler+0x5da>
10008c4c:	2309      	movs	r3, #9
10008c4e:	2220      	movs	r2, #32
10008c50:	63a3      	str	r3, [r4, #56]	@ 0x38
10008c52:	2300      	movs	r3, #0
10008c54:	6322      	str	r2, [r4, #48]	@ 0x30
10008c56:	6da2      	ldr	r2, [r4, #88]	@ 0x58
10008c58:	62e3      	str	r3, [r4, #44]	@ 0x2c
10008c5a:	2a00      	cmp	r2, #0
10008c5c:	d001      	beq.n	10008c62 <can2040_pio_irq_handler+0x1f2>
10008c5e:	65a3      	str	r3, [r4, #88]	@ 0x58
10008c60:	618b      	str	r3, [r1, #24]
10008c62:	4b9f      	ldr	r3, [pc, #636]	@ (10008ee0 <can2040_pio_irq_handler+0x470>)
10008c64:	4a99      	ldr	r2, [pc, #612]	@ (10008ecc <can2040_pio_irq_handler+0x45c>)
10008c66:	650b      	str	r3, [r1, #80]	@ 0x50
10008c68:	2396      	movs	r3, #150	@ 0x96
10008c6a:	005b      	lsls	r3, r3, #1
10008c6c:	50ca      	str	r2, [r1, r3]
10008c6e:	6aa3      	ldr	r3, [r4, #40]	@ 0x28
10008c70:	6a62      	ldr	r2, [r4, #36]	@ 0x24
10008c72:	4698      	mov	r8, r3
10008c74:	6b21      	ldr	r1, [r4, #48]	@ 0x30
10008c76:	0850      	lsrs	r0, r2, #1
10008c78:	4050      	eors	r0, r2
10008c7a:	0843      	lsrs	r3, r0, #1
10008c7c:	4303      	orrs	r3, r0
10008c7e:	0898      	lsrs	r0, r3, #2
10008c80:	4318      	orrs	r0, r3
10008c82:	43c3      	mvns	r3, r0
10008c84:	9301      	str	r3, [sp, #4]
10008c86:	4643      	mov	r3, r8
10008c88:	2b00      	cmp	r3, #0
10008c8a:	d000      	beq.n	10008c8e <can2040_pio_irq_handler+0x21e>
10008c8c:	e716      	b.n	10008abc <can2040_pio_irq_handler+0x4c>
10008c8e:	e739      	b.n	10008b04 <can2040_pio_irq_handler+0x94>
10008c90:	2101      	movs	r1, #1
10008c92:	6be2      	ldr	r2, [r4, #60]	@ 0x3c
10008c94:	0052      	lsls	r2, r2, #1
10008c96:	430a      	orrs	r2, r1
10008c98:	4293      	cmp	r3, r2
10008c9a:	d000      	beq.n	10008c9e <can2040_pio_irq_handler+0x22e>
10008c9c:	e1af      	b.n	10008ffe <can2040_pio_irq_handler+0x58e>
10008c9e:	6da3      	ldr	r3, [r4, #88]	@ 0x58
10008ca0:	2b02      	cmp	r3, #2
10008ca2:	d105      	bne.n	10008cb0 <can2040_pio_irq_handler+0x240>
10008ca4:	6862      	ldr	r2, [r4, #4]
10008ca6:	498f      	ldr	r1, [pc, #572]	@ (10008ee4 <can2040_pio_irq_handler+0x474>)
10008ca8:	332b      	adds	r3, #43	@ 0x2b
10008caa:	33ff      	adds	r3, #255	@ 0xff
10008cac:	50d1      	str	r1, [r2, r3]
10008cae:	6aa7      	ldr	r7, [r4, #40]	@ 0x28
10008cb0:	2301      	movs	r3, #1
10008cb2:	40bb      	lsls	r3, r7
10008cb4:	6a62      	ldr	r2, [r4, #36]	@ 0x24
10008cb6:	1e59      	subs	r1, r3, #1
10008cb8:	400a      	ands	r2, r1
10008cba:	005b      	lsls	r3, r3, #1
10008cbc:	431a      	orrs	r2, r3
10008cbe:	2306      	movs	r3, #6
10008cc0:	63a3      	str	r3, [r4, #56]	@ 0x38
10008cc2:	2300      	movs	r3, #0
10008cc4:	62e3      	str	r3, [r4, #44]	@ 0x2c
10008cc6:	3302      	adds	r3, #2
10008cc8:	46b8      	mov	r8, r7
10008cca:	2102      	movs	r1, #2
10008ccc:	6262      	str	r2, [r4, #36]	@ 0x24
10008cce:	6323      	str	r3, [r4, #48]	@ 0x30
10008cd0:	e7d1      	b.n	10008c76 <can2040_pio_irq_handler+0x206>
10008cd2:	6ce2      	ldr	r2, [r4, #76]	@ 0x4c
10008cd4:	6be0      	ldr	r0, [r4, #60]	@ 0x3c
10008cd6:	2a07      	cmp	r2, #7
10008cd8:	d900      	bls.n	10008cdc <can2040_pio_irq_handler+0x26c>
10008cda:	e246      	b.n	1000916a <can2040_pio_irq_handler+0x6fa>
10008cdc:	1f17      	subs	r7, r2, #4
10008cde:	2a06      	cmp	r2, #6
10008ce0:	d100      	bne.n	10008ce4 <can2040_pio_irq_handler+0x274>
10008ce2:	e30b      	b.n	100092fc <can2040_pio_irq_handler+0x88c>
10008ce4:	2f03      	cmp	r7, #3
10008ce6:	d100      	bne.n	10008cea <can2040_pio_irq_handler+0x27a>
10008ce8:	e30b      	b.n	10009302 <can2040_pio_irq_handler+0x892>
10008cea:	2f01      	cmp	r7, #1
10008cec:	d000      	beq.n	10008cf0 <can2040_pio_irq_handler+0x280>
10008cee:	e23d      	b.n	1000916c <can2040_pio_irq_handler+0x6fc>
10008cf0:	4a7d      	ldr	r2, [pc, #500]	@ (10008ee8 <can2040_pio_irq_handler+0x478>)
10008cf2:	0619      	lsls	r1, r3, #24
10008cf4:	09c7      	lsrs	r7, r0, #7
10008cf6:	405f      	eors	r7, r3
10008cf8:	23ff      	movs	r3, #255	@ 0xff
10008cfa:	403b      	ands	r3, r7
10008cfc:	005b      	lsls	r3, r3, #1
10008cfe:	5ad3      	ldrh	r3, [r2, r3]
10008d00:	0200      	lsls	r0, r0, #8
10008d02:	4043      	eors	r3, r0
10008d04:	ba09      	rev	r1, r1
10008d06:	63e3      	str	r3, [r4, #60]	@ 0x3c
10008d08:	6561      	str	r1, [r4, #84]	@ 0x54
10008d0a:	0020      	movs	r0, r4
10008d0c:	f7ff fe2a 	bl	10008964 <data_state_go_crc>
10008d10:	6aa3      	ldr	r3, [r4, #40]	@ 0x28
10008d12:	6a62      	ldr	r2, [r4, #36]	@ 0x24
10008d14:	4698      	mov	r8, r3
10008d16:	6b21      	ldr	r1, [r4, #48]	@ 0x30
10008d18:	e7ad      	b.n	10008c76 <can2040_pio_irq_handler+0x206>
10008d1a:	6ce2      	ldr	r2, [r4, #76]	@ 0x4c
10008d1c:	4690      	mov	r8, r2
10008d1e:	6be2      	ldr	r2, [r4, #60]	@ 0x3c
10008d20:	4694      	mov	ip, r2
10008d22:	4642      	mov	r2, r8
10008d24:	2a03      	cmp	r2, #3
10008d26:	d900      	bls.n	10008d2a <can2040_pio_irq_handler+0x2ba>
10008d28:	e1d6      	b.n	100090d8 <can2040_pio_irq_handler+0x668>
10008d2a:	2a02      	cmp	r2, #2
10008d2c:	d100      	bne.n	10008d30 <can2040_pio_irq_handler+0x2c0>
10008d2e:	e2df      	b.n	100092f0 <can2040_pio_irq_handler+0x880>
10008d30:	2a03      	cmp	r2, #3
10008d32:	d100      	bne.n	10008d36 <can2040_pio_irq_handler+0x2c6>
10008d34:	e2df      	b.n	100092f6 <can2040_pio_irq_handler+0x886>
10008d36:	2a01      	cmp	r2, #1
10008d38:	d000      	beq.n	10008d3c <can2040_pio_irq_handler+0x2cc>
10008d3a:	e1ce      	b.n	100090da <can2040_pio_irq_handler+0x66a>
10008d3c:	4661      	mov	r1, ip
10008d3e:	09c8      	lsrs	r0, r1, #7
10008d40:	21ff      	movs	r1, #255	@ 0xff
10008d42:	4058      	eors	r0, r3
10008d44:	4a68      	ldr	r2, [pc, #416]	@ (10008ee8 <can2040_pio_irq_handler+0x478>)
10008d46:	4001      	ands	r1, r0
10008d48:	0049      	lsls	r1, r1, #1
10008d4a:	5a52      	ldrh	r2, [r2, r1]
10008d4c:	4661      	mov	r1, ip
10008d4e:	061b      	lsls	r3, r3, #24
10008d50:	0209      	lsls	r1, r1, #8
10008d52:	404a      	eors	r2, r1
10008d54:	ba1b      	rev	r3, r3
10008d56:	63e2      	str	r2, [r4, #60]	@ 0x3c
10008d58:	6523      	str	r3, [r4, #80]	@ 0x50
10008d5a:	e7d6      	b.n	10008d0a <can2040_pio_irq_handler+0x29a>
10008d5c:	6ca0      	ldr	r0, [r4, #72]	@ 0x48
10008d5e:	4a62      	ldr	r2, [pc, #392]	@ (10008ee8 <can2040_pio_irq_handler+0x478>)
10008d60:	0b01      	lsrs	r1, r0, #12
10008d62:	468c      	mov	ip, r1
10008d64:	21ff      	movs	r1, #255	@ 0xff
10008d66:	4666      	mov	r6, ip
10008d68:	400e      	ands	r6, r1
10008d6a:	0076      	lsls	r6, r6, #1
10008d6c:	5b96      	ldrh	r6, [r2, r6]
10008d6e:	468b      	mov	fp, r1
10008d70:	46b0      	mov	r8, r6
10008d72:	0906      	lsrs	r6, r0, #4
10008d74:	46b4      	mov	ip, r6
10008d76:	4646      	mov	r6, r8
10008d78:	09f6      	lsrs	r6, r6, #7
10008d7a:	46b1      	mov	r9, r6
10008d7c:	4666      	mov	r6, ip
10008d7e:	4649      	mov	r1, r9
10008d80:	404e      	eors	r6, r1
10008d82:	4659      	mov	r1, fp
10008d84:	400e      	ands	r6, r1
10008d86:	0071      	lsls	r1, r6, #1
10008d88:	5a51      	ldrh	r1, [r2, r1]
10008d8a:	468a      	mov	sl, r1
10008d8c:	4641      	mov	r1, r8
10008d8e:	4656      	mov	r6, sl
10008d90:	0209      	lsls	r1, r1, #8
10008d92:	404e      	eors	r6, r1
10008d94:	0501      	lsls	r1, r0, #20
10008d96:	468c      	mov	ip, r1
10008d98:	21f0      	movs	r1, #240	@ 0xf0
10008d9a:	46b2      	mov	sl, r6
10008d9c:	4666      	mov	r6, ip
10008d9e:	0409      	lsls	r1, r1, #16
10008da0:	400e      	ands	r6, r1
10008da2:	431e      	orrs	r6, r3
10008da4:	0c31      	lsrs	r1, r6, #16
10008da6:	4688      	mov	r8, r1
10008da8:	4651      	mov	r1, sl
10008daa:	46b4      	mov	ip, r6
10008dac:	4646      	mov	r6, r8
10008dae:	09c9      	lsrs	r1, r1, #7
10008db0:	404e      	eors	r6, r1
10008db2:	4659      	mov	r1, fp
10008db4:	400e      	ands	r6, r1
10008db6:	0071      	lsls	r1, r6, #1
10008db8:	5a51      	ldrh	r1, [r2, r1]
10008dba:	4689      	mov	r9, r1
10008dbc:	4651      	mov	r1, sl
10008dbe:	464e      	mov	r6, r9
10008dc0:	0209      	lsls	r1, r1, #8
10008dc2:	404e      	eors	r6, r1
10008dc4:	4661      	mov	r1, ip
10008dc6:	0a09      	lsrs	r1, r1, #8
10008dc8:	4688      	mov	r8, r1
10008dca:	46b1      	mov	r9, r6
10008dcc:	09f1      	lsrs	r1, r6, #7
10008dce:	4646      	mov	r6, r8
10008dd0:	404e      	eors	r6, r1
10008dd2:	4659      	mov	r1, fp
10008dd4:	400e      	ands	r6, r1
10008dd6:	0071      	lsls	r1, r6, #1
10008dd8:	5a51      	ldrh	r1, [r2, r1]
10008dda:	4688      	mov	r8, r1
10008ddc:	4649      	mov	r1, r9
10008dde:	4646      	mov	r6, r8
10008de0:	0209      	lsls	r1, r1, #8
10008de2:	404e      	eors	r6, r1
10008de4:	09f1      	lsrs	r1, r6, #7
10008de6:	46b0      	mov	r8, r6
10008de8:	4666      	mov	r6, ip
10008dea:	404e      	eors	r6, r1
10008dec:	0031      	movs	r1, r6
10008dee:	465e      	mov	r6, fp
10008df0:	400e      	ands	r6, r1
10008df2:	0071      	lsls	r1, r6, #1
10008df4:	5a51      	ldrh	r1, [r2, r1]
10008df6:	4642      	mov	r2, r8
10008df8:	0212      	lsls	r2, r2, #8
10008dfa:	404a      	eors	r2, r1
10008dfc:	493b      	ldr	r1, [pc, #236]	@ (10008eec <can2040_pio_irq_handler+0x47c>)
10008dfe:	63e2      	str	r2, [r4, #60]	@ 0x3c
10008e00:	02c2      	lsls	r2, r0, #11
10008e02:	4011      	ands	r1, r2
10008e04:	0342      	lsls	r2, r0, #13
10008e06:	20f8      	movs	r0, #248	@ 0xf8
10008e08:	0280      	lsls	r0, r0, #10
10008e0a:	4002      	ands	r2, r0
10008e0c:	430a      	orrs	r2, r1
10008e0e:	09d9      	lsrs	r1, r3, #7
10008e10:	430a      	orrs	r2, r1
10008e12:	2130      	movs	r1, #48	@ 0x30
10008e14:	0008      	movs	r0, r1
10008e16:	4018      	ands	r0, r3
10008e18:	4219      	tst	r1, r3
10008e1a:	d000      	beq.n	10008e1e <can2040_pio_irq_handler+0x3ae>
10008e1c:	e0f2      	b.n	10009004 <can2040_pio_irq_handler+0x594>
10008e1e:	6560      	str	r0, [r4, #84]	@ 0x54
10008e20:	6520      	str	r0, [r4, #80]	@ 0x50
10008e22:	200f      	movs	r0, #15
10008e24:	4018      	ands	r0, r3
10008e26:	64e0      	str	r0, [r4, #76]	@ 0x4c
10008e28:	0659      	lsls	r1, r3, #25
10008e2a:	d400      	bmi.n	10008e2e <can2040_pio_irq_handler+0x3be>
10008e2c:	e1bb      	b.n	100091a6 <can2040_pio_irq_handler+0x736>
10008e2e:	23c0      	movs	r3, #192	@ 0xc0
10008e30:	061b      	lsls	r3, r3, #24
10008e32:	4313      	orrs	r3, r2
10008e34:	64a3      	str	r3, [r4, #72]	@ 0x48
10008e36:	e768      	b.n	10008d0a <can2040_pio_irq_handler+0x29a>
10008e38:	6ca2      	ldr	r2, [r4, #72]	@ 0x48
10008e3a:	0452      	lsls	r2, r2, #17
10008e3c:	4313      	orrs	r3, r2
10008e3e:	2260      	movs	r2, #96	@ 0x60
10008e40:	401a      	ands	r2, r3
10008e42:	2a60      	cmp	r2, #96	@ 0x60
10008e44:	d100      	bne.n	10008e48 <can2040_pio_irq_handler+0x3d8>
10008e46:	e1bc      	b.n	100091c2 <can2040_pio_irq_handler+0x752>
10008e48:	20ff      	movs	r0, #255	@ 0xff
10008e4a:	0c19      	lsrs	r1, r3, #16
10008e4c:	4a26      	ldr	r2, [pc, #152]	@ (10008ee8 <can2040_pio_irq_handler+0x478>)
10008e4e:	4001      	ands	r1, r0
10008e50:	0049      	lsls	r1, r1, #1
10008e52:	5a51      	ldrh	r1, [r2, r1]
10008e54:	468c      	mov	ip, r1
10008e56:	4666      	mov	r6, ip
10008e58:	0a19      	lsrs	r1, r3, #8
10008e5a:	09f6      	lsrs	r6, r6, #7
10008e5c:	4071      	eors	r1, r6
10008e5e:	4666      	mov	r6, ip
10008e60:	4001      	ands	r1, r0
10008e62:	0049      	lsls	r1, r1, #1
10008e64:	5a51      	ldrh	r1, [r2, r1]
10008e66:	0236      	lsls	r6, r6, #8
10008e68:	4071      	eors	r1, r6
10008e6a:	09ce      	lsrs	r6, r1, #7
10008e6c:	405e      	eors	r6, r3
10008e6e:	4030      	ands	r0, r6
10008e70:	0040      	lsls	r0, r0, #1
10008e72:	5a12      	ldrh	r2, [r2, r0]
10008e74:	0209      	lsls	r1, r1, #8
10008e76:	404a      	eors	r2, r1
10008e78:	63e2      	str	r2, [r4, #60]	@ 0x3c
10008e7a:	2230      	movs	r2, #48	@ 0x30
10008e7c:	0010      	movs	r0, r2
10008e7e:	0399      	lsls	r1, r3, #14
10008e80:	0d49      	lsrs	r1, r1, #21
10008e82:	4018      	ands	r0, r3
10008e84:	421a      	tst	r2, r3
10008e86:	d000      	beq.n	10008e8a <can2040_pio_irq_handler+0x41a>
10008e88:	e1e1      	b.n	1000924e <can2040_pio_irq_handler+0x7de>
10008e8a:	220f      	movs	r2, #15
10008e8c:	401a      	ands	r2, r3
10008e8e:	6560      	str	r0, [r4, #84]	@ 0x54
10008e90:	6520      	str	r0, [r4, #80]	@ 0x50
10008e92:	64e2      	str	r2, [r4, #76]	@ 0x4c
10008e94:	0658      	lsls	r0, r3, #25
10008e96:	d400      	bmi.n	10008e9a <can2040_pio_irq_handler+0x42a>
10008e98:	e205      	b.n	100092a6 <can2040_pio_irq_handler+0x836>
10008e9a:	2380      	movs	r3, #128	@ 0x80
10008e9c:	05db      	lsls	r3, r3, #23
10008e9e:	430b      	orrs	r3, r1
10008ea0:	64a3      	str	r3, [r4, #72]	@ 0x48
10008ea2:	e732      	b.n	10008d0a <can2040_pio_irq_handler+0x29a>
10008ea4:	64a3      	str	r3, [r4, #72]	@ 0x48
10008ea6:	2181      	movs	r1, #129	@ 0x81
10008ea8:	2396      	movs	r3, #150	@ 0x96
10008eaa:	6862      	ldr	r2, [r4, #4]
10008eac:	005b      	lsls	r3, r3, #1
10008eae:	0049      	lsls	r1, r1, #1
10008eb0:	50d1      	str	r1, [r2, r3]
10008eb2:	3b2c      	subs	r3, #44	@ 0x2c
10008eb4:	3bff      	subs	r3, #255	@ 0xff
10008eb6:	63a3      	str	r3, [r4, #56]	@ 0x38
10008eb8:	2300      	movs	r3, #0
10008eba:	62e3      	str	r3, [r4, #44]	@ 0x2c
10008ebc:	3311      	adds	r3, #17
10008ebe:	6323      	str	r3, [r4, #48]	@ 0x30
10008ec0:	6aa3      	ldr	r3, [r4, #40]	@ 0x28
10008ec2:	6a62      	ldr	r2, [r4, #36]	@ 0x24
10008ec4:	4698      	mov	r8, r3
10008ec6:	39f1      	subs	r1, #241	@ 0xf1
10008ec8:	e6d5      	b.n	10008c76 <can2040_pio_irq_handler+0x206>
10008eca:	46c0      	nop			@ (mov r8, r8)
10008ecc:	00000302 	.word	0x00000302
10008ed0:	fffffdff 	.word	0xfffffdff
10008ed4:	1000a0f0 	.word	0x1000a0f0
10008ed8:	0000e12a 	.word	0x0000e12a
10008edc:	00000202 	.word	0x00000202
10008ee0:	0000a127 	.word	0x0000a127
10008ee4:	00000502 	.word	0x00000502
10008ee8:	1000a118 	.word	0x1000a118
10008eec:	1ffc0000 	.word	0x1ffc0000
10008ef0:	6861      	ldr	r1, [r4, #4]
10008ef2:	2b0f      	cmp	r3, #15
10008ef4:	d000      	beq.n	10008ef8 <can2040_pio_irq_handler+0x488>
10008ef6:	e0a1      	b.n	1000903c <can2040_pio_irq_handler+0x5cc>
10008ef8:	2002      	movs	r0, #2
10008efa:	0006      	movs	r6, r0
10008efc:	688b      	ldr	r3, [r1, #8]
10008efe:	401e      	ands	r6, r3
10008f00:	4218      	tst	r0, r3
10008f02:	d000      	beq.n	10008f06 <can2040_pio_irq_handler+0x496>
10008f04:	e09a      	b.n	1000903c <can2040_pio_irq_handler+0x5cc>
10008f06:	2301      	movs	r3, #1
10008f08:	40bb      	lsls	r3, r7
10008f0a:	1e59      	subs	r1, r3, #1
10008f0c:	400a      	ands	r2, r1
10008f0e:	005b      	lsls	r3, r3, #1
10008f10:	431a      	orrs	r2, r3
10008f12:	2308      	movs	r3, #8
10008f14:	63a3      	str	r3, [r4, #56]	@ 0x38
10008f16:	2305      	movs	r3, #5
10008f18:	46b8      	mov	r8, r7
10008f1a:	2105      	movs	r1, #5
10008f1c:	6262      	str	r2, [r4, #36]	@ 0x24
10008f1e:	62e6      	str	r6, [r4, #44]	@ 0x2c
10008f20:	6323      	str	r3, [r4, #48]	@ 0x30
10008f22:	e6a8      	b.n	10008c76 <can2040_pio_irq_handler+0x206>
10008f24:	2b01      	cmp	r3, #1
10008f26:	d160      	bne.n	10008fea <can2040_pio_irq_handler+0x57a>
10008f28:	6da3      	ldr	r3, [r4, #88]	@ 0x58
10008f2a:	2b00      	cmp	r3, #0
10008f2c:	d002      	beq.n	10008f34 <can2040_pio_irq_handler+0x4c4>
10008f2e:	2204      	movs	r2, #4
10008f30:	4313      	orrs	r3, r2
10008f32:	65a3      	str	r3, [r4, #88]	@ 0x58
10008f34:	2307      	movs	r3, #7
10008f36:	63a3      	str	r3, [r4, #56]	@ 0x38
10008f38:	2300      	movs	r3, #0
10008f3a:	62e3      	str	r3, [r4, #44]	@ 0x2c
10008f3c:	3304      	adds	r3, #4
10008f3e:	46b8      	mov	r8, r7
10008f40:	2104      	movs	r1, #4
10008f42:	6a62      	ldr	r2, [r4, #36]	@ 0x24
10008f44:	6323      	str	r3, [r4, #48]	@ 0x30
10008f46:	e696      	b.n	10008c76 <can2040_pio_irq_handler+0x206>
10008f48:	6863      	ldr	r3, [r4, #4]
10008f4a:	689a      	ldr	r2, [r3, #8]
10008f4c:	0792      	lsls	r2, r2, #30
10008f4e:	d500      	bpl.n	10008f52 <can2040_pio_irq_handler+0x4e2>
10008f50:	e16b      	b.n	1000922a <can2040_pio_irq_handler+0x7ba>
10008f52:	2209      	movs	r2, #9
10008f54:	2120      	movs	r1, #32
10008f56:	63a2      	str	r2, [r4, #56]	@ 0x38
10008f58:	2200      	movs	r2, #0
10008f5a:	6321      	str	r1, [r4, #48]	@ 0x30
10008f5c:	6da1      	ldr	r1, [r4, #88]	@ 0x58
10008f5e:	62e2      	str	r2, [r4, #44]	@ 0x2c
10008f60:	2900      	cmp	r1, #0
10008f62:	d001      	beq.n	10008f68 <can2040_pio_irq_handler+0x4f8>
10008f64:	65a2      	str	r2, [r4, #88]	@ 0x58
10008f66:	619a      	str	r2, [r3, #24]
10008f68:	4adb      	ldr	r2, [pc, #876]	@ (100092d8 <can2040_pio_irq_handler+0x868>)
10008f6a:	651a      	str	r2, [r3, #80]	@ 0x50
10008f6c:	2296      	movs	r2, #150	@ 0x96
10008f6e:	0052      	lsls	r2, r2, #1
10008f70:	49da      	ldr	r1, [pc, #872]	@ (100092dc <can2040_pio_irq_handler+0x86c>)
10008f72:	5099      	str	r1, [r3, r2]
10008f74:	6aa3      	ldr	r3, [r4, #40]	@ 0x28
10008f76:	6a62      	ldr	r2, [r4, #36]	@ 0x24
10008f78:	4698      	mov	r8, r3
10008f7a:	6b21      	ldr	r1, [r4, #48]	@ 0x30
10008f7c:	e67b      	b.n	10008c76 <can2040_pio_irq_handler+0x206>
10008f7e:	2208      	movs	r2, #8
10008f80:	6c61      	ldr	r1, [r4, #68]	@ 0x44
10008f82:	6c23      	ldr	r3, [r4, #64]	@ 0x40
10008f84:	4252      	negs	r2, r2
10008f86:	1a52      	subs	r2, r2, r1
10008f88:	04db      	lsls	r3, r3, #19
10008f8a:	0552      	lsls	r2, r2, #21
10008f8c:	0adb      	lsrs	r3, r3, #11
10008f8e:	4313      	orrs	r3, r2
10008f90:	227f      	movs	r2, #127	@ 0x7f
10008f92:	4313      	orrs	r3, r2
10008f94:	6862      	ldr	r2, [r4, #4]
10008f96:	0020      	movs	r0, r4
10008f98:	6193      	str	r3, [r2, #24]
10008f9a:	f7ff fc75 	bl	10008888 <tx_schedule_transmit>
10008f9e:	2296      	movs	r2, #150	@ 0x96
10008fa0:	4bcf      	ldr	r3, [pc, #828]	@ (100092e0 <can2040_pio_irq_handler+0x870>)
10008fa2:	6861      	ldr	r1, [r4, #4]
10008fa4:	4303      	orrs	r3, r0
10008fa6:	0052      	lsls	r2, r2, #1
10008fa8:	508b      	str	r3, [r1, r2]
10008faa:	e5b0      	b.n	10008b0e <can2040_pio_irq_handler+0x9e>
10008fac:	6da3      	ldr	r3, [r4, #88]	@ 0x58
10008fae:	2b00      	cmp	r3, #0
10008fb0:	d100      	bne.n	10008fb4 <can2040_pio_irq_handler+0x544>
10008fb2:	e617      	b.n	10008be4 <can2040_pio_irq_handler+0x174>
10008fb4:	075b      	lsls	r3, r3, #29
10008fb6:	d510      	bpl.n	10008fda <can2040_pio_irq_handler+0x56a>
10008fb8:	6863      	ldr	r3, [r4, #4]
10008fba:	4aca      	ldr	r2, [pc, #808]	@ (100092e4 <can2040_pio_irq_handler+0x874>)
10008fbc:	651a      	str	r2, [r3, #80]	@ 0x50
10008fbe:	6da3      	ldr	r3, [r4, #88]	@ 0x58
10008fc0:	2b06      	cmp	r3, #6
10008fc2:	d100      	bne.n	10008fc6 <can2040_pio_irq_handler+0x556>
10008fc4:	e17a      	b.n	100092bc <can2040_pio_irq_handler+0x84c>
10008fc6:	0022      	movs	r2, r4
10008fc8:	2180      	movs	r1, #128	@ 0x80
10008fca:	6963      	ldr	r3, [r4, #20]
10008fcc:	0020      	movs	r0, r4
10008fce:	3301      	adds	r3, #1
10008fd0:	6163      	str	r3, [r4, #20]
10008fd2:	3248      	adds	r2, #72	@ 0x48
10008fd4:	6923      	ldr	r3, [r4, #16]
10008fd6:	0349      	lsls	r1, r1, #13
10008fd8:	4798      	blx	r3
10008fda:	2300      	movs	r3, #0
10008fdc:	6862      	ldr	r2, [r4, #4]
10008fde:	65a3      	str	r3, [r4, #88]	@ 0x58
10008fe0:	6193      	str	r3, [r2, #24]
10008fe2:	e5ff      	b.n	10008be4 <can2040_pio_irq_handler+0x174>
10008fe4:	46b8      	mov	r8, r7
10008fe6:	6a62      	ldr	r2, [r4, #36]	@ 0x24
10008fe8:	e645      	b.n	10008c76 <can2040_pio_irq_handler+0x206>
10008fea:	6c21      	ldr	r1, [r4, #64]	@ 0x40
10008fec:	0089      	lsls	r1, r1, #2
10008fee:	430b      	orrs	r3, r1
10008ff0:	2101      	movs	r1, #1
10008ff2:	40b9      	lsls	r1, r7
10008ff4:	40bb      	lsls	r3, r7
10008ff6:	3901      	subs	r1, #1
10008ff8:	400a      	ands	r2, r1
10008ffa:	4313      	orrs	r3, r2
10008ffc:	6263      	str	r3, [r4, #36]	@ 0x24
10008ffe:	6a23      	ldr	r3, [r4, #32]
10009000:	3301      	adds	r3, #1
10009002:	6223      	str	r3, [r4, #32]
10009004:	6863      	ldr	r3, [r4, #4]
10009006:	2700      	movs	r7, #0
10009008:	689a      	ldr	r2, [r3, #8]
1000900a:	0792      	lsls	r2, r2, #30
1000900c:	d5a1      	bpl.n	10008f52 <can2040_pio_irq_handler+0x4e2>
1000900e:	0020      	movs	r0, r4
10009010:	62a7      	str	r7, [r4, #40]	@ 0x28
10009012:	6267      	str	r7, [r4, #36]	@ 0x24
10009014:	6367      	str	r7, [r4, #52]	@ 0x34
10009016:	f7ff fb45 	bl	100086a4 <pio_sm_setup>
1000901a:	2210      	movs	r2, #16
1000901c:	0039      	movs	r1, r7
1000901e:	a802      	add	r0, sp, #8
10009020:	f7f9 f836 	bl	10002090 <__wrap_memset>
10009024:	2180      	movs	r1, #128	@ 0x80
10009026:	6923      	ldr	r3, [r4, #16]
10009028:	0020      	movs	r0, r4
1000902a:	aa02      	add	r2, sp, #8
1000902c:	0409      	lsls	r1, r1, #16
1000902e:	4798      	blx	r3
10009030:	6863      	ldr	r3, [r4, #4]
10009032:	e78e      	b.n	10008f52 <can2040_pio_irq_handler+0x4e2>
10009034:	2204      	movs	r2, #4
10009036:	4313      	orrs	r3, r2
10009038:	65a3      	str	r3, [r4, #88]	@ 0x58
1000903a:	e7bd      	b.n	10008fb8 <can2040_pio_irq_handler+0x548>
1000903c:	6a23      	ldr	r3, [r4, #32]
1000903e:	3301      	adds	r3, #1
10009040:	6223      	str	r3, [r4, #32]
10009042:	688b      	ldr	r3, [r1, #8]
10009044:	079b      	lsls	r3, r3, #30
10009046:	d400      	bmi.n	1000904a <can2040_pio_irq_handler+0x5da>
10009048:	e600      	b.n	10008c4c <can2040_pio_irq_handler+0x1dc>
1000904a:	2300      	movs	r3, #0
1000904c:	0020      	movs	r0, r4
1000904e:	62a3      	str	r3, [r4, #40]	@ 0x28
10009050:	6263      	str	r3, [r4, #36]	@ 0x24
10009052:	6363      	str	r3, [r4, #52]	@ 0x34
10009054:	f7ff fb26 	bl	100086a4 <pio_sm_setup>
10009058:	2210      	movs	r2, #16
1000905a:	2100      	movs	r1, #0
1000905c:	a802      	add	r0, sp, #8
1000905e:	f7f9 f817 	bl	10002090 <__wrap_memset>
10009062:	2180      	movs	r1, #128	@ 0x80
10009064:	0020      	movs	r0, r4
10009066:	0409      	lsls	r1, r1, #16
10009068:	6923      	ldr	r3, [r4, #16]
1000906a:	aa02      	add	r2, sp, #8
1000906c:	4798      	blx	r3
1000906e:	6861      	ldr	r1, [r4, #4]
10009070:	e5ec      	b.n	10008c4c <can2040_pio_irq_handler+0x1dc>
10009072:	4653      	mov	r3, sl
10009074:	4650      	mov	r0, sl
10009076:	62a3      	str	r3, [r4, #40]	@ 0x28
10009078:	464b      	mov	r3, r9
1000907a:	4083      	lsls	r3, r0
1000907c:	9801      	ldr	r0, [sp, #4]
1000907e:	4657      	mov	r7, sl
10009080:	4203      	tst	r3, r0
10009082:	d100      	bne.n	10009086 <can2040_pio_irq_handler+0x616>
10009084:	e53c      	b.n	10008b00 <can2040_pio_irq_handler+0x90>
10009086:	0017      	movs	r7, r2
10009088:	6ba1      	ldr	r1, [r4, #56]	@ 0x38
1000908a:	401f      	ands	r7, r3
1000908c:	421a      	tst	r2, r3
1000908e:	d017      	beq.n	100090c0 <can2040_pio_irq_handler+0x650>
10009090:	2909      	cmp	r1, #9
10009092:	d002      	beq.n	1000909a <can2040_pio_irq_handler+0x62a>
10009094:	2900      	cmp	r1, #0
10009096:	d000      	beq.n	1000909a <can2040_pio_irq_handler+0x62a>
10009098:	e16d      	b.n	10009376 <can2040_pio_irq_handler+0x906>
1000909a:	4653      	mov	r3, sl
1000909c:	40da      	lsrs	r2, r3
1000909e:	43d3      	mvns	r3, r2
100090a0:	3201      	adds	r2, #1
100090a2:	d100      	bne.n	100090a6 <can2040_pio_irq_handler+0x636>
100090a4:	e159      	b.n	1000935a <can2040_pio_irq_handler+0x8ea>
100090a6:	059b      	lsls	r3, r3, #22
100090a8:	0d9a      	lsrs	r2, r3, #22
100090aa:	2b00      	cmp	r3, #0
100090ac:	d000      	beq.n	100090b0 <can2040_pio_irq_handler+0x640>
100090ae:	e0ce      	b.n	1000924e <can2040_pio_irq_handler+0x7de>
100090b0:	3301      	adds	r3, #1
100090b2:	63a2      	str	r2, [r4, #56]	@ 0x38
100090b4:	62e2      	str	r2, [r4, #44]	@ 0x2c
100090b6:	46d0      	mov	r8, sl
100090b8:	2101      	movs	r1, #1
100090ba:	6a62      	ldr	r2, [r4, #36]	@ 0x24
100090bc:	6323      	str	r3, [r4, #48]	@ 0x30
100090be:	e5da      	b.n	10008c76 <can2040_pio_irq_handler+0x206>
100090c0:	2909      	cmp	r1, #9
100090c2:	d100      	bne.n	100090c6 <can2040_pio_irq_handler+0x656>
100090c4:	e0d8      	b.n	10009278 <can2040_pio_irq_handler+0x808>
100090c6:	6a23      	ldr	r3, [r4, #32]
100090c8:	3301      	adds	r3, #1
100090ca:	6223      	str	r3, [r4, #32]
100090cc:	6863      	ldr	r3, [r4, #4]
100090ce:	689a      	ldr	r2, [r3, #8]
100090d0:	0792      	lsls	r2, r2, #30
100090d2:	d400      	bmi.n	100090d6 <can2040_pio_irq_handler+0x666>
100090d4:	e73d      	b.n	10008f52 <can2040_pio_irq_handler+0x4e2>
100090d6:	e79a      	b.n	1000900e <can2040_pio_irq_handler+0x59e>
100090d8:	0019      	movs	r1, r3
100090da:	4666      	mov	r6, ip
100090dc:	0e18      	lsrs	r0, r3, #24
100090de:	09f6      	lsrs	r6, r6, #7
100090e0:	4046      	eors	r6, r0
100090e2:	20ff      	movs	r0, #255	@ 0xff
100090e4:	4a80      	ldr	r2, [pc, #512]	@ (100092e8 <can2040_pio_irq_handler+0x878>)
100090e6:	4030      	ands	r0, r6
100090e8:	0040      	lsls	r0, r0, #1
100090ea:	5a10      	ldrh	r0, [r2, r0]
100090ec:	4681      	mov	r9, r0
100090ee:	4660      	mov	r0, ip
100090f0:	464e      	mov	r6, r9
100090f2:	0200      	lsls	r0, r0, #8
100090f4:	4046      	eors	r6, r0
100090f6:	46b4      	mov	ip, r6
100090f8:	4666      	mov	r6, ip
100090fa:	0c18      	lsrs	r0, r3, #16
100090fc:	09f6      	lsrs	r6, r6, #7
100090fe:	4046      	eors	r6, r0
10009100:	20ff      	movs	r0, #255	@ 0xff
10009102:	4030      	ands	r0, r6
10009104:	0040      	lsls	r0, r0, #1
10009106:	5a10      	ldrh	r0, [r2, r0]
10009108:	4681      	mov	r9, r0
1000910a:	4660      	mov	r0, ip
1000910c:	464e      	mov	r6, r9
1000910e:	0200      	lsls	r0, r0, #8
10009110:	4046      	eors	r6, r0
10009112:	46b4      	mov	ip, r6
10009114:	4666      	mov	r6, ip
10009116:	0a18      	lsrs	r0, r3, #8
10009118:	09f6      	lsrs	r6, r6, #7
1000911a:	4070      	eors	r0, r6
1000911c:	26ff      	movs	r6, #255	@ 0xff
1000911e:	4030      	ands	r0, r6
10009120:	0040      	lsls	r0, r0, #1
10009122:	5a10      	ldrh	r0, [r2, r0]
10009124:	46b1      	mov	r9, r6
10009126:	4682      	mov	sl, r0
10009128:	4660      	mov	r0, ip
1000912a:	4656      	mov	r6, sl
1000912c:	0200      	lsls	r0, r0, #8
1000912e:	4070      	eors	r0, r6
10009130:	09c6      	lsrs	r6, r0, #7
10009132:	4073      	eors	r3, r6
10009134:	464e      	mov	r6, r9
10009136:	4033      	ands	r3, r6
10009138:	005b      	lsls	r3, r3, #1
1000913a:	5ad3      	ldrh	r3, [r2, r3]
1000913c:	0200      	lsls	r0, r0, #8
1000913e:	4043      	eors	r3, r0
10009140:	63e3      	str	r3, [r4, #60]	@ 0x3c
10009142:	4643      	mov	r3, r8
10009144:	ba09      	rev	r1, r1
10009146:	6521      	str	r1, [r4, #80]	@ 0x50
10009148:	2b04      	cmp	r3, #4
1000914a:	d800      	bhi.n	1000914e <can2040_pio_irq_handler+0x6de>
1000914c:	e5dd      	b.n	10008d0a <can2040_pio_irq_handler+0x29a>
1000914e:	2120      	movs	r1, #32
10009150:	2b07      	cmp	r3, #7
10009152:	d802      	bhi.n	1000915a <can2040_pio_irq_handler+0x6ea>
10009154:	4641      	mov	r1, r8
10009156:	3904      	subs	r1, #4
10009158:	00c9      	lsls	r1, r1, #3
1000915a:	2304      	movs	r3, #4
1000915c:	63a3      	str	r3, [r4, #56]	@ 0x38
1000915e:	2300      	movs	r3, #0
10009160:	46b8      	mov	r8, r7
10009162:	6a62      	ldr	r2, [r4, #36]	@ 0x24
10009164:	62e3      	str	r3, [r4, #44]	@ 0x2c
10009166:	6321      	str	r1, [r4, #48]	@ 0x30
10009168:	e585      	b.n	10008c76 <can2040_pio_irq_handler+0x206>
1000916a:	0019      	movs	r1, r3
1000916c:	0e1f      	lsrs	r7, r3, #24
1000916e:	09c6      	lsrs	r6, r0, #7
10009170:	407e      	eors	r6, r7
10009172:	27ff      	movs	r7, #255	@ 0xff
10009174:	4a5c      	ldr	r2, [pc, #368]	@ (100092e8 <can2040_pio_irq_handler+0x878>)
10009176:	4037      	ands	r7, r6
10009178:	007f      	lsls	r7, r7, #1
1000917a:	5bd7      	ldrh	r7, [r2, r7]
1000917c:	0200      	lsls	r0, r0, #8
1000917e:	4078      	eors	r0, r7
10009180:	0c1f      	lsrs	r7, r3, #16
10009182:	09c6      	lsrs	r6, r0, #7
10009184:	407e      	eors	r6, r7
10009186:	27ff      	movs	r7, #255	@ 0xff
10009188:	4037      	ands	r7, r6
1000918a:	007f      	lsls	r7, r7, #1
1000918c:	5bd7      	ldrh	r7, [r2, r7]
1000918e:	0200      	lsls	r0, r0, #8
10009190:	4078      	eors	r0, r7
10009192:	0a1f      	lsrs	r7, r3, #8
10009194:	09c6      	lsrs	r6, r0, #7
10009196:	407e      	eors	r6, r7
10009198:	27ff      	movs	r7, #255	@ 0xff
1000919a:	4037      	ands	r7, r6
1000919c:	007f      	lsls	r7, r7, #1
1000919e:	5bd7      	ldrh	r7, [r2, r7]
100091a0:	0200      	lsls	r0, r0, #8
100091a2:	4078      	eors	r0, r7
100091a4:	e5a6      	b.n	10008cf4 <can2040_pio_irq_handler+0x284>
100091a6:	2180      	movs	r1, #128	@ 0x80
100091a8:	0609      	lsls	r1, r1, #24
100091aa:	430a      	orrs	r2, r1
100091ac:	64a2      	str	r2, [r4, #72]	@ 0x48
100091ae:	2800      	cmp	r0, #0
100091b0:	d100      	bne.n	100091b4 <can2040_pio_irq_handler+0x744>
100091b2:	e5aa      	b.n	10008d0a <can2040_pio_irq_handler+0x29a>
100091b4:	220c      	movs	r2, #12
100091b6:	2120      	movs	r1, #32
100091b8:	421a      	tst	r2, r3
100091ba:	d100      	bne.n	100091be <can2040_pio_irq_handler+0x74e>
100091bc:	00c1      	lsls	r1, r0, #3
100091be:	2303      	movs	r3, #3
100091c0:	e7cc      	b.n	1000915c <can2040_pio_irq_handler+0x6ec>
100091c2:	64a3      	str	r3, [r4, #72]	@ 0x48
100091c4:	2302      	movs	r3, #2
100091c6:	63a3      	str	r3, [r4, #56]	@ 0x38
100091c8:	2300      	movs	r3, #0
100091ca:	62e3      	str	r3, [r4, #44]	@ 0x2c
100091cc:	3314      	adds	r3, #20
100091ce:	46b8      	mov	r8, r7
100091d0:	2114      	movs	r1, #20
100091d2:	6a62      	ldr	r2, [r4, #36]	@ 0x24
100091d4:	6323      	str	r3, [r4, #48]	@ 0x30
100091d6:	e54e      	b.n	10008c76 <can2040_pio_irq_handler+0x206>
100091d8:	6da3      	ldr	r3, [r4, #88]	@ 0x58
100091da:	46b8      	mov	r8, r7
100091dc:	2b00      	cmp	r3, #0
100091de:	d01c      	beq.n	1000921a <can2040_pio_irq_handler+0x7aa>
100091e0:	075b      	lsls	r3, r3, #29
100091e2:	d510      	bpl.n	10009206 <can2040_pio_irq_handler+0x796>
100091e4:	6863      	ldr	r3, [r4, #4]
100091e6:	4a3f      	ldr	r2, [pc, #252]	@ (100092e4 <can2040_pio_irq_handler+0x874>)
100091e8:	651a      	str	r2, [r3, #80]	@ 0x50
100091ea:	6da3      	ldr	r3, [r4, #88]	@ 0x58
100091ec:	2b06      	cmp	r3, #6
100091ee:	d100      	bne.n	100091f2 <can2040_pio_irq_handler+0x782>
100091f0:	e0d4      	b.n	1000939c <can2040_pio_irq_handler+0x92c>
100091f2:	0022      	movs	r2, r4
100091f4:	2180      	movs	r1, #128	@ 0x80
100091f6:	6963      	ldr	r3, [r4, #20]
100091f8:	0020      	movs	r0, r4
100091fa:	3301      	adds	r3, #1
100091fc:	6163      	str	r3, [r4, #20]
100091fe:	3248      	adds	r2, #72	@ 0x48
10009200:	6923      	ldr	r3, [r4, #16]
10009202:	0349      	lsls	r1, r1, #13
10009204:	4798      	blx	r3
10009206:	2200      	movs	r2, #0
10009208:	6863      	ldr	r3, [r4, #4]
1000920a:	65a2      	str	r2, [r4, #88]	@ 0x58
1000920c:	4937      	ldr	r1, [pc, #220]	@ (100092ec <can2040_pio_irq_handler+0x87c>)
1000920e:	619a      	str	r2, [r3, #24]
10009210:	322d      	adds	r2, #45	@ 0x2d
10009212:	32ff      	adds	r2, #255	@ 0xff
10009214:	5099      	str	r1, [r3, r2]
10009216:	6aa3      	ldr	r3, [r4, #40]	@ 0x28
10009218:	4698      	mov	r8, r3
1000921a:	2300      	movs	r3, #0
1000921c:	63a3      	str	r3, [r4, #56]	@ 0x38
1000921e:	62e3      	str	r3, [r4, #44]	@ 0x2c
10009220:	3301      	adds	r3, #1
10009222:	2101      	movs	r1, #1
10009224:	6a62      	ldr	r2, [r4, #36]	@ 0x24
10009226:	6323      	str	r3, [r4, #48]	@ 0x30
10009228:	e525      	b.n	10008c76 <can2040_pio_irq_handler+0x206>
1000922a:	2300      	movs	r3, #0
1000922c:	0020      	movs	r0, r4
1000922e:	62a3      	str	r3, [r4, #40]	@ 0x28
10009230:	6263      	str	r3, [r4, #36]	@ 0x24
10009232:	6363      	str	r3, [r4, #52]	@ 0x34
10009234:	f7ff fa36 	bl	100086a4 <pio_sm_setup>
10009238:	2210      	movs	r2, #16
1000923a:	2100      	movs	r1, #0
1000923c:	e6ef      	b.n	1000901e <can2040_pio_irq_handler+0x5ae>
1000923e:	2b17      	cmp	r3, #23
10009240:	d800      	bhi.n	10009244 <can2040_pio_irq_handler+0x7d4>
10009242:	e6dc      	b.n	10008ffe <can2040_pio_irq_handler+0x58e>
10009244:	6da3      	ldr	r3, [r4, #88]	@ 0x58
10009246:	079a      	lsls	r2, r3, #30
10009248:	d500      	bpl.n	1000924c <can2040_pio_irq_handler+0x7dc>
1000924a:	e6d8      	b.n	10008ffe <can2040_pio_irq_handler+0x58e>
1000924c:	e4db      	b.n	10008c06 <can2040_pio_irq_handler+0x196>
1000924e:	6862      	ldr	r2, [r4, #4]
10009250:	2700      	movs	r7, #0
10009252:	6893      	ldr	r3, [r2, #8]
10009254:	079b      	lsls	r3, r3, #30
10009256:	d413      	bmi.n	10009280 <can2040_pio_irq_handler+0x810>
10009258:	2309      	movs	r3, #9
1000925a:	2120      	movs	r1, #32
1000925c:	63a3      	str	r3, [r4, #56]	@ 0x38
1000925e:	2300      	movs	r3, #0
10009260:	6321      	str	r1, [r4, #48]	@ 0x30
10009262:	6da1      	ldr	r1, [r4, #88]	@ 0x58
10009264:	62e3      	str	r3, [r4, #44]	@ 0x2c
10009266:	2900      	cmp	r1, #0
10009268:	d001      	beq.n	1000926e <can2040_pio_irq_handler+0x7fe>
1000926a:	65a3      	str	r3, [r4, #88]	@ 0x58
1000926c:	6193      	str	r3, [r2, #24]
1000926e:	4b1a      	ldr	r3, [pc, #104]	@ (100092d8 <can2040_pio_irq_handler+0x868>)
10009270:	6513      	str	r3, [r2, #80]	@ 0x50
10009272:	2396      	movs	r3, #150	@ 0x96
10009274:	005b      	lsls	r3, r3, #1
10009276:	e67b      	b.n	10008f70 <can2040_pio_irq_handler+0x500>
10009278:	6862      	ldr	r2, [r4, #4]
1000927a:	6893      	ldr	r3, [r2, #8]
1000927c:	079b      	lsls	r3, r3, #30
1000927e:	d5eb      	bpl.n	10009258 <can2040_pio_irq_handler+0x7e8>
10009280:	0020      	movs	r0, r4
10009282:	62a7      	str	r7, [r4, #40]	@ 0x28
10009284:	6267      	str	r7, [r4, #36]	@ 0x24
10009286:	6367      	str	r7, [r4, #52]	@ 0x34
10009288:	f7ff fa0c 	bl	100086a4 <pio_sm_setup>
1000928c:	2210      	movs	r2, #16
1000928e:	0039      	movs	r1, r7
10009290:	a802      	add	r0, sp, #8
10009292:	f7f8 fefd 	bl	10002090 <__wrap_memset>
10009296:	2180      	movs	r1, #128	@ 0x80
10009298:	aa02      	add	r2, sp, #8
1000929a:	0020      	movs	r0, r4
1000929c:	6923      	ldr	r3, [r4, #16]
1000929e:	0409      	lsls	r1, r1, #16
100092a0:	4798      	blx	r3
100092a2:	6862      	ldr	r2, [r4, #4]
100092a4:	e7d8      	b.n	10009258 <can2040_pio_irq_handler+0x7e8>
100092a6:	64a1      	str	r1, [r4, #72]	@ 0x48
100092a8:	2a00      	cmp	r2, #0
100092aa:	d100      	bne.n	100092ae <can2040_pio_irq_handler+0x83e>
100092ac:	e52d      	b.n	10008d0a <can2040_pio_irq_handler+0x29a>
100092ae:	200c      	movs	r0, #12
100092b0:	2120      	movs	r1, #32
100092b2:	4218      	tst	r0, r3
100092b4:	d183      	bne.n	100091be <can2040_pio_irq_handler+0x74e>
100092b6:	2303      	movs	r3, #3
100092b8:	00d1      	lsls	r1, r2, #3
100092ba:	e74f      	b.n	1000915c <can2040_pio_irq_handler+0x6ec>
100092bc:	6e23      	ldr	r3, [r4, #96]	@ 0x60
100092be:	3301      	adds	r3, #1
100092c0:	2180      	movs	r1, #128	@ 0x80
100092c2:	0022      	movs	r2, r4
100092c4:	6623      	str	r3, [r4, #96]	@ 0x60
100092c6:	69a3      	ldr	r3, [r4, #24]
100092c8:	0020      	movs	r0, r4
100092ca:	3301      	adds	r3, #1
100092cc:	61a3      	str	r3, [r4, #24]
100092ce:	3248      	adds	r2, #72	@ 0x48
100092d0:	6923      	ldr	r3, [r4, #16]
100092d2:	0389      	lsls	r1, r1, #14
100092d4:	4798      	blx	r3
100092d6:	e680      	b.n	10008fda <can2040_pio_irq_handler+0x56a>
100092d8:	0000a127 	.word	0x0000a127
100092dc:	00000302 	.word	0x00000302
100092e0:	00000502 	.word	0x00000502
100092e4:	0000e12a 	.word	0x0000e12a
100092e8:	1000a118 	.word	0x1000a118
100092ec:	00000202 	.word	0x00000202
100092f0:	4a31      	ldr	r2, [pc, #196]	@ (100093b8 <can2040_pio_irq_handler+0x948>)
100092f2:	0419      	lsls	r1, r3, #16
100092f4:	e70e      	b.n	10009114 <can2040_pio_irq_handler+0x6a4>
100092f6:	4a30      	ldr	r2, [pc, #192]	@ (100093b8 <can2040_pio_irq_handler+0x948>)
100092f8:	0219      	lsls	r1, r3, #8
100092fa:	e6fd      	b.n	100090f8 <can2040_pio_irq_handler+0x688>
100092fc:	4a2e      	ldr	r2, [pc, #184]	@ (100093b8 <can2040_pio_irq_handler+0x948>)
100092fe:	0419      	lsls	r1, r3, #16
10009300:	e747      	b.n	10009192 <can2040_pio_irq_handler+0x722>
10009302:	4a2d      	ldr	r2, [pc, #180]	@ (100093b8 <can2040_pio_irq_handler+0x948>)
10009304:	0219      	lsls	r1, r3, #8
10009306:	e73b      	b.n	10009180 <can2040_pio_irq_handler+0x710>
10009308:	6c60      	ldr	r0, [r4, #68]	@ 0x44
1000930a:	6c25      	ldr	r5, [r4, #64]	@ 0x40
1000930c:	4240      	negs	r0, r0
1000930e:	02ed      	lsls	r5, r5, #11
10009310:	0aed      	lsrs	r5, r5, #11
10009312:	0540      	lsls	r0, r0, #21
10009314:	4328      	orrs	r0, r5
10009316:	2502      	movs	r5, #2
10009318:	65e5      	str	r5, [r4, #92]	@ 0x5c
1000931a:	2407      	movs	r4, #7
1000931c:	601c      	str	r4, [r3, #0]
1000931e:	3480      	adds	r4, #128	@ 0x80
10009320:	601c      	str	r4, [r3, #0]
10009322:	3c7b      	subs	r4, #123	@ 0x7b
10009324:	631c      	str	r4, [r3, #48]	@ 0x30
10009326:	001c      	movs	r4, r3
10009328:	3411      	adds	r4, #17
1000932a:	34ff      	adds	r4, #255	@ 0xff
1000932c:	60a1      	str	r1, [r4, #8]
1000932e:	4923      	ldr	r1, [pc, #140]	@ (100093bc <can2040_pio_irq_handler+0x94c>)
10009330:	4d23      	ldr	r5, [pc, #140]	@ (100093c0 <can2040_pio_irq_handler+0x950>)
10009332:	60a1      	str	r1, [r4, #8]
10009334:	21ac      	movs	r1, #172	@ 0xac
10009336:	505d      	str	r5, [r3, r1]
10009338:	4922      	ldr	r1, [pc, #136]	@ (100093c4 <can2040_pio_irq_handler+0x954>)
1000933a:	61d9      	str	r1, [r3, #28]
1000933c:	4922      	ldr	r1, [pc, #136]	@ (100093c8 <can2040_pio_irq_handler+0x958>)
1000933e:	6121      	str	r1, [r4, #16]
10009340:	4922      	ldr	r1, [pc, #136]	@ (100093cc <can2040_pio_irq_handler+0x95c>)
10009342:	6121      	str	r1, [r4, #16]
10009344:	211b      	movs	r1, #27
10009346:	6121      	str	r1, [r4, #16]
10009348:	4921      	ldr	r1, [pc, #132]	@ (100093d0 <can2040_pio_irq_handler+0x960>)
1000934a:	6121      	str	r1, [r4, #16]
1000934c:	210f      	movs	r1, #15
1000934e:	6019      	str	r1, [r3, #0]
10009350:	4920      	ldr	r1, [pc, #128]	@ (100093d4 <can2040_pio_irq_handler+0x964>)
10009352:	6198      	str	r0, [r3, #24]
10009354:	5099      	str	r1, [r3, r2]
10009356:	f7ff fbda 	bl	10008b0e <can2040_pio_irq_handler+0x9e>
1000935a:	0020      	movs	r0, r4
1000935c:	62a3      	str	r3, [r4, #40]	@ 0x28
1000935e:	6263      	str	r3, [r4, #36]	@ 0x24
10009360:	6363      	str	r3, [r4, #52]	@ 0x34
10009362:	f7ff f99f 	bl	100086a4 <pio_sm_setup>
10009366:	0020      	movs	r0, r4
10009368:	f7ff fa5c 	bl	10008824 <data_state_go_discard>
1000936c:	6aa3      	ldr	r3, [r4, #40]	@ 0x28
1000936e:	6a62      	ldr	r2, [r4, #36]	@ 0x24
10009370:	4698      	mov	r8, r3
10009372:	6b21      	ldr	r1, [r4, #48]	@ 0x30
10009374:	e47f      	b.n	10008c76 <can2040_pio_irq_handler+0x206>
10009376:	6a23      	ldr	r3, [r4, #32]
10009378:	3301      	adds	r3, #1
1000937a:	6223      	str	r3, [r4, #32]
1000937c:	e7f3      	b.n	10009366 <can2040_pio_irq_handler+0x8f6>
1000937e:	6e23      	ldr	r3, [r4, #96]	@ 0x60
10009380:	3301      	adds	r3, #1
10009382:	2180      	movs	r1, #128	@ 0x80
10009384:	0022      	movs	r2, r4
10009386:	6623      	str	r3, [r4, #96]	@ 0x60
10009388:	69a3      	ldr	r3, [r4, #24]
1000938a:	3248      	adds	r2, #72	@ 0x48
1000938c:	3301      	adds	r3, #1
1000938e:	61a3      	str	r3, [r4, #24]
10009390:	0020      	movs	r0, r4
10009392:	6923      	ldr	r3, [r4, #16]
10009394:	0389      	lsls	r1, r1, #14
10009396:	4798      	blx	r3
10009398:	6862      	ldr	r2, [r4, #4]
1000939a:	e44b      	b.n	10008c34 <can2040_pio_irq_handler+0x1c4>
1000939c:	6e23      	ldr	r3, [r4, #96]	@ 0x60
1000939e:	3301      	adds	r3, #1
100093a0:	2180      	movs	r1, #128	@ 0x80
100093a2:	0022      	movs	r2, r4
100093a4:	6623      	str	r3, [r4, #96]	@ 0x60
100093a6:	69a3      	ldr	r3, [r4, #24]
100093a8:	0020      	movs	r0, r4
100093aa:	3301      	adds	r3, #1
100093ac:	61a3      	str	r3, [r4, #24]
100093ae:	3248      	adds	r2, #72	@ 0x48
100093b0:	6923      	ldr	r3, [r4, #16]
100093b2:	0389      	lsls	r1, r1, #14
100093b4:	4798      	blx	r3
100093b6:	e726      	b.n	10009206 <can2040_pio_irq_handler+0x796>
100093b8:	1000a118 	.word	0x1000a118
100093bc:	40020000 	.word	0x40020000
100093c0:	0000c023 	.word	0x0000c023
100093c4:	7fffffff 	.word	0x7fffffff
100093c8:	0000e001 	.word	0x0000e001
100093cc:	00006021 	.word	0x00006021
100093d0:	000020c2 	.word	0x000020c2
100093d4:	00000902 	.word	0x00000902

100093d8 <can2040_transmit>:
100093d8:	b5f0      	push	{r4, r5, r6, r7, lr}
100093da:	4657      	mov	r7, sl
100093dc:	46de      	mov	lr, fp
100093de:	464e      	mov	r6, r9
100093e0:	4645      	mov	r5, r8
100093e2:	b5e0      	push	{r5, r6, r7, lr}
100093e4:	4682      	mov	sl, r0
100093e6:	6e03      	ldr	r3, [r0, #96]	@ 0x60
100093e8:	b089      	sub	sp, #36	@ 0x24
100093ea:	6e42      	ldr	r2, [r0, #100]	@ 0x64
100093ec:	9203      	str	r2, [sp, #12]
100093ee:	1ad3      	subs	r3, r2, r3
100093f0:	2b03      	cmp	r3, #3
100093f2:	d900      	bls.n	100093f6 <can2040_transmit+0x1e>
100093f4:	e1bc      	b.n	10009770 <can2040_transmit+0x398>
100093f6:	2303      	movs	r3, #3
100093f8:	401a      	ands	r2, r3
100093fa:	4693      	mov	fp, r2
100093fc:	680a      	ldr	r2, [r1, #0]
100093fe:	2a00      	cmp	r2, #0
10009400:	da00      	bge.n	10009404 <can2040_transmit+0x2c>
10009402:	e194      	b.n	1000972e <can2040_transmit+0x356>
10009404:	4bdc      	ldr	r3, [pc, #880]	@ (10009778 <can2040_transmit+0x3a0>)
10009406:	401a      	ands	r2, r3
10009408:	4658      	mov	r0, fp
1000940a:	232c      	movs	r3, #44	@ 0x2c
1000940c:	240f      	movs	r4, #15
1000940e:	4343      	muls	r3, r0
10009410:	4453      	add	r3, sl
10009412:	669a      	str	r2, [r3, #104]	@ 0x68
10009414:	6848      	ldr	r0, [r1, #4]
10009416:	4020      	ands	r0, r4
10009418:	66d8      	str	r0, [r3, #108]	@ 0x6c
1000941a:	2300      	movs	r3, #0
1000941c:	4699      	mov	r9, r3
1000941e:	0052      	lsls	r2, r2, #1
10009420:	d400      	bmi.n	10009424 <can2040_transmit+0x4c>
10009422:	e0fb      	b.n	1000961c <can2040_transmit+0x244>
10009424:	465b      	mov	r3, fp
10009426:	272c      	movs	r7, #44	@ 0x2c
10009428:	435f      	muls	r7, r3
1000942a:	003e      	movs	r6, r7
1000942c:	4653      	mov	r3, sl
1000942e:	3670      	adds	r6, #112	@ 0x70
10009430:	19dc      	adds	r4, r3, r7
10009432:	0030      	movs	r0, r6
10009434:	2300      	movs	r3, #0
10009436:	464a      	mov	r2, r9
10009438:	6763      	str	r3, [r4, #116]	@ 0x74
1000943a:	6723      	str	r3, [r4, #112]	@ 0x70
1000943c:	4450      	add	r0, sl
1000943e:	3108      	adds	r1, #8
10009440:	9000      	str	r0, [sp, #0]
10009442:	f7f8 fe2b 	bl	1000209c <__wrap___aeabi_memcpy>
10009446:	003b      	movs	r3, r7
10009448:	3380      	adds	r3, #128	@ 0x80
1000944a:	4453      	add	r3, sl
1000944c:	2214      	movs	r2, #20
1000944e:	2100      	movs	r1, #0
10009450:	0018      	movs	r0, r3
10009452:	4698      	mov	r8, r3
10009454:	f7f8 fe1c 	bl	10002090 <__wrap_memset>
10009458:	2140      	movs	r1, #64	@ 0x40
1000945a:	6ea2      	ldr	r2, [r4, #104]	@ 0x68
1000945c:	6ee4      	ldr	r4, [r4, #108]	@ 0x6c
1000945e:	0e13      	lsrs	r3, r2, #24
10009460:	400b      	ands	r3, r1
10009462:	431c      	orrs	r4, r3
10009464:	01d3      	lsls	r3, r2, #7
10009466:	2a00      	cmp	r2, #0
10009468:	da00      	bge.n	1000946c <can2040_transmit+0x94>
1000946a:	e0f3      	b.n	10009654 <can2040_transmit+0x27c>
1000946c:	4ac3      	ldr	r2, [pc, #780]	@ (1000977c <can2040_transmit+0x3a4>)
1000946e:	4dc4      	ldr	r5, [pc, #784]	@ (10009780 <can2040_transmit+0x3a8>)
10009470:	4013      	ands	r3, r2
10009472:	22ff      	movs	r2, #255	@ 0xff
10009474:	4323      	orrs	r3, r4
10009476:	0c19      	lsrs	r1, r3, #16
10009478:	4011      	ands	r1, r2
1000947a:	0049      	lsls	r1, r1, #1
1000947c:	5a68      	ldrh	r0, [r5, r1]
1000947e:	0a19      	lsrs	r1, r3, #8
10009480:	09c4      	lsrs	r4, r0, #7
10009482:	4061      	eors	r1, r4
10009484:	4011      	ands	r1, r2
10009486:	0049      	lsls	r1, r1, #1
10009488:	5a6c      	ldrh	r4, [r5, r1]
1000948a:	0200      	lsls	r0, r0, #8
1000948c:	4060      	eors	r0, r4
1000948e:	09c1      	lsrs	r1, r0, #7
10009490:	4059      	eors	r1, r3
10009492:	400a      	ands	r2, r1
10009494:	0052      	lsls	r2, r2, #1
10009496:	5aac      	ldrh	r4, [r5, r2]
10009498:	2280      	movs	r2, #128	@ 0x80
1000949a:	035b      	lsls	r3, r3, #13
1000949c:	0312      	lsls	r2, r2, #12
1000949e:	0b5b      	lsrs	r3, r3, #13
100094a0:	4313      	orrs	r3, r2
100094a2:	0200      	lsls	r0, r0, #8
100094a4:	9307      	str	r3, [sp, #28]
100094a6:	ab07      	add	r3, sp, #28
100094a8:	2113      	movs	r1, #19
100094aa:	4044      	eors	r4, r0
100094ac:	0018      	movs	r0, r3
100094ae:	9502      	str	r5, [sp, #8]
100094b0:	9301      	str	r3, [sp, #4]
100094b2:	f7ff f975 	bl	100087a0 <bitstuff_rp2040>
100094b6:	9b07      	ldr	r3, [sp, #28]
100094b8:	0005      	movs	r5, r0
100094ba:	2820      	cmp	r0, #32
100094bc:	d800      	bhi.n	100094c0 <can2040_transmit+0xe8>
100094be:	e0b4      	b.n	1000962a <can2040_transmit+0x252>
100094c0:	0002      	movs	r2, r0
100094c2:	0019      	movs	r1, r3
100094c4:	3a20      	subs	r2, #32
100094c6:	40d1      	lsrs	r1, r2
100094c8:	2240      	movs	r2, #64	@ 0x40
100094ca:	1a12      	subs	r2, r2, r0
100094cc:	0018      	movs	r0, r3
100094ce:	4090      	lsls	r0, r2
100094d0:	0002      	movs	r2, r0
100094d2:	4640      	mov	r0, r8
100094d4:	6042      	str	r2, [r0, #4]
100094d6:	4642      	mov	r2, r8
100094d8:	6011      	str	r1, [r2, #0]
100094da:	464a      	mov	r2, r9
100094dc:	2a00      	cmp	r2, #0
100094de:	d04b      	beq.n	10009578 <can2040_transmit+0x1a0>
100094e0:	4652      	mov	r2, sl
100094e2:	4659      	mov	r1, fp
100094e4:	3270      	adds	r2, #112	@ 0x70
100094e6:	19d2      	adds	r2, r2, r7
100094e8:	46d3      	mov	fp, sl
100094ea:	9e00      	ldr	r6, [sp, #0]
100094ec:	4491      	add	r9, r2
100094ee:	9104      	str	r1, [sp, #16]
100094f0:	e00a      	b.n	10009508 <can2040_transmit+0x130>
100094f2:	001f      	movs	r7, r3
100094f4:	1a09      	subs	r1, r1, r0
100094f6:	408f      	lsls	r7, r1
100094f8:	0039      	movs	r1, r7
100094fa:	9f00      	ldr	r7, [sp, #0]
100094fc:	3601      	adds	r6, #1
100094fe:	4339      	orrs	r1, r7
10009500:	6011      	str	r1, [r2, #0]
10009502:	182d      	adds	r5, r5, r0
10009504:	454e      	cmp	r6, r9
10009506:	d033      	beq.n	10009570 <can2040_transmit+0x198>
10009508:	20ff      	movs	r0, #255	@ 0xff
1000950a:	7831      	ldrb	r1, [r6, #0]
1000950c:	09e2      	lsrs	r2, r4, #7
1000950e:	404a      	eors	r2, r1
10009510:	4002      	ands	r2, r0
10009512:	9802      	ldr	r0, [sp, #8]
10009514:	0052      	lsls	r2, r2, #1
10009516:	5a82      	ldrh	r2, [r0, r2]
10009518:	021b      	lsls	r3, r3, #8
1000951a:	430b      	orrs	r3, r1
1000951c:	9801      	ldr	r0, [sp, #4]
1000951e:	2108      	movs	r1, #8
10009520:	0224      	lsls	r4, r4, #8
10009522:	4054      	eors	r4, r2
10009524:	9307      	str	r3, [sp, #28]
10009526:	f7ff f93b 	bl	100087a0 <bitstuff_rp2040>
1000952a:	221f      	movs	r2, #31
1000952c:	2120      	movs	r1, #32
1000952e:	402a      	ands	r2, r5
10009530:	4694      	mov	ip, r2
10009532:	1a89      	subs	r1, r1, r2
10009534:	096a      	lsrs	r2, r5, #5
10009536:	0092      	lsls	r2, r2, #2
10009538:	4442      	add	r2, r8
1000953a:	6817      	ldr	r7, [r2, #0]
1000953c:	9b07      	ldr	r3, [sp, #28]
1000953e:	9700      	str	r7, [sp, #0]
10009540:	4288      	cmp	r0, r1
10009542:	d9d6      	bls.n	100094f2 <can2040_transmit+0x11a>
10009544:	2720      	movs	r7, #32
10009546:	1a3f      	subs	r7, r7, r0
10009548:	46ba      	mov	sl, r7
1000954a:	001f      	movs	r7, r3
1000954c:	4451      	add	r1, sl
1000954e:	408f      	lsls	r7, r1
10009550:	6851      	ldr	r1, [r2, #4]
10009552:	3601      	adds	r6, #1
10009554:	4339      	orrs	r1, r7
10009556:	6051      	str	r1, [r2, #4]
10009558:	0001      	movs	r1, r0
1000955a:	001f      	movs	r7, r3
1000955c:	3920      	subs	r1, #32
1000955e:	4461      	add	r1, ip
10009560:	40cf      	lsrs	r7, r1
10009562:	0039      	movs	r1, r7
10009564:	9f00      	ldr	r7, [sp, #0]
10009566:	182d      	adds	r5, r5, r0
10009568:	4339      	orrs	r1, r7
1000956a:	6011      	str	r1, [r2, #0]
1000956c:	454e      	cmp	r6, r9
1000956e:	d1cb      	bne.n	10009508 <can2040_transmit+0x130>
10009570:	465a      	mov	r2, fp
10009572:	9904      	ldr	r1, [sp, #16]
10009574:	4692      	mov	sl, r2
10009576:	468b      	mov	fp, r1
10009578:	4659      	mov	r1, fp
1000957a:	222c      	movs	r2, #44	@ 0x2c
1000957c:	434a      	muls	r2, r1
1000957e:	0464      	lsls	r4, r4, #17
10009580:	0c64      	lsrs	r4, r4, #17
10009582:	4452      	add	r2, sl
10009584:	03db      	lsls	r3, r3, #15
10009586:	4323      	orrs	r3, r4
10009588:	6794      	str	r4, [r2, #120]	@ 0x78
1000958a:	210f      	movs	r1, #15
1000958c:	241f      	movs	r4, #31
1000958e:	9801      	ldr	r0, [sp, #4]
10009590:	9307      	str	r3, [sp, #28]
10009592:	f7ff f905 	bl	100087a0 <bitstuff_rp2040>
10009596:	2320      	movs	r3, #32
10009598:	402c      	ands	r4, r5
1000959a:	4699      	mov	r9, r3
1000959c:	1b1e      	subs	r6, r3, r4
1000959e:	096b      	lsrs	r3, r5, #5
100095a0:	009b      	lsls	r3, r3, #2
100095a2:	4443      	add	r3, r8
100095a4:	9a07      	ldr	r2, [sp, #28]
100095a6:	681f      	ldr	r7, [r3, #0]
100095a8:	42b0      	cmp	r0, r6
100095aa:	d843      	bhi.n	10009634 <can2040_transmit+0x25c>
100095ac:	1a36      	subs	r6, r6, r0
100095ae:	40b2      	lsls	r2, r6
100095b0:	4317      	orrs	r7, r2
100095b2:	241f      	movs	r4, #31
100095b4:	2101      	movs	r1, #1
100095b6:	0022      	movs	r2, r4
100095b8:	1828      	adds	r0, r5, r0
100095ba:	000d      	movs	r5, r1
100095bc:	4382      	bics	r2, r0
100095be:	4095      	lsls	r5, r2
100095c0:	601f      	str	r7, [r3, #0]
100095c2:	0943      	lsrs	r3, r0, #5
100095c4:	009b      	lsls	r3, r3, #2
100095c6:	4443      	add	r3, r8
100095c8:	681a      	ldr	r2, [r3, #0]
100095ca:	432a      	orrs	r2, r5
100095cc:	601a      	str	r2, [r3, #0]
100095ce:	0003      	movs	r3, r0
100095d0:	3320      	adds	r3, #32
100095d2:	095a      	lsrs	r2, r3, #5
100095d4:	43a3      	bics	r3, r4
100095d6:	1a1b      	subs	r3, r3, r0
100095d8:	1e58      	subs	r0, r3, #1
100095da:	2b01      	cmp	r3, #1
100095dc:	d008      	beq.n	100095f0 <can2040_transmit+0x218>
100095de:	4081      	lsls	r1, r0
100095e0:	4b68      	ldr	r3, [pc, #416]	@ (10009784 <can2040_transmit+0x3ac>)
100095e2:	3901      	subs	r1, #1
100095e4:	18d3      	adds	r3, r2, r3
100095e6:	009b      	lsls	r3, r3, #2
100095e8:	4443      	add	r3, r8
100095ea:	6818      	ldr	r0, [r3, #0]
100095ec:	4301      	orrs	r1, r0
100095ee:	6019      	str	r1, [r3, #0]
100095f0:	4659      	mov	r1, fp
100095f2:	232c      	movs	r3, #44	@ 0x2c
100095f4:	434b      	muls	r3, r1
100095f6:	4453      	add	r3, sl
100095f8:	67da      	str	r2, [r3, #124]	@ 0x7c
100095fa:	9b03      	ldr	r3, [sp, #12]
100095fc:	3301      	adds	r3, #1
100095fe:	4652      	mov	r2, sl
10009600:	6653      	str	r3, [r2, #100]	@ 0x64
10009602:	f3bf 8f5f 	dmb	sy
10009606:	6853      	ldr	r3, [r2, #4]
10009608:	2202      	movs	r2, #2
1000960a:	2000      	movs	r0, #0
1000960c:	635a      	str	r2, [r3, #52]	@ 0x34
1000960e:	b009      	add	sp, #36	@ 0x24
10009610:	bcf0      	pop	{r4, r5, r6, r7}
10009612:	46bb      	mov	fp, r7
10009614:	46b2      	mov	sl, r6
10009616:	46a9      	mov	r9, r5
10009618:	46a0      	mov	r8, r4
1000961a:	bdf0      	pop	{r4, r5, r6, r7, pc}
1000961c:	4681      	mov	r9, r0
1000961e:	2808      	cmp	r0, #8
10009620:	d800      	bhi.n	10009624 <can2040_transmit+0x24c>
10009622:	e6ff      	b.n	10009424 <can2040_transmit+0x4c>
10009624:	2308      	movs	r3, #8
10009626:	4699      	mov	r9, r3
10009628:	e6fc      	b.n	10009424 <can2040_transmit+0x4c>
1000962a:	2220      	movs	r2, #32
1000962c:	0019      	movs	r1, r3
1000962e:	1a12      	subs	r2, r2, r0
10009630:	4091      	lsls	r1, r2
10009632:	e750      	b.n	100094d6 <can2040_transmit+0xfe>
10009634:	2120      	movs	r1, #32
10009636:	4249      	negs	r1, r1
10009638:	468c      	mov	ip, r1
1000963a:	0011      	movs	r1, r2
1000963c:	4484      	add	ip, r0
1000963e:	4464      	add	r4, ip
10009640:	40e1      	lsrs	r1, r4
10009642:	430f      	orrs	r7, r1
10009644:	4649      	mov	r1, r9
10009646:	1a09      	subs	r1, r1, r0
10009648:	1989      	adds	r1, r1, r6
1000964a:	408a      	lsls	r2, r1
1000964c:	6859      	ldr	r1, [r3, #4]
1000964e:	430a      	orrs	r2, r1
10009650:	605a      	str	r2, [r3, #4]
10009652:	e7ae      	b.n	100095b2 <can2040_transmit+0x1da>
10009654:	4849      	ldr	r0, [pc, #292]	@ (1000977c <can2040_transmit+0x3a4>)
10009656:	0ad1      	lsrs	r1, r2, #11
10009658:	4001      	ands	r1, r0
1000965a:	2060      	movs	r0, #96	@ 0x60
1000965c:	0392      	lsls	r2, r2, #14
1000965e:	0ed2      	lsrs	r2, r2, #27
10009660:	4311      	orrs	r1, r2
10009662:	4a49      	ldr	r2, [pc, #292]	@ (10009788 <can2040_transmit+0x3b0>)
10009664:	4d46      	ldr	r5, [pc, #280]	@ (10009780 <can2040_transmit+0x3a8>)
10009666:	4013      	ands	r3, r2
10009668:	4323      	orrs	r3, r4
1000966a:	9305      	str	r3, [sp, #20]
1000966c:	0b0b      	lsrs	r3, r1, #12
1000966e:	005b      	lsls	r3, r3, #1
10009670:	5aec      	ldrh	r4, [r5, r3]
10009672:	4308      	orrs	r0, r1
10009674:	09e2      	lsrs	r2, r4, #7
10009676:	0903      	lsrs	r3, r0, #4
10009678:	4053      	eors	r3, r2
1000967a:	22ff      	movs	r2, #255	@ 0xff
1000967c:	4013      	ands	r3, r2
1000967e:	005b      	lsls	r3, r3, #1
10009680:	002e      	movs	r6, r5
10009682:	9502      	str	r5, [sp, #8]
10009684:	5aed      	ldrh	r5, [r5, r3]
10009686:	0503      	lsls	r3, r0, #20
10009688:	20f0      	movs	r0, #240	@ 0xf0
1000968a:	0400      	lsls	r0, r0, #16
1000968c:	4003      	ands	r3, r0
1000968e:	9805      	ldr	r0, [sp, #20]
10009690:	0224      	lsls	r4, r4, #8
10009692:	4303      	orrs	r3, r0
10009694:	4065      	eors	r5, r4
10009696:	09ec      	lsrs	r4, r5, #7
10009698:	0c18      	lsrs	r0, r3, #16
1000969a:	4060      	eors	r0, r4
1000969c:	4010      	ands	r0, r2
1000969e:	0040      	lsls	r0, r0, #1
100096a0:	5a34      	ldrh	r4, [r6, r0]
100096a2:	022d      	lsls	r5, r5, #8
100096a4:	406c      	eors	r4, r5
100096a6:	0a18      	lsrs	r0, r3, #8
100096a8:	09e5      	lsrs	r5, r4, #7
100096aa:	4068      	eors	r0, r5
100096ac:	4010      	ands	r0, r2
100096ae:	0040      	lsls	r0, r0, #1
100096b0:	5a30      	ldrh	r0, [r6, r0]
100096b2:	0224      	lsls	r4, r4, #8
100096b4:	4060      	eors	r0, r4
100096b6:	09c4      	lsrs	r4, r0, #7
100096b8:	4063      	eors	r3, r4
100096ba:	401a      	ands	r2, r3
100096bc:	4b33      	ldr	r3, [pc, #204]	@ (1000978c <can2040_transmit+0x3b4>)
100096be:	0052      	lsls	r2, r2, #1
100096c0:	5ab4      	ldrh	r4, [r6, r2]
100096c2:	430b      	orrs	r3, r1
100096c4:	0200      	lsls	r0, r0, #8
100096c6:	9307      	str	r3, [sp, #28]
100096c8:	ab07      	add	r3, sp, #28
100096ca:	2113      	movs	r1, #19
100096cc:	4044      	eors	r4, r0
100096ce:	0018      	movs	r0, r3
100096d0:	9301      	str	r3, [sp, #4]
100096d2:	f7ff f865 	bl	100087a0 <bitstuff_rp2040>
100096d6:	9a07      	ldr	r2, [sp, #28]
100096d8:	0001      	movs	r1, r0
100096da:	9004      	str	r0, [sp, #16]
100096dc:	2820      	cmp	r0, #32
100096de:	d83a      	bhi.n	10009756 <can2040_transmit+0x37e>
100096e0:	2320      	movs	r3, #32
100096e2:	0011      	movs	r1, r2
100096e4:	1a1b      	subs	r3, r3, r0
100096e6:	4099      	lsls	r1, r3
100096e8:	000b      	movs	r3, r1
100096ea:	4641      	mov	r1, r8
100096ec:	251f      	movs	r5, #31
100096ee:	600b      	str	r3, [r1, #0]
100096f0:	9b05      	ldr	r3, [sp, #20]
100096f2:	0512      	lsls	r2, r2, #20
100096f4:	031b      	lsls	r3, r3, #12
100096f6:	0b1b      	lsrs	r3, r3, #12
100096f8:	4313      	orrs	r3, r2
100096fa:	2114      	movs	r1, #20
100096fc:	9801      	ldr	r0, [sp, #4]
100096fe:	9307      	str	r3, [sp, #28]
10009700:	f7ff f84e 	bl	100087a0 <bitstuff_rp2040>
10009704:	2120      	movs	r1, #32
10009706:	9a04      	ldr	r2, [sp, #16]
10009708:	9b07      	ldr	r3, [sp, #28]
1000970a:	4015      	ands	r5, r2
1000970c:	0952      	lsrs	r2, r2, #5
1000970e:	0092      	lsls	r2, r2, #2
10009710:	4442      	add	r2, r8
10009712:	6816      	ldr	r6, [r2, #0]
10009714:	1b49      	subs	r1, r1, r5
10009716:	46b4      	mov	ip, r6
10009718:	4288      	cmp	r0, r1
1000971a:	d80b      	bhi.n	10009734 <can2040_transmit+0x35c>
1000971c:	001d      	movs	r5, r3
1000971e:	1a09      	subs	r1, r1, r0
10009720:	408d      	lsls	r5, r1
10009722:	0029      	movs	r1, r5
10009724:	4331      	orrs	r1, r6
10009726:	6011      	str	r1, [r2, #0]
10009728:	9a04      	ldr	r2, [sp, #16]
1000972a:	1885      	adds	r5, r0, r2
1000972c:	e6d5      	b.n	100094da <can2040_transmit+0x102>
1000972e:	4b18      	ldr	r3, [pc, #96]	@ (10009790 <can2040_transmit+0x3b8>)
10009730:	401a      	ands	r2, r3
10009732:	e669      	b.n	10009408 <can2040_transmit+0x30>
10009734:	0029      	movs	r1, r5
10009736:	001e      	movs	r6, r3
10009738:	3920      	subs	r1, #32
1000973a:	1809      	adds	r1, r1, r0
1000973c:	40ce      	lsrs	r6, r1
1000973e:	0031      	movs	r1, r6
10009740:	4666      	mov	r6, ip
10009742:	4331      	orrs	r1, r6
10009744:	2640      	movs	r6, #64	@ 0x40
10009746:	1b75      	subs	r5, r6, r5
10009748:	001e      	movs	r6, r3
1000974a:	1a2d      	subs	r5, r5, r0
1000974c:	40ae      	lsls	r6, r5
1000974e:	6855      	ldr	r5, [r2, #4]
10009750:	4335      	orrs	r5, r6
10009752:	6055      	str	r5, [r2, #4]
10009754:	e7e7      	b.n	10009726 <can2040_transmit+0x34e>
10009756:	0003      	movs	r3, r0
10009758:	0010      	movs	r0, r2
1000975a:	3b20      	subs	r3, #32
1000975c:	40d8      	lsrs	r0, r3
1000975e:	0003      	movs	r3, r0
10009760:	2040      	movs	r0, #64	@ 0x40
10009762:	1a41      	subs	r1, r0, r1
10009764:	0010      	movs	r0, r2
10009766:	4088      	lsls	r0, r1
10009768:	0001      	movs	r1, r0
1000976a:	4640      	mov	r0, r8
1000976c:	6041      	str	r1, [r0, #4]
1000976e:	e7bc      	b.n	100096ea <can2040_transmit+0x312>
10009770:	2001      	movs	r0, #1
10009772:	4240      	negs	r0, r0
10009774:	e74b      	b.n	1000960e <can2040_transmit+0x236>
10009776:	46c0      	nop			@ (mov r8, r8)
10009778:	400007ff 	.word	0x400007ff
1000977c:	0003ff80 	.word	0x0003ff80
10009780:	1000a118 	.word	0x1000a118
10009784:	3fffffff 	.word	0x3fffffff
10009788:	000fff80 	.word	0x000fff80
1000978c:	00080060 	.word	0x00080060
10009790:	dfffffff 	.word	0xdfffffff

10009794 <can2040_setup>:
10009794:	228c      	movs	r2, #140	@ 0x8c
10009796:	b570      	push	{r4, r5, r6, lr}
10009798:	000c      	movs	r4, r1
1000979a:	0052      	lsls	r2, r2, #1
1000979c:	2100      	movs	r1, #0
1000979e:	0005      	movs	r5, r0
100097a0:	f7f8 fc76 	bl	10002090 <__wrap_memset>
100097a4:	0023      	movs	r3, r4
100097a6:	1e5a      	subs	r2, r3, #1
100097a8:	4193      	sbcs	r3, r2
100097aa:	602b      	str	r3, [r5, #0]
100097ac:	4263      	negs	r3, r4
100097ae:	415c      	adcs	r4, r3
100097b0:	4a03      	ldr	r2, [pc, #12]	@ (100097c0 <can2040_setup+0x2c>)
100097b2:	4263      	negs	r3, r4
100097b4:	4694      	mov	ip, r2
100097b6:	0d1b      	lsrs	r3, r3, #20
100097b8:	051b      	lsls	r3, r3, #20
100097ba:	4463      	add	r3, ip
100097bc:	606b      	str	r3, [r5, #4]
100097be:	bd70      	pop	{r4, r5, r6, pc}
100097c0:	50300000 	.word	0x50300000

100097c4 <can2040_callback_config>:
100097c4:	6101      	str	r1, [r0, #16]
100097c6:	4770      	bx	lr

100097c8 <can2040_start>:
100097c8:	b570      	push	{r4, r5, r6, lr}
100097ca:	0004      	movs	r4, r0
100097cc:	b084      	sub	sp, #16
100097ce:	60a3      	str	r3, [r4, #8]
100097d0:	9b08      	ldr	r3, [sp, #32]
100097d2:	0008      	movs	r0, r1
100097d4:	60e3      	str	r3, [r4, #12]
100097d6:	2300      	movs	r3, #0
100097d8:	62a3      	str	r3, [r4, #40]	@ 0x28
100097da:	6263      	str	r3, [r4, #36]	@ 0x24
100097dc:	6363      	str	r3, [r4, #52]	@ 0x34
100097de:	6823      	ldr	r3, [r4, #0]
100097e0:	0011      	movs	r1, r2
100097e2:	425a      	negs	r2, r3
100097e4:	4153      	adcs	r3, r2
100097e6:	2280      	movs	r2, #128	@ 0x80
100097e8:	0112      	lsls	r2, r2, #4
100097ea:	4694      	mov	ip, r2
100097ec:	4e30      	ldr	r6, [pc, #192]	@ (100098b0 <can2040_start+0xe8>)
100097ee:	425b      	negs	r3, r3
100097f0:	0a9b      	lsrs	r3, r3, #10
100097f2:	029b      	lsls	r3, r3, #10
100097f4:	6832      	ldr	r2, [r6, #0]
100097f6:	4463      	add	r3, ip
100097f8:	4213      	tst	r3, r2
100097fa:	d004      	beq.n	10009806 <can2040_start+0x3e>
100097fc:	4a2d      	ldr	r2, [pc, #180]	@ (100098b4 <can2040_start+0xec>)
100097fe:	6013      	str	r3, [r2, #0]
10009800:	68b5      	ldr	r5, [r6, #8]
10009802:	421d      	tst	r5, r3
10009804:	d0fc      	beq.n	10009800 <can2040_start+0x38>
10009806:	00c0      	lsls	r0, r0, #3
10009808:	f7f8 f872 	bl	100018f0 <__wrap___aeabi_uidiv>
1000980c:	23c8      	movs	r3, #200	@ 0xc8
1000980e:	6865      	ldr	r5, [r4, #4]
10009810:	0200      	lsls	r0, r0, #8
10009812:	50e8      	str	r0, [r5, r3]
10009814:	3318      	adds	r3, #24
10009816:	50e8      	str	r0, [r5, r3]
10009818:	3318      	adds	r3, #24
1000981a:	50e8      	str	r0, [r5, r3]
1000981c:	3318      	adds	r3, #24
1000981e:	50e8      	str	r0, [r5, r3]
10009820:	0020      	movs	r0, r4
10009822:	f7fe ff3f 	bl	100086a4 <pio_sm_setup>
10009826:	4824      	ldr	r0, [pc, #144]	@ (100098b8 <can2040_start+0xf0>)
10009828:	68a3      	ldr	r3, [r4, #8]
1000982a:	4684      	mov	ip, r0
1000982c:	2068      	movs	r0, #104	@ 0x68
1000982e:	0099      	lsls	r1, r3, #2
10009830:	4461      	add	r1, ip
10009832:	6822      	ldr	r2, [r4, #0]
10009834:	6048      	str	r0, [r1, #4]
10009836:	4921      	ldr	r1, [pc, #132]	@ (100098bc <can2040_start+0xf4>)
10009838:	481f      	ldr	r0, [pc, #124]	@ (100098b8 <can2040_start+0xf0>)
1000983a:	468c      	mov	ip, r1
1000983c:	00db      	lsls	r3, r3, #3
1000983e:	4463      	add	r3, ip
10009840:	4684      	mov	ip, r0
10009842:	2060      	movs	r0, #96	@ 0x60
10009844:	3206      	adds	r2, #6
10009846:	605a      	str	r2, [r3, #4]
10009848:	68e3      	ldr	r3, [r4, #12]
1000984a:	0099      	lsls	r1, r3, #2
1000984c:	4461      	add	r1, ip
1000984e:	6048      	str	r0, [r1, #4]
10009850:	491a      	ldr	r1, [pc, #104]	@ (100098bc <can2040_start+0xf4>)
10009852:	00db      	lsls	r3, r3, #3
10009854:	468c      	mov	ip, r1
10009856:	4463      	add	r3, ip
10009858:	605a      	str	r2, [r3, #4]
1000985a:	68ab      	ldr	r3, [r5, #8]
1000985c:	079b      	lsls	r3, r3, #30
1000985e:	d412      	bmi.n	10009886 <can2040_start+0xbe>
10009860:	2309      	movs	r3, #9
10009862:	2220      	movs	r2, #32
10009864:	63a3      	str	r3, [r4, #56]	@ 0x38
10009866:	2300      	movs	r3, #0
10009868:	6322      	str	r2, [r4, #48]	@ 0x30
1000986a:	6da2      	ldr	r2, [r4, #88]	@ 0x58
1000986c:	62e3      	str	r3, [r4, #44]	@ 0x2c
1000986e:	2a00      	cmp	r2, #0
10009870:	d001      	beq.n	10009876 <can2040_start+0xae>
10009872:	65a3      	str	r3, [r4, #88]	@ 0x58
10009874:	61ab      	str	r3, [r5, #24]
10009876:	4b12      	ldr	r3, [pc, #72]	@ (100098c0 <can2040_start+0xf8>)
10009878:	4a12      	ldr	r2, [pc, #72]	@ (100098c4 <can2040_start+0xfc>)
1000987a:	652b      	str	r3, [r5, #80]	@ 0x50
1000987c:	2396      	movs	r3, #150	@ 0x96
1000987e:	005b      	lsls	r3, r3, #1
10009880:	50ea      	str	r2, [r5, r3]
10009882:	b004      	add	sp, #16
10009884:	bd70      	pop	{r4, r5, r6, pc}
10009886:	2300      	movs	r3, #0
10009888:	0020      	movs	r0, r4
1000988a:	62a3      	str	r3, [r4, #40]	@ 0x28
1000988c:	6263      	str	r3, [r4, #36]	@ 0x24
1000988e:	6363      	str	r3, [r4, #52]	@ 0x34
10009890:	f7fe ff08 	bl	100086a4 <pio_sm_setup>
10009894:	2210      	movs	r2, #16
10009896:	2100      	movs	r1, #0
10009898:	4668      	mov	r0, sp
1000989a:	f7f8 fbf9 	bl	10002090 <__wrap_memset>
1000989e:	2180      	movs	r1, #128	@ 0x80
100098a0:	466a      	mov	r2, sp
100098a2:	0020      	movs	r0, r4
100098a4:	6923      	ldr	r3, [r4, #16]
100098a6:	0409      	lsls	r1, r1, #16
100098a8:	4798      	blx	r3
100098aa:	6865      	ldr	r5, [r4, #4]
100098ac:	e7d8      	b.n	10009860 <can2040_start+0x98>
100098ae:	46c0      	nop			@ (mov r8, r8)
100098b0:	4000c000 	.word	0x4000c000
100098b4:	4000f000 	.word	0x4000f000
100098b8:	4001c000 	.word	0x4001c000
100098bc:	40014000 	.word	0x40014000
100098c0:	0000a127 	.word	0x0000a127
100098c4:	00000302 	.word	0x00000302

100098c8 <strlen>:
100098c8:	b510      	push	{r4, lr}
100098ca:	0783      	lsls	r3, r0, #30
100098cc:	d00a      	beq.n	100098e4 <strlen+0x1c>
100098ce:	0003      	movs	r3, r0
100098d0:	2103      	movs	r1, #3
100098d2:	e002      	b.n	100098da <strlen+0x12>
100098d4:	3301      	adds	r3, #1
100098d6:	420b      	tst	r3, r1
100098d8:	d005      	beq.n	100098e6 <strlen+0x1e>
100098da:	781a      	ldrb	r2, [r3, #0]
100098dc:	2a00      	cmp	r2, #0
100098de:	d1f9      	bne.n	100098d4 <strlen+0xc>
100098e0:	1a18      	subs	r0, r3, r0
100098e2:	bd10      	pop	{r4, pc}
100098e4:	0003      	movs	r3, r0
100098e6:	6819      	ldr	r1, [r3, #0]
100098e8:	4a0c      	ldr	r2, [pc, #48]	@ (1000991c <strlen+0x54>)
100098ea:	4c0d      	ldr	r4, [pc, #52]	@ (10009920 <strlen+0x58>)
100098ec:	188a      	adds	r2, r1, r2
100098ee:	438a      	bics	r2, r1
100098f0:	4222      	tst	r2, r4
100098f2:	d10f      	bne.n	10009914 <strlen+0x4c>
100098f4:	6859      	ldr	r1, [r3, #4]
100098f6:	4a09      	ldr	r2, [pc, #36]	@ (1000991c <strlen+0x54>)
100098f8:	3304      	adds	r3, #4
100098fa:	188a      	adds	r2, r1, r2
100098fc:	438a      	bics	r2, r1
100098fe:	4222      	tst	r2, r4
10009900:	d108      	bne.n	10009914 <strlen+0x4c>
10009902:	6859      	ldr	r1, [r3, #4]
10009904:	4a05      	ldr	r2, [pc, #20]	@ (1000991c <strlen+0x54>)
10009906:	3304      	adds	r3, #4
10009908:	188a      	adds	r2, r1, r2
1000990a:	438a      	bics	r2, r1
1000990c:	4222      	tst	r2, r4
1000990e:	d0f1      	beq.n	100098f4 <strlen+0x2c>
10009910:	e000      	b.n	10009914 <strlen+0x4c>
10009912:	3301      	adds	r3, #1
10009914:	781a      	ldrb	r2, [r3, #0]
10009916:	2a00      	cmp	r2, #0
10009918:	d1fb      	bne.n	10009912 <strlen+0x4a>
1000991a:	e7e1      	b.n	100098e0 <strlen+0x18>
1000991c:	fefefeff 	.word	0xfefefeff
10009920:	80808080 	.word	0x80808080

10009924 <_fini>:
10009924:	b5f8      	push	{r3, r4, r5, r6, r7, lr}
10009926:	46c0      	nop			@ (mov r8, r8)

10009928 <__flash_do_cmd_veneer>:
10009928:	b401      	push	{r0}
1000992a:	4802      	ldr	r0, [pc, #8]	@ (10009934 <__flash_do_cmd_veneer+0xc>)
1000992c:	4684      	mov	ip, r0
1000992e:	bc01      	pop	{r0}
10009930:	4760      	bx	ip
10009932:	bf00      	nop
10009934:	200002e9 	.word	0x200002e9

10009938 <__mutex_exit_veneer>:
10009938:	b401      	push	{r0}
1000993a:	4802      	ldr	r0, [pc, #8]	@ (10009944 <__mutex_exit_veneer+0xc>)
1000993c:	4684      	mov	ip, r0
1000993e:	bc01      	pop	{r0}
10009940:	4760      	bx	ip
10009942:	bf00      	nop
10009944:	20000215 	.word	0x20000215

10009948 <____aeabi_ldiv0_veneer>:
10009948:	b401      	push	{r0}
1000994a:	4802      	ldr	r0, [pc, #8]	@ (10009954 <____aeabi_ldiv0_veneer+0xc>)
1000994c:	4684      	mov	ip, r0
1000994e:	bc01      	pop	{r0}
10009950:	4760      	bx	ip
10009952:	bf00      	nop
10009954:	20000f45 	.word	0x20000f45

10009958 <__e15_is_bulkin_ep_veneer>:
10009958:	b401      	push	{r0}
1000995a:	4802      	ldr	r0, [pc, #8]	@ (10009964 <__e15_is_bulkin_ep_veneer+0xc>)
1000995c:	4684      	mov	ip, r0
1000995e:	bc01      	pop	{r0}
10009960:	4760      	bx	ip
10009962:	bf00      	nop
10009964:	20000c01 	.word	0x20000c01

10009968 <__e15_is_critical_frame_period_veneer>:
10009968:	b401      	push	{r0}
1000996a:	4802      	ldr	r0, [pc, #8]	@ (10009974 <__e15_is_critical_frame_period_veneer+0xc>)
1000996c:	4684      	mov	ip, r0
1000996e:	bc01      	pop	{r0}
10009970:	4760      	bx	ip
10009972:	bf00      	nop
10009974:	20000c29 	.word	0x20000c29

10009978 <____aeabi_idiv0_veneer>:
10009978:	b401      	push	{r0}
1000997a:	4802      	ldr	r0, [pc, #8]	@ (10009984 <____aeabi_idiv0_veneer+0xc>)
1000997c:	4684      	mov	ip, r0
1000997e:	bc01      	pop	{r0}
10009980:	4760      	bx	ip
10009982:	bf00      	nop
10009984:	20000f45 	.word	0x20000f45

10009988 <__mutex_try_enter_veneer>:
10009988:	b401      	push	{r0}
1000998a:	4802      	ldr	r0, [pc, #8]	@ (10009994 <__mutex_try_enter_veneer+0xc>)
1000998c:	4684      	mov	ip, r0
1000998e:	bc01      	pop	{r0}
10009990:	4760      	bx	ip
10009992:	bf00      	nop
10009994:	200000c1 	.word	0x200000c1

10009998 <__mutex_enter_timeout_ms_veneer>:
10009998:	b401      	push	{r0}
1000999a:	4802      	ldr	r0, [pc, #8]	@ (100099a4 <__mutex_enter_timeout_ms_veneer+0xc>)
1000999c:	4684      	mov	ip, r0
1000999e:	bc01      	pop	{r0}
100099a0:	4760      	bx	ip
100099a2:	bf00      	nop
100099a4:	200001a1 	.word	0x200001a1

100099a8 <__mutex_try_enter_block_until_veneer>:
100099a8:	b401      	push	{r0}
100099aa:	4802      	ldr	r0, [pc, #8]	@ (100099b4 <__mutex_try_enter_block_until_veneer+0xc>)
100099ac:	4684      	mov	ip, r0
100099ae:	bc01      	pop	{r0}
100099b0:	4760      	bx	ip
100099b2:	bf00      	nop
100099b4:	20000101 	.word	0x20000101

100099b8 <__hw_endpoint_start_next_buffer_veneer>:
100099b8:	b401      	push	{r0}
100099ba:	4802      	ldr	r0, [pc, #8]	@ (100099c4 <__hw_endpoint_start_next_buffer_veneer+0xc>)
100099bc:	4684      	mov	ip, r0
100099be:	bc01      	pop	{r0}
100099c0:	4760      	bx	ip
100099c2:	bf00      	nop
100099c4:	20000cb9 	.word	0x20000cb9

100099c8 <__reset_non_control_endpoints_veneer>:
100099c8:	b401      	push	{r0}
100099ca:	4802      	ldr	r0, [pc, #8]	@ (100099d4 <__reset_non_control_endpoints_veneer+0xc>)
100099cc:	4684      	mov	ip, r0
100099ce:	bc01      	pop	{r0}
100099d0:	4760      	bx	ip
100099d2:	bf00      	nop
100099d4:	20000425 	.word	0x20000425

100099d8 <___hw_endpoint_buffer_control_update32_veneer>:
100099d8:	b401      	push	{r0}
100099da:	4802      	ldr	r0, [pc, #8]	@ (100099e4 <___hw_endpoint_buffer_control_update32_veneer+0xc>)
100099dc:	4684      	mov	ip, r0
100099de:	bc01      	pop	{r0}
100099e0:	4760      	bx	ip
100099e2:	bf00      	nop
100099e4:	20000c69 	.word	0x20000c69

100099e8 <__pre_init_runtime_init_early_resets>:
100099e8:	10001681                                ....

100099ec <__pre_init_runtime_init_usb_power_down>:
100099ec:	100016ad 10001891 10002081 10001f19     ......... ......
100099fc:	10002025                                % ..

10009a00 <__pre_init_runtime_init_clocks>:
10009a00:	100017b9                                ....

10009a04 <__pre_init_runtime_init_post_clock_resets>:
10009a04:	100016c9                                ....

10009a08 <__pre_init_runtime_init_rp2040_gpio_ie_disable>:
10009a08:	100016e9                                ....

10009a0c <__pre_init_runtime_init_spin_locks_reset>:
10009a0c:	100016fd                                ....

10009a10 <__pre_init_runtime_init_mutex>:
10009a10:	10000951                                Q...

10009a14 <__pre_init_runtime_init_install_ram_vector_table>:
10009a14:	10001705                                ....

10009a18 <__pre_init_runtime_init_default_alarm_pool>:
10009a18:	10000d0d                                ....

10009a1c <__pre_init_first_per_core_initializer>:
10009a1c:	10001649                                I...

10009a20 <__pre_init_runtime_init_per_core_irq_priorities>:
10009a20:	1000055d                                ]...

10009a24 <__init_array_start>:
10009a24:	10004385 	.word	0x10004385

10009a28 <__frame_dummy_init_array_entry>:
10009a28:	100002b1 10006c21                       ....!l..

Disassembly of section .data:

200000c0 <mutex_try_enter>:
200000c0:	b570      	push	{r4, r5, r6, lr}
200000c2:	6802      	ldr	r2, [r0, #0]
200000c4:	0004      	movs	r4, r0
200000c6:	f3ef 8510 	mrs	r5, PRIMASK
200000ca:	b672      	cpsid	i
200000cc:	6813      	ldr	r3, [r2, #0]
200000ce:	2b00      	cmp	r3, #0
200000d0:	d0fc      	beq.n	200000cc <mutex_try_enter+0xc>
200000d2:	f3bf 8f5f 	dmb	sy
200000d6:	6863      	ldr	r3, [r4, #4]
200000d8:	1c5a      	adds	r2, r3, #1
200000da:	d00b      	beq.n	200000f4 <mutex_try_enter+0x34>
200000dc:	2900      	cmp	r1, #0
200000de:	d000      	beq.n	200000e2 <mutex_try_enter+0x22>
200000e0:	600b      	str	r3, [r1, #0]
200000e2:	2000      	movs	r0, #0
200000e4:	6823      	ldr	r3, [r4, #0]
200000e6:	f3bf 8f5f 	dmb	sy
200000ea:	2200      	movs	r2, #0
200000ec:	601a      	str	r2, [r3, #0]
200000ee:	f385 8810 	msr	PRIMASK, r5
200000f2:	bd70      	pop	{r4, r5, r6, pc}
200000f4:	f000 ff30 	bl	20000f58 <__ulPortLockGetCurrentOwnerId_veneer>
200000f8:	6060      	str	r0, [r4, #4]
200000fa:	2001      	movs	r0, #1
200000fc:	e7f2      	b.n	200000e4 <mutex_try_enter+0x24>
200000fe:	46c0      	nop			@ (mov r8, r8)

20000100 <mutex_try_enter_block_until>:
20000100:	b5f0      	push	{r4, r5, r6, r7, lr}
20000102:	46c6      	mov	lr, r8
20000104:	0016      	movs	r6, r2
20000106:	b500      	push	{lr}
20000108:	0004      	movs	r4, r0
2000010a:	001f      	movs	r7, r3
2000010c:	6802      	ldr	r2, [r0, #0]
2000010e:	f3ef 8810 	mrs	r8, PRIMASK
20000112:	b672      	cpsid	i
20000114:	6813      	ldr	r3, [r2, #0]
20000116:	2b00      	cmp	r3, #0
20000118:	d0fc      	beq.n	20000114 <mutex_try_enter_block_until+0x14>
2000011a:	f3bf 8f5f 	dmb	sy
2000011e:	6865      	ldr	r5, [r4, #4]
20000120:	1c6b      	adds	r3, r5, #1
20000122:	d00e      	beq.n	20000142 <mutex_try_enter_block_until+0x42>
20000124:	6823      	ldr	r3, [r4, #0]
20000126:	f3bf 8f5f 	dmb	sy
2000012a:	2200      	movs	r2, #0
2000012c:	601a      	str	r2, [r3, #0]
2000012e:	f388 8810 	msr	PRIMASK, r8
20000132:	f000 ff11 	bl	20000f58 <__ulPortLockGetCurrentOwnerId_veneer>
20000136:	42a8      	cmp	r0, r5
20000138:	d10f      	bne.n	2000015a <mutex_try_enter_block_until+0x5a>
2000013a:	2000      	movs	r0, #0
2000013c:	bc80      	pop	{r7}
2000013e:	46b8      	mov	r8, r7
20000140:	bdf0      	pop	{r4, r5, r6, r7, pc}
20000142:	f000 ff09 	bl	20000f58 <__ulPortLockGetCurrentOwnerId_veneer>
20000146:	6823      	ldr	r3, [r4, #0]
20000148:	6060      	str	r0, [r4, #4]
2000014a:	f3bf 8f5f 	dmb	sy
2000014e:	2200      	movs	r2, #0
20000150:	601a      	str	r2, [r3, #0]
20000152:	f388 8810 	msr	PRIMASK, r8
20000156:	2001      	movs	r0, #1
20000158:	e7f0      	b.n	2000013c <mutex_try_enter_block_until+0x3c>
2000015a:	f000 fefd 	bl	20000f58 <__ulPortLockGetCurrentOwnerId_veneer>
2000015e:	4680      	mov	r8, r0
20000160:	e006      	b.n	20000170 <mutex_try_enter_block_until+0x70>
20000162:	0032      	movs	r2, r6
20000164:	003b      	movs	r3, r7
20000166:	0020      	movs	r0, r4
20000168:	f000 ff06 	bl	20000f78 <__xPortLockInternalSpinUnlockWithBestEffortWaitOrTimeout_veneer>
2000016c:	2800      	cmp	r0, #0
2000016e:	d1e4      	bne.n	2000013a <mutex_try_enter_block_until+0x3a>
20000170:	6822      	ldr	r2, [r4, #0]
20000172:	f3ef 8110 	mrs	r1, PRIMASK
20000176:	b672      	cpsid	i
20000178:	6813      	ldr	r3, [r2, #0]
2000017a:	2b00      	cmp	r3, #0
2000017c:	d0fc      	beq.n	20000178 <mutex_try_enter_block_until+0x78>
2000017e:	f3bf 8f5f 	dmb	sy
20000182:	6865      	ldr	r5, [r4, #4]
20000184:	3501      	adds	r5, #1
20000186:	d1ec      	bne.n	20000162 <mutex_try_enter_block_until+0x62>
20000188:	4643      	mov	r3, r8
2000018a:	6063      	str	r3, [r4, #4]
2000018c:	6823      	ldr	r3, [r4, #0]
2000018e:	f3bf 8f5f 	dmb	sy
20000192:	2200      	movs	r2, #0
20000194:	601a      	str	r2, [r3, #0]
20000196:	f381 8810 	msr	PRIMASK, r1
2000019a:	2001      	movs	r0, #1
2000019c:	e7ce      	b.n	2000013c <mutex_try_enter_block_until+0x3c>
2000019e:	46c0      	nop			@ (mov r8, r8)

200001a0 <mutex_enter_timeout_ms>:
200001a0:	b5f8      	push	{r3, r4, r5, r6, r7, lr}
200001a2:	000d      	movs	r5, r1
200001a4:	0004      	movs	r4, r0
200001a6:	f000 ff07 	bl	20000fb8 <__time_us_64_veneer>
200001aa:	22fa      	movs	r2, #250	@ 0xfa
200001ac:	0006      	movs	r6, r0
200001ae:	000f      	movs	r7, r1
200001b0:	2300      	movs	r3, #0
200001b2:	0028      	movs	r0, r5
200001b4:	2100      	movs	r1, #0
200001b6:	0092      	lsls	r2, r2, #2
200001b8:	f000 fec6 	bl	20000f48 <____wrap___aeabi_lmul_veneer>
200001bc:	1836      	adds	r6, r6, r0
200001be:	414f      	adcs	r7, r1
200001c0:	2f00      	cmp	r7, #0
200001c2:	da02      	bge.n	200001ca <mutex_enter_timeout_ms+0x2a>
200001c4:	2601      	movs	r6, #1
200001c6:	4f12      	ldr	r7, [pc, #72]	@ (20000210 <mutex_enter_timeout_ms+0x70>)
200001c8:	4276      	negs	r6, r6
200001ca:	f000 fec5 	bl	20000f58 <__ulPortLockGetCurrentOwnerId_veneer>
200001ce:	0005      	movs	r5, r0
200001d0:	e006      	b.n	200001e0 <mutex_enter_timeout_ms+0x40>
200001d2:	0032      	movs	r2, r6
200001d4:	003b      	movs	r3, r7
200001d6:	0020      	movs	r0, r4
200001d8:	f000 fece 	bl	20000f78 <__xPortLockInternalSpinUnlockWithBestEffortWaitOrTimeout_veneer>
200001dc:	2800      	cmp	r0, #0
200001de:	d115      	bne.n	2000020c <mutex_enter_timeout_ms+0x6c>
200001e0:	6822      	ldr	r2, [r4, #0]
200001e2:	f3ef 8110 	mrs	r1, PRIMASK
200001e6:	b672      	cpsid	i
200001e8:	6813      	ldr	r3, [r2, #0]
200001ea:	2b00      	cmp	r3, #0
200001ec:	d0fc      	beq.n	200001e8 <mutex_enter_timeout_ms+0x48>
200001ee:	f3bf 8f5f 	dmb	sy
200001f2:	6863      	ldr	r3, [r4, #4]
200001f4:	3301      	adds	r3, #1
200001f6:	d1ec      	bne.n	200001d2 <mutex_enter_timeout_ms+0x32>
200001f8:	6065      	str	r5, [r4, #4]
200001fa:	6823      	ldr	r3, [r4, #0]
200001fc:	f3bf 8f5f 	dmb	sy
20000200:	2200      	movs	r2, #0
20000202:	601a      	str	r2, [r3, #0]
20000204:	f381 8810 	msr	PRIMASK, r1
20000208:	2001      	movs	r0, #1
2000020a:	bdf8      	pop	{r3, r4, r5, r6, r7, pc}
2000020c:	2000      	movs	r0, #0
2000020e:	e7fc      	b.n	2000020a <mutex_enter_timeout_ms+0x6a>
20000210:	7fffffff 	.word	0x7fffffff

20000214 <mutex_exit>:
20000214:	b510      	push	{r4, lr}
20000216:	6802      	ldr	r2, [r0, #0]
20000218:	f3ef 8110 	mrs	r1, PRIMASK
2000021c:	b672      	cpsid	i
2000021e:	6813      	ldr	r3, [r2, #0]
20000220:	2b00      	cmp	r3, #0
20000222:	d0fc      	beq.n	2000021e <mutex_exit+0xa>
20000224:	f3bf 8f5f 	dmb	sy
20000228:	2301      	movs	r3, #1
2000022a:	425b      	negs	r3, r3
2000022c:	6043      	str	r3, [r0, #4]
2000022e:	f000 fecb 	bl	20000fc8 <__vPortLockInternalSpinUnlockWithNotify_veneer>
20000232:	bd10      	pop	{r4, pc}

20000234 <flash_init_boot2_copyout>:
20000234:	b510      	push	{r4, lr}
20000236:	4c08      	ldr	r4, [pc, #32]	@ (20000258 <flash_init_boot2_copyout+0x24>)
20000238:	7823      	ldrb	r3, [r4, #0]
2000023a:	2b00      	cmp	r3, #0
2000023c:	d10a      	bne.n	20000254 <flash_init_boot2_copyout+0x20>
2000023e:	2380      	movs	r3, #128	@ 0x80
20000240:	4806      	ldr	r0, [pc, #24]	@ (2000025c <flash_init_boot2_copyout+0x28>)
20000242:	4907      	ldr	r1, [pc, #28]	@ (20000260 <flash_init_boot2_copyout+0x2c>)
20000244:	055b      	lsls	r3, r3, #21
20000246:	681a      	ldr	r2, [r3, #0]
20000248:	50c2      	str	r2, [r0, r3]
2000024a:	3304      	adds	r3, #4
2000024c:	428b      	cmp	r3, r1
2000024e:	d1fa      	bne.n	20000246 <flash_init_boot2_copyout+0x12>
20000250:	2301      	movs	r3, #1
20000252:	7023      	strb	r3, [r4, #0]
20000254:	bd10      	pop	{r4, pc}
20000256:	46c0      	nop			@ (mov r8, r8)
20000258:	20022493 	.word	0x20022493
2000025c:	10001918 	.word	0x10001918
20000260:	10000100 	.word	0x10000100

20000264 <flash_enable_xip_via_boot2>:
20000264:	b510      	push	{r4, lr}
20000266:	4b01      	ldr	r3, [pc, #4]	@ (2000026c <flash_enable_xip_via_boot2+0x8>)
20000268:	4798      	blx	r3
2000026a:	bd10      	pop	{r4, pc}
2000026c:	20001919 	.word	0x20001919

20000270 <flash_save_hardware_state>:
20000270:	4b06      	ldr	r3, [pc, #24]	@ (2000028c <flash_save_hardware_state+0x1c>)
20000272:	685a      	ldr	r2, [r3, #4]
20000274:	6002      	str	r2, [r0, #0]
20000276:	689a      	ldr	r2, [r3, #8]
20000278:	6042      	str	r2, [r0, #4]
2000027a:	68da      	ldr	r2, [r3, #12]
2000027c:	6082      	str	r2, [r0, #8]
2000027e:	691a      	ldr	r2, [r3, #16]
20000280:	60c2      	str	r2, [r0, #12]
20000282:	695a      	ldr	r2, [r3, #20]
20000284:	6102      	str	r2, [r0, #16]
20000286:	699b      	ldr	r3, [r3, #24]
20000288:	6143      	str	r3, [r0, #20]
2000028a:	4770      	bx	lr
2000028c:	40020000 	.word	0x40020000

20000290 <flash_restore_hardware_state>:
20000290:	6802      	ldr	r2, [r0, #0]
20000292:	4b06      	ldr	r3, [pc, #24]	@ (200002ac <flash_restore_hardware_state+0x1c>)
20000294:	605a      	str	r2, [r3, #4]
20000296:	6842      	ldr	r2, [r0, #4]
20000298:	609a      	str	r2, [r3, #8]
2000029a:	6882      	ldr	r2, [r0, #8]
2000029c:	60da      	str	r2, [r3, #12]
2000029e:	68c2      	ldr	r2, [r0, #12]
200002a0:	611a      	str	r2, [r3, #16]
200002a2:	6902      	ldr	r2, [r0, #16]
200002a4:	615a      	str	r2, [r3, #20]
200002a6:	6942      	ldr	r2, [r0, #20]
200002a8:	619a      	str	r2, [r3, #24]
200002aa:	4770      	bx	lr
200002ac:	40020000 	.word	0x40020000

200002b0 <flash_cs_force.constprop.0>:
200002b0:	4b03      	ldr	r3, [pc, #12]	@ (200002c0 <flash_cs_force.constprop.0+0x10>)
200002b2:	681a      	ldr	r2, [r3, #0]
200002b4:	23c0      	movs	r3, #192	@ 0xc0
200002b6:	009b      	lsls	r3, r3, #2
200002b8:	4393      	bics	r3, r2
200002ba:	4a02      	ldr	r2, [pc, #8]	@ (200002c4 <flash_cs_force.constprop.0+0x14>)
200002bc:	6013      	str	r3, [r2, #0]
200002be:	4770      	bx	lr
200002c0:	4001800c 	.word	0x4001800c
200002c4:	4001900c 	.word	0x4001900c

200002c8 <flash_cs_force.constprop.1>:
200002c8:	4b05      	ldr	r3, [pc, #20]	@ (200002e0 <flash_cs_force.constprop.1+0x18>)
200002ca:	681a      	ldr	r2, [r3, #0]
200002cc:	2380      	movs	r3, #128	@ 0x80
200002ce:	009b      	lsls	r3, r3, #2
200002d0:	4053      	eors	r3, r2
200002d2:	22c0      	movs	r2, #192	@ 0xc0
200002d4:	0092      	lsls	r2, r2, #2
200002d6:	4013      	ands	r3, r2
200002d8:	4a02      	ldr	r2, [pc, #8]	@ (200002e4 <flash_cs_force.constprop.1+0x1c>)
200002da:	6013      	str	r3, [r2, #0]
200002dc:	4770      	bx	lr
200002de:	46c0      	nop			@ (mov r8, r8)
200002e0:	4001800c 	.word	0x4001800c
200002e4:	4001900c 	.word	0x4001900c

200002e8 <flash_do_cmd>:
200002e8:	2300      	movs	r3, #0
200002ea:	b5f0      	push	{r4, r5, r6, r7, lr}
200002ec:	46de      	mov	lr, fp
200002ee:	4657      	mov	r7, sl
200002f0:	464e      	mov	r6, r9
200002f2:	4645      	mov	r5, r8
200002f4:	469a      	mov	sl, r3
200002f6:	b5e0      	push	{r5, r6, r7, lr}
200002f8:	b089      	sub	sp, #36	@ 0x24
200002fa:	9001      	str	r0, [sp, #4]
200002fc:	000e      	movs	r6, r1
200002fe:	8a98      	ldrh	r0, [r3, #20]
20000300:	4945      	ldr	r1, [pc, #276]	@ (20000418 <flash_do_cmd+0x130>)
20000302:	8b1b      	ldrh	r3, [r3, #24]
20000304:	0014      	movs	r4, r2
20000306:	4798      	blx	r3
20000308:	4653      	mov	r3, sl
2000030a:	4681      	mov	r9, r0
2000030c:	4943      	ldr	r1, [pc, #268]	@ (2000041c <flash_do_cmd+0x134>)
2000030e:	8a98      	ldrh	r0, [r3, #20]
20000310:	8b1b      	ldrh	r3, [r3, #24]
20000312:	4798      	blx	r3
20000314:	4653      	mov	r3, sl
20000316:	4942      	ldr	r1, [pc, #264]	@ (20000420 <flash_do_cmd+0x138>)
20000318:	0005      	movs	r5, r0
2000031a:	8a98      	ldrh	r0, [r3, #20]
2000031c:	8b1b      	ldrh	r3, [r3, #24]
2000031e:	4798      	blx	r3
20000320:	4680      	mov	r8, r0
20000322:	f7ff ff87 	bl	20000234 <flash_init_boot2_copyout>
20000326:	a802      	add	r0, sp, #8
20000328:	f7ff ffa2 	bl	20000270 <flash_save_hardware_state>
2000032c:	47c8      	blx	r9
2000032e:	47a8      	blx	r5
20000330:	f7ff ffca 	bl	200002c8 <flash_cs_force.constprop.1>
20000334:	1e25      	subs	r5, r4, #0
20000336:	d022      	beq.n	2000037e <flash_do_cmd+0x96>
20000338:	2308      	movs	r3, #8
2000033a:	21c0      	movs	r1, #192	@ 0xc0
2000033c:	469c      	mov	ip, r3
2000033e:	2002      	movs	r0, #2
20000340:	0549      	lsls	r1, r1, #21
20000342:	4662      	mov	r2, ip
20000344:	6a8b      	ldr	r3, [r1, #40]	@ 0x28
20000346:	401a      	ands	r2, r3
20000348:	4218      	tst	r0, r3
2000034a:	d03f      	beq.n	200003cc <flash_do_cmd+0xe4>
2000034c:	1b63      	subs	r3, r4, r5
2000034e:	2d00      	cmp	r5, #0
20000350:	d12f      	bne.n	200003b2 <flash_do_cmd+0xca>
20000352:	2a00      	cmp	r2, #0
20000354:	d111      	bne.n	2000037a <flash_do_cmd+0x92>
20000356:	2c00      	cmp	r4, #0
20000358:	d011      	beq.n	2000037e <flash_do_cmd+0x96>
2000035a:	23c0      	movs	r3, #192	@ 0xc0
2000035c:	055b      	lsls	r3, r3, #21
2000035e:	469b      	mov	fp, r3
20000360:	2302      	movs	r3, #2
20000362:	469a      	mov	sl, r3
20000364:	3306      	adds	r3, #6
20000366:	4699      	mov	r9, r3
20000368:	465b      	mov	r3, fp
2000036a:	464a      	mov	r2, r9
2000036c:	4657      	mov	r7, sl
2000036e:	6a9b      	ldr	r3, [r3, #40]	@ 0x28
20000370:	401a      	ands	r2, r3
20000372:	421f      	tst	r7, r3
20000374:	d042      	beq.n	200003fc <flash_do_cmd+0x114>
20000376:	2a00      	cmp	r2, #0
20000378:	d0f6      	beq.n	20000368 <flash_do_cmd+0x80>
2000037a:	2c00      	cmp	r4, #0
2000037c:	d130      	bne.n	200003e0 <flash_do_cmd+0xf8>
2000037e:	f7ff ff97 	bl	200002b0 <flash_cs_force.constprop.0>
20000382:	47c0      	blx	r8
20000384:	f7ff ff6e 	bl	20000264 <flash_enable_xip_via_boot2>
20000388:	a802      	add	r0, sp, #8
2000038a:	f7ff ff81 	bl	20000290 <flash_restore_hardware_state>
2000038e:	b009      	add	sp, #36	@ 0x24
20000390:	bcf0      	pop	{r4, r5, r6, r7}
20000392:	46bb      	mov	fp, r7
20000394:	46b2      	mov	sl, r6
20000396:	46a9      	mov	r9, r5
20000398:	46a0      	mov	r8, r4
2000039a:	bdf0      	pop	{r4, r5, r6, r7, pc}
2000039c:	2c00      	cmp	r4, #0
2000039e:	d12f      	bne.n	20000400 <flash_do_cmd+0x118>
200003a0:	22c0      	movs	r2, #192	@ 0xc0
200003a2:	0552      	lsls	r2, r2, #21
200003a4:	6a92      	ldr	r2, [r2, #40]	@ 0x28
200003a6:	4691      	mov	r9, r2
200003a8:	2208      	movs	r2, #8
200003aa:	464f      	mov	r7, r9
200003ac:	403a      	ands	r2, r7
200003ae:	07bf      	lsls	r7, r7, #30
200003b0:	d52d      	bpl.n	2000040e <flash_do_cmd+0x126>
200003b2:	2b0d      	cmp	r3, #13
200003b4:	d91b      	bls.n	200003ee <flash_do_cmd+0x106>
200003b6:	2a00      	cmp	r2, #0
200003b8:	d1f0      	bne.n	2000039c <flash_do_cmd+0xb4>
200003ba:	22c0      	movs	r2, #192	@ 0xc0
200003bc:	0552      	lsls	r2, r2, #21
200003be:	6a92      	ldr	r2, [r2, #40]	@ 0x28
200003c0:	4691      	mov	r9, r2
200003c2:	2208      	movs	r2, #8
200003c4:	464f      	mov	r7, r9
200003c6:	403a      	ands	r2, r7
200003c8:	07bf      	lsls	r7, r7, #30
200003ca:	d4f2      	bmi.n	200003b2 <flash_do_cmd+0xca>
200003cc:	2a00      	cmp	r2, #0
200003ce:	d104      	bne.n	200003da <flash_do_cmd+0xf2>
200003d0:	002b      	movs	r3, r5
200003d2:	4323      	orrs	r3, r4
200003d4:	2b00      	cmp	r3, #0
200003d6:	d1b4      	bne.n	20000342 <flash_do_cmd+0x5a>
200003d8:	e7d1      	b.n	2000037e <flash_do_cmd+0x96>
200003da:	002b      	movs	r3, r5
200003dc:	2c00      	cmp	r4, #0
200003de:	d0f9      	beq.n	200003d4 <flash_do_cmd+0xec>
200003e0:	6e0b      	ldr	r3, [r1, #96]	@ 0x60
200003e2:	3c01      	subs	r4, #1
200003e4:	7033      	strb	r3, [r6, #0]
200003e6:	0023      	movs	r3, r4
200003e8:	3601      	adds	r6, #1
200003ea:	432b      	orrs	r3, r5
200003ec:	e7f2      	b.n	200003d4 <flash_do_cmd+0xec>
200003ee:	9f01      	ldr	r7, [sp, #4]
200003f0:	3d01      	subs	r5, #1
200003f2:	783b      	ldrb	r3, [r7, #0]
200003f4:	3701      	adds	r7, #1
200003f6:	660b      	str	r3, [r1, #96]	@ 0x60
200003f8:	9701      	str	r7, [sp, #4]
200003fa:	e7e7      	b.n	200003cc <flash_do_cmd+0xe4>
200003fc:	2500      	movs	r5, #0
200003fe:	e7e5      	b.n	200003cc <flash_do_cmd+0xe4>
20000400:	23c0      	movs	r3, #192	@ 0xc0
20000402:	055b      	lsls	r3, r3, #21
20000404:	6e1b      	ldr	r3, [r3, #96]	@ 0x60
20000406:	3c01      	subs	r4, #1
20000408:	7033      	strb	r3, [r6, #0]
2000040a:	3601      	adds	r6, #1
2000040c:	e799      	b.n	20000342 <flash_do_cmd+0x5a>
2000040e:	002b      	movs	r3, r5
20000410:	2a00      	cmp	r2, #0
20000412:	d1df      	bne.n	200003d4 <flash_do_cmd+0xec>
20000414:	e7dc      	b.n	200003d0 <flash_do_cmd+0xe8>
20000416:	46c0      	nop			@ (mov r8, r8)
20000418:	00004649 	.word	0x00004649
2000041c:	00005845 	.word	0x00005845
20000420:	00004346 	.word	0x00004346

20000424 <reset_non_control_endpoints>:
20000424:	2200      	movs	r2, #0
20000426:	4b15      	ldr	r3, [pc, #84]	@ (2000047c <reset_non_control_endpoints+0x58>)
20000428:	b510      	push	{r4, lr}
2000042a:	609a      	str	r2, [r3, #8]
2000042c:	60da      	str	r2, [r3, #12]
2000042e:	611a      	str	r2, [r3, #16]
20000430:	615a      	str	r2, [r3, #20]
20000432:	619a      	str	r2, [r3, #24]
20000434:	61da      	str	r2, [r3, #28]
20000436:	621a      	str	r2, [r3, #32]
20000438:	625a      	str	r2, [r3, #36]	@ 0x24
2000043a:	629a      	str	r2, [r3, #40]	@ 0x28
2000043c:	62da      	str	r2, [r3, #44]	@ 0x2c
2000043e:	631a      	str	r2, [r3, #48]	@ 0x30
20000440:	635a      	str	r2, [r3, #52]	@ 0x34
20000442:	639a      	str	r2, [r3, #56]	@ 0x38
20000444:	63da      	str	r2, [r3, #60]	@ 0x3c
20000446:	641a      	str	r2, [r3, #64]	@ 0x40
20000448:	645a      	str	r2, [r3, #68]	@ 0x44
2000044a:	649a      	str	r2, [r3, #72]	@ 0x48
2000044c:	64da      	str	r2, [r3, #76]	@ 0x4c
2000044e:	651a      	str	r2, [r3, #80]	@ 0x50
20000450:	655a      	str	r2, [r3, #84]	@ 0x54
20000452:	659a      	str	r2, [r3, #88]	@ 0x58
20000454:	65da      	str	r2, [r3, #92]	@ 0x5c
20000456:	661a      	str	r2, [r3, #96]	@ 0x60
20000458:	665a      	str	r2, [r3, #100]	@ 0x64
2000045a:	669a      	str	r2, [r3, #104]	@ 0x68
2000045c:	66da      	str	r2, [r3, #108]	@ 0x6c
2000045e:	671a      	str	r2, [r3, #112]	@ 0x70
20000460:	675a      	str	r2, [r3, #116]	@ 0x74
20000462:	679a      	str	r2, [r3, #120]	@ 0x78
20000464:	67da      	str	r2, [r3, #124]	@ 0x7c
20000466:	32f0      	adds	r2, #240	@ 0xf0
20000468:	0092      	lsls	r2, r2, #2
2000046a:	2100      	movs	r1, #0
2000046c:	4804      	ldr	r0, [pc, #16]	@ (20000480 <reset_non_control_endpoints+0x5c>)
2000046e:	f000 fd7b 	bl	20000f68 <____wrap_memset_veneer>
20000472:	4b04      	ldr	r3, [pc, #16]	@ (20000484 <reset_non_control_endpoints+0x60>)
20000474:	4a04      	ldr	r2, [pc, #16]	@ (20000488 <reset_non_control_endpoints+0x64>)
20000476:	601a      	str	r2, [r3, #0]
20000478:	bd10      	pop	{r4, pc}
2000047a:	46c0      	nop			@ (mov r8, r8)
2000047c:	50100000 	.word	0x50100000
20000480:	20001bdc 	.word	0x20001bdc
20000484:	20001fa4 	.word	0x20001fa4
20000488:	50100180 	.word	0x50100180

2000048c <hw_handle_buff_status>:
2000048c:	b5f0      	push	{r4, r5, r6, r7, lr}
2000048e:	464e      	mov	r6, r9
20000490:	4645      	mov	r5, r8
20000492:	46de      	mov	lr, fp
20000494:	4657      	mov	r7, sl
20000496:	b5e0      	push	{r5, r6, r7, lr}
20000498:	4b21      	ldr	r3, [pc, #132]	@ (20000520 <hw_handle_buff_status+0x94>)
2000049a:	2400      	movs	r4, #0
2000049c:	6d9e      	ldr	r6, [r3, #88]	@ 0x58
2000049e:	2501      	movs	r5, #1
200004a0:	b085      	sub	sp, #20
200004a2:	2e00      	cmp	r6, #0
200004a4:	d022      	beq.n	200004ec <hw_handle_buff_status+0x60>
200004a6:	4b1f      	ldr	r3, [pc, #124]	@ (20000524 <hw_handle_buff_status+0x98>)
200004a8:	469a      	mov	sl, r3
200004aa:	2301      	movs	r3, #1
200004ac:	4699      	mov	r9, r3
200004ae:	4b1e      	ldr	r3, [pc, #120]	@ (20000528 <hw_handle_buff_status+0x9c>)
200004b0:	4698      	mov	r8, r3
200004b2:	e001      	b.n	200004b8 <hw_handle_buff_status+0x2c>
200004b4:	2c20      	cmp	r4, #32
200004b6:	d019      	beq.n	200004ec <hw_handle_buff_status+0x60>
200004b8:	002a      	movs	r2, r5
200004ba:	0023      	movs	r3, r4
200004bc:	3401      	adds	r4, #1
200004be:	002f      	movs	r7, r5
200004c0:	4032      	ands	r2, r6
200004c2:	b2e4      	uxtb	r4, r4
200004c4:	006d      	lsls	r5, r5, #1
200004c6:	2a00      	cmp	r2, #0
200004c8:	d0f4      	beq.n	200004b4 <hw_handle_buff_status+0x28>
200004ca:	4652      	mov	r2, sl
200004cc:	6597      	str	r7, [r2, #88]	@ 0x58
200004ce:	464a      	mov	r2, r9
200004d0:	085b      	lsrs	r3, r3, #1
200004d2:	005b      	lsls	r3, r3, #1
200004d4:	4022      	ands	r2, r4
200004d6:	189b      	adds	r3, r3, r2
200004d8:	015b      	lsls	r3, r3, #5
200004da:	4443      	add	r3, r8
200004dc:	0018      	movs	r0, r3
200004de:	469b      	mov	fp, r3
200004e0:	f000 fc1e 	bl	20000d20 <hw_endpoint_xfer_continue>
200004e4:	2800      	cmp	r0, #0
200004e6:	d108      	bne.n	200004fa <hw_handle_buff_status+0x6e>
200004e8:	43be      	bics	r6, r7
200004ea:	d1e3      	bne.n	200004b4 <hw_handle_buff_status+0x28>
200004ec:	b005      	add	sp, #20
200004ee:	bcf0      	pop	{r4, r5, r6, r7}
200004f0:	46bb      	mov	fp, r7
200004f2:	46b2      	mov	sl, r6
200004f4:	46a9      	mov	r9, r5
200004f6:	46a0      	mov	r8, r4
200004f8:	bdf0      	pop	{r4, r5, r6, r7, pc}
200004fa:	465b      	mov	r3, fp
200004fc:	21e0      	movs	r1, #224	@ 0xe0
200004fe:	789a      	ldrb	r2, [r3, #2]
20000500:	8adb      	ldrh	r3, [r3, #22]
20000502:	a801      	add	r0, sp, #4
20000504:	6083      	str	r3, [r0, #8]
20000506:	2300      	movs	r3, #0
20000508:	00c9      	lsls	r1, r1, #3
2000050a:	8001      	strh	r1, [r0, #0]
2000050c:	2101      	movs	r1, #1
2000050e:	7102      	strb	r2, [r0, #4]
20000510:	7143      	strb	r3, [r0, #5]
20000512:	f000 fc25 	bl	20000d60 <dcd_event_handler>
20000516:	4658      	mov	r0, fp
20000518:	f000 fba0 	bl	20000c5c <hw_endpoint_reset_transfer>
2000051c:	e7e4      	b.n	200004e8 <hw_handle_buff_status+0x5c>
2000051e:	46c0      	nop			@ (mov r8, r8)
20000520:	50110000 	.word	0x50110000
20000524:	50113000 	.word	0x50113000
20000528:	20001b9c 	.word	0x20001b9c

2000052c <dcd_rp2040_irq>:
2000052c:	2398      	movs	r3, #152	@ 0x98
2000052e:	b5f0      	push	{r4, r5, r6, r7, lr}
20000530:	46c6      	mov	lr, r8
20000532:	4ac8      	ldr	r2, [pc, #800]	@ (20000854 <dcd_rp2040_irq+0x328>)
20000534:	b500      	push	{lr}
20000536:	58d5      	ldr	r5, [r2, r3]
20000538:	2380      	movs	r3, #128	@ 0x80
2000053a:	002e      	movs	r6, r5
2000053c:	029b      	lsls	r3, r3, #10
2000053e:	2410      	movs	r4, #16
20000540:	b084      	sub	sp, #16
20000542:	401e      	ands	r6, r3
20000544:	421d      	tst	r5, r3
20000546:	d074      	beq.n	20000632 <dcd_rp2040_irq+0x106>
20000548:	4bc3      	ldr	r3, [pc, #780]	@ (20000858 <dcd_rp2040_irq+0x32c>)
2000054a:	4cc4      	ldr	r4, [pc, #784]	@ (2000085c <dcd_rp2040_irq+0x330>)
2000054c:	6a9a      	ldr	r2, [r3, #40]	@ 0x28
2000054e:	4bc4      	ldr	r3, [pc, #784]	@ (20000860 <dcd_rp2040_irq+0x334>)
20000550:	2600      	movs	r6, #0
20000552:	601a      	str	r2, [r3, #0]
20000554:	233b      	movs	r3, #59	@ 0x3b
20000556:	5ce3      	ldrb	r3, [r4, r3]
20000558:	2b02      	cmp	r3, #2
2000055a:	d100      	bne.n	2000055e <dcd_rp2040_irq+0x32>
2000055c:	e14f      	b.n	200007fe <dcd_rp2040_irq+0x2d2>
2000055e:	237b      	movs	r3, #123	@ 0x7b
20000560:	5ce3      	ldrb	r3, [r4, r3]
20000562:	2b02      	cmp	r3, #2
20000564:	d100      	bne.n	20000568 <dcd_rp2040_irq+0x3c>
20000566:	e0f3      	b.n	20000750 <dcd_rp2040_irq+0x224>
20000568:	23bb      	movs	r3, #187	@ 0xbb
2000056a:	5ce3      	ldrb	r3, [r4, r3]
2000056c:	2b02      	cmp	r3, #2
2000056e:	d100      	bne.n	20000572 <dcd_rp2040_irq+0x46>
20000570:	e0fa      	b.n	20000768 <dcd_rp2040_irq+0x23c>
20000572:	23fb      	movs	r3, #251	@ 0xfb
20000574:	5ce3      	ldrb	r3, [r4, r3]
20000576:	2b02      	cmp	r3, #2
20000578:	d100      	bne.n	2000057c <dcd_rp2040_irq+0x50>
2000057a:	e101      	b.n	20000780 <dcd_rp2040_irq+0x254>
2000057c:	233c      	movs	r3, #60	@ 0x3c
2000057e:	33ff      	adds	r3, #255	@ 0xff
20000580:	5ce3      	ldrb	r3, [r4, r3]
20000582:	2b02      	cmp	r3, #2
20000584:	d100      	bne.n	20000588 <dcd_rp2040_irq+0x5c>
20000586:	e12d      	b.n	200007e4 <dcd_rp2040_irq+0x2b8>
20000588:	237c      	movs	r3, #124	@ 0x7c
2000058a:	33ff      	adds	r3, #255	@ 0xff
2000058c:	5ce3      	ldrb	r3, [r4, r3]
2000058e:	2b02      	cmp	r3, #2
20000590:	d100      	bne.n	20000594 <dcd_rp2040_irq+0x68>
20000592:	e10e      	b.n	200007b2 <dcd_rp2040_irq+0x286>
20000594:	23bc      	movs	r3, #188	@ 0xbc
20000596:	33ff      	adds	r3, #255	@ 0xff
20000598:	5ce3      	ldrb	r3, [r4, r3]
2000059a:	2b02      	cmp	r3, #2
2000059c:	d100      	bne.n	200005a0 <dcd_rp2040_irq+0x74>
2000059e:	e13f      	b.n	20000820 <dcd_rp2040_irq+0x2f4>
200005a0:	23fc      	movs	r3, #252	@ 0xfc
200005a2:	33ff      	adds	r3, #255	@ 0xff
200005a4:	5ce3      	ldrb	r3, [r4, r3]
200005a6:	2b02      	cmp	r3, #2
200005a8:	d100      	bne.n	200005ac <dcd_rp2040_irq+0x80>
200005aa:	e0f5      	b.n	20000798 <dcd_rp2040_irq+0x26c>
200005ac:	4bad      	ldr	r3, [pc, #692]	@ (20000864 <dcd_rp2040_irq+0x338>)
200005ae:	5ce3      	ldrb	r3, [r4, r3]
200005b0:	2b02      	cmp	r3, #2
200005b2:	d100      	bne.n	200005b6 <dcd_rp2040_irq+0x8a>
200005b4:	e174      	b.n	200008a0 <dcd_rp2040_irq+0x374>
200005b6:	4bac      	ldr	r3, [pc, #688]	@ (20000868 <dcd_rp2040_irq+0x33c>)
200005b8:	5ce3      	ldrb	r3, [r4, r3]
200005ba:	2b02      	cmp	r3, #2
200005bc:	d100      	bne.n	200005c0 <dcd_rp2040_irq+0x94>
200005be:	e105      	b.n	200007cc <dcd_rp2040_irq+0x2a0>
200005c0:	4baa      	ldr	r3, [pc, #680]	@ (2000086c <dcd_rp2040_irq+0x340>)
200005c2:	5ce3      	ldrb	r3, [r4, r3]
200005c4:	2b02      	cmp	r3, #2
200005c6:	d100      	bne.n	200005ca <dcd_rp2040_irq+0x9e>
200005c8:	e175      	b.n	200008b6 <dcd_rp2040_irq+0x38a>
200005ca:	4ba9      	ldr	r3, [pc, #676]	@ (20000870 <dcd_rp2040_irq+0x344>)
200005cc:	5ce3      	ldrb	r3, [r4, r3]
200005ce:	2b02      	cmp	r3, #2
200005d0:	d100      	bne.n	200005d4 <dcd_rp2040_irq+0xa8>
200005d2:	e132      	b.n	2000083a <dcd_rp2040_irq+0x30e>
200005d4:	4ba7      	ldr	r3, [pc, #668]	@ (20000874 <dcd_rp2040_irq+0x348>)
200005d6:	5ce3      	ldrb	r3, [r4, r3]
200005d8:	2b02      	cmp	r3, #2
200005da:	d100      	bne.n	200005de <dcd_rp2040_irq+0xb2>
200005dc:	e1a0      	b.n	20000920 <dcd_rp2040_irq+0x3f4>
200005de:	4ba6      	ldr	r3, [pc, #664]	@ (20000878 <dcd_rp2040_irq+0x34c>)
200005e0:	5ce3      	ldrb	r3, [r4, r3]
200005e2:	2b02      	cmp	r3, #2
200005e4:	d100      	bne.n	200005e8 <dcd_rp2040_irq+0xbc>
200005e6:	e171      	b.n	200008cc <dcd_rp2040_irq+0x3a0>
200005e8:	4ba4      	ldr	r3, [pc, #656]	@ (2000087c <dcd_rp2040_irq+0x350>)
200005ea:	5ce3      	ldrb	r3, [r4, r3]
200005ec:	2b02      	cmp	r3, #2
200005ee:	d100      	bne.n	200005f2 <dcd_rp2040_irq+0xc6>
200005f0:	e1a1      	b.n	20000936 <dcd_rp2040_irq+0x40a>
200005f2:	4ba3      	ldr	r3, [pc, #652]	@ (20000880 <dcd_rp2040_irq+0x354>)
200005f4:	5ce3      	ldrb	r3, [r4, r3]
200005f6:	2b02      	cmp	r3, #2
200005f8:	d100      	bne.n	200005fc <dcd_rp2040_irq+0xd0>
200005fa:	e17f      	b.n	200008fc <dcd_rp2040_irq+0x3d0>
200005fc:	2e00      	cmp	r6, #0
200005fe:	d108      	bne.n	20000612 <dcd_rp2040_irq+0xe6>
20000600:	4ba0      	ldr	r3, [pc, #640]	@ (20000884 <dcd_rp2040_irq+0x358>)
20000602:	781b      	ldrb	r3, [r3, #0]
20000604:	2b00      	cmp	r3, #0
20000606:	d104      	bne.n	20000612 <dcd_rp2040_irq+0xe6>
20000608:	2180      	movs	r1, #128	@ 0x80
2000060a:	4a9f      	ldr	r2, [pc, #636]	@ (20000888 <dcd_rp2040_irq+0x35c>)
2000060c:	3390      	adds	r3, #144	@ 0x90
2000060e:	0289      	lsls	r1, r1, #10
20000610:	50d1      	str	r1, [r2, r3]
20000612:	22c0      	movs	r2, #192	@ 0xc0
20000614:	4669      	mov	r1, sp
20000616:	4b8f      	ldr	r3, [pc, #572]	@ (20000854 <dcd_rp2040_irq+0x328>)
20000618:	0092      	lsls	r2, r2, #2
2000061a:	6c9b      	ldr	r3, [r3, #72]	@ 0x48
2000061c:	2680      	movs	r6, #128	@ 0x80
2000061e:	055b      	lsls	r3, r3, #21
20000620:	808a      	strh	r2, [r1, #4]
20000622:	0d5b      	lsrs	r3, r3, #21
20000624:	2101      	movs	r1, #1
20000626:	a801      	add	r0, sp, #4
20000628:	9302      	str	r3, [sp, #8]
2000062a:	f000 fb99 	bl	20000d60 <dcd_event_handler>
2000062e:	4c97      	ldr	r4, [pc, #604]	@ (2000088c <dcd_rp2040_irq+0x360>)
20000630:	02b6      	lsls	r6, r6, #10
20000632:	06eb      	lsls	r3, r5, #27
20000634:	d500      	bpl.n	20000638 <dcd_rp2040_irq+0x10c>
20000636:	e07f      	b.n	20000738 <dcd_rp2040_irq+0x20c>
20000638:	2380      	movs	r3, #128	@ 0x80
2000063a:	025b      	lsls	r3, r3, #9
2000063c:	421d      	tst	r5, r3
2000063e:	d031      	beq.n	200006a4 <dcd_rp2040_irq+0x178>
20000640:	431e      	orrs	r6, r3
20000642:	2301      	movs	r3, #1
20000644:	2402      	movs	r4, #2
20000646:	4698      	mov	r8, r3
20000648:	4f84      	ldr	r7, [pc, #528]	@ (2000085c <dcd_rp2040_irq+0x330>)
2000064a:	7ebb      	ldrb	r3, [r7, #26]
2000064c:	2b00      	cmp	r3, #0
2000064e:	d014      	beq.n	2000067a <dcd_rp2040_irq+0x14e>
20000650:	f000 fc9a 	bl	20000f88 <__rp2040_chip_version_veneer>
20000654:	2801      	cmp	r0, #1
20000656:	d900      	bls.n	2000065a <dcd_rp2040_irq+0x12e>
20000658:	e072      	b.n	20000740 <dcd_rp2040_irq+0x214>
2000065a:	22c0      	movs	r2, #192	@ 0xc0
2000065c:	2100      	movs	r1, #0
2000065e:	0038      	movs	r0, r7
20000660:	0192      	lsls	r2, r2, #6
20000662:	f000 fb01 	bl	20000c68 <_hw_endpoint_buffer_control_update32>
20000666:	0038      	movs	r0, r7
20000668:	f000 faf8 	bl	20000c5c <hw_endpoint_reset_transfer>
2000066c:	f000 fc8c 	bl	20000f88 <__rp2040_chip_version_veneer>
20000670:	2801      	cmp	r0, #1
20000672:	d902      	bls.n	2000067a <dcd_rp2040_irq+0x14e>
20000674:	4b84      	ldr	r3, [pc, #528]	@ (20000888 <dcd_rp2040_irq+0x35c>)
20000676:	665c      	str	r4, [r3, #100]	@ 0x64
20000678:	661c      	str	r4, [r3, #96]	@ 0x60
2000067a:	4643      	mov	r3, r8
2000067c:	70fb      	strb	r3, [r7, #3]
2000067e:	3720      	adds	r7, #32
20000680:	2c01      	cmp	r4, #1
20000682:	d122      	bne.n	200006ca <dcd_rp2040_irq+0x19e>
20000684:	23c0      	movs	r3, #192	@ 0xc0
20000686:	466a      	mov	r2, sp
20000688:	00db      	lsls	r3, r3, #3
2000068a:	8093      	strh	r3, [r2, #4]
2000068c:	4a80      	ldr	r2, [pc, #512]	@ (20000890 <dcd_rp2040_irq+0x364>)
2000068e:	ab02      	add	r3, sp, #8
20000690:	ca03      	ldmia	r2!, {r0, r1}
20000692:	c303      	stmia	r3!, {r0, r1}
20000694:	2101      	movs	r1, #1
20000696:	a801      	add	r0, sp, #4
20000698:	f000 fb62 	bl	20000d60 <dcd_event_handler>
2000069c:	2280      	movs	r2, #128	@ 0x80
2000069e:	4b7a      	ldr	r3, [pc, #488]	@ (20000888 <dcd_rp2040_irq+0x35c>)
200006a0:	0292      	lsls	r2, r2, #10
200006a2:	651a      	str	r2, [r3, #80]	@ 0x50
200006a4:	2380      	movs	r3, #128	@ 0x80
200006a6:	015b      	lsls	r3, r3, #5
200006a8:	421d      	tst	r5, r3
200006aa:	d110      	bne.n	200006ce <dcd_rp2040_irq+0x1a2>
200006ac:	2380      	movs	r3, #128	@ 0x80
200006ae:	01db      	lsls	r3, r3, #7
200006b0:	421d      	tst	r5, r3
200006b2:	d123      	bne.n	200006fc <dcd_rp2040_irq+0x1d0>
200006b4:	2380      	movs	r3, #128	@ 0x80
200006b6:	021b      	lsls	r3, r3, #8
200006b8:	421d      	tst	r5, r3
200006ba:	d12f      	bne.n	2000071c <dcd_rp2040_irq+0x1f0>
200006bc:	42ae      	cmp	r6, r5
200006be:	d000      	beq.n	200006c2 <dcd_rp2040_irq+0x196>
200006c0:	e1c0      	b.n	20000a44 <dcd_rp2040_irq+0x518>
200006c2:	b004      	add	sp, #16
200006c4:	bc80      	pop	{r7}
200006c6:	46b8      	mov	r8, r7
200006c8:	bdf0      	pop	{r4, r5, r6, r7, pc}
200006ca:	2401      	movs	r4, #1
200006cc:	e7bd      	b.n	2000064a <dcd_rp2040_irq+0x11e>
200006ce:	2400      	movs	r4, #0
200006d0:	431e      	orrs	r6, r3
200006d2:	4b60      	ldr	r3, [pc, #384]	@ (20000854 <dcd_rp2040_irq+0x328>)
200006d4:	601c      	str	r4, [r3, #0]
200006d6:	f7ff fea5 	bl	20000424 <reset_non_control_endpoints>
200006da:	2380      	movs	r3, #128	@ 0x80
200006dc:	466a      	mov	r2, sp
200006de:	005b      	lsls	r3, r3, #1
200006e0:	8093      	strh	r3, [r2, #4]
200006e2:	7214      	strb	r4, [r2, #8]
200006e4:	2101      	movs	r1, #1
200006e6:	a801      	add	r0, sp, #4
200006e8:	f000 fb3a 	bl	20000d60 <dcd_event_handler>
200006ec:	2280      	movs	r2, #128	@ 0x80
200006ee:	4b66      	ldr	r3, [pc, #408]	@ (20000888 <dcd_rp2040_irq+0x35c>)
200006f0:	0312      	lsls	r2, r2, #12
200006f2:	651a      	str	r2, [r3, #80]	@ 0x50
200006f4:	2380      	movs	r3, #128	@ 0x80
200006f6:	01db      	lsls	r3, r3, #7
200006f8:	421d      	tst	r5, r3
200006fa:	d0db      	beq.n	200006b4 <dcd_rp2040_irq+0x188>
200006fc:	431e      	orrs	r6, r3
200006fe:	2380      	movs	r3, #128	@ 0x80
20000700:	466a      	mov	r2, sp
20000702:	00db      	lsls	r3, r3, #3
20000704:	8093      	strh	r3, [r2, #4]
20000706:	2101      	movs	r1, #1
20000708:	a801      	add	r0, sp, #4
2000070a:	f000 fb29 	bl	20000d60 <dcd_event_handler>
2000070e:	2210      	movs	r2, #16
20000710:	4b5d      	ldr	r3, [pc, #372]	@ (20000888 <dcd_rp2040_irq+0x35c>)
20000712:	651a      	str	r2, [r3, #80]	@ 0x50
20000714:	2380      	movs	r3, #128	@ 0x80
20000716:	021b      	lsls	r3, r3, #8
20000718:	421d      	tst	r5, r3
2000071a:	d0cf      	beq.n	200006bc <dcd_rp2040_irq+0x190>
2000071c:	431e      	orrs	r6, r3
2000071e:	23a0      	movs	r3, #160	@ 0xa0
20000720:	466a      	mov	r2, sp
20000722:	00db      	lsls	r3, r3, #3
20000724:	8093      	strh	r3, [r2, #4]
20000726:	2101      	movs	r1, #1
20000728:	a801      	add	r0, sp, #4
2000072a:	f000 fb19 	bl	20000d60 <dcd_event_handler>
2000072e:	2280      	movs	r2, #128	@ 0x80
20000730:	4b55      	ldr	r3, [pc, #340]	@ (20000888 <dcd_rp2040_irq+0x35c>)
20000732:	0112      	lsls	r2, r2, #4
20000734:	651a      	str	r2, [r3, #80]	@ 0x50
20000736:	e7c1      	b.n	200006bc <dcd_rp2040_irq+0x190>
20000738:	f7ff fea8 	bl	2000048c <hw_handle_buff_status>
2000073c:	0026      	movs	r6, r4
2000073e:	e77b      	b.n	20000638 <dcd_rp2040_irq+0x10c>
20000740:	4b54      	ldr	r3, [pc, #336]	@ (20000894 <dcd_rp2040_irq+0x368>)
20000742:	4a44      	ldr	r2, [pc, #272]	@ (20000854 <dcd_rp2040_irq+0x328>)
20000744:	661c      	str	r4, [r3, #96]	@ 0x60
20000746:	6e53      	ldr	r3, [r2, #100]	@ 0x64
20000748:	4023      	ands	r3, r4
2000074a:	42a3      	cmp	r3, r4
2000074c:	d1fb      	bne.n	20000746 <dcd_rp2040_irq+0x21a>
2000074e:	e784      	b.n	2000065a <dcd_rp2040_irq+0x12e>
20000750:	3378      	adds	r3, #120	@ 0x78
20000752:	5ce7      	ldrb	r7, [r4, r3]
20000754:	2f00      	cmp	r7, #0
20000756:	d100      	bne.n	2000075a <dcd_rp2040_irq+0x22e>
20000758:	e706      	b.n	20000568 <dcd_rp2040_irq+0x3c>
2000075a:	3302      	adds	r3, #2
2000075c:	5ce2      	ldrb	r2, [r4, r3]
2000075e:	2a00      	cmp	r2, #0
20000760:	d000      	beq.n	20000764 <dcd_rp2040_irq+0x238>
20000762:	e10d      	b.n	20000980 <dcd_rp2040_irq+0x454>
20000764:	003e      	movs	r6, r7
20000766:	e6ff      	b.n	20000568 <dcd_rp2040_irq+0x3c>
20000768:	33b8      	adds	r3, #184	@ 0xb8
2000076a:	5ce7      	ldrb	r7, [r4, r3]
2000076c:	2f00      	cmp	r7, #0
2000076e:	d100      	bne.n	20000772 <dcd_rp2040_irq+0x246>
20000770:	e6ff      	b.n	20000572 <dcd_rp2040_irq+0x46>
20000772:	3302      	adds	r3, #2
20000774:	5ce2      	ldrb	r2, [r4, r3]
20000776:	2a00      	cmp	r2, #0
20000778:	d000      	beq.n	2000077c <dcd_rp2040_irq+0x250>
2000077a:	e0f9      	b.n	20000970 <dcd_rp2040_irq+0x444>
2000077c:	003e      	movs	r6, r7
2000077e:	e6f8      	b.n	20000572 <dcd_rp2040_irq+0x46>
20000780:	33f8      	adds	r3, #248	@ 0xf8
20000782:	5ce7      	ldrb	r7, [r4, r3]
20000784:	2f00      	cmp	r7, #0
20000786:	d100      	bne.n	2000078a <dcd_rp2040_irq+0x25e>
20000788:	e6f8      	b.n	2000057c <dcd_rp2040_irq+0x50>
2000078a:	3302      	adds	r3, #2
2000078c:	5ce2      	ldrb	r2, [r4, r3]
2000078e:	2a00      	cmp	r2, #0
20000790:	d000      	beq.n	20000794 <dcd_rp2040_irq+0x268>
20000792:	e141      	b.n	20000a18 <dcd_rp2040_irq+0x4ec>
20000794:	003e      	movs	r6, r7
20000796:	e6f1      	b.n	2000057c <dcd_rp2040_irq+0x50>
20000798:	33f9      	adds	r3, #249	@ 0xf9
2000079a:	33ff      	adds	r3, #255	@ 0xff
2000079c:	5ce7      	ldrb	r7, [r4, r3]
2000079e:	2f00      	cmp	r7, #0
200007a0:	d100      	bne.n	200007a4 <dcd_rp2040_irq+0x278>
200007a2:	e703      	b.n	200005ac <dcd_rp2040_irq+0x80>
200007a4:	3302      	adds	r3, #2
200007a6:	5ce2      	ldrb	r2, [r4, r3]
200007a8:	2a00      	cmp	r2, #0
200007aa:	d000      	beq.n	200007ae <dcd_rp2040_irq+0x282>
200007ac:	e12b      	b.n	20000a06 <dcd_rp2040_irq+0x4da>
200007ae:	003e      	movs	r6, r7
200007b0:	e6fc      	b.n	200005ac <dcd_rp2040_irq+0x80>
200007b2:	3379      	adds	r3, #121	@ 0x79
200007b4:	33ff      	adds	r3, #255	@ 0xff
200007b6:	5ce7      	ldrb	r7, [r4, r3]
200007b8:	2f00      	cmp	r7, #0
200007ba:	d100      	bne.n	200007be <dcd_rp2040_irq+0x292>
200007bc:	e6ea      	b.n	20000594 <dcd_rp2040_irq+0x68>
200007be:	3302      	adds	r3, #2
200007c0:	5ce2      	ldrb	r2, [r4, r3]
200007c2:	2a00      	cmp	r2, #0
200007c4:	d000      	beq.n	200007c8 <dcd_rp2040_irq+0x29c>
200007c6:	e115      	b.n	200009f4 <dcd_rp2040_irq+0x4c8>
200007c8:	003e      	movs	r6, r7
200007ca:	e6e3      	b.n	20000594 <dcd_rp2040_irq+0x68>
200007cc:	4b32      	ldr	r3, [pc, #200]	@ (20000898 <dcd_rp2040_irq+0x36c>)
200007ce:	5ce7      	ldrb	r7, [r4, r3]
200007d0:	2f00      	cmp	r7, #0
200007d2:	d100      	bne.n	200007d6 <dcd_rp2040_irq+0x2aa>
200007d4:	e6f4      	b.n	200005c0 <dcd_rp2040_irq+0x94>
200007d6:	3302      	adds	r3, #2
200007d8:	5ce2      	ldrb	r2, [r4, r3]
200007da:	2a00      	cmp	r2, #0
200007dc:	d000      	beq.n	200007e0 <dcd_rp2040_irq+0x2b4>
200007de:	e101      	b.n	200009e4 <dcd_rp2040_irq+0x4b8>
200007e0:	003e      	movs	r6, r7
200007e2:	e6ed      	b.n	200005c0 <dcd_rp2040_irq+0x94>
200007e4:	3339      	adds	r3, #57	@ 0x39
200007e6:	33ff      	adds	r3, #255	@ 0xff
200007e8:	5ce7      	ldrb	r7, [r4, r3]
200007ea:	2f00      	cmp	r7, #0
200007ec:	d100      	bne.n	200007f0 <dcd_rp2040_irq+0x2c4>
200007ee:	e6cb      	b.n	20000588 <dcd_rp2040_irq+0x5c>
200007f0:	3302      	adds	r3, #2
200007f2:	5ce2      	ldrb	r2, [r4, r3]
200007f4:	2a00      	cmp	r2, #0
200007f6:	d000      	beq.n	200007fa <dcd_rp2040_irq+0x2ce>
200007f8:	e0eb      	b.n	200009d2 <dcd_rp2040_irq+0x4a6>
200007fa:	003e      	movs	r6, r7
200007fc:	e6c4      	b.n	20000588 <dcd_rp2040_irq+0x5c>
200007fe:	3338      	adds	r3, #56	@ 0x38
20000800:	5ce6      	ldrb	r6, [r4, r3]
20000802:	2e00      	cmp	r6, #0
20000804:	d100      	bne.n	20000808 <dcd_rp2040_irq+0x2dc>
20000806:	e6aa      	b.n	2000055e <dcd_rp2040_irq+0x32>
20000808:	3302      	adds	r3, #2
2000080a:	5ce2      	ldrb	r2, [r4, r3]
2000080c:	2a00      	cmp	r2, #0
2000080e:	d100      	bne.n	20000812 <dcd_rp2040_irq+0x2e6>
20000810:	e6a5      	b.n	2000055e <dcd_rp2040_irq+0x32>
20000812:	0020      	movs	r0, r4
20000814:	2200      	movs	r2, #0
20000816:	3020      	adds	r0, #32
20000818:	54e2      	strb	r2, [r4, r3]
2000081a:	f000 fa4d 	bl	20000cb8 <hw_endpoint_start_next_buffer>
2000081e:	e69e      	b.n	2000055e <dcd_rp2040_irq+0x32>
20000820:	33b9      	adds	r3, #185	@ 0xb9
20000822:	33ff      	adds	r3, #255	@ 0xff
20000824:	5ce7      	ldrb	r7, [r4, r3]
20000826:	2f00      	cmp	r7, #0
20000828:	d100      	bne.n	2000082c <dcd_rp2040_irq+0x300>
2000082a:	e6b9      	b.n	200005a0 <dcd_rp2040_irq+0x74>
2000082c:	3302      	adds	r3, #2
2000082e:	5ce2      	ldrb	r2, [r4, r3]
20000830:	2a00      	cmp	r2, #0
20000832:	d000      	beq.n	20000836 <dcd_rp2040_irq+0x30a>
20000834:	e0c4      	b.n	200009c0 <dcd_rp2040_irq+0x494>
20000836:	003e      	movs	r6, r7
20000838:	e6b2      	b.n	200005a0 <dcd_rp2040_irq+0x74>
2000083a:	4b18      	ldr	r3, [pc, #96]	@ (2000089c <dcd_rp2040_irq+0x370>)
2000083c:	5ce7      	ldrb	r7, [r4, r3]
2000083e:	2f00      	cmp	r7, #0
20000840:	d100      	bne.n	20000844 <dcd_rp2040_irq+0x318>
20000842:	e6c7      	b.n	200005d4 <dcd_rp2040_irq+0xa8>
20000844:	3302      	adds	r3, #2
20000846:	5ce2      	ldrb	r2, [r4, r3]
20000848:	2a00      	cmp	r2, #0
2000084a:	d000      	beq.n	2000084e <dcd_rp2040_irq+0x322>
2000084c:	e0b0      	b.n	200009b0 <dcd_rp2040_irq+0x484>
2000084e:	003e      	movs	r6, r7
20000850:	e6c0      	b.n	200005d4 <dcd_rp2040_irq+0xa8>
20000852:	46c0      	nop			@ (mov r8, r8)
20000854:	50110000 	.word	0x50110000
20000858:	40054000 	.word	0x40054000
2000085c:	20001b9c 	.word	0x20001b9c
20000860:	20001b94 	.word	0x20001b94
20000864:	0000023b 	.word	0x0000023b
20000868:	0000027b 	.word	0x0000027b
2000086c:	000002bb 	.word	0x000002bb
20000870:	000002fb 	.word	0x000002fb
20000874:	0000033b 	.word	0x0000033b
20000878:	0000037b 	.word	0x0000037b
2000087c:	000003bb 	.word	0x000003bb
20000880:	000003fb 	.word	0x000003fb
20000884:	20022491 	.word	0x20022491
20000888:	50113000 	.word	0x50113000
2000088c:	00020010 	.word	0x00020010
20000890:	50100000 	.word	0x50100000
20000894:	50112000 	.word	0x50112000
20000898:	0000027a 	.word	0x0000027a
2000089c:	000002fa 	.word	0x000002fa
200008a0:	4b6b      	ldr	r3, [pc, #428]	@ (20000a50 <dcd_rp2040_irq+0x524>)
200008a2:	5ce7      	ldrb	r7, [r4, r3]
200008a4:	2f00      	cmp	r7, #0
200008a6:	d100      	bne.n	200008aa <dcd_rp2040_irq+0x37e>
200008a8:	e685      	b.n	200005b6 <dcd_rp2040_irq+0x8a>
200008aa:	3302      	adds	r3, #2
200008ac:	5ce2      	ldrb	r2, [r4, r3]
200008ae:	2a00      	cmp	r2, #0
200008b0:	d176      	bne.n	200009a0 <dcd_rp2040_irq+0x474>
200008b2:	003e      	movs	r6, r7
200008b4:	e67f      	b.n	200005b6 <dcd_rp2040_irq+0x8a>
200008b6:	4b67      	ldr	r3, [pc, #412]	@ (20000a54 <dcd_rp2040_irq+0x528>)
200008b8:	5ce7      	ldrb	r7, [r4, r3]
200008ba:	2f00      	cmp	r7, #0
200008bc:	d100      	bne.n	200008c0 <dcd_rp2040_irq+0x394>
200008be:	e684      	b.n	200005ca <dcd_rp2040_irq+0x9e>
200008c0:	3302      	adds	r3, #2
200008c2:	5ce2      	ldrb	r2, [r4, r3]
200008c4:	2a00      	cmp	r2, #0
200008c6:	d163      	bne.n	20000990 <dcd_rp2040_irq+0x464>
200008c8:	003e      	movs	r6, r7
200008ca:	e67e      	b.n	200005ca <dcd_rp2040_irq+0x9e>
200008cc:	4b62      	ldr	r3, [pc, #392]	@ (20000a58 <dcd_rp2040_irq+0x52c>)
200008ce:	5ce7      	ldrb	r7, [r4, r3]
200008d0:	2f00      	cmp	r7, #0
200008d2:	d100      	bne.n	200008d6 <dcd_rp2040_irq+0x3aa>
200008d4:	e688      	b.n	200005e8 <dcd_rp2040_irq+0xbc>
200008d6:	3302      	adds	r3, #2
200008d8:	5ce2      	ldrb	r2, [r4, r3]
200008da:	2a00      	cmp	r2, #0
200008dc:	d000      	beq.n	200008e0 <dcd_rp2040_irq+0x3b4>
200008de:	e0a3      	b.n	20000a28 <dcd_rp2040_irq+0x4fc>
200008e0:	4b5e      	ldr	r3, [pc, #376]	@ (20000a5c <dcd_rp2040_irq+0x530>)
200008e2:	5ce3      	ldrb	r3, [r4, r3]
200008e4:	2b02      	cmp	r3, #2
200008e6:	d130      	bne.n	2000094a <dcd_rp2040_irq+0x41e>
200008e8:	4b5d      	ldr	r3, [pc, #372]	@ (20000a60 <dcd_rp2040_irq+0x534>)
200008ea:	5ce3      	ldrb	r3, [r4, r3]
200008ec:	2b00      	cmp	r3, #0
200008ee:	d127      	bne.n	20000940 <dcd_rp2040_irq+0x414>
200008f0:	4b5c      	ldr	r3, [pc, #368]	@ (20000a64 <dcd_rp2040_irq+0x538>)
200008f2:	5ce3      	ldrb	r3, [r4, r3]
200008f4:	2b02      	cmp	r3, #2
200008f6:	d000      	beq.n	200008fa <dcd_rp2040_irq+0x3ce>
200008f8:	e68b      	b.n	20000612 <dcd_rp2040_irq+0xe6>
200008fa:	003e      	movs	r6, r7
200008fc:	4b5a      	ldr	r3, [pc, #360]	@ (20000a68 <dcd_rp2040_irq+0x53c>)
200008fe:	5ce3      	ldrb	r3, [r4, r3]
20000900:	2b00      	cmp	r3, #0
20000902:	d100      	bne.n	20000906 <dcd_rp2040_irq+0x3da>
20000904:	e67a      	b.n	200005fc <dcd_rp2040_irq+0xd0>
20000906:	23ff      	movs	r3, #255	@ 0xff
20000908:	009b      	lsls	r3, r3, #2
2000090a:	5ce2      	ldrb	r2, [r4, r3]
2000090c:	2a00      	cmp	r2, #0
2000090e:	d100      	bne.n	20000912 <dcd_rp2040_irq+0x3e6>
20000910:	e67f      	b.n	20000612 <dcd_rp2040_irq+0xe6>
20000912:	2200      	movs	r2, #0
20000914:	54e2      	strb	r2, [r4, r3]
20000916:	3b1c      	subs	r3, #28
20000918:	18e0      	adds	r0, r4, r3
2000091a:	f000 f9cd 	bl	20000cb8 <hw_endpoint_start_next_buffer>
2000091e:	e678      	b.n	20000612 <dcd_rp2040_irq+0xe6>
20000920:	4b52      	ldr	r3, [pc, #328]	@ (20000a6c <dcd_rp2040_irq+0x540>)
20000922:	5ce7      	ldrb	r7, [r4, r3]
20000924:	2f00      	cmp	r7, #0
20000926:	d100      	bne.n	2000092a <dcd_rp2040_irq+0x3fe>
20000928:	e659      	b.n	200005de <dcd_rp2040_irq+0xb2>
2000092a:	3302      	adds	r3, #2
2000092c:	5ce2      	ldrb	r2, [r4, r3]
2000092e:	2a00      	cmp	r2, #0
20000930:	d116      	bne.n	20000960 <dcd_rp2040_irq+0x434>
20000932:	003e      	movs	r6, r7
20000934:	e653      	b.n	200005de <dcd_rp2040_irq+0xb2>
20000936:	4b4a      	ldr	r3, [pc, #296]	@ (20000a60 <dcd_rp2040_irq+0x534>)
20000938:	5ce3      	ldrb	r3, [r4, r3]
2000093a:	2b00      	cmp	r3, #0
2000093c:	d100      	bne.n	20000940 <dcd_rp2040_irq+0x414>
2000093e:	e658      	b.n	200005f2 <dcd_rp2040_irq+0xc6>
20000940:	23ef      	movs	r3, #239	@ 0xef
20000942:	009b      	lsls	r3, r3, #2
20000944:	5ce2      	ldrb	r2, [r4, r3]
20000946:	2a00      	cmp	r2, #0
20000948:	d175      	bne.n	20000a36 <dcd_rp2040_irq+0x50a>
2000094a:	4b46      	ldr	r3, [pc, #280]	@ (20000a64 <dcd_rp2040_irq+0x538>)
2000094c:	5ce3      	ldrb	r3, [r4, r3]
2000094e:	2b02      	cmp	r3, #2
20000950:	d000      	beq.n	20000954 <dcd_rp2040_irq+0x428>
20000952:	e65e      	b.n	20000612 <dcd_rp2040_irq+0xe6>
20000954:	4b44      	ldr	r3, [pc, #272]	@ (20000a68 <dcd_rp2040_irq+0x53c>)
20000956:	5ce3      	ldrb	r3, [r4, r3]
20000958:	2b00      	cmp	r3, #0
2000095a:	d100      	bne.n	2000095e <dcd_rp2040_irq+0x432>
2000095c:	e659      	b.n	20000612 <dcd_rp2040_irq+0xe6>
2000095e:	e7d2      	b.n	20000906 <dcd_rp2040_irq+0x3da>
20000960:	2200      	movs	r2, #0
20000962:	54e2      	strb	r2, [r4, r3]
20000964:	3b1c      	subs	r3, #28
20000966:	18e0      	adds	r0, r4, r3
20000968:	f000 f9a6 	bl	20000cb8 <hw_endpoint_start_next_buffer>
2000096c:	003e      	movs	r6, r7
2000096e:	e636      	b.n	200005de <dcd_rp2040_irq+0xb2>
20000970:	0020      	movs	r0, r4
20000972:	2200      	movs	r2, #0
20000974:	30a0      	adds	r0, #160	@ 0xa0
20000976:	54e2      	strb	r2, [r4, r3]
20000978:	003e      	movs	r6, r7
2000097a:	f000 f99d 	bl	20000cb8 <hw_endpoint_start_next_buffer>
2000097e:	e5f8      	b.n	20000572 <dcd_rp2040_irq+0x46>
20000980:	0020      	movs	r0, r4
20000982:	2200      	movs	r2, #0
20000984:	3060      	adds	r0, #96	@ 0x60
20000986:	54e2      	strb	r2, [r4, r3]
20000988:	003e      	movs	r6, r7
2000098a:	f000 f995 	bl	20000cb8 <hw_endpoint_start_next_buffer>
2000098e:	e5eb      	b.n	20000568 <dcd_rp2040_irq+0x3c>
20000990:	2200      	movs	r2, #0
20000992:	54e2      	strb	r2, [r4, r3]
20000994:	3b1c      	subs	r3, #28
20000996:	18e0      	adds	r0, r4, r3
20000998:	f000 f98e 	bl	20000cb8 <hw_endpoint_start_next_buffer>
2000099c:	003e      	movs	r6, r7
2000099e:	e614      	b.n	200005ca <dcd_rp2040_irq+0x9e>
200009a0:	2200      	movs	r2, #0
200009a2:	54e2      	strb	r2, [r4, r3]
200009a4:	3b1c      	subs	r3, #28
200009a6:	18e0      	adds	r0, r4, r3
200009a8:	f000 f986 	bl	20000cb8 <hw_endpoint_start_next_buffer>
200009ac:	003e      	movs	r6, r7
200009ae:	e602      	b.n	200005b6 <dcd_rp2040_irq+0x8a>
200009b0:	2200      	movs	r2, #0
200009b2:	54e2      	strb	r2, [r4, r3]
200009b4:	3b1c      	subs	r3, #28
200009b6:	18e0      	adds	r0, r4, r3
200009b8:	f000 f97e 	bl	20000cb8 <hw_endpoint_start_next_buffer>
200009bc:	003e      	movs	r6, r7
200009be:	e609      	b.n	200005d4 <dcd_rp2040_irq+0xa8>
200009c0:	0020      	movs	r0, r4
200009c2:	2200      	movs	r2, #0
200009c4:	30a1      	adds	r0, #161	@ 0xa1
200009c6:	30ff      	adds	r0, #255	@ 0xff
200009c8:	54e2      	strb	r2, [r4, r3]
200009ca:	003e      	movs	r6, r7
200009cc:	f000 f974 	bl	20000cb8 <hw_endpoint_start_next_buffer>
200009d0:	e5e6      	b.n	200005a0 <dcd_rp2040_irq+0x74>
200009d2:	0020      	movs	r0, r4
200009d4:	2200      	movs	r2, #0
200009d6:	3021      	adds	r0, #33	@ 0x21
200009d8:	30ff      	adds	r0, #255	@ 0xff
200009da:	54e2      	strb	r2, [r4, r3]
200009dc:	003e      	movs	r6, r7
200009de:	f000 f96b 	bl	20000cb8 <hw_endpoint_start_next_buffer>
200009e2:	e5d1      	b.n	20000588 <dcd_rp2040_irq+0x5c>
200009e4:	2200      	movs	r2, #0
200009e6:	54e2      	strb	r2, [r4, r3]
200009e8:	3b1c      	subs	r3, #28
200009ea:	18e0      	adds	r0, r4, r3
200009ec:	f000 f964 	bl	20000cb8 <hw_endpoint_start_next_buffer>
200009f0:	003e      	movs	r6, r7
200009f2:	e5e5      	b.n	200005c0 <dcd_rp2040_irq+0x94>
200009f4:	0020      	movs	r0, r4
200009f6:	2200      	movs	r2, #0
200009f8:	3061      	adds	r0, #97	@ 0x61
200009fa:	30ff      	adds	r0, #255	@ 0xff
200009fc:	54e2      	strb	r2, [r4, r3]
200009fe:	003e      	movs	r6, r7
20000a00:	f000 f95a 	bl	20000cb8 <hw_endpoint_start_next_buffer>
20000a04:	e5c6      	b.n	20000594 <dcd_rp2040_irq+0x68>
20000a06:	0020      	movs	r0, r4
20000a08:	2200      	movs	r2, #0
20000a0a:	30e1      	adds	r0, #225	@ 0xe1
20000a0c:	30ff      	adds	r0, #255	@ 0xff
20000a0e:	54e2      	strb	r2, [r4, r3]
20000a10:	003e      	movs	r6, r7
20000a12:	f000 f951 	bl	20000cb8 <hw_endpoint_start_next_buffer>
20000a16:	e5c9      	b.n	200005ac <dcd_rp2040_irq+0x80>
20000a18:	0020      	movs	r0, r4
20000a1a:	2200      	movs	r2, #0
20000a1c:	30e0      	adds	r0, #224	@ 0xe0
20000a1e:	54e2      	strb	r2, [r4, r3]
20000a20:	003e      	movs	r6, r7
20000a22:	f000 f949 	bl	20000cb8 <hw_endpoint_start_next_buffer>
20000a26:	e5a9      	b.n	2000057c <dcd_rp2040_irq+0x50>
20000a28:	2200      	movs	r2, #0
20000a2a:	54e2      	strb	r2, [r4, r3]
20000a2c:	3b1c      	subs	r3, #28
20000a2e:	18e0      	adds	r0, r4, r3
20000a30:	f000 f942 	bl	20000cb8 <hw_endpoint_start_next_buffer>
20000a34:	e754      	b.n	200008e0 <dcd_rp2040_irq+0x3b4>
20000a36:	2200      	movs	r2, #0
20000a38:	54e2      	strb	r2, [r4, r3]
20000a3a:	3b1c      	subs	r3, #28
20000a3c:	18e0      	adds	r0, r4, r3
20000a3e:	f000 f93b 	bl	20000cb8 <hw_endpoint_start_next_buffer>
20000a42:	e782      	b.n	2000094a <dcd_rp2040_irq+0x41e>
20000a44:	0031      	movs	r1, r6
20000a46:	480a      	ldr	r0, [pc, #40]	@ (20000a70 <dcd_rp2040_irq+0x544>)
20000a48:	4069      	eors	r1, r5
20000a4a:	f000 fac5 	bl	20000fd8 <__panic_veneer>
20000a4e:	46c0      	nop			@ (mov r8, r8)
20000a50:	0000023a 	.word	0x0000023a
20000a54:	000002ba 	.word	0x000002ba
20000a58:	0000037a 	.word	0x0000037a
20000a5c:	000003bb 	.word	0x000003bb
20000a60:	000003ba 	.word	0x000003ba
20000a64:	000003fb 	.word	0x000003fb
20000a68:	000003fa 	.word	0x000003fa
20000a6c:	0000033a 	.word	0x0000033a
20000a70:	10009ba4 	.word	0x10009ba4

20000a74 <prepare_ep_buffer>:
20000a74:	b5f0      	push	{r4, r5, r6, r7, lr}
20000a76:	46c6      	mov	lr, r8
20000a78:	b500      	push	{lr}
20000a7a:	0002      	movs	r2, r0
20000a7c:	8a83      	ldrh	r3, [r0, #20]
20000a7e:	8b00      	ldrh	r0, [r0, #24]
20000a80:	468c      	mov	ip, r1
20000a82:	1c01      	adds	r1, r0, #0
20000a84:	4298      	cmp	r0, r3
20000a86:	d900      	bls.n	20000a8a <prepare_ep_buffer+0x16>
20000a88:	1c19      	adds	r1, r3, #0
20000a8a:	78d4      	ldrb	r4, [r2, #3]
20000a8c:	2580      	movs	r5, #128	@ 0x80
20000a8e:	0020      	movs	r0, r4
20000a90:	1e46      	subs	r6, r0, #1
20000a92:	41b0      	sbcs	r0, r6
20000a94:	b289      	uxth	r1, r1
20000a96:	00ed      	lsls	r5, r5, #3
20000a98:	430d      	orrs	r5, r1
20000a9a:	0340      	lsls	r0, r0, #13
20000a9c:	4328      	orrs	r0, r5
20000a9e:	2501      	movs	r5, #1
20000aa0:	406c      	eors	r4, r5
20000aa2:	1a5b      	subs	r3, r3, r1
20000aa4:	70d4      	strb	r4, [r2, #3]
20000aa6:	7854      	ldrb	r4, [r2, #1]
20000aa8:	b29b      	uxth	r3, r3
20000aaa:	8293      	strh	r3, [r2, #20]
20000aac:	2c00      	cmp	r4, #0
20000aae:	d131      	bne.n	20000b14 <prepare_ep_buffer+0xa0>
20000ab0:	4664      	mov	r4, ip
20000ab2:	68d5      	ldr	r5, [r2, #12]
20000ab4:	01a4      	lsls	r4, r4, #6
20000ab6:	1e4e      	subs	r6, r1, #1
20000ab8:	192d      	adds	r5, r5, r4
20000aba:	46b0      	mov	r8, r6
20000abc:	6914      	ldr	r4, [r2, #16]
20000abe:	2900      	cmp	r1, #0
20000ac0:	d023      	beq.n	20000b0a <prepare_ep_buffer+0x96>
20000ac2:	2e06      	cmp	r6, #6
20000ac4:	d932      	bls.n	20000b2c <prepare_ep_buffer+0xb8>
20000ac6:	002b      	movs	r3, r5
20000ac8:	4323      	orrs	r3, r4
20000aca:	079b      	lsls	r3, r3, #30
20000acc:	d12e      	bne.n	20000b2c <prepare_ep_buffer+0xb8>
20000ace:	1b2b      	subs	r3, r5, r4
20000ad0:	3b01      	subs	r3, #1
20000ad2:	2b02      	cmp	r3, #2
20000ad4:	d92a      	bls.n	20000b2c <prepare_ep_buffer+0xb8>
20000ad6:	2300      	movs	r3, #0
20000ad8:	088f      	lsrs	r7, r1, #2
20000ada:	00bf      	lsls	r7, r7, #2
20000adc:	58e6      	ldr	r6, [r4, r3]
20000ade:	50ee      	str	r6, [r5, r3]
20000ae0:	3304      	adds	r3, #4
20000ae2:	429f      	cmp	r7, r3
20000ae4:	d1fa      	bne.n	20000adc <prepare_ep_buffer+0x68>
20000ae6:	4643      	mov	r3, r8
20000ae8:	19ed      	adds	r5, r5, r7
20000aea:	1bdb      	subs	r3, r3, r7
20000aec:	19e4      	adds	r4, r4, r7
20000aee:	42b9      	cmp	r1, r7
20000af0:	d009      	beq.n	20000b06 <prepare_ep_buffer+0x92>
20000af2:	7826      	ldrb	r6, [r4, #0]
20000af4:	702e      	strb	r6, [r5, #0]
20000af6:	2b00      	cmp	r3, #0
20000af8:	d005      	beq.n	20000b06 <prepare_ep_buffer+0x92>
20000afa:	7866      	ldrb	r6, [r4, #1]
20000afc:	706e      	strb	r6, [r5, #1]
20000afe:	2b01      	cmp	r3, #1
20000b00:	d001      	beq.n	20000b06 <prepare_ep_buffer+0x92>
20000b02:	78a3      	ldrb	r3, [r4, #2]
20000b04:	70ab      	strb	r3, [r5, #2]
20000b06:	6914      	ldr	r4, [r2, #16]
20000b08:	8a93      	ldrh	r3, [r2, #20]
20000b0a:	1864      	adds	r4, r4, r1
20000b0c:	6114      	str	r4, [r2, #16]
20000b0e:	2280      	movs	r2, #128	@ 0x80
20000b10:	0212      	lsls	r2, r2, #8
20000b12:	4310      	orrs	r0, r2
20000b14:	2b00      	cmp	r3, #0
20000b16:	d102      	bne.n	20000b1e <prepare_ep_buffer+0xaa>
20000b18:	2380      	movs	r3, #128	@ 0x80
20000b1a:	01db      	lsls	r3, r3, #7
20000b1c:	4318      	orrs	r0, r3
20000b1e:	4663      	mov	r3, ip
20000b20:	2b00      	cmp	r3, #0
20000b22:	d000      	beq.n	20000b26 <prepare_ep_buffer+0xb2>
20000b24:	0400      	lsls	r0, r0, #16
20000b26:	bc80      	pop	{r7}
20000b28:	46b8      	mov	r8, r7
20000b2a:	bdf0      	pop	{r4, r5, r6, r7, pc}
20000b2c:	2300      	movs	r3, #0
20000b2e:	5ce6      	ldrb	r6, [r4, r3]
20000b30:	54ee      	strb	r6, [r5, r3]
20000b32:	3301      	adds	r3, #1
20000b34:	4299      	cmp	r1, r3
20000b36:	d1fa      	bne.n	20000b2e <prepare_ep_buffer+0xba>
20000b38:	e7e5      	b.n	20000b06 <prepare_ep_buffer+0x92>
20000b3a:	46c0      	nop			@ (mov r8, r8)

20000b3c <sync_ep_buffer>:
20000b3c:	6883      	ldr	r3, [r0, #8]
20000b3e:	b5f0      	push	{r4, r5, r6, r7, lr}
20000b40:	681a      	ldr	r2, [r3, #0]
20000b42:	0004      	movs	r4, r0
20000b44:	2900      	cmp	r1, #0
20000b46:	d000      	beq.n	20000b4a <sync_ep_buffer+0xe>
20000b48:	0c12      	lsrs	r2, r2, #16
20000b4a:	7863      	ldrb	r3, [r4, #1]
20000b4c:	0592      	lsls	r2, r2, #22
20000b4e:	0d90      	lsrs	r0, r2, #22
20000b50:	2b00      	cmp	r3, #0
20000b52:	d108      	bne.n	20000b66 <sync_ep_buffer+0x2a>
20000b54:	8ae3      	ldrh	r3, [r4, #22]
20000b56:	18c3      	adds	r3, r0, r3
20000b58:	82e3      	strh	r3, [r4, #22]
20000b5a:	8b23      	ldrh	r3, [r4, #24]
20000b5c:	4283      	cmp	r3, r0
20000b5e:	d901      	bls.n	20000b64 <sync_ep_buffer+0x28>
20000b60:	2300      	movs	r3, #0
20000b62:	82a3      	strh	r3, [r4, #20]
20000b64:	bdf0      	pop	{r4, r5, r6, r7, pc}
20000b66:	68e3      	ldr	r3, [r4, #12]
20000b68:	0189      	lsls	r1, r1, #6
20000b6a:	6925      	ldr	r5, [r4, #16]
20000b6c:	185e      	adds	r6, r3, r1
20000b6e:	1e47      	subs	r7, r0, #1
20000b70:	2800      	cmp	r0, #0
20000b72:	d022      	beq.n	20000bba <sync_ep_buffer+0x7e>
20000b74:	2f06      	cmp	r7, #6
20000b76:	d926      	bls.n	20000bc6 <sync_ep_buffer+0x8a>
20000b78:	3101      	adds	r1, #1
20000b7a:	185b      	adds	r3, r3, r1
20000b7c:	1aeb      	subs	r3, r5, r3
20000b7e:	2b02      	cmp	r3, #2
20000b80:	d921      	bls.n	20000bc6 <sync_ep_buffer+0x8a>
20000b82:	002b      	movs	r3, r5
20000b84:	4333      	orrs	r3, r6
20000b86:	079b      	lsls	r3, r3, #30
20000b88:	d11d      	bne.n	20000bc6 <sync_ep_buffer+0x8a>
20000b8a:	2300      	movs	r3, #0
20000b8c:	0e12      	lsrs	r2, r2, #24
20000b8e:	0092      	lsls	r2, r2, #2
20000b90:	58f1      	ldr	r1, [r6, r3]
20000b92:	50e9      	str	r1, [r5, r3]
20000b94:	3304      	adds	r3, #4
20000b96:	429a      	cmp	r2, r3
20000b98:	d1fa      	bne.n	20000b90 <sync_ep_buffer+0x54>
20000b9a:	1abf      	subs	r7, r7, r2
20000b9c:	18ad      	adds	r5, r5, r2
20000b9e:	18b6      	adds	r6, r6, r2
20000ba0:	4290      	cmp	r0, r2
20000ba2:	d009      	beq.n	20000bb8 <sync_ep_buffer+0x7c>
20000ba4:	7832      	ldrb	r2, [r6, #0]
20000ba6:	702a      	strb	r2, [r5, #0]
20000ba8:	2f00      	cmp	r7, #0
20000baa:	d005      	beq.n	20000bb8 <sync_ep_buffer+0x7c>
20000bac:	7872      	ldrb	r2, [r6, #1]
20000bae:	706a      	strb	r2, [r5, #1]
20000bb0:	2f01      	cmp	r7, #1
20000bb2:	d001      	beq.n	20000bb8 <sync_ep_buffer+0x7c>
20000bb4:	78b2      	ldrb	r2, [r6, #2]
20000bb6:	70aa      	strb	r2, [r5, #2]
20000bb8:	6925      	ldr	r5, [r4, #16]
20000bba:	8ae3      	ldrh	r3, [r4, #22]
20000bbc:	182d      	adds	r5, r5, r0
20000bbe:	18c3      	adds	r3, r0, r3
20000bc0:	82e3      	strh	r3, [r4, #22]
20000bc2:	6125      	str	r5, [r4, #16]
20000bc4:	e7c9      	b.n	20000b5a <sync_ep_buffer+0x1e>
20000bc6:	2200      	movs	r2, #0
20000bc8:	5cb3      	ldrb	r3, [r6, r2]
20000bca:	54ab      	strb	r3, [r5, r2]
20000bcc:	3201      	adds	r2, #1
20000bce:	4290      	cmp	r0, r2
20000bd0:	d1fa      	bne.n	20000bc8 <sync_ep_buffer+0x8c>
20000bd2:	6925      	ldr	r5, [r4, #16]
20000bd4:	e7f1      	b.n	20000bba <sync_ep_buffer+0x7e>
20000bd6:	46c0      	nop			@ (mov r8, r8)

20000bd8 <_hw_endpoint_xfer_sync>:
20000bd8:	b510      	push	{r4, lr}
20000bda:	0004      	movs	r4, r0
20000bdc:	6883      	ldr	r3, [r0, #8]
20000bde:	2100      	movs	r1, #0
20000be0:	681b      	ldr	r3, [r3, #0]
20000be2:	f7ff ffab 	bl	20000b3c <sync_ep_buffer>
20000be6:	6863      	ldr	r3, [r4, #4]
20000be8:	681b      	ldr	r3, [r3, #0]
20000bea:	005b      	lsls	r3, r3, #1
20000bec:	d502      	bpl.n	20000bf4 <_hw_endpoint_xfer_sync+0x1c>
20000bee:	8b23      	ldrh	r3, [r4, #24]
20000bf0:	4283      	cmp	r3, r0
20000bf2:	d000      	beq.n	20000bf6 <_hw_endpoint_xfer_sync+0x1e>
20000bf4:	bd10      	pop	{r4, pc}
20000bf6:	2101      	movs	r1, #1
20000bf8:	0020      	movs	r0, r4
20000bfa:	f7ff ff9f 	bl	20000b3c <sync_ep_buffer>
20000bfe:	e7f9      	b.n	20000bf4 <_hw_endpoint_xfer_sync+0x1c>

20000c00 <e15_is_bulkin_ep>:
20000c00:	4a08      	ldr	r2, [pc, #32]	@ (20000c24 <e15_is_bulkin_ep+0x24>)
20000c02:	0003      	movs	r3, r0
20000c04:	6c12      	ldr	r2, [r2, #64]	@ 0x40
20000c06:	2000      	movs	r0, #0
20000c08:	0792      	lsls	r2, r2, #30
20000c0a:	d403      	bmi.n	20000c14 <e15_is_bulkin_ep+0x14>
20000c0c:	789a      	ldrb	r2, [r3, #2]
20000c0e:	09d2      	lsrs	r2, r2, #7
20000c10:	2a01      	cmp	r2, #1
20000c12:	d000      	beq.n	20000c16 <e15_is_bulkin_ep+0x16>
20000c14:	4770      	bx	lr
20000c16:	7ed8      	ldrb	r0, [r3, #27]
20000c18:	3802      	subs	r0, #2
20000c1a:	4243      	negs	r3, r0
20000c1c:	4158      	adcs	r0, r3
20000c1e:	b2c0      	uxtb	r0, r0
20000c20:	e7f8      	b.n	20000c14 <e15_is_bulkin_ep+0x14>
20000c22:	46c0      	nop			@ (mov r8, r8)
20000c24:	50110000 	.word	0x50110000

20000c28 <e15_is_critical_frame_period>:
20000c28:	b510      	push	{r4, lr}
20000c2a:	f7ff ffe9 	bl	20000c00 <e15_is_bulkin_ep>
20000c2e:	2800      	cmp	r0, #0
20000c30:	d00c      	beq.n	20000c4c <e15_is_critical_frame_period+0x24>
20000c32:	4907      	ldr	r1, [pc, #28]	@ (20000c50 <e15_is_critical_frame_period+0x28>)
20000c34:	4b07      	ldr	r3, [pc, #28]	@ (20000c54 <e15_is_critical_frame_period+0x2c>)
20000c36:	468c      	mov	ip, r1
20000c38:	4a07      	ldr	r2, [pc, #28]	@ (20000c58 <e15_is_critical_frame_period+0x30>)
20000c3a:	6a9b      	ldr	r3, [r3, #40]	@ 0x28
20000c3c:	6812      	ldr	r2, [r2, #0]
20000c3e:	4463      	add	r3, ip
20000c40:	1a9b      	subs	r3, r3, r2
20000c42:	2000      	movs	r0, #0
20000c44:	22c6      	movs	r2, #198	@ 0xc6
20000c46:	429a      	cmp	r2, r3
20000c48:	4140      	adcs	r0, r0
20000c4a:	b2c0      	uxtb	r0, r0
20000c4c:	bd10      	pop	{r4, pc}
20000c4e:	46c0      	nop			@ (mov r8, r8)
20000c50:	fffffce0 	.word	0xfffffce0
20000c54:	40054000 	.word	0x40054000
20000c58:	20001b94 	.word	0x20001b94

20000c5c <hw_endpoint_reset_transfer>:
20000c5c:	2300      	movs	r3, #0
20000c5e:	7683      	strb	r3, [r0, #26]
20000c60:	6143      	str	r3, [r0, #20]
20000c62:	6103      	str	r3, [r0, #16]
20000c64:	4770      	bx	lr
20000c66:	46c0      	nop			@ (mov r8, r8)

20000c68 <_hw_endpoint_buffer_control_update32>:
20000c68:	b510      	push	{r4, lr}
20000c6a:	6883      	ldr	r3, [r0, #8]
20000c6c:	2900      	cmp	r1, #0
20000c6e:	d001      	beq.n	20000c74 <_hw_endpoint_buffer_control_update32+0xc>
20000c70:	681c      	ldr	r4, [r3, #0]
20000c72:	4021      	ands	r1, r4
20000c74:	2a00      	cmp	r2, #0
20000c76:	d012      	beq.n	20000c9e <_hw_endpoint_buffer_control_update32+0x36>
20000c78:	2480      	movs	r4, #128	@ 0x80
20000c7a:	00e4      	lsls	r4, r4, #3
20000c7c:	4311      	orrs	r1, r2
20000c7e:	4222      	tst	r2, r4
20000c80:	d00d      	beq.n	20000c9e <_hw_endpoint_buffer_control_update32+0x36>
20000c82:	681a      	ldr	r2, [r3, #0]
20000c84:	4222      	tst	r2, r4
20000c86:	d10c      	bne.n	20000ca2 <_hw_endpoint_buffer_control_update32+0x3a>
20000c88:	4a08      	ldr	r2, [pc, #32]	@ (20000cac <_hw_endpoint_buffer_control_update32+0x44>)
20000c8a:	400a      	ands	r2, r1
20000c8c:	601a      	str	r2, [r3, #0]
20000c8e:	4a08      	ldr	r2, [pc, #32]	@ (20000cb0 <_hw_endpoint_buffer_control_update32+0x48>)
20000c90:	6c12      	ldr	r2, [r2, #64]	@ 0x40
20000c92:	0792      	lsls	r2, r2, #30
20000c94:	d403      	bmi.n	20000c9e <_hw_endpoint_buffer_control_update32+0x36>
20000c96:	230c      	movs	r3, #12
20000c98:	3b03      	subs	r3, #3
20000c9a:	d2fd      	bcs.n	20000c98 <_hw_endpoint_buffer_control_update32+0x30>
20000c9c:	6883      	ldr	r3, [r0, #8]
20000c9e:	6019      	str	r1, [r3, #0]
20000ca0:	bd10      	pop	{r4, pc}
20000ca2:	7881      	ldrb	r1, [r0, #2]
20000ca4:	4803      	ldr	r0, [pc, #12]	@ (20000cb4 <_hw_endpoint_buffer_control_update32+0x4c>)
20000ca6:	f000 f997 	bl	20000fd8 <__panic_veneer>
20000caa:	46c0      	nop			@ (mov r8, r8)
20000cac:	fffffbff 	.word	0xfffffbff
20000cb0:	50110000 	.word	0x50110000
20000cb4:	10009bb8 	.word	0x10009bb8

20000cb8 <hw_endpoint_start_next_buffer>:
20000cb8:	6843      	ldr	r3, [r0, #4]
20000cba:	b570      	push	{r4, r5, r6, lr}
20000cbc:	2100      	movs	r1, #0
20000cbe:	2580      	movs	r5, #128	@ 0x80
20000cc0:	0004      	movs	r4, r0
20000cc2:	681e      	ldr	r6, [r3, #0]
20000cc4:	f7ff fed6 	bl	20000a74 <prepare_ep_buffer>
20000cc8:	4b12      	ldr	r3, [pc, #72]	@ (20000d14 <hw_endpoint_start_next_buffer+0x5c>)
20000cca:	016d      	lsls	r5, r5, #5
20000ccc:	6c1a      	ldr	r2, [r3, #64]	@ 0x40
20000cce:	4305      	orrs	r5, r0
20000cd0:	78a3      	ldrb	r3, [r4, #2]
20000cd2:	0792      	lsls	r2, r2, #30
20000cd4:	d50e      	bpl.n	20000cf4 <hw_endpoint_start_next_buffer+0x3c>
20000cd6:	065b      	lsls	r3, r3, #25
20000cd8:	d00e      	beq.n	20000cf8 <hw_endpoint_start_next_buffer+0x40>
20000cda:	4b0f      	ldr	r3, [pc, #60]	@ (20000d18 <hw_endpoint_start_next_buffer+0x60>)
20000cdc:	401e      	ands	r6, r3
20000cde:	2380      	movs	r3, #128	@ 0x80
20000ce0:	059b      	lsls	r3, r3, #22
20000ce2:	4333      	orrs	r3, r6
20000ce4:	6862      	ldr	r2, [r4, #4]
20000ce6:	2100      	movs	r1, #0
20000ce8:	6013      	str	r3, [r2, #0]
20000cea:	0020      	movs	r0, r4
20000cec:	002a      	movs	r2, r5
20000cee:	f7ff ffbb 	bl	20000c68 <_hw_endpoint_buffer_control_update32>
20000cf2:	bd70      	pop	{r4, r5, r6, pc}
20000cf4:	09db      	lsrs	r3, r3, #7
20000cf6:	d0f0      	beq.n	20000cda <hw_endpoint_start_next_buffer+0x22>
20000cf8:	8aa3      	ldrh	r3, [r4, #20]
20000cfa:	2b00      	cmp	r3, #0
20000cfc:	d0ed      	beq.n	20000cda <hw_endpoint_start_next_buffer+0x22>
20000cfe:	2101      	movs	r1, #1
20000d00:	0020      	movs	r0, r4
20000d02:	f7ff feb7 	bl	20000a74 <prepare_ep_buffer>
20000d06:	23a0      	movs	r3, #160	@ 0xa0
20000d08:	4a04      	ldr	r2, [pc, #16]	@ (20000d1c <hw_endpoint_start_next_buffer+0x64>)
20000d0a:	05db      	lsls	r3, r3, #23
20000d0c:	4032      	ands	r2, r6
20000d0e:	4305      	orrs	r5, r0
20000d10:	4313      	orrs	r3, r2
20000d12:	e7e7      	b.n	20000ce4 <hw_endpoint_start_next_buffer+0x2c>
20000d14:	50110000 	.word	0x50110000
20000d18:	afffffff 	.word	0xafffffff
20000d1c:	dfffffff 	.word	0xdfffffff

20000d20 <hw_endpoint_xfer_continue>:
20000d20:	b570      	push	{r4, r5, r6, lr}
20000d22:	7e85      	ldrb	r5, [r0, #26]
20000d24:	0004      	movs	r4, r0
20000d26:	2d00      	cmp	r5, #0
20000d28:	d014      	beq.n	20000d54 <hw_endpoint_xfer_continue+0x34>
20000d2a:	f7ff ff55 	bl	20000bd8 <_hw_endpoint_xfer_sync>
20000d2e:	8aa3      	ldrh	r3, [r4, #20]
20000d30:	2b00      	cmp	r3, #0
20000d32:	d101      	bne.n	20000d38 <hw_endpoint_xfer_continue+0x18>
20000d34:	0028      	movs	r0, r5
20000d36:	bd70      	pop	{r4, r5, r6, pc}
20000d38:	0020      	movs	r0, r4
20000d3a:	f7ff ff75 	bl	20000c28 <e15_is_critical_frame_period>
20000d3e:	2800      	cmp	r0, #0
20000d40:	d003      	beq.n	20000d4a <hw_endpoint_xfer_continue+0x2a>
20000d42:	2301      	movs	r3, #1
20000d44:	2500      	movs	r5, #0
20000d46:	7723      	strb	r3, [r4, #28]
20000d48:	e7f4      	b.n	20000d34 <hw_endpoint_xfer_continue+0x14>
20000d4a:	0020      	movs	r0, r4
20000d4c:	f7ff ffb4 	bl	20000cb8 <hw_endpoint_start_next_buffer>
20000d50:	2500      	movs	r5, #0
20000d52:	e7ef      	b.n	20000d34 <hw_endpoint_xfer_continue+0x14>
20000d54:	7881      	ldrb	r1, [r0, #2]
20000d56:	4801      	ldr	r0, [pc, #4]	@ (20000d5c <hw_endpoint_xfer_continue+0x3c>)
20000d58:	f000 f93e 	bl	20000fd8 <__panic_veneer>
20000d5c:	10009bd8 	.word	0x10009bd8

20000d60 <dcd_event_handler>:
20000d60:	b5f0      	push	{r4, r5, r6, r7, lr}
20000d62:	46ce      	mov	lr, r9
20000d64:	4647      	mov	r7, r8
20000d66:	b580      	push	{r7, lr}
20000d68:	7843      	ldrb	r3, [r0, #1]
20000d6a:	0005      	movs	r5, r0
20000d6c:	000e      	movs	r6, r1
20000d6e:	b085      	sub	sp, #20
20000d70:	2b06      	cmp	r3, #6
20000d72:	d808      	bhi.n	20000d86 <dcd_event_handler+0x26>
20000d74:	4a6c      	ldr	r2, [pc, #432]	@ (20000f28 <dcd_event_handler+0x1c8>)
20000d76:	009b      	lsls	r3, r3, #2
20000d78:	58d3      	ldr	r3, [r2, r3]
20000d7a:	469f      	mov	pc, r3
20000d7c:	4a6b      	ldr	r2, [pc, #428]	@ (20000f2c <dcd_event_handler+0x1cc>)
20000d7e:	7813      	ldrb	r3, [r2, #0]
20000d80:	3301      	adds	r3, #1
20000d82:	b2db      	uxtb	r3, r3
20000d84:	7013      	strb	r3, [r2, #0]
20000d86:	4b6a      	ldr	r3, [pc, #424]	@ (20000f30 <dcd_event_handler+0x1d0>)
20000d88:	681c      	ldr	r4, [r3, #0]
20000d8a:	6962      	ldr	r2, [r4, #20]
20000d8c:	f3ef 8110 	mrs	r1, PRIMASK
20000d90:	b672      	cpsid	i
20000d92:	6813      	ldr	r3, [r2, #0]
20000d94:	2b00      	cmp	r3, #0
20000d96:	d0fc      	beq.n	20000d92 <dcd_event_handler+0x32>
20000d98:	f3bf 8f5f 	dmb	sy
20000d9c:	61a1      	str	r1, [r4, #24]
20000d9e:	0020      	movs	r0, r4
20000da0:	0029      	movs	r1, r5
20000da2:	f000 f901 	bl	20000fa8 <__tu_fifo_write_veneer>
20000da6:	6962      	ldr	r2, [r4, #20]
20000da8:	69a3      	ldr	r3, [r4, #24]
20000daa:	f3bf 8f5f 	dmb	sy
20000dae:	2100      	movs	r1, #0
20000db0:	6011      	str	r1, [r2, #0]
20000db2:	f383 8810 	msr	PRIMASK, r3
20000db6:	2800      	cmp	r0, #0
20000db8:	d104      	bne.n	20000dc4 <dcd_event_handler+0x64>
20000dba:	b005      	add	sp, #20
20000dbc:	bcc0      	pop	{r6, r7}
20000dbe:	46b9      	mov	r9, r7
20000dc0:	46b0      	mov	r8, r6
20000dc2:	bdf0      	pop	{r4, r5, r6, r7, pc}
20000dc4:	0032      	movs	r2, r6
20000dc6:	7869      	ldrb	r1, [r5, #1]
20000dc8:	7828      	ldrb	r0, [r5, #0]
20000dca:	f000 f8e5 	bl	20000f98 <__tud_event_hook_cb_veneer>
20000dce:	e7f4      	b.n	20000dba <dcd_event_handler+0x5a>
20000dd0:	2101      	movs	r1, #1
20000dd2:	4b58      	ldr	r3, [pc, #352]	@ (20000f34 <dcd_event_handler+0x1d4>)
20000dd4:	781a      	ldrb	r2, [r3, #0]
20000dd6:	438a      	bics	r2, r1
20000dd8:	701a      	strb	r2, [r3, #0]
20000dda:	781a      	ldrb	r2, [r3, #0]
20000ddc:	3101      	adds	r1, #1
20000dde:	438a      	bics	r2, r1
20000de0:	701a      	strb	r2, [r3, #0]
20000de2:	2200      	movs	r2, #0
20000de4:	705a      	strb	r2, [r3, #1]
20000de6:	781a      	ldrb	r2, [r3, #0]
20000de8:	3102      	adds	r1, #2
20000dea:	438a      	bics	r2, r1
20000dec:	701a      	strb	r2, [r3, #0]
20000dee:	e7ca      	b.n	20000d86 <dcd_event_handler+0x26>
20000df0:	4951      	ldr	r1, [pc, #324]	@ (20000f38 <dcd_event_handler+0x1d8>)
20000df2:	4f52      	ldr	r7, [pc, #328]	@ (20000f3c <dcd_event_handler+0x1dc>)
20000df4:	4689      	mov	r9, r1
20000df6:	4952      	ldr	r1, [pc, #328]	@ (20000f40 <dcd_event_handler+0x1e0>)
20000df8:	2400      	movs	r4, #0
20000dfa:	2300      	movs	r3, #0
20000dfc:	4688      	mov	r8, r1
20000dfe:	783a      	ldrb	r2, [r7, #0]
20000e00:	e012      	b.n	20000e28 <dcd_event_handler+0xc8>
20000e02:	4643      	mov	r3, r8
20000e04:	681b      	ldr	r3, [r3, #0]
20000e06:	0161      	lsls	r1, r4, #5
20000e08:	185b      	adds	r3, r3, r1
20000e0a:	2b00      	cmp	r3, #0
20000e0c:	d006      	beq.n	20000e1c <dcd_event_handler+0xbc>
20000e0e:	69db      	ldr	r3, [r3, #28]
20000e10:	2b00      	cmp	r3, #0
20000e12:	d003      	beq.n	20000e1c <dcd_event_handler+0xbc>
20000e14:	6869      	ldr	r1, [r5, #4]
20000e16:	7828      	ldrb	r0, [r5, #0]
20000e18:	4798      	blx	r3
20000e1a:	783a      	ldrb	r2, [r7, #0]
20000e1c:	3401      	adds	r4, #1
20000e1e:	b2e4      	uxtb	r4, r4
20000e20:	1c51      	adds	r1, r2, #1
20000e22:	0023      	movs	r3, r4
20000e24:	42a1      	cmp	r1, r4
20000e26:	db17      	blt.n	20000e58 <dcd_event_handler+0xf8>
20000e28:	42a2      	cmp	r2, r4
20000e2a:	d8ea      	bhi.n	20000e02 <dcd_event_handler+0xa2>
20000e2c:	1a9b      	subs	r3, r3, r2
20000e2e:	015b      	lsls	r3, r3, #5
20000e30:	444b      	add	r3, r9
20000e32:	e7ec      	b.n	20000e0e <dcd_event_handler+0xae>
20000e34:	4b3f      	ldr	r3, [pc, #252]	@ (20000f34 <dcd_event_handler+0x1d4>)
20000e36:	781a      	ldrb	r2, [r3, #0]
20000e38:	07d2      	lsls	r2, r2, #31
20000e3a:	d5be      	bpl.n	20000dba <dcd_event_handler+0x5a>
20000e3c:	2104      	movs	r1, #4
20000e3e:	781a      	ldrb	r2, [r3, #0]
20000e40:	430a      	orrs	r2, r1
20000e42:	701a      	strb	r2, [r3, #0]
20000e44:	e79f      	b.n	20000d86 <dcd_event_handler+0x26>
20000e46:	4b3b      	ldr	r3, [pc, #236]	@ (20000f34 <dcd_event_handler+0x1d4>)
20000e48:	781a      	ldrb	r2, [r3, #0]
20000e4a:	07d2      	lsls	r2, r2, #31
20000e4c:	d5b5      	bpl.n	20000dba <dcd_event_handler+0x5a>
20000e4e:	2104      	movs	r1, #4
20000e50:	781a      	ldrb	r2, [r3, #0]
20000e52:	438a      	bics	r2, r1
20000e54:	701a      	strb	r2, [r3, #0]
20000e56:	e796      	b.n	20000d86 <dcd_event_handler+0x26>
20000e58:	4f36      	ldr	r7, [pc, #216]	@ (20000f34 <dcd_event_handler+0x1d4>)
20000e5a:	783b      	ldrb	r3, [r7, #0]
20000e5c:	075b      	lsls	r3, r3, #29
20000e5e:	d52b      	bpl.n	20000eb8 <dcd_event_handler+0x158>
20000e60:	2204      	movs	r2, #4
20000e62:	783b      	ldrb	r3, [r7, #0]
20000e64:	2100      	movs	r1, #0
20000e66:	4393      	bics	r3, r2
20000e68:	703b      	strb	r3, [r7, #0]
20000e6a:	466b      	mov	r3, sp
20000e6c:	3206      	adds	r2, #6
20000e6e:	1d98      	adds	r0, r3, #6
20000e70:	f000 f87a 	bl	20000f68 <____wrap_memset_veneer>
20000e74:	782b      	ldrb	r3, [r5, #0]
20000e76:	ac01      	add	r4, sp, #4
20000e78:	7023      	strb	r3, [r4, #0]
20000e7a:	2305      	movs	r3, #5
20000e7c:	7063      	strb	r3, [r4, #1]
20000e7e:	4b2c      	ldr	r3, [pc, #176]	@ (20000f30 <dcd_event_handler+0x1d0>)
20000e80:	681b      	ldr	r3, [r3, #0]
20000e82:	4698      	mov	r8, r3
20000e84:	695a      	ldr	r2, [r3, #20]
20000e86:	f3ef 8110 	mrs	r1, PRIMASK
20000e8a:	b672      	cpsid	i
20000e8c:	6813      	ldr	r3, [r2, #0]
20000e8e:	2b00      	cmp	r3, #0
20000e90:	d0fc      	beq.n	20000e8c <dcd_event_handler+0x12c>
20000e92:	f3bf 8f5f 	dmb	sy
20000e96:	4643      	mov	r3, r8
20000e98:	4640      	mov	r0, r8
20000e9a:	6199      	str	r1, [r3, #24]
20000e9c:	0021      	movs	r1, r4
20000e9e:	f000 f883 	bl	20000fa8 <__tu_fifo_write_veneer>
20000ea2:	4643      	mov	r3, r8
20000ea4:	695a      	ldr	r2, [r3, #20]
20000ea6:	699b      	ldr	r3, [r3, #24]
20000ea8:	f3bf 8f5f 	dmb	sy
20000eac:	2100      	movs	r1, #0
20000eae:	6011      	str	r1, [r2, #0]
20000eb0:	f383 8810 	msr	PRIMASK, r3
20000eb4:	2800      	cmp	r0, #0
20000eb6:	d131      	bne.n	20000f1c <dcd_event_handler+0x1bc>
20000eb8:	78fb      	ldrb	r3, [r7, #3]
20000eba:	07db      	lsls	r3, r3, #31
20000ebc:	d400      	bmi.n	20000ec0 <dcd_event_handler+0x160>
20000ebe:	e77c      	b.n	20000dba <dcd_event_handler+0x5a>
20000ec0:	466b      	mov	r3, sp
20000ec2:	220a      	movs	r2, #10
20000ec4:	2100      	movs	r1, #0
20000ec6:	1d98      	adds	r0, r3, #6
20000ec8:	f000 f84e 	bl	20000f68 <____wrap_memset_veneer>
20000ecc:	782b      	ldrb	r3, [r5, #0]
20000ece:	ac01      	add	r4, sp, #4
20000ed0:	7023      	strb	r3, [r4, #0]
20000ed2:	2303      	movs	r3, #3
20000ed4:	7063      	strb	r3, [r4, #1]
20000ed6:	686b      	ldr	r3, [r5, #4]
20000ed8:	6063      	str	r3, [r4, #4]
20000eda:	4b15      	ldr	r3, [pc, #84]	@ (20000f30 <dcd_event_handler+0x1d0>)
20000edc:	681d      	ldr	r5, [r3, #0]
20000ede:	696a      	ldr	r2, [r5, #20]
20000ee0:	f3ef 8110 	mrs	r1, PRIMASK
20000ee4:	b672      	cpsid	i
20000ee6:	6813      	ldr	r3, [r2, #0]
20000ee8:	2b00      	cmp	r3, #0
20000eea:	d0fc      	beq.n	20000ee6 <dcd_event_handler+0x186>
20000eec:	f3bf 8f5f 	dmb	sy
20000ef0:	61a9      	str	r1, [r5, #24]
20000ef2:	0028      	movs	r0, r5
20000ef4:	0021      	movs	r1, r4
20000ef6:	f000 f857 	bl	20000fa8 <__tu_fifo_write_veneer>
20000efa:	696a      	ldr	r2, [r5, #20]
20000efc:	69ab      	ldr	r3, [r5, #24]
20000efe:	f3bf 8f5f 	dmb	sy
20000f02:	2100      	movs	r1, #0
20000f04:	6011      	str	r1, [r2, #0]
20000f06:	f383 8810 	msr	PRIMASK, r3
20000f0a:	2800      	cmp	r0, #0
20000f0c:	d100      	bne.n	20000f10 <dcd_event_handler+0x1b0>
20000f0e:	e754      	b.n	20000dba <dcd_event_handler+0x5a>
20000f10:	0032      	movs	r2, r6
20000f12:	7861      	ldrb	r1, [r4, #1]
20000f14:	7820      	ldrb	r0, [r4, #0]
20000f16:	f000 f83f 	bl	20000f98 <__tud_event_hook_cb_veneer>
20000f1a:	e74e      	b.n	20000dba <dcd_event_handler+0x5a>
20000f1c:	0032      	movs	r2, r6
20000f1e:	7861      	ldrb	r1, [r4, #1]
20000f20:	7820      	ldrb	r0, [r4, #0]
20000f22:	f000 f839 	bl	20000f98 <__tud_event_hook_cb_veneer>
20000f26:	e7c7      	b.n	20000eb8 <dcd_event_handler+0x158>
20000f28:	1000a068 	.word	0x1000a068
20000f2c:	20022492 	.word	0x20022492
20000f30:	20001588 	.word	0x20001588
20000f34:	20001530 	.word	0x20001530
20000f38:	1000a084 	.word	0x1000a084
20000f3c:	20022490 	.word	0x20022490
20000f40:	20001380 	.word	0x20001380

20000f44 <__aeabi_idiv0>:
20000f44:	4770      	bx	lr
20000f46:	46c0      	nop			@ (mov r8, r8)

20000f48 <____wrap___aeabi_lmul_veneer>:
20000f48:	b401      	push	{r0}
20000f4a:	4802      	ldr	r0, [pc, #8]	@ (20000f54 <____wrap___aeabi_lmul_veneer+0xc>)
20000f4c:	4684      	mov	ip, r0
20000f4e:	bc01      	pop	{r0}
20000f50:	4760      	bx	ip
20000f52:	bf00      	nop
20000f54:	10001fe5 	.word	0x10001fe5

20000f58 <__ulPortLockGetCurrentOwnerId_veneer>:
20000f58:	b401      	push	{r0}
20000f5a:	4802      	ldr	r0, [pc, #8]	@ (20000f64 <__ulPortLockGetCurrentOwnerId_veneer+0xc>)
20000f5c:	4684      	mov	ip, r0
20000f5e:	bc01      	pop	{r0}
20000f60:	4760      	bx	ip
20000f62:	bf00      	nop
20000f64:	100069d1 	.word	0x100069d1

20000f68 <____wrap_memset_veneer>:
20000f68:	b401      	push	{r0}
20000f6a:	4802      	ldr	r0, [pc, #8]	@ (20000f74 <____wrap_memset_veneer+0xc>)
20000f6c:	4684      	mov	ip, r0
20000f6e:	bc01      	pop	{r0}
20000f70:	4760      	bx	ip
20000f72:	bf00      	nop
20000f74:	10002091 	.word	0x10002091

20000f78 <__xPortLockInternalSpinUnlockWithBestEffortWaitOrTimeout_veneer>:
20000f78:	b401      	push	{r0}
20000f7a:	4802      	ldr	r0, [pc, #8]	@ (20000f84 <__xPortLockInternalSpinUnlockWithBestEffortWaitOrTimeout_veneer+0xc>)
20000f7c:	4684      	mov	ip, r0
20000f7e:	bc01      	pop	{r0}
20000f80:	4760      	bx	ip
20000f82:	bf00      	nop
20000f84:	10006b2d 	.word	0x10006b2d

20000f88 <__rp2040_chip_version_veneer>:
20000f88:	b401      	push	{r0}
20000f8a:	4802      	ldr	r0, [pc, #8]	@ (20000f94 <__rp2040_chip_version_veneer+0xc>)
20000f8c:	4684      	mov	ip, r0
20000f8e:	bc01      	pop	{r0}
20000f90:	4760      	bx	ip
20000f92:	bf00      	nop
20000f94:	100003f1 	.word	0x100003f1

20000f98 <__tud_event_hook_cb_veneer>:
20000f98:	b401      	push	{r0}
20000f9a:	4802      	ldr	r0, [pc, #8]	@ (20000fa4 <__tud_event_hook_cb_veneer+0xc>)
20000f9c:	4684      	mov	ip, r0
20000f9e:	bc01      	pop	{r0}
20000fa0:	4760      	bx	ip
20000fa2:	bf00      	nop
20000fa4:	1000488d 	.word	0x1000488d

20000fa8 <__tu_fifo_write_veneer>:
20000fa8:	b401      	push	{r0}
20000faa:	4802      	ldr	r0, [pc, #8]	@ (20000fb4 <__tu_fifo_write_veneer+0xc>)
20000fac:	4684      	mov	ip, r0
20000fae:	bc01      	pop	{r0}
20000fb0:	4760      	bx	ip
20000fb2:	bf00      	nop
20000fb4:	100062ed 	.word	0x100062ed

20000fb8 <__time_us_64_veneer>:
20000fb8:	b401      	push	{r0}
20000fba:	4802      	ldr	r0, [pc, #8]	@ (20000fc4 <__time_us_64_veneer+0xc>)
20000fbc:	4684      	mov	ip, r0
20000fbe:	bc01      	pop	{r0}
20000fc0:	4760      	bx	ip
20000fc2:	bf00      	nop
20000fc4:	10001211 	.word	0x10001211

20000fc8 <__vPortLockInternalSpinUnlockWithNotify_veneer>:
20000fc8:	b401      	push	{r0}
20000fca:	4802      	ldr	r0, [pc, #8]	@ (20000fd4 <__vPortLockInternalSpinUnlockWithNotify_veneer+0xc>)
20000fcc:	4684      	mov	ip, r0
20000fce:	bc01      	pop	{r0}
20000fd0:	4760      	bx	ip
20000fd2:	bf00      	nop
20000fd4:	10006a65 	.word	0x10006a65

20000fd8 <__panic_veneer>:
20000fd8:	b401      	push	{r0}
20000fda:	4802      	ldr	r0, [pc, #8]	@ (20000fe4 <__panic_veneer+0xc>)
20000fdc:	4684      	mov	ip, r0
20000fde:	bc01      	pop	{r0}
20000fe0:	4760      	bx	ip
20000fe2:	bf00      	nop
20000fe4:	100003fd 	.word	0x100003fd

20000fe8 <striped_spin_lock_num>:
20000fe8:	00000010                                ....

20000fec <irq_handler_chain_slots>:
20000fec:	00000000 	.word	0x00000000
20000ff0:	00010000 	.word	0x00010000
	...
20000ffc:	00020000 	.word	0x00020000
	...
20001008:	00030000 	.word	0x00030000
	...
20001014:	00ff0000 	.word	0x00ff0000
20001018:	00000000 	.word	0x00000000

2000101c <irq_handler_chain_first_slot>:
2000101c:	b501      	push	{r0, lr}
2000101e:	6848      	ldr	r0, [r1, #4]
20001020:	3101      	adds	r1, #1
20001022:	468e      	mov	lr, r1
20001024:	4700      	bx	r0

20001026 <irq_handler_chain_remove_tail>:
20001026:	4670      	mov	r0, lr
20001028:	3809      	subs	r0, #9
2000102a:	4901      	ldr	r1, [pc, #4]	@ (20001030 <irq_handler_chain_remove_tail+0xa>)
2000102c:	4788      	blx	r1
2000102e:	bd01      	pop	{r0, pc}
20001030:	10000861 	.word	0x10000861

20001034 <default_alarm_pool>:
	...
20001048:	200010b8 00000000                       ... ....

20001050 <aeabi_bits_funcs>:
20001050:	00003350 	.word	0x00003350
20001054:	0000334c 	.word	0x0000334c
20001058:	00003354 	.word	0x00003354
2000105c:	00003352 	.word	0x00003352

20001060 <aeabi_bits_funcs_end>:
20001060:	0000534d 	.word	0x0000534d
20001064:	0000434d 	.word	0x0000434d
20001068:	00003453 	.word	0x00003453
2000106c:	00003443 	.word	0x00003443

20001070 <stdio_usb>:
20001070:	1000404d 10004001 10003f75 10003eed     M@...@..u?...>..
20001080:	00000000 00000100                       ........

20001088 <_usbd_qdef>:
20001088:	2000158c 000c0010 00000000 00000000     ... ............
	...

200010a4 <_usbd_rhport>:
200010a4:	                                         .

200010a5 <ucPrimaryCoreNum>:
200010a5:	                                         ...

200010a8 <malloc_mutex>:
	...

200010b0 <print_mutex>:
	...
