
/Users/stein/adv-emb/lab8/rxbuild/src/lab8.elf:     file format elf32-littlearm

Sections:
Idx Name          Size      VMA       LMA       File off  Algn
  0 .boot2        00000100  10000000  10000000  00001000  2**0
                  CONTENTS, ALLOC, LOAD, READONLY, CODE
  1 .text         00009510  10000100  10000100  00001100  2**4
                  CONTENTS, ALLOC, LOAD, READONLY, CODE
  2 .rodata       00000918  10009610  10009610  0000a610  2**3
                  CONTENTS, ALLOC, LOAD, READONLY, DATA
  3 .binary_info  00000024  10009f28  10009f28  0000af28  2**2
                  CONTENTS, ALLOC, LOAD, READONLY, DATA
  4 .ram_vector_table 000000c0  20000000  20000000  0000d000  2**2
                  ALLOC
  5 .uninitialized_data 00000000  200000c0  200000c0  0000c0b8  2**0
                  CONTENTS
  6 .data         00000ff8  200000c0  10009f4c  0000b0c0  2**4
                  CONTENTS, ALLOC, LOAD, READONLY, CODE
  7 .tdata        00000000  200010b8  200010b8  0000c0b8  2**0
                  CONTENTS, ALLOC, LOAD, DATA, THREAD_LOCAL
  8 .tbss         00000000  200010b8  200010b8  00000000  2**0
                  ALLOC, THREAD_LOCAL
  9 .bss          000213e4  200010b8  1000af44  0000c0b8  2**3
                  ALLOC
 10 .heap         00000800  2002249c  1000af44  0000c49c  2**2
                  ALLOC, READONLY
 11 .scratch_x    00000000  20040000  20040000  0000c0b8  2**0
                  CONTENTS
 12 .scratch_y    00000000  20041000  20041000  0000c0b8  2**0
                  CONTENTS
 13 .stack1_dummy 00000800  20040000  20040000  0000d000  2**2
                  ALLOC
 14 .stack_dummy  00000800  20041000  20041000  0000d000  2**5
                  ALLOC, READONLY
 15 .ARM.attributes 00000028  00000000  00000000  0000c0b8  2**0
                  CONTENTS, READONLY
 16 .comment      00000046  00000000  00000000  0000c0e0  2**0
                  CONTENTS, READONLY
 17 .debug_info   000428ea  00000000  00000000  0000c126  2**0
                  CONTENTS, READONLY, DEBUGGING, OCTETS
 18 .debug_abbrev 0000af17  00000000  00000000  0004ea10  2**0
                  CONTENTS, READONLY, DEBUGGING, OCTETS
 19 .debug_loclists 00026577  00000000  00000000  00059927  2**0
                  CONTENTS, READONLY, DEBUGGING, OCTETS
 20 .debug_aranges 00001c50  00000000  00000000  0007fea0  2**3
                  CONTENTS, READONLY, DEBUGGING, OCTETS
 21 .debug_rnglists 00005e35  00000000  00000000  00081af0  2**0
                  CONTENTS, READONLY, DEBUGGING, OCTETS
 22 .debug_line   00030bc5  00000000  00000000  00087925  2**0
                  CONTENTS, READONLY, DEBUGGING, OCTETS
 23 .debug_str    0000bb5e  00000000  00000000  000b84ea  2**0
                  CONTENTS, READONLY, DEBUGGING, OCTETS
 24 .debug_frame  0000435c  00000000  00000000  000c4048  2**2
                  CONTENTS, READONLY, DEBUGGING, OCTETS
 25 .debug_line_str 000002ea  00000000  00000000  000c83a4  2**0
                  CONTENTS, READONLY, DEBUGGING, OCTETS

/Users/stein/adv-emb/lab8/rxbuild/src/lab8.elf:     file format elf32-littlearm


Disassembly of section .boot2:

10000000 <__boot2_start__>:
10000000:	4b32b500 	.word	0x4b32b500
10000004:	60582021 	.word	0x60582021
10000008:	21026898 	.word	0x21026898
1000000c:	60984388 	.word	0x60984388
10000010:	611860d8 	.word	0x611860d8
10000014:	4b2e6158 	.word	0x4b2e6158
10000018:	60992100 	.word	0x60992100
1000001c:	61592102 	.word	0x61592102
10000020:	22f02101 	.word	0x22f02101
10000024:	492b5099 	.word	0x492b5099
10000028:	21016019 	.word	0x21016019
1000002c:	20356099 	.word	0x20356099
10000030:	f844f000 	.word	0xf844f000
10000034:	42902202 	.word	0x42902202
10000038:	2106d014 	.word	0x2106d014
1000003c:	f0006619 	.word	0xf0006619
10000040:	6e19f834 	.word	0x6e19f834
10000044:	66192101 	.word	0x66192101
10000048:	66182000 	.word	0x66182000
1000004c:	f000661a 	.word	0xf000661a
10000050:	6e19f82c 	.word	0x6e19f82c
10000054:	6e196e19 	.word	0x6e196e19
10000058:	f0002005 	.word	0xf0002005
1000005c:	2101f82f 	.word	0x2101f82f
10000060:	d1f94208 	.word	0xd1f94208
10000064:	60992100 	.word	0x60992100
10000068:	6019491b 	.word	0x6019491b
1000006c:	60592100 	.word	0x60592100
10000070:	481b491a 	.word	0x481b491a
10000074:	21016001 	.word	0x21016001
10000078:	21eb6099 	.word	0x21eb6099
1000007c:	21a06619 	.word	0x21a06619
10000080:	f0006619 	.word	0xf0006619
10000084:	2100f812 	.word	0x2100f812
10000088:	49166099 	.word	0x49166099
1000008c:	60014814 	.word	0x60014814
10000090:	60992101 	.word	0x60992101
10000094:	2800bc01 	.word	0x2800bc01
10000098:	4700d000 	.word	0x4700d000
1000009c:	49134812 	.word	0x49134812
100000a0:	c8036008 	.word	0xc8036008
100000a4:	8808f380 	.word	0x8808f380
100000a8:	b5034708 	.word	0xb5034708
100000ac:	20046a99 	.word	0x20046a99
100000b0:	d0fb4201 	.word	0xd0fb4201
100000b4:	42012001 	.word	0x42012001
100000b8:	bd03d1f8 	.word	0xbd03d1f8
100000bc:	6618b502 	.word	0x6618b502
100000c0:	f7ff6618 	.word	0xf7ff6618
100000c4:	6e18fff2 	.word	0x6e18fff2
100000c8:	bd026e18 	.word	0xbd026e18
100000cc:	40020000 	.word	0x40020000
100000d0:	18000000 	.word	0x18000000
100000d4:	00070000 	.word	0x00070000
100000d8:	005f0300 	.word	0x005f0300
100000dc:	00002221 	.word	0x00002221
100000e0:	180000f4 	.word	0x180000f4
100000e4:	a0002022 	.word	0xa0002022
100000e8:	10000100 	.word	0x10000100
100000ec:	e000ed08 	.word	0xe000ed08
	...
100000fc:	7a4eb274 	.word	0x7a4eb274

Disassembly of section .text:

10000100 <__VECTOR_TABLE>:
10000100:	20042000 	.word	0x20042000
10000104:	100001f7 	.word	0x100001f7
10000108:	100001cb 	.word	0x100001cb
1000010c:	100001cd 	.word	0x100001cd
10000110:	100001c9 	.word	0x100001c9
10000114:	100001c9 	.word	0x100001c9
10000118:	100001c9 	.word	0x100001c9
1000011c:	100001c9 	.word	0x100001c9
10000120:	100001c9 	.word	0x100001c9
10000124:	100001c9 	.word	0x100001c9
10000128:	100001c9 	.word	0x100001c9
1000012c:	100001cf 	.word	0x100001cf
10000130:	100001c9 	.word	0x100001c9
10000134:	100001c9 	.word	0x100001c9
10000138:	100001d1 	.word	0x100001d1
1000013c:	100001d3 	.word	0x100001d3
10000140:	100001c1 	.word	0x100001c1
10000144:	100001c1 	.word	0x100001c1
10000148:	100001c1 	.word	0x100001c1
1000014c:	100001c1 	.word	0x100001c1
10000150:	100001c1 	.word	0x100001c1
10000154:	100001c1 	.word	0x100001c1
10000158:	100001c1 	.word	0x100001c1
1000015c:	100001c1 	.word	0x100001c1
10000160:	100001c1 	.word	0x100001c1
10000164:	100001c1 	.word	0x100001c1
10000168:	100001c1 	.word	0x100001c1
1000016c:	100001c1 	.word	0x100001c1
10000170:	100001c1 	.word	0x100001c1
10000174:	100001c1 	.word	0x100001c1
10000178:	100001c1 	.word	0x100001c1
1000017c:	100001c1 	.word	0x100001c1
10000180:	100001c1 	.word	0x100001c1
10000184:	100001c1 	.word	0x100001c1
10000188:	100001c1 	.word	0x100001c1
1000018c:	100001c1 	.word	0x100001c1
10000190:	100001c1 	.word	0x100001c1
10000194:	100001c1 	.word	0x100001c1
10000198:	100001c1 	.word	0x100001c1
1000019c:	100001c1 	.word	0x100001c1
100001a0:	100001c1 	.word	0x100001c1
100001a4:	100001c1 	.word	0x100001c1
100001a8:	100001c1 	.word	0x100001c1
100001ac:	100001c1 	.word	0x100001c1
100001b0:	100001c1 	.word	0x100001c1
100001b4:	100001c1 	.word	0x100001c1
100001b8:	100001c1 	.word	0x100001c1
100001bc:	100001c1 	.word	0x100001c1

100001c0 <__unhandled_user_irq>:
100001c0:	f3ef 8005 	mrs	r0, IPSR
100001c4:	3810      	subs	r0, #16

100001c6 <unhandled_user_irq_num_in_r0>:
100001c6:	be00      	bkpt	0x0000

100001c8 <isr_invalid>:
100001c8:	be00      	bkpt	0x0000

100001ca <isr_nmi>:
100001ca:	be00      	bkpt	0x0000

100001cc <isr_hardfault>:
100001cc:	be00      	bkpt	0x0000

100001ce <isr_svcall>:
100001ce:	be00      	bkpt	0x0000

100001d0 <isr_pendsv>:
100001d0:	be00      	bkpt	0x0000

100001d2 <isr_systick>:
100001d2:	be00      	bkpt	0x0000

100001d4 <__default_isrs_end>:
100001d4:	7188ebf2 	.word	0x7188ebf2
100001d8:	10009f28 	.word	0x10009f28
100001dc:	10009f4c 	.word	0x10009f4c
100001e0:	10000238 	.word	0x10000238
100001e4:	e71aa390 	.word	0xe71aa390

100001e8 <_entry_point>:
100001e8:	481e      	ldr	r0, [pc, #120]	@ (10000264 <data_cpy_table+0x2c>)

100001ea <_enter_vtable_in_r0>:
100001ea:	491f      	ldr	r1, [pc, #124]	@ (10000268 <data_cpy_table+0x30>)
100001ec:	6008      	str	r0, [r1, #0]
100001ee:	c806      	ldmia	r0!, {r1, r2}
100001f0:	f381 8808 	msr	MSP, r1
100001f4:	4710      	bx	r2

100001f6 <_reset_handler>:
100001f6:	481d      	ldr	r0, [pc, #116]	@ (1000026c <data_cpy_table+0x34>)
100001f8:	6800      	ldr	r0, [r0, #0]
100001fa:	2800      	cmp	r0, #0
100001fc:	d001      	beq.n	10000202 <hold_non_core0_in_bootrom+0x4>

100001fe <hold_non_core0_in_bootrom>:
100001fe:	4819      	ldr	r0, [pc, #100]	@ (10000264 <data_cpy_table+0x2c>)
10000200:	e7f3      	b.n	100001ea <_enter_vtable_in_r0>
10000202:	a40d      	add	r4, pc, #52	@ (adr r4, 10000238 <data_cpy_table>)
10000204:	cc0e      	ldmia	r4!, {r1, r2, r3}
10000206:	2900      	cmp	r1, #0
10000208:	d002      	beq.n	10000210 <hold_non_core0_in_bootrom+0x12>
1000020a:	f000 f812 	bl	10000232 <data_cpy>
1000020e:	e7f9      	b.n	10000204 <hold_non_core0_in_bootrom+0x6>
10000210:	4917      	ldr	r1, [pc, #92]	@ (10000270 <data_cpy_table+0x38>)
10000212:	4a18      	ldr	r2, [pc, #96]	@ (10000274 <data_cpy_table+0x3c>)
10000214:	2000      	movs	r0, #0
10000216:	e000      	b.n	1000021a <bss_fill_test>

10000218 <bss_fill_loop>:
10000218:	c101      	stmia	r1!, {r0}

1000021a <bss_fill_test>:
1000021a:	4291      	cmp	r1, r2
1000021c:	d1fc      	bne.n	10000218 <bss_fill_loop>

1000021e <platform_entry>:
1000021e:	4916      	ldr	r1, [pc, #88]	@ (10000278 <data_cpy_table+0x40>)
10000220:	4788      	blx	r1
10000222:	4916      	ldr	r1, [pc, #88]	@ (1000027c <data_cpy_table+0x44>)
10000224:	4788      	blx	r1
10000226:	4916      	ldr	r1, [pc, #88]	@ (10000280 <data_cpy_table+0x48>)
10000228:	4788      	blx	r1
1000022a:	be00      	bkpt	0x0000
1000022c:	e7fd      	b.n	1000022a <platform_entry+0xc>

1000022e <data_cpy_loop>:
1000022e:	c901      	ldmia	r1!, {r0}
10000230:	c201      	stmia	r2!, {r0}

10000232 <data_cpy>:
10000232:	429a      	cmp	r2, r3
10000234:	d3fb      	bcc.n	1000022e <data_cpy_loop>
10000236:	4770      	bx	lr

10000238 <data_cpy_table>:
10000238:	10009f4c 	.word	0x10009f4c
1000023c:	200000c0 	.word	0x200000c0
10000240:	200010b8 	.word	0x200010b8
10000244:	1000af44 	.word	0x1000af44
10000248:	20040000 	.word	0x20040000
1000024c:	20040000 	.word	0x20040000
10000250:	1000af44 	.word	0x1000af44
10000254:	20041000 	.word	0x20041000
10000258:	20041000 	.word	0x20041000
1000025c:	00000000 	.word	0x00000000
10000260:	4770      	bx	lr
10000262:	0000      	.short	0x0000
10000264:	00000000 	.word	0x00000000
10000268:	e000ed08 	.word	0xe000ed08
1000026c:	d0000000 	.word	0xd0000000
10000270:	200010b8 	.word	0x200010b8
10000274:	2002249c 	.word	0x2002249c
10000278:	100039cd 	.word	0x100039cd
1000027c:	100003bd 	.word	0x100003bd
10000280:	100039c5 	.word	0x100039c5

10000284 <_init>:
10000284:	b5f8      	push	{r3, r4, r5, r6, r7, lr}
10000286:	46c0      	nop			@ (mov r8, r8)

10000288 <register_tm_clones>:
10000288:	4806      	ldr	r0, [pc, #24]	@ (100002a4 <register_tm_clones+0x1c>)
1000028a:	4907      	ldr	r1, [pc, #28]	@ (100002a8 <register_tm_clones+0x20>)
1000028c:	1a09      	subs	r1, r1, r0
1000028e:	108b      	asrs	r3, r1, #2
10000290:	0fc9      	lsrs	r1, r1, #31
10000292:	18c9      	adds	r1, r1, r3
10000294:	b510      	push	{r4, lr}
10000296:	1049      	asrs	r1, r1, #1
10000298:	d003      	beq.n	100002a2 <register_tm_clones+0x1a>
1000029a:	4b04      	ldr	r3, [pc, #16]	@ (100002ac <register_tm_clones+0x24>)
1000029c:	2b00      	cmp	r3, #0
1000029e:	d000      	beq.n	100002a2 <register_tm_clones+0x1a>
100002a0:	4798      	blx	r3
100002a2:	bd10      	pop	{r4, pc}
100002a4:	200010b8 	.word	0x200010b8
100002a8:	200010b8 	.word	0x200010b8
100002ac:	00000000 	.word	0x00000000

100002b0 <frame_dummy>:
100002b0:	4b05      	ldr	r3, [pc, #20]	@ (100002c8 <frame_dummy+0x18>)
100002b2:	b510      	push	{r4, lr}
100002b4:	2b00      	cmp	r3, #0
100002b6:	d003      	beq.n	100002c0 <frame_dummy+0x10>
100002b8:	4904      	ldr	r1, [pc, #16]	@ (100002cc <frame_dummy+0x1c>)
100002ba:	4805      	ldr	r0, [pc, #20]	@ (100002d0 <frame_dummy+0x20>)
100002bc:	e000      	b.n	100002c0 <frame_dummy+0x10>
100002be:	bf00      	nop
100002c0:	f7ff ffe2 	bl	10000288 <register_tm_clones>
100002c4:	bd10      	pop	{r4, pc}
100002c6:	46c0      	nop			@ (mov r8, r8)
100002c8:	00000000 	.word	0x00000000
100002cc:	20001fa8 	.word	0x20001fa8
100002d0:	10009610 	.word	0x10009610

100002d4 <PIOx_IRQHandler>:
100002d4:	b510      	push	{r4, lr}
100002d6:	4802      	ldr	r0, [pc, #8]	@ (100002e0 <PIOx_IRQHandler+0xc>)
100002d8:	f008 fb98 	bl	10008a0c <can2040_pio_irq_handler>
100002dc:	bd10      	pop	{r4, pc}
100002de:	46c0      	nop			@ (mov r8, r8)
100002e0:	20001a18 	.word	0x20001a18

100002e4 <CanReceiveTask>:
100002e4:	4b15      	ldr	r3, [pc, #84]	@ (1000033c <CanReceiveTask+0x58>)
100002e6:	b5f0      	push	{r4, r5, r6, r7, lr}
100002e8:	4647      	mov	r7, r8
100002ea:	46ce      	mov	lr, r9
100002ec:	4699      	mov	r9, r3
100002ee:	2300      	movs	r3, #0
100002f0:	b580      	push	{r7, lr}
100002f2:	4698      	mov	r8, r3
100002f4:	27ff      	movs	r7, #255	@ 0xff
100002f6:	b089      	sub	sp, #36	@ 0x24
100002f8:	4d11      	ldr	r5, [pc, #68]	@ (10000340 <CanReceiveTask+0x5c>)
100002fa:	ac04      	add	r4, sp, #16
100002fc:	2201      	movs	r2, #1
100002fe:	0021      	movs	r1, r4
10000300:	6828      	ldr	r0, [r5, #0]
10000302:	4252      	negs	r2, r2
10000304:	f006 fffc 	bl	10007300 <xQueueReceive>
10000308:	2801      	cmp	r0, #1
1000030a:	d1f7      	bne.n	100002fc <CanReceiveTask+0x18>
1000030c:	6866      	ldr	r6, [r4, #4]
1000030e:	b2f3      	uxtb	r3, r6
10000310:	2b00      	cmp	r3, #0
10000312:	d005      	beq.n	10000320 <CanReceiveTask+0x3c>
10000314:	003a      	movs	r2, r7
10000316:	a906      	add	r1, sp, #24
10000318:	4032      	ands	r2, r6
1000031a:	a801      	add	r0, sp, #4
1000031c:	f001 fecc 	bl	100020b8 <__wrap___aeabi_memcpy>
10000320:	003b      	movs	r3, r7
10000322:	466a      	mov	r2, sp
10000324:	4641      	mov	r1, r8
10000326:	4033      	ands	r3, r6
10000328:	3204      	adds	r2, #4
1000032a:	54d1      	strb	r1, [r2, r3]
1000032c:	4648      	mov	r0, r9
1000032e:	0013      	movs	r3, r2
10000330:	6821      	ldr	r1, [r4, #0]
10000332:	0032      	movs	r2, r6
10000334:	f003 fd5a 	bl	10003dec <__wrap_printf>
10000338:	e7e0      	b.n	100002fc <CanReceiveTask+0x18>
1000033a:	46c0      	nop			@ (mov r8, r8)
1000033c:	10009610 	.word	0x10009610
10000340:	20002274 	.word	0x20002274

10000344 <can2040_cb>:
10000344:	b510      	push	{r4, lr}
10000346:	0014      	movs	r4, r2
10000348:	02c9      	lsls	r1, r1, #11
1000034a:	d400      	bmi.n	1000034e <can2040_cb+0xa>
1000034c:	bd10      	pop	{r4, pc}
1000034e:	4b04      	ldr	r3, [pc, #16]	@ (10000360 <can2040_cb+0x1c>)
10000350:	2200      	movs	r2, #0
10000352:	0021      	movs	r1, r4
10000354:	6818      	ldr	r0, [r3, #0]
10000356:	2300      	movs	r3, #0
10000358:	f006 ff2a 	bl	100071b0 <xQueueGenericSendFromISR>
1000035c:	e7f6      	b.n	1000034c <can2040_cb+0x8>
1000035e:	46c0      	nop			@ (mov r8, r8)
10000360:	20002274 	.word	0x20002274

10000364 <canbus_setup>:
10000364:	b510      	push	{r4, lr}
10000366:	4c10      	ldr	r4, [pc, #64]	@ (100003a8 <canbus_setup+0x44>)
10000368:	b082      	sub	sp, #8
1000036a:	0020      	movs	r0, r4
1000036c:	2100      	movs	r1, #0
1000036e:	f009 f801 	bl	10009374 <can2040_setup>
10000372:	0020      	movs	r0, r4
10000374:	490d      	ldr	r1, [pc, #52]	@ (100003ac <canbus_setup+0x48>)
10000376:	f009 f815 	bl	100093a4 <can2040_callback_config>
1000037a:	2007      	movs	r0, #7
1000037c:	490c      	ldr	r1, [pc, #48]	@ (100003b0 <canbus_setup+0x4c>)
1000037e:	f000 f945 	bl	1000060c <irq_set_exclusive_handler>
10000382:	217f      	movs	r1, #127	@ 0x7f
10000384:	2007      	movs	r0, #7
10000386:	f000 fa65 	bl	10000854 <irq_set_priority>
1000038a:	2101      	movs	r1, #1
1000038c:	2007      	movs	r0, #7
1000038e:	f000 f905 	bl	1000059c <irq_set_enabled>
10000392:	2305      	movs	r3, #5
10000394:	0020      	movs	r0, r4
10000396:	9300      	str	r3, [sp, #0]
10000398:	4a06      	ldr	r2, [pc, #24]	@ (100003b4 <canbus_setup+0x50>)
1000039a:	4907      	ldr	r1, [pc, #28]	@ (100003b8 <canbus_setup+0x54>)
1000039c:	3b01      	subs	r3, #1
1000039e:	f009 f803 	bl	100093a8 <can2040_start>
100003a2:	b002      	add	sp, #8
100003a4:	bd10      	pop	{r4, pc}
100003a6:	46c0      	nop			@ (mov r8, r8)
100003a8:	20001a18 	.word	0x20001a18
100003ac:	10000345 	.word	0x10000345
100003b0:	100002d5 	.word	0x100002d5
100003b4:	0007a120 	.word	0x0007a120
100003b8:	07735940 	.word	0x07735940

100003bc <main>:
100003bc:	b500      	push	{lr}
100003be:	b083      	sub	sp, #12
100003c0:	f003 fc42 	bl	10003c48 <stdio_init_all>
100003c4:	480d      	ldr	r0, [pc, #52]	@ (100003fc <main+0x40>)
100003c6:	f000 fe1d 	bl	10001004 <sleep_ms>
100003ca:	2200      	movs	r2, #0
100003cc:	2110      	movs	r1, #16
100003ce:	2040      	movs	r0, #64	@ 0x40
100003d0:	f006 fe9c 	bl	1000710c <xQueueGenericCreate>
100003d4:	4b0a      	ldr	r3, [pc, #40]	@ (10000400 <main+0x44>)
100003d6:	6018      	str	r0, [r3, #0]
100003d8:	f7ff ffc4 	bl	10000364 <canbus_setup>
100003dc:	2300      	movs	r3, #0
100003de:	2280      	movs	r2, #128	@ 0x80
100003e0:	9301      	str	r3, [sp, #4]
100003e2:	3301      	adds	r3, #1
100003e4:	4907      	ldr	r1, [pc, #28]	@ (10000404 <main+0x48>)
100003e6:	9300      	str	r3, [sp, #0]
100003e8:	0092      	lsls	r2, r2, #2
100003ea:	2300      	movs	r3, #0
100003ec:	4806      	ldr	r0, [pc, #24]	@ (10000408 <main+0x4c>)
100003ee:	f007 faef 	bl	100079d0 <xTaskCreate>
100003f2:	f007 faff 	bl	100079f4 <vTaskStartScheduler>
100003f6:	2000      	movs	r0, #0
100003f8:	b003      	add	sp, #12
100003fa:	bd00      	pop	{pc}
100003fc:	00001388 	.word	0x00001388
10000400:	20002274 	.word	0x20002274
10000404:	10009630 	.word	0x10009630
10000408:	100002e5 	.word	0x100002e5

1000040c <rp2040_chip_version>:
1000040c:	2380      	movs	r3, #128	@ 0x80
1000040e:	05db      	lsls	r3, r3, #23
10000410:	6818      	ldr	r0, [r3, #0]
10000412:	0f00      	lsrs	r0, r0, #28
10000414:	4770      	bx	lr
10000416:	46c0      	nop			@ (mov r8, r8)

10000418 <panic>:
10000418:	b40f      	push	{r0, r1, r2, r3}
1000041a:	b500      	push	{lr}
1000041c:	4808      	ldr	r0, [pc, #32]	@ (10000440 <panic+0x28>)
1000041e:	b083      	sub	sp, #12
10000420:	f003 fc60 	bl	10003ce4 <__wrap_puts>
10000424:	9b04      	ldr	r3, [sp, #16]
10000426:	2b00      	cmp	r3, #0
10000428:	d007      	beq.n	1000043a <panic+0x22>
1000042a:	a905      	add	r1, sp, #20
1000042c:	0018      	movs	r0, r3
1000042e:	9101      	str	r1, [sp, #4]
10000430:	f003 faaa 	bl	10003988 <weak_raw_vprintf>
10000434:	4803      	ldr	r0, [pc, #12]	@ (10000444 <panic+0x2c>)
10000436:	f003 fc55 	bl	10003ce4 <__wrap_puts>
1000043a:	2001      	movs	r0, #1
1000043c:	f003 fabc 	bl	100039b8 <_exit>
10000440:	10009640 	.word	0x10009640
10000444:	1000962c 	.word	0x1000962c

10000448 <panic_unsupported>:
10000448:	b510      	push	{r4, lr}
1000044a:	4801      	ldr	r0, [pc, #4]	@ (10000450 <panic_unsupported+0x8>)
1000044c:	f7ff ffe4 	bl	10000418 <panic>
10000450:	10009650 	.word	0x10009650

10000454 <hw_claim_or_assert>:
10000454:	b570      	push	{r4, r5, r6, lr}
10000456:	f3ef 8c10 	mrs	ip, PRIMASK
1000045a:	b672      	cpsid	i
1000045c:	4d0d      	ldr	r5, [pc, #52]	@ (10000494 <hw_claim_or_assert+0x40>)
1000045e:	682b      	ldr	r3, [r5, #0]
10000460:	2b00      	cmp	r3, #0
10000462:	d0fc      	beq.n	1000045e <hw_claim_or_assert+0xa>
10000464:	f3bf 8f5f 	dmb	sy
10000468:	2407      	movs	r4, #7
1000046a:	08cb      	lsrs	r3, r1, #3
1000046c:	18c6      	adds	r6, r0, r3
1000046e:	5cc0      	ldrb	r0, [r0, r3]
10000470:	2301      	movs	r3, #1
10000472:	400c      	ands	r4, r1
10000474:	40a3      	lsls	r3, r4
10000476:	001c      	movs	r4, r3
10000478:	4004      	ands	r4, r0
1000047a:	4203      	tst	r3, r0
1000047c:	d107      	bne.n	1000048e <hw_claim_or_assert+0x3a>
1000047e:	4318      	orrs	r0, r3
10000480:	7030      	strb	r0, [r6, #0]
10000482:	f3bf 8f5f 	dmb	sy
10000486:	602c      	str	r4, [r5, #0]
10000488:	f38c 8810 	msr	PRIMASK, ip
1000048c:	bd70      	pop	{r4, r5, r6, pc}
1000048e:	0010      	movs	r0, r2
10000490:	f7ff ffc2 	bl	10000418 <panic>
10000494:	d000012c 	.word	0xd000012c

10000498 <hw_claim_unused_from_range>:
10000498:	b5f8      	push	{r3, r4, r5, r6, r7, lr}
1000049a:	4647      	mov	r7, r8
1000049c:	46ce      	mov	lr, r9
1000049e:	4688      	mov	r8, r1
100004a0:	b580      	push	{r7, lr}
100004a2:	f3ef 8c10 	mrs	ip, PRIMASK
100004a6:	b672      	cpsid	i
100004a8:	4d1c      	ldr	r5, [pc, #112]	@ (1000051c <hw_claim_unused_from_range+0x84>)
100004aa:	682c      	ldr	r4, [r5, #0]
100004ac:	2c00      	cmp	r4, #0
100004ae:	d0fc      	beq.n	100004aa <hw_claim_unused_from_range+0x12>
100004b0:	f3bf 8f5f 	dmb	sy
100004b4:	429a      	cmp	r2, r3
100004b6:	d822      	bhi.n	100004fe <hw_claim_unused_from_range+0x66>
100004b8:	2107      	movs	r1, #7
100004ba:	2601      	movs	r6, #1
100004bc:	4689      	mov	r9, r1
100004be:	e002      	b.n	100004c6 <hw_claim_unused_from_range+0x2e>
100004c0:	3201      	adds	r2, #1
100004c2:	4293      	cmp	r3, r2
100004c4:	d318      	bcc.n	100004f8 <hw_claim_unused_from_range+0x60>
100004c6:	464d      	mov	r5, r9
100004c8:	0037      	movs	r7, r6
100004ca:	4015      	ands	r5, r2
100004cc:	40af      	lsls	r7, r5
100004ce:	08d4      	lsrs	r4, r2, #3
100004d0:	1901      	adds	r1, r0, r4
100004d2:	5d04      	ldrb	r4, [r0, r4]
100004d4:	4227      	tst	r7, r4
100004d6:	d1f3      	bne.n	100004c0 <hw_claim_unused_from_range+0x28>
100004d8:	0010      	movs	r0, r2
100004da:	433c      	orrs	r4, r7
100004dc:	700c      	strb	r4, [r1, #0]
100004de:	f3bf 8f5f 	dmb	sy
100004e2:	2200      	movs	r2, #0
100004e4:	4b0d      	ldr	r3, [pc, #52]	@ (1000051c <hw_claim_unused_from_range+0x84>)
100004e6:	601a      	str	r2, [r3, #0]
100004e8:	f38c 8810 	msr	PRIMASK, ip
100004ec:	2800      	cmp	r0, #0
100004ee:	db0e      	blt.n	1000050e <hw_claim_unused_from_range+0x76>
100004f0:	bcc0      	pop	{r6, r7}
100004f2:	46b9      	mov	r9, r7
100004f4:	46b0      	mov	r8, r6
100004f6:	bdf8      	pop	{r3, r4, r5, r6, r7, pc}
100004f8:	2001      	movs	r0, #1
100004fa:	4240      	negs	r0, r0
100004fc:	e7ef      	b.n	100004de <hw_claim_unused_from_range+0x46>
100004fe:	f3bf 8f5f 	dmb	sy
10000502:	2300      	movs	r3, #0
10000504:	602b      	str	r3, [r5, #0]
10000506:	f38c 8810 	msr	PRIMASK, ip
1000050a:	2001      	movs	r0, #1
1000050c:	4240      	negs	r0, r0
1000050e:	4643      	mov	r3, r8
10000510:	2b00      	cmp	r3, #0
10000512:	d0ed      	beq.n	100004f0 <hw_claim_unused_from_range+0x58>
10000514:	9808      	ldr	r0, [sp, #32]
10000516:	f7ff ff7f 	bl	10000418 <panic>
1000051a:	46c0      	nop			@ (mov r8, r8)
1000051c:	d000012c 	.word	0xd000012c

10000520 <next_striped_spin_lock_num>:
10000520:	4a04      	ldr	r2, [pc, #16]	@ (10000534 <next_striped_spin_lock_num+0x14>)
10000522:	7810      	ldrb	r0, [r2, #0]
10000524:	1c43      	adds	r3, r0, #1
10000526:	b2db      	uxtb	r3, r3
10000528:	2b17      	cmp	r3, #23
1000052a:	d900      	bls.n	1000052e <next_striped_spin_lock_num+0xe>
1000052c:	2310      	movs	r3, #16
1000052e:	7013      	strb	r3, [r2, #0]
10000530:	4770      	bx	lr
10000532:	46c0      	nop			@ (mov r8, r8)
10000534:	20000fe8 	.word	0x20000fe8

10000538 <spin_lock_claim_unused>:
10000538:	b510      	push	{r4, lr}
1000053a:	4b06      	ldr	r3, [pc, #24]	@ (10000554 <spin_lock_claim_unused+0x1c>)
1000053c:	4c06      	ldr	r4, [pc, #24]	@ (10000558 <spin_lock_claim_unused+0x20>)
1000053e:	b082      	sub	sp, #8
10000540:	0001      	movs	r1, r0
10000542:	9300      	str	r3, [sp, #0]
10000544:	2218      	movs	r2, #24
10000546:	231f      	movs	r3, #31
10000548:	0020      	movs	r0, r4
1000054a:	f7ff ffa5 	bl	10000498 <hw_claim_unused_from_range>
1000054e:	b002      	add	sp, #8
10000550:	bd10      	pop	{r4, pc}
10000552:	46c0      	nop			@ (mov r8, r8)
10000554:	10009660 	.word	0x10009660
10000558:	20001b38 	.word	0x20001b38

1000055c <spin_locks_reset>:
1000055c:	2100      	movs	r1, #0
1000055e:	4b04      	ldr	r3, [pc, #16]	@ (10000570 <spin_locks_reset+0x14>)
10000560:	4a04      	ldr	r2, [pc, #16]	@ (10000574 <spin_locks_reset+0x18>)
10000562:	f3bf 8f5f 	dmb	sy
10000566:	c302      	stmia	r3!, {r1}
10000568:	4293      	cmp	r3, r2
1000056a:	d1fa      	bne.n	10000562 <spin_locks_reset+0x6>
1000056c:	4770      	bx	lr
1000056e:	46c0      	nop			@ (mov r8, r8)
10000570:	d0000100 	.word	0xd0000100
10000574:	d0000180 	.word	0xd0000180

10000578 <runtime_init_per_core_irq_priorities>:
10000578:	4b05      	ldr	r3, [pc, #20]	@ (10000590 <runtime_init_per_core_irq_priorities+0x18>)
1000057a:	4a06      	ldr	r2, [pc, #24]	@ (10000594 <runtime_init_per_core_irq_priorities+0x1c>)
1000057c:	6013      	str	r3, [r2, #0]
1000057e:	4a06      	ldr	r2, [pc, #24]	@ (10000598 <runtime_init_per_core_irq_priorities+0x20>)
10000580:	6013      	str	r3, [r2, #0]
10000582:	6053      	str	r3, [r2, #4]
10000584:	6093      	str	r3, [r2, #8]
10000586:	60d3      	str	r3, [r2, #12]
10000588:	6113      	str	r3, [r2, #16]
1000058a:	6153      	str	r3, [r2, #20]
1000058c:	6193      	str	r3, [r2, #24]
1000058e:	4770      	bx	lr
10000590:	80808080 	.word	0x80808080
10000594:	e000e400 	.word	0xe000e400
10000598:	e000e404 	.word	0xe000e404

1000059c <irq_set_enabled>:
1000059c:	231f      	movs	r3, #31
1000059e:	4018      	ands	r0, r3
100005a0:	3b1e      	subs	r3, #30
100005a2:	4083      	lsls	r3, r0
100005a4:	2900      	cmp	r1, #0
100005a6:	d005      	beq.n	100005b4 <irq_set_enabled+0x18>
100005a8:	21c0      	movs	r1, #192	@ 0xc0
100005aa:	4a04      	ldr	r2, [pc, #16]	@ (100005bc <irq_set_enabled+0x20>)
100005ac:	0049      	lsls	r1, r1, #1
100005ae:	5053      	str	r3, [r2, r1]
100005b0:	6013      	str	r3, [r2, #0]
100005b2:	4770      	bx	lr
100005b4:	2280      	movs	r2, #128	@ 0x80
100005b6:	4901      	ldr	r1, [pc, #4]	@ (100005bc <irq_set_enabled+0x20>)
100005b8:	508b      	str	r3, [r1, r2]
100005ba:	e7fa      	b.n	100005b2 <irq_set_enabled+0x16>
100005bc:	e000e100 	.word	0xe000e100

100005c0 <irq_is_enabled>:
100005c0:	2201      	movs	r2, #1
100005c2:	4082      	lsls	r2, r0
100005c4:	4b03      	ldr	r3, [pc, #12]	@ (100005d4 <irq_is_enabled+0x14>)
100005c6:	681b      	ldr	r3, [r3, #0]
100005c8:	4013      	ands	r3, r2
100005ca:	1e5a      	subs	r2, r3, #1
100005cc:	4193      	sbcs	r3, r2
100005ce:	b2d8      	uxtb	r0, r3
100005d0:	4770      	bx	lr
100005d2:	46c0      	nop			@ (mov r8, r8)
100005d4:	e000e100 	.word	0xe000e100

100005d8 <irq_set_pending>:
100005d8:	2301      	movs	r3, #1
100005da:	4083      	lsls	r3, r0
100005dc:	4a01      	ldr	r2, [pc, #4]	@ (100005e4 <irq_set_pending+0xc>)
100005de:	6013      	str	r3, [r2, #0]
100005e0:	4770      	bx	lr
100005e2:	46c0      	nop			@ (mov r8, r8)
100005e4:	e000e200 	.word	0xe000e200

100005e8 <irq_has_shared_handler>:
100005e8:	4b06      	ldr	r3, [pc, #24]	@ (10000604 <irq_has_shared_handler+0x1c>)
100005ea:	3010      	adds	r0, #16
100005ec:	689b      	ldr	r3, [r3, #8]
100005ee:	0080      	lsls	r0, r0, #2
100005f0:	58c3      	ldr	r3, [r0, r3]
100005f2:	4a05      	ldr	r2, [pc, #20]	@ (10000608 <irq_has_shared_handler+0x20>)
100005f4:	2000      	movs	r0, #0
100005f6:	1a9b      	subs	r3, r3, r2
100005f8:	222f      	movs	r2, #47	@ 0x2f
100005fa:	429a      	cmp	r2, r3
100005fc:	4140      	adcs	r0, r0
100005fe:	b2c0      	uxtb	r0, r0
10000600:	4770      	bx	lr
10000602:	46c0      	nop			@ (mov r8, r8)
10000604:	e000ed00 	.word	0xe000ed00
10000608:	20000fec 	.word	0x20000fec

1000060c <irq_set_exclusive_handler>:
1000060c:	b570      	push	{r4, r5, r6, lr}
1000060e:	000d      	movs	r5, r1
10000610:	f3ef 8610 	mrs	r6, PRIMASK
10000614:	b672      	cpsid	i
10000616:	4a0f      	ldr	r2, [pc, #60]	@ (10000654 <irq_set_exclusive_handler+0x48>)
10000618:	6813      	ldr	r3, [r2, #0]
1000061a:	2b00      	cmp	r3, #0
1000061c:	d0fc      	beq.n	10000618 <irq_set_exclusive_handler+0xc>
1000061e:	f3bf 8f5f 	dmb	sy
10000622:	4b0d      	ldr	r3, [pc, #52]	@ (10000658 <irq_set_exclusive_handler+0x4c>)
10000624:	3010      	adds	r0, #16
10000626:	689b      	ldr	r3, [r3, #8]
10000628:	0084      	lsls	r4, r0, #2
1000062a:	591b      	ldr	r3, [r3, r4]
1000062c:	4a0b      	ldr	r2, [pc, #44]	@ (1000065c <irq_set_exclusive_handler+0x50>)
1000062e:	4293      	cmp	r3, r2
10000630:	d003      	beq.n	1000063a <irq_set_exclusive_handler+0x2e>
10000632:	429d      	cmp	r5, r3
10000634:	d001      	beq.n	1000063a <irq_set_exclusive_handler+0x2e>
10000636:	f001 f817 	bl	10001668 <hard_assertion_failure>
1000063a:	4b07      	ldr	r3, [pc, #28]	@ (10000658 <irq_set_exclusive_handler+0x4c>)
1000063c:	689b      	ldr	r3, [r3, #8]
1000063e:	511d      	str	r5, [r3, r4]
10000640:	f3bf 8f5f 	dmb	sy
10000644:	f3bf 8f5f 	dmb	sy
10000648:	2200      	movs	r2, #0
1000064a:	4b02      	ldr	r3, [pc, #8]	@ (10000654 <irq_set_exclusive_handler+0x48>)
1000064c:	601a      	str	r2, [r3, #0]
1000064e:	f386 8810 	msr	PRIMASK, r6
10000652:	bd70      	pop	{r4, r5, r6, pc}
10000654:	d0000124 	.word	0xd0000124
10000658:	e000ed00 	.word	0xe000ed00
1000065c:	100001c1 	.word	0x100001c1

10000660 <irq_add_shared_handler>:
10000660:	b5f0      	push	{r4, r5, r6, r7, lr}
10000662:	4657      	mov	r7, sl
10000664:	464e      	mov	r6, r9
10000666:	46de      	mov	lr, fp
10000668:	4645      	mov	r5, r8
1000066a:	b5e0      	push	{r5, r6, r7, lr}
1000066c:	b085      	sub	sp, #20
1000066e:	0006      	movs	r6, r0
10000670:	9100      	str	r1, [sp, #0]
10000672:	0017      	movs	r7, r2
10000674:	f3ef 8b10 	mrs	fp, PRIMASK
10000678:	b672      	cpsid	i
1000067a:	4a6a      	ldr	r2, [pc, #424]	@ (10000824 <irq_add_shared_handler+0x1c4>)
1000067c:	6813      	ldr	r3, [r2, #0]
1000067e:	2b00      	cmp	r3, #0
10000680:	d0fc      	beq.n	1000067c <irq_add_shared_handler+0x1c>
10000682:	f3bf 8f5f 	dmb	sy
10000686:	2500      	movs	r5, #0
10000688:	4b67      	ldr	r3, [pc, #412]	@ (10000828 <irq_add_shared_handler+0x1c8>)
1000068a:	575d      	ldrsb	r5, [r3, r5]
1000068c:	469a      	mov	sl, r3
1000068e:	2d00      	cmp	r5, #0
10000690:	da00      	bge.n	10000694 <irq_add_shared_handler+0x34>
10000692:	e0a9      	b.n	100007e8 <irq_add_shared_handler+0x188>
10000694:	006b      	lsls	r3, r5, #1
10000696:	4c65      	ldr	r4, [pc, #404]	@ (1000082c <irq_add_shared_handler+0x1cc>)
10000698:	9301      	str	r3, [sp, #4]
1000069a:	195b      	adds	r3, r3, r5
1000069c:	009b      	lsls	r3, r3, #2
1000069e:	4698      	mov	r8, r3
100006a0:	46a1      	mov	r9, r4
100006a2:	44c1      	add	r9, r8
100006a4:	464b      	mov	r3, r9
100006a6:	4652      	mov	r2, sl
100006a8:	799b      	ldrb	r3, [r3, #6]
100006aa:	3610      	adds	r6, #16
100006ac:	7013      	strb	r3, [r2, #0]
100006ae:	4b60      	ldr	r3, [pc, #384]	@ (10000830 <irq_add_shared_handler+0x1d0>)
100006b0:	00b6      	lsls	r6, r6, #2
100006b2:	689b      	ldr	r3, [r3, #8]
100006b4:	5999      	ldr	r1, [r3, r6]
100006b6:	1b0b      	subs	r3, r1, r4
100006b8:	2b2f      	cmp	r3, #47	@ 0x2f
100006ba:	d933      	bls.n	10000724 <irq_add_shared_handler+0xc4>
100006bc:	4b5d      	ldr	r3, [pc, #372]	@ (10000834 <irq_add_shared_handler+0x1d4>)
100006be:	4299      	cmp	r1, r3
100006c0:	d000      	beq.n	100006c4 <irq_add_shared_handler+0x64>
100006c2:	e0ac      	b.n	1000081e <irq_add_shared_handler+0x1be>
100006c4:	9b01      	ldr	r3, [sp, #4]
100006c6:	4642      	mov	r2, r8
100006c8:	469c      	mov	ip, r3
100006ca:	4b5b      	ldr	r3, [pc, #364]	@ (10000838 <irq_add_shared_handler+0x1d8>)
100006cc:	4465      	add	r5, ip
100006ce:	00ad      	lsls	r5, r5, #2
100006d0:	5363      	strh	r3, [r4, r5]
100006d2:	4b5a      	ldr	r3, [pc, #360]	@ (1000083c <irq_add_shared_handler+0x1dc>)
100006d4:	3202      	adds	r2, #2
100006d6:	18a2      	adds	r2, r4, r2
100006d8:	3b04      	subs	r3, #4
100006da:	1a9b      	subs	r3, r3, r2
100006dc:	051b      	lsls	r3, r3, #20
100006de:	4a58      	ldr	r2, [pc, #352]	@ (10000840 <irq_add_shared_handler+0x1e0>)
100006e0:	0d5b      	lsrs	r3, r3, #21
100006e2:	1965      	adds	r5, r4, r5
100006e4:	4313      	orrs	r3, r2
100006e6:	806b      	strh	r3, [r5, #2]
100006e8:	4b56      	ldr	r3, [pc, #344]	@ (10000844 <irq_add_shared_handler+0x1e4>)
100006ea:	2101      	movs	r1, #1
100006ec:	80ab      	strh	r3, [r5, #4]
100006ee:	23ff      	movs	r3, #255	@ 0xff
100006f0:	71ab      	strb	r3, [r5, #6]
100006f2:	9b00      	ldr	r3, [sp, #0]
100006f4:	71ef      	strb	r7, [r5, #7]
100006f6:	60ab      	str	r3, [r5, #8]
100006f8:	464b      	mov	r3, r9
100006fa:	430b      	orrs	r3, r1
100006fc:	0019      	movs	r1, r3
100006fe:	4b4c      	ldr	r3, [pc, #304]	@ (10000830 <irq_add_shared_handler+0x1d0>)
10000700:	689b      	ldr	r3, [r3, #8]
10000702:	5199      	str	r1, [r3, r6]
10000704:	f3bf 8f5f 	dmb	sy
10000708:	f3bf 8f5f 	dmb	sy
1000070c:	2200      	movs	r2, #0
1000070e:	4b45      	ldr	r3, [pc, #276]	@ (10000824 <irq_add_shared_handler+0x1c4>)
10000710:	601a      	str	r2, [r3, #0]
10000712:	f38b 8810 	msr	PRIMASK, fp
10000716:	b005      	add	sp, #20
10000718:	bcf0      	pop	{r4, r5, r6, r7}
1000071a:	46bb      	mov	fp, r7
1000071c:	46b2      	mov	sl, r6
1000071e:	46a9      	mov	r9, r5
10000720:	46a0      	mov	r8, r4
10000722:	bdf0      	pop	{r4, r5, r6, r7, pc}
10000724:	2001      	movs	r0, #1
10000726:	000a      	movs	r2, r1
10000728:	4382      	bics	r2, r0
1000072a:	79d3      	ldrb	r3, [r2, #7]
1000072c:	468c      	mov	ip, r1
1000072e:	42bb      	cmp	r3, r7
10000730:	d831      	bhi.n	10000796 <irq_add_shared_handler+0x136>
10000732:	4645      	mov	r5, r8
10000734:	0013      	movs	r3, r2
10000736:	4944      	ldr	r1, [pc, #272]	@ (10000848 <irq_add_shared_handler+0x1e8>)
10000738:	1b1b      	subs	r3, r3, r4
1000073a:	415b      	adcs	r3, r3
1000073c:	4359      	muls	r1, r3
1000073e:	0d09      	lsrs	r1, r1, #20
10000740:	4b3d      	ldr	r3, [pc, #244]	@ (10000838 <irq_add_shared_handler+0x1d8>)
10000742:	5363      	strh	r3, [r4, r5]
10000744:	4b3d      	ldr	r3, [pc, #244]	@ (1000083c <irq_add_shared_handler+0x1dc>)
10000746:	3502      	adds	r5, #2
10000748:	1965      	adds	r5, r4, r5
1000074a:	3b04      	subs	r3, #4
1000074c:	1b5b      	subs	r3, r3, r5
1000074e:	051b      	lsls	r3, r3, #20
10000750:	4d3b      	ldr	r5, [pc, #236]	@ (10000840 <irq_add_shared_handler+0x1e0>)
10000752:	0d5b      	lsrs	r3, r3, #21
10000754:	432b      	orrs	r3, r5
10000756:	46aa      	mov	sl, r5
10000758:	464d      	mov	r5, r9
1000075a:	806b      	strh	r3, [r5, #2]
1000075c:	2504      	movs	r5, #4
1000075e:	46ac      	mov	ip, r5
10000760:	4655      	mov	r5, sl
10000762:	44e0      	add	r8, ip
10000764:	1f13      	subs	r3, r2, #4
10000766:	4444      	add	r4, r8
10000768:	1b1b      	subs	r3, r3, r4
1000076a:	051b      	lsls	r3, r3, #20
1000076c:	0d5b      	lsrs	r3, r3, #21
1000076e:	431d      	orrs	r5, r3
10000770:	464b      	mov	r3, r9
10000772:	7199      	strb	r1, [r3, #6]
10000774:	9900      	ldr	r1, [sp, #0]
10000776:	809d      	strh	r5, [r3, #4]
10000778:	6099      	str	r1, [r3, #8]
1000077a:	4649      	mov	r1, r9
1000077c:	71df      	strb	r7, [r3, #7]
1000077e:	4b33      	ldr	r3, [pc, #204]	@ (1000084c <irq_add_shared_handler+0x1ec>)
10000780:	4301      	orrs	r1, r0
10000782:	6013      	str	r3, [r2, #0]
10000784:	e7bb      	b.n	100006fe <irq_add_shared_handler+0x9e>
10000786:	0058      	lsls	r0, r3, #1
10000788:	18c0      	adds	r0, r0, r3
1000078a:	0080      	lsls	r0, r0, #2
1000078c:	1820      	adds	r0, r4, r0
1000078e:	79c1      	ldrb	r1, [r0, #7]
10000790:	42b9      	cmp	r1, r7
10000792:	d92f      	bls.n	100007f4 <irq_add_shared_handler+0x194>
10000794:	0002      	movs	r2, r0
10000796:	2306      	movs	r3, #6
10000798:	56d3      	ldrsb	r3, [r2, r3]
1000079a:	2b00      	cmp	r3, #0
1000079c:	daf3      	bge.n	10000786 <irq_add_shared_handler+0x126>
1000079e:	9302      	str	r3, [sp, #8]
100007a0:	4b2b      	ldr	r3, [pc, #172]	@ (10000850 <irq_add_shared_handler+0x1f0>)
100007a2:	4661      	mov	r1, ip
100007a4:	9303      	str	r3, [sp, #12]
100007a6:	1d13      	adds	r3, r2, #4
100007a8:	469a      	mov	sl, r3
100007aa:	2304      	movs	r3, #4
100007ac:	425b      	negs	r3, r3
100007ae:	469c      	mov	ip, r3
100007b0:	44e1      	add	r9, ip
100007b2:	4650      	mov	r0, sl
100007b4:	464b      	mov	r3, r9
100007b6:	1a1b      	subs	r3, r3, r0
100007b8:	051b      	lsls	r3, r3, #20
100007ba:	0d5b      	lsrs	r3, r3, #21
100007bc:	469c      	mov	ip, r3
100007be:	4b20      	ldr	r3, [pc, #128]	@ (10000840 <irq_add_shared_handler+0x1e0>)
100007c0:	7195      	strb	r5, [r2, #6]
100007c2:	4698      	mov	r8, r3
100007c4:	4663      	mov	r3, ip
100007c6:	4640      	mov	r0, r8
100007c8:	4303      	orrs	r3, r0
100007ca:	8093      	strh	r3, [r2, #4]
100007cc:	9b01      	ldr	r3, [sp, #4]
100007ce:	195a      	adds	r2, r3, r5
100007d0:	0092      	lsls	r2, r2, #2
100007d2:	9b03      	ldr	r3, [sp, #12]
100007d4:	18a4      	adds	r4, r4, r2
100007d6:	80a3      	strh	r3, [r4, #4]
100007d8:	9b02      	ldr	r3, [sp, #8]
100007da:	4a1c      	ldr	r2, [pc, #112]	@ (1000084c <irq_add_shared_handler+0x1ec>)
100007dc:	71a3      	strb	r3, [r4, #6]
100007de:	9b00      	ldr	r3, [sp, #0]
100007e0:	6022      	str	r2, [r4, #0]
100007e2:	71e7      	strb	r7, [r4, #7]
100007e4:	60a3      	str	r3, [r4, #8]
100007e6:	e78a      	b.n	100006fe <irq_add_shared_handler+0x9e>
100007e8:	f000 ff3e 	bl	10001668 <hard_assertion_failure>
100007ec:	2500      	movs	r5, #0
100007ee:	4653      	mov	r3, sl
100007f0:	575d      	ldrsb	r5, [r3, r5]
100007f2:	e74f      	b.n	10000694 <irq_add_shared_handler+0x34>
100007f4:	8890      	ldrh	r0, [r2, #4]
100007f6:	9302      	str	r3, [sp, #8]
100007f8:	0540      	lsls	r0, r0, #21
100007fa:	1d13      	adds	r3, r2, #4
100007fc:	469a      	mov	sl, r3
100007fe:	1503      	asrs	r3, r0, #20
10000800:	4661      	mov	r1, ip
10000802:	469c      	mov	ip, r3
10000804:	4640      	mov	r0, r8
10000806:	44d4      	add	ip, sl
10000808:	4663      	mov	r3, ip
1000080a:	3004      	adds	r0, #4
1000080c:	1820      	adds	r0, r4, r0
1000080e:	1a18      	subs	r0, r3, r0
10000810:	23e0      	movs	r3, #224	@ 0xe0
10000812:	0500      	lsls	r0, r0, #20
10000814:	0d40      	lsrs	r0, r0, #21
10000816:	021b      	lsls	r3, r3, #8
10000818:	4318      	orrs	r0, r3
1000081a:	9003      	str	r0, [sp, #12]
1000081c:	e7c5      	b.n	100007aa <irq_add_shared_handler+0x14a>
1000081e:	f000 ff23 	bl	10001668 <hard_assertion_failure>
10000822:	e74f      	b.n	100006c4 <irq_add_shared_handler+0x64>
10000824:	d0000124 	.word	0xd0000124
10000828:	20022494 	.word	0x20022494
1000082c:	20000fec 	.word	0x20000fec
10000830:	e000ed00 	.word	0xe000ed00
10000834:	100001c1 	.word	0x100001c1
10000838:	ffffa100 	.word	0xffffa100
1000083c:	2000101c 	.word	0x2000101c
10000840:	ffffe000 	.word	0xffffe000
10000844:	ffffbd01 	.word	0xffffbd01
10000848:	0000aaaa 	.word	0x0000aaaa
1000084c:	47804801 	.word	0x47804801
10000850:	0000bd01 	.word	0x0000bd01

10000854 <irq_set_priority>:
10000854:	b510      	push	{r4, lr}
10000856:	0883      	lsrs	r3, r0, #2
10000858:	0004      	movs	r4, r0
1000085a:	2003      	movs	r0, #3
1000085c:	4020      	ands	r0, r4
1000085e:	24ff      	movs	r4, #255	@ 0xff
10000860:	4a05      	ldr	r2, [pc, #20]	@ (10000878 <irq_set_priority+0x24>)
10000862:	00c0      	lsls	r0, r0, #3
10000864:	4694      	mov	ip, r2
10000866:	4084      	lsls	r4, r0
10000868:	4081      	lsls	r1, r0
1000086a:	009b      	lsls	r3, r3, #2
1000086c:	4463      	add	r3, ip
1000086e:	681a      	ldr	r2, [r3, #0]
10000870:	43a2      	bics	r2, r4
10000872:	430a      	orrs	r2, r1
10000874:	601a      	str	r2, [r3, #0]
10000876:	bd10      	pop	{r4, pc}
10000878:	e000e400 	.word	0xe000e400

1000087c <irq_add_tail_to_free_list>:
1000087c:	b570      	push	{r4, r5, r6, lr}
1000087e:	2401      	movs	r4, #1
10000880:	4304      	orrs	r4, r0
10000882:	f3ef 8105 	mrs	r1, IPSR
10000886:	f3ef 8c10 	mrs	ip, PRIMASK
1000088a:	b672      	cpsid	i
1000088c:	4a21      	ldr	r2, [pc, #132]	@ (10000914 <irq_add_tail_to_free_list+0x98>)
1000088e:	6813      	ldr	r3, [r2, #0]
10000890:	2b00      	cmp	r3, #0
10000892:	d0fc      	beq.n	1000088e <irq_add_tail_to_free_list+0x12>
10000894:	f3bf 8f5f 	dmb	sy
10000898:	4b1f      	ldr	r3, [pc, #124]	@ (10000918 <irq_add_tail_to_free_list+0x9c>)
1000089a:	0005      	movs	r5, r0
1000089c:	4a1f      	ldr	r2, [pc, #124]	@ (1000091c <irq_add_tail_to_free_list+0xa0>)
1000089e:	1aed      	subs	r5, r5, r3
100008a0:	416d      	adcs	r5, r5
100008a2:	436a      	muls	r2, r5
100008a4:	0d12      	lsrs	r2, r2, #20
100008a6:	4d1e      	ldr	r5, [pc, #120]	@ (10000920 <irq_add_tail_to_free_list+0xa4>)
100008a8:	0089      	lsls	r1, r1, #2
100008aa:	68ae      	ldr	r6, [r5, #8]
100008ac:	b252      	sxtb	r2, r2
100008ae:	5876      	ldr	r6, [r6, r1]
100008b0:	42a6      	cmp	r6, r4
100008b2:	d01c      	beq.n	100008ee <irq_add_tail_to_free_list+0x72>
100008b4:	2106      	movs	r1, #6
100008b6:	5659      	ldrsb	r1, [r3, r1]
100008b8:	4291      	cmp	r1, r2
100008ba:	d01c      	beq.n	100008f6 <irq_add_tail_to_free_list+0x7a>
100008bc:	2112      	movs	r1, #18
100008be:	5659      	ldrsb	r1, [r3, r1]
100008c0:	4291      	cmp	r1, r2
100008c2:	d022      	beq.n	1000090a <irq_add_tail_to_free_list+0x8e>
100008c4:	211e      	movs	r1, #30
100008c6:	5659      	ldrsb	r1, [r3, r1]
100008c8:	4291      	cmp	r1, r2
100008ca:	d020      	beq.n	1000090e <irq_add_tail_to_free_list+0x92>
100008cc:	212a      	movs	r1, #42	@ 0x2a
100008ce:	5659      	ldrsb	r1, [r3, r1]
100008d0:	2403      	movs	r4, #3
100008d2:	4291      	cmp	r1, r2
100008d4:	d010      	beq.n	100008f8 <irq_add_tail_to_free_list+0x7c>
100008d6:	4b13      	ldr	r3, [pc, #76]	@ (10000924 <irq_add_tail_to_free_list+0xa8>)
100008d8:	7819      	ldrb	r1, [r3, #0]
100008da:	701a      	strb	r2, [r3, #0]
100008dc:	7181      	strb	r1, [r0, #6]
100008de:	f3bf 8f5f 	dmb	sy
100008e2:	2200      	movs	r2, #0
100008e4:	4b0b      	ldr	r3, [pc, #44]	@ (10000914 <irq_add_tail_to_free_list+0x98>)
100008e6:	601a      	str	r2, [r3, #0]
100008e8:	f38c 8810 	msr	PRIMASK, ip
100008ec:	bd70      	pop	{r4, r5, r6, pc}
100008ee:	68ab      	ldr	r3, [r5, #8]
100008f0:	4c0d      	ldr	r4, [pc, #52]	@ (10000928 <irq_add_tail_to_free_list+0xac>)
100008f2:	505c      	str	r4, [r3, r1]
100008f4:	e7ef      	b.n	100008d6 <irq_add_tail_to_free_list+0x5a>
100008f6:	2400      	movs	r4, #0
100008f8:	0061      	lsls	r1, r4, #1
100008fa:	1909      	adds	r1, r1, r4
100008fc:	0089      	lsls	r1, r1, #2
100008fe:	185b      	adds	r3, r3, r1
10000900:	21ff      	movs	r1, #255	@ 0xff
10000902:	7199      	strb	r1, [r3, #6]
10000904:	4909      	ldr	r1, [pc, #36]	@ (1000092c <irq_add_tail_to_free_list+0xb0>)
10000906:	8099      	strh	r1, [r3, #4]
10000908:	e7e5      	b.n	100008d6 <irq_add_tail_to_free_list+0x5a>
1000090a:	2401      	movs	r4, #1
1000090c:	e7f4      	b.n	100008f8 <irq_add_tail_to_free_list+0x7c>
1000090e:	2402      	movs	r4, #2
10000910:	e7f2      	b.n	100008f8 <irq_add_tail_to_free_list+0x7c>
10000912:	46c0      	nop			@ (mov r8, r8)
10000914:	d0000124 	.word	0xd0000124
10000918:	20000fec 	.word	0x20000fec
1000091c:	0000aaaa 	.word	0x0000aaaa
10000920:	e000ed00 	.word	0xe000ed00
10000924:	20022494 	.word	0x20022494
10000928:	100001c1 	.word	0x100001c1
1000092c:	ffffbd01 	.word	0xffffbd01

10000930 <user_irq_claim_unused>:
10000930:	b510      	push	{r4, lr}
10000932:	4b08      	ldr	r3, [pc, #32]	@ (10000954 <user_irq_claim_unused+0x24>)
10000934:	4c08      	ldr	r4, [pc, #32]	@ (10000958 <user_irq_claim_unused+0x28>)
10000936:	b082      	sub	sp, #8
10000938:	0001      	movs	r1, r0
1000093a:	9300      	str	r3, [sp, #0]
1000093c:	2200      	movs	r2, #0
1000093e:	2305      	movs	r3, #5
10000940:	0020      	movs	r0, r4
10000942:	f7ff fda9 	bl	10000498 <hw_claim_unused_from_range>
10000946:	2800      	cmp	r0, #0
10000948:	db01      	blt.n	1000094e <user_irq_claim_unused+0x1e>
1000094a:	231f      	movs	r3, #31
1000094c:	1a18      	subs	r0, r3, r0
1000094e:	b002      	add	sp, #8
10000950:	bd10      	pop	{r4, pc}
10000952:	46c0      	nop			@ (mov r8, r8)
10000954:	1000967c 	.word	0x1000967c
10000958:	20022498 	.word	0x20022498

1000095c <lock_init>:
1000095c:	4b02      	ldr	r3, [pc, #8]	@ (10000968 <lock_init+0xc>)
1000095e:	469c      	mov	ip, r3
10000960:	4461      	add	r1, ip
10000962:	0089      	lsls	r1, r1, #2
10000964:	6001      	str	r1, [r0, #0]
10000966:	4770      	bx	lr
10000968:	34000040 	.word	0x34000040

1000096c <runtime_init_mutex>:
1000096c:	b5f8      	push	{r3, r4, r5, r6, r7, lr}
1000096e:	4c12      	ldr	r4, [pc, #72]	@ (100009b8 <runtime_init_mutex+0x4c>)
10000970:	4d12      	ldr	r5, [pc, #72]	@ (100009bc <runtime_init_mutex+0x50>)
10000972:	42ac      	cmp	r4, r5
10000974:	d212      	bcs.n	1000099c <runtime_init_mutex+0x30>
10000976:	2601      	movs	r6, #1
10000978:	2700      	movs	r7, #0
1000097a:	4276      	negs	r6, r6
1000097c:	6823      	ldr	r3, [r4, #0]
1000097e:	2b00      	cmp	r3, #0
10000980:	d00d      	beq.n	1000099e <runtime_init_mutex+0x32>
10000982:	f7ff fdcd 	bl	10000520 <next_striped_spin_lock_num>
10000986:	0001      	movs	r1, r0
10000988:	0020      	movs	r0, r4
1000098a:	f7ff ffe7 	bl	1000095c <lock_init>
1000098e:	6066      	str	r6, [r4, #4]
10000990:	7227      	strb	r7, [r4, #8]
10000992:	f3bf 8f5f 	dmb	sy
10000996:	340c      	adds	r4, #12
10000998:	42ac      	cmp	r4, r5
1000099a:	d3ef      	bcc.n	1000097c <runtime_init_mutex+0x10>
1000099c:	bdf8      	pop	{r3, r4, r5, r6, r7, pc}
1000099e:	f7ff fdbf 	bl	10000520 <next_striped_spin_lock_num>
100009a2:	0001      	movs	r1, r0
100009a4:	0020      	movs	r0, r4
100009a6:	f7ff ffd9 	bl	1000095c <lock_init>
100009aa:	6066      	str	r6, [r4, #4]
100009ac:	f3bf 8f5f 	dmb	sy
100009b0:	3408      	adds	r4, #8
100009b2:	42ac      	cmp	r4, r5
100009b4:	d3e2      	bcc.n	1000097c <runtime_init_mutex+0x10>
100009b6:	e7f1      	b.n	1000099c <runtime_init_mutex+0x30>
100009b8:	200010a8 	.word	0x200010a8
100009bc:	200010b8 	.word	0x200010b8

100009c0 <mutex_init>:
100009c0:	b510      	push	{r4, lr}
100009c2:	0004      	movs	r4, r0
100009c4:	f7ff fdac 	bl	10000520 <next_striped_spin_lock_num>
100009c8:	0001      	movs	r1, r0
100009ca:	0020      	movs	r0, r4
100009cc:	f7ff ffc6 	bl	1000095c <lock_init>
100009d0:	2301      	movs	r3, #1
100009d2:	425b      	negs	r3, r3
100009d4:	6063      	str	r3, [r4, #4]
100009d6:	f3bf 8f5f 	dmb	sy
100009da:	bd10      	pop	{r4, pc}

100009dc <critical_section_init>:
100009dc:	b510      	push	{r4, lr}
100009de:	0004      	movs	r4, r0
100009e0:	2001      	movs	r0, #1
100009e2:	f7ff fda9 	bl	10000538 <spin_lock_claim_unused>
100009e6:	4b03      	ldr	r3, [pc, #12]	@ (100009f4 <critical_section_init+0x18>)
100009e8:	18c3      	adds	r3, r0, r3
100009ea:	009b      	lsls	r3, r3, #2
100009ec:	6023      	str	r3, [r4, #0]
100009ee:	f3bf 8f5f 	dmb	sy
100009f2:	bd10      	pop	{r4, pc}
100009f4:	34000040 	.word	0x34000040

100009f8 <critical_section_init_with_lock_num>:
100009f8:	4b03      	ldr	r3, [pc, #12]	@ (10000a08 <critical_section_init_with_lock_num+0x10>)
100009fa:	469c      	mov	ip, r3
100009fc:	4461      	add	r1, ip
100009fe:	0089      	lsls	r1, r1, #2
10000a00:	6001      	str	r1, [r0, #0]
10000a02:	f3bf 8f5f 	dmb	sy
10000a06:	4770      	bx	lr
10000a08:	34000040 	.word	0x34000040

10000a0c <alarm_pool_irq_handler>:
10000a0c:	b5f0      	push	{r4, r5, r6, r7, lr}
10000a0e:	46de      	mov	lr, fp
10000a10:	4657      	mov	r7, sl
10000a12:	464e      	mov	r6, r9
10000a14:	4645      	mov	r5, r8
10000a16:	b5e0      	push	{r5, r6, r7, lr}
10000a18:	b087      	sub	sp, #28
10000a1a:	f3ef 8305 	mrs	r3, IPSR
10000a1e:	2203      	movs	r2, #3
10000a20:	2501      	movs	r5, #1
10000a22:	401a      	ands	r2, r3
10000a24:	4095      	lsls	r5, r2
10000a26:	0091      	lsls	r1, r2, #2
10000a28:	4688      	mov	r8, r1
10000a2a:	46a9      	mov	r9, r5
10000a2c:	4bb1      	ldr	r3, [pc, #708]	@ (10000cf4 <alarm_pool_irq_handler+0x2e8>)
10000a2e:	9203      	str	r2, [sp, #12]
10000a30:	585c      	ldr	r4, [r3, r1]
10000a32:	4bb1      	ldr	r3, [pc, #708]	@ (10000cf8 <alarm_pool_irq_handler+0x2ec>)
10000a34:	601d      	str	r5, [r3, #0]
10000a36:	4bb1      	ldr	r3, [pc, #708]	@ (10000cfc <alarm_pool_irq_handler+0x2f0>)
10000a38:	9304      	str	r3, [sp, #16]
10000a3a:	464b      	mov	r3, r9
10000a3c:	48b0      	ldr	r0, [pc, #704]	@ (10000d00 <alarm_pool_irq_handler+0x2f4>)
10000a3e:	6343      	str	r3, [r0, #52]	@ 0x34
10000a40:	2308      	movs	r3, #8
10000a42:	5ee5      	ldrsh	r5, [r4, r3]
10000a44:	2d00      	cmp	r5, #0
10000a46:	da37      	bge.n	10000ab8 <alarm_pool_irq_handler+0xac>
10000a48:	88a3      	ldrh	r3, [r4, #4]
10000a4a:	b21b      	sxth	r3, r3
10000a4c:	2b00      	cmp	r3, #0
10000a4e:	db00      	blt.n	10000a52 <alarm_pool_irq_handler+0x46>
10000a50:	e0ad      	b.n	10000bae <alarm_pool_irq_handler+0x1a2>
10000a52:	79a3      	ldrb	r3, [r4, #6]
10000a54:	2b00      	cmp	r3, #0
10000a56:	d000      	beq.n	10000a5a <alarm_pool_irq_handler+0x4e>
10000a58:	e0ee      	b.n	10000c38 <alarm_pool_irq_handler+0x22c>
10000a5a:	2308      	movs	r3, #8
10000a5c:	5ee1      	ldrsh	r1, [r4, r3]
10000a5e:	2900      	cmp	r1, #0
10000a60:	db20      	blt.n	10000aa4 <alarm_pool_irq_handler+0x98>
10000a62:	004b      	lsls	r3, r1, #1
10000a64:	6962      	ldr	r2, [r4, #20]
10000a66:	185b      	adds	r3, r3, r1
10000a68:	00db      	lsls	r3, r3, #3
10000a6a:	18d3      	adds	r3, r2, r3
10000a6c:	689e      	ldr	r6, [r3, #8]
10000a6e:	68dd      	ldr	r5, [r3, #12]
10000a70:	1c73      	adds	r3, r6, #1
10000a72:	d100      	bne.n	10000a76 <alarm_pool_irq_handler+0x6a>
10000a74:	e10d      	b.n	10000c92 <alarm_pool_irq_handler+0x286>
10000a76:	48a2      	ldr	r0, [pc, #648]	@ (10000d00 <alarm_pool_irq_handler+0x2f4>)
10000a78:	0001      	movs	r1, r0
10000a7a:	4441      	add	r1, r8
10000a7c:	6a82      	ldr	r2, [r0, #40]	@ 0x28
10000a7e:	690b      	ldr	r3, [r1, #16]
10000a80:	1ab7      	subs	r7, r6, r2
10000a82:	1a9b      	subs	r3, r3, r2
10000a84:	429f      	cmp	r7, r3
10000a86:	d315      	bcc.n	10000ab4 <alarm_pool_irq_handler+0xa8>
10000a88:	2301      	movs	r3, #1
10000a8a:	6a02      	ldr	r2, [r0, #32]
10000a8c:	9803      	ldr	r0, [sp, #12]
10000a8e:	4083      	lsls	r3, r0
10000a90:	421a      	tst	r2, r3
10000a92:	d00f      	beq.n	10000ab4 <alarm_pool_irq_handler+0xa8>
10000a94:	489a      	ldr	r0, [pc, #616]	@ (10000d00 <alarm_pool_irq_handler+0x2f4>)
10000a96:	f000 fbc1 	bl	1000121c <timer_time_us_64>
10000a9a:	428d      	cmp	r5, r1
10000a9c:	dc02      	bgt.n	10000aa4 <alarm_pool_irq_handler+0x98>
10000a9e:	d1cc      	bne.n	10000a3a <alarm_pool_irq_handler+0x2e>
10000aa0:	4286      	cmp	r6, r0
10000aa2:	d9ca      	bls.n	10000a3a <alarm_pool_irq_handler+0x2e>
10000aa4:	bf40      	sev
10000aa6:	b007      	add	sp, #28
10000aa8:	bcf0      	pop	{r4, r5, r6, r7}
10000aaa:	46bb      	mov	fp, r7
10000aac:	46b2      	mov	sl, r6
10000aae:	46a9      	mov	r9, r5
10000ab0:	46a0      	mov	r8, r4
10000ab2:	bdf0      	pop	{r4, r5, r6, r7, pc}
10000ab4:	610e      	str	r6, [r1, #16]
10000ab6:	e7ed      	b.n	10000a94 <alarm_pool_irq_handler+0x88>
10000ab8:	6962      	ldr	r2, [r4, #20]
10000aba:	006b      	lsls	r3, r5, #1
10000abc:	4692      	mov	sl, r2
10000abe:	195b      	adds	r3, r3, r5
10000ac0:	00db      	lsls	r3, r3, #3
10000ac2:	449a      	add	sl, r3
10000ac4:	4653      	mov	r3, sl
10000ac6:	689e      	ldr	r6, [r3, #8]
10000ac8:	68df      	ldr	r7, [r3, #12]
10000aca:	f000 fba7 	bl	1000121c <timer_time_us_64>
10000ace:	428f      	cmp	r7, r1
10000ad0:	dcba      	bgt.n	10000a48 <alarm_pool_irq_handler+0x3c>
10000ad2:	d100      	bne.n	10000ad6 <alarm_pool_irq_handler+0xca>
10000ad4:	e0ff      	b.n	10000cd6 <alarm_pool_irq_handler+0x2ca>
10000ad6:	2f00      	cmp	r7, #0
10000ad8:	da00      	bge.n	10000adc <alarm_pool_irq_handler+0xd0>
10000ada:	e0e4      	b.n	10000ca6 <alarm_pool_irq_handler+0x29a>
10000adc:	4652      	mov	r2, sl
10000ade:	4653      	mov	r3, sl
10000ae0:	6952      	ldr	r2, [r2, #20]
10000ae2:	691b      	ldr	r3, [r3, #16]
10000ae4:	4693      	mov	fp, r2
10000ae6:	9a04      	ldr	r2, [sp, #16]
10000ae8:	4293      	cmp	r3, r2
10000aea:	d100      	bne.n	10000aee <alarm_pool_irq_handler+0xe2>
10000aec:	e0d5      	b.n	10000c9a <alarm_pool_irq_handler+0x28e>
10000aee:	4652      	mov	r2, sl
10000af0:	2108      	movs	r1, #8
10000af2:	5e60      	ldrsh	r0, [r4, r1]
10000af4:	8852      	ldrh	r2, [r2, #2]
10000af6:	0400      	lsls	r0, r0, #16
10000af8:	4659      	mov	r1, fp
10000afa:	4310      	orrs	r0, r2
10000afc:	4798      	blx	r3
10000afe:	9000      	str	r0, [sp, #0]
10000b00:	9101      	str	r1, [sp, #4]
10000b02:	9900      	ldr	r1, [sp, #0]
10000b04:	9a01      	ldr	r2, [sp, #4]
10000b06:	000b      	movs	r3, r1
10000b08:	0010      	movs	r0, r2
10000b0a:	4313      	orrs	r3, r2
10000b0c:	d100      	bne.n	10000b10 <alarm_pool_irq_handler+0x104>
10000b0e:	e0ca      	b.n	10000ca6 <alarm_pool_irq_handler+0x29a>
10000b10:	0013      	movs	r3, r2
10000b12:	000a      	movs	r2, r1
10000b14:	1ab6      	subs	r6, r6, r2
10000b16:	419f      	sbcs	r7, r3
10000b18:	2800      	cmp	r0, #0
10000b1a:	db06      	blt.n	10000b2a <alarm_pool_irq_handler+0x11e>
10000b1c:	4878      	ldr	r0, [pc, #480]	@ (10000d00 <alarm_pool_irq_handler+0x2f4>)
10000b1e:	f000 fb7d 	bl	1000121c <timer_time_us_64>
10000b22:	9e00      	ldr	r6, [sp, #0]
10000b24:	9f01      	ldr	r7, [sp, #4]
10000b26:	1836      	adds	r6, r6, r0
10000b28:	414f      	adcs	r7, r1
10000b2a:	4653      	mov	r3, sl
10000b2c:	609e      	str	r6, [r3, #8]
10000b2e:	60df      	str	r7, [r3, #12]
10000b30:	2200      	movs	r2, #0
10000b32:	5e9a      	ldrsh	r2, [r3, r2]
10000b34:	2a00      	cmp	r2, #0
10000b36:	da00      	bge.n	10000b3a <alarm_pool_irq_handler+0x12e>
10000b38:	e786      	b.n	10000a48 <alarm_pool_irq_handler+0x3c>
10000b3a:	0053      	lsls	r3, r2, #1
10000b3c:	1899      	adds	r1, r3, r2
10000b3e:	6960      	ldr	r0, [r4, #20]
10000b40:	00c9      	lsls	r1, r1, #3
10000b42:	1841      	adds	r1, r0, r1
10000b44:	9302      	str	r3, [sp, #8]
10000b46:	688b      	ldr	r3, [r1, #8]
10000b48:	68c9      	ldr	r1, [r1, #12]
10000b4a:	469b      	mov	fp, r3
10000b4c:	42b9      	cmp	r1, r7
10000b4e:	dd00      	ble.n	10000b52 <alarm_pool_irq_handler+0x146>
10000b50:	e77a      	b.n	10000a48 <alarm_pool_irq_handler+0x3c>
10000b52:	d102      	bne.n	10000b5a <alarm_pool_irq_handler+0x14e>
10000b54:	42b3      	cmp	r3, r6
10000b56:	d900      	bls.n	10000b5a <alarm_pool_irq_handler+0x14e>
10000b58:	e776      	b.n	10000a48 <alarm_pool_irq_handler+0x3c>
10000b5a:	2308      	movs	r3, #8
10000b5c:	469c      	mov	ip, r3
10000b5e:	44a4      	add	ip, r4
10000b60:	9505      	str	r5, [sp, #20]
10000b62:	4665      	mov	r5, ip
10000b64:	8122      	strh	r2, [r4, #8]
10000b66:	46a4      	mov	ip, r4
10000b68:	9b02      	ldr	r3, [sp, #8]
10000b6a:	002c      	movs	r4, r5
10000b6c:	e006      	b.n	10000b7c <alarm_pool_irq_handler+0x170>
10000b6e:	0053      	lsls	r3, r2, #1
10000b70:	1899      	adds	r1, r3, r2
10000b72:	00c9      	lsls	r1, r1, #3
10000b74:	1841      	adds	r1, r0, r1
10000b76:	688d      	ldr	r5, [r1, #8]
10000b78:	68c9      	ldr	r1, [r1, #12]
10000b7a:	46ab      	mov	fp, r5
10000b7c:	189b      	adds	r3, r3, r2
10000b7e:	00db      	lsls	r3, r3, #3
10000b80:	18c3      	adds	r3, r0, r3
10000b82:	42b9      	cmp	r1, r7
10000b84:	dc06      	bgt.n	10000b94 <alarm_pool_irq_handler+0x188>
10000b86:	d100      	bne.n	10000b8a <alarm_pool_irq_handler+0x17e>
10000b88:	e0af      	b.n	10000cea <alarm_pool_irq_handler+0x2de>
10000b8a:	001c      	movs	r4, r3
10000b8c:	2300      	movs	r3, #0
10000b8e:	5ee2      	ldrsh	r2, [r4, r3]
10000b90:	2a00      	cmp	r2, #0
10000b92:	daec      	bge.n	10000b6e <alarm_pool_irq_handler+0x162>
10000b94:	0023      	movs	r3, r4
10000b96:	4664      	mov	r4, ip
10000b98:	469c      	mov	ip, r3
10000b9a:	4653      	mov	r3, sl
10000b9c:	801a      	strh	r2, [r3, #0]
10000b9e:	4663      	mov	r3, ip
10000ba0:	9d05      	ldr	r5, [sp, #20]
10000ba2:	801d      	strh	r5, [r3, #0]
10000ba4:	88a3      	ldrh	r3, [r4, #4]
10000ba6:	b21b      	sxth	r3, r3
10000ba8:	2b00      	cmp	r3, #0
10000baa:	da00      	bge.n	10000bae <alarm_pool_irq_handler+0x1a2>
10000bac:	e751      	b.n	10000a52 <alarm_pool_irq_handler+0x46>
10000bae:	6922      	ldr	r2, [r4, #16]
10000bb0:	f3ef 8110 	mrs	r1, PRIMASK
10000bb4:	b672      	cpsid	i
10000bb6:	6813      	ldr	r3, [r2, #0]
10000bb8:	2b00      	cmp	r3, #0
10000bba:	d0fc      	beq.n	10000bb6 <alarm_pool_irq_handler+0x1aa>
10000bbc:	f3bf 8f5f 	dmb	sy
10000bc0:	2301      	movs	r3, #1
10000bc2:	88a7      	ldrh	r7, [r4, #4]
10000bc4:	425b      	negs	r3, r3
10000bc6:	80a3      	strh	r3, [r4, #4]
10000bc8:	b23f      	sxth	r7, r7
10000bca:	6923      	ldr	r3, [r4, #16]
10000bcc:	f3bf 8f5f 	dmb	sy
10000bd0:	2200      	movs	r2, #0
10000bd2:	601a      	str	r2, [r3, #0]
10000bd4:	f381 8810 	msr	PRIMASK, r1
10000bd8:	2f00      	cmp	r7, #0
10000bda:	da00      	bge.n	10000bde <alarm_pool_irq_handler+0x1d2>
10000bdc:	e739      	b.n	10000a52 <alarm_pool_irq_handler+0x46>
10000bde:	0023      	movs	r3, r4
10000be0:	3308      	adds	r3, #8
10000be2:	0022      	movs	r2, r4
10000be4:	469a      	mov	sl, r3
10000be6:	6966      	ldr	r6, [r4, #20]
10000be8:	007b      	lsls	r3, r7, #1
10000bea:	19db      	adds	r3, r3, r7
10000bec:	00db      	lsls	r3, r3, #3
10000bee:	18f3      	adds	r3, r6, r3
10000bf0:	6899      	ldr	r1, [r3, #8]
10000bf2:	4650      	mov	r0, sl
10000bf4:	468c      	mov	ip, r1
10000bf6:	2408      	movs	r4, #8
10000bf8:	5f11      	ldrsh	r1, [r2, r4]
10000bfa:	68dd      	ldr	r5, [r3, #12]
10000bfc:	2900      	cmp	r1, #0
10000bfe:	db10      	blt.n	10000c22 <alarm_pool_irq_handler+0x216>
10000c00:	9302      	str	r3, [sp, #8]
10000c02:	e006      	b.n	10000c12 <alarm_pool_irq_handler+0x206>
10000c04:	42ab      	cmp	r3, r5
10000c06:	d040      	beq.n	10000c8a <alarm_pool_irq_handler+0x27e>
10000c08:	2300      	movs	r3, #0
10000c0a:	5ee1      	ldrsh	r1, [r4, r3]
10000c0c:	0020      	movs	r0, r4
10000c0e:	2900      	cmp	r1, #0
10000c10:	db06      	blt.n	10000c20 <alarm_pool_irq_handler+0x214>
10000c12:	004c      	lsls	r4, r1, #1
10000c14:	1864      	adds	r4, r4, r1
10000c16:	00e4      	lsls	r4, r4, #3
10000c18:	1934      	adds	r4, r6, r4
10000c1a:	68e3      	ldr	r3, [r4, #12]
10000c1c:	42ab      	cmp	r3, r5
10000c1e:	ddf1      	ble.n	10000c04 <alarm_pool_irq_handler+0x1f8>
10000c20:	9b02      	ldr	r3, [sp, #8]
10000c22:	8007      	strh	r7, [r0, #0]
10000c24:	2000      	movs	r0, #0
10000c26:	5e1f      	ldrsh	r7, [r3, r0]
10000c28:	8019      	strh	r1, [r3, #0]
10000c2a:	2f00      	cmp	r7, #0
10000c2c:	dadc      	bge.n	10000be8 <alarm_pool_irq_handler+0x1dc>
10000c2e:	0014      	movs	r4, r2
10000c30:	79a3      	ldrb	r3, [r4, #6]
10000c32:	2b00      	cmp	r3, #0
10000c34:	d100      	bne.n	10000c38 <alarm_pool_irq_handler+0x22c>
10000c36:	e710      	b.n	10000a5a <alarm_pool_irq_handler+0x4e>
10000c38:	2300      	movs	r3, #0
10000c3a:	71a3      	strb	r3, [r4, #6]
10000c3c:	0026      	movs	r6, r4
10000c3e:	2308      	movs	r3, #8
10000c40:	5ee1      	ldrsh	r1, [r4, r3]
10000c42:	3608      	adds	r6, #8
10000c44:	1c4b      	adds	r3, r1, #1
10000c46:	d100      	bne.n	10000c4a <alarm_pool_irq_handler+0x23e>
10000c48:	e72c      	b.n	10000aa4 <alarm_pool_irq_handler+0x98>
10000c4a:	46b4      	mov	ip, r6
10000c4c:	6965      	ldr	r5, [r4, #20]
10000c4e:	e003      	b.n	10000c58 <alarm_pool_irq_handler+0x24c>
10000c50:	4684      	mov	ip, r0
10000c52:	1c4b      	adds	r3, r1, #1
10000c54:	d100      	bne.n	10000c58 <alarm_pool_irq_handler+0x24c>
10000c56:	e700      	b.n	10000a5a <alarm_pool_irq_handler+0x4e>
10000c58:	004b      	lsls	r3, r1, #1
10000c5a:	185b      	adds	r3, r3, r1
10000c5c:	00db      	lsls	r3, r3, #3
10000c5e:	18e8      	adds	r0, r5, r3
10000c60:	000a      	movs	r2, r1
10000c62:	5ee9      	ldrsh	r1, [r5, r3]
10000c64:	8843      	ldrh	r3, [r0, #2]
10000c66:	b21b      	sxth	r3, r3
10000c68:	2b00      	cmp	r3, #0
10000c6a:	daf1      	bge.n	10000c50 <alarm_pool_irq_handler+0x244>
10000c6c:	2601      	movs	r6, #1
10000c6e:	4276      	negs	r6, r6
10000c70:	17f7      	asrs	r7, r6, #31
10000c72:	6086      	str	r6, [r0, #8]
10000c74:	60c7      	str	r7, [r0, #12]
10000c76:	2608      	movs	r6, #8
10000c78:	5fa3      	ldrsh	r3, [r4, r6]
10000c7a:	4293      	cmp	r3, r2
10000c7c:	d0e9      	beq.n	10000c52 <alarm_pool_irq_handler+0x246>
10000c7e:	4663      	mov	r3, ip
10000c80:	8019      	strh	r1, [r3, #0]
10000c82:	8923      	ldrh	r3, [r4, #8]
10000c84:	8003      	strh	r3, [r0, #0]
10000c86:	8122      	strh	r2, [r4, #8]
10000c88:	e7e3      	b.n	10000c52 <alarm_pool_irq_handler+0x246>
10000c8a:	68a3      	ldr	r3, [r4, #8]
10000c8c:	4563      	cmp	r3, ip
10000c8e:	d9bb      	bls.n	10000c08 <alarm_pool_irq_handler+0x1fc>
10000c90:	e7c6      	b.n	10000c20 <alarm_pool_irq_handler+0x214>
10000c92:	1c6b      	adds	r3, r5, #1
10000c94:	d000      	beq.n	10000c98 <alarm_pool_irq_handler+0x28c>
10000c96:	e6ee      	b.n	10000a76 <alarm_pool_irq_handler+0x6a>
10000c98:	e6fc      	b.n	10000a94 <alarm_pool_irq_handler+0x88>
10000c9a:	465b      	mov	r3, fp
10000c9c:	4658      	mov	r0, fp
10000c9e:	691b      	ldr	r3, [r3, #16]
10000ca0:	4798      	blx	r3
10000ca2:	2800      	cmp	r0, #0
10000ca4:	d11b      	bne.n	10000cde <alarm_pool_irq_handler+0x2d2>
10000ca6:	4653      	mov	r3, sl
10000ca8:	881b      	ldrh	r3, [r3, #0]
10000caa:	6922      	ldr	r2, [r4, #16]
10000cac:	8123      	strh	r3, [r4, #8]
10000cae:	f3ef 8310 	mrs	r3, PRIMASK
10000cb2:	b672      	cpsid	i
10000cb4:	6811      	ldr	r1, [r2, #0]
10000cb6:	2900      	cmp	r1, #0
10000cb8:	d0fc      	beq.n	10000cb4 <alarm_pool_irq_handler+0x2a8>
10000cba:	f3bf 8f5f 	dmb	sy
10000cbe:	4651      	mov	r1, sl
10000cc0:	8862      	ldrh	r2, [r4, #2]
10000cc2:	800a      	strh	r2, [r1, #0]
10000cc4:	6922      	ldr	r2, [r4, #16]
10000cc6:	8065      	strh	r5, [r4, #2]
10000cc8:	f3bf 8f5f 	dmb	sy
10000ccc:	2100      	movs	r1, #0
10000cce:	6011      	str	r1, [r2, #0]
10000cd0:	f383 8810 	msr	PRIMASK, r3
10000cd4:	e6b8      	b.n	10000a48 <alarm_pool_irq_handler+0x3c>
10000cd6:	4286      	cmp	r6, r0
10000cd8:	d800      	bhi.n	10000cdc <alarm_pool_irq_handler+0x2d0>
10000cda:	e6fc      	b.n	10000ad6 <alarm_pool_irq_handler+0xca>
10000cdc:	e6b4      	b.n	10000a48 <alarm_pool_irq_handler+0x3c>
10000cde:	465b      	mov	r3, fp
10000ce0:	681a      	ldr	r2, [r3, #0]
10000ce2:	685b      	ldr	r3, [r3, #4]
10000ce4:	9200      	str	r2, [sp, #0]
10000ce6:	9301      	str	r3, [sp, #4]
10000ce8:	e70b      	b.n	10000b02 <alarm_pool_irq_handler+0xf6>
10000cea:	45b3      	cmp	fp, r6
10000cec:	d800      	bhi.n	10000cf0 <alarm_pool_irq_handler+0x2e4>
10000cee:	e74c      	b.n	10000b8a <alarm_pool_irq_handler+0x17e>
10000cf0:	e750      	b.n	10000b94 <alarm_pool_irq_handler+0x188>
10000cf2:	46c0      	nop			@ (mov r8, r8)
10000cf4:	20001fc8 	.word	0x20001fc8
10000cf8:	4005703c 	.word	0x4005703c
10000cfc:	10000a0d 	.word	0x10000a0d
10000d00:	40054000 	.word	0x40054000

10000d04 <sleep_until_callback>:
10000d04:	4807      	ldr	r0, [pc, #28]	@ (10000d24 <sleep_until_callback+0x20>)
10000d06:	b510      	push	{r4, lr}
10000d08:	6802      	ldr	r2, [r0, #0]
10000d0a:	f3ef 8110 	mrs	r1, PRIMASK
10000d0e:	b672      	cpsid	i
10000d10:	6813      	ldr	r3, [r2, #0]
10000d12:	2b00      	cmp	r3, #0
10000d14:	d0fc      	beq.n	10000d10 <sleep_until_callback+0xc>
10000d16:	f3bf 8f5f 	dmb	sy
10000d1a:	f005 feb3 	bl	10006a84 <vPortLockInternalSpinUnlockWithNotify>
10000d1e:	2000      	movs	r0, #0
10000d20:	2100      	movs	r1, #0
10000d22:	bd10      	pop	{r4, pc}
10000d24:	20002384 	.word	0x20002384

10000d28 <runtime_init_default_alarm_pool>:
10000d28:	b570      	push	{r4, r5, r6, lr}
10000d2a:	4c2e      	ldr	r4, [pc, #184]	@ (10000de4 <runtime_init_default_alarm_pool+0xbc>)
10000d2c:	6925      	ldr	r5, [r4, #16]
10000d2e:	2d00      	cmp	r5, #0
10000d30:	d004      	beq.n	10000d3c <runtime_init_default_alarm_pool+0x14>
10000d32:	210a      	movs	r1, #10
10000d34:	482c      	ldr	r0, [pc, #176]	@ (10000de8 <runtime_init_default_alarm_pool+0xc0>)
10000d36:	f7ff fe11 	bl	1000095c <lock_init>
10000d3a:	bd70      	pop	{r4, r5, r6, pc}
10000d3c:	4e2b      	ldr	r6, [pc, #172]	@ (10000dec <runtime_init_default_alarm_pool+0xc4>)
10000d3e:	2103      	movs	r1, #3
10000d40:	0030      	movs	r0, r6
10000d42:	f000 fa61 	bl	10001208 <timer_hardware_alarm_claim>
10000d46:	60e6      	str	r6, [r4, #12]
10000d48:	f7ff fbea 	bl	10000520 <next_striped_spin_lock_num>
10000d4c:	4b28      	ldr	r3, [pc, #160]	@ (10000df0 <runtime_init_default_alarm_pool+0xc8>)
10000d4e:	2203      	movs	r2, #3
10000d50:	469c      	mov	ip, r3
10000d52:	23d0      	movs	r3, #208	@ 0xd0
10000d54:	7022      	strb	r2, [r4, #0]
10000d56:	061b      	lsls	r3, r3, #24
10000d58:	681b      	ldr	r3, [r3, #0]
10000d5a:	2101      	movs	r1, #1
10000d5c:	7063      	strb	r3, [r4, #1]
10000d5e:	4b25      	ldr	r3, [pc, #148]	@ (10000df4 <runtime_init_default_alarm_pool+0xcc>)
10000d60:	4460      	add	r0, ip
10000d62:	60a3      	str	r3, [r4, #8]
10000d64:	230f      	movs	r3, #15
10000d66:	0080      	lsls	r0, r0, #2
10000d68:	6120      	str	r0, [r4, #16]
10000d6a:	2002      	movs	r0, #2
10000d6c:	8063      	strh	r3, [r4, #2]
10000d6e:	6963      	ldr	r3, [r4, #20]
10000d70:	4249      	negs	r1, r1
10000d72:	80a1      	strh	r1, [r4, #4]
10000d74:	8019      	strh	r1, [r3, #0]
10000d76:	3102      	adds	r1, #2
10000d78:	8619      	strh	r1, [r3, #48]	@ 0x30
10000d7a:	3147      	adds	r1, #71	@ 0x47
10000d7c:	831d      	strh	r5, [r3, #24]
10000d7e:	5258      	strh	r0, [r3, r1]
10000d80:	3118      	adds	r1, #24
10000d82:	525a      	strh	r2, [r3, r1]
10000d84:	3275      	adds	r2, #117	@ 0x75
10000d86:	395c      	subs	r1, #92	@ 0x5c
10000d88:	5299      	strh	r1, [r3, r2]
10000d8a:	3218      	adds	r2, #24
10000d8c:	3101      	adds	r1, #1
10000d8e:	5299      	strh	r1, [r3, r2]
10000d90:	3218      	adds	r2, #24
10000d92:	3101      	adds	r1, #1
10000d94:	5299      	strh	r1, [r3, r2]
10000d96:	3218      	adds	r2, #24
10000d98:	3101      	adds	r1, #1
10000d9a:	5299      	strh	r1, [r3, r2]
10000d9c:	3508      	adds	r5, #8
10000d9e:	3218      	adds	r2, #24
10000da0:	529d      	strh	r5, [r3, r2]
10000da2:	3102      	adds	r1, #2
10000da4:	3218      	adds	r2, #24
10000da6:	5299      	strh	r1, [r3, r2]
10000da8:	3218      	adds	r2, #24
10000daa:	3101      	adds	r1, #1
10000dac:	5299      	strh	r1, [r3, r2]
10000dae:	3218      	adds	r2, #24
10000db0:	3101      	adds	r1, #1
10000db2:	5299      	strh	r1, [r3, r2]
10000db4:	3218      	adds	r2, #24
10000db6:	3101      	adds	r1, #1
10000db8:	5299      	strh	r1, [r3, r2]
10000dba:	3218      	adds	r2, #24
10000dbc:	3101      	adds	r1, #1
10000dbe:	5299      	strh	r1, [r3, r2]
10000dc0:	3218      	adds	r2, #24
10000dc2:	3101      	adds	r1, #1
10000dc4:	5299      	strh	r1, [r3, r2]
10000dc6:	4b0c      	ldr	r3, [pc, #48]	@ (10000df8 <runtime_init_default_alarm_pool+0xd0>)
10000dc8:	490c      	ldr	r1, [pc, #48]	@ (10000dfc <runtime_init_default_alarm_pool+0xd4>)
10000dca:	60dc      	str	r4, [r3, #12]
10000dcc:	3001      	adds	r0, #1
10000dce:	6235      	str	r5, [r6, #32]
10000dd0:	f7ff fc1c 	bl	1000060c <irq_set_exclusive_handler>
10000dd4:	2101      	movs	r1, #1
10000dd6:	2003      	movs	r0, #3
10000dd8:	f7ff fbe0 	bl	1000059c <irq_set_enabled>
10000ddc:	4b08      	ldr	r3, [pc, #32]	@ (10000e00 <runtime_init_default_alarm_pool+0xd8>)
10000dde:	601d      	str	r5, [r3, #0]
10000de0:	e7a7      	b.n	10000d32 <runtime_init_default_alarm_pool+0xa>
10000de2:	46c0      	nop			@ (mov r8, r8)
10000de4:	20001034 	.word	0x20001034
10000de8:	20002384 	.word	0x20002384
10000dec:	40054000 	.word	0x40054000
10000df0:	34000040 	.word	0x34000040
10000df4:	0010ffff 	.word	0x0010ffff
10000df8:	20001fc8 	.word	0x20001fc8
10000dfc:	10000a0d 	.word	0x10000a0d
10000e00:	40056038 	.word	0x40056038

10000e04 <alarm_pool_get_default>:
10000e04:	4800      	ldr	r0, [pc, #0]	@ (10000e08 <alarm_pool_get_default+0x4>)
10000e06:	4770      	bx	lr
10000e08:	20001034 	.word	0x20001034

10000e0c <alarm_pool_add_alarm_at>:
10000e0c:	b5f8      	push	{r3, r4, r5, r6, r7, lr}
10000e0e:	001f      	movs	r7, r3
10000e10:	ab08      	add	r3, sp, #32
10000e12:	781b      	ldrb	r3, [r3, #0]
10000e14:	0004      	movs	r4, r0
10000e16:	0016      	movs	r6, r2
10000e18:	2b00      	cmp	r3, #0
10000e1a:	d108      	bne.n	10000e2e <alarm_pool_add_alarm_at+0x22>
10000e1c:	f000 fa06 	bl	1000122c <time_us_64>
10000e20:	0032      	movs	r2, r6
10000e22:	003b      	movs	r3, r7
10000e24:	1a12      	subs	r2, r2, r0
10000e26:	418b      	sbcs	r3, r1
10000e28:	2b00      	cmp	r3, #0
10000e2a:	da00      	bge.n	10000e2e <alarm_pool_add_alarm_at+0x22>
10000e2c:	e052      	b.n	10000ed4 <alarm_pool_add_alarm_at+0xc8>
10000e2e:	6922      	ldr	r2, [r4, #16]
10000e30:	f3ef 8010 	mrs	r0, PRIMASK
10000e34:	b672      	cpsid	i
10000e36:	6813      	ldr	r3, [r2, #0]
10000e38:	2b00      	cmp	r3, #0
10000e3a:	d0fc      	beq.n	10000e36 <alarm_pool_add_alarm_at+0x2a>
10000e3c:	f3bf 8f5f 	dmb	sy
10000e40:	2302      	movs	r3, #2
10000e42:	5ee1      	ldrsh	r1, [r4, r3]
10000e44:	6963      	ldr	r3, [r4, #20]
10000e46:	004a      	lsls	r2, r1, #1
10000e48:	1852      	adds	r2, r2, r1
10000e4a:	00d2      	lsls	r2, r2, #3
10000e4c:	189b      	adds	r3, r3, r2
10000e4e:	6922      	ldr	r2, [r4, #16]
10000e50:	2900      	cmp	r1, #0
10000e52:	db36      	blt.n	10000ec2 <alarm_pool_add_alarm_at+0xb6>
10000e54:	881d      	ldrh	r5, [r3, #0]
10000e56:	8065      	strh	r5, [r4, #2]
10000e58:	f3bf 8f5f 	dmb	sy
10000e5c:	2500      	movs	r5, #0
10000e5e:	6015      	str	r5, [r2, #0]
10000e60:	f380 8810 	msr	PRIMASK, r0
10000e64:	9a06      	ldr	r2, [sp, #24]
10000e66:	609e      	str	r6, [r3, #8]
10000e68:	60df      	str	r7, [r3, #12]
10000e6a:	611a      	str	r2, [r3, #16]
10000e6c:	9a07      	ldr	r2, [sp, #28]
10000e6e:	615a      	str	r2, [r3, #20]
10000e70:	885a      	ldrh	r2, [r3, #2]
10000e72:	3201      	adds	r2, #1
10000e74:	0452      	lsls	r2, r2, #17
10000e76:	0c52      	lsrs	r2, r2, #17
10000e78:	1c10      	adds	r0, r2, #0
10000e7a:	2a00      	cmp	r2, #0
10000e7c:	d01f      	beq.n	10000ebe <alarm_pool_add_alarm_at+0xb2>
10000e7e:	b282      	uxth	r2, r0
10000e80:	8058      	strh	r0, [r3, #2]
10000e82:	0408      	lsls	r0, r1, #16
10000e84:	4310      	orrs	r0, r2
10000e86:	6926      	ldr	r6, [r4, #16]
10000e88:	f3ef 8710 	mrs	r7, PRIMASK
10000e8c:	b672      	cpsid	i
10000e8e:	6832      	ldr	r2, [r6, #0]
10000e90:	2a00      	cmp	r2, #0
10000e92:	d0fc      	beq.n	10000e8e <alarm_pool_add_alarm_at+0x82>
10000e94:	f3bf 8f5f 	dmb	sy
10000e98:	88a2      	ldrh	r2, [r4, #4]
10000e9a:	801a      	strh	r2, [r3, #0]
10000e9c:	80a1      	strh	r1, [r4, #4]
10000e9e:	6923      	ldr	r3, [r4, #16]
10000ea0:	f3bf 8f5f 	dmb	sy
10000ea4:	2200      	movs	r2, #0
10000ea6:	601a      	str	r2, [r3, #0]
10000ea8:	f387 8810 	msr	PRIMASK, r7
10000eac:	490a      	ldr	r1, [pc, #40]	@ (10000ed8 <alarm_pool_add_alarm_at+0xcc>)
10000eae:	7823      	ldrb	r3, [r4, #0]
10000eb0:	468c      	mov	ip, r1
10000eb2:	3201      	adds	r2, #1
10000eb4:	409a      	lsls	r2, r3
10000eb6:	68e3      	ldr	r3, [r4, #12]
10000eb8:	4463      	add	r3, ip
10000eba:	601a      	str	r2, [r3, #0]
10000ebc:	bdf8      	pop	{r3, r4, r5, r6, r7, pc}
10000ebe:	2001      	movs	r0, #1
10000ec0:	e7dd      	b.n	10000e7e <alarm_pool_add_alarm_at+0x72>
10000ec2:	f3bf 8f5f 	dmb	sy
10000ec6:	2300      	movs	r3, #0
10000ec8:	6013      	str	r3, [r2, #0]
10000eca:	f380 8810 	msr	PRIMASK, r0
10000ece:	2001      	movs	r0, #1
10000ed0:	4240      	negs	r0, r0
10000ed2:	e7f3      	b.n	10000ebc <alarm_pool_add_alarm_at+0xb0>
10000ed4:	2000      	movs	r0, #0
10000ed6:	e7f1      	b.n	10000ebc <alarm_pool_add_alarm_at+0xb0>
10000ed8:	0000203c 	.word	0x0000203c

10000edc <alarm_pool_add_alarm_at_force_in_context>:
10000edc:	b570      	push	{r4, r5, r6, lr}
10000ede:	0001      	movs	r1, r0
10000ee0:	6904      	ldr	r4, [r0, #16]
10000ee2:	f3ef 8c10 	mrs	ip, PRIMASK
10000ee6:	b672      	cpsid	i
10000ee8:	6820      	ldr	r0, [r4, #0]
10000eea:	2800      	cmp	r0, #0
10000eec:	d0fc      	beq.n	10000ee8 <alarm_pool_add_alarm_at_force_in_context+0xc>
10000eee:	f3bf 8f5f 	dmb	sy
10000ef2:	2002      	movs	r0, #2
10000ef4:	5e0d      	ldrsh	r5, [r1, r0]
10000ef6:	694c      	ldr	r4, [r1, #20]
10000ef8:	0068      	lsls	r0, r5, #1
10000efa:	1940      	adds	r0, r0, r5
10000efc:	00c0      	lsls	r0, r0, #3
10000efe:	1824      	adds	r4, r4, r0
10000f00:	6908      	ldr	r0, [r1, #16]
10000f02:	2d00      	cmp	r5, #0
10000f04:	db36      	blt.n	10000f74 <alarm_pool_add_alarm_at_force_in_context+0x98>
10000f06:	8826      	ldrh	r6, [r4, #0]
10000f08:	804e      	strh	r6, [r1, #2]
10000f0a:	f3bf 8f5f 	dmb	sy
10000f0e:	2600      	movs	r6, #0
10000f10:	6006      	str	r6, [r0, #0]
10000f12:	f38c 8810 	msr	PRIMASK, ip
10000f16:	60e3      	str	r3, [r4, #12]
10000f18:	8863      	ldrh	r3, [r4, #2]
10000f1a:	9804      	ldr	r0, [sp, #16]
10000f1c:	3301      	adds	r3, #1
10000f1e:	6120      	str	r0, [r4, #16]
10000f20:	045b      	lsls	r3, r3, #17
10000f22:	9805      	ldr	r0, [sp, #20]
10000f24:	0c5b      	lsrs	r3, r3, #17
10000f26:	60a2      	str	r2, [r4, #8]
10000f28:	6160      	str	r0, [r4, #20]
10000f2a:	1c1a      	adds	r2, r3, #0
10000f2c:	2b00      	cmp	r3, #0
10000f2e:	d01f      	beq.n	10000f70 <alarm_pool_add_alarm_at_force_in_context+0x94>
10000f30:	b293      	uxth	r3, r2
10000f32:	0428      	lsls	r0, r5, #16
10000f34:	8062      	strh	r2, [r4, #2]
10000f36:	4318      	orrs	r0, r3
10000f38:	690a      	ldr	r2, [r1, #16]
10000f3a:	f3ef 8c10 	mrs	ip, PRIMASK
10000f3e:	b672      	cpsid	i
10000f40:	6813      	ldr	r3, [r2, #0]
10000f42:	2b00      	cmp	r3, #0
10000f44:	d0fc      	beq.n	10000f40 <alarm_pool_add_alarm_at_force_in_context+0x64>
10000f46:	f3bf 8f5f 	dmb	sy
10000f4a:	888b      	ldrh	r3, [r1, #4]
10000f4c:	8023      	strh	r3, [r4, #0]
10000f4e:	808d      	strh	r5, [r1, #4]
10000f50:	690b      	ldr	r3, [r1, #16]
10000f52:	f3bf 8f5f 	dmb	sy
10000f56:	2200      	movs	r2, #0
10000f58:	601a      	str	r2, [r3, #0]
10000f5a:	f38c 8810 	msr	PRIMASK, ip
10000f5e:	780b      	ldrb	r3, [r1, #0]
10000f60:	3201      	adds	r2, #1
10000f62:	409a      	lsls	r2, r3
10000f64:	68cb      	ldr	r3, [r1, #12]
10000f66:	4908      	ldr	r1, [pc, #32]	@ (10000f88 <alarm_pool_add_alarm_at_force_in_context+0xac>)
10000f68:	468c      	mov	ip, r1
10000f6a:	4463      	add	r3, ip
10000f6c:	601a      	str	r2, [r3, #0]
10000f6e:	bd70      	pop	{r4, r5, r6, pc}
10000f70:	2201      	movs	r2, #1
10000f72:	e7dd      	b.n	10000f30 <alarm_pool_add_alarm_at_force_in_context+0x54>
10000f74:	f3bf 8f5f 	dmb	sy
10000f78:	2300      	movs	r3, #0
10000f7a:	6003      	str	r3, [r0, #0]
10000f7c:	f38c 8810 	msr	PRIMASK, ip
10000f80:	2001      	movs	r0, #1
10000f82:	4240      	negs	r0, r0
10000f84:	e7f3      	b.n	10000f6e <alarm_pool_add_alarm_at_force_in_context+0x92>
10000f86:	46c0      	nop			@ (mov r8, r8)
10000f88:	0000203c 	.word	0x0000203c

10000f8c <alarm_pool_cancel_alarm>:
10000f8c:	b510      	push	{r4, lr}
10000f8e:	8943      	ldrh	r3, [r0, #10]
10000f90:	140a      	asrs	r2, r1, #16
10000f92:	4293      	cmp	r3, r2
10000f94:	dd1a      	ble.n	10000fcc <alarm_pool_cancel_alarm+0x40>
10000f96:	0053      	lsls	r3, r2, #1
10000f98:	189b      	adds	r3, r3, r2
10000f9a:	6942      	ldr	r2, [r0, #20]
10000f9c:	00db      	lsls	r3, r3, #3
10000f9e:	18d3      	adds	r3, r2, r3
10000fa0:	6904      	ldr	r4, [r0, #16]
10000fa2:	f3ef 8c10 	mrs	ip, PRIMASK
10000fa6:	b672      	cpsid	i
10000fa8:	6822      	ldr	r2, [r4, #0]
10000faa:	2a00      	cmp	r2, #0
10000fac:	d0fc      	beq.n	10000fa8 <alarm_pool_cancel_alarm+0x1c>
10000fae:	f3bf 8f5f 	dmb	sy
10000fb2:	885a      	ldrh	r2, [r3, #2]
10000fb4:	0409      	lsls	r1, r1, #16
10000fb6:	b294      	uxth	r4, r2
10000fb8:	0c09      	lsrs	r1, r1, #16
10000fba:	428a      	cmp	r2, r1
10000fbc:	d008      	beq.n	10000fd0 <alarm_pool_cancel_alarm+0x44>
10000fbe:	6903      	ldr	r3, [r0, #16]
10000fc0:	f3bf 8f5f 	dmb	sy
10000fc4:	2200      	movs	r2, #0
10000fc6:	601a      	str	r2, [r3, #0]
10000fc8:	f38c 8810 	msr	PRIMASK, ip
10000fcc:	2000      	movs	r0, #0
10000fce:	bd10      	pop	{r4, pc}
10000fd0:	2280      	movs	r2, #128	@ 0x80
10000fd2:	0212      	lsls	r2, r2, #8
10000fd4:	4314      	orrs	r4, r2
10000fd6:	805c      	strh	r4, [r3, #2]
10000fd8:	2301      	movs	r3, #1
10000fda:	6902      	ldr	r2, [r0, #16]
10000fdc:	7183      	strb	r3, [r0, #6]
10000fde:	f3bf 8f5f 	dmb	sy
10000fe2:	2100      	movs	r1, #0
10000fe4:	6011      	str	r1, [r2, #0]
10000fe6:	f38c 8810 	msr	PRIMASK, ip
10000fea:	4904      	ldr	r1, [pc, #16]	@ (10000ffc <alarm_pool_cancel_alarm+0x70>)
10000fec:	7802      	ldrb	r2, [r0, #0]
10000fee:	468c      	mov	ip, r1
10000ff0:	4093      	lsls	r3, r2
10000ff2:	68c2      	ldr	r2, [r0, #12]
10000ff4:	2001      	movs	r0, #1
10000ff6:	4462      	add	r2, ip
10000ff8:	6013      	str	r3, [r2, #0]
10000ffa:	e7e8      	b.n	10000fce <alarm_pool_cancel_alarm+0x42>
10000ffc:	0000203c 	.word	0x0000203c

10001000 <alarm_pool_core_num>:
10001000:	7840      	ldrb	r0, [r0, #1]
10001002:	4770      	bx	lr

10001004 <sleep_ms>:
10001004:	b5f0      	push	{r4, r5, r6, r7, lr}
10001006:	46ce      	mov	lr, r9
10001008:	4647      	mov	r7, r8
1000100a:	b580      	push	{r7, lr}
1000100c:	b083      	sub	sp, #12
1000100e:	0004      	movs	r4, r0
10001010:	f000 f90c 	bl	1000122c <time_us_64>
10001014:	22fa      	movs	r2, #250	@ 0xfa
10001016:	0006      	movs	r6, r0
10001018:	000f      	movs	r7, r1
1000101a:	0020      	movs	r0, r4
1000101c:	2300      	movs	r3, #0
1000101e:	2100      	movs	r1, #0
10001020:	0092      	lsls	r2, r2, #2
10001022:	f000 ffed 	bl	10002000 <__wrap___aeabi_lmul>
10001026:	1980      	adds	r0, r0, r6
10001028:	4179      	adcs	r1, r7
1000102a:	0004      	movs	r4, r0
1000102c:	1e0d      	subs	r5, r1, #0
1000102e:	da02      	bge.n	10001036 <sleep_ms+0x32>
10001030:	2401      	movs	r4, #1
10001032:	4d2d      	ldr	r5, [pc, #180]	@ (100010e8 <sleep_ms+0xe4>)
10001034:	4264      	negs	r4, r4
10001036:	2696      	movs	r6, #150	@ 0x96
10001038:	4276      	negs	r6, r6
1000103a:	17f7      	asrs	r7, r6, #31
1000103c:	1936      	adds	r6, r6, r4
1000103e:	416f      	adcs	r7, r5
10001040:	42af      	cmp	r7, r5
10001042:	d815      	bhi.n	10001070 <sleep_ms+0x6c>
10001044:	d012      	beq.n	1000106c <sleep_ms+0x68>
10001046:	f000 f8f1 	bl	1000122c <time_us_64>
1000104a:	0032      	movs	r2, r6
1000104c:	003b      	movs	r3, r7
1000104e:	1a12      	subs	r2, r2, r0
10001050:	418b      	sbcs	r3, r1
10001052:	2b00      	cmp	r3, #0
10001054:	dc18      	bgt.n	10001088 <sleep_ms+0x84>
10001056:	2b00      	cmp	r3, #0
10001058:	d043      	beq.n	100010e2 <sleep_ms+0xde>
1000105a:	0020      	movs	r0, r4
1000105c:	0029      	movs	r1, r5
1000105e:	f000 f8ef 	bl	10001240 <busy_wait_until>
10001062:	b003      	add	sp, #12
10001064:	bcc0      	pop	{r6, r7}
10001066:	46b9      	mov	r9, r7
10001068:	46b0      	mov	r8, r6
1000106a:	bdf0      	pop	{r4, r5, r6, r7, pc}
1000106c:	42a6      	cmp	r6, r4
1000106e:	d9ea      	bls.n	10001046 <sleep_ms+0x42>
10001070:	2200      	movs	r2, #0
10001072:	2300      	movs	r3, #0
10001074:	0016      	movs	r6, r2
10001076:	001f      	movs	r7, r3
10001078:	f000 f8d8 	bl	1000122c <time_us_64>
1000107c:	0032      	movs	r2, r6
1000107e:	003b      	movs	r3, r7
10001080:	1a12      	subs	r2, r2, r0
10001082:	418b      	sbcs	r3, r1
10001084:	2b00      	cmp	r3, #0
10001086:	dde6      	ble.n	10001056 <sleep_ms+0x52>
10001088:	f000 f8d0 	bl	1000122c <time_us_64>
1000108c:	0032      	movs	r2, r6
1000108e:	003b      	movs	r3, r7
10001090:	1a12      	subs	r2, r2, r0
10001092:	418b      	sbcs	r3, r1
10001094:	2b00      	cmp	r3, #0
10001096:	db0a      	blt.n	100010ae <sleep_ms+0xaa>
10001098:	2300      	movs	r3, #0
1000109a:	9301      	str	r3, [sp, #4]
1000109c:	4b13      	ldr	r3, [pc, #76]	@ (100010ec <sleep_ms+0xe8>)
1000109e:	0032      	movs	r2, r6
100010a0:	9300      	str	r3, [sp, #0]
100010a2:	4813      	ldr	r0, [pc, #76]	@ (100010f0 <sleep_ms+0xec>)
100010a4:	003b      	movs	r3, r7
100010a6:	f7ff ff19 	bl	10000edc <alarm_pool_add_alarm_at_force_in_context>
100010aa:	3001      	adds	r0, #1
100010ac:	d0d5      	beq.n	1000105a <sleep_ms+0x56>
100010ae:	4b11      	ldr	r3, [pc, #68]	@ (100010f4 <sleep_ms+0xf0>)
100010b0:	46b1      	mov	r9, r6
100010b2:	4698      	mov	r8, r3
100010b4:	4e10      	ldr	r6, [pc, #64]	@ (100010f8 <sleep_ms+0xf4>)
100010b6:	6a73      	ldr	r3, [r6, #36]	@ 0x24
100010b8:	429f      	cmp	r7, r3
100010ba:	d804      	bhi.n	100010c6 <sleep_ms+0xc2>
100010bc:	6ab2      	ldr	r2, [r6, #40]	@ 0x28
100010be:	454a      	cmp	r2, r9
100010c0:	d2cb      	bcs.n	1000105a <sleep_ms+0x56>
100010c2:	429f      	cmp	r7, r3
100010c4:	d1c9      	bne.n	1000105a <sleep_ms+0x56>
100010c6:	4643      	mov	r3, r8
100010c8:	681a      	ldr	r2, [r3, #0]
100010ca:	f3ef 8110 	mrs	r1, PRIMASK
100010ce:	b672      	cpsid	i
100010d0:	6813      	ldr	r3, [r2, #0]
100010d2:	2b00      	cmp	r3, #0
100010d4:	d0fc      	beq.n	100010d0 <sleep_ms+0xcc>
100010d6:	f3bf 8f5f 	dmb	sy
100010da:	4640      	mov	r0, r8
100010dc:	f005 fc9e 	bl	10006a1c <vPortLockInternalSpinUnlockWithWait>
100010e0:	e7e9      	b.n	100010b6 <sleep_ms+0xb2>
100010e2:	2a00      	cmp	r2, #0
100010e4:	d0b9      	beq.n	1000105a <sleep_ms+0x56>
100010e6:	e7cf      	b.n	10001088 <sleep_ms+0x84>
100010e8:	7fffffff 	.word	0x7fffffff
100010ec:	10000d05 	.word	0x10000d05
100010f0:	20001034 	.word	0x20001034
100010f4:	20002384 	.word	0x20002384
100010f8:	40054000 	.word	0x40054000

100010fc <best_effort_wfe_or_timeout>:
100010fc:	b5f0      	push	{r4, r5, r6, r7, lr}
100010fe:	4657      	mov	r7, sl
10001100:	464e      	mov	r6, r9
10001102:	46de      	mov	lr, fp
10001104:	4645      	mov	r5, r8
10001106:	b5e0      	push	{r5, r6, r7, lr}
10001108:	0006      	movs	r6, r0
1000110a:	000f      	movs	r7, r1
1000110c:	b085      	sub	sp, #20
1000110e:	f3ef 8305 	mrs	r3, IPSR
10001112:	4699      	mov	r9, r3
10001114:	468b      	mov	fp, r1
10001116:	2b00      	cmp	r3, #0
10001118:	d012      	beq.n	10001140 <best_effort_wfe_or_timeout+0x44>
1000111a:	4938      	ldr	r1, [pc, #224]	@ (100011fc <best_effort_wfe_or_timeout+0x100>)
1000111c:	2000      	movs	r0, #0
1000111e:	6a4b      	ldr	r3, [r1, #36]	@ 0x24
10001120:	42bb      	cmp	r3, r7
10001122:	d306      	bcc.n	10001132 <best_effort_wfe_or_timeout+0x36>
10001124:	6a8a      	ldr	r2, [r1, #40]	@ 0x28
10001126:	1bdb      	subs	r3, r3, r7
10001128:	1e59      	subs	r1, r3, #1
1000112a:	418b      	sbcs	r3, r1
1000112c:	42b2      	cmp	r2, r6
1000112e:	4140      	adcs	r0, r0
10001130:	4318      	orrs	r0, r3
10001132:	b005      	add	sp, #20
10001134:	bcf0      	pop	{r4, r5, r6, r7}
10001136:	46bb      	mov	fp, r7
10001138:	46b2      	mov	sl, r6
1000113a:	46a9      	mov	r9, r5
1000113c:	46a0      	mov	r8, r4
1000113e:	bdf0      	pop	{r4, r5, r6, r7, pc}
10001140:	4b2f      	ldr	r3, [pc, #188]	@ (10001200 <best_effort_wfe_or_timeout+0x104>)
10001142:	469a      	mov	sl, r3
10001144:	68db      	ldr	r3, [r3, #12]
10001146:	4698      	mov	r8, r3
10001148:	4653      	mov	r3, sl
1000114a:	781b      	ldrb	r3, [r3, #0]
1000114c:	4640      	mov	r0, r8
1000114e:	9303      	str	r3, [sp, #12]
10001150:	f000 f864 	bl	1000121c <timer_time_us_64>
10001154:	4642      	mov	r2, r8
10001156:	9b03      	ldr	r3, [sp, #12]
10001158:	0004      	movs	r4, r0
1000115a:	3304      	adds	r3, #4
1000115c:	009b      	lsls	r3, r3, #2
1000115e:	589b      	ldr	r3, [r3, r2]
10001160:	000d      	movs	r5, r1
10001162:	1a1b      	subs	r3, r3, r0
10001164:	0039      	movs	r1, r7
10001166:	0030      	movs	r0, r6
10001168:	1b00      	subs	r0, r0, r4
1000116a:	41a9      	sbcs	r1, r5
1000116c:	4589      	cmp	r9, r1
1000116e:	dc10      	bgt.n	10001192 <best_effort_wfe_or_timeout+0x96>
10001170:	d00d      	beq.n	1000118e <best_effort_wfe_or_timeout+0x92>
10001172:	bf20      	wfe
10001174:	4a21      	ldr	r2, [pc, #132]	@ (100011fc <best_effort_wfe_or_timeout+0x100>)
10001176:	2000      	movs	r0, #0
10001178:	6a53      	ldr	r3, [r2, #36]	@ 0x24
1000117a:	455b      	cmp	r3, fp
1000117c:	d3d9      	bcc.n	10001132 <best_effort_wfe_or_timeout+0x36>
1000117e:	6a92      	ldr	r2, [r2, #40]	@ 0x28
10001180:	1bdb      	subs	r3, r3, r7
10001182:	1e59      	subs	r1, r3, #1
10001184:	418b      	sbcs	r3, r1
10001186:	42b2      	cmp	r2, r6
10001188:	4140      	adcs	r0, r0
1000118a:	4318      	orrs	r0, r3
1000118c:	e7d1      	b.n	10001132 <best_effort_wfe_or_timeout+0x36>
1000118e:	4283      	cmp	r3, r0
10001190:	d9ef      	bls.n	10001172 <best_effort_wfe_or_timeout+0x76>
10001192:	f000 f84b 	bl	1000122c <time_us_64>
10001196:	0032      	movs	r2, r6
10001198:	003b      	movs	r3, r7
1000119a:	1a12      	subs	r2, r2, r0
1000119c:	418b      	sbcs	r3, r1
1000119e:	2b00      	cmp	r3, #0
100011a0:	db1a      	blt.n	100011d8 <best_effort_wfe_or_timeout+0xdc>
100011a2:	2300      	movs	r3, #0
100011a4:	9301      	str	r3, [sp, #4]
100011a6:	4b17      	ldr	r3, [pc, #92]	@ (10001204 <best_effort_wfe_or_timeout+0x108>)
100011a8:	0032      	movs	r2, r6
100011aa:	9300      	str	r3, [sp, #0]
100011ac:	4650      	mov	r0, sl
100011ae:	003b      	movs	r3, r7
100011b0:	f7ff fe94 	bl	10000edc <alarm_pool_add_alarm_at_force_in_context>
100011b4:	1e01      	subs	r1, r0, #0
100011b6:	dd0f      	ble.n	100011d8 <best_effort_wfe_or_timeout+0xdc>
100011b8:	4b10      	ldr	r3, [pc, #64]	@ (100011fc <best_effort_wfe_or_timeout+0x100>)
100011ba:	6a5a      	ldr	r2, [r3, #36]	@ 0x24
100011bc:	455a      	cmp	r2, fp
100011be:	d31b      	bcc.n	100011f8 <best_effort_wfe_or_timeout+0xfc>
100011c0:	6a9b      	ldr	r3, [r3, #40]	@ 0x28
100011c2:	42b3      	cmp	r3, r6
100011c4:	d316      	bcc.n	100011f4 <best_effort_wfe_or_timeout+0xf8>
100011c6:	4650      	mov	r0, sl
100011c8:	f7ff fee0 	bl	10000f8c <alarm_pool_cancel_alarm>
100011cc:	4a0b      	ldr	r2, [pc, #44]	@ (100011fc <best_effort_wfe_or_timeout+0x100>)
100011ce:	2000      	movs	r0, #0
100011d0:	6a53      	ldr	r3, [r2, #36]	@ 0x24
100011d2:	455b      	cmp	r3, fp
100011d4:	d3ad      	bcc.n	10001132 <best_effort_wfe_or_timeout+0x36>
100011d6:	e7d2      	b.n	1000117e <best_effort_wfe_or_timeout+0x82>
100011d8:	4a08      	ldr	r2, [pc, #32]	@ (100011fc <best_effort_wfe_or_timeout+0x100>)
100011da:	2000      	movs	r0, #0
100011dc:	6a53      	ldr	r3, [r2, #36]	@ 0x24
100011de:	455b      	cmp	r3, fp
100011e0:	d3a7      	bcc.n	10001132 <best_effort_wfe_or_timeout+0x36>
100011e2:	2000      	movs	r0, #0
100011e4:	6a92      	ldr	r2, [r2, #40]	@ 0x28
100011e6:	1bdb      	subs	r3, r3, r7
100011e8:	42b2      	cmp	r2, r6
100011ea:	4140      	adcs	r0, r0
100011ec:	1e5a      	subs	r2, r3, #1
100011ee:	4193      	sbcs	r3, r2
100011f0:	4318      	orrs	r0, r3
100011f2:	e79e      	b.n	10001132 <best_effort_wfe_or_timeout+0x36>
100011f4:	455a      	cmp	r2, fp
100011f6:	d1e6      	bne.n	100011c6 <best_effort_wfe_or_timeout+0xca>
100011f8:	bf20      	wfe
100011fa:	e7e4      	b.n	100011c6 <best_effort_wfe_or_timeout+0xca>
100011fc:	40054000 	.word	0x40054000
10001200:	20001034 	.word	0x20001034
10001204:	10000d05 	.word	0x10000d05

10001208 <timer_hardware_alarm_claim>:
10001208:	b510      	push	{r4, lr}
1000120a:	4a02      	ldr	r2, [pc, #8]	@ (10001214 <timer_hardware_alarm_claim+0xc>)
1000120c:	4802      	ldr	r0, [pc, #8]	@ (10001218 <timer_hardware_alarm_claim+0x10>)
1000120e:	f7ff f921 	bl	10000454 <hw_claim_or_assert>
10001212:	bd10      	pop	{r4, pc}
10001214:	10009698 	.word	0x10009698
10001218:	20001b3c 	.word	0x20001b3c

1000121c <timer_time_us_64>:
1000121c:	0003      	movs	r3, r0
1000121e:	6a41      	ldr	r1, [r0, #36]	@ 0x24
10001220:	000a      	movs	r2, r1
10001222:	6a98      	ldr	r0, [r3, #40]	@ 0x28
10001224:	6a59      	ldr	r1, [r3, #36]	@ 0x24
10001226:	428a      	cmp	r2, r1
10001228:	d1fa      	bne.n	10001220 <timer_time_us_64+0x4>
1000122a:	4770      	bx	lr

1000122c <time_us_64>:
1000122c:	4b03      	ldr	r3, [pc, #12]	@ (1000123c <time_us_64+0x10>)
1000122e:	6a59      	ldr	r1, [r3, #36]	@ 0x24
10001230:	000a      	movs	r2, r1
10001232:	6a98      	ldr	r0, [r3, #40]	@ 0x28
10001234:	6a59      	ldr	r1, [r3, #36]	@ 0x24
10001236:	4291      	cmp	r1, r2
10001238:	d1fa      	bne.n	10001230 <time_us_64+0x4>
1000123a:	4770      	bx	lr
1000123c:	40054000 	.word	0x40054000

10001240 <busy_wait_until>:
10001240:	4a06      	ldr	r2, [pc, #24]	@ (1000125c <busy_wait_until+0x1c>)
10001242:	6a53      	ldr	r3, [r2, #36]	@ 0x24
10001244:	4299      	cmp	r1, r3
10001246:	d8fc      	bhi.n	10001242 <busy_wait_until+0x2>
10001248:	d107      	bne.n	1000125a <busy_wait_until+0x1a>
1000124a:	4b04      	ldr	r3, [pc, #16]	@ (1000125c <busy_wait_until+0x1c>)
1000124c:	e002      	b.n	10001254 <busy_wait_until+0x14>
1000124e:	6a5a      	ldr	r2, [r3, #36]	@ 0x24
10001250:	4291      	cmp	r1, r2
10001252:	d102      	bne.n	1000125a <busy_wait_until+0x1a>
10001254:	6a9a      	ldr	r2, [r3, #40]	@ 0x28
10001256:	4290      	cmp	r0, r2
10001258:	d8f9      	bhi.n	1000124e <busy_wait_until+0xe>
1000125a:	4770      	bx	lr
1000125c:	40054000 	.word	0x40054000

10001260 <clock_configure_int_divider>:
10001260:	b5f8      	push	{r3, r4, r5, r6, r7, lr}
10001262:	46de      	mov	lr, fp
10001264:	464e      	mov	r6, r9
10001266:	4657      	mov	r7, sl
10001268:	4645      	mov	r5, r8
1000126a:	b5e0      	push	{r5, r6, r7, lr}
1000126c:	468b      	mov	fp, r1
1000126e:	0005      	movs	r5, r0
10001270:	990a      	ldr	r1, [sp, #40]	@ 0x28
10001272:	0018      	movs	r0, r3
10001274:	0016      	movs	r6, r2
10001276:	f000 fb49 	bl	1000190c <__wrap___aeabi_uidiv>
1000127a:	9b0a      	ldr	r3, [sp, #40]	@ 0x28
1000127c:	006c      	lsls	r4, r5, #1
1000127e:	021f      	lsls	r7, r3, #8
10001280:	4b32      	ldr	r3, [pc, #200]	@ (1000134c <clock_configure_int_divider+0xec>)
10001282:	1964      	adds	r4, r4, r5
10001284:	469c      	mov	ip, r3
10001286:	00a4      	lsls	r4, r4, #2
10001288:	4464      	add	r4, ip
1000128a:	6863      	ldr	r3, [r4, #4]
1000128c:	4681      	mov	r9, r0
1000128e:	429f      	cmp	r7, r3
10001290:	d900      	bls.n	10001294 <clock_configure_int_divider+0x34>
10001292:	6067      	str	r7, [r4, #4]
10001294:	1f2b      	subs	r3, r5, #4
10001296:	b2db      	uxtb	r3, r3
10001298:	4698      	mov	r8, r3
1000129a:	2b01      	cmp	r3, #1
1000129c:	d930      	bls.n	10001300 <clock_configure_int_divider+0xa0>
1000129e:	23c0      	movs	r3, #192	@ 0xc0
100012a0:	2280      	movs	r2, #128	@ 0x80
100012a2:	019b      	lsls	r3, r3, #6
100012a4:	18e3      	adds	r3, r4, r3
100012a6:	0112      	lsls	r2, r2, #4
100012a8:	601a      	str	r2, [r3, #0]
100012aa:	4b29      	ldr	r3, [pc, #164]	@ (10001350 <clock_configure_int_divider+0xf0>)
100012ac:	00ad      	lsls	r5, r5, #2
100012ae:	5959      	ldr	r1, [r3, r5]
100012b0:	469a      	mov	sl, r3
100012b2:	2900      	cmp	r1, #0
100012b4:	d11b      	bne.n	100012ee <clock_configure_int_divider+0x8e>
100012b6:	0173      	lsls	r3, r6, #5
100012b8:	26e0      	movs	r6, #224	@ 0xe0
100012ba:	6822      	ldr	r2, [r4, #0]
100012bc:	4053      	eors	r3, r2
100012be:	401e      	ands	r6, r3
100012c0:	2380      	movs	r3, #128	@ 0x80
100012c2:	4642      	mov	r2, r8
100012c4:	015b      	lsls	r3, r3, #5
100012c6:	18e3      	adds	r3, r4, r3
100012c8:	601e      	str	r6, [r3, #0]
100012ca:	2a01      	cmp	r2, #1
100012cc:	d930      	bls.n	10001330 <clock_configure_int_divider+0xd0>
100012ce:	2380      	movs	r3, #128	@ 0x80
100012d0:	2280      	movs	r2, #128	@ 0x80
100012d2:	019b      	lsls	r3, r3, #6
100012d4:	18e3      	adds	r3, r4, r3
100012d6:	0112      	lsls	r2, r2, #4
100012d8:	601a      	str	r2, [r3, #0]
100012da:	4653      	mov	r3, sl
100012dc:	464a      	mov	r2, r9
100012de:	6067      	str	r7, [r4, #4]
100012e0:	515a      	str	r2, [r3, r5]
100012e2:	bcf0      	pop	{r4, r5, r6, r7}
100012e4:	46bb      	mov	fp, r7
100012e6:	46b2      	mov	sl, r6
100012e8:	46a9      	mov	r9, r5
100012ea:	46a0      	mov	r8, r4
100012ec:	bdf8      	pop	{r3, r4, r5, r6, r7, pc}
100012ee:	6958      	ldr	r0, [r3, #20]
100012f0:	f000 fb0c 	bl	1000190c <__wrap___aeabi_uidiv>
100012f4:	3001      	adds	r0, #1
100012f6:	0043      	lsls	r3, r0, #1
100012f8:	181b      	adds	r3, r3, r0
100012fa:	3b03      	subs	r3, #3
100012fc:	d2fd      	bcs.n	100012fa <clock_configure_int_divider+0x9a>
100012fe:	e7da      	b.n	100012b6 <clock_configure_int_divider+0x56>
10001300:	465b      	mov	r3, fp
10001302:	2b01      	cmp	r3, #1
10001304:	d1cb      	bne.n	1000129e <clock_configure_int_divider+0x3e>
10001306:	23c0      	movs	r3, #192	@ 0xc0
10001308:	2203      	movs	r2, #3
1000130a:	019b      	lsls	r3, r3, #6
1000130c:	18e3      	adds	r3, r4, r3
1000130e:	601a      	str	r2, [r3, #0]
10001310:	3a02      	subs	r2, #2
10001312:	68a3      	ldr	r3, [r4, #8]
10001314:	421a      	tst	r2, r3
10001316:	d0fc      	beq.n	10001312 <clock_configure_int_divider+0xb2>
10001318:	0173      	lsls	r3, r6, #5
1000131a:	26e0      	movs	r6, #224	@ 0xe0
1000131c:	6822      	ldr	r2, [r4, #0]
1000131e:	00ad      	lsls	r5, r5, #2
10001320:	4053      	eors	r3, r2
10001322:	401e      	ands	r6, r3
10001324:	2380      	movs	r3, #128	@ 0x80
10001326:	4a0a      	ldr	r2, [pc, #40]	@ (10001350 <clock_configure_int_divider+0xf0>)
10001328:	015b      	lsls	r3, r3, #5
1000132a:	4692      	mov	sl, r2
1000132c:	18e3      	adds	r3, r4, r3
1000132e:	601e      	str	r6, [r3, #0]
10001330:	465a      	mov	r2, fp
10001332:	6821      	ldr	r1, [r4, #0]
10001334:	4051      	eors	r1, r2
10001336:	2203      	movs	r2, #3
10001338:	400a      	ands	r2, r1
1000133a:	601a      	str	r2, [r3, #0]
1000133c:	2201      	movs	r2, #1
1000133e:	465b      	mov	r3, fp
10001340:	409a      	lsls	r2, r3
10001342:	68a3      	ldr	r3, [r4, #8]
10001344:	421a      	tst	r2, r3
10001346:	d0fc      	beq.n	10001342 <clock_configure_int_divider+0xe2>
10001348:	e7c1      	b.n	100012ce <clock_configure_int_divider+0x6e>
1000134a:	46c0      	nop			@ (mov r8, r8)
1000134c:	40008000 	.word	0x40008000
10001350:	20001b40 	.word	0x20001b40

10001354 <clock_configure_undivided>:
10001354:	b5f0      	push	{r4, r5, r6, r7, lr}
10001356:	4646      	mov	r6, r8
10001358:	464f      	mov	r7, r9
1000135a:	46d6      	mov	lr, sl
1000135c:	b5c0      	push	{r6, r7, lr}
1000135e:	001f      	movs	r7, r3
10001360:	4b34      	ldr	r3, [pc, #208]	@ (10001434 <clock_configure_undivided+0xe0>)
10001362:	0044      	lsls	r4, r0, #1
10001364:	469c      	mov	ip, r3
10001366:	1824      	adds	r4, r4, r0
10001368:	00a4      	lsls	r4, r4, #2
1000136a:	4464      	add	r4, ip
1000136c:	6863      	ldr	r3, [r4, #4]
1000136e:	4688      	mov	r8, r1
10001370:	0016      	movs	r6, r2
10001372:	2bff      	cmp	r3, #255	@ 0xff
10001374:	d802      	bhi.n	1000137c <clock_configure_undivided+0x28>
10001376:	2380      	movs	r3, #128	@ 0x80
10001378:	005b      	lsls	r3, r3, #1
1000137a:	6063      	str	r3, [r4, #4]
1000137c:	1f03      	subs	r3, r0, #4
1000137e:	b2db      	uxtb	r3, r3
10001380:	469a      	mov	sl, r3
10001382:	2b01      	cmp	r3, #1
10001384:	d930      	bls.n	100013e8 <clock_configure_undivided+0x94>
10001386:	23c0      	movs	r3, #192	@ 0xc0
10001388:	2280      	movs	r2, #128	@ 0x80
1000138a:	019b      	lsls	r3, r3, #6
1000138c:	18e3      	adds	r3, r4, r3
1000138e:	0112      	lsls	r2, r2, #4
10001390:	601a      	str	r2, [r3, #0]
10001392:	4b29      	ldr	r3, [pc, #164]	@ (10001438 <clock_configure_undivided+0xe4>)
10001394:	0085      	lsls	r5, r0, #2
10001396:	5959      	ldr	r1, [r3, r5]
10001398:	4699      	mov	r9, r3
1000139a:	2900      	cmp	r1, #0
1000139c:	d11b      	bne.n	100013d6 <clock_configure_undivided+0x82>
1000139e:	0173      	lsls	r3, r6, #5
100013a0:	26e0      	movs	r6, #224	@ 0xe0
100013a2:	6822      	ldr	r2, [r4, #0]
100013a4:	4053      	eors	r3, r2
100013a6:	401e      	ands	r6, r3
100013a8:	2380      	movs	r3, #128	@ 0x80
100013aa:	4652      	mov	r2, sl
100013ac:	015b      	lsls	r3, r3, #5
100013ae:	18e3      	adds	r3, r4, r3
100013b0:	601e      	str	r6, [r3, #0]
100013b2:	2a01      	cmp	r2, #1
100013b4:	d930      	bls.n	10001418 <clock_configure_undivided+0xc4>
100013b6:	2380      	movs	r3, #128	@ 0x80
100013b8:	2280      	movs	r2, #128	@ 0x80
100013ba:	019b      	lsls	r3, r3, #6
100013bc:	18e3      	adds	r3, r4, r3
100013be:	0112      	lsls	r2, r2, #4
100013c0:	601a      	str	r2, [r3, #0]
100013c2:	2380      	movs	r3, #128	@ 0x80
100013c4:	005b      	lsls	r3, r3, #1
100013c6:	6063      	str	r3, [r4, #4]
100013c8:	464b      	mov	r3, r9
100013ca:	515f      	str	r7, [r3, r5]
100013cc:	bce0      	pop	{r5, r6, r7}
100013ce:	46ba      	mov	sl, r7
100013d0:	46b1      	mov	r9, r6
100013d2:	46a8      	mov	r8, r5
100013d4:	bdf0      	pop	{r4, r5, r6, r7, pc}
100013d6:	6958      	ldr	r0, [r3, #20]
100013d8:	f000 fa98 	bl	1000190c <__wrap___aeabi_uidiv>
100013dc:	3001      	adds	r0, #1
100013de:	0043      	lsls	r3, r0, #1
100013e0:	181b      	adds	r3, r3, r0
100013e2:	3b03      	subs	r3, #3
100013e4:	d2fd      	bcs.n	100013e2 <clock_configure_undivided+0x8e>
100013e6:	e7da      	b.n	1000139e <clock_configure_undivided+0x4a>
100013e8:	4643      	mov	r3, r8
100013ea:	2b01      	cmp	r3, #1
100013ec:	d1cb      	bne.n	10001386 <clock_configure_undivided+0x32>
100013ee:	23c0      	movs	r3, #192	@ 0xc0
100013f0:	2203      	movs	r2, #3
100013f2:	019b      	lsls	r3, r3, #6
100013f4:	18e3      	adds	r3, r4, r3
100013f6:	601a      	str	r2, [r3, #0]
100013f8:	3a02      	subs	r2, #2
100013fa:	68a3      	ldr	r3, [r4, #8]
100013fc:	421a      	tst	r2, r3
100013fe:	d0fc      	beq.n	100013fa <clock_configure_undivided+0xa6>
10001400:	0173      	lsls	r3, r6, #5
10001402:	26e0      	movs	r6, #224	@ 0xe0
10001404:	6822      	ldr	r2, [r4, #0]
10001406:	0085      	lsls	r5, r0, #2
10001408:	4053      	eors	r3, r2
1000140a:	401e      	ands	r6, r3
1000140c:	2380      	movs	r3, #128	@ 0x80
1000140e:	4a0a      	ldr	r2, [pc, #40]	@ (10001438 <clock_configure_undivided+0xe4>)
10001410:	015b      	lsls	r3, r3, #5
10001412:	4691      	mov	r9, r2
10001414:	18e3      	adds	r3, r4, r3
10001416:	601e      	str	r6, [r3, #0]
10001418:	4642      	mov	r2, r8
1000141a:	6821      	ldr	r1, [r4, #0]
1000141c:	4051      	eors	r1, r2
1000141e:	2203      	movs	r2, #3
10001420:	400a      	ands	r2, r1
10001422:	601a      	str	r2, [r3, #0]
10001424:	2301      	movs	r3, #1
10001426:	4642      	mov	r2, r8
10001428:	4093      	lsls	r3, r2
1000142a:	68a2      	ldr	r2, [r4, #8]
1000142c:	4213      	tst	r3, r2
1000142e:	d0fc      	beq.n	1000142a <clock_configure_undivided+0xd6>
10001430:	e7c1      	b.n	100013b6 <clock_configure_undivided+0x62>
10001432:	46c0      	nop			@ (mov r8, r8)
10001434:	40008000 	.word	0x40008000
10001438:	20001b40 	.word	0x20001b40

1000143c <clock_get_hz>:
1000143c:	4b01      	ldr	r3, [pc, #4]	@ (10001444 <clock_get_hz+0x8>)
1000143e:	0080      	lsls	r0, r0, #2
10001440:	58c0      	ldr	r0, [r0, r3]
10001442:	4770      	bx	lr
10001444:	20001b40 	.word	0x20001b40

10001448 <pll_init>:
10001448:	b5f8      	push	{r3, r4, r5, r6, r7, lr}
1000144a:	0004      	movs	r4, r0
1000144c:	4821      	ldr	r0, [pc, #132]	@ (100014d4 <pll_init+0x8c>)
1000144e:	001e      	movs	r6, r3
10001450:	0017      	movs	r7, r2
10001452:	000d      	movs	r5, r1
10001454:	f000 fa5a 	bl	1000190c <__wrap___aeabi_uidiv>
10001458:	0001      	movs	r1, r0
1000145a:	0038      	movs	r0, r7
1000145c:	f000 fa56 	bl	1000190c <__wrap___aeabi_uidiv>
10001460:	9b06      	ldr	r3, [sp, #24]
10001462:	0436      	lsls	r6, r6, #16
10001464:	031b      	lsls	r3, r3, #12
10001466:	431e      	orrs	r6, r3
10001468:	6823      	ldr	r3, [r4, #0]
1000146a:	2b00      	cmp	r3, #0
1000146c:	db20      	blt.n	100014b0 <pll_init+0x68>
1000146e:	4b1a      	ldr	r3, [pc, #104]	@ (100014d8 <pll_init+0x90>)
10001470:	491a      	ldr	r1, [pc, #104]	@ (100014dc <pll_init+0x94>)
10001472:	18e3      	adds	r3, r4, r3
10001474:	1e5a      	subs	r2, r3, #1
10001476:	4193      	sbcs	r3, r2
10001478:	2280      	movs	r2, #128	@ 0x80
1000147a:	0192      	lsls	r2, r2, #6
1000147c:	4694      	mov	ip, r2
1000147e:	425b      	negs	r3, r3
10001480:	0b1b      	lsrs	r3, r3, #12
10001482:	4a17      	ldr	r2, [pc, #92]	@ (100014e0 <pll_init+0x98>)
10001484:	031b      	lsls	r3, r3, #12
10001486:	4463      	add	r3, ip
10001488:	6013      	str	r3, [r2, #0]
1000148a:	4a16      	ldr	r2, [pc, #88]	@ (100014e4 <pll_init+0x9c>)
1000148c:	6013      	str	r3, [r2, #0]
1000148e:	001f      	movs	r7, r3
10001490:	680a      	ldr	r2, [r1, #0]
10001492:	4397      	bics	r7, r2
10001494:	d1fb      	bne.n	1000148e <pll_init+0x46>
10001496:	4b14      	ldr	r3, [pc, #80]	@ (100014e8 <pll_init+0xa0>)
10001498:	6025      	str	r5, [r4, #0]
1000149a:	18e2      	adds	r2, r4, r3
1000149c:	2321      	movs	r3, #33	@ 0x21
1000149e:	60a0      	str	r0, [r4, #8]
100014a0:	6013      	str	r3, [r2, #0]
100014a2:	6823      	ldr	r3, [r4, #0]
100014a4:	2b00      	cmp	r3, #0
100014a6:	dafc      	bge.n	100014a2 <pll_init+0x5a>
100014a8:	2308      	movs	r3, #8
100014aa:	60e6      	str	r6, [r4, #12]
100014ac:	6013      	str	r3, [r2, #0]
100014ae:	bdf8      	pop	{r3, r4, r5, r6, r7, pc}
100014b0:	233f      	movs	r3, #63	@ 0x3f
100014b2:	6822      	ldr	r2, [r4, #0]
100014b4:	4013      	ands	r3, r2
100014b6:	42ab      	cmp	r3, r5
100014b8:	d1d9      	bne.n	1000146e <pll_init+0x26>
100014ba:	68a3      	ldr	r3, [r4, #8]
100014bc:	051b      	lsls	r3, r3, #20
100014be:	0d1b      	lsrs	r3, r3, #20
100014c0:	4283      	cmp	r3, r0
100014c2:	d1d4      	bne.n	1000146e <pll_init+0x26>
100014c4:	22ee      	movs	r2, #238	@ 0xee
100014c6:	68e3      	ldr	r3, [r4, #12]
100014c8:	02d2      	lsls	r2, r2, #11
100014ca:	4013      	ands	r3, r2
100014cc:	42b3      	cmp	r3, r6
100014ce:	d1ce      	bne.n	1000146e <pll_init+0x26>
100014d0:	e7ed      	b.n	100014ae <pll_init+0x66>
100014d2:	46c0      	nop			@ (mov r8, r8)
100014d4:	00b71b00 	.word	0x00b71b00
100014d8:	bffd4000 	.word	0xbffd4000
100014dc:	4000c008 	.word	0x4000c008
100014e0:	4000e000 	.word	0x4000e000
100014e4:	4000f000 	.word	0x4000f000
100014e8:	00003004 	.word	0x00003004

100014ec <watchdog_reboot>:
100014ec:	b510      	push	{r4, lr}
100014ee:	2480      	movs	r4, #128	@ 0x80
100014f0:	4b1c      	ldr	r3, [pc, #112]	@ (10001564 <watchdog_reboot+0x78>)
100014f2:	05e4      	lsls	r4, r4, #23
100014f4:	601c      	str	r4, [r3, #0]
100014f6:	2800      	cmp	r0, #0
100014f8:	d01a      	beq.n	10001530 <watchdog_reboot+0x44>
100014fa:	2301      	movs	r3, #1
100014fc:	4c1a      	ldr	r4, [pc, #104]	@ (10001568 <watchdog_reboot+0x7c>)
100014fe:	4318      	orrs	r0, r3
10001500:	4b1a      	ldr	r3, [pc, #104]	@ (1000156c <watchdog_reboot+0x80>)
10001502:	61dc      	str	r4, [r3, #28]
10001504:	4c1a      	ldr	r4, [pc, #104]	@ (10001570 <watchdog_reboot+0x84>)
10001506:	4044      	eors	r4, r0
10001508:	621c      	str	r4, [r3, #32]
1000150a:	6259      	str	r1, [r3, #36]	@ 0x24
1000150c:	6298      	str	r0, [r3, #40]	@ 0x28
1000150e:	2180      	movs	r1, #128	@ 0x80
10001510:	4b14      	ldr	r3, [pc, #80]	@ (10001564 <watchdog_reboot+0x78>)
10001512:	05c9      	lsls	r1, r1, #23
10001514:	6019      	str	r1, [r3, #0]
10001516:	4817      	ldr	r0, [pc, #92]	@ (10001574 <watchdog_reboot+0x88>)
10001518:	4917      	ldr	r1, [pc, #92]	@ (10001578 <watchdog_reboot+0x8c>)
1000151a:	6008      	str	r0, [r1, #0]
1000151c:	21e0      	movs	r1, #224	@ 0xe0
1000151e:	04c9      	lsls	r1, r1, #19
10001520:	6019      	str	r1, [r3, #0]
10001522:	2a00      	cmp	r2, #0
10001524:	d107      	bne.n	10001536 <watchdog_reboot+0x4a>
10001526:	2280      	movs	r2, #128	@ 0x80
10001528:	4b14      	ldr	r3, [pc, #80]	@ (1000157c <watchdog_reboot+0x90>)
1000152a:	0612      	lsls	r2, r2, #24
1000152c:	601a      	str	r2, [r3, #0]
1000152e:	bd10      	pop	{r4, pc}
10001530:	4b0e      	ldr	r3, [pc, #56]	@ (1000156c <watchdog_reboot+0x80>)
10001532:	61d8      	str	r0, [r3, #28]
10001534:	e7eb      	b.n	1000150e <watchdog_reboot+0x22>
10001536:	0153      	lsls	r3, r2, #5
10001538:	1a9b      	subs	r3, r3, r2
1000153a:	009b      	lsls	r3, r3, #2
1000153c:	189a      	adds	r2, r3, r2
1000153e:	2380      	movs	r3, #128	@ 0x80
10001540:	0112      	lsls	r2, r2, #4
10001542:	045b      	lsls	r3, r3, #17
10001544:	429a      	cmp	r2, r3
10001546:	d209      	bcs.n	1000155c <watchdog_reboot+0x70>
10001548:	0013      	movs	r3, r2
1000154a:	490d      	ldr	r1, [pc, #52]	@ (10001580 <watchdog_reboot+0x94>)
1000154c:	600b      	str	r3, [r1, #0]
1000154e:	4b07      	ldr	r3, [pc, #28]	@ (1000156c <watchdog_reboot+0x80>)
10001550:	605a      	str	r2, [r3, #4]
10001552:	2280      	movs	r2, #128	@ 0x80
10001554:	4b09      	ldr	r3, [pc, #36]	@ (1000157c <watchdog_reboot+0x90>)
10001556:	05d2      	lsls	r2, r2, #23
10001558:	601a      	str	r2, [r3, #0]
1000155a:	e7e8      	b.n	1000152e <watchdog_reboot+0x42>
1000155c:	4b09      	ldr	r3, [pc, #36]	@ (10001584 <watchdog_reboot+0x98>)
1000155e:	001a      	movs	r2, r3
10001560:	e7f3      	b.n	1000154a <watchdog_reboot+0x5e>
10001562:	46c0      	nop			@ (mov r8, r8)
10001564:	4005b000 	.word	0x4005b000
10001568:	b007c0d3 	.word	0xb007c0d3
1000156c:	40058000 	.word	0x40058000
10001570:	4ff83f2d 	.word	0x4ff83f2d
10001574:	0001fffc 	.word	0x0001fffc
10001578:	40012008 	.word	0x40012008
1000157c:	4005a000 	.word	0x4005a000
10001580:	20001fa0 	.word	0x20001fa0
10001584:	00ffffff 	.word	0x00ffffff

10001588 <tick_start>:
10001588:	2380      	movs	r3, #128	@ 0x80
1000158a:	4a02      	ldr	r2, [pc, #8]	@ (10001594 <tick_start+0xc>)
1000158c:	009b      	lsls	r3, r3, #2
1000158e:	430b      	orrs	r3, r1
10001590:	62d3      	str	r3, [r2, #44]	@ 0x2c
10001592:	4770      	bx	lr
10001594:	40058000 	.word	0x40058000

10001598 <rom_func_lookup>:
10001598:	2300      	movs	r3, #0
1000159a:	b510      	push	{r4, lr}
1000159c:	0001      	movs	r1, r0
1000159e:	8a98      	ldrh	r0, [r3, #20]
100015a0:	8b1b      	ldrh	r3, [r3, #24]
100015a2:	4798      	blx	r3
100015a4:	bd10      	pop	{r4, pc}
100015a6:	46c0      	nop			@ (mov r8, r8)

100015a8 <rom_data_lookup>:
100015a8:	2316      	movs	r3, #22
100015aa:	b510      	push	{r4, lr}
100015ac:	0001      	movs	r1, r0
100015ae:	8818      	ldrh	r0, [r3, #0]
100015b0:	3302      	adds	r3, #2
100015b2:	881b      	ldrh	r3, [r3, #0]
100015b4:	4798      	blx	r3
100015b6:	bd10      	pop	{r4, pc}

100015b8 <rom_funcs_lookup>:
100015b8:	b5f8      	push	{r3, r4, r5, r6, r7, lr}
100015ba:	4647      	mov	r7, r8
100015bc:	46ce      	mov	lr, r9
100015be:	b580      	push	{r7, lr}
100015c0:	1e0f      	subs	r7, r1, #0
100015c2:	d018      	beq.n	100015f6 <rom_funcs_lookup+0x3e>
100015c4:	2314      	movs	r3, #20
100015c6:	4699      	mov	r9, r3
100015c8:	3304      	adds	r3, #4
100015ca:	0004      	movs	r4, r0
100015cc:	2500      	movs	r5, #0
100015ce:	2601      	movs	r6, #1
100015d0:	4698      	mov	r8, r3
100015d2:	464b      	mov	r3, r9
100015d4:	8818      	ldrh	r0, [r3, #0]
100015d6:	4643      	mov	r3, r8
100015d8:	6821      	ldr	r1, [r4, #0]
100015da:	881b      	ldrh	r3, [r3, #0]
100015dc:	4798      	blx	r3
100015de:	c401      	stmia	r4!, {r0}
100015e0:	1e43      	subs	r3, r0, #1
100015e2:	4198      	sbcs	r0, r3
100015e4:	3501      	adds	r5, #1
100015e6:	4006      	ands	r6, r0
100015e8:	42af      	cmp	r7, r5
100015ea:	d1f2      	bne.n	100015d2 <rom_funcs_lookup+0x1a>
100015ec:	0030      	movs	r0, r6
100015ee:	bcc0      	pop	{r6, r7}
100015f0:	46b9      	mov	r9, r7
100015f2:	46b0      	mov	r8, r6
100015f4:	bdf8      	pop	{r3, r4, r5, r6, r7, pc}
100015f6:	2601      	movs	r6, #1
100015f8:	e7f8      	b.n	100015ec <rom_funcs_lookup+0x34>
100015fa:	46c0      	nop			@ (mov r8, r8)

100015fc <rom_reset_usb_boot>:
100015fc:	2300      	movs	r3, #0
100015fe:	b570      	push	{r4, r5, r6, lr}
10001600:	0004      	movs	r4, r0
10001602:	000d      	movs	r5, r1
10001604:	8a98      	ldrh	r0, [r3, #20]
10001606:	4903      	ldr	r1, [pc, #12]	@ (10001614 <rom_reset_usb_boot+0x18>)
10001608:	8b1b      	ldrh	r3, [r3, #24]
1000160a:	4798      	blx	r3
1000160c:	0029      	movs	r1, r5
1000160e:	0003      	movs	r3, r0
10001610:	0020      	movs	r0, r4
10001612:	4798      	blx	r3
10001614:	00004255 	.word	0x00004255

10001618 <rom_reset_usb_boot_extra>:
10001618:	2300      	movs	r3, #0
1000161a:	b570      	push	{r4, r5, r6, lr}
1000161c:	0004      	movs	r4, r0
1000161e:	000d      	movs	r5, r1
10001620:	8a98      	ldrh	r0, [r3, #20]
10001622:	4905      	ldr	r1, [pc, #20]	@ (10001638 <rom_reset_usb_boot_extra+0x20>)
10001624:	8b1b      	ldrh	r3, [r3, #24]
10001626:	4798      	blx	r3
10001628:	0003      	movs	r3, r0
1000162a:	2000      	movs	r0, #0
1000162c:	2c00      	cmp	r4, #0
1000162e:	db01      	blt.n	10001634 <rom_reset_usb_boot_extra+0x1c>
10001630:	3001      	adds	r0, #1
10001632:	40a0      	lsls	r0, r4
10001634:	0029      	movs	r1, r5
10001636:	4798      	blx	r3
10001638:	00004255 	.word	0x00004255

1000163c <xosc_init>:
1000163c:	23aa      	movs	r3, #170	@ 0xaa
1000163e:	4a06      	ldr	r2, [pc, #24]	@ (10001658 <xosc_init+0x1c>)
10001640:	011b      	lsls	r3, r3, #4
10001642:	6013      	str	r3, [r2, #0]
10001644:	238d      	movs	r3, #141	@ 0x8d
10001646:	005b      	lsls	r3, r3, #1
10001648:	60d3      	str	r3, [r2, #12]
1000164a:	4904      	ldr	r1, [pc, #16]	@ (1000165c <xosc_init+0x20>)
1000164c:	4b04      	ldr	r3, [pc, #16]	@ (10001660 <xosc_init+0x24>)
1000164e:	6019      	str	r1, [r3, #0]
10001650:	6853      	ldr	r3, [r2, #4]
10001652:	2b00      	cmp	r3, #0
10001654:	dafc      	bge.n	10001650 <xosc_init+0x14>
10001656:	4770      	bx	lr
10001658:	40024000 	.word	0x40024000
1000165c:	00fab000 	.word	0x00fab000
10001660:	40026000 	.word	0x40026000

10001664 <first_per_core_initializer>:
10001664:	4770      	bx	lr
10001666:	46c0      	nop			@ (mov r8, r8)

10001668 <hard_assertion_failure>:
10001668:	b510      	push	{r4, lr}
1000166a:	4801      	ldr	r0, [pc, #4]	@ (10001670 <hard_assertion_failure+0x8>)
1000166c:	f7fe fed4 	bl	10000418 <panic>
10001670:	100096bc 	.word	0x100096bc

10001674 <runtime_run_initializers>:
10001674:	b570      	push	{r4, r5, r6, lr}
10001676:	4d07      	ldr	r5, [pc, #28]	@ (10001694 <runtime_run_initializers+0x20>)
10001678:	4e07      	ldr	r6, [pc, #28]	@ (10001698 <runtime_run_initializers+0x24>)
1000167a:	42b5      	cmp	r5, r6
1000167c:	d209      	bcs.n	10001692 <runtime_run_initializers+0x1e>
1000167e:	2400      	movs	r4, #0
10001680:	3e01      	subs	r6, #1
10001682:	1b76      	subs	r6, r6, r5
10001684:	08b6      	lsrs	r6, r6, #2
10001686:	cd08      	ldmia	r5!, {r3}
10001688:	4798      	blx	r3
1000168a:	0023      	movs	r3, r4
1000168c:	3401      	adds	r4, #1
1000168e:	42b3      	cmp	r3, r6
10001690:	d1f9      	bne.n	10001686 <runtime_run_initializers+0x12>
10001692:	bd70      	pop	{r4, r5, r6, pc}
10001694:	100095c8 	.word	0x100095c8
10001698:	10009604 	.word	0x10009604

1000169c <runtime_init_early_resets>:
1000169c:	4b05      	ldr	r3, [pc, #20]	@ (100016b4 <runtime_init_early_resets+0x18>)
1000169e:	4a06      	ldr	r2, [pc, #24]	@ (100016b8 <runtime_init_early_resets+0x1c>)
100016a0:	4906      	ldr	r1, [pc, #24]	@ (100016bc <runtime_init_early_resets+0x20>)
100016a2:	601a      	str	r2, [r3, #0]
100016a4:	4a06      	ldr	r2, [pc, #24]	@ (100016c0 <runtime_init_early_resets+0x24>)
100016a6:	4b07      	ldr	r3, [pc, #28]	@ (100016c4 <runtime_init_early_resets+0x28>)
100016a8:	601a      	str	r2, [r3, #0]
100016aa:	0010      	movs	r0, r2
100016ac:	680b      	ldr	r3, [r1, #0]
100016ae:	4398      	bics	r0, r3
100016b0:	d1fb      	bne.n	100016aa <runtime_init_early_resets+0xe>
100016b2:	4770      	bx	lr
100016b4:	4000e000 	.word	0x4000e000
100016b8:	fefbcdbf 	.word	0xfefbcdbf
100016bc:	4000c008 	.word	0x4000c008
100016c0:	003c7ffe 	.word	0x003c7ffe
100016c4:	4000f000 	.word	0x4000f000

100016c8 <runtime_init_usb_power_down>:
100016c8:	4b04      	ldr	r3, [pc, #16]	@ (100016dc <runtime_init_usb_power_down+0x14>)
100016ca:	6cdb      	ldr	r3, [r3, #76]	@ 0x4c
100016cc:	2b00      	cmp	r3, #0
100016ce:	d103      	bne.n	100016d8 <runtime_init_usb_power_down+0x10>
100016d0:	2280      	movs	r2, #128	@ 0x80
100016d2:	4b03      	ldr	r3, [pc, #12]	@ (100016e0 <runtime_init_usb_power_down+0x18>)
100016d4:	02d2      	lsls	r2, r2, #11
100016d6:	601a      	str	r2, [r3, #0]
100016d8:	4770      	bx	lr
100016da:	46c0      	nop			@ (mov r8, r8)
100016dc:	50110000 	.word	0x50110000
100016e0:	5011204c 	.word	0x5011204c

100016e4 <runtime_init_post_clock_resets>:
100016e4:	4a04      	ldr	r2, [pc, #16]	@ (100016f8 <runtime_init_post_clock_resets+0x14>)
100016e6:	4b05      	ldr	r3, [pc, #20]	@ (100016fc <runtime_init_post_clock_resets+0x18>)
100016e8:	601a      	str	r2, [r3, #0]
100016ea:	4a05      	ldr	r2, [pc, #20]	@ (10001700 <runtime_init_post_clock_resets+0x1c>)
100016ec:	6813      	ldr	r3, [r2, #0]
100016ee:	01db      	lsls	r3, r3, #7
100016f0:	3380      	adds	r3, #128	@ 0x80
100016f2:	d1fb      	bne.n	100016ec <runtime_init_post_clock_resets+0x8>
100016f4:	4770      	bx	lr
100016f6:	46c0      	nop			@ (mov r8, r8)
100016f8:	01ffffff 	.word	0x01ffffff
100016fc:	4000f000 	.word	0x4000f000
10001700:	4000c008 	.word	0x4000c008

10001704 <runtime_init_rp2040_gpio_ie_disable>:
10001704:	2240      	movs	r2, #64	@ 0x40
10001706:	4b03      	ldr	r3, [pc, #12]	@ (10001714 <runtime_init_rp2040_gpio_ie_disable+0x10>)
10001708:	679a      	str	r2, [r3, #120]	@ 0x78
1000170a:	675a      	str	r2, [r3, #116]	@ 0x74
1000170c:	671a      	str	r2, [r3, #112]	@ 0x70
1000170e:	66da      	str	r2, [r3, #108]	@ 0x6c
10001710:	4770      	bx	lr
10001712:	46c0      	nop			@ (mov r8, r8)
10001714:	4001f000 	.word	0x4001f000

10001718 <runtime_init_spin_locks_reset>:
10001718:	b510      	push	{r4, lr}
1000171a:	f7fe ff1f 	bl	1000055c <spin_locks_reset>
1000171e:	bd10      	pop	{r4, pc}

10001720 <runtime_init_install_ram_vector_table>:
10001720:	b5f8      	push	{r3, r4, r5, r6, r7, lr}
10001722:	4927      	ldr	r1, [pc, #156]	@ (100017c0 <runtime_init_install_ram_vector_table+0xa0>)
10001724:	4c27      	ldr	r4, [pc, #156]	@ (100017c4 <runtime_init_install_ram_vector_table+0xa4>)
10001726:	4d28      	ldr	r5, [pc, #160]	@ (100017c8 <runtime_init_install_ram_vector_table+0xa8>)
10001728:	1a64      	subs	r4, r4, r1
1000172a:	10a6      	asrs	r6, r4, #2
1000172c:	0032      	movs	r2, r6
1000172e:	2e30      	cmp	r6, #48	@ 0x30
10001730:	d900      	bls.n	10001734 <runtime_init_install_ram_vector_table+0x14>
10001732:	2230      	movs	r2, #48	@ 0x30
10001734:	0028      	movs	r0, r5
10001736:	0092      	lsls	r2, r2, #2
10001738:	f000 fcbe 	bl	100020b8 <__wrap___aeabi_memcpy>
1000173c:	2cbc      	cmp	r4, #188	@ 0xbc
1000173e:	d83b      	bhi.n	100017b8 <runtime_init_install_ram_vector_table+0x98>
10001740:	2030      	movs	r0, #48	@ 0x30
10001742:	232f      	movs	r3, #47	@ 0x2f
10001744:	192c      	adds	r4, r5, r4
10001746:	0764      	lsls	r4, r4, #29
10001748:	4a20      	ldr	r2, [pc, #128]	@ (100017cc <runtime_init_install_ram_vector_table+0xac>)
1000174a:	1b80      	subs	r0, r0, r6
1000174c:	0fe4      	lsrs	r4, r4, #31
1000174e:	1b9b      	subs	r3, r3, r6
10001750:	2b05      	cmp	r3, #5
10001752:	d916      	bls.n	10001782 <runtime_init_install_ram_vector_table+0x62>
10001754:	0037      	movs	r7, r6
10001756:	2c00      	cmp	r4, #0
10001758:	d002      	beq.n	10001760 <runtime_init_install_ram_vector_table+0x40>
1000175a:	00b3      	lsls	r3, r6, #2
1000175c:	1c77      	adds	r7, r6, #1
1000175e:	50ea      	str	r2, [r5, r3]
10001760:	1b00      	subs	r0, r0, r4
10001762:	1933      	adds	r3, r6, r4
10001764:	009b      	lsls	r3, r3, #2
10001766:	0841      	lsrs	r1, r0, #1
10001768:	18eb      	adds	r3, r5, r3
1000176a:	00c9      	lsls	r1, r1, #3
1000176c:	18c9      	adds	r1, r1, r3
1000176e:	601a      	str	r2, [r3, #0]
10001770:	605a      	str	r2, [r3, #4]
10001772:	3308      	adds	r3, #8
10001774:	4299      	cmp	r1, r3
10001776:	d1fa      	bne.n	1000176e <runtime_init_install_ram_vector_table+0x4e>
10001778:	2301      	movs	r3, #1
1000177a:	4203      	tst	r3, r0
1000177c:	d01c      	beq.n	100017b8 <runtime_init_install_ram_vector_table+0x98>
1000177e:	4398      	bics	r0, r3
10001780:	19c6      	adds	r6, r0, r7
10001782:	00b3      	lsls	r3, r6, #2
10001784:	50ea      	str	r2, [r5, r3]
10001786:	1c73      	adds	r3, r6, #1
10001788:	2e2f      	cmp	r6, #47	@ 0x2f
1000178a:	d015      	beq.n	100017b8 <runtime_init_install_ram_vector_table+0x98>
1000178c:	009b      	lsls	r3, r3, #2
1000178e:	50ea      	str	r2, [r5, r3]
10001790:	1cb3      	adds	r3, r6, #2
10001792:	2e2e      	cmp	r6, #46	@ 0x2e
10001794:	d010      	beq.n	100017b8 <runtime_init_install_ram_vector_table+0x98>
10001796:	009b      	lsls	r3, r3, #2
10001798:	50ea      	str	r2, [r5, r3]
1000179a:	1cf3      	adds	r3, r6, #3
1000179c:	2e2d      	cmp	r6, #45	@ 0x2d
1000179e:	d00b      	beq.n	100017b8 <runtime_init_install_ram_vector_table+0x98>
100017a0:	009b      	lsls	r3, r3, #2
100017a2:	50ea      	str	r2, [r5, r3]
100017a4:	1d33      	adds	r3, r6, #4
100017a6:	2e2c      	cmp	r6, #44	@ 0x2c
100017a8:	d006      	beq.n	100017b8 <runtime_init_install_ram_vector_table+0x98>
100017aa:	009b      	lsls	r3, r3, #2
100017ac:	50ea      	str	r2, [r5, r3]
100017ae:	1d73      	adds	r3, r6, #5
100017b0:	2e2b      	cmp	r6, #43	@ 0x2b
100017b2:	d001      	beq.n	100017b8 <runtime_init_install_ram_vector_table+0x98>
100017b4:	009b      	lsls	r3, r3, #2
100017b6:	50ea      	str	r2, [r5, r3]
100017b8:	4b05      	ldr	r3, [pc, #20]	@ (100017d0 <runtime_init_install_ram_vector_table+0xb0>)
100017ba:	609d      	str	r5, [r3, #8]
100017bc:	bdf8      	pop	{r3, r4, r5, r6, r7, pc}
100017be:	46c0      	nop			@ (mov r8, r8)
100017c0:	10000100 	.word	0x10000100
100017c4:	100001c0 	.word	0x100001c0
100017c8:	20000000 	.word	0x20000000
100017cc:	100001c1 	.word	0x100001c1
100017d0:	e000ed00 	.word	0xe000ed00

100017d4 <runtime_init_clocks>:
100017d4:	2300      	movs	r3, #0
100017d6:	b510      	push	{r4, lr}
100017d8:	4c29      	ldr	r4, [pc, #164]	@ (10001880 <runtime_init_clocks+0xac>)
100017da:	b082      	sub	sp, #8
100017dc:	67a3      	str	r3, [r4, #120]	@ 0x78
100017de:	f7ff ff2d 	bl	1000163c <xosc_init>
100017e2:	2201      	movs	r2, #1
100017e4:	4b27      	ldr	r3, [pc, #156]	@ (10001884 <runtime_init_clocks+0xb0>)
100017e6:	601a      	str	r2, [r3, #0]
100017e8:	6c63      	ldr	r3, [r4, #68]	@ 0x44
100017ea:	2b01      	cmp	r3, #1
100017ec:	d1fc      	bne.n	100017e8 <runtime_init_clocks+0x14>
100017ee:	2203      	movs	r2, #3
100017f0:	4b25      	ldr	r3, [pc, #148]	@ (10001888 <runtime_init_clocks+0xb4>)
100017f2:	601a      	str	r2, [r3, #0]
100017f4:	4a22      	ldr	r2, [pc, #136]	@ (10001880 <runtime_init_clocks+0xac>)
100017f6:	6b93      	ldr	r3, [r2, #56]	@ 0x38
100017f8:	2b01      	cmp	r3, #1
100017fa:	d1fc      	bne.n	100017f6 <runtime_init_clocks+0x22>
100017fc:	3301      	adds	r3, #1
100017fe:	9300      	str	r3, [sp, #0]
10001800:	2101      	movs	r1, #1
10001802:	4a22      	ldr	r2, [pc, #136]	@ (1000188c <runtime_init_clocks+0xb8>)
10001804:	4822      	ldr	r0, [pc, #136]	@ (10001890 <runtime_init_clocks+0xbc>)
10001806:	3304      	adds	r3, #4
10001808:	f7ff fe1e 	bl	10001448 <pll_init>
1000180c:	2305      	movs	r3, #5
1000180e:	2101      	movs	r1, #1
10001810:	9300      	str	r3, [sp, #0]
10001812:	4a20      	ldr	r2, [pc, #128]	@ (10001894 <runtime_init_clocks+0xc0>)
10001814:	4820      	ldr	r0, [pc, #128]	@ (10001898 <runtime_init_clocks+0xc4>)
10001816:	f7ff fe17 	bl	10001448 <pll_init>
1000181a:	2200      	movs	r2, #0
1000181c:	2102      	movs	r1, #2
1000181e:	2004      	movs	r0, #4
10001820:	4b1e      	ldr	r3, [pc, #120]	@ (1000189c <runtime_init_clocks+0xc8>)
10001822:	f7ff fd97 	bl	10001354 <clock_configure_undivided>
10001826:	2200      	movs	r2, #0
10001828:	2101      	movs	r1, #1
1000182a:	2005      	movs	r0, #5
1000182c:	4b1c      	ldr	r3, [pc, #112]	@ (100018a0 <runtime_init_clocks+0xcc>)
1000182e:	f7ff fd91 	bl	10001354 <clock_configure_undivided>
10001832:	2200      	movs	r2, #0
10001834:	2100      	movs	r1, #0
10001836:	2007      	movs	r0, #7
10001838:	4b1a      	ldr	r3, [pc, #104]	@ (100018a4 <runtime_init_clocks+0xd0>)
1000183a:	f7ff fd8b 	bl	10001354 <clock_configure_undivided>
1000183e:	2200      	movs	r2, #0
10001840:	2100      	movs	r1, #0
10001842:	2008      	movs	r0, #8
10001844:	4b17      	ldr	r3, [pc, #92]	@ (100018a4 <runtime_init_clocks+0xd0>)
10001846:	f7ff fd85 	bl	10001354 <clock_configure_undivided>
1000184a:	2380      	movs	r3, #128	@ 0x80
1000184c:	00db      	lsls	r3, r3, #3
1000184e:	9300      	str	r3, [sp, #0]
10001850:	2200      	movs	r2, #0
10001852:	2100      	movs	r1, #0
10001854:	2009      	movs	r0, #9
10001856:	4b13      	ldr	r3, [pc, #76]	@ (100018a4 <runtime_init_clocks+0xd0>)
10001858:	f7ff fd02 	bl	10001260 <clock_configure_int_divider>
1000185c:	2200      	movs	r2, #0
1000185e:	4b10      	ldr	r3, [pc, #64]	@ (100018a0 <runtime_init_clocks+0xcc>)
10001860:	2100      	movs	r1, #0
10001862:	2006      	movs	r0, #6
10001864:	f7ff fd76 	bl	10001354 <clock_configure_undivided>
10001868:	2004      	movs	r0, #4
1000186a:	f7ff fde7 	bl	1000143c <clock_get_hz>
1000186e:	490e      	ldr	r1, [pc, #56]	@ (100018a8 <runtime_init_clocks+0xd4>)
10001870:	f000 f84c 	bl	1000190c <__wrap___aeabi_uidiv>
10001874:	0001      	movs	r1, r0
10001876:	2000      	movs	r0, #0
10001878:	f7ff fe86 	bl	10001588 <tick_start>
1000187c:	b002      	add	sp, #8
1000187e:	bd10      	pop	{r4, pc}
10001880:	40008000 	.word	0x40008000
10001884:	4000b03c 	.word	0x4000b03c
10001888:	4000b030 	.word	0x4000b030
1000188c:	59682f00 	.word	0x59682f00
10001890:	40028000 	.word	0x40028000
10001894:	47868c00 	.word	0x47868c00
10001898:	4002c000 	.word	0x4002c000
1000189c:	00b71b00 	.word	0x00b71b00
100018a0:	07735940 	.word	0x07735940
100018a4:	02dc6c00 	.word	0x02dc6c00
100018a8:	000f4240 	.word	0x000f4240

100018ac <__aeabi_bits_init>:
100018ac:	4801      	ldr	r0, [pc, #4]	@ (100018b4 <__aeabi_bits_init+0x8>)
100018ae:	2104      	movs	r1, #4
100018b0:	4b01      	ldr	r3, [pc, #4]	@ (100018b8 <__aeabi_bits_init+0xc>)
100018b2:	4718      	bx	r3
100018b4:	20001050 	.word	0x20001050
100018b8:	100015b9 	.word	0x100015b9

100018bc <__wrap___aeabi_idiv>:
100018bc:	4a12      	ldr	r2, [pc, #72]	@ (10001908 <divmod_s32s32_savestate+0x18>)
100018be:	6f93      	ldr	r3, [r2, #120]	@ 0x78
100018c0:	089b      	lsrs	r3, r3, #2
100018c2:	d215      	bcs.n	100018f0 <divmod_s32s32_savestate>

100018c4 <divmod_s32s32_unsafe>:
100018c4:	6690      	str	r0, [r2, #104]	@ 0x68
100018c6:	66d1      	str	r1, [r2, #108]	@ 0x6c
100018c8:	2900      	cmp	r1, #0
100018ca:	d005      	beq.n	100018d8 <divmod_s32s32_unsafe+0x14>
100018cc:	e7ff      	b.n	100018ce <divmod_s32s32_unsafe+0xa>
100018ce:	e7ff      	b.n	100018d0 <divmod_s32s32_unsafe+0xc>
100018d0:	e7ff      	b.n	100018d2 <divmod_s32s32_unsafe+0xe>
100018d2:	6f51      	ldr	r1, [r2, #116]	@ 0x74
100018d4:	6f10      	ldr	r0, [r2, #112]	@ 0x70
100018d6:	4770      	bx	lr
100018d8:	b504      	push	{r2, lr}
100018da:	2180      	movs	r1, #128	@ 0x80
100018dc:	0609      	lsls	r1, r1, #24
100018de:	17c2      	asrs	r2, r0, #31
100018e0:	4051      	eors	r1, r2
100018e2:	2800      	cmp	r0, #0
100018e4:	d000      	beq.n	100018e8 <divmod_s32s32_unsafe+0x24>
100018e6:	43c8      	mvns	r0, r1
100018e8:	f007 fe36 	bl	10009558 <____aeabi_idiv0_veneer>
100018ec:	2100      	movs	r1, #0
100018ee:	bd04      	pop	{r2, pc}

100018f0 <divmod_s32s32_savestate>:
100018f0:	b5f0      	push	{r4, r5, r6, r7, lr}
100018f2:	6e14      	ldr	r4, [r2, #96]	@ 0x60
100018f4:	6e55      	ldr	r5, [r2, #100]	@ 0x64
100018f6:	6f57      	ldr	r7, [r2, #116]	@ 0x74
100018f8:	6f16      	ldr	r6, [r2, #112]	@ 0x70
100018fa:	f7ff ffe3 	bl	100018c4 <divmod_s32s32_unsafe>
100018fe:	6614      	str	r4, [r2, #96]	@ 0x60
10001900:	6655      	str	r5, [r2, #100]	@ 0x64
10001902:	6757      	str	r7, [r2, #116]	@ 0x74
10001904:	6716      	str	r6, [r2, #112]	@ 0x70
10001906:	bdf0      	pop	{r4, r5, r6, r7, pc}
10001908:	d0000000 	.word	0xd0000000

1000190c <__wrap___aeabi_uidiv>:
1000190c:	4a11      	ldr	r2, [pc, #68]	@ (10001954 <divmod_u32u32_savestate+0x18>)
1000190e:	6f93      	ldr	r3, [r2, #120]	@ 0x78
10001910:	089b      	lsrs	r3, r3, #2
10001912:	d213      	bcs.n	1000193c <divmod_u32u32_savestate>

10001914 <divmod_u32u32_unsafe>:
10001914:	6610      	str	r0, [r2, #96]	@ 0x60
10001916:	6651      	str	r1, [r2, #100]	@ 0x64
10001918:	2900      	cmp	r1, #0
1000191a:	d005      	beq.n	10001928 <divmod_u32u32_unsafe+0x14>
1000191c:	e7ff      	b.n	1000191e <divmod_u32u32_unsafe+0xa>
1000191e:	e7ff      	b.n	10001920 <divmod_u32u32_unsafe+0xc>
10001920:	e7ff      	b.n	10001922 <divmod_u32u32_unsafe+0xe>
10001922:	6f51      	ldr	r1, [r2, #116]	@ 0x74
10001924:	6f10      	ldr	r0, [r2, #112]	@ 0x70
10001926:	4770      	bx	lr
10001928:	b504      	push	{r2, lr}
1000192a:	2800      	cmp	r0, #0
1000192c:	d001      	beq.n	10001932 <divmod_u32u32_unsafe+0x1e>
1000192e:	2000      	movs	r0, #0
10001930:	43c0      	mvns	r0, r0
10001932:	f007 fe11 	bl	10009558 <____aeabi_idiv0_veneer>
10001936:	2100      	movs	r1, #0
10001938:	bd04      	pop	{r2, pc}
1000193a:	46c0      	nop			@ (mov r8, r8)

1000193c <divmod_u32u32_savestate>:
1000193c:	b5f0      	push	{r4, r5, r6, r7, lr}
1000193e:	6e14      	ldr	r4, [r2, #96]	@ 0x60
10001940:	6e55      	ldr	r5, [r2, #100]	@ 0x64
10001942:	6f57      	ldr	r7, [r2, #116]	@ 0x74
10001944:	6f16      	ldr	r6, [r2, #112]	@ 0x70
10001946:	f7ff ffe5 	bl	10001914 <divmod_u32u32_unsafe>
1000194a:	6614      	str	r4, [r2, #96]	@ 0x60
1000194c:	6655      	str	r5, [r2, #100]	@ 0x64
1000194e:	6757      	str	r7, [r2, #116]	@ 0x74
10001950:	6716      	str	r6, [r2, #112]	@ 0x70
10001952:	bdf0      	pop	{r4, r5, r6, r7, pc}
10001954:	d0000000 	.word	0xd0000000

10001958 <__wrap___aeabi_ldivmod>:
10001958:	4694      	mov	ip, r2
1000195a:	4a4a      	ldr	r2, [pc, #296]	@ (10001a84 <udiv0+0x1a>)
1000195c:	6f92      	ldr	r2, [r2, #120]	@ 0x78
1000195e:	0892      	lsrs	r2, r2, #2
10001960:	4662      	mov	r2, ip
10001962:	d201      	bcs.n	10001968 <divmod_s64s64_savestate>
10001964:	e028      	b.n	100019b8 <divmod_s64s64_unsafe>
10001966:	46c0      	nop			@ (mov r8, r8)

10001968 <divmod_s64s64_savestate>:
10001968:	b5f0      	push	{r4, r5, r6, r7, lr}
1000196a:	4e46      	ldr	r6, [pc, #280]	@ (10001a84 <udiv0+0x1a>)
1000196c:	6e34      	ldr	r4, [r6, #96]	@ 0x60
1000196e:	6e75      	ldr	r5, [r6, #100]	@ 0x64
10001970:	6f77      	ldr	r7, [r6, #116]	@ 0x74
10001972:	6f36      	ldr	r6, [r6, #112]	@ 0x70
10001974:	f000 f820 	bl	100019b8 <divmod_s64s64_unsafe>
10001978:	4694      	mov	ip, r2
1000197a:	4a42      	ldr	r2, [pc, #264]	@ (10001a84 <udiv0+0x1a>)
1000197c:	6614      	str	r4, [r2, #96]	@ 0x60
1000197e:	6655      	str	r5, [r2, #100]	@ 0x64
10001980:	6757      	str	r7, [r2, #116]	@ 0x74
10001982:	6716      	str	r6, [r2, #112]	@ 0x70
10001984:	4662      	mov	r2, ip
10001986:	bdf0      	pop	{r4, r5, r6, r7, pc}

10001988 <__wrap___aeabi_uldivmod>:
10001988:	4694      	mov	ip, r2
1000198a:	4a3e      	ldr	r2, [pc, #248]	@ (10001a84 <udiv0+0x1a>)
1000198c:	6f92      	ldr	r2, [r2, #120]	@ 0x78
1000198e:	0892      	lsrs	r2, r2, #2
10001990:	4662      	mov	r2, ip
10001992:	d201      	bcs.n	10001998 <divmod_u64u64_savestate>
10001994:	e054      	b.n	10001a40 <divmod_u64u64_unsafe>
10001996:	46c0      	nop			@ (mov r8, r8)

10001998 <divmod_u64u64_savestate>:
10001998:	b5f0      	push	{r4, r5, r6, r7, lr}
1000199a:	4e3a      	ldr	r6, [pc, #232]	@ (10001a84 <udiv0+0x1a>)
1000199c:	6e34      	ldr	r4, [r6, #96]	@ 0x60
1000199e:	6e75      	ldr	r5, [r6, #100]	@ 0x64
100019a0:	6f77      	ldr	r7, [r6, #116]	@ 0x74
100019a2:	6f36      	ldr	r6, [r6, #112]	@ 0x70
100019a4:	f000 f84c 	bl	10001a40 <divmod_u64u64_unsafe>
100019a8:	4694      	mov	ip, r2
100019aa:	4a36      	ldr	r2, [pc, #216]	@ (10001a84 <udiv0+0x1a>)
100019ac:	6614      	str	r4, [r2, #96]	@ 0x60
100019ae:	6655      	str	r5, [r2, #100]	@ 0x64
100019b0:	6757      	str	r7, [r2, #116]	@ 0x74
100019b2:	6716      	str	r6, [r2, #112]	@ 0x70
100019b4:	4662      	mov	r2, ip
100019b6:	bdf0      	pop	{r4, r5, r6, r7, pc}

100019b8 <divmod_s64s64_unsafe>:
100019b8:	2b00      	cmp	r3, #0
100019ba:	db24      	blt.n	10001a06 <l42_1+0x26>
100019bc:	d011      	beq.n	100019e2 <l42_1+0x2>
100019be:	2900      	cmp	r1, #0
100019c0:	da3e      	bge.n	10001a40 <divmod_u64u64_unsafe>
100019c2:	b500      	push	{lr}
100019c4:	43c9      	mvns	r1, r1
100019c6:	4240      	negs	r0, r0
100019c8:	d100      	bne.n	100019cc <l40_1>
100019ca:	3101      	adds	r1, #1

100019cc <l40_1>:
100019cc:	f000 f838 	bl	10001a40 <divmod_u64u64_unsafe>
100019d0:	43c9      	mvns	r1, r1
100019d2:	4240      	negs	r0, r0
100019d4:	d100      	bne.n	100019d8 <l41_1>
100019d6:	3101      	adds	r1, #1

100019d8 <l41_1>:
100019d8:	43db      	mvns	r3, r3
100019da:	4252      	negs	r2, r2
100019dc:	d100      	bne.n	100019e0 <l42_1>
100019de:	3301      	adds	r3, #1

100019e0 <l42_1>:
100019e0:	bd00      	pop	{pc}
100019e2:	2a00      	cmp	r2, #0
100019e4:	d1eb      	bne.n	100019be <divmod_s64s64_unsafe+0x6>
100019e6:	2800      	cmp	r0, #0
100019e8:	d101      	bne.n	100019ee <l42_1+0xe>
100019ea:	2900      	cmp	r1, #0
100019ec:	d005      	beq.n	100019fa <l42_1+0x1a>
100019ee:	2000      	movs	r0, #0
100019f0:	0fc9      	lsrs	r1, r1, #31
100019f2:	07c9      	lsls	r1, r1, #31
100019f4:	d101      	bne.n	100019fa <l42_1+0x1a>
100019f6:	43c0      	mvns	r0, r0
100019f8:	0841      	lsrs	r1, r0, #1
100019fa:	b500      	push	{lr}
100019fc:	f007 fd94 	bl	10009528 <____aeabi_ldiv0_veneer>
10001a00:	2200      	movs	r2, #0
10001a02:	2300      	movs	r3, #0
10001a04:	bd00      	pop	{pc}
10001a06:	b500      	push	{lr}
10001a08:	2900      	cmp	r1, #0
10001a0a:	db0a      	blt.n	10001a22 <l44_1+0x2>
10001a0c:	43db      	mvns	r3, r3
10001a0e:	4252      	negs	r2, r2
10001a10:	d100      	bne.n	10001a14 <l43_1>
10001a12:	3301      	adds	r3, #1

10001a14 <l43_1>:
10001a14:	f000 f814 	bl	10001a40 <divmod_u64u64_unsafe>
10001a18:	43c9      	mvns	r1, r1
10001a1a:	4240      	negs	r0, r0
10001a1c:	d100      	bne.n	10001a20 <l44_1>
10001a1e:	3101      	adds	r1, #1

10001a20 <l44_1>:
10001a20:	bd00      	pop	{pc}
10001a22:	43c9      	mvns	r1, r1
10001a24:	4240      	negs	r0, r0
10001a26:	d100      	bne.n	10001a2a <l45_1>
10001a28:	3101      	adds	r1, #1

10001a2a <l45_1>:
10001a2a:	43db      	mvns	r3, r3
10001a2c:	4252      	negs	r2, r2
10001a2e:	d100      	bne.n	10001a32 <l46_1>
10001a30:	3301      	adds	r3, #1

10001a32 <l46_1>:
10001a32:	f000 f805 	bl	10001a40 <divmod_u64u64_unsafe>
10001a36:	43db      	mvns	r3, r3
10001a38:	4252      	negs	r2, r2
10001a3a:	d100      	bne.n	10001a3e <l47_1>
10001a3c:	3301      	adds	r3, #1

10001a3e <l47_1>:
10001a3e:	bd00      	pop	{pc}

10001a40 <divmod_u64u64_unsafe>:
10001a40:	2900      	cmp	r1, #0
10001a42:	d123      	bne.n	10001a8c <y64>
10001a44:	2b00      	cmp	r3, #0
10001a46:	d118      	bne.n	10001a7a <udiv0+0x10>
10001a48:	2a00      	cmp	r2, #0
10001a4a:	d00c      	beq.n	10001a66 <divmod_u64u64_unsafe+0x26>
10001a4c:	46bc      	mov	ip, r7
10001a4e:	4f0d      	ldr	r7, [pc, #52]	@ (10001a84 <udiv0+0x1a>)
10001a50:	6638      	str	r0, [r7, #96]	@ 0x60
10001a52:	667a      	str	r2, [r7, #100]	@ 0x64
10001a54:	2100      	movs	r1, #0
10001a56:	2300      	movs	r3, #0
10001a58:	e7ff      	b.n	10001a5a <divmod_u64u64_unsafe+0x1a>
10001a5a:	e7ff      	b.n	10001a5c <divmod_u64u64_unsafe+0x1c>
10001a5c:	e7ff      	b.n	10001a5e <divmod_u64u64_unsafe+0x1e>
10001a5e:	6f7a      	ldr	r2, [r7, #116]	@ 0x74
10001a60:	6f38      	ldr	r0, [r7, #112]	@ 0x70
10001a62:	4667      	mov	r7, ip
10001a64:	4770      	bx	lr
10001a66:	2800      	cmp	r0, #0
10001a68:	d001      	beq.n	10001a6e <udiv0+0x4>

10001a6a <udiv0>:
10001a6a:	4807      	ldr	r0, [pc, #28]	@ (10001a88 <udiv0+0x1e>)
10001a6c:	0001      	movs	r1, r0
10001a6e:	b500      	push	{lr}
10001a70:	f007 fd5a 	bl	10009528 <____aeabi_ldiv0_veneer>
10001a74:	2200      	movs	r2, #0
10001a76:	2300      	movs	r3, #0
10001a78:	bd00      	pop	{pc}
10001a7a:	0002      	movs	r2, r0
10001a7c:	000b      	movs	r3, r1
10001a7e:	2000      	movs	r0, #0
10001a80:	2100      	movs	r1, #0
10001a82:	4770      	bx	lr
10001a84:	d0000000 	.word	0xd0000000
10001a88:	ffffffff 	.word	0xffffffff

10001a8c <y64>:
10001a8c:	2b00      	cmp	r3, #0
10001a8e:	d000      	beq.n	10001a92 <y64+0x6>
10001a90:	e0bf      	b.n	10001c12 <y64_x48>
10001a92:	0c13      	lsrs	r3, r2, #16
10001a94:	d128      	bne.n	10001ae8 <y64_x32>
10001a96:	2a00      	cmp	r2, #0
10001a98:	d0e7      	beq.n	10001a6a <udiv0>
10001a9a:	b480      	push	{r7}
10001a9c:	4f11      	ldr	r7, [pc, #68]	@ (10001ae4 <y64+0x58>)
10001a9e:	6639      	str	r1, [r7, #96]	@ 0x60
10001aa0:	667a      	str	r2, [r7, #100]	@ 0x64
10001aa2:	e7ff      	b.n	10001aa4 <y64+0x18>
10001aa4:	e7ff      	b.n	10001aa6 <y64+0x1a>
10001aa6:	b430      	push	{r4, r5}
10001aa8:	0c04      	lsrs	r4, r0, #16
10001aaa:	6f7b      	ldr	r3, [r7, #116]	@ 0x74
10001aac:	6f39      	ldr	r1, [r7, #112]	@ 0x70
10001aae:	041b      	lsls	r3, r3, #16
10001ab0:	4323      	orrs	r3, r4
10001ab2:	663b      	str	r3, [r7, #96]	@ 0x60
10001ab4:	667a      	str	r2, [r7, #100]	@ 0x64
10001ab6:	e7ff      	b.n	10001ab8 <y64+0x2c>
10001ab8:	e7ff      	b.n	10001aba <y64+0x2e>
10001aba:	e7ff      	b.n	10001abc <y64+0x30>
10001abc:	46c0      	nop			@ (mov r8, r8)
10001abe:	b284      	uxth	r4, r0
10001ac0:	6f7b      	ldr	r3, [r7, #116]	@ 0x74
10001ac2:	6f3d      	ldr	r5, [r7, #112]	@ 0x70
10001ac4:	041b      	lsls	r3, r3, #16
10001ac6:	4323      	orrs	r3, r4
10001ac8:	663b      	str	r3, [r7, #96]	@ 0x60
10001aca:	667a      	str	r2, [r7, #100]	@ 0x64
10001acc:	e7ff      	b.n	10001ace <y64+0x42>
10001ace:	e7ff      	b.n	10001ad0 <y64+0x44>
10001ad0:	46c0      	nop			@ (mov r8, r8)
10001ad2:	2300      	movs	r3, #0
10001ad4:	042c      	lsls	r4, r5, #16
10001ad6:	0c2d      	lsrs	r5, r5, #16
10001ad8:	6f7a      	ldr	r2, [r7, #116]	@ 0x74
10001ada:	6f38      	ldr	r0, [r7, #112]	@ 0x70
10001adc:	1900      	adds	r0, r0, r4
10001ade:	4169      	adcs	r1, r5
10001ae0:	bcb0      	pop	{r4, r5, r7}
10001ae2:	4770      	bx	lr
10001ae4:	d0000000 	.word	0xd0000000

10001ae8 <y64_x32>:
10001ae8:	b5f0      	push	{r4, r5, r6, r7, lr}
10001aea:	4694      	mov	ip, r2
10001aec:	2500      	movs	r5, #0
10001aee:	0e14      	lsrs	r4, r2, #24
10001af0:	d101      	bne.n	10001af6 <y64_x32+0xe>
10001af2:	0212      	lsls	r2, r2, #8
10001af4:	3508      	adds	r5, #8
10001af6:	0f14      	lsrs	r4, r2, #28
10001af8:	d101      	bne.n	10001afe <y64_x32+0x16>
10001afa:	0112      	lsls	r2, r2, #4
10001afc:	3504      	adds	r5, #4
10001afe:	0f94      	lsrs	r4, r2, #30
10001b00:	d101      	bne.n	10001b06 <y64_x32+0x1e>
10001b02:	0092      	lsls	r2, r2, #2
10001b04:	3502      	adds	r5, #2
10001b06:	0fd4      	lsrs	r4, r2, #31
10001b08:	d101      	bne.n	10001b0e <y64_x32+0x26>
10001b0a:	0052      	lsls	r2, r2, #1
10001b0c:	3501      	adds	r5, #1
10001b0e:	0bd4      	lsrs	r4, r2, #15
10001b10:	3401      	adds	r4, #1
10001b12:	4f25      	ldr	r7, [pc, #148]	@ (10001ba8 <y64_x32+0xc0>)
10001b14:	667c      	str	r4, [r7, #100]	@ 0x64
10001b16:	4c25      	ldr	r4, [pc, #148]	@ (10001bac <y64_x32+0xc4>)
10001b18:	663c      	str	r4, [r7, #96]	@ 0x60
10001b1a:	0c0e      	lsrs	r6, r1, #16
10001b1c:	b293      	uxth	r3, r2
10001b1e:	e7ff      	b.n	10001b20 <y64_x32+0x38>
10001b20:	e7ff      	b.n	10001b22 <y64_x32+0x3a>
10001b22:	e7ff      	b.n	10001b24 <y64_x32+0x3c>
10001b24:	6f3c      	ldr	r4, [r7, #112]	@ 0x70
10001b26:	4366      	muls	r6, r4
10001b28:	0c36      	lsrs	r6, r6, #16
10001b2a:	0377      	lsls	r7, r6, #13
10001b2c:	46be      	mov	lr, r7
10001b2e:	4373      	muls	r3, r6
10001b30:	0bdf      	lsrs	r7, r3, #15
10001b32:	045b      	lsls	r3, r3, #17
10001b34:	1ac0      	subs	r0, r0, r3
10001b36:	41b9      	sbcs	r1, r7
10001b38:	0c13      	lsrs	r3, r2, #16
10001b3a:	4373      	muls	r3, r6
10001b3c:	18db      	adds	r3, r3, r3
10001b3e:	1ac9      	subs	r1, r1, r3
10001b40:	08ce      	lsrs	r6, r1, #3
10001b42:	4366      	muls	r6, r4
10001b44:	0c36      	lsrs	r6, r6, #16
10001b46:	44b6      	add	lr, r6
10001b48:	b293      	uxth	r3, r2
10001b4a:	4373      	muls	r3, r6
10001b4c:	0f1f      	lsrs	r7, r3, #28
10001b4e:	011b      	lsls	r3, r3, #4
10001b50:	1ac0      	subs	r0, r0, r3
10001b52:	41b9      	sbcs	r1, r7
10001b54:	0c13      	lsrs	r3, r2, #16
10001b56:	4373      	muls	r3, r6
10001b58:	0b1f      	lsrs	r7, r3, #12
10001b5a:	051b      	lsls	r3, r3, #20
10001b5c:	1ac0      	subs	r0, r0, r3
10001b5e:	41b9      	sbcs	r1, r7
10001b60:	0d86      	lsrs	r6, r0, #22
10001b62:	028f      	lsls	r7, r1, #10
10001b64:	433e      	orrs	r6, r7
10001b66:	4366      	muls	r6, r4
10001b68:	0c36      	lsrs	r6, r6, #16
10001b6a:	2d09      	cmp	r5, #9
10001b6c:	db24      	blt.n	10001bb8 <last0>
10001b6e:	0a52      	lsrs	r2, r2, #9
10001b70:	4372      	muls	r2, r6
10001b72:	1a80      	subs	r0, r0, r2
10001b74:	0377      	lsls	r7, r6, #13
10001b76:	0a46      	lsrs	r6, r0, #9
10001b78:	4366      	muls	r6, r4
10001b7a:	0c36      	lsrs	r6, r6, #16
10001b7c:	2316      	movs	r3, #22
10001b7e:	1b5b      	subs	r3, r3, r5
10001b80:	40de      	lsrs	r6, r3
10001b82:	40df      	lsrs	r7, r3
10001b84:	19bf      	adds	r7, r7, r6
10001b86:	4664      	mov	r4, ip
10001b88:	4366      	muls	r6, r4
10001b8a:	1b82      	subs	r2, r0, r6
10001b8c:	4670      	mov	r0, lr
10001b8e:	3504      	adds	r5, #4
10001b90:	3306      	adds	r3, #6
10001b92:	0001      	movs	r1, r0
10001b94:	40d9      	lsrs	r1, r3
10001b96:	40a8      	lsls	r0, r5
10001b98:	19c0      	adds	r0, r0, r7
10001b9a:	d300      	bcc.n	10001b9e <y64_x32+0xb6>
10001b9c:	3101      	adds	r1, #1
10001b9e:	42a2      	cmp	r2, r4
10001ba0:	d206      	bcs.n	10001bb0 <y64_x32+0xc8>
10001ba2:	2300      	movs	r3, #0
10001ba4:	bdf0      	pop	{r4, r5, r6, r7, pc}
10001ba6:	0000      	.short	0x0000
10001ba8:	d0000000 	.word	0xd0000000
10001bac:	ffffffff 	.word	0xffffffff
10001bb0:	1b12      	subs	r2, r2, r4
10001bb2:	3001      	adds	r0, #1
10001bb4:	d3f3      	bcc.n	10001b9e <y64_x32+0xb6>
10001bb6:	e7f1      	b.n	10001b9c <y64_x32+0xb4>

10001bb8 <last0>:
10001bb8:	2709      	movs	r7, #9
10001bba:	1b7f      	subs	r7, r7, r5
10001bbc:	40fe      	lsrs	r6, r7
10001bbe:	4664      	mov	r4, ip
10001bc0:	b2a2      	uxth	r2, r4
10001bc2:	4372      	muls	r2, r6
10001bc4:	1a80      	subs	r0, r0, r2
10001bc6:	d200      	bcs.n	10001bca <last0+0x12>
10001bc8:	3901      	subs	r1, #1
10001bca:	0c22      	lsrs	r2, r4, #16
10001bcc:	4372      	muls	r2, r6
10001bce:	0c13      	lsrs	r3, r2, #16
10001bd0:	0412      	lsls	r2, r2, #16
10001bd2:	1a82      	subs	r2, r0, r2
10001bd4:	4199      	sbcs	r1, r3
10001bd6:	000b      	movs	r3, r1
10001bd8:	4670      	mov	r0, lr
10001bda:	3504      	adds	r5, #4
10001bdc:	3713      	adds	r7, #19
10001bde:	0001      	movs	r1, r0
10001be0:	40f9      	lsrs	r1, r7
10001be2:	40a8      	lsls	r0, r5
10001be4:	1980      	adds	r0, r0, r6
10001be6:	d300      	bcc.n	10001bea <last0+0x32>
10001be8:	3101      	adds	r1, #1
10001bea:	2b00      	cmp	r3, #0
10001bec:	d102      	bne.n	10001bf4 <last0+0x3c>
10001bee:	42a2      	cmp	r2, r4
10001bf0:	d20a      	bcs.n	10001c08 <last0+0x50>
10001bf2:	bdf0      	pop	{r4, r5, r6, r7, pc}
10001bf4:	3001      	adds	r0, #1
10001bf6:	d300      	bcc.n	10001bfa <last0+0x42>
10001bf8:	3101      	adds	r1, #1
10001bfa:	1b12      	subs	r2, r2, r4
10001bfc:	d2fa      	bcs.n	10001bf4 <last0+0x3c>
10001bfe:	3b01      	subs	r3, #1
10001c00:	d1f8      	bne.n	10001bf4 <last0+0x3c>
10001c02:	42a2      	cmp	r2, r4
10001c04:	d200      	bcs.n	10001c08 <last0+0x50>
10001c06:	bdf0      	pop	{r4, r5, r6, r7, pc}
10001c08:	3001      	adds	r0, #1
10001c0a:	d300      	bcc.n	10001c0e <last0+0x56>
10001c0c:	3101      	adds	r1, #1
10001c0e:	1b12      	subs	r2, r2, r4
10001c10:	e7f7      	b.n	10001c02 <last0+0x4a>

10001c12 <y64_x48>:
10001c12:	b5f0      	push	{r4, r5, r6, r7, lr}
10001c14:	0c1c      	lsrs	r4, r3, #16
10001c16:	d000      	beq.n	10001c1a <y64_x48+0x8>
10001c18:	e080      	b.n	10001d1c <y64_x64>
10001c1a:	b40c      	push	{r2, r3}
10001c1c:	2500      	movs	r5, #0
10001c1e:	0a1c      	lsrs	r4, r3, #8
10001c20:	d104      	bne.n	10001c2c <y64_x48+0x1a>
10001c22:	021b      	lsls	r3, r3, #8
10001c24:	0e16      	lsrs	r6, r2, #24
10001c26:	4333      	orrs	r3, r6
10001c28:	0212      	lsls	r2, r2, #8
10001c2a:	3508      	adds	r5, #8
10001c2c:	0b1c      	lsrs	r4, r3, #12
10001c2e:	d104      	bne.n	10001c3a <y64_x48+0x28>
10001c30:	011b      	lsls	r3, r3, #4
10001c32:	0f16      	lsrs	r6, r2, #28
10001c34:	4333      	orrs	r3, r6
10001c36:	0112      	lsls	r2, r2, #4
10001c38:	3504      	adds	r5, #4
10001c3a:	0b9c      	lsrs	r4, r3, #14
10001c3c:	d104      	bne.n	10001c48 <y64_x48+0x36>
10001c3e:	009b      	lsls	r3, r3, #2
10001c40:	0f96      	lsrs	r6, r2, #30
10001c42:	4333      	orrs	r3, r6
10001c44:	0092      	lsls	r2, r2, #2
10001c46:	3502      	adds	r5, #2
10001c48:	0bdc      	lsrs	r4, r3, #15
10001c4a:	d102      	bne.n	10001c52 <y64_x48+0x40>
10001c4c:	1892      	adds	r2, r2, r2
10001c4e:	415b      	adcs	r3, r3
10001c50:	3501      	adds	r5, #1
10001c52:	001c      	movs	r4, r3
10001c54:	1897      	adds	r7, r2, r2
10001c56:	4164      	adcs	r4, r4
10001c58:	3401      	adds	r4, #1
10001c5a:	4f46      	ldr	r7, [pc, #280]	@ (10001d74 <y64_x64+0x58>)
10001c5c:	667c      	str	r4, [r7, #100]	@ 0x64
10001c5e:	4c46      	ldr	r4, [pc, #280]	@ (10001d78 <y64_x64+0x5c>)
10001c60:	663c      	str	r4, [r7, #96]	@ 0x60
10001c62:	0c0e      	lsrs	r6, r1, #16
10001c64:	e7ff      	b.n	10001c66 <y64_x48+0x54>
10001c66:	e7ff      	b.n	10001c68 <y64_x48+0x56>
10001c68:	e7ff      	b.n	10001c6a <y64_x48+0x58>
10001c6a:	46c0      	nop			@ (mov r8, r8)
10001c6c:	6f3c      	ldr	r4, [r7, #112]	@ 0x70
10001c6e:	4366      	muls	r6, r4
10001c70:	0c36      	lsrs	r6, r6, #16
10001c72:	0377      	lsls	r7, r6, #13
10001c74:	46be      	mov	lr, r7
10001c76:	b297      	uxth	r7, r2
10001c78:	4377      	muls	r7, r6
10001c7a:	1bc0      	subs	r0, r0, r7
10001c7c:	d200      	bcs.n	10001c80 <y64_x48+0x6e>
10001c7e:	3901      	subs	r1, #1
10001c80:	1bc0      	subs	r0, r0, r7
10001c82:	d200      	bcs.n	10001c86 <y64_x48+0x74>
10001c84:	3901      	subs	r1, #1
10001c86:	b29f      	uxth	r7, r3
10001c88:	4377      	muls	r7, r6
10001c8a:	1bc9      	subs	r1, r1, r7
10001c8c:	1bc9      	subs	r1, r1, r7
10001c8e:	0c17      	lsrs	r7, r2, #16
10001c90:	4377      	muls	r7, r6
10001c92:	047e      	lsls	r6, r7, #17
10001c94:	0bff      	lsrs	r7, r7, #15
10001c96:	1b80      	subs	r0, r0, r6
10001c98:	41b9      	sbcs	r1, r7
10001c9a:	08ce      	lsrs	r6, r1, #3
10001c9c:	4366      	muls	r6, r4
10001c9e:	0c36      	lsrs	r6, r6, #16
10001ca0:	2d0c      	cmp	r5, #12
10001ca2:	db33      	blt.n	10001d0c <last1>
10001ca4:	44b6      	add	lr, r6
10001ca6:	0b12      	lsrs	r2, r2, #12
10001ca8:	051f      	lsls	r7, r3, #20
10001caa:	433a      	orrs	r2, r7
10001cac:	0b1b      	lsrs	r3, r3, #12
10001cae:	b297      	uxth	r7, r2
10001cb0:	4377      	muls	r7, r6
10001cb2:	1bc0      	subs	r0, r0, r7
10001cb4:	d200      	bcs.n	10001cb8 <y64_x48+0xa6>
10001cb6:	3901      	subs	r1, #1
10001cb8:	b29f      	uxth	r7, r3
10001cba:	4377      	muls	r7, r6
10001cbc:	1bc9      	subs	r1, r1, r7
10001cbe:	0c17      	lsrs	r7, r2, #16
10001cc0:	4377      	muls	r7, r6
10001cc2:	043e      	lsls	r6, r7, #16
10001cc4:	0c3f      	lsrs	r7, r7, #16
10001cc6:	1b80      	subs	r0, r0, r6
10001cc8:	41b9      	sbcs	r1, r7
10001cca:	0d86      	lsrs	r6, r0, #22
10001ccc:	028f      	lsls	r7, r1, #10
10001cce:	433e      	orrs	r6, r7
10001cd0:	4366      	muls	r6, r4
10001cd2:	2729      	movs	r7, #41	@ 0x29
10001cd4:	1b7f      	subs	r7, r7, r5
10001cd6:	40fe      	lsrs	r6, r7
10001cd8:	3d0c      	subs	r5, #12
10001cda:	4677      	mov	r7, lr
10001cdc:	40af      	lsls	r7, r5
10001cde:	19bf      	adds	r7, r7, r6
10001ce0:	bc30      	pop	{r4, r5}
10001ce2:	b2a2      	uxth	r2, r4
10001ce4:	b2ab      	uxth	r3, r5
10001ce6:	4372      	muls	r2, r6
10001ce8:	4373      	muls	r3, r6
10001cea:	1a80      	subs	r0, r0, r2
10001cec:	4199      	sbcs	r1, r3
10001cee:	0c22      	lsrs	r2, r4, #16
10001cf0:	4372      	muls	r2, r6
10001cf2:	0c13      	lsrs	r3, r2, #16
10001cf4:	0412      	lsls	r2, r2, #16
10001cf6:	1a80      	subs	r0, r0, r2
10001cf8:	4199      	sbcs	r1, r3
10001cfa:	0002      	movs	r2, r0
10001cfc:	000b      	movs	r3, r1
10001cfe:	3701      	adds	r7, #1
10001d00:	1b00      	subs	r0, r0, r4
10001d02:	41a9      	sbcs	r1, r5
10001d04:	d2f9      	bcs.n	10001cfa <y64_x48+0xe8>
10001d06:	1e78      	subs	r0, r7, #1
10001d08:	2100      	movs	r1, #0
10001d0a:	bdf0      	pop	{r4, r5, r6, r7, pc}

10001d0c <last1>:
10001d0c:	270c      	movs	r7, #12
10001d0e:	1b7f      	subs	r7, r7, r5
10001d10:	40fe      	lsrs	r6, r7
10001d12:	4677      	mov	r7, lr
10001d14:	0b7f      	lsrs	r7, r7, #13
10001d16:	40af      	lsls	r7, r5
10001d18:	19ff      	adds	r7, r7, r7
10001d1a:	e7e0      	b.n	10001cde <y64_x48+0xcc>

10001d1c <y64_x64>:
10001d1c:	2400      	movs	r4, #0
10001d1e:	1c5d      	adds	r5, r3, #1
10001d20:	d007      	beq.n	10001d32 <y64_x64+0x16>
10001d22:	4f14      	ldr	r7, [pc, #80]	@ (10001d74 <y64_x64+0x58>)
10001d24:	667d      	str	r5, [r7, #100]	@ 0x64
10001d26:	6639      	str	r1, [r7, #96]	@ 0x60
10001d28:	e7ff      	b.n	10001d2a <y64_x64+0xe>
10001d2a:	e7ff      	b.n	10001d2c <y64_x64+0x10>
10001d2c:	e7ff      	b.n	10001d2e <y64_x64+0x12>
10001d2e:	e7ff      	b.n	10001d30 <y64_x64+0x14>
10001d30:	6f3c      	ldr	r4, [r7, #112]	@ 0x70
10001d32:	b295      	uxth	r5, r2
10001d34:	b29e      	uxth	r6, r3
10001d36:	4365      	muls	r5, r4
10001d38:	4366      	muls	r6, r4
10001d3a:	1b40      	subs	r0, r0, r5
10001d3c:	41b1      	sbcs	r1, r6
10001d3e:	0c15      	lsrs	r5, r2, #16
10001d40:	0c1e      	lsrs	r6, r3, #16
10001d42:	4365      	muls	r5, r4
10001d44:	4366      	muls	r6, r4
10001d46:	0436      	lsls	r6, r6, #16
10001d48:	0c2f      	lsrs	r7, r5, #16
10001d4a:	433e      	orrs	r6, r7
10001d4c:	042d      	lsls	r5, r5, #16
10001d4e:	1b40      	subs	r0, r0, r5
10001d50:	41b1      	sbcs	r1, r6
10001d52:	4299      	cmp	r1, r3
10001d54:	d204      	bcs.n	10001d60 <y64_x64+0x44>
10001d56:	0002      	movs	r2, r0
10001d58:	000b      	movs	r3, r1
10001d5a:	0020      	movs	r0, r4
10001d5c:	2100      	movs	r1, #0
10001d5e:	bdf0      	pop	{r4, r5, r6, r7, pc}
10001d60:	d101      	bne.n	10001d66 <y64_x64+0x4a>
10001d62:	4290      	cmp	r0, r2
10001d64:	d3f7      	bcc.n	10001d56 <y64_x64+0x3a>
10001d66:	1a80      	subs	r0, r0, r2
10001d68:	4199      	sbcs	r1, r3
10001d6a:	3401      	adds	r4, #1
10001d6c:	4299      	cmp	r1, r3
10001d6e:	d3f2      	bcc.n	10001d56 <y64_x64+0x3a>
10001d70:	e7f6      	b.n	10001d60 <y64_x64+0x44>
10001d72:	0000      	.short	0x0000
10001d74:	d0000000 	.word	0xd0000000
10001d78:	ffffffff 	.word	0xffffffff

10001d7c <__wrap___aeabi_drsub>:
10001d7c:	4048      	eors	r0, r1
10001d7e:	4041      	eors	r1, r0
10001d80:	4048      	eors	r0, r1

10001d82 <__wrap___aeabi_dsub>:
10001d82:	b418      	push	{r3, r4}
10001d84:	4b13      	ldr	r3, [pc, #76]	@ (10001dd4 <__wrap___aeabi_dmul+0xa>)
10001d86:	685b      	ldr	r3, [r3, #4]
10001d88:	9301      	str	r3, [sp, #4]
10001d8a:	bd08      	pop	{r3, pc}

10001d8c <__wrap___aeabi_dadd>:
10001d8c:	b418      	push	{r3, r4}
10001d8e:	4b11      	ldr	r3, [pc, #68]	@ (10001dd4 <__wrap___aeabi_dmul+0xa>)
10001d90:	681b      	ldr	r3, [r3, #0]
10001d92:	9301      	str	r3, [sp, #4]
10001d94:	bd08      	pop	{r3, pc}

10001d96 <__wrap___aeabi_ddiv>:
10001d96:	4694      	mov	ip, r2
10001d98:	4a0f      	ldr	r2, [pc, #60]	@ (10001dd8 <__wrap___aeabi_dmul+0xe>)
10001d9a:	6f92      	ldr	r2, [r2, #120]	@ 0x78
10001d9c:	0892      	lsrs	r2, r2, #2
10001d9e:	d205      	bcs.n	10001dac <ddiv_save_state>
10001da0:	4662      	mov	r2, ip

10001da2 <ddiv_shim_call>:
10001da2:	b418      	push	{r3, r4}
10001da4:	4b0b      	ldr	r3, [pc, #44]	@ (10001dd4 <__wrap___aeabi_dmul+0xa>)
10001da6:	68db      	ldr	r3, [r3, #12]
10001da8:	9301      	str	r3, [sp, #4]
10001daa:	bd08      	pop	{r3, pc}

10001dac <ddiv_save_state>:
10001dac:	4a0a      	ldr	r2, [pc, #40]	@ (10001dd8 <__wrap___aeabi_dmul+0xe>)
10001dae:	b5f0      	push	{r4, r5, r6, r7, lr}
10001db0:	6e14      	ldr	r4, [r2, #96]	@ 0x60
10001db2:	6e55      	ldr	r5, [r2, #100]	@ 0x64
10001db4:	6f57      	ldr	r7, [r2, #116]	@ 0x74
10001db6:	6f16      	ldr	r6, [r2, #112]	@ 0x70
10001db8:	4662      	mov	r2, ip
10001dba:	f7ff fff2 	bl	10001da2 <ddiv_shim_call>
10001dbe:	4a06      	ldr	r2, [pc, #24]	@ (10001dd8 <__wrap___aeabi_dmul+0xe>)
10001dc0:	6614      	str	r4, [r2, #96]	@ 0x60
10001dc2:	6655      	str	r5, [r2, #100]	@ 0x64
10001dc4:	6757      	str	r7, [r2, #116]	@ 0x74
10001dc6:	6716      	str	r6, [r2, #112]	@ 0x70
10001dc8:	bdf0      	pop	{r4, r5, r6, r7, pc}

10001dca <__wrap___aeabi_dmul>:
10001dca:	b418      	push	{r3, r4}
10001dcc:	4b01      	ldr	r3, [pc, #4]	@ (10001dd4 <__wrap___aeabi_dmul+0xa>)
10001dce:	689b      	ldr	r3, [r3, #8]
10001dd0:	9301      	str	r3, [sp, #4]
10001dd2:	bd08      	pop	{r3, pc}
10001dd4:	20001240 	.word	0x20001240
10001dd8:	d0000000 	.word	0xd0000000

10001ddc <__wrap___aeabi_cdrcmple>:
10001ddc:	b5ff      	push	{r0, r1, r2, r3, r4, r5, r6, r7, lr}
10001dde:	4050      	eors	r0, r2
10001de0:	4042      	eors	r2, r0
10001de2:	4050      	eors	r0, r2
10001de4:	4059      	eors	r1, r3
10001de6:	404b      	eors	r3, r1
10001de8:	4059      	eors	r1, r3
10001dea:	e000      	b.n	10001dee <__aeabi_dfcmple_guts>

10001dec <__wrap___aeabi_cdcmpeq>:
10001dec:	b5ff      	push	{r0, r1, r2, r3, r4, r5, r6, r7, lr}

10001dee <__aeabi_dfcmple_guts>:
10001dee:	4f15      	ldr	r7, [pc, #84]	@ (10001e44 <__aeabi_dfcmple_guts+0x56>)
10001df0:	004c      	lsls	r4, r1, #1
10001df2:	0d64      	lsrs	r4, r4, #21
10001df4:	d003      	beq.n	10001dfe <__aeabi_dfcmple_guts+0x10>
10001df6:	42bc      	cmp	r4, r7
10001df8:	d104      	bne.n	10001e04 <__aeabi_dfcmple_guts+0x16>
10001dfa:	030c      	lsls	r4, r1, #12
10001dfc:	d814      	bhi.n	10001e28 <__aeabi_dfcmple_guts+0x3a>
10001dfe:	2000      	movs	r0, #0
10001e00:	0d09      	lsrs	r1, r1, #20
10001e02:	0509      	lsls	r1, r1, #20
10001e04:	005c      	lsls	r4, r3, #1
10001e06:	0d64      	lsrs	r4, r4, #21
10001e08:	d003      	beq.n	10001e12 <__aeabi_dfcmple_guts+0x24>
10001e0a:	42bc      	cmp	r4, r7
10001e0c:	d104      	bne.n	10001e18 <__aeabi_dfcmple_guts+0x2a>
10001e0e:	031c      	lsls	r4, r3, #12
10001e10:	d80a      	bhi.n	10001e28 <__aeabi_dfcmple_guts+0x3a>
10001e12:	2200      	movs	r2, #0
10001e14:	0d1b      	lsrs	r3, r3, #20
10001e16:	051b      	lsls	r3, r3, #20
10001e18:	2601      	movs	r6, #1
10001e1a:	404b      	eors	r3, r1
10001e1c:	d409      	bmi.n	10001e32 <__aeabi_dfcmple_guts+0x44>
10001e1e:	404b      	eors	r3, r1
10001e20:	d503      	bpl.n	10001e2a <__aeabi_dfcmple_guts+0x3c>
10001e22:	428b      	cmp	r3, r1
10001e24:	d100      	bne.n	10001e28 <__aeabi_dfcmple_guts+0x3a>
10001e26:	4282      	cmp	r2, r0
10001e28:	bdff      	pop	{r0, r1, r2, r3, r4, r5, r6, r7, pc}
10001e2a:	4299      	cmp	r1, r3
10001e2c:	d1fc      	bne.n	10001e28 <__aeabi_dfcmple_guts+0x3a>
10001e2e:	4290      	cmp	r0, r2
10001e30:	bdff      	pop	{r0, r1, r2, r3, r4, r5, r6, r7, pc}
10001e32:	430b      	orrs	r3, r1
10001e34:	18db      	adds	r3, r3, r3
10001e36:	4303      	orrs	r3, r0
10001e38:	4313      	orrs	r3, r2
10001e3a:	d0f5      	beq.n	10001e28 <__aeabi_dfcmple_guts+0x3a>
10001e3c:	43c9      	mvns	r1, r1
10001e3e:	1849      	adds	r1, r1, r1
10001e40:	bdff      	pop	{r0, r1, r2, r3, r4, r5, r6, r7, pc}
10001e42:	0000      	.short	0x0000
10001e44:	000007ff 	.word	0x000007ff

10001e48 <__wrap___aeabi_dcmplt>:
10001e48:	b500      	push	{lr}
10001e4a:	f7ff ffcf 	bl	10001dec <__wrap___aeabi_cdcmpeq>
10001e4e:	4180      	sbcs	r0, r0
10001e50:	bd00      	pop	{pc}
10001e52:	46c0      	nop			@ (mov r8, r8)

10001e54 <__wrap___aeabi_dcmple>:
10001e54:	b500      	push	{lr}
10001e56:	f7ff ffc9 	bl	10001dec <__wrap___aeabi_cdcmpeq>
10001e5a:	d901      	bls.n	10001e60 <__wrap___aeabi_dcmple+0xc>
10001e5c:	2000      	movs	r0, #0
10001e5e:	bd00      	pop	{pc}
10001e60:	2001      	movs	r0, #1
10001e62:	bd00      	pop	{pc}

10001e64 <__wrap___aeabi_dcmpge>:
10001e64:	b500      	push	{lr}
10001e66:	f7ff ffb9 	bl	10001ddc <__wrap___aeabi_cdrcmple>
10001e6a:	d901      	bls.n	10001e70 <__wrap___aeabi_dcmpge+0xc>
10001e6c:	2000      	movs	r0, #0
10001e6e:	bd00      	pop	{pc}
10001e70:	2001      	movs	r0, #1
10001e72:	bd00      	pop	{pc}

10001e74 <__wrap___aeabi_dcmpgt>:
10001e74:	b500      	push	{lr}
10001e76:	f7ff ffb1 	bl	10001ddc <__wrap___aeabi_cdrcmple>
10001e7a:	4180      	sbcs	r0, r0
10001e7c:	bd00      	pop	{pc}

10001e7e <__wrap___aeabi_dcmpun>:
10001e7e:	2001      	movs	r0, #1
10001e80:	0540      	lsls	r0, r0, #21
10001e82:	004a      	lsls	r2, r1, #1
10001e84:	1812      	adds	r2, r2, r0
10001e86:	d804      	bhi.n	10001e92 <__wrap___aeabi_dcmpun+0x14>
10001e88:	005a      	lsls	r2, r3, #1
10001e8a:	1812      	adds	r2, r2, r0
10001e8c:	d801      	bhi.n	10001e92 <__wrap___aeabi_dcmpun+0x14>
10001e8e:	2000      	movs	r0, #0
10001e90:	4770      	bx	lr
10001e92:	2001      	movs	r0, #1
10001e94:	4770      	bx	lr
	...

10001e98 <__wrap___aeabi_ui2d>:
10001e98:	2100      	movs	r1, #0
10001e9a:	2800      	cmp	r0, #0
10001e9c:	d105      	bne.n	10001eaa <__wrap___aeabi_i2d+0xa>
10001e9e:	4770      	bx	lr

10001ea0 <__wrap___aeabi_i2d>:
10001ea0:	17c1      	asrs	r1, r0, #31
10001ea2:	4048      	eors	r0, r1
10001ea4:	1a40      	subs	r0, r0, r1
10001ea6:	d0fa      	beq.n	10001e9e <__wrap___aeabi_ui2d+0x6>
10001ea8:	07c9      	lsls	r1, r1, #31
10001eaa:	b513      	push	{r0, r1, r4, lr}
10001eac:	4b06      	ldr	r3, [pc, #24]	@ (10001ec8 <__wrap___aeabi_i2d+0x28>)
10001eae:	681b      	ldr	r3, [r3, #0]
10001eb0:	4798      	blx	r3
10001eb2:	bc0c      	pop	{r2, r3}
10001eb4:	1c44      	adds	r4, r0, #1
10001eb6:	40a2      	lsls	r2, r4
10001eb8:	0510      	lsls	r0, r2, #20
10001eba:	0b12      	lsrs	r2, r2, #12
10001ebc:	4903      	ldr	r1, [pc, #12]	@ (10001ecc <__wrap___aeabi_i2d+0x2c>)
10001ebe:	1b09      	subs	r1, r1, r4
10001ec0:	0509      	lsls	r1, r1, #20
10001ec2:	4319      	orrs	r1, r3
10001ec4:	4311      	orrs	r1, r2
10001ec6:	bd10      	pop	{r4, pc}
10001ec8:	20002280 	.word	0x20002280
10001ecc:	0000041f 	.word	0x0000041f

10001ed0 <__wrap___aeabi_d2iz>:
10001ed0:	b510      	push	{r4, lr}
10001ed2:	004c      	lsls	r4, r1, #1
10001ed4:	0d62      	lsrs	r2, r4, #21
10001ed6:	2380      	movs	r3, #128	@ 0x80
10001ed8:	18d2      	adds	r2, r2, r3
10001eda:	00db      	lsls	r3, r3, #3
10001edc:	1ad2      	subs	r2, r2, r3
10001ede:	055b      	lsls	r3, r3, #21
10001ee0:	2a7e      	cmp	r2, #126	@ 0x7e
10001ee2:	dd10      	ble.n	10001f06 <__wrap___aeabi_d2iz+0x36>
10001ee4:	3a9e      	subs	r2, #158	@ 0x9e
10001ee6:	da13      	bge.n	10001f10 <__wrap___aeabi_d2iz+0x40>
10001ee8:	17cc      	asrs	r4, r1, #31
10001eea:	0309      	lsls	r1, r1, #12
10001eec:	0849      	lsrs	r1, r1, #1
10001eee:	4319      	orrs	r1, r3
10001ef0:	4252      	negs	r2, r2
10001ef2:	40d1      	lsrs	r1, r2
10001ef4:	0064      	lsls	r4, r4, #1
10001ef6:	3401      	adds	r4, #1
10001ef8:	3215      	adds	r2, #21
10001efa:	2a20      	cmp	r2, #32
10001efc:	da05      	bge.n	10001f0a <__wrap___aeabi_d2iz+0x3a>
10001efe:	40d0      	lsrs	r0, r2
10001f00:	4308      	orrs	r0, r1
10001f02:	4360      	muls	r0, r4
10001f04:	bd10      	pop	{r4, pc}
10001f06:	2000      	movs	r0, #0
10001f08:	bd10      	pop	{r4, pc}
10001f0a:	4608      	mov	r0, r1
10001f0c:	4360      	muls	r0, r4
10001f0e:	bd10      	pop	{r4, pc}
10001f10:	0fc8      	lsrs	r0, r1, #31
10001f12:	18c0      	adds	r0, r0, r3
10001f14:	3801      	subs	r0, #1
10001f16:	bd10      	pop	{r4, pc}

10001f18 <__wrap___aeabi_d2uiz>:
10001f18:	b418      	push	{r3, r4}
10001f1a:	4b02      	ldr	r3, [pc, #8]	@ (10001f24 <__wrap___aeabi_d2uiz+0xc>)
10001f1c:	6a5b      	ldr	r3, [r3, #36]	@ 0x24
10001f1e:	9301      	str	r3, [sp, #4]
10001f20:	bd08      	pop	{r3, pc}
10001f22:	0000      	.short	0x0000
10001f24:	20001240 	.word	0x20001240

10001f28 <missing_double_func_shim>:
10001f28:	b510      	push	{r4, lr}
10001f2a:	4801      	ldr	r0, [pc, #4]	@ (10001f30 <missing_double_func_shim+0x8>)
10001f2c:	f7fe fa74 	bl	10000418 <panic>
10001f30:	100096c8 	.word	0x100096c8

10001f34 <__aeabi_double_init>:
10001f34:	2313      	movs	r3, #19
10001f36:	b570      	push	{r4, r5, r6, lr}
10001f38:	781d      	ldrb	r5, [r3, #0]
10001f3a:	2d01      	cmp	r5, #1
10001f3c:	d019      	beq.n	10001f72 <__aeabi_double_init+0x3e>
10001f3e:	dd14      	ble.n	10001f6a <__aeabi_double_init+0x36>
10001f40:	481d      	ldr	r0, [pc, #116]	@ (10001fb8 <__aeabi_double_init+0x84>)
10001f42:	f7ff fb31 	bl	100015a8 <rom_data_lookup>
10001f46:	0006      	movs	r6, r0
10001f48:	481c      	ldr	r0, [pc, #112]	@ (10001fbc <__aeabi_double_init+0x88>)
10001f4a:	f7ff fb2d 	bl	100015a8 <rom_data_lookup>
10001f4e:	4c1c      	ldr	r4, [pc, #112]	@ (10001fc0 <__aeabi_double_init+0x8c>)
10001f50:	2280      	movs	r2, #128	@ 0x80
10001f52:	0031      	movs	r1, r6
10001f54:	0020      	movs	r0, r4
10001f56:	f000 f8af 	bl	100020b8 <__wrap___aeabi_memcpy>
10001f5a:	2d02      	cmp	r5, #2
10001f5c:	d006      	beq.n	10001f6c <__aeabi_double_init+0x38>
10001f5e:	4819      	ldr	r0, [pc, #100]	@ (10001fc4 <__aeabi_double_init+0x90>)
10001f60:	f7ff fb1a 	bl	10001598 <rom_func_lookup>
10001f64:	4b18      	ldr	r3, [pc, #96]	@ (10001fc8 <__aeabi_double_init+0x94>)
10001f66:	6018      	str	r0, [r3, #0]
10001f68:	bd70      	pop	{r4, r5, r6, pc}
10001f6a:	4c15      	ldr	r4, [pc, #84]	@ (10001fc0 <__aeabi_double_init+0x8c>)
10001f6c:	4b17      	ldr	r3, [pc, #92]	@ (10001fcc <__aeabi_double_init+0x98>)
10001f6e:	64a3      	str	r3, [r4, #72]	@ 0x48
10001f70:	e7f5      	b.n	10001f5e <__aeabi_double_init+0x2a>
10001f72:	4b17      	ldr	r3, [pc, #92]	@ (10001fd0 <__aeabi_double_init+0x9c>)
10001f74:	4c12      	ldr	r4, [pc, #72]	@ (10001fc0 <__aeabi_double_init+0x8c>)
10001f76:	6023      	str	r3, [r4, #0]
10001f78:	6063      	str	r3, [r4, #4]
10001f7a:	60a3      	str	r3, [r4, #8]
10001f7c:	60e3      	str	r3, [r4, #12]
10001f7e:	6123      	str	r3, [r4, #16]
10001f80:	6163      	str	r3, [r4, #20]
10001f82:	61a3      	str	r3, [r4, #24]
10001f84:	61e3      	str	r3, [r4, #28]
10001f86:	6223      	str	r3, [r4, #32]
10001f88:	6263      	str	r3, [r4, #36]	@ 0x24
10001f8a:	62a3      	str	r3, [r4, #40]	@ 0x28
10001f8c:	62e3      	str	r3, [r4, #44]	@ 0x2c
10001f8e:	6323      	str	r3, [r4, #48]	@ 0x30
10001f90:	6363      	str	r3, [r4, #52]	@ 0x34
10001f92:	63a3      	str	r3, [r4, #56]	@ 0x38
10001f94:	63e3      	str	r3, [r4, #60]	@ 0x3c
10001f96:	6423      	str	r3, [r4, #64]	@ 0x40
10001f98:	6463      	str	r3, [r4, #68]	@ 0x44
10001f9a:	64a3      	str	r3, [r4, #72]	@ 0x48
10001f9c:	64e3      	str	r3, [r4, #76]	@ 0x4c
10001f9e:	6523      	str	r3, [r4, #80]	@ 0x50
10001fa0:	6563      	str	r3, [r4, #84]	@ 0x54
10001fa2:	65a3      	str	r3, [r4, #88]	@ 0x58
10001fa4:	65e3      	str	r3, [r4, #92]	@ 0x5c
10001fa6:	6623      	str	r3, [r4, #96]	@ 0x60
10001fa8:	6663      	str	r3, [r4, #100]	@ 0x64
10001faa:	66a3      	str	r3, [r4, #104]	@ 0x68
10001fac:	66e3      	str	r3, [r4, #108]	@ 0x6c
10001fae:	6723      	str	r3, [r4, #112]	@ 0x70
10001fb0:	6763      	str	r3, [r4, #116]	@ 0x74
10001fb2:	67a3      	str	r3, [r4, #120]	@ 0x78
10001fb4:	67e3      	str	r3, [r4, #124]	@ 0x7c
10001fb6:	e7d9      	b.n	10001f6c <__aeabi_double_init+0x38>
10001fb8:	00004453 	.word	0x00004453
10001fbc:	00004653 	.word	0x00004653
10001fc0:	20001240 	.word	0x20001240
10001fc4:	0000334c 	.word	0x0000334c
10001fc8:	20002280 	.word	0x20002280
10001fcc:	10001fd5 	.word	0x10001fd5
10001fd0:	10001f29 	.word	0x10001f29

10001fd4 <double_table_shim_on_use_helper>:
10001fd4:	b507      	push	{r0, r1, r2, lr}
10001fd6:	4660      	mov	r0, ip
10001fd8:	8801      	ldrh	r1, [r0, #0]
10001fda:	0a0a      	lsrs	r2, r1, #8
10001fdc:	3002      	adds	r0, #2
10001fde:	2adf      	cmp	r2, #223	@ 0xdf
10001fe0:	d1fa      	bne.n	10001fd8 <double_table_shim_on_use_helper+0x4>
10001fe2:	b2c9      	uxtb	r1, r1
10001fe4:	0882      	lsrs	r2, r0, #2
10001fe6:	d304      	bcc.n	10001ff2 <double_table_shim_on_use_helper+0x1e>
10001fe8:	8802      	ldrh	r2, [r0, #0]
10001fea:	8840      	ldrh	r0, [r0, #2]
10001fec:	0400      	lsls	r0, r0, #16
10001fee:	4310      	orrs	r0, r2
10001ff0:	e000      	b.n	10001ff4 <double_table_shim_on_use_helper+0x20>
10001ff2:	6800      	ldr	r0, [r0, #0]
10001ff4:	4a01      	ldr	r2, [pc, #4]	@ (10001ffc <double_table_shim_on_use_helper+0x28>)
10001ff6:	5050      	str	r0, [r2, r1]
10001ff8:	9003      	str	r0, [sp, #12]
10001ffa:	bd07      	pop	{r0, r1, r2, pc}
10001ffc:	20001240 	.word	0x20001240

10002000 <__wrap___aeabi_lmul>:
10002000:	4351      	muls	r1, r2
10002002:	4343      	muls	r3, r0
10002004:	18c9      	adds	r1, r1, r3
10002006:	468c      	mov	ip, r1
10002008:	0c11      	lsrs	r1, r2, #16
1000200a:	b283      	uxth	r3, r0
1000200c:	434b      	muls	r3, r1
1000200e:	b410      	push	{r4}
10002010:	0c04      	lsrs	r4, r0, #16
10002012:	4361      	muls	r1, r4
10002014:	b292      	uxth	r2, r2
10002016:	b280      	uxth	r0, r0
10002018:	4350      	muls	r0, r2
1000201a:	4362      	muls	r2, r4
1000201c:	041c      	lsls	r4, r3, #16
1000201e:	0c1b      	lsrs	r3, r3, #16
10002020:	1900      	adds	r0, r0, r4
10002022:	bc10      	pop	{r4}
10002024:	4159      	adcs	r1, r3
10002026:	0413      	lsls	r3, r2, #16
10002028:	0c12      	lsrs	r2, r2, #16
1000202a:	18c0      	adds	r0, r0, r3
1000202c:	4151      	adcs	r1, r2
1000202e:	4461      	add	r1, ip
10002030:	4770      	bx	lr
	...

10002034 <missing_float_func_shim>:
10002034:	b510      	push	{r4, lr}
10002036:	4801      	ldr	r0, [pc, #4]	@ (1000203c <missing_float_func_shim+0x8>)
10002038:	f7fe f9ee 	bl	10000418 <panic>
1000203c:	10009724 	.word	0x10009724

10002040 <__aeabi_float_init>:
10002040:	2313      	movs	r3, #19
10002042:	b510      	push	{r4, lr}
10002044:	4810      	ldr	r0, [pc, #64]	@ (10002088 <__aeabi_float_init+0x48>)
10002046:	781c      	ldrb	r4, [r3, #0]
10002048:	f7ff faae 	bl	100015a8 <rom_data_lookup>
1000204c:	0001      	movs	r1, r0
1000204e:	2c01      	cmp	r4, #1
10002050:	d00a      	beq.n	10002068 <__aeabi_float_init+0x28>
10002052:	dd03      	ble.n	1000205c <__aeabi_float_init+0x1c>
10002054:	2280      	movs	r2, #128	@ 0x80
10002056:	480d      	ldr	r0, [pc, #52]	@ (1000208c <__aeabi_float_init+0x4c>)
10002058:	f000 f82e 	bl	100020b8 <__wrap___aeabi_memcpy>
1000205c:	480c      	ldr	r0, [pc, #48]	@ (10002090 <__aeabi_float_init+0x50>)
1000205e:	f7ff fa9b 	bl	10001598 <rom_func_lookup>
10002062:	4b0c      	ldr	r3, [pc, #48]	@ (10002094 <__aeabi_float_init+0x54>)
10002064:	6018      	str	r0, [r3, #0]
10002066:	bd10      	pop	{r4, pc}
10002068:	4c08      	ldr	r4, [pc, #32]	@ (1000208c <__aeabi_float_init+0x4c>)
1000206a:	2254      	movs	r2, #84	@ 0x54
1000206c:	0020      	movs	r0, r4
1000206e:	f000 f823 	bl	100020b8 <__wrap___aeabi_memcpy>
10002072:	0022      	movs	r2, r4
10002074:	4908      	ldr	r1, [pc, #32]	@ (10002098 <__aeabi_float_init+0x58>)
10002076:	3280      	adds	r2, #128	@ 0x80
10002078:	6823      	ldr	r3, [r4, #0]
1000207a:	2b00      	cmp	r3, #0
1000207c:	d100      	bne.n	10002080 <__aeabi_float_init+0x40>
1000207e:	6021      	str	r1, [r4, #0]
10002080:	3404      	adds	r4, #4
10002082:	4294      	cmp	r4, r2
10002084:	d1f8      	bne.n	10002078 <__aeabi_float_init+0x38>
10002086:	e7e9      	b.n	1000205c <__aeabi_float_init+0x1c>
10002088:	00004653 	.word	0x00004653
1000208c:	20002284 	.word	0x20002284
10002090:	0000334c 	.word	0x0000334c
10002094:	20002280 	.word	0x20002280
10002098:	10002035 	.word	0x10002035

1000209c <__aeabi_mem_init>:
1000209c:	4801      	ldr	r0, [pc, #4]	@ (100020a4 <__aeabi_mem_init+0x8>)
1000209e:	2104      	movs	r1, #4
100020a0:	4b01      	ldr	r3, [pc, #4]	@ (100020a8 <__aeabi_mem_init+0xc>)
100020a2:	4718      	bx	r3
100020a4:	20001060 	.word	0x20001060
100020a8:	100015b9 	.word	0x100015b9

100020ac <__wrap_memset>:
100020ac:	4b01      	ldr	r3, [pc, #4]	@ (100020b4 <__wrap_memset+0x8>)
100020ae:	681b      	ldr	r3, [r3, #0]
100020b0:	4718      	bx	r3
100020b2:	0000      	.short	0x0000
100020b4:	20001060 	.word	0x20001060

100020b8 <__wrap___aeabi_memcpy>:
100020b8:	4b01      	ldr	r3, [pc, #4]	@ (100020c0 <__wrap___aeabi_memcpy+0x8>)
100020ba:	685b      	ldr	r3, [r3, #4]
100020bc:	4718      	bx	r3
100020be:	0000      	.short	0x0000
100020c0:	20001060 	.word	0x20001060

100020c4 <_out_null>:
100020c4:	4770      	bx	lr
100020c6:	46c0      	nop			@ (mov r8, r8)

100020c8 <_out_rev>:
100020c8:	b5f8      	push	{r3, r4, r5, r6, r7, lr}
100020ca:	4657      	mov	r7, sl
100020cc:	46de      	mov	lr, fp
100020ce:	464e      	mov	r6, r9
100020d0:	4645      	mov	r5, r8
100020d2:	b5e0      	push	{r5, r6, r7, lr}
100020d4:	4699      	mov	r9, r3
100020d6:	9b0a      	ldr	r3, [sp, #40]	@ 0x28
100020d8:	0007      	movs	r7, r0
100020da:	469a      	mov	sl, r3
100020dc:	9b0d      	ldr	r3, [sp, #52]	@ 0x34
100020de:	4688      	mov	r8, r1
100020e0:	4693      	mov	fp, r2
100020e2:	9c0b      	ldr	r4, [sp, #44]	@ 0x2c
100020e4:	079b      	lsls	r3, r3, #30
100020e6:	d13b      	bne.n	10002160 <_out_rev+0x98>
100020e8:	9b0c      	ldr	r3, [sp, #48]	@ 0x30
100020ea:	429c      	cmp	r4, r3
100020ec:	d23d      	bcs.n	1000216a <_out_rev+0xa2>
100020ee:	1b1e      	subs	r6, r3, r4
100020f0:	940b      	str	r4, [sp, #44]	@ 0x2c
100020f2:	0015      	movs	r5, r2
100020f4:	000c      	movs	r4, r1
100020f6:	445e      	add	r6, fp
100020f8:	002a      	movs	r2, r5
100020fa:	464b      	mov	r3, r9
100020fc:	3501      	adds	r5, #1
100020fe:	0021      	movs	r1, r4
10002100:	2020      	movs	r0, #32
10002102:	47b8      	blx	r7
10002104:	42b5      	cmp	r5, r6
10002106:	d1f7      	bne.n	100020f8 <_out_rev+0x30>
10002108:	46a0      	mov	r8, r4
1000210a:	9c0b      	ldr	r4, [sp, #44]	@ 0x2c
1000210c:	2c00      	cmp	r4, #0
1000210e:	d020      	beq.n	10002152 <_out_rev+0x8a>
10002110:	4645      	mov	r5, r8
10002112:	1936      	adds	r6, r6, r4
10002114:	4653      	mov	r3, sl
10002116:	1b32      	subs	r2, r6, r4
10002118:	3c01      	subs	r4, #1
1000211a:	5d18      	ldrb	r0, [r3, r4]
1000211c:	0029      	movs	r1, r5
1000211e:	464b      	mov	r3, r9
10002120:	47b8      	blx	r7
10002122:	2c00      	cmp	r4, #0
10002124:	d1f6      	bne.n	10002114 <_out_rev+0x4c>
10002126:	002b      	movs	r3, r5
10002128:	0035      	movs	r5, r6
1000212a:	4698      	mov	r8, r3
1000212c:	9b0d      	ldr	r3, [sp, #52]	@ 0x34
1000212e:	079b      	lsls	r3, r3, #30
10002130:	d50f      	bpl.n	10002152 <_out_rev+0x8a>
10002132:	465b      	mov	r3, fp
10002134:	1aec      	subs	r4, r5, r3
10002136:	9b0c      	ldr	r3, [sp, #48]	@ 0x30
10002138:	42a3      	cmp	r3, r4
1000213a:	d90a      	bls.n	10002152 <_out_rev+0x8a>
1000213c:	4646      	mov	r6, r8
1000213e:	4698      	mov	r8, r3
10002140:	002a      	movs	r2, r5
10002142:	464b      	mov	r3, r9
10002144:	0031      	movs	r1, r6
10002146:	2020      	movs	r0, #32
10002148:	3401      	adds	r4, #1
1000214a:	47b8      	blx	r7
1000214c:	3501      	adds	r5, #1
1000214e:	4544      	cmp	r4, r8
10002150:	d3f6      	bcc.n	10002140 <_out_rev+0x78>
10002152:	0028      	movs	r0, r5
10002154:	bcf0      	pop	{r4, r5, r6, r7}
10002156:	46bb      	mov	fp, r7
10002158:	46b2      	mov	sl, r6
1000215a:	46a9      	mov	r9, r5
1000215c:	46a0      	mov	r8, r4
1000215e:	bdf8      	pop	{r3, r4, r5, r6, r7, pc}
10002160:	0016      	movs	r6, r2
10002162:	0015      	movs	r5, r2
10002164:	2c00      	cmp	r4, #0
10002166:	d1d3      	bne.n	10002110 <_out_rev+0x48>
10002168:	e7e0      	b.n	1000212c <_out_rev+0x64>
1000216a:	0016      	movs	r6, r2
1000216c:	0015      	movs	r5, r2
1000216e:	2c00      	cmp	r4, #0
10002170:	d1ce      	bne.n	10002110 <_out_rev+0x48>
10002172:	e7ee      	b.n	10002152 <_out_rev+0x8a>

10002174 <_ntoa_format>:
10002174:	b5f0      	push	{r4, r5, r6, r7, lr}
10002176:	4645      	mov	r5, r8
10002178:	46de      	mov	lr, fp
1000217a:	4657      	mov	r7, sl
1000217c:	464e      	mov	r6, r9
1000217e:	b5e0      	push	{r5, r6, r7, lr}
10002180:	b085      	sub	sp, #20
10002182:	469c      	mov	ip, r3
10002184:	ab10      	add	r3, sp, #64	@ 0x40
10002186:	781b      	ldrb	r3, [r3, #0]
10002188:	9f14      	ldr	r7, [sp, #80]	@ 0x50
1000218a:	4693      	mov	fp, r2
1000218c:	4698      	mov	r8, r3
1000218e:	9c0f      	ldr	r4, [sp, #60]	@ 0x3c
10002190:	9e12      	ldr	r6, [sp, #72]	@ 0x48
10002192:	9d13      	ldr	r5, [sp, #76]	@ 0x4c
10002194:	07bb      	lsls	r3, r7, #30
10002196:	d44c      	bmi.n	10002232 <_ntoa_format+0xbe>
10002198:	2d00      	cmp	r5, #0
1000219a:	d142      	bne.n	10002222 <_ntoa_format+0xae>
1000219c:	42b4      	cmp	r4, r6
1000219e:	d248      	bcs.n	10002232 <_ntoa_format+0xbe>
100021a0:	2301      	movs	r3, #1
100021a2:	403b      	ands	r3, r7
100021a4:	4699      	mov	r9, r3
100021a6:	9b0e      	ldr	r3, [sp, #56]	@ 0x38
100021a8:	3b01      	subs	r3, #1
100021aa:	469a      	mov	sl, r3
100021ac:	2330      	movs	r3, #48	@ 0x30
100021ae:	e004      	b.n	100021ba <_ntoa_format+0x46>
100021b0:	4652      	mov	r2, sl
100021b2:	3401      	adds	r4, #1
100021b4:	5513      	strb	r3, [r2, r4]
100021b6:	42a6      	cmp	r6, r4
100021b8:	d901      	bls.n	100021be <_ntoa_format+0x4a>
100021ba:	2c20      	cmp	r4, #32
100021bc:	d1f8      	bne.n	100021b0 <_ntoa_format+0x3c>
100021be:	464b      	mov	r3, r9
100021c0:	2b00      	cmp	r3, #0
100021c2:	d100      	bne.n	100021c6 <_ntoa_format+0x52>
100021c4:	e083      	b.n	100022ce <_ntoa_format+0x15a>
100021c6:	9b0e      	ldr	r3, [sp, #56]	@ 0x38
100021c8:	3b01      	subs	r3, #1
100021ca:	4699      	mov	r9, r3
100021cc:	2330      	movs	r3, #48	@ 0x30
100021ce:	42a5      	cmp	r5, r4
100021d0:	d805      	bhi.n	100021de <_ntoa_format+0x6a>
100021d2:	e02e      	b.n	10002232 <_ntoa_format+0xbe>
100021d4:	464a      	mov	r2, r9
100021d6:	3401      	adds	r4, #1
100021d8:	5513      	strb	r3, [r2, r4]
100021da:	42ac      	cmp	r4, r5
100021dc:	d029      	beq.n	10002232 <_ntoa_format+0xbe>
100021de:	2c20      	cmp	r4, #32
100021e0:	d1f8      	bne.n	100021d4 <_ntoa_format+0x60>
100021e2:	06fb      	lsls	r3, r7, #27
100021e4:	d50c      	bpl.n	10002200 <_ntoa_format+0x8c>
100021e6:	057b      	lsls	r3, r7, #21
100021e8:	d454      	bmi.n	10002294 <_ntoa_format+0x120>
100021ea:	42a6      	cmp	r6, r4
100021ec:	d063      	beq.n	100022b6 <_ntoa_format+0x142>
100021ee:	42a5      	cmp	r5, r4
100021f0:	d061      	beq.n	100022b6 <_ntoa_format+0x142>
100021f2:	9b11      	ldr	r3, [sp, #68]	@ 0x44
100021f4:	2b10      	cmp	r3, #16
100021f6:	d050      	beq.n	1000229a <_ntoa_format+0x126>
100021f8:	2b02      	cmp	r3, #2
100021fa:	d057      	beq.n	100022ac <_ntoa_format+0x138>
100021fc:	2c20      	cmp	r4, #32
100021fe:	d132      	bne.n	10002266 <_ntoa_format+0xf2>
10002200:	2320      	movs	r3, #32
10002202:	9301      	str	r3, [sp, #4]
10002204:	9b0e      	ldr	r3, [sp, #56]	@ 0x38
10002206:	465a      	mov	r2, fp
10002208:	9300      	str	r3, [sp, #0]
1000220a:	9703      	str	r7, [sp, #12]
1000220c:	4663      	mov	r3, ip
1000220e:	9502      	str	r5, [sp, #8]
10002210:	f7ff ff5a 	bl	100020c8 <_out_rev>
10002214:	b005      	add	sp, #20
10002216:	bcf0      	pop	{r4, r5, r6, r7}
10002218:	46bb      	mov	fp, r7
1000221a:	46b2      	mov	sl, r6
1000221c:	46a9      	mov	r9, r5
1000221e:	46a0      	mov	r8, r4
10002220:	bdf0      	pop	{r4, r5, r6, r7, pc}
10002222:	2301      	movs	r3, #1
10002224:	403b      	ands	r3, r7
10002226:	4699      	mov	r9, r3
10002228:	2301      	movs	r3, #1
1000222a:	423b      	tst	r3, r7
1000222c:	d12a      	bne.n	10002284 <_ntoa_format+0x110>
1000222e:	42b4      	cmp	r4, r6
10002230:	d3b9      	bcc.n	100021a6 <_ntoa_format+0x32>
10002232:	06fb      	lsls	r3, r7, #27
10002234:	d51c      	bpl.n	10002270 <_ntoa_format+0xfc>
10002236:	057b      	lsls	r3, r7, #21
10002238:	d4db      	bmi.n	100021f2 <_ntoa_format+0x7e>
1000223a:	2c00      	cmp	r4, #0
1000223c:	d1d5      	bne.n	100021ea <_ntoa_format+0x76>
1000223e:	9b11      	ldr	r3, [sp, #68]	@ 0x44
10002240:	2b10      	cmp	r3, #16
10002242:	d05b      	beq.n	100022fc <_ntoa_format+0x188>
10002244:	9b11      	ldr	r3, [sp, #68]	@ 0x44
10002246:	2b02      	cmp	r3, #2
10002248:	d06b      	beq.n	10002322 <_ntoa_format+0x1ae>
1000224a:	2330      	movs	r3, #48	@ 0x30
1000224c:	2401      	movs	r4, #1
1000224e:	9a0e      	ldr	r2, [sp, #56]	@ 0x38
10002250:	7013      	strb	r3, [r2, #0]
10002252:	4643      	mov	r3, r8
10002254:	2b00      	cmp	r3, #0
10002256:	d110      	bne.n	1000227a <_ntoa_format+0x106>
10002258:	077b      	lsls	r3, r7, #29
1000225a:	d53e      	bpl.n	100022da <_ntoa_format+0x166>
1000225c:	262b      	movs	r6, #43	@ 0x2b
1000225e:	9a0e      	ldr	r2, [sp, #56]	@ 0x38
10002260:	1c63      	adds	r3, r4, #1
10002262:	5516      	strb	r6, [r2, r4]
10002264:	e7cd      	b.n	10002202 <_ntoa_format+0x8e>
10002266:	0023      	movs	r3, r4
10002268:	3401      	adds	r4, #1
1000226a:	2630      	movs	r6, #48	@ 0x30
1000226c:	9a0e      	ldr	r2, [sp, #56]	@ 0x38
1000226e:	54d6      	strb	r6, [r2, r3]
10002270:	2c20      	cmp	r4, #32
10002272:	d0c5      	beq.n	10002200 <_ntoa_format+0x8c>
10002274:	4643      	mov	r3, r8
10002276:	2b00      	cmp	r3, #0
10002278:	d0ee      	beq.n	10002258 <_ntoa_format+0xe4>
1000227a:	262d      	movs	r6, #45	@ 0x2d
1000227c:	9a0e      	ldr	r2, [sp, #56]	@ 0x38
1000227e:	1c63      	adds	r3, r4, #1
10002280:	5516      	strb	r6, [r2, r4]
10002282:	e7be      	b.n	10002202 <_ntoa_format+0x8e>
10002284:	4643      	mov	r3, r8
10002286:	2b00      	cmp	r3, #0
10002288:	d02f      	beq.n	100022ea <_ntoa_format+0x176>
1000228a:	3d01      	subs	r5, #1
1000228c:	42b4      	cmp	r4, r6
1000228e:	d200      	bcs.n	10002292 <_ntoa_format+0x11e>
10002290:	e789      	b.n	100021a6 <_ntoa_format+0x32>
10002292:	e798      	b.n	100021c6 <_ntoa_format+0x52>
10002294:	9b11      	ldr	r3, [sp, #68]	@ 0x44
10002296:	2b10      	cmp	r3, #16
10002298:	d1b2      	bne.n	10002200 <_ntoa_format+0x8c>
1000229a:	06bb      	lsls	r3, r7, #26
1000229c:	d537      	bpl.n	1000230e <_ntoa_format+0x19a>
1000229e:	2c20      	cmp	r4, #32
100022a0:	d0ae      	beq.n	10002200 <_ntoa_format+0x8c>
100022a2:	2358      	movs	r3, #88	@ 0x58
100022a4:	9a0e      	ldr	r2, [sp, #56]	@ 0x38
100022a6:	5513      	strb	r3, [r2, r4]
100022a8:	3401      	adds	r4, #1
100022aa:	e7a7      	b.n	100021fc <_ntoa_format+0x88>
100022ac:	2c20      	cmp	r4, #32
100022ae:	d0a7      	beq.n	10002200 <_ntoa_format+0x8c>
100022b0:	0023      	movs	r3, r4
100022b2:	3401      	adds	r4, #1
100022b4:	e007      	b.n	100022c6 <_ntoa_format+0x152>
100022b6:	1e63      	subs	r3, r4, #1
100022b8:	2c01      	cmp	r4, #1
100022ba:	d0c0      	beq.n	1000223e <_ntoa_format+0xca>
100022bc:	9a11      	ldr	r2, [sp, #68]	@ 0x44
100022be:	2a10      	cmp	r2, #16
100022c0:	d031      	beq.n	10002326 <_ntoa_format+0x1b2>
100022c2:	2a02      	cmp	r2, #2
100022c4:	d1d1      	bne.n	1000226a <_ntoa_format+0xf6>
100022c6:	2662      	movs	r6, #98	@ 0x62
100022c8:	9a0e      	ldr	r2, [sp, #56]	@ 0x38
100022ca:	54d6      	strb	r6, [r2, r3]
100022cc:	e796      	b.n	100021fc <_ntoa_format+0x88>
100022ce:	06fb      	lsls	r3, r7, #27
100022d0:	d5ce      	bpl.n	10002270 <_ntoa_format+0xfc>
100022d2:	057b      	lsls	r3, r7, #21
100022d4:	d400      	bmi.n	100022d8 <_ntoa_format+0x164>
100022d6:	e788      	b.n	100021ea <_ntoa_format+0x76>
100022d8:	e78b      	b.n	100021f2 <_ntoa_format+0x7e>
100022da:	0023      	movs	r3, r4
100022dc:	073e      	lsls	r6, r7, #28
100022de:	d590      	bpl.n	10002202 <_ntoa_format+0x8e>
100022e0:	2620      	movs	r6, #32
100022e2:	9a0e      	ldr	r2, [sp, #56]	@ 0x38
100022e4:	3301      	adds	r3, #1
100022e6:	5516      	strb	r6, [r2, r4]
100022e8:	e78b      	b.n	10002202 <_ntoa_format+0x8e>
100022ea:	230c      	movs	r3, #12
100022ec:	403b      	ands	r3, r7
100022ee:	1e5a      	subs	r2, r3, #1
100022f0:	4193      	sbcs	r3, r2
100022f2:	1aed      	subs	r5, r5, r3
100022f4:	42b4      	cmp	r4, r6
100022f6:	d200      	bcs.n	100022fa <_ntoa_format+0x186>
100022f8:	e755      	b.n	100021a6 <_ntoa_format+0x32>
100022fa:	e764      	b.n	100021c6 <_ntoa_format+0x52>
100022fc:	06bb      	lsls	r3, r7, #26
100022fe:	d40e      	bmi.n	1000231e <_ntoa_format+0x1aa>
10002300:	2378      	movs	r3, #120	@ 0x78
10002302:	9a0e      	ldr	r2, [sp, #56]	@ 0x38
10002304:	2402      	movs	r4, #2
10002306:	7013      	strb	r3, [r2, #0]
10002308:	2330      	movs	r3, #48	@ 0x30
1000230a:	7053      	strb	r3, [r2, #1]
1000230c:	e7a1      	b.n	10002252 <_ntoa_format+0xde>
1000230e:	2c20      	cmp	r4, #32
10002310:	d100      	bne.n	10002314 <_ntoa_format+0x1a0>
10002312:	e775      	b.n	10002200 <_ntoa_format+0x8c>
10002314:	2378      	movs	r3, #120	@ 0x78
10002316:	9a0e      	ldr	r2, [sp, #56]	@ 0x38
10002318:	5513      	strb	r3, [r2, r4]
1000231a:	3401      	adds	r4, #1
1000231c:	e76e      	b.n	100021fc <_ntoa_format+0x88>
1000231e:	2358      	movs	r3, #88	@ 0x58
10002320:	e7ef      	b.n	10002302 <_ntoa_format+0x18e>
10002322:	3360      	adds	r3, #96	@ 0x60
10002324:	e7ed      	b.n	10002302 <_ntoa_format+0x18e>
10002326:	9a0e      	ldr	r2, [sp, #56]	@ 0x38
10002328:	1ea6      	subs	r6, r4, #2
1000232a:	4691      	mov	r9, r2
1000232c:	444e      	add	r6, r9
1000232e:	06ba      	lsls	r2, r7, #26
10002330:	d502      	bpl.n	10002338 <_ntoa_format+0x1c4>
10002332:	2258      	movs	r2, #88	@ 0x58
10002334:	7032      	strb	r2, [r6, #0]
10002336:	e798      	b.n	1000226a <_ntoa_format+0xf6>
10002338:	2278      	movs	r2, #120	@ 0x78
1000233a:	7032      	strb	r2, [r6, #0]
1000233c:	e795      	b.n	1000226a <_ntoa_format+0xf6>
1000233e:	46c0      	nop			@ (mov r8, r8)

10002340 <_out_char>:
10002340:	b510      	push	{r4, lr}
10002342:	2800      	cmp	r0, #0
10002344:	d100      	bne.n	10002348 <_out_char+0x8>
10002346:	bd10      	pop	{r4, pc}
10002348:	f001 fc82 	bl	10003c50 <__wrap_putchar>
1000234c:	e7fb      	b.n	10002346 <_out_char+0x6>
1000234e:	46c0      	nop			@ (mov r8, r8)

10002350 <_out_fct>:
10002350:	000b      	movs	r3, r1
10002352:	b510      	push	{r4, lr}
10002354:	2800      	cmp	r0, #0
10002356:	d002      	beq.n	1000235e <_out_fct+0xe>
10002358:	6849      	ldr	r1, [r1, #4]
1000235a:	681b      	ldr	r3, [r3, #0]
1000235c:	4798      	blx	r3
1000235e:	bd10      	pop	{r4, pc}

10002360 <_ftoa>:
10002360:	b5f0      	push	{r4, r5, r6, r7, lr}
10002362:	4657      	mov	r7, sl
10002364:	46de      	mov	lr, fp
10002366:	464e      	mov	r6, r9
10002368:	4645      	mov	r5, r8
1000236a:	b5e0      	push	{r5, r6, r7, lr}
1000236c:	b095      	sub	sp, #84	@ 0x54
1000236e:	4683      	mov	fp, r0
10002370:	000f      	movs	r7, r1
10002372:	4692      	mov	sl, r2
10002374:	4698      	mov	r8, r3
10002376:	9a1e      	ldr	r2, [sp, #120]	@ 0x78
10002378:	9b1f      	ldr	r3, [sp, #124]	@ 0x7c
1000237a:	0010      	movs	r0, r2
1000237c:	0019      	movs	r1, r3
1000237e:	9e20      	ldr	r6, [sp, #128]	@ 0x80
10002380:	f7ff fd7d 	bl	10001e7e <__wrap___aeabi_dcmpun>
10002384:	2800      	cmp	r0, #0
10002386:	d000      	beq.n	1000238a <_ftoa+0x2a>
10002388:	e1ea      	b.n	10002760 <_ftoa+0x400>
1000238a:	981e      	ldr	r0, [sp, #120]	@ 0x78
1000238c:	991f      	ldr	r1, [sp, #124]	@ 0x7c
1000238e:	2201      	movs	r2, #1
10002390:	4bc5      	ldr	r3, [pc, #788]	@ (100026a8 <_ftoa+0x348>)
10002392:	4252      	negs	r2, r2
10002394:	f7ff fd58 	bl	10001e48 <__wrap___aeabi_dcmplt>
10002398:	2800      	cmp	r0, #0
1000239a:	d000      	beq.n	1000239e <_ftoa+0x3e>
1000239c:	e114      	b.n	100025c8 <_ftoa+0x268>
1000239e:	981e      	ldr	r0, [sp, #120]	@ 0x78
100023a0:	991f      	ldr	r1, [sp, #124]	@ 0x7c
100023a2:	2201      	movs	r2, #1
100023a4:	4bc1      	ldr	r3, [pc, #772]	@ (100026ac <_ftoa+0x34c>)
100023a6:	4252      	negs	r2, r2
100023a8:	f7ff fd64 	bl	10001e74 <__wrap___aeabi_dcmpgt>
100023ac:	2800      	cmp	r0, #0
100023ae:	d000      	beq.n	100023b2 <_ftoa+0x52>
100023b0:	e0e9      	b.n	10002586 <_ftoa+0x226>
100023b2:	981e      	ldr	r0, [sp, #120]	@ 0x78
100023b4:	991f      	ldr	r1, [sp, #124]	@ 0x7c
100023b6:	2200      	movs	r2, #0
100023b8:	4bbd      	ldr	r3, [pc, #756]	@ (100026b0 <_ftoa+0x350>)
100023ba:	f7ff fd5b 	bl	10001e74 <__wrap___aeabi_dcmpgt>
100023be:	2800      	cmp	r0, #0
100023c0:	d000      	beq.n	100023c4 <_ftoa+0x64>
100023c2:	e0c8      	b.n	10002556 <_ftoa+0x1f6>
100023c4:	981e      	ldr	r0, [sp, #120]	@ 0x78
100023c6:	991f      	ldr	r1, [sp, #124]	@ 0x7c
100023c8:	2200      	movs	r2, #0
100023ca:	4bba      	ldr	r3, [pc, #744]	@ (100026b4 <_ftoa+0x354>)
100023cc:	f7ff fd3c 	bl	10001e48 <__wrap___aeabi_dcmplt>
100023d0:	2800      	cmp	r0, #0
100023d2:	d000      	beq.n	100023d6 <_ftoa+0x76>
100023d4:	e0bf      	b.n	10002556 <_ftoa+0x1f6>
100023d6:	981e      	ldr	r0, [sp, #120]	@ 0x78
100023d8:	991f      	ldr	r1, [sp, #124]	@ 0x7c
100023da:	2200      	movs	r2, #0
100023dc:	2300      	movs	r3, #0
100023de:	f7ff fd33 	bl	10001e48 <__wrap___aeabi_dcmplt>
100023e2:	2800      	cmp	r0, #0
100023e4:	d000      	beq.n	100023e8 <_ftoa+0x88>
100023e6:	e0e4      	b.n	100025b2 <_ftoa+0x252>
100023e8:	2300      	movs	r3, #0
100023ea:	930b      	str	r3, [sp, #44]	@ 0x2c
100023ec:	9b22      	ldr	r3, [sp, #136]	@ 0x88
100023ee:	055b      	lsls	r3, r3, #21
100023f0:	d400      	bmi.n	100023f4 <_ftoa+0x94>
100023f2:	2606      	movs	r6, #6
100023f4:	2400      	movs	r4, #0
100023f6:	2330      	movs	r3, #48	@ 0x30
100023f8:	e007      	b.n	1000240a <_ftoa+0xaa>
100023fa:	2117      	movs	r1, #23
100023fc:	aa06      	add	r2, sp, #24
100023fe:	3401      	adds	r4, #1
10002400:	1852      	adds	r2, r2, r1
10002402:	5513      	strb	r3, [r2, r4]
10002404:	3e01      	subs	r6, #1
10002406:	2c20      	cmp	r4, #32
10002408:	d001      	beq.n	1000240e <_ftoa+0xae>
1000240a:	2e09      	cmp	r6, #9
1000240c:	d8f5      	bhi.n	100023fa <_ftoa+0x9a>
1000240e:	981e      	ldr	r0, [sp, #120]	@ 0x78
10002410:	991f      	ldr	r1, [sp, #124]	@ 0x7c
10002412:	f7ff fd5d 	bl	10001ed0 <__wrap___aeabi_d2iz>
10002416:	4ba8      	ldr	r3, [pc, #672]	@ (100026b8 <_ftoa+0x358>)
10002418:	00f2      	lsls	r2, r6, #3
1000241a:	189b      	adds	r3, r3, r2
1000241c:	681a      	ldr	r2, [r3, #0]
1000241e:	685b      	ldr	r3, [r3, #4]
10002420:	0005      	movs	r5, r0
10002422:	9208      	str	r2, [sp, #32]
10002424:	9309      	str	r3, [sp, #36]	@ 0x24
10002426:	f7ff fd3b 	bl	10001ea0 <__wrap___aeabi_i2d>
1000242a:	0002      	movs	r2, r0
1000242c:	000b      	movs	r3, r1
1000242e:	981e      	ldr	r0, [sp, #120]	@ 0x78
10002430:	991f      	ldr	r1, [sp, #124]	@ 0x7c
10002432:	f7ff fca6 	bl	10001d82 <__wrap___aeabi_dsub>
10002436:	9a08      	ldr	r2, [sp, #32]
10002438:	9b09      	ldr	r3, [sp, #36]	@ 0x24
1000243a:	f7ff fcc6 	bl	10001dca <__wrap___aeabi_dmul>
1000243e:	9006      	str	r0, [sp, #24]
10002440:	9107      	str	r1, [sp, #28]
10002442:	f7ff fd69 	bl	10001f18 <__wrap___aeabi_d2uiz>
10002446:	4681      	mov	r9, r0
10002448:	f7ff fd26 	bl	10001e98 <__wrap___aeabi_ui2d>
1000244c:	0002      	movs	r2, r0
1000244e:	000b      	movs	r3, r1
10002450:	9806      	ldr	r0, [sp, #24]
10002452:	9907      	ldr	r1, [sp, #28]
10002454:	f7ff fc95 	bl	10001d82 <__wrap___aeabi_dsub>
10002458:	2200      	movs	r2, #0
1000245a:	4b98      	ldr	r3, [pc, #608]	@ (100026bc <_ftoa+0x35c>)
1000245c:	9006      	str	r0, [sp, #24]
1000245e:	9107      	str	r1, [sp, #28]
10002460:	f7ff fd08 	bl	10001e74 <__wrap___aeabi_dcmpgt>
10002464:	2800      	cmp	r0, #0
10002466:	d100      	bne.n	1000246a <_ftoa+0x10a>
10002468:	e10d      	b.n	10002686 <_ftoa+0x326>
1000246a:	2301      	movs	r3, #1
1000246c:	469c      	mov	ip, r3
1000246e:	44e1      	add	r9, ip
10002470:	4648      	mov	r0, r9
10002472:	f7ff fd11 	bl	10001e98 <__wrap___aeabi_ui2d>
10002476:	0002      	movs	r2, r0
10002478:	000b      	movs	r3, r1
1000247a:	9808      	ldr	r0, [sp, #32]
1000247c:	9909      	ldr	r1, [sp, #36]	@ 0x24
1000247e:	f7ff fce9 	bl	10001e54 <__wrap___aeabi_dcmple>
10002482:	2800      	cmp	r0, #0
10002484:	d002      	beq.n	1000248c <_ftoa+0x12c>
10002486:	2300      	movs	r3, #0
10002488:	4699      	mov	r9, r3
1000248a:	3501      	adds	r5, #1
1000248c:	2e00      	cmp	r6, #0
1000248e:	d100      	bne.n	10002492 <_ftoa+0x132>
10002490:	e0d9      	b.n	10002646 <_ftoa+0x2e6>
10002492:	9506      	str	r5, [sp, #24]
10002494:	464d      	mov	r5, r9
10002496:	46b9      	mov	r9, r7
10002498:	e014      	b.n	100024c4 <_ftoa+0x164>
1000249a:	aa06      	add	r2, sp, #24
1000249c:	4694      	mov	ip, r2
1000249e:	2317      	movs	r3, #23
100024a0:	210a      	movs	r1, #10
100024a2:	4463      	add	r3, ip
100024a4:	0028      	movs	r0, r5
100024a6:	3401      	adds	r4, #1
100024a8:	191f      	adds	r7, r3, r4
100024aa:	f7ff fa2f 	bl	1000190c <__wrap___aeabi_uidiv>
100024ae:	3130      	adds	r1, #48	@ 0x30
100024b0:	7039      	strb	r1, [r7, #0]
100024b2:	0028      	movs	r0, r5
100024b4:	210a      	movs	r1, #10
100024b6:	3e01      	subs	r6, #1
100024b8:	f7ff fa28 	bl	1000190c <__wrap___aeabi_uidiv>
100024bc:	2d09      	cmp	r5, #9
100024be:	d800      	bhi.n	100024c2 <_ftoa+0x162>
100024c0:	e117      	b.n	100026f2 <_ftoa+0x392>
100024c2:	0005      	movs	r5, r0
100024c4:	2c20      	cmp	r4, #32
100024c6:	d1e8      	bne.n	1000249a <_ftoa+0x13a>
100024c8:	464f      	mov	r7, r9
100024ca:	9d06      	ldr	r5, [sp, #24]
100024cc:	2420      	movs	r4, #32
100024ce:	ae0c      	add	r6, sp, #48	@ 0x30
100024d0:	aa06      	add	r2, sp, #24
100024d2:	2317      	movs	r3, #23
100024d4:	4694      	mov	ip, r2
100024d6:	4463      	add	r3, ip
100024d8:	4699      	mov	r9, r3
100024da:	465b      	mov	r3, fp
100024dc:	46b3      	mov	fp, r6
100024de:	9306      	str	r3, [sp, #24]
100024e0:	e00f      	b.n	10002502 <_ftoa+0x1a2>
100024e2:	464b      	mov	r3, r9
100024e4:	0028      	movs	r0, r5
100024e6:	210a      	movs	r1, #10
100024e8:	3401      	adds	r4, #1
100024ea:	18e6      	adds	r6, r4, r3
100024ec:	f7ff f9e6 	bl	100018bc <__wrap___aeabi_idiv>
100024f0:	3130      	adds	r1, #48	@ 0x30
100024f2:	0028      	movs	r0, r5
100024f4:	7031      	strb	r1, [r6, #0]
100024f6:	210a      	movs	r1, #10
100024f8:	f7ff f9e0 	bl	100018bc <__wrap___aeabi_idiv>
100024fc:	1e05      	subs	r5, r0, #0
100024fe:	d100      	bne.n	10002502 <_ftoa+0x1a2>
10002500:	e0e4      	b.n	100026cc <_ftoa+0x36c>
10002502:	2c20      	cmp	r4, #32
10002504:	d1ed      	bne.n	100024e2 <_ftoa+0x182>
10002506:	9b06      	ldr	r3, [sp, #24]
10002508:	465e      	mov	r6, fp
1000250a:	469b      	mov	fp, r3
1000250c:	2303      	movs	r3, #3
1000250e:	9a22      	ldr	r2, [sp, #136]	@ 0x88
10002510:	4013      	ands	r3, r2
10002512:	2b01      	cmp	r3, #1
10002514:	d118      	bne.n	10002548 <_ftoa+0x1e8>
10002516:	9b21      	ldr	r3, [sp, #132]	@ 0x84
10002518:	2b00      	cmp	r3, #0
1000251a:	d015      	beq.n	10002548 <_ftoa+0x1e8>
1000251c:	9b0b      	ldr	r3, [sp, #44]	@ 0x2c
1000251e:	2b00      	cmp	r3, #0
10002520:	d100      	bne.n	10002524 <_ftoa+0x1c4>
10002522:	e0fd      	b.n	10002720 <_ftoa+0x3c0>
10002524:	9b21      	ldr	r3, [sp, #132]	@ 0x84
10002526:	3b01      	subs	r3, #1
10002528:	9321      	str	r3, [sp, #132]	@ 0x84
1000252a:	2b20      	cmp	r3, #32
1000252c:	d90c      	bls.n	10002548 <_ftoa+0x1e8>
1000252e:	2330      	movs	r3, #48	@ 0x30
10002530:	9a21      	ldr	r2, [sp, #132]	@ 0x84
10002532:	e007      	b.n	10002544 <_ftoa+0x1e4>
10002534:	2017      	movs	r0, #23
10002536:	a906      	add	r1, sp, #24
10002538:	3401      	adds	r4, #1
1000253a:	1809      	adds	r1, r1, r0
1000253c:	550b      	strb	r3, [r1, r4]
1000253e:	4294      	cmp	r4, r2
10002540:	d300      	bcc.n	10002544 <_ftoa+0x1e4>
10002542:	e0cc      	b.n	100026de <_ftoa+0x37e>
10002544:	2c20      	cmp	r4, #32
10002546:	d1f5      	bne.n	10002534 <_ftoa+0x1d4>
10002548:	9b22      	ldr	r3, [sp, #136]	@ 0x88
1000254a:	9401      	str	r4, [sp, #4]
1000254c:	9303      	str	r3, [sp, #12]
1000254e:	9b21      	ldr	r3, [sp, #132]	@ 0x84
10002550:	9600      	str	r6, [sp, #0]
10002552:	9302      	str	r3, [sp, #8]
10002554:	e022      	b.n	1000259c <_ftoa+0x23c>
10002556:	9b22      	ldr	r3, [sp, #136]	@ 0x88
10002558:	4652      	mov	r2, sl
1000255a:	9304      	str	r3, [sp, #16]
1000255c:	9b21      	ldr	r3, [sp, #132]	@ 0x84
1000255e:	0039      	movs	r1, r7
10002560:	9303      	str	r3, [sp, #12]
10002562:	4658      	mov	r0, fp
10002564:	9b1e      	ldr	r3, [sp, #120]	@ 0x78
10002566:	9c1f      	ldr	r4, [sp, #124]	@ 0x7c
10002568:	9602      	str	r6, [sp, #8]
1000256a:	9300      	str	r3, [sp, #0]
1000256c:	9401      	str	r4, [sp, #4]
1000256e:	4643      	mov	r3, r8
10002570:	f000 f94a 	bl	10002808 <_etoa>
10002574:	0004      	movs	r4, r0
10002576:	0020      	movs	r0, r4
10002578:	b015      	add	sp, #84	@ 0x54
1000257a:	bcf0      	pop	{r4, r5, r6, r7}
1000257c:	46bb      	mov	fp, r7
1000257e:	46b2      	mov	sl, r6
10002580:	46a9      	mov	r9, r5
10002582:	46a0      	mov	r8, r4
10002584:	bdf0      	pop	{r4, r5, r6, r7, pc}
10002586:	9b22      	ldr	r3, [sp, #136]	@ 0x88
10002588:	075b      	lsls	r3, r3, #29
1000258a:	d40f      	bmi.n	100025ac <_ftoa+0x24c>
1000258c:	2203      	movs	r2, #3
1000258e:	4b4c      	ldr	r3, [pc, #304]	@ (100026c0 <_ftoa+0x360>)
10002590:	9922      	ldr	r1, [sp, #136]	@ 0x88
10002592:	9201      	str	r2, [sp, #4]
10002594:	9103      	str	r1, [sp, #12]
10002596:	9921      	ldr	r1, [sp, #132]	@ 0x84
10002598:	9300      	str	r3, [sp, #0]
1000259a:	9102      	str	r1, [sp, #8]
1000259c:	4643      	mov	r3, r8
1000259e:	4652      	mov	r2, sl
100025a0:	0039      	movs	r1, r7
100025a2:	4658      	mov	r0, fp
100025a4:	f7ff fd90 	bl	100020c8 <_out_rev>
100025a8:	0004      	movs	r4, r0
100025aa:	e7e4      	b.n	10002576 <_ftoa+0x216>
100025ac:	2204      	movs	r2, #4
100025ae:	4b45      	ldr	r3, [pc, #276]	@ (100026c4 <_ftoa+0x364>)
100025b0:	e7ee      	b.n	10002590 <_ftoa+0x230>
100025b2:	9a1e      	ldr	r2, [sp, #120]	@ 0x78
100025b4:	9b1f      	ldr	r3, [sp, #124]	@ 0x7c
100025b6:	2000      	movs	r0, #0
100025b8:	2100      	movs	r1, #0
100025ba:	f7ff fbe2 	bl	10001d82 <__wrap___aeabi_dsub>
100025be:	2301      	movs	r3, #1
100025c0:	901e      	str	r0, [sp, #120]	@ 0x78
100025c2:	911f      	str	r1, [sp, #124]	@ 0x7c
100025c4:	930b      	str	r3, [sp, #44]	@ 0x2c
100025c6:	e711      	b.n	100023ec <_ftoa+0x8c>
100025c8:	9b22      	ldr	r3, [sp, #136]	@ 0x88
100025ca:	4654      	mov	r4, sl
100025cc:	079b      	lsls	r3, r3, #30
100025ce:	d111      	bne.n	100025f4 <_ftoa+0x294>
100025d0:	9b21      	ldr	r3, [sp, #132]	@ 0x84
100025d2:	2b04      	cmp	r3, #4
100025d4:	d90e      	bls.n	100025f4 <_ftoa+0x294>
100025d6:	9b21      	ldr	r3, [sp, #132]	@ 0x84
100025d8:	4655      	mov	r5, sl
100025da:	469c      	mov	ip, r3
100025dc:	465e      	mov	r6, fp
100025de:	3c04      	subs	r4, #4
100025e0:	4464      	add	r4, ip
100025e2:	002a      	movs	r2, r5
100025e4:	4643      	mov	r3, r8
100025e6:	3501      	adds	r5, #1
100025e8:	0039      	movs	r1, r7
100025ea:	2020      	movs	r0, #32
100025ec:	47b0      	blx	r6
100025ee:	42a5      	cmp	r5, r4
100025f0:	d1f7      	bne.n	100025e2 <_ftoa+0x282>
100025f2:	46b3      	mov	fp, r6
100025f4:	4d34      	ldr	r5, [pc, #208]	@ (100026c8 <_ftoa+0x368>)
100025f6:	0026      	movs	r6, r4
100025f8:	1f2b      	subs	r3, r5, #4
100025fa:	4699      	mov	r9, r3
100025fc:	465b      	mov	r3, fp
100025fe:	46a3      	mov	fp, r4
10002600:	001c      	movs	r4, r3
10002602:	0032      	movs	r2, r6
10002604:	78e8      	ldrb	r0, [r5, #3]
10002606:	4643      	mov	r3, r8
10002608:	0039      	movs	r1, r7
1000260a:	3d01      	subs	r5, #1
1000260c:	47a0      	blx	r4
1000260e:	3601      	adds	r6, #1
10002610:	454d      	cmp	r5, r9
10002612:	d1f6      	bne.n	10002602 <_ftoa+0x2a2>
10002614:	0023      	movs	r3, r4
10002616:	465c      	mov	r4, fp
10002618:	469b      	mov	fp, r3
1000261a:	9b22      	ldr	r3, [sp, #136]	@ 0x88
1000261c:	3404      	adds	r4, #4
1000261e:	079b      	lsls	r3, r3, #30
10002620:	d5a9      	bpl.n	10002576 <_ftoa+0x216>
10002622:	4653      	mov	r3, sl
10002624:	9a21      	ldr	r2, [sp, #132]	@ 0x84
10002626:	1ae3      	subs	r3, r4, r3
10002628:	429a      	cmp	r2, r3
1000262a:	d9a4      	bls.n	10002576 <_ftoa+0x216>
1000262c:	465e      	mov	r6, fp
1000262e:	0015      	movs	r5, r2
10002630:	0022      	movs	r2, r4
10002632:	4643      	mov	r3, r8
10002634:	0039      	movs	r1, r7
10002636:	2020      	movs	r0, #32
10002638:	47b0      	blx	r6
1000263a:	4653      	mov	r3, sl
1000263c:	3401      	adds	r4, #1
1000263e:	1ae3      	subs	r3, r4, r3
10002640:	429d      	cmp	r5, r3
10002642:	d8f5      	bhi.n	10002630 <_ftoa+0x2d0>
10002644:	e797      	b.n	10002576 <_ftoa+0x216>
10002646:	0028      	movs	r0, r5
10002648:	f7ff fc2a 	bl	10001ea0 <__wrap___aeabi_i2d>
1000264c:	0002      	movs	r2, r0
1000264e:	000b      	movs	r3, r1
10002650:	981e      	ldr	r0, [sp, #120]	@ 0x78
10002652:	991f      	ldr	r1, [sp, #124]	@ 0x7c
10002654:	f7ff fb95 	bl	10001d82 <__wrap___aeabi_dsub>
10002658:	2200      	movs	r2, #0
1000265a:	4b18      	ldr	r3, [pc, #96]	@ (100026bc <_ftoa+0x35c>)
1000265c:	9006      	str	r0, [sp, #24]
1000265e:	9107      	str	r1, [sp, #28]
10002660:	f7ff fbf2 	bl	10001e48 <__wrap___aeabi_dcmplt>
10002664:	ae0c      	add	r6, sp, #48	@ 0x30
10002666:	2800      	cmp	r0, #0
10002668:	d000      	beq.n	1000266c <_ftoa+0x30c>
1000266a:	e731      	b.n	100024d0 <_ftoa+0x170>
1000266c:	9806      	ldr	r0, [sp, #24]
1000266e:	9907      	ldr	r1, [sp, #28]
10002670:	2200      	movs	r2, #0
10002672:	4b12      	ldr	r3, [pc, #72]	@ (100026bc <_ftoa+0x35c>)
10002674:	f7ff fbfe 	bl	10001e74 <__wrap___aeabi_dcmpgt>
10002678:	2800      	cmp	r0, #0
1000267a:	d000      	beq.n	1000267e <_ftoa+0x31e>
1000267c:	e728      	b.n	100024d0 <_ftoa+0x170>
1000267e:	2301      	movs	r3, #1
10002680:	3501      	adds	r5, #1
10002682:	439d      	bics	r5, r3
10002684:	e724      	b.n	100024d0 <_ftoa+0x170>
10002686:	2200      	movs	r2, #0
10002688:	9806      	ldr	r0, [sp, #24]
1000268a:	9907      	ldr	r1, [sp, #28]
1000268c:	4b0b      	ldr	r3, [pc, #44]	@ (100026bc <_ftoa+0x35c>)
1000268e:	f7ff fbdb 	bl	10001e48 <__wrap___aeabi_dcmplt>
10002692:	2800      	cmp	r0, #0
10002694:	d000      	beq.n	10002698 <_ftoa+0x338>
10002696:	e6f9      	b.n	1000248c <_ftoa+0x12c>
10002698:	464b      	mov	r3, r9
1000269a:	2b00      	cmp	r3, #0
1000269c:	d15c      	bne.n	10002758 <_ftoa+0x3f8>
1000269e:	2301      	movs	r3, #1
100026a0:	469c      	mov	ip, r3
100026a2:	44e1      	add	r9, ip
100026a4:	e6f2      	b.n	1000248c <_ftoa+0x12c>
100026a6:	46c0      	nop			@ (mov r8, r8)
100026a8:	ffefffff 	.word	0xffefffff
100026ac:	7fefffff 	.word	0x7fefffff
100026b0:	41cdcd65 	.word	0x41cdcd65
100026b4:	c1cdcd65 	.word	0xc1cdcd65
100026b8:	100099e0 	.word	0x100099e0
100026bc:	3fe00000 	.word	0x3fe00000
100026c0:	10009728 	.word	0x10009728
100026c4:	10009720 	.word	0x10009720
100026c8:	10009730 	.word	0x10009730
100026cc:	9b06      	ldr	r3, [sp, #24]
100026ce:	465e      	mov	r6, fp
100026d0:	469b      	mov	fp, r3
100026d2:	2303      	movs	r3, #3
100026d4:	9a22      	ldr	r2, [sp, #136]	@ 0x88
100026d6:	4013      	ands	r3, r2
100026d8:	2b01      	cmp	r3, #1
100026da:	d100      	bne.n	100026de <_ftoa+0x37e>
100026dc:	e081      	b.n	100027e2 <_ftoa+0x482>
100026de:	2c20      	cmp	r4, #32
100026e0:	d100      	bne.n	100026e4 <_ftoa+0x384>
100026e2:	e731      	b.n	10002548 <_ftoa+0x1e8>
100026e4:	9b0b      	ldr	r3, [sp, #44]	@ 0x2c
100026e6:	2b00      	cmp	r3, #0
100026e8:	d027      	beq.n	1000273a <_ftoa+0x3da>
100026ea:	232d      	movs	r3, #45	@ 0x2d
100026ec:	5533      	strb	r3, [r6, r4]
100026ee:	3401      	adds	r4, #1
100026f0:	e72a      	b.n	10002548 <_ftoa+0x1e8>
100026f2:	464f      	mov	r7, r9
100026f4:	9d06      	ldr	r5, [sp, #24]
100026f6:	2c20      	cmp	r4, #32
100026f8:	d100      	bne.n	100026fc <_ftoa+0x39c>
100026fa:	e6e7      	b.n	100024cc <_ftoa+0x16c>
100026fc:	2230      	movs	r2, #48	@ 0x30
100026fe:	1933      	adds	r3, r6, r4
10002700:	e007      	b.n	10002712 <_ftoa+0x3b2>
10002702:	2017      	movs	r0, #23
10002704:	a906      	add	r1, sp, #24
10002706:	3401      	adds	r4, #1
10002708:	1809      	adds	r1, r1, r0
1000270a:	550a      	strb	r2, [r1, r4]
1000270c:	2c20      	cmp	r4, #32
1000270e:	d100      	bne.n	10002712 <_ftoa+0x3b2>
10002710:	e6dc      	b.n	100024cc <_ftoa+0x16c>
10002712:	42a3      	cmp	r3, r4
10002714:	d1f5      	bne.n	10002702 <_ftoa+0x3a2>
10002716:	222e      	movs	r2, #46	@ 0x2e
10002718:	ae0c      	add	r6, sp, #48	@ 0x30
1000271a:	3401      	adds	r4, #1
1000271c:	54f2      	strb	r2, [r6, r3]
1000271e:	e6d7      	b.n	100024d0 <_ftoa+0x170>
10002720:	230c      	movs	r3, #12
10002722:	9a22      	ldr	r2, [sp, #136]	@ 0x88
10002724:	4213      	tst	r3, r2
10002726:	d057      	beq.n	100027d8 <_ftoa+0x478>
10002728:	9b21      	ldr	r3, [sp, #132]	@ 0x84
1000272a:	3b01      	subs	r3, #1
1000272c:	9321      	str	r3, [sp, #132]	@ 0x84
1000272e:	42a3      	cmp	r3, r4
10002730:	d900      	bls.n	10002734 <_ftoa+0x3d4>
10002732:	e6fc      	b.n	1000252e <_ftoa+0x1ce>
10002734:	2c20      	cmp	r4, #32
10002736:	d100      	bne.n	1000273a <_ftoa+0x3da>
10002738:	e706      	b.n	10002548 <_ftoa+0x1e8>
1000273a:	9b22      	ldr	r3, [sp, #136]	@ 0x88
1000273c:	075b      	lsls	r3, r3, #29
1000273e:	d503      	bpl.n	10002748 <_ftoa+0x3e8>
10002740:	232b      	movs	r3, #43	@ 0x2b
10002742:	5533      	strb	r3, [r6, r4]
10002744:	3401      	adds	r4, #1
10002746:	e6ff      	b.n	10002548 <_ftoa+0x1e8>
10002748:	9b22      	ldr	r3, [sp, #136]	@ 0x88
1000274a:	071b      	lsls	r3, r3, #28
1000274c:	d400      	bmi.n	10002750 <_ftoa+0x3f0>
1000274e:	e6fb      	b.n	10002548 <_ftoa+0x1e8>
10002750:	2320      	movs	r3, #32
10002752:	5533      	strb	r3, [r6, r4]
10002754:	3401      	adds	r4, #1
10002756:	e6f7      	b.n	10002548 <_ftoa+0x1e8>
10002758:	07db      	lsls	r3, r3, #31
1000275a:	d400      	bmi.n	1000275e <_ftoa+0x3fe>
1000275c:	e696      	b.n	1000248c <_ftoa+0x12c>
1000275e:	e79e      	b.n	1000269e <_ftoa+0x33e>
10002760:	9b22      	ldr	r3, [sp, #136]	@ 0x88
10002762:	4655      	mov	r5, sl
10002764:	079b      	lsls	r3, r3, #30
10002766:	d111      	bne.n	1000278c <_ftoa+0x42c>
10002768:	9b21      	ldr	r3, [sp, #132]	@ 0x84
1000276a:	2b03      	cmp	r3, #3
1000276c:	d90e      	bls.n	1000278c <_ftoa+0x42c>
1000276e:	9b21      	ldr	r3, [sp, #132]	@ 0x84
10002770:	4654      	mov	r4, sl
10002772:	469c      	mov	ip, r3
10002774:	465e      	mov	r6, fp
10002776:	3d03      	subs	r5, #3
10002778:	4465      	add	r5, ip
1000277a:	0022      	movs	r2, r4
1000277c:	4643      	mov	r3, r8
1000277e:	3401      	adds	r4, #1
10002780:	0039      	movs	r1, r7
10002782:	2020      	movs	r0, #32
10002784:	47b0      	blx	r6
10002786:	42ac      	cmp	r4, r5
10002788:	d1f7      	bne.n	1000277a <_ftoa+0x41a>
1000278a:	46b3      	mov	fp, r6
1000278c:	46b9      	mov	r9, r7
1000278e:	465f      	mov	r7, fp
10002790:	4e1c      	ldr	r6, [pc, #112]	@ (10002804 <_ftoa+0x4a4>)
10002792:	1cec      	adds	r4, r5, #3
10002794:	002a      	movs	r2, r5
10002796:	78b0      	ldrb	r0, [r6, #2]
10002798:	4643      	mov	r3, r8
1000279a:	4649      	mov	r1, r9
1000279c:	3501      	adds	r5, #1
1000279e:	47b8      	blx	r7
100027a0:	3e01      	subs	r6, #1
100027a2:	42a5      	cmp	r5, r4
100027a4:	d1f6      	bne.n	10002794 <_ftoa+0x434>
100027a6:	9b22      	ldr	r3, [sp, #136]	@ 0x88
100027a8:	46bb      	mov	fp, r7
100027aa:	464f      	mov	r7, r9
100027ac:	079b      	lsls	r3, r3, #30
100027ae:	d400      	bmi.n	100027b2 <_ftoa+0x452>
100027b0:	e6e1      	b.n	10002576 <_ftoa+0x216>
100027b2:	4653      	mov	r3, sl
100027b4:	9a21      	ldr	r2, [sp, #132]	@ 0x84
100027b6:	1ae3      	subs	r3, r4, r3
100027b8:	429a      	cmp	r2, r3
100027ba:	d800      	bhi.n	100027be <_ftoa+0x45e>
100027bc:	e6db      	b.n	10002576 <_ftoa+0x216>
100027be:	465e      	mov	r6, fp
100027c0:	0015      	movs	r5, r2
100027c2:	0022      	movs	r2, r4
100027c4:	4643      	mov	r3, r8
100027c6:	0039      	movs	r1, r7
100027c8:	2020      	movs	r0, #32
100027ca:	47b0      	blx	r6
100027cc:	4653      	mov	r3, sl
100027ce:	3401      	adds	r4, #1
100027d0:	1ae3      	subs	r3, r4, r3
100027d2:	429d      	cmp	r5, r3
100027d4:	d8f5      	bhi.n	100027c2 <_ftoa+0x462>
100027d6:	e6ce      	b.n	10002576 <_ftoa+0x216>
100027d8:	9b21      	ldr	r3, [sp, #132]	@ 0x84
100027da:	42a3      	cmp	r3, r4
100027dc:	d900      	bls.n	100027e0 <_ftoa+0x480>
100027de:	e6a6      	b.n	1000252e <_ftoa+0x1ce>
100027e0:	e6b2      	b.n	10002548 <_ftoa+0x1e8>
100027e2:	9b21      	ldr	r3, [sp, #132]	@ 0x84
100027e4:	2b00      	cmp	r3, #0
100027e6:	d100      	bne.n	100027ea <_ftoa+0x48a>
100027e8:	e779      	b.n	100026de <_ftoa+0x37e>
100027ea:	9b0b      	ldr	r3, [sp, #44]	@ 0x2c
100027ec:	2b00      	cmp	r3, #0
100027ee:	d097      	beq.n	10002720 <_ftoa+0x3c0>
100027f0:	9b21      	ldr	r3, [sp, #132]	@ 0x84
100027f2:	3b01      	subs	r3, #1
100027f4:	9321      	str	r3, [sp, #132]	@ 0x84
100027f6:	429c      	cmp	r4, r3
100027f8:	d200      	bcs.n	100027fc <_ftoa+0x49c>
100027fa:	e698      	b.n	1000252e <_ftoa+0x1ce>
100027fc:	2c20      	cmp	r4, #32
100027fe:	d000      	beq.n	10002802 <_ftoa+0x4a2>
10002800:	e773      	b.n	100026ea <_ftoa+0x38a>
10002802:	e6a1      	b.n	10002548 <_ftoa+0x1e8>
10002804:	1000972c 	.word	0x1000972c

10002808 <_etoa>:
10002808:	b5f0      	push	{r4, r5, r6, r7, lr}
1000280a:	46de      	mov	lr, fp
1000280c:	4657      	mov	r7, sl
1000280e:	464e      	mov	r6, r9
10002810:	4645      	mov	r5, r8
10002812:	b5e0      	push	{r5, r6, r7, lr}
10002814:	b099      	sub	sp, #100	@ 0x64
10002816:	4681      	mov	r9, r0
10002818:	468b      	mov	fp, r1
1000281a:	4692      	mov	sl, r2
1000281c:	4698      	mov	r8, r3
1000281e:	9a22      	ldr	r2, [sp, #136]	@ 0x88
10002820:	9b23      	ldr	r3, [sp, #140]	@ 0x8c
10002822:	0010      	movs	r0, r2
10002824:	0019      	movs	r1, r3
10002826:	f7ff fb2a 	bl	10001e7e <__wrap___aeabi_dcmpun>
1000282a:	2800      	cmp	r0, #0
1000282c:	d000      	beq.n	10002830 <_etoa+0x28>
1000282e:	e0ca      	b.n	100029c6 <_etoa+0x1be>
10002830:	9822      	ldr	r0, [sp, #136]	@ 0x88
10002832:	9923      	ldr	r1, [sp, #140]	@ 0x8c
10002834:	2201      	movs	r2, #1
10002836:	4b82      	ldr	r3, [pc, #520]	@ (10002a40 <_etoa+0x238>)
10002838:	4252      	negs	r2, r2
1000283a:	f7ff fb1b 	bl	10001e74 <__wrap___aeabi_dcmpgt>
1000283e:	2800      	cmp	r0, #0
10002840:	d000      	beq.n	10002844 <_etoa+0x3c>
10002842:	e0c0      	b.n	100029c6 <_etoa+0x1be>
10002844:	9822      	ldr	r0, [sp, #136]	@ 0x88
10002846:	9923      	ldr	r1, [sp, #140]	@ 0x8c
10002848:	2201      	movs	r2, #1
1000284a:	4b7e      	ldr	r3, [pc, #504]	@ (10002a44 <_etoa+0x23c>)
1000284c:	4252      	negs	r2, r2
1000284e:	f7ff fafb 	bl	10001e48 <__wrap___aeabi_dcmplt>
10002852:	2800      	cmp	r0, #0
10002854:	d000      	beq.n	10002858 <_etoa+0x50>
10002856:	e0b6      	b.n	100029c6 <_etoa+0x1be>
10002858:	9822      	ldr	r0, [sp, #136]	@ 0x88
1000285a:	9923      	ldr	r1, [sp, #140]	@ 0x8c
1000285c:	2200      	movs	r2, #0
1000285e:	2300      	movs	r3, #0
10002860:	f7ff faf2 	bl	10001e48 <__wrap___aeabi_dcmplt>
10002864:	2800      	cmp	r0, #0
10002866:	d000      	beq.n	1000286a <_etoa+0x62>
10002868:	e1c9      	b.n	10002bfe <_etoa+0x3f6>
1000286a:	9b22      	ldr	r3, [sp, #136]	@ 0x88
1000286c:	9c23      	ldr	r4, [sp, #140]	@ 0x8c
1000286e:	9308      	str	r3, [sp, #32]
10002870:	9409      	str	r4, [sp, #36]	@ 0x24
10002872:	9808      	ldr	r0, [sp, #32]
10002874:	9909      	ldr	r1, [sp, #36]	@ 0x24
10002876:	2380      	movs	r3, #128	@ 0x80
10002878:	9a26      	ldr	r2, [sp, #152]	@ 0x98
1000287a:	00db      	lsls	r3, r3, #3
1000287c:	401a      	ands	r2, r3
1000287e:	920d      	str	r2, [sp, #52]	@ 0x34
10002880:	2280      	movs	r2, #128	@ 0x80
10002882:	9c26      	ldr	r4, [sp, #152]	@ 0x98
10002884:	0112      	lsls	r2, r2, #4
10002886:	4014      	ands	r4, r2
10002888:	0022      	movs	r2, r4
1000288a:	940b      	str	r4, [sp, #44]	@ 0x2c
1000288c:	9c26      	ldr	r4, [sp, #152]	@ 0x98
1000288e:	0007      	movs	r7, r0
10002890:	000e      	movs	r6, r1
10002892:	421c      	tst	r4, r3
10002894:	d000      	beq.n	10002898 <_etoa+0x90>
10002896:	e0ad      	b.n	100029f4 <_etoa+0x1ec>
10002898:	000b      	movs	r3, r1
1000289a:	4303      	orrs	r3, r0
1000289c:	d000      	beq.n	100028a0 <_etoa+0x98>
1000289e:	e0d5      	b.n	10002a4c <_etoa+0x244>
100028a0:	2a00      	cmp	r2, #0
100028a2:	d000      	beq.n	100028a6 <_etoa+0x9e>
100028a4:	e20a      	b.n	10002cbc <_etoa+0x4b4>
100028a6:	0022      	movs	r2, r4
100028a8:	3306      	adds	r3, #6
100028aa:	9324      	str	r3, [sp, #144]	@ 0x90
100028ac:	2302      	movs	r3, #2
100028ae:	4013      	ands	r3, r2
100028b0:	930c      	str	r3, [sp, #48]	@ 0x30
100028b2:	2302      	movs	r3, #2
100028b4:	4213      	tst	r3, r2
100028b6:	d000      	beq.n	100028ba <_etoa+0xb2>
100028b8:	e202      	b.n	10002cc0 <_etoa+0x4b8>
100028ba:	9b25      	ldr	r3, [sp, #148]	@ 0x94
100028bc:	2b04      	cmp	r3, #4
100028be:	d200      	bcs.n	100028c2 <_etoa+0xba>
100028c0:	e20f      	b.n	10002ce2 <_etoa+0x4da>
100028c2:	3b04      	subs	r3, #4
100028c4:	930b      	str	r3, [sp, #44]	@ 0x2c
100028c6:	2300      	movs	r3, #0
100028c8:	2504      	movs	r5, #4
100028ca:	930a      	str	r3, [sp, #40]	@ 0x28
100028cc:	2200      	movs	r2, #0
100028ce:	9822      	ldr	r0, [sp, #136]	@ 0x88
100028d0:	9923      	ldr	r1, [sp, #140]	@ 0x8c
100028d2:	2300      	movs	r3, #0
100028d4:	f7ff fab8 	bl	10001e48 <__wrap___aeabi_dcmplt>
100028d8:	2800      	cmp	r0, #0
100028da:	d000      	beq.n	100028de <_etoa+0xd6>
100028dc:	e203      	b.n	10002ce6 <_etoa+0x4de>
100028de:	4b5a      	ldr	r3, [pc, #360]	@ (10002a48 <_etoa+0x240>)
100028e0:	9a26      	ldr	r2, [sp, #152]	@ 0x98
100028e2:	4013      	ands	r3, r2
100028e4:	9304      	str	r3, [sp, #16]
100028e6:	9b0b      	ldr	r3, [sp, #44]	@ 0x2c
100028e8:	9303      	str	r3, [sp, #12]
100028ea:	9b24      	ldr	r3, [sp, #144]	@ 0x90
100028ec:	9302      	str	r3, [sp, #8]
100028ee:	9b08      	ldr	r3, [sp, #32]
100028f0:	9c09      	ldr	r4, [sp, #36]	@ 0x24
100028f2:	9300      	str	r3, [sp, #0]
100028f4:	9401      	str	r4, [sp, #4]
100028f6:	4659      	mov	r1, fp
100028f8:	4643      	mov	r3, r8
100028fa:	4652      	mov	r2, sl
100028fc:	4648      	mov	r0, r9
100028fe:	f7ff fd2f 	bl	10002360 <_ftoa>
10002902:	0002      	movs	r2, r0
10002904:	2020      	movs	r0, #32
10002906:	9b26      	ldr	r3, [sp, #152]	@ 0x98
10002908:	271f      	movs	r7, #31
1000290a:	4003      	ands	r3, r0
1000290c:	4259      	negs	r1, r3
1000290e:	414b      	adcs	r3, r1
10002910:	425b      	negs	r3, r3
10002912:	4018      	ands	r0, r3
10002914:	1c53      	adds	r3, r2, #1
10002916:	9308      	str	r3, [sp, #32]
10002918:	4659      	mov	r1, fp
1000291a:	4643      	mov	r3, r8
1000291c:	3045      	adds	r0, #69	@ 0x45
1000291e:	47c8      	blx	r9
10002920:	9a0a      	ldr	r2, [sp, #40]	@ 0x28
10002922:	17d3      	asrs	r3, r2, #31
10002924:	18d4      	adds	r4, r2, r3
10002926:	405c      	eors	r4, r3
10002928:	0fd3      	lsrs	r3, r2, #31
1000292a:	930a      	str	r3, [sp, #40]	@ 0x28
1000292c:	1e6b      	subs	r3, r5, #1
1000292e:	930b      	str	r3, [sp, #44]	@ 0x2c
10002930:	ab08      	add	r3, sp, #32
10002932:	469c      	mov	ip, r3
10002934:	2500      	movs	r5, #0
10002936:	4467      	add	r7, ip
10002938:	e001      	b.n	1000293e <_etoa+0x136>
1000293a:	2d20      	cmp	r5, #32
1000293c:	d00f      	beq.n	1000295e <_etoa+0x156>
1000293e:	0020      	movs	r0, r4
10002940:	210a      	movs	r1, #10
10002942:	f7fe ffe3 	bl	1000190c <__wrap___aeabi_uidiv>
10002946:	3501      	adds	r5, #1
10002948:	197e      	adds	r6, r7, r5
1000294a:	3130      	adds	r1, #48	@ 0x30
1000294c:	7031      	strb	r1, [r6, #0]
1000294e:	0020      	movs	r0, r4
10002950:	210a      	movs	r1, #10
10002952:	f7fe ffdb 	bl	1000190c <__wrap___aeabi_uidiv>
10002956:	0026      	movs	r6, r4
10002958:	0004      	movs	r4, r0
1000295a:	2e09      	cmp	r6, #9
1000295c:	d8ed      	bhi.n	1000293a <_etoa+0x132>
1000295e:	2305      	movs	r3, #5
10002960:	9306      	str	r3, [sp, #24]
10002962:	9b0b      	ldr	r3, [sp, #44]	@ 0x2c
10002964:	4659      	mov	r1, fp
10002966:	9305      	str	r3, [sp, #20]
10002968:	2300      	movs	r3, #0
1000296a:	9304      	str	r3, [sp, #16]
1000296c:	330a      	adds	r3, #10
1000296e:	9303      	str	r3, [sp, #12]
10002970:	9b0a      	ldr	r3, [sp, #40]	@ 0x28
10002972:	4648      	mov	r0, r9
10002974:	9302      	str	r3, [sp, #8]
10002976:	ab10      	add	r3, sp, #64	@ 0x40
10002978:	9300      	str	r3, [sp, #0]
1000297a:	9a08      	ldr	r2, [sp, #32]
1000297c:	4643      	mov	r3, r8
1000297e:	9501      	str	r5, [sp, #4]
10002980:	f7ff fbf8 	bl	10002174 <_ntoa_format>
10002984:	9b0c      	ldr	r3, [sp, #48]	@ 0x30
10002986:	2b00      	cmp	r3, #0
10002988:	d02d      	beq.n	100029e6 <_etoa+0x1de>
1000298a:	4653      	mov	r3, sl
1000298c:	1ac4      	subs	r4, r0, r3
1000298e:	9b25      	ldr	r3, [sp, #148]	@ 0x94
10002990:	42a3      	cmp	r3, r4
10002992:	d928      	bls.n	100029e6 <_etoa+0x1de>
10002994:	464d      	mov	r5, r9
10002996:	465f      	mov	r7, fp
10002998:	4681      	mov	r9, r0
1000299a:	001e      	movs	r6, r3
1000299c:	4653      	mov	r3, sl
1000299e:	0039      	movs	r1, r7
100029a0:	191a      	adds	r2, r3, r4
100029a2:	2020      	movs	r0, #32
100029a4:	4643      	mov	r3, r8
100029a6:	3401      	adds	r4, #1
100029a8:	47a8      	blx	r5
100029aa:	42a6      	cmp	r6, r4
100029ac:	d8f6      	bhi.n	1000299c <_etoa+0x194>
100029ae:	4653      	mov	r3, sl
100029b0:	4648      	mov	r0, r9
100029b2:	9925      	ldr	r1, [sp, #148]	@ 0x94
100029b4:	1ac2      	subs	r2, r0, r3
100029b6:	3201      	adds	r2, #1
100029b8:	2300      	movs	r3, #0
100029ba:	4291      	cmp	r1, r2
100029bc:	d300      	bcc.n	100029c0 <_etoa+0x1b8>
100029be:	e186      	b.n	10002cce <_etoa+0x4c6>
100029c0:	3001      	adds	r0, #1
100029c2:	1818      	adds	r0, r3, r0
100029c4:	e00f      	b.n	100029e6 <_etoa+0x1de>
100029c6:	9b26      	ldr	r3, [sp, #152]	@ 0x98
100029c8:	9304      	str	r3, [sp, #16]
100029ca:	9b25      	ldr	r3, [sp, #148]	@ 0x94
100029cc:	9303      	str	r3, [sp, #12]
100029ce:	9b24      	ldr	r3, [sp, #144]	@ 0x90
100029d0:	9302      	str	r3, [sp, #8]
100029d2:	9b22      	ldr	r3, [sp, #136]	@ 0x88
100029d4:	9c23      	ldr	r4, [sp, #140]	@ 0x8c
100029d6:	9300      	str	r3, [sp, #0]
100029d8:	9401      	str	r4, [sp, #4]
100029da:	4643      	mov	r3, r8
100029dc:	4652      	mov	r2, sl
100029de:	4659      	mov	r1, fp
100029e0:	4648      	mov	r0, r9
100029e2:	f7ff fcbd 	bl	10002360 <_ftoa>
100029e6:	b019      	add	sp, #100	@ 0x64
100029e8:	bcf0      	pop	{r4, r5, r6, r7}
100029ea:	46bb      	mov	fp, r7
100029ec:	46b2      	mov	sl, r6
100029ee:	46a9      	mov	r9, r5
100029f0:	46a0      	mov	r8, r4
100029f2:	bdf0      	pop	{r4, r5, r6, r7, pc}
100029f4:	4301      	orrs	r1, r0
100029f6:	d12b      	bne.n	10002a50 <_etoa+0x248>
100029f8:	9b0b      	ldr	r3, [sp, #44]	@ 0x2c
100029fa:	0022      	movs	r2, r4
100029fc:	2b00      	cmp	r3, #0
100029fe:	d100      	bne.n	10002a02 <_etoa+0x1fa>
10002a00:	e754      	b.n	100028ac <_etoa+0xa4>
10002a02:	2300      	movs	r3, #0
10002a04:	930a      	str	r3, [sp, #40]	@ 0x28
10002a06:	9b24      	ldr	r3, [sp, #144]	@ 0x90
10002a08:	9a0a      	ldr	r2, [sp, #40]	@ 0x28
10002a0a:	2400      	movs	r4, #0
10002a0c:	4293      	cmp	r3, r2
10002a0e:	dd00      	ble.n	10002a12 <_etoa+0x20a>
10002a10:	e185      	b.n	10002d1e <_etoa+0x516>
10002a12:	9822      	ldr	r0, [sp, #136]	@ 0x88
10002a14:	9923      	ldr	r1, [sp, #140]	@ 0x8c
10002a16:	2200      	movs	r2, #0
10002a18:	2300      	movs	r3, #0
10002a1a:	f7ff fa15 	bl	10001e48 <__wrap___aeabi_dcmplt>
10002a1e:	2800      	cmp	r0, #0
10002a20:	d000      	beq.n	10002a24 <_etoa+0x21c>
10002a22:	e135      	b.n	10002c90 <_etoa+0x488>
10002a24:	9b26      	ldr	r3, [sp, #152]	@ 0x98
10002a26:	4a08      	ldr	r2, [pc, #32]	@ (10002a48 <_etoa+0x240>)
10002a28:	9402      	str	r4, [sp, #8]
10002a2a:	401a      	ands	r2, r3
10002a2c:	2380      	movs	r3, #128	@ 0x80
10002a2e:	00db      	lsls	r3, r3, #3
10002a30:	4313      	orrs	r3, r2
10002a32:	9304      	str	r3, [sp, #16]
10002a34:	9b25      	ldr	r3, [sp, #148]	@ 0x94
10002a36:	9303      	str	r3, [sp, #12]
10002a38:	9b08      	ldr	r3, [sp, #32]
10002a3a:	9c09      	ldr	r4, [sp, #36]	@ 0x24
10002a3c:	e7cb      	b.n	100029d6 <_etoa+0x1ce>
10002a3e:	46c0      	nop			@ (mov r8, r8)
10002a40:	7fefffff 	.word	0x7fefffff
10002a44:	ffefffff 	.word	0xffefffff
10002a48:	fffff7ff 	.word	0xfffff7ff
10002a4c:	2306      	movs	r3, #6
10002a4e:	9324      	str	r3, [sp, #144]	@ 0x90
10002a50:	4bb4      	ldr	r3, [pc, #720]	@ (10002d24 <_etoa+0x51c>)
10002a52:	0070      	lsls	r0, r6, #1
10002a54:	469c      	mov	ip, r3
10002a56:	0d40      	lsrs	r0, r0, #21
10002a58:	4460      	add	r0, ip
10002a5a:	f7ff fa21 	bl	10001ea0 <__wrap___aeabi_i2d>
10002a5e:	4ab2      	ldr	r2, [pc, #712]	@ (10002d28 <_etoa+0x520>)
10002a60:	4bb2      	ldr	r3, [pc, #712]	@ (10002d2c <_etoa+0x524>)
10002a62:	f7ff f9b2 	bl	10001dca <__wrap___aeabi_dmul>
10002a66:	4ab2      	ldr	r2, [pc, #712]	@ (10002d30 <_etoa+0x528>)
10002a68:	4bb2      	ldr	r3, [pc, #712]	@ (10002d34 <_etoa+0x52c>)
10002a6a:	f7ff f98f 	bl	10001d8c <__wrap___aeabi_dadd>
10002a6e:	0336      	lsls	r6, r6, #12
10002a70:	4bb1      	ldr	r3, [pc, #708]	@ (10002d38 <_etoa+0x530>)
10002a72:	0b36      	lsrs	r6, r6, #12
10002a74:	4333      	orrs	r3, r6
10002a76:	0004      	movs	r4, r0
10002a78:	000d      	movs	r5, r1
10002a7a:	0038      	movs	r0, r7
10002a7c:	0019      	movs	r1, r3
10002a7e:	2200      	movs	r2, #0
10002a80:	4bae      	ldr	r3, [pc, #696]	@ (10002d3c <_etoa+0x534>)
10002a82:	f7ff f97e 	bl	10001d82 <__wrap___aeabi_dsub>
10002a86:	4aae      	ldr	r2, [pc, #696]	@ (10002d40 <_etoa+0x538>)
10002a88:	4bae      	ldr	r3, [pc, #696]	@ (10002d44 <_etoa+0x53c>)
10002a8a:	f7ff f99e 	bl	10001dca <__wrap___aeabi_dmul>
10002a8e:	0002      	movs	r2, r0
10002a90:	000b      	movs	r3, r1
10002a92:	0020      	movs	r0, r4
10002a94:	0029      	movs	r1, r5
10002a96:	f7ff f979 	bl	10001d8c <__wrap___aeabi_dadd>
10002a9a:	f7ff fa19 	bl	10001ed0 <__wrap___aeabi_d2iz>
10002a9e:	900a      	str	r0, [sp, #40]	@ 0x28
10002aa0:	f7ff f9fe 	bl	10001ea0 <__wrap___aeabi_i2d>
10002aa4:	4aa8      	ldr	r2, [pc, #672]	@ (10002d48 <_etoa+0x540>)
10002aa6:	4ba9      	ldr	r3, [pc, #676]	@ (10002d4c <_etoa+0x544>)
10002aa8:	0004      	movs	r4, r0
10002aaa:	000d      	movs	r5, r1
10002aac:	f7ff f98d 	bl	10001dca <__wrap___aeabi_dmul>
10002ab0:	2200      	movs	r2, #0
10002ab2:	4ba7      	ldr	r3, [pc, #668]	@ (10002d50 <_etoa+0x548>)
10002ab4:	f7ff f96a 	bl	10001d8c <__wrap___aeabi_dadd>
10002ab8:	f7ff fa0a 	bl	10001ed0 <__wrap___aeabi_d2iz>
10002abc:	4aa5      	ldr	r2, [pc, #660]	@ (10002d54 <_etoa+0x54c>)
10002abe:	0006      	movs	r6, r0
10002ac0:	4ba5      	ldr	r3, [pc, #660]	@ (10002d58 <_etoa+0x550>)
10002ac2:	0020      	movs	r0, r4
10002ac4:	0029      	movs	r1, r5
10002ac6:	f7ff f980 	bl	10001dca <__wrap___aeabi_dmul>
10002aca:	0004      	movs	r4, r0
10002acc:	0030      	movs	r0, r6
10002ace:	000d      	movs	r5, r1
10002ad0:	960c      	str	r6, [sp, #48]	@ 0x30
10002ad2:	f7ff f9e5 	bl	10001ea0 <__wrap___aeabi_i2d>
10002ad6:	4aa1      	ldr	r2, [pc, #644]	@ (10002d5c <_etoa+0x554>)
10002ad8:	4ba1      	ldr	r3, [pc, #644]	@ (10002d60 <_etoa+0x558>)
10002ada:	f7ff f976 	bl	10001dca <__wrap___aeabi_dmul>
10002ade:	0002      	movs	r2, r0
10002ae0:	000b      	movs	r3, r1
10002ae2:	0020      	movs	r0, r4
10002ae4:	0029      	movs	r1, r5
10002ae6:	f7ff f94c 	bl	10001d82 <__wrap___aeabi_dsub>
10002aea:	0002      	movs	r2, r0
10002aec:	000b      	movs	r3, r1
10002aee:	0006      	movs	r6, r0
10002af0:	000f      	movs	r7, r1
10002af2:	f7ff f96a 	bl	10001dca <__wrap___aeabi_dmul>
10002af6:	0032      	movs	r2, r6
10002af8:	0004      	movs	r4, r0
10002afa:	000d      	movs	r5, r1
10002afc:	003b      	movs	r3, r7
10002afe:	0030      	movs	r0, r6
10002b00:	0039      	movs	r1, r7
10002b02:	f7ff f943 	bl	10001d8c <__wrap___aeabi_dadd>
10002b06:	2200      	movs	r2, #0
10002b08:	900e      	str	r0, [sp, #56]	@ 0x38
10002b0a:	910f      	str	r1, [sp, #60]	@ 0x3c
10002b0c:	4b95      	ldr	r3, [pc, #596]	@ (10002d64 <_etoa+0x55c>)
10002b0e:	0020      	movs	r0, r4
10002b10:	0029      	movs	r1, r5
10002b12:	f7ff f940 	bl	10001d96 <__wrap___aeabi_ddiv>
10002b16:	2200      	movs	r2, #0
10002b18:	4b93      	ldr	r3, [pc, #588]	@ (10002d68 <_etoa+0x560>)
10002b1a:	f7ff f937 	bl	10001d8c <__wrap___aeabi_dadd>
10002b1e:	0002      	movs	r2, r0
10002b20:	000b      	movs	r3, r1
10002b22:	0020      	movs	r0, r4
10002b24:	0029      	movs	r1, r5
10002b26:	f7ff f936 	bl	10001d96 <__wrap___aeabi_ddiv>
10002b2a:	2200      	movs	r2, #0
10002b2c:	4b8f      	ldr	r3, [pc, #572]	@ (10002d6c <_etoa+0x564>)
10002b2e:	f7ff f92d 	bl	10001d8c <__wrap___aeabi_dadd>
10002b32:	0002      	movs	r2, r0
10002b34:	000b      	movs	r3, r1
10002b36:	0020      	movs	r0, r4
10002b38:	0029      	movs	r1, r5
10002b3a:	f7ff f92c 	bl	10001d96 <__wrap___aeabi_ddiv>
10002b3e:	000d      	movs	r5, r1
10002b40:	2180      	movs	r1, #128	@ 0x80
10002b42:	0004      	movs	r4, r0
10002b44:	0032      	movs	r2, r6
10002b46:	003b      	movs	r3, r7
10002b48:	2000      	movs	r0, #0
10002b4a:	05c9      	lsls	r1, r1, #23
10002b4c:	f7ff f919 	bl	10001d82 <__wrap___aeabi_dsub>
10002b50:	0002      	movs	r2, r0
10002b52:	000b      	movs	r3, r1
10002b54:	0020      	movs	r0, r4
10002b56:	0029      	movs	r1, r5
10002b58:	f7ff f918 	bl	10001d8c <__wrap___aeabi_dadd>
10002b5c:	0002      	movs	r2, r0
10002b5e:	000b      	movs	r3, r1
10002b60:	980e      	ldr	r0, [sp, #56]	@ 0x38
10002b62:	990f      	ldr	r1, [sp, #60]	@ 0x3c
10002b64:	f7ff f917 	bl	10001d96 <__wrap___aeabi_ddiv>
10002b68:	2200      	movs	r2, #0
10002b6a:	4b73      	ldr	r3, [pc, #460]	@ (10002d38 <_etoa+0x530>)
10002b6c:	f7ff f90e 	bl	10001d8c <__wrap___aeabi_dadd>
10002b70:	4b7f      	ldr	r3, [pc, #508]	@ (10002d70 <_etoa+0x568>)
10002b72:	9c0c      	ldr	r4, [sp, #48]	@ 0x30
10002b74:	469c      	mov	ip, r3
10002b76:	4464      	add	r4, ip
10002b78:	2200      	movs	r2, #0
10002b7a:	0523      	lsls	r3, r4, #20
10002b7c:	f7ff f925 	bl	10001dca <__wrap___aeabi_dmul>
10002b80:	0006      	movs	r6, r0
10002b82:	000f      	movs	r7, r1
10002b84:	0002      	movs	r2, r0
10002b86:	000b      	movs	r3, r1
10002b88:	9808      	ldr	r0, [sp, #32]
10002b8a:	9909      	ldr	r1, [sp, #36]	@ 0x24
10002b8c:	f7ff f95c 	bl	10001e48 <__wrap___aeabi_dcmplt>
10002b90:	2800      	cmp	r0, #0
10002b92:	d00a      	beq.n	10002baa <_etoa+0x3a2>
10002b94:	9b0a      	ldr	r3, [sp, #40]	@ 0x28
10002b96:	0030      	movs	r0, r6
10002b98:	3b01      	subs	r3, #1
10002b9a:	0039      	movs	r1, r7
10002b9c:	930a      	str	r3, [sp, #40]	@ 0x28
10002b9e:	2200      	movs	r2, #0
10002ba0:	4b71      	ldr	r3, [pc, #452]	@ (10002d68 <_etoa+0x560>)
10002ba2:	f7ff f8f8 	bl	10001d96 <__wrap___aeabi_ddiv>
10002ba6:	0006      	movs	r6, r0
10002ba8:	000f      	movs	r7, r1
10002baa:	9a0a      	ldr	r2, [sp, #40]	@ 0x28
10002bac:	0033      	movs	r3, r6
10002bae:	3263      	adds	r2, #99	@ 0x63
10002bb0:	0039      	movs	r1, r7
10002bb2:	2ac6      	cmp	r2, #198	@ 0xc6
10002bb4:	d812      	bhi.n	10002bdc <_etoa+0x3d4>
10002bb6:	2202      	movs	r2, #2
10002bb8:	9826      	ldr	r0, [sp, #152]	@ 0x98
10002bba:	2504      	movs	r5, #4
10002bbc:	4010      	ands	r0, r2
10002bbe:	9a0b      	ldr	r2, [sp, #44]	@ 0x2c
10002bc0:	900c      	str	r0, [sp, #48]	@ 0x30
10002bc2:	2a00      	cmp	r2, #0
10002bc4:	d125      	bne.n	10002c12 <_etoa+0x40a>
10002bc6:	9b25      	ldr	r3, [sp, #148]	@ 0x94
10002bc8:	2b04      	cmp	r3, #4
10002bca:	d905      	bls.n	10002bd8 <_etoa+0x3d0>
10002bcc:	2800      	cmp	r0, #0
10002bce:	d000      	beq.n	10002bd2 <_etoa+0x3ca>
10002bd0:	e0a1      	b.n	10002d16 <_etoa+0x50e>
10002bd2:	9b25      	ldr	r3, [sp, #148]	@ 0x94
10002bd4:	3b04      	subs	r3, #4
10002bd6:	930b      	str	r3, [sp, #44]	@ 0x2c
10002bd8:	2504      	movs	r5, #4
10002bda:	e041      	b.n	10002c60 <_etoa+0x458>
10002bdc:	2202      	movs	r2, #2
10002bde:	9826      	ldr	r0, [sp, #152]	@ 0x98
10002be0:	4010      	ands	r0, r2
10002be2:	9a0b      	ldr	r2, [sp, #44]	@ 0x2c
10002be4:	900c      	str	r0, [sp, #48]	@ 0x30
10002be6:	2a00      	cmp	r2, #0
10002be8:	d112      	bne.n	10002c10 <_etoa+0x408>
10002bea:	9b25      	ldr	r3, [sp, #148]	@ 0x94
10002bec:	2b05      	cmp	r3, #5
10002bee:	d976      	bls.n	10002cde <_etoa+0x4d6>
10002bf0:	2800      	cmp	r0, #0
10002bf2:	d172      	bne.n	10002cda <_etoa+0x4d2>
10002bf4:	9b25      	ldr	r3, [sp, #148]	@ 0x94
10002bf6:	2505      	movs	r5, #5
10002bf8:	3b05      	subs	r3, #5
10002bfa:	930b      	str	r3, [sp, #44]	@ 0x2c
10002bfc:	e034      	b.n	10002c68 <_etoa+0x460>
10002bfe:	2280      	movs	r2, #128	@ 0x80
10002c00:	0612      	lsls	r2, r2, #24
10002c02:	4694      	mov	ip, r2
10002c04:	9b22      	ldr	r3, [sp, #136]	@ 0x88
10002c06:	9308      	str	r3, [sp, #32]
10002c08:	9b23      	ldr	r3, [sp, #140]	@ 0x8c
10002c0a:	4463      	add	r3, ip
10002c0c:	9309      	str	r3, [sp, #36]	@ 0x24
10002c0e:	e630      	b.n	10002872 <_etoa+0x6a>
10002c10:	2505      	movs	r5, #5
10002c12:	430b      	orrs	r3, r1
10002c14:	d100      	bne.n	10002c18 <_etoa+0x410>
10002c16:	e6f6      	b.n	10002a06 <_etoa+0x1fe>
10002c18:	9808      	ldr	r0, [sp, #32]
10002c1a:	9909      	ldr	r1, [sp, #36]	@ 0x24
10002c1c:	4a55      	ldr	r2, [pc, #340]	@ (10002d74 <_etoa+0x56c>)
10002c1e:	4b56      	ldr	r3, [pc, #344]	@ (10002d78 <_etoa+0x570>)
10002c20:	f7ff f920 	bl	10001e64 <__wrap___aeabi_dcmpge>
10002c24:	2800      	cmp	r0, #0
10002c26:	d008      	beq.n	10002c3a <_etoa+0x432>
10002c28:	9808      	ldr	r0, [sp, #32]
10002c2a:	9909      	ldr	r1, [sp, #36]	@ 0x24
10002c2c:	2200      	movs	r2, #0
10002c2e:	4b53      	ldr	r3, [pc, #332]	@ (10002d7c <_etoa+0x574>)
10002c30:	f7ff f90a 	bl	10001e48 <__wrap___aeabi_dcmplt>
10002c34:	2800      	cmp	r0, #0
10002c36:	d000      	beq.n	10002c3a <_etoa+0x432>
10002c38:	e6e5      	b.n	10002a06 <_etoa+0x1fe>
10002c3a:	9b24      	ldr	r3, [sp, #144]	@ 0x90
10002c3c:	2b00      	cmp	r3, #0
10002c3e:	d01c      	beq.n	10002c7a <_etoa+0x472>
10002c40:	9b0d      	ldr	r3, [sp, #52]	@ 0x34
10002c42:	2b00      	cmp	r3, #0
10002c44:	d019      	beq.n	10002c7a <_etoa+0x472>
10002c46:	9b24      	ldr	r3, [sp, #144]	@ 0x90
10002c48:	3b01      	subs	r3, #1
10002c4a:	9324      	str	r3, [sp, #144]	@ 0x90
10002c4c:	9b25      	ldr	r3, [sp, #148]	@ 0x94
10002c4e:	42ab      	cmp	r3, r5
10002c50:	d904      	bls.n	10002c5c <_etoa+0x454>
10002c52:	9b0c      	ldr	r3, [sp, #48]	@ 0x30
10002c54:	2b00      	cmp	r3, #0
10002c56:	d05a      	beq.n	10002d0e <_etoa+0x506>
10002c58:	2302      	movs	r3, #2
10002c5a:	930c      	str	r3, [sp, #48]	@ 0x30
10002c5c:	2300      	movs	r3, #0
10002c5e:	930b      	str	r3, [sp, #44]	@ 0x2c
10002c60:	9b0a      	ldr	r3, [sp, #40]	@ 0x28
10002c62:	2b00      	cmp	r3, #0
10002c64:	d100      	bne.n	10002c68 <_etoa+0x460>
10002c66:	e631      	b.n	100028cc <_etoa+0xc4>
10002c68:	9808      	ldr	r0, [sp, #32]
10002c6a:	9909      	ldr	r1, [sp, #36]	@ 0x24
10002c6c:	0032      	movs	r2, r6
10002c6e:	003b      	movs	r3, r7
10002c70:	f7ff f891 	bl	10001d96 <__wrap___aeabi_ddiv>
10002c74:	9008      	str	r0, [sp, #32]
10002c76:	9109      	str	r1, [sp, #36]	@ 0x24
10002c78:	e628      	b.n	100028cc <_etoa+0xc4>
10002c7a:	9b25      	ldr	r3, [sp, #148]	@ 0x94
10002c7c:	42ab      	cmp	r3, r5
10002c7e:	d9ed      	bls.n	10002c5c <_etoa+0x454>
10002c80:	9b0c      	ldr	r3, [sp, #48]	@ 0x30
10002c82:	2b00      	cmp	r3, #0
10002c84:	d043      	beq.n	10002d0e <_etoa+0x506>
10002c86:	2300      	movs	r3, #0
10002c88:	930b      	str	r3, [sp, #44]	@ 0x2c
10002c8a:	3302      	adds	r3, #2
10002c8c:	930c      	str	r3, [sp, #48]	@ 0x30
10002c8e:	e7e7      	b.n	10002c60 <_etoa+0x458>
10002c90:	2080      	movs	r0, #128	@ 0x80
10002c92:	9b26      	ldr	r3, [sp, #152]	@ 0x98
10002c94:	4a3a      	ldr	r2, [pc, #232]	@ (10002d80 <_etoa+0x578>)
10002c96:	0600      	lsls	r0, r0, #24
10002c98:	401a      	ands	r2, r3
10002c9a:	2380      	movs	r3, #128	@ 0x80
10002c9c:	4684      	mov	ip, r0
10002c9e:	9402      	str	r4, [sp, #8]
10002ca0:	9c08      	ldr	r4, [sp, #32]
10002ca2:	9d09      	ldr	r5, [sp, #36]	@ 0x24
10002ca4:	0029      	movs	r1, r5
10002ca6:	00db      	lsls	r3, r3, #3
10002ca8:	4313      	orrs	r3, r2
10002caa:	9304      	str	r3, [sp, #16]
10002cac:	9b25      	ldr	r3, [sp, #148]	@ 0x94
10002cae:	4461      	add	r1, ip
10002cb0:	0022      	movs	r2, r4
10002cb2:	9303      	str	r3, [sp, #12]
10002cb4:	000b      	movs	r3, r1
10002cb6:	9200      	str	r2, [sp, #0]
10002cb8:	9301      	str	r3, [sp, #4]
10002cba:	e68e      	b.n	100029da <_etoa+0x1d2>
10002cbc:	2405      	movs	r4, #5
10002cbe:	e6a8      	b.n	10002a12 <_etoa+0x20a>
10002cc0:	2300      	movs	r3, #0
10002cc2:	930b      	str	r3, [sp, #44]	@ 0x2c
10002cc4:	930a      	str	r3, [sp, #40]	@ 0x28
10002cc6:	3302      	adds	r3, #2
10002cc8:	2504      	movs	r5, #4
10002cca:	930c      	str	r3, [sp, #48]	@ 0x30
10002ccc:	e5fe      	b.n	100028cc <_etoa+0xc4>
10002cce:	4653      	mov	r3, sl
10002cd0:	468c      	mov	ip, r1
10002cd2:	3b01      	subs	r3, #1
10002cd4:	4463      	add	r3, ip
10002cd6:	1a1b      	subs	r3, r3, r0
10002cd8:	e672      	b.n	100029c0 <_etoa+0x1b8>
10002cda:	2302      	movs	r3, #2
10002cdc:	930c      	str	r3, [sp, #48]	@ 0x30
10002cde:	2505      	movs	r5, #5
10002ce0:	e7c2      	b.n	10002c68 <_etoa+0x460>
10002ce2:	2304      	movs	r3, #4
10002ce4:	e5ed      	b.n	100028c2 <_etoa+0xba>
10002ce6:	2080      	movs	r0, #128	@ 0x80
10002ce8:	9e08      	ldr	r6, [sp, #32]
10002cea:	9f09      	ldr	r7, [sp, #36]	@ 0x24
10002cec:	0600      	lsls	r0, r0, #24
10002cee:	0039      	movs	r1, r7
10002cf0:	4684      	mov	ip, r0
10002cf2:	9a26      	ldr	r2, [sp, #152]	@ 0x98
10002cf4:	4b22      	ldr	r3, [pc, #136]	@ (10002d80 <_etoa+0x578>)
10002cf6:	4461      	add	r1, ip
10002cf8:	4013      	ands	r3, r2
10002cfa:	9304      	str	r3, [sp, #16]
10002cfc:	9b0b      	ldr	r3, [sp, #44]	@ 0x2c
10002cfe:	0032      	movs	r2, r6
10002d00:	9303      	str	r3, [sp, #12]
10002d02:	9b24      	ldr	r3, [sp, #144]	@ 0x90
10002d04:	9302      	str	r3, [sp, #8]
10002d06:	000b      	movs	r3, r1
10002d08:	9200      	str	r2, [sp, #0]
10002d0a:	9301      	str	r3, [sp, #4]
10002d0c:	e5f3      	b.n	100028f6 <_etoa+0xee>
10002d0e:	9b25      	ldr	r3, [sp, #148]	@ 0x94
10002d10:	1b5b      	subs	r3, r3, r5
10002d12:	930b      	str	r3, [sp, #44]	@ 0x2c
10002d14:	e7a4      	b.n	10002c60 <_etoa+0x458>
10002d16:	2302      	movs	r3, #2
10002d18:	2504      	movs	r5, #4
10002d1a:	930c      	str	r3, [sp, #48]	@ 0x30
10002d1c:	e7a0      	b.n	10002c60 <_etoa+0x458>
10002d1e:	1a9c      	subs	r4, r3, r2
10002d20:	3c01      	subs	r4, #1
10002d22:	e676      	b.n	10002a12 <_etoa+0x20a>
10002d24:	fffffc01 	.word	0xfffffc01
10002d28:	509f79fb 	.word	0x509f79fb
10002d2c:	3fd34413 	.word	0x3fd34413
10002d30:	8b60c8b3 	.word	0x8b60c8b3
10002d34:	3fc68a28 	.word	0x3fc68a28
10002d38:	3ff00000 	.word	0x3ff00000
10002d3c:	3ff80000 	.word	0x3ff80000
10002d40:	636f4361 	.word	0x636f4361
10002d44:	3fd287a7 	.word	0x3fd287a7
10002d48:	0979a371 	.word	0x0979a371
10002d4c:	400a934f 	.word	0x400a934f
10002d50:	3fe00000 	.word	0x3fe00000
10002d54:	bbb55516 	.word	0xbbb55516
10002d58:	40026bb1 	.word	0x40026bb1
10002d5c:	fefa39ef 	.word	0xfefa39ef
10002d60:	3fe62e42 	.word	0x3fe62e42
10002d64:	402c0000 	.word	0x402c0000
10002d68:	40240000 	.word	0x40240000
10002d6c:	40180000 	.word	0x40180000
10002d70:	000003ff 	.word	0x000003ff
10002d74:	eb1c432d 	.word	0xeb1c432d
10002d78:	3f1a36e2 	.word	0x3f1a36e2
10002d7c:	412e8480 	.word	0x412e8480
10002d80:	fffff7ff 	.word	0xfffff7ff

10002d84 <_vsnprintf>:
10002d84:	b5f0      	push	{r4, r5, r6, r7, lr}
10002d86:	46de      	mov	lr, fp
10002d88:	4657      	mov	r7, sl
10002d8a:	464e      	mov	r6, r9
10002d8c:	4645      	mov	r5, r8
10002d8e:	b5e0      	push	{r5, r6, r7, lr}
10002d90:	b0a5      	sub	sp, #148	@ 0x94
10002d92:	001e      	movs	r6, r3
10002d94:	9b2e      	ldr	r3, [sp, #184]	@ 0xb8
10002d96:	4692      	mov	sl, r2
10002d98:	930c      	str	r3, [sp, #48]	@ 0x30
10002d9a:	4acd      	ldr	r2, [pc, #820]	@ (100030d0 <_vsnprintf+0x34c>)
10002d9c:	4bcd      	ldr	r3, [pc, #820]	@ (100030d4 <_vsnprintf+0x350>)
10002d9e:	4680      	mov	r8, r0
10002da0:	468b      	mov	fp, r1
10002da2:	601a      	str	r2, [r3, #0]
10002da4:	2900      	cmp	r1, #0
10002da6:	d100      	bne.n	10002daa <_vsnprintf+0x26>
10002da8:	e1ea      	b.n	10003180 <_vsnprintf+0x3fc>
10002daa:	2300      	movs	r3, #0
10002dac:	7830      	ldrb	r0, [r6, #0]
10002dae:	4699      	mov	r9, r3
10002db0:	2800      	cmp	r0, #0
10002db2:	d100      	bne.n	10002db6 <_vsnprintf+0x32>
10002db4:	e1ec      	b.n	10003190 <_vsnprintf+0x40c>
10002db6:	4bc8      	ldr	r3, [pc, #800]	@ (100030d8 <_vsnprintf+0x354>)
10002db8:	464c      	mov	r4, r9
10002dba:	930b      	str	r3, [sp, #44]	@ 0x2c
10002dbc:	4bc7      	ldr	r3, [pc, #796]	@ (100030dc <_vsnprintf+0x358>)
10002dbe:	4645      	mov	r5, r8
10002dc0:	4657      	mov	r7, sl
10002dc2:	930e      	str	r3, [sp, #56]	@ 0x38
10002dc4:	e00a      	b.n	10002ddc <_vsnprintf+0x58>
10002dc6:	1c63      	adds	r3, r4, #1
10002dc8:	4698      	mov	r8, r3
10002dca:	0022      	movs	r2, r4
10002dcc:	003b      	movs	r3, r7
10002dce:	4659      	mov	r1, fp
10002dd0:	47a8      	blx	r5
10002dd2:	4644      	mov	r4, r8
10002dd4:	7830      	ldrb	r0, [r6, #0]
10002dd6:	2800      	cmp	r0, #0
10002dd8:	d100      	bne.n	10002ddc <_vsnprintf+0x58>
10002dda:	e087      	b.n	10002eec <_vsnprintf+0x168>
10002ddc:	3601      	adds	r6, #1
10002dde:	2825      	cmp	r0, #37	@ 0x25
10002de0:	d1f1      	bne.n	10002dc6 <_vsnprintf+0x42>
10002de2:	2308      	movs	r3, #8
10002de4:	469a      	mov	sl, r3
10002de6:	3b04      	subs	r3, #4
10002de8:	4699      	mov	r9, r3
10002dea:	3b02      	subs	r3, #2
10002dec:	4698      	mov	r8, r3
10002dee:	3b01      	subs	r3, #1
10002df0:	2200      	movs	r2, #0
10002df2:	469c      	mov	ip, r3
10002df4:	940d      	str	r4, [sp, #52]	@ 0x34
10002df6:	7830      	ldrb	r0, [r6, #0]
10002df8:	1c71      	adds	r1, r6, #1
10002dfa:	0003      	movs	r3, r0
10002dfc:	3b20      	subs	r3, #32
10002dfe:	b2db      	uxtb	r3, r3
10002e00:	2b10      	cmp	r3, #16
10002e02:	d803      	bhi.n	10002e0c <_vsnprintf+0x88>
10002e04:	9c0b      	ldr	r4, [sp, #44]	@ 0x2c
10002e06:	009b      	lsls	r3, r3, #2
10002e08:	58e3      	ldr	r3, [r4, r3]
10002e0a:	469f      	mov	pc, r3
10002e0c:	0003      	movs	r3, r0
10002e0e:	3b30      	subs	r3, #48	@ 0x30
10002e10:	4689      	mov	r9, r1
10002e12:	9c0d      	ldr	r4, [sp, #52]	@ 0x34
10002e14:	2b09      	cmp	r3, #9
10002e16:	d93a      	bls.n	10002e8e <_vsnprintf+0x10a>
10002e18:	2300      	movs	r3, #0
10002e1a:	4698      	mov	r8, r3
10002e1c:	282a      	cmp	r0, #42	@ 0x2a
10002e1e:	d100      	bne.n	10002e22 <_vsnprintf+0x9e>
10002e20:	e0c1      	b.n	10002fa6 <_vsnprintf+0x222>
10002e22:	2300      	movs	r3, #0
10002e24:	469a      	mov	sl, r3
10002e26:	282e      	cmp	r0, #46	@ 0x2e
10002e28:	d04b      	beq.n	10002ec2 <_vsnprintf+0x13e>
10002e2a:	0003      	movs	r3, r0
10002e2c:	3b68      	subs	r3, #104	@ 0x68
10002e2e:	b2db      	uxtb	r3, r3
10002e30:	2b12      	cmp	r3, #18
10002e32:	d81e      	bhi.n	10002e72 <_vsnprintf+0xee>
10002e34:	990e      	ldr	r1, [sp, #56]	@ 0x38
10002e36:	009b      	lsls	r3, r3, #2
10002e38:	58cb      	ldr	r3, [r1, r3]
10002e3a:	469f      	mov	pc, r3
10002e3c:	4663      	mov	r3, ip
10002e3e:	000e      	movs	r6, r1
10002e40:	431a      	orrs	r2, r3
10002e42:	e7d8      	b.n	10002df6 <_vsnprintf+0x72>
10002e44:	4643      	mov	r3, r8
10002e46:	000e      	movs	r6, r1
10002e48:	431a      	orrs	r2, r3
10002e4a:	e7d4      	b.n	10002df6 <_vsnprintf+0x72>
10002e4c:	464b      	mov	r3, r9
10002e4e:	000e      	movs	r6, r1
10002e50:	431a      	orrs	r2, r3
10002e52:	e7d0      	b.n	10002df6 <_vsnprintf+0x72>
10002e54:	2310      	movs	r3, #16
10002e56:	000e      	movs	r6, r1
10002e58:	431a      	orrs	r2, r3
10002e5a:	e7cc      	b.n	10002df6 <_vsnprintf+0x72>
10002e5c:	4653      	mov	r3, sl
10002e5e:	000e      	movs	r6, r1
10002e60:	431a      	orrs	r2, r3
10002e62:	e7c8      	b.n	10002df6 <_vsnprintf+0x72>
10002e64:	2380      	movs	r3, #128	@ 0x80
10002e66:	005b      	lsls	r3, r3, #1
10002e68:	431a      	orrs	r2, r3
10002e6a:	3bff      	subs	r3, #255	@ 0xff
10002e6c:	469c      	mov	ip, r3
10002e6e:	7870      	ldrb	r0, [r6, #1]
10002e70:	44e1      	add	r9, ip
10002e72:	464e      	mov	r6, r9
10002e74:	2867      	cmp	r0, #103	@ 0x67
10002e76:	d84f      	bhi.n	10002f18 <_vsnprintf+0x194>
10002e78:	2824      	cmp	r0, #36	@ 0x24
10002e7a:	d9a4      	bls.n	10002dc6 <_vsnprintf+0x42>
10002e7c:	0003      	movs	r3, r0
10002e7e:	3b25      	subs	r3, #37	@ 0x25
10002e80:	b2db      	uxtb	r3, r3
10002e82:	2b42      	cmp	r3, #66	@ 0x42
10002e84:	d89f      	bhi.n	10002dc6 <_vsnprintf+0x42>
10002e86:	4996      	ldr	r1, [pc, #600]	@ (100030e0 <_vsnprintf+0x35c>)
10002e88:	009b      	lsls	r3, r3, #2
10002e8a:	58cb      	ldr	r3, [r1, r3]
10002e8c:	469f      	mov	pc, r3
10002e8e:	2300      	movs	r3, #0
10002e90:	4694      	mov	ip, r2
10002e92:	001e      	movs	r6, r3
10002e94:	e000      	b.n	10002e98 <_vsnprintf+0x114>
10002e96:	3101      	adds	r1, #1
10002e98:	00b3      	lsls	r3, r6, #2
10002e9a:	199b      	adds	r3, r3, r6
10002e9c:	005b      	lsls	r3, r3, #1
10002e9e:	181e      	adds	r6, r3, r0
10002ea0:	7808      	ldrb	r0, [r1, #0]
10002ea2:	3e30      	subs	r6, #48	@ 0x30
10002ea4:	0003      	movs	r3, r0
10002ea6:	3b30      	subs	r3, #48	@ 0x30
10002ea8:	2b09      	cmp	r3, #9
10002eaa:	d9f4      	bls.n	10002e96 <_vsnprintf+0x112>
10002eac:	2301      	movs	r3, #1
10002eae:	4662      	mov	r2, ip
10002eb0:	4689      	mov	r9, r1
10002eb2:	469c      	mov	ip, r3
10002eb4:	2300      	movs	r3, #0
10002eb6:	46b0      	mov	r8, r6
10002eb8:	469a      	mov	sl, r3
10002eba:	000e      	movs	r6, r1
10002ebc:	44e1      	add	r9, ip
10002ebe:	282e      	cmp	r0, #46	@ 0x2e
10002ec0:	d1b3      	bne.n	10002e2a <_vsnprintf+0xa6>
10002ec2:	2130      	movs	r1, #48	@ 0x30
10002ec4:	2080      	movs	r0, #128	@ 0x80
10002ec6:	4249      	negs	r1, r1
10002ec8:	468c      	mov	ip, r1
10002eca:	00c0      	lsls	r0, r0, #3
10002ecc:	4302      	orrs	r2, r0
10002ece:	7870      	ldrb	r0, [r6, #1]
10002ed0:	464b      	mov	r3, r9
10002ed2:	4484      	add	ip, r0
10002ed4:	4661      	mov	r1, ip
10002ed6:	2909      	cmp	r1, #9
10002ed8:	d800      	bhi.n	10002edc <_vsnprintf+0x158>
10002eda:	e16c      	b.n	100031b6 <_vsnprintf+0x432>
10002edc:	282a      	cmp	r0, #42	@ 0x2a
10002ede:	d100      	bne.n	10002ee2 <_vsnprintf+0x15e>
10002ee0:	e17a      	b.n	100031d8 <_vsnprintf+0x454>
10002ee2:	2301      	movs	r3, #1
10002ee4:	469c      	mov	ip, r3
10002ee6:	464e      	mov	r6, r9
10002ee8:	44e1      	add	r9, ip
10002eea:	e79e      	b.n	10002e2a <_vsnprintf+0xa6>
10002eec:	46a1      	mov	r9, r4
10002eee:	46a8      	mov	r8, r5
10002ef0:	46ba      	mov	sl, r7
10002ef2:	45ca      	cmp	sl, r9
10002ef4:	d803      	bhi.n	10002efe <_vsnprintf+0x17a>
10002ef6:	2301      	movs	r3, #1
10002ef8:	425b      	negs	r3, r3
10002efa:	4453      	add	r3, sl
10002efc:	4699      	mov	r9, r3
10002efe:	4653      	mov	r3, sl
10002f00:	464a      	mov	r2, r9
10002f02:	4659      	mov	r1, fp
10002f04:	2000      	movs	r0, #0
10002f06:	47c0      	blx	r8
10002f08:	0020      	movs	r0, r4
10002f0a:	b025      	add	sp, #148	@ 0x94
10002f0c:	bcf0      	pop	{r4, r5, r6, r7}
10002f0e:	46bb      	mov	fp, r7
10002f10:	46b2      	mov	sl, r6
10002f12:	46a9      	mov	r9, r5
10002f14:	46a0      	mov	r8, r4
10002f16:	bdf0      	pop	{r4, r5, r6, r7, pc}
10002f18:	0003      	movs	r3, r0
10002f1a:	3b69      	subs	r3, #105	@ 0x69
10002f1c:	b2db      	uxtb	r3, r3
10002f1e:	930d      	str	r3, [sp, #52]	@ 0x34
10002f20:	2b0f      	cmp	r3, #15
10002f22:	d900      	bls.n	10002f26 <_vsnprintf+0x1a2>
10002f24:	e74f      	b.n	10002dc6 <_vsnprintf+0x42>
10002f26:	2101      	movs	r1, #1
10002f28:	4099      	lsls	r1, r3
10002f2a:	468c      	mov	ip, r1
10002f2c:	496d      	ldr	r1, [pc, #436]	@ (100030e4 <_vsnprintf+0x360>)
10002f2e:	4689      	mov	r9, r1
10002f30:	4661      	mov	r1, ip
10002f32:	464b      	mov	r3, r9
10002f34:	4019      	ands	r1, r3
10002f36:	910f      	str	r1, [sp, #60]	@ 0x3c
10002f38:	4663      	mov	r3, ip
10002f3a:	4649      	mov	r1, r9
10002f3c:	420b      	tst	r3, r1
10002f3e:	d000      	beq.n	10002f42 <_vsnprintf+0x1be>
10002f40:	e128      	b.n	10003194 <_vsnprintf+0x410>
10002f42:	9b0d      	ldr	r3, [sp, #52]	@ 0x34
10002f44:	2b0a      	cmp	r3, #10
10002f46:	d03a      	beq.n	10002fbe <_vsnprintf+0x23a>
10002f48:	2b07      	cmp	r3, #7
10002f4a:	d000      	beq.n	10002f4e <_vsnprintf+0x1ca>
10002f4c:	e73b      	b.n	10002dc6 <_vsnprintf+0x42>
10002f4e:	9b0c      	ldr	r3, [sp, #48]	@ 0x30
10002f50:	0019      	movs	r1, r3
10002f52:	c908      	ldmia	r1!, {r3}
10002f54:	4688      	mov	r8, r1
10002f56:	2b00      	cmp	r3, #0
10002f58:	d100      	bne.n	10002f5c <_vsnprintf+0x1d8>
10002f5a:	e14b      	b.n	100031f4 <_vsnprintf+0x470>
10002f5c:	2021      	movs	r0, #33	@ 0x21
10002f5e:	4302      	orrs	r2, r0
10002f60:	4691      	mov	r9, r2
10002f62:	a914      	add	r1, sp, #80	@ 0x50
10002f64:	468c      	mov	ip, r1
10002f66:	221f      	movs	r2, #31
10002f68:	210f      	movs	r1, #15
10002f6a:	4462      	add	r2, ip
10002f6c:	468c      	mov	ip, r1
10002f6e:	4651      	mov	r1, sl
10002f70:	950d      	str	r5, [sp, #52]	@ 0x34
10002f72:	910c      	str	r1, [sp, #48]	@ 0x30
10002f74:	46a2      	mov	sl, r4
10002f76:	0015      	movs	r5, r2
10002f78:	990f      	ldr	r1, [sp, #60]	@ 0x3c
10002f7a:	e002      	b.n	10002f82 <_vsnprintf+0x1fe>
10002f7c:	2920      	cmp	r1, #32
10002f7e:	d00c      	beq.n	10002f9a <_vsnprintf+0x216>
10002f80:	0013      	movs	r3, r2
10002f82:	4664      	mov	r4, ip
10002f84:	401c      	ands	r4, r3
10002f86:	0020      	movs	r0, r4
10002f88:	3037      	adds	r0, #55	@ 0x37
10002f8a:	2c09      	cmp	r4, #9
10002f8c:	d800      	bhi.n	10002f90 <_vsnprintf+0x20c>
10002f8e:	3807      	subs	r0, #7
10002f90:	3101      	adds	r1, #1
10002f92:	5468      	strb	r0, [r5, r1]
10002f94:	091a      	lsrs	r2, r3, #4
10002f96:	2b0f      	cmp	r3, #15
10002f98:	d8f0      	bhi.n	10002f7c <_vsnprintf+0x1f8>
10002f9a:	9b0c      	ldr	r3, [sp, #48]	@ 0x30
10002f9c:	4654      	mov	r4, sl
10002f9e:	9d0d      	ldr	r5, [sp, #52]	@ 0x34
10002fa0:	469a      	mov	sl, r3
10002fa2:	910f      	str	r1, [sp, #60]	@ 0x3c
10002fa4:	e133      	b.n	1000320e <_vsnprintf+0x48a>
10002fa6:	9b0c      	ldr	r3, [sp, #48]	@ 0x30
10002fa8:	cb02      	ldmia	r3!, {r1}
10002faa:	4688      	mov	r8, r1
10002fac:	2900      	cmp	r1, #0
10002fae:	db47      	blt.n	10003040 <_vsnprintf+0x2bc>
10002fb0:	930c      	str	r3, [sp, #48]	@ 0x30
10002fb2:	2301      	movs	r3, #1
10002fb4:	469c      	mov	ip, r3
10002fb6:	7870      	ldrb	r0, [r6, #1]
10002fb8:	464e      	mov	r6, r9
10002fba:	44e1      	add	r9, ip
10002fbc:	e731      	b.n	10002e22 <_vsnprintf+0x9e>
10002fbe:	9b0c      	ldr	r3, [sp, #48]	@ 0x30
10002fc0:	cb02      	ldmia	r3!, {r1}
10002fc2:	9314      	str	r3, [sp, #80]	@ 0x50
10002fc4:	4653      	mov	r3, sl
10002fc6:	2b00      	cmp	r3, #0
10002fc8:	d100      	bne.n	10002fcc <_vsnprintf+0x248>
10002fca:	e138      	b.n	1000323e <_vsnprintf+0x4ba>
10002fcc:	469c      	mov	ip, r3
10002fce:	7808      	ldrb	r0, [r1, #0]
10002fd0:	000b      	movs	r3, r1
10002fd2:	900c      	str	r0, [sp, #48]	@ 0x30
10002fd4:	448c      	add	ip, r1
10002fd6:	2800      	cmp	r0, #0
10002fd8:	d101      	bne.n	10002fde <_vsnprintf+0x25a>
10002fda:	f000 fc98 	bl	1000390e <_vsnprintf+0xb8a>
10002fde:	4689      	mov	r9, r1
10002fe0:	4661      	mov	r1, ip
10002fe2:	4694      	mov	ip, r2
10002fe4:	e003      	b.n	10002fee <_vsnprintf+0x26a>
10002fe6:	785a      	ldrb	r2, [r3, #1]
10002fe8:	3301      	adds	r3, #1
10002fea:	2a00      	cmp	r2, #0
10002fec:	d001      	beq.n	10002ff2 <_vsnprintf+0x26e>
10002fee:	428b      	cmp	r3, r1
10002ff0:	d1f9      	bne.n	10002fe6 <_vsnprintf+0x262>
10002ff2:	4649      	mov	r1, r9
10002ff4:	4662      	mov	r2, ip
10002ff6:	1a5b      	subs	r3, r3, r1
10002ff8:	900c      	str	r0, [sp, #48]	@ 0x30
10002ffa:	930f      	str	r3, [sp, #60]	@ 0x3c
10002ffc:	0553      	lsls	r3, r2, #21
10002ffe:	d500      	bpl.n	10003002 <_vsnprintf+0x27e>
10003000:	e120      	b.n	10003244 <_vsnprintf+0x4c0>
10003002:	2302      	movs	r3, #2
10003004:	0018      	movs	r0, r3
10003006:	4010      	ands	r0, r2
10003008:	900d      	str	r0, [sp, #52]	@ 0x34
1000300a:	4213      	tst	r3, r2
1000300c:	d100      	bne.n	10003010 <_vsnprintf+0x28c>
1000300e:	e3cb      	b.n	100037a8 <_vsnprintf+0xa24>
10003010:	930d      	str	r3, [sp, #52]	@ 0x34
10003012:	1b0b      	subs	r3, r1, r4
10003014:	46b1      	mov	r9, r6
10003016:	469a      	mov	sl, r3
10003018:	465e      	mov	r6, fp
1000301a:	980c      	ldr	r0, [sp, #48]	@ 0x30
1000301c:	0022      	movs	r2, r4
1000301e:	003b      	movs	r3, r7
10003020:	0031      	movs	r1, r6
10003022:	47a8      	blx	r5
10003024:	4653      	mov	r3, sl
10003026:	3401      	adds	r4, #1
10003028:	5d18      	ldrb	r0, [r3, r4]
1000302a:	2800      	cmp	r0, #0
1000302c:	d1f6      	bne.n	1000301c <_vsnprintf+0x298>
1000302e:	46b3      	mov	fp, r6
10003030:	464e      	mov	r6, r9
10003032:	9b0d      	ldr	r3, [sp, #52]	@ 0x34
10003034:	2b00      	cmp	r3, #0
10003036:	d000      	beq.n	1000303a <_vsnprintf+0x2b6>
10003038:	e1c7      	b.n	100033ca <_vsnprintf+0x646>
1000303a:	9b14      	ldr	r3, [sp, #80]	@ 0x50
1000303c:	930c      	str	r3, [sp, #48]	@ 0x30
1000303e:	e6c9      	b.n	10002dd4 <_vsnprintf+0x50>
10003040:	930c      	str	r3, [sp, #48]	@ 0x30
10003042:	2301      	movs	r3, #1
10003044:	469c      	mov	ip, r3
10003046:	3828      	subs	r0, #40	@ 0x28
10003048:	4249      	negs	r1, r1
1000304a:	4302      	orrs	r2, r0
1000304c:	4688      	mov	r8, r1
1000304e:	7870      	ldrb	r0, [r6, #1]
10003050:	464e      	mov	r6, r9
10003052:	44e1      	add	r9, ip
10003054:	e6e5      	b.n	10002e22 <_vsnprintf+0x9e>
10003056:	7870      	ldrb	r0, [r6, #1]
10003058:	286c      	cmp	r0, #108	@ 0x6c
1000305a:	d100      	bne.n	1000305e <_vsnprintf+0x2da>
1000305c:	e17f      	b.n	1000335e <_vsnprintf+0x5da>
1000305e:	2380      	movs	r3, #128	@ 0x80
10003060:	005b      	lsls	r3, r3, #1
10003062:	431a      	orrs	r2, r3
10003064:	3bff      	subs	r3, #255	@ 0xff
10003066:	469c      	mov	ip, r3
10003068:	44e1      	add	r9, ip
1000306a:	e702      	b.n	10002e72 <_vsnprintf+0xee>
1000306c:	2380      	movs	r3, #128	@ 0x80
1000306e:	009b      	lsls	r3, r3, #2
10003070:	431a      	orrs	r2, r3
10003072:	2301      	movs	r3, #1
10003074:	469c      	mov	ip, r3
10003076:	7870      	ldrb	r0, [r6, #1]
10003078:	44e1      	add	r9, ip
1000307a:	e6fa      	b.n	10002e72 <_vsnprintf+0xee>
1000307c:	7870      	ldrb	r0, [r6, #1]
1000307e:	2868      	cmp	r0, #104	@ 0x68
10003080:	d100      	bne.n	10003084 <_vsnprintf+0x300>
10003082:	e173      	b.n	1000336c <_vsnprintf+0x5e8>
10003084:	2380      	movs	r3, #128	@ 0x80
10003086:	431a      	orrs	r2, r3
10003088:	3b7f      	subs	r3, #127	@ 0x7f
1000308a:	469c      	mov	ip, r3
1000308c:	44e1      	add	r9, ip
1000308e:	e6f0      	b.n	10002e72 <_vsnprintf+0xee>
10003090:	2867      	cmp	r0, #103	@ 0x67
10003092:	d100      	bne.n	10003096 <_vsnprintf+0x312>
10003094:	e103      	b.n	1000329e <_vsnprintf+0x51a>
10003096:	2847      	cmp	r0, #71	@ 0x47
10003098:	d100      	bne.n	1000309c <_vsnprintf+0x318>
1000309a:	e15a      	b.n	10003352 <_vsnprintf+0x5ce>
1000309c:	2845      	cmp	r0, #69	@ 0x45
1000309e:	d100      	bne.n	100030a2 <_vsnprintf+0x31e>
100030a0:	e15a      	b.n	10003358 <_vsnprintf+0x5d4>
100030a2:	9204      	str	r2, [sp, #16]
100030a4:	2107      	movs	r1, #7
100030a6:	4642      	mov	r2, r8
100030a8:	9b0c      	ldr	r3, [sp, #48]	@ 0x30
100030aa:	9203      	str	r2, [sp, #12]
100030ac:	3307      	adds	r3, #7
100030ae:	4652      	mov	r2, sl
100030b0:	438b      	bics	r3, r1
100030b2:	0019      	movs	r1, r3
100030b4:	9202      	str	r2, [sp, #8]
100030b6:	c90c      	ldmia	r1!, {r2, r3}
100030b8:	0028      	movs	r0, r5
100030ba:	9200      	str	r2, [sp, #0]
100030bc:	9301      	str	r3, [sp, #4]
100030be:	910c      	str	r1, [sp, #48]	@ 0x30
100030c0:	0022      	movs	r2, r4
100030c2:	003b      	movs	r3, r7
100030c4:	4659      	mov	r1, fp
100030c6:	f7ff fb9f 	bl	10002808 <_etoa>
100030ca:	0004      	movs	r4, r0
100030cc:	e682      	b.n	10002dd4 <_vsnprintf+0x50>
100030ce:	46c0      	nop			@ (mov r8, r8)
100030d0:	10002d85 	.word	0x10002d85
100030d4:	20001f9c 	.word	0x20001f9c
100030d8:	10009844 	.word	0x10009844
100030dc:	10009888 	.word	0x10009888
100030e0:	100098d4 	.word	0x100098d4
100030e4:	00009041 	.word	0x00009041
100030e8:	2846      	cmp	r0, #70	@ 0x46
100030ea:	d100      	bne.n	100030ee <_vsnprintf+0x36a>
100030ec:	e0db      	b.n	100032a6 <_vsnprintf+0x522>
100030ee:	9204      	str	r2, [sp, #16]
100030f0:	2107      	movs	r1, #7
100030f2:	4642      	mov	r2, r8
100030f4:	9b0c      	ldr	r3, [sp, #48]	@ 0x30
100030f6:	9203      	str	r2, [sp, #12]
100030f8:	3307      	adds	r3, #7
100030fa:	4652      	mov	r2, sl
100030fc:	438b      	bics	r3, r1
100030fe:	0019      	movs	r1, r3
10003100:	9202      	str	r2, [sp, #8]
10003102:	c90c      	ldmia	r1!, {r2, r3}
10003104:	0028      	movs	r0, r5
10003106:	9200      	str	r2, [sp, #0]
10003108:	9301      	str	r3, [sp, #4]
1000310a:	910c      	str	r1, [sp, #48]	@ 0x30
1000310c:	0022      	movs	r2, r4
1000310e:	003b      	movs	r3, r7
10003110:	4659      	mov	r1, fp
10003112:	f7ff f925 	bl	10002360 <_ftoa>
10003116:	0004      	movs	r4, r0
10003118:	e65c      	b.n	10002dd4 <_vsnprintf+0x50>
1000311a:	1c63      	adds	r3, r4, #1
1000311c:	4698      	mov	r8, r3
1000311e:	0022      	movs	r2, r4
10003120:	003b      	movs	r3, r7
10003122:	4659      	mov	r1, fp
10003124:	2025      	movs	r0, #37	@ 0x25
10003126:	47a8      	blx	r5
10003128:	4644      	mov	r4, r8
1000312a:	e653      	b.n	10002dd4 <_vsnprintf+0x50>
1000312c:	9b0c      	ldr	r3, [sp, #48]	@ 0x30
1000312e:	3304      	adds	r3, #4
10003130:	930d      	str	r3, [sp, #52]	@ 0x34
10003132:	1c63      	adds	r3, r4, #1
10003134:	4699      	mov	r9, r3
10003136:	0792      	lsls	r2, r2, #30
10003138:	d400      	bmi.n	1000313c <_vsnprintf+0x3b8>
1000313a:	e122      	b.n	10003382 <_vsnprintf+0x5fe>
1000313c:	9b0c      	ldr	r3, [sp, #48]	@ 0x30
1000313e:	0022      	movs	r2, r4
10003140:	7818      	ldrb	r0, [r3, #0]
10003142:	4659      	mov	r1, fp
10003144:	003b      	movs	r3, r7
10003146:	47a8      	blx	r5
10003148:	4643      	mov	r3, r8
1000314a:	4444      	add	r4, r8
1000314c:	2b01      	cmp	r3, #1
1000314e:	d800      	bhi.n	10003152 <_vsnprintf+0x3ce>
10003150:	e285      	b.n	1000365e <_vsnprintf+0x8da>
10003152:	0033      	movs	r3, r6
10003154:	46b8      	mov	r8, r7
10003156:	002e      	movs	r6, r5
10003158:	465f      	mov	r7, fp
1000315a:	0025      	movs	r5, r4
1000315c:	464c      	mov	r4, r9
1000315e:	4699      	mov	r9, r3
10003160:	0022      	movs	r2, r4
10003162:	4643      	mov	r3, r8
10003164:	3401      	adds	r4, #1
10003166:	0039      	movs	r1, r7
10003168:	2020      	movs	r0, #32
1000316a:	47b0      	blx	r6
1000316c:	42ac      	cmp	r4, r5
1000316e:	d1f7      	bne.n	10003160 <_vsnprintf+0x3dc>
10003170:	002c      	movs	r4, r5
10003172:	46bb      	mov	fp, r7
10003174:	0035      	movs	r5, r6
10003176:	4647      	mov	r7, r8
10003178:	464e      	mov	r6, r9
1000317a:	9b0d      	ldr	r3, [sp, #52]	@ 0x34
1000317c:	930c      	str	r3, [sp, #48]	@ 0x30
1000317e:	e629      	b.n	10002dd4 <_vsnprintf+0x50>
10003180:	4bdb      	ldr	r3, [pc, #876]	@ (100034f0 <_vsnprintf+0x76c>)
10003182:	7830      	ldrb	r0, [r6, #0]
10003184:	4698      	mov	r8, r3
10003186:	2300      	movs	r3, #0
10003188:	4699      	mov	r9, r3
1000318a:	2800      	cmp	r0, #0
1000318c:	d000      	beq.n	10003190 <_vsnprintf+0x40c>
1000318e:	e612      	b.n	10002db6 <_vsnprintf+0x32>
10003190:	2400      	movs	r4, #0
10003192:	e6ae      	b.n	10002ef2 <_vsnprintf+0x16e>
10003194:	286f      	cmp	r0, #111	@ 0x6f
10003196:	d100      	bne.n	1000319a <_vsnprintf+0x416>
10003198:	e088      	b.n	100032ac <_vsnprintf+0x528>
1000319a:	d800      	bhi.n	1000319e <_vsnprintf+0x41a>
1000319c:	e30b      	b.n	100037b6 <_vsnprintf+0xa32>
1000319e:	2310      	movs	r3, #16
100031a0:	2878      	cmp	r0, #120	@ 0x78
100031a2:	d100      	bne.n	100031a6 <_vsnprintf+0x422>
100031a4:	e0cf      	b.n	10003346 <_vsnprintf+0x5c2>
100031a6:	439a      	bics	r2, r3
100031a8:	230a      	movs	r3, #10
100031aa:	469c      	mov	ip, r3
100031ac:	2300      	movs	r3, #0
100031ae:	930f      	str	r3, [sp, #60]	@ 0x3c
100031b0:	330a      	adds	r3, #10
100031b2:	930d      	str	r3, [sp, #52]	@ 0x34
100031b4:	e080      	b.n	100032b8 <_vsnprintf+0x534>
100031b6:	4656      	mov	r6, sl
100031b8:	00b1      	lsls	r1, r6, #2
100031ba:	1989      	adds	r1, r1, r6
100031bc:	0049      	lsls	r1, r1, #1
100031be:	3301      	adds	r3, #1
100031c0:	180e      	adds	r6, r1, r0
100031c2:	7818      	ldrb	r0, [r3, #0]
100031c4:	3e30      	subs	r6, #48	@ 0x30
100031c6:	0001      	movs	r1, r0
100031c8:	3930      	subs	r1, #48	@ 0x30
100031ca:	2909      	cmp	r1, #9
100031cc:	d9f4      	bls.n	100031b8 <_vsnprintf+0x434>
100031ce:	46b2      	mov	sl, r6
100031d0:	001e      	movs	r6, r3
100031d2:	3301      	adds	r3, #1
100031d4:	4699      	mov	r9, r3
100031d6:	e628      	b.n	10002e2a <_vsnprintf+0xa6>
100031d8:	9b0c      	ldr	r3, [sp, #48]	@ 0x30
100031da:	3602      	adds	r6, #2
100031dc:	cb02      	ldmia	r3!, {r1}
100031de:	468a      	mov	sl, r1
100031e0:	43c9      	mvns	r1, r1
100031e2:	4650      	mov	r0, sl
100031e4:	17c9      	asrs	r1, r1, #31
100031e6:	4008      	ands	r0, r1
100031e8:	4682      	mov	sl, r0
100031ea:	930c      	str	r3, [sp, #48]	@ 0x30
100031ec:	7830      	ldrb	r0, [r6, #0]
100031ee:	1c73      	adds	r3, r6, #1
100031f0:	4699      	mov	r9, r3
100031f2:	e61a      	b.n	10002e2a <_vsnprintf+0xa6>
100031f4:	2310      	movs	r3, #16
100031f6:	0010      	movs	r0, r2
100031f8:	4398      	bics	r0, r3
100031fa:	3311      	adds	r3, #17
100031fc:	4318      	orrs	r0, r3
100031fe:	4681      	mov	r9, r0
10003200:	2080      	movs	r0, #128	@ 0x80
10003202:	0013      	movs	r3, r2
10003204:	00c0      	lsls	r0, r0, #3
10003206:	4003      	ands	r3, r0
10003208:	4202      	tst	r2, r0
1000320a:	d100      	bne.n	1000320e <_vsnprintf+0x48a>
1000320c:	e6a9      	b.n	10002f62 <_vsnprintf+0x1de>
1000320e:	464b      	mov	r3, r9
10003210:	9306      	str	r3, [sp, #24]
10003212:	2308      	movs	r3, #8
10003214:	9305      	str	r3, [sp, #20]
10003216:	4653      	mov	r3, sl
10003218:	9304      	str	r3, [sp, #16]
1000321a:	2310      	movs	r3, #16
1000321c:	9303      	str	r3, [sp, #12]
1000321e:	2300      	movs	r3, #0
10003220:	9302      	str	r3, [sp, #8]
10003222:	9b0f      	ldr	r3, [sp, #60]	@ 0x3c
10003224:	0022      	movs	r2, r4
10003226:	9301      	str	r3, [sp, #4]
10003228:	ab1c      	add	r3, sp, #112	@ 0x70
1000322a:	9300      	str	r3, [sp, #0]
1000322c:	4659      	mov	r1, fp
1000322e:	003b      	movs	r3, r7
10003230:	0028      	movs	r0, r5
10003232:	f7fe ff9f 	bl	10002174 <_ntoa_format>
10003236:	4643      	mov	r3, r8
10003238:	0004      	movs	r4, r0
1000323a:	930c      	str	r3, [sp, #48]	@ 0x30
1000323c:	e5ca      	b.n	10002dd4 <_vsnprintf+0x50>
1000323e:	2301      	movs	r3, #1
10003240:	425b      	negs	r3, r3
10003242:	e6c3      	b.n	10002fcc <_vsnprintf+0x248>
10003244:	9b0f      	ldr	r3, [sp, #60]	@ 0x3c
10003246:	4553      	cmp	r3, sl
10003248:	d901      	bls.n	1000324e <_vsnprintf+0x4ca>
1000324a:	4653      	mov	r3, sl
1000324c:	930f      	str	r3, [sp, #60]	@ 0x3c
1000324e:	2302      	movs	r3, #2
10003250:	0018      	movs	r0, r3
10003252:	4010      	ands	r0, r2
10003254:	900d      	str	r0, [sp, #52]	@ 0x34
10003256:	4213      	tst	r3, r2
10003258:	d100      	bne.n	1000325c <_vsnprintf+0x4d8>
1000325a:	e1b7      	b.n	100035cc <_vsnprintf+0x848>
1000325c:	930d      	str	r3, [sp, #52]	@ 0x34
1000325e:	46d1      	mov	r9, sl
10003260:	1b0b      	subs	r3, r1, r4
10003262:	469a      	mov	sl, r3
10003264:	0033      	movs	r3, r6
10003266:	44a1      	add	r9, r4
10003268:	002e      	movs	r6, r5
1000326a:	0022      	movs	r2, r4
1000326c:	464d      	mov	r5, r9
1000326e:	980c      	ldr	r0, [sp, #48]	@ 0x30
10003270:	46b9      	mov	r9, r7
10003272:	465f      	mov	r7, fp
10003274:	469b      	mov	fp, r3
10003276:	e008      	b.n	1000328a <_vsnprintf+0x506>
10003278:	464b      	mov	r3, r9
1000327a:	0039      	movs	r1, r7
1000327c:	1c54      	adds	r4, r2, #1
1000327e:	47b0      	blx	r6
10003280:	4653      	mov	r3, sl
10003282:	5d18      	ldrb	r0, [r3, r4]
10003284:	2800      	cmp	r0, #0
10003286:	d077      	beq.n	10003378 <_vsnprintf+0x5f4>
10003288:	0022      	movs	r2, r4
1000328a:	4295      	cmp	r5, r2
1000328c:	d1f4      	bne.n	10003278 <_vsnprintf+0x4f4>
1000328e:	465b      	mov	r3, fp
10003290:	46bb      	mov	fp, r7
10003292:	464f      	mov	r7, r9
10003294:	46a9      	mov	r9, r5
10003296:	0035      	movs	r5, r6
10003298:	464c      	mov	r4, r9
1000329a:	001e      	movs	r6, r3
1000329c:	e6c9      	b.n	10003032 <_vsnprintf+0x2ae>
1000329e:	2380      	movs	r3, #128	@ 0x80
100032a0:	011b      	lsls	r3, r3, #4
100032a2:	431a      	orrs	r2, r3
100032a4:	e6fd      	b.n	100030a2 <_vsnprintf+0x31e>
100032a6:	2320      	movs	r3, #32
100032a8:	431a      	orrs	r2, r3
100032aa:	e720      	b.n	100030ee <_vsnprintf+0x36a>
100032ac:	2308      	movs	r3, #8
100032ae:	469c      	mov	ip, r3
100032b0:	2300      	movs	r3, #0
100032b2:	930f      	str	r3, [sp, #60]	@ 0x3c
100032b4:	3308      	adds	r3, #8
100032b6:	930d      	str	r3, [sp, #52]	@ 0x34
100032b8:	2380      	movs	r3, #128	@ 0x80
100032ba:	0011      	movs	r1, r2
100032bc:	00db      	lsls	r3, r3, #3
100032be:	4019      	ands	r1, r3
100032c0:	421a      	tst	r2, r3
100032c2:	d100      	bne.n	100032c6 <_vsnprintf+0x542>
100032c4:	e116      	b.n	100034f4 <_vsnprintf+0x770>
100032c6:	230d      	movs	r3, #13
100032c8:	439a      	bics	r2, r3
100032ca:	0010      	movs	r0, r2
100032cc:	2380      	movs	r3, #128	@ 0x80
100032ce:	0002      	movs	r2, r0
100032d0:	009b      	lsls	r3, r3, #2
100032d2:	401a      	ands	r2, r3
100032d4:	9214      	str	r2, [sp, #80]	@ 0x50
100032d6:	4218      	tst	r0, r3
100032d8:	d000      	beq.n	100032dc <_vsnprintf+0x558>
100032da:	e1c2      	b.n	10003662 <_vsnprintf+0x8de>
100032dc:	2380      	movs	r3, #128	@ 0x80
100032de:	0002      	movs	r2, r0
100032e0:	005b      	lsls	r3, r3, #1
100032e2:	401a      	ands	r2, r3
100032e4:	4691      	mov	r9, r2
100032e6:	9a0c      	ldr	r2, [sp, #48]	@ 0x30
100032e8:	3204      	adds	r2, #4
100032ea:	920f      	str	r2, [sp, #60]	@ 0x3c
100032ec:	4218      	tst	r0, r3
100032ee:	d000      	beq.n	100032f2 <_vsnprintf+0x56e>
100032f0:	e2b7      	b.n	10003862 <_vsnprintf+0xade>
100032f2:	0643      	lsls	r3, r0, #25
100032f4:	d500      	bpl.n	100032f8 <_vsnprintf+0x574>
100032f6:	e19f      	b.n	10003638 <_vsnprintf+0x8b4>
100032f8:	0603      	lsls	r3, r0, #24
100032fa:	d400      	bmi.n	100032fe <_vsnprintf+0x57a>
100032fc:	e319      	b.n	10003932 <_vsnprintf+0xbae>
100032fe:	9b0c      	ldr	r3, [sp, #48]	@ 0x30
10003300:	881b      	ldrh	r3, [r3, #0]
10003302:	9309      	str	r3, [sp, #36]	@ 0x24
10003304:	2b00      	cmp	r3, #0
10003306:	d000      	beq.n	1000330a <_vsnprintf+0x586>
10003308:	e1fc      	b.n	10003704 <_vsnprintf+0x980>
1000330a:	3310      	adds	r3, #16
1000330c:	4398      	bics	r0, r3
1000330e:	2900      	cmp	r1, #0
10003310:	d100      	bne.n	10003314 <_vsnprintf+0x590>
10003312:	e1f7      	b.n	10003704 <_vsnprintf+0x980>
10003314:	2300      	movs	r3, #0
10003316:	4699      	mov	r9, r3
10003318:	4643      	mov	r3, r8
1000331a:	9305      	str	r3, [sp, #20]
1000331c:	4653      	mov	r3, sl
1000331e:	9304      	str	r3, [sp, #16]
10003320:	9b0d      	ldr	r3, [sp, #52]	@ 0x34
10003322:	9006      	str	r0, [sp, #24]
10003324:	9303      	str	r3, [sp, #12]
10003326:	2300      	movs	r3, #0
10003328:	e0d2      	b.n	100034d0 <_vsnprintf+0x74c>
1000332a:	2858      	cmp	r0, #88	@ 0x58
1000332c:	d008      	beq.n	10003340 <_vsnprintf+0x5bc>
1000332e:	2862      	cmp	r0, #98	@ 0x62
10003330:	d167      	bne.n	10003402 <_vsnprintf+0x67e>
10003332:	2302      	movs	r3, #2
10003334:	469c      	mov	ip, r3
10003336:	2300      	movs	r3, #0
10003338:	930f      	str	r3, [sp, #60]	@ 0x3c
1000333a:	3302      	adds	r3, #2
1000333c:	930d      	str	r3, [sp, #52]	@ 0x34
1000333e:	e7bb      	b.n	100032b8 <_vsnprintf+0x534>
10003340:	2320      	movs	r3, #32
10003342:	431a      	orrs	r2, r3
10003344:	3b10      	subs	r3, #16
10003346:	469c      	mov	ip, r3
10003348:	2300      	movs	r3, #0
1000334a:	930f      	str	r3, [sp, #60]	@ 0x3c
1000334c:	3310      	adds	r3, #16
1000334e:	930d      	str	r3, [sp, #52]	@ 0x34
10003350:	e7b2      	b.n	100032b8 <_vsnprintf+0x534>
10003352:	2380      	movs	r3, #128	@ 0x80
10003354:	011b      	lsls	r3, r3, #4
10003356:	431a      	orrs	r2, r3
10003358:	2320      	movs	r3, #32
1000335a:	431a      	orrs	r2, r3
1000335c:	e6a1      	b.n	100030a2 <_vsnprintf+0x31e>
1000335e:	23c0      	movs	r3, #192	@ 0xc0
10003360:	009b      	lsls	r3, r3, #2
10003362:	431a      	orrs	r2, r3
10003364:	1cf3      	adds	r3, r6, #3
10003366:	4699      	mov	r9, r3
10003368:	78b0      	ldrb	r0, [r6, #2]
1000336a:	e582      	b.n	10002e72 <_vsnprintf+0xee>
1000336c:	23c0      	movs	r3, #192	@ 0xc0
1000336e:	431a      	orrs	r2, r3
10003370:	1cf3      	adds	r3, r6, #3
10003372:	4699      	mov	r9, r3
10003374:	78b0      	ldrb	r0, [r6, #2]
10003376:	e57c      	b.n	10002e72 <_vsnprintf+0xee>
10003378:	0035      	movs	r5, r6
1000337a:	465e      	mov	r6, fp
1000337c:	46bb      	mov	fp, r7
1000337e:	464f      	mov	r7, r9
10003380:	e657      	b.n	10003032 <_vsnprintf+0x2ae>
10003382:	4643      	mov	r3, r8
10003384:	2b01      	cmp	r3, #1
10003386:	d800      	bhi.n	1000338a <_vsnprintf+0x606>
10003388:	e163      	b.n	10003652 <_vsnprintf+0x8ce>
1000338a:	1e63      	subs	r3, r4, #1
1000338c:	4443      	add	r3, r8
1000338e:	469a      	mov	sl, r3
10003390:	0033      	movs	r3, r6
10003392:	46b9      	mov	r9, r7
10003394:	002e      	movs	r6, r5
10003396:	465f      	mov	r7, fp
10003398:	4655      	mov	r5, sl
1000339a:	469b      	mov	fp, r3
1000339c:	46a2      	mov	sl, r4
1000339e:	0022      	movs	r2, r4
100033a0:	464b      	mov	r3, r9
100033a2:	3401      	adds	r4, #1
100033a4:	0039      	movs	r1, r7
100033a6:	2020      	movs	r0, #32
100033a8:	47b0      	blx	r6
100033aa:	42ac      	cmp	r4, r5
100033ac:	d1f7      	bne.n	1000339e <_vsnprintf+0x61a>
100033ae:	0035      	movs	r5, r6
100033b0:	465e      	mov	r6, fp
100033b2:	46bb      	mov	fp, r7
100033b4:	464f      	mov	r7, r9
100033b6:	46a1      	mov	r9, r4
100033b8:	4654      	mov	r4, sl
100033ba:	9b0c      	ldr	r3, [sp, #48]	@ 0x30
100033bc:	464a      	mov	r2, r9
100033be:	7818      	ldrb	r0, [r3, #0]
100033c0:	4659      	mov	r1, fp
100033c2:	003b      	movs	r3, r7
100033c4:	4444      	add	r4, r8
100033c6:	47a8      	blx	r5
100033c8:	e6d7      	b.n	1000317a <_vsnprintf+0x3f6>
100033ca:	46a1      	mov	r9, r4
100033cc:	9b0f      	ldr	r3, [sp, #60]	@ 0x3c
100033ce:	4598      	cmp	r8, r3
100033d0:	d800      	bhi.n	100033d4 <_vsnprintf+0x650>
100033d2:	e632      	b.n	1000303a <_vsnprintf+0x2b6>
100033d4:	4444      	add	r4, r8
100033d6:	1ae4      	subs	r4, r4, r3
100033d8:	0033      	movs	r3, r6
100033da:	46b8      	mov	r8, r7
100033dc:	002e      	movs	r6, r5
100033de:	465f      	mov	r7, fp
100033e0:	0025      	movs	r5, r4
100033e2:	464c      	mov	r4, r9
100033e4:	4699      	mov	r9, r3
100033e6:	0022      	movs	r2, r4
100033e8:	4643      	mov	r3, r8
100033ea:	3401      	adds	r4, #1
100033ec:	0039      	movs	r1, r7
100033ee:	2020      	movs	r0, #32
100033f0:	47b0      	blx	r6
100033f2:	42ac      	cmp	r4, r5
100033f4:	d1f7      	bne.n	100033e6 <_vsnprintf+0x662>
100033f6:	002c      	movs	r4, r5
100033f8:	46bb      	mov	fp, r7
100033fa:	0035      	movs	r5, r6
100033fc:	4647      	mov	r7, r8
100033fe:	464e      	mov	r6, r9
10003400:	e61b      	b.n	1000303a <_vsnprintf+0x2b6>
10003402:	2380      	movs	r3, #128	@ 0x80
10003404:	0010      	movs	r0, r2
10003406:	00db      	lsls	r3, r3, #3
10003408:	4018      	ands	r0, r3
1000340a:	421a      	tst	r2, r3
1000340c:	d100      	bne.n	10003410 <_vsnprintf+0x68c>
1000340e:	e10f      	b.n	10003630 <_vsnprintf+0x8ac>
10003410:	2111      	movs	r1, #17
10003412:	0018      	movs	r0, r3
10003414:	438a      	bics	r2, r1
10003416:	920d      	str	r2, [sp, #52]	@ 0x34
10003418:	9a0d      	ldr	r2, [sp, #52]	@ 0x34
1000341a:	2380      	movs	r3, #128	@ 0x80
1000341c:	0011      	movs	r1, r2
1000341e:	009b      	lsls	r3, r3, #2
10003420:	4019      	ands	r1, r3
10003422:	468c      	mov	ip, r1
10003424:	421a      	tst	r2, r3
10003426:	d169      	bne.n	100034fc <_vsnprintf+0x778>
10003428:	2380      	movs	r3, #128	@ 0x80
1000342a:	0011      	movs	r1, r2
1000342c:	005b      	lsls	r3, r3, #1
1000342e:	4019      	ands	r1, r3
10003430:	4689      	mov	r9, r1
10003432:	990c      	ldr	r1, [sp, #48]	@ 0x30
10003434:	3104      	adds	r1, #4
10003436:	910f      	str	r1, [sp, #60]	@ 0x3c
10003438:	421a      	tst	r2, r3
1000343a:	d000      	beq.n	1000343e <_vsnprintf+0x6ba>
1000343c:	e1ca      	b.n	100037d4 <_vsnprintf+0xa50>
1000343e:	0013      	movs	r3, r2
10003440:	065b      	lsls	r3, r3, #25
10003442:	d500      	bpl.n	10003446 <_vsnprintf+0x6c2>
10003444:	e0f0      	b.n	10003628 <_vsnprintf+0x8a4>
10003446:	0013      	movs	r3, r2
10003448:	061b      	lsls	r3, r3, #24
1000344a:	d400      	bmi.n	1000344e <_vsnprintf+0x6ca>
1000344c:	e259      	b.n	10003902 <_vsnprintf+0xb7e>
1000344e:	9b0c      	ldr	r3, [sp, #48]	@ 0x30
10003450:	2200      	movs	r2, #0
10003452:	5e9b      	ldrsh	r3, [r3, r2]
10003454:	17d9      	asrs	r1, r3, #31
10003456:	185a      	adds	r2, r3, r1
10003458:	404a      	eors	r2, r1
1000345a:	b292      	uxth	r2, r2
1000345c:	0fd9      	lsrs	r1, r3, #31
1000345e:	910c      	str	r1, [sp, #48]	@ 0x30
10003460:	2b00      	cmp	r3, #0
10003462:	d100      	bne.n	10003466 <_vsnprintf+0x6e2>
10003464:	e1f9      	b.n	1000385a <_vsnprintf+0xad6>
10003466:	0010      	movs	r0, r2
10003468:	aa14      	add	r2, sp, #80	@ 0x50
1000346a:	4694      	mov	ip, r2
1000346c:	4642      	mov	r2, r8
1000346e:	231f      	movs	r3, #31
10003470:	9214      	str	r2, [sp, #80]	@ 0x50
10003472:	4652      	mov	r2, sl
10003474:	4463      	add	r3, ip
10003476:	46a8      	mov	r8, r5
10003478:	9416      	str	r4, [sp, #88]	@ 0x58
1000347a:	464d      	mov	r5, r9
1000347c:	0004      	movs	r4, r0
1000347e:	46b9      	mov	r9, r7
10003480:	46b2      	mov	sl, r6
10003482:	001f      	movs	r7, r3
10003484:	9215      	str	r2, [sp, #84]	@ 0x54
10003486:	e001      	b.n	1000348c <_vsnprintf+0x708>
10003488:	2d20      	cmp	r5, #32
1000348a:	d00f      	beq.n	100034ac <_vsnprintf+0x728>
1000348c:	0020      	movs	r0, r4
1000348e:	210a      	movs	r1, #10
10003490:	f7fe fa3c 	bl	1000190c <__wrap___aeabi_uidiv>
10003494:	3501      	adds	r5, #1
10003496:	197e      	adds	r6, r7, r5
10003498:	3130      	adds	r1, #48	@ 0x30
1000349a:	7031      	strb	r1, [r6, #0]
1000349c:	0020      	movs	r0, r4
1000349e:	210a      	movs	r1, #10
100034a0:	f7fe fa34 	bl	1000190c <__wrap___aeabi_uidiv>
100034a4:	0026      	movs	r6, r4
100034a6:	0004      	movs	r4, r0
100034a8:	2e09      	cmp	r6, #9
100034aa:	d8ed      	bhi.n	10003488 <_vsnprintf+0x704>
100034ac:	9b14      	ldr	r3, [sp, #80]	@ 0x50
100034ae:	464f      	mov	r7, r9
100034b0:	46a9      	mov	r9, r5
100034b2:	4645      	mov	r5, r8
100034b4:	4698      	mov	r8, r3
100034b6:	9b15      	ldr	r3, [sp, #84]	@ 0x54
100034b8:	4656      	mov	r6, sl
100034ba:	469a      	mov	sl, r3
100034bc:	9c16      	ldr	r4, [sp, #88]	@ 0x58
100034be:	9b0d      	ldr	r3, [sp, #52]	@ 0x34
100034c0:	9306      	str	r3, [sp, #24]
100034c2:	4643      	mov	r3, r8
100034c4:	9305      	str	r3, [sp, #20]
100034c6:	4653      	mov	r3, sl
100034c8:	9304      	str	r3, [sp, #16]
100034ca:	230a      	movs	r3, #10
100034cc:	9303      	str	r3, [sp, #12]
100034ce:	9b0c      	ldr	r3, [sp, #48]	@ 0x30
100034d0:	9302      	str	r3, [sp, #8]
100034d2:	464b      	mov	r3, r9
100034d4:	9301      	str	r3, [sp, #4]
100034d6:	ab1c      	add	r3, sp, #112	@ 0x70
100034d8:	0022      	movs	r2, r4
100034da:	9300      	str	r3, [sp, #0]
100034dc:	4659      	mov	r1, fp
100034de:	003b      	movs	r3, r7
100034e0:	0028      	movs	r0, r5
100034e2:	f7fe fe47 	bl	10002174 <_ntoa_format>
100034e6:	9b0f      	ldr	r3, [sp, #60]	@ 0x3c
100034e8:	0004      	movs	r4, r0
100034ea:	930c      	str	r3, [sp, #48]	@ 0x30
100034ec:	e472      	b.n	10002dd4 <_vsnprintf+0x50>
100034ee:	46c0      	nop			@ (mov r8, r8)
100034f0:	100020c5 	.word	0x100020c5
100034f4:	230c      	movs	r3, #12
100034f6:	439a      	bics	r2, r3
100034f8:	0010      	movs	r0, r2
100034fa:	e6e7      	b.n	100032cc <_vsnprintf+0x548>
100034fc:	2207      	movs	r2, #7
100034fe:	9b0c      	ldr	r3, [sp, #48]	@ 0x30
10003500:	3307      	adds	r3, #7
10003502:	4393      	bics	r3, r2
10003504:	3201      	adds	r2, #1
10003506:	4694      	mov	ip, r2
10003508:	449c      	add	ip, r3
1000350a:	4662      	mov	r2, ip
1000350c:	920c      	str	r2, [sp, #48]	@ 0x30
1000350e:	cb0c      	ldmia	r3, {r2, r3}
10003510:	0fd9      	lsrs	r1, r3, #31
10003512:	910f      	str	r1, [sp, #60]	@ 0x3c
10003514:	0011      	movs	r1, r2
10003516:	4319      	orrs	r1, r3
10003518:	d100      	bne.n	1000351c <_vsnprintf+0x798>
1000351a:	e091      	b.n	10003640 <_vsnprintf+0x8bc>
1000351c:	17d9      	asrs	r1, r3, #31
1000351e:	9113      	str	r1, [sp, #76]	@ 0x4c
10003520:	9112      	str	r1, [sp, #72]	@ 0x48
10003522:	4051      	eors	r1, r2
10003524:	9110      	str	r1, [sp, #64]	@ 0x40
10003526:	9913      	ldr	r1, [sp, #76]	@ 0x4c
10003528:	4059      	eors	r1, r3
1000352a:	9111      	str	r1, [sp, #68]	@ 0x44
1000352c:	9810      	ldr	r0, [sp, #64]	@ 0x40
1000352e:	9911      	ldr	r1, [sp, #68]	@ 0x44
10003530:	9a12      	ldr	r2, [sp, #72]	@ 0x48
10003532:	9b13      	ldr	r3, [sp, #76]	@ 0x4c
10003534:	1a80      	subs	r0, r0, r2
10003536:	4199      	sbcs	r1, r3
10003538:	9010      	str	r0, [sp, #64]	@ 0x40
1000353a:	9111      	str	r1, [sp, #68]	@ 0x44
1000353c:	aa14      	add	r2, sp, #80	@ 0x50
1000353e:	2300      	movs	r3, #0
10003540:	4694      	mov	ip, r2
10003542:	4642      	mov	r2, r8
10003544:	4699      	mov	r9, r3
10003546:	9214      	str	r2, [sp, #80]	@ 0x50
10003548:	4652      	mov	r2, sl
1000354a:	331f      	adds	r3, #31
1000354c:	4463      	add	r3, ip
1000354e:	46a8      	mov	r8, r5
10003550:	46b2      	mov	sl, r6
10003552:	9416      	str	r4, [sp, #88]	@ 0x58
10003554:	464e      	mov	r6, r9
10003556:	9c10      	ldr	r4, [sp, #64]	@ 0x40
10003558:	9d11      	ldr	r5, [sp, #68]	@ 0x44
1000355a:	46b9      	mov	r9, r7
1000355c:	9215      	str	r2, [sp, #84]	@ 0x54
1000355e:	001f      	movs	r7, r3
10003560:	e001      	b.n	10003566 <_vsnprintf+0x7e2>
10003562:	2e20      	cmp	r6, #32
10003564:	d010      	beq.n	10003588 <_vsnprintf+0x804>
10003566:	0020      	movs	r0, r4
10003568:	0029      	movs	r1, r5
1000356a:	220a      	movs	r2, #10
1000356c:	2300      	movs	r3, #0
1000356e:	f7fe fa0b 	bl	10001988 <__wrap___aeabi_uldivmod>
10003572:	3601      	adds	r6, #1
10003574:	3230      	adds	r2, #48	@ 0x30
10003576:	002b      	movs	r3, r5
10003578:	55ba      	strb	r2, [r7, r6]
1000357a:	000d      	movs	r5, r1
1000357c:	0022      	movs	r2, r4
1000357e:	0004      	movs	r4, r0
10003580:	2b00      	cmp	r3, #0
10003582:	d1ee      	bne.n	10003562 <_vsnprintf+0x7de>
10003584:	2a09      	cmp	r2, #9
10003586:	d8ec      	bhi.n	10003562 <_vsnprintf+0x7de>
10003588:	9b14      	ldr	r3, [sp, #80]	@ 0x50
1000358a:	9410      	str	r4, [sp, #64]	@ 0x40
1000358c:	9511      	str	r5, [sp, #68]	@ 0x44
1000358e:	4645      	mov	r5, r8
10003590:	4698      	mov	r8, r3
10003592:	9b15      	ldr	r3, [sp, #84]	@ 0x54
10003594:	464f      	mov	r7, r9
10003596:	46b1      	mov	r9, r6
10003598:	4656      	mov	r6, sl
1000359a:	469a      	mov	sl, r3
1000359c:	9c16      	ldr	r4, [sp, #88]	@ 0x58
1000359e:	9b0d      	ldr	r3, [sp, #52]	@ 0x34
100035a0:	9306      	str	r3, [sp, #24]
100035a2:	4643      	mov	r3, r8
100035a4:	9305      	str	r3, [sp, #20]
100035a6:	4653      	mov	r3, sl
100035a8:	9304      	str	r3, [sp, #16]
100035aa:	230a      	movs	r3, #10
100035ac:	9303      	str	r3, [sp, #12]
100035ae:	9b0f      	ldr	r3, [sp, #60]	@ 0x3c
100035b0:	9302      	str	r3, [sp, #8]
100035b2:	464b      	mov	r3, r9
100035b4:	9301      	str	r3, [sp, #4]
100035b6:	ab1c      	add	r3, sp, #112	@ 0x70
100035b8:	0022      	movs	r2, r4
100035ba:	9300      	str	r3, [sp, #0]
100035bc:	4659      	mov	r1, fp
100035be:	003b      	movs	r3, r7
100035c0:	0028      	movs	r0, r5
100035c2:	f7fe fdd7 	bl	10002174 <_ntoa_format>
100035c6:	0004      	movs	r4, r0
100035c8:	f7ff fc04 	bl	10002dd4 <_vsnprintf+0x50>
100035cc:	9b0f      	ldr	r3, [sp, #60]	@ 0x3c
100035ce:	4598      	cmp	r8, r3
100035d0:	d800      	bhi.n	100035d4 <_vsnprintf+0x850>
100035d2:	e1c1      	b.n	10003958 <_vsnprintf+0xbd4>
100035d4:	2380      	movs	r3, #128	@ 0x80
100035d6:	00db      	lsls	r3, r3, #3
100035d8:	930d      	str	r3, [sp, #52]	@ 0x34
100035da:	4643      	mov	r3, r8
100035dc:	9a0f      	ldr	r2, [sp, #60]	@ 0x3c
100035de:	191b      	adds	r3, r3, r4
100035e0:	1a9b      	subs	r3, r3, r2
100035e2:	4699      	mov	r9, r3
100035e4:	0033      	movs	r3, r6
100035e6:	002e      	movs	r6, r5
100035e8:	464d      	mov	r5, r9
100035ea:	46b9      	mov	r9, r7
100035ec:	465f      	mov	r7, fp
100035ee:	469b      	mov	fp, r3
100035f0:	910c      	str	r1, [sp, #48]	@ 0x30
100035f2:	0022      	movs	r2, r4
100035f4:	464b      	mov	r3, r9
100035f6:	3401      	adds	r4, #1
100035f8:	0039      	movs	r1, r7
100035fa:	2020      	movs	r0, #32
100035fc:	47b0      	blx	r6
100035fe:	42ac      	cmp	r4, r5
10003600:	d1f7      	bne.n	100035f2 <_vsnprintf+0x86e>
10003602:	4643      	mov	r3, r8
10003604:	990c      	ldr	r1, [sp, #48]	@ 0x30
10003606:	3301      	adds	r3, #1
10003608:	930f      	str	r3, [sp, #60]	@ 0x3c
1000360a:	780b      	ldrb	r3, [r1, #0]
1000360c:	0035      	movs	r5, r6
1000360e:	930c      	str	r3, [sp, #48]	@ 0x30
10003610:	465e      	mov	r6, fp
10003612:	46bb      	mov	fp, r7
10003614:	464f      	mov	r7, r9
10003616:	2b00      	cmp	r3, #0
10003618:	d100      	bne.n	1000361c <_vsnprintf+0x898>
1000361a:	e50e      	b.n	1000303a <_vsnprintf+0x2b6>
1000361c:	9b0d      	ldr	r3, [sp, #52]	@ 0x34
1000361e:	2b00      	cmp	r3, #0
10003620:	d100      	bne.n	10003624 <_vsnprintf+0x8a0>
10003622:	e4f6      	b.n	10003012 <_vsnprintf+0x28e>
10003624:	2300      	movs	r3, #0
10003626:	e619      	b.n	1000325c <_vsnprintf+0x4d8>
10003628:	9b0c      	ldr	r3, [sp, #48]	@ 0x30
1000362a:	781b      	ldrb	r3, [r3, #0]
1000362c:	001a      	movs	r2, r3
1000362e:	e715      	b.n	1000345c <_vsnprintf+0x6d8>
10003630:	2310      	movs	r3, #16
10003632:	439a      	bics	r2, r3
10003634:	920d      	str	r2, [sp, #52]	@ 0x34
10003636:	e6ef      	b.n	10003418 <_vsnprintf+0x694>
10003638:	9b0c      	ldr	r3, [sp, #48]	@ 0x30
1000363a:	781b      	ldrb	r3, [r3, #0]
1000363c:	9309      	str	r3, [sp, #36]	@ 0x24
1000363e:	e661      	b.n	10003304 <_vsnprintf+0x580>
10003640:	2300      	movs	r3, #0
10003642:	4699      	mov	r9, r3
10003644:	2800      	cmp	r0, #0
10003646:	d1aa      	bne.n	1000359e <_vsnprintf+0x81a>
10003648:	2200      	movs	r2, #0
1000364a:	2300      	movs	r3, #0
1000364c:	9210      	str	r2, [sp, #64]	@ 0x40
1000364e:	9311      	str	r3, [sp, #68]	@ 0x44
10003650:	e774      	b.n	1000353c <_vsnprintf+0x7b8>
10003652:	9b0c      	ldr	r3, [sp, #48]	@ 0x30
10003654:	0022      	movs	r2, r4
10003656:	7818      	ldrb	r0, [r3, #0]
10003658:	4659      	mov	r1, fp
1000365a:	003b      	movs	r3, r7
1000365c:	47a8      	blx	r5
1000365e:	464c      	mov	r4, r9
10003660:	e58b      	b.n	1000317a <_vsnprintf+0x3f6>
10003662:	9a0c      	ldr	r2, [sp, #48]	@ 0x30
10003664:	3bfa      	subs	r3, #250	@ 0xfa
10003666:	3bff      	subs	r3, #255	@ 0xff
10003668:	3207      	adds	r2, #7
1000366a:	439a      	bics	r2, r3
1000366c:	3301      	adds	r3, #1
1000366e:	4699      	mov	r9, r3
10003670:	4491      	add	r9, r2
10003672:	464b      	mov	r3, r9
10003674:	930c      	str	r3, [sp, #48]	@ 0x30
10003676:	6813      	ldr	r3, [r2, #0]
10003678:	6852      	ldr	r2, [r2, #4]
1000367a:	9215      	str	r2, [sp, #84]	@ 0x54
1000367c:	431a      	orrs	r2, r3
1000367e:	d106      	bne.n	1000368e <_vsnprintf+0x90a>
10003680:	3210      	adds	r2, #16
10003682:	4390      	bics	r0, r2
10003684:	2200      	movs	r2, #0
10003686:	9209      	str	r2, [sp, #36]	@ 0x24
10003688:	2900      	cmp	r1, #0
1000368a:	d000      	beq.n	1000368e <_vsnprintf+0x90a>
1000368c:	e081      	b.n	10003792 <_vsnprintf+0xa0e>
1000368e:	2261      	movs	r2, #97	@ 0x61
10003690:	0681      	lsls	r1, r0, #26
10003692:	d500      	bpl.n	10003696 <_vsnprintf+0x912>
10003694:	2241      	movs	r2, #65	@ 0x41
10003696:	b2d2      	uxtb	r2, r2
10003698:	920a      	str	r2, [sp, #40]	@ 0x28
1000369a:	aa14      	add	r2, sp, #80	@ 0x50
1000369c:	4691      	mov	r9, r2
1000369e:	9a0a      	ldr	r2, [sp, #40]	@ 0x28
100036a0:	2100      	movs	r1, #0
100036a2:	3a0a      	subs	r2, #10
100036a4:	9214      	str	r2, [sp, #80]	@ 0x50
100036a6:	4642      	mov	r2, r8
100036a8:	9217      	str	r2, [sp, #92]	@ 0x5c
100036aa:	4652      	mov	r2, sl
100036ac:	9218      	str	r2, [sp, #96]	@ 0x60
100036ae:	465a      	mov	r2, fp
100036b0:	9109      	str	r1, [sp, #36]	@ 0x24
100036b2:	46b3      	mov	fp, r6
100036b4:	311f      	adds	r1, #31
100036b6:	001e      	movs	r6, r3
100036b8:	9b0f      	ldr	r3, [sp, #60]	@ 0x3c
100036ba:	4449      	add	r1, r9
100036bc:	46ba      	mov	sl, r7
100036be:	9419      	str	r4, [sp, #100]	@ 0x64
100036c0:	951a      	str	r5, [sp, #104]	@ 0x68
100036c2:	2400      	movs	r4, #0
100036c4:	4667      	mov	r7, ip
100036c6:	4698      	mov	r8, r3
100036c8:	4689      	mov	r9, r1
100036ca:	9d15      	ldr	r5, [sp, #84]	@ 0x54
100036cc:	9016      	str	r0, [sp, #88]	@ 0x58
100036ce:	921b      	str	r2, [sp, #108]	@ 0x6c
100036d0:	e00a      	b.n	100036e8 <_vsnprintf+0x964>
100036d2:	3230      	adds	r2, #48	@ 0x30
100036d4:	b2d2      	uxtb	r2, r2
100036d6:	464b      	mov	r3, r9
100036d8:	3401      	adds	r4, #1
100036da:	551a      	strb	r2, [r3, r4]
100036dc:	45a8      	cmp	r8, r5
100036de:	d04a      	beq.n	10003776 <_vsnprintf+0x9f2>
100036e0:	2c20      	cmp	r4, #32
100036e2:	d04a      	beq.n	1000377a <_vsnprintf+0x9f6>
100036e4:	0006      	movs	r6, r0
100036e6:	000d      	movs	r5, r1
100036e8:	003a      	movs	r2, r7
100036ea:	2300      	movs	r3, #0
100036ec:	0030      	movs	r0, r6
100036ee:	0029      	movs	r1, r5
100036f0:	f7fe f94a 	bl	10001988 <__wrap___aeabi_uldivmod>
100036f4:	b2d2      	uxtb	r2, r2
100036f6:	2a09      	cmp	r2, #9
100036f8:	d9eb      	bls.n	100036d2 <_vsnprintf+0x94e>
100036fa:	9b14      	ldr	r3, [sp, #80]	@ 0x50
100036fc:	469c      	mov	ip, r3
100036fe:	4462      	add	r2, ip
10003700:	b2d2      	uxtb	r2, r2
10003702:	e7e8      	b.n	100036d6 <_vsnprintf+0x952>
10003704:	2361      	movs	r3, #97	@ 0x61
10003706:	0682      	lsls	r2, r0, #26
10003708:	d500      	bpl.n	1000370c <_vsnprintf+0x988>
1000370a:	2341      	movs	r3, #65	@ 0x41
1000370c:	b2db      	uxtb	r3, r3
1000370e:	3b0a      	subs	r3, #10
10003710:	930c      	str	r3, [sp, #48]	@ 0x30
10003712:	4643      	mov	r3, r8
10003714:	a914      	add	r1, sp, #80	@ 0x50
10003716:	221f      	movs	r2, #31
10003718:	468c      	mov	ip, r1
1000371a:	9315      	str	r3, [sp, #84]	@ 0x54
1000371c:	4653      	mov	r3, sl
1000371e:	4462      	add	r2, ip
10003720:	46a0      	mov	r8, r4
10003722:	46b2      	mov	sl, r6
10003724:	464c      	mov	r4, r9
10003726:	9717      	str	r7, [sp, #92]	@ 0x5c
10003728:	46a9      	mov	r9, r5
1000372a:	0017      	movs	r7, r2
1000372c:	9d09      	ldr	r5, [sp, #36]	@ 0x24
1000372e:	9e0d      	ldr	r6, [sp, #52]	@ 0x34
10003730:	9014      	str	r0, [sp, #80]	@ 0x50
10003732:	9316      	str	r3, [sp, #88]	@ 0x58
10003734:	e008      	b.n	10003748 <_vsnprintf+0x9c4>
10003736:	3330      	adds	r3, #48	@ 0x30
10003738:	b2db      	uxtb	r3, r3
1000373a:	3401      	adds	r4, #1
1000373c:	553b      	strb	r3, [r7, r4]
1000373e:	42b5      	cmp	r5, r6
10003740:	d30e      	bcc.n	10003760 <_vsnprintf+0x9dc>
10003742:	2c20      	cmp	r4, #32
10003744:	d00c      	beq.n	10003760 <_vsnprintf+0x9dc>
10003746:	0005      	movs	r5, r0
10003748:	0031      	movs	r1, r6
1000374a:	0028      	movs	r0, r5
1000374c:	f7fe f8de 	bl	1000190c <__wrap___aeabi_uidiv>
10003750:	b2cb      	uxtb	r3, r1
10003752:	2909      	cmp	r1, #9
10003754:	d9ef      	bls.n	10003736 <_vsnprintf+0x9b2>
10003756:	9a0c      	ldr	r2, [sp, #48]	@ 0x30
10003758:	4694      	mov	ip, r2
1000375a:	4463      	add	r3, ip
1000375c:	b2db      	uxtb	r3, r3
1000375e:	e7ec      	b.n	1000373a <_vsnprintf+0x9b6>
10003760:	9b15      	ldr	r3, [sp, #84]	@ 0x54
10003762:	464d      	mov	r5, r9
10003764:	46a1      	mov	r9, r4
10003766:	4644      	mov	r4, r8
10003768:	4698      	mov	r8, r3
1000376a:	9b16      	ldr	r3, [sp, #88]	@ 0x58
1000376c:	4656      	mov	r6, sl
1000376e:	9814      	ldr	r0, [sp, #80]	@ 0x50
10003770:	469a      	mov	sl, r3
10003772:	9f17      	ldr	r7, [sp, #92]	@ 0x5c
10003774:	e5d0      	b.n	10003318 <_vsnprintf+0x594>
10003776:	42b7      	cmp	r7, r6
10003778:	d9b2      	bls.n	100036e0 <_vsnprintf+0x95c>
1000377a:	9b17      	ldr	r3, [sp, #92]	@ 0x5c
1000377c:	4657      	mov	r7, sl
1000377e:	4698      	mov	r8, r3
10003780:	9b18      	ldr	r3, [sp, #96]	@ 0x60
10003782:	465e      	mov	r6, fp
10003784:	469a      	mov	sl, r3
10003786:	9b1b      	ldr	r3, [sp, #108]	@ 0x6c
10003788:	9409      	str	r4, [sp, #36]	@ 0x24
1000378a:	469b      	mov	fp, r3
1000378c:	9816      	ldr	r0, [sp, #88]	@ 0x58
1000378e:	9c19      	ldr	r4, [sp, #100]	@ 0x64
10003790:	9d1a      	ldr	r5, [sp, #104]	@ 0x68
10003792:	4643      	mov	r3, r8
10003794:	9305      	str	r3, [sp, #20]
10003796:	4653      	mov	r3, sl
10003798:	9304      	str	r3, [sp, #16]
1000379a:	9b0d      	ldr	r3, [sp, #52]	@ 0x34
1000379c:	9006      	str	r0, [sp, #24]
1000379e:	9303      	str	r3, [sp, #12]
100037a0:	2300      	movs	r3, #0
100037a2:	9302      	str	r3, [sp, #8]
100037a4:	9b09      	ldr	r3, [sp, #36]	@ 0x24
100037a6:	e705      	b.n	100035b4 <_vsnprintf+0x830>
100037a8:	9b0f      	ldr	r3, [sp, #60]	@ 0x3c
100037aa:	4598      	cmp	r8, r3
100037ac:	d900      	bls.n	100037b0 <_vsnprintf+0xa2c>
100037ae:	e714      	b.n	100035da <_vsnprintf+0x856>
100037b0:	3301      	adds	r3, #1
100037b2:	930f      	str	r3, [sp, #60]	@ 0x3c
100037b4:	e42d      	b.n	10003012 <_vsnprintf+0x28e>
100037b6:	2310      	movs	r3, #16
100037b8:	0011      	movs	r1, r2
100037ba:	4399      	bics	r1, r3
100037bc:	910d      	str	r1, [sp, #52]	@ 0x34
100037be:	2869      	cmp	r0, #105	@ 0x69
100037c0:	d000      	beq.n	100037c4 <_vsnprintf+0xa40>
100037c2:	e0ba      	b.n	1000393a <_vsnprintf+0xbb6>
100037c4:	2380      	movs	r3, #128	@ 0x80
100037c6:	0010      	movs	r0, r2
100037c8:	00db      	lsls	r3, r3, #3
100037ca:	4018      	ands	r0, r3
100037cc:	421a      	tst	r2, r3
100037ce:	d100      	bne.n	100037d2 <_vsnprintf+0xa4e>
100037d0:	e622      	b.n	10003418 <_vsnprintf+0x694>
100037d2:	e61d      	b.n	10003410 <_vsnprintf+0x68c>
100037d4:	9b0c      	ldr	r3, [sp, #48]	@ 0x30
100037d6:	681b      	ldr	r3, [r3, #0]
100037d8:	0fda      	lsrs	r2, r3, #31
100037da:	0011      	movs	r1, r2
100037dc:	2b00      	cmp	r3, #0
100037de:	d100      	bne.n	100037e2 <_vsnprintf+0xa5e>
100037e0:	e08c      	b.n	100038fc <_vsnprintf+0xb78>
100037e2:	17da      	asrs	r2, r3, #31
100037e4:	1898      	adds	r0, r3, r2
100037e6:	4050      	eors	r0, r2
100037e8:	aa14      	add	r2, sp, #80	@ 0x50
100037ea:	4691      	mov	r9, r2
100037ec:	4642      	mov	r2, r8
100037ee:	231f      	movs	r3, #31
100037f0:	9214      	str	r2, [sp, #80]	@ 0x50
100037f2:	4652      	mov	r2, sl
100037f4:	444b      	add	r3, r9
100037f6:	46a0      	mov	r8, r4
100037f8:	46a9      	mov	r9, r5
100037fa:	9716      	str	r7, [sp, #88]	@ 0x58
100037fc:	0004      	movs	r4, r0
100037fe:	4665      	mov	r5, ip
10003800:	46b2      	mov	sl, r6
10003802:	001f      	movs	r7, r3
10003804:	910c      	str	r1, [sp, #48]	@ 0x30
10003806:	9215      	str	r2, [sp, #84]	@ 0x54
10003808:	e001      	b.n	1000380e <_vsnprintf+0xa8a>
1000380a:	2d20      	cmp	r5, #32
1000380c:	d00f      	beq.n	1000382e <_vsnprintf+0xaaa>
1000380e:	0020      	movs	r0, r4
10003810:	210a      	movs	r1, #10
10003812:	f7fe f87b 	bl	1000190c <__wrap___aeabi_uidiv>
10003816:	3501      	adds	r5, #1
10003818:	197e      	adds	r6, r7, r5
1000381a:	3130      	adds	r1, #48	@ 0x30
1000381c:	7031      	strb	r1, [r6, #0]
1000381e:	0020      	movs	r0, r4
10003820:	210a      	movs	r1, #10
10003822:	f7fe f873 	bl	1000190c <__wrap___aeabi_uidiv>
10003826:	0026      	movs	r6, r4
10003828:	0004      	movs	r4, r0
1000382a:	2e09      	cmp	r6, #9
1000382c:	d8ed      	bhi.n	1000380a <_vsnprintf+0xa86>
1000382e:	9b14      	ldr	r3, [sp, #80]	@ 0x50
10003830:	4644      	mov	r4, r8
10003832:	4698      	mov	r8, r3
10003834:	9b0c      	ldr	r3, [sp, #48]	@ 0x30
10003836:	46ac      	mov	ip, r5
10003838:	0019      	movs	r1, r3
1000383a:	9b15      	ldr	r3, [sp, #84]	@ 0x54
1000383c:	4656      	mov	r6, sl
1000383e:	464d      	mov	r5, r9
10003840:	469a      	mov	sl, r3
10003842:	9f16      	ldr	r7, [sp, #88]	@ 0x58
10003844:	9b0d      	ldr	r3, [sp, #52]	@ 0x34
10003846:	9102      	str	r1, [sp, #8]
10003848:	9306      	str	r3, [sp, #24]
1000384a:	4643      	mov	r3, r8
1000384c:	9305      	str	r3, [sp, #20]
1000384e:	4653      	mov	r3, sl
10003850:	9304      	str	r3, [sp, #16]
10003852:	230a      	movs	r3, #10
10003854:	9303      	str	r3, [sp, #12]
10003856:	4663      	mov	r3, ip
10003858:	e63c      	b.n	100034d4 <_vsnprintf+0x750>
1000385a:	2800      	cmp	r0, #0
1000385c:	d000      	beq.n	10003860 <_vsnprintf+0xadc>
1000385e:	e62e      	b.n	100034be <_vsnprintf+0x73a>
10003860:	e602      	b.n	10003468 <_vsnprintf+0x6e4>
10003862:	9b0c      	ldr	r3, [sp, #48]	@ 0x30
10003864:	681b      	ldr	r3, [r3, #0]
10003866:	4699      	mov	r9, r3
10003868:	2b00      	cmp	r3, #0
1000386a:	d103      	bne.n	10003874 <_vsnprintf+0xaf0>
1000386c:	3310      	adds	r3, #16
1000386e:	4398      	bics	r0, r3
10003870:	2900      	cmp	r1, #0
10003872:	d138      	bne.n	100038e6 <_vsnprintf+0xb62>
10003874:	2361      	movs	r3, #97	@ 0x61
10003876:	0682      	lsls	r2, r0, #26
10003878:	d500      	bpl.n	1000387c <_vsnprintf+0xaf8>
1000387a:	2341      	movs	r3, #65	@ 0x41
1000387c:	b2db      	uxtb	r3, r3
1000387e:	3b0a      	subs	r3, #10
10003880:	930c      	str	r3, [sp, #48]	@ 0x30
10003882:	4643      	mov	r3, r8
10003884:	9316      	str	r3, [sp, #88]	@ 0x58
10003886:	4653      	mov	r3, sl
10003888:	a914      	add	r1, sp, #80	@ 0x50
1000388a:	221f      	movs	r2, #31
1000388c:	468c      	mov	ip, r1
1000388e:	9317      	str	r3, [sp, #92]	@ 0x5c
10003890:	002b      	movs	r3, r5
10003892:	4462      	add	r2, ip
10003894:	46a0      	mov	r8, r4
10003896:	464d      	mov	r5, r9
10003898:	46b2      	mov	sl, r6
1000389a:	9718      	str	r7, [sp, #96]	@ 0x60
1000389c:	4699      	mov	r9, r3
1000389e:	0017      	movs	r7, r2
100038a0:	9c14      	ldr	r4, [sp, #80]	@ 0x50
100038a2:	9e0d      	ldr	r6, [sp, #52]	@ 0x34
100038a4:	9015      	str	r0, [sp, #84]	@ 0x54
100038a6:	e008      	b.n	100038ba <_vsnprintf+0xb36>
100038a8:	3330      	adds	r3, #48	@ 0x30
100038aa:	b2db      	uxtb	r3, r3
100038ac:	3401      	adds	r4, #1
100038ae:	553b      	strb	r3, [r7, r4]
100038b0:	42b5      	cmp	r5, r6
100038b2:	d30e      	bcc.n	100038d2 <_vsnprintf+0xb4e>
100038b4:	2c20      	cmp	r4, #32
100038b6:	d00c      	beq.n	100038d2 <_vsnprintf+0xb4e>
100038b8:	0005      	movs	r5, r0
100038ba:	0031      	movs	r1, r6
100038bc:	0028      	movs	r0, r5
100038be:	f7fe f825 	bl	1000190c <__wrap___aeabi_uidiv>
100038c2:	b2cb      	uxtb	r3, r1
100038c4:	2909      	cmp	r1, #9
100038c6:	d9ef      	bls.n	100038a8 <_vsnprintf+0xb24>
100038c8:	9a0c      	ldr	r2, [sp, #48]	@ 0x30
100038ca:	4694      	mov	ip, r2
100038cc:	4463      	add	r3, ip
100038ce:	b2db      	uxtb	r3, r3
100038d0:	e7ec      	b.n	100038ac <_vsnprintf+0xb28>
100038d2:	9b16      	ldr	r3, [sp, #88]	@ 0x58
100038d4:	9414      	str	r4, [sp, #80]	@ 0x50
100038d6:	4644      	mov	r4, r8
100038d8:	4698      	mov	r8, r3
100038da:	9b17      	ldr	r3, [sp, #92]	@ 0x5c
100038dc:	4656      	mov	r6, sl
100038de:	464d      	mov	r5, r9
100038e0:	469a      	mov	sl, r3
100038e2:	9815      	ldr	r0, [sp, #84]	@ 0x54
100038e4:	9f18      	ldr	r7, [sp, #96]	@ 0x60
100038e6:	4643      	mov	r3, r8
100038e8:	9305      	str	r3, [sp, #20]
100038ea:	4653      	mov	r3, sl
100038ec:	9304      	str	r3, [sp, #16]
100038ee:	9b0d      	ldr	r3, [sp, #52]	@ 0x34
100038f0:	9006      	str	r0, [sp, #24]
100038f2:	9303      	str	r3, [sp, #12]
100038f4:	2300      	movs	r3, #0
100038f6:	9302      	str	r3, [sp, #8]
100038f8:	9b14      	ldr	r3, [sp, #80]	@ 0x50
100038fa:	e5eb      	b.n	100034d4 <_vsnprintf+0x750>
100038fc:	2800      	cmp	r0, #0
100038fe:	d1a1      	bne.n	10003844 <_vsnprintf+0xac0>
10003900:	e772      	b.n	100037e8 <_vsnprintf+0xa64>
10003902:	9b0c      	ldr	r3, [sp, #48]	@ 0x30
10003904:	681b      	ldr	r3, [r3, #0]
10003906:	17d9      	asrs	r1, r3, #31
10003908:	185a      	adds	r2, r3, r1
1000390a:	404a      	eors	r2, r1
1000390c:	e5a6      	b.n	1000345c <_vsnprintf+0x6d8>
1000390e:	2380      	movs	r3, #128	@ 0x80
10003910:	0010      	movs	r0, r2
10003912:	00db      	lsls	r3, r3, #3
10003914:	4018      	ands	r0, r3
10003916:	469c      	mov	ip, r3
10003918:	900f      	str	r0, [sp, #60]	@ 0x3c
1000391a:	421a      	tst	r2, r3
1000391c:	d00f      	beq.n	1000393e <_vsnprintf+0xbba>
1000391e:	2002      	movs	r0, #2
10003920:	0003      	movs	r3, r0
10003922:	4013      	ands	r3, r2
10003924:	930f      	str	r3, [sp, #60]	@ 0x3c
10003926:	4210      	tst	r0, r2
10003928:	d019      	beq.n	1000395e <_vsnprintf+0xbda>
1000392a:	2300      	movs	r3, #0
1000392c:	46a1      	mov	r9, r4
1000392e:	930f      	str	r3, [sp, #60]	@ 0x3c
10003930:	e54c      	b.n	100033cc <_vsnprintf+0x648>
10003932:	9b0c      	ldr	r3, [sp, #48]	@ 0x30
10003934:	681b      	ldr	r3, [r3, #0]
10003936:	9309      	str	r3, [sp, #36]	@ 0x24
10003938:	e4e4      	b.n	10003304 <_vsnprintf+0x580>
1000393a:	000a      	movs	r2, r1
1000393c:	e434      	b.n	100031a8 <_vsnprintf+0x424>
1000393e:	2302      	movs	r3, #2
10003940:	0018      	movs	r0, r3
10003942:	4010      	ands	r0, r2
10003944:	900d      	str	r0, [sp, #52]	@ 0x34
10003946:	4213      	tst	r3, r2
10003948:	d000      	beq.n	1000394c <_vsnprintf+0xbc8>
1000394a:	e53e      	b.n	100033ca <_vsnprintf+0x646>
1000394c:	4643      	mov	r3, r8
1000394e:	2b00      	cmp	r3, #0
10003950:	d000      	beq.n	10003954 <_vsnprintf+0xbd0>
10003952:	e642      	b.n	100035da <_vsnprintf+0x856>
10003954:	f7ff fb71 	bl	1000303a <_vsnprintf+0x2b6>
10003958:	3301      	adds	r3, #1
1000395a:	930f      	str	r3, [sp, #60]	@ 0x3c
1000395c:	e47f      	b.n	1000325e <_vsnprintf+0x4da>
1000395e:	4663      	mov	r3, ip
10003960:	930d      	str	r3, [sp, #52]	@ 0x34
10003962:	e7f3      	b.n	1000394c <_vsnprintf+0xbc8>

10003964 <vfctprintf>:
10003964:	b510      	push	{r4, lr}
10003966:	000c      	movs	r4, r1
10003968:	b084      	sub	sp, #16
1000396a:	9403      	str	r4, [sp, #12]
1000396c:	2401      	movs	r4, #1
1000396e:	a902      	add	r1, sp, #8
10003970:	9002      	str	r0, [sp, #8]
10003972:	9300      	str	r3, [sp, #0]
10003974:	4803      	ldr	r0, [pc, #12]	@ (10003984 <vfctprintf+0x20>)
10003976:	0013      	movs	r3, r2
10003978:	4262      	negs	r2, r4
1000397a:	f7ff fa03 	bl	10002d84 <_vsnprintf>
1000397e:	b004      	add	sp, #16
10003980:	bd10      	pop	{r4, pc}
10003982:	46c0      	nop			@ (mov r8, r8)
10003984:	10002351 	.word	0x10002351

10003988 <weak_raw_vprintf>:
10003988:	b510      	push	{r4, lr}
1000398a:	4a09      	ldr	r2, [pc, #36]	@ (100039b0 <weak_raw_vprintf+0x28>)
1000398c:	0003      	movs	r3, r0
1000398e:	6814      	ldr	r4, [r2, #0]
10003990:	b084      	sub	sp, #16
10003992:	2c00      	cmp	r4, #0
10003994:	d008      	beq.n	100039a8 <weak_raw_vprintf+0x20>
10003996:	2201      	movs	r2, #1
10003998:	9100      	str	r1, [sp, #0]
1000399a:	4806      	ldr	r0, [pc, #24]	@ (100039b4 <weak_raw_vprintf+0x2c>)
1000399c:	4252      	negs	r2, r2
1000399e:	a903      	add	r1, sp, #12
100039a0:	47a0      	blx	r4
100039a2:	2001      	movs	r0, #1
100039a4:	b004      	add	sp, #16
100039a6:	bd10      	pop	{r4, pc}
100039a8:	f000 f99c 	bl	10003ce4 <__wrap_puts>
100039ac:	2000      	movs	r0, #0
100039ae:	e7f9      	b.n	100039a4 <weak_raw_vprintf+0x1c>
100039b0:	20001f9c 	.word	0x20001f9c
100039b4:	10002341 	.word	0x10002341

100039b8 <_exit>:
100039b8:	2100      	movs	r1, #0
100039ba:	2000      	movs	r0, #0
100039bc:	b510      	push	{r4, lr}
100039be:	f7fd fe1d 	bl	100015fc <rom_reset_usb_boot>
100039c2:	46c0      	nop			@ (mov r8, r8)

100039c4 <exit>:
100039c4:	b510      	push	{r4, lr}
100039c6:	f7ff fff7 	bl	100039b8 <_exit>
100039ca:	46c0      	nop			@ (mov r8, r8)

100039cc <runtime_init>:
100039cc:	b570      	push	{r4, r5, r6, lr}
100039ce:	f7fd fe51 	bl	10001674 <runtime_run_initializers>
100039d2:	4d07      	ldr	r5, [pc, #28]	@ (100039f0 <runtime_init+0x24>)
100039d4:	4e07      	ldr	r6, [pc, #28]	@ (100039f4 <runtime_init+0x28>)
100039d6:	42b5      	cmp	r5, r6
100039d8:	d209      	bcs.n	100039ee <runtime_init+0x22>
100039da:	2400      	movs	r4, #0
100039dc:	3e01      	subs	r6, #1
100039de:	1b76      	subs	r6, r6, r5
100039e0:	08b6      	lsrs	r6, r6, #2
100039e2:	cd08      	ldmia	r5!, {r3}
100039e4:	4798      	blx	r3
100039e6:	0023      	movs	r3, r4
100039e8:	3401      	adds	r4, #1
100039ea:	42b3      	cmp	r3, r6
100039ec:	d1f9      	bne.n	100039e2 <runtime_init+0x16>
100039ee:	bd70      	pop	{r4, r5, r6, pc}
100039f0:	10009604 	.word	0x10009604
100039f4:	10009610 	.word	0x10009610

100039f8 <stdio_out_chars_no_crlf>:
100039f8:	0003      	movs	r3, r0
100039fa:	b510      	push	{r4, lr}
100039fc:	0008      	movs	r0, r1
100039fe:	0011      	movs	r1, r2
10003a00:	681b      	ldr	r3, [r3, #0]
10003a02:	4798      	blx	r3
10003a04:	bd10      	pop	{r4, pc}
10003a06:	46c0      	nop			@ (mov r8, r8)

10003a08 <stdio_out_chars_crlf>:
10003a08:	b5f0      	push	{r4, r5, r6, r7, lr}
10003a0a:	46c6      	mov	lr, r8
10003a0c:	b500      	push	{lr}
10003a0e:	7d43      	ldrb	r3, [r0, #21]
10003a10:	0007      	movs	r7, r0
10003a12:	000c      	movs	r4, r1
10003a14:	0016      	movs	r6, r2
10003a16:	2b00      	cmp	r3, #0
10003a18:	d046      	beq.n	10003aa8 <stdio_out_chars_crlf+0xa0>
10003a1a:	2a00      	cmp	r2, #0
10003a1c:	dd17      	ble.n	10003a4e <stdio_out_chars_crlf+0x46>
10003a1e:	780b      	ldrb	r3, [r1, #0]
10003a20:	2b0a      	cmp	r3, #10
10003a22:	d024      	beq.n	10003a6e <stdio_out_chars_crlf+0x66>
10003a24:	2300      	movs	r3, #0
10003a26:	4698      	mov	r8, r3
10003a28:	2e01      	cmp	r6, #1
10003a2a:	d013      	beq.n	10003a54 <stdio_out_chars_crlf+0x4c>
10003a2c:	2501      	movs	r5, #1
10003a2e:	0029      	movs	r1, r5
10003a30:	5c63      	ldrb	r3, [r4, r1]
10003a32:	3501      	adds	r5, #1
10003a34:	2b0a      	cmp	r3, #10
10003a36:	d026      	beq.n	10003a86 <stdio_out_chars_crlf+0x7e>
10003a38:	42b5      	cmp	r5, r6
10003a3a:	d1f8      	bne.n	10003a2e <stdio_out_chars_crlf+0x26>
10003a3c:	4546      	cmp	r6, r8
10003a3e:	dc09      	bgt.n	10003a54 <stdio_out_chars_crlf+0x4c>
10003a40:	19a4      	adds	r4, r4, r6
10003a42:	3c01      	subs	r4, #1
10003a44:	7823      	ldrb	r3, [r4, #0]
10003a46:	3b0d      	subs	r3, #13
10003a48:	425a      	negs	r2, r3
10003a4a:	4153      	adcs	r3, r2
10003a4c:	753b      	strb	r3, [r7, #20]
10003a4e:	bc80      	pop	{r7}
10003a50:	46b8      	mov	r8, r7
10003a52:	bdf0      	pop	{r4, r5, r6, r7, pc}
10003a54:	4643      	mov	r3, r8
10003a56:	18e0      	adds	r0, r4, r3
10003a58:	19a4      	adds	r4, r4, r6
10003a5a:	1af1      	subs	r1, r6, r3
10003a5c:	3c01      	subs	r4, #1
10003a5e:	683b      	ldr	r3, [r7, #0]
10003a60:	4798      	blx	r3
10003a62:	7823      	ldrb	r3, [r4, #0]
10003a64:	3b0d      	subs	r3, #13
10003a66:	425a      	negs	r2, r3
10003a68:	4153      	adcs	r3, r2
10003a6a:	753b      	strb	r3, [r7, #20]
10003a6c:	e7ef      	b.n	10003a4e <stdio_out_chars_crlf+0x46>
10003a6e:	7d03      	ldrb	r3, [r0, #20]
10003a70:	2b00      	cmp	r3, #0
10003a72:	d1d7      	bne.n	10003a24 <stdio_out_chars_crlf+0x1c>
10003a74:	2102      	movs	r1, #2
10003a76:	480f      	ldr	r0, [pc, #60]	@ (10003ab4 <stdio_out_chars_crlf+0xac>)
10003a78:	683b      	ldr	r3, [r7, #0]
10003a7a:	4798      	blx	r3
10003a7c:	2e01      	cmp	r6, #1
10003a7e:	d0df      	beq.n	10003a40 <stdio_out_chars_crlf+0x38>
10003a80:	2301      	movs	r3, #1
10003a82:	4698      	mov	r8, r3
10003a84:	e7d2      	b.n	10003a2c <stdio_out_chars_crlf+0x24>
10003a86:	1e63      	subs	r3, r4, #1
10003a88:	5c5b      	ldrb	r3, [r3, r1]
10003a8a:	2b0d      	cmp	r3, #13
10003a8c:	d0d4      	beq.n	10003a38 <stdio_out_chars_crlf+0x30>
10003a8e:	4588      	cmp	r8, r1
10003a90:	da04      	bge.n	10003a9c <stdio_out_chars_crlf+0x94>
10003a92:	4643      	mov	r3, r8
10003a94:	1ac9      	subs	r1, r1, r3
10003a96:	18e0      	adds	r0, r4, r3
10003a98:	683b      	ldr	r3, [r7, #0]
10003a9a:	4798      	blx	r3
10003a9c:	2102      	movs	r1, #2
10003a9e:	4805      	ldr	r0, [pc, #20]	@ (10003ab4 <stdio_out_chars_crlf+0xac>)
10003aa0:	683b      	ldr	r3, [r7, #0]
10003aa2:	46a8      	mov	r8, r5
10003aa4:	4798      	blx	r3
10003aa6:	e7c7      	b.n	10003a38 <stdio_out_chars_crlf+0x30>
10003aa8:	6803      	ldr	r3, [r0, #0]
10003aaa:	0011      	movs	r1, r2
10003aac:	0020      	movs	r0, r4
10003aae:	4798      	blx	r3
10003ab0:	e7cd      	b.n	10003a4e <stdio_out_chars_crlf+0x46>
10003ab2:	46c0      	nop			@ (mov r8, r8)
10003ab4:	10009a30 	.word	0x10009a30

10003ab8 <stdio_buffered_printer>:
10003ab8:	b5f0      	push	{r4, r5, r6, r7, lr}
10003aba:	46c6      	mov	lr, r8
10003abc:	680b      	ldr	r3, [r1, #0]
10003abe:	0006      	movs	r6, r0
10003ac0:	000c      	movs	r4, r1
10003ac2:	b500      	push	{lr}
10003ac4:	2b80      	cmp	r3, #128	@ 0x80
10003ac6:	d006      	beq.n	10003ad6 <stdio_buffered_printer+0x1e>
10003ac8:	1c5a      	adds	r2, r3, #1
10003aca:	6022      	str	r2, [r4, #0]
10003acc:	18e4      	adds	r4, r4, r3
10003ace:	7126      	strb	r6, [r4, #4]
10003ad0:	bc80      	pop	{r7}
10003ad2:	46b8      	mov	r8, r7
10003ad4:	bdf0      	pop	{r4, r5, r6, r7, pc}
10003ad6:	4b0f      	ldr	r3, [pc, #60]	@ (10003b14 <stdio_buffered_printer+0x5c>)
10003ad8:	681d      	ldr	r5, [r3, #0]
10003ada:	2d00      	cmp	r5, #0
10003adc:	d016      	beq.n	10003b0c <stdio_buffered_printer+0x54>
10003ade:	1d0b      	adds	r3, r1, #4
10003ae0:	4698      	mov	r8, r3
10003ae2:	4f0d      	ldr	r7, [pc, #52]	@ (10003b18 <stdio_buffered_printer+0x60>)
10003ae4:	e002      	b.n	10003aec <stdio_buffered_printer+0x34>
10003ae6:	692d      	ldr	r5, [r5, #16]
10003ae8:	2d00      	cmp	r5, #0
10003aea:	d00f      	beq.n	10003b0c <stdio_buffered_printer+0x54>
10003aec:	682b      	ldr	r3, [r5, #0]
10003aee:	2b00      	cmp	r3, #0
10003af0:	d0f9      	beq.n	10003ae6 <stdio_buffered_printer+0x2e>
10003af2:	683b      	ldr	r3, [r7, #0]
10003af4:	2b00      	cmp	r3, #0
10003af6:	d001      	beq.n	10003afc <stdio_buffered_printer+0x44>
10003af8:	42ab      	cmp	r3, r5
10003afa:	d1f4      	bne.n	10003ae6 <stdio_buffered_printer+0x2e>
10003afc:	0028      	movs	r0, r5
10003afe:	4641      	mov	r1, r8
10003b00:	6822      	ldr	r2, [r4, #0]
10003b02:	f7ff ff81 	bl	10003a08 <stdio_out_chars_crlf>
10003b06:	692d      	ldr	r5, [r5, #16]
10003b08:	2d00      	cmp	r5, #0
10003b0a:	d1ef      	bne.n	10003aec <stdio_buffered_printer+0x34>
10003b0c:	2201      	movs	r2, #1
10003b0e:	2300      	movs	r3, #0
10003b10:	e7db      	b.n	10003aca <stdio_buffered_printer+0x12>
10003b12:	46c0      	nop			@ (mov r8, r8)
10003b14:	20001b90 	.word	0x20001b90
10003b18:	20001b98 	.word	0x20001b98

10003b1c <stdio_put_string>:
10003b1c:	b5f0      	push	{r4, r5, r6, r7, lr}
10003b1e:	4645      	mov	r5, r8
10003b20:	46de      	mov	lr, fp
10003b22:	464e      	mov	r6, r9
10003b24:	4657      	mov	r7, sl
10003b26:	b5e0      	push	{r5, r6, r7, lr}
10003b28:	b083      	sub	sp, #12
10003b2a:	4691      	mov	r9, r2
10003b2c:	001c      	movs	r4, r3
10003b2e:	4680      	mov	r8, r0
10003b30:	000d      	movs	r5, r1
10003b32:	f7fd fb7b 	bl	1000122c <time_us_64>
10003b36:	2300      	movs	r3, #0
10003b38:	4a30      	ldr	r2, [pc, #192]	@ (10003bfc <stdio_put_string+0xe0>)
10003b3a:	1812      	adds	r2, r2, r0
10003b3c:	414b      	adcs	r3, r1
10003b3e:	2b00      	cmp	r3, #0
10003b40:	da02      	bge.n	10003b48 <stdio_put_string+0x2c>
10003b42:	2201      	movs	r2, #1
10003b44:	4b2e      	ldr	r3, [pc, #184]	@ (10003c00 <stdio_put_string+0xe4>)
10003b46:	4252      	negs	r2, r2
10003b48:	492e      	ldr	r1, [pc, #184]	@ (10003c04 <stdio_put_string+0xe8>)
10003b4a:	0008      	movs	r0, r1
10003b4c:	468a      	mov	sl, r1
10003b4e:	f005 fd1b 	bl	10009588 <__mutex_try_enter_block_until_veneer>
10003b52:	0007      	movs	r7, r0
10003b54:	1c6b      	adds	r3, r5, #1
10003b56:	d103      	bne.n	10003b60 <stdio_put_string+0x44>
10003b58:	4640      	mov	r0, r8
10003b5a:	f005 fca5 	bl	100094a8 <strlen>
10003b5e:	0005      	movs	r5, r0
10003b60:	2c00      	cmp	r4, #0
10003b62:	d027      	beq.n	10003bb4 <stdio_put_string+0x98>
10003b64:	4e28      	ldr	r6, [pc, #160]	@ (10003c08 <stdio_put_string+0xec>)
10003b66:	4b29      	ldr	r3, [pc, #164]	@ (10003c0c <stdio_put_string+0xf0>)
10003b68:	681c      	ldr	r4, [r3, #0]
10003b6a:	2c00      	cmp	r4, #0
10003b6c:	d018      	beq.n	10003ba0 <stdio_put_string+0x84>
10003b6e:	464b      	mov	r3, r9
10003b70:	2b00      	cmp	r3, #0
10003b72:	d121      	bne.n	10003bb8 <stdio_put_string+0x9c>
10003b74:	4b26      	ldr	r3, [pc, #152]	@ (10003c10 <stdio_put_string+0xf4>)
10003b76:	4699      	mov	r9, r3
10003b78:	e002      	b.n	10003b80 <stdio_put_string+0x64>
10003b7a:	6924      	ldr	r4, [r4, #16]
10003b7c:	2c00      	cmp	r4, #0
10003b7e:	d00f      	beq.n	10003ba0 <stdio_put_string+0x84>
10003b80:	6823      	ldr	r3, [r4, #0]
10003b82:	2b00      	cmp	r3, #0
10003b84:	d0f9      	beq.n	10003b7a <stdio_put_string+0x5e>
10003b86:	464b      	mov	r3, r9
10003b88:	681b      	ldr	r3, [r3, #0]
10003b8a:	2b00      	cmp	r3, #0
10003b8c:	d001      	beq.n	10003b92 <stdio_put_string+0x76>
10003b8e:	429c      	cmp	r4, r3
10003b90:	d1f3      	bne.n	10003b7a <stdio_put_string+0x5e>
10003b92:	0020      	movs	r0, r4
10003b94:	002a      	movs	r2, r5
10003b96:	4641      	mov	r1, r8
10003b98:	47b0      	blx	r6
10003b9a:	6924      	ldr	r4, [r4, #16]
10003b9c:	2c00      	cmp	r4, #0
10003b9e:	d1ef      	bne.n	10003b80 <stdio_put_string+0x64>
10003ba0:	2f00      	cmp	r7, #0
10003ba2:	d126      	bne.n	10003bf2 <stdio_put_string+0xd6>
10003ba4:	0028      	movs	r0, r5
10003ba6:	b003      	add	sp, #12
10003ba8:	bcf0      	pop	{r4, r5, r6, r7}
10003baa:	46bb      	mov	fp, r7
10003bac:	46b2      	mov	sl, r6
10003bae:	46a9      	mov	r9, r5
10003bb0:	46a0      	mov	r8, r4
10003bb2:	bdf0      	pop	{r4, r5, r6, r7, pc}
10003bb4:	4e17      	ldr	r6, [pc, #92]	@ (10003c14 <stdio_put_string+0xf8>)
10003bb6:	e7d6      	b.n	10003b66 <stdio_put_string+0x4a>
10003bb8:	4b15      	ldr	r3, [pc, #84]	@ (10003c10 <stdio_put_string+0xf4>)
10003bba:	4699      	mov	r9, r3
10003bbc:	230a      	movs	r3, #10
10003bbe:	469b      	mov	fp, r3
10003bc0:	e002      	b.n	10003bc8 <stdio_put_string+0xac>
10003bc2:	6924      	ldr	r4, [r4, #16]
10003bc4:	2c00      	cmp	r4, #0
10003bc6:	d0eb      	beq.n	10003ba0 <stdio_put_string+0x84>
10003bc8:	6823      	ldr	r3, [r4, #0]
10003bca:	2b00      	cmp	r3, #0
10003bcc:	d0f9      	beq.n	10003bc2 <stdio_put_string+0xa6>
10003bce:	464b      	mov	r3, r9
10003bd0:	681b      	ldr	r3, [r3, #0]
10003bd2:	2b00      	cmp	r3, #0
10003bd4:	d001      	beq.n	10003bda <stdio_put_string+0xbe>
10003bd6:	42a3      	cmp	r3, r4
10003bd8:	d1f3      	bne.n	10003bc2 <stdio_put_string+0xa6>
10003bda:	002a      	movs	r2, r5
10003bdc:	4641      	mov	r1, r8
10003bde:	0020      	movs	r0, r4
10003be0:	47b0      	blx	r6
10003be2:	466b      	mov	r3, sp
10003be4:	465a      	mov	r2, fp
10003be6:	0020      	movs	r0, r4
10003be8:	71da      	strb	r2, [r3, #7]
10003bea:	1dd9      	adds	r1, r3, #7
10003bec:	2201      	movs	r2, #1
10003bee:	47b0      	blx	r6
10003bf0:	e7e7      	b.n	10003bc2 <stdio_put_string+0xa6>
10003bf2:	4650      	mov	r0, sl
10003bf4:	f005 fc90 	bl	10009518 <__mutex_exit_veneer>
10003bf8:	e7d4      	b.n	10003ba4 <stdio_put_string+0x88>
10003bfa:	46c0      	nop			@ (mov r8, r8)
10003bfc:	000f4240 	.word	0x000f4240
10003c00:	7fffffff 	.word	0x7fffffff
10003c04:	200010b0 	.word	0x200010b0
10003c08:	10003a09 	.word	0x10003a09
10003c0c:	20001b90 	.word	0x20001b90
10003c10:	20001b98 	.word	0x20001b98
10003c14:	100039f9 	.word	0x100039f9

10003c18 <stdio_set_driver_enabled>:
10003c18:	4a0a      	ldr	r2, [pc, #40]	@ (10003c44 <stdio_set_driver_enabled+0x2c>)
10003c1a:	6813      	ldr	r3, [r2, #0]
10003c1c:	2b00      	cmp	r3, #0
10003c1e:	d105      	bne.n	10003c2c <stdio_set_driver_enabled+0x14>
10003c20:	e00c      	b.n	10003c3c <stdio_set_driver_enabled+0x24>
10003c22:	001a      	movs	r2, r3
10003c24:	691b      	ldr	r3, [r3, #16]
10003c26:	3210      	adds	r2, #16
10003c28:	2b00      	cmp	r3, #0
10003c2a:	d007      	beq.n	10003c3c <stdio_set_driver_enabled+0x24>
10003c2c:	4283      	cmp	r3, r0
10003c2e:	d1f8      	bne.n	10003c22 <stdio_set_driver_enabled+0xa>
10003c30:	2900      	cmp	r1, #0
10003c32:	d102      	bne.n	10003c3a <stdio_set_driver_enabled+0x22>
10003c34:	6918      	ldr	r0, [r3, #16]
10003c36:	6010      	str	r0, [r2, #0]
10003c38:	6119      	str	r1, [r3, #16]
10003c3a:	4770      	bx	lr
10003c3c:	2900      	cmp	r1, #0
10003c3e:	d0fc      	beq.n	10003c3a <stdio_set_driver_enabled+0x22>
10003c40:	6010      	str	r0, [r2, #0]
10003c42:	e7fa      	b.n	10003c3a <stdio_set_driver_enabled+0x22>
10003c44:	20001b90 	.word	0x20001b90

10003c48 <stdio_init_all>:
10003c48:	b510      	push	{r4, lr}
10003c4a:	f000 faf1 	bl	10004230 <stdio_usb_init>
10003c4e:	bd10      	pop	{r4, pc}

10003c50 <__wrap_putchar>:
10003c50:	b5f0      	push	{r4, r5, r6, r7, lr}
10003c52:	46ce      	mov	lr, r9
10003c54:	4647      	mov	r7, r8
10003c56:	b580      	push	{r7, lr}
10003c58:	b083      	sub	sp, #12
10003c5a:	466b      	mov	r3, sp
10003c5c:	0006      	movs	r6, r0
10003c5e:	1ddd      	adds	r5, r3, #7
10003c60:	7028      	strb	r0, [r5, #0]
10003c62:	f7fd fae3 	bl	1000122c <time_us_64>
10003c66:	2300      	movs	r3, #0
10003c68:	4a19      	ldr	r2, [pc, #100]	@ (10003cd0 <__wrap_putchar+0x80>)
10003c6a:	1812      	adds	r2, r2, r0
10003c6c:	414b      	adcs	r3, r1
10003c6e:	2b00      	cmp	r3, #0
10003c70:	da02      	bge.n	10003c78 <__wrap_putchar+0x28>
10003c72:	2201      	movs	r2, #1
10003c74:	4b17      	ldr	r3, [pc, #92]	@ (10003cd4 <__wrap_putchar+0x84>)
10003c76:	4252      	negs	r2, r2
10003c78:	4917      	ldr	r1, [pc, #92]	@ (10003cd8 <__wrap_putchar+0x88>)
10003c7a:	0008      	movs	r0, r1
10003c7c:	4688      	mov	r8, r1
10003c7e:	f005 fc83 	bl	10009588 <__mutex_try_enter_block_until_veneer>
10003c82:	4b16      	ldr	r3, [pc, #88]	@ (10003cdc <__wrap_putchar+0x8c>)
10003c84:	4681      	mov	r9, r0
10003c86:	681c      	ldr	r4, [r3, #0]
10003c88:	2c00      	cmp	r4, #0
10003c8a:	d014      	beq.n	10003cb6 <__wrap_putchar+0x66>
10003c8c:	4f14      	ldr	r7, [pc, #80]	@ (10003ce0 <__wrap_putchar+0x90>)
10003c8e:	e002      	b.n	10003c96 <__wrap_putchar+0x46>
10003c90:	6924      	ldr	r4, [r4, #16]
10003c92:	2c00      	cmp	r4, #0
10003c94:	d00f      	beq.n	10003cb6 <__wrap_putchar+0x66>
10003c96:	6823      	ldr	r3, [r4, #0]
10003c98:	2b00      	cmp	r3, #0
10003c9a:	d0f9      	beq.n	10003c90 <__wrap_putchar+0x40>
10003c9c:	683b      	ldr	r3, [r7, #0]
10003c9e:	2b00      	cmp	r3, #0
10003ca0:	d001      	beq.n	10003ca6 <__wrap_putchar+0x56>
10003ca2:	429c      	cmp	r4, r3
10003ca4:	d1f4      	bne.n	10003c90 <__wrap_putchar+0x40>
10003ca6:	0020      	movs	r0, r4
10003ca8:	2201      	movs	r2, #1
10003caa:	0029      	movs	r1, r5
10003cac:	f7ff feac 	bl	10003a08 <stdio_out_chars_crlf>
10003cb0:	6924      	ldr	r4, [r4, #16]
10003cb2:	2c00      	cmp	r4, #0
10003cb4:	d1ef      	bne.n	10003c96 <__wrap_putchar+0x46>
10003cb6:	464b      	mov	r3, r9
10003cb8:	2b00      	cmp	r3, #0
10003cba:	d105      	bne.n	10003cc8 <__wrap_putchar+0x78>
10003cbc:	0030      	movs	r0, r6
10003cbe:	b003      	add	sp, #12
10003cc0:	bcc0      	pop	{r6, r7}
10003cc2:	46b9      	mov	r9, r7
10003cc4:	46b0      	mov	r8, r6
10003cc6:	bdf0      	pop	{r4, r5, r6, r7, pc}
10003cc8:	4640      	mov	r0, r8
10003cca:	f005 fc25 	bl	10009518 <__mutex_exit_veneer>
10003cce:	e7f5      	b.n	10003cbc <__wrap_putchar+0x6c>
10003cd0:	000f4240 	.word	0x000f4240
10003cd4:	7fffffff 	.word	0x7fffffff
10003cd8:	200010b0 	.word	0x200010b0
10003cdc:	20001b90 	.word	0x20001b90
10003ce0:	20001b98 	.word	0x20001b98

10003ce4 <__wrap_puts>:
10003ce4:	b570      	push	{r4, r5, r6, lr}
10003ce6:	0004      	movs	r4, r0
10003ce8:	f005 fbde 	bl	100094a8 <strlen>
10003cec:	2301      	movs	r3, #1
10003cee:	0001      	movs	r1, r0
10003cf0:	0005      	movs	r5, r0
10003cf2:	2201      	movs	r2, #1
10003cf4:	0020      	movs	r0, r4
10003cf6:	f7ff ff11 	bl	10003b1c <stdio_put_string>
10003cfa:	4b08      	ldr	r3, [pc, #32]	@ (10003d1c <__wrap_puts+0x38>)
10003cfc:	681c      	ldr	r4, [r3, #0]
10003cfe:	2c00      	cmp	r4, #0
10003d00:	d006      	beq.n	10003d10 <__wrap_puts+0x2c>
10003d02:	6863      	ldr	r3, [r4, #4]
10003d04:	2b00      	cmp	r3, #0
10003d06:	d005      	beq.n	10003d14 <__wrap_puts+0x30>
10003d08:	4798      	blx	r3
10003d0a:	6924      	ldr	r4, [r4, #16]
10003d0c:	2c00      	cmp	r4, #0
10003d0e:	d1f8      	bne.n	10003d02 <__wrap_puts+0x1e>
10003d10:	0028      	movs	r0, r5
10003d12:	bd70      	pop	{r4, r5, r6, pc}
10003d14:	6924      	ldr	r4, [r4, #16]
10003d16:	2c00      	cmp	r4, #0
10003d18:	d1f3      	bne.n	10003d02 <__wrap_puts+0x1e>
10003d1a:	e7f9      	b.n	10003d10 <__wrap_puts+0x2c>
10003d1c:	20001b90 	.word	0x20001b90

10003d20 <__wrap_vprintf>:
10003d20:	b5f0      	push	{r4, r5, r6, r7, lr}
10003d22:	46ce      	mov	lr, r9
10003d24:	4647      	mov	r7, r8
10003d26:	b580      	push	{r7, lr}
10003d28:	b0a3      	sub	sp, #140	@ 0x8c
10003d2a:	0004      	movs	r4, r0
10003d2c:	000d      	movs	r5, r1
10003d2e:	f7fd fa7d 	bl	1000122c <time_us_64>
10003d32:	2300      	movs	r3, #0
10003d34:	4a27      	ldr	r2, [pc, #156]	@ (10003dd4 <__wrap_vprintf+0xb4>)
10003d36:	1812      	adds	r2, r2, r0
10003d38:	414b      	adcs	r3, r1
10003d3a:	2b00      	cmp	r3, #0
10003d3c:	da02      	bge.n	10003d44 <__wrap_vprintf+0x24>
10003d3e:	2201      	movs	r2, #1
10003d40:	4b25      	ldr	r3, [pc, #148]	@ (10003dd8 <__wrap_vprintf+0xb8>)
10003d42:	4252      	negs	r2, r2
10003d44:	4e25      	ldr	r6, [pc, #148]	@ (10003ddc <__wrap_vprintf+0xbc>)
10003d46:	0030      	movs	r0, r6
10003d48:	f005 fc1e 	bl	10009588 <__mutex_try_enter_block_until_veneer>
10003d4c:	2300      	movs	r3, #0
10003d4e:	0022      	movs	r2, r4
10003d50:	9301      	str	r3, [sp, #4]
10003d52:	0007      	movs	r7, r0
10003d54:	002b      	movs	r3, r5
10003d56:	4822      	ldr	r0, [pc, #136]	@ (10003de0 <__wrap_vprintf+0xc0>)
10003d58:	a901      	add	r1, sp, #4
10003d5a:	f7ff fe03 	bl	10003964 <vfctprintf>
10003d5e:	4b21      	ldr	r3, [pc, #132]	@ (10003de4 <__wrap_vprintf+0xc4>)
10003d60:	4680      	mov	r8, r0
10003d62:	4699      	mov	r9, r3
10003d64:	681c      	ldr	r4, [r3, #0]
10003d66:	9b01      	ldr	r3, [sp, #4]
10003d68:	2b00      	cmp	r3, #0
10003d6a:	d01a      	beq.n	10003da2 <__wrap_vprintf+0x82>
10003d6c:	2c00      	cmp	r4, #0
10003d6e:	d02f      	beq.n	10003dd0 <__wrap_vprintf+0xb0>
10003d70:	4d1d      	ldr	r5, [pc, #116]	@ (10003de8 <__wrap_vprintf+0xc8>)
10003d72:	e002      	b.n	10003d7a <__wrap_vprintf+0x5a>
10003d74:	6924      	ldr	r4, [r4, #16]
10003d76:	2c00      	cmp	r4, #0
10003d78:	d00f      	beq.n	10003d9a <__wrap_vprintf+0x7a>
10003d7a:	6823      	ldr	r3, [r4, #0]
10003d7c:	2b00      	cmp	r3, #0
10003d7e:	d0f9      	beq.n	10003d74 <__wrap_vprintf+0x54>
10003d80:	682b      	ldr	r3, [r5, #0]
10003d82:	2b00      	cmp	r3, #0
10003d84:	d001      	beq.n	10003d8a <__wrap_vprintf+0x6a>
10003d86:	42a3      	cmp	r3, r4
10003d88:	d1f4      	bne.n	10003d74 <__wrap_vprintf+0x54>
10003d8a:	0020      	movs	r0, r4
10003d8c:	9a01      	ldr	r2, [sp, #4]
10003d8e:	a902      	add	r1, sp, #8
10003d90:	f7ff fe3a 	bl	10003a08 <stdio_out_chars_crlf>
10003d94:	6924      	ldr	r4, [r4, #16]
10003d96:	2c00      	cmp	r4, #0
10003d98:	d1ef      	bne.n	10003d7a <__wrap_vprintf+0x5a>
10003d9a:	464b      	mov	r3, r9
10003d9c:	681c      	ldr	r4, [r3, #0]
10003d9e:	2300      	movs	r3, #0
10003da0:	9301      	str	r3, [sp, #4]
10003da2:	2c00      	cmp	r4, #0
10003da4:	d006      	beq.n	10003db4 <__wrap_vprintf+0x94>
10003da6:	6863      	ldr	r3, [r4, #4]
10003da8:	2b00      	cmp	r3, #0
10003daa:	d00b      	beq.n	10003dc4 <__wrap_vprintf+0xa4>
10003dac:	4798      	blx	r3
10003dae:	6924      	ldr	r4, [r4, #16]
10003db0:	2c00      	cmp	r4, #0
10003db2:	d1f8      	bne.n	10003da6 <__wrap_vprintf+0x86>
10003db4:	2f00      	cmp	r7, #0
10003db6:	d107      	bne.n	10003dc8 <__wrap_vprintf+0xa8>
10003db8:	4640      	mov	r0, r8
10003dba:	b023      	add	sp, #140	@ 0x8c
10003dbc:	bcc0      	pop	{r6, r7}
10003dbe:	46b9      	mov	r9, r7
10003dc0:	46b0      	mov	r8, r6
10003dc2:	bdf0      	pop	{r4, r5, r6, r7, pc}
10003dc4:	6924      	ldr	r4, [r4, #16]
10003dc6:	e7ec      	b.n	10003da2 <__wrap_vprintf+0x82>
10003dc8:	0030      	movs	r0, r6
10003dca:	f005 fba5 	bl	10009518 <__mutex_exit_veneer>
10003dce:	e7f3      	b.n	10003db8 <__wrap_vprintf+0x98>
10003dd0:	9401      	str	r4, [sp, #4]
10003dd2:	e7ef      	b.n	10003db4 <__wrap_vprintf+0x94>
10003dd4:	000f4240 	.word	0x000f4240
10003dd8:	7fffffff 	.word	0x7fffffff
10003ddc:	200010b0 	.word	0x200010b0
10003de0:	10003ab9 	.word	0x10003ab9
10003de4:	20001b90 	.word	0x20001b90
10003de8:	20001b98 	.word	0x20001b98

10003dec <__wrap_printf>:
10003dec:	b40f      	push	{r0, r1, r2, r3}
10003dee:	b500      	push	{lr}
10003df0:	b083      	sub	sp, #12
10003df2:	a904      	add	r1, sp, #16
10003df4:	c901      	ldmia	r1!, {r0}
10003df6:	9101      	str	r1, [sp, #4]
10003df8:	f7ff ff92 	bl	10003d20 <__wrap_vprintf>
10003dfc:	b003      	add	sp, #12
10003dfe:	bc08      	pop	{r3}
10003e00:	b004      	add	sp, #16
10003e02:	4718      	bx	r3

10003e04 <resetd_init>:
10003e04:	4770      	bx	lr
10003e06:	46c0      	nop			@ (mov r8, r8)

10003e08 <resetd_reset>:
10003e08:	2200      	movs	r2, #0
10003e0a:	4b01      	ldr	r3, [pc, #4]	@ (10003e10 <resetd_reset+0x8>)
10003e0c:	701a      	strb	r2, [r3, #0]
10003e0e:	4770      	bx	lr
10003e10:	20022495 	.word	0x20022495

10003e14 <resetd_open>:
10003e14:	794b      	ldrb	r3, [r1, #5]
10003e16:	2000      	movs	r0, #0
10003e18:	2bff      	cmp	r3, #255	@ 0xff
10003e1a:	d10b      	bne.n	10003e34 <resetd_open+0x20>
10003e1c:	798b      	ldrb	r3, [r1, #6]
10003e1e:	2b00      	cmp	r3, #0
10003e20:	d108      	bne.n	10003e34 <resetd_open+0x20>
10003e22:	79cb      	ldrb	r3, [r1, #7]
10003e24:	2b01      	cmp	r3, #1
10003e26:	d105      	bne.n	10003e34 <resetd_open+0x20>
10003e28:	2a08      	cmp	r2, #8
10003e2a:	d903      	bls.n	10003e34 <resetd_open+0x20>
10003e2c:	4b02      	ldr	r3, [pc, #8]	@ (10003e38 <resetd_open+0x24>)
10003e2e:	788a      	ldrb	r2, [r1, #2]
10003e30:	3009      	adds	r0, #9
10003e32:	701a      	strb	r2, [r3, #0]
10003e34:	4770      	bx	lr
10003e36:	46c0      	nop			@ (mov r8, r8)
10003e38:	20022495 	.word	0x20022495

10003e3c <resetd_xfer_cb>:
10003e3c:	2001      	movs	r0, #1
10003e3e:	4770      	bx	lr

10003e40 <resetd_control_xfer_cb>:
10003e40:	b510      	push	{r4, lr}
10003e42:	2901      	cmp	r1, #1
10003e44:	d113      	bne.n	10003e6e <resetd_control_xfer_cb+0x2e>
10003e46:	4912      	ldr	r1, [pc, #72]	@ (10003e90 <resetd_control_xfer_cb+0x50>)
10003e48:	7953      	ldrb	r3, [r2, #5]
10003e4a:	7910      	ldrb	r0, [r2, #4]
10003e4c:	7809      	ldrb	r1, [r1, #0]
10003e4e:	021b      	lsls	r3, r3, #8
10003e50:	4303      	orrs	r3, r0
10003e52:	2000      	movs	r0, #0
10003e54:	4299      	cmp	r1, r3
10003e56:	d000      	beq.n	10003e5a <resetd_control_xfer_cb+0x1a>
10003e58:	bd10      	pop	{r4, pc}
10003e5a:	7853      	ldrb	r3, [r2, #1]
10003e5c:	2b01      	cmp	r3, #1
10003e5e:	d008      	beq.n	10003e72 <resetd_control_xfer_cb+0x32>
10003e60:	2b02      	cmp	r3, #2
10003e62:	d1f9      	bne.n	10003e58 <resetd_control_xfer_cb+0x18>
10003e64:	2264      	movs	r2, #100	@ 0x64
10003e66:	2100      	movs	r1, #0
10003e68:	2000      	movs	r0, #0
10003e6a:	f7fd fb3f 	bl	100014ec <watchdog_reboot>
10003e6e:	2001      	movs	r0, #1
10003e70:	e7f2      	b.n	10003e58 <resetd_control_xfer_cb+0x18>
10003e72:	78d3      	ldrb	r3, [r2, #3]
10003e74:	7891      	ldrb	r1, [r2, #2]
10003e76:	021b      	lsls	r3, r3, #8
10003e78:	4319      	orrs	r1, r3
10003e7a:	0a48      	lsrs	r0, r1, #9
10003e7c:	05db      	lsls	r3, r3, #23
10003e7e:	d401      	bmi.n	10003e84 <resetd_control_xfer_cb+0x44>
10003e80:	2001      	movs	r0, #1
10003e82:	4240      	negs	r0, r0
10003e84:	237f      	movs	r3, #127	@ 0x7f
10003e86:	058a      	lsls	r2, r1, #22
10003e88:	0fd2      	lsrs	r2, r2, #31
10003e8a:	4019      	ands	r1, r3
10003e8c:	f7fd fbc4 	bl	10001618 <rom_reset_usb_boot_extra>
10003e90:	20022495 	.word	0x20022495

10003e94 <tud_descriptor_bos_cb>:
10003e94:	4800      	ldr	r0, [pc, #0]	@ (10003e98 <tud_descriptor_bos_cb+0x4>)
10003e96:	4770      	bx	lr
10003e98:	10009afc 	.word	0x10009afc

10003e9c <tud_vendor_control_xfer_cb>:
10003e9c:	b570      	push	{r4, r5, r6, lr}
10003e9e:	0005      	movs	r5, r0
10003ea0:	0014      	movs	r4, r2
10003ea2:	2001      	movs	r0, #1
10003ea4:	2901      	cmp	r1, #1
10003ea6:	d109      	bne.n	10003ebc <tud_vendor_control_xfer_cb+0x20>
10003ea8:	7853      	ldrb	r3, [r2, #1]
10003eaa:	2000      	movs	r0, #0
10003eac:	2b01      	cmp	r3, #1
10003eae:	d105      	bne.n	10003ebc <tud_vendor_control_xfer_cb+0x20>
10003eb0:	7963      	ldrb	r3, [r4, #5]
10003eb2:	7912      	ldrb	r2, [r2, #4]
10003eb4:	021b      	lsls	r3, r3, #8
10003eb6:	4313      	orrs	r3, r2
10003eb8:	2b07      	cmp	r3, #7
10003eba:	d000      	beq.n	10003ebe <tud_vendor_control_xfer_cb+0x22>
10003ebc:	bd70      	pop	{r4, r5, r6, pc}
10003ebe:	0021      	movs	r1, r4
10003ec0:	0028      	movs	r0, r5
10003ec2:	4a02      	ldr	r2, [pc, #8]	@ (10003ecc <tud_vendor_control_xfer_cb+0x30>)
10003ec4:	339f      	adds	r3, #159	@ 0x9f
10003ec6:	f001 fa55 	bl	10005374 <tud_control_xfer>
10003eca:	e7f7      	b.n	10003ebc <tud_vendor_control_xfer_cb+0x20>
10003ecc:	10009a54 	.word	0x10009a54

10003ed0 <usbd_app_driver_get_cb>:
10003ed0:	2301      	movs	r3, #1
10003ed2:	7003      	strb	r3, [r0, #0]
10003ed4:	4800      	ldr	r0, [pc, #0]	@ (10003ed8 <usbd_app_driver_get_cb+0x8>)
10003ed6:	4770      	bx	lr
10003ed8:	10009a34 	.word	0x10009a34

10003edc <tud_cdc_line_coding_cb>:
10003edc:	784b      	ldrb	r3, [r1, #1]
10003ede:	780a      	ldrb	r2, [r1, #0]
10003ee0:	021b      	lsls	r3, r3, #8
10003ee2:	4313      	orrs	r3, r2
10003ee4:	788a      	ldrb	r2, [r1, #2]
10003ee6:	b510      	push	{r4, lr}
10003ee8:	0412      	lsls	r2, r2, #16
10003eea:	431a      	orrs	r2, r3
10003eec:	78cb      	ldrb	r3, [r1, #3]
10003eee:	061b      	lsls	r3, r3, #24
10003ef0:	4313      	orrs	r3, r2
10003ef2:	2296      	movs	r2, #150	@ 0x96
10003ef4:	00d2      	lsls	r2, r2, #3
10003ef6:	4293      	cmp	r3, r2
10003ef8:	d000      	beq.n	10003efc <tud_cdc_line_coding_cb+0x20>
10003efa:	bd10      	pop	{r4, pc}
10003efc:	2200      	movs	r2, #0
10003efe:	2001      	movs	r0, #1
10003f00:	0011      	movs	r1, r2
10003f02:	4240      	negs	r0, r0
10003f04:	f7fd fb88 	bl	10001618 <rom_reset_usb_boot_extra>

10003f08 <stdio_usb_set_chars_available_callback>:
10003f08:	4b02      	ldr	r3, [pc, #8]	@ (10003f14 <stdio_usb_set_chars_available_callback+0xc>)
10003f0a:	6018      	str	r0, [r3, #0]
10003f0c:	4b02      	ldr	r3, [pc, #8]	@ (10003f18 <stdio_usb_set_chars_available_callback+0x10>)
10003f0e:	6019      	str	r1, [r3, #0]
10003f10:	4770      	bx	lr
10003f12:	46c0      	nop			@ (mov r8, r8)
10003f14:	20001b30 	.word	0x20001b30
10003f18:	20001b34 	.word	0x20001b34

10003f1c <usb_irq>:
10003f1c:	b510      	push	{r4, lr}
10003f1e:	4b02      	ldr	r3, [pc, #8]	@ (10003f28 <usb_irq+0xc>)
10003f20:	7818      	ldrb	r0, [r3, #0]
10003f22:	f7fc fb59 	bl	100005d8 <irq_set_pending>
10003f26:	bd10      	pop	{r4, pc}
10003f28:	20022496 	.word	0x20022496

10003f2c <timer_task>:
10003f2c:	4b15      	ldr	r3, [pc, #84]	@ (10003f84 <timer_task+0x58>)
10003f2e:	b570      	push	{r4, r5, r6, lr}
10003f30:	681a      	ldr	r2, [r3, #0]
10003f32:	2a00      	cmp	r2, #0
10003f34:	d022      	beq.n	10003f7c <timer_task+0x50>
10003f36:	f3ef 8110 	mrs	r1, PRIMASK
10003f3a:	b672      	cpsid	i
10003f3c:	6810      	ldr	r0, [r2, #0]
10003f3e:	2800      	cmp	r0, #0
10003f40:	d0fc      	beq.n	10003f3c <timer_task+0x10>
10003f42:	f3bf 8f5f 	dmb	sy
10003f46:	2000      	movs	r0, #0
10003f48:	4a0f      	ldr	r2, [pc, #60]	@ (10003f88 <timer_task+0x5c>)
10003f4a:	6059      	str	r1, [r3, #4]
10003f4c:	7010      	strb	r0, [r2, #0]
10003f4e:	681b      	ldr	r3, [r3, #0]
10003f50:	f3bf 8f5f 	dmb	sy
10003f54:	6018      	str	r0, [r3, #0]
10003f56:	f381 8810 	msr	PRIMASK, r1
10003f5a:	2400      	movs	r4, #0
10003f5c:	2500      	movs	r5, #0
10003f5e:	4e0b      	ldr	r6, [pc, #44]	@ (10003f8c <timer_task+0x60>)
10003f60:	7830      	ldrb	r0, [r6, #0]
10003f62:	f7fc fb2d 	bl	100005c0 <irq_is_enabled>
10003f66:	2800      	cmp	r0, #0
10003f68:	d104      	bne.n	10003f74 <timer_task+0x48>
10003f6a:	2400      	movs	r4, #0
10003f6c:	2500      	movs	r5, #0
10003f6e:	0029      	movs	r1, r5
10003f70:	0020      	movs	r0, r4
10003f72:	bd70      	pop	{r4, r5, r6, pc}
10003f74:	7830      	ldrb	r0, [r6, #0]
10003f76:	f7fc fb2f 	bl	100005d8 <irq_set_pending>
10003f7a:	e7f8      	b.n	10003f6e <timer_task+0x42>
10003f7c:	24fa      	movs	r4, #250	@ 0xfa
10003f7e:	2500      	movs	r5, #0
10003f80:	00a4      	lsls	r4, r4, #2
10003f82:	e7ec      	b.n	10003f5e <timer_task+0x32>
10003f84:	20001fc0 	.word	0x20001fc0
10003f88:	20022497 	.word	0x20022497
10003f8c:	20022496 	.word	0x20022496

10003f90 <stdio_usb_in_chars>:
10003f90:	b570      	push	{r4, r5, r6, lr}
10003f92:	0004      	movs	r4, r0
10003f94:	2000      	movs	r0, #0
10003f96:	000e      	movs	r6, r1
10003f98:	f001 fb0a 	bl	100055b0 <tud_cdc_n_connected>
10003f9c:	2800      	cmp	r0, #0
10003f9e:	d034      	beq.n	1000400a <stdio_usb_in_chars+0x7a>
10003fa0:	2000      	movs	r0, #0
10003fa2:	f001 fb1b 	bl	100055dc <tud_cdc_n_available>
10003fa6:	2800      	cmp	r0, #0
10003fa8:	d02f      	beq.n	1000400a <stdio_usb_in_chars+0x7a>
10003faa:	f7fd f93f 	bl	1000122c <time_us_64>
10003fae:	2300      	movs	r3, #0
10003fb0:	4a17      	ldr	r2, [pc, #92]	@ (10004010 <stdio_usb_in_chars+0x80>)
10003fb2:	1812      	adds	r2, r2, r0
10003fb4:	414b      	adcs	r3, r1
10003fb6:	2b00      	cmp	r3, #0
10003fb8:	db16      	blt.n	10003fe8 <stdio_usb_in_chars+0x58>
10003fba:	4d16      	ldr	r5, [pc, #88]	@ (10004014 <stdio_usb_in_chars+0x84>)
10003fbc:	0028      	movs	r0, r5
10003fbe:	f005 fae3 	bl	10009588 <__mutex_try_enter_block_until_veneer>
10003fc2:	2800      	cmp	r0, #0
10003fc4:	d021      	beq.n	1000400a <stdio_usb_in_chars+0x7a>
10003fc6:	2000      	movs	r0, #0
10003fc8:	f001 faf2 	bl	100055b0 <tud_cdc_n_connected>
10003fcc:	2800      	cmp	r0, #0
10003fce:	d10f      	bne.n	10003ff0 <stdio_usb_in_chars+0x60>
10003fd0:	2001      	movs	r0, #1
10003fd2:	2100      	movs	r1, #0
10003fd4:	4240      	negs	r0, r0
10003fd6:	f000 fd01 	bl	100049dc <tud_task_ext>
10003fda:	2403      	movs	r4, #3
10003fdc:	4264      	negs	r4, r4
10003fde:	0028      	movs	r0, r5
10003fe0:	f005 fa9a 	bl	10009518 <__mutex_exit_veneer>
10003fe4:	0020      	movs	r0, r4
10003fe6:	bd70      	pop	{r4, r5, r6, pc}
10003fe8:	2201      	movs	r2, #1
10003fea:	4b0b      	ldr	r3, [pc, #44]	@ (10004018 <stdio_usb_in_chars+0x88>)
10003fec:	4252      	negs	r2, r2
10003fee:	e7e4      	b.n	10003fba <stdio_usb_in_chars+0x2a>
10003ff0:	2000      	movs	r0, #0
10003ff2:	f001 faf3 	bl	100055dc <tud_cdc_n_available>
10003ff6:	2800      	cmp	r0, #0
10003ff8:	d0ea      	beq.n	10003fd0 <stdio_usb_in_chars+0x40>
10003ffa:	0021      	movs	r1, r4
10003ffc:	0032      	movs	r2, r6
10003ffe:	2000      	movs	r0, #0
10004000:	f001 faf6 	bl	100055f0 <tud_cdc_n_read>
10004004:	1e04      	subs	r4, r0, #0
10004006:	d1ea      	bne.n	10003fde <stdio_usb_in_chars+0x4e>
10004008:	e7e7      	b.n	10003fda <stdio_usb_in_chars+0x4a>
1000400a:	2403      	movs	r4, #3
1000400c:	4264      	negs	r4, r4
1000400e:	e7e9      	b.n	10003fe4 <stdio_usb_in_chars+0x54>
10004010:	000f4240 	.word	0x000f4240
10004014:	20002388 	.word	0x20002388
10004018:	7fffffff 	.word	0x7fffffff

1000401c <stdio_usb_out_flush>:
1000401c:	b510      	push	{r4, lr}
1000401e:	f7fd f905 	bl	1000122c <time_us_64>
10004022:	2300      	movs	r3, #0
10004024:	4a0d      	ldr	r2, [pc, #52]	@ (1000405c <stdio_usb_out_flush+0x40>)
10004026:	1812      	adds	r2, r2, r0
10004028:	414b      	adcs	r3, r1
1000402a:	2b00      	cmp	r3, #0
1000402c:	da02      	bge.n	10004034 <stdio_usb_out_flush+0x18>
1000402e:	2201      	movs	r2, #1
10004030:	4b0b      	ldr	r3, [pc, #44]	@ (10004060 <stdio_usb_out_flush+0x44>)
10004032:	4252      	negs	r2, r2
10004034:	4c0b      	ldr	r4, [pc, #44]	@ (10004064 <stdio_usb_out_flush+0x48>)
10004036:	0020      	movs	r0, r4
10004038:	f005 faa6 	bl	10009588 <__mutex_try_enter_block_until_veneer>
1000403c:	2800      	cmp	r0, #0
1000403e:	d00c      	beq.n	1000405a <stdio_usb_out_flush+0x3e>
10004040:	2001      	movs	r0, #1
10004042:	2100      	movs	r1, #0
10004044:	4240      	negs	r0, r0
10004046:	f000 fcc9 	bl	100049dc <tud_task_ext>
1000404a:	2000      	movs	r0, #0
1000404c:	f001 fb14 	bl	10005678 <tud_cdc_n_write_flush>
10004050:	2800      	cmp	r0, #0
10004052:	d1f5      	bne.n	10004040 <stdio_usb_out_flush+0x24>
10004054:	0020      	movs	r0, r4
10004056:	f005 fa5f 	bl	10009518 <__mutex_exit_veneer>
1000405a:	bd10      	pop	{r4, pc}
1000405c:	000f4240 	.word	0x000f4240
10004060:	7fffffff 	.word	0x7fffffff
10004064:	20002388 	.word	0x20002388

10004068 <stdio_usb_out_chars>:
10004068:	b5f8      	push	{r3, r4, r5, r6, r7, lr}
1000406a:	46de      	mov	lr, fp
1000406c:	4657      	mov	r7, sl
1000406e:	b580      	push	{r7, lr}
10004070:	0005      	movs	r5, r0
10004072:	000c      	movs	r4, r1
10004074:	f7fd f8da 	bl	1000122c <time_us_64>
10004078:	2300      	movs	r3, #0
1000407a:	4a36      	ldr	r2, [pc, #216]	@ (10004154 <stdio_usb_out_chars+0xec>)
1000407c:	1812      	adds	r2, r2, r0
1000407e:	414b      	adcs	r3, r1
10004080:	2b00      	cmp	r3, #0
10004082:	da02      	bge.n	1000408a <stdio_usb_out_chars+0x22>
10004084:	2201      	movs	r2, #1
10004086:	4b34      	ldr	r3, [pc, #208]	@ (10004158 <stdio_usb_out_chars+0xf0>)
10004088:	4252      	negs	r2, r2
1000408a:	4934      	ldr	r1, [pc, #208]	@ (1000415c <stdio_usb_out_chars+0xf4>)
1000408c:	0008      	movs	r0, r1
1000408e:	468a      	mov	sl, r1
10004090:	f005 fa7a 	bl	10009588 <__mutex_try_enter_block_until_veneer>
10004094:	2800      	cmp	r0, #0
10004096:	d103      	bne.n	100040a0 <stdio_usb_out_chars+0x38>
10004098:	bcc0      	pop	{r6, r7}
1000409a:	46bb      	mov	fp, r7
1000409c:	46b2      	mov	sl, r6
1000409e:	bdf8      	pop	{r3, r4, r5, r6, r7, pc}
100040a0:	2000      	movs	r0, #0
100040a2:	f001 fa85 	bl	100055b0 <tud_cdc_n_connected>
100040a6:	2800      	cmp	r0, #0
100040a8:	d04a      	beq.n	10004140 <stdio_usb_out_chars+0xd8>
100040aa:	2600      	movs	r6, #0
100040ac:	2c00      	cmp	r4, #0
100040ae:	dd43      	ble.n	10004138 <stdio_usb_out_chars+0xd0>
100040b0:	4b2b      	ldr	r3, [pc, #172]	@ (10004160 <stdio_usb_out_chars+0xf8>)
100040b2:	469b      	mov	fp, r3
100040b4:	e014      	b.n	100040e0 <stdio_usb_out_chars+0x78>
100040b6:	19a9      	adds	r1, r5, r6
100040b8:	2000      	movs	r0, #0
100040ba:	f001 fb17 	bl	100056ec <tud_cdc_n_write>
100040be:	0007      	movs	r7, r0
100040c0:	2001      	movs	r0, #1
100040c2:	2100      	movs	r1, #0
100040c4:	4240      	negs	r0, r0
100040c6:	f000 fc89 	bl	100049dc <tud_task_ext>
100040ca:	2000      	movs	r0, #0
100040cc:	f001 fad4 	bl	10005678 <tud_cdc_n_write_flush>
100040d0:	f7fd f8ac 	bl	1000122c <time_us_64>
100040d4:	4b22      	ldr	r3, [pc, #136]	@ (10004160 <stdio_usb_out_chars+0xf8>)
100040d6:	19f6      	adds	r6, r6, r7
100040d8:	6018      	str	r0, [r3, #0]
100040da:	6059      	str	r1, [r3, #4]
100040dc:	42b4      	cmp	r4, r6
100040de:	dd2b      	ble.n	10004138 <stdio_usb_out_chars+0xd0>
100040e0:	2000      	movs	r0, #0
100040e2:	f001 fb23 	bl	1000572c <tud_cdc_n_write_available>
100040e6:	1ba7      	subs	r7, r4, r6
100040e8:	0002      	movs	r2, r0
100040ea:	42b8      	cmp	r0, r7
100040ec:	dd00      	ble.n	100040f0 <stdio_usb_out_chars+0x88>
100040ee:	003a      	movs	r2, r7
100040f0:	2a00      	cmp	r2, #0
100040f2:	d1e0      	bne.n	100040b6 <stdio_usb_out_chars+0x4e>
100040f4:	2001      	movs	r0, #1
100040f6:	2100      	movs	r1, #0
100040f8:	4240      	negs	r0, r0
100040fa:	f000 fc6f 	bl	100049dc <tud_task_ext>
100040fe:	2000      	movs	r0, #0
10004100:	f001 faba 	bl	10005678 <tud_cdc_n_write_flush>
10004104:	2000      	movs	r0, #0
10004106:	f001 fa53 	bl	100055b0 <tud_cdc_n_connected>
1000410a:	2800      	cmp	r0, #0
1000410c:	d014      	beq.n	10004138 <stdio_usb_out_chars+0xd0>
1000410e:	2000      	movs	r0, #0
10004110:	f001 fb0c 	bl	1000572c <tud_cdc_n_write_available>
10004114:	2800      	cmp	r0, #0
10004116:	d1e1      	bne.n	100040dc <stdio_usb_out_chars+0x74>
10004118:	f7fd f888 	bl	1000122c <time_us_64>
1000411c:	465b      	mov	r3, fp
1000411e:	000f      	movs	r7, r1
10004120:	681a      	ldr	r2, [r3, #0]
10004122:	685b      	ldr	r3, [r3, #4]
10004124:	2100      	movs	r1, #0
10004126:	4684      	mov	ip, r0
10004128:	480e      	ldr	r0, [pc, #56]	@ (10004164 <stdio_usb_out_chars+0xfc>)
1000412a:	1812      	adds	r2, r2, r0
1000412c:	414b      	adcs	r3, r1
1000412e:	429f      	cmp	r7, r3
10004130:	d802      	bhi.n	10004138 <stdio_usb_out_chars+0xd0>
10004132:	d1d3      	bne.n	100040dc <stdio_usb_out_chars+0x74>
10004134:	4594      	cmp	ip, r2
10004136:	d9d1      	bls.n	100040dc <stdio_usb_out_chars+0x74>
10004138:	4650      	mov	r0, sl
1000413a:	f005 f9ed 	bl	10009518 <__mutex_exit_veneer>
1000413e:	e7ab      	b.n	10004098 <stdio_usb_out_chars+0x30>
10004140:	2000      	movs	r0, #0
10004142:	2100      	movs	r1, #0
10004144:	4b06      	ldr	r3, [pc, #24]	@ (10004160 <stdio_usb_out_chars+0xf8>)
10004146:	6018      	str	r0, [r3, #0]
10004148:	6059      	str	r1, [r3, #4]
1000414a:	4650      	mov	r0, sl
1000414c:	f005 f9e4 	bl	10009518 <__mutex_exit_veneer>
10004150:	e7a2      	b.n	10004098 <stdio_usb_out_chars+0x30>
10004152:	46c0      	nop			@ (mov r8, r8)
10004154:	000f4240 	.word	0x000f4240
10004158:	7fffffff 	.word	0x7fffffff
1000415c:	20002388 	.word	0x20002388
10004160:	20001238 	.word	0x20001238
10004164:	0007a120 	.word	0x0007a120

10004168 <low_priority_worker_irq>:
10004168:	b530      	push	{r4, r5, lr}
1000416a:	4c2a      	ldr	r4, [pc, #168]	@ (10004214 <low_priority_worker_irq+0xac>)
1000416c:	b085      	sub	sp, #20
1000416e:	2100      	movs	r1, #0
10004170:	0020      	movs	r0, r4
10004172:	f005 f9f9 	bl	10009568 <__mutex_try_enter_veneer>
10004176:	2800      	cmp	r0, #0
10004178:	d11c      	bne.n	100041b4 <low_priority_worker_irq+0x4c>
1000417a:	4b27      	ldr	r3, [pc, #156]	@ (10004218 <low_priority_worker_irq+0xb0>)
1000417c:	681a      	ldr	r2, [r3, #0]
1000417e:	2a00      	cmp	r2, #0
10004180:	d016      	beq.n	100041b0 <low_priority_worker_irq+0x48>
10004182:	f3ef 8110 	mrs	r1, PRIMASK
10004186:	b672      	cpsid	i
10004188:	6810      	ldr	r0, [r2, #0]
1000418a:	2800      	cmp	r0, #0
1000418c:	d0fc      	beq.n	10004188 <low_priority_worker_irq+0x20>
1000418e:	f3bf 8f5f 	dmb	sy
10004192:	2401      	movs	r4, #1
10004194:	4821      	ldr	r0, [pc, #132]	@ (1000421c <low_priority_worker_irq+0xb4>)
10004196:	6059      	str	r1, [r3, #4]
10004198:	7802      	ldrb	r2, [r0, #0]
1000419a:	681b      	ldr	r3, [r3, #0]
1000419c:	b2d2      	uxtb	r2, r2
1000419e:	7004      	strb	r4, [r0, #0]
100041a0:	f3bf 8f5f 	dmb	sy
100041a4:	2000      	movs	r0, #0
100041a6:	6018      	str	r0, [r3, #0]
100041a8:	f381 8810 	msr	PRIMASK, r1
100041ac:	2a00      	cmp	r2, #0
100041ae:	d017      	beq.n	100041e0 <low_priority_worker_irq+0x78>
100041b0:	b005      	add	sp, #20
100041b2:	bd30      	pop	{r4, r5, pc}
100041b4:	2001      	movs	r0, #1
100041b6:	2100      	movs	r1, #0
100041b8:	4240      	negs	r0, r0
100041ba:	f000 fc0f 	bl	100049dc <tud_task_ext>
100041be:	2000      	movs	r0, #0
100041c0:	f001 fa0c 	bl	100055dc <tud_cdc_n_available>
100041c4:	0005      	movs	r5, r0
100041c6:	0020      	movs	r0, r4
100041c8:	f005 f9a6 	bl	10009518 <__mutex_exit_veneer>
100041cc:	2d00      	cmp	r5, #0
100041ce:	d0ef      	beq.n	100041b0 <low_priority_worker_irq+0x48>
100041d0:	4b13      	ldr	r3, [pc, #76]	@ (10004220 <low_priority_worker_irq+0xb8>)
100041d2:	681b      	ldr	r3, [r3, #0]
100041d4:	2b00      	cmp	r3, #0
100041d6:	d0eb      	beq.n	100041b0 <low_priority_worker_irq+0x48>
100041d8:	4a12      	ldr	r2, [pc, #72]	@ (10004224 <low_priority_worker_irq+0xbc>)
100041da:	6810      	ldr	r0, [r2, #0]
100041dc:	4798      	blx	r3
100041de:	e7e7      	b.n	100041b0 <low_priority_worker_irq+0x48>
100041e0:	f7fc fe10 	bl	10000e04 <alarm_pool_get_default>
100041e4:	0004      	movs	r4, r0
100041e6:	f7fd f821 	bl	1000122c <time_us_64>
100041ea:	22fa      	movs	r2, #250	@ 0xfa
100041ec:	2300      	movs	r3, #0
100041ee:	0092      	lsls	r2, r2, #2
100041f0:	1812      	adds	r2, r2, r0
100041f2:	414b      	adcs	r3, r1
100041f4:	2b00      	cmp	r3, #0
100041f6:	da02      	bge.n	100041fe <low_priority_worker_irq+0x96>
100041f8:	2201      	movs	r2, #1
100041fa:	4b0b      	ldr	r3, [pc, #44]	@ (10004228 <low_priority_worker_irq+0xc0>)
100041fc:	4252      	negs	r2, r2
100041fe:	2101      	movs	r1, #1
10004200:	9102      	str	r1, [sp, #8]
10004202:	2100      	movs	r1, #0
10004204:	9101      	str	r1, [sp, #4]
10004206:	4909      	ldr	r1, [pc, #36]	@ (1000422c <low_priority_worker_irq+0xc4>)
10004208:	0020      	movs	r0, r4
1000420a:	9100      	str	r1, [sp, #0]
1000420c:	f7fc fdfe 	bl	10000e0c <alarm_pool_add_alarm_at>
10004210:	e7ce      	b.n	100041b0 <low_priority_worker_irq+0x48>
10004212:	46c0      	nop			@ (mov r8, r8)
10004214:	20002388 	.word	0x20002388
10004218:	20001fc0 	.word	0x20001fc0
1000421c:	20022497 	.word	0x20022497
10004220:	20001b30 	.word	0x20001b30
10004224:	20001b34 	.word	0x20001b34
10004228:	7fffffff 	.word	0x7fffffff
1000422c:	10003f2d 	.word	0x10003f2d

10004230 <stdio_usb_init>:
10004230:	23d0      	movs	r3, #208	@ 0xd0
10004232:	b510      	push	{r4, lr}
10004234:	061b      	lsls	r3, r3, #24
10004236:	b084      	sub	sp, #16
10004238:	681c      	ldr	r4, [r3, #0]
1000423a:	f7fc fde3 	bl	10000e04 <alarm_pool_get_default>
1000423e:	f7fc fedf 	bl	10001000 <alarm_pool_core_num>
10004242:	42a0      	cmp	r0, r4
10004244:	d002      	beq.n	1000424c <stdio_usb_init+0x1c>
10004246:	2000      	movs	r0, #0
10004248:	b004      	add	sp, #16
1000424a:	bd10      	pop	{r4, pc}
1000424c:	4b29      	ldr	r3, [pc, #164]	@ (100042f4 <stdio_usb_init+0xc4>)
1000424e:	2100      	movs	r1, #0
10004250:	2000      	movs	r0, #0
10004252:	781b      	ldrb	r3, [r3, #0]
10004254:	f001 fd5e 	bl	10005d14 <tusb_rhport_init>
10004258:	4827      	ldr	r0, [pc, #156]	@ (100042f8 <stdio_usb_init+0xc8>)
1000425a:	6803      	ldr	r3, [r0, #0]
1000425c:	2b00      	cmp	r3, #0
1000425e:	d045      	beq.n	100042ec <stdio_usb_init+0xbc>
10004260:	2001      	movs	r0, #1
10004262:	f7fc fb65 	bl	10000930 <user_irq_claim_unused>
10004266:	23ff      	movs	r3, #255	@ 0xff
10004268:	4c24      	ldr	r4, [pc, #144]	@ (100042fc <stdio_usb_init+0xcc>)
1000426a:	4925      	ldr	r1, [pc, #148]	@ (10004300 <stdio_usb_init+0xd0>)
1000426c:	7020      	strb	r0, [r4, #0]
1000426e:	4018      	ands	r0, r3
10004270:	f7fc f9cc 	bl	1000060c <irq_set_exclusive_handler>
10004274:	7820      	ldrb	r0, [r4, #0]
10004276:	2101      	movs	r1, #1
10004278:	f7fc f990 	bl	1000059c <irq_set_enabled>
1000427c:	2005      	movs	r0, #5
1000427e:	f7fc f9b3 	bl	100005e8 <irq_has_shared_handler>
10004282:	2800      	cmp	r0, #0
10004284:	d124      	bne.n	100042d0 <stdio_usb_init+0xa0>
10004286:	2208      	movs	r2, #8
10004288:	2100      	movs	r1, #0
1000428a:	481e      	ldr	r0, [pc, #120]	@ (10004304 <stdio_usb_init+0xd4>)
1000428c:	f7fd ff0e 	bl	100020ac <__wrap_memset>
10004290:	f7fc fdb8 	bl	10000e04 <alarm_pool_get_default>
10004294:	0004      	movs	r4, r0
10004296:	f7fc ffc9 	bl	1000122c <time_us_64>
1000429a:	22fa      	movs	r2, #250	@ 0xfa
1000429c:	2300      	movs	r3, #0
1000429e:	0092      	lsls	r2, r2, #2
100042a0:	1812      	adds	r2, r2, r0
100042a2:	414b      	adcs	r3, r1
100042a4:	2b00      	cmp	r3, #0
100042a6:	da02      	bge.n	100042ae <stdio_usb_init+0x7e>
100042a8:	2201      	movs	r2, #1
100042aa:	4b17      	ldr	r3, [pc, #92]	@ (10004308 <stdio_usb_init+0xd8>)
100042ac:	4252      	negs	r2, r2
100042ae:	2101      	movs	r1, #1
100042b0:	9102      	str	r1, [sp, #8]
100042b2:	2100      	movs	r1, #0
100042b4:	9101      	str	r1, [sp, #4]
100042b6:	4915      	ldr	r1, [pc, #84]	@ (1000430c <stdio_usb_init+0xdc>)
100042b8:	0020      	movs	r0, r4
100042ba:	9100      	str	r1, [sp, #0]
100042bc:	f7fc fda6 	bl	10000e0c <alarm_pool_add_alarm_at>
100042c0:	2800      	cmp	r0, #0
100042c2:	dbc0      	blt.n	10004246 <stdio_usb_init+0x16>
100042c4:	4812      	ldr	r0, [pc, #72]	@ (10004310 <stdio_usb_init+0xe0>)
100042c6:	2101      	movs	r1, #1
100042c8:	f7ff fca6 	bl	10003c18 <stdio_set_driver_enabled>
100042cc:	2001      	movs	r0, #1
100042ce:	e7bb      	b.n	10004248 <stdio_usb_init+0x18>
100042d0:	2001      	movs	r0, #1
100042d2:	f7fc f931 	bl	10000538 <spin_lock_claim_unused>
100042d6:	4b0b      	ldr	r3, [pc, #44]	@ (10004304 <stdio_usb_init+0xd4>)
100042d8:	0001      	movs	r1, r0
100042da:	0018      	movs	r0, r3
100042dc:	f7fc fb8c 	bl	100009f8 <critical_section_init_with_lock_num>
100042e0:	2200      	movs	r2, #0
100042e2:	2005      	movs	r0, #5
100042e4:	490b      	ldr	r1, [pc, #44]	@ (10004314 <stdio_usb_init+0xe4>)
100042e6:	f7fc f9bb 	bl	10000660 <irq_add_shared_handler>
100042ea:	e7eb      	b.n	100042c4 <stdio_usb_init+0x94>
100042ec:	f7fc fb68 	bl	100009c0 <mutex_init>
100042f0:	e7b6      	b.n	10004260 <stdio_usb_init+0x30>
100042f2:	46c0      	nop			@ (mov r8, r8)
100042f4:	10009f48 	.word	0x10009f48
100042f8:	20002388 	.word	0x20002388
100042fc:	20022496 	.word	0x20022496
10004300:	10004169 	.word	0x10004169
10004304:	20001fc0 	.word	0x20001fc0
10004308:	7fffffff 	.word	0x7fffffff
1000430c:	10003f2d 	.word	0x10003f2d
10004310:	20001070 	.word	0x20001070
10004314:	10003f1d 	.word	0x10003f1d

10004318 <tud_descriptor_device_cb>:
10004318:	4800      	ldr	r0, [pc, #0]	@ (1000431c <tud_descriptor_device_cb+0x4>)
1000431a:	4770      	bx	lr
1000431c:	10009b98 	.word	0x10009b98

10004320 <tud_descriptor_configuration_cb>:
10004320:	4800      	ldr	r0, [pc, #0]	@ (10004324 <tud_descriptor_configuration_cb+0x4>)
10004322:	4770      	bx	lr
10004324:	10009b44 	.word	0x10009b44

10004328 <tud_descriptor_string_cb>:
10004328:	b510      	push	{r4, lr}
1000432a:	0004      	movs	r4, r0
1000432c:	4817      	ldr	r0, [pc, #92]	@ (1000438c <tud_descriptor_string_cb+0x64>)
1000432e:	7803      	ldrb	r3, [r0, #0]
10004330:	2b00      	cmp	r3, #0
10004332:	d020      	beq.n	10004376 <tud_descriptor_string_cb+0x4e>
10004334:	2c00      	cmp	r4, #0
10004336:	d106      	bne.n	10004346 <tud_descriptor_string_cb+0x1e>
10004338:	4b15      	ldr	r3, [pc, #84]	@ (10004390 <tud_descriptor_string_cb+0x68>)
1000433a:	4816      	ldr	r0, [pc, #88]	@ (10004394 <tud_descriptor_string_cb+0x6c>)
1000433c:	8043      	strh	r3, [r0, #2]
1000433e:	3b06      	subs	r3, #6
10004340:	3bff      	subs	r3, #255	@ 0xff
10004342:	8003      	strh	r3, [r0, #0]
10004344:	bd10      	pop	{r4, pc}
10004346:	2c05      	cmp	r4, #5
10004348:	d81d      	bhi.n	10004386 <tud_descriptor_string_cb+0x5e>
1000434a:	4b13      	ldr	r3, [pc, #76]	@ (10004398 <tud_descriptor_string_cb+0x70>)
1000434c:	00a4      	lsls	r4, r4, #2
1000434e:	58e0      	ldr	r0, [r4, r3]
10004350:	4912      	ldr	r1, [pc, #72]	@ (1000439c <tud_descriptor_string_cb+0x74>)
10004352:	2301      	movs	r3, #1
10004354:	3801      	subs	r0, #1
10004356:	e004      	b.n	10004362 <tud_descriptor_string_cb+0x3a>
10004358:	3301      	adds	r3, #1
1000435a:	800a      	strh	r2, [r1, #0]
1000435c:	3102      	adds	r1, #2
1000435e:	2b14      	cmp	r3, #20
10004360:	d00d      	beq.n	1000437e <tud_descriptor_string_cb+0x56>
10004362:	5cc2      	ldrb	r2, [r0, r3]
10004364:	2a00      	cmp	r2, #0
10004366:	d1f7      	bne.n	10004358 <tud_descriptor_string_cb+0x30>
10004368:	22c0      	movs	r2, #192	@ 0xc0
1000436a:	b2db      	uxtb	r3, r3
1000436c:	005b      	lsls	r3, r3, #1
1000436e:	0092      	lsls	r2, r2, #2
10004370:	4808      	ldr	r0, [pc, #32]	@ (10004394 <tud_descriptor_string_cb+0x6c>)
10004372:	4313      	orrs	r3, r2
10004374:	e7e5      	b.n	10004342 <tud_descriptor_string_cb+0x1a>
10004376:	2111      	movs	r1, #17
10004378:	f000 f81a 	bl	100043b0 <pico_get_unique_board_id_string>
1000437c:	e7da      	b.n	10004334 <tud_descriptor_string_cb+0xc>
1000437e:	23ca      	movs	r3, #202	@ 0xca
10004380:	4804      	ldr	r0, [pc, #16]	@ (10004394 <tud_descriptor_string_cb+0x6c>)
10004382:	009b      	lsls	r3, r3, #2
10004384:	e7dd      	b.n	10004342 <tud_descriptor_string_cb+0x1a>
10004386:	2000      	movs	r0, #0
10004388:	e7dc      	b.n	10004344 <tud_descriptor_string_cb+0x1c>
1000438a:	46c0      	nop			@ (mov r8, r8)
1000438c:	20022390 	.word	0x20022390
10004390:	00000409 	.word	0x00000409
10004394:	20001b68 	.word	0x20001b68
10004398:	10009b2c 	.word	0x10009b2c
1000439c:	20001b6a 	.word	0x20001b6a

100043a0 <_retrieve_unique_id_on_boot>:
100043a0:	b510      	push	{r4, lr}
100043a2:	4802      	ldr	r0, [pc, #8]	@ (100043ac <_retrieve_unique_id_on_boot+0xc>)
100043a4:	f000 f8d8 	bl	10004558 <flash_get_unique_id>
100043a8:	bd10      	pop	{r4, pc}
100043aa:	46c0      	nop			@ (mov r8, r8)
100043ac:	20002278 	.word	0x20002278

100043b0 <pico_get_unique_board_id_string>:
100043b0:	b530      	push	{r4, r5, lr}
100043b2:	1e4b      	subs	r3, r1, #1
100043b4:	2901      	cmp	r1, #1
100043b6:	d100      	bne.n	100043ba <pico_get_unique_board_id_string+0xa>
100043b8:	e0a7      	b.n	1000450a <pico_get_unique_board_id_string+0x15a>
100043ba:	4a66      	ldr	r2, [pc, #408]	@ (10004554 <pico_get_unique_board_id_string+0x1a4>)
100043bc:	7811      	ldrb	r1, [r2, #0]
100043be:	090d      	lsrs	r5, r1, #4
100043c0:	002c      	movs	r4, r5
100043c2:	3430      	adds	r4, #48	@ 0x30
100043c4:	299f      	cmp	r1, #159	@ 0x9f
100043c6:	d900      	bls.n	100043ca <pico_get_unique_board_id_string+0x1a>
100043c8:	e0a2      	b.n	10004510 <pico_get_unique_board_id_string+0x160>
100043ca:	7004      	strb	r4, [r0, #0]
100043cc:	2b01      	cmp	r3, #1
100043ce:	d100      	bne.n	100043d2 <pico_get_unique_board_id_string+0x22>
100043d0:	e0be      	b.n	10004550 <pico_get_unique_board_id_string+0x1a0>
100043d2:	210f      	movs	r1, #15
100043d4:	7814      	ldrb	r4, [r2, #0]
100043d6:	4021      	ands	r1, r4
100043d8:	000c      	movs	r4, r1
100043da:	3430      	adds	r4, #48	@ 0x30
100043dc:	2909      	cmp	r1, #9
100043de:	d900      	bls.n	100043e2 <pico_get_unique_board_id_string+0x32>
100043e0:	e098      	b.n	10004514 <pico_get_unique_board_id_string+0x164>
100043e2:	7044      	strb	r4, [r0, #1]
100043e4:	2b02      	cmp	r3, #2
100043e6:	d100      	bne.n	100043ea <pico_get_unique_board_id_string+0x3a>
100043e8:	e0b2      	b.n	10004550 <pico_get_unique_board_id_string+0x1a0>
100043ea:	7854      	ldrb	r4, [r2, #1]
100043ec:	0925      	lsrs	r5, r4, #4
100043ee:	0029      	movs	r1, r5
100043f0:	3130      	adds	r1, #48	@ 0x30
100043f2:	2c9f      	cmp	r4, #159	@ 0x9f
100043f4:	d900      	bls.n	100043f8 <pico_get_unique_board_id_string+0x48>
100043f6:	e090      	b.n	1000451a <pico_get_unique_board_id_string+0x16a>
100043f8:	7081      	strb	r1, [r0, #2]
100043fa:	2b03      	cmp	r3, #3
100043fc:	d100      	bne.n	10004400 <pico_get_unique_board_id_string+0x50>
100043fe:	e0a7      	b.n	10004550 <pico_get_unique_board_id_string+0x1a0>
10004400:	210f      	movs	r1, #15
10004402:	4021      	ands	r1, r4
10004404:	000c      	movs	r4, r1
10004406:	3430      	adds	r4, #48	@ 0x30
10004408:	2909      	cmp	r1, #9
1000440a:	d900      	bls.n	1000440e <pico_get_unique_board_id_string+0x5e>
1000440c:	e087      	b.n	1000451e <pico_get_unique_board_id_string+0x16e>
1000440e:	70c4      	strb	r4, [r0, #3]
10004410:	2b04      	cmp	r3, #4
10004412:	d100      	bne.n	10004416 <pico_get_unique_board_id_string+0x66>
10004414:	e09c      	b.n	10004550 <pico_get_unique_board_id_string+0x1a0>
10004416:	7894      	ldrb	r4, [r2, #2]
10004418:	0925      	lsrs	r5, r4, #4
1000441a:	0029      	movs	r1, r5
1000441c:	3130      	adds	r1, #48	@ 0x30
1000441e:	2c9f      	cmp	r4, #159	@ 0x9f
10004420:	d900      	bls.n	10004424 <pico_get_unique_board_id_string+0x74>
10004422:	e07f      	b.n	10004524 <pico_get_unique_board_id_string+0x174>
10004424:	7101      	strb	r1, [r0, #4]
10004426:	2b05      	cmp	r3, #5
10004428:	d100      	bne.n	1000442c <pico_get_unique_board_id_string+0x7c>
1000442a:	e091      	b.n	10004550 <pico_get_unique_board_id_string+0x1a0>
1000442c:	210f      	movs	r1, #15
1000442e:	4021      	ands	r1, r4
10004430:	000c      	movs	r4, r1
10004432:	3430      	adds	r4, #48	@ 0x30
10004434:	2909      	cmp	r1, #9
10004436:	d900      	bls.n	1000443a <pico_get_unique_board_id_string+0x8a>
10004438:	e076      	b.n	10004528 <pico_get_unique_board_id_string+0x178>
1000443a:	7144      	strb	r4, [r0, #5]
1000443c:	2b06      	cmp	r3, #6
1000443e:	d100      	bne.n	10004442 <pico_get_unique_board_id_string+0x92>
10004440:	e086      	b.n	10004550 <pico_get_unique_board_id_string+0x1a0>
10004442:	78d4      	ldrb	r4, [r2, #3]
10004444:	0925      	lsrs	r5, r4, #4
10004446:	0029      	movs	r1, r5
10004448:	3130      	adds	r1, #48	@ 0x30
1000444a:	2c9f      	cmp	r4, #159	@ 0x9f
1000444c:	d900      	bls.n	10004450 <pico_get_unique_board_id_string+0xa0>
1000444e:	e06e      	b.n	1000452e <pico_get_unique_board_id_string+0x17e>
10004450:	7181      	strb	r1, [r0, #6]
10004452:	2b07      	cmp	r3, #7
10004454:	d100      	bne.n	10004458 <pico_get_unique_board_id_string+0xa8>
10004456:	e07b      	b.n	10004550 <pico_get_unique_board_id_string+0x1a0>
10004458:	210f      	movs	r1, #15
1000445a:	4021      	ands	r1, r4
1000445c:	000c      	movs	r4, r1
1000445e:	3430      	adds	r4, #48	@ 0x30
10004460:	2909      	cmp	r1, #9
10004462:	d866      	bhi.n	10004532 <pico_get_unique_board_id_string+0x182>
10004464:	71c4      	strb	r4, [r0, #7]
10004466:	2b08      	cmp	r3, #8
10004468:	d100      	bne.n	1000446c <pico_get_unique_board_id_string+0xbc>
1000446a:	e071      	b.n	10004550 <pico_get_unique_board_id_string+0x1a0>
1000446c:	7914      	ldrb	r4, [r2, #4]
1000446e:	0925      	lsrs	r5, r4, #4
10004470:	0029      	movs	r1, r5
10004472:	3130      	adds	r1, #48	@ 0x30
10004474:	2c9f      	cmp	r4, #159	@ 0x9f
10004476:	d85f      	bhi.n	10004538 <pico_get_unique_board_id_string+0x188>
10004478:	7201      	strb	r1, [r0, #8]
1000447a:	2b09      	cmp	r3, #9
1000447c:	d068      	beq.n	10004550 <pico_get_unique_board_id_string+0x1a0>
1000447e:	210f      	movs	r1, #15
10004480:	4021      	ands	r1, r4
10004482:	000c      	movs	r4, r1
10004484:	3430      	adds	r4, #48	@ 0x30
10004486:	2909      	cmp	r1, #9
10004488:	d858      	bhi.n	1000453c <pico_get_unique_board_id_string+0x18c>
1000448a:	7244      	strb	r4, [r0, #9]
1000448c:	2b0a      	cmp	r3, #10
1000448e:	d05f      	beq.n	10004550 <pico_get_unique_board_id_string+0x1a0>
10004490:	7954      	ldrb	r4, [r2, #5]
10004492:	0925      	lsrs	r5, r4, #4
10004494:	0029      	movs	r1, r5
10004496:	3130      	adds	r1, #48	@ 0x30
10004498:	2c9f      	cmp	r4, #159	@ 0x9f
1000449a:	d852      	bhi.n	10004542 <pico_get_unique_board_id_string+0x192>
1000449c:	7281      	strb	r1, [r0, #10]
1000449e:	2b0b      	cmp	r3, #11
100044a0:	d056      	beq.n	10004550 <pico_get_unique_board_id_string+0x1a0>
100044a2:	210f      	movs	r1, #15
100044a4:	4021      	ands	r1, r4
100044a6:	000c      	movs	r4, r1
100044a8:	3430      	adds	r4, #48	@ 0x30
100044aa:	2909      	cmp	r1, #9
100044ac:	d84b      	bhi.n	10004546 <pico_get_unique_board_id_string+0x196>
100044ae:	72c4      	strb	r4, [r0, #11]
100044b0:	2b0c      	cmp	r3, #12
100044b2:	d04d      	beq.n	10004550 <pico_get_unique_board_id_string+0x1a0>
100044b4:	7994      	ldrb	r4, [r2, #6]
100044b6:	0925      	lsrs	r5, r4, #4
100044b8:	0029      	movs	r1, r5
100044ba:	3130      	adds	r1, #48	@ 0x30
100044bc:	2c9f      	cmp	r4, #159	@ 0x9f
100044be:	d900      	bls.n	100044c2 <pico_get_unique_board_id_string+0x112>
100044c0:	3107      	adds	r1, #7
100044c2:	7301      	strb	r1, [r0, #12]
100044c4:	2b0d      	cmp	r3, #13
100044c6:	d043      	beq.n	10004550 <pico_get_unique_board_id_string+0x1a0>
100044c8:	210f      	movs	r1, #15
100044ca:	4021      	ands	r1, r4
100044cc:	000c      	movs	r4, r1
100044ce:	3430      	adds	r4, #48	@ 0x30
100044d0:	2909      	cmp	r1, #9
100044d2:	d901      	bls.n	100044d8 <pico_get_unique_board_id_string+0x128>
100044d4:	3137      	adds	r1, #55	@ 0x37
100044d6:	000c      	movs	r4, r1
100044d8:	7344      	strb	r4, [r0, #13]
100044da:	2b0e      	cmp	r3, #14
100044dc:	d038      	beq.n	10004550 <pico_get_unique_board_id_string+0x1a0>
100044de:	79d1      	ldrb	r1, [r2, #7]
100044e0:	090c      	lsrs	r4, r1, #4
100044e2:	0022      	movs	r2, r4
100044e4:	3230      	adds	r2, #48	@ 0x30
100044e6:	299f      	cmp	r1, #159	@ 0x9f
100044e8:	d900      	bls.n	100044ec <pico_get_unique_board_id_string+0x13c>
100044ea:	3207      	adds	r2, #7
100044ec:	7382      	strb	r2, [r0, #14]
100044ee:	2b0f      	cmp	r3, #15
100044f0:	d02e      	beq.n	10004550 <pico_get_unique_board_id_string+0x1a0>
100044f2:	220f      	movs	r2, #15
100044f4:	400a      	ands	r2, r1
100044f6:	0011      	movs	r1, r2
100044f8:	3137      	adds	r1, #55	@ 0x37
100044fa:	2a09      	cmp	r2, #9
100044fc:	d801      	bhi.n	10004502 <pico_get_unique_board_id_string+0x152>
100044fe:	3230      	adds	r2, #48	@ 0x30
10004500:	0011      	movs	r1, r2
10004502:	73c1      	strb	r1, [r0, #15]
10004504:	2b10      	cmp	r3, #16
10004506:	d023      	beq.n	10004550 <pico_get_unique_board_id_string+0x1a0>
10004508:	3010      	adds	r0, #16
1000450a:	2300      	movs	r3, #0
1000450c:	7003      	strb	r3, [r0, #0]
1000450e:	bd30      	pop	{r4, r5, pc}
10004510:	3407      	adds	r4, #7
10004512:	e75a      	b.n	100043ca <pico_get_unique_board_id_string+0x1a>
10004514:	3137      	adds	r1, #55	@ 0x37
10004516:	000c      	movs	r4, r1
10004518:	e763      	b.n	100043e2 <pico_get_unique_board_id_string+0x32>
1000451a:	3107      	adds	r1, #7
1000451c:	e76c      	b.n	100043f8 <pico_get_unique_board_id_string+0x48>
1000451e:	3137      	adds	r1, #55	@ 0x37
10004520:	000c      	movs	r4, r1
10004522:	e774      	b.n	1000440e <pico_get_unique_board_id_string+0x5e>
10004524:	3107      	adds	r1, #7
10004526:	e77d      	b.n	10004424 <pico_get_unique_board_id_string+0x74>
10004528:	3137      	adds	r1, #55	@ 0x37
1000452a:	000c      	movs	r4, r1
1000452c:	e785      	b.n	1000443a <pico_get_unique_board_id_string+0x8a>
1000452e:	3107      	adds	r1, #7
10004530:	e78e      	b.n	10004450 <pico_get_unique_board_id_string+0xa0>
10004532:	3137      	adds	r1, #55	@ 0x37
10004534:	000c      	movs	r4, r1
10004536:	e795      	b.n	10004464 <pico_get_unique_board_id_string+0xb4>
10004538:	3107      	adds	r1, #7
1000453a:	e79d      	b.n	10004478 <pico_get_unique_board_id_string+0xc8>
1000453c:	3137      	adds	r1, #55	@ 0x37
1000453e:	000c      	movs	r4, r1
10004540:	e7a3      	b.n	1000448a <pico_get_unique_board_id_string+0xda>
10004542:	3107      	adds	r1, #7
10004544:	e7aa      	b.n	1000449c <pico_get_unique_board_id_string+0xec>
10004546:	3137      	adds	r1, #55	@ 0x37
10004548:	000c      	movs	r4, r1
1000454a:	72c4      	strb	r4, [r0, #11]
1000454c:	2b0c      	cmp	r3, #12
1000454e:	d1b1      	bne.n	100044b4 <pico_get_unique_board_id_string+0x104>
10004550:	18c0      	adds	r0, r0, r3
10004552:	e7da      	b.n	1000450a <pico_get_unique_board_id_string+0x15a>
10004554:	20002278 	.word	0x20002278

10004558 <flash_get_unique_id>:
10004558:	b510      	push	{r4, lr}
1000455a:	b088      	sub	sp, #32
1000455c:	0004      	movs	r4, r0
1000455e:	220d      	movs	r2, #13
10004560:	2100      	movs	r1, #0
10004562:	4668      	mov	r0, sp
10004564:	f7fd fda2 	bl	100020ac <__wrap_memset>
10004568:	220d      	movs	r2, #13
1000456a:	2100      	movs	r1, #0
1000456c:	a804      	add	r0, sp, #16
1000456e:	f7fd fd9d 	bl	100020ac <__wrap_memset>
10004572:	234b      	movs	r3, #75	@ 0x4b
10004574:	466a      	mov	r2, sp
10004576:	4668      	mov	r0, sp
10004578:	7013      	strb	r3, [r2, #0]
1000457a:	a904      	add	r1, sp, #16
1000457c:	220d      	movs	r2, #13
1000457e:	f004 ffc3 	bl	10009508 <__flash_do_cmd_veneer>
10004582:	2115      	movs	r1, #21
10004584:	2208      	movs	r2, #8
10004586:	0020      	movs	r0, r4
10004588:	4469      	add	r1, sp
1000458a:	f7fd fd95 	bl	100020b8 <__wrap___aeabi_memcpy>
1000458e:	b008      	add	sp, #32
10004590:	bd10      	pop	{r4, pc}
10004592:	46c0      	nop			@ (mov r8, r8)

10004594 <dcd_init>:
10004594:	b5f8      	push	{r3, r4, r5, r6, r7, lr}
10004596:	f000 f947 	bl	10004828 <rp2040_usb_init>
1000459a:	230c      	movs	r3, #12
1000459c:	4d19      	ldr	r5, [pc, #100]	@ (10004604 <dcd_init+0x70>)
1000459e:	22ff      	movs	r2, #255	@ 0xff
100045a0:	67ab      	str	r3, [r5, #120]	@ 0x78
100045a2:	2005      	movs	r0, #5
100045a4:	4918      	ldr	r1, [pc, #96]	@ (10004608 <dcd_init+0x74>)
100045a6:	f7fc f85b 	bl	10000660 <irq_add_shared_handler>
100045aa:	4c18      	ldr	r4, [pc, #96]	@ (1000460c <dcd_init+0x78>)
100045ac:	2240      	movs	r2, #64	@ 0x40
100045ae:	2100      	movs	r1, #0
100045b0:	0020      	movs	r0, r4
100045b2:	f7fd fd7b 	bl	100020ac <__wrap_memset>
100045b6:	2740      	movs	r7, #64	@ 0x40
100045b8:	2300      	movs	r3, #0
100045ba:	2601      	movs	r6, #1
100045bc:	2121      	movs	r1, #33	@ 0x21
100045be:	4a14      	ldr	r2, [pc, #80]	@ (10004610 <dcd_init+0x7c>)
100045c0:	7066      	strb	r6, [r4, #1]
100045c2:	8327      	strh	r7, [r4, #24]
100045c4:	60a2      	str	r2, [r4, #8]
100045c6:	6013      	str	r3, [r2, #0]
100045c8:	5463      	strb	r3, [r4, r1]
100045ca:	315f      	adds	r1, #95	@ 0x5f
100045cc:	8461      	strh	r1, [r4, #34]	@ 0x22
100045ce:	3945      	subs	r1, #69	@ 0x45
100045d0:	5463      	strb	r3, [r4, r1]
100045d2:	4a10      	ldr	r2, [pc, #64]	@ (10004614 <dcd_init+0x80>)
100045d4:	4910      	ldr	r1, [pc, #64]	@ (10004618 <dcd_init+0x84>)
100045d6:	6063      	str	r3, [r4, #4]
100045d8:	60e2      	str	r2, [r4, #12]
100045da:	8727      	strh	r7, [r4, #56]	@ 0x38
100045dc:	62a1      	str	r1, [r4, #40]	@ 0x28
100045de:	600b      	str	r3, [r1, #0]
100045e0:	6263      	str	r3, [r4, #36]	@ 0x24
100045e2:	62e2      	str	r2, [r4, #44]	@ 0x2c
100045e4:	f004 ffe0 	bl	100095a8 <__reset_non_control_endpoints_veneer>
100045e8:	2380      	movs	r3, #128	@ 0x80
100045ea:	059b      	lsls	r3, r3, #22
100045ec:	642e      	str	r6, [r5, #64]	@ 0x40
100045ee:	64eb      	str	r3, [r5, #76]	@ 0x4c
100045f0:	2390      	movs	r3, #144	@ 0x90
100045f2:	4a0a      	ldr	r2, [pc, #40]	@ (1000461c <dcd_init+0x88>)
100045f4:	2001      	movs	r0, #1
100045f6:	50ea      	str	r2, [r5, r3]
100045f8:	2280      	movs	r2, #128	@ 0x80
100045fa:	4b09      	ldr	r3, [pc, #36]	@ (10004620 <dcd_init+0x8c>)
100045fc:	0252      	lsls	r2, r2, #9
100045fe:	64da      	str	r2, [r3, #76]	@ 0x4c
10004600:	bdf8      	pop	{r3, r4, r5, r6, r7, pc}
10004602:	46c0      	nop			@ (mov r8, r8)
10004604:	50110000 	.word	0x50110000
10004608:	2000052d 	.word	0x2000052d
1000460c:	20001b9c 	.word	0x20001b9c
10004610:	50100084 	.word	0x50100084
10004614:	50100100 	.word	0x50100100
10004618:	50100080 	.word	0x50100080
1000461c:	0001d010 	.word	0x0001d010
10004620:	50112000 	.word	0x50112000

10004624 <dcd_int_enable>:
10004624:	b510      	push	{r4, lr}
10004626:	2101      	movs	r1, #1
10004628:	2005      	movs	r0, #5
1000462a:	f7fb ffb7 	bl	1000059c <irq_set_enabled>
1000462e:	bd10      	pop	{r4, pc}

10004630 <dcd_set_address>:
10004630:	b510      	push	{r4, lr}
10004632:	2200      	movs	r2, #0
10004634:	2100      	movs	r1, #0
10004636:	4802      	ldr	r0, [pc, #8]	@ (10004640 <dcd_set_address+0x10>)
10004638:	f000 f916 	bl	10004868 <hw_endpoint_xfer_start>
1000463c:	bd10      	pop	{r4, pc}
1000463e:	46c0      	nop			@ (mov r8, r8)
10004640:	20001bbc 	.word	0x20001bbc

10004644 <dcd_sof_enable>:
10004644:	4b04      	ldr	r3, [pc, #16]	@ (10004658 <dcd_sof_enable+0x14>)
10004646:	7019      	strb	r1, [r3, #0]
10004648:	2900      	cmp	r1, #0
1000464a:	d004      	beq.n	10004656 <dcd_sof_enable+0x12>
1000464c:	2180      	movs	r1, #128	@ 0x80
1000464e:	2390      	movs	r3, #144	@ 0x90
10004650:	4a02      	ldr	r2, [pc, #8]	@ (1000465c <dcd_sof_enable+0x18>)
10004652:	0289      	lsls	r1, r1, #10
10004654:	50d1      	str	r1, [r2, r3]
10004656:	4770      	bx	lr
10004658:	20022491 	.word	0x20022491
1000465c:	50112000 	.word	0x50112000

10004660 <dcd_edpt0_status_complete>:
10004660:	780b      	ldrb	r3, [r1, #0]
10004662:	065b      	lsls	r3, r3, #25
10004664:	d102      	bne.n	1000466c <dcd_edpt0_status_complete+0xc>
10004666:	784b      	ldrb	r3, [r1, #1]
10004668:	2b05      	cmp	r3, #5
1000466a:	d000      	beq.n	1000466e <dcd_edpt0_status_complete+0xe>
1000466c:	4770      	bx	lr
1000466e:	788a      	ldrb	r2, [r1, #2]
10004670:	4b01      	ldr	r3, [pc, #4]	@ (10004678 <dcd_edpt0_status_complete+0x18>)
10004672:	601a      	str	r2, [r3, #0]
10004674:	e7fa      	b.n	1000466c <dcd_edpt0_status_complete+0xc>
10004676:	46c0      	nop			@ (mov r8, r8)
10004678:	50110000 	.word	0x50110000

1000467c <dcd_edpt_open>:
1000467c:	b5f0      	push	{r4, r5, r6, r7, lr}
1000467e:	46c6      	mov	lr, r8
10004680:	78c8      	ldrb	r0, [r1, #3]
10004682:	b500      	push	{lr}
10004684:	0780      	lsls	r0, r0, #30
10004686:	0f83      	lsrs	r3, r0, #30
10004688:	0018      	movs	r0, r3
1000468a:	2b01      	cmp	r3, #1
1000468c:	d060      	beq.n	10004750 <dcd_edpt_open+0xd4>
1000468e:	788f      	ldrb	r7, [r1, #2]
10004690:	790a      	ldrb	r2, [r1, #4]
10004692:	794b      	ldrb	r3, [r1, #5]
10004694:	217f      	movs	r1, #127	@ 0x7f
10004696:	4039      	ands	r1, r7
10004698:	09fc      	lsrs	r4, r7, #7
1000469a:	021b      	lsls	r3, r3, #8
1000469c:	004e      	lsls	r6, r1, #1
1000469e:	4313      	orrs	r3, r2
100046a0:	4d33      	ldr	r5, [pc, #204]	@ (10004770 <dcd_edpt_open+0xf4>)
100046a2:	1932      	adds	r2, r6, r4
100046a4:	0152      	lsls	r2, r2, #5
100046a6:	18aa      	adds	r2, r5, r2
100046a8:	7097      	strb	r7, [r2, #2]
100046aa:	2701      	movs	r7, #1
100046ac:	4067      	eors	r7, r4
100046ae:	7057      	strb	r7, [r2, #1]
100046b0:	2700      	movs	r7, #0
100046b2:	055b      	lsls	r3, r3, #21
100046b4:	0d5b      	lsrs	r3, r3, #21
100046b6:	70d7      	strb	r7, [r2, #3]
100046b8:	8313      	strh	r3, [r2, #24]
100046ba:	76d0      	strb	r0, [r2, #27]
100046bc:	46b8      	mov	r8, r7
100046be:	00ca      	lsls	r2, r1, #3
100046c0:	2c01      	cmp	r4, #1
100046c2:	d032      	beq.n	1000472a <dcd_edpt_open+0xae>
100046c4:	4f2b      	ldr	r7, [pc, #172]	@ (10004774 <dcd_edpt_open+0xf8>)
100046c6:	46bc      	mov	ip, r7
100046c8:	018f      	lsls	r7, r1, #6
100046ca:	4462      	add	r2, ip
100046cc:	46bc      	mov	ip, r7
100046ce:	44ac      	add	ip, r5
100046d0:	4667      	mov	r7, ip
100046d2:	60ba      	str	r2, [r7, #8]
100046d4:	4647      	mov	r7, r8
100046d6:	6017      	str	r7, [r2, #0]
100046d8:	2900      	cmp	r1, #0
100046da:	d032      	beq.n	10004742 <dcd_edpt_open+0xc6>
100046dc:	4a26      	ldr	r2, [pc, #152]	@ (10004778 <dcd_edpt_open+0xfc>)
100046de:	00c9      	lsls	r1, r1, #3
100046e0:	4690      	mov	r8, r2
100046e2:	4662      	mov	r2, ip
100046e4:	4441      	add	r1, r8
100046e6:	6051      	str	r1, [r2, #4]
100046e8:	223f      	movs	r2, #63	@ 0x3f
100046ea:	333f      	adds	r3, #63	@ 0x3f
100046ec:	4393      	bics	r3, r2
100046ee:	2802      	cmp	r0, #2
100046f0:	d037      	beq.n	10004762 <dcd_edpt_open+0xe6>
100046f2:	4922      	ldr	r1, [pc, #136]	@ (1000477c <dcd_edpt_open+0x100>)
100046f4:	1937      	adds	r7, r6, r4
100046f6:	680a      	ldr	r2, [r1, #0]
100046f8:	017f      	lsls	r7, r7, #5
100046fa:	18d3      	adds	r3, r2, r3
100046fc:	600b      	str	r3, [r1, #0]
100046fe:	4920      	ldr	r1, [pc, #128]	@ (10004780 <dcd_edpt_open+0x104>)
10004700:	19ef      	adds	r7, r5, r7
10004702:	60fa      	str	r2, [r7, #12]
10004704:	428b      	cmp	r3, r1
10004706:	d82e      	bhi.n	10004766 <dcd_edpt_open+0xea>
10004708:	1936      	adds	r6, r6, r4
1000470a:	0176      	lsls	r6, r6, #5
1000470c:	19ad      	adds	r5, r5, r6
1000470e:	7eeb      	ldrb	r3, [r5, #27]
10004710:	491c      	ldr	r1, [pc, #112]	@ (10004784 <dcd_edpt_open+0x108>)
10004712:	069b      	lsls	r3, r3, #26
10004714:	404a      	eors	r2, r1
10004716:	4313      	orrs	r3, r2
10004718:	2280      	movs	r2, #128	@ 0x80
1000471a:	0612      	lsls	r2, r2, #24
1000471c:	4313      	orrs	r3, r2
1000471e:	686a      	ldr	r2, [r5, #4]
10004720:	6013      	str	r3, [r2, #0]
10004722:	2001      	movs	r0, #1
10004724:	bc80      	pop	{r7}
10004726:	46b8      	mov	r8, r7
10004728:	bdf0      	pop	{r4, r5, r6, r7, pc}
1000472a:	4f17      	ldr	r7, [pc, #92]	@ (10004788 <dcd_edpt_open+0x10c>)
1000472c:	46bc      	mov	ip, r7
1000472e:	018f      	lsls	r7, r1, #6
10004730:	4462      	add	r2, ip
10004732:	46bc      	mov	ip, r7
10004734:	44ac      	add	ip, r5
10004736:	4667      	mov	r7, ip
10004738:	62ba      	str	r2, [r7, #40]	@ 0x28
1000473a:	4647      	mov	r7, r8
1000473c:	6017      	str	r7, [r2, #0]
1000473e:	2900      	cmp	r1, #0
10004740:	d108      	bne.n	10004754 <dcd_edpt_open+0xd8>
10004742:	2300      	movs	r3, #0
10004744:	0164      	lsls	r4, r4, #5
10004746:	192c      	adds	r4, r5, r4
10004748:	6063      	str	r3, [r4, #4]
1000474a:	4b10      	ldr	r3, [pc, #64]	@ (1000478c <dcd_edpt_open+0x110>)
1000474c:	60e3      	str	r3, [r4, #12]
1000474e:	e7e8      	b.n	10004722 <dcd_edpt_open+0xa6>
10004750:	2000      	movs	r0, #0
10004752:	e7e7      	b.n	10004724 <dcd_edpt_open+0xa8>
10004754:	4a0b      	ldr	r2, [pc, #44]	@ (10004784 <dcd_edpt_open+0x108>)
10004756:	00c9      	lsls	r1, r1, #3
10004758:	4690      	mov	r8, r2
1000475a:	4662      	mov	r2, ip
1000475c:	4441      	add	r1, r8
1000475e:	6251      	str	r1, [r2, #36]	@ 0x24
10004760:	e7c2      	b.n	100046e8 <dcd_edpt_open+0x6c>
10004762:	005b      	lsls	r3, r3, #1
10004764:	e7c5      	b.n	100046f2 <dcd_edpt_open+0x76>
10004766:	f7fc ff7f 	bl	10001668 <hard_assertion_failure>
1000476a:	68fa      	ldr	r2, [r7, #12]
1000476c:	e7cc      	b.n	10004708 <dcd_edpt_open+0x8c>
1000476e:	46c0      	nop			@ (mov r8, r8)
10004770:	20001b9c 	.word	0x20001b9c
10004774:	50100084 	.word	0x50100084
10004778:	50100004 	.word	0x50100004
1000477c:	20001fa4 	.word	0x20001fa4
10004780:	50100fff 	.word	0x50100fff
10004784:	50100000 	.word	0x50100000
10004788:	50100080 	.word	0x50100080
1000478c:	50100100 	.word	0x50100100

10004790 <dcd_edpt_close_all>:
10004790:	b510      	push	{r4, lr}
10004792:	f004 ff09 	bl	100095a8 <__reset_non_control_endpoints_veneer>
10004796:	bd10      	pop	{r4, pc}

10004798 <dcd_edpt_xfer>:
10004798:	b510      	push	{r4, lr}
1000479a:	207f      	movs	r0, #127	@ 0x7f
1000479c:	000c      	movs	r4, r1
1000479e:	4020      	ands	r0, r4
100047a0:	0040      	lsls	r0, r0, #1
100047a2:	09e4      	lsrs	r4, r4, #7
100047a4:	0011      	movs	r1, r2
100047a6:	1900      	adds	r0, r0, r4
100047a8:	001a      	movs	r2, r3
100047aa:	4b03      	ldr	r3, [pc, #12]	@ (100047b8 <dcd_edpt_xfer+0x20>)
100047ac:	0140      	lsls	r0, r0, #5
100047ae:	18c0      	adds	r0, r0, r3
100047b0:	f000 f85a 	bl	10004868 <hw_endpoint_xfer_start>
100047b4:	2001      	movs	r0, #1
100047b6:	bd10      	pop	{r4, pc}
100047b8:	20001b9c 	.word	0x20001b9c

100047bc <dcd_edpt_stall>:
100047bc:	237f      	movs	r3, #127	@ 0x7f
100047be:	0018      	movs	r0, r3
100047c0:	b500      	push	{lr}
100047c2:	4008      	ands	r0, r1
100047c4:	b083      	sub	sp, #12
100047c6:	420b      	tst	r3, r1
100047c8:	d104      	bne.n	100047d4 <dcd_edpt_stall+0x18>
100047ca:	424b      	negs	r3, r1
100047cc:	414b      	adcs	r3, r1
100047ce:	4a08      	ldr	r2, [pc, #32]	@ (100047f0 <dcd_edpt_stall+0x34>)
100047d0:	3301      	adds	r3, #1
100047d2:	6693      	str	r3, [r2, #104]	@ 0x68
100047d4:	2280      	movs	r2, #128	@ 0x80
100047d6:	09c9      	lsrs	r1, r1, #7
100047d8:	0040      	lsls	r0, r0, #1
100047da:	4b06      	ldr	r3, [pc, #24]	@ (100047f4 <dcd_edpt_stall+0x38>)
100047dc:	1840      	adds	r0, r0, r1
100047de:	0140      	lsls	r0, r0, #5
100047e0:	2100      	movs	r1, #0
100047e2:	18c0      	adds	r0, r0, r3
100047e4:	0112      	lsls	r2, r2, #4
100047e6:	f004 fee7 	bl	100095b8 <___hw_endpoint_buffer_control_update32_veneer>
100047ea:	b003      	add	sp, #12
100047ec:	bd00      	pop	{pc}
100047ee:	46c0      	nop			@ (mov r8, r8)
100047f0:	50112000 	.word	0x50112000
100047f4:	20001b9c 	.word	0x20001b9c

100047f8 <dcd_edpt_clear_stall>:
100047f8:	227f      	movs	r2, #127	@ 0x7f
100047fa:	0013      	movs	r3, r2
100047fc:	b510      	push	{r4, lr}
100047fe:	400b      	ands	r3, r1
10004800:	420a      	tst	r2, r1
10004802:	d100      	bne.n	10004806 <dcd_edpt_clear_stall+0xe>
10004804:	bd10      	pop	{r4, pc}
10004806:	09c9      	lsrs	r1, r1, #7
10004808:	005b      	lsls	r3, r3, #1
1000480a:	185b      	adds	r3, r3, r1
1000480c:	4804      	ldr	r0, [pc, #16]	@ (10004820 <dcd_edpt_clear_stall+0x28>)
1000480e:	015b      	lsls	r3, r3, #5
10004810:	18c0      	adds	r0, r0, r3
10004812:	2300      	movs	r3, #0
10004814:	2200      	movs	r2, #0
10004816:	4903      	ldr	r1, [pc, #12]	@ (10004824 <dcd_edpt_clear_stall+0x2c>)
10004818:	70c3      	strb	r3, [r0, #3]
1000481a:	f004 fecd 	bl	100095b8 <___hw_endpoint_buffer_control_update32_veneer>
1000481e:	e7f1      	b.n	10004804 <dcd_edpt_clear_stall+0xc>
10004820:	20001b9c 	.word	0x20001b9c
10004824:	fffff7ff 	.word	0xfffff7ff

10004828 <rp2040_usb_init>:
10004828:	2280      	movs	r2, #128	@ 0x80
1000482a:	4b0a      	ldr	r3, [pc, #40]	@ (10004854 <rp2040_usb_init+0x2c>)
1000482c:	0452      	lsls	r2, r2, #17
1000482e:	b510      	push	{r4, lr}
10004830:	601a      	str	r2, [r3, #0]
10004832:	4b09      	ldr	r3, [pc, #36]	@ (10004858 <rp2040_usb_init+0x30>)
10004834:	4909      	ldr	r1, [pc, #36]	@ (1000485c <rp2040_usb_init+0x34>)
10004836:	601a      	str	r2, [r3, #0]
10004838:	0010      	movs	r0, r2
1000483a:	680b      	ldr	r3, [r1, #0]
1000483c:	4398      	bics	r0, r3
1000483e:	d1fb      	bne.n	10004838 <rp2040_usb_init+0x10>
10004840:	2280      	movs	r2, #128	@ 0x80
10004842:	2100      	movs	r1, #0
10004844:	0152      	lsls	r2, r2, #5
10004846:	4806      	ldr	r0, [pc, #24]	@ (10004860 <rp2040_usb_init+0x38>)
10004848:	f7fd fc30 	bl	100020ac <__wrap_memset>
1000484c:	2209      	movs	r2, #9
1000484e:	4b05      	ldr	r3, [pc, #20]	@ (10004864 <rp2040_usb_init+0x3c>)
10004850:	675a      	str	r2, [r3, #116]	@ 0x74
10004852:	bd10      	pop	{r4, pc}
10004854:	4000e000 	.word	0x4000e000
10004858:	4000f000 	.word	0x4000f000
1000485c:	4000c008 	.word	0x4000c008
10004860:	50100000 	.word	0x50100000
10004864:	50110000 	.word	0x50110000

10004868 <hw_endpoint_xfer_start>:
10004868:	2300      	movs	r3, #0
1000486a:	b510      	push	{r4, lr}
1000486c:	82c3      	strh	r3, [r0, #22]
1000486e:	3301      	adds	r3, #1
10004870:	8282      	strh	r2, [r0, #20]
10004872:	7683      	strb	r3, [r0, #26]
10004874:	6101      	str	r1, [r0, #16]
10004876:	0004      	movs	r4, r0
10004878:	f004 fe5e 	bl	10009538 <__e15_is_bulkin_ep_veneer>
1000487c:	2800      	cmp	r0, #0
1000487e:	d004      	beq.n	1000488a <hw_endpoint_xfer_start+0x22>
10004880:	2180      	movs	r1, #128	@ 0x80
10004882:	2390      	movs	r3, #144	@ 0x90
10004884:	4a07      	ldr	r2, [pc, #28]	@ (100048a4 <hw_endpoint_xfer_start+0x3c>)
10004886:	0289      	lsls	r1, r1, #10
10004888:	50d1      	str	r1, [r2, r3]
1000488a:	0020      	movs	r0, r4
1000488c:	f004 fe5c 	bl	10009548 <__e15_is_critical_frame_period_veneer>
10004890:	2800      	cmp	r0, #0
10004892:	d002      	beq.n	1000489a <hw_endpoint_xfer_start+0x32>
10004894:	2301      	movs	r3, #1
10004896:	7723      	strb	r3, [r4, #28]
10004898:	bd10      	pop	{r4, pc}
1000489a:	0020      	movs	r0, r4
1000489c:	f004 fe7c 	bl	10009598 <__hw_endpoint_start_next_buffer_veneer>
100048a0:	e7fa      	b.n	10004898 <hw_endpoint_xfer_start+0x30>
100048a2:	46c0      	nop			@ (mov r8, r8)
100048a4:	50112000 	.word	0x50112000

100048a8 <tud_event_hook_cb>:
100048a8:	4770      	bx	lr
100048aa:	46c0      	nop			@ (mov r8, r8)

100048ac <tud_sof_cb>:
100048ac:	4770      	bx	lr
100048ae:	46c0      	nop			@ (mov r8, r8)

100048b0 <tud_descriptor_device_qualifier_cb>:
100048b0:	2000      	movs	r0, #0
100048b2:	4770      	bx	lr

100048b4 <tud_descriptor_other_speed_configuration_cb>:
100048b4:	2000      	movs	r0, #0
100048b6:	4770      	bx	lr

100048b8 <tud_mount_cb>:
100048b8:	4770      	bx	lr
100048ba:	46c0      	nop			@ (mov r8, r8)

100048bc <tud_umount_cb>:
100048bc:	4770      	bx	lr
100048be:	46c0      	nop			@ (mov r8, r8)

100048c0 <tud_suspend_cb>:
100048c0:	4770      	bx	lr
100048c2:	46c0      	nop			@ (mov r8, r8)

100048c4 <tud_resume_cb>:
100048c4:	4770      	bx	lr
100048c6:	46c0      	nop			@ (mov r8, r8)

100048c8 <tud_mounted>:
100048c8:	4b02      	ldr	r3, [pc, #8]	@ (100048d4 <tud_mounted+0xc>)
100048ca:	7858      	ldrb	r0, [r3, #1]
100048cc:	1e43      	subs	r3, r0, #1
100048ce:	4198      	sbcs	r0, r3
100048d0:	b2c0      	uxtb	r0, r0
100048d2:	4770      	bx	lr
100048d4:	20001530 	.word	0x20001530

100048d8 <tud_suspended>:
100048d8:	4b02      	ldr	r3, [pc, #8]	@ (100048e4 <tud_suspended+0xc>)
100048da:	7818      	ldrb	r0, [r3, #0]
100048dc:	0740      	lsls	r0, r0, #29
100048de:	0fc0      	lsrs	r0, r0, #31
100048e0:	4770      	bx	lr
100048e2:	46c0      	nop			@ (mov r8, r8)
100048e4:	20001530 	.word	0x20001530

100048e8 <tud_rhport_init>:
100048e8:	b5f0      	push	{r4, r5, r6, r7, lr}
100048ea:	46d6      	mov	lr, sl
100048ec:	464f      	mov	r7, r9
100048ee:	4646      	mov	r6, r8
100048f0:	b5c0      	push	{r6, r7, lr}
100048f2:	4b2f      	ldr	r3, [pc, #188]	@ (100049b0 <tud_rhport_init+0xc8>)
100048f4:	0007      	movs	r7, r0
100048f6:	469a      	mov	sl, r3
100048f8:	781b      	ldrb	r3, [r3, #0]
100048fa:	000e      	movs	r6, r1
100048fc:	2bff      	cmp	r3, #255	@ 0xff
100048fe:	d150      	bne.n	100049a2 <tud_rhport_init+0xba>
10004900:	2900      	cmp	r1, #0
10004902:	d041      	beq.n	10004988 <tud_rhport_init+0xa0>
10004904:	2100      	movs	r1, #0
10004906:	2254      	movs	r2, #84	@ 0x54
10004908:	482a      	ldr	r0, [pc, #168]	@ (100049b4 <tud_rhport_init+0xcc>)
1000490a:	f7fd fbcf 	bl	100020ac <__wrap_memset>
1000490e:	2200      	movs	r2, #0
10004910:	4c29      	ldr	r4, [pc, #164]	@ (100049b8 <tud_rhport_init+0xd0>)
10004912:	4b2a      	ldr	r3, [pc, #168]	@ (100049bc <tud_rhport_init+0xd4>)
10004914:	0020      	movs	r0, r4
10004916:	701a      	strb	r2, [r3, #0]
10004918:	f7fc f852 	bl	100009c0 <mutex_init>
1000491c:	4b28      	ldr	r3, [pc, #160]	@ (100049c0 <tud_rhport_init+0xd8>)
1000491e:	601c      	str	r4, [r3, #0]
10004920:	4c28      	ldr	r4, [pc, #160]	@ (100049c4 <tud_rhport_init+0xdc>)
10004922:	0020      	movs	r0, r4
10004924:	3c14      	subs	r4, #20
10004926:	f7fc f859 	bl	100009dc <critical_section_init>
1000492a:	0020      	movs	r0, r4
1000492c:	f001 fdf2 	bl	10006514 <tu_fifo_clear>
10004930:	4b25      	ldr	r3, [pc, #148]	@ (100049c8 <tud_rhport_init+0xe0>)
10004932:	4d26      	ldr	r5, [pc, #152]	@ (100049cc <tud_rhport_init+0xe4>)
10004934:	601c      	str	r4, [r3, #0]
10004936:	4b26      	ldr	r3, [pc, #152]	@ (100049d0 <tud_rhport_init+0xe8>)
10004938:	2b00      	cmp	r3, #0
1000493a:	d004      	beq.n	10004946 <tud_rhport_init+0x5e>
1000493c:	0028      	movs	r0, r5
1000493e:	f7ff fac7 	bl	10003ed0 <usbd_app_driver_get_cb>
10004942:	4b24      	ldr	r3, [pc, #144]	@ (100049d4 <tud_rhport_init+0xec>)
10004944:	6018      	str	r0, [r3, #0]
10004946:	4924      	ldr	r1, [pc, #144]	@ (100049d8 <tud_rhport_init+0xf0>)
10004948:	2400      	movs	r4, #0
1000494a:	4689      	mov	r9, r1
1000494c:	4921      	ldr	r1, [pc, #132]	@ (100049d4 <tud_rhport_init+0xec>)
1000494e:	2300      	movs	r3, #0
10004950:	4688      	mov	r8, r1
10004952:	782a      	ldrb	r2, [r5, #0]
10004954:	e010      	b.n	10004978 <tud_rhport_init+0x90>
10004956:	4643      	mov	r3, r8
10004958:	681b      	ldr	r3, [r3, #0]
1000495a:	0162      	lsls	r2, r4, #5
1000495c:	189b      	adds	r3, r3, r2
1000495e:	2b00      	cmp	r3, #0
10004960:	d012      	beq.n	10004988 <tud_rhport_init+0xa0>
10004962:	685b      	ldr	r3, [r3, #4]
10004964:	2b00      	cmp	r3, #0
10004966:	d00f      	beq.n	10004988 <tud_rhport_init+0xa0>
10004968:	4798      	blx	r3
1000496a:	782a      	ldrb	r2, [r5, #0]
1000496c:	3401      	adds	r4, #1
1000496e:	b2e4      	uxtb	r4, r4
10004970:	1c51      	adds	r1, r2, #1
10004972:	0023      	movs	r3, r4
10004974:	42a1      	cmp	r1, r4
10004976:	db09      	blt.n	1000498c <tud_rhport_init+0xa4>
10004978:	42a2      	cmp	r2, r4
1000497a:	d8ec      	bhi.n	10004956 <tud_rhport_init+0x6e>
1000497c:	1a9b      	subs	r3, r3, r2
1000497e:	015b      	lsls	r3, r3, #5
10004980:	444b      	add	r3, r9
10004982:	685b      	ldr	r3, [r3, #4]
10004984:	2b00      	cmp	r3, #0
10004986:	d1ef      	bne.n	10004968 <tud_rhport_init+0x80>
10004988:	2000      	movs	r0, #0
1000498a:	e00b      	b.n	100049a4 <tud_rhport_init+0xbc>
1000498c:	4653      	mov	r3, sl
1000498e:	0031      	movs	r1, r6
10004990:	0038      	movs	r0, r7
10004992:	701f      	strb	r7, [r3, #0]
10004994:	f7ff fdfe 	bl	10004594 <dcd_init>
10004998:	2800      	cmp	r0, #0
1000499a:	d0f5      	beq.n	10004988 <tud_rhport_init+0xa0>
1000499c:	0038      	movs	r0, r7
1000499e:	f7ff fe41 	bl	10004624 <dcd_int_enable>
100049a2:	2001      	movs	r0, #1
100049a4:	bce0      	pop	{r5, r6, r7}
100049a6:	46ba      	mov	sl, r7
100049a8:	46b1      	mov	r9, r6
100049aa:	46a8      	mov	r8, r5
100049ac:	bdf0      	pop	{r4, r5, r6, r7, pc}
100049ae:	46c0      	nop			@ (mov r8, r8)
100049b0:	200010a4 	.word	0x200010a4
100049b4:	20001530 	.word	0x20001530
100049b8:	20001528 	.word	0x20001528
100049bc:	20022492 	.word	0x20022492
100049c0:	20001584 	.word	0x20001584
100049c4:	2000109c 	.word	0x2000109c
100049c8:	20001588 	.word	0x20001588
100049cc:	20022490 	.word	0x20022490
100049d0:	10003ed1 	.word	0x10003ed1
100049d4:	20001380 	.word	0x20001380
100049d8:	10009c54 	.word	0x10009c54

100049dc <tud_task_ext>:
100049dc:	b5f0      	push	{r4, r5, r6, r7, lr}
100049de:	46de      	mov	lr, fp
100049e0:	4657      	mov	r7, sl
100049e2:	464e      	mov	r6, r9
100049e4:	4645      	mov	r5, r8
100049e6:	b5e0      	push	{r5, r6, r7, lr}
100049e8:	4bc8      	ldr	r3, [pc, #800]	@ (10004d0c <tud_task_ext+0x330>)
100049ea:	b091      	sub	sp, #68	@ 0x44
100049ec:	9302      	str	r3, [sp, #8]
100049ee:	781b      	ldrb	r3, [r3, #0]
100049f0:	2bff      	cmp	r3, #255	@ 0xff
100049f2:	d100      	bne.n	100049f6 <tud_task_ext+0x1a>
100049f4:	e13e      	b.n	10004c74 <tud_task_ext+0x298>
100049f6:	4bc6      	ldr	r3, [pc, #792]	@ (10004d10 <tud_task_ext+0x334>)
100049f8:	4ec6      	ldr	r6, [pc, #792]	@ (10004d14 <tud_task_ext+0x338>)
100049fa:	469b      	mov	fp, r3
100049fc:	465f      	mov	r7, fp
100049fe:	4bc6      	ldr	r3, [pc, #792]	@ (10004d18 <tud_task_ext+0x33c>)
10004a00:	ac0d      	add	r4, sp, #52	@ 0x34
10004a02:	9301      	str	r3, [sp, #4]
10004a04:	4bc5      	ldr	r3, [pc, #788]	@ (10004d1c <tud_task_ext+0x340>)
10004a06:	9300      	str	r3, [sp, #0]
10004a08:	6835      	ldr	r5, [r6, #0]
10004a0a:	696a      	ldr	r2, [r5, #20]
10004a0c:	f3ef 8110 	mrs	r1, PRIMASK
10004a10:	b672      	cpsid	i
10004a12:	6813      	ldr	r3, [r2, #0]
10004a14:	2b00      	cmp	r3, #0
10004a16:	d0fc      	beq.n	10004a12 <tud_task_ext+0x36>
10004a18:	f3bf 8f5f 	dmb	sy
10004a1c:	61a9      	str	r1, [r5, #24]
10004a1e:	0028      	movs	r0, r5
10004a20:	0021      	movs	r1, r4
10004a22:	f001 fbaf 	bl	10006184 <tu_fifo_read>
10004a26:	696a      	ldr	r2, [r5, #20]
10004a28:	69ab      	ldr	r3, [r5, #24]
10004a2a:	f3bf 8f5f 	dmb	sy
10004a2e:	2100      	movs	r1, #0
10004a30:	6011      	str	r1, [r2, #0]
10004a32:	f383 8810 	msr	PRIMASK, r3
10004a36:	2800      	cmp	r0, #0
10004a38:	d100      	bne.n	10004a3c <tud_task_ext+0x60>
10004a3a:	e11b      	b.n	10004c74 <tud_task_ext+0x298>
10004a3c:	7863      	ldrb	r3, [r4, #1]
10004a3e:	2b08      	cmp	r3, #8
10004a40:	d8e2      	bhi.n	10004a08 <tud_task_ext+0x2c>
10004a42:	009b      	lsls	r3, r3, #2
10004a44:	58fb      	ldr	r3, [r7, r3]
10004a46:	469f      	mov	pc, r3
10004a48:	6863      	ldr	r3, [r4, #4]
10004a4a:	2b00      	cmp	r3, #0
10004a4c:	d0dc      	beq.n	10004a08 <tud_task_ext+0x2c>
10004a4e:	68a0      	ldr	r0, [r4, #8]
10004a50:	4798      	blx	r3
10004a52:	e7d9      	b.n	10004a08 <tud_task_ext+0x2c>
10004a54:	227f      	movs	r2, #127	@ 0x7f
10004a56:	7921      	ldrb	r1, [r4, #4]
10004a58:	4daf      	ldr	r5, [pc, #700]	@ (10004d18 <tud_task_ext+0x33c>)
10004a5a:	400a      	ands	r2, r1
10004a5c:	0053      	lsls	r3, r2, #1
10004a5e:	18eb      	adds	r3, r5, r3
10004a60:	4698      	mov	r8, r3
10004a62:	09c8      	lsrs	r0, r1, #7
10004a64:	4480      	add	r8, r0
10004a66:	4640      	mov	r0, r8
10004a68:	2301      	movs	r3, #1
10004a6a:	3030      	adds	r0, #48	@ 0x30
10004a6c:	7905      	ldrb	r5, [r0, #4]
10004a6e:	439d      	bics	r5, r3
10004a70:	7105      	strb	r5, [r0, #4]
10004a72:	7905      	ldrb	r5, [r0, #4]
10004a74:	3303      	adds	r3, #3
10004a76:	439d      	bics	r5, r3
10004a78:	7105      	strb	r5, [r0, #4]
10004a7a:	2a00      	cmp	r2, #0
10004a7c:	d100      	bne.n	10004a80 <tud_task_ext+0xa4>
10004a7e:	e100      	b.n	10004c82 <tud_task_ext+0x2a6>
10004a80:	4643      	mov	r3, r8
10004a82:	4aa7      	ldr	r2, [pc, #668]	@ (10004d20 <tud_task_ext+0x344>)
10004a84:	7d1b      	ldrb	r3, [r3, #20]
10004a86:	7812      	ldrb	r2, [r2, #0]
10004a88:	4293      	cmp	r3, r2
10004a8a:	d300      	bcc.n	10004a8e <tud_task_ext+0xb2>
10004a8c:	e0ef      	b.n	10004c6e <tud_task_ext+0x292>
10004a8e:	4aa5      	ldr	r2, [pc, #660]	@ (10004d24 <tud_task_ext+0x348>)
10004a90:	015b      	lsls	r3, r3, #5
10004a92:	6815      	ldr	r5, [r2, #0]
10004a94:	18ed      	adds	r5, r5, r3
10004a96:	2d00      	cmp	r5, #0
10004a98:	d100      	bne.n	10004a9c <tud_task_ext+0xc0>
10004a9a:	e0eb      	b.n	10004c74 <tud_task_ext+0x298>
10004a9c:	68a3      	ldr	r3, [r4, #8]
10004a9e:	7962      	ldrb	r2, [r4, #5]
10004aa0:	7820      	ldrb	r0, [r4, #0]
10004aa2:	69ad      	ldr	r5, [r5, #24]
10004aa4:	47a8      	blx	r5
10004aa6:	e7af      	b.n	10004a08 <tud_task_ext+0x2c>
10004aa8:	4a9f      	ldr	r2, [pc, #636]	@ (10004d28 <tud_task_ext+0x34c>)
10004aaa:	7813      	ldrb	r3, [r2, #0]
10004aac:	2b00      	cmp	r3, #0
10004aae:	d100      	bne.n	10004ab2 <tud_task_ext+0xd6>
10004ab0:	e0e0      	b.n	10004c74 <tud_task_ext+0x298>
10004ab2:	7813      	ldrb	r3, [r2, #0]
10004ab4:	3b01      	subs	r3, #1
10004ab6:	b2db      	uxtb	r3, r3
10004ab8:	7013      	strb	r3, [r2, #0]
10004aba:	7813      	ldrb	r3, [r2, #0]
10004abc:	2b00      	cmp	r3, #0
10004abe:	d1a3      	bne.n	10004a08 <tud_task_ext+0x2c>
10004ac0:	2201      	movs	r2, #1
10004ac2:	4d95      	ldr	r5, [pc, #596]	@ (10004d18 <tud_task_ext+0x33c>)
10004ac4:	2101      	movs	r1, #1
10004ac6:	782b      	ldrb	r3, [r5, #0]
10004ac8:	2004      	movs	r0, #4
10004aca:	4313      	orrs	r3, r2
10004acc:	702b      	strb	r3, [r5, #0]
10004ace:	2334      	movs	r3, #52	@ 0x34
10004ad0:	5cea      	ldrb	r2, [r5, r3]
10004ad2:	438a      	bics	r2, r1
10004ad4:	54ea      	strb	r2, [r5, r3]
10004ad6:	5cea      	ldrb	r2, [r5, r3]
10004ad8:	4382      	bics	r2, r0
10004ada:	54ea      	strb	r2, [r5, r3]
10004adc:	3301      	adds	r3, #1
10004ade:	5cea      	ldrb	r2, [r5, r3]
10004ae0:	438a      	bics	r2, r1
10004ae2:	54ea      	strb	r2, [r5, r3]
10004ae4:	5cea      	ldrb	r2, [r5, r3]
10004ae6:	4382      	bics	r2, r0
10004ae8:	54ea      	strb	r2, [r5, r3]
10004aea:	7823      	ldrb	r3, [r4, #0]
10004aec:	2000      	movs	r0, #0
10004aee:	469b      	mov	fp, r3
10004af0:	f000 fc9e 	bl	10005430 <usbd_control_set_complete_callback>
10004af4:	2260      	movs	r2, #96	@ 0x60
10004af6:	7923      	ldrb	r3, [r4, #4]
10004af8:	401a      	ands	r2, r3
10004afa:	2a60      	cmp	r2, #96	@ 0x60
10004afc:	d100      	bne.n	10004b00 <tud_task_ext+0x124>
10004afe:	e0ef      	b.n	10004ce0 <tud_task_ext+0x304>
10004b00:	2a40      	cmp	r2, #64	@ 0x40
10004b02:	d100      	bne.n	10004b06 <tud_task_ext+0x12a>
10004b04:	e0f5      	b.n	10004cf2 <tud_task_ext+0x316>
10004b06:	06db      	lsls	r3, r3, #27
10004b08:	0edb      	lsrs	r3, r3, #27
10004b0a:	2b01      	cmp	r3, #1
10004b0c:	d100      	bne.n	10004b10 <tud_task_ext+0x134>
10004b0e:	e113      	b.n	10004d38 <tud_task_ext+0x35c>
10004b10:	2b02      	cmp	r3, #2
10004b12:	d100      	bne.n	10004b16 <tud_task_ext+0x13a>
10004b14:	e0c7      	b.n	10004ca6 <tud_task_ext+0x2ca>
10004b16:	2b00      	cmp	r3, #0
10004b18:	d000      	beq.n	10004b1c <tud_task_ext+0x140>
10004b1a:	e0e1      	b.n	10004ce0 <tud_task_ext+0x304>
10004b1c:	2a20      	cmp	r2, #32
10004b1e:	d100      	bne.n	10004b22 <tud_task_ext+0x146>
10004b20:	e21c      	b.n	10004f5c <tud_task_ext+0x580>
10004b22:	2a00      	cmp	r2, #0
10004b24:	d000      	beq.n	10004b28 <tud_task_ext+0x14c>
10004b26:	e0db      	b.n	10004ce0 <tud_task_ext+0x304>
10004b28:	7963      	ldrb	r3, [r4, #5]
10004b2a:	2b09      	cmp	r3, #9
10004b2c:	d900      	bls.n	10004b30 <tud_task_ext+0x154>
10004b2e:	e0d7      	b.n	10004ce0 <tud_task_ext+0x304>
10004b30:	4a7e      	ldr	r2, [pc, #504]	@ (10004d2c <tud_task_ext+0x350>)
10004b32:	009b      	lsls	r3, r3, #2
10004b34:	58d3      	ldr	r3, [r2, r3]
10004b36:	469f      	mov	pc, r3
10004b38:	4d77      	ldr	r5, [pc, #476]	@ (10004d18 <tud_task_ext+0x33c>)
10004b3a:	782b      	ldrb	r3, [r5, #0]
10004b3c:	07db      	lsls	r3, r3, #31
10004b3e:	d400      	bmi.n	10004b42 <tud_task_ext+0x166>
10004b40:	e762      	b.n	10004a08 <tud_task_ext+0x2c>
10004b42:	f7ff febf 	bl	100048c4 <tud_resume_cb>
10004b46:	e75f      	b.n	10004a08 <tud_task_ext+0x2c>
10004b48:	9b01      	ldr	r3, [sp, #4]
10004b4a:	78db      	ldrb	r3, [r3, #3]
10004b4c:	07db      	lsls	r3, r3, #31
10004b4e:	d400      	bmi.n	10004b52 <tud_task_ext+0x176>
10004b50:	e75a      	b.n	10004a08 <tud_task_ext+0x2c>
10004b52:	6860      	ldr	r0, [r4, #4]
10004b54:	f7ff feaa 	bl	100048ac <tud_sof_cb>
10004b58:	e756      	b.n	10004a08 <tud_task_ext+0x2c>
10004b5a:	4d6f      	ldr	r5, [pc, #444]	@ (10004d18 <tud_task_ext+0x33c>)
10004b5c:	782b      	ldrb	r3, [r5, #0]
10004b5e:	07db      	lsls	r3, r3, #31
10004b60:	d400      	bmi.n	10004b64 <tud_task_ext+0x188>
10004b62:	e751      	b.n	10004a08 <tud_task_ext+0x2c>
10004b64:	7828      	ldrb	r0, [r5, #0]
10004b66:	0700      	lsls	r0, r0, #28
10004b68:	0fc0      	lsrs	r0, r0, #31
10004b6a:	f7ff fea9 	bl	100048c0 <tud_suspend_cb>
10004b6e:	e74b      	b.n	10004a08 <tud_task_ext+0x2c>
10004b70:	7823      	ldrb	r3, [r4, #0]
10004b72:	496a      	ldr	r1, [pc, #424]	@ (10004d1c <tud_task_ext+0x340>)
10004b74:	4699      	mov	r9, r3
10004b76:	468b      	mov	fp, r1
10004b78:	4b69      	ldr	r3, [pc, #420]	@ (10004d20 <tud_task_ext+0x344>)
10004b7a:	496a      	ldr	r1, [pc, #424]	@ (10004d24 <tud_task_ext+0x348>)
10004b7c:	4698      	mov	r8, r3
10004b7e:	468a      	mov	sl, r1
10004b80:	0039      	movs	r1, r7
10004b82:	781a      	ldrb	r2, [r3, #0]
10004b84:	4647      	mov	r7, r8
10004b86:	2300      	movs	r3, #0
10004b88:	46b0      	mov	r8, r6
10004b8a:	2500      	movs	r5, #0
10004b8c:	464e      	mov	r6, r9
10004b8e:	4689      	mov	r9, r1
10004b90:	e010      	b.n	10004bb4 <tud_task_ext+0x1d8>
10004b92:	4653      	mov	r3, sl
10004b94:	681b      	ldr	r3, [r3, #0]
10004b96:	016a      	lsls	r2, r5, #5
10004b98:	189b      	adds	r3, r3, r2
10004b9a:	2b00      	cmp	r3, #0
10004b9c:	d100      	bne.n	10004ba0 <tud_task_ext+0x1c4>
10004b9e:	e076      	b.n	10004c8e <tud_task_ext+0x2b2>
10004ba0:	68db      	ldr	r3, [r3, #12]
10004ba2:	0030      	movs	r0, r6
10004ba4:	4798      	blx	r3
10004ba6:	783a      	ldrb	r2, [r7, #0]
10004ba8:	3501      	adds	r5, #1
10004baa:	b2ed      	uxtb	r5, r5
10004bac:	1c51      	adds	r1, r2, #1
10004bae:	002b      	movs	r3, r5
10004bb0:	428d      	cmp	r5, r1
10004bb2:	dc44      	bgt.n	10004c3e <tud_task_ext+0x262>
10004bb4:	4295      	cmp	r5, r2
10004bb6:	d3ec      	bcc.n	10004b92 <tud_task_ext+0x1b6>
10004bb8:	1a9b      	subs	r3, r3, r2
10004bba:	015b      	lsls	r3, r3, #5
10004bbc:	445b      	add	r3, fp
10004bbe:	e7ef      	b.n	10004ba0 <tud_task_ext+0x1c4>
10004bc0:	7823      	ldrb	r3, [r4, #0]
10004bc2:	4958      	ldr	r1, [pc, #352]	@ (10004d24 <tud_task_ext+0x348>)
10004bc4:	4699      	mov	r9, r3
10004bc6:	4b56      	ldr	r3, [pc, #344]	@ (10004d20 <tud_task_ext+0x344>)
10004bc8:	468a      	mov	sl, r1
10004bca:	4698      	mov	r8, r3
10004bcc:	0031      	movs	r1, r6
10004bce:	46bb      	mov	fp, r7
10004bd0:	464e      	mov	r6, r9
10004bd2:	781a      	ldrb	r2, [r3, #0]
10004bd4:	2500      	movs	r5, #0
10004bd6:	2300      	movs	r3, #0
10004bd8:	4647      	mov	r7, r8
10004bda:	4689      	mov	r9, r1
10004bdc:	e00f      	b.n	10004bfe <tud_task_ext+0x222>
10004bde:	4653      	mov	r3, sl
10004be0:	681b      	ldr	r3, [r3, #0]
10004be2:	016a      	lsls	r2, r5, #5
10004be4:	189b      	adds	r3, r3, r2
10004be6:	2b00      	cmp	r3, #0
10004be8:	d055      	beq.n	10004c96 <tud_task_ext+0x2ba>
10004bea:	68db      	ldr	r3, [r3, #12]
10004bec:	0030      	movs	r0, r6
10004bee:	4798      	blx	r3
10004bf0:	783a      	ldrb	r2, [r7, #0]
10004bf2:	3501      	adds	r5, #1
10004bf4:	b2ed      	uxtb	r5, r5
10004bf6:	1c51      	adds	r1, r2, #1
10004bf8:	002b      	movs	r3, r5
10004bfa:	428d      	cmp	r5, r1
10004bfc:	dc07      	bgt.n	10004c0e <tud_task_ext+0x232>
10004bfe:	4295      	cmp	r5, r2
10004c00:	d3ed      	bcc.n	10004bde <tud_task_ext+0x202>
10004c02:	1a9b      	subs	r3, r3, r2
10004c04:	9a00      	ldr	r2, [sp, #0]
10004c06:	015b      	lsls	r3, r3, #5
10004c08:	4694      	mov	ip, r2
10004c0a:	4463      	add	r3, ip
10004c0c:	e7ed      	b.n	10004bea <tud_task_ext+0x20e>
10004c0e:	9d01      	ldr	r5, [sp, #4]
10004c10:	2254      	movs	r2, #84	@ 0x54
10004c12:	2100      	movs	r1, #0
10004c14:	0028      	movs	r0, r5
10004c16:	f7fd fa49 	bl	100020ac <__wrap_memset>
10004c1a:	2210      	movs	r2, #16
10004c1c:	21ff      	movs	r1, #255	@ 0xff
10004c1e:	4844      	ldr	r0, [pc, #272]	@ (10004d30 <tud_task_ext+0x354>)
10004c20:	f7fd fa44 	bl	100020ac <__wrap_memset>
10004c24:	0028      	movs	r0, r5
10004c26:	2220      	movs	r2, #32
10004c28:	21ff      	movs	r1, #255	@ 0xff
10004c2a:	3014      	adds	r0, #20
10004c2c:	464e      	mov	r6, r9
10004c2e:	465f      	mov	r7, fp
10004c30:	f7fd fa3c 	bl	100020ac <__wrap_memset>
10004c34:	f000 fbf2 	bl	1000541c <usbd_control_reset>
10004c38:	f7ff fe40 	bl	100048bc <tud_umount_cb>
10004c3c:	e6e4      	b.n	10004a08 <tud_task_ext+0x2c>
10004c3e:	4d36      	ldr	r5, [pc, #216]	@ (10004d18 <tud_task_ext+0x33c>)
10004c40:	2254      	movs	r2, #84	@ 0x54
10004c42:	2100      	movs	r1, #0
10004c44:	0028      	movs	r0, r5
10004c46:	f7fd fa31 	bl	100020ac <__wrap_memset>
10004c4a:	2210      	movs	r2, #16
10004c4c:	21ff      	movs	r1, #255	@ 0xff
10004c4e:	1d28      	adds	r0, r5, #4
10004c50:	f7fd fa2c 	bl	100020ac <__wrap_memset>
10004c54:	0028      	movs	r0, r5
10004c56:	2220      	movs	r2, #32
10004c58:	21ff      	movs	r1, #255	@ 0xff
10004c5a:	3014      	adds	r0, #20
10004c5c:	4646      	mov	r6, r8
10004c5e:	464f      	mov	r7, r9
10004c60:	f7fd fa24 	bl	100020ac <__wrap_memset>
10004c64:	f000 fbda 	bl	1000541c <usbd_control_reset>
10004c68:	7923      	ldrb	r3, [r4, #4]
10004c6a:	70ab      	strb	r3, [r5, #2]
10004c6c:	e6cc      	b.n	10004a08 <tud_task_ext+0x2c>
10004c6e:	1c50      	adds	r0, r2, #1
10004c70:	4298      	cmp	r0, r3
10004c72:	da13      	bge.n	10004c9c <tud_task_ext+0x2c0>
10004c74:	b011      	add	sp, #68	@ 0x44
10004c76:	bcf0      	pop	{r4, r5, r6, r7}
10004c78:	46bb      	mov	fp, r7
10004c7a:	46b2      	mov	sl, r6
10004c7c:	46a9      	mov	r9, r5
10004c7e:	46a0      	mov	r8, r4
10004c80:	bdf0      	pop	{r4, r5, r6, r7, pc}
10004c82:	68a3      	ldr	r3, [r4, #8]
10004c84:	7962      	ldrb	r2, [r4, #5]
10004c86:	7820      	ldrb	r0, [r4, #0]
10004c88:	f000 fbe6 	bl	10005458 <usbd_control_xfer_cb>
10004c8c:	e6bc      	b.n	10004a08 <tud_task_ext+0x2c>
10004c8e:	4646      	mov	r6, r8
10004c90:	464f      	mov	r7, r9
10004c92:	4d21      	ldr	r5, [pc, #132]	@ (10004d18 <tud_task_ext+0x33c>)
10004c94:	e7e6      	b.n	10004c64 <tud_task_ext+0x288>
10004c96:	464e      	mov	r6, r9
10004c98:	465f      	mov	r7, fp
10004c9a:	e7cb      	b.n	10004c34 <tud_task_ext+0x258>
10004c9c:	4d1f      	ldr	r5, [pc, #124]	@ (10004d1c <tud_task_ext+0x340>)
10004c9e:	1a9b      	subs	r3, r3, r2
10004ca0:	015b      	lsls	r3, r3, #5
10004ca2:	195d      	adds	r5, r3, r5
10004ca4:	e6fa      	b.n	10004a9c <tud_task_ext+0xc0>
10004ca6:	2370      	movs	r3, #112	@ 0x70
10004ca8:	7a21      	ldrb	r1, [r4, #8]
10004caa:	420b      	tst	r3, r1
10004cac:	d118      	bne.n	10004ce0 <tud_task_ext+0x304>
10004cae:	09c8      	lsrs	r0, r1, #7
10004cb0:	4682      	mov	sl, r0
10004cb2:	330f      	adds	r3, #15
10004cb4:	400b      	ands	r3, r1
10004cb6:	005b      	lsls	r3, r3, #1
10004cb8:	4698      	mov	r8, r3
10004cba:	4819      	ldr	r0, [pc, #100]	@ (10004d20 <tud_task_ext+0x344>)
10004cbc:	18eb      	adds	r3, r5, r3
10004cbe:	4453      	add	r3, sl
10004cc0:	7d1b      	ldrb	r3, [r3, #20]
10004cc2:	7800      	ldrb	r0, [r0, #0]
10004cc4:	4699      	mov	r9, r3
10004cc6:	4283      	cmp	r3, r0
10004cc8:	d266      	bcs.n	10004d98 <tud_task_ext+0x3bc>
10004cca:	4816      	ldr	r0, [pc, #88]	@ (10004d24 <tud_task_ext+0x348>)
10004ccc:	015b      	lsls	r3, r3, #5
10004cce:	6800      	ldr	r0, [r0, #0]
10004cd0:	4681      	mov	r9, r0
10004cd2:	4499      	add	r9, r3
10004cd4:	2a00      	cmp	r2, #0
10004cd6:	d100      	bne.n	10004cda <tud_task_ext+0x2fe>
10004cd8:	e15f      	b.n	10004f9a <tud_task_ext+0x5be>
10004cda:	464b      	mov	r3, r9
10004cdc:	2b00      	cmp	r3, #0
10004cde:	d168      	bne.n	10004db2 <tud_task_ext+0x3d6>
10004ce0:	7820      	ldrb	r0, [r4, #0]
10004ce2:	2100      	movs	r1, #0
10004ce4:	f7ff fd6a 	bl	100047bc <dcd_edpt_stall>
10004ce8:	2180      	movs	r1, #128	@ 0x80
10004cea:	7820      	ldrb	r0, [r4, #0]
10004cec:	f7ff fd66 	bl	100047bc <dcd_edpt_stall>
10004cf0:	e68a      	b.n	10004a08 <tud_task_ext+0x2c>
10004cf2:	4810      	ldr	r0, [pc, #64]	@ (10004d34 <tud_task_ext+0x358>)
10004cf4:	f000 fb9c 	bl	10005430 <usbd_control_set_complete_callback>
10004cf8:	2101      	movs	r1, #1
10004cfa:	4658      	mov	r0, fp
10004cfc:	aa0e      	add	r2, sp, #56	@ 0x38
10004cfe:	f7ff f8cd 	bl	10003e9c <tud_vendor_control_xfer_cb>
10004d02:	2800      	cmp	r0, #0
10004d04:	d000      	beq.n	10004d08 <tud_task_ext+0x32c>
10004d06:	e67f      	b.n	10004a08 <tud_task_ext+0x2c>
10004d08:	e7ea      	b.n	10004ce0 <tud_task_ext+0x304>
10004d0a:	46c0      	nop			@ (mov r8, r8)
10004d0c:	200010a4 	.word	0x200010a4
10004d10:	10009bac 	.word	0x10009bac
10004d14:	20001588 	.word	0x20001588
10004d18:	20001530 	.word	0x20001530
10004d1c:	10009c54 	.word	0x10009c54
10004d20:	20022490 	.word	0x20022490
10004d24:	20001380 	.word	0x20001380
10004d28:	20022492 	.word	0x20022492
10004d2c:	10009bd0 	.word	0x10009bd0
10004d30:	20001534 	.word	0x20001534
10004d34:	10003e9d 	.word	0x10003e9d
10004d38:	7a23      	ldrb	r3, [r4, #8]
10004d3a:	2b0f      	cmp	r3, #15
10004d3c:	d8d0      	bhi.n	10004ce0 <tud_task_ext+0x304>
10004d3e:	4acf      	ldr	r2, [pc, #828]	@ (1000507c <tud_task_ext+0x6a0>)
10004d40:	18eb      	adds	r3, r5, r3
10004d42:	791b      	ldrb	r3, [r3, #4]
10004d44:	7815      	ldrb	r5, [r2, #0]
10004d46:	42ab      	cmp	r3, r5
10004d48:	d33e      	bcc.n	10004dc8 <tud_task_ext+0x3ec>
10004d4a:	1c69      	adds	r1, r5, #1
10004d4c:	4299      	cmp	r1, r3
10004d4e:	dbc7      	blt.n	10004ce0 <tud_task_ext+0x304>
10004d50:	1b5d      	subs	r5, r3, r5
10004d52:	4bcb      	ldr	r3, [pc, #812]	@ (10005080 <tud_task_ext+0x6a4>)
10004d54:	016d      	lsls	r5, r5, #5
10004d56:	18ed      	adds	r5, r5, r3
10004d58:	6968      	ldr	r0, [r5, #20]
10004d5a:	f000 fb69 	bl	10005430 <usbd_control_set_complete_callback>
10004d5e:	2101      	movs	r1, #1
10004d60:	4658      	mov	r0, fp
10004d62:	696b      	ldr	r3, [r5, #20]
10004d64:	aa0e      	add	r2, sp, #56	@ 0x38
10004d66:	4798      	blx	r3
10004d68:	2800      	cmp	r0, #0
10004d6a:	d000      	beq.n	10004d6e <tud_task_ext+0x392>
10004d6c:	e64c      	b.n	10004a08 <tud_task_ext+0x2c>
10004d6e:	2260      	movs	r2, #96	@ 0x60
10004d70:	0015      	movs	r5, r2
10004d72:	7923      	ldrb	r3, [r4, #4]
10004d74:	401d      	ands	r5, r3
10004d76:	421a      	tst	r2, r3
10004d78:	d1b2      	bne.n	10004ce0 <tud_task_ext+0x304>
10004d7a:	7963      	ldrb	r3, [r4, #5]
10004d7c:	3b0a      	subs	r3, #10
10004d7e:	2b01      	cmp	r3, #1
10004d80:	d8ae      	bhi.n	10004ce0 <tud_task_ext+0x304>
10004d82:	f000 fb55 	bl	10005430 <usbd_control_set_complete_callback>
10004d86:	7963      	ldrb	r3, [r4, #5]
10004d88:	2b0a      	cmp	r3, #10
10004d8a:	d100      	bne.n	10004d8e <tud_task_ext+0x3b2>
10004d8c:	e199      	b.n	100050c2 <tud_task_ext+0x6e6>
10004d8e:	4658      	mov	r0, fp
10004d90:	a90e      	add	r1, sp, #56	@ 0x38
10004d92:	f000 fad9 	bl	10005348 <tud_control_status>
10004d96:	e637      	b.n	10004a08 <tud_task_ext+0x2c>
10004d98:	1c43      	adds	r3, r0, #1
10004d9a:	454b      	cmp	r3, r9
10004d9c:	da00      	bge.n	10004da0 <tud_task_ext+0x3c4>
10004d9e:	e0f7      	b.n	10004f90 <tud_task_ext+0x5b4>
10004da0:	464b      	mov	r3, r9
10004da2:	1a1b      	subs	r3, r3, r0
10004da4:	015b      	lsls	r3, r3, #5
10004da6:	4699      	mov	r9, r3
10004da8:	48b5      	ldr	r0, [pc, #724]	@ (10005080 <tud_task_ext+0x6a4>)
10004daa:	4481      	add	r9, r0
10004dac:	2a00      	cmp	r2, #0
10004dae:	d100      	bne.n	10004db2 <tud_task_ext+0x3d6>
10004db0:	e0f3      	b.n	10004f9a <tud_task_ext+0x5be>
10004db2:	464b      	mov	r3, r9
10004db4:	6958      	ldr	r0, [r3, #20]
10004db6:	f000 fb3b 	bl	10005430 <usbd_control_set_complete_callback>
10004dba:	464b      	mov	r3, r9
10004dbc:	2101      	movs	r1, #1
10004dbe:	4658      	mov	r0, fp
10004dc0:	695b      	ldr	r3, [r3, #20]
10004dc2:	aa0e      	add	r2, sp, #56	@ 0x38
10004dc4:	4798      	blx	r3
10004dc6:	e79c      	b.n	10004d02 <tud_task_ext+0x326>
10004dc8:	4aae      	ldr	r2, [pc, #696]	@ (10005084 <tud_task_ext+0x6a8>)
10004dca:	015b      	lsls	r3, r3, #5
10004dcc:	6815      	ldr	r5, [r2, #0]
10004dce:	18ed      	adds	r5, r5, r3
10004dd0:	2d00      	cmp	r5, #0
10004dd2:	d1c1      	bne.n	10004d58 <tud_task_ext+0x37c>
10004dd4:	e784      	b.n	10004ce0 <tud_task_ext+0x304>
10004dd6:	79a3      	ldrb	r3, [r4, #6]
10004dd8:	4699      	mov	r9, r3
10004dda:	786b      	ldrb	r3, [r5, #1]
10004ddc:	4599      	cmp	r9, r3
10004dde:	d0d6      	beq.n	10004d8e <tud_task_ext+0x3b2>
10004de0:	786b      	ldrb	r3, [r5, #1]
10004de2:	2b00      	cmp	r3, #0
10004de4:	d000      	beq.n	10004de8 <tud_task_ext+0x40c>
10004de6:	e133      	b.n	10005050 <tud_task_ext+0x674>
10004de8:	464b      	mov	r3, r9
10004dea:	706b      	strb	r3, [r5, #1]
10004dec:	2b00      	cmp	r3, #0
10004dee:	d100      	bne.n	10004df2 <tud_task_ext+0x416>
10004df0:	e12b      	b.n	1000504a <tud_task_ext+0x66e>
10004df2:	4648      	mov	r0, r9
10004df4:	3801      	subs	r0, #1
10004df6:	b2c0      	uxtb	r0, r0
10004df8:	f7ff fa92 	bl	10004320 <tud_descriptor_configuration_cb>
10004dfc:	2800      	cmp	r0, #0
10004dfe:	d100      	bne.n	10004e02 <tud_task_ext+0x426>
10004e00:	e17e      	b.n	10005100 <tud_task_ext+0x724>
10004e02:	7843      	ldrb	r3, [r0, #1]
10004e04:	9307      	str	r3, [sp, #28]
10004e06:	2b02      	cmp	r3, #2
10004e08:	d000      	beq.n	10004e0c <tud_task_ext+0x430>
10004e0a:	e179      	b.n	10005100 <tud_task_ext+0x724>
10004e0c:	2201      	movs	r2, #1
10004e0e:	79c1      	ldrb	r1, [r0, #7]
10004e10:	46b1      	mov	r9, r6
10004e12:	118b      	asrs	r3, r1, #6
10004e14:	1149      	asrs	r1, r1, #5
10004e16:	4013      	ands	r3, r2
10004e18:	400a      	ands	r2, r1
10004e1a:	2130      	movs	r1, #48	@ 0x30
10004e1c:	0112      	lsls	r2, r2, #4
10004e1e:	015b      	lsls	r3, r3, #5
10004e20:	4313      	orrs	r3, r2
10004e22:	782a      	ldrb	r2, [r5, #0]
10004e24:	46a8      	mov	r8, r5
10004e26:	438a      	bics	r2, r1
10004e28:	4313      	orrs	r3, r2
10004e2a:	702b      	strb	r3, [r5, #0]
10004e2c:	2309      	movs	r3, #9
10004e2e:	469a      	mov	sl, r3
10004e30:	4482      	add	sl, r0
10004e32:	4656      	mov	r6, sl
10004e34:	46ba      	mov	sl, r7
10004e36:	78c3      	ldrb	r3, [r0, #3]
10004e38:	7882      	ldrb	r2, [r0, #2]
10004e3a:	021b      	lsls	r3, r3, #8
10004e3c:	4313      	orrs	r3, r2
10004e3e:	18c3      	adds	r3, r0, r3
10004e40:	9305      	str	r3, [sp, #20]
10004e42:	4b8e      	ldr	r3, [pc, #568]	@ (1000507c <tud_task_ext+0x6a0>)
10004e44:	9304      	str	r3, [sp, #16]
10004e46:	4b8e      	ldr	r3, [pc, #568]	@ (10005080 <tud_task_ext+0x6a4>)
10004e48:	9308      	str	r3, [sp, #32]
10004e4a:	4b8e      	ldr	r3, [pc, #568]	@ (10005084 <tud_task_ext+0x6a8>)
10004e4c:	9309      	str	r3, [sp, #36]	@ 0x24
10004e4e:	4b8e      	ldr	r3, [pc, #568]	@ (10005088 <tud_task_ext+0x6ac>)
10004e50:	930a      	str	r3, [sp, #40]	@ 0x28
10004e52:	9b05      	ldr	r3, [sp, #20]
10004e54:	42b3      	cmp	r3, r6
10004e56:	d800      	bhi.n	10004e5a <tud_task_ext+0x47e>
10004e58:	e155      	b.n	10005106 <tud_task_ext+0x72a>
10004e5a:	7873      	ldrb	r3, [r6, #1]
10004e5c:	2201      	movs	r2, #1
10004e5e:	2b0b      	cmp	r3, #11
10004e60:	d103      	bne.n	10004e6a <tud_task_ext+0x48e>
10004e62:	7833      	ldrb	r3, [r6, #0]
10004e64:	78f2      	ldrb	r2, [r6, #3]
10004e66:	18f6      	adds	r6, r6, r3
10004e68:	7873      	ldrb	r3, [r6, #1]
10004e6a:	2b04      	cmp	r3, #4
10004e6c:	d000      	beq.n	10004e70 <tud_task_ext+0x494>
10004e6e:	e144      	b.n	100050fa <tud_task_ext+0x71e>
10004e70:	9b05      	ldr	r3, [sp, #20]
10004e72:	2700      	movs	r7, #0
10004e74:	1b9b      	subs	r3, r3, r6
10004e76:	b29b      	uxth	r3, r3
10004e78:	9306      	str	r3, [sp, #24]
10004e7a:	9b04      	ldr	r3, [sp, #16]
10004e7c:	920b      	str	r2, [sp, #44]	@ 0x2c
10004e7e:	781d      	ldrb	r5, [r3, #0]
10004e80:	2300      	movs	r3, #0
10004e82:	9303      	str	r3, [sp, #12]
10004e84:	e01b      	b.n	10004ebe <tud_task_ext+0x4e2>
10004e86:	9a09      	ldr	r2, [sp, #36]	@ 0x24
10004e88:	017b      	lsls	r3, r7, #5
10004e8a:	6815      	ldr	r5, [r2, #0]
10004e8c:	18ed      	adds	r5, r5, r3
10004e8e:	2d00      	cmp	r5, #0
10004e90:	d100      	bne.n	10004e94 <tud_task_ext+0x4b8>
10004e92:	e132      	b.n	100050fa <tud_task_ext+0x71e>
10004e94:	0031      	movs	r1, r6
10004e96:	4658      	mov	r0, fp
10004e98:	692b      	ldr	r3, [r5, #16]
10004e9a:	9a06      	ldr	r2, [sp, #24]
10004e9c:	4798      	blx	r3
10004e9e:	4684      	mov	ip, r0
10004ea0:	2808      	cmp	r0, #8
10004ea2:	d903      	bls.n	10004eac <tud_task_ext+0x4d0>
10004ea4:	9a06      	ldr	r2, [sp, #24]
10004ea6:	4282      	cmp	r2, r0
10004ea8:	d300      	bcc.n	10004eac <tud_task_ext+0x4d0>
10004eaa:	e113      	b.n	100050d4 <tud_task_ext+0x6f8>
10004eac:	9b04      	ldr	r3, [sp, #16]
10004eae:	3701      	adds	r7, #1
10004eb0:	781d      	ldrb	r5, [r3, #0]
10004eb2:	b2ff      	uxtb	r7, r7
10004eb4:	1c6b      	adds	r3, r5, #1
10004eb6:	9703      	str	r7, [sp, #12]
10004eb8:	429f      	cmp	r7, r3
10004eba:	dd00      	ble.n	10004ebe <tud_task_ext+0x4e2>
10004ebc:	e11d      	b.n	100050fa <tud_task_ext+0x71e>
10004ebe:	42bd      	cmp	r5, r7
10004ec0:	d8e1      	bhi.n	10004e86 <tud_task_ext+0x4aa>
10004ec2:	9b03      	ldr	r3, [sp, #12]
10004ec4:	1b5d      	subs	r5, r3, r5
10004ec6:	9b08      	ldr	r3, [sp, #32]
10004ec8:	016d      	lsls	r5, r5, #5
10004eca:	469c      	mov	ip, r3
10004ecc:	4465      	add	r5, ip
10004ece:	e7e1      	b.n	10004e94 <tud_task_ext+0x4b8>
10004ed0:	786b      	ldrb	r3, [r5, #1]
10004ed2:	aa0c      	add	r2, sp, #48	@ 0x30
10004ed4:	3202      	adds	r2, #2
10004ed6:	7013      	strb	r3, [r2, #0]
10004ed8:	4658      	mov	r0, fp
10004eda:	2301      	movs	r3, #1
10004edc:	a90e      	add	r1, sp, #56	@ 0x38
10004ede:	f000 fa49 	bl	10005374 <tud_control_xfer>
10004ee2:	e591      	b.n	10004a08 <tud_task_ext+0x2c>
10004ee4:	88e3      	ldrh	r3, [r4, #6]
10004ee6:	0a1a      	lsrs	r2, r3, #8
10004ee8:	b2d8      	uxtb	r0, r3
10004eea:	2a0f      	cmp	r2, #15
10004eec:	d900      	bls.n	10004ef0 <tud_task_ext+0x514>
10004eee:	e6f7      	b.n	10004ce0 <tud_task_ext+0x304>
10004ef0:	4966      	ldr	r1, [pc, #408]	@ (1000508c <tud_task_ext+0x6b0>)
10004ef2:	0093      	lsls	r3, r2, #2
10004ef4:	58cb      	ldr	r3, [r1, r3]
10004ef6:	469f      	mov	pc, r3
10004ef8:	a80e      	add	r0, sp, #56	@ 0x38
10004efa:	f000 fa9f 	bl	1000543c <usbd_control_set_request>
10004efe:	4658      	mov	r0, fp
10004f00:	79a1      	ldrb	r1, [r4, #6]
10004f02:	f7ff fb95 	bl	10004630 <dcd_set_address>
10004f06:	2202      	movs	r2, #2
10004f08:	782b      	ldrb	r3, [r5, #0]
10004f0a:	4313      	orrs	r3, r2
10004f0c:	702b      	strb	r3, [r5, #0]
10004f0e:	e57b      	b.n	10004a08 <tud_task_ext+0x2c>
10004f10:	88e3      	ldrh	r3, [r4, #6]
10004f12:	2b01      	cmp	r3, #1
10004f14:	d000      	beq.n	10004f18 <tud_task_ext+0x53c>
10004f16:	e6e3      	b.n	10004ce0 <tud_task_ext+0x304>
10004f18:	2208      	movs	r2, #8
10004f1a:	782b      	ldrb	r3, [r5, #0]
10004f1c:	4658      	mov	r0, fp
10004f1e:	4393      	bics	r3, r2
10004f20:	a90e      	add	r1, sp, #56	@ 0x38
10004f22:	702b      	strb	r3, [r5, #0]
10004f24:	f000 fa10 	bl	10005348 <tud_control_status>
10004f28:	e56e      	b.n	10004a08 <tud_task_ext+0x2c>
10004f2a:	2002      	movs	r0, #2
10004f2c:	7829      	ldrb	r1, [r5, #0]
10004f2e:	ab0c      	add	r3, sp, #48	@ 0x30
10004f30:	1c9a      	adds	r2, r3, #2
10004f32:	068b      	lsls	r3, r1, #26
10004f34:	0889      	lsrs	r1, r1, #2
10004f36:	0fdb      	lsrs	r3, r3, #31
10004f38:	4001      	ands	r1, r0
10004f3a:	430b      	orrs	r3, r1
10004f3c:	8013      	strh	r3, [r2, #0]
10004f3e:	4658      	mov	r0, fp
10004f40:	2302      	movs	r3, #2
10004f42:	a90e      	add	r1, sp, #56	@ 0x38
10004f44:	f000 fa16 	bl	10005374 <tud_control_xfer>
10004f48:	e55e      	b.n	10004a08 <tud_task_ext+0x2c>
10004f4a:	88e3      	ldrh	r3, [r4, #6]
10004f4c:	2b01      	cmp	r3, #1
10004f4e:	d000      	beq.n	10004f52 <tud_task_ext+0x576>
10004f50:	e6c6      	b.n	10004ce0 <tud_task_ext+0x304>
10004f52:	2208      	movs	r2, #8
10004f54:	782b      	ldrb	r3, [r5, #0]
10004f56:	4313      	orrs	r3, r2
10004f58:	702b      	strb	r3, [r5, #0]
10004f5a:	e718      	b.n	10004d8e <tud_task_ext+0x3b2>
10004f5c:	7a23      	ldrb	r3, [r4, #8]
10004f5e:	2b0f      	cmp	r3, #15
10004f60:	d900      	bls.n	10004f64 <tud_task_ext+0x588>
10004f62:	e6bd      	b.n	10004ce0 <tud_task_ext+0x304>
10004f64:	18eb      	adds	r3, r5, r3
10004f66:	791d      	ldrb	r5, [r3, #4]
10004f68:	4b44      	ldr	r3, [pc, #272]	@ (1000507c <tud_task_ext+0x6a0>)
10004f6a:	781b      	ldrb	r3, [r3, #0]
10004f6c:	429d      	cmp	r5, r3
10004f6e:	d228      	bcs.n	10004fc2 <tud_task_ext+0x5e6>
10004f70:	4b44      	ldr	r3, [pc, #272]	@ (10005084 <tud_task_ext+0x6a8>)
10004f72:	016d      	lsls	r5, r5, #5
10004f74:	681b      	ldr	r3, [r3, #0]
10004f76:	195d      	adds	r5, r3, r5
10004f78:	2d00      	cmp	r5, #0
10004f7a:	d100      	bne.n	10004f7e <tud_task_ext+0x5a2>
10004f7c:	e6b0      	b.n	10004ce0 <tud_task_ext+0x304>
10004f7e:	6968      	ldr	r0, [r5, #20]
10004f80:	f000 fa56 	bl	10005430 <usbd_control_set_complete_callback>
10004f84:	2101      	movs	r1, #1
10004f86:	4658      	mov	r0, fp
10004f88:	696b      	ldr	r3, [r5, #20]
10004f8a:	aa0e      	add	r2, sp, #56	@ 0x38
10004f8c:	4798      	blx	r3
10004f8e:	e6b8      	b.n	10004d02 <tud_task_ext+0x326>
10004f90:	2a00      	cmp	r2, #0
10004f92:	d000      	beq.n	10004f96 <tud_task_ext+0x5ba>
10004f94:	e6a4      	b.n	10004ce0 <tud_task_ext+0x304>
10004f96:	2300      	movs	r3, #0
10004f98:	4699      	mov	r9, r3
10004f9a:	7962      	ldrb	r2, [r4, #5]
10004f9c:	2002      	movs	r0, #2
10004f9e:	0013      	movs	r3, r2
10004fa0:	9203      	str	r2, [sp, #12]
10004fa2:	4383      	bics	r3, r0
10004fa4:	2b01      	cmp	r3, #1
10004fa6:	d015      	beq.n	10004fd4 <tud_task_ext+0x5f8>
10004fa8:	2a00      	cmp	r2, #0
10004faa:	d000      	beq.n	10004fae <tud_task_ext+0x5d2>
10004fac:	e698      	b.n	10004ce0 <tud_task_ext+0x304>
10004fae:	002b      	movs	r3, r5
10004fb0:	4443      	add	r3, r8
10004fb2:	4453      	add	r3, sl
10004fb4:	3330      	adds	r3, #48	@ 0x30
10004fb6:	791b      	ldrb	r3, [r3, #4]
10004fb8:	aa0c      	add	r2, sp, #48	@ 0x30
10004fba:	079b      	lsls	r3, r3, #30
10004fbc:	0fdb      	lsrs	r3, r3, #31
10004fbe:	3202      	adds	r2, #2
10004fc0:	e7bc      	b.n	10004f3c <tud_task_ext+0x560>
10004fc2:	1c5a      	adds	r2, r3, #1
10004fc4:	42aa      	cmp	r2, r5
10004fc6:	da00      	bge.n	10004fca <tud_task_ext+0x5ee>
10004fc8:	e68a      	b.n	10004ce0 <tud_task_ext+0x304>
10004fca:	1aed      	subs	r5, r5, r3
10004fcc:	4b2c      	ldr	r3, [pc, #176]	@ (10005080 <tud_task_ext+0x6a4>)
10004fce:	016d      	lsls	r5, r5, #5
10004fd0:	18ed      	adds	r5, r5, r3
10004fd2:	e7d4      	b.n	10004f7e <tud_task_ext+0x5a2>
10004fd4:	88e3      	ldrh	r3, [r4, #6]
10004fd6:	2b00      	cmp	r3, #0
10004fd8:	d112      	bne.n	10005000 <tud_task_ext+0x624>
10004fda:	9b02      	ldr	r3, [sp, #8]
10004fdc:	7818      	ldrb	r0, [r3, #0]
10004fde:	9b03      	ldr	r3, [sp, #12]
10004fe0:	2b01      	cmp	r3, #1
10004fe2:	d023      	beq.n	1000502c <tud_task_ext+0x650>
10004fe4:	f7ff fbea 	bl	100047bc <dcd_edpt_stall>
10004fe8:	4643      	mov	r3, r8
10004fea:	2102      	movs	r1, #2
10004fec:	18eb      	adds	r3, r5, r3
10004fee:	4453      	add	r3, sl
10004ff0:	3330      	adds	r3, #48	@ 0x30
10004ff2:	791a      	ldrb	r2, [r3, #4]
10004ff4:	430a      	orrs	r2, r1
10004ff6:	2101      	movs	r1, #1
10004ff8:	711a      	strb	r2, [r3, #4]
10004ffa:	791a      	ldrb	r2, [r3, #4]
10004ffc:	430a      	orrs	r2, r1
10004ffe:	711a      	strb	r2, [r3, #4]
10005000:	464b      	mov	r3, r9
10005002:	2b00      	cmp	r3, #0
10005004:	d100      	bne.n	10005008 <tud_task_ext+0x62c>
10005006:	e4ff      	b.n	10004a08 <tud_task_ext+0x2c>
10005008:	6958      	ldr	r0, [r3, #20]
1000500a:	f000 fa11 	bl	10005430 <usbd_control_set_complete_callback>
1000500e:	464b      	mov	r3, r9
10005010:	2101      	movs	r1, #1
10005012:	695b      	ldr	r3, [r3, #20]
10005014:	aa0e      	add	r2, sp, #56	@ 0x38
10005016:	4658      	mov	r0, fp
10005018:	4798      	blx	r3
1000501a:	2000      	movs	r0, #0
1000501c:	f000 fa08 	bl	10005430 <usbd_control_set_complete_callback>
10005020:	2335      	movs	r3, #53	@ 0x35
10005022:	5ceb      	ldrb	r3, [r5, r3]
10005024:	07db      	lsls	r3, r3, #31
10005026:	d500      	bpl.n	1000502a <tud_task_ext+0x64e>
10005028:	e4ee      	b.n	10004a08 <tud_task_ext+0x2c>
1000502a:	e6b0      	b.n	10004d8e <tud_task_ext+0x3b2>
1000502c:	f7ff fbe4 	bl	100047f8 <dcd_edpt_clear_stall>
10005030:	4643      	mov	r3, r8
10005032:	2102      	movs	r1, #2
10005034:	18eb      	adds	r3, r5, r3
10005036:	4453      	add	r3, sl
10005038:	3330      	adds	r3, #48	@ 0x30
1000503a:	791a      	ldrb	r2, [r3, #4]
1000503c:	438a      	bics	r2, r1
1000503e:	711a      	strb	r2, [r3, #4]
10005040:	791a      	ldrb	r2, [r3, #4]
10005042:	9903      	ldr	r1, [sp, #12]
10005044:	438a      	bics	r2, r1
10005046:	711a      	strb	r2, [r3, #4]
10005048:	e7da      	b.n	10005000 <tud_task_ext+0x624>
1000504a:	f7ff fc37 	bl	100048bc <tud_umount_cb>
1000504e:	e69e      	b.n	10004d8e <tud_task_ext+0x3b2>
10005050:	2100      	movs	r1, #0
10005052:	4658      	mov	r0, fp
10005054:	f7ff faf6 	bl	10004644 <dcd_sof_enable>
10005058:	4658      	mov	r0, fp
1000505a:	f7ff fb99 	bl	10004790 <dcd_edpt_close_all>
1000505e:	78ab      	ldrb	r3, [r5, #2]
10005060:	4907      	ldr	r1, [pc, #28]	@ (10005080 <tud_task_ext+0x6a4>)
10005062:	9303      	str	r3, [sp, #12]
10005064:	9104      	str	r1, [sp, #16]
10005066:	4b05      	ldr	r3, [pc, #20]	@ (1000507c <tud_task_ext+0x6a0>)
10005068:	4906      	ldr	r1, [pc, #24]	@ (10005084 <tud_task_ext+0x6a8>)
1000506a:	4698      	mov	r8, r3
1000506c:	781a      	ldrb	r2, [r3, #0]
1000506e:	9105      	str	r1, [sp, #20]
10005070:	2300      	movs	r3, #0
10005072:	0029      	movs	r1, r5
10005074:	001d      	movs	r5, r3
10005076:	468a      	mov	sl, r1
10005078:	e01b      	b.n	100050b2 <tud_task_ext+0x6d6>
1000507a:	46c0      	nop			@ (mov r8, r8)
1000507c:	20022490 	.word	0x20022490
10005080:	10009c54 	.word	0x10009c54
10005084:	20001380 	.word	0x20001380
10005088:	20001544 	.word	0x20001544
1000508c:	10009bf8 	.word	0x10009bf8
10005090:	9b05      	ldr	r3, [sp, #20]
10005092:	016a      	lsls	r2, r5, #5
10005094:	681b      	ldr	r3, [r3, #0]
10005096:	189b      	adds	r3, r3, r2
10005098:	2b00      	cmp	r3, #0
1000509a:	d04d      	beq.n	10005138 <tud_task_ext+0x75c>
1000509c:	68db      	ldr	r3, [r3, #12]
1000509e:	4658      	mov	r0, fp
100050a0:	4798      	blx	r3
100050a2:	4643      	mov	r3, r8
100050a4:	781a      	ldrb	r2, [r3, #0]
100050a6:	3501      	adds	r5, #1
100050a8:	b2ed      	uxtb	r5, r5
100050aa:	1c51      	adds	r1, r2, #1
100050ac:	002b      	movs	r3, r5
100050ae:	428d      	cmp	r5, r1
100050b0:	dc2e      	bgt.n	10005110 <tud_task_ext+0x734>
100050b2:	4295      	cmp	r5, r2
100050b4:	d3ec      	bcc.n	10005090 <tud_task_ext+0x6b4>
100050b6:	1a9b      	subs	r3, r3, r2
100050b8:	9a04      	ldr	r2, [sp, #16]
100050ba:	015b      	lsls	r3, r3, #5
100050bc:	4694      	mov	ip, r2
100050be:	4463      	add	r3, ip
100050c0:	e7ec      	b.n	1000509c <tud_task_ext+0x6c0>
100050c2:	ab0c      	add	r3, sp, #48	@ 0x30
100050c4:	1c9a      	adds	r2, r3, #2
100050c6:	4658      	mov	r0, fp
100050c8:	2301      	movs	r3, #1
100050ca:	a90e      	add	r1, sp, #56	@ 0x38
100050cc:	7015      	strb	r5, [r2, #0]
100050ce:	f000 f951 	bl	10005374 <tud_control_xfer>
100050d2:	e499      	b.n	10004a08 <tud_task_ext+0x2c>
100050d4:	9a0b      	ldr	r2, [sp, #44]	@ 0x2c
100050d6:	2a01      	cmp	r2, #1
100050d8:	d04f      	beq.n	1000517a <tud_task_ext+0x79e>
100050da:	2a00      	cmp	r2, #0
100050dc:	d03c      	beq.n	10005158 <tud_task_ext+0x77c>
100050de:	2300      	movs	r3, #0
100050e0:	78b0      	ldrb	r0, [r6, #2]
100050e2:	e004      	b.n	100050ee <tud_task_ext+0x712>
100050e4:	3301      	adds	r3, #1
100050e6:	b2db      	uxtb	r3, r3
100050e8:	710f      	strb	r7, [r1, #4]
100050ea:	4293      	cmp	r3, r2
100050ec:	d234      	bcs.n	10005158 <tud_task_ext+0x77c>
100050ee:	18c1      	adds	r1, r0, r3
100050f0:	b2c9      	uxtb	r1, r1
100050f2:	4441      	add	r1, r8
100050f4:	790d      	ldrb	r5, [r1, #4]
100050f6:	2dff      	cmp	r5, #255	@ 0xff
100050f8:	d0f4      	beq.n	100050e4 <tud_task_ext+0x708>
100050fa:	464e      	mov	r6, r9
100050fc:	4645      	mov	r5, r8
100050fe:	4657      	mov	r7, sl
10005100:	2300      	movs	r3, #0
10005102:	706b      	strb	r3, [r5, #1]
10005104:	e5ec      	b.n	10004ce0 <tud_task_ext+0x304>
10005106:	464e      	mov	r6, r9
10005108:	4657      	mov	r7, sl
1000510a:	f7ff fbd5 	bl	100048b8 <tud_mount_cb>
1000510e:	e63e      	b.n	10004d8e <tud_task_ext+0x3b2>
10005110:	4655      	mov	r5, sl
10005112:	2254      	movs	r2, #84	@ 0x54
10005114:	2100      	movs	r1, #0
10005116:	0028      	movs	r0, r5
10005118:	f7fc ffc8 	bl	100020ac <__wrap_memset>
1000511c:	2210      	movs	r2, #16
1000511e:	21ff      	movs	r1, #255	@ 0xff
10005120:	1d28      	adds	r0, r5, #4
10005122:	f7fc ffc3 	bl	100020ac <__wrap_memset>
10005126:	0028      	movs	r0, r5
10005128:	2220      	movs	r2, #32
1000512a:	21ff      	movs	r1, #255	@ 0xff
1000512c:	3014      	adds	r0, #20
1000512e:	f7fc ffbd 	bl	100020ac <__wrap_memset>
10005132:	9b03      	ldr	r3, [sp, #12]
10005134:	70ab      	strb	r3, [r5, #2]
10005136:	e657      	b.n	10004de8 <tud_task_ext+0x40c>
10005138:	4655      	mov	r5, sl
1000513a:	e7fa      	b.n	10005132 <tud_task_ext+0x756>
1000513c:	f7fe feaa 	bl	10003e94 <tud_descriptor_bos_cb>
10005140:	1e02      	subs	r2, r0, #0
10005142:	d100      	bne.n	10005146 <tud_task_ext+0x76a>
10005144:	e5cc      	b.n	10004ce0 <tud_task_ext+0x304>
10005146:	78d3      	ldrb	r3, [r2, #3]
10005148:	7891      	ldrb	r1, [r2, #2]
1000514a:	021b      	lsls	r3, r3, #8
1000514c:	430b      	orrs	r3, r1
1000514e:	4658      	mov	r0, fp
10005150:	a90e      	add	r1, sp, #56	@ 0x38
10005152:	f000 f90f 	bl	10005374 <tud_control_xfer>
10005156:	e5d4      	b.n	10004d02 <tud_task_ext+0x326>
10005158:	4665      	mov	r5, ip
1000515a:	003b      	movs	r3, r7
1000515c:	002a      	movs	r2, r5
1000515e:	0031      	movs	r1, r6
10005160:	980a      	ldr	r0, [sp, #40]	@ 0x28
10005162:	f000 fe7f 	bl	10005e64 <tu_edpt_bind_driver>
10005166:	46ac      	mov	ip, r5
10005168:	9b04      	ldr	r3, [sp, #16]
1000516a:	9a03      	ldr	r2, [sp, #12]
1000516c:	781b      	ldrb	r3, [r3, #0]
1000516e:	4466      	add	r6, ip
10005170:	3301      	adds	r3, #1
10005172:	4293      	cmp	r3, r2
10005174:	db00      	blt.n	10005178 <tud_task_ext+0x79c>
10005176:	e66c      	b.n	10004e52 <tud_task_ext+0x476>
10005178:	e7bf      	b.n	100050fa <tud_task_ext+0x71e>
1000517a:	4b17      	ldr	r3, [pc, #92]	@ (100051d8 <tud_task_ext+0x7fc>)
1000517c:	6929      	ldr	r1, [r5, #16]
1000517e:	4299      	cmp	r1, r3
10005180:	d1ad      	bne.n	100050de <tud_task_ext+0x702>
10005182:	9a07      	ldr	r2, [sp, #28]
10005184:	e7ab      	b.n	100050de <tud_task_ext+0x702>
10005186:	f7ff fb93 	bl	100048b0 <tud_descriptor_device_qualifier_cb>
1000518a:	1e02      	subs	r2, r0, #0
1000518c:	d100      	bne.n	10005190 <tud_task_ext+0x7b4>
1000518e:	e5a7      	b.n	10004ce0 <tud_task_ext+0x304>
10005190:	4658      	mov	r0, fp
10005192:	7813      	ldrb	r3, [r2, #0]
10005194:	a90e      	add	r1, sp, #56	@ 0x38
10005196:	f000 f8ed 	bl	10005374 <tud_control_xfer>
1000519a:	e5b2      	b.n	10004d02 <tud_task_ext+0x326>
1000519c:	8921      	ldrh	r1, [r4, #8]
1000519e:	f7ff f8c3 	bl	10004328 <tud_descriptor_string_cb>
100051a2:	1e02      	subs	r2, r0, #0
100051a4:	d1f4      	bne.n	10005190 <tud_task_ext+0x7b4>
100051a6:	e59b      	b.n	10004ce0 <tud_task_ext+0x304>
100051a8:	2a02      	cmp	r2, #2
100051aa:	d00f      	beq.n	100051cc <tud_task_ext+0x7f0>
100051ac:	f7ff fb82 	bl	100048b4 <tud_descriptor_other_speed_configuration_cb>
100051b0:	1e02      	subs	r2, r0, #0
100051b2:	d1c8      	bne.n	10005146 <tud_task_ext+0x76a>
100051b4:	e594      	b.n	10004ce0 <tud_task_ext+0x304>
100051b6:	f7ff f8af 	bl	10004318 <tud_descriptor_device_cb>
100051ba:	1e02      	subs	r2, r0, #0
100051bc:	d100      	bne.n	100051c0 <tud_task_ext+0x7e4>
100051be:	e58f      	b.n	10004ce0 <tud_task_ext+0x304>
100051c0:	2312      	movs	r3, #18
100051c2:	4658      	mov	r0, fp
100051c4:	a90e      	add	r1, sp, #56	@ 0x38
100051c6:	f000 f8d5 	bl	10005374 <tud_control_xfer>
100051ca:	e59a      	b.n	10004d02 <tud_task_ext+0x326>
100051cc:	f7ff f8a8 	bl	10004320 <tud_descriptor_configuration_cb>
100051d0:	1e02      	subs	r2, r0, #0
100051d2:	d1b8      	bne.n	10005146 <tud_task_ext+0x76a>
100051d4:	e584      	b.n	10004ce0 <tud_task_ext+0x304>
100051d6:	46c0      	nop			@ (mov r8, r8)
100051d8:	1000582d 	.word	0x1000582d

100051dc <usbd_open_edpt_pair>:
100051dc:	b5f8      	push	{r3, r4, r5, r6, r7, lr}
100051de:	4657      	mov	r7, sl
100051e0:	464e      	mov	r6, r9
100051e2:	46de      	mov	lr, fp
100051e4:	4645      	mov	r5, r8
100051e6:	000c      	movs	r4, r1
100051e8:	b5e0      	push	{r5, r6, r7, lr}
100051ea:	0016      	movs	r6, r2
100051ec:	001f      	movs	r7, r3
100051ee:	2a00      	cmp	r2, #0
100051f0:	d03c      	beq.n	1000526c <usbd_open_edpt_pair+0x90>
100051f2:	2370      	movs	r3, #112	@ 0x70
100051f4:	4698      	mov	r8, r3
100051f6:	4b1e      	ldr	r3, [pc, #120]	@ (10005270 <usbd_open_edpt_pair+0x94>)
100051f8:	2500      	movs	r5, #0
100051fa:	469b      	mov	fp, r3
100051fc:	4b1d      	ldr	r3, [pc, #116]	@ (10005274 <usbd_open_edpt_pair+0x98>)
100051fe:	469a      	mov	sl, r3
10005200:	e01a      	b.n	10005238 <usbd_open_edpt_pair+0x5c>
10005202:	465b      	mov	r3, fp
10005204:	781b      	ldrb	r3, [r3, #0]
10005206:	0020      	movs	r0, r4
10005208:	4699      	mov	r9, r3
1000520a:	4653      	mov	r3, sl
1000520c:	7899      	ldrb	r1, [r3, #2]
1000520e:	f000 fdeb 	bl	10005de8 <tu_edpt_validate>
10005212:	2800      	cmp	r0, #0
10005214:	d01c      	beq.n	10005250 <usbd_open_edpt_pair+0x74>
10005216:	0021      	movs	r1, r4
10005218:	4648      	mov	r0, r9
1000521a:	f7ff fa2f 	bl	1000467c <dcd_edpt_open>
1000521e:	2800      	cmp	r0, #0
10005220:	d016      	beq.n	10005250 <usbd_open_edpt_pair+0x74>
10005222:	78a3      	ldrb	r3, [r4, #2]
10005224:	09da      	lsrs	r2, r3, #7
10005226:	2a01      	cmp	r2, #1
10005228:	d019      	beq.n	1000525e <usbd_open_edpt_pair+0x82>
1000522a:	9a0a      	ldr	r2, [sp, #40]	@ 0x28
1000522c:	3501      	adds	r5, #1
1000522e:	7013      	strb	r3, [r2, #0]
10005230:	7823      	ldrb	r3, [r4, #0]
10005232:	18e4      	adds	r4, r4, r3
10005234:	42b5      	cmp	r5, r6
10005236:	da19      	bge.n	1000526c <usbd_open_edpt_pair+0x90>
10005238:	7863      	ldrb	r3, [r4, #1]
1000523a:	2b05      	cmp	r3, #5
1000523c:	d108      	bne.n	10005250 <usbd_open_edpt_pair+0x74>
1000523e:	78e3      	ldrb	r3, [r4, #3]
10005240:	079b      	lsls	r3, r3, #30
10005242:	0f9b      	lsrs	r3, r3, #30
10005244:	42bb      	cmp	r3, r7
10005246:	d103      	bne.n	10005250 <usbd_open_edpt_pair+0x74>
10005248:	4642      	mov	r2, r8
1000524a:	78a3      	ldrb	r3, [r4, #2]
1000524c:	421a      	tst	r2, r3
1000524e:	d0d8      	beq.n	10005202 <usbd_open_edpt_pair+0x26>
10005250:	2000      	movs	r0, #0
10005252:	bcf0      	pop	{r4, r5, r6, r7}
10005254:	46bb      	mov	fp, r7
10005256:	46b2      	mov	sl, r6
10005258:	46a9      	mov	r9, r5
1000525a:	46a0      	mov	r8, r4
1000525c:	bdf8      	pop	{r3, r4, r5, r6, r7, pc}
1000525e:	9a0b      	ldr	r2, [sp, #44]	@ 0x2c
10005260:	3501      	adds	r5, #1
10005262:	7013      	strb	r3, [r2, #0]
10005264:	7823      	ldrb	r3, [r4, #0]
10005266:	18e4      	adds	r4, r4, r3
10005268:	42b5      	cmp	r5, r6
1000526a:	dbe5      	blt.n	10005238 <usbd_open_edpt_pair+0x5c>
1000526c:	2001      	movs	r0, #1
1000526e:	e7f0      	b.n	10005252 <usbd_open_edpt_pair+0x76>
10005270:	200010a4 	.word	0x200010a4
10005274:	20001530 	.word	0x20001530

10005278 <usbd_edpt_open>:
10005278:	2270      	movs	r2, #112	@ 0x70
1000527a:	b570      	push	{r4, r5, r6, lr}
1000527c:	788b      	ldrb	r3, [r1, #2]
1000527e:	000c      	movs	r4, r1
10005280:	421a      	tst	r2, r3
10005282:	d001      	beq.n	10005288 <usbd_edpt_open+0x10>
10005284:	2000      	movs	r0, #0
10005286:	bd70      	pop	{r4, r5, r6, pc}
10005288:	4b06      	ldr	r3, [pc, #24]	@ (100052a4 <usbd_edpt_open+0x2c>)
1000528a:	0020      	movs	r0, r4
1000528c:	781d      	ldrb	r5, [r3, #0]
1000528e:	4b06      	ldr	r3, [pc, #24]	@ (100052a8 <usbd_edpt_open+0x30>)
10005290:	7899      	ldrb	r1, [r3, #2]
10005292:	f000 fda9 	bl	10005de8 <tu_edpt_validate>
10005296:	2800      	cmp	r0, #0
10005298:	d0f4      	beq.n	10005284 <usbd_edpt_open+0xc>
1000529a:	0021      	movs	r1, r4
1000529c:	0028      	movs	r0, r5
1000529e:	f7ff f9ed 	bl	1000467c <dcd_edpt_open>
100052a2:	e7f0      	b.n	10005286 <usbd_edpt_open+0xe>
100052a4:	200010a4 	.word	0x200010a4
100052a8:	20001530 	.word	0x20001530

100052ac <usbd_edpt_claim>:
100052ac:	000b      	movs	r3, r1
100052ae:	207f      	movs	r0, #127	@ 0x7f
100052b0:	b510      	push	{r4, lr}
100052b2:	4018      	ands	r0, r3
100052b4:	09db      	lsrs	r3, r3, #7
100052b6:	3334      	adds	r3, #52	@ 0x34
100052b8:	0040      	lsls	r0, r0, #1
100052ba:	4a04      	ldr	r2, [pc, #16]	@ (100052cc <usbd_edpt_claim+0x20>)
100052bc:	18c0      	adds	r0, r0, r3
100052be:	4b04      	ldr	r3, [pc, #16]	@ (100052d0 <usbd_edpt_claim+0x24>)
100052c0:	6811      	ldr	r1, [r2, #0]
100052c2:	18c0      	adds	r0, r0, r3
100052c4:	f000 fd4c 	bl	10005d60 <tu_edpt_claim>
100052c8:	bd10      	pop	{r4, pc}
100052ca:	46c0      	nop			@ (mov r8, r8)
100052cc:	20001584 	.word	0x20001584
100052d0:	20001530 	.word	0x20001530

100052d4 <usbd_edpt_release>:
100052d4:	000b      	movs	r3, r1
100052d6:	207f      	movs	r0, #127	@ 0x7f
100052d8:	b510      	push	{r4, lr}
100052da:	4018      	ands	r0, r3
100052dc:	09db      	lsrs	r3, r3, #7
100052de:	3334      	adds	r3, #52	@ 0x34
100052e0:	0040      	lsls	r0, r0, #1
100052e2:	4a04      	ldr	r2, [pc, #16]	@ (100052f4 <usbd_edpt_release+0x20>)
100052e4:	18c0      	adds	r0, r0, r3
100052e6:	4b04      	ldr	r3, [pc, #16]	@ (100052f8 <usbd_edpt_release+0x24>)
100052e8:	6811      	ldr	r1, [r2, #0]
100052ea:	18c0      	adds	r0, r0, r3
100052ec:	f000 fd60 	bl	10005db0 <tu_edpt_release>
100052f0:	bd10      	pop	{r4, pc}
100052f2:	46c0      	nop			@ (mov r8, r8)
100052f4:	20001584 	.word	0x20001584
100052f8:	20001530 	.word	0x20001530

100052fc <usbd_edpt_xfer>:
100052fc:	b570      	push	{r4, r5, r6, lr}
100052fe:	247f      	movs	r4, #127	@ 0x7f
10005300:	480f      	ldr	r0, [pc, #60]	@ (10005340 <usbd_edpt_xfer+0x44>)
10005302:	400c      	ands	r4, r1
10005304:	0064      	lsls	r4, r4, #1
10005306:	1904      	adds	r4, r0, r4
10005308:	09cd      	lsrs	r5, r1, #7
1000530a:	1964      	adds	r4, r4, r5
1000530c:	3430      	adds	r4, #48	@ 0x30
1000530e:	7920      	ldrb	r0, [r4, #4]
10005310:	07c0      	lsls	r0, r0, #31
10005312:	d501      	bpl.n	10005318 <usbd_edpt_xfer+0x1c>
10005314:	2000      	movs	r0, #0
10005316:	bd70      	pop	{r4, r5, r6, pc}
10005318:	2601      	movs	r6, #1
1000531a:	7925      	ldrb	r5, [r4, #4]
1000531c:	4809      	ldr	r0, [pc, #36]	@ (10005344 <usbd_edpt_xfer+0x48>)
1000531e:	4335      	orrs	r5, r6
10005320:	7800      	ldrb	r0, [r0, #0]
10005322:	7125      	strb	r5, [r4, #4]
10005324:	f7ff fa38 	bl	10004798 <dcd_edpt_xfer>
10005328:	2800      	cmp	r0, #0
1000532a:	d1f4      	bne.n	10005316 <usbd_edpt_xfer+0x1a>
1000532c:	2201      	movs	r2, #1
1000532e:	7923      	ldrb	r3, [r4, #4]
10005330:	4393      	bics	r3, r2
10005332:	7123      	strb	r3, [r4, #4]
10005334:	7923      	ldrb	r3, [r4, #4]
10005336:	3203      	adds	r2, #3
10005338:	4393      	bics	r3, r2
1000533a:	7123      	strb	r3, [r4, #4]
1000533c:	e7ea      	b.n	10005314 <usbd_edpt_xfer+0x18>
1000533e:	46c0      	nop			@ (mov r8, r8)
10005340:	20001530 	.word	0x20001530
10005344:	200010a4 	.word	0x200010a4

10005348 <tud_control_status>:
10005348:	b570      	push	{r4, r5, r6, lr}
1000534a:	4c09      	ldr	r4, [pc, #36]	@ (10005370 <tud_control_status+0x28>)
1000534c:	0006      	movs	r6, r0
1000534e:	2208      	movs	r2, #8
10005350:	0020      	movs	r0, r4
10005352:	000d      	movs	r5, r1
10005354:	f7fc feb0 	bl	100020b8 <__wrap___aeabi_memcpy>
10005358:	2300      	movs	r3, #0
1000535a:	2180      	movs	r1, #128	@ 0x80
1000535c:	60e3      	str	r3, [r4, #12]
1000535e:	60a3      	str	r3, [r4, #8]
10005360:	782b      	ldrb	r3, [r5, #0]
10005362:	0030      	movs	r0, r6
10005364:	4399      	bics	r1, r3
10005366:	2200      	movs	r2, #0
10005368:	2300      	movs	r3, #0
1000536a:	f7ff ffc7 	bl	100052fc <usbd_edpt_xfer>
1000536e:	bd70      	pop	{r4, r5, r6, pc}
10005370:	20001510 	.word	0x20001510

10005374 <tud_control_xfer>:
10005374:	b5f8      	push	{r3, r4, r5, r6, r7, lr}
10005376:	46ce      	mov	lr, r9
10005378:	4647      	mov	r7, r8
1000537a:	4690      	mov	r8, r2
1000537c:	4e25      	ldr	r6, [pc, #148]	@ (10005414 <tud_control_xfer+0xa0>)
1000537e:	b580      	push	{r7, lr}
10005380:	4681      	mov	r9, r0
10005382:	2208      	movs	r2, #8
10005384:	0030      	movs	r0, r6
10005386:	000d      	movs	r5, r1
10005388:	001f      	movs	r7, r3
1000538a:	f7fc fe95 	bl	100020b8 <__wrap___aeabi_memcpy>
1000538e:	4643      	mov	r3, r8
10005390:	60b3      	str	r3, [r6, #8]
10005392:	2300      	movs	r3, #0
10005394:	81f3      	strh	r3, [r6, #14]
10005396:	79ec      	ldrb	r4, [r5, #7]
10005398:	79ab      	ldrb	r3, [r5, #6]
1000539a:	0224      	lsls	r4, r4, #8
1000539c:	431c      	orrs	r4, r3
1000539e:	1c23      	adds	r3, r4, #0
100053a0:	42bc      	cmp	r4, r7
100053a2:	d900      	bls.n	100053a6 <tud_control_xfer+0x32>
100053a4:	1c3b      	adds	r3, r7, #0
100053a6:	b29f      	uxth	r7, r3
100053a8:	81b3      	strh	r3, [r6, #12]
100053aa:	2c00      	cmp	r4, #0
100053ac:	d00d      	beq.n	100053ca <tud_control_xfer+0x56>
100053ae:	2f00      	cmp	r7, #0
100053b0:	d017      	beq.n	100053e2 <tud_control_xfer+0x6e>
100053b2:	4642      	mov	r2, r8
100053b4:	2a00      	cmp	r2, #0
100053b6:	d02b      	beq.n	10005410 <tud_control_xfer+0x9c>
100053b8:	2f40      	cmp	r7, #64	@ 0x40
100053ba:	d81b      	bhi.n	100053f4 <tud_control_xfer+0x80>
100053bc:	b29f      	uxth	r7, r3
100053be:	7833      	ldrb	r3, [r6, #0]
100053c0:	2b7f      	cmp	r3, #127	@ 0x7f
100053c2:	d81c      	bhi.n	100053fe <tud_control_xfer+0x8a>
100053c4:	2100      	movs	r1, #0
100053c6:	4a14      	ldr	r2, [pc, #80]	@ (10005418 <tud_control_xfer+0xa4>)
100053c8:	e00f      	b.n	100053ea <tud_control_xfer+0x76>
100053ca:	2180      	movs	r1, #128	@ 0x80
100053cc:	782b      	ldrb	r3, [r5, #0]
100053ce:	2200      	movs	r2, #0
100053d0:	4399      	bics	r1, r3
100053d2:	4648      	mov	r0, r9
100053d4:	2300      	movs	r3, #0
100053d6:	f7ff ff91 	bl	100052fc <usbd_edpt_xfer>
100053da:	bcc0      	pop	{r6, r7}
100053dc:	46b9      	mov	r9, r7
100053de:	46b0      	mov	r8, r6
100053e0:	bdf8      	pop	{r3, r4, r5, r6, r7, pc}
100053e2:	237f      	movs	r3, #127	@ 0x7f
100053e4:	2200      	movs	r2, #0
100053e6:	7831      	ldrb	r1, [r6, #0]
100053e8:	4399      	bics	r1, r3
100053ea:	003b      	movs	r3, r7
100053ec:	4648      	mov	r0, r9
100053ee:	f7ff ff85 	bl	100052fc <usbd_edpt_xfer>
100053f2:	e7f2      	b.n	100053da <tud_control_xfer+0x66>
100053f4:	2340      	movs	r3, #64	@ 0x40
100053f6:	b29f      	uxth	r7, r3
100053f8:	7833      	ldrb	r3, [r6, #0]
100053fa:	2b7f      	cmp	r3, #127	@ 0x7f
100053fc:	d9e2      	bls.n	100053c4 <tud_control_xfer+0x50>
100053fe:	4c06      	ldr	r4, [pc, #24]	@ (10005418 <tud_control_xfer+0xa4>)
10005400:	003a      	movs	r2, r7
10005402:	4641      	mov	r1, r8
10005404:	0020      	movs	r0, r4
10005406:	f7fc fe57 	bl	100020b8 <__wrap___aeabi_memcpy>
1000540a:	2180      	movs	r1, #128	@ 0x80
1000540c:	0022      	movs	r2, r4
1000540e:	e7ec      	b.n	100053ea <tud_control_xfer+0x76>
10005410:	2000      	movs	r0, #0
10005412:	e7e2      	b.n	100053da <tud_control_xfer+0x66>
10005414:	20001510 	.word	0x20001510
10005418:	200014d0 	.word	0x200014d0

1000541c <usbd_control_reset>:
1000541c:	b510      	push	{r4, lr}
1000541e:	2214      	movs	r2, #20
10005420:	2100      	movs	r1, #0
10005422:	4802      	ldr	r0, [pc, #8]	@ (1000542c <usbd_control_reset+0x10>)
10005424:	f7fc fe42 	bl	100020ac <__wrap_memset>
10005428:	bd10      	pop	{r4, pc}
1000542a:	46c0      	nop			@ (mov r8, r8)
1000542c:	20001510 	.word	0x20001510

10005430 <usbd_control_set_complete_callback>:
10005430:	4b01      	ldr	r3, [pc, #4]	@ (10005438 <usbd_control_set_complete_callback+0x8>)
10005432:	6118      	str	r0, [r3, #16]
10005434:	4770      	bx	lr
10005436:	46c0      	nop			@ (mov r8, r8)
10005438:	20001510 	.word	0x20001510

1000543c <usbd_control_set_request>:
1000543c:	b510      	push	{r4, lr}
1000543e:	4c05      	ldr	r4, [pc, #20]	@ (10005454 <usbd_control_set_request+0x18>)
10005440:	0001      	movs	r1, r0
10005442:	2208      	movs	r2, #8
10005444:	0020      	movs	r0, r4
10005446:	f7fc fe37 	bl	100020b8 <__wrap___aeabi_memcpy>
1000544a:	2300      	movs	r3, #0
1000544c:	60a3      	str	r3, [r4, #8]
1000544e:	60e3      	str	r3, [r4, #12]
10005450:	bd10      	pop	{r4, pc}
10005452:	46c0      	nop			@ (mov r8, r8)
10005454:	20001510 	.word	0x20001510

10005458 <usbd_control_xfer_cb>:
10005458:	b570      	push	{r4, r5, r6, lr}
1000545a:	4c38      	ldr	r4, [pc, #224]	@ (1000553c <usbd_control_xfer_cb+0xe4>)
1000545c:	001d      	movs	r5, r3
1000545e:	7823      	ldrb	r3, [r4, #0]
10005460:	0006      	movs	r6, r0
10005462:	09da      	lsrs	r2, r3, #7
10005464:	09c9      	lsrs	r1, r1, #7
10005466:	428a      	cmp	r2, r1
10005468:	d010      	beq.n	1000548c <usbd_control_xfer_cb+0x34>
1000546a:	2000      	movs	r0, #0
1000546c:	2d00      	cmp	r5, #0
1000546e:	d000      	beq.n	10005472 <usbd_control_xfer_cb+0x1a>
10005470:	bd70      	pop	{r4, r5, r6, pc}
10005472:	0021      	movs	r1, r4
10005474:	0030      	movs	r0, r6
10005476:	f7ff f8f3 	bl	10004660 <dcd_edpt0_status_complete>
1000547a:	6923      	ldr	r3, [r4, #16]
1000547c:	2b00      	cmp	r3, #0
1000547e:	d003      	beq.n	10005488 <usbd_control_xfer_cb+0x30>
10005480:	0022      	movs	r2, r4
10005482:	2103      	movs	r1, #3
10005484:	0030      	movs	r0, r6
10005486:	4798      	blx	r3
10005488:	2001      	movs	r0, #1
1000548a:	e7f1      	b.n	10005470 <usbd_control_xfer_cb+0x18>
1000548c:	2b7f      	cmp	r3, #127	@ 0x7f
1000548e:	d806      	bhi.n	1000549e <usbd_control_xfer_cb+0x46>
10005490:	68a0      	ldr	r0, [r4, #8]
10005492:	2800      	cmp	r0, #0
10005494:	d034      	beq.n	10005500 <usbd_control_xfer_cb+0xa8>
10005496:	002a      	movs	r2, r5
10005498:	4929      	ldr	r1, [pc, #164]	@ (10005540 <usbd_control_xfer_cb+0xe8>)
1000549a:	f7fc fe0d 	bl	100020b8 <__wrap___aeabi_memcpy>
1000549e:	89e2      	ldrh	r2, [r4, #14]
100054a0:	68a1      	ldr	r1, [r4, #8]
100054a2:	1952      	adds	r2, r2, r5
100054a4:	88e3      	ldrh	r3, [r4, #6]
100054a6:	b292      	uxth	r2, r2
100054a8:	1949      	adds	r1, r1, r5
100054aa:	81e2      	strh	r2, [r4, #14]
100054ac:	60a1      	str	r1, [r4, #8]
100054ae:	4293      	cmp	r3, r2
100054b0:	d014      	beq.n	100054dc <usbd_control_xfer_cb+0x84>
100054b2:	2d3f      	cmp	r5, #63	@ 0x3f
100054b4:	d912      	bls.n	100054dc <usbd_control_xfer_cb+0x84>
100054b6:	89a3      	ldrh	r3, [r4, #12]
100054b8:	1a98      	subs	r0, r3, r2
100054ba:	1c05      	adds	r5, r0, #0
100054bc:	b280      	uxth	r0, r0
100054be:	2840      	cmp	r0, #64	@ 0x40
100054c0:	d82a      	bhi.n	10005518 <usbd_control_xfer_cb+0xc0>
100054c2:	7820      	ldrb	r0, [r4, #0]
100054c4:	b2ad      	uxth	r5, r5
100054c6:	287f      	cmp	r0, #127	@ 0x7f
100054c8:	d828      	bhi.n	1000551c <usbd_control_xfer_cb+0xc4>
100054ca:	2100      	movs	r1, #0
100054cc:	429a      	cmp	r2, r3
100054ce:	d032      	beq.n	10005536 <usbd_control_xfer_cb+0xde>
100054d0:	4a1b      	ldr	r2, [pc, #108]	@ (10005540 <usbd_control_xfer_cb+0xe8>)
100054d2:	002b      	movs	r3, r5
100054d4:	0030      	movs	r0, r6
100054d6:	f7ff ff11 	bl	100052fc <usbd_edpt_xfer>
100054da:	e7c9      	b.n	10005470 <usbd_control_xfer_cb+0x18>
100054dc:	6923      	ldr	r3, [r4, #16]
100054de:	2b00      	cmp	r3, #0
100054e0:	d005      	beq.n	100054ee <usbd_control_xfer_cb+0x96>
100054e2:	0022      	movs	r2, r4
100054e4:	2102      	movs	r1, #2
100054e6:	0030      	movs	r0, r6
100054e8:	4798      	blx	r3
100054ea:	2800      	cmp	r0, #0
100054ec:	d00a      	beq.n	10005504 <usbd_control_xfer_cb+0xac>
100054ee:	2180      	movs	r1, #128	@ 0x80
100054f0:	7823      	ldrb	r3, [r4, #0]
100054f2:	2200      	movs	r2, #0
100054f4:	4399      	bics	r1, r3
100054f6:	0030      	movs	r0, r6
100054f8:	2300      	movs	r3, #0
100054fa:	f7ff feff 	bl	100052fc <usbd_edpt_xfer>
100054fe:	e7b7      	b.n	10005470 <usbd_control_xfer_cb+0x18>
10005500:	2000      	movs	r0, #0
10005502:	e7b5      	b.n	10005470 <usbd_control_xfer_cb+0x18>
10005504:	2100      	movs	r1, #0
10005506:	0030      	movs	r0, r6
10005508:	f7ff f958 	bl	100047bc <dcd_edpt_stall>
1000550c:	0030      	movs	r0, r6
1000550e:	2180      	movs	r1, #128	@ 0x80
10005510:	f7ff f954 	bl	100047bc <dcd_edpt_stall>
10005514:	2001      	movs	r0, #1
10005516:	e7ab      	b.n	10005470 <usbd_control_xfer_cb+0x18>
10005518:	2540      	movs	r5, #64	@ 0x40
1000551a:	e7d2      	b.n	100054c2 <usbd_control_xfer_cb+0x6a>
1000551c:	429a      	cmp	r2, r3
1000551e:	d007      	beq.n	10005530 <usbd_control_xfer_cb+0xd8>
10005520:	4c07      	ldr	r4, [pc, #28]	@ (10005540 <usbd_control_xfer_cb+0xe8>)
10005522:	002a      	movs	r2, r5
10005524:	0020      	movs	r0, r4
10005526:	f7fc fdc7 	bl	100020b8 <__wrap___aeabi_memcpy>
1000552a:	2180      	movs	r1, #128	@ 0x80
1000552c:	0022      	movs	r2, r4
1000552e:	e7d0      	b.n	100054d2 <usbd_control_xfer_cb+0x7a>
10005530:	2180      	movs	r1, #128	@ 0x80
10005532:	2200      	movs	r2, #0
10005534:	e7cd      	b.n	100054d2 <usbd_control_xfer_cb+0x7a>
10005536:	2200      	movs	r2, #0
10005538:	e7cb      	b.n	100054d2 <usbd_control_xfer_cb+0x7a>
1000553a:	46c0      	nop			@ (mov r8, r8)
1000553c:	20001510 	.word	0x20001510
10005540:	200014d0 	.word	0x200014d0

10005544 <_prep_out_transaction.isra.0>:
10005544:	b570      	push	{r4, r5, r6, lr}
10005546:	0004      	movs	r4, r0
10005548:	f7ff f9be 	bl	100048c8 <tud_mounted>
1000554c:	2800      	cmp	r0, #0
1000554e:	d100      	bne.n	10005552 <_prep_out_transaction.isra.0+0xe>
10005550:	bd70      	pop	{r4, r5, r6, pc}
10005552:	f7ff f9c1 	bl	100048d8 <tud_suspended>
10005556:	2800      	cmp	r0, #0
10005558:	d1fa      	bne.n	10005550 <_prep_out_transaction.isra.0+0xc>
1000555a:	23c8      	movs	r3, #200	@ 0xc8
1000555c:	4363      	muls	r3, r4
1000555e:	4d12      	ldr	r5, [pc, #72]	@ (100055a8 <_prep_out_transaction.isra.0+0x64>)
10005560:	18ee      	adds	r6, r5, r3
10005562:	78f1      	ldrb	r1, [r6, #3]
10005564:	2900      	cmp	r1, #0
10005566:	d0f3      	beq.n	10005550 <_prep_out_transaction.isra.0+0xc>
10005568:	3310      	adds	r3, #16
1000556a:	195d      	adds	r5, r3, r5
1000556c:	0028      	movs	r0, r5
1000556e:	f000 fdf3 	bl	10006158 <tu_fifo_remaining>
10005572:	283f      	cmp	r0, #63	@ 0x3f
10005574:	d9ec      	bls.n	10005550 <_prep_out_transaction.isra.0+0xc>
10005576:	2000      	movs	r0, #0
10005578:	78f1      	ldrb	r1, [r6, #3]
1000557a:	f7ff fe97 	bl	100052ac <usbd_edpt_claim>
1000557e:	2800      	cmp	r0, #0
10005580:	d0e6      	beq.n	10005550 <_prep_out_transaction.isra.0+0xc>
10005582:	0028      	movs	r0, r5
10005584:	f000 fde8 	bl	10006158 <tu_fifo_remaining>
10005588:	78f1      	ldrb	r1, [r6, #3]
1000558a:	283f      	cmp	r0, #63	@ 0x3f
1000558c:	d907      	bls.n	1000559e <_prep_out_transaction.isra.0+0x5a>
1000558e:	4b07      	ldr	r3, [pc, #28]	@ (100055ac <_prep_out_transaction.isra.0+0x68>)
10005590:	01e2      	lsls	r2, r4, #7
10005592:	18d2      	adds	r2, r2, r3
10005594:	2000      	movs	r0, #0
10005596:	2340      	movs	r3, #64	@ 0x40
10005598:	f7ff feb0 	bl	100052fc <usbd_edpt_xfer>
1000559c:	e7d8      	b.n	10005550 <_prep_out_transaction.isra.0+0xc>
1000559e:	2000      	movs	r0, #0
100055a0:	f7ff fe98 	bl	100052d4 <usbd_edpt_release>
100055a4:	e7d4      	b.n	10005550 <_prep_out_transaction.isra.0+0xc>
100055a6:	46c0      	nop			@ (mov r8, r8)
100055a8:	20001408 	.word	0x20001408
100055ac:	20001384 	.word	0x20001384

100055b0 <tud_cdc_n_connected>:
100055b0:	b510      	push	{r4, lr}
100055b2:	0004      	movs	r4, r0
100055b4:	f7ff f988 	bl	100048c8 <tud_mounted>
100055b8:	2800      	cmp	r0, #0
100055ba:	d101      	bne.n	100055c0 <tud_cdc_n_connected+0x10>
100055bc:	2000      	movs	r0, #0
100055be:	bd10      	pop	{r4, pc}
100055c0:	f7ff f98a 	bl	100048d8 <tud_suspended>
100055c4:	2800      	cmp	r0, #0
100055c6:	d1f9      	bne.n	100055bc <tud_cdc_n_connected+0xc>
100055c8:	22c8      	movs	r2, #200	@ 0xc8
100055ca:	4362      	muls	r2, r4
100055cc:	4b02      	ldr	r3, [pc, #8]	@ (100055d8 <tud_cdc_n_connected+0x28>)
100055ce:	3001      	adds	r0, #1
100055d0:	189b      	adds	r3, r3, r2
100055d2:	791b      	ldrb	r3, [r3, #4]
100055d4:	4018      	ands	r0, r3
100055d6:	e7f2      	b.n	100055be <tud_cdc_n_connected+0xe>
100055d8:	20001408 	.word	0x20001408

100055dc <tud_cdc_n_available>:
100055dc:	23c8      	movs	r3, #200	@ 0xc8
100055de:	b510      	push	{r4, lr}
100055e0:	4343      	muls	r3, r0
100055e2:	4802      	ldr	r0, [pc, #8]	@ (100055ec <tud_cdc_n_available+0x10>)
100055e4:	1818      	adds	r0, r3, r0
100055e6:	f000 fd99 	bl	1000611c <tu_fifo_count>
100055ea:	bd10      	pop	{r4, pc}
100055ec:	20001418 	.word	0x20001418

100055f0 <tud_cdc_n_read>:
100055f0:	b5f8      	push	{r3, r4, r5, r6, r7, lr}
100055f2:	24c8      	movs	r4, #200	@ 0xc8
100055f4:	2380      	movs	r3, #128	@ 0x80
100055f6:	4344      	muls	r4, r0
100055f8:	4f1c      	ldr	r7, [pc, #112]	@ (1000566c <tud_cdc_n_read+0x7c>)
100055fa:	3410      	adds	r4, #16
100055fc:	0005      	movs	r5, r0
100055fe:	193c      	adds	r4, r7, r4
10005600:	025b      	lsls	r3, r3, #9
10005602:	429a      	cmp	r2, r3
10005604:	d300      	bcc.n	10005608 <tud_cdc_n_read+0x18>
10005606:	4a1a      	ldr	r2, [pc, #104]	@ (10005670 <tud_cdc_n_read+0x80>)
10005608:	0020      	movs	r0, r4
1000560a:	b292      	uxth	r2, r2
1000560c:	f000 fe08 	bl	10006220 <tu_fifo_read_n>
10005610:	0006      	movs	r6, r0
10005612:	f7ff f959 	bl	100048c8 <tud_mounted>
10005616:	2800      	cmp	r0, #0
10005618:	d101      	bne.n	1000561e <tud_cdc_n_read+0x2e>
1000561a:	0030      	movs	r0, r6
1000561c:	bdf8      	pop	{r3, r4, r5, r6, r7, pc}
1000561e:	f7ff f95b 	bl	100048d8 <tud_suspended>
10005622:	2800      	cmp	r0, #0
10005624:	d1f9      	bne.n	1000561a <tud_cdc_n_read+0x2a>
10005626:	23c8      	movs	r3, #200	@ 0xc8
10005628:	436b      	muls	r3, r5
1000562a:	18ff      	adds	r7, r7, r3
1000562c:	78fb      	ldrb	r3, [r7, #3]
1000562e:	2b00      	cmp	r3, #0
10005630:	d0f3      	beq.n	1000561a <tud_cdc_n_read+0x2a>
10005632:	0020      	movs	r0, r4
10005634:	f000 fd90 	bl	10006158 <tu_fifo_remaining>
10005638:	283f      	cmp	r0, #63	@ 0x3f
1000563a:	d9ee      	bls.n	1000561a <tud_cdc_n_read+0x2a>
1000563c:	2000      	movs	r0, #0
1000563e:	78f9      	ldrb	r1, [r7, #3]
10005640:	f7ff fe34 	bl	100052ac <usbd_edpt_claim>
10005644:	2800      	cmp	r0, #0
10005646:	d0e8      	beq.n	1000561a <tud_cdc_n_read+0x2a>
10005648:	0020      	movs	r0, r4
1000564a:	f000 fd85 	bl	10006158 <tu_fifo_remaining>
1000564e:	78f9      	ldrb	r1, [r7, #3]
10005650:	283f      	cmp	r0, #63	@ 0x3f
10005652:	d907      	bls.n	10005664 <tud_cdc_n_read+0x74>
10005654:	4b07      	ldr	r3, [pc, #28]	@ (10005674 <tud_cdc_n_read+0x84>)
10005656:	01ea      	lsls	r2, r5, #7
10005658:	18d2      	adds	r2, r2, r3
1000565a:	2000      	movs	r0, #0
1000565c:	2340      	movs	r3, #64	@ 0x40
1000565e:	f7ff fe4d 	bl	100052fc <usbd_edpt_xfer>
10005662:	e7da      	b.n	1000561a <tud_cdc_n_read+0x2a>
10005664:	2000      	movs	r0, #0
10005666:	f7ff fe35 	bl	100052d4 <usbd_edpt_release>
1000566a:	e7d6      	b.n	1000561a <tud_cdc_n_read+0x2a>
1000566c:	20001408 	.word	0x20001408
10005670:	0000ffff 	.word	0x0000ffff
10005674:	20001384 	.word	0x20001384

10005678 <tud_cdc_n_write_flush>:
10005678:	b5f8      	push	{r3, r4, r5, r6, r7, lr}
1000567a:	0004      	movs	r4, r0
1000567c:	f7ff f924 	bl	100048c8 <tud_mounted>
10005680:	2800      	cmp	r0, #0
10005682:	d101      	bne.n	10005688 <tud_cdc_n_write_flush+0x10>
10005684:	2000      	movs	r0, #0
10005686:	bdf8      	pop	{r3, r4, r5, r6, r7, pc}
10005688:	f7ff f926 	bl	100048d8 <tud_suspended>
1000568c:	2800      	cmp	r0, #0
1000568e:	d1f9      	bne.n	10005684 <tud_cdc_n_write_flush+0xc>
10005690:	25c8      	movs	r5, #200	@ 0xc8
10005692:	4365      	muls	r5, r4
10005694:	002e      	movs	r6, r5
10005696:	4f13      	ldr	r7, [pc, #76]	@ (100056e4 <tud_cdc_n_write_flush+0x6c>)
10005698:	3624      	adds	r6, #36	@ 0x24
1000569a:	19f6      	adds	r6, r6, r7
1000569c:	0030      	movs	r0, r6
1000569e:	f000 fd3d 	bl	1000611c <tu_fifo_count>
100056a2:	2800      	cmp	r0, #0
100056a4:	d0ee      	beq.n	10005684 <tud_cdc_n_write_flush+0xc>
100056a6:	197f      	adds	r7, r7, r5
100056a8:	2000      	movs	r0, #0
100056aa:	78b9      	ldrb	r1, [r7, #2]
100056ac:	f7ff fdfe 	bl	100052ac <usbd_edpt_claim>
100056b0:	2800      	cmp	r0, #0
100056b2:	d0e7      	beq.n	10005684 <tud_cdc_n_write_flush+0xc>
100056b4:	4d0c      	ldr	r5, [pc, #48]	@ (100056e8 <tud_cdc_n_write_flush+0x70>)
100056b6:	01e4      	lsls	r4, r4, #7
100056b8:	1965      	adds	r5, r4, r5
100056ba:	0029      	movs	r1, r5
100056bc:	2240      	movs	r2, #64	@ 0x40
100056be:	0030      	movs	r0, r6
100056c0:	f000 fdae 	bl	10006220 <tu_fifo_read_n>
100056c4:	78b9      	ldrb	r1, [r7, #2]
100056c6:	1e04      	subs	r4, r0, #0
100056c8:	d008      	beq.n	100056dc <tud_cdc_n_write_flush+0x64>
100056ca:	0003      	movs	r3, r0
100056cc:	002a      	movs	r2, r5
100056ce:	2000      	movs	r0, #0
100056d0:	f7ff fe14 	bl	100052fc <usbd_edpt_xfer>
100056d4:	2800      	cmp	r0, #0
100056d6:	d0d5      	beq.n	10005684 <tud_cdc_n_write_flush+0xc>
100056d8:	0020      	movs	r0, r4
100056da:	e7d4      	b.n	10005686 <tud_cdc_n_write_flush+0xe>
100056dc:	2000      	movs	r0, #0
100056de:	f7ff fdf9 	bl	100052d4 <usbd_edpt_release>
100056e2:	e7cf      	b.n	10005684 <tud_cdc_n_write_flush+0xc>
100056e4:	20001408 	.word	0x20001408
100056e8:	200013c4 	.word	0x200013c4

100056ec <tud_cdc_n_write>:
100056ec:	b570      	push	{r4, r5, r6, lr}
100056ee:	24c8      	movs	r4, #200	@ 0xc8
100056f0:	4344      	muls	r4, r0
100056f2:	4b0c      	ldr	r3, [pc, #48]	@ (10005724 <tud_cdc_n_write+0x38>)
100056f4:	0005      	movs	r5, r0
100056f6:	18e4      	adds	r4, r4, r3
100056f8:	2380      	movs	r3, #128	@ 0x80
100056fa:	025b      	lsls	r3, r3, #9
100056fc:	429a      	cmp	r2, r3
100056fe:	d300      	bcc.n	10005702 <tud_cdc_n_write+0x16>
10005700:	4a09      	ldr	r2, [pc, #36]	@ (10005728 <tud_cdc_n_write+0x3c>)
10005702:	0020      	movs	r0, r4
10005704:	b292      	uxth	r2, r2
10005706:	f000 fe51 	bl	100063ac <tu_fifo_write_n>
1000570a:	0006      	movs	r6, r0
1000570c:	0020      	movs	r0, r4
1000570e:	f000 fd05 	bl	1000611c <tu_fifo_count>
10005712:	283f      	cmp	r0, #63	@ 0x3f
10005714:	d801      	bhi.n	1000571a <tud_cdc_n_write+0x2e>
10005716:	0030      	movs	r0, r6
10005718:	bd70      	pop	{r4, r5, r6, pc}
1000571a:	0028      	movs	r0, r5
1000571c:	f7ff ffac 	bl	10005678 <tud_cdc_n_write_flush>
10005720:	e7f9      	b.n	10005716 <tud_cdc_n_write+0x2a>
10005722:	46c0      	nop			@ (mov r8, r8)
10005724:	2000142c 	.word	0x2000142c
10005728:	0000ffff 	.word	0x0000ffff

1000572c <tud_cdc_n_write_available>:
1000572c:	23c8      	movs	r3, #200	@ 0xc8
1000572e:	b510      	push	{r4, lr}
10005730:	4343      	muls	r3, r0
10005732:	4802      	ldr	r0, [pc, #8]	@ (1000573c <tud_cdc_n_write_available+0x10>)
10005734:	1818      	adds	r0, r3, r0
10005736:	f000 fd0f 	bl	10006158 <tu_fifo_remaining>
1000573a:	bd10      	pop	{r4, pc}
1000573c:	2000142c 	.word	0x2000142c

10005740 <cdcd_init>:
10005740:	b5f0      	push	{r4, r5, r6, r7, lr}
10005742:	2500      	movs	r5, #0
10005744:	4c18      	ldr	r4, [pc, #96]	@ (100057a8 <cdcd_init+0x68>)
10005746:	b083      	sub	sp, #12
10005748:	22c8      	movs	r2, #200	@ 0xc8
1000574a:	2100      	movs	r1, #0
1000574c:	0020      	movs	r0, r4
1000574e:	f7fc fcad 	bl	100020ac <__wrap_memset>
10005752:	4b16      	ldr	r3, [pc, #88]	@ (100057ac <cdcd_init+0x6c>)
10005754:	0021      	movs	r1, r4
10005756:	701d      	strb	r5, [r3, #0]
10005758:	23ff      	movs	r3, #255	@ 0xff
1000575a:	7163      	strb	r3, [r4, #5]
1000575c:	23e1      	movs	r3, #225	@ 0xe1
1000575e:	025b      	lsls	r3, r3, #9
10005760:	60a3      	str	r3, [r4, #8]
10005762:	0020      	movs	r0, r4
10005764:	2308      	movs	r3, #8
10005766:	2240      	movs	r2, #64	@ 0x40
10005768:	73a3      	strb	r3, [r4, #14]
1000576a:	3138      	adds	r1, #56	@ 0x38
1000576c:	9500      	str	r5, [sp, #0]
1000576e:	3b07      	subs	r3, #7
10005770:	3010      	adds	r0, #16
10005772:	f000 fc9d 	bl	100060b0 <tu_fifo_config>
10005776:	0027      	movs	r7, r4
10005778:	2301      	movs	r3, #1
1000577a:	0021      	movs	r1, r4
1000577c:	0020      	movs	r0, r4
1000577e:	0026      	movs	r6, r4
10005780:	2240      	movs	r2, #64	@ 0x40
10005782:	3178      	adds	r1, #120	@ 0x78
10005784:	9300      	str	r3, [sp, #0]
10005786:	37b8      	adds	r7, #184	@ 0xb8
10005788:	3024      	adds	r0, #36	@ 0x24
1000578a:	f000 fc91 	bl	100060b0 <tu_fifo_config>
1000578e:	36c0      	adds	r6, #192	@ 0xc0
10005790:	0038      	movs	r0, r7
10005792:	f7fb f915 	bl	100009c0 <mutex_init>
10005796:	0030      	movs	r0, r6
10005798:	f7fb f912 	bl	100009c0 <mutex_init>
1000579c:	61e5      	str	r5, [r4, #28]
1000579e:	6227      	str	r7, [r4, #32]
100057a0:	6326      	str	r6, [r4, #48]	@ 0x30
100057a2:	6365      	str	r5, [r4, #52]	@ 0x34
100057a4:	b003      	add	sp, #12
100057a6:	bdf0      	pop	{r4, r5, r6, r7, pc}
100057a8:	20001408 	.word	0x20001408
100057ac:	20001404 	.word	0x20001404

100057b0 <cdcd_deinit>:
100057b0:	4a0a      	ldr	r2, [pc, #40]	@ (100057dc <cdcd_deinit+0x2c>)
100057b2:	6b11      	ldr	r1, [r2, #48]	@ 0x30
100057b4:	6a13      	ldr	r3, [r2, #32]
100057b6:	2900      	cmp	r1, #0
100057b8:	d00c      	beq.n	100057d4 <cdcd_deinit+0x24>
100057ba:	2b00      	cmp	r3, #0
100057bc:	d007      	beq.n	100057ce <cdcd_deinit+0x1e>
100057be:	2300      	movs	r3, #0
100057c0:	61d3      	str	r3, [r2, #28]
100057c2:	6353      	str	r3, [r2, #52]	@ 0x34
100057c4:	6313      	str	r3, [r2, #48]	@ 0x30
100057c6:	2300      	movs	r3, #0
100057c8:	6213      	str	r3, [r2, #32]
100057ca:	2001      	movs	r0, #1
100057cc:	4770      	bx	lr
100057ce:	6353      	str	r3, [r2, #52]	@ 0x34
100057d0:	6313      	str	r3, [r2, #48]	@ 0x30
100057d2:	e7fa      	b.n	100057ca <cdcd_deinit+0x1a>
100057d4:	2b00      	cmp	r3, #0
100057d6:	d0f8      	beq.n	100057ca <cdcd_deinit+0x1a>
100057d8:	61d1      	str	r1, [r2, #28]
100057da:	e7f4      	b.n	100057c6 <cdcd_deinit+0x16>
100057dc:	20001408 	.word	0x20001408

100057e0 <cdcd_reset>:
100057e0:	b570      	push	{r4, r5, r6, lr}
100057e2:	4c0f      	ldr	r4, [pc, #60]	@ (10005820 <cdcd_reset+0x40>)
100057e4:	2205      	movs	r2, #5
100057e6:	2100      	movs	r1, #0
100057e8:	0020      	movs	r0, r4
100057ea:	f7fc fc5f 	bl	100020ac <__wrap_memset>
100057ee:	4d0d      	ldr	r5, [pc, #52]	@ (10005824 <cdcd_reset+0x44>)
100057f0:	782b      	ldrb	r3, [r5, #0]
100057f2:	07da      	lsls	r2, r3, #31
100057f4:	d507      	bpl.n	10005806 <cdcd_reset+0x26>
100057f6:	4c0c      	ldr	r4, [pc, #48]	@ (10005828 <cdcd_reset+0x48>)
100057f8:	079b      	lsls	r3, r3, #30
100057fa:	d50c      	bpl.n	10005816 <cdcd_reset+0x36>
100057fc:	2101      	movs	r1, #1
100057fe:	0020      	movs	r0, r4
10005800:	f000 fea8 	bl	10006554 <tu_fifo_set_overwritable>
10005804:	bd70      	pop	{r4, r5, r6, pc}
10005806:	0020      	movs	r0, r4
10005808:	3010      	adds	r0, #16
1000580a:	f000 fe83 	bl	10006514 <tu_fifo_clear>
1000580e:	782b      	ldrb	r3, [r5, #0]
10005810:	4c05      	ldr	r4, [pc, #20]	@ (10005828 <cdcd_reset+0x48>)
10005812:	079b      	lsls	r3, r3, #30
10005814:	d4f2      	bmi.n	100057fc <cdcd_reset+0x1c>
10005816:	0020      	movs	r0, r4
10005818:	f000 fe7c 	bl	10006514 <tu_fifo_clear>
1000581c:	e7ee      	b.n	100057fc <cdcd_reset+0x1c>
1000581e:	46c0      	nop			@ (mov r8, r8)
10005820:	20001408 	.word	0x20001408
10005824:	20001404 	.word	0x20001404
10005828:	2000142c 	.word	0x2000142c

1000582c <cdcd_open>:
1000582c:	b5f0      	push	{r4, r5, r6, r7, lr}
1000582e:	794b      	ldrb	r3, [r1, #5]
10005830:	0006      	movs	r6, r0
10005832:	b083      	sub	sp, #12
10005834:	2b02      	cmp	r3, #2
10005836:	d102      	bne.n	1000583e <cdcd_open+0x12>
10005838:	798b      	ldrb	r3, [r1, #6]
1000583a:	2b02      	cmp	r3, #2
1000583c:	d003      	beq.n	10005846 <cdcd_open+0x1a>
1000583e:	2500      	movs	r5, #0
10005840:	0028      	movs	r0, r5
10005842:	b003      	add	sp, #12
10005844:	bdf0      	pop	{r4, r5, r6, r7, pc}
10005846:	4f20      	ldr	r7, [pc, #128]	@ (100058c8 <cdcd_open+0x9c>)
10005848:	78bb      	ldrb	r3, [r7, #2]
1000584a:	2b00      	cmp	r3, #0
1000584c:	d1f7      	bne.n	1000583e <cdcd_open+0x12>
1000584e:	788b      	ldrb	r3, [r1, #2]
10005850:	2509      	movs	r5, #9
10005852:	703b      	strb	r3, [r7, #0]
10005854:	780c      	ldrb	r4, [r1, #0]
10005856:	190c      	adds	r4, r1, r4
10005858:	7863      	ldrb	r3, [r4, #1]
1000585a:	2b24      	cmp	r3, #36	@ 0x24
1000585c:	d007      	beq.n	1000586e <cdcd_open+0x42>
1000585e:	e00c      	b.n	1000587a <cdcd_open+0x4e>
10005860:	7823      	ldrb	r3, [r4, #0]
10005862:	18e4      	adds	r4, r4, r3
10005864:	195d      	adds	r5, r3, r5
10005866:	7863      	ldrb	r3, [r4, #1]
10005868:	b2ad      	uxth	r5, r5
1000586a:	2b24      	cmp	r3, #36	@ 0x24
1000586c:	d105      	bne.n	1000587a <cdcd_open+0x4e>
1000586e:	4295      	cmp	r5, r2
10005870:	d9f6      	bls.n	10005860 <cdcd_open+0x34>
10005872:	2000      	movs	r0, #0
10005874:	f7ff fe66 	bl	10005544 <_prep_out_transaction.isra.0>
10005878:	e7e2      	b.n	10005840 <cdcd_open+0x14>
1000587a:	001a      	movs	r2, r3
1000587c:	2b05      	cmp	r3, #5
1000587e:	d015      	beq.n	100058ac <cdcd_open+0x80>
10005880:	2a04      	cmp	r2, #4
10005882:	d1f6      	bne.n	10005872 <cdcd_open+0x46>
10005884:	7963      	ldrb	r3, [r4, #5]
10005886:	2b0a      	cmp	r3, #10
10005888:	d1f3      	bne.n	10005872 <cdcd_open+0x46>
1000588a:	4b10      	ldr	r3, [pc, #64]	@ (100058cc <cdcd_open+0xa0>)
1000588c:	7827      	ldrb	r7, [r4, #0]
1000588e:	9301      	str	r3, [sp, #4]
10005890:	3301      	adds	r3, #1
10005892:	9300      	str	r3, [sp, #0]
10005894:	0030      	movs	r0, r6
10005896:	2302      	movs	r3, #2
10005898:	19e1      	adds	r1, r4, r7
1000589a:	3a02      	subs	r2, #2
1000589c:	f7ff fc9e 	bl	100051dc <usbd_open_edpt_pair>
100058a0:	2800      	cmp	r0, #0
100058a2:	d0cc      	beq.n	1000583e <cdcd_open+0x12>
100058a4:	350e      	adds	r5, #14
100058a6:	19ed      	adds	r5, r5, r7
100058a8:	b2ad      	uxth	r5, r5
100058aa:	e7e2      	b.n	10005872 <cdcd_open+0x46>
100058ac:	0021      	movs	r1, r4
100058ae:	0030      	movs	r0, r6
100058b0:	f7ff fce2 	bl	10005278 <usbd_edpt_open>
100058b4:	2800      	cmp	r0, #0
100058b6:	d0c2      	beq.n	1000583e <cdcd_open+0x12>
100058b8:	78a3      	ldrb	r3, [r4, #2]
100058ba:	707b      	strb	r3, [r7, #1]
100058bc:	7823      	ldrb	r3, [r4, #0]
100058be:	195d      	adds	r5, r3, r5
100058c0:	18e4      	adds	r4, r4, r3
100058c2:	7862      	ldrb	r2, [r4, #1]
100058c4:	b2ad      	uxth	r5, r5
100058c6:	e7db      	b.n	10005880 <cdcd_open+0x54>
100058c8:	20001408 	.word	0x20001408
100058cc:	2000140a 	.word	0x2000140a

100058d0 <cdcd_control_xfer_cb>:
100058d0:	b5f8      	push	{r3, r4, r5, r6, r7, lr}
100058d2:	2360      	movs	r3, #96	@ 0x60
100058d4:	0014      	movs	r4, r2
100058d6:	7812      	ldrb	r2, [r2, #0]
100058d8:	0005      	movs	r5, r0
100058da:	4013      	ands	r3, r2
100058dc:	2000      	movs	r0, #0
100058de:	2b20      	cmp	r3, #32
100058e0:	d107      	bne.n	100058f2 <cdcd_control_xfer_cb+0x22>
100058e2:	4a30      	ldr	r2, [pc, #192]	@ (100059a4 <cdcd_control_xfer_cb+0xd4>)
100058e4:	7963      	ldrb	r3, [r4, #5]
100058e6:	7927      	ldrb	r7, [r4, #4]
100058e8:	7816      	ldrb	r6, [r2, #0]
100058ea:	021b      	lsls	r3, r3, #8
100058ec:	433b      	orrs	r3, r7
100058ee:	429e      	cmp	r6, r3
100058f0:	d000      	beq.n	100058f4 <cdcd_control_xfer_cb+0x24>
100058f2:	bdf8      	pop	{r3, r4, r5, r6, r7, pc}
100058f4:	7863      	ldrb	r3, [r4, #1]
100058f6:	2b22      	cmp	r3, #34	@ 0x22
100058f8:	d01a      	beq.n	10005930 <cdcd_control_xfer_cb+0x60>
100058fa:	d807      	bhi.n	1000590c <cdcd_control_xfer_cb+0x3c>
100058fc:	2b20      	cmp	r3, #32
100058fe:	d034      	beq.n	1000596a <cdcd_control_xfer_cb+0x9a>
10005900:	2b21      	cmp	r3, #33	@ 0x21
10005902:	d1f6      	bne.n	100058f2 <cdcd_control_xfer_cb+0x22>
10005904:	2901      	cmp	r1, #1
10005906:	d03e      	beq.n	10005986 <cdcd_control_xfer_cb+0xb6>
10005908:	2001      	movs	r0, #1
1000590a:	e7f2      	b.n	100058f2 <cdcd_control_xfer_cb+0x22>
1000590c:	2b23      	cmp	r3, #35	@ 0x23
1000590e:	d1f0      	bne.n	100058f2 <cdcd_control_xfer_cb+0x22>
10005910:	2901      	cmp	r1, #1
10005912:	d040      	beq.n	10005996 <cdcd_control_xfer_cb+0xc6>
10005914:	2903      	cmp	r1, #3
10005916:	d1f7      	bne.n	10005908 <cdcd_control_xfer_cb+0x38>
10005918:	4b23      	ldr	r3, [pc, #140]	@ (100059a8 <cdcd_control_xfer_cb+0xd8>)
1000591a:	2b00      	cmp	r3, #0
1000591c:	d0f4      	beq.n	10005908 <cdcd_control_xfer_cb+0x38>
1000591e:	78e1      	ldrb	r1, [r4, #3]
10005920:	78a3      	ldrb	r3, [r4, #2]
10005922:	0209      	lsls	r1, r1, #8
10005924:	2000      	movs	r0, #0
10005926:	4319      	orrs	r1, r3
10005928:	e000      	b.n	1000592c <cdcd_control_xfer_cb+0x5c>
1000592a:	bf00      	nop
1000592c:	2001      	movs	r0, #1
1000592e:	e7e0      	b.n	100058f2 <cdcd_control_xfer_cb+0x22>
10005930:	2901      	cmp	r1, #1
10005932:	d030      	beq.n	10005996 <cdcd_control_xfer_cb+0xc6>
10005934:	2903      	cmp	r1, #3
10005936:	d1e7      	bne.n	10005908 <cdcd_control_xfer_cb+0x38>
10005938:	2501      	movs	r5, #1
1000593a:	002e      	movs	r6, r5
1000593c:	78a3      	ldrb	r3, [r4, #2]
1000593e:	78e4      	ldrb	r4, [r4, #3]
10005940:	3902      	subs	r1, #2
10005942:	0224      	lsls	r4, r4, #8
10005944:	431c      	orrs	r4, r3
10005946:	7114      	strb	r4, [r2, #4]
10005948:	4026      	ands	r6, r4
1000594a:	3224      	adds	r2, #36	@ 0x24
1000594c:	0010      	movs	r0, r2
1000594e:	4071      	eors	r1, r6
10005950:	f000 fe00 	bl	10006554 <tu_fifo_set_overwritable>
10005954:	4b15      	ldr	r3, [pc, #84]	@ (100059ac <cdcd_control_xfer_cb+0xdc>)
10005956:	2b00      	cmp	r3, #0
10005958:	d0d6      	beq.n	10005908 <cdcd_control_xfer_cb+0x38>
1000595a:	0862      	lsrs	r2, r4, #1
1000595c:	2000      	movs	r0, #0
1000595e:	0031      	movs	r1, r6
10005960:	402a      	ands	r2, r5
10005962:	e000      	b.n	10005966 <cdcd_control_xfer_cb+0x96>
10005964:	bf00      	nop
10005966:	2001      	movs	r0, #1
10005968:	e7c3      	b.n	100058f2 <cdcd_control_xfer_cb+0x22>
1000596a:	2901      	cmp	r1, #1
1000596c:	d00b      	beq.n	10005986 <cdcd_control_xfer_cb+0xb6>
1000596e:	2903      	cmp	r1, #3
10005970:	d1ca      	bne.n	10005908 <cdcd_control_xfer_cb+0x38>
10005972:	4b0f      	ldr	r3, [pc, #60]	@ (100059b0 <cdcd_control_xfer_cb+0xe0>)
10005974:	2b00      	cmp	r3, #0
10005976:	d0c7      	beq.n	10005908 <cdcd_control_xfer_cb+0x38>
10005978:	3208      	adds	r2, #8
1000597a:	2000      	movs	r0, #0
1000597c:	0011      	movs	r1, r2
1000597e:	f7fe faad 	bl	10003edc <tud_cdc_line_coding_cb>
10005982:	2001      	movs	r0, #1
10005984:	e7b5      	b.n	100058f2 <cdcd_control_xfer_cb+0x22>
10005986:	2307      	movs	r3, #7
10005988:	0021      	movs	r1, r4
1000598a:	0028      	movs	r0, r5
1000598c:	4a09      	ldr	r2, [pc, #36]	@ (100059b4 <cdcd_control_xfer_cb+0xe4>)
1000598e:	f7ff fcf1 	bl	10005374 <tud_control_xfer>
10005992:	2001      	movs	r0, #1
10005994:	e7ad      	b.n	100058f2 <cdcd_control_xfer_cb+0x22>
10005996:	0021      	movs	r1, r4
10005998:	0028      	movs	r0, r5
1000599a:	f7ff fcd5 	bl	10005348 <tud_control_status>
1000599e:	2001      	movs	r0, #1
100059a0:	e7a7      	b.n	100058f2 <cdcd_control_xfer_cb+0x22>
100059a2:	46c0      	nop			@ (mov r8, r8)
100059a4:	20001408 	.word	0x20001408
	...
100059b0:	10003edd 	.word	0x10003edd
100059b4:	20001410 	.word	0x20001410

100059b8 <cdcd_xfer_cb>:
100059b8:	b5f0      	push	{r4, r5, r6, r7, lr}
100059ba:	464f      	mov	r7, r9
100059bc:	4646      	mov	r6, r8
100059be:	46d6      	mov	lr, sl
100059c0:	b5c0      	push	{r6, r7, lr}
100059c2:	4d36      	ldr	r5, [pc, #216]	@ (10005a9c <cdcd_xfer_cb+0xe4>)
100059c4:	4680      	mov	r8, r0
100059c6:	78ea      	ldrb	r2, [r5, #3]
100059c8:	000c      	movs	r4, r1
100059ca:	001f      	movs	r7, r3
100059cc:	428a      	cmp	r2, r1
100059ce:	d03c      	beq.n	10005a4a <cdcd_xfer_cb+0x92>
100059d0:	78ab      	ldrb	r3, [r5, #2]
100059d2:	428b      	cmp	r3, r1
100059d4:	d010      	beq.n	100059f8 <cdcd_xfer_cb+0x40>
100059d6:	2000      	movs	r0, #0
100059d8:	bce0      	pop	{r5, r6, r7}
100059da:	46ba      	mov	sl, r7
100059dc:	46b1      	mov	r9, r6
100059de:	46a8      	mov	r8, r5
100059e0:	bdf0      	pop	{r4, r5, r6, r7, pc}
100059e2:	4b2f      	ldr	r3, [pc, #188]	@ (10005aa0 <cdcd_xfer_cb+0xe8>)
100059e4:	2b00      	cmp	r3, #0
100059e6:	d004      	beq.n	100059f2 <cdcd_xfer_cb+0x3a>
100059e8:	482e      	ldr	r0, [pc, #184]	@ (10005aa4 <cdcd_xfer_cb+0xec>)
100059ea:	f000 fbad 	bl	10006148 <tu_fifo_empty>
100059ee:	2800      	cmp	r0, #0
100059f0:	d051      	beq.n	10005a96 <cdcd_xfer_cb+0xde>
100059f2:	2000      	movs	r0, #0
100059f4:	f7ff fda6 	bl	10005544 <_prep_out_transaction.isra.0>
100059f8:	78ab      	ldrb	r3, [r5, #2]
100059fa:	42a3      	cmp	r3, r4
100059fc:	d001      	beq.n	10005a02 <cdcd_xfer_cb+0x4a>
100059fe:	2001      	movs	r0, #1
10005a00:	e7ea      	b.n	100059d8 <cdcd_xfer_cb+0x20>
10005a02:	4b29      	ldr	r3, [pc, #164]	@ (10005aa8 <cdcd_xfer_cb+0xf0>)
10005a04:	2b00      	cmp	r3, #0
10005a06:	d002      	beq.n	10005a0e <cdcd_xfer_cb+0x56>
10005a08:	2000      	movs	r0, #0
10005a0a:	e000      	b.n	10005a0e <cdcd_xfer_cb+0x56>
10005a0c:	bf00      	nop
10005a0e:	2000      	movs	r0, #0
10005a10:	f7ff fe32 	bl	10005678 <tud_cdc_n_write_flush>
10005a14:	2800      	cmp	r0, #0
10005a16:	d1f2      	bne.n	100059fe <cdcd_xfer_cb+0x46>
10005a18:	4c24      	ldr	r4, [pc, #144]	@ (10005aac <cdcd_xfer_cb+0xf4>)
10005a1a:	0020      	movs	r0, r4
10005a1c:	f000 fb7e 	bl	1000611c <tu_fifo_count>
10005a20:	2800      	cmp	r0, #0
10005a22:	d1ec      	bne.n	100059fe <cdcd_xfer_cb+0x46>
10005a24:	2f00      	cmp	r7, #0
10005a26:	d0ea      	beq.n	100059fe <cdcd_xfer_cb+0x46>
10005a28:	06bf      	lsls	r7, r7, #26
10005a2a:	d1e8      	bne.n	100059fe <cdcd_xfer_cb+0x46>
10005a2c:	3c24      	subs	r4, #36	@ 0x24
10005a2e:	4640      	mov	r0, r8
10005a30:	78a1      	ldrb	r1, [r4, #2]
10005a32:	f7ff fc3b 	bl	100052ac <usbd_edpt_claim>
10005a36:	2800      	cmp	r0, #0
10005a38:	d0e1      	beq.n	100059fe <cdcd_xfer_cb+0x46>
10005a3a:	2300      	movs	r3, #0
10005a3c:	2200      	movs	r2, #0
10005a3e:	4640      	mov	r0, r8
10005a40:	78a1      	ldrb	r1, [r4, #2]
10005a42:	f7ff fc5b 	bl	100052fc <usbd_edpt_xfer>
10005a46:	2001      	movs	r0, #1
10005a48:	e7c6      	b.n	100059d8 <cdcd_xfer_cb+0x20>
10005a4a:	b29a      	uxth	r2, r3
10005a4c:	2310      	movs	r3, #16
10005a4e:	469a      	mov	sl, r3
10005a50:	4e17      	ldr	r6, [pc, #92]	@ (10005ab0 <cdcd_xfer_cb+0xf8>)
10005a52:	44aa      	add	sl, r5
10005a54:	0031      	movs	r1, r6
10005a56:	4650      	mov	r0, sl
10005a58:	f000 fca8 	bl	100063ac <tu_fifo_write_n>
10005a5c:	4b15      	ldr	r3, [pc, #84]	@ (10005ab4 <cdcd_xfer_cb+0xfc>)
10005a5e:	2b00      	cmp	r3, #0
10005a60:	d0bf      	beq.n	100059e2 <cdcd_xfer_cb+0x2a>
10005a62:	796b      	ldrb	r3, [r5, #5]
10005a64:	2bff      	cmp	r3, #255	@ 0xff
10005a66:	d0bc      	beq.n	100059e2 <cdcd_xfer_cb+0x2a>
10005a68:	2f00      	cmp	r7, #0
10005a6a:	d0ba      	beq.n	100059e2 <cdcd_xfer_cb+0x2a>
10005a6c:	19f2      	adds	r2, r6, r7
10005a6e:	4691      	mov	r9, r2
10005a70:	e003      	b.n	10005a7a <cdcd_xfer_cb+0xc2>
10005a72:	3601      	adds	r6, #1
10005a74:	454e      	cmp	r6, r9
10005a76:	d0b4      	beq.n	100059e2 <cdcd_xfer_cb+0x2a>
10005a78:	796b      	ldrb	r3, [r5, #5]
10005a7a:	7832      	ldrb	r2, [r6, #0]
10005a7c:	429a      	cmp	r2, r3
10005a7e:	d1f8      	bne.n	10005a72 <cdcd_xfer_cb+0xba>
10005a80:	4650      	mov	r0, sl
10005a82:	f000 fb61 	bl	10006148 <tu_fifo_empty>
10005a86:	2800      	cmp	r0, #0
10005a88:	d1f3      	bne.n	10005a72 <cdcd_xfer_cb+0xba>
10005a8a:	4653      	mov	r3, sl
10005a8c:	3b10      	subs	r3, #16
10005a8e:	7959      	ldrb	r1, [r3, #5]
10005a90:	e000      	b.n	10005a94 <cdcd_xfer_cb+0xdc>
10005a92:	bf00      	nop
10005a94:	e7ed      	b.n	10005a72 <cdcd_xfer_cb+0xba>
10005a96:	e000      	b.n	10005a9a <cdcd_xfer_cb+0xe2>
10005a98:	bf00      	nop
10005a9a:	e7aa      	b.n	100059f2 <cdcd_xfer_cb+0x3a>
10005a9c:	20001408 	.word	0x20001408
10005aa0:	00000000 	.word	0x00000000
10005aa4:	20001418 	.word	0x20001418
10005aa8:	00000000 	.word	0x00000000
10005aac:	2000142c 	.word	0x2000142c
10005ab0:	20001384 	.word	0x20001384
10005ab4:	00000000 	.word	0x00000000

10005ab8 <vendord_init>:
10005ab8:	2293      	movs	r2, #147	@ 0x93
10005aba:	b5f0      	push	{r4, r5, r6, r7, lr}
10005abc:	4c13      	ldr	r4, [pc, #76]	@ (10005b0c <vendord_init+0x54>)
10005abe:	b085      	sub	sp, #20
10005ac0:	2100      	movs	r1, #0
10005ac2:	0020      	movs	r0, r4
10005ac4:	0092      	lsls	r2, r2, #2
10005ac6:	f7fc faf1 	bl	100020ac <__wrap_memset>
10005aca:	0023      	movs	r3, r4
10005acc:	0020      	movs	r0, r4
10005ace:	2680      	movs	r6, #128	@ 0x80
10005ad0:	2740      	movs	r7, #64	@ 0x40
10005ad2:	4d0f      	ldr	r5, [pc, #60]	@ (10005b10 <vendord_init+0x58>)
10005ad4:	334d      	adds	r3, #77	@ 0x4d
10005ad6:	0076      	lsls	r6, r6, #1
10005ad8:	33ff      	adds	r3, #255	@ 0xff
10005ada:	3029      	adds	r0, #41	@ 0x29
10005adc:	9502      	str	r5, [sp, #8]
10005ade:	9300      	str	r3, [sp, #0]
10005ae0:	2200      	movs	r2, #0
10005ae2:	2300      	movs	r3, #0
10005ae4:	2100      	movs	r1, #0
10005ae6:	9703      	str	r7, [sp, #12]
10005ae8:	9601      	str	r6, [sp, #4]
10005aea:	30ff      	adds	r0, #255	@ 0xff
10005aec:	f000 f9d4 	bl	10005e98 <tu_edpt_stream_init>
10005af0:	3540      	adds	r5, #64	@ 0x40
10005af2:	1d20      	adds	r0, r4, #4
10005af4:	3428      	adds	r4, #40	@ 0x28
10005af6:	2300      	movs	r3, #0
10005af8:	2201      	movs	r2, #1
10005afa:	2100      	movs	r1, #0
10005afc:	9703      	str	r7, [sp, #12]
10005afe:	9502      	str	r5, [sp, #8]
10005b00:	9601      	str	r6, [sp, #4]
10005b02:	9400      	str	r4, [sp, #0]
10005b04:	f000 f9c8 	bl	10005e98 <tu_edpt_stream_init>
10005b08:	b005      	add	sp, #20
10005b0a:	bdf0      	pop	{r4, r5, r6, r7, pc}
10005b0c:	200016cc 	.word	0x200016cc
10005b10:	2000164c 	.word	0x2000164c

10005b14 <vendord_deinit>:
10005b14:	b510      	push	{r4, lr}
10005b16:	4c05      	ldr	r4, [pc, #20]	@ (10005b2c <vendord_deinit+0x18>)
10005b18:	0020      	movs	r0, r4
10005b1a:	f000 f9f3 	bl	10005f04 <tu_edpt_stream_deinit>
10005b1e:	0020      	movs	r0, r4
10005b20:	3825      	subs	r0, #37	@ 0x25
10005b22:	38ff      	subs	r0, #255	@ 0xff
10005b24:	f000 f9ee 	bl	10005f04 <tu_edpt_stream_deinit>
10005b28:	2001      	movs	r0, #1
10005b2a:	bd10      	pop	{r4, pc}
10005b2c:	200017f4 	.word	0x200017f4

10005b30 <vendord_reset>:
10005b30:	b570      	push	{r4, r5, r6, lr}
10005b32:	4c08      	ldr	r4, [pc, #32]	@ (10005b54 <vendord_reset+0x24>)
10005b34:	2500      	movs	r5, #0
10005b36:	0020      	movs	r0, r4
10005b38:	3031      	adds	r0, #49	@ 0x31
10005b3a:	30ff      	adds	r0, #255	@ 0xff
10005b3c:	7025      	strb	r5, [r4, #0]
10005b3e:	f000 fce9 	bl	10006514 <tu_fifo_clear>
10005b42:	0020      	movs	r0, r4
10005b44:	300c      	adds	r0, #12
10005b46:	f000 fce5 	bl	10006514 <tu_fifo_clear>
10005b4a:	232a      	movs	r3, #42	@ 0x2a
10005b4c:	33ff      	adds	r3, #255	@ 0xff
10005b4e:	54e5      	strb	r5, [r4, r3]
10005b50:	7165      	strb	r5, [r4, #5]
10005b52:	bd70      	pop	{r4, r5, r6, pc}
10005b54:	200016cc 	.word	0x200016cc

10005b58 <vendord_open>:
10005b58:	b5f8      	push	{r3, r4, r5, r6, r7, lr}
10005b5a:	4657      	mov	r7, sl
10005b5c:	4645      	mov	r5, r8
10005b5e:	46de      	mov	lr, fp
10005b60:	464e      	mov	r6, r9
10005b62:	b5e0      	push	{r5, r6, r7, lr}
10005b64:	794b      	ldrb	r3, [r1, #5]
10005b66:	4680      	mov	r8, r0
10005b68:	000f      	movs	r7, r1
10005b6a:	2bff      	cmp	r3, #255	@ 0xff
10005b6c:	d15b      	bne.n	10005c26 <vendord_open+0xce>
10005b6e:	4b40      	ldr	r3, [pc, #256]	@ (10005c70 <vendord_open+0x118>)
10005b70:	4699      	mov	r9, r3
10005b72:	232a      	movs	r3, #42	@ 0x2a
10005b74:	4649      	mov	r1, r9
10005b76:	33ff      	adds	r3, #255	@ 0xff
10005b78:	5ccb      	ldrb	r3, [r1, r3]
10005b7a:	2b00      	cmp	r3, #0
10005b7c:	d153      	bne.n	10005c26 <vendord_open+0xce>
10005b7e:	794e      	ldrb	r6, [r1, #5]
10005b80:	2e00      	cmp	r6, #0
10005b82:	d150      	bne.n	10005c26 <vendord_open+0xce>
10005b84:	78bb      	ldrb	r3, [r7, #2]
10005b86:	783c      	ldrb	r4, [r7, #0]
10005b88:	700b      	strb	r3, [r1, #0]
10005b8a:	793b      	ldrb	r3, [r7, #4]
10005b8c:	193c      	adds	r4, r7, r4
10005b8e:	2b00      	cmp	r3, #0
10005b90:	d046      	beq.n	10005c20 <vendord_open+0xc8>
10005b92:	2398      	movs	r3, #152	@ 0x98
10005b94:	005b      	lsls	r3, r3, #1
10005b96:	444b      	add	r3, r9
10005b98:	469a      	mov	sl, r3
10005b9a:	230c      	movs	r3, #12
10005b9c:	444b      	add	r3, r9
10005b9e:	469b      	mov	fp, r3
10005ba0:	18a5      	adds	r5, r4, r2
10005ba2:	e003      	b.n	10005bac <vendord_open+0x54>
10005ba4:	42ac      	cmp	r4, r5
10005ba6:	d23b      	bcs.n	10005c20 <vendord_open+0xc8>
10005ba8:	7823      	ldrb	r3, [r4, #0]
10005baa:	18e4      	adds	r4, r4, r3
10005bac:	7863      	ldrb	r3, [r4, #1]
10005bae:	2b05      	cmp	r3, #5
10005bb0:	d1f8      	bne.n	10005ba4 <vendord_open+0x4c>
10005bb2:	42ac      	cmp	r4, r5
10005bb4:	d234      	bcs.n	10005c20 <vendord_open+0xc8>
10005bb6:	0021      	movs	r1, r4
10005bb8:	4640      	mov	r0, r8
10005bba:	f7ff fb5d 	bl	10005278 <usbd_edpt_open>
10005bbe:	2800      	cmp	r0, #0
10005bc0:	d031      	beq.n	10005c26 <vendord_open+0xce>
10005bc2:	78a3      	ldrb	r3, [r4, #2]
10005bc4:	3601      	adds	r6, #1
10005bc6:	b2f6      	uxtb	r6, r6
10005bc8:	09db      	lsrs	r3, r3, #7
10005bca:	2b01      	cmp	r3, #1
10005bcc:	d032      	beq.n	10005c34 <vendord_open+0xdc>
10005bce:	4650      	mov	r0, sl
10005bd0:	f000 fca0 	bl	10006514 <tu_fifo_clear>
10005bd4:	232a      	movs	r3, #42	@ 0x2a
10005bd6:	4649      	mov	r1, r9
10005bd8:	78a2      	ldrb	r2, [r4, #2]
10005bda:	33ff      	adds	r3, #255	@ 0xff
10005bdc:	54ca      	strb	r2, [r1, r3]
10005bde:	7963      	ldrb	r3, [r4, #5]
10005be0:	7922      	ldrb	r2, [r4, #4]
10005be2:	021b      	lsls	r3, r3, #8
10005be4:	4313      	orrs	r3, r2
10005be6:	4a23      	ldr	r2, [pc, #140]	@ (10005c74 <vendord_open+0x11c>)
10005be8:	055b      	lsls	r3, r3, #21
10005bea:	4694      	mov	ip, r2
10005bec:	0d5b      	lsrs	r3, r3, #21
10005bee:	2194      	movs	r1, #148	@ 0x94
10005bf0:	4463      	add	r3, ip
10005bf2:	425a      	negs	r2, r3
10005bf4:	4153      	adcs	r3, r2
10005bf6:	464a      	mov	r2, r9
10005bf8:	2002      	movs	r0, #2
10005bfa:	0049      	lsls	r1, r1, #1
10005bfc:	5c52      	ldrb	r2, [r2, r1]
10005bfe:	005b      	lsls	r3, r3, #1
10005c00:	4382      	bics	r2, r0
10005c02:	4313      	orrs	r3, r2
10005c04:	464a      	mov	r2, r9
10005c06:	5453      	strb	r3, [r2, r1]
10005c08:	4651      	mov	r1, sl
10005c0a:	4640      	mov	r0, r8
10005c0c:	3908      	subs	r1, #8
10005c0e:	f000 f9e3 	bl	10005fd8 <tu_edpt_stream_read_xfer>
10005c12:	2800      	cmp	r0, #0
10005c14:	d007      	beq.n	10005c26 <vendord_open+0xce>
10005c16:	7823      	ldrb	r3, [r4, #0]
10005c18:	18e4      	adds	r4, r4, r3
10005c1a:	793b      	ldrb	r3, [r7, #4]
10005c1c:	42b3      	cmp	r3, r6
10005c1e:	d8c5      	bhi.n	10005bac <vendord_open+0x54>
10005c20:	1be0      	subs	r0, r4, r7
10005c22:	b280      	uxth	r0, r0
10005c24:	e000      	b.n	10005c28 <vendord_open+0xd0>
10005c26:	2000      	movs	r0, #0
10005c28:	bcf0      	pop	{r4, r5, r6, r7}
10005c2a:	46bb      	mov	fp, r7
10005c2c:	46b2      	mov	sl, r6
10005c2e:	46a9      	mov	r9, r5
10005c30:	46a0      	mov	r8, r4
10005c32:	bdf8      	pop	{r3, r4, r5, r6, r7, pc}
10005c34:	4658      	mov	r0, fp
10005c36:	f000 fc6d 	bl	10006514 <tu_fifo_clear>
10005c3a:	465a      	mov	r2, fp
10005c3c:	78a3      	ldrb	r3, [r4, #2]
10005c3e:	3a0c      	subs	r2, #12
10005c40:	7153      	strb	r3, [r2, #5]
10005c42:	7963      	ldrb	r3, [r4, #5]
10005c44:	7921      	ldrb	r1, [r4, #4]
10005c46:	021b      	lsls	r3, r3, #8
10005c48:	430b      	orrs	r3, r1
10005c4a:	490a      	ldr	r1, [pc, #40]	@ (10005c74 <vendord_open+0x11c>)
10005c4c:	055b      	lsls	r3, r3, #21
10005c4e:	468c      	mov	ip, r1
10005c50:	0d5b      	lsrs	r3, r3, #21
10005c52:	4463      	add	r3, ip
10005c54:	4259      	negs	r1, r3
10005c56:	414b      	adcs	r3, r1
10005c58:	2002      	movs	r0, #2
10005c5a:	7911      	ldrb	r1, [r2, #4]
10005c5c:	005b      	lsls	r3, r3, #1
10005c5e:	4381      	bics	r1, r0
10005c60:	430b      	orrs	r3, r1
10005c62:	4659      	mov	r1, fp
10005c64:	2000      	movs	r0, #0
10005c66:	3908      	subs	r1, #8
10005c68:	7113      	strb	r3, [r2, #4]
10005c6a:	f000 f981 	bl	10005f70 <tu_edpt_stream_write_xfer>
10005c6e:	e7d2      	b.n	10005c16 <vendord_open+0xbe>
10005c70:	200016cc 	.word	0x200016cc
10005c74:	fffffe00 	.word	0xfffffe00

10005c78 <vendord_xfer_cb>:
10005c78:	b5f8      	push	{r3, r4, r5, r6, r7, lr}
10005c7a:	252a      	movs	r5, #42	@ 0x2a
10005c7c:	0006      	movs	r6, r0
10005c7e:	481f      	ldr	r0, [pc, #124]	@ (10005cfc <vendord_xfer_cb+0x84>)
10005c80:	35ff      	adds	r5, #255	@ 0xff
10005c82:	5d45      	ldrb	r5, [r0, r5]
10005c84:	001f      	movs	r7, r3
10005c86:	428d      	cmp	r5, r1
10005c88:	d015      	beq.n	10005cb6 <vendord_xfer_cb+0x3e>
10005c8a:	7943      	ldrb	r3, [r0, #5]
10005c8c:	428b      	cmp	r3, r1
10005c8e:	d001      	beq.n	10005c94 <vendord_xfer_cb+0x1c>
10005c90:	2000      	movs	r0, #0
10005c92:	bdf8      	pop	{r3, r4, r5, r6, r7, pc}
10005c94:	4b1a      	ldr	r3, [pc, #104]	@ (10005d00 <vendord_xfer_cb+0x88>)
10005c96:	2b00      	cmp	r3, #0
10005c98:	d004      	beq.n	10005ca4 <vendord_xfer_cb+0x2c>
10005c9a:	0439      	lsls	r1, r7, #16
10005c9c:	2000      	movs	r0, #0
10005c9e:	0c09      	lsrs	r1, r1, #16
10005ca0:	e000      	b.n	10005ca4 <vendord_xfer_cb+0x2c>
10005ca2:	bf00      	nop
10005ca4:	4c17      	ldr	r4, [pc, #92]	@ (10005d04 <vendord_xfer_cb+0x8c>)
10005ca6:	0030      	movs	r0, r6
10005ca8:	0021      	movs	r1, r4
10005caa:	f000 f961 	bl	10005f70 <tu_edpt_stream_write_xfer>
10005cae:	2800      	cmp	r0, #0
10005cb0:	d01d      	beq.n	10005cee <vendord_xfer_cb+0x76>
10005cb2:	2001      	movs	r0, #1
10005cb4:	e7ed      	b.n	10005c92 <vendord_xfer_cb+0x1a>
10005cb6:	239a      	movs	r3, #154	@ 0x9a
10005cb8:	005b      	lsls	r3, r3, #1
10005cba:	5ac3      	ldrh	r3, [r0, r3]
10005cbc:	2b00      	cmp	r3, #0
10005cbe:	d10d      	bne.n	10005cdc <vendord_xfer_cb+0x64>
10005cc0:	4b11      	ldr	r3, [pc, #68]	@ (10005d08 <vendord_xfer_cb+0x90>)
10005cc2:	2b00      	cmp	r3, #0
10005cc4:	d004      	beq.n	10005cd0 <vendord_xfer_cb+0x58>
10005cc6:	2000      	movs	r0, #0
10005cc8:	4910      	ldr	r1, [pc, #64]	@ (10005d0c <vendord_xfer_cb+0x94>)
10005cca:	b2ba      	uxth	r2, r7
10005ccc:	e000      	b.n	10005cd0 <vendord_xfer_cb+0x58>
10005cce:	bf00      	nop
10005cd0:	0030      	movs	r0, r6
10005cd2:	490f      	ldr	r1, [pc, #60]	@ (10005d10 <vendord_xfer_cb+0x98>)
10005cd4:	f000 f980 	bl	10005fd8 <tu_edpt_stream_read_xfer>
10005cd8:	2001      	movs	r0, #1
10005cda:	e7da      	b.n	10005c92 <vendord_xfer_cb+0x1a>
10005cdc:	2396      	movs	r3, #150	@ 0x96
10005cde:	005b      	lsls	r3, r3, #1
10005ce0:	58c1      	ldr	r1, [r0, r3]
10005ce2:	3031      	adds	r0, #49	@ 0x31
10005ce4:	b2ba      	uxth	r2, r7
10005ce6:	30ff      	adds	r0, #255	@ 0xff
10005ce8:	f000 fb60 	bl	100063ac <tu_fifo_write_n>
10005cec:	e7e8      	b.n	10005cc0 <vendord_xfer_cb+0x48>
10005cee:	003a      	movs	r2, r7
10005cf0:	0021      	movs	r1, r4
10005cf2:	0030      	movs	r0, r6
10005cf4:	f000 f908 	bl	10005f08 <tu_edpt_stream_write_zlp_if_needed>
10005cf8:	2001      	movs	r0, #1
10005cfa:	e7ca      	b.n	10005c92 <vendord_xfer_cb+0x1a>
10005cfc:	200016cc 	.word	0x200016cc
10005d00:	00000000 	.word	0x00000000
10005d04:	200016d0 	.word	0x200016d0
10005d08:	00000000 	.word	0x00000000
10005d0c:	2000164c 	.word	0x2000164c
10005d10:	200017f4 	.word	0x200017f4

10005d14 <tusb_rhport_init>:
10005d14:	b500      	push	{lr}
10005d16:	0003      	movs	r3, r0
10005d18:	b083      	sub	sp, #12
10005d1a:	2900      	cmp	r1, #0
10005d1c:	d010      	beq.n	10005d40 <tusb_rhport_init+0x2c>
10005d1e:	2000      	movs	r0, #0
10005d20:	2b01      	cmp	r3, #1
10005d22:	d807      	bhi.n	10005d34 <tusb_rhport_init+0x20>
10005d24:	780a      	ldrb	r2, [r1, #0]
10005d26:	2a00      	cmp	r2, #0
10005d28:	d004      	beq.n	10005d34 <tusb_rhport_init+0x20>
10005d2a:	480c      	ldr	r0, [pc, #48]	@ (10005d5c <tusb_rhport_init+0x48>)
10005d2c:	54c2      	strb	r2, [r0, r3]
10005d2e:	2001      	movs	r0, #1
10005d30:	2a01      	cmp	r2, #1
10005d32:	d001      	beq.n	10005d38 <tusb_rhport_init+0x24>
10005d34:	b003      	add	sp, #12
10005d36:	bd00      	pop	{pc}
10005d38:	0018      	movs	r0, r3
10005d3a:	f7fe fdd5 	bl	100048e8 <tud_rhport_init>
10005d3e:	e7f9      	b.n	10005d34 <tusb_rhport_init+0x20>
10005d40:	2301      	movs	r3, #1
10005d42:	466a      	mov	r2, sp
10005d44:	2000      	movs	r0, #0
10005d46:	a901      	add	r1, sp, #4
10005d48:	8093      	strh	r3, [r2, #4]
10005d4a:	f7fe fdcd 	bl	100048e8 <tud_rhport_init>
10005d4e:	2800      	cmp	r0, #0
10005d50:	d0f0      	beq.n	10005d34 <tusb_rhport_init+0x20>
10005d52:	2201      	movs	r2, #1
10005d54:	4b01      	ldr	r3, [pc, #4]	@ (10005d5c <tusb_rhport_init+0x48>)
10005d56:	701a      	strb	r2, [r3, #0]
10005d58:	e7ec      	b.n	10005d34 <tusb_rhport_init+0x20>
10005d5a:	46c0      	nop			@ (mov r8, r8)
10005d5c:	20001524 	.word	0x20001524

10005d60 <tu_edpt_claim>:
10005d60:	7803      	ldrb	r3, [r0, #0]
10005d62:	b570      	push	{r4, r5, r6, lr}
10005d64:	07db      	lsls	r3, r3, #31
10005d66:	0004      	movs	r4, r0
10005d68:	000e      	movs	r6, r1
10005d6a:	0fdd      	lsrs	r5, r3, #31
10005d6c:	2b00      	cmp	r3, #0
10005d6e:	d117      	bne.n	10005da0 <tu_edpt_claim+0x40>
10005d70:	7803      	ldrb	r3, [r0, #0]
10005d72:	075b      	lsls	r3, r3, #29
10005d74:	d501      	bpl.n	10005d7a <tu_edpt_claim+0x1a>
10005d76:	0028      	movs	r0, r5
10005d78:	bd70      	pop	{r4, r5, r6, pc}
10005d7a:	2101      	movs	r1, #1
10005d7c:	0030      	movs	r0, r6
10005d7e:	4249      	negs	r1, r1
10005d80:	f003 fbfa 	bl	10009578 <__mutex_enter_timeout_ms_veneer>
10005d84:	7823      	ldrb	r3, [r4, #0]
10005d86:	07db      	lsls	r3, r3, #31
10005d88:	0fdd      	lsrs	r5, r3, #31
10005d8a:	2b00      	cmp	r3, #0
10005d8c:	d10a      	bne.n	10005da4 <tu_edpt_claim+0x44>
10005d8e:	7823      	ldrb	r3, [r4, #0]
10005d90:	075b      	lsls	r3, r3, #29
10005d92:	d408      	bmi.n	10005da6 <tu_edpt_claim+0x46>
10005d94:	2204      	movs	r2, #4
10005d96:	7823      	ldrb	r3, [r4, #0]
10005d98:	2501      	movs	r5, #1
10005d9a:	4313      	orrs	r3, r2
10005d9c:	7023      	strb	r3, [r4, #0]
10005d9e:	e002      	b.n	10005da6 <tu_edpt_claim+0x46>
10005da0:	2500      	movs	r5, #0
10005da2:	e7e8      	b.n	10005d76 <tu_edpt_claim+0x16>
10005da4:	2500      	movs	r5, #0
10005da6:	0030      	movs	r0, r6
10005da8:	f003 fbb6 	bl	10009518 <__mutex_exit_veneer>
10005dac:	e7e3      	b.n	10005d76 <tu_edpt_claim+0x16>
10005dae:	46c0      	nop			@ (mov r8, r8)

10005db0 <tu_edpt_release>:
10005db0:	b570      	push	{r4, r5, r6, lr}
10005db2:	000c      	movs	r4, r1
10005db4:	2101      	movs	r1, #1
10005db6:	0006      	movs	r6, r0
10005db8:	4249      	negs	r1, r1
10005dba:	0020      	movs	r0, r4
10005dbc:	f003 fbdc 	bl	10009578 <__mutex_enter_timeout_ms_veneer>
10005dc0:	7833      	ldrb	r3, [r6, #0]
10005dc2:	075b      	lsls	r3, r3, #29
10005dc4:	0fdd      	lsrs	r5, r3, #31
10005dc6:	2b00      	cmp	r3, #0
10005dc8:	db04      	blt.n	10005dd4 <tu_edpt_release+0x24>
10005dca:	0020      	movs	r0, r4
10005dcc:	f003 fba4 	bl	10009518 <__mutex_exit_veneer>
10005dd0:	0028      	movs	r0, r5
10005dd2:	bd70      	pop	{r4, r5, r6, pc}
10005dd4:	7833      	ldrb	r3, [r6, #0]
10005dd6:	07db      	lsls	r3, r3, #31
10005dd8:	d404      	bmi.n	10005de4 <tu_edpt_release+0x34>
10005dda:	2204      	movs	r2, #4
10005ddc:	7833      	ldrb	r3, [r6, #0]
10005dde:	4393      	bics	r3, r2
10005de0:	7033      	strb	r3, [r6, #0]
10005de2:	e7f2      	b.n	10005dca <tu_edpt_release+0x1a>
10005de4:	2500      	movs	r5, #0
10005de6:	e7f0      	b.n	10005dca <tu_edpt_release+0x1a>

10005de8 <tu_edpt_validate>:
10005de8:	7943      	ldrb	r3, [r0, #5]
10005dea:	7902      	ldrb	r2, [r0, #4]
10005dec:	021b      	lsls	r3, r3, #8
10005dee:	4313      	orrs	r3, r2
10005df0:	78c2      	ldrb	r2, [r0, #3]
10005df2:	055b      	lsls	r3, r3, #21
10005df4:	0792      	lsls	r2, r2, #30
10005df6:	0d5b      	lsrs	r3, r3, #21
10005df8:	0f92      	lsrs	r2, r2, #30
10005dfa:	2a02      	cmp	r2, #2
10005dfc:	d01d      	beq.n	10005e3a <tu_edpt_validate+0x52>
10005dfe:	2a03      	cmp	r2, #3
10005e00:	d00c      	beq.n	10005e1c <tu_edpt_validate+0x34>
10005e02:	2000      	movs	r0, #0
10005e04:	2a01      	cmp	r2, #1
10005e06:	d108      	bne.n	10005e1a <tu_edpt_validate+0x32>
10005e08:	3902      	subs	r1, #2
10005e0a:	424a      	negs	r2, r1
10005e0c:	4151      	adcs	r1, r2
10005e0e:	4a12      	ldr	r2, [pc, #72]	@ (10005e58 <tu_edpt_validate+0x70>)
10005e10:	4694      	mov	ip, r2
10005e12:	4461      	add	r1, ip
10005e14:	4299      	cmp	r1, r3
10005e16:	4140      	adcs	r0, r0
10005e18:	b2c0      	uxtb	r0, r0
10005e1a:	4770      	bx	lr
10005e1c:	3902      	subs	r1, #2
10005e1e:	1e4a      	subs	r2, r1, #1
10005e20:	4191      	sbcs	r1, r2
10005e22:	4a0e      	ldr	r2, [pc, #56]	@ (10005e5c <tu_edpt_validate+0x74>)
10005e24:	4249      	negs	r1, r1
10005e26:	4011      	ands	r1, r2
10005e28:	2280      	movs	r2, #128	@ 0x80
10005e2a:	00d2      	lsls	r2, r2, #3
10005e2c:	4694      	mov	ip, r2
10005e2e:	2000      	movs	r0, #0
10005e30:	4461      	add	r1, ip
10005e32:	4299      	cmp	r1, r3
10005e34:	4140      	adcs	r0, r0
10005e36:	b2c0      	uxtb	r0, r0
10005e38:	e7ef      	b.n	10005e1a <tu_edpt_validate+0x32>
10005e3a:	2902      	cmp	r1, #2
10005e3c:	d005      	beq.n	10005e4a <tu_edpt_validate+0x62>
10005e3e:	2000      	movs	r0, #0
10005e40:	2240      	movs	r2, #64	@ 0x40
10005e42:	429a      	cmp	r2, r3
10005e44:	4140      	adcs	r0, r0
10005e46:	b2c0      	uxtb	r0, r0
10005e48:	e7e7      	b.n	10005e1a <tu_edpt_validate+0x32>
10005e4a:	4a05      	ldr	r2, [pc, #20]	@ (10005e60 <tu_edpt_validate+0x78>)
10005e4c:	1898      	adds	r0, r3, r2
10005e4e:	4243      	negs	r3, r0
10005e50:	4158      	adcs	r0, r3
10005e52:	b2c0      	uxtb	r0, r0
10005e54:	e7e1      	b.n	10005e1a <tu_edpt_validate+0x32>
10005e56:	46c0      	nop			@ (mov r8, r8)
10005e58:	000003ff 	.word	0x000003ff
10005e5c:	fffffc40 	.word	0xfffffc40
10005e60:	fffffe00 	.word	0xfffffe00

10005e64 <tu_edpt_bind_driver>:
10005e64:	188a      	adds	r2, r1, r2
10005e66:	b570      	push	{r4, r5, r6, lr}
10005e68:	4291      	cmp	r1, r2
10005e6a:	d207      	bcs.n	10005e7c <tu_edpt_bind_driver+0x18>
10005e6c:	267f      	movs	r6, #127	@ 0x7f
10005e6e:	784c      	ldrb	r4, [r1, #1]
10005e70:	2c05      	cmp	r4, #5
10005e72:	d004      	beq.n	10005e7e <tu_edpt_bind_driver+0x1a>
10005e74:	780c      	ldrb	r4, [r1, #0]
10005e76:	1909      	adds	r1, r1, r4
10005e78:	428a      	cmp	r2, r1
10005e7a:	d8f8      	bhi.n	10005e6e <tu_edpt_bind_driver+0xa>
10005e7c:	bd70      	pop	{r4, r5, r6, pc}
10005e7e:	0034      	movs	r4, r6
10005e80:	788d      	ldrb	r5, [r1, #2]
10005e82:	402c      	ands	r4, r5
10005e84:	0064      	lsls	r4, r4, #1
10005e86:	1904      	adds	r4, r0, r4
10005e88:	09ed      	lsrs	r5, r5, #7
10005e8a:	5563      	strb	r3, [r4, r5]
10005e8c:	780c      	ldrb	r4, [r1, #0]
10005e8e:	1909      	adds	r1, r1, r4
10005e90:	428a      	cmp	r2, r1
10005e92:	d8ec      	bhi.n	10005e6e <tu_edpt_bind_driver+0xa>
10005e94:	e7f2      	b.n	10005e7c <tu_edpt_bind_driver+0x18>
10005e96:	46c0      	nop			@ (mov r8, r8)

10005e98 <tu_edpt_stream_init>:
10005e98:	b5f0      	push	{r4, r5, r6, r7, lr}
10005e9a:	46c6      	mov	lr, r8
10005e9c:	b500      	push	{lr}
10005e9e:	b082      	sub	sp, #8
10005ea0:	0015      	movs	r5, r2
10005ea2:	aa08      	add	r2, sp, #32
10005ea4:	ca40      	ldmia	r2!, {r6}
10005ea6:	0004      	movs	r4, r0
10005ea8:	8817      	ldrh	r7, [r2, #0]
10005eaa:	466a      	mov	r2, sp
10005eac:	8d92      	ldrh	r2, [r2, #44]	@ 0x2c
10005eae:	2001      	movs	r0, #1
10005eb0:	4690      	mov	r8, r2
10005eb2:	000a      	movs	r2, r1
10005eb4:	7821      	ldrb	r1, [r4, #0]
10005eb6:	4002      	ands	r2, r0
10005eb8:	4381      	bics	r1, r0
10005eba:	0020      	movs	r0, r4
10005ebc:	4311      	orrs	r1, r2
10005ebe:	7021      	strb	r1, [r4, #0]
10005ec0:	003a      	movs	r2, r7
10005ec2:	9300      	str	r3, [sp, #0]
10005ec4:	0031      	movs	r1, r6
10005ec6:	2301      	movs	r3, #1
10005ec8:	3008      	adds	r0, #8
10005eca:	f000 f8f1 	bl	100060b0 <tu_fifo_config>
10005ece:	2e00      	cmp	r6, #0
10005ed0:	d001      	beq.n	10005ed6 <tu_edpt_stream_init+0x3e>
10005ed2:	2f00      	cmp	r7, #0
10005ed4:	d108      	bne.n	10005ee8 <tu_edpt_stream_init+0x50>
10005ed6:	9b0a      	ldr	r3, [sp, #40]	@ 0x28
10005ed8:	2001      	movs	r0, #1
10005eda:	6063      	str	r3, [r4, #4]
10005edc:	4643      	mov	r3, r8
10005ede:	8063      	strh	r3, [r4, #2]
10005ee0:	b002      	add	sp, #8
10005ee2:	bc80      	pop	{r7}
10005ee4:	46b8      	mov	r8, r7
10005ee6:	bdf0      	pop	{r4, r5, r6, r7, pc}
10005ee8:	0026      	movs	r6, r4
10005eea:	361c      	adds	r6, #28
10005eec:	0030      	movs	r0, r6
10005eee:	f7fa fd67 	bl	100009c0 <mutex_init>
10005ef2:	2300      	movs	r3, #0
10005ef4:	2d00      	cmp	r5, #0
10005ef6:	d001      	beq.n	10005efc <tu_edpt_stream_init+0x64>
10005ef8:	0033      	movs	r3, r6
10005efa:	2600      	movs	r6, #0
10005efc:	6163      	str	r3, [r4, #20]
10005efe:	61a6      	str	r6, [r4, #24]
10005f00:	e7e9      	b.n	10005ed6 <tu_edpt_stream_init+0x3e>
10005f02:	46c0      	nop			@ (mov r8, r8)

10005f04 <tu_edpt_stream_deinit>:
10005f04:	2001      	movs	r0, #1
10005f06:	4770      	bx	lr

10005f08 <tu_edpt_stream_write_zlp_if_needed>:
10005f08:	b5f8      	push	{r3, r4, r5, r6, r7, lr}
10005f0a:	2402      	movs	r4, #2
10005f0c:	780b      	ldrb	r3, [r1, #0]
10005f0e:	0007      	movs	r7, r0
10005f10:	401c      	ands	r4, r3
10005f12:	4263      	negs	r3, r4
10005f14:	415c      	adcs	r4, r3
10005f16:	4b14      	ldr	r3, [pc, #80]	@ (10005f68 <tu_edpt_stream_write_zlp_if_needed+0x60>)
10005f18:	4264      	negs	r4, r4
10005f1a:	401c      	ands	r4, r3
10005f1c:	4b13      	ldr	r3, [pc, #76]	@ (10005f6c <tu_edpt_stream_write_zlp_if_needed+0x64>)
10005f1e:	0008      	movs	r0, r1
10005f20:	469c      	mov	ip, r3
10005f22:	3008      	adds	r0, #8
10005f24:	000d      	movs	r5, r1
10005f26:	0016      	movs	r6, r2
10005f28:	4464      	add	r4, ip
10005f2a:	f000 f8f7 	bl	1000611c <tu_fifo_count>
10005f2e:	2800      	cmp	r0, #0
10005f30:	d107      	bne.n	10005f42 <tu_edpt_stream_write_zlp_if_needed+0x3a>
10005f32:	2e00      	cmp	r6, #0
10005f34:	d005      	beq.n	10005f42 <tu_edpt_stream_write_zlp_if_needed+0x3a>
10005f36:	4234      	tst	r4, r6
10005f38:	d103      	bne.n	10005f42 <tu_edpt_stream_write_zlp_if_needed+0x3a>
10005f3a:	2401      	movs	r4, #1
10005f3c:	782b      	ldrb	r3, [r5, #0]
10005f3e:	421c      	tst	r4, r3
10005f40:	d001      	beq.n	10005f46 <tu_edpt_stream_write_zlp_if_needed+0x3e>
10005f42:	2000      	movs	r0, #0
10005f44:	bdf8      	pop	{r3, r4, r5, r6, r7, pc}
10005f46:	0038      	movs	r0, r7
10005f48:	7869      	ldrb	r1, [r5, #1]
10005f4a:	f7ff f9af 	bl	100052ac <usbd_edpt_claim>
10005f4e:	2800      	cmp	r0, #0
10005f50:	d0f7      	beq.n	10005f42 <tu_edpt_stream_write_zlp_if_needed+0x3a>
10005f52:	782b      	ldrb	r3, [r5, #0]
10005f54:	421c      	tst	r4, r3
10005f56:	d1f4      	bne.n	10005f42 <tu_edpt_stream_write_zlp_if_needed+0x3a>
10005f58:	2300      	movs	r3, #0
10005f5a:	2200      	movs	r2, #0
10005f5c:	0038      	movs	r0, r7
10005f5e:	7869      	ldrb	r1, [r5, #1]
10005f60:	f7ff f9cc 	bl	100052fc <usbd_edpt_xfer>
10005f64:	e7ee      	b.n	10005f44 <tu_edpt_stream_write_zlp_if_needed+0x3c>
10005f66:	46c0      	nop			@ (mov r8, r8)
10005f68:	fffffe40 	.word	0xfffffe40
10005f6c:	000001ff 	.word	0x000001ff

10005f70 <tu_edpt_stream_write_xfer>:
10005f70:	b5f8      	push	{r3, r4, r5, r6, r7, lr}
10005f72:	000d      	movs	r5, r1
10005f74:	3508      	adds	r5, #8
10005f76:	0006      	movs	r6, r0
10005f78:	0028      	movs	r0, r5
10005f7a:	000c      	movs	r4, r1
10005f7c:	f000 f8ce 	bl	1000611c <tu_fifo_count>
10005f80:	2800      	cmp	r0, #0
10005f82:	d003      	beq.n	10005f8c <tu_edpt_stream_write_xfer+0x1c>
10005f84:	2701      	movs	r7, #1
10005f86:	7823      	ldrb	r3, [r4, #0]
10005f88:	421f      	tst	r7, r3
10005f8a:	d001      	beq.n	10005f90 <tu_edpt_stream_write_xfer+0x20>
10005f8c:	2000      	movs	r0, #0
10005f8e:	bdf8      	pop	{r3, r4, r5, r6, r7, pc}
10005f90:	0030      	movs	r0, r6
10005f92:	7861      	ldrb	r1, [r4, #1]
10005f94:	f7ff f98a 	bl	100052ac <usbd_edpt_claim>
10005f98:	2800      	cmp	r0, #0
10005f9a:	d0f7      	beq.n	10005f8c <tu_edpt_stream_write_xfer+0x1c>
10005f9c:	0028      	movs	r0, r5
10005f9e:	8862      	ldrh	r2, [r4, #2]
10005fa0:	6861      	ldr	r1, [r4, #4]
10005fa2:	f000 f93d 	bl	10006220 <tu_fifo_read_n>
10005fa6:	7823      	ldrb	r3, [r4, #0]
10005fa8:	0005      	movs	r5, r0
10005faa:	401f      	ands	r7, r3
10005fac:	2800      	cmp	r0, #0
10005fae:	d00b      	beq.n	10005fc8 <tu_edpt_stream_write_xfer+0x58>
10005fb0:	2f00      	cmp	r7, #0
10005fb2:	d1eb      	bne.n	10005f8c <tu_edpt_stream_write_xfer+0x1c>
10005fb4:	0003      	movs	r3, r0
10005fb6:	6862      	ldr	r2, [r4, #4]
10005fb8:	0030      	movs	r0, r6
10005fba:	7861      	ldrb	r1, [r4, #1]
10005fbc:	f7ff f99e 	bl	100052fc <usbd_edpt_xfer>
10005fc0:	2800      	cmp	r0, #0
10005fc2:	d0e3      	beq.n	10005f8c <tu_edpt_stream_write_xfer+0x1c>
10005fc4:	0028      	movs	r0, r5
10005fc6:	e7e2      	b.n	10005f8e <tu_edpt_stream_write_xfer+0x1e>
10005fc8:	2f00      	cmp	r7, #0
10005fca:	d1df      	bne.n	10005f8c <tu_edpt_stream_write_xfer+0x1c>
10005fcc:	0030      	movs	r0, r6
10005fce:	7861      	ldrb	r1, [r4, #1]
10005fd0:	f7ff f980 	bl	100052d4 <usbd_edpt_release>
10005fd4:	e7da      	b.n	10005f8c <tu_edpt_stream_write_xfer+0x1c>
10005fd6:	46c0      	nop			@ (mov r8, r8)

10005fd8 <tu_edpt_stream_read_xfer>:
10005fd8:	b5f8      	push	{r3, r4, r5, r6, r7, lr}
10005fda:	46ce      	mov	lr, r9
10005fdc:	4647      	mov	r7, r8
10005fde:	b580      	push	{r7, lr}
10005fe0:	898a      	ldrh	r2, [r1, #12]
10005fe2:	0006      	movs	r6, r0
10005fe4:	000c      	movs	r4, r1
10005fe6:	780b      	ldrb	r3, [r1, #0]
10005fe8:	2a00      	cmp	r2, #0
10005fea:	d107      	bne.n	10005ffc <tu_edpt_stream_read_xfer+0x24>
10005fec:	2501      	movs	r5, #1
10005fee:	421d      	tst	r5, r3
10005ff0:	d040      	beq.n	10006074 <tu_edpt_stream_read_xfer+0x9c>
10005ff2:	2000      	movs	r0, #0
10005ff4:	bcc0      	pop	{r6, r7}
10005ff6:	46b9      	mov	r9, r7
10005ff8:	46b0      	mov	r8, r6
10005ffa:	bdf8      	pop	{r3, r4, r5, r6, r7, pc}
10005ffc:	079b      	lsls	r3, r3, #30
10005ffe:	d433      	bmi.n	10006068 <tu_edpt_stream_read_xfer+0x90>
10006000:	4b2a      	ldr	r3, [pc, #168]	@ (100060ac <tu_edpt_stream_read_xfer+0xd4>)
10006002:	2540      	movs	r5, #64	@ 0x40
10006004:	4699      	mov	r9, r3
10006006:	0027      	movs	r7, r4
10006008:	3708      	adds	r7, #8
1000600a:	0038      	movs	r0, r7
1000600c:	f000 f8a4 	bl	10006158 <tu_fifo_remaining>
10006010:	4285      	cmp	r5, r0
10006012:	d8ee      	bhi.n	10005ff2 <tu_edpt_stream_read_xfer+0x1a>
10006014:	2201      	movs	r2, #1
10006016:	7823      	ldrb	r3, [r4, #0]
10006018:	4690      	mov	r8, r2
1000601a:	421a      	tst	r2, r3
1000601c:	d1e9      	bne.n	10005ff2 <tu_edpt_stream_read_xfer+0x1a>
1000601e:	0030      	movs	r0, r6
10006020:	7861      	ldrb	r1, [r4, #1]
10006022:	f7ff f943 	bl	100052ac <usbd_edpt_claim>
10006026:	2800      	cmp	r0, #0
10006028:	d0e3      	beq.n	10005ff2 <tu_edpt_stream_read_xfer+0x1a>
1000602a:	0038      	movs	r0, r7
1000602c:	f000 f894 	bl	10006158 <tu_fifo_remaining>
10006030:	4642      	mov	r2, r8
10006032:	7823      	ldrb	r3, [r4, #0]
10006034:	401a      	ands	r2, r3
10006036:	4285      	cmp	r5, r0
10006038:	d831      	bhi.n	1000609e <tu_edpt_stream_read_xfer+0xc6>
1000603a:	2a00      	cmp	r2, #0
1000603c:	d1d9      	bne.n	10005ff2 <tu_edpt_stream_read_xfer+0x1a>
1000603e:	464a      	mov	r2, r9
10006040:	8863      	ldrh	r3, [r4, #2]
10006042:	4002      	ands	r2, r0
10006044:	1c1d      	adds	r5, r3, #0
10006046:	4293      	cmp	r3, r2
10006048:	d900      	bls.n	1000604c <tu_edpt_stream_read_xfer+0x74>
1000604a:	1c15      	adds	r5, r2, #0
1000604c:	b2ad      	uxth	r5, r5
1000604e:	2200      	movs	r2, #0
10006050:	7861      	ldrb	r1, [r4, #1]
10006052:	2d00      	cmp	r5, #0
10006054:	d000      	beq.n	10006058 <tu_edpt_stream_read_xfer+0x80>
10006056:	6862      	ldr	r2, [r4, #4]
10006058:	002b      	movs	r3, r5
1000605a:	0030      	movs	r0, r6
1000605c:	f7ff f94e 	bl	100052fc <usbd_edpt_xfer>
10006060:	2800      	cmp	r0, #0
10006062:	d0c6      	beq.n	10005ff2 <tu_edpt_stream_read_xfer+0x1a>
10006064:	0028      	movs	r0, r5
10006066:	e7c5      	b.n	10005ff4 <tu_edpt_stream_read_xfer+0x1c>
10006068:	23fe      	movs	r3, #254	@ 0xfe
1000606a:	2580      	movs	r5, #128	@ 0x80
1000606c:	021b      	lsls	r3, r3, #8
1000606e:	4699      	mov	r9, r3
10006070:	00ad      	lsls	r5, r5, #2
10006072:	e7c8      	b.n	10006006 <tu_edpt_stream_read_xfer+0x2e>
10006074:	7849      	ldrb	r1, [r1, #1]
10006076:	f7ff f919 	bl	100052ac <usbd_edpt_claim>
1000607a:	2800      	cmp	r0, #0
1000607c:	d0b9      	beq.n	10005ff2 <tu_edpt_stream_read_xfer+0x1a>
1000607e:	7823      	ldrb	r3, [r4, #0]
10006080:	421d      	tst	r5, r3
10006082:	d1b6      	bne.n	10005ff2 <tu_edpt_stream_read_xfer+0x1a>
10006084:	8863      	ldrh	r3, [r4, #2]
10006086:	2200      	movs	r2, #0
10006088:	7861      	ldrb	r1, [r4, #1]
1000608a:	2b00      	cmp	r3, #0
1000608c:	d000      	beq.n	10006090 <tu_edpt_stream_read_xfer+0xb8>
1000608e:	6862      	ldr	r2, [r4, #4]
10006090:	0030      	movs	r0, r6
10006092:	f7ff f933 	bl	100052fc <usbd_edpt_xfer>
10006096:	2800      	cmp	r0, #0
10006098:	d0ab      	beq.n	10005ff2 <tu_edpt_stream_read_xfer+0x1a>
1000609a:	8860      	ldrh	r0, [r4, #2]
1000609c:	e7aa      	b.n	10005ff4 <tu_edpt_stream_read_xfer+0x1c>
1000609e:	2a00      	cmp	r2, #0
100060a0:	d1a7      	bne.n	10005ff2 <tu_edpt_stream_read_xfer+0x1a>
100060a2:	0030      	movs	r0, r6
100060a4:	7861      	ldrb	r1, [r4, #1]
100060a6:	f7ff f915 	bl	100052d4 <usbd_edpt_release>
100060aa:	e7a2      	b.n	10005ff2 <tu_edpt_stream_read_xfer+0x1a>
100060ac:	0000ffc0 	.word	0x0000ffc0

100060b0 <tu_fifo_config>:
100060b0:	b5f0      	push	{r4, r5, r6, r7, lr}
100060b2:	46c6      	mov	lr, r8
100060b4:	b500      	push	{lr}
100060b6:	0004      	movs	r4, r0
100060b8:	4668      	mov	r0, sp
100060ba:	7e05      	ldrb	r5, [r0, #24]
100060bc:	2080      	movs	r0, #128	@ 0x80
100060be:	4688      	mov	r8, r1
100060c0:	0017      	movs	r7, r2
100060c2:	001e      	movs	r6, r3
100060c4:	0200      	lsls	r0, r0, #8
100060c6:	4282      	cmp	r2, r0
100060c8:	d826      	bhi.n	10006118 <tu_fifo_config+0x68>
100060ca:	68e0      	ldr	r0, [r4, #12]
100060cc:	2800      	cmp	r0, #0
100060ce:	d003      	beq.n	100060d8 <tu_fifo_config+0x28>
100060d0:	2101      	movs	r1, #1
100060d2:	4249      	negs	r1, r1
100060d4:	f003 fa50 	bl	10009578 <__mutex_enter_timeout_ms_veneer>
100060d8:	6920      	ldr	r0, [r4, #16]
100060da:	2800      	cmp	r0, #0
100060dc:	d003      	beq.n	100060e6 <tu_fifo_config+0x36>
100060de:	2101      	movs	r1, #1
100060e0:	4249      	negs	r1, r1
100060e2:	f003 fa49 	bl	10009578 <__mutex_enter_timeout_ms_veneer>
100060e6:	4643      	mov	r3, r8
100060e8:	6023      	str	r3, [r4, #0]
100060ea:	0473      	lsls	r3, r6, #17
100060ec:	0c5b      	lsrs	r3, r3, #17
100060ee:	03ed      	lsls	r5, r5, #15
100060f0:	431d      	orrs	r5, r3
100060f2:	2300      	movs	r3, #0
100060f4:	68e0      	ldr	r0, [r4, #12]
100060f6:	8163      	strh	r3, [r4, #10]
100060f8:	80a7      	strh	r7, [r4, #4]
100060fa:	80e5      	strh	r5, [r4, #6]
100060fc:	8123      	strh	r3, [r4, #8]
100060fe:	2800      	cmp	r0, #0
10006100:	d001      	beq.n	10006106 <tu_fifo_config+0x56>
10006102:	f003 fa09 	bl	10009518 <__mutex_exit_veneer>
10006106:	6920      	ldr	r0, [r4, #16]
10006108:	2800      	cmp	r0, #0
1000610a:	d001      	beq.n	10006110 <tu_fifo_config+0x60>
1000610c:	f003 fa04 	bl	10009518 <__mutex_exit_veneer>
10006110:	2001      	movs	r0, #1
10006112:	bc80      	pop	{r7}
10006114:	46b8      	mov	r8, r7
10006116:	bdf0      	pop	{r4, r5, r6, r7, pc}
10006118:	2000      	movs	r0, #0
1000611a:	e7fa      	b.n	10006112 <tu_fifo_config+0x62>

1000611c <tu_fifo_count>:
1000611c:	b510      	push	{r4, lr}
1000611e:	8904      	ldrh	r4, [r0, #8]
10006120:	8941      	ldrh	r1, [r0, #10]
10006122:	8882      	ldrh	r2, [r0, #4]
10006124:	b2a3      	uxth	r3, r4
10006126:	b288      	uxth	r0, r1
10006128:	428c      	cmp	r4, r1
1000612a:	d307      	bcc.n	1000613c <tu_fifo_count+0x20>
1000612c:	1a1b      	subs	r3, r3, r0
1000612e:	b29b      	uxth	r3, r3
10006130:	1c10      	adds	r0, r2, #0
10006132:	429a      	cmp	r2, r3
10006134:	d900      	bls.n	10006138 <tu_fifo_count+0x1c>
10006136:	1c18      	adds	r0, r3, #0
10006138:	b280      	uxth	r0, r0
1000613a:	bd10      	pop	{r4, pc}
1000613c:	0051      	lsls	r1, r2, #1
1000613e:	1a09      	subs	r1, r1, r0
10006140:	185b      	adds	r3, r3, r1
10006142:	b29b      	uxth	r3, r3
10006144:	e7f4      	b.n	10006130 <tu_fifo_count+0x14>
10006146:	46c0      	nop			@ (mov r8, r8)

10006148 <tu_fifo_empty>:
10006148:	8903      	ldrh	r3, [r0, #8]
1000614a:	8940      	ldrh	r0, [r0, #10]
1000614c:	1a18      	subs	r0, r3, r0
1000614e:	4243      	negs	r3, r0
10006150:	4158      	adcs	r0, r3
10006152:	b2c0      	uxtb	r0, r0
10006154:	4770      	bx	lr
10006156:	46c0      	nop			@ (mov r8, r8)

10006158 <tu_fifo_remaining>:
10006158:	b510      	push	{r4, lr}
1000615a:	8904      	ldrh	r4, [r0, #8]
1000615c:	8941      	ldrh	r1, [r0, #10]
1000615e:	8882      	ldrh	r2, [r0, #4]
10006160:	b2a3      	uxth	r3, r4
10006162:	b288      	uxth	r0, r1
10006164:	428c      	cmp	r4, r1
10006166:	d307      	bcc.n	10006178 <tu_fifo_remaining+0x20>
10006168:	1a1b      	subs	r3, r3, r0
1000616a:	b29b      	uxth	r3, r3
1000616c:	2000      	movs	r0, #0
1000616e:	429a      	cmp	r2, r3
10006170:	d901      	bls.n	10006176 <tu_fifo_remaining+0x1e>
10006172:	1ad2      	subs	r2, r2, r3
10006174:	b290      	uxth	r0, r2
10006176:	bd10      	pop	{r4, pc}
10006178:	0051      	lsls	r1, r2, #1
1000617a:	1a09      	subs	r1, r1, r0
1000617c:	185b      	adds	r3, r3, r1
1000617e:	b29b      	uxth	r3, r3
10006180:	e7f4      	b.n	1000616c <tu_fifo_remaining+0x14>
10006182:	46c0      	nop			@ (mov r8, r8)

10006184 <tu_fifo_read>:
10006184:	b570      	push	{r4, r5, r6, lr}
10006186:	0004      	movs	r4, r0
10006188:	6900      	ldr	r0, [r0, #16]
1000618a:	000e      	movs	r6, r1
1000618c:	2800      	cmp	r0, #0
1000618e:	d003      	beq.n	10006198 <tu_fifo_read+0x14>
10006190:	2101      	movs	r1, #1
10006192:	4249      	negs	r1, r1
10006194:	f003 f9f0 	bl	10009578 <__mutex_enter_timeout_ms_veneer>
10006198:	8925      	ldrh	r5, [r4, #8]
1000619a:	8960      	ldrh	r0, [r4, #10]
1000619c:	88a2      	ldrh	r2, [r4, #4]
1000619e:	b2a9      	uxth	r1, r5
100061a0:	b283      	uxth	r3, r0
100061a2:	4285      	cmp	r5, r0
100061a4:	d332      	bcc.n	1000620c <tu_fifo_read+0x88>
100061a6:	1acd      	subs	r5, r1, r3
100061a8:	b2ad      	uxth	r5, r5
100061aa:	2d00      	cmp	r5, #0
100061ac:	d028      	beq.n	10006200 <tu_fifo_read+0x7c>
100061ae:	42aa      	cmp	r2, r5
100061b0:	d208      	bcs.n	100061c4 <tu_fifo_read+0x40>
100061b2:	4291      	cmp	r1, r2
100061b4:	d32f      	bcc.n	10006216 <tu_fifo_read+0x92>
100061b6:	1a89      	subs	r1, r1, r2
100061b8:	b28b      	uxth	r3, r1
100061ba:	8163      	strh	r3, [r4, #10]
100061bc:	429a      	cmp	r2, r3
100061be:	d803      	bhi.n	100061c8 <tu_fifo_read+0x44>
100061c0:	1a9b      	subs	r3, r3, r2
100061c2:	b29b      	uxth	r3, r3
100061c4:	429a      	cmp	r2, r3
100061c6:	d9fb      	bls.n	100061c0 <tu_fifo_read+0x3c>
100061c8:	88e2      	ldrh	r2, [r4, #6]
100061ca:	6821      	ldr	r1, [r4, #0]
100061cc:	0452      	lsls	r2, r2, #17
100061ce:	0c52      	lsrs	r2, r2, #17
100061d0:	4353      	muls	r3, r2
100061d2:	0030      	movs	r0, r6
100061d4:	18c9      	adds	r1, r1, r3
100061d6:	f7fb ff6f 	bl	100020b8 <__wrap___aeabi_memcpy>
100061da:	8963      	ldrh	r3, [r4, #10]
100061dc:	2501      	movs	r5, #1
100061de:	1c59      	adds	r1, r3, #1
100061e0:	b289      	uxth	r1, r1
100061e2:	88a2      	ldrh	r2, [r4, #4]
100061e4:	428b      	cmp	r3, r1
100061e6:	d90d      	bls.n	10006204 <tu_fifo_read+0x80>
100061e8:	2100      	movs	r1, #0
100061ea:	0052      	lsls	r2, r2, #1
100061ec:	1a89      	subs	r1, r1, r2
100061ee:	b289      	uxth	r1, r1
100061f0:	6920      	ldr	r0, [r4, #16]
100061f2:	8161      	strh	r1, [r4, #10]
100061f4:	2800      	cmp	r0, #0
100061f6:	d001      	beq.n	100061fc <tu_fifo_read+0x78>
100061f8:	f003 f98e 	bl	10009518 <__mutex_exit_veneer>
100061fc:	0028      	movs	r0, r5
100061fe:	bd70      	pop	{r4, r5, r6, pc}
10006200:	8961      	ldrh	r1, [r4, #10]
10006202:	b289      	uxth	r1, r1
10006204:	0052      	lsls	r2, r2, #1
10006206:	4291      	cmp	r1, r2
10006208:	dbf2      	blt.n	100061f0 <tu_fifo_read+0x6c>
1000620a:	e7ef      	b.n	100061ec <tu_fifo_read+0x68>
1000620c:	0055      	lsls	r5, r2, #1
1000620e:	1aed      	subs	r5, r5, r3
10006210:	194d      	adds	r5, r1, r5
10006212:	b2ad      	uxth	r5, r5
10006214:	e7c9      	b.n	100061aa <tu_fifo_read+0x26>
10006216:	1889      	adds	r1, r1, r2
10006218:	b28b      	uxth	r3, r1
1000621a:	8163      	strh	r3, [r4, #10]
1000621c:	e7ce      	b.n	100061bc <tu_fifo_read+0x38>
1000621e:	46c0      	nop			@ (mov r8, r8)

10006220 <tu_fifo_read_n>:
10006220:	b5f0      	push	{r4, r5, r6, r7, lr}
10006222:	4646      	mov	r6, r8
10006224:	464f      	mov	r7, r9
10006226:	46d6      	mov	lr, sl
10006228:	b5c0      	push	{r6, r7, lr}
1000622a:	0006      	movs	r6, r0
1000622c:	6900      	ldr	r0, [r0, #16]
1000622e:	4689      	mov	r9, r1
10006230:	4690      	mov	r8, r2
10006232:	2800      	cmp	r0, #0
10006234:	d003      	beq.n	1000623e <tu_fifo_read_n+0x1e>
10006236:	2101      	movs	r1, #1
10006238:	4249      	negs	r1, r1
1000623a:	f003 f99d 	bl	10009578 <__mutex_enter_timeout_ms_veneer>
1000623e:	8931      	ldrh	r1, [r6, #8]
10006240:	8972      	ldrh	r2, [r6, #10]
10006242:	88b5      	ldrh	r5, [r6, #4]
10006244:	b28b      	uxth	r3, r1
10006246:	b294      	uxth	r4, r2
10006248:	4291      	cmp	r1, r2
1000624a:	d354      	bcc.n	100062f6 <tu_fifo_read_n+0xd6>
1000624c:	1b1f      	subs	r7, r3, r4
1000624e:	b2bf      	uxth	r7, r7
10006250:	2f00      	cmp	r7, #0
10006252:	d04a      	beq.n	100062ea <tu_fifo_read_n+0xca>
10006254:	42bd      	cmp	r5, r7
10006256:	d205      	bcs.n	10006264 <tu_fifo_read_n+0x44>
10006258:	42ab      	cmp	r3, r5
1000625a:	d251      	bcs.n	10006300 <tu_fifo_read_n+0xe0>
1000625c:	195b      	adds	r3, r3, r5
1000625e:	b29c      	uxth	r4, r3
10006260:	002f      	movs	r7, r5
10006262:	8174      	strh	r4, [r6, #10]
10006264:	4643      	mov	r3, r8
10006266:	45b8      	cmp	r8, r7
10006268:	d83d      	bhi.n	100062e6 <tu_fifo_read_n+0xc6>
1000626a:	b29f      	uxth	r7, r3
1000626c:	42a5      	cmp	r5, r4
1000626e:	d803      	bhi.n	10006278 <tu_fifo_read_n+0x58>
10006270:	1b64      	subs	r4, r4, r5
10006272:	b2a4      	uxth	r4, r4
10006274:	42a5      	cmp	r5, r4
10006276:	d9fb      	bls.n	10006270 <tu_fifo_read_n+0x50>
10006278:	88f2      	ldrh	r2, [r6, #6]
1000627a:	6831      	ldr	r1, [r6, #0]
1000627c:	0452      	lsls	r2, r2, #17
1000627e:	0c52      	lsrs	r2, r2, #17
10006280:	4690      	mov	r8, r2
10006282:	4362      	muls	r2, r4
10006284:	1b2b      	subs	r3, r5, r4
10006286:	b29b      	uxth	r3, r3
10006288:	1889      	adds	r1, r1, r2
1000628a:	4642      	mov	r2, r8
1000628c:	429f      	cmp	r7, r3
1000628e:	d925      	bls.n	100062dc <tu_fifo_read_n+0xbc>
10006290:	4353      	muls	r3, r2
10006292:	b29b      	uxth	r3, r3
10006294:	001a      	movs	r2, r3
10006296:	4648      	mov	r0, r9
10006298:	469a      	mov	sl, r3
1000629a:	f7fb ff0d 	bl	100020b8 <__wrap___aeabi_memcpy>
1000629e:	4643      	mov	r3, r8
100062a0:	4648      	mov	r0, r9
100062a2:	1b7d      	subs	r5, r7, r5
100062a4:	1964      	adds	r4, r4, r5
100062a6:	435c      	muls	r4, r3
100062a8:	6831      	ldr	r1, [r6, #0]
100062aa:	4450      	add	r0, sl
100062ac:	b2a2      	uxth	r2, r4
100062ae:	f7fb ff03 	bl	100020b8 <__wrap___aeabi_memcpy>
100062b2:	8971      	ldrh	r1, [r6, #10]
100062b4:	88b5      	ldrh	r5, [r6, #4]
100062b6:	19cb      	adds	r3, r1, r7
100062b8:	b29b      	uxth	r3, r3
100062ba:	006a      	lsls	r2, r5, #1
100062bc:	4299      	cmp	r1, r3
100062be:	d916      	bls.n	100062ee <tu_fifo_read_n+0xce>
100062c0:	1a9b      	subs	r3, r3, r2
100062c2:	b29b      	uxth	r3, r3
100062c4:	6930      	ldr	r0, [r6, #16]
100062c6:	8173      	strh	r3, [r6, #10]
100062c8:	2800      	cmp	r0, #0
100062ca:	d001      	beq.n	100062d0 <tu_fifo_read_n+0xb0>
100062cc:	f003 f924 	bl	10009518 <__mutex_exit_veneer>
100062d0:	0038      	movs	r0, r7
100062d2:	bce0      	pop	{r5, r6, r7}
100062d4:	46ba      	mov	sl, r7
100062d6:	46b1      	mov	r9, r6
100062d8:	46a8      	mov	r8, r5
100062da:	bdf0      	pop	{r4, r5, r6, r7, pc}
100062dc:	4648      	mov	r0, r9
100062de:	437a      	muls	r2, r7
100062e0:	f7fb feea 	bl	100020b8 <__wrap___aeabi_memcpy>
100062e4:	e7e5      	b.n	100062b2 <tu_fifo_read_n+0x92>
100062e6:	1c3b      	adds	r3, r7, #0
100062e8:	e7bf      	b.n	1000626a <tu_fifo_read_n+0x4a>
100062ea:	8973      	ldrh	r3, [r6, #10]
100062ec:	b29b      	uxth	r3, r3
100062ee:	006a      	lsls	r2, r5, #1
100062f0:	4293      	cmp	r3, r2
100062f2:	dbe7      	blt.n	100062c4 <tu_fifo_read_n+0xa4>
100062f4:	e7e4      	b.n	100062c0 <tu_fifo_read_n+0xa0>
100062f6:	006f      	lsls	r7, r5, #1
100062f8:	1b3f      	subs	r7, r7, r4
100062fa:	19df      	adds	r7, r3, r7
100062fc:	b2bf      	uxth	r7, r7
100062fe:	e7a7      	b.n	10006250 <tu_fifo_read_n+0x30>
10006300:	1b5b      	subs	r3, r3, r5
10006302:	b29c      	uxth	r4, r3
10006304:	e7ac      	b.n	10006260 <tu_fifo_read_n+0x40>
10006306:	46c0      	nop			@ (mov r8, r8)

10006308 <tu_fifo_write>:
10006308:	b5f8      	push	{r3, r4, r5, r6, r7, lr}
1000630a:	0004      	movs	r4, r0
1000630c:	68c0      	ldr	r0, [r0, #12]
1000630e:	000e      	movs	r6, r1
10006310:	2800      	cmp	r0, #0
10006312:	d003      	beq.n	1000631c <tu_fifo_write+0x14>
10006314:	2101      	movs	r1, #1
10006316:	4249      	negs	r1, r1
10006318:	f003 f92e 	bl	10009578 <__mutex_enter_timeout_ms_veneer>
1000631c:	8925      	ldrh	r5, [r4, #8]
1000631e:	8920      	ldrh	r0, [r4, #8]
10006320:	8961      	ldrh	r1, [r4, #10]
10006322:	88a2      	ldrh	r2, [r4, #4]
10006324:	b2ad      	uxth	r5, r5
10006326:	b283      	uxth	r3, r0
10006328:	b28f      	uxth	r7, r1
1000632a:	4288      	cmp	r0, r1
1000632c:	d329      	bcc.n	10006382 <tu_fifo_write+0x7a>
1000632e:	1bdb      	subs	r3, r3, r7
10006330:	b29b      	uxth	r3, r3
10006332:	429a      	cmp	r2, r3
10006334:	d809      	bhi.n	1000634a <tu_fifo_write+0x42>
10006336:	79e7      	ldrb	r7, [r4, #7]
10006338:	09ff      	lsrs	r7, r7, #7
1000633a:	d106      	bne.n	1000634a <tu_fifo_write+0x42>
1000633c:	68e0      	ldr	r0, [r4, #12]
1000633e:	2800      	cmp	r0, #0
10006340:	d001      	beq.n	10006346 <tu_fifo_write+0x3e>
10006342:	f003 f8e9 	bl	10009518 <__mutex_exit_veneer>
10006346:	0038      	movs	r0, r7
10006348:	bdf8      	pop	{r3, r4, r5, r6, r7, pc}
1000634a:	002b      	movs	r3, r5
1000634c:	4295      	cmp	r5, r2
1000634e:	d31d      	bcc.n	1000638c <tu_fifo_write+0x84>
10006350:	1a9b      	subs	r3, r3, r2
10006352:	b29b      	uxth	r3, r3
10006354:	4293      	cmp	r3, r2
10006356:	d2fb      	bcs.n	10006350 <tu_fifo_write+0x48>
10006358:	88e2      	ldrh	r2, [r4, #6]
1000635a:	6820      	ldr	r0, [r4, #0]
1000635c:	0452      	lsls	r2, r2, #17
1000635e:	0c52      	lsrs	r2, r2, #17
10006360:	4353      	muls	r3, r2
10006362:	0031      	movs	r1, r6
10006364:	18c0      	adds	r0, r0, r3
10006366:	f7fb fea7 	bl	100020b8 <__wrap___aeabi_memcpy>
1000636a:	1c6b      	adds	r3, r5, #1
1000636c:	b29b      	uxth	r3, r3
1000636e:	88a2      	ldrh	r2, [r4, #4]
10006370:	429d      	cmp	r5, r3
10006372:	d917      	bls.n	100063a4 <tu_fifo_write+0x9c>
10006374:	2300      	movs	r3, #0
10006376:	0052      	lsls	r2, r2, #1
10006378:	1a9b      	subs	r3, r3, r2
1000637a:	b29b      	uxth	r3, r3
1000637c:	2701      	movs	r7, #1
1000637e:	8123      	strh	r3, [r4, #8]
10006380:	e7dc      	b.n	1000633c <tu_fifo_write+0x34>
10006382:	0051      	lsls	r1, r2, #1
10006384:	1bc9      	subs	r1, r1, r7
10006386:	185b      	adds	r3, r3, r1
10006388:	b29b      	uxth	r3, r3
1000638a:	e7d2      	b.n	10006332 <tu_fifo_write+0x2a>
1000638c:	88e2      	ldrh	r2, [r4, #6]
1000638e:	6820      	ldr	r0, [r4, #0]
10006390:	0452      	lsls	r2, r2, #17
10006392:	0c52      	lsrs	r2, r2, #17
10006394:	4353      	muls	r3, r2
10006396:	0031      	movs	r1, r6
10006398:	18c0      	adds	r0, r0, r3
1000639a:	f7fb fe8d 	bl	100020b8 <__wrap___aeabi_memcpy>
1000639e:	3501      	adds	r5, #1
100063a0:	88a2      	ldrh	r2, [r4, #4]
100063a2:	b2ab      	uxth	r3, r5
100063a4:	0052      	lsls	r2, r2, #1
100063a6:	4293      	cmp	r3, r2
100063a8:	dbe8      	blt.n	1000637c <tu_fifo_write+0x74>
100063aa:	e7e5      	b.n	10006378 <tu_fifo_write+0x70>

100063ac <tu_fifo_write_n>:
100063ac:	b5f0      	push	{r4, r5, r6, r7, lr}
100063ae:	4645      	mov	r5, r8
100063b0:	464e      	mov	r6, r9
100063b2:	46de      	mov	lr, fp
100063b4:	4657      	mov	r7, sl
100063b6:	b5e0      	push	{r5, r6, r7, lr}
100063b8:	4688      	mov	r8, r1
100063ba:	0005      	movs	r5, r0
100063bc:	0016      	movs	r6, r2
100063be:	b083      	sub	sp, #12
100063c0:	2a00      	cmp	r2, #0
100063c2:	d06e      	beq.n	100064a2 <tu_fifo_write_n+0xf6>
100063c4:	68c0      	ldr	r0, [r0, #12]
100063c6:	2800      	cmp	r0, #0
100063c8:	d003      	beq.n	100063d2 <tu_fifo_write_n+0x26>
100063ca:	2101      	movs	r1, #1
100063cc:	4249      	negs	r1, r1
100063ce:	f003 f8d3 	bl	10009578 <__mutex_enter_timeout_ms_veneer>
100063d2:	892f      	ldrh	r7, [r5, #8]
100063d4:	79ea      	ldrb	r2, [r5, #7]
100063d6:	b2bb      	uxth	r3, r7
100063d8:	469b      	mov	fp, r3
100063da:	896b      	ldrh	r3, [r5, #10]
100063dc:	88af      	ldrh	r7, [r5, #4]
100063de:	b29b      	uxth	r3, r3
100063e0:	09d2      	lsrs	r2, r2, #7
100063e2:	d13f      	bne.n	10006464 <tu_fifo_write_n+0xb8>
100063e4:	459b      	cmp	fp, r3
100063e6:	d265      	bcs.n	100064b4 <tu_fifo_write_n+0x108>
100063e8:	007a      	lsls	r2, r7, #1
100063ea:	1ad3      	subs	r3, r2, r3
100063ec:	445b      	add	r3, fp
100063ee:	b29b      	uxth	r3, r3
100063f0:	42bb      	cmp	r3, r7
100063f2:	d264      	bcs.n	100064be <tu_fifo_write_n+0x112>
100063f4:	1afb      	subs	r3, r7, r3
100063f6:	1c1a      	adds	r2, r3, #0
100063f8:	b29b      	uxth	r3, r3
100063fa:	42b3      	cmp	r3, r6
100063fc:	d900      	bls.n	10006400 <tu_fifo_write_n+0x54>
100063fe:	1c32      	adds	r2, r6, #0
10006400:	b296      	uxth	r6, r2
10006402:	1bf3      	subs	r3, r6, r7
10006404:	b29b      	uxth	r3, r3
10006406:	469a      	mov	sl, r3
10006408:	465b      	mov	r3, fp
1000640a:	18f3      	adds	r3, r6, r3
1000640c:	b29b      	uxth	r3, r3
1000640e:	4699      	mov	r9, r3
10006410:	88ea      	ldrh	r2, [r5, #6]
10006412:	465c      	mov	r4, fp
10006414:	45bb      	cmp	fp, r7
10006416:	d303      	bcc.n	10006420 <tu_fifo_write_n+0x74>
10006418:	1be4      	subs	r4, r4, r7
1000641a:	b2a4      	uxth	r4, r4
1000641c:	42bc      	cmp	r4, r7
1000641e:	d2fb      	bcs.n	10006418 <tu_fifo_write_n+0x6c>
10006420:	0452      	lsls	r2, r2, #17
10006422:	1b3b      	subs	r3, r7, r4
10006424:	0c57      	lsrs	r7, r2, #17
10006426:	003a      	movs	r2, r7
10006428:	4362      	muls	r2, r4
1000642a:	6828      	ldr	r0, [r5, #0]
1000642c:	b29b      	uxth	r3, r3
1000642e:	1880      	adds	r0, r0, r2
10006430:	42b3      	cmp	r3, r6
10006432:	d356      	bcc.n	100064e2 <tu_fifo_write_n+0x136>
10006434:	003a      	movs	r2, r7
10006436:	4641      	mov	r1, r8
10006438:	4372      	muls	r2, r6
1000643a:	f7fb fe3d 	bl	100020b8 <__wrap___aeabi_memcpy>
1000643e:	88ab      	ldrh	r3, [r5, #4]
10006440:	005b      	lsls	r3, r3, #1
10006442:	45cb      	cmp	fp, r9
10006444:	d801      	bhi.n	1000644a <tu_fifo_write_n+0x9e>
10006446:	4599      	cmp	r9, r3
10006448:	db03      	blt.n	10006452 <tu_fifo_write_n+0xa6>
1000644a:	464a      	mov	r2, r9
1000644c:	1ad3      	subs	r3, r2, r3
1000644e:	b29b      	uxth	r3, r3
10006450:	4699      	mov	r9, r3
10006452:	464b      	mov	r3, r9
10006454:	0037      	movs	r7, r6
10006456:	812b      	strh	r3, [r5, #8]
10006458:	68e8      	ldr	r0, [r5, #12]
1000645a:	2800      	cmp	r0, #0
1000645c:	d022      	beq.n	100064a4 <tu_fifo_write_n+0xf8>
1000645e:	f003 f85b 	bl	10009518 <__mutex_exit_veneer>
10006462:	e01f      	b.n	100064a4 <tu_fifo_write_n+0xf8>
10006464:	42be      	cmp	r6, r7
10006466:	d22c      	bcs.n	100064c2 <tu_fifo_write_n+0x116>
10006468:	459b      	cmp	fp, r3
1000646a:	d34b      	bcc.n	10006504 <tu_fifo_write_n+0x158>
1000646c:	465a      	mov	r2, fp
1000646e:	1ad2      	subs	r2, r2, r3
10006470:	b292      	uxth	r2, r2
10006472:	0079      	lsls	r1, r7, #1
10006474:	1bf0      	subs	r0, r6, r7
10006476:	b280      	uxth	r0, r0
10006478:	1992      	adds	r2, r2, r6
1000647a:	4682      	mov	sl, r0
1000647c:	428a      	cmp	r2, r1
1000647e:	dbc3      	blt.n	10006408 <tu_fifo_write_n+0x5c>
10006480:	19da      	adds	r2, r3, r7
10006482:	b292      	uxth	r2, r2
10006484:	4691      	mov	r9, r2
10006486:	1b92      	subs	r2, r2, r6
10006488:	b292      	uxth	r2, r2
1000648a:	4693      	mov	fp, r2
1000648c:	4293      	cmp	r3, r2
1000648e:	d93e      	bls.n	1000650e <tu_fifo_write_n+0x162>
10006490:	465b      	mov	r3, fp
10006492:	1a59      	subs	r1, r3, r1
10006494:	b28b      	uxth	r3, r1
10006496:	469b      	mov	fp, r3
10006498:	18f3      	adds	r3, r6, r3
1000649a:	b29b      	uxth	r3, r3
1000649c:	4699      	mov	r9, r3
1000649e:	88ea      	ldrh	r2, [r5, #6]
100064a0:	e7b7      	b.n	10006412 <tu_fifo_write_n+0x66>
100064a2:	2700      	movs	r7, #0
100064a4:	0038      	movs	r0, r7
100064a6:	b003      	add	sp, #12
100064a8:	bcf0      	pop	{r4, r5, r6, r7}
100064aa:	46bb      	mov	fp, r7
100064ac:	46b2      	mov	sl, r6
100064ae:	46a9      	mov	r9, r5
100064b0:	46a0      	mov	r8, r4
100064b2:	bdf0      	pop	{r4, r5, r6, r7, pc}
100064b4:	465a      	mov	r2, fp
100064b6:	1ad3      	subs	r3, r2, r3
100064b8:	b29b      	uxth	r3, r3
100064ba:	42bb      	cmp	r3, r7
100064bc:	d39a      	bcc.n	100063f4 <tu_fifo_write_n+0x48>
100064be:	2700      	movs	r7, #0
100064c0:	e7ca      	b.n	10006458 <tu_fifo_write_n+0xac>
100064c2:	2f00      	cmp	r7, #0
100064c4:	d0c8      	beq.n	10006458 <tu_fifo_write_n+0xac>
100064c6:	88ea      	ldrh	r2, [r5, #6]
100064c8:	1bf6      	subs	r6, r6, r7
100064ca:	0451      	lsls	r1, r2, #17
100064cc:	0c49      	lsrs	r1, r1, #17
100064ce:	4371      	muls	r1, r6
100064d0:	469b      	mov	fp, r3
100064d2:	4488      	add	r8, r1
100064d4:	19d9      	adds	r1, r3, r7
100064d6:	2300      	movs	r3, #0
100064d8:	b289      	uxth	r1, r1
100064da:	4689      	mov	r9, r1
100064dc:	003e      	movs	r6, r7
100064de:	469a      	mov	sl, r3
100064e0:	e797      	b.n	10006412 <tu_fifo_write_n+0x66>
100064e2:	437b      	muls	r3, r7
100064e4:	b299      	uxth	r1, r3
100064e6:	000a      	movs	r2, r1
100064e8:	9101      	str	r1, [sp, #4]
100064ea:	4454      	add	r4, sl
100064ec:	4641      	mov	r1, r8
100064ee:	f7fb fde3 	bl	100020b8 <__wrap___aeabi_memcpy>
100064f2:	0022      	movs	r2, r4
100064f4:	437a      	muls	r2, r7
100064f6:	9901      	ldr	r1, [sp, #4]
100064f8:	6828      	ldr	r0, [r5, #0]
100064fa:	b292      	uxth	r2, r2
100064fc:	4441      	add	r1, r8
100064fe:	f7fb fddb 	bl	100020b8 <__wrap___aeabi_memcpy>
10006502:	e79c      	b.n	1000643e <tu_fifo_write_n+0x92>
10006504:	0079      	lsls	r1, r7, #1
10006506:	1aca      	subs	r2, r1, r3
10006508:	445a      	add	r2, fp
1000650a:	b292      	uxth	r2, r2
1000650c:	e7b2      	b.n	10006474 <tu_fifo_write_n+0xc8>
1000650e:	4291      	cmp	r1, r2
10006510:	ddbe      	ble.n	10006490 <tu_fifo_write_n+0xe4>
10006512:	e7c4      	b.n	1000649e <tu_fifo_write_n+0xf2>

10006514 <tu_fifo_clear>:
10006514:	b510      	push	{r4, lr}
10006516:	0004      	movs	r4, r0
10006518:	68c0      	ldr	r0, [r0, #12]
1000651a:	2800      	cmp	r0, #0
1000651c:	d003      	beq.n	10006526 <tu_fifo_clear+0x12>
1000651e:	2101      	movs	r1, #1
10006520:	4249      	negs	r1, r1
10006522:	f003 f829 	bl	10009578 <__mutex_enter_timeout_ms_veneer>
10006526:	6920      	ldr	r0, [r4, #16]
10006528:	2800      	cmp	r0, #0
1000652a:	d003      	beq.n	10006534 <tu_fifo_clear+0x20>
1000652c:	2101      	movs	r1, #1
1000652e:	4249      	negs	r1, r1
10006530:	f003 f822 	bl	10009578 <__mutex_enter_timeout_ms_veneer>
10006534:	2300      	movs	r3, #0
10006536:	68e0      	ldr	r0, [r4, #12]
10006538:	8163      	strh	r3, [r4, #10]
1000653a:	8123      	strh	r3, [r4, #8]
1000653c:	2800      	cmp	r0, #0
1000653e:	d001      	beq.n	10006544 <tu_fifo_clear+0x30>
10006540:	f002 ffea 	bl	10009518 <__mutex_exit_veneer>
10006544:	6920      	ldr	r0, [r4, #16]
10006546:	2800      	cmp	r0, #0
10006548:	d001      	beq.n	1000654e <tu_fifo_clear+0x3a>
1000654a:	f002 ffe5 	bl	10009518 <__mutex_exit_veneer>
1000654e:	2001      	movs	r0, #1
10006550:	bd10      	pop	{r4, pc}
10006552:	46c0      	nop			@ (mov r8, r8)

10006554 <tu_fifo_set_overwritable>:
10006554:	b570      	push	{r4, r5, r6, lr}
10006556:	0004      	movs	r4, r0
10006558:	68c0      	ldr	r0, [r0, #12]
1000655a:	000d      	movs	r5, r1
1000655c:	2800      	cmp	r0, #0
1000655e:	d003      	beq.n	10006568 <tu_fifo_set_overwritable+0x14>
10006560:	2101      	movs	r1, #1
10006562:	4249      	negs	r1, r1
10006564:	f003 f808 	bl	10009578 <__mutex_enter_timeout_ms_veneer>
10006568:	6920      	ldr	r0, [r4, #16]
1000656a:	2800      	cmp	r0, #0
1000656c:	d003      	beq.n	10006576 <tu_fifo_set_overwritable+0x22>
1000656e:	2101      	movs	r1, #1
10006570:	4249      	negs	r1, r1
10006572:	f003 f801 	bl	10009578 <__mutex_enter_timeout_ms_veneer>
10006576:	217f      	movs	r1, #127	@ 0x7f
10006578:	79e3      	ldrb	r3, [r4, #7]
1000657a:	01ed      	lsls	r5, r5, #7
1000657c:	4019      	ands	r1, r3
1000657e:	68e0      	ldr	r0, [r4, #12]
10006580:	4329      	orrs	r1, r5
10006582:	71e1      	strb	r1, [r4, #7]
10006584:	2800      	cmp	r0, #0
10006586:	d001      	beq.n	1000658c <tu_fifo_set_overwritable+0x38>
10006588:	f002 ffc6 	bl	10009518 <__mutex_exit_veneer>
1000658c:	6920      	ldr	r0, [r4, #16]
1000658e:	2800      	cmp	r0, #0
10006590:	d001      	beq.n	10006596 <tu_fifo_set_overwritable+0x42>
10006592:	f002 ffc1 	bl	10009518 <__mutex_exit_veneer>
10006596:	2001      	movs	r0, #1
10006598:	bd70      	pop	{r4, r5, r6, pc}
1000659a:	46c0      	nop			@ (mov r8, r8)

1000659c <pvPortMalloc>:
1000659c:	b5f0      	push	{r4, r5, r6, r7, lr}
1000659e:	46c6      	mov	lr, r8
100065a0:	1e43      	subs	r3, r0, #1
100065a2:	b500      	push	{lr}
100065a4:	330a      	adds	r3, #10
100065a6:	d814      	bhi.n	100065d2 <pvPortMalloc+0x36>
100065a8:	2307      	movs	r3, #7
100065aa:	0004      	movs	r4, r0
100065ac:	001a      	movs	r2, r3
100065ae:	3408      	adds	r4, #8
100065b0:	4022      	ands	r2, r4
100065b2:	4223      	tst	r3, r4
100065b4:	d06c      	beq.n	10006690 <pvPortMalloc+0xf4>
100065b6:	0013      	movs	r3, r2
100065b8:	3b09      	subs	r3, #9
100065ba:	42a3      	cmp	r3, r4
100065bc:	d309      	bcc.n	100065d2 <pvPortMalloc+0x36>
100065be:	3010      	adds	r0, #16
100065c0:	1a84      	subs	r4, r0, r2
100065c2:	f001 fa51 	bl	10007a68 <vTaskSuspendAll>
100065c6:	4a37      	ldr	r2, [pc, #220]	@ (100066a4 <pvPortMalloc+0x108>)
100065c8:	0027      	movs	r7, r4
100065ca:	6815      	ldr	r5, [r2, #0]
100065cc:	2d00      	cmp	r5, #0
100065ce:	d128      	bne.n	10006622 <pvPortMalloc+0x86>
100065d0:	e00e      	b.n	100065f0 <pvPortMalloc+0x54>
100065d2:	f001 fa49 	bl	10007a68 <vTaskSuspendAll>
100065d6:	4a33      	ldr	r2, [pc, #204]	@ (100066a4 <pvPortMalloc+0x108>)
100065d8:	6813      	ldr	r3, [r2, #0]
100065da:	2b00      	cmp	r3, #0
100065dc:	d006      	beq.n	100065ec <pvPortMalloc+0x50>
100065de:	2500      	movs	r5, #0
100065e0:	f001 fa4a 	bl	10007a78 <xTaskResumeAll>
100065e4:	0028      	movs	r0, r5
100065e6:	bc80      	pop	{r7}
100065e8:	46b8      	mov	r8, r7
100065ea:	bdf0      	pop	{r4, r5, r6, r7, pc}
100065ec:	2700      	movs	r7, #0
100065ee:	2400      	movs	r4, #0
100065f0:	2007      	movs	r0, #7
100065f2:	4d2d      	ldr	r5, [pc, #180]	@ (100066a8 <pvPortMalloc+0x10c>)
100065f4:	002b      	movs	r3, r5
100065f6:	0029      	movs	r1, r5
100065f8:	4228      	tst	r0, r5
100065fa:	d145      	bne.n	10006688 <pvPortMalloc+0xec>
100065fc:	2000      	movs	r0, #0
100065fe:	4e2b      	ldr	r6, [pc, #172]	@ (100066ac <pvPortMalloc+0x110>)
10006600:	6070      	str	r0, [r6, #4]
10006602:	6031      	str	r1, [r6, #0]
10006604:	4e2a      	ldr	r6, [pc, #168]	@ (100066b0 <pvPortMalloc+0x114>)
10006606:	46b4      	mov	ip, r6
10006608:	2607      	movs	r6, #7
1000660a:	4465      	add	r5, ip
1000660c:	43b5      	bics	r5, r6
1000660e:	6015      	str	r5, [r2, #0]
10006610:	4a28      	ldr	r2, [pc, #160]	@ (100066b4 <pvPortMalloc+0x118>)
10006612:	1aeb      	subs	r3, r5, r3
10006614:	6013      	str	r3, [r2, #0]
10006616:	4a28      	ldr	r2, [pc, #160]	@ (100066b8 <pvPortMalloc+0x11c>)
10006618:	6068      	str	r0, [r5, #4]
1000661a:	6028      	str	r0, [r5, #0]
1000661c:	6013      	str	r3, [r2, #0]
1000661e:	604b      	str	r3, [r1, #4]
10006620:	600d      	str	r5, [r1, #0]
10006622:	2f00      	cmp	r7, #0
10006624:	dddb      	ble.n	100065de <pvPortMalloc+0x42>
10006626:	4f24      	ldr	r7, [pc, #144]	@ (100066b8 <pvPortMalloc+0x11c>)
10006628:	683e      	ldr	r6, [r7, #0]
1000662a:	42a6      	cmp	r6, r4
1000662c:	d3d7      	bcc.n	100065de <pvPortMalloc+0x42>
1000662e:	481f      	ldr	r0, [pc, #124]	@ (100066ac <pvPortMalloc+0x110>)
10006630:	6803      	ldr	r3, [r0, #0]
10006632:	e004      	b.n	1000663e <pvPortMalloc+0xa2>
10006634:	681a      	ldr	r2, [r3, #0]
10006636:	2a00      	cmp	r2, #0
10006638:	d004      	beq.n	10006644 <pvPortMalloc+0xa8>
1000663a:	0018      	movs	r0, r3
1000663c:	0013      	movs	r3, r2
1000663e:	6859      	ldr	r1, [r3, #4]
10006640:	42a1      	cmp	r1, r4
10006642:	d3f7      	bcc.n	10006634 <pvPortMalloc+0x98>
10006644:	42ab      	cmp	r3, r5
10006646:	d0ca      	beq.n	100065de <pvPortMalloc+0x42>
10006648:	001d      	movs	r5, r3
1000664a:	681a      	ldr	r2, [r3, #0]
1000664c:	3508      	adds	r5, #8
1000664e:	4690      	mov	r8, r2
10006650:	6002      	str	r2, [r0, #0]
10006652:	1b0a      	subs	r2, r1, r4
10006654:	2a10      	cmp	r2, #16
10006656:	d905      	bls.n	10006664 <pvPortMalloc+0xc8>
10006658:	1919      	adds	r1, r3, r4
1000665a:	604a      	str	r2, [r1, #4]
1000665c:	4642      	mov	r2, r8
1000665e:	600a      	str	r2, [r1, #0]
10006660:	6001      	str	r1, [r0, #0]
10006662:	0021      	movs	r1, r4
10006664:	4a13      	ldr	r2, [pc, #76]	@ (100066b4 <pvPortMalloc+0x118>)
10006666:	1a76      	subs	r6, r6, r1
10006668:	6810      	ldr	r0, [r2, #0]
1000666a:	603e      	str	r6, [r7, #0]
1000666c:	4286      	cmp	r6, r0
1000666e:	d200      	bcs.n	10006672 <pvPortMalloc+0xd6>
10006670:	6016      	str	r6, [r2, #0]
10006672:	2280      	movs	r2, #128	@ 0x80
10006674:	0612      	lsls	r2, r2, #24
10006676:	430a      	orrs	r2, r1
10006678:	605a      	str	r2, [r3, #4]
1000667a:	2200      	movs	r2, #0
1000667c:	601a      	str	r2, [r3, #0]
1000667e:	4a0f      	ldr	r2, [pc, #60]	@ (100066bc <pvPortMalloc+0x120>)
10006680:	6813      	ldr	r3, [r2, #0]
10006682:	3301      	adds	r3, #1
10006684:	6013      	str	r3, [r2, #0]
10006686:	e7ab      	b.n	100065e0 <pvPortMalloc+0x44>
10006688:	1deb      	adds	r3, r5, #7
1000668a:	4383      	bics	r3, r0
1000668c:	0019      	movs	r1, r3
1000668e:	e7b5      	b.n	100065fc <pvPortMalloc+0x60>
10006690:	f001 f9ea 	bl	10007a68 <vTaskSuspendAll>
10006694:	4a03      	ldr	r2, [pc, #12]	@ (100066a4 <pvPortMalloc+0x108>)
10006696:	0027      	movs	r7, r4
10006698:	6815      	ldr	r5, [r2, #0]
1000669a:	2d00      	cmp	r5, #0
1000669c:	d0a8      	beq.n	100065f0 <pvPortMalloc+0x54>
1000669e:	2c00      	cmp	r4, #0
100066a0:	dac1      	bge.n	10006626 <pvPortMalloc+0x8a>
100066a2:	e79c      	b.n	100065de <pvPortMalloc+0x42>
100066a4:	20001fe8 	.word	0x20001fe8
100066a8:	20002390 	.word	0x20002390
100066ac:	20022450 	.word	0x20022450
100066b0:	0001fff8 	.word	0x0001fff8
100066b4:	20022420 	.word	0x20022420
100066b8:	20022414 	.word	0x20022414
100066bc:	2002242c 	.word	0x2002242c

100066c0 <vPortFree>:
100066c0:	b570      	push	{r4, r5, r6, lr}
100066c2:	2800      	cmp	r0, #0
100066c4:	d004      	beq.n	100066d0 <vPortFree+0x10>
100066c6:	3808      	subs	r0, #8
100066c8:	6843      	ldr	r3, [r0, #4]
100066ca:	0004      	movs	r4, r0
100066cc:	2b00      	cmp	r3, #0
100066ce:	db00      	blt.n	100066d2 <vPortFree+0x12>
100066d0:	bd70      	pop	{r4, r5, r6, pc}
100066d2:	6802      	ldr	r2, [r0, #0]
100066d4:	2a00      	cmp	r2, #0
100066d6:	d1fb      	bne.n	100066d0 <vPortFree+0x10>
100066d8:	005b      	lsls	r3, r3, #1
100066da:	085b      	lsrs	r3, r3, #1
100066dc:	6043      	str	r3, [r0, #4]
100066de:	0005      	movs	r5, r0
100066e0:	f001 f9c2 	bl	10007a68 <vTaskSuspendAll>
100066e4:	4a18      	ldr	r2, [pc, #96]	@ (10006748 <vPortFree+0x88>)
100066e6:	6861      	ldr	r1, [r4, #4]
100066e8:	6813      	ldr	r3, [r2, #0]
100066ea:	185b      	adds	r3, r3, r1
100066ec:	6013      	str	r3, [r2, #0]
100066ee:	4b17      	ldr	r3, [pc, #92]	@ (1000674c <vPortFree+0x8c>)
100066f0:	001a      	movs	r2, r3
100066f2:	681b      	ldr	r3, [r3, #0]
100066f4:	429c      	cmp	r4, r3
100066f6:	d8fb      	bhi.n	100066f0 <vPortFree+0x30>
100066f8:	6850      	ldr	r0, [r2, #4]
100066fa:	1816      	adds	r6, r2, r0
100066fc:	42b4      	cmp	r4, r6
100066fe:	d00d      	beq.n	1000671c <vPortFree+0x5c>
10006700:	1860      	adds	r0, r4, r1
10006702:	4283      	cmp	r3, r0
10006704:	d01a      	beq.n	1000673c <vPortFree+0x7c>
10006706:	6023      	str	r3, [r4, #0]
10006708:	42aa      	cmp	r2, r5
1000670a:	d000      	beq.n	1000670e <vPortFree+0x4e>
1000670c:	6015      	str	r5, [r2, #0]
1000670e:	4a10      	ldr	r2, [pc, #64]	@ (10006750 <vPortFree+0x90>)
10006710:	6813      	ldr	r3, [r2, #0]
10006712:	3301      	adds	r3, #1
10006714:	6013      	str	r3, [r2, #0]
10006716:	f001 f9af 	bl	10007a78 <xTaskResumeAll>
1000671a:	e7d9      	b.n	100066d0 <vPortFree+0x10>
1000671c:	1809      	adds	r1, r1, r0
1000671e:	1850      	adds	r0, r2, r1
10006720:	6051      	str	r1, [r2, #4]
10006722:	4283      	cmp	r3, r0
10006724:	d1f3      	bne.n	1000670e <vPortFree+0x4e>
10006726:	480b      	ldr	r0, [pc, #44]	@ (10006754 <vPortFree+0x94>)
10006728:	0015      	movs	r5, r2
1000672a:	6800      	ldr	r0, [r0, #0]
1000672c:	4298      	cmp	r0, r3
1000672e:	d0ee      	beq.n	1000670e <vPortFree+0x4e>
10006730:	6858      	ldr	r0, [r3, #4]
10006732:	681b      	ldr	r3, [r3, #0]
10006734:	1841      	adds	r1, r0, r1
10006736:	6069      	str	r1, [r5, #4]
10006738:	602b      	str	r3, [r5, #0]
1000673a:	e7e5      	b.n	10006708 <vPortFree+0x48>
1000673c:	4805      	ldr	r0, [pc, #20]	@ (10006754 <vPortFree+0x94>)
1000673e:	6800      	ldr	r0, [r0, #0]
10006740:	4283      	cmp	r3, r0
10006742:	d1f5      	bne.n	10006730 <vPortFree+0x70>
10006744:	e7df      	b.n	10006706 <vPortFree+0x46>
10006746:	46c0      	nop			@ (mov r8, r8)
10006748:	20022414 	.word	0x20022414
1000674c:	20022450 	.word	0x20022450
10006750:	20022430 	.word	0x20022430
10006754:	20001fe8 	.word	0x20001fe8
	...

10006760 <vPortStartFirstTask>:
10006760:	4a0b      	ldr	r2, [pc, #44]	@ (10006790 <pxCurrentTCBConst1>)
10006762:	6813      	ldr	r3, [r2, #0]
10006764:	6818      	ldr	r0, [r3, #0]
10006766:	3020      	adds	r0, #32
10006768:	f380 8809 	msr	PSP, r0
1000676c:	2002      	movs	r0, #2
1000676e:	f380 8814 	msr	CONTROL, r0
10006772:	f3bf 8f6f 	isb	sy
10006776:	bc3f      	pop	{r0, r1, r2, r3, r4, r5}
10006778:	46ae      	mov	lr, r5
1000677a:	bc08      	pop	{r3}
1000677c:	bc04      	pop	{r2}
1000677e:	b662      	cpsie	i
10006780:	4718      	bx	r3
10006782:	46c0      	nop			@ (mov r8, r8)
10006784:	46c0      	nop			@ (mov r8, r8)
10006786:	46c0      	nop			@ (mov r8, r8)
10006788:	46c0      	nop			@ (mov r8, r8)
1000678a:	46c0      	nop			@ (mov r8, r8)
1000678c:	46c0      	nop			@ (mov r8, r8)
1000678e:	46c0      	nop			@ (mov r8, r8)

10006790 <pxCurrentTCBConst1>:
10006790:	20001fdc 	.word	0x20001fdc
	...

100067a0 <xPortPendSVHandler>:
100067a0:	f3ef 8009 	mrs	r0, PSP
100067a4:	4b16      	ldr	r3, [pc, #88]	@ (10006800 <pxCurrentTCBConst2>)
100067a6:	681a      	ldr	r2, [r3, #0]
100067a8:	3820      	subs	r0, #32
100067aa:	6010      	str	r0, [r2, #0]
100067ac:	c0f0      	stmia	r0!, {r4, r5, r6, r7}
100067ae:	4644      	mov	r4, r8
100067b0:	464d      	mov	r5, r9
100067b2:	4656      	mov	r6, sl
100067b4:	465f      	mov	r7, fp
100067b6:	c0f0      	stmia	r0!, {r4, r5, r6, r7}
100067b8:	220d      	movs	r2, #13
100067ba:	0712      	lsls	r2, r2, #28
100067bc:	6e14      	ldr	r4, [r2, #96]	@ 0x60
100067be:	6e55      	ldr	r5, [r2, #100]	@ 0x64
100067c0:	6f56      	ldr	r6, [r2, #116]	@ 0x74
100067c2:	6f17      	ldr	r7, [r2, #112]	@ 0x70
100067c4:	3830      	subs	r0, #48	@ 0x30
100067c6:	c0f0      	stmia	r0!, {r4, r5, r6, r7}
100067c8:	b508      	push	{r3, lr}
100067ca:	b672      	cpsid	i
100067cc:	f001 fa38 	bl	10007c40 <vTaskSwitchContext>
100067d0:	b662      	cpsie	i
100067d2:	bc0c      	pop	{r2, r3}
100067d4:	6811      	ldr	r1, [r2, #0]
100067d6:	6808      	ldr	r0, [r1, #0]
100067d8:	3010      	adds	r0, #16
100067da:	c8f0      	ldmia	r0!, {r4, r5, r6, r7}
100067dc:	46a0      	mov	r8, r4
100067de:	46a9      	mov	r9, r5
100067e0:	46b2      	mov	sl, r6
100067e2:	46bb      	mov	fp, r7
100067e4:	f380 8809 	msr	PSP, r0
100067e8:	220d      	movs	r2, #13
100067ea:	0712      	lsls	r2, r2, #28
100067ec:	3830      	subs	r0, #48	@ 0x30
100067ee:	c8f0      	ldmia	r0!, {r4, r5, r6, r7}
100067f0:	6614      	str	r4, [r2, #96]	@ 0x60
100067f2:	6655      	str	r5, [r2, #100]	@ 0x64
100067f4:	6756      	str	r6, [r2, #116]	@ 0x74
100067f6:	6717      	str	r7, [r2, #112]	@ 0x70
100067f8:	c8f0      	ldmia	r0!, {r4, r5, r6, r7}
100067fa:	4718      	bx	r3
100067fc:	46c0      	nop			@ (mov r8, r8)
100067fe:	46c0      	nop			@ (mov r8, r8)

10006800 <pxCurrentTCBConst2>:
10006800:	20001fdc 	.word	0x20001fdc

10006804 <prvTaskExitError>:
10006804:	b510      	push	{r4, lr}
10006806:	f7f9 fe1f 	bl	10000448 <panic_unsupported>
1000680a:	46c0      	nop			@ (mov r8, r8)

1000680c <prvFIFOInterruptHandler>:
1000680c:	23d0      	movs	r3, #208	@ 0xd0
1000680e:	b500      	push	{lr}
10006810:	061b      	lsls	r3, r3, #24
10006812:	6d1a      	ldr	r2, [r3, #80]	@ 0x50
10006814:	b083      	sub	sp, #12
10006816:	07d2      	lsls	r2, r2, #31
10006818:	d504      	bpl.n	10006824 <prvFIFOInterruptHandler+0x18>
1000681a:	2101      	movs	r1, #1
1000681c:	6d9a      	ldr	r2, [r3, #88]	@ 0x58
1000681e:	6d1a      	ldr	r2, [r3, #80]	@ 0x50
10006820:	4211      	tst	r1, r2
10006822:	d1fb      	bne.n	1000681c <prvFIFOInterruptHandler+0x10>
10006824:	23d0      	movs	r3, #208	@ 0xd0
10006826:	22ff      	movs	r2, #255	@ 0xff
10006828:	061b      	lsls	r3, r3, #24
1000682a:	651a      	str	r2, [r3, #80]	@ 0x50
1000682c:	2300      	movs	r3, #0
1000682e:	4a11      	ldr	r2, [pc, #68]	@ (10006874 <prvFIFOInterruptHandler+0x68>)
10006830:	9301      	str	r3, [sp, #4]
10006832:	6811      	ldr	r1, [r2, #0]
10006834:	f3ef 8c10 	mrs	ip, PRIMASK
10006838:	b672      	cpsid	i
1000683a:	680b      	ldr	r3, [r1, #0]
1000683c:	2b00      	cmp	r3, #0
1000683e:	d0fc      	beq.n	1000683a <prvFIFOInterruptHandler+0x2e>
10006840:	f3bf 8f5f 	dmb	sy
10006844:	2300      	movs	r3, #0
10006846:	480c      	ldr	r0, [pc, #48]	@ (10006878 <prvFIFOInterruptHandler+0x6c>)
10006848:	6812      	ldr	r2, [r2, #0]
1000684a:	6801      	ldr	r1, [r0, #0]
1000684c:	6003      	str	r3, [r0, #0]
1000684e:	f3bf 8f5f 	dmb	sy
10006852:	6013      	str	r3, [r2, #0]
10006854:	f38c 8810 	msr	PRIMASK, ip
10006858:	4b08      	ldr	r3, [pc, #32]	@ (1000687c <prvFIFOInterruptHandler+0x70>)
1000685a:	aa01      	add	r2, sp, #4
1000685c:	6818      	ldr	r0, [r3, #0]
1000685e:	f000 fb0b 	bl	10006e78 <xEventGroupSetBitsFromISR>
10006862:	9b01      	ldr	r3, [sp, #4]
10006864:	2b00      	cmp	r3, #0
10006866:	d003      	beq.n	10006870 <prvFIFOInterruptHandler+0x64>
10006868:	2280      	movs	r2, #128	@ 0x80
1000686a:	4b05      	ldr	r3, [pc, #20]	@ (10006880 <prvFIFOInterruptHandler+0x74>)
1000686c:	0552      	lsls	r2, r2, #21
1000686e:	601a      	str	r2, [r3, #0]
10006870:	b003      	add	sp, #12
10006872:	bd00      	pop	{pc}
10006874:	20001fd8 	.word	0x20001fd8
10006878:	200223a8 	.word	0x200223a8
1000687c:	20022410 	.word	0x20022410
10006880:	e000ed04 	.word	0xe000ed04

10006884 <vPortSVCHandler>:
10006884:	4770      	bx	lr
10006886:	46c0      	nop			@ (mov r8, r8)

10006888 <pxPortInitialiseStack>:
10006888:	b510      	push	{r4, lr}
1000688a:	2480      	movs	r4, #128	@ 0x80
1000688c:	1f03      	subs	r3, r0, #4
1000688e:	0464      	lsls	r4, r4, #17
10006890:	601c      	str	r4, [r3, #0]
10006892:	3b04      	subs	r3, #4
10006894:	6019      	str	r1, [r3, #0]
10006896:	4903      	ldr	r1, [pc, #12]	@ (100068a4 <pxPortInitialiseStack+0x1c>)
10006898:	3b04      	subs	r3, #4
1000689a:	6019      	str	r1, [r3, #0]
1000689c:	3b14      	subs	r3, #20
1000689e:	3840      	subs	r0, #64	@ 0x40
100068a0:	601a      	str	r2, [r3, #0]
100068a2:	bd10      	pop	{r4, pc}
100068a4:	10006805 	.word	0x10006805

100068a8 <vPortYield>:
100068a8:	2280      	movs	r2, #128	@ 0x80
100068aa:	4b04      	ldr	r3, [pc, #16]	@ (100068bc <vPortYield+0x14>)
100068ac:	0552      	lsls	r2, r2, #21
100068ae:	601a      	str	r2, [r3, #0]
100068b0:	f3bf 8f4f 	dsb	sy
100068b4:	f3bf 8f6f 	isb	sy
100068b8:	4770      	bx	lr
100068ba:	46c0      	nop			@ (mov r8, r8)
100068bc:	e000ed04 	.word	0xe000ed04

100068c0 <vPortEnterCritical>:
100068c0:	b672      	cpsid	i
100068c2:	4a04      	ldr	r2, [pc, #16]	@ (100068d4 <vPortEnterCritical+0x14>)
100068c4:	6813      	ldr	r3, [r2, #0]
100068c6:	3301      	adds	r3, #1
100068c8:	6013      	str	r3, [r2, #0]
100068ca:	f3bf 8f4f 	dsb	sy
100068ce:	f3bf 8f6f 	isb	sy
100068d2:	4770      	bx	lr
100068d4:	200223a4 	.word	0x200223a4

100068d8 <vPortExitCritical>:
100068d8:	4a03      	ldr	r2, [pc, #12]	@ (100068e8 <vPortExitCritical+0x10>)
100068da:	6813      	ldr	r3, [r2, #0]
100068dc:	3b01      	subs	r3, #1
100068de:	6013      	str	r3, [r2, #0]
100068e0:	2b00      	cmp	r3, #0
100068e2:	d100      	bne.n	100068e6 <vPortExitCritical+0xe>
100068e4:	b662      	cpsie	i
100068e6:	4770      	bx	lr
100068e8:	200223a4 	.word	0x200223a4

100068ec <ulSetInterruptMaskFromISR>:
100068ec:	f3ef 8010 	mrs	r0, PRIMASK
100068f0:	b672      	cpsid	i
100068f2:	4770      	bx	lr

100068f4 <vClearInterruptMaskFromISR>:
100068f4:	f380 8810 	msr	PRIMASK, r0
100068f8:	4770      	bx	lr
100068fa:	46c0      	nop			@ (mov r8, r8)

100068fc <xPortSysTickHandler>:
100068fc:	b510      	push	{r4, lr}
100068fe:	f7ff fff5 	bl	100068ec <ulSetInterruptMaskFromISR>
10006902:	0004      	movs	r4, r0
10006904:	f001 f98a 	bl	10007c1c <xTaskIncrementTick>
10006908:	2800      	cmp	r0, #0
1000690a:	d003      	beq.n	10006914 <xPortSysTickHandler+0x18>
1000690c:	2280      	movs	r2, #128	@ 0x80
1000690e:	4b03      	ldr	r3, [pc, #12]	@ (1000691c <xPortSysTickHandler+0x20>)
10006910:	0552      	lsls	r2, r2, #21
10006912:	601a      	str	r2, [r3, #0]
10006914:	0020      	movs	r0, r4
10006916:	f7ff ffed 	bl	100068f4 <vClearInterruptMaskFromISR>
1000691a:	bd10      	pop	{r4, pc}
1000691c:	e000ed04 	.word	0xe000ed04

10006920 <vPortSetupTimerInterrupt>:
10006920:	2300      	movs	r3, #0
10006922:	b510      	push	{r4, lr}
10006924:	4a08      	ldr	r2, [pc, #32]	@ (10006948 <vPortSetupTimerInterrupt+0x28>)
10006926:	4c09      	ldr	r4, [pc, #36]	@ (1000694c <vPortSetupTimerInterrupt+0x2c>)
10006928:	2005      	movs	r0, #5
1000692a:	6023      	str	r3, [r4, #0]
1000692c:	6013      	str	r3, [r2, #0]
1000692e:	f7fa fd85 	bl	1000143c <clock_get_hz>
10006932:	21fa      	movs	r1, #250	@ 0xfa
10006934:	0089      	lsls	r1, r1, #2
10006936:	f7fa ffe9 	bl	1000190c <__wrap___aeabi_uidiv>
1000693a:	4b05      	ldr	r3, [pc, #20]	@ (10006950 <vPortSetupTimerInterrupt+0x30>)
1000693c:	3801      	subs	r0, #1
1000693e:	6018      	str	r0, [r3, #0]
10006940:	2307      	movs	r3, #7
10006942:	6023      	str	r3, [r4, #0]
10006944:	bd10      	pop	{r4, pc}
10006946:	46c0      	nop			@ (mov r8, r8)
10006948:	e000e018 	.word	0xe000e018
1000694c:	e000e010 	.word	0xe000e010
10006950:	e000e014 	.word	0xe000e014

10006954 <xPortStartScheduler>:
10006954:	22ff      	movs	r2, #255	@ 0xff
10006956:	4b1f      	ldr	r3, [pc, #124]	@ (100069d4 <xPortStartScheduler+0x80>)
10006958:	0412      	lsls	r2, r2, #16
1000695a:	6819      	ldr	r1, [r3, #0]
1000695c:	b510      	push	{r4, lr}
1000695e:	430a      	orrs	r2, r1
10006960:	601a      	str	r2, [r3, #0]
10006962:	22ff      	movs	r2, #255	@ 0xff
10006964:	6819      	ldr	r1, [r3, #0]
10006966:	0612      	lsls	r2, r2, #24
10006968:	430a      	orrs	r2, r1
1000696a:	601a      	str	r2, [r3, #0]
1000696c:	491a      	ldr	r1, [pc, #104]	@ (100069d8 <xPortStartScheduler+0x84>)
1000696e:	200e      	movs	r0, #14
10006970:	f001 fe42 	bl	100085f8 <exception_set_exclusive_handler>
10006974:	4919      	ldr	r1, [pc, #100]	@ (100069dc <xPortStartScheduler+0x88>)
10006976:	200f      	movs	r0, #15
10006978:	f001 fe3e 	bl	100085f8 <exception_set_exclusive_handler>
1000697c:	4918      	ldr	r1, [pc, #96]	@ (100069e0 <xPortStartScheduler+0x8c>)
1000697e:	200b      	movs	r0, #11
10006980:	f001 fe3a 	bl	100085f8 <exception_set_exclusive_handler>
10006984:	f7ff ffcc 	bl	10006920 <vPortSetupTimerInterrupt>
10006988:	2200      	movs	r2, #0
1000698a:	4b16      	ldr	r3, [pc, #88]	@ (100069e4 <xPortStartScheduler+0x90>)
1000698c:	601a      	str	r2, [r3, #0]
1000698e:	23d0      	movs	r3, #208	@ 0xd0
10006990:	061b      	lsls	r3, r3, #24
10006992:	4a15      	ldr	r2, [pc, #84]	@ (100069e8 <xPortStartScheduler+0x94>)
10006994:	681c      	ldr	r4, [r3, #0]
10006996:	7014      	strb	r4, [r2, #0]
10006998:	22ff      	movs	r2, #255	@ 0xff
1000699a:	651a      	str	r2, [r3, #80]	@ 0x50
1000699c:	6d1a      	ldr	r2, [r3, #80]	@ 0x50
1000699e:	07d2      	lsls	r2, r2, #31
100069a0:	d504      	bpl.n	100069ac <xPortStartScheduler+0x58>
100069a2:	2101      	movs	r1, #1
100069a4:	6d9a      	ldr	r2, [r3, #88]	@ 0x58
100069a6:	6d1a      	ldr	r2, [r3, #80]	@ 0x50
100069a8:	4211      	tst	r1, r2
100069aa:	d1fb      	bne.n	100069a4 <xPortStartScheduler+0x50>
100069ac:	340f      	adds	r4, #15
100069ae:	21ff      	movs	r1, #255	@ 0xff
100069b0:	0020      	movs	r0, r4
100069b2:	f7f9 ff4f 	bl	10000854 <irq_set_priority>
100069b6:	0020      	movs	r0, r4
100069b8:	490c      	ldr	r1, [pc, #48]	@ (100069ec <xPortStartScheduler+0x98>)
100069ba:	f7f9 fe27 	bl	1000060c <irq_set_exclusive_handler>
100069be:	2101      	movs	r1, #1
100069c0:	0020      	movs	r0, r4
100069c2:	f7f9 fdeb 	bl	1000059c <irq_set_enabled>
100069c6:	f7ff fecb 	bl	10006760 <vPortStartFirstTask>
100069ca:	f001 f939 	bl	10007c40 <vTaskSwitchContext>
100069ce:	f7f9 fd3b 	bl	10000448 <panic_unsupported>
100069d2:	46c0      	nop			@ (mov r8, r8)
100069d4:	e000ed20 	.word	0xe000ed20
100069d8:	100067a1 	.word	0x100067a1
100069dc:	100068fd 	.word	0x100068fd
100069e0:	10006885 	.word	0x10006885
100069e4:	200223a4 	.word	0x200223a4
100069e8:	200010a5 	.word	0x200010a5
100069ec:	1000680d 	.word	0x1000680d

100069f0 <ulPortLockGetCurrentOwnerId>:
100069f0:	23d0      	movs	r3, #208	@ 0xd0
100069f2:	b510      	push	{r4, lr}
100069f4:	061b      	lsls	r3, r3, #24
100069f6:	6818      	ldr	r0, [r3, #0]
100069f8:	4b07      	ldr	r3, [pc, #28]	@ (10006a18 <ulPortLockGetCurrentOwnerId+0x28>)
100069fa:	781b      	ldrb	r3, [r3, #0]
100069fc:	4283      	cmp	r3, r0
100069fe:	d000      	beq.n	10006a02 <ulPortLockGetCurrentOwnerId+0x12>
10006a00:	bd10      	pop	{r4, pc}
10006a02:	f3ef 8305 	mrs	r3, IPSR
10006a06:	2b00      	cmp	r3, #0
10006a08:	d002      	beq.n	10006a10 <ulPortLockGetCurrentOwnerId+0x20>
10006a0a:	005b      	lsls	r3, r3, #1
10006a0c:	18c0      	adds	r0, r0, r3
10006a0e:	e7f7      	b.n	10006a00 <ulPortLockGetCurrentOwnerId+0x10>
10006a10:	f001 fb84 	bl	1000811c <xTaskGetCurrentTaskHandle>
10006a14:	e7f4      	b.n	10006a00 <ulPortLockGetCurrentOwnerId+0x10>
10006a16:	46c0      	nop			@ (mov r8, r8)
10006a18:	200010a5 	.word	0x200010a5

10006a1c <vPortLockInternalSpinUnlockWithWait>:
10006a1c:	b510      	push	{r4, lr}
10006a1e:	0003      	movs	r3, r0
10006a20:	6802      	ldr	r2, [r0, #0]
10006a22:	4815      	ldr	r0, [pc, #84]	@ (10006a78 <vPortLockInternalSpinUnlockWithWait+0x5c>)
10006a24:	b082      	sub	sp, #8
10006a26:	7804      	ldrb	r4, [r0, #0]
10006a28:	20d0      	movs	r0, #208	@ 0xd0
10006a2a:	0600      	lsls	r0, r0, #24
10006a2c:	6800      	ldr	r0, [r0, #0]
10006a2e:	4284      	cmp	r4, r0
10006a30:	d008      	beq.n	10006a44 <vPortLockInternalSpinUnlockWithWait+0x28>
10006a32:	f3bf 8f5f 	dmb	sy
10006a36:	2300      	movs	r3, #0
10006a38:	6013      	str	r3, [r2, #0]
10006a3a:	f381 8810 	msr	PRIMASK, r1
10006a3e:	bf20      	wfe
10006a40:	b002      	add	sp, #8
10006a42:	bd10      	pop	{r4, pc}
10006a44:	f3bf 8f5f 	dmb	sy
10006a48:	2000      	movs	r0, #0
10006a4a:	6010      	str	r0, [r2, #0]
10006a4c:	f381 8810 	msr	PRIMASK, r1
10006a50:	4a0a      	ldr	r2, [pc, #40]	@ (10006a7c <vPortLockInternalSpinUnlockWithWait+0x60>)
10006a52:	681b      	ldr	r3, [r3, #0]
10006a54:	6810      	ldr	r0, [r2, #0]
10006a56:	4a0a      	ldr	r2, [pc, #40]	@ (10006a80 <vPortLockInternalSpinUnlockWithWait+0x64>)
10006a58:	4694      	mov	ip, r2
10006a5a:	4463      	add	r3, ip
10006a5c:	109a      	asrs	r2, r3, #2
10006a5e:	2b5c      	cmp	r3, #92	@ 0x5c
10006a60:	d900      	bls.n	10006a64 <vPortLockInternalSpinUnlockWithWait+0x48>
10006a62:	3a18      	subs	r2, #24
10006a64:	2301      	movs	r3, #1
10006a66:	2101      	movs	r1, #1
10006a68:	425b      	negs	r3, r3
10006a6a:	4091      	lsls	r1, r2
10006a6c:	9300      	str	r3, [sp, #0]
10006a6e:	2201      	movs	r2, #1
10006a70:	2300      	movs	r3, #0
10006a72:	f000 f951 	bl	10006d18 <xEventGroupWaitBits>
10006a76:	e7e3      	b.n	10006a40 <vPortLockInternalSpinUnlockWithWait+0x24>
10006a78:	200010a5 	.word	0x200010a5
10006a7c:	20022410 	.word	0x20022410
10006a80:	2fffff00 	.word	0x2fffff00

10006a84 <vPortLockInternalSpinUnlockWithNotify>:
10006a84:	000a      	movs	r2, r1
10006a86:	492b      	ldr	r1, [pc, #172]	@ (10006b34 <vPortLockInternalSpinUnlockWithNotify+0xb0>)
10006a88:	b530      	push	{r4, r5, lr}
10006a8a:	468c      	mov	ip, r1
10006a8c:	6803      	ldr	r3, [r0, #0]
10006a8e:	b083      	sub	sp, #12
10006a90:	4463      	add	r3, ip
10006a92:	109c      	asrs	r4, r3, #2
10006a94:	2b5c      	cmp	r3, #92	@ 0x5c
10006a96:	d900      	bls.n	10006a9a <vPortLockInternalSpinUnlockWithNotify+0x16>
10006a98:	3c18      	subs	r4, #24
10006a9a:	2101      	movs	r1, #1
10006a9c:	4b26      	ldr	r3, [pc, #152]	@ (10006b38 <vPortLockInternalSpinUnlockWithNotify+0xb4>)
10006a9e:	40a1      	lsls	r1, r4
10006aa0:	781c      	ldrb	r4, [r3, #0]
10006aa2:	23d0      	movs	r3, #208	@ 0xd0
10006aa4:	061b      	lsls	r3, r3, #24
10006aa6:	681b      	ldr	r3, [r3, #0]
10006aa8:	429c      	cmp	r4, r3
10006aaa:	d01f      	beq.n	10006aec <vPortLockInternalSpinUnlockWithNotify+0x68>
10006aac:	bf40      	sev
10006aae:	4d23      	ldr	r5, [pc, #140]	@ (10006b3c <vPortLockInternalSpinUnlockWithNotify+0xb8>)
10006ab0:	6803      	ldr	r3, [r0, #0]
10006ab2:	682c      	ldr	r4, [r5, #0]
10006ab4:	42a3      	cmp	r3, r4
10006ab6:	d034      	beq.n	10006b22 <vPortLockInternalSpinUnlockWithNotify+0x9e>
10006ab8:	6823      	ldr	r3, [r4, #0]
10006aba:	2b00      	cmp	r3, #0
10006abc:	d0fc      	beq.n	10006ab8 <vPortLockInternalSpinUnlockWithNotify+0x34>
10006abe:	f3bf 8f5f 	dmb	sy
10006ac2:	4c1f      	ldr	r4, [pc, #124]	@ (10006b40 <vPortLockInternalSpinUnlockWithNotify+0xbc>)
10006ac4:	6823      	ldr	r3, [r4, #0]
10006ac6:	430b      	orrs	r3, r1
10006ac8:	6023      	str	r3, [r4, #0]
10006aca:	682b      	ldr	r3, [r5, #0]
10006acc:	f3bf 8f5f 	dmb	sy
10006ad0:	2100      	movs	r1, #0
10006ad2:	6019      	str	r1, [r3, #0]
10006ad4:	6803      	ldr	r3, [r0, #0]
10006ad6:	20d0      	movs	r0, #208	@ 0xd0
10006ad8:	2100      	movs	r1, #0
10006ada:	0600      	lsls	r0, r0, #24
10006adc:	6541      	str	r1, [r0, #84]	@ 0x54
10006ade:	f3bf 8f5f 	dmb	sy
10006ae2:	6019      	str	r1, [r3, #0]
10006ae4:	f382 8810 	msr	PRIMASK, r2
10006ae8:	b003      	add	sp, #12
10006aea:	bd30      	pop	{r4, r5, pc}
10006aec:	bf40      	sev
10006aee:	6803      	ldr	r3, [r0, #0]
10006af0:	f3bf 8f5f 	dmb	sy
10006af4:	2400      	movs	r4, #0
10006af6:	601c      	str	r4, [r3, #0]
10006af8:	f382 8810 	msr	PRIMASK, r2
10006afc:	f3ef 8305 	mrs	r3, IPSR
10006b00:	4a10      	ldr	r2, [pc, #64]	@ (10006b44 <vPortLockInternalSpinUnlockWithNotify+0xc0>)
10006b02:	b2db      	uxtb	r3, r3
10006b04:	6810      	ldr	r0, [r2, #0]
10006b06:	2b00      	cmp	r3, #0
10006b08:	d010      	beq.n	10006b2c <vPortLockInternalSpinUnlockWithNotify+0xa8>
10006b0a:	aa01      	add	r2, sp, #4
10006b0c:	9401      	str	r4, [sp, #4]
10006b0e:	f000 f9b3 	bl	10006e78 <xEventGroupSetBitsFromISR>
10006b12:	9b01      	ldr	r3, [sp, #4]
10006b14:	2b00      	cmp	r3, #0
10006b16:	d0e7      	beq.n	10006ae8 <vPortLockInternalSpinUnlockWithNotify+0x64>
10006b18:	2280      	movs	r2, #128	@ 0x80
10006b1a:	4b0b      	ldr	r3, [pc, #44]	@ (10006b48 <vPortLockInternalSpinUnlockWithNotify+0xc4>)
10006b1c:	0552      	lsls	r2, r2, #21
10006b1e:	601a      	str	r2, [r3, #0]
10006b20:	e7e2      	b.n	10006ae8 <vPortLockInternalSpinUnlockWithNotify+0x64>
10006b22:	4c07      	ldr	r4, [pc, #28]	@ (10006b40 <vPortLockInternalSpinUnlockWithNotify+0xbc>)
10006b24:	6820      	ldr	r0, [r4, #0]
10006b26:	4308      	orrs	r0, r1
10006b28:	6020      	str	r0, [r4, #0]
10006b2a:	e7d4      	b.n	10006ad6 <vPortLockInternalSpinUnlockWithNotify+0x52>
10006b2c:	f000 f950 	bl	10006dd0 <xEventGroupSetBits>
10006b30:	e7da      	b.n	10006ae8 <vPortLockInternalSpinUnlockWithNotify+0x64>
10006b32:	46c0      	nop			@ (mov r8, r8)
10006b34:	2fffff00 	.word	0x2fffff00
10006b38:	200010a5 	.word	0x200010a5
10006b3c:	20001fd8 	.word	0x20001fd8
10006b40:	200223a8 	.word	0x200223a8
10006b44:	20022410 	.word	0x20022410
10006b48:	e000ed04 	.word	0xe000ed04

10006b4c <xPortLockInternalSpinUnlockWithBestEffortWaitOrTimeout>:
10006b4c:	b5f0      	push	{r4, r5, r6, r7, lr}
10006b4e:	46ce      	mov	lr, r9
10006b50:	4647      	mov	r7, r8
10006b52:	b580      	push	{r7, lr}
10006b54:	001d      	movs	r5, r3
10006b56:	4b34      	ldr	r3, [pc, #208]	@ (10006c28 <xPortLockInternalSpinUnlockWithBestEffortWaitOrTimeout+0xdc>)
10006b58:	0014      	movs	r4, r2
10006b5a:	781a      	ldrb	r2, [r3, #0]
10006b5c:	23d0      	movs	r3, #208	@ 0xd0
10006b5e:	061b      	lsls	r3, r3, #24
10006b60:	681b      	ldr	r3, [r3, #0]
10006b62:	4680      	mov	r8, r0
10006b64:	4689      	mov	r9, r1
10006b66:	b083      	sub	sp, #12
10006b68:	429a      	cmp	r2, r3
10006b6a:	d00f      	beq.n	10006b8c <xPortLockInternalSpinUnlockWithBestEffortWaitOrTimeout+0x40>
10006b6c:	6803      	ldr	r3, [r0, #0]
10006b6e:	f3bf 8f5f 	dmb	sy
10006b72:	2200      	movs	r2, #0
10006b74:	601a      	str	r2, [r3, #0]
10006b76:	f381 8810 	msr	PRIMASK, r1
10006b7a:	0020      	movs	r0, r4
10006b7c:	0029      	movs	r1, r5
10006b7e:	f7fa fabd 	bl	100010fc <best_effort_wfe_or_timeout>
10006b82:	b003      	add	sp, #12
10006b84:	bcc0      	pop	{r6, r7}
10006b86:	46b9      	mov	r9, r7
10006b88:	46b0      	mov	r8, r6
10006b8a:	bdf0      	pop	{r4, r5, r6, r7, pc}
10006b8c:	f7fa fb4e 	bl	1000122c <time_us_64>
10006b90:	0026      	movs	r6, r4
10006b92:	002f      	movs	r7, r5
10006b94:	1a36      	subs	r6, r6, r0
10006b96:	418f      	sbcs	r7, r1
10006b98:	2101      	movs	r1, #1
10006b9a:	4824      	ldr	r0, [pc, #144]	@ (10006c2c <xPortLockInternalSpinUnlockWithBestEffortWaitOrTimeout+0xe0>)
10006b9c:	4249      	negs	r1, r1
10006b9e:	1980      	adds	r0, r0, r6
10006ba0:	4179      	adcs	r1, r7
10006ba2:	4643      	mov	r3, r8
10006ba4:	681e      	ldr	r6, [r3, #0]
10006ba6:	2900      	cmp	r1, #0
10006ba8:	dc1e      	bgt.n	10006be8 <xPortLockInternalSpinUnlockWithBestEffortWaitOrTimeout+0x9c>
10006baa:	d019      	beq.n	10006be0 <xPortLockInternalSpinUnlockWithBestEffortWaitOrTimeout+0x94>
10006bac:	f3bf 8f5f 	dmb	sy
10006bb0:	2300      	movs	r3, #0
10006bb2:	6033      	str	r3, [r6, #0]
10006bb4:	f389 8810 	msr	PRIMASK, r9
10006bb8:	4b1d      	ldr	r3, [pc, #116]	@ (10006c30 <xPortLockInternalSpinUnlockWithBestEffortWaitOrTimeout+0xe4>)
10006bba:	6a5a      	ldr	r2, [r3, #36]	@ 0x24
10006bbc:	4295      	cmp	r5, r2
10006bbe:	d805      	bhi.n	10006bcc <xPortLockInternalSpinUnlockWithBestEffortWaitOrTimeout+0x80>
10006bc0:	6a9b      	ldr	r3, [r3, #40]	@ 0x28
10006bc2:	2001      	movs	r0, #1
10006bc4:	42a3      	cmp	r3, r4
10006bc6:	d2dc      	bcs.n	10006b82 <xPortLockInternalSpinUnlockWithBestEffortWaitOrTimeout+0x36>
10006bc8:	4295      	cmp	r5, r2
10006bca:	d1da      	bne.n	10006b82 <xPortLockInternalSpinUnlockWithBestEffortWaitOrTimeout+0x36>
10006bcc:	2280      	movs	r2, #128	@ 0x80
10006bce:	4b19      	ldr	r3, [pc, #100]	@ (10006c34 <xPortLockInternalSpinUnlockWithBestEffortWaitOrTimeout+0xe8>)
10006bd0:	0552      	lsls	r2, r2, #21
10006bd2:	601a      	str	r2, [r3, #0]
10006bd4:	f3bf 8f4f 	dsb	sy
10006bd8:	f3bf 8f6f 	isb	sy
10006bdc:	2000      	movs	r0, #0
10006bde:	e7d0      	b.n	10006b82 <xPortLockInternalSpinUnlockWithBestEffortWaitOrTimeout+0x36>
10006be0:	23fa      	movs	r3, #250	@ 0xfa
10006be2:	009b      	lsls	r3, r3, #2
10006be4:	4298      	cmp	r0, r3
10006be6:	d3e1      	bcc.n	10006bac <xPortLockInternalSpinUnlockWithBestEffortWaitOrTimeout+0x60>
10006be8:	22fa      	movs	r2, #250	@ 0xfa
10006bea:	2300      	movs	r3, #0
10006bec:	0092      	lsls	r2, r2, #2
10006bee:	f7fa feb3 	bl	10001958 <__wrap___aeabi_ldivmod>
10006bf2:	1e03      	subs	r3, r0, #0
10006bf4:	d0da      	beq.n	10006bac <xPortLockInternalSpinUnlockWithBestEffortWaitOrTimeout+0x60>
10006bf6:	f3bf 8f5f 	dmb	sy
10006bfa:	2200      	movs	r2, #0
10006bfc:	6032      	str	r2, [r6, #0]
10006bfe:	f389 8810 	msr	PRIMASK, r9
10006c02:	4a0d      	ldr	r2, [pc, #52]	@ (10006c38 <xPortLockInternalSpinUnlockWithBestEffortWaitOrTimeout+0xec>)
10006c04:	490d      	ldr	r1, [pc, #52]	@ (10006c3c <xPortLockInternalSpinUnlockWithBestEffortWaitOrTimeout+0xf0>)
10006c06:	6810      	ldr	r0, [r2, #0]
10006c08:	4642      	mov	r2, r8
10006c0a:	468c      	mov	ip, r1
10006c0c:	6812      	ldr	r2, [r2, #0]
10006c0e:	4462      	add	r2, ip
10006c10:	1096      	asrs	r6, r2, #2
10006c12:	2a5c      	cmp	r2, #92	@ 0x5c
10006c14:	d900      	bls.n	10006c18 <xPortLockInternalSpinUnlockWithBestEffortWaitOrTimeout+0xcc>
10006c16:	3e18      	subs	r6, #24
10006c18:	2101      	movs	r1, #1
10006c1a:	9300      	str	r3, [sp, #0]
10006c1c:	40b1      	lsls	r1, r6
10006c1e:	2300      	movs	r3, #0
10006c20:	2201      	movs	r2, #1
10006c22:	f000 f879 	bl	10006d18 <xEventGroupWaitBits>
10006c26:	e7c7      	b.n	10006bb8 <xPortLockInternalSpinUnlockWithBestEffortWaitOrTimeout+0x6c>
10006c28:	200010a5 	.word	0x200010a5
10006c2c:	fffffc18 	.word	0xfffffc18
10006c30:	40054000 	.word	0x40054000
10006c34:	e000ed04 	.word	0xe000ed04
10006c38:	20022410 	.word	0x20022410
10006c3c:	2fffff00 	.word	0x2fffff00

10006c40 <prvRuntimeInitializer>:
10006c40:	b510      	push	{r4, lr}
10006c42:	f7f9 fc6d 	bl	10000520 <next_striped_spin_lock_num>
10006c46:	4a05      	ldr	r2, [pc, #20]	@ (10006c5c <prvRuntimeInitializer+0x1c>)
10006c48:	4b05      	ldr	r3, [pc, #20]	@ (10006c60 <prvRuntimeInitializer+0x20>)
10006c4a:	4694      	mov	ip, r2
10006c4c:	4460      	add	r0, ip
10006c4e:	0080      	lsls	r0, r0, #2
10006c50:	6018      	str	r0, [r3, #0]
10006c52:	f000 f855 	bl	10006d00 <xEventGroupCreate>
10006c56:	4b03      	ldr	r3, [pc, #12]	@ (10006c64 <prvRuntimeInitializer+0x24>)
10006c58:	6018      	str	r0, [r3, #0]
10006c5a:	bd10      	pop	{r4, pc}
10006c5c:	34000040 	.word	0x34000040
10006c60:	20001fd8 	.word	0x20001fd8
10006c64:	20022410 	.word	0x20022410

10006c68 <vEventGroupSetBitsCallback>:
10006c68:	b5f8      	push	{r3, r4, r5, r6, r7, lr}
10006c6a:	46de      	mov	lr, fp
10006c6c:	4657      	mov	r7, sl
10006c6e:	464e      	mov	r6, r9
10006c70:	4645      	mov	r5, r8
10006c72:	b5e0      	push	{r5, r6, r7, lr}
10006c74:	0005      	movs	r5, r0
10006c76:	000f      	movs	r7, r1
10006c78:	0006      	movs	r6, r0
10006c7a:	f000 fef5 	bl	10007a68 <vTaskSuspendAll>
10006c7e:	682b      	ldr	r3, [r5, #0]
10006c80:	692c      	ldr	r4, [r5, #16]
10006c82:	0019      	movs	r1, r3
10006c84:	360c      	adds	r6, #12
10006c86:	4339      	orrs	r1, r7
10006c88:	468c      	mov	ip, r1
10006c8a:	6029      	str	r1, [r5, #0]
10006c8c:	42a6      	cmp	r6, r4
10006c8e:	d02d      	beq.n	10006cec <vEventGroupSetBitsCallback+0x84>
10006c90:	2300      	movs	r3, #0
10006c92:	4698      	mov	r8, r3
10006c94:	2380      	movs	r3, #128	@ 0x80
10006c96:	045b      	lsls	r3, r3, #17
10006c98:	469a      	mov	sl, r3
10006c9a:	2380      	movs	r3, #128	@ 0x80
10006c9c:	049b      	lsls	r3, r3, #18
10006c9e:	4699      	mov	r9, r3
10006ca0:	e011      	b.n	10006cc6 <vEventGroupSetBitsCallback+0x5e>
10006ca2:	465f      	mov	r7, fp
10006ca4:	2f00      	cmp	r7, #0
10006ca6:	d00b      	beq.n	10006cc0 <vEventGroupSetBitsCallback+0x58>
10006ca8:	4657      	mov	r7, sl
10006caa:	423a      	tst	r2, r7
10006cac:	d002      	beq.n	10006cb4 <vEventGroupSetBitsCallback+0x4c>
10006cae:	4642      	mov	r2, r8
10006cb0:	431a      	orrs	r2, r3
10006cb2:	4690      	mov	r8, r2
10006cb4:	464b      	mov	r3, r9
10006cb6:	4319      	orrs	r1, r3
10006cb8:	f001 f998 	bl	10007fec <vTaskRemoveFromUnorderedEventList>
10006cbc:	682b      	ldr	r3, [r5, #0]
10006cbe:	469c      	mov	ip, r3
10006cc0:	4661      	mov	r1, ip
10006cc2:	42a6      	cmp	r6, r4
10006cc4:	d010      	beq.n	10006ce8 <vEventGroupSetBitsCallback+0x80>
10006cc6:	0020      	movs	r0, r4
10006cc8:	000f      	movs	r7, r1
10006cca:	6802      	ldr	r2, [r0, #0]
10006ccc:	6864      	ldr	r4, [r4, #4]
10006cce:	0213      	lsls	r3, r2, #8
10006cd0:	0a1b      	lsrs	r3, r3, #8
10006cd2:	401f      	ands	r7, r3
10006cd4:	46bb      	mov	fp, r7
10006cd6:	2780      	movs	r7, #128	@ 0x80
10006cd8:	04ff      	lsls	r7, r7, #19
10006cda:	423a      	tst	r2, r7
10006cdc:	d0e1      	beq.n	10006ca2 <vEventGroupSetBitsCallback+0x3a>
10006cde:	455b      	cmp	r3, fp
10006ce0:	d0e2      	beq.n	10006ca8 <vEventGroupSetBitsCallback+0x40>
10006ce2:	4661      	mov	r1, ip
10006ce4:	42a6      	cmp	r6, r4
10006ce6:	d1ee      	bne.n	10006cc6 <vEventGroupSetBitsCallback+0x5e>
10006ce8:	4643      	mov	r3, r8
10006cea:	4399      	bics	r1, r3
10006cec:	6029      	str	r1, [r5, #0]
10006cee:	f000 fec3 	bl	10007a78 <xTaskResumeAll>
10006cf2:	bcf0      	pop	{r4, r5, r6, r7}
10006cf4:	46bb      	mov	fp, r7
10006cf6:	46b2      	mov	sl, r6
10006cf8:	46a9      	mov	r9, r5
10006cfa:	46a0      	mov	r8, r4
10006cfc:	bdf8      	pop	{r3, r4, r5, r6, r7, pc}
10006cfe:	46c0      	nop			@ (mov r8, r8)

10006d00 <xEventGroupCreate>:
10006d00:	b510      	push	{r4, lr}
10006d02:	201c      	movs	r0, #28
10006d04:	f7ff fc4a 	bl	1000659c <pvPortMalloc>
10006d08:	1e04      	subs	r4, r0, #0
10006d0a:	d003      	beq.n	10006d14 <xEventGroupCreate+0x14>
10006d0c:	2300      	movs	r3, #0
10006d0e:	c008      	stmia	r0!, {r3}
10006d10:	f000 f8be 	bl	10006e90 <vListInitialise>
10006d14:	0020      	movs	r0, r4
10006d16:	bd10      	pop	{r4, pc}

10006d18 <xEventGroupWaitBits>:
10006d18:	b5f0      	push	{r4, r5, r6, r7, lr}
10006d1a:	46c6      	mov	lr, r8
10006d1c:	000d      	movs	r5, r1
10006d1e:	0006      	movs	r6, r0
10006d20:	b500      	push	{lr}
10006d22:	001f      	movs	r7, r3
10006d24:	4690      	mov	r8, r2
10006d26:	f000 fe9f 	bl	10007a68 <vTaskSuspendAll>
10006d2a:	002b      	movs	r3, r5
10006d2c:	6834      	ldr	r4, [r6, #0]
10006d2e:	4023      	ands	r3, r4
10006d30:	2f00      	cmp	r7, #0
10006d32:	d10d      	bne.n	10006d50 <xEventGroupWaitBits+0x38>
10006d34:	2b00      	cmp	r3, #0
10006d36:	d028      	beq.n	10006d8a <xEventGroupWaitBits+0x72>
10006d38:	4643      	mov	r3, r8
10006d3a:	2b00      	cmp	r3, #0
10006d3c:	d028      	beq.n	10006d90 <xEventGroupWaitBits+0x78>
10006d3e:	0023      	movs	r3, r4
10006d40:	43ab      	bics	r3, r5
10006d42:	6033      	str	r3, [r6, #0]
10006d44:	f000 fe98 	bl	10007a78 <xTaskResumeAll>
10006d48:	0020      	movs	r0, r4
10006d4a:	bc80      	pop	{r7}
10006d4c:	46b8      	mov	r8, r7
10006d4e:	bdf0      	pop	{r4, r5, r6, r7, pc}
10006d50:	429d      	cmp	r5, r3
10006d52:	d0f1      	beq.n	10006d38 <xEventGroupWaitBits+0x20>
10006d54:	9b06      	ldr	r3, [sp, #24]
10006d56:	2b00      	cmp	r3, #0
10006d58:	d01a      	beq.n	10006d90 <xEventGroupWaitBits+0x78>
10006d5a:	4643      	mov	r3, r8
10006d5c:	2180      	movs	r1, #128	@ 0x80
10006d5e:	1e5a      	subs	r2, r3, #1
10006d60:	4193      	sbcs	r3, r2
10006d62:	04c9      	lsls	r1, r1, #19
10006d64:	061b      	lsls	r3, r3, #24
10006d66:	4319      	orrs	r1, r3
10006d68:	9a06      	ldr	r2, [sp, #24]
10006d6a:	4329      	orrs	r1, r5
10006d6c:	1d30      	adds	r0, r6, #4
10006d6e:	f000 fff5 	bl	10007d5c <vTaskPlaceOnUnorderedEventList>
10006d72:	f000 fe81 	bl	10007a78 <xTaskResumeAll>
10006d76:	2800      	cmp	r0, #0
10006d78:	d024      	beq.n	10006dc4 <xEventGroupWaitBits+0xac>
10006d7a:	f001 fa07 	bl	1000818c <uxTaskResetEventItemValue>
10006d7e:	0004      	movs	r4, r0
10006d80:	0183      	lsls	r3, r0, #6
10006d82:	d50d      	bpl.n	10006da0 <xEventGroupWaitBits+0x88>
10006d84:	0224      	lsls	r4, r4, #8
10006d86:	0a24      	lsrs	r4, r4, #8
10006d88:	e7de      	b.n	10006d48 <xEventGroupWaitBits+0x30>
10006d8a:	9b06      	ldr	r3, [sp, #24]
10006d8c:	2b00      	cmp	r3, #0
10006d8e:	d102      	bne.n	10006d96 <xEventGroupWaitBits+0x7e>
10006d90:	f000 fe72 	bl	10007a78 <xTaskResumeAll>
10006d94:	e7d8      	b.n	10006d48 <xEventGroupWaitBits+0x30>
10006d96:	4641      	mov	r1, r8
10006d98:	1e4b      	subs	r3, r1, #1
10006d9a:	4199      	sbcs	r1, r3
10006d9c:	0609      	lsls	r1, r1, #24
10006d9e:	e7e3      	b.n	10006d68 <xEventGroupWaitBits+0x50>
10006da0:	f7ff fd8e 	bl	100068c0 <vPortEnterCritical>
10006da4:	6834      	ldr	r4, [r6, #0]
10006da6:	0023      	movs	r3, r4
10006da8:	402b      	ands	r3, r5
10006daa:	2f00      	cmp	r7, #0
10006dac:	d10d      	bne.n	10006dca <xEventGroupWaitBits+0xb2>
10006dae:	2b00      	cmp	r3, #0
10006db0:	d005      	beq.n	10006dbe <xEventGroupWaitBits+0xa6>
10006db2:	4643      	mov	r3, r8
10006db4:	2b00      	cmp	r3, #0
10006db6:	d002      	beq.n	10006dbe <xEventGroupWaitBits+0xa6>
10006db8:	0023      	movs	r3, r4
10006dba:	43ab      	bics	r3, r5
10006dbc:	6033      	str	r3, [r6, #0]
10006dbe:	f7ff fd8b 	bl	100068d8 <vPortExitCritical>
10006dc2:	e7df      	b.n	10006d84 <xEventGroupWaitBits+0x6c>
10006dc4:	f7ff fd70 	bl	100068a8 <vPortYield>
10006dc8:	e7d7      	b.n	10006d7a <xEventGroupWaitBits+0x62>
10006dca:	429d      	cmp	r5, r3
10006dcc:	d1f7      	bne.n	10006dbe <xEventGroupWaitBits+0xa6>
10006dce:	e7f0      	b.n	10006db2 <xEventGroupWaitBits+0x9a>

10006dd0 <xEventGroupSetBits>:
10006dd0:	b5f0      	push	{r4, r5, r6, r7, lr}
10006dd2:	46de      	mov	lr, fp
10006dd4:	4657      	mov	r7, sl
10006dd6:	464e      	mov	r6, r9
10006dd8:	4645      	mov	r5, r8
10006dda:	b5e0      	push	{r5, r6, r7, lr}
10006ddc:	0005      	movs	r5, r0
10006dde:	b083      	sub	sp, #12
10006de0:	000c      	movs	r4, r1
10006de2:	0006      	movs	r6, r0
10006de4:	9001      	str	r0, [sp, #4]
10006de6:	f000 fe3f 	bl	10007a68 <vTaskSuspendAll>
10006dea:	002b      	movs	r3, r5
10006dec:	6819      	ldr	r1, [r3, #0]
10006dee:	692d      	ldr	r5, [r5, #16]
10006df0:	430c      	orrs	r4, r1
10006df2:	360c      	adds	r6, #12
10006df4:	0037      	movs	r7, r6
10006df6:	0021      	movs	r1, r4
10006df8:	601c      	str	r4, [r3, #0]
10006dfa:	42ae      	cmp	r6, r5
10006dfc:	d02f      	beq.n	10006e5e <xEventGroupSetBits+0x8e>
10006dfe:	2300      	movs	r3, #0
10006e00:	4699      	mov	r9, r3
10006e02:	2380      	movs	r3, #128	@ 0x80
10006e04:	04db      	lsls	r3, r3, #19
10006e06:	4698      	mov	r8, r3
10006e08:	2380      	movs	r3, #128	@ 0x80
10006e0a:	045b      	lsls	r3, r3, #17
10006e0c:	469b      	mov	fp, r3
10006e0e:	2380      	movs	r3, #128	@ 0x80
10006e10:	049b      	lsls	r3, r3, #18
10006e12:	469a      	mov	sl, r3
10006e14:	e011      	b.n	10006e3a <xEventGroupSetBits+0x6a>
10006e16:	4666      	mov	r6, ip
10006e18:	2e00      	cmp	r6, #0
10006e1a:	d00b      	beq.n	10006e34 <xEventGroupSetBits+0x64>
10006e1c:	4659      	mov	r1, fp
10006e1e:	420a      	tst	r2, r1
10006e20:	d002      	beq.n	10006e28 <xEventGroupSetBits+0x58>
10006e22:	464a      	mov	r2, r9
10006e24:	431a      	orrs	r2, r3
10006e26:	4691      	mov	r9, r2
10006e28:	4651      	mov	r1, sl
10006e2a:	4321      	orrs	r1, r4
10006e2c:	f001 f8de 	bl	10007fec <vTaskRemoveFromUnorderedEventList>
10006e30:	9b01      	ldr	r3, [sp, #4]
10006e32:	6819      	ldr	r1, [r3, #0]
10006e34:	000c      	movs	r4, r1
10006e36:	42af      	cmp	r7, r5
10006e38:	d00f      	beq.n	10006e5a <xEventGroupSetBits+0x8a>
10006e3a:	0028      	movs	r0, r5
10006e3c:	0026      	movs	r6, r4
10006e3e:	6802      	ldr	r2, [r0, #0]
10006e40:	686d      	ldr	r5, [r5, #4]
10006e42:	0213      	lsls	r3, r2, #8
10006e44:	0a1b      	lsrs	r3, r3, #8
10006e46:	401e      	ands	r6, r3
10006e48:	46b4      	mov	ip, r6
10006e4a:	4646      	mov	r6, r8
10006e4c:	4232      	tst	r2, r6
10006e4e:	d0e2      	beq.n	10006e16 <xEventGroupSetBits+0x46>
10006e50:	4563      	cmp	r3, ip
10006e52:	d0e3      	beq.n	10006e1c <xEventGroupSetBits+0x4c>
10006e54:	000c      	movs	r4, r1
10006e56:	42af      	cmp	r7, r5
10006e58:	d1ef      	bne.n	10006e3a <xEventGroupSetBits+0x6a>
10006e5a:	464b      	mov	r3, r9
10006e5c:	439c      	bics	r4, r3
10006e5e:	9b01      	ldr	r3, [sp, #4]
10006e60:	601c      	str	r4, [r3, #0]
10006e62:	f000 fe09 	bl	10007a78 <xTaskResumeAll>
10006e66:	0020      	movs	r0, r4
10006e68:	b003      	add	sp, #12
10006e6a:	bcf0      	pop	{r4, r5, r6, r7}
10006e6c:	46bb      	mov	fp, r7
10006e6e:	46b2      	mov	sl, r6
10006e70:	46a9      	mov	r9, r5
10006e72:	46a0      	mov	r8, r4
10006e74:	bdf0      	pop	{r4, r5, r6, r7, pc}
10006e76:	46c0      	nop			@ (mov r8, r8)

10006e78 <xEventGroupSetBitsFromISR>:
10006e78:	b510      	push	{r4, lr}
10006e7a:	4c04      	ldr	r4, [pc, #16]	@ (10006e8c <xEventGroupSetBitsFromISR+0x14>)
10006e7c:	0013      	movs	r3, r2
10006e7e:	000a      	movs	r2, r1
10006e80:	0001      	movs	r1, r0
10006e82:	0020      	movs	r0, r4
10006e84:	f001 fba2 	bl	100085cc <xTimerPendFunctionCallFromISR>
10006e88:	bd10      	pop	{r4, pc}
10006e8a:	46c0      	nop			@ (mov r8, r8)
10006e8c:	10006c69 	.word	0x10006c69

10006e90 <vListInitialise>:
10006e90:	0003      	movs	r3, r0
10006e92:	3308      	adds	r3, #8
10006e94:	2201      	movs	r2, #1
10006e96:	6043      	str	r3, [r0, #4]
10006e98:	60c3      	str	r3, [r0, #12]
10006e9a:	6103      	str	r3, [r0, #16]
10006e9c:	2300      	movs	r3, #0
10006e9e:	4252      	negs	r2, r2
10006ea0:	6082      	str	r2, [r0, #8]
10006ea2:	6003      	str	r3, [r0, #0]
10006ea4:	4770      	bx	lr
10006ea6:	46c0      	nop			@ (mov r8, r8)

10006ea8 <vListInitialiseItem>:
10006ea8:	2300      	movs	r3, #0
10006eaa:	6103      	str	r3, [r0, #16]
10006eac:	4770      	bx	lr
10006eae:	46c0      	nop			@ (mov r8, r8)

10006eb0 <vListInsert>:
10006eb0:	0003      	movs	r3, r0
10006eb2:	b530      	push	{r4, r5, lr}
10006eb4:	680d      	ldr	r5, [r1, #0]
10006eb6:	3308      	adds	r3, #8
10006eb8:	1c6a      	adds	r2, r5, #1
10006eba:	d00d      	beq.n	10006ed8 <vListInsert+0x28>
10006ebc:	001c      	movs	r4, r3
10006ebe:	685b      	ldr	r3, [r3, #4]
10006ec0:	681a      	ldr	r2, [r3, #0]
10006ec2:	42aa      	cmp	r2, r5
10006ec4:	d9fa      	bls.n	10006ebc <vListInsert+0xc>
10006ec6:	604b      	str	r3, [r1, #4]
10006ec8:	6099      	str	r1, [r3, #8]
10006eca:	6803      	ldr	r3, [r0, #0]
10006ecc:	608c      	str	r4, [r1, #8]
10006ece:	3301      	adds	r3, #1
10006ed0:	6061      	str	r1, [r4, #4]
10006ed2:	6108      	str	r0, [r1, #16]
10006ed4:	6003      	str	r3, [r0, #0]
10006ed6:	bd30      	pop	{r4, r5, pc}
10006ed8:	6904      	ldr	r4, [r0, #16]
10006eda:	6863      	ldr	r3, [r4, #4]
10006edc:	e7f3      	b.n	10006ec6 <vListInsert+0x16>
10006ede:	46c0      	nop			@ (mov r8, r8)

10006ee0 <uxListRemove>:
10006ee0:	6903      	ldr	r3, [r0, #16]
10006ee2:	6841      	ldr	r1, [r0, #4]
10006ee4:	6882      	ldr	r2, [r0, #8]
10006ee6:	608a      	str	r2, [r1, #8]
10006ee8:	6051      	str	r1, [r2, #4]
10006eea:	6859      	ldr	r1, [r3, #4]
10006eec:	4281      	cmp	r1, r0
10006eee:	d005      	beq.n	10006efc <uxListRemove+0x1c>
10006ef0:	2200      	movs	r2, #0
10006ef2:	6102      	str	r2, [r0, #16]
10006ef4:	6818      	ldr	r0, [r3, #0]
10006ef6:	3801      	subs	r0, #1
10006ef8:	6018      	str	r0, [r3, #0]
10006efa:	4770      	bx	lr
10006efc:	605a      	str	r2, [r3, #4]
10006efe:	e7f7      	b.n	10006ef0 <uxListRemove+0x10>

10006f00 <prvUnlockQueue>:
10006f00:	b5f0      	push	{r4, r5, r6, r7, lr}
10006f02:	46de      	mov	lr, fp
10006f04:	464e      	mov	r6, r9
10006f06:	4657      	mov	r7, sl
10006f08:	4645      	mov	r5, r8
10006f0a:	b5e0      	push	{r5, r6, r7, lr}
10006f0c:	b085      	sub	sp, #20
10006f0e:	0006      	movs	r6, r0
10006f10:	f7ff fcd6 	bl	100068c0 <vPortEnterCritical>
10006f14:	2345      	movs	r3, #69	@ 0x45
10006f16:	5cf4      	ldrb	r4, [r6, r3]
10006f18:	b264      	sxtb	r4, r4
10006f1a:	2c00      	cmp	r4, #0
10006f1c:	dd21      	ble.n	10006f62 <prvUnlockQueue+0x62>
10006f1e:	3b21      	subs	r3, #33	@ 0x21
10006f20:	4699      	mov	r9, r3
10006f22:	3321      	adds	r3, #33	@ 0x21
10006f24:	469a      	mov	sl, r3
10006f26:	44b1      	add	r9, r6
10006f28:	e009      	b.n	10006f3e <prvUnlockQueue+0x3e>
10006f2a:	6baa      	ldr	r2, [r5, #56]	@ 0x38
10006f2c:	6beb      	ldr	r3, [r5, #60]	@ 0x3c
10006f2e:	9603      	str	r6, [sp, #12]
10006f30:	429a      	cmp	r2, r3
10006f32:	d345      	bcc.n	10006fc0 <prvUnlockQueue+0xc0>
10006f34:	3c01      	subs	r4, #1
10006f36:	b2e3      	uxtb	r3, r4
10006f38:	b264      	sxtb	r4, r4
10006f3a:	2b00      	cmp	r3, #0
10006f3c:	d011      	beq.n	10006f62 <prvUnlockQueue+0x62>
10006f3e:	6cb5      	ldr	r5, [r6, #72]	@ 0x48
10006f40:	2d00      	cmp	r5, #0
10006f42:	d1f2      	bne.n	10006f2a <prvUnlockQueue+0x2a>
10006f44:	6a73      	ldr	r3, [r6, #36]	@ 0x24
10006f46:	2b00      	cmp	r3, #0
10006f48:	d00b      	beq.n	10006f62 <prvUnlockQueue+0x62>
10006f4a:	4648      	mov	r0, r9
10006f4c:	f000 ffe2 	bl	10007f14 <xTaskRemoveFromEventList>
10006f50:	2800      	cmp	r0, #0
10006f52:	d0ef      	beq.n	10006f34 <prvUnlockQueue+0x34>
10006f54:	f001 f8dc 	bl	10008110 <vTaskMissedYield>
10006f58:	3c01      	subs	r4, #1
10006f5a:	b2e3      	uxtb	r3, r4
10006f5c:	b264      	sxtb	r4, r4
10006f5e:	2b00      	cmp	r3, #0
10006f60:	d1ed      	bne.n	10006f3e <prvUnlockQueue+0x3e>
10006f62:	2345      	movs	r3, #69	@ 0x45
10006f64:	22ff      	movs	r2, #255	@ 0xff
10006f66:	54f2      	strb	r2, [r6, r3]
10006f68:	f7ff fcb6 	bl	100068d8 <vPortExitCritical>
10006f6c:	f7ff fca8 	bl	100068c0 <vPortEnterCritical>
10006f70:	2344      	movs	r3, #68	@ 0x44
10006f72:	0035      	movs	r5, r6
10006f74:	5cf4      	ldrb	r4, [r6, r3]
10006f76:	3510      	adds	r5, #16
10006f78:	b264      	sxtb	r4, r4
10006f7a:	2c00      	cmp	r4, #0
10006f7c:	dc05      	bgt.n	10006f8a <prvUnlockQueue+0x8a>
10006f7e:	e013      	b.n	10006fa8 <prvUnlockQueue+0xa8>
10006f80:	3c01      	subs	r4, #1
10006f82:	b2e2      	uxtb	r2, r4
10006f84:	b264      	sxtb	r4, r4
10006f86:	2a00      	cmp	r2, #0
10006f88:	d00e      	beq.n	10006fa8 <prvUnlockQueue+0xa8>
10006f8a:	6933      	ldr	r3, [r6, #16]
10006f8c:	2b00      	cmp	r3, #0
10006f8e:	d00b      	beq.n	10006fa8 <prvUnlockQueue+0xa8>
10006f90:	0028      	movs	r0, r5
10006f92:	f000 ffbf 	bl	10007f14 <xTaskRemoveFromEventList>
10006f96:	2800      	cmp	r0, #0
10006f98:	d0f2      	beq.n	10006f80 <prvUnlockQueue+0x80>
10006f9a:	3c01      	subs	r4, #1
10006f9c:	f001 f8b8 	bl	10008110 <vTaskMissedYield>
10006fa0:	b2e2      	uxtb	r2, r4
10006fa2:	b264      	sxtb	r4, r4
10006fa4:	2a00      	cmp	r2, #0
10006fa6:	d1f0      	bne.n	10006f8a <prvUnlockQueue+0x8a>
10006fa8:	2344      	movs	r3, #68	@ 0x44
10006faa:	22ff      	movs	r2, #255	@ 0xff
10006fac:	54f2      	strb	r2, [r6, r3]
10006fae:	f7ff fc93 	bl	100068d8 <vPortExitCritical>
10006fb2:	b005      	add	sp, #20
10006fb4:	bcf0      	pop	{r4, r5, r6, r7}
10006fb6:	46bb      	mov	fp, r7
10006fb8:	46b2      	mov	sl, r6
10006fba:	46a9      	mov	r9, r5
10006fbc:	46a0      	mov	r8, r4
10006fbe:	bdf0      	pop	{r4, r5, r6, r7, pc}
10006fc0:	4653      	mov	r3, sl
10006fc2:	5cef      	ldrb	r7, [r5, r3]
10006fc4:	6bab      	ldr	r3, [r5, #56]	@ 0x38
10006fc6:	6c2a      	ldr	r2, [r5, #64]	@ 0x40
10006fc8:	3301      	adds	r3, #1
10006fca:	4698      	mov	r8, r3
10006fcc:	b27f      	sxtb	r7, r7
10006fce:	2a00      	cmp	r2, #0
10006fd0:	d113      	bne.n	10006ffa <prvUnlockQueue+0xfa>
10006fd2:	682b      	ldr	r3, [r5, #0]
10006fd4:	469b      	mov	fp, r3
10006fd6:	2b00      	cmp	r3, #0
10006fd8:	d02a      	beq.n	10007030 <prvUnlockQueue+0x130>
10006fda:	4643      	mov	r3, r8
10006fdc:	63ab      	str	r3, [r5, #56]	@ 0x38
10006fde:	1c7b      	adds	r3, r7, #1
10006fe0:	d11c      	bne.n	1000701c <prvUnlockQueue+0x11c>
10006fe2:	6a6b      	ldr	r3, [r5, #36]	@ 0x24
10006fe4:	2b00      	cmp	r3, #0
10006fe6:	d0a5      	beq.n	10006f34 <prvUnlockQueue+0x34>
10006fe8:	0028      	movs	r0, r5
10006fea:	3024      	adds	r0, #36	@ 0x24
10006fec:	f000 ff92 	bl	10007f14 <xTaskRemoveFromEventList>
10006ff0:	2800      	cmp	r0, #0
10006ff2:	d09f      	beq.n	10006f34 <prvUnlockQueue+0x34>
10006ff4:	f001 f88c 	bl	10008110 <vTaskMissedYield>
10006ff8:	e7ae      	b.n	10006f58 <prvUnlockQueue+0x58>
10006ffa:	6868      	ldr	r0, [r5, #4]
10006ffc:	a903      	add	r1, sp, #12
10006ffe:	f7fb f85b 	bl	100020b8 <__wrap___aeabi_memcpy>
10007002:	686b      	ldr	r3, [r5, #4]
10007004:	6c2a      	ldr	r2, [r5, #64]	@ 0x40
10007006:	189b      	adds	r3, r3, r2
10007008:	68aa      	ldr	r2, [r5, #8]
1000700a:	606b      	str	r3, [r5, #4]
1000700c:	4293      	cmp	r3, r2
1000700e:	d3e4      	bcc.n	10006fda <prvUnlockQueue+0xda>
10007010:	682b      	ldr	r3, [r5, #0]
10007012:	606b      	str	r3, [r5, #4]
10007014:	4643      	mov	r3, r8
10007016:	63ab      	str	r3, [r5, #56]	@ 0x38
10007018:	1c7b      	adds	r3, r7, #1
1000701a:	d0e2      	beq.n	10006fe2 <prvUnlockQueue+0xe2>
1000701c:	f000 fdf8 	bl	10007c10 <uxTaskGetNumberOfTasks>
10007020:	42b8      	cmp	r0, r7
10007022:	d800      	bhi.n	10007026 <prvUnlockQueue+0x126>
10007024:	e786      	b.n	10006f34 <prvUnlockQueue+0x34>
10007026:	4653      	mov	r3, sl
10007028:	3701      	adds	r7, #1
1000702a:	b27f      	sxtb	r7, r7
1000702c:	54ef      	strb	r7, [r5, r3]
1000702e:	e781      	b.n	10006f34 <prvUnlockQueue+0x34>
10007030:	68a8      	ldr	r0, [r5, #8]
10007032:	f001 f879 	bl	10008128 <xTaskPriorityDisinherit>
10007036:	465b      	mov	r3, fp
10007038:	60ab      	str	r3, [r5, #8]
1000703a:	4643      	mov	r3, r8
1000703c:	9001      	str	r0, [sp, #4]
1000703e:	63ab      	str	r3, [r5, #56]	@ 0x38
10007040:	1c7b      	adds	r3, r7, #1
10007042:	d109      	bne.n	10007058 <prvUnlockQueue+0x158>
10007044:	6a6b      	ldr	r3, [r5, #36]	@ 0x24
10007046:	2b00      	cmp	r3, #0
10007048:	d10f      	bne.n	1000706a <prvUnlockQueue+0x16a>
1000704a:	9b01      	ldr	r3, [sp, #4]
1000704c:	2b00      	cmp	r3, #0
1000704e:	d100      	bne.n	10007052 <prvUnlockQueue+0x152>
10007050:	e770      	b.n	10006f34 <prvUnlockQueue+0x34>
10007052:	f001 f85d 	bl	10008110 <vTaskMissedYield>
10007056:	e77f      	b.n	10006f58 <prvUnlockQueue+0x58>
10007058:	f000 fdda 	bl	10007c10 <uxTaskGetNumberOfTasks>
1000705c:	42b8      	cmp	r0, r7
1000705e:	d9f4      	bls.n	1000704a <prvUnlockQueue+0x14a>
10007060:	4653      	mov	r3, sl
10007062:	3701      	adds	r7, #1
10007064:	b27f      	sxtb	r7, r7
10007066:	54ef      	strb	r7, [r5, r3]
10007068:	e7ef      	b.n	1000704a <prvUnlockQueue+0x14a>
1000706a:	0028      	movs	r0, r5
1000706c:	3024      	adds	r0, #36	@ 0x24
1000706e:	f000 ff51 	bl	10007f14 <xTaskRemoveFromEventList>
10007072:	2800      	cmp	r0, #0
10007074:	d000      	beq.n	10007078 <prvUnlockQueue+0x178>
10007076:	e76d      	b.n	10006f54 <prvUnlockQueue+0x54>
10007078:	e7e7      	b.n	1000704a <prvUnlockQueue+0x14a>
1000707a:	46c0      	nop			@ (mov r8, r8)

1000707c <prvNotifyQueueSetContainer>:
1000707c:	b5f0      	push	{r4, r5, r6, r7, lr}
1000707e:	46c6      	mov	lr, r8
10007080:	b500      	push	{lr}
10007082:	6c84      	ldr	r4, [r0, #72]	@ 0x48
10007084:	b082      	sub	sp, #8
10007086:	6ba2      	ldr	r2, [r4, #56]	@ 0x38
10007088:	6be3      	ldr	r3, [r4, #60]	@ 0x3c
1000708a:	2500      	movs	r5, #0
1000708c:	9001      	str	r0, [sp, #4]
1000708e:	429a      	cmp	r2, r3
10007090:	d304      	bcc.n	1000709c <prvNotifyQueueSetContainer+0x20>
10007092:	0028      	movs	r0, r5
10007094:	b002      	add	sp, #8
10007096:	bc80      	pop	{r7}
10007098:	46b8      	mov	r8, r7
1000709a:	bdf0      	pop	{r4, r5, r6, r7, pc}
1000709c:	2345      	movs	r3, #69	@ 0x45
1000709e:	6c22      	ldr	r2, [r4, #64]	@ 0x40
100070a0:	5ce6      	ldrb	r6, [r4, r3]
100070a2:	6ba7      	ldr	r7, [r4, #56]	@ 0x38
100070a4:	b276      	sxtb	r6, r6
100070a6:	2a00      	cmp	r2, #0
100070a8:	d01c      	beq.n	100070e4 <prvNotifyQueueSetContainer+0x68>
100070aa:	6860      	ldr	r0, [r4, #4]
100070ac:	a901      	add	r1, sp, #4
100070ae:	f7fb f803 	bl	100020b8 <__wrap___aeabi_memcpy>
100070b2:	6863      	ldr	r3, [r4, #4]
100070b4:	6c22      	ldr	r2, [r4, #64]	@ 0x40
100070b6:	189b      	adds	r3, r3, r2
100070b8:	68a2      	ldr	r2, [r4, #8]
100070ba:	6063      	str	r3, [r4, #4]
100070bc:	4293      	cmp	r3, r2
100070be:	d301      	bcc.n	100070c4 <prvNotifyQueueSetContainer+0x48>
100070c0:	6823      	ldr	r3, [r4, #0]
100070c2:	6063      	str	r3, [r4, #4]
100070c4:	2500      	movs	r5, #0
100070c6:	3701      	adds	r7, #1
100070c8:	63a7      	str	r7, [r4, #56]	@ 0x38
100070ca:	1c73      	adds	r3, r6, #1
100070cc:	d115      	bne.n	100070fa <prvNotifyQueueSetContainer+0x7e>
100070ce:	6a63      	ldr	r3, [r4, #36]	@ 0x24
100070d0:	2b00      	cmp	r3, #0
100070d2:	d0de      	beq.n	10007092 <prvNotifyQueueSetContainer+0x16>
100070d4:	0020      	movs	r0, r4
100070d6:	3024      	adds	r0, #36	@ 0x24
100070d8:	f000 ff1c 	bl	10007f14 <xTaskRemoveFromEventList>
100070dc:	2800      	cmp	r0, #0
100070de:	d0d8      	beq.n	10007092 <prvNotifyQueueSetContainer+0x16>
100070e0:	2501      	movs	r5, #1
100070e2:	e7d6      	b.n	10007092 <prvNotifyQueueSetContainer+0x16>
100070e4:	6823      	ldr	r3, [r4, #0]
100070e6:	4698      	mov	r8, r3
100070e8:	2b00      	cmp	r3, #0
100070ea:	d1eb      	bne.n	100070c4 <prvNotifyQueueSetContainer+0x48>
100070ec:	68a0      	ldr	r0, [r4, #8]
100070ee:	f001 f81b 	bl	10008128 <xTaskPriorityDisinherit>
100070f2:	4643      	mov	r3, r8
100070f4:	0005      	movs	r5, r0
100070f6:	60a3      	str	r3, [r4, #8]
100070f8:	e7e5      	b.n	100070c6 <prvNotifyQueueSetContainer+0x4a>
100070fa:	f000 fd89 	bl	10007c10 <uxTaskGetNumberOfTasks>
100070fe:	4286      	cmp	r6, r0
10007100:	d2c7      	bcs.n	10007092 <prvNotifyQueueSetContainer+0x16>
10007102:	2345      	movs	r3, #69	@ 0x45
10007104:	3601      	adds	r6, #1
10007106:	b276      	sxtb	r6, r6
10007108:	54e6      	strb	r6, [r4, r3]
1000710a:	e7c2      	b.n	10007092 <prvNotifyQueueSetContainer+0x16>

1000710c <xQueueGenericCreate>:
1000710c:	b5f8      	push	{r3, r4, r5, r6, r7, lr}
1000710e:	0005      	movs	r5, r0
10007110:	000e      	movs	r6, r1
10007112:	0017      	movs	r7, r2
10007114:	2800      	cmp	r0, #0
10007116:	d041      	beq.n	1000719c <xQueueGenericCreate+0x90>
10007118:	0c03      	lsrs	r3, r0, #16
1000711a:	0c0a      	lsrs	r2, r1, #16
1000711c:	2b00      	cmp	r3, #0
1000711e:	d142      	bne.n	100071a6 <xQueueGenericCreate+0x9a>
10007120:	2a00      	cmp	r2, #0
10007122:	d130      	bne.n	10007186 <xQueueGenericCreate+0x7a>
10007124:	0030      	movs	r0, r6
10007126:	4368      	muls	r0, r5
10007128:	0003      	movs	r3, r0
1000712a:	3355      	adds	r3, #85	@ 0x55
1000712c:	d836      	bhi.n	1000719c <xQueueGenericCreate+0x90>
1000712e:	3054      	adds	r0, #84	@ 0x54
10007130:	f7ff fa34 	bl	1000659c <pvPortMalloc>
10007134:	1e04      	subs	r4, r0, #0
10007136:	d031      	beq.n	1000719c <xQueueGenericCreate+0x90>
10007138:	0003      	movs	r3, r0
1000713a:	2e00      	cmp	r6, #0
1000713c:	d131      	bne.n	100071a2 <xQueueGenericCreate+0x96>
1000713e:	6023      	str	r3, [r4, #0]
10007140:	63e5      	str	r5, [r4, #60]	@ 0x3c
10007142:	6426      	str	r6, [r4, #64]	@ 0x40
10007144:	f7ff fbbc 	bl	100068c0 <vPortEnterCritical>
10007148:	6c21      	ldr	r1, [r4, #64]	@ 0x40
1000714a:	6be3      	ldr	r3, [r4, #60]	@ 0x3c
1000714c:	6822      	ldr	r2, [r4, #0]
1000714e:	434b      	muls	r3, r1
10007150:	18d0      	adds	r0, r2, r3
10007152:	1a5b      	subs	r3, r3, r1
10007154:	6062      	str	r2, [r4, #4]
10007156:	18d2      	adds	r2, r2, r3
10007158:	60e2      	str	r2, [r4, #12]
1000715a:	23ff      	movs	r3, #255	@ 0xff
1000715c:	2500      	movs	r5, #0
1000715e:	2244      	movs	r2, #68	@ 0x44
10007160:	60a0      	str	r0, [r4, #8]
10007162:	0020      	movs	r0, r4
10007164:	63a5      	str	r5, [r4, #56]	@ 0x38
10007166:	54a3      	strb	r3, [r4, r2]
10007168:	3201      	adds	r2, #1
1000716a:	54a3      	strb	r3, [r4, r2]
1000716c:	3010      	adds	r0, #16
1000716e:	f7ff fe8f 	bl	10006e90 <vListInitialise>
10007172:	0020      	movs	r0, r4
10007174:	3024      	adds	r0, #36	@ 0x24
10007176:	f7ff fe8b 	bl	10006e90 <vListInitialise>
1000717a:	f7ff fbad 	bl	100068d8 <vPortExitCritical>
1000717e:	2350      	movs	r3, #80	@ 0x50
10007180:	54e7      	strb	r7, [r4, r3]
10007182:	64a5      	str	r5, [r4, #72]	@ 0x48
10007184:	e00b      	b.n	1000719e <xQueueGenericCreate+0x92>
10007186:	1c13      	adds	r3, r2, #0
10007188:	b2a9      	uxth	r1, r5
1000718a:	b2b2      	uxth	r2, r6
1000718c:	434a      	muls	r2, r1
1000718e:	b280      	uxth	r0, r0
10007190:	b29b      	uxth	r3, r3
10007192:	4343      	muls	r3, r0
10007194:	0c12      	lsrs	r2, r2, #16
10007196:	189b      	adds	r3, r3, r2
10007198:	0c1b      	lsrs	r3, r3, #16
1000719a:	d0c3      	beq.n	10007124 <xQueueGenericCreate+0x18>
1000719c:	2400      	movs	r4, #0
1000719e:	0020      	movs	r0, r4
100071a0:	bdf8      	pop	{r3, r4, r5, r6, r7, pc}
100071a2:	3354      	adds	r3, #84	@ 0x54
100071a4:	e7cb      	b.n	1000713e <xQueueGenericCreate+0x32>
100071a6:	2a00      	cmp	r2, #0
100071a8:	d1f8      	bne.n	1000719c <xQueueGenericCreate+0x90>
100071aa:	1c08      	adds	r0, r1, #0
100071ac:	e7ec      	b.n	10007188 <xQueueGenericCreate+0x7c>
100071ae:	46c0      	nop			@ (mov r8, r8)

100071b0 <xQueueGenericSendFromISR>:
100071b0:	b5f8      	push	{r3, r4, r5, r6, r7, lr}
100071b2:	4657      	mov	r7, sl
100071b4:	46de      	mov	lr, fp
100071b6:	464e      	mov	r6, r9
100071b8:	4645      	mov	r5, r8
100071ba:	0004      	movs	r4, r0
100071bc:	b5e0      	push	{r5, r6, r7, lr}
100071be:	4692      	mov	sl, r2
100071c0:	001d      	movs	r5, r3
100071c2:	000f      	movs	r7, r1
100071c4:	f7ff fb92 	bl	100068ec <ulSetInterruptMaskFromISR>
100071c8:	6ba2      	ldr	r2, [r4, #56]	@ 0x38
100071ca:	6be3      	ldr	r3, [r4, #60]	@ 0x3c
100071cc:	0006      	movs	r6, r0
100071ce:	429a      	cmp	r2, r3
100071d0:	d33b      	bcc.n	1000724a <xQueueGenericSendFromISR+0x9a>
100071d2:	2300      	movs	r3, #0
100071d4:	4698      	mov	r8, r3
100071d6:	2d02      	cmp	r5, #2
100071d8:	d009      	beq.n	100071ee <xQueueGenericSendFromISR+0x3e>
100071da:	0030      	movs	r0, r6
100071dc:	f7ff fb8a 	bl	100068f4 <vClearInterruptMaskFromISR>
100071e0:	4640      	mov	r0, r8
100071e2:	bcf0      	pop	{r4, r5, r6, r7}
100071e4:	46bb      	mov	fp, r7
100071e6:	46b2      	mov	sl, r6
100071e8:	46a9      	mov	r9, r5
100071ea:	46a0      	mov	r8, r4
100071ec:	bdf8      	pop	{r3, r4, r5, r6, r7, pc}
100071ee:	3345      	adds	r3, #69	@ 0x45
100071f0:	5ce3      	ldrb	r3, [r4, r3]
100071f2:	6c22      	ldr	r2, [r4, #64]	@ 0x40
100071f4:	b25b      	sxtb	r3, r3
100071f6:	4698      	mov	r8, r3
100071f8:	6ba3      	ldr	r3, [r4, #56]	@ 0x38
100071fa:	469b      	mov	fp, r3
100071fc:	6ba3      	ldr	r3, [r4, #56]	@ 0x38
100071fe:	4699      	mov	r9, r3
10007200:	2a00      	cmp	r2, #0
10007202:	d02d      	beq.n	10007260 <xQueueGenericSendFromISR+0xb0>
10007204:	0039      	movs	r1, r7
10007206:	68e0      	ldr	r0, [r4, #12]
10007208:	f7fa ff56 	bl	100020b8 <__wrap___aeabi_memcpy>
1000720c:	6c22      	ldr	r2, [r4, #64]	@ 0x40
1000720e:	68e3      	ldr	r3, [r4, #12]
10007210:	4251      	negs	r1, r2
10007212:	1a9b      	subs	r3, r3, r2
10007214:	6822      	ldr	r2, [r4, #0]
10007216:	60e3      	str	r3, [r4, #12]
10007218:	4293      	cmp	r3, r2
1000721a:	d202      	bcs.n	10007222 <xQueueGenericSendFromISR+0x72>
1000721c:	68a3      	ldr	r3, [r4, #8]
1000721e:	185b      	adds	r3, r3, r1
10007220:	60e3      	str	r3, [r4, #12]
10007222:	464b      	mov	r3, r9
10007224:	2d02      	cmp	r5, #2
10007226:	d051      	beq.n	100072cc <xQueueGenericSendFromISR+0x11c>
10007228:	3301      	adds	r3, #1
1000722a:	63a3      	str	r3, [r4, #56]	@ 0x38
1000722c:	4643      	mov	r3, r8
1000722e:	3301      	adds	r3, #1
10007230:	d03d      	beq.n	100072ae <xQueueGenericSendFromISR+0xfe>
10007232:	f000 fced 	bl	10007c10 <uxTaskGetNumberOfTasks>
10007236:	4580      	cmp	r8, r0
10007238:	d204      	bcs.n	10007244 <xQueueGenericSendFromISR+0x94>
1000723a:	4643      	mov	r3, r8
1000723c:	2245      	movs	r2, #69	@ 0x45
1000723e:	3301      	adds	r3, #1
10007240:	b25b      	sxtb	r3, r3
10007242:	54a3      	strb	r3, [r4, r2]
10007244:	2301      	movs	r3, #1
10007246:	4698      	mov	r8, r3
10007248:	e7c7      	b.n	100071da <xQueueGenericSendFromISR+0x2a>
1000724a:	2345      	movs	r3, #69	@ 0x45
1000724c:	5ce3      	ldrb	r3, [r4, r3]
1000724e:	6c22      	ldr	r2, [r4, #64]	@ 0x40
10007250:	b25b      	sxtb	r3, r3
10007252:	4698      	mov	r8, r3
10007254:	6ba3      	ldr	r3, [r4, #56]	@ 0x38
10007256:	469b      	mov	fp, r3
10007258:	6ba3      	ldr	r3, [r4, #56]	@ 0x38
1000725a:	4699      	mov	r9, r3
1000725c:	2a00      	cmp	r2, #0
1000725e:	d111      	bne.n	10007284 <xQueueGenericSendFromISR+0xd4>
10007260:	6827      	ldr	r7, [r4, #0]
10007262:	2f00      	cmp	r7, #0
10007264:	d046      	beq.n	100072f4 <xQueueGenericSendFromISR+0x144>
10007266:	464b      	mov	r3, r9
10007268:	3301      	adds	r3, #1
1000726a:	63a3      	str	r3, [r4, #56]	@ 0x38
1000726c:	4643      	mov	r3, r8
1000726e:	3301      	adds	r3, #1
10007270:	d1df      	bne.n	10007232 <xQueueGenericSendFromISR+0x82>
10007272:	6ca3      	ldr	r3, [r4, #72]	@ 0x48
10007274:	2b00      	cmp	r3, #0
10007276:	d033      	beq.n	100072e0 <xQueueGenericSendFromISR+0x130>
10007278:	2d02      	cmp	r5, #2
1000727a:	d11b      	bne.n	100072b4 <xQueueGenericSendFromISR+0x104>
1000727c:	465b      	mov	r3, fp
1000727e:	2b00      	cmp	r3, #0
10007280:	d018      	beq.n	100072b4 <xQueueGenericSendFromISR+0x104>
10007282:	e7df      	b.n	10007244 <xQueueGenericSendFromISR+0x94>
10007284:	2d00      	cmp	r5, #0
10007286:	d1bd      	bne.n	10007204 <xQueueGenericSendFromISR+0x54>
10007288:	0039      	movs	r1, r7
1000728a:	6860      	ldr	r0, [r4, #4]
1000728c:	f7fa ff14 	bl	100020b8 <__wrap___aeabi_memcpy>
10007290:	4649      	mov	r1, r9
10007292:	6863      	ldr	r3, [r4, #4]
10007294:	6c22      	ldr	r2, [r4, #64]	@ 0x40
10007296:	3101      	adds	r1, #1
10007298:	189b      	adds	r3, r3, r2
1000729a:	68a2      	ldr	r2, [r4, #8]
1000729c:	6063      	str	r3, [r4, #4]
1000729e:	4293      	cmp	r3, r2
100072a0:	d301      	bcc.n	100072a6 <xQueueGenericSendFromISR+0xf6>
100072a2:	6823      	ldr	r3, [r4, #0]
100072a4:	6063      	str	r3, [r4, #4]
100072a6:	4643      	mov	r3, r8
100072a8:	63a1      	str	r1, [r4, #56]	@ 0x38
100072aa:	3301      	adds	r3, #1
100072ac:	d1c1      	bne.n	10007232 <xQueueGenericSendFromISR+0x82>
100072ae:	6ca3      	ldr	r3, [r4, #72]	@ 0x48
100072b0:	2b00      	cmp	r3, #0
100072b2:	d015      	beq.n	100072e0 <xQueueGenericSendFromISR+0x130>
100072b4:	0020      	movs	r0, r4
100072b6:	f7ff fee1 	bl	1000707c <prvNotifyQueueSetContainer>
100072ba:	2800      	cmp	r0, #0
100072bc:	d0c2      	beq.n	10007244 <xQueueGenericSendFromISR+0x94>
100072be:	4653      	mov	r3, sl
100072c0:	2b00      	cmp	r3, #0
100072c2:	d0bf      	beq.n	10007244 <xQueueGenericSendFromISR+0x94>
100072c4:	2301      	movs	r3, #1
100072c6:	4652      	mov	r2, sl
100072c8:	6013      	str	r3, [r2, #0]
100072ca:	e7bb      	b.n	10007244 <xQueueGenericSendFromISR+0x94>
100072cc:	2b00      	cmp	r3, #0
100072ce:	d100      	bne.n	100072d2 <xQueueGenericSendFromISR+0x122>
100072d0:	2301      	movs	r3, #1
100072d2:	63a3      	str	r3, [r4, #56]	@ 0x38
100072d4:	4643      	mov	r3, r8
100072d6:	3301      	adds	r3, #1
100072d8:	d1ab      	bne.n	10007232 <xQueueGenericSendFromISR+0x82>
100072da:	6ca3      	ldr	r3, [r4, #72]	@ 0x48
100072dc:	2b00      	cmp	r3, #0
100072de:	d1cd      	bne.n	1000727c <xQueueGenericSendFromISR+0xcc>
100072e0:	6a63      	ldr	r3, [r4, #36]	@ 0x24
100072e2:	2b00      	cmp	r3, #0
100072e4:	d0ae      	beq.n	10007244 <xQueueGenericSendFromISR+0x94>
100072e6:	0020      	movs	r0, r4
100072e8:	3024      	adds	r0, #36	@ 0x24
100072ea:	f000 fe13 	bl	10007f14 <xTaskRemoveFromEventList>
100072ee:	2800      	cmp	r0, #0
100072f0:	d1e5      	bne.n	100072be <xQueueGenericSendFromISR+0x10e>
100072f2:	e7a7      	b.n	10007244 <xQueueGenericSendFromISR+0x94>
100072f4:	68a0      	ldr	r0, [r4, #8]
100072f6:	f000 ff17 	bl	10008128 <xTaskPriorityDisinherit>
100072fa:	60a7      	str	r7, [r4, #8]
100072fc:	e7b3      	b.n	10007266 <xQueueGenericSendFromISR+0xb6>
100072fe:	46c0      	nop			@ (mov r8, r8)

10007300 <xQueueReceive>:
10007300:	b5f0      	push	{r4, r5, r6, r7, lr}
10007302:	4647      	mov	r7, r8
10007304:	46ce      	mov	lr, r9
10007306:	0004      	movs	r4, r0
10007308:	b580      	push	{r7, lr}
1000730a:	b085      	sub	sp, #20
1000730c:	4688      	mov	r8, r1
1000730e:	9201      	str	r2, [sp, #4]
10007310:	f7ff fad6 	bl	100068c0 <vPortEnterCritical>
10007314:	6ba7      	ldr	r7, [r4, #56]	@ 0x38
10007316:	2f00      	cmp	r7, #0
10007318:	d15e      	bne.n	100073d8 <xQueueReceive+0xd8>
1000731a:	9b01      	ldr	r3, [sp, #4]
1000731c:	2b00      	cmp	r3, #0
1000731e:	d03b      	beq.n	10007398 <xQueueReceive+0x98>
10007320:	a802      	add	r0, sp, #8
10007322:	f000 feaf 	bl	10008084 <vTaskInternalSetTimeOutState>
10007326:	2300      	movs	r3, #0
10007328:	2644      	movs	r6, #68	@ 0x44
1000732a:	4699      	mov	r9, r3
1000732c:	2545      	movs	r5, #69	@ 0x45
1000732e:	f7ff fad3 	bl	100068d8 <vPortExitCritical>
10007332:	f000 fb99 	bl	10007a68 <vTaskSuspendAll>
10007336:	f7ff fac3 	bl	100068c0 <vPortEnterCritical>
1000733a:	5da3      	ldrb	r3, [r4, r6]
1000733c:	b25b      	sxtb	r3, r3
1000733e:	3301      	adds	r3, #1
10007340:	d101      	bne.n	10007346 <xQueueReceive+0x46>
10007342:	464b      	mov	r3, r9
10007344:	55a3      	strb	r3, [r4, r6]
10007346:	5d63      	ldrb	r3, [r4, r5]
10007348:	b25b      	sxtb	r3, r3
1000734a:	3301      	adds	r3, #1
1000734c:	d101      	bne.n	10007352 <xQueueReceive+0x52>
1000734e:	464b      	mov	r3, r9
10007350:	5563      	strb	r3, [r4, r5]
10007352:	f7ff fac1 	bl	100068d8 <vPortExitCritical>
10007356:	a901      	add	r1, sp, #4
10007358:	a802      	add	r0, sp, #8
1000735a:	f000 fe9f 	bl	1000809c <xTaskCheckForTimeOut>
1000735e:	2800      	cmp	r0, #0
10007360:	d122      	bne.n	100073a8 <xQueueReceive+0xa8>
10007362:	f7ff faad 	bl	100068c0 <vPortEnterCritical>
10007366:	6ba3      	ldr	r3, [r4, #56]	@ 0x38
10007368:	2b00      	cmp	r3, #0
1000736a:	d12a      	bne.n	100073c2 <xQueueReceive+0xc2>
1000736c:	f7ff fab4 	bl	100068d8 <vPortExitCritical>
10007370:	0020      	movs	r0, r4
10007372:	9901      	ldr	r1, [sp, #4]
10007374:	3024      	adds	r0, #36	@ 0x24
10007376:	f000 fca1 	bl	10007cbc <vTaskPlaceOnEventList>
1000737a:	0020      	movs	r0, r4
1000737c:	f7ff fdc0 	bl	10006f00 <prvUnlockQueue>
10007380:	f000 fb7a 	bl	10007a78 <xTaskResumeAll>
10007384:	2800      	cmp	r0, #0
10007386:	d024      	beq.n	100073d2 <xQueueReceive+0xd2>
10007388:	f7ff fa9a 	bl	100068c0 <vPortEnterCritical>
1000738c:	6ba7      	ldr	r7, [r4, #56]	@ 0x38
1000738e:	2f00      	cmp	r7, #0
10007390:	d122      	bne.n	100073d8 <xQueueReceive+0xd8>
10007392:	9b01      	ldr	r3, [sp, #4]
10007394:	2b00      	cmp	r3, #0
10007396:	d1ca      	bne.n	1000732e <xQueueReceive+0x2e>
10007398:	f7ff fa9e 	bl	100068d8 <vPortExitCritical>
1000739c:	2000      	movs	r0, #0
1000739e:	b005      	add	sp, #20
100073a0:	bcc0      	pop	{r6, r7}
100073a2:	46b9      	mov	r9, r7
100073a4:	46b0      	mov	r8, r6
100073a6:	bdf0      	pop	{r4, r5, r6, r7, pc}
100073a8:	0020      	movs	r0, r4
100073aa:	f7ff fda9 	bl	10006f00 <prvUnlockQueue>
100073ae:	f000 fb63 	bl	10007a78 <xTaskResumeAll>
100073b2:	f7ff fa85 	bl	100068c0 <vPortEnterCritical>
100073b6:	6ba3      	ldr	r3, [r4, #56]	@ 0x38
100073b8:	2b00      	cmp	r3, #0
100073ba:	d0ed      	beq.n	10007398 <xQueueReceive+0x98>
100073bc:	f7ff fa8c 	bl	100068d8 <vPortExitCritical>
100073c0:	e7e2      	b.n	10007388 <xQueueReceive+0x88>
100073c2:	f7ff fa89 	bl	100068d8 <vPortExitCritical>
100073c6:	0020      	movs	r0, r4
100073c8:	f7ff fd9a 	bl	10006f00 <prvUnlockQueue>
100073cc:	f000 fb54 	bl	10007a78 <xTaskResumeAll>
100073d0:	e7da      	b.n	10007388 <xQueueReceive+0x88>
100073d2:	f7ff fa69 	bl	100068a8 <vPortYield>
100073d6:	e7d7      	b.n	10007388 <xQueueReceive+0x88>
100073d8:	6c22      	ldr	r2, [r4, #64]	@ 0x40
100073da:	2a00      	cmp	r2, #0
100073dc:	d008      	beq.n	100073f0 <xQueueReceive+0xf0>
100073de:	68e1      	ldr	r1, [r4, #12]
100073e0:	68a3      	ldr	r3, [r4, #8]
100073e2:	1889      	adds	r1, r1, r2
100073e4:	60e1      	str	r1, [r4, #12]
100073e6:	4299      	cmp	r1, r3
100073e8:	d20b      	bcs.n	10007402 <xQueueReceive+0x102>
100073ea:	4640      	mov	r0, r8
100073ec:	f7fa fe64 	bl	100020b8 <__wrap___aeabi_memcpy>
100073f0:	1e7b      	subs	r3, r7, #1
100073f2:	63a3      	str	r3, [r4, #56]	@ 0x38
100073f4:	6923      	ldr	r3, [r4, #16]
100073f6:	2b00      	cmp	r3, #0
100073f8:	d106      	bne.n	10007408 <xQueueReceive+0x108>
100073fa:	f7ff fa6d 	bl	100068d8 <vPortExitCritical>
100073fe:	2001      	movs	r0, #1
10007400:	e7cd      	b.n	1000739e <xQueueReceive+0x9e>
10007402:	6821      	ldr	r1, [r4, #0]
10007404:	60e1      	str	r1, [r4, #12]
10007406:	e7f0      	b.n	100073ea <xQueueReceive+0xea>
10007408:	0020      	movs	r0, r4
1000740a:	3010      	adds	r0, #16
1000740c:	f000 fd82 	bl	10007f14 <xTaskRemoveFromEventList>
10007410:	2800      	cmp	r0, #0
10007412:	d0f2      	beq.n	100073fa <xQueueReceive+0xfa>
10007414:	f7ff fa48 	bl	100068a8 <vPortYield>
10007418:	e7ef      	b.n	100073fa <xQueueReceive+0xfa>
1000741a:	46c0      	nop			@ (mov r8, r8)

1000741c <vQueueAddToRegistry>:
1000741c:	b510      	push	{r4, lr}
1000741e:	2900      	cmp	r1, #0
10007420:	d033      	beq.n	1000748a <vQueueAddToRegistry+0x6e>
10007422:	4b42      	ldr	r3, [pc, #264]	@ (1000752c <vQueueAddToRegistry+0x110>)
10007424:	685a      	ldr	r2, [r3, #4]
10007426:	4290      	cmp	r0, r2
10007428:	d100      	bne.n	1000742c <vQueueAddToRegistry+0x10>
1000742a:	e073      	b.n	10007514 <vQueueAddToRegistry+0xf8>
1000742c:	681a      	ldr	r2, [r3, #0]
1000742e:	2a00      	cmp	r2, #0
10007430:	d02c      	beq.n	1000748c <vQueueAddToRegistry+0x70>
10007432:	68da      	ldr	r2, [r3, #12]
10007434:	4290      	cmp	r0, r2
10007436:	d100      	bne.n	1000743a <vQueueAddToRegistry+0x1e>
10007438:	e076      	b.n	10007528 <vQueueAddToRegistry+0x10c>
1000743a:	689a      	ldr	r2, [r3, #8]
1000743c:	2a00      	cmp	r2, #0
1000743e:	d03e      	beq.n	100074be <vQueueAddToRegistry+0xa2>
10007440:	695a      	ldr	r2, [r3, #20]
10007442:	4290      	cmp	r0, r2
10007444:	d100      	bne.n	10007448 <vQueueAddToRegistry+0x2c>
10007446:	e06d      	b.n	10007524 <vQueueAddToRegistry+0x108>
10007448:	691a      	ldr	r2, [r3, #16]
1000744a:	2a00      	cmp	r2, #0
1000744c:	d03d      	beq.n	100074ca <vQueueAddToRegistry+0xae>
1000744e:	69da      	ldr	r2, [r3, #28]
10007450:	4290      	cmp	r0, r2
10007452:	d061      	beq.n	10007518 <vQueueAddToRegistry+0xfc>
10007454:	699a      	ldr	r2, [r3, #24]
10007456:	2a00      	cmp	r2, #0
10007458:	d03d      	beq.n	100074d6 <vQueueAddToRegistry+0xba>
1000745a:	6a5a      	ldr	r2, [r3, #36]	@ 0x24
1000745c:	4290      	cmp	r0, r2
1000745e:	d042      	beq.n	100074e6 <vQueueAddToRegistry+0xca>
10007460:	6a1a      	ldr	r2, [r3, #32]
10007462:	2a00      	cmp	r2, #0
10007464:	d043      	beq.n	100074ee <vQueueAddToRegistry+0xd2>
10007466:	6ada      	ldr	r2, [r3, #44]	@ 0x2c
10007468:	4290      	cmp	r0, r2
1000746a:	d057      	beq.n	1000751c <vQueueAddToRegistry+0x100>
1000746c:	6a9a      	ldr	r2, [r3, #40]	@ 0x28
1000746e:	2a00      	cmp	r2, #0
10007470:	d043      	beq.n	100074fa <vQueueAddToRegistry+0xde>
10007472:	6b5a      	ldr	r2, [r3, #52]	@ 0x34
10007474:	4290      	cmp	r0, r2
10007476:	d053      	beq.n	10007520 <vQueueAddToRegistry+0x104>
10007478:	6b1a      	ldr	r2, [r3, #48]	@ 0x30
1000747a:	2a00      	cmp	r2, #0
1000747c:	d043      	beq.n	10007506 <vQueueAddToRegistry+0xea>
1000747e:	6bda      	ldr	r2, [r3, #60]	@ 0x3c
10007480:	4290      	cmp	r0, r2
10007482:	d045      	beq.n	10007510 <vQueueAddToRegistry+0xf4>
10007484:	6b9a      	ldr	r2, [r3, #56]	@ 0x38
10007486:	2a00      	cmp	r2, #0
10007488:	d02a      	beq.n	100074e0 <vQueueAddToRegistry+0xc4>
1000748a:	bd10      	pop	{r4, pc}
1000748c:	68da      	ldr	r2, [r3, #12]
1000748e:	4290      	cmp	r0, r2
10007490:	d04a      	beq.n	10007528 <vQueueAddToRegistry+0x10c>
10007492:	695a      	ldr	r2, [r3, #20]
10007494:	4290      	cmp	r0, r2
10007496:	d045      	beq.n	10007524 <vQueueAddToRegistry+0x108>
10007498:	001a      	movs	r2, r3
1000749a:	69dc      	ldr	r4, [r3, #28]
1000749c:	42a0      	cmp	r0, r4
1000749e:	d03b      	beq.n	10007518 <vQueueAddToRegistry+0xfc>
100074a0:	6a5c      	ldr	r4, [r3, #36]	@ 0x24
100074a2:	42a0      	cmp	r0, r4
100074a4:	d01f      	beq.n	100074e6 <vQueueAddToRegistry+0xca>
100074a6:	6adc      	ldr	r4, [r3, #44]	@ 0x2c
100074a8:	42a0      	cmp	r0, r4
100074aa:	d037      	beq.n	1000751c <vQueueAddToRegistry+0x100>
100074ac:	6b5c      	ldr	r4, [r3, #52]	@ 0x34
100074ae:	42a0      	cmp	r0, r4
100074b0:	d036      	beq.n	10007520 <vQueueAddToRegistry+0x104>
100074b2:	6bdc      	ldr	r4, [r3, #60]	@ 0x3c
100074b4:	42a0      	cmp	r0, r4
100074b6:	d02b      	beq.n	10007510 <vQueueAddToRegistry+0xf4>
100074b8:	6011      	str	r1, [r2, #0]
100074ba:	6050      	str	r0, [r2, #4]
100074bc:	e7e5      	b.n	1000748a <vQueueAddToRegistry+0x6e>
100074be:	695a      	ldr	r2, [r3, #20]
100074c0:	4290      	cmp	r0, r2
100074c2:	d02f      	beq.n	10007524 <vQueueAddToRegistry+0x108>
100074c4:	001a      	movs	r2, r3
100074c6:	3208      	adds	r2, #8
100074c8:	e7e7      	b.n	1000749a <vQueueAddToRegistry+0x7e>
100074ca:	69da      	ldr	r2, [r3, #28]
100074cc:	4290      	cmp	r0, r2
100074ce:	d023      	beq.n	10007518 <vQueueAddToRegistry+0xfc>
100074d0:	001a      	movs	r2, r3
100074d2:	3210      	adds	r2, #16
100074d4:	e7e4      	b.n	100074a0 <vQueueAddToRegistry+0x84>
100074d6:	6a5a      	ldr	r2, [r3, #36]	@ 0x24
100074d8:	4290      	cmp	r0, r2
100074da:	d004      	beq.n	100074e6 <vQueueAddToRegistry+0xca>
100074dc:	4a14      	ldr	r2, [pc, #80]	@ (10007530 <vQueueAddToRegistry+0x114>)
100074de:	e7e2      	b.n	100074a6 <vQueueAddToRegistry+0x8a>
100074e0:	3338      	adds	r3, #56	@ 0x38
100074e2:	001a      	movs	r2, r3
100074e4:	e7e8      	b.n	100074b8 <vQueueAddToRegistry+0x9c>
100074e6:	2204      	movs	r2, #4
100074e8:	00d2      	lsls	r2, r2, #3
100074ea:	189a      	adds	r2, r3, r2
100074ec:	e7e4      	b.n	100074b8 <vQueueAddToRegistry+0x9c>
100074ee:	6ada      	ldr	r2, [r3, #44]	@ 0x2c
100074f0:	4290      	cmp	r0, r2
100074f2:	d013      	beq.n	1000751c <vQueueAddToRegistry+0x100>
100074f4:	001a      	movs	r2, r3
100074f6:	3220      	adds	r2, #32
100074f8:	e7d8      	b.n	100074ac <vQueueAddToRegistry+0x90>
100074fa:	6b5a      	ldr	r2, [r3, #52]	@ 0x34
100074fc:	4290      	cmp	r0, r2
100074fe:	d00f      	beq.n	10007520 <vQueueAddToRegistry+0x104>
10007500:	001a      	movs	r2, r3
10007502:	3228      	adds	r2, #40	@ 0x28
10007504:	e7d5      	b.n	100074b2 <vQueueAddToRegistry+0x96>
10007506:	001a      	movs	r2, r3
10007508:	6bdc      	ldr	r4, [r3, #60]	@ 0x3c
1000750a:	3230      	adds	r2, #48	@ 0x30
1000750c:	42a0      	cmp	r0, r4
1000750e:	d1d3      	bne.n	100074b8 <vQueueAddToRegistry+0x9c>
10007510:	2207      	movs	r2, #7
10007512:	e7e9      	b.n	100074e8 <vQueueAddToRegistry+0xcc>
10007514:	2200      	movs	r2, #0
10007516:	e7e7      	b.n	100074e8 <vQueueAddToRegistry+0xcc>
10007518:	2203      	movs	r2, #3
1000751a:	e7e5      	b.n	100074e8 <vQueueAddToRegistry+0xcc>
1000751c:	2205      	movs	r2, #5
1000751e:	e7e3      	b.n	100074e8 <vQueueAddToRegistry+0xcc>
10007520:	2206      	movs	r2, #6
10007522:	e7e1      	b.n	100074e8 <vQueueAddToRegistry+0xcc>
10007524:	2202      	movs	r2, #2
10007526:	e7df      	b.n	100074e8 <vQueueAddToRegistry+0xcc>
10007528:	2201      	movs	r2, #1
1000752a:	e7dd      	b.n	100074e8 <vQueueAddToRegistry+0xcc>
1000752c:	20001340 	.word	0x20001340
10007530:	20001358 	.word	0x20001358

10007534 <vQueueWaitForMessageRestricted>:
10007534:	b570      	push	{r4, r5, r6, lr}
10007536:	0004      	movs	r4, r0
10007538:	0016      	movs	r6, r2
1000753a:	000d      	movs	r5, r1
1000753c:	f7ff f9c0 	bl	100068c0 <vPortEnterCritical>
10007540:	2244      	movs	r2, #68	@ 0x44
10007542:	5ca3      	ldrb	r3, [r4, r2]
10007544:	b25b      	sxtb	r3, r3
10007546:	3301      	adds	r3, #1
10007548:	d101      	bne.n	1000754e <vQueueWaitForMessageRestricted+0x1a>
1000754a:	2300      	movs	r3, #0
1000754c:	54a3      	strb	r3, [r4, r2]
1000754e:	2245      	movs	r2, #69	@ 0x45
10007550:	5ca3      	ldrb	r3, [r4, r2]
10007552:	b25b      	sxtb	r3, r3
10007554:	3301      	adds	r3, #1
10007556:	d101      	bne.n	1000755c <vQueueWaitForMessageRestricted+0x28>
10007558:	2300      	movs	r3, #0
1000755a:	54a3      	strb	r3, [r4, r2]
1000755c:	f7ff f9bc 	bl	100068d8 <vPortExitCritical>
10007560:	6ba3      	ldr	r3, [r4, #56]	@ 0x38
10007562:	2b00      	cmp	r3, #0
10007564:	d003      	beq.n	1000756e <vQueueWaitForMessageRestricted+0x3a>
10007566:	0020      	movs	r0, r4
10007568:	f7ff fcca 	bl	10006f00 <prvUnlockQueue>
1000756c:	bd70      	pop	{r4, r5, r6, pc}
1000756e:	0020      	movs	r0, r4
10007570:	0032      	movs	r2, r6
10007572:	0029      	movs	r1, r5
10007574:	3024      	adds	r0, #36	@ 0x24
10007576:	f000 fc53 	bl	10007e20 <vTaskPlaceOnEventListRestricted>
1000757a:	e7f4      	b.n	10007566 <vQueueWaitForMessageRestricted+0x32>

1000757c <prvAddNewTaskToReadyList>:
1000757c:	b5f0      	push	{r4, r5, r6, r7, lr}
1000757e:	46c6      	mov	lr, r8
10007580:	b500      	push	{lr}
10007582:	0004      	movs	r4, r0
10007584:	f7ff f99c 	bl	100068c0 <vPortEnterCritical>
10007588:	4a38      	ldr	r2, [pc, #224]	@ (1000766c <prvAddNewTaskToReadyList+0xf0>)
1000758a:	4f39      	ldr	r7, [pc, #228]	@ (10007670 <prvAddNewTaskToReadyList+0xf4>)
1000758c:	6813      	ldr	r3, [r2, #0]
1000758e:	3301      	adds	r3, #1
10007590:	6013      	str	r3, [r2, #0]
10007592:	683b      	ldr	r3, [r7, #0]
10007594:	2b00      	cmp	r3, #0
10007596:	d035      	beq.n	10007604 <prvAddNewTaskToReadyList+0x88>
10007598:	4b36      	ldr	r3, [pc, #216]	@ (10007674 <prvAddNewTaskToReadyList+0xf8>)
1000759a:	6ae2      	ldr	r2, [r4, #44]	@ 0x2c
1000759c:	4698      	mov	r8, r3
1000759e:	681b      	ldr	r3, [r3, #0]
100075a0:	2b00      	cmp	r3, #0
100075a2:	d029      	beq.n	100075f8 <prvAddNewTaskToReadyList+0x7c>
100075a4:	4e34      	ldr	r6, [pc, #208]	@ (10007678 <prvAddNewTaskToReadyList+0xfc>)
100075a6:	4935      	ldr	r1, [pc, #212]	@ (1000767c <prvAddNewTaskToReadyList+0x100>)
100075a8:	680b      	ldr	r3, [r1, #0]
100075aa:	3301      	adds	r3, #1
100075ac:	600b      	str	r3, [r1, #0]
100075ae:	6463      	str	r3, [r4, #68]	@ 0x44
100075b0:	4b33      	ldr	r3, [pc, #204]	@ (10007680 <prvAddNewTaskToReadyList+0x104>)
100075b2:	6819      	ldr	r1, [r3, #0]
100075b4:	4291      	cmp	r1, r2
100075b6:	d200      	bcs.n	100075ba <prvAddNewTaskToReadyList+0x3e>
100075b8:	601a      	str	r2, [r3, #0]
100075ba:	0093      	lsls	r3, r2, #2
100075bc:	189b      	adds	r3, r3, r2
100075be:	009b      	lsls	r3, r3, #2
100075c0:	18f1      	adds	r1, r6, r3
100075c2:	684a      	ldr	r2, [r1, #4]
100075c4:	60a2      	str	r2, [r4, #8]
100075c6:	6890      	ldr	r0, [r2, #8]
100075c8:	4684      	mov	ip, r0
100075ca:	4665      	mov	r5, ip
100075cc:	60e0      	str	r0, [r4, #12]
100075ce:	1d20      	adds	r0, r4, #4
100075d0:	6068      	str	r0, [r5, #4]
100075d2:	6090      	str	r0, [r2, #8]
100075d4:	58f2      	ldr	r2, [r6, r3]
100075d6:	6161      	str	r1, [r4, #20]
100075d8:	3201      	adds	r2, #1
100075da:	50f2      	str	r2, [r6, r3]
100075dc:	f7ff f97c 	bl	100068d8 <vPortExitCritical>
100075e0:	4643      	mov	r3, r8
100075e2:	681b      	ldr	r3, [r3, #0]
100075e4:	2b00      	cmp	r3, #0
100075e6:	d004      	beq.n	100075f2 <prvAddNewTaskToReadyList+0x76>
100075e8:	683b      	ldr	r3, [r7, #0]
100075ea:	6ada      	ldr	r2, [r3, #44]	@ 0x2c
100075ec:	6ae3      	ldr	r3, [r4, #44]	@ 0x2c
100075ee:	429a      	cmp	r2, r3
100075f0:	d311      	bcc.n	10007616 <prvAddNewTaskToReadyList+0x9a>
100075f2:	bc80      	pop	{r7}
100075f4:	46b8      	mov	r8, r7
100075f6:	bdf0      	pop	{r4, r5, r6, r7, pc}
100075f8:	683b      	ldr	r3, [r7, #0]
100075fa:	6adb      	ldr	r3, [r3, #44]	@ 0x2c
100075fc:	4293      	cmp	r3, r2
100075fe:	d8d1      	bhi.n	100075a4 <prvAddNewTaskToReadyList+0x28>
10007600:	603c      	str	r4, [r7, #0]
10007602:	e7cf      	b.n	100075a4 <prvAddNewTaskToReadyList+0x28>
10007604:	603c      	str	r4, [r7, #0]
10007606:	6813      	ldr	r3, [r2, #0]
10007608:	2b01      	cmp	r3, #1
1000760a:	d007      	beq.n	1000761c <prvAddNewTaskToReadyList+0xa0>
1000760c:	4b19      	ldr	r3, [pc, #100]	@ (10007674 <prvAddNewTaskToReadyList+0xf8>)
1000760e:	6ae2      	ldr	r2, [r4, #44]	@ 0x2c
10007610:	4698      	mov	r8, r3
10007612:	4e19      	ldr	r6, [pc, #100]	@ (10007678 <prvAddNewTaskToReadyList+0xfc>)
10007614:	e7c7      	b.n	100075a6 <prvAddNewTaskToReadyList+0x2a>
10007616:	f7ff f947 	bl	100068a8 <vPortYield>
1000761a:	e7ea      	b.n	100075f2 <prvAddNewTaskToReadyList+0x76>
1000761c:	23a0      	movs	r3, #160	@ 0xa0
1000761e:	4e16      	ldr	r6, [pc, #88]	@ (10007678 <prvAddNewTaskToReadyList+0xfc>)
10007620:	009b      	lsls	r3, r3, #2
10007622:	4698      	mov	r8, r3
10007624:	0035      	movs	r5, r6
10007626:	44b0      	add	r8, r6
10007628:	0028      	movs	r0, r5
1000762a:	3514      	adds	r5, #20
1000762c:	f7ff fc30 	bl	10006e90 <vListInitialise>
10007630:	4545      	cmp	r5, r8
10007632:	d1f9      	bne.n	10007628 <prvAddNewTaskToReadyList+0xac>
10007634:	4b13      	ldr	r3, [pc, #76]	@ (10007684 <prvAddNewTaskToReadyList+0x108>)
10007636:	4698      	mov	r8, r3
10007638:	0018      	movs	r0, r3
1000763a:	f7ff fc29 	bl	10006e90 <vListInitialise>
1000763e:	4d12      	ldr	r5, [pc, #72]	@ (10007688 <prvAddNewTaskToReadyList+0x10c>)
10007640:	0028      	movs	r0, r5
10007642:	f7ff fc25 	bl	10006e90 <vListInitialise>
10007646:	4811      	ldr	r0, [pc, #68]	@ (1000768c <prvAddNewTaskToReadyList+0x110>)
10007648:	f7ff fc22 	bl	10006e90 <vListInitialise>
1000764c:	4810      	ldr	r0, [pc, #64]	@ (10007690 <prvAddNewTaskToReadyList+0x114>)
1000764e:	f7ff fc1f 	bl	10006e90 <vListInitialise>
10007652:	4810      	ldr	r0, [pc, #64]	@ (10007694 <prvAddNewTaskToReadyList+0x118>)
10007654:	f7ff fc1c 	bl	10006e90 <vListInitialise>
10007658:	4642      	mov	r2, r8
1000765a:	4b0f      	ldr	r3, [pc, #60]	@ (10007698 <prvAddNewTaskToReadyList+0x11c>)
1000765c:	601a      	str	r2, [r3, #0]
1000765e:	4b0f      	ldr	r3, [pc, #60]	@ (1000769c <prvAddNewTaskToReadyList+0x120>)
10007660:	6ae2      	ldr	r2, [r4, #44]	@ 0x2c
10007662:	601d      	str	r5, [r3, #0]
10007664:	4b03      	ldr	r3, [pc, #12]	@ (10007674 <prvAddNewTaskToReadyList+0xf8>)
10007666:	4698      	mov	r8, r3
10007668:	e79d      	b.n	100075a6 <prvAddNewTaskToReadyList+0x2a>
1000766a:	46c0      	nop			@ (mov r8, r8)
1000766c:	200223ac 	.word	0x200223ac
10007670:	20001fdc 	.word	0x20001fdc
10007674:	2002244c 	.word	0x2002244c
10007678:	20001ff4 	.word	0x20001ff4
1000767c:	200223b8 	.word	0x200223b8
10007680:	200223bc 	.word	0x200223bc
10007684:	200223e8 	.word	0x200223e8
10007688:	200223fc 	.word	0x200223fc
1000768c:	20022438 	.word	0x20022438
10007690:	2002246c 	.word	0x2002246c
10007694:	20022458 	.word	0x20022458
10007698:	20001fe4 	.word	0x20001fe4
1000769c:	20001fec 	.word	0x20001fec

100076a0 <prvCreateTask>:
100076a0:	b5f8      	push	{r3, r4, r5, r6, r7, lr}
100076a2:	46ce      	mov	lr, r9
100076a4:	4647      	mov	r7, r8
100076a6:	0096      	lsls	r6, r2, #2
100076a8:	b580      	push	{r7, lr}
100076aa:	4680      	mov	r8, r0
100076ac:	0030      	movs	r0, r6
100076ae:	000d      	movs	r5, r1
100076b0:	4699      	mov	r9, r3
100076b2:	f7fe ff73 	bl	1000659c <pvPortMalloc>
100076b6:	1e07      	subs	r7, r0, #0
100076b8:	d100      	bne.n	100076bc <prvCreateTask+0x1c>
100076ba:	e087      	b.n	100077cc <prvCreateTask+0x12c>
100076bc:	2070      	movs	r0, #112	@ 0x70
100076be:	f7fe ff6d 	bl	1000659c <pvPortMalloc>
100076c2:	1e04      	subs	r4, r0, #0
100076c4:	d100      	bne.n	100076c8 <prvCreateTask+0x28>
100076c6:	e07e      	b.n	100077c6 <prvCreateTask+0x126>
100076c8:	2270      	movs	r2, #112	@ 0x70
100076ca:	2100      	movs	r1, #0
100076cc:	f7fa fcee 	bl	100020ac <__wrap_memset>
100076d0:	0032      	movs	r2, r6
100076d2:	21a5      	movs	r1, #165	@ 0xa5
100076d4:	0038      	movs	r0, r7
100076d6:	6327      	str	r7, [r4, #48]	@ 0x30
100076d8:	f7fa fce8 	bl	100020ac <__wrap_memset>
100076dc:	6b23      	ldr	r3, [r4, #48]	@ 0x30
100076de:	3e04      	subs	r6, #4
100076e0:	199e      	adds	r6, r3, r6
100076e2:	2307      	movs	r3, #7
100076e4:	439e      	bics	r6, r3
100076e6:	2d00      	cmp	r5, #0
100076e8:	d04b      	beq.n	10007782 <prvCreateTask+0xe2>
100076ea:	2234      	movs	r2, #52	@ 0x34
100076ec:	782b      	ldrb	r3, [r5, #0]
100076ee:	54a3      	strb	r3, [r4, r2]
100076f0:	2b00      	cmp	r3, #0
100076f2:	d043      	beq.n	1000777c <prvCreateTask+0xdc>
100076f4:	786b      	ldrb	r3, [r5, #1]
100076f6:	3201      	adds	r2, #1
100076f8:	54a3      	strb	r3, [r4, r2]
100076fa:	2b00      	cmp	r3, #0
100076fc:	d03e      	beq.n	1000777c <prvCreateTask+0xdc>
100076fe:	78ab      	ldrb	r3, [r5, #2]
10007700:	3201      	adds	r2, #1
10007702:	54a3      	strb	r3, [r4, r2]
10007704:	2b00      	cmp	r3, #0
10007706:	d039      	beq.n	1000777c <prvCreateTask+0xdc>
10007708:	78eb      	ldrb	r3, [r5, #3]
1000770a:	3201      	adds	r2, #1
1000770c:	54a3      	strb	r3, [r4, r2]
1000770e:	2b00      	cmp	r3, #0
10007710:	d034      	beq.n	1000777c <prvCreateTask+0xdc>
10007712:	792b      	ldrb	r3, [r5, #4]
10007714:	3201      	adds	r2, #1
10007716:	54a3      	strb	r3, [r4, r2]
10007718:	2b00      	cmp	r3, #0
1000771a:	d02f      	beq.n	1000777c <prvCreateTask+0xdc>
1000771c:	796b      	ldrb	r3, [r5, #5]
1000771e:	3201      	adds	r2, #1
10007720:	54a3      	strb	r3, [r4, r2]
10007722:	2b00      	cmp	r3, #0
10007724:	d02a      	beq.n	1000777c <prvCreateTask+0xdc>
10007726:	79ab      	ldrb	r3, [r5, #6]
10007728:	3201      	adds	r2, #1
1000772a:	54a3      	strb	r3, [r4, r2]
1000772c:	2b00      	cmp	r3, #0
1000772e:	d025      	beq.n	1000777c <prvCreateTask+0xdc>
10007730:	79eb      	ldrb	r3, [r5, #7]
10007732:	3201      	adds	r2, #1
10007734:	54a3      	strb	r3, [r4, r2]
10007736:	2b00      	cmp	r3, #0
10007738:	d020      	beq.n	1000777c <prvCreateTask+0xdc>
1000773a:	7a2b      	ldrb	r3, [r5, #8]
1000773c:	3201      	adds	r2, #1
1000773e:	54a3      	strb	r3, [r4, r2]
10007740:	2b00      	cmp	r3, #0
10007742:	d01b      	beq.n	1000777c <prvCreateTask+0xdc>
10007744:	7a6b      	ldrb	r3, [r5, #9]
10007746:	3201      	adds	r2, #1
10007748:	54a3      	strb	r3, [r4, r2]
1000774a:	2b00      	cmp	r3, #0
1000774c:	d016      	beq.n	1000777c <prvCreateTask+0xdc>
1000774e:	7aab      	ldrb	r3, [r5, #10]
10007750:	3201      	adds	r2, #1
10007752:	54a3      	strb	r3, [r4, r2]
10007754:	2b00      	cmp	r3, #0
10007756:	d011      	beq.n	1000777c <prvCreateTask+0xdc>
10007758:	7aeb      	ldrb	r3, [r5, #11]
1000775a:	3201      	adds	r2, #1
1000775c:	54a3      	strb	r3, [r4, r2]
1000775e:	2b00      	cmp	r3, #0
10007760:	d00c      	beq.n	1000777c <prvCreateTask+0xdc>
10007762:	7b2b      	ldrb	r3, [r5, #12]
10007764:	3201      	adds	r2, #1
10007766:	54a3      	strb	r3, [r4, r2]
10007768:	2b00      	cmp	r3, #0
1000776a:	d007      	beq.n	1000777c <prvCreateTask+0xdc>
1000776c:	7b6b      	ldrb	r3, [r5, #13]
1000776e:	3201      	adds	r2, #1
10007770:	54a3      	strb	r3, [r4, r2]
10007772:	2b00      	cmp	r3, #0
10007774:	d002      	beq.n	1000777c <prvCreateTask+0xdc>
10007776:	2342      	movs	r3, #66	@ 0x42
10007778:	7baa      	ldrb	r2, [r5, #14]
1000777a:	54e2      	strb	r2, [r4, r3]
1000777c:	2343      	movs	r3, #67	@ 0x43
1000777e:	2200      	movs	r2, #0
10007780:	54e2      	strb	r2, [r4, r3]
10007782:	9d08      	ldr	r5, [sp, #32]
10007784:	2d1f      	cmp	r5, #31
10007786:	d81c      	bhi.n	100077c2 <prvCreateTask+0x122>
10007788:	1d20      	adds	r0, r4, #4
1000778a:	62e5      	str	r5, [r4, #44]	@ 0x2c
1000778c:	64e5      	str	r5, [r4, #76]	@ 0x4c
1000778e:	f7ff fb8b 	bl	10006ea8 <vListInitialiseItem>
10007792:	0020      	movs	r0, r4
10007794:	3018      	adds	r0, #24
10007796:	f7ff fb87 	bl	10006ea8 <vListInitialiseItem>
1000779a:	2320      	movs	r3, #32
1000779c:	1b5b      	subs	r3, r3, r5
1000779e:	61a3      	str	r3, [r4, #24]
100077a0:	464a      	mov	r2, r9
100077a2:	4641      	mov	r1, r8
100077a4:	0030      	movs	r0, r6
100077a6:	6124      	str	r4, [r4, #16]
100077a8:	6264      	str	r4, [r4, #36]	@ 0x24
100077aa:	f7ff f86d 	bl	10006888 <pxPortInitialiseStack>
100077ae:	9b09      	ldr	r3, [sp, #36]	@ 0x24
100077b0:	6020      	str	r0, [r4, #0]
100077b2:	2b00      	cmp	r3, #0
100077b4:	d000      	beq.n	100077b8 <prvCreateTask+0x118>
100077b6:	601c      	str	r4, [r3, #0]
100077b8:	0020      	movs	r0, r4
100077ba:	bcc0      	pop	{r6, r7}
100077bc:	46b9      	mov	r9, r7
100077be:	46b0      	mov	r8, r6
100077c0:	bdf8      	pop	{r3, r4, r5, r6, r7, pc}
100077c2:	251f      	movs	r5, #31
100077c4:	e7e0      	b.n	10007788 <prvCreateTask+0xe8>
100077c6:	0038      	movs	r0, r7
100077c8:	f7fe ff7a 	bl	100066c0 <vPortFree>
100077cc:	2400      	movs	r4, #0
100077ce:	e7f3      	b.n	100077b8 <prvCreateTask+0x118>

100077d0 <prvIdleTask>:
100077d0:	b5f0      	push	{r4, r5, r6, r7, lr}
100077d2:	46c6      	mov	lr, r8
100077d4:	4b12      	ldr	r3, [pc, #72]	@ (10007820 <prvIdleTask+0x50>)
100077d6:	b500      	push	{lr}
100077d8:	4698      	mov	r8, r3
100077da:	4d12      	ldr	r5, [pc, #72]	@ (10007824 <prvIdleTask+0x54>)
100077dc:	4f12      	ldr	r7, [pc, #72]	@ (10007828 <prvIdleTask+0x58>)
100077de:	4e13      	ldr	r6, [pc, #76]	@ (1000782c <prvIdleTask+0x5c>)
100077e0:	e014      	b.n	1000780c <prvIdleTask+0x3c>
100077e2:	f7ff f86d 	bl	100068c0 <vPortEnterCritical>
100077e6:	68fb      	ldr	r3, [r7, #12]
100077e8:	68dc      	ldr	r4, [r3, #12]
100077ea:	1d20      	adds	r0, r4, #4
100077ec:	f7ff fb78 	bl	10006ee0 <uxListRemove>
100077f0:	6833      	ldr	r3, [r6, #0]
100077f2:	3b01      	subs	r3, #1
100077f4:	6033      	str	r3, [r6, #0]
100077f6:	682b      	ldr	r3, [r5, #0]
100077f8:	3b01      	subs	r3, #1
100077fa:	602b      	str	r3, [r5, #0]
100077fc:	f7ff f86c 	bl	100068d8 <vPortExitCritical>
10007800:	6b20      	ldr	r0, [r4, #48]	@ 0x30
10007802:	f7fe ff5d 	bl	100066c0 <vPortFree>
10007806:	0020      	movs	r0, r4
10007808:	f7fe ff5a 	bl	100066c0 <vPortFree>
1000780c:	682b      	ldr	r3, [r5, #0]
1000780e:	2b00      	cmp	r3, #0
10007810:	d1e7      	bne.n	100077e2 <prvIdleTask+0x12>
10007812:	4643      	mov	r3, r8
10007814:	681b      	ldr	r3, [r3, #0]
10007816:	2b01      	cmp	r3, #1
10007818:	d9f8      	bls.n	1000780c <prvIdleTask+0x3c>
1000781a:	f7ff f845 	bl	100068a8 <vPortYield>
1000781e:	e7f5      	b.n	1000780c <prvIdleTask+0x3c>
10007820:	20001ff4 	.word	0x20001ff4
10007824:	200223b0 	.word	0x200223b0
10007828:	2002246c 	.word	0x2002246c
1000782c:	200223ac 	.word	0x200223ac

10007830 <xTaskIncrementTick.part.0>:
10007830:	b5f0      	push	{r4, r5, r6, r7, lr}
10007832:	46de      	mov	lr, fp
10007834:	4657      	mov	r7, sl
10007836:	464e      	mov	r6, r9
10007838:	4645      	mov	r5, r8
1000783a:	4b5c      	ldr	r3, [pc, #368]	@ (100079ac <xTaskIncrementTick.part.0+0x17c>)
1000783c:	b5e0      	push	{r5, r6, r7, lr}
1000783e:	6818      	ldr	r0, [r3, #0]
10007840:	b083      	sub	sp, #12
10007842:	3001      	adds	r0, #1
10007844:	6018      	str	r0, [r3, #0]
10007846:	2800      	cmp	r0, #0
10007848:	d066      	beq.n	10007918 <xTaskIncrementTick.part.0+0xe8>
1000784a:	4959      	ldr	r1, [pc, #356]	@ (100079b0 <xTaskIncrementTick.part.0+0x180>)
1000784c:	680b      	ldr	r3, [r1, #0]
1000784e:	4298      	cmp	r0, r3
10007850:	d377      	bcc.n	10007942 <xTaskIncrementTick.part.0+0x112>
10007852:	4b58      	ldr	r3, [pc, #352]	@ (100079b4 <xTaskIncrementTick.part.0+0x184>)
10007854:	4698      	mov	r8, r3
10007856:	681b      	ldr	r3, [r3, #0]
10007858:	681b      	ldr	r3, [r3, #0]
1000785a:	2b00      	cmp	r3, #0
1000785c:	d100      	bne.n	10007860 <xTaskIncrementTick.part.0+0x30>
1000785e:	e0a0      	b.n	100079a2 <xTaskIncrementTick.part.0+0x172>
10007860:	2300      	movs	r3, #0
10007862:	469c      	mov	ip, r3
10007864:	4b54      	ldr	r3, [pc, #336]	@ (100079b8 <xTaskIncrementTick.part.0+0x188>)
10007866:	4d55      	ldr	r5, [pc, #340]	@ (100079bc <xTaskIncrementTick.part.0+0x18c>)
10007868:	469b      	mov	fp, r3
1000786a:	2300      	movs	r3, #0
1000786c:	4699      	mov	r9, r3
1000786e:	4b54      	ldr	r3, [pc, #336]	@ (100079c0 <xTaskIncrementTick.part.0+0x190>)
10007870:	9101      	str	r1, [sp, #4]
10007872:	469a      	mov	sl, r3
10007874:	4643      	mov	r3, r8
10007876:	4680      	mov	r8, r0
10007878:	0018      	movs	r0, r3
1000787a:	e03a      	b.n	100078f2 <xTaskIncrementTick.part.0+0xc2>
1000787c:	4649      	mov	r1, r9
1000787e:	6159      	str	r1, [r3, #20]
10007880:	6811      	ldr	r1, [r2, #0]
10007882:	3901      	subs	r1, #1
10007884:	6011      	str	r1, [r2, #0]
10007886:	6a9a      	ldr	r2, [r3, #40]	@ 0x28
10007888:	2a00      	cmp	r2, #0
1000788a:	d00f      	beq.n	100078ac <xTaskIncrementTick.part.0+0x7c>
1000788c:	69de      	ldr	r6, [r3, #28]
1000788e:	6a19      	ldr	r1, [r3, #32]
10007890:	60b1      	str	r1, [r6, #8]
10007892:	69de      	ldr	r6, [r3, #28]
10007894:	604e      	str	r6, [r1, #4]
10007896:	0019      	movs	r1, r3
10007898:	6856      	ldr	r6, [r2, #4]
1000789a:	3118      	adds	r1, #24
1000789c:	428e      	cmp	r6, r1
1000789e:	d100      	bne.n	100078a2 <xTaskIncrementTick.part.0+0x72>
100078a0:	e074      	b.n	1000798c <xTaskIncrementTick.part.0+0x15c>
100078a2:	4649      	mov	r1, r9
100078a4:	6299      	str	r1, [r3, #40]	@ 0x28
100078a6:	6811      	ldr	r1, [r2, #0]
100078a8:	3901      	subs	r1, #1
100078aa:	6011      	str	r1, [r2, #0]
100078ac:	4652      	mov	r2, sl
100078ae:	6ad9      	ldr	r1, [r3, #44]	@ 0x2c
100078b0:	6812      	ldr	r2, [r2, #0]
100078b2:	4291      	cmp	r1, r2
100078b4:	d901      	bls.n	100078ba <xTaskIncrementTick.part.0+0x8a>
100078b6:	4652      	mov	r2, sl
100078b8:	6011      	str	r1, [r2, #0]
100078ba:	008a      	lsls	r2, r1, #2
100078bc:	1852      	adds	r2, r2, r1
100078be:	0092      	lsls	r2, r2, #2
100078c0:	18ae      	adds	r6, r5, r2
100078c2:	6871      	ldr	r1, [r6, #4]
100078c4:	6099      	str	r1, [r3, #8]
100078c6:	688f      	ldr	r7, [r1, #8]
100078c8:	60df      	str	r7, [r3, #12]
100078ca:	607c      	str	r4, [r7, #4]
100078cc:	608c      	str	r4, [r1, #8]
100078ce:	58a9      	ldr	r1, [r5, r2]
100078d0:	615e      	str	r6, [r3, #20]
100078d2:	3101      	adds	r1, #1
100078d4:	50a9      	str	r1, [r5, r2]
100078d6:	465a      	mov	r2, fp
100078d8:	6811      	ldr	r1, [r2, #0]
100078da:	6ada      	ldr	r2, [r3, #44]	@ 0x2c
100078dc:	6acb      	ldr	r3, [r1, #44]	@ 0x2c
100078de:	4293      	cmp	r3, r2
100078e0:	419b      	sbcs	r3, r3
100078e2:	4662      	mov	r2, ip
100078e4:	425b      	negs	r3, r3
100078e6:	431a      	orrs	r2, r3
100078e8:	6803      	ldr	r3, [r0, #0]
100078ea:	4694      	mov	ip, r2
100078ec:	681b      	ldr	r3, [r3, #0]
100078ee:	2b00      	cmp	r3, #0
100078f0:	d052      	beq.n	10007998 <xTaskIncrementTick.part.0+0x168>
100078f2:	6803      	ldr	r3, [r0, #0]
100078f4:	68db      	ldr	r3, [r3, #12]
100078f6:	68db      	ldr	r3, [r3, #12]
100078f8:	685a      	ldr	r2, [r3, #4]
100078fa:	4590      	cmp	r8, r2
100078fc:	d349      	bcc.n	10007992 <xTaskIncrementTick.part.0+0x162>
100078fe:	689c      	ldr	r4, [r3, #8]
10007900:	68d9      	ldr	r1, [r3, #12]
10007902:	695a      	ldr	r2, [r3, #20]
10007904:	60a1      	str	r1, [r4, #8]
10007906:	689c      	ldr	r4, [r3, #8]
10007908:	604c      	str	r4, [r1, #4]
1000790a:	6851      	ldr	r1, [r2, #4]
1000790c:	1d1c      	adds	r4, r3, #4
1000790e:	42a1      	cmp	r1, r4
10007910:	d1b4      	bne.n	1000787c <xTaskIncrementTick.part.0+0x4c>
10007912:	68d9      	ldr	r1, [r3, #12]
10007914:	6051      	str	r1, [r2, #4]
10007916:	e7b1      	b.n	1000787c <xTaskIncrementTick.part.0+0x4c>
10007918:	4b26      	ldr	r3, [pc, #152]	@ (100079b4 <xTaskIncrementTick.part.0+0x184>)
1000791a:	4a2a      	ldr	r2, [pc, #168]	@ (100079c4 <xTaskIncrementTick.part.0+0x194>)
1000791c:	6819      	ldr	r1, [r3, #0]
1000791e:	6814      	ldr	r4, [r2, #0]
10007920:	601c      	str	r4, [r3, #0]
10007922:	6011      	str	r1, [r2, #0]
10007924:	4928      	ldr	r1, [pc, #160]	@ (100079c8 <xTaskIncrementTick.part.0+0x198>)
10007926:	680a      	ldr	r2, [r1, #0]
10007928:	3201      	adds	r2, #1
1000792a:	600a      	str	r2, [r1, #0]
1000792c:	681a      	ldr	r2, [r3, #0]
1000792e:	6812      	ldr	r2, [r2, #0]
10007930:	2a00      	cmp	r2, #0
10007932:	d125      	bne.n	10007980 <xTaskIncrementTick.part.0+0x150>
10007934:	2301      	movs	r3, #1
10007936:	491e      	ldr	r1, [pc, #120]	@ (100079b0 <xTaskIncrementTick.part.0+0x180>)
10007938:	425b      	negs	r3, r3
1000793a:	600b      	str	r3, [r1, #0]
1000793c:	680b      	ldr	r3, [r1, #0]
1000793e:	4298      	cmp	r0, r3
10007940:	d287      	bcs.n	10007852 <xTaskIncrementTick.part.0+0x22>
10007942:	2300      	movs	r3, #0
10007944:	469c      	mov	ip, r3
10007946:	4b1c      	ldr	r3, [pc, #112]	@ (100079b8 <xTaskIncrementTick.part.0+0x188>)
10007948:	4d1c      	ldr	r5, [pc, #112]	@ (100079bc <xTaskIncrementTick.part.0+0x18c>)
1000794a:	469b      	mov	fp, r3
1000794c:	465b      	mov	r3, fp
1000794e:	2001      	movs	r0, #1
10007950:	681b      	ldr	r3, [r3, #0]
10007952:	4a1e      	ldr	r2, [pc, #120]	@ (100079cc <xTaskIncrementTick.part.0+0x19c>)
10007954:	6ad9      	ldr	r1, [r3, #44]	@ 0x2c
10007956:	6812      	ldr	r2, [r2, #0]
10007958:	008b      	lsls	r3, r1, #2
1000795a:	185b      	adds	r3, r3, r1
1000795c:	009b      	lsls	r3, r3, #2
1000795e:	58eb      	ldr	r3, [r5, r3]
10007960:	4298      	cmp	r0, r3
10007962:	4180      	sbcs	r0, r0
10007964:	0013      	movs	r3, r2
10007966:	1e5a      	subs	r2, r3, #1
10007968:	4193      	sbcs	r3, r2
1000796a:	4240      	negs	r0, r0
1000796c:	4318      	orrs	r0, r3
1000796e:	4663      	mov	r3, ip
10007970:	4318      	orrs	r0, r3
10007972:	b003      	add	sp, #12
10007974:	bcf0      	pop	{r4, r5, r6, r7}
10007976:	46bb      	mov	fp, r7
10007978:	46b2      	mov	sl, r6
1000797a:	46a9      	mov	r9, r5
1000797c:	46a0      	mov	r8, r4
1000797e:	bdf0      	pop	{r4, r5, r6, r7, pc}
10007980:	681b      	ldr	r3, [r3, #0]
10007982:	490b      	ldr	r1, [pc, #44]	@ (100079b0 <xTaskIncrementTick.part.0+0x180>)
10007984:	68db      	ldr	r3, [r3, #12]
10007986:	681b      	ldr	r3, [r3, #0]
10007988:	600b      	str	r3, [r1, #0]
1000798a:	e75f      	b.n	1000784c <xTaskIncrementTick.part.0+0x1c>
1000798c:	6a19      	ldr	r1, [r3, #32]
1000798e:	6051      	str	r1, [r2, #4]
10007990:	e787      	b.n	100078a2 <xTaskIncrementTick.part.0+0x72>
10007992:	9901      	ldr	r1, [sp, #4]
10007994:	600a      	str	r2, [r1, #0]
10007996:	e7d9      	b.n	1000794c <xTaskIncrementTick.part.0+0x11c>
10007998:	9901      	ldr	r1, [sp, #4]
1000799a:	2301      	movs	r3, #1
1000799c:	425b      	negs	r3, r3
1000799e:	600b      	str	r3, [r1, #0]
100079a0:	e7d4      	b.n	1000794c <xTaskIncrementTick.part.0+0x11c>
100079a2:	469c      	mov	ip, r3
100079a4:	4b04      	ldr	r3, [pc, #16]	@ (100079b8 <xTaskIncrementTick.part.0+0x188>)
100079a6:	4d05      	ldr	r5, [pc, #20]	@ (100079bc <xTaskIncrementTick.part.0+0x18c>)
100079a8:	469b      	mov	fp, r3
100079aa:	e7f6      	b.n	1000799a <xTaskIncrementTick.part.0+0x16a>
100079ac:	20022480 	.word	0x20022480
100079b0:	20022424 	.word	0x20022424
100079b4:	20001fe4 	.word	0x20001fe4
100079b8:	20001fdc 	.word	0x20001fdc
100079bc:	20001ff4 	.word	0x20001ff4
100079c0:	200223bc 	.word	0x200223bc
100079c4:	20001fec 	.word	0x20001fec
100079c8:	20022428 	.word	0x20022428
100079cc:	2002248c 	.word	0x2002248c

100079d0 <xTaskCreate>:
100079d0:	b510      	push	{r4, lr}
100079d2:	b082      	sub	sp, #8
100079d4:	9c05      	ldr	r4, [sp, #20]
100079d6:	9401      	str	r4, [sp, #4]
100079d8:	9c04      	ldr	r4, [sp, #16]
100079da:	9400      	str	r4, [sp, #0]
100079dc:	f7ff fe60 	bl	100076a0 <prvCreateTask>
100079e0:	2800      	cmp	r0, #0
100079e2:	d004      	beq.n	100079ee <xTaskCreate+0x1e>
100079e4:	f7ff fdca 	bl	1000757c <prvAddNewTaskToReadyList>
100079e8:	2001      	movs	r0, #1
100079ea:	b002      	add	sp, #8
100079ec:	bd10      	pop	{r4, pc}
100079ee:	2001      	movs	r0, #1
100079f0:	4240      	negs	r0, r0
100079f2:	e7fa      	b.n	100079ea <xTaskCreate+0x1a>

100079f4 <vTaskStartScheduler>:
100079f4:	b510      	push	{r4, lr}
100079f6:	b086      	sub	sp, #24
100079f8:	2210      	movs	r2, #16
100079fa:	2100      	movs	r1, #0
100079fc:	a802      	add	r0, sp, #8
100079fe:	f7fa fb55 	bl	100020ac <__wrap_memset>
10007a02:	2400      	movs	r4, #0
10007a04:	2280      	movs	r2, #128	@ 0x80
10007a06:	4b11      	ldr	r3, [pc, #68]	@ (10007a4c <vTaskStartScheduler+0x58>)
10007a08:	4811      	ldr	r0, [pc, #68]	@ (10007a50 <vTaskStartScheduler+0x5c>)
10007a0a:	9302      	str	r3, [sp, #8]
10007a0c:	4b11      	ldr	r3, [pc, #68]	@ (10007a54 <vTaskStartScheduler+0x60>)
10007a0e:	9400      	str	r4, [sp, #0]
10007a10:	9301      	str	r3, [sp, #4]
10007a12:	0092      	lsls	r2, r2, #2
10007a14:	2300      	movs	r3, #0
10007a16:	a902      	add	r1, sp, #8
10007a18:	f7ff fe42 	bl	100076a0 <prvCreateTask>
10007a1c:	2800      	cmp	r0, #0
10007a1e:	d005      	beq.n	10007a2c <vTaskStartScheduler+0x38>
10007a20:	f7ff fdac 	bl	1000757c <prvAddNewTaskToReadyList>
10007a24:	f000 fd8c 	bl	10008540 <xTimerCreateTimerTask>
10007a28:	2801      	cmp	r0, #1
10007a2a:	d003      	beq.n	10007a34 <vTaskStartScheduler+0x40>
10007a2c:	4b0a      	ldr	r3, [pc, #40]	@ (10007a58 <vTaskStartScheduler+0x64>)
10007a2e:	681b      	ldr	r3, [r3, #0]
10007a30:	b006      	add	sp, #24
10007a32:	bd10      	pop	{r4, pc}
10007a34:	b672      	cpsid	i
10007a36:	2201      	movs	r2, #1
10007a38:	4b08      	ldr	r3, [pc, #32]	@ (10007a5c <vTaskStartScheduler+0x68>)
10007a3a:	4252      	negs	r2, r2
10007a3c:	601a      	str	r2, [r3, #0]
10007a3e:	4b08      	ldr	r3, [pc, #32]	@ (10007a60 <vTaskStartScheduler+0x6c>)
10007a40:	6018      	str	r0, [r3, #0]
10007a42:	4b08      	ldr	r3, [pc, #32]	@ (10007a64 <vTaskStartScheduler+0x70>)
10007a44:	601c      	str	r4, [r3, #0]
10007a46:	f7fe ff85 	bl	10006954 <xPortStartScheduler>
10007a4a:	e7ef      	b.n	10007a2c <vTaskStartScheduler+0x38>
10007a4c:	454c4449 	.word	0x454c4449
10007a50:	100077d1 	.word	0x100077d1
10007a54:	20022418 	.word	0x20022418
10007a58:	10009c94 	.word	0x10009c94
10007a5c:	20022424 	.word	0x20022424
10007a60:	2002244c 	.word	0x2002244c
10007a64:	20022480 	.word	0x20022480

10007a68 <vTaskSuspendAll>:
10007a68:	4a02      	ldr	r2, [pc, #8]	@ (10007a74 <vTaskSuspendAll+0xc>)
10007a6a:	6813      	ldr	r3, [r2, #0]
10007a6c:	3301      	adds	r3, #1
10007a6e:	6013      	str	r3, [r2, #0]
10007a70:	4770      	bx	lr
10007a72:	46c0      	nop			@ (mov r8, r8)
10007a74:	200223b4 	.word	0x200223b4

10007a78 <xTaskResumeAll>:
10007a78:	b5f0      	push	{r4, r5, r6, r7, lr}
10007a7a:	46de      	mov	lr, fp
10007a7c:	4645      	mov	r5, r8
10007a7e:	4657      	mov	r7, sl
10007a80:	464e      	mov	r6, r9
10007a82:	b5e0      	push	{r5, r6, r7, lr}
10007a84:	b083      	sub	sp, #12
10007a86:	f7fe ff1b 	bl	100068c0 <vPortEnterCritical>
10007a8a:	4d54      	ldr	r5, [pc, #336]	@ (10007bdc <xTaskResumeAll+0x164>)
10007a8c:	682b      	ldr	r3, [r5, #0]
10007a8e:	3b01      	subs	r3, #1
10007a90:	602b      	str	r3, [r5, #0]
10007a92:	682b      	ldr	r3, [r5, #0]
10007a94:	2b00      	cmp	r3, #0
10007a96:	d000      	beq.n	10007a9a <xTaskResumeAll+0x22>
10007a98:	e083      	b.n	10007ba2 <xTaskResumeAll+0x12a>
10007a9a:	4b51      	ldr	r3, [pc, #324]	@ (10007be0 <xTaskResumeAll+0x168>)
10007a9c:	681b      	ldr	r3, [r3, #0]
10007a9e:	2b00      	cmp	r3, #0
10007aa0:	d07f      	beq.n	10007ba2 <xTaskResumeAll+0x12a>
10007aa2:	4f50      	ldr	r7, [pc, #320]	@ (10007be4 <xTaskResumeAll+0x16c>)
10007aa4:	683b      	ldr	r3, [r7, #0]
10007aa6:	2b00      	cmp	r3, #0
10007aa8:	d100      	bne.n	10007aac <xTaskResumeAll+0x34>
10007aaa:	e094      	b.n	10007bd6 <xTaskResumeAll+0x15e>
10007aac:	4b4e      	ldr	r3, [pc, #312]	@ (10007be8 <xTaskResumeAll+0x170>)
10007aae:	4c4f      	ldr	r4, [pc, #316]	@ (10007bec <xTaskResumeAll+0x174>)
10007ab0:	469c      	mov	ip, r3
10007ab2:	4b4f      	ldr	r3, [pc, #316]	@ (10007bf0 <xTaskResumeAll+0x178>)
10007ab4:	9501      	str	r5, [sp, #4]
10007ab6:	4699      	mov	r9, r3
10007ab8:	4b4e      	ldr	r3, [pc, #312]	@ (10007bf4 <xTaskResumeAll+0x17c>)
10007aba:	469a      	mov	sl, r3
10007abc:	2300      	movs	r3, #0
10007abe:	4698      	mov	r8, r3
10007ac0:	3301      	adds	r3, #1
10007ac2:	469b      	mov	fp, r3
10007ac4:	68fb      	ldr	r3, [r7, #12]
10007ac6:	68db      	ldr	r3, [r3, #12]
10007ac8:	69d8      	ldr	r0, [r3, #28]
10007aca:	6a19      	ldr	r1, [r3, #32]
10007acc:	6a9a      	ldr	r2, [r3, #40]	@ 0x28
10007ace:	6081      	str	r1, [r0, #8]
10007ad0:	69d8      	ldr	r0, [r3, #28]
10007ad2:	6048      	str	r0, [r1, #4]
10007ad4:	0019      	movs	r1, r3
10007ad6:	6850      	ldr	r0, [r2, #4]
10007ad8:	3118      	adds	r1, #24
10007ada:	4288      	cmp	r0, r1
10007adc:	d100      	bne.n	10007ae0 <xTaskResumeAll+0x68>
10007ade:	e073      	b.n	10007bc8 <xTaskResumeAll+0x150>
10007ae0:	4641      	mov	r1, r8
10007ae2:	6299      	str	r1, [r3, #40]	@ 0x28
10007ae4:	6811      	ldr	r1, [r2, #0]
10007ae6:	3901      	subs	r1, #1
10007ae8:	6011      	str	r1, [r2, #0]
10007aea:	6898      	ldr	r0, [r3, #8]
10007aec:	68d9      	ldr	r1, [r3, #12]
10007aee:	695a      	ldr	r2, [r3, #20]
10007af0:	6081      	str	r1, [r0, #8]
10007af2:	6898      	ldr	r0, [r3, #8]
10007af4:	6048      	str	r0, [r1, #4]
10007af6:	6850      	ldr	r0, [r2, #4]
10007af8:	1d19      	adds	r1, r3, #4
10007afa:	4288      	cmp	r0, r1
10007afc:	d061      	beq.n	10007bc2 <xTaskResumeAll+0x14a>
10007afe:	6810      	ldr	r0, [r2, #0]
10007b00:	3801      	subs	r0, #1
10007b02:	6010      	str	r0, [r2, #0]
10007b04:	4660      	mov	r0, ip
10007b06:	6ada      	ldr	r2, [r3, #44]	@ 0x2c
10007b08:	6800      	ldr	r0, [r0, #0]
10007b0a:	4282      	cmp	r2, r0
10007b0c:	d901      	bls.n	10007b12 <xTaskResumeAll+0x9a>
10007b0e:	4660      	mov	r0, ip
10007b10:	6002      	str	r2, [r0, #0]
10007b12:	0090      	lsls	r0, r2, #2
10007b14:	1882      	adds	r2, r0, r2
10007b16:	0095      	lsls	r5, r2, #2
10007b18:	1960      	adds	r0, r4, r5
10007b1a:	6842      	ldr	r2, [r0, #4]
10007b1c:	609a      	str	r2, [r3, #8]
10007b1e:	6896      	ldr	r6, [r2, #8]
10007b20:	60de      	str	r6, [r3, #12]
10007b22:	6071      	str	r1, [r6, #4]
10007b24:	6091      	str	r1, [r2, #8]
10007b26:	5962      	ldr	r2, [r4, r5]
10007b28:	6158      	str	r0, [r3, #20]
10007b2a:	3201      	adds	r2, #1
10007b2c:	5162      	str	r2, [r4, r5]
10007b2e:	464a      	mov	r2, r9
10007b30:	6811      	ldr	r1, [r2, #0]
10007b32:	6ada      	ldr	r2, [r3, #44]	@ 0x2c
10007b34:	6acb      	ldr	r3, [r1, #44]	@ 0x2c
10007b36:	429a      	cmp	r2, r3
10007b38:	d93e      	bls.n	10007bb8 <xTaskResumeAll+0x140>
10007b3a:	4653      	mov	r3, sl
10007b3c:	465a      	mov	r2, fp
10007b3e:	601a      	str	r2, [r3, #0]
10007b40:	683b      	ldr	r3, [r7, #0]
10007b42:	2b00      	cmp	r3, #0
10007b44:	d1be      	bne.n	10007ac4 <xTaskResumeAll+0x4c>
10007b46:	4b2c      	ldr	r3, [pc, #176]	@ (10007bf8 <xTaskResumeAll+0x180>)
10007b48:	9d01      	ldr	r5, [sp, #4]
10007b4a:	681a      	ldr	r2, [r3, #0]
10007b4c:	6812      	ldr	r2, [r2, #0]
10007b4e:	2a00      	cmp	r2, #0
10007b50:	d03d      	beq.n	10007bce <xTaskResumeAll+0x156>
10007b52:	681b      	ldr	r3, [r3, #0]
10007b54:	68db      	ldr	r3, [r3, #12]
10007b56:	681a      	ldr	r2, [r3, #0]
10007b58:	4b28      	ldr	r3, [pc, #160]	@ (10007bfc <xTaskResumeAll+0x184>)
10007b5a:	601a      	str	r2, [r3, #0]
10007b5c:	4e28      	ldr	r6, [pc, #160]	@ (10007c00 <xTaskResumeAll+0x188>)
10007b5e:	6834      	ldr	r4, [r6, #0]
10007b60:	2c00      	cmp	r4, #0
10007b62:	d014      	beq.n	10007b8e <xTaskResumeAll+0x116>
10007b64:	2701      	movs	r7, #1
10007b66:	e008      	b.n	10007b7a <xTaskResumeAll+0x102>
10007b68:	f7ff fe62 	bl	10007830 <xTaskIncrementTick.part.0>
10007b6c:	2800      	cmp	r0, #0
10007b6e:	d001      	beq.n	10007b74 <xTaskResumeAll+0xfc>
10007b70:	4653      	mov	r3, sl
10007b72:	601f      	str	r7, [r3, #0]
10007b74:	3c01      	subs	r4, #1
10007b76:	2c00      	cmp	r4, #0
10007b78:	d008      	beq.n	10007b8c <xTaskResumeAll+0x114>
10007b7a:	682b      	ldr	r3, [r5, #0]
10007b7c:	2b00      	cmp	r3, #0
10007b7e:	d0f3      	beq.n	10007b68 <xTaskResumeAll+0xf0>
10007b80:	6833      	ldr	r3, [r6, #0]
10007b82:	3c01      	subs	r4, #1
10007b84:	3301      	adds	r3, #1
10007b86:	6033      	str	r3, [r6, #0]
10007b88:	2c00      	cmp	r4, #0
10007b8a:	d1f6      	bne.n	10007b7a <xTaskResumeAll+0x102>
10007b8c:	6034      	str	r4, [r6, #0]
10007b8e:	4653      	mov	r3, sl
10007b90:	681b      	ldr	r3, [r3, #0]
10007b92:	2b00      	cmp	r3, #0
10007b94:	d005      	beq.n	10007ba2 <xTaskResumeAll+0x12a>
10007b96:	4b16      	ldr	r3, [pc, #88]	@ (10007bf0 <xTaskResumeAll+0x178>)
10007b98:	2401      	movs	r4, #1
10007b9a:	681b      	ldr	r3, [r3, #0]
10007b9c:	f7fe fe84 	bl	100068a8 <vPortYield>
10007ba0:	e000      	b.n	10007ba4 <xTaskResumeAll+0x12c>
10007ba2:	2400      	movs	r4, #0
10007ba4:	f7fe fe98 	bl	100068d8 <vPortExitCritical>
10007ba8:	0020      	movs	r0, r4
10007baa:	b003      	add	sp, #12
10007bac:	bcf0      	pop	{r4, r5, r6, r7}
10007bae:	46bb      	mov	fp, r7
10007bb0:	46b2      	mov	sl, r6
10007bb2:	46a9      	mov	r9, r5
10007bb4:	46a0      	mov	r8, r4
10007bb6:	bdf0      	pop	{r4, r5, r6, r7, pc}
10007bb8:	683b      	ldr	r3, [r7, #0]
10007bba:	2b00      	cmp	r3, #0
10007bbc:	d000      	beq.n	10007bc0 <xTaskResumeAll+0x148>
10007bbe:	e781      	b.n	10007ac4 <xTaskResumeAll+0x4c>
10007bc0:	e7c1      	b.n	10007b46 <xTaskResumeAll+0xce>
10007bc2:	68d8      	ldr	r0, [r3, #12]
10007bc4:	6050      	str	r0, [r2, #4]
10007bc6:	e79a      	b.n	10007afe <xTaskResumeAll+0x86>
10007bc8:	6a19      	ldr	r1, [r3, #32]
10007bca:	6051      	str	r1, [r2, #4]
10007bcc:	e788      	b.n	10007ae0 <xTaskResumeAll+0x68>
10007bce:	4b0b      	ldr	r3, [pc, #44]	@ (10007bfc <xTaskResumeAll+0x184>)
10007bd0:	3a01      	subs	r2, #1
10007bd2:	601a      	str	r2, [r3, #0]
10007bd4:	e7c2      	b.n	10007b5c <xTaskResumeAll+0xe4>
10007bd6:	4b07      	ldr	r3, [pc, #28]	@ (10007bf4 <xTaskResumeAll+0x17c>)
10007bd8:	469a      	mov	sl, r3
10007bda:	e7bf      	b.n	10007b5c <xTaskResumeAll+0xe4>
10007bdc:	200223b4 	.word	0x200223b4
10007be0:	200223ac 	.word	0x200223ac
10007be4:	20022438 	.word	0x20022438
10007be8:	200223bc 	.word	0x200223bc
10007bec:	20001ff4 	.word	0x20001ff4
10007bf0:	20001fdc 	.word	0x20001fdc
10007bf4:	2002248c 	.word	0x2002248c
10007bf8:	20001fe4 	.word	0x20001fe4
10007bfc:	20022424 	.word	0x20022424
10007c00:	20022434 	.word	0x20022434

10007c04 <xTaskGetTickCount>:
10007c04:	4b01      	ldr	r3, [pc, #4]	@ (10007c0c <xTaskGetTickCount+0x8>)
10007c06:	6818      	ldr	r0, [r3, #0]
10007c08:	4770      	bx	lr
10007c0a:	46c0      	nop			@ (mov r8, r8)
10007c0c:	20022480 	.word	0x20022480

10007c10 <uxTaskGetNumberOfTasks>:
10007c10:	4b01      	ldr	r3, [pc, #4]	@ (10007c18 <uxTaskGetNumberOfTasks+0x8>)
10007c12:	6818      	ldr	r0, [r3, #0]
10007c14:	4770      	bx	lr
10007c16:	46c0      	nop			@ (mov r8, r8)
10007c18:	200223ac 	.word	0x200223ac

10007c1c <xTaskIncrementTick>:
10007c1c:	4b06      	ldr	r3, [pc, #24]	@ (10007c38 <xTaskIncrementTick+0x1c>)
10007c1e:	b510      	push	{r4, lr}
10007c20:	681b      	ldr	r3, [r3, #0]
10007c22:	2b00      	cmp	r3, #0
10007c24:	d102      	bne.n	10007c2c <xTaskIncrementTick+0x10>
10007c26:	f7ff fe03 	bl	10007830 <xTaskIncrementTick.part.0>
10007c2a:	bd10      	pop	{r4, pc}
10007c2c:	4a03      	ldr	r2, [pc, #12]	@ (10007c3c <xTaskIncrementTick+0x20>)
10007c2e:	2000      	movs	r0, #0
10007c30:	6813      	ldr	r3, [r2, #0]
10007c32:	3301      	adds	r3, #1
10007c34:	6013      	str	r3, [r2, #0]
10007c36:	e7f8      	b.n	10007c2a <xTaskIncrementTick+0xe>
10007c38:	200223b4 	.word	0x200223b4
10007c3c:	20022434 	.word	0x20022434

10007c40 <vTaskSwitchContext>:
10007c40:	4b19      	ldr	r3, [pc, #100]	@ (10007ca8 <vTaskSwitchContext+0x68>)
10007c42:	b530      	push	{r4, r5, lr}
10007c44:	681b      	ldr	r3, [r3, #0]
10007c46:	2b00      	cmp	r3, #0
10007c48:	d003      	beq.n	10007c52 <vTaskSwitchContext+0x12>
10007c4a:	2201      	movs	r2, #1
10007c4c:	4b17      	ldr	r3, [pc, #92]	@ (10007cac <vTaskSwitchContext+0x6c>)
10007c4e:	601a      	str	r2, [r3, #0]
10007c50:	bd30      	pop	{r4, r5, pc}
10007c52:	4a16      	ldr	r2, [pc, #88]	@ (10007cac <vTaskSwitchContext+0x6c>)
10007c54:	4c16      	ldr	r4, [pc, #88]	@ (10007cb0 <vTaskSwitchContext+0x70>)
10007c56:	6013      	str	r3, [r2, #0]
10007c58:	6822      	ldr	r2, [r4, #0]
10007c5a:	4816      	ldr	r0, [pc, #88]	@ (10007cb4 <vTaskSwitchContext+0x74>)
10007c5c:	0091      	lsls	r1, r2, #2
10007c5e:	188b      	adds	r3, r1, r2
10007c60:	009b      	lsls	r3, r3, #2
10007c62:	58c5      	ldr	r5, [r0, r3]
10007c64:	2d00      	cmp	r5, #0
10007c66:	d107      	bne.n	10007c78 <vTaskSwitchContext+0x38>
10007c68:	3b14      	subs	r3, #20
10007c6a:	18c3      	adds	r3, r0, r3
10007c6c:	6819      	ldr	r1, [r3, #0]
10007c6e:	3b14      	subs	r3, #20
10007c70:	3a01      	subs	r2, #1
10007c72:	2900      	cmp	r1, #0
10007c74:	d0fa      	beq.n	10007c6c <vTaskSwitchContext+0x2c>
10007c76:	0091      	lsls	r1, r2, #2
10007c78:	1889      	adds	r1, r1, r2
10007c7a:	0089      	lsls	r1, r1, #2
10007c7c:	1845      	adds	r5, r0, r1
10007c7e:	686b      	ldr	r3, [r5, #4]
10007c80:	3108      	adds	r1, #8
10007c82:	685b      	ldr	r3, [r3, #4]
10007c84:	1840      	adds	r0, r0, r1
10007c86:	606b      	str	r3, [r5, #4]
10007c88:	4283      	cmp	r3, r0
10007c8a:	d005      	beq.n	10007c98 <vTaskSwitchContext+0x58>
10007c8c:	68d9      	ldr	r1, [r3, #12]
10007c8e:	4b0a      	ldr	r3, [pc, #40]	@ (10007cb8 <vTaskSwitchContext+0x78>)
10007c90:	6019      	str	r1, [r3, #0]
10007c92:	6022      	str	r2, [r4, #0]
10007c94:	681b      	ldr	r3, [r3, #0]
10007c96:	e7db      	b.n	10007c50 <vTaskSwitchContext+0x10>
10007c98:	68eb      	ldr	r3, [r5, #12]
10007c9a:	68d9      	ldr	r1, [r3, #12]
10007c9c:	606b      	str	r3, [r5, #4]
10007c9e:	4b06      	ldr	r3, [pc, #24]	@ (10007cb8 <vTaskSwitchContext+0x78>)
10007ca0:	6019      	str	r1, [r3, #0]
10007ca2:	6022      	str	r2, [r4, #0]
10007ca4:	681b      	ldr	r3, [r3, #0]
10007ca6:	e7d3      	b.n	10007c50 <vTaskSwitchContext+0x10>
10007ca8:	200223b4 	.word	0x200223b4
10007cac:	2002248c 	.word	0x2002248c
10007cb0:	200223bc 	.word	0x200223bc
10007cb4:	20001ff4 	.word	0x20001ff4
10007cb8:	20001fdc 	.word	0x20001fdc

10007cbc <vTaskPlaceOnEventList>:
10007cbc:	b5f0      	push	{r4, r5, r6, r7, lr}
10007cbe:	46c6      	mov	lr, r8
10007cc0:	4d20      	ldr	r5, [pc, #128]	@ (10007d44 <vTaskPlaceOnEventList+0x88>)
10007cc2:	000c      	movs	r4, r1
10007cc4:	6829      	ldr	r1, [r5, #0]
10007cc6:	b500      	push	{lr}
10007cc8:	3118      	adds	r1, #24
10007cca:	f7ff f8f1 	bl	10006eb0 <vListInsert>
10007cce:	4b1e      	ldr	r3, [pc, #120]	@ (10007d48 <vTaskPlaceOnEventList+0x8c>)
10007cd0:	2100      	movs	r1, #0
10007cd2:	681e      	ldr	r6, [r3, #0]
10007cd4:	4b1d      	ldr	r3, [pc, #116]	@ (10007d4c <vTaskPlaceOnEventList+0x90>)
10007cd6:	681f      	ldr	r7, [r3, #0]
10007cd8:	4b1d      	ldr	r3, [pc, #116]	@ (10007d50 <vTaskPlaceOnEventList+0x94>)
10007cda:	681b      	ldr	r3, [r3, #0]
10007cdc:	682a      	ldr	r2, [r5, #0]
10007cde:	4698      	mov	r8, r3
10007ce0:	236d      	movs	r3, #109	@ 0x6d
10007ce2:	6828      	ldr	r0, [r5, #0]
10007ce4:	54d1      	strb	r1, [r2, r3]
10007ce6:	3004      	adds	r0, #4
10007ce8:	f7ff f8fa 	bl	10006ee0 <uxListRemove>
10007cec:	1c63      	adds	r3, r4, #1
10007cee:	d015      	beq.n	10007d1c <vTaskPlaceOnEventList+0x60>
10007cf0:	682b      	ldr	r3, [r5, #0]
10007cf2:	6829      	ldr	r1, [r5, #0]
10007cf4:	19a4      	adds	r4, r4, r6
10007cf6:	605c      	str	r4, [r3, #4]
10007cf8:	3104      	adds	r1, #4
10007cfa:	42a6      	cmp	r6, r4
10007cfc:	d905      	bls.n	10007d0a <vTaskPlaceOnEventList+0x4e>
10007cfe:	4640      	mov	r0, r8
10007d00:	f7ff f8d6 	bl	10006eb0 <vListInsert>
10007d04:	bc80      	pop	{r7}
10007d06:	46b8      	mov	r8, r7
10007d08:	bdf0      	pop	{r4, r5, r6, r7, pc}
10007d0a:	0038      	movs	r0, r7
10007d0c:	f7ff f8d0 	bl	10006eb0 <vListInsert>
10007d10:	4b10      	ldr	r3, [pc, #64]	@ (10007d54 <vTaskPlaceOnEventList+0x98>)
10007d12:	681a      	ldr	r2, [r3, #0]
10007d14:	4294      	cmp	r4, r2
10007d16:	d2f5      	bcs.n	10007d04 <vTaskPlaceOnEventList+0x48>
10007d18:	601c      	str	r4, [r3, #0]
10007d1a:	e7f3      	b.n	10007d04 <vTaskPlaceOnEventList+0x48>
10007d1c:	4b0e      	ldr	r3, [pc, #56]	@ (10007d58 <vTaskPlaceOnEventList+0x9c>)
10007d1e:	6829      	ldr	r1, [r5, #0]
10007d20:	685a      	ldr	r2, [r3, #4]
10007d22:	608a      	str	r2, [r1, #8]
10007d24:	6890      	ldr	r0, [r2, #8]
10007d26:	6829      	ldr	r1, [r5, #0]
10007d28:	60c8      	str	r0, [r1, #12]
10007d2a:	6829      	ldr	r1, [r5, #0]
10007d2c:	3104      	adds	r1, #4
10007d2e:	6041      	str	r1, [r0, #4]
10007d30:	6829      	ldr	r1, [r5, #0]
10007d32:	3104      	adds	r1, #4
10007d34:	6091      	str	r1, [r2, #8]
10007d36:	682a      	ldr	r2, [r5, #0]
10007d38:	6153      	str	r3, [r2, #20]
10007d3a:	681a      	ldr	r2, [r3, #0]
10007d3c:	3201      	adds	r2, #1
10007d3e:	601a      	str	r2, [r3, #0]
10007d40:	e7e0      	b.n	10007d04 <vTaskPlaceOnEventList+0x48>
10007d42:	46c0      	nop			@ (mov r8, r8)
10007d44:	20001fdc 	.word	0x20001fdc
10007d48:	20022480 	.word	0x20022480
10007d4c:	20001fe4 	.word	0x20001fe4
10007d50:	20001fec 	.word	0x20001fec
10007d54:	20022424 	.word	0x20022424
10007d58:	20022458 	.word	0x20022458

10007d5c <vTaskPlaceOnUnorderedEventList>:
10007d5c:	2380      	movs	r3, #128	@ 0x80
10007d5e:	b5f0      	push	{r4, r5, r6, r7, lr}
10007d60:	46c6      	mov	lr, r8
10007d62:	4c29      	ldr	r4, [pc, #164]	@ (10007e08 <vTaskPlaceOnUnorderedEventList+0xac>)
10007d64:	0015      	movs	r5, r2
10007d66:	061b      	lsls	r3, r3, #24
10007d68:	6822      	ldr	r2, [r4, #0]
10007d6a:	430b      	orrs	r3, r1
10007d6c:	b500      	push	{lr}
10007d6e:	6193      	str	r3, [r2, #24]
10007d70:	6822      	ldr	r2, [r4, #0]
10007d72:	6843      	ldr	r3, [r0, #4]
10007d74:	61d3      	str	r3, [r2, #28]
10007d76:	6899      	ldr	r1, [r3, #8]
10007d78:	6822      	ldr	r2, [r4, #0]
10007d7a:	6211      	str	r1, [r2, #32]
10007d7c:	6822      	ldr	r2, [r4, #0]
10007d7e:	3218      	adds	r2, #24
10007d80:	604a      	str	r2, [r1, #4]
10007d82:	6822      	ldr	r2, [r4, #0]
10007d84:	2100      	movs	r1, #0
10007d86:	3218      	adds	r2, #24
10007d88:	609a      	str	r2, [r3, #8]
10007d8a:	6823      	ldr	r3, [r4, #0]
10007d8c:	6298      	str	r0, [r3, #40]	@ 0x28
10007d8e:	6803      	ldr	r3, [r0, #0]
10007d90:	3301      	adds	r3, #1
10007d92:	6003      	str	r3, [r0, #0]
10007d94:	4b1d      	ldr	r3, [pc, #116]	@ (10007e0c <vTaskPlaceOnUnorderedEventList+0xb0>)
10007d96:	681e      	ldr	r6, [r3, #0]
10007d98:	4b1d      	ldr	r3, [pc, #116]	@ (10007e10 <vTaskPlaceOnUnorderedEventList+0xb4>)
10007d9a:	681f      	ldr	r7, [r3, #0]
10007d9c:	4b1d      	ldr	r3, [pc, #116]	@ (10007e14 <vTaskPlaceOnUnorderedEventList+0xb8>)
10007d9e:	681b      	ldr	r3, [r3, #0]
10007da0:	6822      	ldr	r2, [r4, #0]
10007da2:	4698      	mov	r8, r3
10007da4:	236d      	movs	r3, #109	@ 0x6d
10007da6:	6820      	ldr	r0, [r4, #0]
10007da8:	54d1      	strb	r1, [r2, r3]
10007daa:	3004      	adds	r0, #4
10007dac:	f7ff f898 	bl	10006ee0 <uxListRemove>
10007db0:	1c6b      	adds	r3, r5, #1
10007db2:	d015      	beq.n	10007de0 <vTaskPlaceOnUnorderedEventList+0x84>
10007db4:	6823      	ldr	r3, [r4, #0]
10007db6:	6821      	ldr	r1, [r4, #0]
10007db8:	19ad      	adds	r5, r5, r6
10007dba:	605d      	str	r5, [r3, #4]
10007dbc:	3104      	adds	r1, #4
10007dbe:	42ae      	cmp	r6, r5
10007dc0:	d905      	bls.n	10007dce <vTaskPlaceOnUnorderedEventList+0x72>
10007dc2:	4640      	mov	r0, r8
10007dc4:	f7ff f874 	bl	10006eb0 <vListInsert>
10007dc8:	bc80      	pop	{r7}
10007dca:	46b8      	mov	r8, r7
10007dcc:	bdf0      	pop	{r4, r5, r6, r7, pc}
10007dce:	0038      	movs	r0, r7
10007dd0:	f7ff f86e 	bl	10006eb0 <vListInsert>
10007dd4:	4b10      	ldr	r3, [pc, #64]	@ (10007e18 <vTaskPlaceOnUnorderedEventList+0xbc>)
10007dd6:	681a      	ldr	r2, [r3, #0]
10007dd8:	4295      	cmp	r5, r2
10007dda:	d2f5      	bcs.n	10007dc8 <vTaskPlaceOnUnorderedEventList+0x6c>
10007ddc:	601d      	str	r5, [r3, #0]
10007dde:	e7f3      	b.n	10007dc8 <vTaskPlaceOnUnorderedEventList+0x6c>
10007de0:	4b0e      	ldr	r3, [pc, #56]	@ (10007e1c <vTaskPlaceOnUnorderedEventList+0xc0>)
10007de2:	6821      	ldr	r1, [r4, #0]
10007de4:	685a      	ldr	r2, [r3, #4]
10007de6:	608a      	str	r2, [r1, #8]
10007de8:	6890      	ldr	r0, [r2, #8]
10007dea:	6821      	ldr	r1, [r4, #0]
10007dec:	60c8      	str	r0, [r1, #12]
10007dee:	6821      	ldr	r1, [r4, #0]
10007df0:	3104      	adds	r1, #4
10007df2:	6041      	str	r1, [r0, #4]
10007df4:	6821      	ldr	r1, [r4, #0]
10007df6:	3104      	adds	r1, #4
10007df8:	6091      	str	r1, [r2, #8]
10007dfa:	6822      	ldr	r2, [r4, #0]
10007dfc:	6153      	str	r3, [r2, #20]
10007dfe:	681a      	ldr	r2, [r3, #0]
10007e00:	3201      	adds	r2, #1
10007e02:	601a      	str	r2, [r3, #0]
10007e04:	e7e0      	b.n	10007dc8 <vTaskPlaceOnUnorderedEventList+0x6c>
10007e06:	46c0      	nop			@ (mov r8, r8)
10007e08:	20001fdc 	.word	0x20001fdc
10007e0c:	20022480 	.word	0x20022480
10007e10:	20001fe4 	.word	0x20001fe4
10007e14:	20001fec 	.word	0x20001fec
10007e18:	20022424 	.word	0x20022424
10007e1c:	20022458 	.word	0x20022458

10007e20 <vTaskPlaceOnEventListRestricted>:
10007e20:	b5f0      	push	{r4, r5, r6, r7, lr}
10007e22:	46c6      	mov	lr, r8
10007e24:	4c35      	ldr	r4, [pc, #212]	@ (10007efc <vTaskPlaceOnEventListRestricted+0xdc>)
10007e26:	6843      	ldr	r3, [r0, #4]
10007e28:	000d      	movs	r5, r1
10007e2a:	6821      	ldr	r1, [r4, #0]
10007e2c:	b500      	push	{lr}
10007e2e:	61cb      	str	r3, [r1, #28]
10007e30:	689e      	ldr	r6, [r3, #8]
10007e32:	6821      	ldr	r1, [r4, #0]
10007e34:	620e      	str	r6, [r1, #32]
10007e36:	6821      	ldr	r1, [r4, #0]
10007e38:	3118      	adds	r1, #24
10007e3a:	6071      	str	r1, [r6, #4]
10007e3c:	6821      	ldr	r1, [r4, #0]
10007e3e:	3118      	adds	r1, #24
10007e40:	6099      	str	r1, [r3, #8]
10007e42:	6823      	ldr	r3, [r4, #0]
10007e44:	6298      	str	r0, [r3, #40]	@ 0x28
10007e46:	6803      	ldr	r3, [r0, #0]
10007e48:	3301      	adds	r3, #1
10007e4a:	6003      	str	r3, [r0, #0]
10007e4c:	4b2c      	ldr	r3, [pc, #176]	@ (10007f00 <vTaskPlaceOnEventListRestricted+0xe0>)
10007e4e:	2a00      	cmp	r2, #0
10007e50:	d021      	beq.n	10007e96 <vTaskPlaceOnEventListRestricted+0x76>
10007e52:	681b      	ldr	r3, [r3, #0]
10007e54:	4b2b      	ldr	r3, [pc, #172]	@ (10007f04 <vTaskPlaceOnEventListRestricted+0xe4>)
10007e56:	2100      	movs	r1, #0
10007e58:	681b      	ldr	r3, [r3, #0]
10007e5a:	4b2b      	ldr	r3, [pc, #172]	@ (10007f08 <vTaskPlaceOnEventListRestricted+0xe8>)
10007e5c:	681b      	ldr	r3, [r3, #0]
10007e5e:	236d      	movs	r3, #109	@ 0x6d
10007e60:	6822      	ldr	r2, [r4, #0]
10007e62:	6820      	ldr	r0, [r4, #0]
10007e64:	54d1      	strb	r1, [r2, r3]
10007e66:	3004      	adds	r0, #4
10007e68:	f7ff f83a 	bl	10006ee0 <uxListRemove>
10007e6c:	4b27      	ldr	r3, [pc, #156]	@ (10007f0c <vTaskPlaceOnEventListRestricted+0xec>)
10007e6e:	6821      	ldr	r1, [r4, #0]
10007e70:	685a      	ldr	r2, [r3, #4]
10007e72:	608a      	str	r2, [r1, #8]
10007e74:	6890      	ldr	r0, [r2, #8]
10007e76:	6821      	ldr	r1, [r4, #0]
10007e78:	60c8      	str	r0, [r1, #12]
10007e7a:	6821      	ldr	r1, [r4, #0]
10007e7c:	3104      	adds	r1, #4
10007e7e:	6041      	str	r1, [r0, #4]
10007e80:	6821      	ldr	r1, [r4, #0]
10007e82:	3104      	adds	r1, #4
10007e84:	6091      	str	r1, [r2, #8]
10007e86:	6822      	ldr	r2, [r4, #0]
10007e88:	6153      	str	r3, [r2, #20]
10007e8a:	681a      	ldr	r2, [r3, #0]
10007e8c:	3201      	adds	r2, #1
10007e8e:	601a      	str	r2, [r3, #0]
10007e90:	bc80      	pop	{r7}
10007e92:	46b8      	mov	r8, r7
10007e94:	bdf0      	pop	{r4, r5, r6, r7, pc}
10007e96:	681e      	ldr	r6, [r3, #0]
10007e98:	4b1a      	ldr	r3, [pc, #104]	@ (10007f04 <vTaskPlaceOnEventListRestricted+0xe4>)
10007e9a:	681f      	ldr	r7, [r3, #0]
10007e9c:	4b1a      	ldr	r3, [pc, #104]	@ (10007f08 <vTaskPlaceOnEventListRestricted+0xe8>)
10007e9e:	681b      	ldr	r3, [r3, #0]
10007ea0:	6821      	ldr	r1, [r4, #0]
10007ea2:	4698      	mov	r8, r3
10007ea4:	236d      	movs	r3, #109	@ 0x6d
10007ea6:	6820      	ldr	r0, [r4, #0]
10007ea8:	54ca      	strb	r2, [r1, r3]
10007eaa:	3004      	adds	r0, #4
10007eac:	f7ff f818 	bl	10006ee0 <uxListRemove>
10007eb0:	1c6b      	adds	r3, r5, #1
10007eb2:	d015      	beq.n	10007ee0 <vTaskPlaceOnEventListRestricted+0xc0>
10007eb4:	6823      	ldr	r3, [r4, #0]
10007eb6:	19ad      	adds	r5, r5, r6
10007eb8:	605d      	str	r5, [r3, #4]
10007eba:	42ae      	cmp	r6, r5
10007ebc:	d80a      	bhi.n	10007ed4 <vTaskPlaceOnEventListRestricted+0xb4>
10007ebe:	6821      	ldr	r1, [r4, #0]
10007ec0:	0038      	movs	r0, r7
10007ec2:	3104      	adds	r1, #4
10007ec4:	f7fe fff4 	bl	10006eb0 <vListInsert>
10007ec8:	4b11      	ldr	r3, [pc, #68]	@ (10007f10 <vTaskPlaceOnEventListRestricted+0xf0>)
10007eca:	681a      	ldr	r2, [r3, #0]
10007ecc:	4295      	cmp	r5, r2
10007ece:	d2df      	bcs.n	10007e90 <vTaskPlaceOnEventListRestricted+0x70>
10007ed0:	601d      	str	r5, [r3, #0]
10007ed2:	e7dd      	b.n	10007e90 <vTaskPlaceOnEventListRestricted+0x70>
10007ed4:	6821      	ldr	r1, [r4, #0]
10007ed6:	4640      	mov	r0, r8
10007ed8:	3104      	adds	r1, #4
10007eda:	f7fe ffe9 	bl	10006eb0 <vListInsert>
10007ede:	e7d7      	b.n	10007e90 <vTaskPlaceOnEventListRestricted+0x70>
10007ee0:	6822      	ldr	r2, [r4, #0]
10007ee2:	1e73      	subs	r3, r6, #1
10007ee4:	6053      	str	r3, [r2, #4]
10007ee6:	429e      	cmp	r6, r3
10007ee8:	d8f4      	bhi.n	10007ed4 <vTaskPlaceOnEventListRestricted+0xb4>
10007eea:	6821      	ldr	r1, [r4, #0]
10007eec:	0038      	movs	r0, r7
10007eee:	3104      	adds	r1, #4
10007ef0:	f7fe ffde 	bl	10006eb0 <vListInsert>
10007ef4:	4b06      	ldr	r3, [pc, #24]	@ (10007f10 <vTaskPlaceOnEventListRestricted+0xf0>)
10007ef6:	681b      	ldr	r3, [r3, #0]
10007ef8:	e7ca      	b.n	10007e90 <vTaskPlaceOnEventListRestricted+0x70>
10007efa:	46c0      	nop			@ (mov r8, r8)
10007efc:	20001fdc 	.word	0x20001fdc
10007f00:	20022480 	.word	0x20022480
10007f04:	20001fe4 	.word	0x20001fe4
10007f08:	20001fec 	.word	0x20001fec
10007f0c:	20022458 	.word	0x20022458
10007f10:	20022424 	.word	0x20022424

10007f14 <xTaskRemoveFromEventList>:
10007f14:	68c3      	ldr	r3, [r0, #12]
10007f16:	b570      	push	{r4, r5, r6, lr}
10007f18:	68db      	ldr	r3, [r3, #12]
10007f1a:	69d8      	ldr	r0, [r3, #28]
10007f1c:	6a19      	ldr	r1, [r3, #32]
10007f1e:	6a9a      	ldr	r2, [r3, #40]	@ 0x28
10007f20:	6081      	str	r1, [r0, #8]
10007f22:	69d8      	ldr	r0, [r3, #28]
10007f24:	6048      	str	r0, [r1, #4]
10007f26:	0018      	movs	r0, r3
10007f28:	6851      	ldr	r1, [r2, #4]
10007f2a:	3018      	adds	r0, #24
10007f2c:	4281      	cmp	r1, r0
10007f2e:	d043      	beq.n	10007fb8 <xTaskRemoveFromEventList+0xa4>
10007f30:	2100      	movs	r1, #0
10007f32:	6299      	str	r1, [r3, #40]	@ 0x28
10007f34:	6811      	ldr	r1, [r2, #0]
10007f36:	3901      	subs	r1, #1
10007f38:	6011      	str	r1, [r2, #0]
10007f3a:	4a26      	ldr	r2, [pc, #152]	@ (10007fd4 <xTaskRemoveFromEventList+0xc0>)
10007f3c:	6812      	ldr	r2, [r2, #0]
10007f3e:	2a00      	cmp	r2, #0
10007f40:	d12c      	bne.n	10007f9c <xTaskRemoveFromEventList+0x88>
10007f42:	6898      	ldr	r0, [r3, #8]
10007f44:	68d9      	ldr	r1, [r3, #12]
10007f46:	695a      	ldr	r2, [r3, #20]
10007f48:	6081      	str	r1, [r0, #8]
10007f4a:	6898      	ldr	r0, [r3, #8]
10007f4c:	1d1c      	adds	r4, r3, #4
10007f4e:	6048      	str	r0, [r1, #4]
10007f50:	6851      	ldr	r1, [r2, #4]
10007f52:	42a1      	cmp	r1, r4
10007f54:	d033      	beq.n	10007fbe <xTaskRemoveFromEventList+0xaa>
10007f56:	6811      	ldr	r1, [r2, #0]
10007f58:	3901      	subs	r1, #1
10007f5a:	6011      	str	r1, [r2, #0]
10007f5c:	4a1e      	ldr	r2, [pc, #120]	@ (10007fd8 <xTaskRemoveFromEventList+0xc4>)
10007f5e:	6ad9      	ldr	r1, [r3, #44]	@ 0x2c
10007f60:	6810      	ldr	r0, [r2, #0]
10007f62:	4281      	cmp	r1, r0
10007f64:	d826      	bhi.n	10007fb4 <xTaskRemoveFromEventList+0xa0>
10007f66:	008a      	lsls	r2, r1, #2
10007f68:	481c      	ldr	r0, [pc, #112]	@ (10007fdc <xTaskRemoveFromEventList+0xc8>)
10007f6a:	1852      	adds	r2, r2, r1
10007f6c:	0092      	lsls	r2, r2, #2
10007f6e:	1885      	adds	r5, r0, r2
10007f70:	6869      	ldr	r1, [r5, #4]
10007f72:	6099      	str	r1, [r3, #8]
10007f74:	688e      	ldr	r6, [r1, #8]
10007f76:	60de      	str	r6, [r3, #12]
10007f78:	6074      	str	r4, [r6, #4]
10007f7a:	608c      	str	r4, [r1, #8]
10007f7c:	5881      	ldr	r1, [r0, r2]
10007f7e:	615d      	str	r5, [r3, #20]
10007f80:	3101      	adds	r1, #1
10007f82:	5081      	str	r1, [r0, r2]
10007f84:	4a16      	ldr	r2, [pc, #88]	@ (10007fe0 <xTaskRemoveFromEventList+0xcc>)
10007f86:	2000      	movs	r0, #0
10007f88:	6811      	ldr	r1, [r2, #0]
10007f8a:	6ada      	ldr	r2, [r3, #44]	@ 0x2c
10007f8c:	6acb      	ldr	r3, [r1, #44]	@ 0x2c
10007f8e:	429a      	cmp	r2, r3
10007f90:	d903      	bls.n	10007f9a <xTaskRemoveFromEventList+0x86>
10007f92:	2201      	movs	r2, #1
10007f94:	4b13      	ldr	r3, [pc, #76]	@ (10007fe4 <xTaskRemoveFromEventList+0xd0>)
10007f96:	3001      	adds	r0, #1
10007f98:	601a      	str	r2, [r3, #0]
10007f9a:	bd70      	pop	{r4, r5, r6, pc}
10007f9c:	4a12      	ldr	r2, [pc, #72]	@ (10007fe8 <xTaskRemoveFromEventList+0xd4>)
10007f9e:	6851      	ldr	r1, [r2, #4]
10007fa0:	61d9      	str	r1, [r3, #28]
10007fa2:	688c      	ldr	r4, [r1, #8]
10007fa4:	621c      	str	r4, [r3, #32]
10007fa6:	6060      	str	r0, [r4, #4]
10007fa8:	6088      	str	r0, [r1, #8]
10007faa:	6811      	ldr	r1, [r2, #0]
10007fac:	629a      	str	r2, [r3, #40]	@ 0x28
10007fae:	3101      	adds	r1, #1
10007fb0:	6011      	str	r1, [r2, #0]
10007fb2:	e7e7      	b.n	10007f84 <xTaskRemoveFromEventList+0x70>
10007fb4:	6011      	str	r1, [r2, #0]
10007fb6:	e7d6      	b.n	10007f66 <xTaskRemoveFromEventList+0x52>
10007fb8:	6a19      	ldr	r1, [r3, #32]
10007fba:	6051      	str	r1, [r2, #4]
10007fbc:	e7b8      	b.n	10007f30 <xTaskRemoveFromEventList+0x1c>
10007fbe:	68d9      	ldr	r1, [r3, #12]
10007fc0:	6051      	str	r1, [r2, #4]
10007fc2:	6811      	ldr	r1, [r2, #0]
10007fc4:	3901      	subs	r1, #1
10007fc6:	6011      	str	r1, [r2, #0]
10007fc8:	4a03      	ldr	r2, [pc, #12]	@ (10007fd8 <xTaskRemoveFromEventList+0xc4>)
10007fca:	6ad9      	ldr	r1, [r3, #44]	@ 0x2c
10007fcc:	6810      	ldr	r0, [r2, #0]
10007fce:	4281      	cmp	r1, r0
10007fd0:	d9c9      	bls.n	10007f66 <xTaskRemoveFromEventList+0x52>
10007fd2:	e7ef      	b.n	10007fb4 <xTaskRemoveFromEventList+0xa0>
10007fd4:	200223b4 	.word	0x200223b4
10007fd8:	200223bc 	.word	0x200223bc
10007fdc:	20001ff4 	.word	0x20001ff4
10007fe0:	20001fdc 	.word	0x20001fdc
10007fe4:	2002248c 	.word	0x2002248c
10007fe8:	20022438 	.word	0x20022438

10007fec <vTaskRemoveFromUnorderedEventList>:
10007fec:	2380      	movs	r3, #128	@ 0x80
10007fee:	061b      	lsls	r3, r3, #24
10007ff0:	b570      	push	{r4, r5, r6, lr}
10007ff2:	6902      	ldr	r2, [r0, #16]
10007ff4:	6844      	ldr	r4, [r0, #4]
10007ff6:	430b      	orrs	r3, r1
10007ff8:	6881      	ldr	r1, [r0, #8]
10007ffa:	6003      	str	r3, [r0, #0]
10007ffc:	68c3      	ldr	r3, [r0, #12]
10007ffe:	60a1      	str	r1, [r4, #8]
10008000:	604c      	str	r4, [r1, #4]
10008002:	6854      	ldr	r4, [r2, #4]
10008004:	4284      	cmp	r4, r0
10008006:	d030      	beq.n	1000806a <vTaskRemoveFromUnorderedEventList+0x7e>
10008008:	2100      	movs	r1, #0
1000800a:	6101      	str	r1, [r0, #16]
1000800c:	6811      	ldr	r1, [r2, #0]
1000800e:	6898      	ldr	r0, [r3, #8]
10008010:	3901      	subs	r1, #1
10008012:	6011      	str	r1, [r2, #0]
10008014:	68d9      	ldr	r1, [r3, #12]
10008016:	695a      	ldr	r2, [r3, #20]
10008018:	6081      	str	r1, [r0, #8]
1000801a:	6898      	ldr	r0, [r3, #8]
1000801c:	1d1c      	adds	r4, r3, #4
1000801e:	6048      	str	r0, [r1, #4]
10008020:	6851      	ldr	r1, [r2, #4]
10008022:	42a1      	cmp	r1, r4
10008024:	d023      	beq.n	1000806e <vTaskRemoveFromUnorderedEventList+0x82>
10008026:	6811      	ldr	r1, [r2, #0]
10008028:	3901      	subs	r1, #1
1000802a:	6011      	str	r1, [r2, #0]
1000802c:	4a11      	ldr	r2, [pc, #68]	@ (10008074 <vTaskRemoveFromUnorderedEventList+0x88>)
1000802e:	6ad9      	ldr	r1, [r3, #44]	@ 0x2c
10008030:	6810      	ldr	r0, [r2, #0]
10008032:	4281      	cmp	r1, r0
10008034:	d900      	bls.n	10008038 <vTaskRemoveFromUnorderedEventList+0x4c>
10008036:	6011      	str	r1, [r2, #0]
10008038:	008a      	lsls	r2, r1, #2
1000803a:	480f      	ldr	r0, [pc, #60]	@ (10008078 <vTaskRemoveFromUnorderedEventList+0x8c>)
1000803c:	1852      	adds	r2, r2, r1
1000803e:	0092      	lsls	r2, r2, #2
10008040:	1885      	adds	r5, r0, r2
10008042:	6869      	ldr	r1, [r5, #4]
10008044:	6099      	str	r1, [r3, #8]
10008046:	688e      	ldr	r6, [r1, #8]
10008048:	60de      	str	r6, [r3, #12]
1000804a:	6074      	str	r4, [r6, #4]
1000804c:	608c      	str	r4, [r1, #8]
1000804e:	5881      	ldr	r1, [r0, r2]
10008050:	615d      	str	r5, [r3, #20]
10008052:	3101      	adds	r1, #1
10008054:	5081      	str	r1, [r0, r2]
10008056:	4a09      	ldr	r2, [pc, #36]	@ (1000807c <vTaskRemoveFromUnorderedEventList+0x90>)
10008058:	6811      	ldr	r1, [r2, #0]
1000805a:	6ada      	ldr	r2, [r3, #44]	@ 0x2c
1000805c:	6acb      	ldr	r3, [r1, #44]	@ 0x2c
1000805e:	429a      	cmp	r2, r3
10008060:	d902      	bls.n	10008068 <vTaskRemoveFromUnorderedEventList+0x7c>
10008062:	2201      	movs	r2, #1
10008064:	4b06      	ldr	r3, [pc, #24]	@ (10008080 <vTaskRemoveFromUnorderedEventList+0x94>)
10008066:	601a      	str	r2, [r3, #0]
10008068:	bd70      	pop	{r4, r5, r6, pc}
1000806a:	6051      	str	r1, [r2, #4]
1000806c:	e7cc      	b.n	10008008 <vTaskRemoveFromUnorderedEventList+0x1c>
1000806e:	68d9      	ldr	r1, [r3, #12]
10008070:	6051      	str	r1, [r2, #4]
10008072:	e7d8      	b.n	10008026 <vTaskRemoveFromUnorderedEventList+0x3a>
10008074:	200223bc 	.word	0x200223bc
10008078:	20001ff4 	.word	0x20001ff4
1000807c:	20001fdc 	.word	0x20001fdc
10008080:	2002248c 	.word	0x2002248c

10008084 <vTaskInternalSetTimeOutState>:
10008084:	4b03      	ldr	r3, [pc, #12]	@ (10008094 <vTaskInternalSetTimeOutState+0x10>)
10008086:	681b      	ldr	r3, [r3, #0]
10008088:	6003      	str	r3, [r0, #0]
1000808a:	4b03      	ldr	r3, [pc, #12]	@ (10008098 <vTaskInternalSetTimeOutState+0x14>)
1000808c:	681b      	ldr	r3, [r3, #0]
1000808e:	6043      	str	r3, [r0, #4]
10008090:	4770      	bx	lr
10008092:	46c0      	nop			@ (mov r8, r8)
10008094:	20022428 	.word	0x20022428
10008098:	20022480 	.word	0x20022480

1000809c <xTaskCheckForTimeOut>:
1000809c:	b5f0      	push	{r4, r5, r6, r7, lr}
1000809e:	46c6      	mov	lr, r8
100080a0:	b500      	push	{lr}
100080a2:	000e      	movs	r6, r1
100080a4:	0007      	movs	r7, r0
100080a6:	f7fe fc0b 	bl	100068c0 <vPortEnterCritical>
100080aa:	236d      	movs	r3, #109	@ 0x6d
100080ac:	4c15      	ldr	r4, [pc, #84]	@ (10008104 <xTaskCheckForTimeOut+0x68>)
100080ae:	4a16      	ldr	r2, [pc, #88]	@ (10008108 <xTaskCheckForTimeOut+0x6c>)
100080b0:	6821      	ldr	r1, [r4, #0]
100080b2:	6815      	ldr	r5, [r2, #0]
100080b4:	5ced      	ldrb	r5, [r5, r3]
100080b6:	2d00      	cmp	r5, #0
100080b8:	d009      	beq.n	100080ce <xTaskCheckForTimeOut+0x32>
100080ba:	2100      	movs	r1, #0
100080bc:	6812      	ldr	r2, [r2, #0]
100080be:	54d1      	strb	r1, [r2, r3]
100080c0:	2401      	movs	r4, #1
100080c2:	f7fe fc09 	bl	100068d8 <vPortExitCritical>
100080c6:	0020      	movs	r0, r4
100080c8:	bc80      	pop	{r7}
100080ca:	46b8      	mov	r8, r7
100080cc:	bdf0      	pop	{r4, r5, r6, r7, pc}
100080ce:	6833      	ldr	r3, [r6, #0]
100080d0:	1c5a      	adds	r2, r3, #1
100080d2:	d015      	beq.n	10008100 <xTaskCheckForTimeOut+0x64>
100080d4:	480d      	ldr	r0, [pc, #52]	@ (1000810c <xTaskCheckForTimeOut+0x70>)
100080d6:	687a      	ldr	r2, [r7, #4]
100080d8:	6805      	ldr	r5, [r0, #0]
100080da:	46a8      	mov	r8, r5
100080dc:	683d      	ldr	r5, [r7, #0]
100080de:	4545      	cmp	r5, r8
100080e0:	d004      	beq.n	100080ec <xTaskCheckForTimeOut+0x50>
100080e2:	428a      	cmp	r2, r1
100080e4:	d802      	bhi.n	100080ec <xTaskCheckForTimeOut+0x50>
100080e6:	2300      	movs	r3, #0
100080e8:	6033      	str	r3, [r6, #0]
100080ea:	e7e9      	b.n	100080c0 <xTaskCheckForTimeOut+0x24>
100080ec:	1a8d      	subs	r5, r1, r2
100080ee:	42ab      	cmp	r3, r5
100080f0:	d9f9      	bls.n	100080e6 <xTaskCheckForTimeOut+0x4a>
100080f2:	1a5b      	subs	r3, r3, r1
100080f4:	189b      	adds	r3, r3, r2
100080f6:	6033      	str	r3, [r6, #0]
100080f8:	6803      	ldr	r3, [r0, #0]
100080fa:	603b      	str	r3, [r7, #0]
100080fc:	6823      	ldr	r3, [r4, #0]
100080fe:	607b      	str	r3, [r7, #4]
10008100:	2400      	movs	r4, #0
10008102:	e7de      	b.n	100080c2 <xTaskCheckForTimeOut+0x26>
10008104:	20022480 	.word	0x20022480
10008108:	20001fdc 	.word	0x20001fdc
1000810c:	20022428 	.word	0x20022428

10008110 <vTaskMissedYield>:
10008110:	2201      	movs	r2, #1
10008112:	4b01      	ldr	r3, [pc, #4]	@ (10008118 <vTaskMissedYield+0x8>)
10008114:	601a      	str	r2, [r3, #0]
10008116:	4770      	bx	lr
10008118:	2002248c 	.word	0x2002248c

1000811c <xTaskGetCurrentTaskHandle>:
1000811c:	4b01      	ldr	r3, [pc, #4]	@ (10008124 <xTaskGetCurrentTaskHandle+0x8>)
1000811e:	6818      	ldr	r0, [r3, #0]
10008120:	4770      	bx	lr
10008122:	46c0      	nop			@ (mov r8, r8)
10008124:	20001fdc 	.word	0x20001fdc

10008128 <xTaskPriorityDisinherit>:
10008128:	b570      	push	{r4, r5, r6, lr}
1000812a:	1e04      	subs	r4, r0, #0
1000812c:	d008      	beq.n	10008140 <xTaskPriorityDisinherit+0x18>
1000812e:	6d03      	ldr	r3, [r0, #80]	@ 0x50
10008130:	6ac1      	ldr	r1, [r0, #44]	@ 0x2c
10008132:	6cc2      	ldr	r2, [r0, #76]	@ 0x4c
10008134:	3b01      	subs	r3, #1
10008136:	6503      	str	r3, [r0, #80]	@ 0x50
10008138:	4291      	cmp	r1, r2
1000813a:	d001      	beq.n	10008140 <xTaskPriorityDisinherit+0x18>
1000813c:	2b00      	cmp	r3, #0
1000813e:	d001      	beq.n	10008144 <xTaskPriorityDisinherit+0x1c>
10008140:	2000      	movs	r0, #0
10008142:	bd70      	pop	{r4, r5, r6, pc}
10008144:	1d05      	adds	r5, r0, #4
10008146:	0028      	movs	r0, r5
10008148:	f7fe feca 	bl	10006ee0 <uxListRemove>
1000814c:	2320      	movs	r3, #32
1000814e:	6ce2      	ldr	r2, [r4, #76]	@ 0x4c
10008150:	1a9b      	subs	r3, r3, r2
10008152:	61a3      	str	r3, [r4, #24]
10008154:	4b0b      	ldr	r3, [pc, #44]	@ (10008184 <xTaskPriorityDisinherit+0x5c>)
10008156:	62e2      	str	r2, [r4, #44]	@ 0x2c
10008158:	6819      	ldr	r1, [r3, #0]
1000815a:	428a      	cmp	r2, r1
1000815c:	d900      	bls.n	10008160 <xTaskPriorityDisinherit+0x38>
1000815e:	601a      	str	r2, [r3, #0]
10008160:	0093      	lsls	r3, r2, #2
10008162:	4909      	ldr	r1, [pc, #36]	@ (10008188 <xTaskPriorityDisinherit+0x60>)
10008164:	189b      	adds	r3, r3, r2
10008166:	009b      	lsls	r3, r3, #2
10008168:	18c8      	adds	r0, r1, r3
1000816a:	6842      	ldr	r2, [r0, #4]
1000816c:	60a2      	str	r2, [r4, #8]
1000816e:	6896      	ldr	r6, [r2, #8]
10008170:	60e6      	str	r6, [r4, #12]
10008172:	6075      	str	r5, [r6, #4]
10008174:	6095      	str	r5, [r2, #8]
10008176:	58ca      	ldr	r2, [r1, r3]
10008178:	6160      	str	r0, [r4, #20]
1000817a:	3201      	adds	r2, #1
1000817c:	2001      	movs	r0, #1
1000817e:	50ca      	str	r2, [r1, r3]
10008180:	e7df      	b.n	10008142 <xTaskPriorityDisinherit+0x1a>
10008182:	46c0      	nop			@ (mov r8, r8)
10008184:	200223bc 	.word	0x200223bc
10008188:	20001ff4 	.word	0x20001ff4

1000818c <uxTaskResetEventItemValue>:
1000818c:	4b04      	ldr	r3, [pc, #16]	@ (100081a0 <uxTaskResetEventItemValue+0x14>)
1000818e:	681a      	ldr	r2, [r3, #0]
10008190:	6819      	ldr	r1, [r3, #0]
10008192:	6990      	ldr	r0, [r2, #24]
10008194:	681a      	ldr	r2, [r3, #0]
10008196:	2320      	movs	r3, #32
10008198:	6ac9      	ldr	r1, [r1, #44]	@ 0x2c
1000819a:	1a5b      	subs	r3, r3, r1
1000819c:	6193      	str	r3, [r2, #24]
1000819e:	4770      	bx	lr
100081a0:	20001fdc 	.word	0x20001fdc

100081a4 <prvTimerTask>:
100081a4:	b5f0      	push	{r4, r5, r6, r7, lr}
100081a6:	4657      	mov	r7, sl
100081a8:	46de      	mov	lr, fp
100081aa:	464e      	mov	r6, r9
100081ac:	4645      	mov	r5, r8
100081ae:	b5e0      	push	{r5, r6, r7, lr}
100081b0:	4bce      	ldr	r3, [pc, #824]	@ (100084ec <prvTimerTask+0x348>)
100081b2:	b08b      	sub	sp, #44	@ 0x2c
100081b4:	4698      	mov	r8, r3
100081b6:	4bce      	ldr	r3, [pc, #824]	@ (100084f0 <prvTimerTask+0x34c>)
100081b8:	af06      	add	r7, sp, #24
100081ba:	9301      	str	r3, [sp, #4]
100081bc:	4bcd      	ldr	r3, [pc, #820]	@ (100084f4 <prvTimerTask+0x350>)
100081be:	469b      	mov	fp, r3
100081c0:	4bcd      	ldr	r3, [pc, #820]	@ (100084f8 <prvTimerTask+0x354>)
100081c2:	4699      	mov	r9, r3
100081c4:	4bcd      	ldr	r3, [pc, #820]	@ (100084fc <prvTimerTask+0x358>)
100081c6:	464c      	mov	r4, r9
100081c8:	9302      	str	r3, [sp, #8]
100081ca:	2328      	movs	r3, #40	@ 0x28
100081cc:	46d9      	mov	r9, fp
100081ce:	469a      	mov	sl, r3
100081d0:	46c3      	mov	fp, r8
100081d2:	465b      	mov	r3, fp
100081d4:	681b      	ldr	r3, [r3, #0]
100081d6:	681d      	ldr	r5, [r3, #0]
100081d8:	2d00      	cmp	r5, #0
100081da:	d000      	beq.n	100081de <prvTimerTask+0x3a>
100081dc:	e0e1      	b.n	100083a2 <prvTimerTask+0x1fe>
100081de:	f7ff fc43 	bl	10007a68 <vTaskSuspendAll>
100081e2:	f7ff fd0f 	bl	10007c04 <xTaskGetTickCount>
100081e6:	9a01      	ldr	r2, [sp, #4]
100081e8:	4680      	mov	r8, r0
100081ea:	6813      	ldr	r3, [r2, #0]
100081ec:	4283      	cmp	r3, r0
100081ee:	d900      	bls.n	100081f2 <prvTimerTask+0x4e>
100081f0:	e0e7      	b.n	100083c2 <prvTimerTask+0x21e>
100081f2:	464b      	mov	r3, r9
100081f4:	681b      	ldr	r3, [r3, #0]
100081f6:	6010      	str	r0, [r2, #0]
100081f8:	681a      	ldr	r2, [r3, #0]
100081fa:	4253      	negs	r3, r2
100081fc:	415a      	adcs	r2, r3
100081fe:	4643      	mov	r3, r8
10008200:	6820      	ldr	r0, [r4, #0]
10008202:	1ae9      	subs	r1, r5, r3
10008204:	f7ff f996 	bl	10007534 <vQueueWaitForMessageRestricted>
10008208:	f7ff fc36 	bl	10007a78 <xTaskResumeAll>
1000820c:	2800      	cmp	r0, #0
1000820e:	d100      	bne.n	10008212 <prvTimerTask+0x6e>
10008210:	e12b      	b.n	1000846a <prvTimerTask+0x2c6>
10008212:	2210      	movs	r2, #16
10008214:	2100      	movs	r1, #0
10008216:	0038      	movs	r0, r7
10008218:	f7f9 ff48 	bl	100020ac <__wrap_memset>
1000821c:	2200      	movs	r2, #0
1000821e:	0039      	movs	r1, r7
10008220:	6820      	ldr	r0, [r4, #0]
10008222:	f7ff f86d 	bl	10007300 <xQueueReceive>
10008226:	2800      	cmp	r0, #0
10008228:	d0d3      	beq.n	100081d2 <prvTimerTask+0x2e>
1000822a:	683b      	ldr	r3, [r7, #0]
1000822c:	2b00      	cmp	r3, #0
1000822e:	db5a      	blt.n	100082e6 <prvTimerTask+0x142>
10008230:	68bd      	ldr	r5, [r7, #8]
10008232:	2d00      	cmp	r5, #0
10008234:	d0f2      	beq.n	1000821c <prvTimerTask+0x78>
10008236:	696b      	ldr	r3, [r5, #20]
10008238:	2b00      	cmp	r3, #0
1000823a:	d002      	beq.n	10008242 <prvTimerTask+0x9e>
1000823c:	1d28      	adds	r0, r5, #4
1000823e:	f7fe fe4f 	bl	10006ee0 <uxListRemove>
10008242:	f7ff fcdf 	bl	10007c04 <xTaskGetTickCount>
10008246:	9b01      	ldr	r3, [sp, #4]
10008248:	0006      	movs	r6, r0
1000824a:	681b      	ldr	r3, [r3, #0]
1000824c:	4298      	cmp	r0, r3
1000824e:	d352      	bcc.n	100082f6 <prvTimerTask+0x152>
10008250:	9b01      	ldr	r3, [sp, #4]
10008252:	601e      	str	r6, [r3, #0]
10008254:	683b      	ldr	r3, [r7, #0]
10008256:	2b09      	cmp	r3, #9
10008258:	d8e0      	bhi.n	1000821c <prvTimerTask+0x78>
1000825a:	9a02      	ldr	r2, [sp, #8]
1000825c:	009b      	lsls	r3, r3, #2
1000825e:	58d3      	ldr	r3, [r2, r3]
10008260:	469f      	mov	pc, r3
10008262:	4653      	mov	r3, sl
10008264:	5ce8      	ldrb	r0, [r5, r3]
10008266:	2301      	movs	r3, #1
10008268:	4652      	mov	r2, sl
1000826a:	4303      	orrs	r3, r0
1000826c:	54ab      	strb	r3, [r5, r2]
1000826e:	6879      	ldr	r1, [r7, #4]
10008270:	69aa      	ldr	r2, [r5, #24]
10008272:	612d      	str	r5, [r5, #16]
10008274:	188b      	adds	r3, r1, r2
10008276:	606b      	str	r3, [r5, #4]
10008278:	42b3      	cmp	r3, r6
1000827a:	d900      	bls.n	1000827e <prvTimerTask+0xda>
1000827c:	e086      	b.n	1000838c <prvTimerTask+0x1e8>
1000827e:	1a71      	subs	r1, r6, r1
10008280:	428a      	cmp	r2, r1
10008282:	d819      	bhi.n	100082b8 <prvTimerTask+0x114>
10008284:	0741      	lsls	r1, r0, #29
10008286:	d500      	bpl.n	1000828a <prvTimerTask+0xe6>
10008288:	e0f2      	b.n	10008470 <prvTimerTask+0x2cc>
1000828a:	2301      	movs	r3, #1
1000828c:	4398      	bics	r0, r3
1000828e:	4653      	mov	r3, sl
10008290:	54e8      	strb	r0, [r5, r3]
10008292:	0028      	movs	r0, r5
10008294:	6a2b      	ldr	r3, [r5, #32]
10008296:	4798      	blx	r3
10008298:	e7c0      	b.n	1000821c <prvTimerTask+0x78>
1000829a:	4653      	mov	r3, sl
1000829c:	2201      	movs	r2, #1
1000829e:	5ceb      	ldrb	r3, [r5, r3]
100082a0:	4313      	orrs	r3, r2
100082a2:	4652      	mov	r2, sl
100082a4:	54ab      	strb	r3, [r5, r2]
100082a6:	687b      	ldr	r3, [r7, #4]
100082a8:	612d      	str	r5, [r5, #16]
100082aa:	199a      	adds	r2, r3, r6
100082ac:	61ab      	str	r3, [r5, #24]
100082ae:	606a      	str	r2, [r5, #4]
100082b0:	42b2      	cmp	r2, r6
100082b2:	d870      	bhi.n	10008396 <prvTimerTask+0x1f2>
100082b4:	2b00      	cmp	r3, #0
100082b6:	d0b1      	beq.n	1000821c <prvTimerTask+0x78>
100082b8:	464b      	mov	r3, r9
100082ba:	1d29      	adds	r1, r5, #4
100082bc:	6818      	ldr	r0, [r3, #0]
100082be:	f7fe fdf7 	bl	10006eb0 <vListInsert>
100082c2:	e7ab      	b.n	1000821c <prvTimerTask+0x78>
100082c4:	4653      	mov	r3, sl
100082c6:	2201      	movs	r2, #1
100082c8:	5ceb      	ldrb	r3, [r5, r3]
100082ca:	4393      	bics	r3, r2
100082cc:	4652      	mov	r2, sl
100082ce:	54ab      	strb	r3, [r5, r2]
100082d0:	e7a4      	b.n	1000821c <prvTimerTask+0x78>
100082d2:	4653      	mov	r3, sl
100082d4:	5ceb      	ldrb	r3, [r5, r3]
100082d6:	079a      	lsls	r2, r3, #30
100082d8:	d400      	bmi.n	100082dc <prvTimerTask+0x138>
100082da:	e0c2      	b.n	10008462 <prvTimerTask+0x2be>
100082dc:	2201      	movs	r2, #1
100082de:	4393      	bics	r3, r2
100082e0:	4652      	mov	r2, sl
100082e2:	54ab      	strb	r3, [r5, r2]
100082e4:	e79a      	b.n	1000821c <prvTimerTask+0x78>
100082e6:	687b      	ldr	r3, [r7, #4]
100082e8:	68f9      	ldr	r1, [r7, #12]
100082ea:	68b8      	ldr	r0, [r7, #8]
100082ec:	4798      	blx	r3
100082ee:	683b      	ldr	r3, [r7, #0]
100082f0:	2b00      	cmp	r3, #0
100082f2:	db93      	blt.n	1000821c <prvTimerTask+0x78>
100082f4:	e79c      	b.n	10008230 <prvTimerTask+0x8c>
100082f6:	465b      	mov	r3, fp
100082f8:	681b      	ldr	r3, [r3, #0]
100082fa:	681a      	ldr	r2, [r3, #0]
100082fc:	2a00      	cmp	r2, #0
100082fe:	d03e      	beq.n	1000837e <prvTimerTask+0x1da>
10008300:	9503      	str	r5, [sp, #12]
10008302:	9004      	str	r0, [sp, #16]
10008304:	9405      	str	r4, [sp, #20]
10008306:	e00b      	b.n	10008320 <prvTimerTask+0x17c>
10008308:	2201      	movs	r2, #1
1000830a:	4393      	bics	r3, r2
1000830c:	4652      	mov	r2, sl
1000830e:	54a3      	strb	r3, [r4, r2]
10008310:	6a23      	ldr	r3, [r4, #32]
10008312:	0020      	movs	r0, r4
10008314:	4798      	blx	r3
10008316:	465b      	mov	r3, fp
10008318:	681b      	ldr	r3, [r3, #0]
1000831a:	681a      	ldr	r2, [r3, #0]
1000831c:	2a00      	cmp	r2, #0
1000831e:	d02b      	beq.n	10008378 <prvTimerTask+0x1d4>
10008320:	68db      	ldr	r3, [r3, #12]
10008322:	68dc      	ldr	r4, [r3, #12]
10008324:	681e      	ldr	r6, [r3, #0]
10008326:	1d23      	adds	r3, r4, #4
10008328:	0018      	movs	r0, r3
1000832a:	4698      	mov	r8, r3
1000832c:	f7fe fdd8 	bl	10006ee0 <uxListRemove>
10008330:	4653      	mov	r3, sl
10008332:	2204      	movs	r2, #4
10008334:	5ce3      	ldrb	r3, [r4, r3]
10008336:	421a      	tst	r2, r3
10008338:	d0e6      	beq.n	10008308 <prvTimerTask+0x164>
1000833a:	69a3      	ldr	r3, [r4, #24]
1000833c:	6124      	str	r4, [r4, #16]
1000833e:	18f5      	adds	r5, r6, r3
10008340:	43f6      	mvns	r6, r6
10008342:	6065      	str	r5, [r4, #4]
10008344:	429e      	cmp	r6, r3
10008346:	d30a      	bcc.n	1000835e <prvTimerTask+0x1ba>
10008348:	002e      	movs	r6, r5
1000834a:	43f6      	mvns	r6, r6
1000834c:	6a23      	ldr	r3, [r4, #32]
1000834e:	0020      	movs	r0, r4
10008350:	4798      	blx	r3
10008352:	69a3      	ldr	r3, [r4, #24]
10008354:	6124      	str	r4, [r4, #16]
10008356:	18ed      	adds	r5, r5, r3
10008358:	6065      	str	r5, [r4, #4]
1000835a:	42b3      	cmp	r3, r6
1000835c:	d9f4      	bls.n	10008348 <prvTimerTask+0x1a4>
1000835e:	464b      	mov	r3, r9
10008360:	4641      	mov	r1, r8
10008362:	6818      	ldr	r0, [r3, #0]
10008364:	f7fe fda4 	bl	10006eb0 <vListInsert>
10008368:	6a23      	ldr	r3, [r4, #32]
1000836a:	0020      	movs	r0, r4
1000836c:	4798      	blx	r3
1000836e:	465b      	mov	r3, fp
10008370:	681b      	ldr	r3, [r3, #0]
10008372:	681a      	ldr	r2, [r3, #0]
10008374:	2a00      	cmp	r2, #0
10008376:	d1d3      	bne.n	10008320 <prvTimerTask+0x17c>
10008378:	9d03      	ldr	r5, [sp, #12]
1000837a:	9e04      	ldr	r6, [sp, #16]
1000837c:	9c05      	ldr	r4, [sp, #20]
1000837e:	464a      	mov	r2, r9
10008380:	4659      	mov	r1, fp
10008382:	6812      	ldr	r2, [r2, #0]
10008384:	600a      	str	r2, [r1, #0]
10008386:	464a      	mov	r2, r9
10008388:	6013      	str	r3, [r2, #0]
1000838a:	e761      	b.n	10008250 <prvTimerTask+0xac>
1000838c:	42b1      	cmp	r1, r6
1000838e:	d902      	bls.n	10008396 <prvTimerTask+0x1f2>
10008390:	4299      	cmp	r1, r3
10008392:	d800      	bhi.n	10008396 <prvTimerTask+0x1f2>
10008394:	e776      	b.n	10008284 <prvTimerTask+0xe0>
10008396:	465b      	mov	r3, fp
10008398:	1d29      	adds	r1, r5, #4
1000839a:	6818      	ldr	r0, [r3, #0]
1000839c:	f7fe fd88 	bl	10006eb0 <vListInsert>
100083a0:	e73c      	b.n	1000821c <prvTimerTask+0x78>
100083a2:	68db      	ldr	r3, [r3, #12]
100083a4:	681d      	ldr	r5, [r3, #0]
100083a6:	f7ff fb5f 	bl	10007a68 <vTaskSuspendAll>
100083aa:	f7ff fc2b 	bl	10007c04 <xTaskGetTickCount>
100083ae:	9a01      	ldr	r2, [sp, #4]
100083b0:	4680      	mov	r8, r0
100083b2:	6813      	ldr	r3, [r2, #0]
100083b4:	4298      	cmp	r0, r3
100083b6:	d304      	bcc.n	100083c2 <prvTimerTask+0x21e>
100083b8:	6010      	str	r0, [r2, #0]
100083ba:	4285      	cmp	r5, r0
100083bc:	d97a      	bls.n	100084b4 <prvTimerTask+0x310>
100083be:	2200      	movs	r2, #0
100083c0:	e71d      	b.n	100081fe <prvTimerTask+0x5a>
100083c2:	465b      	mov	r3, fp
100083c4:	681b      	ldr	r3, [r3, #0]
100083c6:	681a      	ldr	r2, [r3, #0]
100083c8:	2a00      	cmp	r2, #0
100083ca:	d03e      	beq.n	1000844a <prvTimerTask+0x2a6>
100083cc:	4642      	mov	r2, r8
100083ce:	9404      	str	r4, [sp, #16]
100083d0:	9203      	str	r2, [sp, #12]
100083d2:	e00b      	b.n	100083ec <prvTimerTask+0x248>
100083d4:	2201      	movs	r2, #1
100083d6:	4393      	bics	r3, r2
100083d8:	4652      	mov	r2, sl
100083da:	54a3      	strb	r3, [r4, r2]
100083dc:	6a23      	ldr	r3, [r4, #32]
100083de:	0020      	movs	r0, r4
100083e0:	4798      	blx	r3
100083e2:	465b      	mov	r3, fp
100083e4:	681b      	ldr	r3, [r3, #0]
100083e6:	681a      	ldr	r2, [r3, #0]
100083e8:	2a00      	cmp	r2, #0
100083ea:	d02b      	beq.n	10008444 <prvTimerTask+0x2a0>
100083ec:	68db      	ldr	r3, [r3, #12]
100083ee:	68dc      	ldr	r4, [r3, #12]
100083f0:	681e      	ldr	r6, [r3, #0]
100083f2:	1d23      	adds	r3, r4, #4
100083f4:	0018      	movs	r0, r3
100083f6:	4698      	mov	r8, r3
100083f8:	f7fe fd72 	bl	10006ee0 <uxListRemove>
100083fc:	4653      	mov	r3, sl
100083fe:	2204      	movs	r2, #4
10008400:	5ce3      	ldrb	r3, [r4, r3]
10008402:	421a      	tst	r2, r3
10008404:	d0e6      	beq.n	100083d4 <prvTimerTask+0x230>
10008406:	69a3      	ldr	r3, [r4, #24]
10008408:	6124      	str	r4, [r4, #16]
1000840a:	18f5      	adds	r5, r6, r3
1000840c:	43f6      	mvns	r6, r6
1000840e:	6065      	str	r5, [r4, #4]
10008410:	429e      	cmp	r6, r3
10008412:	d30a      	bcc.n	1000842a <prvTimerTask+0x286>
10008414:	002e      	movs	r6, r5
10008416:	43f6      	mvns	r6, r6
10008418:	6a23      	ldr	r3, [r4, #32]
1000841a:	0020      	movs	r0, r4
1000841c:	4798      	blx	r3
1000841e:	69a3      	ldr	r3, [r4, #24]
10008420:	6124      	str	r4, [r4, #16]
10008422:	18ed      	adds	r5, r5, r3
10008424:	6065      	str	r5, [r4, #4]
10008426:	42b3      	cmp	r3, r6
10008428:	d9f4      	bls.n	10008414 <prvTimerTask+0x270>
1000842a:	464b      	mov	r3, r9
1000842c:	4641      	mov	r1, r8
1000842e:	6818      	ldr	r0, [r3, #0]
10008430:	f7fe fd3e 	bl	10006eb0 <vListInsert>
10008434:	6a23      	ldr	r3, [r4, #32]
10008436:	0020      	movs	r0, r4
10008438:	4798      	blx	r3
1000843a:	465b      	mov	r3, fp
1000843c:	681b      	ldr	r3, [r3, #0]
1000843e:	681a      	ldr	r2, [r3, #0]
10008440:	2a00      	cmp	r2, #0
10008442:	d1d3      	bne.n	100083ec <prvTimerTask+0x248>
10008444:	9a03      	ldr	r2, [sp, #12]
10008446:	9c04      	ldr	r4, [sp, #16]
10008448:	4690      	mov	r8, r2
1000844a:	464a      	mov	r2, r9
1000844c:	4659      	mov	r1, fp
1000844e:	6812      	ldr	r2, [r2, #0]
10008450:	600a      	str	r2, [r1, #0]
10008452:	464a      	mov	r2, r9
10008454:	6013      	str	r3, [r2, #0]
10008456:	4642      	mov	r2, r8
10008458:	9b01      	ldr	r3, [sp, #4]
1000845a:	601a      	str	r2, [r3, #0]
1000845c:	f7ff fb0c 	bl	10007a78 <xTaskResumeAll>
10008460:	e6d7      	b.n	10008212 <prvTimerTask+0x6e>
10008462:	0028      	movs	r0, r5
10008464:	f7fe f92c 	bl	100066c0 <vPortFree>
10008468:	e6d8      	b.n	1000821c <prvTimerTask+0x78>
1000846a:	f7fe fa1d 	bl	100068a8 <vPortYield>
1000846e:	e6d0      	b.n	10008212 <prvTimerTask+0x6e>
10008470:	46a0      	mov	r8, r4
10008472:	0034      	movs	r4, r6
10008474:	e007      	b.n	10008486 <prvTimerTask+0x2e2>
10008476:	1ae3      	subs	r3, r4, r3
10008478:	429a      	cmp	r2, r3
1000847a:	d814      	bhi.n	100084a6 <prvTimerTask+0x302>
1000847c:	6a2b      	ldr	r3, [r5, #32]
1000847e:	0028      	movs	r0, r5
10008480:	4798      	blx	r3
10008482:	0033      	movs	r3, r6
10008484:	69aa      	ldr	r2, [r5, #24]
10008486:	18d6      	adds	r6, r2, r3
10008488:	606e      	str	r6, [r5, #4]
1000848a:	612d      	str	r5, [r5, #16]
1000848c:	42b4      	cmp	r4, r6
1000848e:	d2f2      	bcs.n	10008476 <prvTimerTask+0x2d2>
10008490:	429c      	cmp	r4, r3
10008492:	d201      	bcs.n	10008498 <prvTimerTask+0x2f4>
10008494:	42b3      	cmp	r3, r6
10008496:	d9f1      	bls.n	1000847c <prvTimerTask+0x2d8>
10008498:	465b      	mov	r3, fp
1000849a:	1d29      	adds	r1, r5, #4
1000849c:	6818      	ldr	r0, [r3, #0]
1000849e:	4644      	mov	r4, r8
100084a0:	f7fe fd06 	bl	10006eb0 <vListInsert>
100084a4:	e6f5      	b.n	10008292 <prvTimerTask+0xee>
100084a6:	464b      	mov	r3, r9
100084a8:	1d29      	adds	r1, r5, #4
100084aa:	6818      	ldr	r0, [r3, #0]
100084ac:	4644      	mov	r4, r8
100084ae:	f7fe fcff 	bl	10006eb0 <vListInsert>
100084b2:	e6ee      	b.n	10008292 <prvTimerTask+0xee>
100084b4:	f7ff fae0 	bl	10007a78 <xTaskResumeAll>
100084b8:	465b      	mov	r3, fp
100084ba:	681b      	ldr	r3, [r3, #0]
100084bc:	68db      	ldr	r3, [r3, #12]
100084be:	68de      	ldr	r6, [r3, #12]
100084c0:	1d33      	adds	r3, r6, #4
100084c2:	0018      	movs	r0, r3
100084c4:	9303      	str	r3, [sp, #12]
100084c6:	f7fe fd0b 	bl	10006ee0 <uxListRemove>
100084ca:	4653      	mov	r3, sl
100084cc:	5cf3      	ldrb	r3, [r6, r3]
100084ce:	075a      	lsls	r2, r3, #29
100084d0:	d407      	bmi.n	100084e2 <prvTimerTask+0x33e>
100084d2:	2201      	movs	r2, #1
100084d4:	4393      	bics	r3, r2
100084d6:	4652      	mov	r2, sl
100084d8:	54b3      	strb	r3, [r6, r2]
100084da:	0030      	movs	r0, r6
100084dc:	6a33      	ldr	r3, [r6, #32]
100084de:	4798      	blx	r3
100084e0:	e697      	b.n	10008212 <prvTimerTask+0x6e>
100084e2:	0022      	movs	r2, r4
100084e4:	002b      	movs	r3, r5
100084e6:	4644      	mov	r4, r8
100084e8:	4690      	mov	r8, r2
100084ea:	e010      	b.n	1000850e <prvTimerTask+0x36a>
100084ec:	20001fe0 	.word	0x20001fe0
100084f0:	2002241c 	.word	0x2002241c
100084f4:	20001ff0 	.word	0x20001ff0
100084f8:	20022484 	.word	0x20022484
100084fc:	10009c98 	.word	0x10009c98
10008500:	1ae3      	subs	r3, r4, r3
10008502:	429a      	cmp	r2, r3
10008504:	d814      	bhi.n	10008530 <prvTimerTask+0x38c>
10008506:	6a33      	ldr	r3, [r6, #32]
10008508:	0030      	movs	r0, r6
1000850a:	4798      	blx	r3
1000850c:	002b      	movs	r3, r5
1000850e:	69b2      	ldr	r2, [r6, #24]
10008510:	6136      	str	r6, [r6, #16]
10008512:	189d      	adds	r5, r3, r2
10008514:	6075      	str	r5, [r6, #4]
10008516:	42a5      	cmp	r5, r4
10008518:	d9f2      	bls.n	10008500 <prvTimerTask+0x35c>
1000851a:	42a3      	cmp	r3, r4
1000851c:	d901      	bls.n	10008522 <prvTimerTask+0x37e>
1000851e:	42ab      	cmp	r3, r5
10008520:	d9f1      	bls.n	10008506 <prvTimerTask+0x362>
10008522:	465b      	mov	r3, fp
10008524:	9903      	ldr	r1, [sp, #12]
10008526:	6818      	ldr	r0, [r3, #0]
10008528:	4644      	mov	r4, r8
1000852a:	f7fe fcc1 	bl	10006eb0 <vListInsert>
1000852e:	e7d4      	b.n	100084da <prvTimerTask+0x336>
10008530:	464b      	mov	r3, r9
10008532:	9903      	ldr	r1, [sp, #12]
10008534:	6818      	ldr	r0, [r3, #0]
10008536:	4644      	mov	r4, r8
10008538:	f7fe fcba 	bl	10006eb0 <vListInsert>
1000853c:	e7cd      	b.n	100084da <prvTimerTask+0x336>
1000853e:	46c0      	nop			@ (mov r8, r8)

10008540 <xTimerCreateTimerTask>:
10008540:	b570      	push	{r4, r5, r6, lr}
10008542:	b082      	sub	sp, #8
10008544:	f7fe f9bc 	bl	100068c0 <vPortEnterCritical>
10008548:	4c17      	ldr	r4, [pc, #92]	@ (100085a8 <xTimerCreateTimerTask+0x68>)
1000854a:	6823      	ldr	r3, [r4, #0]
1000854c:	2b00      	cmp	r3, #0
1000854e:	d012      	beq.n	10008576 <xTimerCreateTimerTask+0x36>
10008550:	f7fe f9c2 	bl	100068d8 <vPortExitCritical>
10008554:	6823      	ldr	r3, [r4, #0]
10008556:	2000      	movs	r0, #0
10008558:	2b00      	cmp	r3, #0
1000855a:	d00a      	beq.n	10008572 <xTimerCreateTimerTask+0x32>
1000855c:	4b13      	ldr	r3, [pc, #76]	@ (100085ac <xTimerCreateTimerTask+0x6c>)
1000855e:	2280      	movs	r2, #128	@ 0x80
10008560:	9301      	str	r3, [sp, #4]
10008562:	231f      	movs	r3, #31
10008564:	4912      	ldr	r1, [pc, #72]	@ (100085b0 <xTimerCreateTimerTask+0x70>)
10008566:	9300      	str	r3, [sp, #0]
10008568:	4812      	ldr	r0, [pc, #72]	@ (100085b4 <xTimerCreateTimerTask+0x74>)
1000856a:	2300      	movs	r3, #0
1000856c:	00d2      	lsls	r2, r2, #3
1000856e:	f7ff fa2f 	bl	100079d0 <xTaskCreate>
10008572:	b002      	add	sp, #8
10008574:	bd70      	pop	{r4, r5, r6, pc}
10008576:	4e10      	ldr	r6, [pc, #64]	@ (100085b8 <xTimerCreateTimerTask+0x78>)
10008578:	0030      	movs	r0, r6
1000857a:	f7fe fc89 	bl	10006e90 <vListInitialise>
1000857e:	4d0f      	ldr	r5, [pc, #60]	@ (100085bc <xTimerCreateTimerTask+0x7c>)
10008580:	0028      	movs	r0, r5
10008582:	f7fe fc85 	bl	10006e90 <vListInitialise>
10008586:	4b0e      	ldr	r3, [pc, #56]	@ (100085c0 <xTimerCreateTimerTask+0x80>)
10008588:	2200      	movs	r2, #0
1000858a:	601e      	str	r6, [r3, #0]
1000858c:	4b0d      	ldr	r3, [pc, #52]	@ (100085c4 <xTimerCreateTimerTask+0x84>)
1000858e:	2110      	movs	r1, #16
10008590:	200a      	movs	r0, #10
10008592:	601d      	str	r5, [r3, #0]
10008594:	f7fe fdba 	bl	1000710c <xQueueGenericCreate>
10008598:	6020      	str	r0, [r4, #0]
1000859a:	2800      	cmp	r0, #0
1000859c:	d0d8      	beq.n	10008550 <xTimerCreateTimerTask+0x10>
1000859e:	490a      	ldr	r1, [pc, #40]	@ (100085c8 <xTimerCreateTimerTask+0x88>)
100085a0:	f7fe ff3c 	bl	1000741c <vQueueAddToRegistry>
100085a4:	e7d4      	b.n	10008550 <xTimerCreateTimerTask+0x10>
100085a6:	46c0      	nop			@ (mov r8, r8)
100085a8:	20022484 	.word	0x20022484
100085ac:	20022488 	.word	0x20022488
100085b0:	100097dc 	.word	0x100097dc
100085b4:	100081a5 	.word	0x100081a5
100085b8:	200223c0 	.word	0x200223c0
100085bc:	200223d4 	.word	0x200223d4
100085c0:	20001fe0 	.word	0x20001fe0
100085c4:	20001ff0 	.word	0x20001ff0
100085c8:	100097d4 	.word	0x100097d4

100085cc <xTimerPendFunctionCallFromISR>:
100085cc:	b530      	push	{r4, r5, lr}
100085ce:	0014      	movs	r4, r2
100085d0:	001a      	movs	r2, r3
100085d2:	2302      	movs	r3, #2
100085d4:	000d      	movs	r5, r1
100085d6:	b085      	sub	sp, #20
100085d8:	425b      	negs	r3, r3
100085da:	9300      	str	r3, [sp, #0]
100085dc:	4b05      	ldr	r3, [pc, #20]	@ (100085f4 <xTimerPendFunctionCallFromISR+0x28>)
100085de:	9001      	str	r0, [sp, #4]
100085e0:	4669      	mov	r1, sp
100085e2:	6818      	ldr	r0, [r3, #0]
100085e4:	2300      	movs	r3, #0
100085e6:	9502      	str	r5, [sp, #8]
100085e8:	9403      	str	r4, [sp, #12]
100085ea:	f7fe fde1 	bl	100071b0 <xQueueGenericSendFromISR>
100085ee:	b005      	add	sp, #20
100085f0:	bd30      	pop	{r4, r5, pc}
100085f2:	46c0      	nop			@ (mov r8, r8)
100085f4:	20022484 	.word	0x20022484

100085f8 <exception_set_exclusive_handler>:
100085f8:	b5f8      	push	{r3, r4, r5, r6, r7, lr}
100085fa:	000e      	movs	r6, r1
100085fc:	f3ef 8710 	mrs	r7, PRIMASK
10008600:	b672      	cpsid	i
10008602:	4b0c      	ldr	r3, [pc, #48]	@ (10008634 <exception_set_exclusive_handler+0x3c>)
10008604:	0084      	lsls	r4, r0, #2
10008606:	689b      	ldr	r3, [r3, #8]
10008608:	591d      	ldr	r5, [r3, r4]
1000860a:	42a9      	cmp	r1, r5
1000860c:	d004      	beq.n	10008618 <exception_set_exclusive_handler+0x20>
1000860e:	4b0a      	ldr	r3, [pc, #40]	@ (10008638 <exception_set_exclusive_handler+0x40>)
10008610:	429d      	cmp	r5, r3
10008612:	d20a      	bcs.n	1000862a <exception_set_exclusive_handler+0x32>
10008614:	f7f9 f828 	bl	10001668 <hard_assertion_failure>
10008618:	4b06      	ldr	r3, [pc, #24]	@ (10008634 <exception_set_exclusive_handler+0x3c>)
1000861a:	689b      	ldr	r3, [r3, #8]
1000861c:	511e      	str	r6, [r3, r4]
1000861e:	f3bf 8f5f 	dmb	sy
10008622:	f387 8810 	msr	PRIMASK, r7
10008626:	0028      	movs	r0, r5
10008628:	bdf8      	pop	{r3, r4, r5, r6, r7, pc}
1000862a:	4b04      	ldr	r3, [pc, #16]	@ (1000863c <exception_set_exclusive_handler+0x44>)
1000862c:	429d      	cmp	r5, r3
1000862e:	d3f3      	bcc.n	10008618 <exception_set_exclusive_handler+0x20>
10008630:	e7f0      	b.n	10008614 <exception_set_exclusive_handler+0x1c>
10008632:	46c0      	nop			@ (mov r8, r8)
10008634:	e000ed00 	.word	0xe000ed00
10008638:	100001c0 	.word	0x100001c0
1000863c:	100001d4 	.word	0x100001d4

10008640 <pio_sm_setup>:
10008640:	23ff      	movs	r3, #255	@ 0xff
10008642:	b5f0      	push	{r4, r5, r6, r7, lr}
10008644:	6845      	ldr	r5, [r0, #4]
10008646:	011b      	lsls	r3, r3, #4
10008648:	602b      	str	r3, [r5, #0]
1000864a:	2301      	movs	r3, #1
1000864c:	425b      	negs	r3, r3
1000864e:	60ab      	str	r3, [r5, #8]
10008650:	3301      	adds	r3, #1
10008652:	33ff      	adds	r3, #255	@ 0xff
10008654:	632b      	str	r3, [r5, #48]	@ 0x30
10008656:	3bfd      	subs	r3, #253	@ 0xfd
10008658:	636b      	str	r3, [r5, #52]	@ 0x34
1000865a:	2300      	movs	r3, #0
1000865c:	492b      	ldr	r1, [pc, #172]	@ (1000870c <pio_sm_setup+0xcc>)
1000865e:	001a      	movs	r2, r3
10008660:	880c      	ldrh	r4, [r1, #0]
10008662:	3212      	adds	r2, #18
10008664:	0092      	lsls	r2, r2, #2
10008666:	3301      	adds	r3, #1
10008668:	5154      	str	r4, [r2, r5]
1000866a:	3102      	adds	r1, #2
1000866c:	2b20      	cmp	r3, #32
1000866e:	d1f6      	bne.n	1000865e <pio_sm_setup+0x1e>
10008670:	241f      	movs	r4, #31
10008672:	21c2      	movs	r1, #194	@ 0xc2
10008674:	6882      	ldr	r2, [r0, #8]
10008676:	0209      	lsls	r1, r1, #8
10008678:	4022      	ands	r2, r4
1000867a:	0613      	lsls	r3, r2, #24
1000867c:	4319      	orrs	r1, r3
1000867e:	002b      	movs	r3, r5
10008680:	33c8      	adds	r3, #200	@ 0xc8
10008682:	6059      	str	r1, [r3, #4]
10008684:	2180      	movs	r1, #128	@ 0x80
10008686:	0152      	lsls	r2, r2, #5
10008688:	04c9      	lsls	r1, r1, #19
1000868a:	430a      	orrs	r2, r1
1000868c:	615a      	str	r2, [r3, #20]
1000868e:	4a20      	ldr	r2, [pc, #128]	@ (10008710 <pio_sm_setup+0xd0>)
10008690:	2600      	movs	r6, #0
10008692:	611a      	str	r2, [r3, #16]
10008694:	2269      	movs	r2, #105	@ 0x69
10008696:	615e      	str	r6, [r3, #20]
10008698:	612a      	str	r2, [r5, #16]
1000869a:	4a1e      	ldr	r2, [pc, #120]	@ (10008714 <pio_sm_setup+0xd4>)
1000869c:	27f8      	movs	r7, #248	@ 0xf8
1000869e:	611a      	str	r2, [r3, #16]
100086a0:	2206      	movs	r2, #6
100086a2:	491d      	ldr	r1, [pc, #116]	@ (10008718 <pio_sm_setup+0xd8>)
100086a4:	611a      	str	r2, [r3, #16]
100086a6:	6882      	ldr	r2, [r0, #8]
100086a8:	033f      	lsls	r7, r7, #12
100086aa:	61d9      	str	r1, [r3, #28]
100086ac:	03d1      	lsls	r1, r2, #15
100086ae:	4039      	ands	r1, r7
100086b0:	4f1a      	ldr	r7, [pc, #104]	@ (1000871c <pio_sm_setup+0xdc>)
100086b2:	62d9      	str	r1, [r3, #44]	@ 0x2c
100086b4:	621e      	str	r6, [r3, #32]
100086b6:	621f      	str	r7, [r3, #32]
100086b8:	270d      	movs	r7, #13
100086ba:	629f      	str	r7, [r3, #40]	@ 0x28
100086bc:	4f18      	ldr	r7, [pc, #96]	@ (10008720 <pio_sm_setup+0xe0>)
100086be:	0612      	lsls	r2, r2, #24
100086c0:	635f      	str	r7, [r3, #52]	@ 0x34
100086c2:	6459      	str	r1, [r3, #68]	@ 0x44
100086c4:	4917      	ldr	r1, [pc, #92]	@ (10008724 <pio_sm_setup+0xe4>)
100086c6:	639e      	str	r6, [r3, #56]	@ 0x38
100086c8:	6419      	str	r1, [r3, #64]	@ 0x40
100086ca:	4917      	ldr	r1, [pc, #92]	@ (10008728 <pio_sm_setup+0xe8>)
100086cc:	6419      	str	r1, [r3, #64]	@ 0x40
100086ce:	4917      	ldr	r1, [pc, #92]	@ (1000872c <pio_sm_setup+0xec>)
100086d0:	6419      	str	r1, [r3, #64]	@ 0x40
100086d2:	2112      	movs	r1, #18
100086d4:	6419      	str	r1, [r3, #64]	@ 0x40
100086d6:	23f8      	movs	r3, #248	@ 0xf8
100086d8:	055b      	lsls	r3, r3, #21
100086da:	401a      	ands	r2, r3
100086dc:	23c6      	movs	r3, #198	@ 0xc6
100086de:	025b      	lsls	r3, r3, #9
100086e0:	431a      	orrs	r2, r3
100086e2:	002b      	movs	r3, r5
100086e4:	3311      	adds	r3, #17
100086e6:	68c1      	ldr	r1, [r0, #12]
100086e8:	33ff      	adds	r3, #255	@ 0xff
100086ea:	605a      	str	r2, [r3, #4]
100086ec:	4a10      	ldr	r2, [pc, #64]	@ (10008730 <pio_sm_setup+0xf0>)
100086ee:	4021      	ands	r1, r4
100086f0:	609a      	str	r2, [r3, #8]
100086f2:	014a      	lsls	r2, r1, #5
100086f4:	1851      	adds	r1, r2, r1
100086f6:	2282      	movs	r2, #130	@ 0x82
100086f8:	04d2      	lsls	r2, r2, #19
100086fa:	430a      	orrs	r2, r1
100086fc:	615a      	str	r2, [r3, #20]
100086fe:	4a0d      	ldr	r2, [pc, #52]	@ (10008734 <pio_sm_setup+0xf4>)
10008700:	611a      	str	r2, [r3, #16]
10008702:	4a0d      	ldr	r2, [pc, #52]	@ (10008738 <pio_sm_setup+0xf8>)
10008704:	611a      	str	r2, [r3, #16]
10008706:	2307      	movs	r3, #7
10008708:	602b      	str	r3, [r5, #0]
1000870a:	bdf0      	pop	{r4, r5, r6, r7, pc}
1000870c:	10009ee8 	.word	0x10009ee8
10008710:	0000e080 	.word	0x0000e080
10008714:	000080a0 	.word	0x000080a0
10008718:	0000e680 	.word	0x0000e680
1000871c:	80a10000 	.word	0x80a10000
10008720:	00018680 	.word	0x00018680
10008724:	0000e040 	.word	0x0000e040
10008728:	0000a0e2 	.word	0x0000a0e2
1000872c:	0000a02a 	.word	0x0000a02a
10008730:	40020000 	.word	0x40020000
10008734:	0000e001 	.word	0x0000e001
10008738:	0000e081 	.word	0x0000e081

1000873c <bitstuff_rp2040>:
1000873c:	b5f0      	push	{r4, r5, r6, r7, lr}
1000873e:	46c6      	mov	lr, r8
10008740:	468c      	mov	ip, r1
10008742:	2601      	movs	r6, #1
10008744:	b500      	push	{lr}
10008746:	0007      	movs	r7, r0
10008748:	6800      	ldr	r0, [r0, #0]
1000874a:	0842      	lsrs	r2, r0, #1
1000874c:	4042      	eors	r2, r0
1000874e:	0853      	lsrs	r3, r2, #1
10008750:	4313      	orrs	r3, r2
10008752:	089c      	lsrs	r4, r3, #2
10008754:	431c      	orrs	r4, r3
10008756:	43e4      	mvns	r4, r4
10008758:	000a      	movs	r2, r1
1000875a:	0033      	movs	r3, r6
1000875c:	408b      	lsls	r3, r1
1000875e:	1a55      	subs	r5, r2, r1
10008760:	3b01      	subs	r3, #1
10008762:	40ab      	lsls	r3, r5
10008764:	421c      	tst	r4, r3
10008766:	d10b      	bne.n	10008780 <bitstuff_rp2040+0x44>
10008768:	428a      	cmp	r2, r1
1000876a:	d911      	bls.n	10008790 <bitstuff_rp2040+0x54>
1000876c:	0033      	movs	r3, r6
1000876e:	1c69      	adds	r1, r5, #1
10008770:	0849      	lsrs	r1, r1, #1
10008772:	002a      	movs	r2, r5
10008774:	408b      	lsls	r3, r1
10008776:	1a55      	subs	r5, r2, r1
10008778:	3b01      	subs	r3, #1
1000877a:	40ab      	lsls	r3, r5
1000877c:	421c      	tst	r4, r3
1000877e:	d0f3      	beq.n	10008768 <bitstuff_rp2040+0x2c>
10008780:	0035      	movs	r5, r6
10008782:	1e53      	subs	r3, r2, #1
10008784:	409d      	lsls	r5, r3
10008786:	422c      	tst	r4, r5
10008788:	d107      	bne.n	1000879a <bitstuff_rp2040+0x5e>
1000878a:	001a      	movs	r2, r3
1000878c:	0849      	lsrs	r1, r1, #1
1000878e:	e7e4      	b.n	1000875a <bitstuff_rp2040+0x1e>
10008790:	6038      	str	r0, [r7, #0]
10008792:	4660      	mov	r0, ip
10008794:	bc80      	pop	{r7}
10008796:	46b8      	mov	r8, r7
10008798:	bdf0      	pop	{r4, r5, r6, r7, pc}
1000879a:	0033      	movs	r3, r6
1000879c:	4093      	lsls	r3, r2
1000879e:	0004      	movs	r4, r0
100087a0:	3b01      	subs	r3, #1
100087a2:	0859      	lsrs	r1, r3, #1
100087a4:	438c      	bics	r4, r1
100087a6:	4003      	ands	r3, r0
100087a8:	406b      	eors	r3, r5
100087aa:	0061      	lsls	r1, r4, #1
100087ac:	4059      	eors	r1, r3
100087ae:	2301      	movs	r3, #1
100087b0:	4698      	mov	r8, r3
100087b2:	0008      	movs	r0, r1
100087b4:	44c4      	add	ip, r8
100087b6:	2a04      	cmp	r2, #4
100087b8:	d9ea      	bls.n	10008790 <bitstuff_rp2040+0x54>
100087ba:	1f11      	subs	r1, r2, #4
100087bc:	e7c5      	b.n	1000874a <bitstuff_rp2040+0xe>
100087be:	46c0      	nop			@ (mov r8, r8)

100087c0 <data_state_go_discard>:
100087c0:	b510      	push	{r4, lr}
100087c2:	6843      	ldr	r3, [r0, #4]
100087c4:	0004      	movs	r4, r0
100087c6:	689a      	ldr	r2, [r3, #8]
100087c8:	b084      	sub	sp, #16
100087ca:	0792      	lsls	r2, r2, #30
100087cc:	d412      	bmi.n	100087f4 <data_state_go_discard+0x34>
100087ce:	2209      	movs	r2, #9
100087d0:	2120      	movs	r1, #32
100087d2:	63a2      	str	r2, [r4, #56]	@ 0x38
100087d4:	2200      	movs	r2, #0
100087d6:	6321      	str	r1, [r4, #48]	@ 0x30
100087d8:	6da1      	ldr	r1, [r4, #88]	@ 0x58
100087da:	62e2      	str	r2, [r4, #44]	@ 0x2c
100087dc:	2900      	cmp	r1, #0
100087de:	d001      	beq.n	100087e4 <data_state_go_discard+0x24>
100087e0:	65a2      	str	r2, [r4, #88]	@ 0x58
100087e2:	619a      	str	r2, [r3, #24]
100087e4:	4a0d      	ldr	r2, [pc, #52]	@ (1000881c <data_state_go_discard+0x5c>)
100087e6:	490e      	ldr	r1, [pc, #56]	@ (10008820 <data_state_go_discard+0x60>)
100087e8:	651a      	str	r2, [r3, #80]	@ 0x50
100087ea:	2296      	movs	r2, #150	@ 0x96
100087ec:	0052      	lsls	r2, r2, #1
100087ee:	5099      	str	r1, [r3, r2]
100087f0:	b004      	add	sp, #16
100087f2:	bd10      	pop	{r4, pc}
100087f4:	2300      	movs	r3, #0
100087f6:	6283      	str	r3, [r0, #40]	@ 0x28
100087f8:	6243      	str	r3, [r0, #36]	@ 0x24
100087fa:	6343      	str	r3, [r0, #52]	@ 0x34
100087fc:	f7ff ff20 	bl	10008640 <pio_sm_setup>
10008800:	2210      	movs	r2, #16
10008802:	2100      	movs	r1, #0
10008804:	4668      	mov	r0, sp
10008806:	f7f9 fc51 	bl	100020ac <__wrap_memset>
1000880a:	2180      	movs	r1, #128	@ 0x80
1000880c:	6923      	ldr	r3, [r4, #16]
1000880e:	466a      	mov	r2, sp
10008810:	0020      	movs	r0, r4
10008812:	0409      	lsls	r1, r1, #16
10008814:	4798      	blx	r3
10008816:	6863      	ldr	r3, [r4, #4]
10008818:	e7d9      	b.n	100087ce <data_state_go_discard+0xe>
1000881a:	46c0      	nop			@ (mov r8, r8)
1000881c:	0000a127 	.word	0x0000a127
10008820:	00000302 	.word	0x00000302

10008824 <tx_schedule_transmit>:
10008824:	6dc3      	ldr	r3, [r0, #92]	@ 0x5c
10008826:	0002      	movs	r2, r0
10008828:	b530      	push	{r4, r5, lr}
1000882a:	2b01      	cmp	r3, #1
1000882c:	d045      	beq.n	100088ba <tx_schedule_transmit+0x96>
1000882e:	6e13      	ldr	r3, [r2, #96]	@ 0x60
10008830:	6e51      	ldr	r1, [r2, #100]	@ 0x64
10008832:	6854      	ldr	r4, [r2, #4]
10008834:	428b      	cmp	r3, r1
10008836:	d10d      	bne.n	10008854 <tx_schedule_transmit+0x30>
10008838:	2100      	movs	r1, #0
1000883a:	65d1      	str	r1, [r2, #92]	@ 0x5c
1000883c:	3102      	adds	r1, #2
1000883e:	6321      	str	r1, [r4, #48]	@ 0x30
10008840:	f3bf 8f5f 	dmb	sy
10008844:	6e54      	ldr	r4, [r2, #100]	@ 0x64
10008846:	2080      	movs	r0, #128	@ 0x80
10008848:	0080      	lsls	r0, r0, #2
1000884a:	42a3      	cmp	r3, r4
1000884c:	d100      	bne.n	10008850 <tx_schedule_transmit+0x2c>
1000884e:	bd30      	pop	{r4, r5, pc}
10008850:	6854      	ldr	r4, [r2, #4]
10008852:	6361      	str	r1, [r4, #52]	@ 0x34
10008854:	2101      	movs	r1, #1
10008856:	65d1      	str	r1, [r2, #92]	@ 0x5c
10008858:	69d1      	ldr	r1, [r2, #28]
1000885a:	0020      	movs	r0, r4
1000885c:	3101      	adds	r1, #1
1000885e:	61d1      	str	r1, [r2, #28]
10008860:	2103      	movs	r1, #3
10008862:	400b      	ands	r3, r1
10008864:	3129      	adds	r1, #41	@ 0x29
10008866:	4359      	muls	r1, r3
10008868:	000b      	movs	r3, r1
1000886a:	3380      	adds	r3, #128	@ 0x80
1000886c:	18d3      	adds	r3, r2, r3
1000886e:	1852      	adds	r2, r2, r1
10008870:	6fd1      	ldr	r1, [r2, #124]	@ 0x7c
10008872:	2207      	movs	r2, #7
10008874:	6022      	str	r2, [r4, #0]
10008876:	3280      	adds	r2, #128	@ 0x80
10008878:	6022      	str	r2, [r4, #0]
1000887a:	3a7b      	subs	r2, #123	@ 0x7b
1000887c:	6322      	str	r2, [r4, #48]	@ 0x30
1000887e:	2200      	movs	r2, #0
10008880:	3011      	adds	r0, #17
10008882:	30ff      	adds	r0, #255	@ 0xff
10008884:	6082      	str	r2, [r0, #8]
10008886:	4a1b      	ldr	r2, [pc, #108]	@ (100088f4 <tx_schedule_transmit+0xd0>)
10008888:	4d1b      	ldr	r5, [pc, #108]	@ (100088f8 <tx_schedule_transmit+0xd4>)
1000888a:	6082      	str	r2, [r0, #8]
1000888c:	22ac      	movs	r2, #172	@ 0xac
1000888e:	50a5      	str	r5, [r4, r2]
10008890:	2900      	cmp	r1, #0
10008892:	d005      	beq.n	100088a0 <tx_schedule_transmit+0x7c>
10008894:	0089      	lsls	r1, r1, #2
10008896:	1859      	adds	r1, r3, r1
10008898:	cb04      	ldmia	r3!, {r2}
1000889a:	61e2      	str	r2, [r4, #28]
1000889c:	4299      	cmp	r1, r3
1000889e:	d1fb      	bne.n	10008898 <tx_schedule_transmit+0x74>
100088a0:	4b16      	ldr	r3, [pc, #88]	@ (100088fc <tx_schedule_transmit+0xd8>)
100088a2:	6103      	str	r3, [r0, #16]
100088a4:	4b14      	ldr	r3, [pc, #80]	@ (100088f8 <tx_schedule_transmit+0xd4>)
100088a6:	6103      	str	r3, [r0, #16]
100088a8:	231b      	movs	r3, #27
100088aa:	6103      	str	r3, [r0, #16]
100088ac:	2383      	movs	r3, #131	@ 0x83
100088ae:	019b      	lsls	r3, r3, #6
100088b0:	6103      	str	r3, [r0, #16]
100088b2:	230f      	movs	r3, #15
100088b4:	6023      	str	r3, [r4, #0]
100088b6:	2000      	movs	r0, #0
100088b8:	e7c9      	b.n	1000884e <tx_schedule_transmit+0x2a>
100088ba:	218e      	movs	r1, #142	@ 0x8e
100088bc:	6843      	ldr	r3, [r0, #4]
100088be:	0049      	lsls	r1, r1, #1
100088c0:	5859      	ldr	r1, [r3, r1]
100088c2:	2918      	cmp	r1, #24
100088c4:	d00e      	beq.n	100088e4 <tx_schedule_transmit+0xc0>
100088c6:	21f0      	movs	r1, #240	@ 0xf0
100088c8:	68d8      	ldr	r0, [r3, #12]
100088ca:	0509      	lsls	r1, r1, #20
100088cc:	4208      	tst	r0, r1
100088ce:	d1f2      	bne.n	100088b6 <tx_schedule_transmit+0x92>
100088d0:	2194      	movs	r1, #148	@ 0x94
100088d2:	0049      	lsls	r1, r1, #1
100088d4:	585b      	ldr	r3, [r3, r1]
100088d6:	3926      	subs	r1, #38	@ 0x26
100088d8:	400b      	ands	r3, r1
100088da:	3902      	subs	r1, #2
100088dc:	428b      	cmp	r3, r1
100088de:	d0a6      	beq.n	1000882e <tx_schedule_transmit+0xa>
100088e0:	2000      	movs	r0, #0
100088e2:	e7b4      	b.n	1000884e <tx_schedule_transmit+0x2a>
100088e4:	3111      	adds	r1, #17
100088e6:	31ff      	adds	r1, #255	@ 0xff
100088e8:	585b      	ldr	r3, [r3, r1]
100088ea:	079b      	lsls	r3, r3, #30
100088ec:	d59f      	bpl.n	1000882e <tx_schedule_transmit+0xa>
100088ee:	2000      	movs	r0, #0
100088f0:	e7ad      	b.n	1000884e <tx_schedule_transmit+0x2a>
100088f2:	46c0      	nop			@ (mov r8, r8)
100088f4:	40020000 	.word	0x40020000
100088f8:	00006021 	.word	0x00006021
100088fc:	0000e001 	.word	0x0000e001

10008900 <data_state_go_crc>:
10008900:	b5f0      	push	{r4, r5, r6, r7, lr}
10008902:	6a43      	ldr	r3, [r0, #36]	@ 0x24
10008904:	6a87      	ldr	r7, [r0, #40]	@ 0x28
10008906:	6bc6      	ldr	r6, [r0, #60]	@ 0x3c
10008908:	40fb      	lsrs	r3, r7
1000890a:	0476      	lsls	r6, r6, #17
1000890c:	b087      	sub	sp, #28
1000890e:	0c76      	lsrs	r6, r6, #17
10008910:	03db      	lsls	r3, r3, #15
10008912:	0004      	movs	r4, r0
10008914:	6b45      	ldr	r5, [r0, #52]	@ 0x34
10008916:	4333      	orrs	r3, r6
10008918:	2110      	movs	r1, #16
1000891a:	63c6      	str	r6, [r0, #60]	@ 0x3c
1000891c:	a801      	add	r0, sp, #4
1000891e:	9301      	str	r3, [sp, #4]
10008920:	f7ff ff0c 	bl	1000873c <bitstuff_rp2040>
10008924:	2201      	movs	r2, #1
10008926:	9b01      	ldr	r3, [sp, #4]
10008928:	3d01      	subs	r5, #1
1000892a:	005b      	lsls	r3, r3, #1
1000892c:	4313      	orrs	r3, r2
1000892e:	1bed      	subs	r5, r5, r7
10008930:	6de2      	ldr	r2, [r4, #92]	@ 0x5c
10008932:	1828      	adds	r0, r5, r0
10008934:	6861      	ldr	r1, [r4, #4]
10008936:	6423      	str	r3, [r4, #64]	@ 0x40
10008938:	6460      	str	r0, [r4, #68]	@ 0x44
1000893a:	2a01      	cmp	r2, #1
1000893c:	d10a      	bne.n	10008954 <data_state_go_crc+0x54>
1000893e:	2703      	movs	r7, #3
10008940:	6e25      	ldr	r5, [r4, #96]	@ 0x60
10008942:	322b      	adds	r2, #43	@ 0x2b
10008944:	403d      	ands	r5, r7
10008946:	436a      	muls	r2, r5
10008948:	18a2      	adds	r2, r4, r2
1000894a:	6e95      	ldr	r5, [r2, #104]	@ 0x68
1000894c:	46ac      	mov	ip, r5
1000894e:	6ca5      	ldr	r5, [r4, #72]	@ 0x48
10008950:	45ac      	cmp	ip, r5
10008952:	d00f      	beq.n	10008974 <data_state_go_crc+0x74>
10008954:	2301      	movs	r3, #1
10008956:	65a3      	str	r3, [r4, #88]	@ 0x58
10008958:	3301      	adds	r3, #1
1000895a:	634b      	str	r3, [r1, #52]	@ 0x34
1000895c:	4a29      	ldr	r2, [pc, #164]	@ (10008a04 <data_state_go_crc+0x104>)
1000895e:	332b      	adds	r3, #43	@ 0x2b
10008960:	33ff      	adds	r3, #255	@ 0xff
10008962:	50ca      	str	r2, [r1, r3]
10008964:	2305      	movs	r3, #5
10008966:	63a3      	str	r3, [r4, #56]	@ 0x38
10008968:	2300      	movs	r3, #0
1000896a:	62e3      	str	r3, [r4, #44]	@ 0x2c
1000896c:	3310      	adds	r3, #16
1000896e:	6323      	str	r3, [r4, #48]	@ 0x30
10008970:	b007      	add	sp, #28
10008972:	bdf0      	pop	{r4, r5, r6, r7, pc}
10008974:	6f95      	ldr	r5, [r2, #120]	@ 0x78
10008976:	42ae      	cmp	r6, r5
10008978:	d103      	bne.n	10008982 <data_state_go_crc+0x82>
1000897a:	6ed6      	ldr	r6, [r2, #108]	@ 0x6c
1000897c:	6ce5      	ldr	r5, [r4, #76]	@ 0x4c
1000897e:	42ae      	cmp	r6, r5
10008980:	d02b      	beq.n	100089da <data_state_go_crc+0xda>
10008982:	6a23      	ldr	r3, [r4, #32]
10008984:	3301      	adds	r3, #1
10008986:	6223      	str	r3, [r4, #32]
10008988:	688b      	ldr	r3, [r1, #8]
1000898a:	079b      	lsls	r3, r3, #30
1000898c:	d411      	bmi.n	100089b2 <data_state_go_crc+0xb2>
1000898e:	2309      	movs	r3, #9
10008990:	2220      	movs	r2, #32
10008992:	63a3      	str	r3, [r4, #56]	@ 0x38
10008994:	2300      	movs	r3, #0
10008996:	6322      	str	r2, [r4, #48]	@ 0x30
10008998:	6da2      	ldr	r2, [r4, #88]	@ 0x58
1000899a:	62e3      	str	r3, [r4, #44]	@ 0x2c
1000899c:	2a00      	cmp	r2, #0
1000899e:	d001      	beq.n	100089a4 <data_state_go_crc+0xa4>
100089a0:	65a3      	str	r3, [r4, #88]	@ 0x58
100089a2:	618b      	str	r3, [r1, #24]
100089a4:	4b18      	ldr	r3, [pc, #96]	@ (10008a08 <data_state_go_crc+0x108>)
100089a6:	4a17      	ldr	r2, [pc, #92]	@ (10008a04 <data_state_go_crc+0x104>)
100089a8:	650b      	str	r3, [r1, #80]	@ 0x50
100089aa:	2396      	movs	r3, #150	@ 0x96
100089ac:	005b      	lsls	r3, r3, #1
100089ae:	50ca      	str	r2, [r1, r3]
100089b0:	e7de      	b.n	10008970 <data_state_go_crc+0x70>
100089b2:	2300      	movs	r3, #0
100089b4:	0020      	movs	r0, r4
100089b6:	62a3      	str	r3, [r4, #40]	@ 0x28
100089b8:	6263      	str	r3, [r4, #36]	@ 0x24
100089ba:	6363      	str	r3, [r4, #52]	@ 0x34
100089bc:	f7ff fe40 	bl	10008640 <pio_sm_setup>
100089c0:	2210      	movs	r2, #16
100089c2:	2100      	movs	r1, #0
100089c4:	a802      	add	r0, sp, #8
100089c6:	f7f9 fb71 	bl	100020ac <__wrap_memset>
100089ca:	2180      	movs	r1, #128	@ 0x80
100089cc:	0020      	movs	r0, r4
100089ce:	0409      	lsls	r1, r1, #16
100089d0:	6923      	ldr	r3, [r4, #16]
100089d2:	aa02      	add	r2, sp, #8
100089d4:	4798      	blx	r3
100089d6:	6861      	ldr	r1, [r4, #4]
100089d8:	e7d9      	b.n	1000898e <data_state_go_crc+0x8e>
100089da:	6f16      	ldr	r6, [r2, #112]	@ 0x70
100089dc:	6d25      	ldr	r5, [r4, #80]	@ 0x50
100089de:	42ae      	cmp	r6, r5
100089e0:	d1cf      	bne.n	10008982 <data_state_go_crc+0x82>
100089e2:	6f55      	ldr	r5, [r2, #116]	@ 0x74
100089e4:	6d62      	ldr	r2, [r4, #84]	@ 0x54
100089e6:	4295      	cmp	r5, r2
100089e8:	d1cb      	bne.n	10008982 <data_state_go_crc+0x82>
100089ea:	2202      	movs	r2, #2
100089ec:	65a2      	str	r2, [r4, #88]	@ 0x58
100089ee:	3a0b      	subs	r2, #11
100089f0:	051b      	lsls	r3, r3, #20
100089f2:	1a12      	subs	r2, r2, r0
100089f4:	0552      	lsls	r2, r2, #21
100089f6:	0adb      	lsrs	r3, r3, #11
100089f8:	4313      	orrs	r3, r2
100089fa:	22ff      	movs	r2, #255	@ 0xff
100089fc:	4313      	orrs	r3, r2
100089fe:	65e7      	str	r7, [r4, #92]	@ 0x5c
10008a00:	618b      	str	r3, [r1, #24]
10008a02:	e7af      	b.n	10008964 <data_state_go_crc+0x64>
10008a04:	00000302 	.word	0x00000302
10008a08:	0000a127 	.word	0x0000a127

10008a0c <can2040_pio_irq_handler>:
10008a0c:	b5f0      	push	{r4, r5, r6, r7, lr}
10008a0e:	4645      	mov	r5, r8
10008a10:	46de      	mov	lr, fp
10008a12:	4657      	mov	r7, sl
10008a14:	464e      	mov	r6, r9
10008a16:	239a      	movs	r3, #154	@ 0x9a
10008a18:	0004      	movs	r4, r0
10008a1a:	b5e0      	push	{r5, r6, r7, lr}
10008a1c:	6845      	ldr	r5, [r0, #4]
10008a1e:	005b      	lsls	r3, r3, #1
10008a20:	58eb      	ldr	r3, [r5, r3]
10008a22:	b087      	sub	sp, #28
10008a24:	2202      	movs	r2, #2
10008a26:	421a      	tst	r2, r3
10008a28:	d048      	beq.n	10008abc <can2040_pio_irq_handler+0xb0>
10008a2a:	6a6b      	ldr	r3, [r5, #36]	@ 0x24
10008a2c:	6a62      	ldr	r2, [r4, #36]	@ 0x24
10008a2e:	059b      	lsls	r3, r3, #22
10008a30:	0d9b      	lsrs	r3, r3, #22
10008a32:	0292      	lsls	r2, r2, #10
10008a34:	431a      	orrs	r2, r3
10008a36:	230a      	movs	r3, #10
10008a38:	62a3      	str	r3, [r4, #40]	@ 0x28
10008a3a:	6b63      	ldr	r3, [r4, #52]	@ 0x34
10008a3c:	0851      	lsrs	r1, r2, #1
10008a3e:	4051      	eors	r1, r2
10008a40:	330a      	adds	r3, #10
10008a42:	6363      	str	r3, [r4, #52]	@ 0x34
10008a44:	084b      	lsrs	r3, r1, #1
10008a46:	430b      	orrs	r3, r1
10008a48:	0898      	lsrs	r0, r3, #2
10008a4a:	4318      	orrs	r0, r3
10008a4c:	43c3      	mvns	r3, r0
10008a4e:	9301      	str	r3, [sp, #4]
10008a50:	230a      	movs	r3, #10
10008a52:	4698      	mov	r8, r3
10008a54:	6b21      	ldr	r1, [r4, #48]	@ 0x30
10008a56:	6262      	str	r2, [r4, #36]	@ 0x24
10008a58:	46c4      	mov	ip, r8
10008a5a:	4588      	cmp	r8, r1
10008a5c:	d82c      	bhi.n	10008ab8 <can2040_pio_irq_handler+0xac>
10008a5e:	4666      	mov	r6, ip
10008a60:	2301      	movs	r3, #1
10008a62:	4667      	mov	r7, ip
10008a64:	40b3      	lsls	r3, r6
10008a66:	4646      	mov	r6, r8
10008a68:	1bf7      	subs	r7, r6, r7
10008a6a:	1c7e      	adds	r6, r7, #1
10008a6c:	46b1      	mov	r9, r6
10008a6e:	3b01      	subs	r3, #1
10008a70:	4648      	mov	r0, r9
10008a72:	001e      	movs	r6, r3
10008a74:	4086      	lsls	r6, r0
10008a76:	0030      	movs	r0, r6
10008a78:	9e01      	ldr	r6, [sp, #4]
10008a7a:	4206      	tst	r6, r0
10008a7c:	d14c      	bne.n	10008b18 <can2040_pio_irq_handler+0x10c>
10008a7e:	6ae0      	ldr	r0, [r4, #44]	@ 0x2c
10008a80:	4680      	mov	r8, r0
10008a82:	0016      	movs	r6, r2
10008a84:	4660      	mov	r0, ip
10008a86:	40fe      	lsrs	r6, r7
10008a88:	1a09      	subs	r1, r1, r0
10008a8a:	4033      	ands	r3, r6
10008a8c:	408b      	lsls	r3, r1
10008a8e:	4640      	mov	r0, r8
10008a90:	4303      	orrs	r3, r0
10008a92:	6321      	str	r1, [r4, #48]	@ 0x30
10008a94:	62a7      	str	r7, [r4, #40]	@ 0x28
10008a96:	62e3      	str	r3, [r4, #44]	@ 0x2c
10008a98:	2900      	cmp	r1, #0
10008a9a:	d035      	beq.n	10008b08 <can2040_pio_irq_handler+0xfc>
10008a9c:	2f00      	cmp	r7, #0
10008a9e:	d169      	bne.n	10008b74 <can2040_pio_irq_handler+0x168>
10008aa0:	239a      	movs	r3, #154	@ 0x9a
10008aa2:	005b      	lsls	r3, r3, #1
10008aa4:	58eb      	ldr	r3, [r5, r3]
10008aa6:	2b00      	cmp	r3, #0
10008aa8:	d1bc      	bne.n	10008a24 <can2040_pio_irq_handler+0x18>
10008aaa:	b007      	add	sp, #28
10008aac:	bcf0      	pop	{r4, r5, r6, r7}
10008aae:	46bb      	mov	fp, r7
10008ab0:	46b2      	mov	sl, r6
10008ab2:	46a9      	mov	r9, r5
10008ab4:	46a0      	mov	r8, r4
10008ab6:	bdf0      	pop	{r4, r5, r6, r7, pc}
10008ab8:	468c      	mov	ip, r1
10008aba:	e7d0      	b.n	10008a5e <can2040_pio_irq_handler+0x52>
10008abc:	051a      	lsls	r2, r3, #20
10008abe:	d500      	bpl.n	10008ac2 <can2040_pio_irq_handler+0xb6>
10008ac0:	e22b      	b.n	10008f1a <can2040_pio_irq_handler+0x50e>
10008ac2:	055a      	lsls	r2, r3, #21
10008ac4:	d458      	bmi.n	10008b78 <can2040_pio_irq_handler+0x16c>
10008ac6:	2280      	movs	r2, #128	@ 0x80
10008ac8:	0019      	movs	r1, r3
10008aca:	0052      	lsls	r2, r2, #1
10008acc:	4011      	ands	r1, r2
10008ace:	4213      	tst	r3, r2
10008ad0:	d000      	beq.n	10008ad4 <can2040_pio_irq_handler+0xc8>
10008ad2:	e239      	b.n	10008f48 <can2040_pio_irq_handler+0x53c>
10008ad4:	059b      	lsls	r3, r3, #22
10008ad6:	d5e8      	bpl.n	10008aaa <can2040_pio_irq_handler+0x9e>
10008ad8:	2296      	movs	r2, #150	@ 0x96
10008ada:	6863      	ldr	r3, [r4, #4]
10008adc:	0052      	lsls	r2, r2, #1
10008ade:	589d      	ldr	r5, [r3, r2]
10008ae0:	48e1      	ldr	r0, [pc, #900]	@ (10008e68 <can2040_pio_irq_handler+0x45c>)
10008ae2:	4285      	cmp	r5, r0
10008ae4:	d103      	bne.n	10008aee <can2040_pio_irq_handler+0xe2>
10008ae6:	6da0      	ldr	r0, [r4, #88]	@ 0x58
10008ae8:	2801      	cmp	r0, #1
10008aea:	d100      	bne.n	10008aee <can2040_pio_irq_handler+0xe2>
10008aec:	e3da      	b.n	100092a4 <can2040_pio_irq_handler+0x898>
10008aee:	0020      	movs	r0, r4
10008af0:	f7ff fe98 	bl	10008824 <tx_schedule_transmit>
10008af4:	4bdd      	ldr	r3, [pc, #884]	@ (10008e6c <can2040_pio_irq_handler+0x460>)
10008af6:	6862      	ldr	r2, [r4, #4]
10008af8:	401d      	ands	r5, r3
10008afa:	2302      	movs	r3, #2
10008afc:	4305      	orrs	r5, r0
10008afe:	431d      	orrs	r5, r3
10008b00:	332b      	adds	r3, #43	@ 0x2b
10008b02:	33ff      	adds	r3, #255	@ 0xff
10008b04:	50d5      	str	r5, [r2, r3]
10008b06:	e7d0      	b.n	10008aaa <can2040_pio_irq_handler+0x9e>
10008b08:	6ba0      	ldr	r0, [r4, #56]	@ 0x38
10008b0a:	2809      	cmp	r0, #9
10008b0c:	d900      	bls.n	10008b10 <can2040_pio_irq_handler+0x104>
10008b0e:	e237      	b.n	10008f80 <can2040_pio_irq_handler+0x574>
10008b10:	4ed7      	ldr	r6, [pc, #860]	@ (10008e70 <can2040_pio_irq_handler+0x464>)
10008b12:	0080      	lsls	r0, r0, #2
10008b14:	5830      	ldr	r0, [r6, r0]
10008b16:	4687      	mov	pc, r0
10008b18:	2301      	movs	r3, #1
10008b1a:	4699      	mov	r9, r3
10008b1c:	2301      	movs	r3, #1
10008b1e:	425b      	negs	r3, r3
10008b20:	4443      	add	r3, r8
10008b22:	4640      	mov	r0, r8
10008b24:	469a      	mov	sl, r3
10008b26:	464b      	mov	r3, r9
10008b28:	4083      	lsls	r3, r0
10008b2a:	9801      	ldr	r0, [sp, #4]
10008b2c:	4218      	tst	r0, r3
10008b2e:	d000      	beq.n	10008b32 <can2040_pio_irq_handler+0x126>
10008b30:	e26d      	b.n	1000900e <can2040_pio_irq_handler+0x602>
10008b32:	4650      	mov	r0, sl
10008b34:	0013      	movs	r3, r2
10008b36:	40c3      	lsrs	r3, r0
10008b38:	4648      	mov	r0, r9
10008b3a:	3901      	subs	r1, #1
10008b3c:	4003      	ands	r3, r0
10008b3e:	408b      	lsls	r3, r1
10008b40:	6ae7      	ldr	r7, [r4, #44]	@ 0x2c
10008b42:	6321      	str	r1, [r4, #48]	@ 0x30
10008b44:	433b      	orrs	r3, r7
10008b46:	4698      	mov	r8, r3
10008b48:	62e3      	str	r3, [r4, #44]	@ 0x2c
10008b4a:	4663      	mov	r3, ip
10008b4c:	085b      	lsrs	r3, r3, #1
10008b4e:	469c      	mov	ip, r3
10008b50:	464b      	mov	r3, r9
10008b52:	4660      	mov	r0, ip
10008b54:	4666      	mov	r6, ip
10008b56:	4083      	lsls	r3, r0
10008b58:	4650      	mov	r0, sl
10008b5a:	1b87      	subs	r7, r0, r6
10008b5c:	1c78      	adds	r0, r7, #1
10008b5e:	4683      	mov	fp, r0
10008b60:	3b01      	subs	r3, #1
10008b62:	465e      	mov	r6, fp
10008b64:	0018      	movs	r0, r3
10008b66:	40b0      	lsls	r0, r6
10008b68:	9e01      	ldr	r6, [sp, #4]
10008b6a:	4206      	tst	r6, r0
10008b6c:	d100      	bne.n	10008b70 <can2040_pio_irq_handler+0x164>
10008b6e:	e788      	b.n	10008a82 <can2040_pio_irq_handler+0x76>
10008b70:	46d0      	mov	r8, sl
10008b72:	e7d3      	b.n	10008b1c <can2040_pio_irq_handler+0x110>
10008b74:	46b8      	mov	r8, r7
10008b76:	e76f      	b.n	10008a58 <can2040_pio_irq_handler+0x4c>
10008b78:	6da3      	ldr	r3, [r4, #88]	@ 0x58
10008b7a:	2b00      	cmp	r3, #0
10008b7c:	d000      	beq.n	10008b80 <can2040_pio_irq_handler+0x174>
10008b7e:	e227      	b.n	10008fd0 <can2040_pio_irq_handler+0x5c4>
10008b80:	0020      	movs	r0, r4
10008b82:	f7ff fe4f 	bl	10008824 <tx_schedule_transmit>
10008b86:	2302      	movs	r3, #2
10008b88:	6862      	ldr	r2, [r4, #4]
10008b8a:	4318      	orrs	r0, r3
10008b8c:	332b      	adds	r3, #43	@ 0x2b
10008b8e:	33ff      	adds	r3, #255	@ 0xff
10008b90:	50d0      	str	r0, [r2, r3]
10008b92:	e78a      	b.n	10008aaa <can2040_pio_irq_handler+0x9e>
10008b94:	2b1f      	cmp	r3, #31
10008b96:	d100      	bne.n	10008b9a <can2040_pio_irq_handler+0x18e>
10008b98:	e2ec      	b.n	10009174 <can2040_pio_irq_handler+0x768>
10008b9a:	2b1b      	cmp	r3, #27
10008b9c:	d800      	bhi.n	10008ba0 <can2040_pio_irq_handler+0x194>
10008b9e:	e31c      	b.n	100091da <can2040_pio_irq_handler+0x7ce>
10008ba0:	6da3      	ldr	r3, [r4, #88]	@ 0x58
10008ba2:	6862      	ldr	r2, [r4, #4]
10008ba4:	0011      	movs	r1, r2
10008ba6:	2b00      	cmp	r3, #0
10008ba8:	d01a      	beq.n	10008be0 <can2040_pio_irq_handler+0x1d4>
10008baa:	075b      	lsls	r3, r3, #29
10008bac:	d510      	bpl.n	10008bd0 <can2040_pio_irq_handler+0x1c4>
10008bae:	4bb1      	ldr	r3, [pc, #708]	@ (10008e74 <can2040_pio_irq_handler+0x468>)
10008bb0:	6513      	str	r3, [r2, #80]	@ 0x50
10008bb2:	6da3      	ldr	r3, [r4, #88]	@ 0x58
10008bb4:	2b06      	cmp	r3, #6
10008bb6:	d100      	bne.n	10008bba <can2040_pio_irq_handler+0x1ae>
10008bb8:	e3af      	b.n	1000931a <can2040_pio_irq_handler+0x90e>
10008bba:	0022      	movs	r2, r4
10008bbc:	2180      	movs	r1, #128	@ 0x80
10008bbe:	6963      	ldr	r3, [r4, #20]
10008bc0:	3248      	adds	r2, #72	@ 0x48
10008bc2:	3301      	adds	r3, #1
10008bc4:	6163      	str	r3, [r4, #20]
10008bc6:	0020      	movs	r0, r4
10008bc8:	6923      	ldr	r3, [r4, #16]
10008bca:	0349      	lsls	r1, r1, #13
10008bcc:	4798      	blx	r3
10008bce:	6862      	ldr	r2, [r4, #4]
10008bd0:	2300      	movs	r3, #0
10008bd2:	0011      	movs	r1, r2
10008bd4:	65a3      	str	r3, [r4, #88]	@ 0x58
10008bd6:	48a8      	ldr	r0, [pc, #672]	@ (10008e78 <can2040_pio_irq_handler+0x46c>)
10008bd8:	6193      	str	r3, [r2, #24]
10008bda:	332d      	adds	r3, #45	@ 0x2d
10008bdc:	33ff      	adds	r3, #255	@ 0xff
10008bde:	50d0      	str	r0, [r2, r3]
10008be0:	6893      	ldr	r3, [r2, #8]
10008be2:	079b      	lsls	r3, r3, #30
10008be4:	d500      	bpl.n	10008be8 <can2040_pio_irq_handler+0x1dc>
10008be6:	e1fe      	b.n	10008fe6 <can2040_pio_irq_handler+0x5da>
10008be8:	2309      	movs	r3, #9
10008bea:	2220      	movs	r2, #32
10008bec:	63a3      	str	r3, [r4, #56]	@ 0x38
10008bee:	2300      	movs	r3, #0
10008bf0:	6322      	str	r2, [r4, #48]	@ 0x30
10008bf2:	6da2      	ldr	r2, [r4, #88]	@ 0x58
10008bf4:	62e3      	str	r3, [r4, #44]	@ 0x2c
10008bf6:	2a00      	cmp	r2, #0
10008bf8:	d001      	beq.n	10008bfe <can2040_pio_irq_handler+0x1f2>
10008bfa:	65a3      	str	r3, [r4, #88]	@ 0x58
10008bfc:	618b      	str	r3, [r1, #24]
10008bfe:	4b9f      	ldr	r3, [pc, #636]	@ (10008e7c <can2040_pio_irq_handler+0x470>)
10008c00:	4a99      	ldr	r2, [pc, #612]	@ (10008e68 <can2040_pio_irq_handler+0x45c>)
10008c02:	650b      	str	r3, [r1, #80]	@ 0x50
10008c04:	2396      	movs	r3, #150	@ 0x96
10008c06:	005b      	lsls	r3, r3, #1
10008c08:	50ca      	str	r2, [r1, r3]
10008c0a:	6aa3      	ldr	r3, [r4, #40]	@ 0x28
10008c0c:	6a62      	ldr	r2, [r4, #36]	@ 0x24
10008c0e:	4698      	mov	r8, r3
10008c10:	6b21      	ldr	r1, [r4, #48]	@ 0x30
10008c12:	0850      	lsrs	r0, r2, #1
10008c14:	4050      	eors	r0, r2
10008c16:	0843      	lsrs	r3, r0, #1
10008c18:	4303      	orrs	r3, r0
10008c1a:	0898      	lsrs	r0, r3, #2
10008c1c:	4318      	orrs	r0, r3
10008c1e:	43c3      	mvns	r3, r0
10008c20:	9301      	str	r3, [sp, #4]
10008c22:	4643      	mov	r3, r8
10008c24:	2b00      	cmp	r3, #0
10008c26:	d000      	beq.n	10008c2a <can2040_pio_irq_handler+0x21e>
10008c28:	e716      	b.n	10008a58 <can2040_pio_irq_handler+0x4c>
10008c2a:	e739      	b.n	10008aa0 <can2040_pio_irq_handler+0x94>
10008c2c:	2101      	movs	r1, #1
10008c2e:	6be2      	ldr	r2, [r4, #60]	@ 0x3c
10008c30:	0052      	lsls	r2, r2, #1
10008c32:	430a      	orrs	r2, r1
10008c34:	4293      	cmp	r3, r2
10008c36:	d000      	beq.n	10008c3a <can2040_pio_irq_handler+0x22e>
10008c38:	e1af      	b.n	10008f9a <can2040_pio_irq_handler+0x58e>
10008c3a:	6da3      	ldr	r3, [r4, #88]	@ 0x58
10008c3c:	2b02      	cmp	r3, #2
10008c3e:	d105      	bne.n	10008c4c <can2040_pio_irq_handler+0x240>
10008c40:	6862      	ldr	r2, [r4, #4]
10008c42:	498f      	ldr	r1, [pc, #572]	@ (10008e80 <can2040_pio_irq_handler+0x474>)
10008c44:	332b      	adds	r3, #43	@ 0x2b
10008c46:	33ff      	adds	r3, #255	@ 0xff
10008c48:	50d1      	str	r1, [r2, r3]
10008c4a:	6aa7      	ldr	r7, [r4, #40]	@ 0x28
10008c4c:	2301      	movs	r3, #1
10008c4e:	40bb      	lsls	r3, r7
10008c50:	6a62      	ldr	r2, [r4, #36]	@ 0x24
10008c52:	1e59      	subs	r1, r3, #1
10008c54:	400a      	ands	r2, r1
10008c56:	005b      	lsls	r3, r3, #1
10008c58:	431a      	orrs	r2, r3
10008c5a:	2306      	movs	r3, #6
10008c5c:	63a3      	str	r3, [r4, #56]	@ 0x38
10008c5e:	2300      	movs	r3, #0
10008c60:	62e3      	str	r3, [r4, #44]	@ 0x2c
10008c62:	3302      	adds	r3, #2
10008c64:	46b8      	mov	r8, r7
10008c66:	2102      	movs	r1, #2
10008c68:	6262      	str	r2, [r4, #36]	@ 0x24
10008c6a:	6323      	str	r3, [r4, #48]	@ 0x30
10008c6c:	e7d1      	b.n	10008c12 <can2040_pio_irq_handler+0x206>
10008c6e:	6ce2      	ldr	r2, [r4, #76]	@ 0x4c
10008c70:	6be0      	ldr	r0, [r4, #60]	@ 0x3c
10008c72:	2a07      	cmp	r2, #7
10008c74:	d900      	bls.n	10008c78 <can2040_pio_irq_handler+0x26c>
10008c76:	e246      	b.n	10009106 <can2040_pio_irq_handler+0x6fa>
10008c78:	1f17      	subs	r7, r2, #4
10008c7a:	2a06      	cmp	r2, #6
10008c7c:	d100      	bne.n	10008c80 <can2040_pio_irq_handler+0x274>
10008c7e:	e30b      	b.n	10009298 <can2040_pio_irq_handler+0x88c>
10008c80:	2f03      	cmp	r7, #3
10008c82:	d100      	bne.n	10008c86 <can2040_pio_irq_handler+0x27a>
10008c84:	e30b      	b.n	1000929e <can2040_pio_irq_handler+0x892>
10008c86:	2f01      	cmp	r7, #1
10008c88:	d000      	beq.n	10008c8c <can2040_pio_irq_handler+0x280>
10008c8a:	e23d      	b.n	10009108 <can2040_pio_irq_handler+0x6fc>
10008c8c:	4a7d      	ldr	r2, [pc, #500]	@ (10008e84 <can2040_pio_irq_handler+0x478>)
10008c8e:	0619      	lsls	r1, r3, #24
10008c90:	09c7      	lsrs	r7, r0, #7
10008c92:	405f      	eors	r7, r3
10008c94:	23ff      	movs	r3, #255	@ 0xff
10008c96:	403b      	ands	r3, r7
10008c98:	005b      	lsls	r3, r3, #1
10008c9a:	5ad3      	ldrh	r3, [r2, r3]
10008c9c:	0200      	lsls	r0, r0, #8
10008c9e:	4043      	eors	r3, r0
10008ca0:	ba09      	rev	r1, r1
10008ca2:	63e3      	str	r3, [r4, #60]	@ 0x3c
10008ca4:	6561      	str	r1, [r4, #84]	@ 0x54
10008ca6:	0020      	movs	r0, r4
10008ca8:	f7ff fe2a 	bl	10008900 <data_state_go_crc>
10008cac:	6aa3      	ldr	r3, [r4, #40]	@ 0x28
10008cae:	6a62      	ldr	r2, [r4, #36]	@ 0x24
10008cb0:	4698      	mov	r8, r3
10008cb2:	6b21      	ldr	r1, [r4, #48]	@ 0x30
10008cb4:	e7ad      	b.n	10008c12 <can2040_pio_irq_handler+0x206>
10008cb6:	6ce2      	ldr	r2, [r4, #76]	@ 0x4c
10008cb8:	4690      	mov	r8, r2
10008cba:	6be2      	ldr	r2, [r4, #60]	@ 0x3c
10008cbc:	4694      	mov	ip, r2
10008cbe:	4642      	mov	r2, r8
10008cc0:	2a03      	cmp	r2, #3
10008cc2:	d900      	bls.n	10008cc6 <can2040_pio_irq_handler+0x2ba>
10008cc4:	e1d6      	b.n	10009074 <can2040_pio_irq_handler+0x668>
10008cc6:	2a02      	cmp	r2, #2
10008cc8:	d100      	bne.n	10008ccc <can2040_pio_irq_handler+0x2c0>
10008cca:	e2df      	b.n	1000928c <can2040_pio_irq_handler+0x880>
10008ccc:	2a03      	cmp	r2, #3
10008cce:	d100      	bne.n	10008cd2 <can2040_pio_irq_handler+0x2c6>
10008cd0:	e2df      	b.n	10009292 <can2040_pio_irq_handler+0x886>
10008cd2:	2a01      	cmp	r2, #1
10008cd4:	d000      	beq.n	10008cd8 <can2040_pio_irq_handler+0x2cc>
10008cd6:	e1ce      	b.n	10009076 <can2040_pio_irq_handler+0x66a>
10008cd8:	4661      	mov	r1, ip
10008cda:	09c8      	lsrs	r0, r1, #7
10008cdc:	21ff      	movs	r1, #255	@ 0xff
10008cde:	4058      	eors	r0, r3
10008ce0:	4a68      	ldr	r2, [pc, #416]	@ (10008e84 <can2040_pio_irq_handler+0x478>)
10008ce2:	4001      	ands	r1, r0
10008ce4:	0049      	lsls	r1, r1, #1
10008ce6:	5a52      	ldrh	r2, [r2, r1]
10008ce8:	4661      	mov	r1, ip
10008cea:	061b      	lsls	r3, r3, #24
10008cec:	0209      	lsls	r1, r1, #8
10008cee:	404a      	eors	r2, r1
10008cf0:	ba1b      	rev	r3, r3
10008cf2:	63e2      	str	r2, [r4, #60]	@ 0x3c
10008cf4:	6523      	str	r3, [r4, #80]	@ 0x50
10008cf6:	e7d6      	b.n	10008ca6 <can2040_pio_irq_handler+0x29a>
10008cf8:	6ca0      	ldr	r0, [r4, #72]	@ 0x48
10008cfa:	4a62      	ldr	r2, [pc, #392]	@ (10008e84 <can2040_pio_irq_handler+0x478>)
10008cfc:	0b01      	lsrs	r1, r0, #12
10008cfe:	468c      	mov	ip, r1
10008d00:	21ff      	movs	r1, #255	@ 0xff
10008d02:	4666      	mov	r6, ip
10008d04:	400e      	ands	r6, r1
10008d06:	0076      	lsls	r6, r6, #1
10008d08:	5b96      	ldrh	r6, [r2, r6]
10008d0a:	468b      	mov	fp, r1
10008d0c:	46b0      	mov	r8, r6
10008d0e:	0906      	lsrs	r6, r0, #4
10008d10:	46b4      	mov	ip, r6
10008d12:	4646      	mov	r6, r8
10008d14:	09f6      	lsrs	r6, r6, #7
10008d16:	46b1      	mov	r9, r6
10008d18:	4666      	mov	r6, ip
10008d1a:	4649      	mov	r1, r9
10008d1c:	404e      	eors	r6, r1
10008d1e:	4659      	mov	r1, fp
10008d20:	400e      	ands	r6, r1
10008d22:	0071      	lsls	r1, r6, #1
10008d24:	5a51      	ldrh	r1, [r2, r1]
10008d26:	468a      	mov	sl, r1
10008d28:	4641      	mov	r1, r8
10008d2a:	4656      	mov	r6, sl
10008d2c:	0209      	lsls	r1, r1, #8
10008d2e:	404e      	eors	r6, r1
10008d30:	0501      	lsls	r1, r0, #20
10008d32:	468c      	mov	ip, r1
10008d34:	21f0      	movs	r1, #240	@ 0xf0
10008d36:	46b2      	mov	sl, r6
10008d38:	4666      	mov	r6, ip
10008d3a:	0409      	lsls	r1, r1, #16
10008d3c:	400e      	ands	r6, r1
10008d3e:	431e      	orrs	r6, r3
10008d40:	0c31      	lsrs	r1, r6, #16
10008d42:	4688      	mov	r8, r1
10008d44:	4651      	mov	r1, sl
10008d46:	46b4      	mov	ip, r6
10008d48:	4646      	mov	r6, r8
10008d4a:	09c9      	lsrs	r1, r1, #7
10008d4c:	404e      	eors	r6, r1
10008d4e:	4659      	mov	r1, fp
10008d50:	400e      	ands	r6, r1
10008d52:	0071      	lsls	r1, r6, #1
10008d54:	5a51      	ldrh	r1, [r2, r1]
10008d56:	4689      	mov	r9, r1
10008d58:	4651      	mov	r1, sl
10008d5a:	464e      	mov	r6, r9
10008d5c:	0209      	lsls	r1, r1, #8
10008d5e:	404e      	eors	r6, r1
10008d60:	4661      	mov	r1, ip
10008d62:	0a09      	lsrs	r1, r1, #8
10008d64:	4688      	mov	r8, r1
10008d66:	46b1      	mov	r9, r6
10008d68:	09f1      	lsrs	r1, r6, #7
10008d6a:	4646      	mov	r6, r8
10008d6c:	404e      	eors	r6, r1
10008d6e:	4659      	mov	r1, fp
10008d70:	400e      	ands	r6, r1
10008d72:	0071      	lsls	r1, r6, #1
10008d74:	5a51      	ldrh	r1, [r2, r1]
10008d76:	4688      	mov	r8, r1
10008d78:	4649      	mov	r1, r9
10008d7a:	4646      	mov	r6, r8
10008d7c:	0209      	lsls	r1, r1, #8
10008d7e:	404e      	eors	r6, r1
10008d80:	09f1      	lsrs	r1, r6, #7
10008d82:	46b0      	mov	r8, r6
10008d84:	4666      	mov	r6, ip
10008d86:	404e      	eors	r6, r1
10008d88:	0031      	movs	r1, r6
10008d8a:	465e      	mov	r6, fp
10008d8c:	400e      	ands	r6, r1
10008d8e:	0071      	lsls	r1, r6, #1
10008d90:	5a51      	ldrh	r1, [r2, r1]
10008d92:	4642      	mov	r2, r8
10008d94:	0212      	lsls	r2, r2, #8
10008d96:	404a      	eors	r2, r1
10008d98:	493b      	ldr	r1, [pc, #236]	@ (10008e88 <can2040_pio_irq_handler+0x47c>)
10008d9a:	63e2      	str	r2, [r4, #60]	@ 0x3c
10008d9c:	02c2      	lsls	r2, r0, #11
10008d9e:	4011      	ands	r1, r2
10008da0:	0342      	lsls	r2, r0, #13
10008da2:	20f8      	movs	r0, #248	@ 0xf8
10008da4:	0280      	lsls	r0, r0, #10
10008da6:	4002      	ands	r2, r0
10008da8:	430a      	orrs	r2, r1
10008daa:	09d9      	lsrs	r1, r3, #7
10008dac:	430a      	orrs	r2, r1
10008dae:	2130      	movs	r1, #48	@ 0x30
10008db0:	0008      	movs	r0, r1
10008db2:	4018      	ands	r0, r3
10008db4:	4219      	tst	r1, r3
10008db6:	d000      	beq.n	10008dba <can2040_pio_irq_handler+0x3ae>
10008db8:	e0f2      	b.n	10008fa0 <can2040_pio_irq_handler+0x594>
10008dba:	6560      	str	r0, [r4, #84]	@ 0x54
10008dbc:	6520      	str	r0, [r4, #80]	@ 0x50
10008dbe:	200f      	movs	r0, #15
10008dc0:	4018      	ands	r0, r3
10008dc2:	64e0      	str	r0, [r4, #76]	@ 0x4c
10008dc4:	0659      	lsls	r1, r3, #25
10008dc6:	d400      	bmi.n	10008dca <can2040_pio_irq_handler+0x3be>
10008dc8:	e1bb      	b.n	10009142 <can2040_pio_irq_handler+0x736>
10008dca:	23c0      	movs	r3, #192	@ 0xc0
10008dcc:	061b      	lsls	r3, r3, #24
10008dce:	4313      	orrs	r3, r2
10008dd0:	64a3      	str	r3, [r4, #72]	@ 0x48
10008dd2:	e768      	b.n	10008ca6 <can2040_pio_irq_handler+0x29a>
10008dd4:	6ca2      	ldr	r2, [r4, #72]	@ 0x48
10008dd6:	0452      	lsls	r2, r2, #17
10008dd8:	4313      	orrs	r3, r2
10008dda:	2260      	movs	r2, #96	@ 0x60
10008ddc:	401a      	ands	r2, r3
10008dde:	2a60      	cmp	r2, #96	@ 0x60
10008de0:	d100      	bne.n	10008de4 <can2040_pio_irq_handler+0x3d8>
10008de2:	e1bc      	b.n	1000915e <can2040_pio_irq_handler+0x752>
10008de4:	20ff      	movs	r0, #255	@ 0xff
10008de6:	0c19      	lsrs	r1, r3, #16
10008de8:	4a26      	ldr	r2, [pc, #152]	@ (10008e84 <can2040_pio_irq_handler+0x478>)
10008dea:	4001      	ands	r1, r0
10008dec:	0049      	lsls	r1, r1, #1
10008dee:	5a51      	ldrh	r1, [r2, r1]
10008df0:	468c      	mov	ip, r1
10008df2:	4666      	mov	r6, ip
10008df4:	0a19      	lsrs	r1, r3, #8
10008df6:	09f6      	lsrs	r6, r6, #7
10008df8:	4071      	eors	r1, r6
10008dfa:	4666      	mov	r6, ip
10008dfc:	4001      	ands	r1, r0
10008dfe:	0049      	lsls	r1, r1, #1
10008e00:	5a51      	ldrh	r1, [r2, r1]
10008e02:	0236      	lsls	r6, r6, #8
10008e04:	4071      	eors	r1, r6
10008e06:	09ce      	lsrs	r6, r1, #7
10008e08:	405e      	eors	r6, r3
10008e0a:	4030      	ands	r0, r6
10008e0c:	0040      	lsls	r0, r0, #1
10008e0e:	5a12      	ldrh	r2, [r2, r0]
10008e10:	0209      	lsls	r1, r1, #8
10008e12:	404a      	eors	r2, r1
10008e14:	63e2      	str	r2, [r4, #60]	@ 0x3c
10008e16:	2230      	movs	r2, #48	@ 0x30
10008e18:	0010      	movs	r0, r2
10008e1a:	0399      	lsls	r1, r3, #14
10008e1c:	0d49      	lsrs	r1, r1, #21
10008e1e:	4018      	ands	r0, r3
10008e20:	421a      	tst	r2, r3
10008e22:	d000      	beq.n	10008e26 <can2040_pio_irq_handler+0x41a>
10008e24:	e1e1      	b.n	100091ea <can2040_pio_irq_handler+0x7de>
10008e26:	220f      	movs	r2, #15
10008e28:	401a      	ands	r2, r3
10008e2a:	6560      	str	r0, [r4, #84]	@ 0x54
10008e2c:	6520      	str	r0, [r4, #80]	@ 0x50
10008e2e:	64e2      	str	r2, [r4, #76]	@ 0x4c
10008e30:	0658      	lsls	r0, r3, #25
10008e32:	d400      	bmi.n	10008e36 <can2040_pio_irq_handler+0x42a>
10008e34:	e205      	b.n	10009242 <can2040_pio_irq_handler+0x836>
10008e36:	2380      	movs	r3, #128	@ 0x80
10008e38:	05db      	lsls	r3, r3, #23
10008e3a:	430b      	orrs	r3, r1
10008e3c:	64a3      	str	r3, [r4, #72]	@ 0x48
10008e3e:	e732      	b.n	10008ca6 <can2040_pio_irq_handler+0x29a>
10008e40:	64a3      	str	r3, [r4, #72]	@ 0x48
10008e42:	2181      	movs	r1, #129	@ 0x81
10008e44:	2396      	movs	r3, #150	@ 0x96
10008e46:	6862      	ldr	r2, [r4, #4]
10008e48:	005b      	lsls	r3, r3, #1
10008e4a:	0049      	lsls	r1, r1, #1
10008e4c:	50d1      	str	r1, [r2, r3]
10008e4e:	3b2c      	subs	r3, #44	@ 0x2c
10008e50:	3bff      	subs	r3, #255	@ 0xff
10008e52:	63a3      	str	r3, [r4, #56]	@ 0x38
10008e54:	2300      	movs	r3, #0
10008e56:	62e3      	str	r3, [r4, #44]	@ 0x2c
10008e58:	3311      	adds	r3, #17
10008e5a:	6323      	str	r3, [r4, #48]	@ 0x30
10008e5c:	6aa3      	ldr	r3, [r4, #40]	@ 0x28
10008e5e:	6a62      	ldr	r2, [r4, #36]	@ 0x24
10008e60:	4698      	mov	r8, r3
10008e62:	39f1      	subs	r1, #241	@ 0xf1
10008e64:	e6d5      	b.n	10008c12 <can2040_pio_irq_handler+0x206>
10008e66:	46c0      	nop			@ (mov r8, r8)
10008e68:	00000302 	.word	0x00000302
10008e6c:	fffffdff 	.word	0xfffffdff
10008e70:	10009cc0 	.word	0x10009cc0
10008e74:	0000e12a 	.word	0x0000e12a
10008e78:	00000202 	.word	0x00000202
10008e7c:	0000a127 	.word	0x0000a127
10008e80:	00000502 	.word	0x00000502
10008e84:	10009ce8 	.word	0x10009ce8
10008e88:	1ffc0000 	.word	0x1ffc0000
10008e8c:	6861      	ldr	r1, [r4, #4]
10008e8e:	2b0f      	cmp	r3, #15
10008e90:	d000      	beq.n	10008e94 <can2040_pio_irq_handler+0x488>
10008e92:	e0a1      	b.n	10008fd8 <can2040_pio_irq_handler+0x5cc>
10008e94:	2002      	movs	r0, #2
10008e96:	0006      	movs	r6, r0
10008e98:	688b      	ldr	r3, [r1, #8]
10008e9a:	401e      	ands	r6, r3
10008e9c:	4218      	tst	r0, r3
10008e9e:	d000      	beq.n	10008ea2 <can2040_pio_irq_handler+0x496>
10008ea0:	e09a      	b.n	10008fd8 <can2040_pio_irq_handler+0x5cc>
10008ea2:	2301      	movs	r3, #1
10008ea4:	40bb      	lsls	r3, r7
10008ea6:	1e59      	subs	r1, r3, #1
10008ea8:	400a      	ands	r2, r1
10008eaa:	005b      	lsls	r3, r3, #1
10008eac:	431a      	orrs	r2, r3
10008eae:	2308      	movs	r3, #8
10008eb0:	63a3      	str	r3, [r4, #56]	@ 0x38
10008eb2:	2305      	movs	r3, #5
10008eb4:	46b8      	mov	r8, r7
10008eb6:	2105      	movs	r1, #5
10008eb8:	6262      	str	r2, [r4, #36]	@ 0x24
10008eba:	62e6      	str	r6, [r4, #44]	@ 0x2c
10008ebc:	6323      	str	r3, [r4, #48]	@ 0x30
10008ebe:	e6a8      	b.n	10008c12 <can2040_pio_irq_handler+0x206>
10008ec0:	2b01      	cmp	r3, #1
10008ec2:	d160      	bne.n	10008f86 <can2040_pio_irq_handler+0x57a>
10008ec4:	6da3      	ldr	r3, [r4, #88]	@ 0x58
10008ec6:	2b00      	cmp	r3, #0
10008ec8:	d002      	beq.n	10008ed0 <can2040_pio_irq_handler+0x4c4>
10008eca:	2204      	movs	r2, #4
10008ecc:	4313      	orrs	r3, r2
10008ece:	65a3      	str	r3, [r4, #88]	@ 0x58
10008ed0:	2307      	movs	r3, #7
10008ed2:	63a3      	str	r3, [r4, #56]	@ 0x38
10008ed4:	2300      	movs	r3, #0
10008ed6:	62e3      	str	r3, [r4, #44]	@ 0x2c
10008ed8:	3304      	adds	r3, #4
10008eda:	46b8      	mov	r8, r7
10008edc:	2104      	movs	r1, #4
10008ede:	6a62      	ldr	r2, [r4, #36]	@ 0x24
10008ee0:	6323      	str	r3, [r4, #48]	@ 0x30
10008ee2:	e696      	b.n	10008c12 <can2040_pio_irq_handler+0x206>
10008ee4:	6863      	ldr	r3, [r4, #4]
10008ee6:	689a      	ldr	r2, [r3, #8]
10008ee8:	0792      	lsls	r2, r2, #30
10008eea:	d500      	bpl.n	10008eee <can2040_pio_irq_handler+0x4e2>
10008eec:	e16b      	b.n	100091c6 <can2040_pio_irq_handler+0x7ba>
10008eee:	2209      	movs	r2, #9
10008ef0:	2120      	movs	r1, #32
10008ef2:	63a2      	str	r2, [r4, #56]	@ 0x38
10008ef4:	2200      	movs	r2, #0
10008ef6:	6321      	str	r1, [r4, #48]	@ 0x30
10008ef8:	6da1      	ldr	r1, [r4, #88]	@ 0x58
10008efa:	62e2      	str	r2, [r4, #44]	@ 0x2c
10008efc:	2900      	cmp	r1, #0
10008efe:	d001      	beq.n	10008f04 <can2040_pio_irq_handler+0x4f8>
10008f00:	65a2      	str	r2, [r4, #88]	@ 0x58
10008f02:	619a      	str	r2, [r3, #24]
10008f04:	4adb      	ldr	r2, [pc, #876]	@ (10009274 <can2040_pio_irq_handler+0x868>)
10008f06:	651a      	str	r2, [r3, #80]	@ 0x50
10008f08:	2296      	movs	r2, #150	@ 0x96
10008f0a:	0052      	lsls	r2, r2, #1
10008f0c:	49da      	ldr	r1, [pc, #872]	@ (10009278 <can2040_pio_irq_handler+0x86c>)
10008f0e:	5099      	str	r1, [r3, r2]
10008f10:	6aa3      	ldr	r3, [r4, #40]	@ 0x28
10008f12:	6a62      	ldr	r2, [r4, #36]	@ 0x24
10008f14:	4698      	mov	r8, r3
10008f16:	6b21      	ldr	r1, [r4, #48]	@ 0x30
10008f18:	e67b      	b.n	10008c12 <can2040_pio_irq_handler+0x206>
10008f1a:	2208      	movs	r2, #8
10008f1c:	6c61      	ldr	r1, [r4, #68]	@ 0x44
10008f1e:	6c23      	ldr	r3, [r4, #64]	@ 0x40
10008f20:	4252      	negs	r2, r2
10008f22:	1a52      	subs	r2, r2, r1
10008f24:	04db      	lsls	r3, r3, #19
10008f26:	0552      	lsls	r2, r2, #21
10008f28:	0adb      	lsrs	r3, r3, #11
10008f2a:	4313      	orrs	r3, r2
10008f2c:	227f      	movs	r2, #127	@ 0x7f
10008f2e:	4313      	orrs	r3, r2
10008f30:	6862      	ldr	r2, [r4, #4]
10008f32:	0020      	movs	r0, r4
10008f34:	6193      	str	r3, [r2, #24]
10008f36:	f7ff fc75 	bl	10008824 <tx_schedule_transmit>
10008f3a:	2296      	movs	r2, #150	@ 0x96
10008f3c:	4bcf      	ldr	r3, [pc, #828]	@ (1000927c <can2040_pio_irq_handler+0x870>)
10008f3e:	6861      	ldr	r1, [r4, #4]
10008f40:	4303      	orrs	r3, r0
10008f42:	0052      	lsls	r2, r2, #1
10008f44:	508b      	str	r3, [r1, r2]
10008f46:	e5b0      	b.n	10008aaa <can2040_pio_irq_handler+0x9e>
10008f48:	6da3      	ldr	r3, [r4, #88]	@ 0x58
10008f4a:	2b00      	cmp	r3, #0
10008f4c:	d100      	bne.n	10008f50 <can2040_pio_irq_handler+0x544>
10008f4e:	e617      	b.n	10008b80 <can2040_pio_irq_handler+0x174>
10008f50:	075b      	lsls	r3, r3, #29
10008f52:	d510      	bpl.n	10008f76 <can2040_pio_irq_handler+0x56a>
10008f54:	6863      	ldr	r3, [r4, #4]
10008f56:	4aca      	ldr	r2, [pc, #808]	@ (10009280 <can2040_pio_irq_handler+0x874>)
10008f58:	651a      	str	r2, [r3, #80]	@ 0x50
10008f5a:	6da3      	ldr	r3, [r4, #88]	@ 0x58
10008f5c:	2b06      	cmp	r3, #6
10008f5e:	d100      	bne.n	10008f62 <can2040_pio_irq_handler+0x556>
10008f60:	e17a      	b.n	10009258 <can2040_pio_irq_handler+0x84c>
10008f62:	0022      	movs	r2, r4
10008f64:	2180      	movs	r1, #128	@ 0x80
10008f66:	6963      	ldr	r3, [r4, #20]
10008f68:	0020      	movs	r0, r4
10008f6a:	3301      	adds	r3, #1
10008f6c:	6163      	str	r3, [r4, #20]
10008f6e:	3248      	adds	r2, #72	@ 0x48
10008f70:	6923      	ldr	r3, [r4, #16]
10008f72:	0349      	lsls	r1, r1, #13
10008f74:	4798      	blx	r3
10008f76:	2300      	movs	r3, #0
10008f78:	6862      	ldr	r2, [r4, #4]
10008f7a:	65a3      	str	r3, [r4, #88]	@ 0x58
10008f7c:	6193      	str	r3, [r2, #24]
10008f7e:	e5ff      	b.n	10008b80 <can2040_pio_irq_handler+0x174>
10008f80:	46b8      	mov	r8, r7
10008f82:	6a62      	ldr	r2, [r4, #36]	@ 0x24
10008f84:	e645      	b.n	10008c12 <can2040_pio_irq_handler+0x206>
10008f86:	6c21      	ldr	r1, [r4, #64]	@ 0x40
10008f88:	0089      	lsls	r1, r1, #2
10008f8a:	430b      	orrs	r3, r1
10008f8c:	2101      	movs	r1, #1
10008f8e:	40b9      	lsls	r1, r7
10008f90:	40bb      	lsls	r3, r7
10008f92:	3901      	subs	r1, #1
10008f94:	400a      	ands	r2, r1
10008f96:	4313      	orrs	r3, r2
10008f98:	6263      	str	r3, [r4, #36]	@ 0x24
10008f9a:	6a23      	ldr	r3, [r4, #32]
10008f9c:	3301      	adds	r3, #1
10008f9e:	6223      	str	r3, [r4, #32]
10008fa0:	6863      	ldr	r3, [r4, #4]
10008fa2:	2700      	movs	r7, #0
10008fa4:	689a      	ldr	r2, [r3, #8]
10008fa6:	0792      	lsls	r2, r2, #30
10008fa8:	d5a1      	bpl.n	10008eee <can2040_pio_irq_handler+0x4e2>
10008faa:	0020      	movs	r0, r4
10008fac:	62a7      	str	r7, [r4, #40]	@ 0x28
10008fae:	6267      	str	r7, [r4, #36]	@ 0x24
10008fb0:	6367      	str	r7, [r4, #52]	@ 0x34
10008fb2:	f7ff fb45 	bl	10008640 <pio_sm_setup>
10008fb6:	2210      	movs	r2, #16
10008fb8:	0039      	movs	r1, r7
10008fba:	a802      	add	r0, sp, #8
10008fbc:	f7f9 f876 	bl	100020ac <__wrap_memset>
10008fc0:	2180      	movs	r1, #128	@ 0x80
10008fc2:	6923      	ldr	r3, [r4, #16]
10008fc4:	0020      	movs	r0, r4
10008fc6:	aa02      	add	r2, sp, #8
10008fc8:	0409      	lsls	r1, r1, #16
10008fca:	4798      	blx	r3
10008fcc:	6863      	ldr	r3, [r4, #4]
10008fce:	e78e      	b.n	10008eee <can2040_pio_irq_handler+0x4e2>
10008fd0:	2204      	movs	r2, #4
10008fd2:	4313      	orrs	r3, r2
10008fd4:	65a3      	str	r3, [r4, #88]	@ 0x58
10008fd6:	e7bd      	b.n	10008f54 <can2040_pio_irq_handler+0x548>
10008fd8:	6a23      	ldr	r3, [r4, #32]
10008fda:	3301      	adds	r3, #1
10008fdc:	6223      	str	r3, [r4, #32]
10008fde:	688b      	ldr	r3, [r1, #8]
10008fe0:	079b      	lsls	r3, r3, #30
10008fe2:	d400      	bmi.n	10008fe6 <can2040_pio_irq_handler+0x5da>
10008fe4:	e600      	b.n	10008be8 <can2040_pio_irq_handler+0x1dc>
10008fe6:	2300      	movs	r3, #0
10008fe8:	0020      	movs	r0, r4
10008fea:	62a3      	str	r3, [r4, #40]	@ 0x28
10008fec:	6263      	str	r3, [r4, #36]	@ 0x24
10008fee:	6363      	str	r3, [r4, #52]	@ 0x34
10008ff0:	f7ff fb26 	bl	10008640 <pio_sm_setup>
10008ff4:	2210      	movs	r2, #16
10008ff6:	2100      	movs	r1, #0
10008ff8:	a802      	add	r0, sp, #8
10008ffa:	f7f9 f857 	bl	100020ac <__wrap_memset>
10008ffe:	2180      	movs	r1, #128	@ 0x80
10009000:	0020      	movs	r0, r4
10009002:	0409      	lsls	r1, r1, #16
10009004:	6923      	ldr	r3, [r4, #16]
10009006:	aa02      	add	r2, sp, #8
10009008:	4798      	blx	r3
1000900a:	6861      	ldr	r1, [r4, #4]
1000900c:	e5ec      	b.n	10008be8 <can2040_pio_irq_handler+0x1dc>
1000900e:	4653      	mov	r3, sl
10009010:	4650      	mov	r0, sl
10009012:	62a3      	str	r3, [r4, #40]	@ 0x28
10009014:	464b      	mov	r3, r9
10009016:	4083      	lsls	r3, r0
10009018:	9801      	ldr	r0, [sp, #4]
1000901a:	4657      	mov	r7, sl
1000901c:	4203      	tst	r3, r0
1000901e:	d100      	bne.n	10009022 <can2040_pio_irq_handler+0x616>
10009020:	e53c      	b.n	10008a9c <can2040_pio_irq_handler+0x90>
10009022:	0017      	movs	r7, r2
10009024:	6ba1      	ldr	r1, [r4, #56]	@ 0x38
10009026:	401f      	ands	r7, r3
10009028:	421a      	tst	r2, r3
1000902a:	d017      	beq.n	1000905c <can2040_pio_irq_handler+0x650>
1000902c:	2909      	cmp	r1, #9
1000902e:	d002      	beq.n	10009036 <can2040_pio_irq_handler+0x62a>
10009030:	2900      	cmp	r1, #0
10009032:	d000      	beq.n	10009036 <can2040_pio_irq_handler+0x62a>
10009034:	e16d      	b.n	10009312 <can2040_pio_irq_handler+0x906>
10009036:	4653      	mov	r3, sl
10009038:	40da      	lsrs	r2, r3
1000903a:	43d3      	mvns	r3, r2
1000903c:	3201      	adds	r2, #1
1000903e:	d100      	bne.n	10009042 <can2040_pio_irq_handler+0x636>
10009040:	e159      	b.n	100092f6 <can2040_pio_irq_handler+0x8ea>
10009042:	059b      	lsls	r3, r3, #22
10009044:	0d9a      	lsrs	r2, r3, #22
10009046:	2b00      	cmp	r3, #0
10009048:	d000      	beq.n	1000904c <can2040_pio_irq_handler+0x640>
1000904a:	e0ce      	b.n	100091ea <can2040_pio_irq_handler+0x7de>
1000904c:	3301      	adds	r3, #1
1000904e:	63a2      	str	r2, [r4, #56]	@ 0x38
10009050:	62e2      	str	r2, [r4, #44]	@ 0x2c
10009052:	46d0      	mov	r8, sl
10009054:	2101      	movs	r1, #1
10009056:	6a62      	ldr	r2, [r4, #36]	@ 0x24
10009058:	6323      	str	r3, [r4, #48]	@ 0x30
1000905a:	e5da      	b.n	10008c12 <can2040_pio_irq_handler+0x206>
1000905c:	2909      	cmp	r1, #9
1000905e:	d100      	bne.n	10009062 <can2040_pio_irq_handler+0x656>
10009060:	e0d8      	b.n	10009214 <can2040_pio_irq_handler+0x808>
10009062:	6a23      	ldr	r3, [r4, #32]
10009064:	3301      	adds	r3, #1
10009066:	6223      	str	r3, [r4, #32]
10009068:	6863      	ldr	r3, [r4, #4]
1000906a:	689a      	ldr	r2, [r3, #8]
1000906c:	0792      	lsls	r2, r2, #30
1000906e:	d400      	bmi.n	10009072 <can2040_pio_irq_handler+0x666>
10009070:	e73d      	b.n	10008eee <can2040_pio_irq_handler+0x4e2>
10009072:	e79a      	b.n	10008faa <can2040_pio_irq_handler+0x59e>
10009074:	0019      	movs	r1, r3
10009076:	4666      	mov	r6, ip
10009078:	0e18      	lsrs	r0, r3, #24
1000907a:	09f6      	lsrs	r6, r6, #7
1000907c:	4046      	eors	r6, r0
1000907e:	20ff      	movs	r0, #255	@ 0xff
10009080:	4a80      	ldr	r2, [pc, #512]	@ (10009284 <can2040_pio_irq_handler+0x878>)
10009082:	4030      	ands	r0, r6
10009084:	0040      	lsls	r0, r0, #1
10009086:	5a10      	ldrh	r0, [r2, r0]
10009088:	4681      	mov	r9, r0
1000908a:	4660      	mov	r0, ip
1000908c:	464e      	mov	r6, r9
1000908e:	0200      	lsls	r0, r0, #8
10009090:	4046      	eors	r6, r0
10009092:	46b4      	mov	ip, r6
10009094:	4666      	mov	r6, ip
10009096:	0c18      	lsrs	r0, r3, #16
10009098:	09f6      	lsrs	r6, r6, #7
1000909a:	4046      	eors	r6, r0
1000909c:	20ff      	movs	r0, #255	@ 0xff
1000909e:	4030      	ands	r0, r6
100090a0:	0040      	lsls	r0, r0, #1
100090a2:	5a10      	ldrh	r0, [r2, r0]
100090a4:	4681      	mov	r9, r0
100090a6:	4660      	mov	r0, ip
100090a8:	464e      	mov	r6, r9
100090aa:	0200      	lsls	r0, r0, #8
100090ac:	4046      	eors	r6, r0
100090ae:	46b4      	mov	ip, r6
100090b0:	4666      	mov	r6, ip
100090b2:	0a18      	lsrs	r0, r3, #8
100090b4:	09f6      	lsrs	r6, r6, #7
100090b6:	4070      	eors	r0, r6
100090b8:	26ff      	movs	r6, #255	@ 0xff
100090ba:	4030      	ands	r0, r6
100090bc:	0040      	lsls	r0, r0, #1
100090be:	5a10      	ldrh	r0, [r2, r0]
100090c0:	46b1      	mov	r9, r6
100090c2:	4682      	mov	sl, r0
100090c4:	4660      	mov	r0, ip
100090c6:	4656      	mov	r6, sl
100090c8:	0200      	lsls	r0, r0, #8
100090ca:	4070      	eors	r0, r6
100090cc:	09c6      	lsrs	r6, r0, #7
100090ce:	4073      	eors	r3, r6
100090d0:	464e      	mov	r6, r9
100090d2:	4033      	ands	r3, r6
100090d4:	005b      	lsls	r3, r3, #1
100090d6:	5ad3      	ldrh	r3, [r2, r3]
100090d8:	0200      	lsls	r0, r0, #8
100090da:	4043      	eors	r3, r0
100090dc:	63e3      	str	r3, [r4, #60]	@ 0x3c
100090de:	4643      	mov	r3, r8
100090e0:	ba09      	rev	r1, r1
100090e2:	6521      	str	r1, [r4, #80]	@ 0x50
100090e4:	2b04      	cmp	r3, #4
100090e6:	d800      	bhi.n	100090ea <can2040_pio_irq_handler+0x6de>
100090e8:	e5dd      	b.n	10008ca6 <can2040_pio_irq_handler+0x29a>
100090ea:	2120      	movs	r1, #32
100090ec:	2b07      	cmp	r3, #7
100090ee:	d802      	bhi.n	100090f6 <can2040_pio_irq_handler+0x6ea>
100090f0:	4641      	mov	r1, r8
100090f2:	3904      	subs	r1, #4
100090f4:	00c9      	lsls	r1, r1, #3
100090f6:	2304      	movs	r3, #4
100090f8:	63a3      	str	r3, [r4, #56]	@ 0x38
100090fa:	2300      	movs	r3, #0
100090fc:	46b8      	mov	r8, r7
100090fe:	6a62      	ldr	r2, [r4, #36]	@ 0x24
10009100:	62e3      	str	r3, [r4, #44]	@ 0x2c
10009102:	6321      	str	r1, [r4, #48]	@ 0x30
10009104:	e585      	b.n	10008c12 <can2040_pio_irq_handler+0x206>
10009106:	0019      	movs	r1, r3
10009108:	0e1f      	lsrs	r7, r3, #24
1000910a:	09c6      	lsrs	r6, r0, #7
1000910c:	407e      	eors	r6, r7
1000910e:	27ff      	movs	r7, #255	@ 0xff
10009110:	4a5c      	ldr	r2, [pc, #368]	@ (10009284 <can2040_pio_irq_handler+0x878>)
10009112:	4037      	ands	r7, r6
10009114:	007f      	lsls	r7, r7, #1
10009116:	5bd7      	ldrh	r7, [r2, r7]
10009118:	0200      	lsls	r0, r0, #8
1000911a:	4078      	eors	r0, r7
1000911c:	0c1f      	lsrs	r7, r3, #16
1000911e:	09c6      	lsrs	r6, r0, #7
10009120:	407e      	eors	r6, r7
10009122:	27ff      	movs	r7, #255	@ 0xff
10009124:	4037      	ands	r7, r6
10009126:	007f      	lsls	r7, r7, #1
10009128:	5bd7      	ldrh	r7, [r2, r7]
1000912a:	0200      	lsls	r0, r0, #8
1000912c:	4078      	eors	r0, r7
1000912e:	0a1f      	lsrs	r7, r3, #8
10009130:	09c6      	lsrs	r6, r0, #7
10009132:	407e      	eors	r6, r7
10009134:	27ff      	movs	r7, #255	@ 0xff
10009136:	4037      	ands	r7, r6
10009138:	007f      	lsls	r7, r7, #1
1000913a:	5bd7      	ldrh	r7, [r2, r7]
1000913c:	0200      	lsls	r0, r0, #8
1000913e:	4078      	eors	r0, r7
10009140:	e5a6      	b.n	10008c90 <can2040_pio_irq_handler+0x284>
10009142:	2180      	movs	r1, #128	@ 0x80
10009144:	0609      	lsls	r1, r1, #24
10009146:	430a      	orrs	r2, r1
10009148:	64a2      	str	r2, [r4, #72]	@ 0x48
1000914a:	2800      	cmp	r0, #0
1000914c:	d100      	bne.n	10009150 <can2040_pio_irq_handler+0x744>
1000914e:	e5aa      	b.n	10008ca6 <can2040_pio_irq_handler+0x29a>
10009150:	220c      	movs	r2, #12
10009152:	2120      	movs	r1, #32
10009154:	421a      	tst	r2, r3
10009156:	d100      	bne.n	1000915a <can2040_pio_irq_handler+0x74e>
10009158:	00c1      	lsls	r1, r0, #3
1000915a:	2303      	movs	r3, #3
1000915c:	e7cc      	b.n	100090f8 <can2040_pio_irq_handler+0x6ec>
1000915e:	64a3      	str	r3, [r4, #72]	@ 0x48
10009160:	2302      	movs	r3, #2
10009162:	63a3      	str	r3, [r4, #56]	@ 0x38
10009164:	2300      	movs	r3, #0
10009166:	62e3      	str	r3, [r4, #44]	@ 0x2c
10009168:	3314      	adds	r3, #20
1000916a:	46b8      	mov	r8, r7
1000916c:	2114      	movs	r1, #20
1000916e:	6a62      	ldr	r2, [r4, #36]	@ 0x24
10009170:	6323      	str	r3, [r4, #48]	@ 0x30
10009172:	e54e      	b.n	10008c12 <can2040_pio_irq_handler+0x206>
10009174:	6da3      	ldr	r3, [r4, #88]	@ 0x58
10009176:	46b8      	mov	r8, r7
10009178:	2b00      	cmp	r3, #0
1000917a:	d01c      	beq.n	100091b6 <can2040_pio_irq_handler+0x7aa>
1000917c:	075b      	lsls	r3, r3, #29
1000917e:	d510      	bpl.n	100091a2 <can2040_pio_irq_handler+0x796>
10009180:	6863      	ldr	r3, [r4, #4]
10009182:	4a3f      	ldr	r2, [pc, #252]	@ (10009280 <can2040_pio_irq_handler+0x874>)
10009184:	651a      	str	r2, [r3, #80]	@ 0x50
10009186:	6da3      	ldr	r3, [r4, #88]	@ 0x58
10009188:	2b06      	cmp	r3, #6
1000918a:	d100      	bne.n	1000918e <can2040_pio_irq_handler+0x782>
1000918c:	e0d4      	b.n	10009338 <can2040_pio_irq_handler+0x92c>
1000918e:	0022      	movs	r2, r4
10009190:	2180      	movs	r1, #128	@ 0x80
10009192:	6963      	ldr	r3, [r4, #20]
10009194:	0020      	movs	r0, r4
10009196:	3301      	adds	r3, #1
10009198:	6163      	str	r3, [r4, #20]
1000919a:	3248      	adds	r2, #72	@ 0x48
1000919c:	6923      	ldr	r3, [r4, #16]
1000919e:	0349      	lsls	r1, r1, #13
100091a0:	4798      	blx	r3
100091a2:	2200      	movs	r2, #0
100091a4:	6863      	ldr	r3, [r4, #4]
100091a6:	65a2      	str	r2, [r4, #88]	@ 0x58
100091a8:	4937      	ldr	r1, [pc, #220]	@ (10009288 <can2040_pio_irq_handler+0x87c>)
100091aa:	619a      	str	r2, [r3, #24]
100091ac:	322d      	adds	r2, #45	@ 0x2d
100091ae:	32ff      	adds	r2, #255	@ 0xff
100091b0:	5099      	str	r1, [r3, r2]
100091b2:	6aa3      	ldr	r3, [r4, #40]	@ 0x28
100091b4:	4698      	mov	r8, r3
100091b6:	2300      	movs	r3, #0
100091b8:	63a3      	str	r3, [r4, #56]	@ 0x38
100091ba:	62e3      	str	r3, [r4, #44]	@ 0x2c
100091bc:	3301      	adds	r3, #1
100091be:	2101      	movs	r1, #1
100091c0:	6a62      	ldr	r2, [r4, #36]	@ 0x24
100091c2:	6323      	str	r3, [r4, #48]	@ 0x30
100091c4:	e525      	b.n	10008c12 <can2040_pio_irq_handler+0x206>
100091c6:	2300      	movs	r3, #0
100091c8:	0020      	movs	r0, r4
100091ca:	62a3      	str	r3, [r4, #40]	@ 0x28
100091cc:	6263      	str	r3, [r4, #36]	@ 0x24
100091ce:	6363      	str	r3, [r4, #52]	@ 0x34
100091d0:	f7ff fa36 	bl	10008640 <pio_sm_setup>
100091d4:	2210      	movs	r2, #16
100091d6:	2100      	movs	r1, #0
100091d8:	e6ef      	b.n	10008fba <can2040_pio_irq_handler+0x5ae>
100091da:	2b17      	cmp	r3, #23
100091dc:	d800      	bhi.n	100091e0 <can2040_pio_irq_handler+0x7d4>
100091de:	e6dc      	b.n	10008f9a <can2040_pio_irq_handler+0x58e>
100091e0:	6da3      	ldr	r3, [r4, #88]	@ 0x58
100091e2:	079a      	lsls	r2, r3, #30
100091e4:	d500      	bpl.n	100091e8 <can2040_pio_irq_handler+0x7dc>
100091e6:	e6d8      	b.n	10008f9a <can2040_pio_irq_handler+0x58e>
100091e8:	e4db      	b.n	10008ba2 <can2040_pio_irq_handler+0x196>
100091ea:	6862      	ldr	r2, [r4, #4]
100091ec:	2700      	movs	r7, #0
100091ee:	6893      	ldr	r3, [r2, #8]
100091f0:	079b      	lsls	r3, r3, #30
100091f2:	d413      	bmi.n	1000921c <can2040_pio_irq_handler+0x810>
100091f4:	2309      	movs	r3, #9
100091f6:	2120      	movs	r1, #32
100091f8:	63a3      	str	r3, [r4, #56]	@ 0x38
100091fa:	2300      	movs	r3, #0
100091fc:	6321      	str	r1, [r4, #48]	@ 0x30
100091fe:	6da1      	ldr	r1, [r4, #88]	@ 0x58
10009200:	62e3      	str	r3, [r4, #44]	@ 0x2c
10009202:	2900      	cmp	r1, #0
10009204:	d001      	beq.n	1000920a <can2040_pio_irq_handler+0x7fe>
10009206:	65a3      	str	r3, [r4, #88]	@ 0x58
10009208:	6193      	str	r3, [r2, #24]
1000920a:	4b1a      	ldr	r3, [pc, #104]	@ (10009274 <can2040_pio_irq_handler+0x868>)
1000920c:	6513      	str	r3, [r2, #80]	@ 0x50
1000920e:	2396      	movs	r3, #150	@ 0x96
10009210:	005b      	lsls	r3, r3, #1
10009212:	e67b      	b.n	10008f0c <can2040_pio_irq_handler+0x500>
10009214:	6862      	ldr	r2, [r4, #4]
10009216:	6893      	ldr	r3, [r2, #8]
10009218:	079b      	lsls	r3, r3, #30
1000921a:	d5eb      	bpl.n	100091f4 <can2040_pio_irq_handler+0x7e8>
1000921c:	0020      	movs	r0, r4
1000921e:	62a7      	str	r7, [r4, #40]	@ 0x28
10009220:	6267      	str	r7, [r4, #36]	@ 0x24
10009222:	6367      	str	r7, [r4, #52]	@ 0x34
10009224:	f7ff fa0c 	bl	10008640 <pio_sm_setup>
10009228:	2210      	movs	r2, #16
1000922a:	0039      	movs	r1, r7
1000922c:	a802      	add	r0, sp, #8
1000922e:	f7f8 ff3d 	bl	100020ac <__wrap_memset>
10009232:	2180      	movs	r1, #128	@ 0x80
10009234:	aa02      	add	r2, sp, #8
10009236:	0020      	movs	r0, r4
10009238:	6923      	ldr	r3, [r4, #16]
1000923a:	0409      	lsls	r1, r1, #16
1000923c:	4798      	blx	r3
1000923e:	6862      	ldr	r2, [r4, #4]
10009240:	e7d8      	b.n	100091f4 <can2040_pio_irq_handler+0x7e8>
10009242:	64a1      	str	r1, [r4, #72]	@ 0x48
10009244:	2a00      	cmp	r2, #0
10009246:	d100      	bne.n	1000924a <can2040_pio_irq_handler+0x83e>
10009248:	e52d      	b.n	10008ca6 <can2040_pio_irq_handler+0x29a>
1000924a:	200c      	movs	r0, #12
1000924c:	2120      	movs	r1, #32
1000924e:	4218      	tst	r0, r3
10009250:	d183      	bne.n	1000915a <can2040_pio_irq_handler+0x74e>
10009252:	2303      	movs	r3, #3
10009254:	00d1      	lsls	r1, r2, #3
10009256:	e74f      	b.n	100090f8 <can2040_pio_irq_handler+0x6ec>
10009258:	6e23      	ldr	r3, [r4, #96]	@ 0x60
1000925a:	3301      	adds	r3, #1
1000925c:	2180      	movs	r1, #128	@ 0x80
1000925e:	0022      	movs	r2, r4
10009260:	6623      	str	r3, [r4, #96]	@ 0x60
10009262:	69a3      	ldr	r3, [r4, #24]
10009264:	0020      	movs	r0, r4
10009266:	3301      	adds	r3, #1
10009268:	61a3      	str	r3, [r4, #24]
1000926a:	3248      	adds	r2, #72	@ 0x48
1000926c:	6923      	ldr	r3, [r4, #16]
1000926e:	0389      	lsls	r1, r1, #14
10009270:	4798      	blx	r3
10009272:	e680      	b.n	10008f76 <can2040_pio_irq_handler+0x56a>
10009274:	0000a127 	.word	0x0000a127
10009278:	00000302 	.word	0x00000302
1000927c:	00000502 	.word	0x00000502
10009280:	0000e12a 	.word	0x0000e12a
10009284:	10009ce8 	.word	0x10009ce8
10009288:	00000202 	.word	0x00000202
1000928c:	4a31      	ldr	r2, [pc, #196]	@ (10009354 <can2040_pio_irq_handler+0x948>)
1000928e:	0419      	lsls	r1, r3, #16
10009290:	e70e      	b.n	100090b0 <can2040_pio_irq_handler+0x6a4>
10009292:	4a30      	ldr	r2, [pc, #192]	@ (10009354 <can2040_pio_irq_handler+0x948>)
10009294:	0219      	lsls	r1, r3, #8
10009296:	e6fd      	b.n	10009094 <can2040_pio_irq_handler+0x688>
10009298:	4a2e      	ldr	r2, [pc, #184]	@ (10009354 <can2040_pio_irq_handler+0x948>)
1000929a:	0419      	lsls	r1, r3, #16
1000929c:	e747      	b.n	1000912e <can2040_pio_irq_handler+0x722>
1000929e:	4a2d      	ldr	r2, [pc, #180]	@ (10009354 <can2040_pio_irq_handler+0x948>)
100092a0:	0219      	lsls	r1, r3, #8
100092a2:	e73b      	b.n	1000911c <can2040_pio_irq_handler+0x710>
100092a4:	6c60      	ldr	r0, [r4, #68]	@ 0x44
100092a6:	6c25      	ldr	r5, [r4, #64]	@ 0x40
100092a8:	4240      	negs	r0, r0
100092aa:	02ed      	lsls	r5, r5, #11
100092ac:	0aed      	lsrs	r5, r5, #11
100092ae:	0540      	lsls	r0, r0, #21
100092b0:	4328      	orrs	r0, r5
100092b2:	2502      	movs	r5, #2
100092b4:	65e5      	str	r5, [r4, #92]	@ 0x5c
100092b6:	2407      	movs	r4, #7
100092b8:	601c      	str	r4, [r3, #0]
100092ba:	3480      	adds	r4, #128	@ 0x80
100092bc:	601c      	str	r4, [r3, #0]
100092be:	3c7b      	subs	r4, #123	@ 0x7b
100092c0:	631c      	str	r4, [r3, #48]	@ 0x30
100092c2:	001c      	movs	r4, r3
100092c4:	3411      	adds	r4, #17
100092c6:	34ff      	adds	r4, #255	@ 0xff
100092c8:	60a1      	str	r1, [r4, #8]
100092ca:	4923      	ldr	r1, [pc, #140]	@ (10009358 <can2040_pio_irq_handler+0x94c>)
100092cc:	4d23      	ldr	r5, [pc, #140]	@ (1000935c <can2040_pio_irq_handler+0x950>)
100092ce:	60a1      	str	r1, [r4, #8]
100092d0:	21ac      	movs	r1, #172	@ 0xac
100092d2:	505d      	str	r5, [r3, r1]
100092d4:	4922      	ldr	r1, [pc, #136]	@ (10009360 <can2040_pio_irq_handler+0x954>)
100092d6:	61d9      	str	r1, [r3, #28]
100092d8:	4922      	ldr	r1, [pc, #136]	@ (10009364 <can2040_pio_irq_handler+0x958>)
100092da:	6121      	str	r1, [r4, #16]
100092dc:	4922      	ldr	r1, [pc, #136]	@ (10009368 <can2040_pio_irq_handler+0x95c>)
100092de:	6121      	str	r1, [r4, #16]
100092e0:	211b      	movs	r1, #27
100092e2:	6121      	str	r1, [r4, #16]
100092e4:	4921      	ldr	r1, [pc, #132]	@ (1000936c <can2040_pio_irq_handler+0x960>)
100092e6:	6121      	str	r1, [r4, #16]
100092e8:	210f      	movs	r1, #15
100092ea:	6019      	str	r1, [r3, #0]
100092ec:	4920      	ldr	r1, [pc, #128]	@ (10009370 <can2040_pio_irq_handler+0x964>)
100092ee:	6198      	str	r0, [r3, #24]
100092f0:	5099      	str	r1, [r3, r2]
100092f2:	f7ff fbda 	bl	10008aaa <can2040_pio_irq_handler+0x9e>
100092f6:	0020      	movs	r0, r4
100092f8:	62a3      	str	r3, [r4, #40]	@ 0x28
100092fa:	6263      	str	r3, [r4, #36]	@ 0x24
100092fc:	6363      	str	r3, [r4, #52]	@ 0x34
100092fe:	f7ff f99f 	bl	10008640 <pio_sm_setup>
10009302:	0020      	movs	r0, r4
10009304:	f7ff fa5c 	bl	100087c0 <data_state_go_discard>
10009308:	6aa3      	ldr	r3, [r4, #40]	@ 0x28
1000930a:	6a62      	ldr	r2, [r4, #36]	@ 0x24
1000930c:	4698      	mov	r8, r3
1000930e:	6b21      	ldr	r1, [r4, #48]	@ 0x30
10009310:	e47f      	b.n	10008c12 <can2040_pio_irq_handler+0x206>
10009312:	6a23      	ldr	r3, [r4, #32]
10009314:	3301      	adds	r3, #1
10009316:	6223      	str	r3, [r4, #32]
10009318:	e7f3      	b.n	10009302 <can2040_pio_irq_handler+0x8f6>
1000931a:	6e23      	ldr	r3, [r4, #96]	@ 0x60
1000931c:	3301      	adds	r3, #1
1000931e:	2180      	movs	r1, #128	@ 0x80
10009320:	0022      	movs	r2, r4
10009322:	6623      	str	r3, [r4, #96]	@ 0x60
10009324:	69a3      	ldr	r3, [r4, #24]
10009326:	3248      	adds	r2, #72	@ 0x48
10009328:	3301      	adds	r3, #1
1000932a:	61a3      	str	r3, [r4, #24]
1000932c:	0020      	movs	r0, r4
1000932e:	6923      	ldr	r3, [r4, #16]
10009330:	0389      	lsls	r1, r1, #14
10009332:	4798      	blx	r3
10009334:	6862      	ldr	r2, [r4, #4]
10009336:	e44b      	b.n	10008bd0 <can2040_pio_irq_handler+0x1c4>
10009338:	6e23      	ldr	r3, [r4, #96]	@ 0x60
1000933a:	3301      	adds	r3, #1
1000933c:	2180      	movs	r1, #128	@ 0x80
1000933e:	0022      	movs	r2, r4
10009340:	6623      	str	r3, [r4, #96]	@ 0x60
10009342:	69a3      	ldr	r3, [r4, #24]
10009344:	0020      	movs	r0, r4
10009346:	3301      	adds	r3, #1
10009348:	61a3      	str	r3, [r4, #24]
1000934a:	3248      	adds	r2, #72	@ 0x48
1000934c:	6923      	ldr	r3, [r4, #16]
1000934e:	0389      	lsls	r1, r1, #14
10009350:	4798      	blx	r3
10009352:	e726      	b.n	100091a2 <can2040_pio_irq_handler+0x796>
10009354:	10009ce8 	.word	0x10009ce8
10009358:	40020000 	.word	0x40020000
1000935c:	0000c023 	.word	0x0000c023
10009360:	7fffffff 	.word	0x7fffffff
10009364:	0000e001 	.word	0x0000e001
10009368:	00006021 	.word	0x00006021
1000936c:	000020c2 	.word	0x000020c2
10009370:	00000902 	.word	0x00000902

10009374 <can2040_setup>:
10009374:	228c      	movs	r2, #140	@ 0x8c
10009376:	b570      	push	{r4, r5, r6, lr}
10009378:	000c      	movs	r4, r1
1000937a:	0052      	lsls	r2, r2, #1
1000937c:	2100      	movs	r1, #0
1000937e:	0005      	movs	r5, r0
10009380:	f7f8 fe94 	bl	100020ac <__wrap_memset>
10009384:	0023      	movs	r3, r4
10009386:	1e5a      	subs	r2, r3, #1
10009388:	4193      	sbcs	r3, r2
1000938a:	602b      	str	r3, [r5, #0]
1000938c:	4263      	negs	r3, r4
1000938e:	415c      	adcs	r4, r3
10009390:	4a03      	ldr	r2, [pc, #12]	@ (100093a0 <can2040_setup+0x2c>)
10009392:	4263      	negs	r3, r4
10009394:	4694      	mov	ip, r2
10009396:	0d1b      	lsrs	r3, r3, #20
10009398:	051b      	lsls	r3, r3, #20
1000939a:	4463      	add	r3, ip
1000939c:	606b      	str	r3, [r5, #4]
1000939e:	bd70      	pop	{r4, r5, r6, pc}
100093a0:	50300000 	.word	0x50300000

100093a4 <can2040_callback_config>:
100093a4:	6101      	str	r1, [r0, #16]
100093a6:	4770      	bx	lr

100093a8 <can2040_start>:
100093a8:	b570      	push	{r4, r5, r6, lr}
100093aa:	0004      	movs	r4, r0
100093ac:	b084      	sub	sp, #16
100093ae:	60a3      	str	r3, [r4, #8]
100093b0:	9b08      	ldr	r3, [sp, #32]
100093b2:	0008      	movs	r0, r1
100093b4:	60e3      	str	r3, [r4, #12]
100093b6:	2300      	movs	r3, #0
100093b8:	62a3      	str	r3, [r4, #40]	@ 0x28
100093ba:	6263      	str	r3, [r4, #36]	@ 0x24
100093bc:	6363      	str	r3, [r4, #52]	@ 0x34
100093be:	6823      	ldr	r3, [r4, #0]
100093c0:	0011      	movs	r1, r2
100093c2:	425a      	negs	r2, r3
100093c4:	4153      	adcs	r3, r2
100093c6:	2280      	movs	r2, #128	@ 0x80
100093c8:	0112      	lsls	r2, r2, #4
100093ca:	4694      	mov	ip, r2
100093cc:	4e30      	ldr	r6, [pc, #192]	@ (10009490 <can2040_start+0xe8>)
100093ce:	425b      	negs	r3, r3
100093d0:	0a9b      	lsrs	r3, r3, #10
100093d2:	029b      	lsls	r3, r3, #10
100093d4:	6832      	ldr	r2, [r6, #0]
100093d6:	4463      	add	r3, ip
100093d8:	4213      	tst	r3, r2
100093da:	d004      	beq.n	100093e6 <can2040_start+0x3e>
100093dc:	4a2d      	ldr	r2, [pc, #180]	@ (10009494 <can2040_start+0xec>)
100093de:	6013      	str	r3, [r2, #0]
100093e0:	68b5      	ldr	r5, [r6, #8]
100093e2:	421d      	tst	r5, r3
100093e4:	d0fc      	beq.n	100093e0 <can2040_start+0x38>
100093e6:	00c0      	lsls	r0, r0, #3
100093e8:	f7f8 fa90 	bl	1000190c <__wrap___aeabi_uidiv>
100093ec:	23c8      	movs	r3, #200	@ 0xc8
100093ee:	6865      	ldr	r5, [r4, #4]
100093f0:	0200      	lsls	r0, r0, #8
100093f2:	50e8      	str	r0, [r5, r3]
100093f4:	3318      	adds	r3, #24
100093f6:	50e8      	str	r0, [r5, r3]
100093f8:	3318      	adds	r3, #24
100093fa:	50e8      	str	r0, [r5, r3]
100093fc:	3318      	adds	r3, #24
100093fe:	50e8      	str	r0, [r5, r3]
10009400:	0020      	movs	r0, r4
10009402:	f7ff f91d 	bl	10008640 <pio_sm_setup>
10009406:	4824      	ldr	r0, [pc, #144]	@ (10009498 <can2040_start+0xf0>)
10009408:	68a3      	ldr	r3, [r4, #8]
1000940a:	4684      	mov	ip, r0
1000940c:	2068      	movs	r0, #104	@ 0x68
1000940e:	0099      	lsls	r1, r3, #2
10009410:	4461      	add	r1, ip
10009412:	6822      	ldr	r2, [r4, #0]
10009414:	6048      	str	r0, [r1, #4]
10009416:	4921      	ldr	r1, [pc, #132]	@ (1000949c <can2040_start+0xf4>)
10009418:	481f      	ldr	r0, [pc, #124]	@ (10009498 <can2040_start+0xf0>)
1000941a:	468c      	mov	ip, r1
1000941c:	00db      	lsls	r3, r3, #3
1000941e:	4463      	add	r3, ip
10009420:	4684      	mov	ip, r0
10009422:	2060      	movs	r0, #96	@ 0x60
10009424:	3206      	adds	r2, #6
10009426:	605a      	str	r2, [r3, #4]
10009428:	68e3      	ldr	r3, [r4, #12]
1000942a:	0099      	lsls	r1, r3, #2
1000942c:	4461      	add	r1, ip
1000942e:	6048      	str	r0, [r1, #4]
10009430:	491a      	ldr	r1, [pc, #104]	@ (1000949c <can2040_start+0xf4>)
10009432:	00db      	lsls	r3, r3, #3
10009434:	468c      	mov	ip, r1
10009436:	4463      	add	r3, ip
10009438:	605a      	str	r2, [r3, #4]
1000943a:	68ab      	ldr	r3, [r5, #8]
1000943c:	079b      	lsls	r3, r3, #30
1000943e:	d412      	bmi.n	10009466 <can2040_start+0xbe>
10009440:	2309      	movs	r3, #9
10009442:	2220      	movs	r2, #32
10009444:	63a3      	str	r3, [r4, #56]	@ 0x38
10009446:	2300      	movs	r3, #0
10009448:	6322      	str	r2, [r4, #48]	@ 0x30
1000944a:	6da2      	ldr	r2, [r4, #88]	@ 0x58
1000944c:	62e3      	str	r3, [r4, #44]	@ 0x2c
1000944e:	2a00      	cmp	r2, #0
10009450:	d001      	beq.n	10009456 <can2040_start+0xae>
10009452:	65a3      	str	r3, [r4, #88]	@ 0x58
10009454:	61ab      	str	r3, [r5, #24]
10009456:	4b12      	ldr	r3, [pc, #72]	@ (100094a0 <can2040_start+0xf8>)
10009458:	4a12      	ldr	r2, [pc, #72]	@ (100094a4 <can2040_start+0xfc>)
1000945a:	652b      	str	r3, [r5, #80]	@ 0x50
1000945c:	2396      	movs	r3, #150	@ 0x96
1000945e:	005b      	lsls	r3, r3, #1
10009460:	50ea      	str	r2, [r5, r3]
10009462:	b004      	add	sp, #16
10009464:	bd70      	pop	{r4, r5, r6, pc}
10009466:	2300      	movs	r3, #0
10009468:	0020      	movs	r0, r4
1000946a:	62a3      	str	r3, [r4, #40]	@ 0x28
1000946c:	6263      	str	r3, [r4, #36]	@ 0x24
1000946e:	6363      	str	r3, [r4, #52]	@ 0x34
10009470:	f7ff f8e6 	bl	10008640 <pio_sm_setup>
10009474:	2210      	movs	r2, #16
10009476:	2100      	movs	r1, #0
10009478:	4668      	mov	r0, sp
1000947a:	f7f8 fe17 	bl	100020ac <__wrap_memset>
1000947e:	2180      	movs	r1, #128	@ 0x80
10009480:	466a      	mov	r2, sp
10009482:	0020      	movs	r0, r4
10009484:	6923      	ldr	r3, [r4, #16]
10009486:	0409      	lsls	r1, r1, #16
10009488:	4798      	blx	r3
1000948a:	6865      	ldr	r5, [r4, #4]
1000948c:	e7d8      	b.n	10009440 <can2040_start+0x98>
1000948e:	46c0      	nop			@ (mov r8, r8)
10009490:	4000c000 	.word	0x4000c000
10009494:	4000f000 	.word	0x4000f000
10009498:	4001c000 	.word	0x4001c000
1000949c:	40014000 	.word	0x40014000
100094a0:	0000a127 	.word	0x0000a127
100094a4:	00000302 	.word	0x00000302

100094a8 <strlen>:
100094a8:	b510      	push	{r4, lr}
100094aa:	0783      	lsls	r3, r0, #30
100094ac:	d00a      	beq.n	100094c4 <strlen+0x1c>
100094ae:	0003      	movs	r3, r0
100094b0:	2103      	movs	r1, #3
100094b2:	e002      	b.n	100094ba <strlen+0x12>
100094b4:	3301      	adds	r3, #1
100094b6:	420b      	tst	r3, r1
100094b8:	d005      	beq.n	100094c6 <strlen+0x1e>
100094ba:	781a      	ldrb	r2, [r3, #0]
100094bc:	2a00      	cmp	r2, #0
100094be:	d1f9      	bne.n	100094b4 <strlen+0xc>
100094c0:	1a18      	subs	r0, r3, r0
100094c2:	bd10      	pop	{r4, pc}
100094c4:	0003      	movs	r3, r0
100094c6:	6819      	ldr	r1, [r3, #0]
100094c8:	4a0c      	ldr	r2, [pc, #48]	@ (100094fc <strlen+0x54>)
100094ca:	4c0d      	ldr	r4, [pc, #52]	@ (10009500 <strlen+0x58>)
100094cc:	188a      	adds	r2, r1, r2
100094ce:	438a      	bics	r2, r1
100094d0:	4222      	tst	r2, r4
100094d2:	d10f      	bne.n	100094f4 <strlen+0x4c>
100094d4:	6859      	ldr	r1, [r3, #4]
100094d6:	4a09      	ldr	r2, [pc, #36]	@ (100094fc <strlen+0x54>)
100094d8:	3304      	adds	r3, #4
100094da:	188a      	adds	r2, r1, r2
100094dc:	438a      	bics	r2, r1
100094de:	4222      	tst	r2, r4
100094e0:	d108      	bne.n	100094f4 <strlen+0x4c>
100094e2:	6859      	ldr	r1, [r3, #4]
100094e4:	4a05      	ldr	r2, [pc, #20]	@ (100094fc <strlen+0x54>)
100094e6:	3304      	adds	r3, #4
100094e8:	188a      	adds	r2, r1, r2
100094ea:	438a      	bics	r2, r1
100094ec:	4222      	tst	r2, r4
100094ee:	d0f1      	beq.n	100094d4 <strlen+0x2c>
100094f0:	e000      	b.n	100094f4 <strlen+0x4c>
100094f2:	3301      	adds	r3, #1
100094f4:	781a      	ldrb	r2, [r3, #0]
100094f6:	2a00      	cmp	r2, #0
100094f8:	d1fb      	bne.n	100094f2 <strlen+0x4a>
100094fa:	e7e1      	b.n	100094c0 <strlen+0x18>
100094fc:	fefefeff 	.word	0xfefefeff
10009500:	80808080 	.word	0x80808080

10009504 <_fini>:
10009504:	b5f8      	push	{r3, r4, r5, r6, r7, lr}
10009506:	46c0      	nop			@ (mov r8, r8)

10009508 <__flash_do_cmd_veneer>:
10009508:	b401      	push	{r0}
1000950a:	4802      	ldr	r0, [pc, #8]	@ (10009514 <__flash_do_cmd_veneer+0xc>)
1000950c:	4684      	mov	ip, r0
1000950e:	bc01      	pop	{r0}
10009510:	4760      	bx	ip
10009512:	bf00      	nop
10009514:	200002e9 	.word	0x200002e9

10009518 <__mutex_exit_veneer>:
10009518:	b401      	push	{r0}
1000951a:	4802      	ldr	r0, [pc, #8]	@ (10009524 <__mutex_exit_veneer+0xc>)
1000951c:	4684      	mov	ip, r0
1000951e:	bc01      	pop	{r0}
10009520:	4760      	bx	ip
10009522:	bf00      	nop
10009524:	20000215 	.word	0x20000215

10009528 <____aeabi_ldiv0_veneer>:
10009528:	b401      	push	{r0}
1000952a:	4802      	ldr	r0, [pc, #8]	@ (10009534 <____aeabi_ldiv0_veneer+0xc>)
1000952c:	4684      	mov	ip, r0
1000952e:	bc01      	pop	{r0}
10009530:	4760      	bx	ip
10009532:	bf00      	nop
10009534:	20000f45 	.word	0x20000f45

10009538 <__e15_is_bulkin_ep_veneer>:
10009538:	b401      	push	{r0}
1000953a:	4802      	ldr	r0, [pc, #8]	@ (10009544 <__e15_is_bulkin_ep_veneer+0xc>)
1000953c:	4684      	mov	ip, r0
1000953e:	bc01      	pop	{r0}
10009540:	4760      	bx	ip
10009542:	bf00      	nop
10009544:	20000c01 	.word	0x20000c01

10009548 <__e15_is_critical_frame_period_veneer>:
10009548:	b401      	push	{r0}
1000954a:	4802      	ldr	r0, [pc, #8]	@ (10009554 <__e15_is_critical_frame_period_veneer+0xc>)
1000954c:	4684      	mov	ip, r0
1000954e:	bc01      	pop	{r0}
10009550:	4760      	bx	ip
10009552:	bf00      	nop
10009554:	20000c29 	.word	0x20000c29

10009558 <____aeabi_idiv0_veneer>:
10009558:	b401      	push	{r0}
1000955a:	4802      	ldr	r0, [pc, #8]	@ (10009564 <____aeabi_idiv0_veneer+0xc>)
1000955c:	4684      	mov	ip, r0
1000955e:	bc01      	pop	{r0}
10009560:	4760      	bx	ip
10009562:	bf00      	nop
10009564:	20000f45 	.word	0x20000f45

10009568 <__mutex_try_enter_veneer>:
10009568:	b401      	push	{r0}
1000956a:	4802      	ldr	r0, [pc, #8]	@ (10009574 <__mutex_try_enter_veneer+0xc>)
1000956c:	4684      	mov	ip, r0
1000956e:	bc01      	pop	{r0}
10009570:	4760      	bx	ip
10009572:	bf00      	nop
10009574:	200000c1 	.word	0x200000c1

10009578 <__mutex_enter_timeout_ms_veneer>:
10009578:	b401      	push	{r0}
1000957a:	4802      	ldr	r0, [pc, #8]	@ (10009584 <__mutex_enter_timeout_ms_veneer+0xc>)
1000957c:	4684      	mov	ip, r0
1000957e:	bc01      	pop	{r0}
10009580:	4760      	bx	ip
10009582:	bf00      	nop
10009584:	200001a1 	.word	0x200001a1

10009588 <__mutex_try_enter_block_until_veneer>:
10009588:	b401      	push	{r0}
1000958a:	4802      	ldr	r0, [pc, #8]	@ (10009594 <__mutex_try_enter_block_until_veneer+0xc>)
1000958c:	4684      	mov	ip, r0
1000958e:	bc01      	pop	{r0}
10009590:	4760      	bx	ip
10009592:	bf00      	nop
10009594:	20000101 	.word	0x20000101

10009598 <__hw_endpoint_start_next_buffer_veneer>:
10009598:	b401      	push	{r0}
1000959a:	4802      	ldr	r0, [pc, #8]	@ (100095a4 <__hw_endpoint_start_next_buffer_veneer+0xc>)
1000959c:	4684      	mov	ip, r0
1000959e:	bc01      	pop	{r0}
100095a0:	4760      	bx	ip
100095a2:	bf00      	nop
100095a4:	20000cb9 	.word	0x20000cb9

100095a8 <__reset_non_control_endpoints_veneer>:
100095a8:	b401      	push	{r0}
100095aa:	4802      	ldr	r0, [pc, #8]	@ (100095b4 <__reset_non_control_endpoints_veneer+0xc>)
100095ac:	4684      	mov	ip, r0
100095ae:	bc01      	pop	{r0}
100095b0:	4760      	bx	ip
100095b2:	bf00      	nop
100095b4:	20000425 	.word	0x20000425

100095b8 <___hw_endpoint_buffer_control_update32_veneer>:
100095b8:	b401      	push	{r0}
100095ba:	4802      	ldr	r0, [pc, #8]	@ (100095c4 <___hw_endpoint_buffer_control_update32_veneer+0xc>)
100095bc:	4684      	mov	ip, r0
100095be:	bc01      	pop	{r0}
100095c0:	4760      	bx	ip
100095c2:	bf00      	nop
100095c4:	20000c69 	.word	0x20000c69

100095c8 <__pre_init_runtime_init_early_resets>:
100095c8:	1000169d                                ....

100095cc <__pre_init_runtime_init_usb_power_down>:
100095cc:	100016c9 100018ad 1000209d 10001f35     ......... ..5...
100095dc:	10002041                                A ..

100095e0 <__pre_init_runtime_init_clocks>:
100095e0:	100017d5                                ....

100095e4 <__pre_init_runtime_init_post_clock_resets>:
100095e4:	100016e5                                ....

100095e8 <__pre_init_runtime_init_rp2040_gpio_ie_disable>:
100095e8:	10001705                                ....

100095ec <__pre_init_runtime_init_spin_locks_reset>:
100095ec:	10001719                                ....

100095f0 <__pre_init_runtime_init_mutex>:
100095f0:	1000096d                                m...

100095f4 <__pre_init_runtime_init_install_ram_vector_table>:
100095f4:	10001721                                !...

100095f8 <__pre_init_runtime_init_default_alarm_pool>:
100095f8:	10000d29                                )...

100095fc <__pre_init_first_per_core_initializer>:
100095fc:	10001665                                e...

10009600 <__pre_init_runtime_init_per_core_irq_priorities>:
10009600:	10000579                                y...

10009604 <__init_array_start>:
10009604:	100043a1 	.word	0x100043a1

10009608 <__frame_dummy_init_array_entry>:
10009608:	100002b1 10006c41                       ....Al..

Disassembly of section .data:

200000c0 <mutex_try_enter>:
200000c0:	b570      	push	{r4, r5, r6, lr}
200000c2:	6802      	ldr	r2, [r0, #0]
200000c4:	0004      	movs	r4, r0
200000c6:	f3ef 8510 	mrs	r5, PRIMASK
200000ca:	b672      	cpsid	i
200000cc:	6813      	ldr	r3, [r2, #0]
200000ce:	2b00      	cmp	r3, #0
200000d0:	d0fc      	beq.n	200000cc <mutex_try_enter+0xc>
200000d2:	f3bf 8f5f 	dmb	sy
200000d6:	6863      	ldr	r3, [r4, #4]
200000d8:	1c5a      	adds	r2, r3, #1
200000da:	d00b      	beq.n	200000f4 <mutex_try_enter+0x34>
200000dc:	2900      	cmp	r1, #0
200000de:	d000      	beq.n	200000e2 <mutex_try_enter+0x22>
200000e0:	600b      	str	r3, [r1, #0]
200000e2:	2000      	movs	r0, #0
200000e4:	6823      	ldr	r3, [r4, #0]
200000e6:	f3bf 8f5f 	dmb	sy
200000ea:	2200      	movs	r2, #0
200000ec:	601a      	str	r2, [r3, #0]
200000ee:	f385 8810 	msr	PRIMASK, r5
200000f2:	bd70      	pop	{r4, r5, r6, pc}
200000f4:	f000 ff30 	bl	20000f58 <__ulPortLockGetCurrentOwnerId_veneer>
200000f8:	6060      	str	r0, [r4, #4]
200000fa:	2001      	movs	r0, #1
200000fc:	e7f2      	b.n	200000e4 <mutex_try_enter+0x24>
200000fe:	46c0      	nop			@ (mov r8, r8)

20000100 <mutex_try_enter_block_until>:
20000100:	b5f0      	push	{r4, r5, r6, r7, lr}
20000102:	46c6      	mov	lr, r8
20000104:	0016      	movs	r6, r2
20000106:	b500      	push	{lr}
20000108:	0004      	movs	r4, r0
2000010a:	001f      	movs	r7, r3
2000010c:	6802      	ldr	r2, [r0, #0]
2000010e:	f3ef 8810 	mrs	r8, PRIMASK
20000112:	b672      	cpsid	i
20000114:	6813      	ldr	r3, [r2, #0]
20000116:	2b00      	cmp	r3, #0
20000118:	d0fc      	beq.n	20000114 <mutex_try_enter_block_until+0x14>
2000011a:	f3bf 8f5f 	dmb	sy
2000011e:	6865      	ldr	r5, [r4, #4]
20000120:	1c6b      	adds	r3, r5, #1
20000122:	d00e      	beq.n	20000142 <mutex_try_enter_block_until+0x42>
20000124:	6823      	ldr	r3, [r4, #0]
20000126:	f3bf 8f5f 	dmb	sy
2000012a:	2200      	movs	r2, #0
2000012c:	601a      	str	r2, [r3, #0]
2000012e:	f388 8810 	msr	PRIMASK, r8
20000132:	f000 ff11 	bl	20000f58 <__ulPortLockGetCurrentOwnerId_veneer>
20000136:	42a8      	cmp	r0, r5
20000138:	d10f      	bne.n	2000015a <mutex_try_enter_block_until+0x5a>
2000013a:	2000      	movs	r0, #0
2000013c:	bc80      	pop	{r7}
2000013e:	46b8      	mov	r8, r7
20000140:	bdf0      	pop	{r4, r5, r6, r7, pc}
20000142:	f000 ff09 	bl	20000f58 <__ulPortLockGetCurrentOwnerId_veneer>
20000146:	6823      	ldr	r3, [r4, #0]
20000148:	6060      	str	r0, [r4, #4]
2000014a:	f3bf 8f5f 	dmb	sy
2000014e:	2200      	movs	r2, #0
20000150:	601a      	str	r2, [r3, #0]
20000152:	f388 8810 	msr	PRIMASK, r8
20000156:	2001      	movs	r0, #1
20000158:	e7f0      	b.n	2000013c <mutex_try_enter_block_until+0x3c>
2000015a:	f000 fefd 	bl	20000f58 <__ulPortLockGetCurrentOwnerId_veneer>
2000015e:	4680      	mov	r8, r0
20000160:	e006      	b.n	20000170 <mutex_try_enter_block_until+0x70>
20000162:	0032      	movs	r2, r6
20000164:	003b      	movs	r3, r7
20000166:	0020      	movs	r0, r4
20000168:	f000 ff06 	bl	20000f78 <__xPortLockInternalSpinUnlockWithBestEffortWaitOrTimeout_veneer>
2000016c:	2800      	cmp	r0, #0
2000016e:	d1e4      	bne.n	2000013a <mutex_try_enter_block_until+0x3a>
20000170:	6822      	ldr	r2, [r4, #0]
20000172:	f3ef 8110 	mrs	r1, PRIMASK
20000176:	b672      	cpsid	i
20000178:	6813      	ldr	r3, [r2, #0]
2000017a:	2b00      	cmp	r3, #0
2000017c:	d0fc      	beq.n	20000178 <mutex_try_enter_block_until+0x78>
2000017e:	f3bf 8f5f 	dmb	sy
20000182:	6865      	ldr	r5, [r4, #4]
20000184:	3501      	adds	r5, #1
20000186:	d1ec      	bne.n	20000162 <mutex_try_enter_block_until+0x62>
20000188:	4643      	mov	r3, r8
2000018a:	6063      	str	r3, [r4, #4]
2000018c:	6823      	ldr	r3, [r4, #0]
2000018e:	f3bf 8f5f 	dmb	sy
20000192:	2200      	movs	r2, #0
20000194:	601a      	str	r2, [r3, #0]
20000196:	f381 8810 	msr	PRIMASK, r1
2000019a:	2001      	movs	r0, #1
2000019c:	e7ce      	b.n	2000013c <mutex_try_enter_block_until+0x3c>
2000019e:	46c0      	nop			@ (mov r8, r8)

200001a0 <mutex_enter_timeout_ms>:
200001a0:	b5f8      	push	{r3, r4, r5, r6, r7, lr}
200001a2:	000d      	movs	r5, r1
200001a4:	0004      	movs	r4, r0
200001a6:	f000 ff07 	bl	20000fb8 <__time_us_64_veneer>
200001aa:	22fa      	movs	r2, #250	@ 0xfa
200001ac:	0006      	movs	r6, r0
200001ae:	000f      	movs	r7, r1
200001b0:	2300      	movs	r3, #0
200001b2:	0028      	movs	r0, r5
200001b4:	2100      	movs	r1, #0
200001b6:	0092      	lsls	r2, r2, #2
200001b8:	f000 fec6 	bl	20000f48 <____wrap___aeabi_lmul_veneer>
200001bc:	1836      	adds	r6, r6, r0
200001be:	414f      	adcs	r7, r1
200001c0:	2f00      	cmp	r7, #0
200001c2:	da02      	bge.n	200001ca <mutex_enter_timeout_ms+0x2a>
200001c4:	2601      	movs	r6, #1
200001c6:	4f12      	ldr	r7, [pc, #72]	@ (20000210 <mutex_enter_timeout_ms+0x70>)
200001c8:	4276      	negs	r6, r6
200001ca:	f000 fec5 	bl	20000f58 <__ulPortLockGetCurrentOwnerId_veneer>
200001ce:	0005      	movs	r5, r0
200001d0:	e006      	b.n	200001e0 <mutex_enter_timeout_ms+0x40>
200001d2:	0032      	movs	r2, r6
200001d4:	003b      	movs	r3, r7
200001d6:	0020      	movs	r0, r4
200001d8:	f000 fece 	bl	20000f78 <__xPortLockInternalSpinUnlockWithBestEffortWaitOrTimeout_veneer>
200001dc:	2800      	cmp	r0, #0
200001de:	d115      	bne.n	2000020c <mutex_enter_timeout_ms+0x6c>
200001e0:	6822      	ldr	r2, [r4, #0]
200001e2:	f3ef 8110 	mrs	r1, PRIMASK
200001e6:	b672      	cpsid	i
200001e8:	6813      	ldr	r3, [r2, #0]
200001ea:	2b00      	cmp	r3, #0
200001ec:	d0fc      	beq.n	200001e8 <mutex_enter_timeout_ms+0x48>
200001ee:	f3bf 8f5f 	dmb	sy
200001f2:	6863      	ldr	r3, [r4, #4]
200001f4:	3301      	adds	r3, #1
200001f6:	d1ec      	bne.n	200001d2 <mutex_enter_timeout_ms+0x32>
200001f8:	6065      	str	r5, [r4, #4]
200001fa:	6823      	ldr	r3, [r4, #0]
200001fc:	f3bf 8f5f 	dmb	sy
20000200:	2200      	movs	r2, #0
20000202:	601a      	str	r2, [r3, #0]
20000204:	f381 8810 	msr	PRIMASK, r1
20000208:	2001      	movs	r0, #1
2000020a:	bdf8      	pop	{r3, r4, r5, r6, r7, pc}
2000020c:	2000      	movs	r0, #0
2000020e:	e7fc      	b.n	2000020a <mutex_enter_timeout_ms+0x6a>
20000210:	7fffffff 	.word	0x7fffffff

20000214 <mutex_exit>:
20000214:	b510      	push	{r4, lr}
20000216:	6802      	ldr	r2, [r0, #0]
20000218:	f3ef 8110 	mrs	r1, PRIMASK
2000021c:	b672      	cpsid	i
2000021e:	6813      	ldr	r3, [r2, #0]
20000220:	2b00      	cmp	r3, #0
20000222:	d0fc      	beq.n	2000021e <mutex_exit+0xa>
20000224:	f3bf 8f5f 	dmb	sy
20000228:	2301      	movs	r3, #1
2000022a:	425b      	negs	r3, r3
2000022c:	6043      	str	r3, [r0, #4]
2000022e:	f000 fecb 	bl	20000fc8 <__vPortLockInternalSpinUnlockWithNotify_veneer>
20000232:	bd10      	pop	{r4, pc}

20000234 <flash_init_boot2_copyout>:
20000234:	b510      	push	{r4, lr}
20000236:	4c08      	ldr	r4, [pc, #32]	@ (20000258 <flash_init_boot2_copyout+0x24>)
20000238:	7823      	ldrb	r3, [r4, #0]
2000023a:	2b00      	cmp	r3, #0
2000023c:	d10a      	bne.n	20000254 <flash_init_boot2_copyout+0x20>
2000023e:	2380      	movs	r3, #128	@ 0x80
20000240:	4806      	ldr	r0, [pc, #24]	@ (2000025c <flash_init_boot2_copyout+0x28>)
20000242:	4907      	ldr	r1, [pc, #28]	@ (20000260 <flash_init_boot2_copyout+0x2c>)
20000244:	055b      	lsls	r3, r3, #21
20000246:	681a      	ldr	r2, [r3, #0]
20000248:	50c2      	str	r2, [r0, r3]
2000024a:	3304      	adds	r3, #4
2000024c:	428b      	cmp	r3, r1
2000024e:	d1fa      	bne.n	20000246 <flash_init_boot2_copyout+0x12>
20000250:	2301      	movs	r3, #1
20000252:	7023      	strb	r3, [r4, #0]
20000254:	bd10      	pop	{r4, pc}
20000256:	46c0      	nop			@ (mov r8, r8)
20000258:	20022493 	.word	0x20022493
2000025c:	10001918 	.word	0x10001918
20000260:	10000100 	.word	0x10000100

20000264 <flash_enable_xip_via_boot2>:
20000264:	b510      	push	{r4, lr}
20000266:	4b01      	ldr	r3, [pc, #4]	@ (2000026c <flash_enable_xip_via_boot2+0x8>)
20000268:	4798      	blx	r3
2000026a:	bd10      	pop	{r4, pc}
2000026c:	20001919 	.word	0x20001919

20000270 <flash_save_hardware_state>:
20000270:	4b06      	ldr	r3, [pc, #24]	@ (2000028c <flash_save_hardware_state+0x1c>)
20000272:	685a      	ldr	r2, [r3, #4]
20000274:	6002      	str	r2, [r0, #0]
20000276:	689a      	ldr	r2, [r3, #8]
20000278:	6042      	str	r2, [r0, #4]
2000027a:	68da      	ldr	r2, [r3, #12]
2000027c:	6082      	str	r2, [r0, #8]
2000027e:	691a      	ldr	r2, [r3, #16]
20000280:	60c2      	str	r2, [r0, #12]
20000282:	695a      	ldr	r2, [r3, #20]
20000284:	6102      	str	r2, [r0, #16]
20000286:	699b      	ldr	r3, [r3, #24]
20000288:	6143      	str	r3, [r0, #20]
2000028a:	4770      	bx	lr
2000028c:	40020000 	.word	0x40020000

20000290 <flash_restore_hardware_state>:
20000290:	6802      	ldr	r2, [r0, #0]
20000292:	4b06      	ldr	r3, [pc, #24]	@ (200002ac <flash_restore_hardware_state+0x1c>)
20000294:	605a      	str	r2, [r3, #4]
20000296:	6842      	ldr	r2, [r0, #4]
20000298:	609a      	str	r2, [r3, #8]
2000029a:	6882      	ldr	r2, [r0, #8]
2000029c:	60da      	str	r2, [r3, #12]
2000029e:	68c2      	ldr	r2, [r0, #12]
200002a0:	611a      	str	r2, [r3, #16]
200002a2:	6902      	ldr	r2, [r0, #16]
200002a4:	615a      	str	r2, [r3, #20]
200002a6:	6942      	ldr	r2, [r0, #20]
200002a8:	619a      	str	r2, [r3, #24]
200002aa:	4770      	bx	lr
200002ac:	40020000 	.word	0x40020000

200002b0 <flash_cs_force.constprop.0>:
200002b0:	4b03      	ldr	r3, [pc, #12]	@ (200002c0 <flash_cs_force.constprop.0+0x10>)
200002b2:	681a      	ldr	r2, [r3, #0]
200002b4:	23c0      	movs	r3, #192	@ 0xc0
200002b6:	009b      	lsls	r3, r3, #2
200002b8:	4393      	bics	r3, r2
200002ba:	4a02      	ldr	r2, [pc, #8]	@ (200002c4 <flash_cs_force.constprop.0+0x14>)
200002bc:	6013      	str	r3, [r2, #0]
200002be:	4770      	bx	lr
200002c0:	4001800c 	.word	0x4001800c
200002c4:	4001900c 	.word	0x4001900c

200002c8 <flash_cs_force.constprop.1>:
200002c8:	4b05      	ldr	r3, [pc, #20]	@ (200002e0 <flash_cs_force.constprop.1+0x18>)
200002ca:	681a      	ldr	r2, [r3, #0]
200002cc:	2380      	movs	r3, #128	@ 0x80
200002ce:	009b      	lsls	r3, r3, #2
200002d0:	4053      	eors	r3, r2
200002d2:	22c0      	movs	r2, #192	@ 0xc0
200002d4:	0092      	lsls	r2, r2, #2
200002d6:	4013      	ands	r3, r2
200002d8:	4a02      	ldr	r2, [pc, #8]	@ (200002e4 <flash_cs_force.constprop.1+0x1c>)
200002da:	6013      	str	r3, [r2, #0]
200002dc:	4770      	bx	lr
200002de:	46c0      	nop			@ (mov r8, r8)
200002e0:	4001800c 	.word	0x4001800c
200002e4:	4001900c 	.word	0x4001900c

200002e8 <flash_do_cmd>:
200002e8:	2300      	movs	r3, #0
200002ea:	b5f0      	push	{r4, r5, r6, r7, lr}
200002ec:	46de      	mov	lr, fp
200002ee:	4657      	mov	r7, sl
200002f0:	464e      	mov	r6, r9
200002f2:	4645      	mov	r5, r8
200002f4:	469a      	mov	sl, r3
200002f6:	b5e0      	push	{r5, r6, r7, lr}
200002f8:	b089      	sub	sp, #36	@ 0x24
200002fa:	9001      	str	r0, [sp, #4]
200002fc:	000e      	movs	r6, r1
200002fe:	8a98      	ldrh	r0, [r3, #20]
20000300:	4945      	ldr	r1, [pc, #276]	@ (20000418 <flash_do_cmd+0x130>)
20000302:	8b1b      	ldrh	r3, [r3, #24]
20000304:	0014      	movs	r4, r2
20000306:	4798      	blx	r3
20000308:	4653      	mov	r3, sl
2000030a:	4681      	mov	r9, r0
2000030c:	4943      	ldr	r1, [pc, #268]	@ (2000041c <flash_do_cmd+0x134>)
2000030e:	8a98      	ldrh	r0, [r3, #20]
20000310:	8b1b      	ldrh	r3, [r3, #24]
20000312:	4798      	blx	r3
20000314:	4653      	mov	r3, sl
20000316:	4942      	ldr	r1, [pc, #264]	@ (20000420 <flash_do_cmd+0x138>)
20000318:	0005      	movs	r5, r0
2000031a:	8a98      	ldrh	r0, [r3, #20]
2000031c:	8b1b      	ldrh	r3, [r3, #24]
2000031e:	4798      	blx	r3
20000320:	4680      	mov	r8, r0
20000322:	f7ff ff87 	bl	20000234 <flash_init_boot2_copyout>
20000326:	a802      	add	r0, sp, #8
20000328:	f7ff ffa2 	bl	20000270 <flash_save_hardware_state>
2000032c:	47c8      	blx	r9
2000032e:	47a8      	blx	r5
20000330:	f7ff ffca 	bl	200002c8 <flash_cs_force.constprop.1>
20000334:	1e25      	subs	r5, r4, #0
20000336:	d022      	beq.n	2000037e <flash_do_cmd+0x96>
20000338:	2308      	movs	r3, #8
2000033a:	21c0      	movs	r1, #192	@ 0xc0
2000033c:	469c      	mov	ip, r3
2000033e:	2002      	movs	r0, #2
20000340:	0549      	lsls	r1, r1, #21
20000342:	4662      	mov	r2, ip
20000344:	6a8b      	ldr	r3, [r1, #40]	@ 0x28
20000346:	401a      	ands	r2, r3
20000348:	4218      	tst	r0, r3
2000034a:	d03f      	beq.n	200003cc <flash_do_cmd+0xe4>
2000034c:	1b63      	subs	r3, r4, r5
2000034e:	2d00      	cmp	r5, #0
20000350:	d12f      	bne.n	200003b2 <flash_do_cmd+0xca>
20000352:	2a00      	cmp	r2, #0
20000354:	d111      	bne.n	2000037a <flash_do_cmd+0x92>
20000356:	2c00      	cmp	r4, #0
20000358:	d011      	beq.n	2000037e <flash_do_cmd+0x96>
2000035a:	23c0      	movs	r3, #192	@ 0xc0
2000035c:	055b      	lsls	r3, r3, #21
2000035e:	469b      	mov	fp, r3
20000360:	2302      	movs	r3, #2
20000362:	469a      	mov	sl, r3
20000364:	3306      	adds	r3, #6
20000366:	4699      	mov	r9, r3
20000368:	465b      	mov	r3, fp
2000036a:	464a      	mov	r2, r9
2000036c:	4657      	mov	r7, sl
2000036e:	6a9b      	ldr	r3, [r3, #40]	@ 0x28
20000370:	401a      	ands	r2, r3
20000372:	421f      	tst	r7, r3
20000374:	d042      	beq.n	200003fc <flash_do_cmd+0x114>
20000376:	2a00      	cmp	r2, #0
20000378:	d0f6      	beq.n	20000368 <flash_do_cmd+0x80>
2000037a:	2c00      	cmp	r4, #0
2000037c:	d130      	bne.n	200003e0 <flash_do_cmd+0xf8>
2000037e:	f7ff ff97 	bl	200002b0 <flash_cs_force.constprop.0>
20000382:	47c0      	blx	r8
20000384:	f7ff ff6e 	bl	20000264 <flash_enable_xip_via_boot2>
20000388:	a802      	add	r0, sp, #8
2000038a:	f7ff ff81 	bl	20000290 <flash_restore_hardware_state>
2000038e:	b009      	add	sp, #36	@ 0x24
20000390:	bcf0      	pop	{r4, r5, r6, r7}
20000392:	46bb      	mov	fp, r7
20000394:	46b2      	mov	sl, r6
20000396:	46a9      	mov	r9, r5
20000398:	46a0      	mov	r8, r4
2000039a:	bdf0      	pop	{r4, r5, r6, r7, pc}
2000039c:	2c00      	cmp	r4, #0
2000039e:	d12f      	bne.n	20000400 <flash_do_cmd+0x118>
200003a0:	22c0      	movs	r2, #192	@ 0xc0
200003a2:	0552      	lsls	r2, r2, #21
200003a4:	6a92      	ldr	r2, [r2, #40]	@ 0x28
200003a6:	4691      	mov	r9, r2
200003a8:	2208      	movs	r2, #8
200003aa:	464f      	mov	r7, r9
200003ac:	403a      	ands	r2, r7
200003ae:	07bf      	lsls	r7, r7, #30
200003b0:	d52d      	bpl.n	2000040e <flash_do_cmd+0x126>
200003b2:	2b0d      	cmp	r3, #13
200003b4:	d91b      	bls.n	200003ee <flash_do_cmd+0x106>
200003b6:	2a00      	cmp	r2, #0
200003b8:	d1f0      	bne.n	2000039c <flash_do_cmd+0xb4>
200003ba:	22c0      	movs	r2, #192	@ 0xc0
200003bc:	0552      	lsls	r2, r2, #21
200003be:	6a92      	ldr	r2, [r2, #40]	@ 0x28
200003c0:	4691      	mov	r9, r2
200003c2:	2208      	movs	r2, #8
200003c4:	464f      	mov	r7, r9
200003c6:	403a      	ands	r2, r7
200003c8:	07bf      	lsls	r7, r7, #30
200003ca:	d4f2      	bmi.n	200003b2 <flash_do_cmd+0xca>
200003cc:	2a00      	cmp	r2, #0
200003ce:	d104      	bne.n	200003da <flash_do_cmd+0xf2>
200003d0:	002b      	movs	r3, r5
200003d2:	4323      	orrs	r3, r4
200003d4:	2b00      	cmp	r3, #0
200003d6:	d1b4      	bne.n	20000342 <flash_do_cmd+0x5a>
200003d8:	e7d1      	b.n	2000037e <flash_do_cmd+0x96>
200003da:	002b      	movs	r3, r5
200003dc:	2c00      	cmp	r4, #0
200003de:	d0f9      	beq.n	200003d4 <flash_do_cmd+0xec>
200003e0:	6e0b      	ldr	r3, [r1, #96]	@ 0x60
200003e2:	3c01      	subs	r4, #1
200003e4:	7033      	strb	r3, [r6, #0]
200003e6:	0023      	movs	r3, r4
200003e8:	3601      	adds	r6, #1
200003ea:	432b      	orrs	r3, r5
200003ec:	e7f2      	b.n	200003d4 <flash_do_cmd+0xec>
200003ee:	9f01      	ldr	r7, [sp, #4]
200003f0:	3d01      	subs	r5, #1
200003f2:	783b      	ldrb	r3, [r7, #0]
200003f4:	3701      	adds	r7, #1
200003f6:	660b      	str	r3, [r1, #96]	@ 0x60
200003f8:	9701      	str	r7, [sp, #4]
200003fa:	e7e7      	b.n	200003cc <flash_do_cmd+0xe4>
200003fc:	2500      	movs	r5, #0
200003fe:	e7e5      	b.n	200003cc <flash_do_cmd+0xe4>
20000400:	23c0      	movs	r3, #192	@ 0xc0
20000402:	055b      	lsls	r3, r3, #21
20000404:	6e1b      	ldr	r3, [r3, #96]	@ 0x60
20000406:	3c01      	subs	r4, #1
20000408:	7033      	strb	r3, [r6, #0]
2000040a:	3601      	adds	r6, #1
2000040c:	e799      	b.n	20000342 <flash_do_cmd+0x5a>
2000040e:	002b      	movs	r3, r5
20000410:	2a00      	cmp	r2, #0
20000412:	d1df      	bne.n	200003d4 <flash_do_cmd+0xec>
20000414:	e7dc      	b.n	200003d0 <flash_do_cmd+0xe8>
20000416:	46c0      	nop			@ (mov r8, r8)
20000418:	00004649 	.word	0x00004649
2000041c:	00005845 	.word	0x00005845
20000420:	00004346 	.word	0x00004346

20000424 <reset_non_control_endpoints>:
20000424:	2200      	movs	r2, #0
20000426:	4b15      	ldr	r3, [pc, #84]	@ (2000047c <reset_non_control_endpoints+0x58>)
20000428:	b510      	push	{r4, lr}
2000042a:	609a      	str	r2, [r3, #8]
2000042c:	60da      	str	r2, [r3, #12]
2000042e:	611a      	str	r2, [r3, #16]
20000430:	615a      	str	r2, [r3, #20]
20000432:	619a      	str	r2, [r3, #24]
20000434:	61da      	str	r2, [r3, #28]
20000436:	621a      	str	r2, [r3, #32]
20000438:	625a      	str	r2, [r3, #36]	@ 0x24
2000043a:	629a      	str	r2, [r3, #40]	@ 0x28
2000043c:	62da      	str	r2, [r3, #44]	@ 0x2c
2000043e:	631a      	str	r2, [r3, #48]	@ 0x30
20000440:	635a      	str	r2, [r3, #52]	@ 0x34
20000442:	639a      	str	r2, [r3, #56]	@ 0x38
20000444:	63da      	str	r2, [r3, #60]	@ 0x3c
20000446:	641a      	str	r2, [r3, #64]	@ 0x40
20000448:	645a      	str	r2, [r3, #68]	@ 0x44
2000044a:	649a      	str	r2, [r3, #72]	@ 0x48
2000044c:	64da      	str	r2, [r3, #76]	@ 0x4c
2000044e:	651a      	str	r2, [r3, #80]	@ 0x50
20000450:	655a      	str	r2, [r3, #84]	@ 0x54
20000452:	659a      	str	r2, [r3, #88]	@ 0x58
20000454:	65da      	str	r2, [r3, #92]	@ 0x5c
20000456:	661a      	str	r2, [r3, #96]	@ 0x60
20000458:	665a      	str	r2, [r3, #100]	@ 0x64
2000045a:	669a      	str	r2, [r3, #104]	@ 0x68
2000045c:	66da      	str	r2, [r3, #108]	@ 0x6c
2000045e:	671a      	str	r2, [r3, #112]	@ 0x70
20000460:	675a      	str	r2, [r3, #116]	@ 0x74
20000462:	679a      	str	r2, [r3, #120]	@ 0x78
20000464:	67da      	str	r2, [r3, #124]	@ 0x7c
20000466:	32f0      	adds	r2, #240	@ 0xf0
20000468:	0092      	lsls	r2, r2, #2
2000046a:	2100      	movs	r1, #0
2000046c:	4804      	ldr	r0, [pc, #16]	@ (20000480 <reset_non_control_endpoints+0x5c>)
2000046e:	f000 fd7b 	bl	20000f68 <____wrap_memset_veneer>
20000472:	4b04      	ldr	r3, [pc, #16]	@ (20000484 <reset_non_control_endpoints+0x60>)
20000474:	4a04      	ldr	r2, [pc, #16]	@ (20000488 <reset_non_control_endpoints+0x64>)
20000476:	601a      	str	r2, [r3, #0]
20000478:	bd10      	pop	{r4, pc}
2000047a:	46c0      	nop			@ (mov r8, r8)
2000047c:	50100000 	.word	0x50100000
20000480:	20001bdc 	.word	0x20001bdc
20000484:	20001fa4 	.word	0x20001fa4
20000488:	50100180 	.word	0x50100180

2000048c <hw_handle_buff_status>:
2000048c:	b5f0      	push	{r4, r5, r6, r7, lr}
2000048e:	464e      	mov	r6, r9
20000490:	4645      	mov	r5, r8
20000492:	46de      	mov	lr, fp
20000494:	4657      	mov	r7, sl
20000496:	b5e0      	push	{r5, r6, r7, lr}
20000498:	4b21      	ldr	r3, [pc, #132]	@ (20000520 <hw_handle_buff_status+0x94>)
2000049a:	2400      	movs	r4, #0
2000049c:	6d9e      	ldr	r6, [r3, #88]	@ 0x58
2000049e:	2501      	movs	r5, #1
200004a0:	b085      	sub	sp, #20
200004a2:	2e00      	cmp	r6, #0
200004a4:	d022      	beq.n	200004ec <hw_handle_buff_status+0x60>
200004a6:	4b1f      	ldr	r3, [pc, #124]	@ (20000524 <hw_handle_buff_status+0x98>)
200004a8:	469a      	mov	sl, r3
200004aa:	2301      	movs	r3, #1
200004ac:	4699      	mov	r9, r3
200004ae:	4b1e      	ldr	r3, [pc, #120]	@ (20000528 <hw_handle_buff_status+0x9c>)
200004b0:	4698      	mov	r8, r3
200004b2:	e001      	b.n	200004b8 <hw_handle_buff_status+0x2c>
200004b4:	2c20      	cmp	r4, #32
200004b6:	d019      	beq.n	200004ec <hw_handle_buff_status+0x60>
200004b8:	002a      	movs	r2, r5
200004ba:	0023      	movs	r3, r4
200004bc:	3401      	adds	r4, #1
200004be:	002f      	movs	r7, r5
200004c0:	4032      	ands	r2, r6
200004c2:	b2e4      	uxtb	r4, r4
200004c4:	006d      	lsls	r5, r5, #1
200004c6:	2a00      	cmp	r2, #0
200004c8:	d0f4      	beq.n	200004b4 <hw_handle_buff_status+0x28>
200004ca:	4652      	mov	r2, sl
200004cc:	6597      	str	r7, [r2, #88]	@ 0x58
200004ce:	464a      	mov	r2, r9
200004d0:	085b      	lsrs	r3, r3, #1
200004d2:	005b      	lsls	r3, r3, #1
200004d4:	4022      	ands	r2, r4
200004d6:	189b      	adds	r3, r3, r2
200004d8:	015b      	lsls	r3, r3, #5
200004da:	4443      	add	r3, r8
200004dc:	0018      	movs	r0, r3
200004de:	469b      	mov	fp, r3
200004e0:	f000 fc1e 	bl	20000d20 <hw_endpoint_xfer_continue>
200004e4:	2800      	cmp	r0, #0
200004e6:	d108      	bne.n	200004fa <hw_handle_buff_status+0x6e>
200004e8:	43be      	bics	r6, r7
200004ea:	d1e3      	bne.n	200004b4 <hw_handle_buff_status+0x28>
200004ec:	b005      	add	sp, #20
200004ee:	bcf0      	pop	{r4, r5, r6, r7}
200004f0:	46bb      	mov	fp, r7
200004f2:	46b2      	mov	sl, r6
200004f4:	46a9      	mov	r9, r5
200004f6:	46a0      	mov	r8, r4
200004f8:	bdf0      	pop	{r4, r5, r6, r7, pc}
200004fa:	465b      	mov	r3, fp
200004fc:	21e0      	movs	r1, #224	@ 0xe0
200004fe:	789a      	ldrb	r2, [r3, #2]
20000500:	8adb      	ldrh	r3, [r3, #22]
20000502:	a801      	add	r0, sp, #4
20000504:	6083      	str	r3, [r0, #8]
20000506:	2300      	movs	r3, #0
20000508:	00c9      	lsls	r1, r1, #3
2000050a:	8001      	strh	r1, [r0, #0]
2000050c:	2101      	movs	r1, #1
2000050e:	7102      	strb	r2, [r0, #4]
20000510:	7143      	strb	r3, [r0, #5]
20000512:	f000 fc25 	bl	20000d60 <dcd_event_handler>
20000516:	4658      	mov	r0, fp
20000518:	f000 fba0 	bl	20000c5c <hw_endpoint_reset_transfer>
2000051c:	e7e4      	b.n	200004e8 <hw_handle_buff_status+0x5c>
2000051e:	46c0      	nop			@ (mov r8, r8)
20000520:	50110000 	.word	0x50110000
20000524:	50113000 	.word	0x50113000
20000528:	20001b9c 	.word	0x20001b9c

2000052c <dcd_rp2040_irq>:
2000052c:	2398      	movs	r3, #152	@ 0x98
2000052e:	b5f0      	push	{r4, r5, r6, r7, lr}
20000530:	46c6      	mov	lr, r8
20000532:	4ac8      	ldr	r2, [pc, #800]	@ (20000854 <dcd_rp2040_irq+0x328>)
20000534:	b500      	push	{lr}
20000536:	58d5      	ldr	r5, [r2, r3]
20000538:	2380      	movs	r3, #128	@ 0x80
2000053a:	002e      	movs	r6, r5
2000053c:	029b      	lsls	r3, r3, #10
2000053e:	2410      	movs	r4, #16
20000540:	b084      	sub	sp, #16
20000542:	401e      	ands	r6, r3
20000544:	421d      	tst	r5, r3
20000546:	d074      	beq.n	20000632 <dcd_rp2040_irq+0x106>
20000548:	4bc3      	ldr	r3, [pc, #780]	@ (20000858 <dcd_rp2040_irq+0x32c>)
2000054a:	4cc4      	ldr	r4, [pc, #784]	@ (2000085c <dcd_rp2040_irq+0x330>)
2000054c:	6a9a      	ldr	r2, [r3, #40]	@ 0x28
2000054e:	4bc4      	ldr	r3, [pc, #784]	@ (20000860 <dcd_rp2040_irq+0x334>)
20000550:	2600      	movs	r6, #0
20000552:	601a      	str	r2, [r3, #0]
20000554:	233b      	movs	r3, #59	@ 0x3b
20000556:	5ce3      	ldrb	r3, [r4, r3]
20000558:	2b02      	cmp	r3, #2
2000055a:	d100      	bne.n	2000055e <dcd_rp2040_irq+0x32>
2000055c:	e14f      	b.n	200007fe <dcd_rp2040_irq+0x2d2>
2000055e:	237b      	movs	r3, #123	@ 0x7b
20000560:	5ce3      	ldrb	r3, [r4, r3]
20000562:	2b02      	cmp	r3, #2
20000564:	d100      	bne.n	20000568 <dcd_rp2040_irq+0x3c>
20000566:	e0f3      	b.n	20000750 <dcd_rp2040_irq+0x224>
20000568:	23bb      	movs	r3, #187	@ 0xbb
2000056a:	5ce3      	ldrb	r3, [r4, r3]
2000056c:	2b02      	cmp	r3, #2
2000056e:	d100      	bne.n	20000572 <dcd_rp2040_irq+0x46>
20000570:	e0fa      	b.n	20000768 <dcd_rp2040_irq+0x23c>
20000572:	23fb      	movs	r3, #251	@ 0xfb
20000574:	5ce3      	ldrb	r3, [r4, r3]
20000576:	2b02      	cmp	r3, #2
20000578:	d100      	bne.n	2000057c <dcd_rp2040_irq+0x50>
2000057a:	e101      	b.n	20000780 <dcd_rp2040_irq+0x254>
2000057c:	233c      	movs	r3, #60	@ 0x3c
2000057e:	33ff      	adds	r3, #255	@ 0xff
20000580:	5ce3      	ldrb	r3, [r4, r3]
20000582:	2b02      	cmp	r3, #2
20000584:	d100      	bne.n	20000588 <dcd_rp2040_irq+0x5c>
20000586:	e12d      	b.n	200007e4 <dcd_rp2040_irq+0x2b8>
20000588:	237c      	movs	r3, #124	@ 0x7c
2000058a:	33ff      	adds	r3, #255	@ 0xff
2000058c:	5ce3      	ldrb	r3, [r4, r3]
2000058e:	2b02      	cmp	r3, #2
20000590:	d100      	bne.n	20000594 <dcd_rp2040_irq+0x68>
20000592:	e10e      	b.n	200007b2 <dcd_rp2040_irq+0x286>
20000594:	23bc      	movs	r3, #188	@ 0xbc
20000596:	33ff      	adds	r3, #255	@ 0xff
20000598:	5ce3      	ldrb	r3, [r4, r3]
2000059a:	2b02      	cmp	r3, #2
2000059c:	d100      	bne.n	200005a0 <dcd_rp2040_irq+0x74>
2000059e:	e13f      	b.n	20000820 <dcd_rp2040_irq+0x2f4>
200005a0:	23fc      	movs	r3, #252	@ 0xfc
200005a2:	33ff      	adds	r3, #255	@ 0xff
200005a4:	5ce3      	ldrb	r3, [r4, r3]
200005a6:	2b02      	cmp	r3, #2
200005a8:	d100      	bne.n	200005ac <dcd_rp2040_irq+0x80>
200005aa:	e0f5      	b.n	20000798 <dcd_rp2040_irq+0x26c>
200005ac:	4bad      	ldr	r3, [pc, #692]	@ (20000864 <dcd_rp2040_irq+0x338>)
200005ae:	5ce3      	ldrb	r3, [r4, r3]
200005b0:	2b02      	cmp	r3, #2
200005b2:	d100      	bne.n	200005b6 <dcd_rp2040_irq+0x8a>
200005b4:	e174      	b.n	200008a0 <dcd_rp2040_irq+0x374>
200005b6:	4bac      	ldr	r3, [pc, #688]	@ (20000868 <dcd_rp2040_irq+0x33c>)
200005b8:	5ce3      	ldrb	r3, [r4, r3]
200005ba:	2b02      	cmp	r3, #2
200005bc:	d100      	bne.n	200005c0 <dcd_rp2040_irq+0x94>
200005be:	e105      	b.n	200007cc <dcd_rp2040_irq+0x2a0>
200005c0:	4baa      	ldr	r3, [pc, #680]	@ (2000086c <dcd_rp2040_irq+0x340>)
200005c2:	5ce3      	ldrb	r3, [r4, r3]
200005c4:	2b02      	cmp	r3, #2
200005c6:	d100      	bne.n	200005ca <dcd_rp2040_irq+0x9e>
200005c8:	e175      	b.n	200008b6 <dcd_rp2040_irq+0x38a>
200005ca:	4ba9      	ldr	r3, [pc, #676]	@ (20000870 <dcd_rp2040_irq+0x344>)
200005cc:	5ce3      	ldrb	r3, [r4, r3]
200005ce:	2b02      	cmp	r3, #2
200005d0:	d100      	bne.n	200005d4 <dcd_rp2040_irq+0xa8>
200005d2:	e132      	b.n	2000083a <dcd_rp2040_irq+0x30e>
200005d4:	4ba7      	ldr	r3, [pc, #668]	@ (20000874 <dcd_rp2040_irq+0x348>)
200005d6:	5ce3      	ldrb	r3, [r4, r3]
200005d8:	2b02      	cmp	r3, #2
200005da:	d100      	bne.n	200005de <dcd_rp2040_irq+0xb2>
200005dc:	e1a0      	b.n	20000920 <dcd_rp2040_irq+0x3f4>
200005de:	4ba6      	ldr	r3, [pc, #664]	@ (20000878 <dcd_rp2040_irq+0x34c>)
200005e0:	5ce3      	ldrb	r3, [r4, r3]
200005e2:	2b02      	cmp	r3, #2
200005e4:	d100      	bne.n	200005e8 <dcd_rp2040_irq+0xbc>
200005e6:	e171      	b.n	200008cc <dcd_rp2040_irq+0x3a0>
200005e8:	4ba4      	ldr	r3, [pc, #656]	@ (2000087c <dcd_rp2040_irq+0x350>)
200005ea:	5ce3      	ldrb	r3, [r4, r3]
200005ec:	2b02      	cmp	r3, #2
200005ee:	d100      	bne.n	200005f2 <dcd_rp2040_irq+0xc6>
200005f0:	e1a1      	b.n	20000936 <dcd_rp2040_irq+0x40a>
200005f2:	4ba3      	ldr	r3, [pc, #652]	@ (20000880 <dcd_rp2040_irq+0x354>)
200005f4:	5ce3      	ldrb	r3, [r4, r3]
200005f6:	2b02      	cmp	r3, #2
200005f8:	d100      	bne.n	200005fc <dcd_rp2040_irq+0xd0>
200005fa:	e17f      	b.n	200008fc <dcd_rp2040_irq+0x3d0>
200005fc:	2e00      	cmp	r6, #0
200005fe:	d108      	bne.n	20000612 <dcd_rp2040_irq+0xe6>
20000600:	4ba0      	ldr	r3, [pc, #640]	@ (20000884 <dcd_rp2040_irq+0x358>)
20000602:	781b      	ldrb	r3, [r3, #0]
20000604:	2b00      	cmp	r3, #0
20000606:	d104      	bne.n	20000612 <dcd_rp2040_irq+0xe6>
20000608:	2180      	movs	r1, #128	@ 0x80
2000060a:	4a9f      	ldr	r2, [pc, #636]	@ (20000888 <dcd_rp2040_irq+0x35c>)
2000060c:	3390      	adds	r3, #144	@ 0x90
2000060e:	0289      	lsls	r1, r1, #10
20000610:	50d1      	str	r1, [r2, r3]
20000612:	22c0      	movs	r2, #192	@ 0xc0
20000614:	4669      	mov	r1, sp
20000616:	4b8f      	ldr	r3, [pc, #572]	@ (20000854 <dcd_rp2040_irq+0x328>)
20000618:	0092      	lsls	r2, r2, #2
2000061a:	6c9b      	ldr	r3, [r3, #72]	@ 0x48
2000061c:	2680      	movs	r6, #128	@ 0x80
2000061e:	055b      	lsls	r3, r3, #21
20000620:	808a      	strh	r2, [r1, #4]
20000622:	0d5b      	lsrs	r3, r3, #21
20000624:	2101      	movs	r1, #1
20000626:	a801      	add	r0, sp, #4
20000628:	9302      	str	r3, [sp, #8]
2000062a:	f000 fb99 	bl	20000d60 <dcd_event_handler>
2000062e:	4c97      	ldr	r4, [pc, #604]	@ (2000088c <dcd_rp2040_irq+0x360>)
20000630:	02b6      	lsls	r6, r6, #10
20000632:	06eb      	lsls	r3, r5, #27
20000634:	d500      	bpl.n	20000638 <dcd_rp2040_irq+0x10c>
20000636:	e07f      	b.n	20000738 <dcd_rp2040_irq+0x20c>
20000638:	2380      	movs	r3, #128	@ 0x80
2000063a:	025b      	lsls	r3, r3, #9
2000063c:	421d      	tst	r5, r3
2000063e:	d031      	beq.n	200006a4 <dcd_rp2040_irq+0x178>
20000640:	431e      	orrs	r6, r3
20000642:	2301      	movs	r3, #1
20000644:	2402      	movs	r4, #2
20000646:	4698      	mov	r8, r3
20000648:	4f84      	ldr	r7, [pc, #528]	@ (2000085c <dcd_rp2040_irq+0x330>)
2000064a:	7ebb      	ldrb	r3, [r7, #26]
2000064c:	2b00      	cmp	r3, #0
2000064e:	d014      	beq.n	2000067a <dcd_rp2040_irq+0x14e>
20000650:	f000 fc9a 	bl	20000f88 <__rp2040_chip_version_veneer>
20000654:	2801      	cmp	r0, #1
20000656:	d900      	bls.n	2000065a <dcd_rp2040_irq+0x12e>
20000658:	e072      	b.n	20000740 <dcd_rp2040_irq+0x214>
2000065a:	22c0      	movs	r2, #192	@ 0xc0
2000065c:	2100      	movs	r1, #0
2000065e:	0038      	movs	r0, r7
20000660:	0192      	lsls	r2, r2, #6
20000662:	f000 fb01 	bl	20000c68 <_hw_endpoint_buffer_control_update32>
20000666:	0038      	movs	r0, r7
20000668:	f000 faf8 	bl	20000c5c <hw_endpoint_reset_transfer>
2000066c:	f000 fc8c 	bl	20000f88 <__rp2040_chip_version_veneer>
20000670:	2801      	cmp	r0, #1
20000672:	d902      	bls.n	2000067a <dcd_rp2040_irq+0x14e>
20000674:	4b84      	ldr	r3, [pc, #528]	@ (20000888 <dcd_rp2040_irq+0x35c>)
20000676:	665c      	str	r4, [r3, #100]	@ 0x64
20000678:	661c      	str	r4, [r3, #96]	@ 0x60
2000067a:	4643      	mov	r3, r8
2000067c:	70fb      	strb	r3, [r7, #3]
2000067e:	3720      	adds	r7, #32
20000680:	2c01      	cmp	r4, #1
20000682:	d122      	bne.n	200006ca <dcd_rp2040_irq+0x19e>
20000684:	23c0      	movs	r3, #192	@ 0xc0
20000686:	466a      	mov	r2, sp
20000688:	00db      	lsls	r3, r3, #3
2000068a:	8093      	strh	r3, [r2, #4]
2000068c:	4a80      	ldr	r2, [pc, #512]	@ (20000890 <dcd_rp2040_irq+0x364>)
2000068e:	ab02      	add	r3, sp, #8
20000690:	ca03      	ldmia	r2!, {r0, r1}
20000692:	c303      	stmia	r3!, {r0, r1}
20000694:	2101      	movs	r1, #1
20000696:	a801      	add	r0, sp, #4
20000698:	f000 fb62 	bl	20000d60 <dcd_event_handler>
2000069c:	2280      	movs	r2, #128	@ 0x80
2000069e:	4b7a      	ldr	r3, [pc, #488]	@ (20000888 <dcd_rp2040_irq+0x35c>)
200006a0:	0292      	lsls	r2, r2, #10
200006a2:	651a      	str	r2, [r3, #80]	@ 0x50
200006a4:	2380      	movs	r3, #128	@ 0x80
200006a6:	015b      	lsls	r3, r3, #5
200006a8:	421d      	tst	r5, r3
200006aa:	d110      	bne.n	200006ce <dcd_rp2040_irq+0x1a2>
200006ac:	2380      	movs	r3, #128	@ 0x80
200006ae:	01db      	lsls	r3, r3, #7
200006b0:	421d      	tst	r5, r3
200006b2:	d123      	bne.n	200006fc <dcd_rp2040_irq+0x1d0>
200006b4:	2380      	movs	r3, #128	@ 0x80
200006b6:	021b      	lsls	r3, r3, #8
200006b8:	421d      	tst	r5, r3
200006ba:	d12f      	bne.n	2000071c <dcd_rp2040_irq+0x1f0>
200006bc:	42ae      	cmp	r6, r5
200006be:	d000      	beq.n	200006c2 <dcd_rp2040_irq+0x196>
200006c0:	e1c0      	b.n	20000a44 <dcd_rp2040_irq+0x518>
200006c2:	b004      	add	sp, #16
200006c4:	bc80      	pop	{r7}
200006c6:	46b8      	mov	r8, r7
200006c8:	bdf0      	pop	{r4, r5, r6, r7, pc}
200006ca:	2401      	movs	r4, #1
200006cc:	e7bd      	b.n	2000064a <dcd_rp2040_irq+0x11e>
200006ce:	2400      	movs	r4, #0
200006d0:	431e      	orrs	r6, r3
200006d2:	4b60      	ldr	r3, [pc, #384]	@ (20000854 <dcd_rp2040_irq+0x328>)
200006d4:	601c      	str	r4, [r3, #0]
200006d6:	f7ff fea5 	bl	20000424 <reset_non_control_endpoints>
200006da:	2380      	movs	r3, #128	@ 0x80
200006dc:	466a      	mov	r2, sp
200006de:	005b      	lsls	r3, r3, #1
200006e0:	8093      	strh	r3, [r2, #4]
200006e2:	7214      	strb	r4, [r2, #8]
200006e4:	2101      	movs	r1, #1
200006e6:	a801      	add	r0, sp, #4
200006e8:	f000 fb3a 	bl	20000d60 <dcd_event_handler>
200006ec:	2280      	movs	r2, #128	@ 0x80
200006ee:	4b66      	ldr	r3, [pc, #408]	@ (20000888 <dcd_rp2040_irq+0x35c>)
200006f0:	0312      	lsls	r2, r2, #12
200006f2:	651a      	str	r2, [r3, #80]	@ 0x50
200006f4:	2380      	movs	r3, #128	@ 0x80
200006f6:	01db      	lsls	r3, r3, #7
200006f8:	421d      	tst	r5, r3
200006fa:	d0db      	beq.n	200006b4 <dcd_rp2040_irq+0x188>
200006fc:	431e      	orrs	r6, r3
200006fe:	2380      	movs	r3, #128	@ 0x80
20000700:	466a      	mov	r2, sp
20000702:	00db      	lsls	r3, r3, #3
20000704:	8093      	strh	r3, [r2, #4]
20000706:	2101      	movs	r1, #1
20000708:	a801      	add	r0, sp, #4
2000070a:	f000 fb29 	bl	20000d60 <dcd_event_handler>
2000070e:	2210      	movs	r2, #16
20000710:	4b5d      	ldr	r3, [pc, #372]	@ (20000888 <dcd_rp2040_irq+0x35c>)
20000712:	651a      	str	r2, [r3, #80]	@ 0x50
20000714:	2380      	movs	r3, #128	@ 0x80
20000716:	021b      	lsls	r3, r3, #8
20000718:	421d      	tst	r5, r3
2000071a:	d0cf      	beq.n	200006bc <dcd_rp2040_irq+0x190>
2000071c:	431e      	orrs	r6, r3
2000071e:	23a0      	movs	r3, #160	@ 0xa0
20000720:	466a      	mov	r2, sp
20000722:	00db      	lsls	r3, r3, #3
20000724:	8093      	strh	r3, [r2, #4]
20000726:	2101      	movs	r1, #1
20000728:	a801      	add	r0, sp, #4
2000072a:	f000 fb19 	bl	20000d60 <dcd_event_handler>
2000072e:	2280      	movs	r2, #128	@ 0x80
20000730:	4b55      	ldr	r3, [pc, #340]	@ (20000888 <dcd_rp2040_irq+0x35c>)
20000732:	0112      	lsls	r2, r2, #4
20000734:	651a      	str	r2, [r3, #80]	@ 0x50
20000736:	e7c1      	b.n	200006bc <dcd_rp2040_irq+0x190>
20000738:	f7ff fea8 	bl	2000048c <hw_handle_buff_status>
2000073c:	0026      	movs	r6, r4
2000073e:	e77b      	b.n	20000638 <dcd_rp2040_irq+0x10c>
20000740:	4b54      	ldr	r3, [pc, #336]	@ (20000894 <dcd_rp2040_irq+0x368>)
20000742:	4a44      	ldr	r2, [pc, #272]	@ (20000854 <dcd_rp2040_irq+0x328>)
20000744:	661c      	str	r4, [r3, #96]	@ 0x60
20000746:	6e53      	ldr	r3, [r2, #100]	@ 0x64
20000748:	4023      	ands	r3, r4
2000074a:	42a3      	cmp	r3, r4
2000074c:	d1fb      	bne.n	20000746 <dcd_rp2040_irq+0x21a>
2000074e:	e784      	b.n	2000065a <dcd_rp2040_irq+0x12e>
20000750:	3378      	adds	r3, #120	@ 0x78
20000752:	5ce7      	ldrb	r7, [r4, r3]
20000754:	2f00      	cmp	r7, #0
20000756:	d100      	bne.n	2000075a <dcd_rp2040_irq+0x22e>
20000758:	e706      	b.n	20000568 <dcd_rp2040_irq+0x3c>
2000075a:	3302      	adds	r3, #2
2000075c:	5ce2      	ldrb	r2, [r4, r3]
2000075e:	2a00      	cmp	r2, #0
20000760:	d000      	beq.n	20000764 <dcd_rp2040_irq+0x238>
20000762:	e10d      	b.n	20000980 <dcd_rp2040_irq+0x454>
20000764:	003e      	movs	r6, r7
20000766:	e6ff      	b.n	20000568 <dcd_rp2040_irq+0x3c>
20000768:	33b8      	adds	r3, #184	@ 0xb8
2000076a:	5ce7      	ldrb	r7, [r4, r3]
2000076c:	2f00      	cmp	r7, #0
2000076e:	d100      	bne.n	20000772 <dcd_rp2040_irq+0x246>
20000770:	e6ff      	b.n	20000572 <dcd_rp2040_irq+0x46>
20000772:	3302      	adds	r3, #2
20000774:	5ce2      	ldrb	r2, [r4, r3]
20000776:	2a00      	cmp	r2, #0
20000778:	d000      	beq.n	2000077c <dcd_rp2040_irq+0x250>
2000077a:	e0f9      	b.n	20000970 <dcd_rp2040_irq+0x444>
2000077c:	003e      	movs	r6, r7
2000077e:	e6f8      	b.n	20000572 <dcd_rp2040_irq+0x46>
20000780:	33f8      	adds	r3, #248	@ 0xf8
20000782:	5ce7      	ldrb	r7, [r4, r3]
20000784:	2f00      	cmp	r7, #0
20000786:	d100      	bne.n	2000078a <dcd_rp2040_irq+0x25e>
20000788:	e6f8      	b.n	2000057c <dcd_rp2040_irq+0x50>
2000078a:	3302      	adds	r3, #2
2000078c:	5ce2      	ldrb	r2, [r4, r3]
2000078e:	2a00      	cmp	r2, #0
20000790:	d000      	beq.n	20000794 <dcd_rp2040_irq+0x268>
20000792:	e141      	b.n	20000a18 <dcd_rp2040_irq+0x4ec>
20000794:	003e      	movs	r6, r7
20000796:	e6f1      	b.n	2000057c <dcd_rp2040_irq+0x50>
20000798:	33f9      	adds	r3, #249	@ 0xf9
2000079a:	33ff      	adds	r3, #255	@ 0xff
2000079c:	5ce7      	ldrb	r7, [r4, r3]
2000079e:	2f00      	cmp	r7, #0
200007a0:	d100      	bne.n	200007a4 <dcd_rp2040_irq+0x278>
200007a2:	e703      	b.n	200005ac <dcd_rp2040_irq+0x80>
200007a4:	3302      	adds	r3, #2
200007a6:	5ce2      	ldrb	r2, [r4, r3]
200007a8:	2a00      	cmp	r2, #0
200007aa:	d000      	beq.n	200007ae <dcd_rp2040_irq+0x282>
200007ac:	e12b      	b.n	20000a06 <dcd_rp2040_irq+0x4da>
200007ae:	003e      	movs	r6, r7
200007b0:	e6fc      	b.n	200005ac <dcd_rp2040_irq+0x80>
200007b2:	3379      	adds	r3, #121	@ 0x79
200007b4:	33ff      	adds	r3, #255	@ 0xff
200007b6:	5ce7      	ldrb	r7, [r4, r3]
200007b8:	2f00      	cmp	r7, #0
200007ba:	d100      	bne.n	200007be <dcd_rp2040_irq+0x292>
200007bc:	e6ea      	b.n	20000594 <dcd_rp2040_irq+0x68>
200007be:	3302      	adds	r3, #2
200007c0:	5ce2      	ldrb	r2, [r4, r3]
200007c2:	2a00      	cmp	r2, #0
200007c4:	d000      	beq.n	200007c8 <dcd_rp2040_irq+0x29c>
200007c6:	e115      	b.n	200009f4 <dcd_rp2040_irq+0x4c8>
200007c8:	003e      	movs	r6, r7
200007ca:	e6e3      	b.n	20000594 <dcd_rp2040_irq+0x68>
200007cc:	4b32      	ldr	r3, [pc, #200]	@ (20000898 <dcd_rp2040_irq+0x36c>)
200007ce:	5ce7      	ldrb	r7, [r4, r3]
200007d0:	2f00      	cmp	r7, #0
200007d2:	d100      	bne.n	200007d6 <dcd_rp2040_irq+0x2aa>
200007d4:	e6f4      	b.n	200005c0 <dcd_rp2040_irq+0x94>
200007d6:	3302      	adds	r3, #2
200007d8:	5ce2      	ldrb	r2, [r4, r3]
200007da:	2a00      	cmp	r2, #0
200007dc:	d000      	beq.n	200007e0 <dcd_rp2040_irq+0x2b4>
200007de:	e101      	b.n	200009e4 <dcd_rp2040_irq+0x4b8>
200007e0:	003e      	movs	r6, r7
200007e2:	e6ed      	b.n	200005c0 <dcd_rp2040_irq+0x94>
200007e4:	3339      	adds	r3, #57	@ 0x39
200007e6:	33ff      	adds	r3, #255	@ 0xff
200007e8:	5ce7      	ldrb	r7, [r4, r3]
200007ea:	2f00      	cmp	r7, #0
200007ec:	d100      	bne.n	200007f0 <dcd_rp2040_irq+0x2c4>
200007ee:	e6cb      	b.n	20000588 <dcd_rp2040_irq+0x5c>
200007f0:	3302      	adds	r3, #2
200007f2:	5ce2      	ldrb	r2, [r4, r3]
200007f4:	2a00      	cmp	r2, #0
200007f6:	d000      	beq.n	200007fa <dcd_rp2040_irq+0x2ce>
200007f8:	e0eb      	b.n	200009d2 <dcd_rp2040_irq+0x4a6>
200007fa:	003e      	movs	r6, r7
200007fc:	e6c4      	b.n	20000588 <dcd_rp2040_irq+0x5c>
200007fe:	3338      	adds	r3, #56	@ 0x38
20000800:	5ce6      	ldrb	r6, [r4, r3]
20000802:	2e00      	cmp	r6, #0
20000804:	d100      	bne.n	20000808 <dcd_rp2040_irq+0x2dc>
20000806:	e6aa      	b.n	2000055e <dcd_rp2040_irq+0x32>
20000808:	3302      	adds	r3, #2
2000080a:	5ce2      	ldrb	r2, [r4, r3]
2000080c:	2a00      	cmp	r2, #0
2000080e:	d100      	bne.n	20000812 <dcd_rp2040_irq+0x2e6>
20000810:	e6a5      	b.n	2000055e <dcd_rp2040_irq+0x32>
20000812:	0020      	movs	r0, r4
20000814:	2200      	movs	r2, #0
20000816:	3020      	adds	r0, #32
20000818:	54e2      	strb	r2, [r4, r3]
2000081a:	f000 fa4d 	bl	20000cb8 <hw_endpoint_start_next_buffer>
2000081e:	e69e      	b.n	2000055e <dcd_rp2040_irq+0x32>
20000820:	33b9      	adds	r3, #185	@ 0xb9
20000822:	33ff      	adds	r3, #255	@ 0xff
20000824:	5ce7      	ldrb	r7, [r4, r3]
20000826:	2f00      	cmp	r7, #0
20000828:	d100      	bne.n	2000082c <dcd_rp2040_irq+0x300>
2000082a:	e6b9      	b.n	200005a0 <dcd_rp2040_irq+0x74>
2000082c:	3302      	adds	r3, #2
2000082e:	5ce2      	ldrb	r2, [r4, r3]
20000830:	2a00      	cmp	r2, #0
20000832:	d000      	beq.n	20000836 <dcd_rp2040_irq+0x30a>
20000834:	e0c4      	b.n	200009c0 <dcd_rp2040_irq+0x494>
20000836:	003e      	movs	r6, r7
20000838:	e6b2      	b.n	200005a0 <dcd_rp2040_irq+0x74>
2000083a:	4b18      	ldr	r3, [pc, #96]	@ (2000089c <dcd_rp2040_irq+0x370>)
2000083c:	5ce7      	ldrb	r7, [r4, r3]
2000083e:	2f00      	cmp	r7, #0
20000840:	d100      	bne.n	20000844 <dcd_rp2040_irq+0x318>
20000842:	e6c7      	b.n	200005d4 <dcd_rp2040_irq+0xa8>
20000844:	3302      	adds	r3, #2
20000846:	5ce2      	ldrb	r2, [r4, r3]
20000848:	2a00      	cmp	r2, #0
2000084a:	d000      	beq.n	2000084e <dcd_rp2040_irq+0x322>
2000084c:	e0b0      	b.n	200009b0 <dcd_rp2040_irq+0x484>
2000084e:	003e      	movs	r6, r7
20000850:	e6c0      	b.n	200005d4 <dcd_rp2040_irq+0xa8>
20000852:	46c0      	nop			@ (mov r8, r8)
20000854:	50110000 	.word	0x50110000
20000858:	40054000 	.word	0x40054000
2000085c:	20001b9c 	.word	0x20001b9c
20000860:	20001b94 	.word	0x20001b94
20000864:	0000023b 	.word	0x0000023b
20000868:	0000027b 	.word	0x0000027b
2000086c:	000002bb 	.word	0x000002bb
20000870:	000002fb 	.word	0x000002fb
20000874:	0000033b 	.word	0x0000033b
20000878:	0000037b 	.word	0x0000037b
2000087c:	000003bb 	.word	0x000003bb
20000880:	000003fb 	.word	0x000003fb
20000884:	20022491 	.word	0x20022491
20000888:	50113000 	.word	0x50113000
2000088c:	00020010 	.word	0x00020010
20000890:	50100000 	.word	0x50100000
20000894:	50112000 	.word	0x50112000
20000898:	0000027a 	.word	0x0000027a
2000089c:	000002fa 	.word	0x000002fa
200008a0:	4b6b      	ldr	r3, [pc, #428]	@ (20000a50 <dcd_rp2040_irq+0x524>)
200008a2:	5ce7      	ldrb	r7, [r4, r3]
200008a4:	2f00      	cmp	r7, #0
200008a6:	d100      	bne.n	200008aa <dcd_rp2040_irq+0x37e>
200008a8:	e685      	b.n	200005b6 <dcd_rp2040_irq+0x8a>
200008aa:	3302      	adds	r3, #2
200008ac:	5ce2      	ldrb	r2, [r4, r3]
200008ae:	2a00      	cmp	r2, #0
200008b0:	d176      	bne.n	200009a0 <dcd_rp2040_irq+0x474>
200008b2:	003e      	movs	r6, r7
200008b4:	e67f      	b.n	200005b6 <dcd_rp2040_irq+0x8a>
200008b6:	4b67      	ldr	r3, [pc, #412]	@ (20000a54 <dcd_rp2040_irq+0x528>)
200008b8:	5ce7      	ldrb	r7, [r4, r3]
200008ba:	2f00      	cmp	r7, #0
200008bc:	d100      	bne.n	200008c0 <dcd_rp2040_irq+0x394>
200008be:	e684      	b.n	200005ca <dcd_rp2040_irq+0x9e>
200008c0:	3302      	adds	r3, #2
200008c2:	5ce2      	ldrb	r2, [r4, r3]
200008c4:	2a00      	cmp	r2, #0
200008c6:	d163      	bne.n	20000990 <dcd_rp2040_irq+0x464>
200008c8:	003e      	movs	r6, r7
200008ca:	e67e      	b.n	200005ca <dcd_rp2040_irq+0x9e>
200008cc:	4b62      	ldr	r3, [pc, #392]	@ (20000a58 <dcd_rp2040_irq+0x52c>)
200008ce:	5ce7      	ldrb	r7, [r4, r3]
200008d0:	2f00      	cmp	r7, #0
200008d2:	d100      	bne.n	200008d6 <dcd_rp2040_irq+0x3aa>
200008d4:	e688      	b.n	200005e8 <dcd_rp2040_irq+0xbc>
200008d6:	3302      	adds	r3, #2
200008d8:	5ce2      	ldrb	r2, [r4, r3]
200008da:	2a00      	cmp	r2, #0
200008dc:	d000      	beq.n	200008e0 <dcd_rp2040_irq+0x3b4>
200008de:	e0a3      	b.n	20000a28 <dcd_rp2040_irq+0x4fc>
200008e0:	4b5e      	ldr	r3, [pc, #376]	@ (20000a5c <dcd_rp2040_irq+0x530>)
200008e2:	5ce3      	ldrb	r3, [r4, r3]
200008e4:	2b02      	cmp	r3, #2
200008e6:	d130      	bne.n	2000094a <dcd_rp2040_irq+0x41e>
200008e8:	4b5d      	ldr	r3, [pc, #372]	@ (20000a60 <dcd_rp2040_irq+0x534>)
200008ea:	5ce3      	ldrb	r3, [r4, r3]
200008ec:	2b00      	cmp	r3, #0
200008ee:	d127      	bne.n	20000940 <dcd_rp2040_irq+0x414>
200008f0:	4b5c      	ldr	r3, [pc, #368]	@ (20000a64 <dcd_rp2040_irq+0x538>)
200008f2:	5ce3      	ldrb	r3, [r4, r3]
200008f4:	2b02      	cmp	r3, #2
200008f6:	d000      	beq.n	200008fa <dcd_rp2040_irq+0x3ce>
200008f8:	e68b      	b.n	20000612 <dcd_rp2040_irq+0xe6>
200008fa:	003e      	movs	r6, r7
200008fc:	4b5a      	ldr	r3, [pc, #360]	@ (20000a68 <dcd_rp2040_irq+0x53c>)
200008fe:	5ce3      	ldrb	r3, [r4, r3]
20000900:	2b00      	cmp	r3, #0
20000902:	d100      	bne.n	20000906 <dcd_rp2040_irq+0x3da>
20000904:	e67a      	b.n	200005fc <dcd_rp2040_irq+0xd0>
20000906:	23ff      	movs	r3, #255	@ 0xff
20000908:	009b      	lsls	r3, r3, #2
2000090a:	5ce2      	ldrb	r2, [r4, r3]
2000090c:	2a00      	cmp	r2, #0
2000090e:	d100      	bne.n	20000912 <dcd_rp2040_irq+0x3e6>
20000910:	e67f      	b.n	20000612 <dcd_rp2040_irq+0xe6>
20000912:	2200      	movs	r2, #0
20000914:	54e2      	strb	r2, [r4, r3]
20000916:	3b1c      	subs	r3, #28
20000918:	18e0      	adds	r0, r4, r3
2000091a:	f000 f9cd 	bl	20000cb8 <hw_endpoint_start_next_buffer>
2000091e:	e678      	b.n	20000612 <dcd_rp2040_irq+0xe6>
20000920:	4b52      	ldr	r3, [pc, #328]	@ (20000a6c <dcd_rp2040_irq+0x540>)
20000922:	5ce7      	ldrb	r7, [r4, r3]
20000924:	2f00      	cmp	r7, #0
20000926:	d100      	bne.n	2000092a <dcd_rp2040_irq+0x3fe>
20000928:	e659      	b.n	200005de <dcd_rp2040_irq+0xb2>
2000092a:	3302      	adds	r3, #2
2000092c:	5ce2      	ldrb	r2, [r4, r3]
2000092e:	2a00      	cmp	r2, #0
20000930:	d116      	bne.n	20000960 <dcd_rp2040_irq+0x434>
20000932:	003e      	movs	r6, r7
20000934:	e653      	b.n	200005de <dcd_rp2040_irq+0xb2>
20000936:	4b4a      	ldr	r3, [pc, #296]	@ (20000a60 <dcd_rp2040_irq+0x534>)
20000938:	5ce3      	ldrb	r3, [r4, r3]
2000093a:	2b00      	cmp	r3, #0
2000093c:	d100      	bne.n	20000940 <dcd_rp2040_irq+0x414>
2000093e:	e658      	b.n	200005f2 <dcd_rp2040_irq+0xc6>
20000940:	23ef      	movs	r3, #239	@ 0xef
20000942:	009b      	lsls	r3, r3, #2
20000944:	5ce2      	ldrb	r2, [r4, r3]
20000946:	2a00      	cmp	r2, #0
20000948:	d175      	bne.n	20000a36 <dcd_rp2040_irq+0x50a>
2000094a:	4b46      	ldr	r3, [pc, #280]	@ (20000a64 <dcd_rp2040_irq+0x538>)
2000094c:	5ce3      	ldrb	r3, [r4, r3]
2000094e:	2b02      	cmp	r3, #2
20000950:	d000      	beq.n	20000954 <dcd_rp2040_irq+0x428>
20000952:	e65e      	b.n	20000612 <dcd_rp2040_irq+0xe6>
20000954:	4b44      	ldr	r3, [pc, #272]	@ (20000a68 <dcd_rp2040_irq+0x53c>)
20000956:	5ce3      	ldrb	r3, [r4, r3]
20000958:	2b00      	cmp	r3, #0
2000095a:	d100      	bne.n	2000095e <dcd_rp2040_irq+0x432>
2000095c:	e659      	b.n	20000612 <dcd_rp2040_irq+0xe6>
2000095e:	e7d2      	b.n	20000906 <dcd_rp2040_irq+0x3da>
20000960:	2200      	movs	r2, #0
20000962:	54e2      	strb	r2, [r4, r3]
20000964:	3b1c      	subs	r3, #28
20000966:	18e0      	adds	r0, r4, r3
20000968:	f000 f9a6 	bl	20000cb8 <hw_endpoint_start_next_buffer>
2000096c:	003e      	movs	r6, r7
2000096e:	e636      	b.n	200005de <dcd_rp2040_irq+0xb2>
20000970:	0020      	movs	r0, r4
20000972:	2200      	movs	r2, #0
20000974:	30a0      	adds	r0, #160	@ 0xa0
20000976:	54e2      	strb	r2, [r4, r3]
20000978:	003e      	movs	r6, r7
2000097a:	f000 f99d 	bl	20000cb8 <hw_endpoint_start_next_buffer>
2000097e:	e5f8      	b.n	20000572 <dcd_rp2040_irq+0x46>
20000980:	0020      	movs	r0, r4
20000982:	2200      	movs	r2, #0
20000984:	3060      	adds	r0, #96	@ 0x60
20000986:	54e2      	strb	r2, [r4, r3]
20000988:	003e      	movs	r6, r7
2000098a:	f000 f995 	bl	20000cb8 <hw_endpoint_start_next_buffer>
2000098e:	e5eb      	b.n	20000568 <dcd_rp2040_irq+0x3c>
20000990:	2200      	movs	r2, #0
20000992:	54e2      	strb	r2, [r4, r3]
20000994:	3b1c      	subs	r3, #28
20000996:	18e0      	adds	r0, r4, r3
20000998:	f000 f98e 	bl	20000cb8 <hw_endpoint_start_next_buffer>
2000099c:	003e      	movs	r6, r7
2000099e:	e614      	b.n	200005ca <dcd_rp2040_irq+0x9e>
200009a0:	2200      	movs	r2, #0
200009a2:	54e2      	strb	r2, [r4, r3]
200009a4:	3b1c      	subs	r3, #28
200009a6:	18e0      	adds	r0, r4, r3
200009a8:	f000 f986 	bl	20000cb8 <hw_endpoint_start_next_buffer>
200009ac:	003e      	movs	r6, r7
200009ae:	e602      	b.n	200005b6 <dcd_rp2040_irq+0x8a>
200009b0:	2200      	movs	r2, #0
200009b2:	54e2      	strb	r2, [r4, r3]
200009b4:	3b1c      	subs	r3, #28
200009b6:	18e0      	adds	r0, r4, r3
200009b8:	f000 f97e 	bl	20000cb8 <hw_endpoint_start_next_buffer>
200009bc:	003e      	movs	r6, r7
200009be:	e609      	b.n	200005d4 <dcd_rp2040_irq+0xa8>
200009c0:	0020      	movs	r0, r4
200009c2:	2200      	movs	r2, #0
200009c4:	30a1      	adds	r0, #161	@ 0xa1
200009c6:	30ff      	adds	r0, #255	@ 0xff
200009c8:	54e2      	strb	r2, [r4, r3]
200009ca:	003e      	movs	r6, r7
200009cc:	f000 f974 	bl	20000cb8 <hw_endpoint_start_next_buffer>
200009d0:	e5e6      	b.n	200005a0 <dcd_rp2040_irq+0x74>
200009d2:	0020      	movs	r0, r4
200009d4:	2200      	movs	r2, #0
200009d6:	3021      	adds	r0, #33	@ 0x21
200009d8:	30ff      	adds	r0, #255	@ 0xff
200009da:	54e2      	strb	r2, [r4, r3]
200009dc:	003e      	movs	r6, r7
200009de:	f000 f96b 	bl	20000cb8 <hw_endpoint_start_next_buffer>
200009e2:	e5d1      	b.n	20000588 <dcd_rp2040_irq+0x5c>
200009e4:	2200      	movs	r2, #0
200009e6:	54e2      	strb	r2, [r4, r3]
200009e8:	3b1c      	subs	r3, #28
200009ea:	18e0      	adds	r0, r4, r3
200009ec:	f000 f964 	bl	20000cb8 <hw_endpoint_start_next_buffer>
200009f0:	003e      	movs	r6, r7
200009f2:	e5e5      	b.n	200005c0 <dcd_rp2040_irq+0x94>
200009f4:	0020      	movs	r0, r4
200009f6:	2200      	movs	r2, #0
200009f8:	3061      	adds	r0, #97	@ 0x61
200009fa:	30ff      	adds	r0, #255	@ 0xff
200009fc:	54e2      	strb	r2, [r4, r3]
200009fe:	003e      	movs	r6, r7
20000a00:	f000 f95a 	bl	20000cb8 <hw_endpoint_start_next_buffer>
20000a04:	e5c6      	b.n	20000594 <dcd_rp2040_irq+0x68>
20000a06:	0020      	movs	r0, r4
20000a08:	2200      	movs	r2, #0
20000a0a:	30e1      	adds	r0, #225	@ 0xe1
20000a0c:	30ff      	adds	r0, #255	@ 0xff
20000a0e:	54e2      	strb	r2, [r4, r3]
20000a10:	003e      	movs	r6, r7
20000a12:	f000 f951 	bl	20000cb8 <hw_endpoint_start_next_buffer>
20000a16:	e5c9      	b.n	200005ac <dcd_rp2040_irq+0x80>
20000a18:	0020      	movs	r0, r4
20000a1a:	2200      	movs	r2, #0
20000a1c:	30e0      	adds	r0, #224	@ 0xe0
20000a1e:	54e2      	strb	r2, [r4, r3]
20000a20:	003e      	movs	r6, r7
20000a22:	f000 f949 	bl	20000cb8 <hw_endpoint_start_next_buffer>
20000a26:	e5a9      	b.n	2000057c <dcd_rp2040_irq+0x50>
20000a28:	2200      	movs	r2, #0
20000a2a:	54e2      	strb	r2, [r4, r3]
20000a2c:	3b1c      	subs	r3, #28
20000a2e:	18e0      	adds	r0, r4, r3
20000a30:	f000 f942 	bl	20000cb8 <hw_endpoint_start_next_buffer>
20000a34:	e754      	b.n	200008e0 <dcd_rp2040_irq+0x3b4>
20000a36:	2200      	movs	r2, #0
20000a38:	54e2      	strb	r2, [r4, r3]
20000a3a:	3b1c      	subs	r3, #28
20000a3c:	18e0      	adds	r0, r4, r3
20000a3e:	f000 f93b 	bl	20000cb8 <hw_endpoint_start_next_buffer>
20000a42:	e782      	b.n	2000094a <dcd_rp2040_irq+0x41e>
20000a44:	0031      	movs	r1, r6
20000a46:	480a      	ldr	r0, [pc, #40]	@ (20000a70 <dcd_rp2040_irq+0x544>)
20000a48:	4069      	eors	r1, r5
20000a4a:	f000 fac5 	bl	20000fd8 <__panic_veneer>
20000a4e:	46c0      	nop			@ (mov r8, r8)
20000a50:	0000023a 	.word	0x0000023a
20000a54:	000002ba 	.word	0x000002ba
20000a58:	0000037a 	.word	0x0000037a
20000a5c:	000003bb 	.word	0x000003bb
20000a60:	000003ba 	.word	0x000003ba
20000a64:	000003fb 	.word	0x000003fb
20000a68:	000003fa 	.word	0x000003fa
20000a6c:	0000033a 	.word	0x0000033a
20000a70:	10009778 	.word	0x10009778

20000a74 <prepare_ep_buffer>:
20000a74:	b5f0      	push	{r4, r5, r6, r7, lr}
20000a76:	46c6      	mov	lr, r8
20000a78:	b500      	push	{lr}
20000a7a:	0002      	movs	r2, r0
20000a7c:	8a83      	ldrh	r3, [r0, #20]
20000a7e:	8b00      	ldrh	r0, [r0, #24]
20000a80:	468c      	mov	ip, r1
20000a82:	1c01      	adds	r1, r0, #0
20000a84:	4298      	cmp	r0, r3
20000a86:	d900      	bls.n	20000a8a <prepare_ep_buffer+0x16>
20000a88:	1c19      	adds	r1, r3, #0
20000a8a:	78d4      	ldrb	r4, [r2, #3]
20000a8c:	2580      	movs	r5, #128	@ 0x80
20000a8e:	0020      	movs	r0, r4
20000a90:	1e46      	subs	r6, r0, #1
20000a92:	41b0      	sbcs	r0, r6
20000a94:	b289      	uxth	r1, r1
20000a96:	00ed      	lsls	r5, r5, #3
20000a98:	430d      	orrs	r5, r1
20000a9a:	0340      	lsls	r0, r0, #13
20000a9c:	4328      	orrs	r0, r5
20000a9e:	2501      	movs	r5, #1
20000aa0:	406c      	eors	r4, r5
20000aa2:	1a5b      	subs	r3, r3, r1
20000aa4:	70d4      	strb	r4, [r2, #3]
20000aa6:	7854      	ldrb	r4, [r2, #1]
20000aa8:	b29b      	uxth	r3, r3
20000aaa:	8293      	strh	r3, [r2, #20]
20000aac:	2c00      	cmp	r4, #0
20000aae:	d131      	bne.n	20000b14 <prepare_ep_buffer+0xa0>
20000ab0:	4664      	mov	r4, ip
20000ab2:	68d5      	ldr	r5, [r2, #12]
20000ab4:	01a4      	lsls	r4, r4, #6
20000ab6:	1e4e      	subs	r6, r1, #1
20000ab8:	192d      	adds	r5, r5, r4
20000aba:	46b0      	mov	r8, r6
20000abc:	6914      	ldr	r4, [r2, #16]
20000abe:	2900      	cmp	r1, #0
20000ac0:	d023      	beq.n	20000b0a <prepare_ep_buffer+0x96>
20000ac2:	2e06      	cmp	r6, #6
20000ac4:	d932      	bls.n	20000b2c <prepare_ep_buffer+0xb8>
20000ac6:	002b      	movs	r3, r5
20000ac8:	4323      	orrs	r3, r4
20000aca:	079b      	lsls	r3, r3, #30
20000acc:	d12e      	bne.n	20000b2c <prepare_ep_buffer+0xb8>
20000ace:	1b2b      	subs	r3, r5, r4
20000ad0:	3b01      	subs	r3, #1
20000ad2:	2b02      	cmp	r3, #2
20000ad4:	d92a      	bls.n	20000b2c <prepare_ep_buffer+0xb8>
20000ad6:	2300      	movs	r3, #0
20000ad8:	088f      	lsrs	r7, r1, #2
20000ada:	00bf      	lsls	r7, r7, #2
20000adc:	58e6      	ldr	r6, [r4, r3]
20000ade:	50ee      	str	r6, [r5, r3]
20000ae0:	3304      	adds	r3, #4
20000ae2:	429f      	cmp	r7, r3
20000ae4:	d1fa      	bne.n	20000adc <prepare_ep_buffer+0x68>
20000ae6:	4643      	mov	r3, r8
20000ae8:	19ed      	adds	r5, r5, r7
20000aea:	1bdb      	subs	r3, r3, r7
20000aec:	19e4      	adds	r4, r4, r7
20000aee:	42b9      	cmp	r1, r7
20000af0:	d009      	beq.n	20000b06 <prepare_ep_buffer+0x92>
20000af2:	7826      	ldrb	r6, [r4, #0]
20000af4:	702e      	strb	r6, [r5, #0]
20000af6:	2b00      	cmp	r3, #0
20000af8:	d005      	beq.n	20000b06 <prepare_ep_buffer+0x92>
20000afa:	7866      	ldrb	r6, [r4, #1]
20000afc:	706e      	strb	r6, [r5, #1]
20000afe:	2b01      	cmp	r3, #1
20000b00:	d001      	beq.n	20000b06 <prepare_ep_buffer+0x92>
20000b02:	78a3      	ldrb	r3, [r4, #2]
20000b04:	70ab      	strb	r3, [r5, #2]
20000b06:	6914      	ldr	r4, [r2, #16]
20000b08:	8a93      	ldrh	r3, [r2, #20]
20000b0a:	1864      	adds	r4, r4, r1
20000b0c:	6114      	str	r4, [r2, #16]
20000b0e:	2280      	movs	r2, #128	@ 0x80
20000b10:	0212      	lsls	r2, r2, #8
20000b12:	4310      	orrs	r0, r2
20000b14:	2b00      	cmp	r3, #0
20000b16:	d102      	bne.n	20000b1e <prepare_ep_buffer+0xaa>
20000b18:	2380      	movs	r3, #128	@ 0x80
20000b1a:	01db      	lsls	r3, r3, #7
20000b1c:	4318      	orrs	r0, r3
20000b1e:	4663      	mov	r3, ip
20000b20:	2b00      	cmp	r3, #0
20000b22:	d000      	beq.n	20000b26 <prepare_ep_buffer+0xb2>
20000b24:	0400      	lsls	r0, r0, #16
20000b26:	bc80      	pop	{r7}
20000b28:	46b8      	mov	r8, r7
20000b2a:	bdf0      	pop	{r4, r5, r6, r7, pc}
20000b2c:	2300      	movs	r3, #0
20000b2e:	5ce6      	ldrb	r6, [r4, r3]
20000b30:	54ee      	strb	r6, [r5, r3]
20000b32:	3301      	adds	r3, #1
20000b34:	4299      	cmp	r1, r3
20000b36:	d1fa      	bne.n	20000b2e <prepare_ep_buffer+0xba>
20000b38:	e7e5      	b.n	20000b06 <prepare_ep_buffer+0x92>
20000b3a:	46c0      	nop			@ (mov r8, r8)

20000b3c <sync_ep_buffer>:
20000b3c:	6883      	ldr	r3, [r0, #8]
20000b3e:	b5f0      	push	{r4, r5, r6, r7, lr}
20000b40:	681a      	ldr	r2, [r3, #0]
20000b42:	0004      	movs	r4, r0
20000b44:	2900      	cmp	r1, #0
20000b46:	d000      	beq.n	20000b4a <sync_ep_buffer+0xe>
20000b48:	0c12      	lsrs	r2, r2, #16
20000b4a:	7863      	ldrb	r3, [r4, #1]
20000b4c:	0592      	lsls	r2, r2, #22
20000b4e:	0d90      	lsrs	r0, r2, #22
20000b50:	2b00      	cmp	r3, #0
20000b52:	d108      	bne.n	20000b66 <sync_ep_buffer+0x2a>
20000b54:	8ae3      	ldrh	r3, [r4, #22]
20000b56:	18c3      	adds	r3, r0, r3
20000b58:	82e3      	strh	r3, [r4, #22]
20000b5a:	8b23      	ldrh	r3, [r4, #24]
20000b5c:	4283      	cmp	r3, r0
20000b5e:	d901      	bls.n	20000b64 <sync_ep_buffer+0x28>
20000b60:	2300      	movs	r3, #0
20000b62:	82a3      	strh	r3, [r4, #20]
20000b64:	bdf0      	pop	{r4, r5, r6, r7, pc}
20000b66:	68e3      	ldr	r3, [r4, #12]
20000b68:	0189      	lsls	r1, r1, #6
20000b6a:	6925      	ldr	r5, [r4, #16]
20000b6c:	185e      	adds	r6, r3, r1
20000b6e:	1e47      	subs	r7, r0, #1
20000b70:	2800      	cmp	r0, #0
20000b72:	d022      	beq.n	20000bba <sync_ep_buffer+0x7e>
20000b74:	2f06      	cmp	r7, #6
20000b76:	d926      	bls.n	20000bc6 <sync_ep_buffer+0x8a>
20000b78:	3101      	adds	r1, #1
20000b7a:	185b      	adds	r3, r3, r1
20000b7c:	1aeb      	subs	r3, r5, r3
20000b7e:	2b02      	cmp	r3, #2
20000b80:	d921      	bls.n	20000bc6 <sync_ep_buffer+0x8a>
20000b82:	002b      	movs	r3, r5
20000b84:	4333      	orrs	r3, r6
20000b86:	079b      	lsls	r3, r3, #30
20000b88:	d11d      	bne.n	20000bc6 <sync_ep_buffer+0x8a>
20000b8a:	2300      	movs	r3, #0
20000b8c:	0e12      	lsrs	r2, r2, #24
20000b8e:	0092      	lsls	r2, r2, #2
20000b90:	58f1      	ldr	r1, [r6, r3]
20000b92:	50e9      	str	r1, [r5, r3]
20000b94:	3304      	adds	r3, #4
20000b96:	429a      	cmp	r2, r3
20000b98:	d1fa      	bne.n	20000b90 <sync_ep_buffer+0x54>
20000b9a:	1abf      	subs	r7, r7, r2
20000b9c:	18ad      	adds	r5, r5, r2
20000b9e:	18b6      	adds	r6, r6, r2
20000ba0:	4290      	cmp	r0, r2
20000ba2:	d009      	beq.n	20000bb8 <sync_ep_buffer+0x7c>
20000ba4:	7832      	ldrb	r2, [r6, #0]
20000ba6:	702a      	strb	r2, [r5, #0]
20000ba8:	2f00      	cmp	r7, #0
20000baa:	d005      	beq.n	20000bb8 <sync_ep_buffer+0x7c>
20000bac:	7872      	ldrb	r2, [r6, #1]
20000bae:	706a      	strb	r2, [r5, #1]
20000bb0:	2f01      	cmp	r7, #1
20000bb2:	d001      	beq.n	20000bb8 <sync_ep_buffer+0x7c>
20000bb4:	78b2      	ldrb	r2, [r6, #2]
20000bb6:	70aa      	strb	r2, [r5, #2]
20000bb8:	6925      	ldr	r5, [r4, #16]
20000bba:	8ae3      	ldrh	r3, [r4, #22]
20000bbc:	182d      	adds	r5, r5, r0
20000bbe:	18c3      	adds	r3, r0, r3
20000bc0:	82e3      	strh	r3, [r4, #22]
20000bc2:	6125      	str	r5, [r4, #16]
20000bc4:	e7c9      	b.n	20000b5a <sync_ep_buffer+0x1e>
20000bc6:	2200      	movs	r2, #0
20000bc8:	5cb3      	ldrb	r3, [r6, r2]
20000bca:	54ab      	strb	r3, [r5, r2]
20000bcc:	3201      	adds	r2, #1
20000bce:	4290      	cmp	r0, r2
20000bd0:	d1fa      	bne.n	20000bc8 <sync_ep_buffer+0x8c>
20000bd2:	6925      	ldr	r5, [r4, #16]
20000bd4:	e7f1      	b.n	20000bba <sync_ep_buffer+0x7e>
20000bd6:	46c0      	nop			@ (mov r8, r8)

20000bd8 <_hw_endpoint_xfer_sync>:
20000bd8:	b510      	push	{r4, lr}
20000bda:	0004      	movs	r4, r0
20000bdc:	6883      	ldr	r3, [r0, #8]
20000bde:	2100      	movs	r1, #0
20000be0:	681b      	ldr	r3, [r3, #0]
20000be2:	f7ff ffab 	bl	20000b3c <sync_ep_buffer>
20000be6:	6863      	ldr	r3, [r4, #4]
20000be8:	681b      	ldr	r3, [r3, #0]
20000bea:	005b      	lsls	r3, r3, #1
20000bec:	d502      	bpl.n	20000bf4 <_hw_endpoint_xfer_sync+0x1c>
20000bee:	8b23      	ldrh	r3, [r4, #24]
20000bf0:	4283      	cmp	r3, r0
20000bf2:	d000      	beq.n	20000bf6 <_hw_endpoint_xfer_sync+0x1e>
20000bf4:	bd10      	pop	{r4, pc}
20000bf6:	2101      	movs	r1, #1
20000bf8:	0020      	movs	r0, r4
20000bfa:	f7ff ff9f 	bl	20000b3c <sync_ep_buffer>
20000bfe:	e7f9      	b.n	20000bf4 <_hw_endpoint_xfer_sync+0x1c>

20000c00 <e15_is_bulkin_ep>:
20000c00:	4a08      	ldr	r2, [pc, #32]	@ (20000c24 <e15_is_bulkin_ep+0x24>)
20000c02:	0003      	movs	r3, r0
20000c04:	6c12      	ldr	r2, [r2, #64]	@ 0x40
20000c06:	2000      	movs	r0, #0
20000c08:	0792      	lsls	r2, r2, #30
20000c0a:	d403      	bmi.n	20000c14 <e15_is_bulkin_ep+0x14>
20000c0c:	789a      	ldrb	r2, [r3, #2]
20000c0e:	09d2      	lsrs	r2, r2, #7
20000c10:	2a01      	cmp	r2, #1
20000c12:	d000      	beq.n	20000c16 <e15_is_bulkin_ep+0x16>
20000c14:	4770      	bx	lr
20000c16:	7ed8      	ldrb	r0, [r3, #27]
20000c18:	3802      	subs	r0, #2
20000c1a:	4243      	negs	r3, r0
20000c1c:	4158      	adcs	r0, r3
20000c1e:	b2c0      	uxtb	r0, r0
20000c20:	e7f8      	b.n	20000c14 <e15_is_bulkin_ep+0x14>
20000c22:	46c0      	nop			@ (mov r8, r8)
20000c24:	50110000 	.word	0x50110000

20000c28 <e15_is_critical_frame_period>:
20000c28:	b510      	push	{r4, lr}
20000c2a:	f7ff ffe9 	bl	20000c00 <e15_is_bulkin_ep>
20000c2e:	2800      	cmp	r0, #0
20000c30:	d00c      	beq.n	20000c4c <e15_is_critical_frame_period+0x24>
20000c32:	4907      	ldr	r1, [pc, #28]	@ (20000c50 <e15_is_critical_frame_period+0x28>)
20000c34:	4b07      	ldr	r3, [pc, #28]	@ (20000c54 <e15_is_critical_frame_period+0x2c>)
20000c36:	468c      	mov	ip, r1
20000c38:	4a07      	ldr	r2, [pc, #28]	@ (20000c58 <e15_is_critical_frame_period+0x30>)
20000c3a:	6a9b      	ldr	r3, [r3, #40]	@ 0x28
20000c3c:	6812      	ldr	r2, [r2, #0]
20000c3e:	4463      	add	r3, ip
20000c40:	1a9b      	subs	r3, r3, r2
20000c42:	2000      	movs	r0, #0
20000c44:	22c6      	movs	r2, #198	@ 0xc6
20000c46:	429a      	cmp	r2, r3
20000c48:	4140      	adcs	r0, r0
20000c4a:	b2c0      	uxtb	r0, r0
20000c4c:	bd10      	pop	{r4, pc}
20000c4e:	46c0      	nop			@ (mov r8, r8)
20000c50:	fffffce0 	.word	0xfffffce0
20000c54:	40054000 	.word	0x40054000
20000c58:	20001b94 	.word	0x20001b94

20000c5c <hw_endpoint_reset_transfer>:
20000c5c:	2300      	movs	r3, #0
20000c5e:	7683      	strb	r3, [r0, #26]
20000c60:	6143      	str	r3, [r0, #20]
20000c62:	6103      	str	r3, [r0, #16]
20000c64:	4770      	bx	lr
20000c66:	46c0      	nop			@ (mov r8, r8)

20000c68 <_hw_endpoint_buffer_control_update32>:
20000c68:	b510      	push	{r4, lr}
20000c6a:	6883      	ldr	r3, [r0, #8]
20000c6c:	2900      	cmp	r1, #0
20000c6e:	d001      	beq.n	20000c74 <_hw_endpoint_buffer_control_update32+0xc>
20000c70:	681c      	ldr	r4, [r3, #0]
20000c72:	4021      	ands	r1, r4
20000c74:	2a00      	cmp	r2, #0
20000c76:	d012      	beq.n	20000c9e <_hw_endpoint_buffer_control_update32+0x36>
20000c78:	2480      	movs	r4, #128	@ 0x80
20000c7a:	00e4      	lsls	r4, r4, #3
20000c7c:	4311      	orrs	r1, r2
20000c7e:	4222      	tst	r2, r4
20000c80:	d00d      	beq.n	20000c9e <_hw_endpoint_buffer_control_update32+0x36>
20000c82:	681a      	ldr	r2, [r3, #0]
20000c84:	4222      	tst	r2, r4
20000c86:	d10c      	bne.n	20000ca2 <_hw_endpoint_buffer_control_update32+0x3a>
20000c88:	4a08      	ldr	r2, [pc, #32]	@ (20000cac <_hw_endpoint_buffer_control_update32+0x44>)
20000c8a:	400a      	ands	r2, r1
20000c8c:	601a      	str	r2, [r3, #0]
20000c8e:	4a08      	ldr	r2, [pc, #32]	@ (20000cb0 <_hw_endpoint_buffer_control_update32+0x48>)
20000c90:	6c12      	ldr	r2, [r2, #64]	@ 0x40
20000c92:	0792      	lsls	r2, r2, #30
20000c94:	d403      	bmi.n	20000c9e <_hw_endpoint_buffer_control_update32+0x36>
20000c96:	230c      	movs	r3, #12
20000c98:	3b03      	subs	r3, #3
20000c9a:	d2fd      	bcs.n	20000c98 <_hw_endpoint_buffer_control_update32+0x30>
20000c9c:	6883      	ldr	r3, [r0, #8]
20000c9e:	6019      	str	r1, [r3, #0]
20000ca0:	bd10      	pop	{r4, pc}
20000ca2:	7881      	ldrb	r1, [r0, #2]
20000ca4:	4803      	ldr	r0, [pc, #12]	@ (20000cb4 <_hw_endpoint_buffer_control_update32+0x4c>)
20000ca6:	f000 f997 	bl	20000fd8 <__panic_veneer>
20000caa:	46c0      	nop			@ (mov r8, r8)
20000cac:	fffffbff 	.word	0xfffffbff
20000cb0:	50110000 	.word	0x50110000
20000cb4:	1000978c 	.word	0x1000978c

20000cb8 <hw_endpoint_start_next_buffer>:
20000cb8:	6843      	ldr	r3, [r0, #4]
20000cba:	b570      	push	{r4, r5, r6, lr}
20000cbc:	2100      	movs	r1, #0
20000cbe:	2580      	movs	r5, #128	@ 0x80
20000cc0:	0004      	movs	r4, r0
20000cc2:	681e      	ldr	r6, [r3, #0]
20000cc4:	f7ff fed6 	bl	20000a74 <prepare_ep_buffer>
20000cc8:	4b12      	ldr	r3, [pc, #72]	@ (20000d14 <hw_endpoint_start_next_buffer+0x5c>)
20000cca:	016d      	lsls	r5, r5, #5
20000ccc:	6c1a      	ldr	r2, [r3, #64]	@ 0x40
20000cce:	4305      	orrs	r5, r0
20000cd0:	78a3      	ldrb	r3, [r4, #2]
20000cd2:	0792      	lsls	r2, r2, #30
20000cd4:	d50e      	bpl.n	20000cf4 <hw_endpoint_start_next_buffer+0x3c>
20000cd6:	065b      	lsls	r3, r3, #25
20000cd8:	d00e      	beq.n	20000cf8 <hw_endpoint_start_next_buffer+0x40>
20000cda:	4b0f      	ldr	r3, [pc, #60]	@ (20000d18 <hw_endpoint_start_next_buffer+0x60>)
20000cdc:	401e      	ands	r6, r3
20000cde:	2380      	movs	r3, #128	@ 0x80
20000ce0:	059b      	lsls	r3, r3, #22
20000ce2:	4333      	orrs	r3, r6
20000ce4:	6862      	ldr	r2, [r4, #4]
20000ce6:	2100      	movs	r1, #0
20000ce8:	6013      	str	r3, [r2, #0]
20000cea:	0020      	movs	r0, r4
20000cec:	002a      	movs	r2, r5
20000cee:	f7ff ffbb 	bl	20000c68 <_hw_endpoint_buffer_control_update32>
20000cf2:	bd70      	pop	{r4, r5, r6, pc}
20000cf4:	09db      	lsrs	r3, r3, #7
20000cf6:	d0f0      	beq.n	20000cda <hw_endpoint_start_next_buffer+0x22>
20000cf8:	8aa3      	ldrh	r3, [r4, #20]
20000cfa:	2b00      	cmp	r3, #0
20000cfc:	d0ed      	beq.n	20000cda <hw_endpoint_start_next_buffer+0x22>
20000cfe:	2101      	movs	r1, #1
20000d00:	0020      	movs	r0, r4
20000d02:	f7ff feb7 	bl	20000a74 <prepare_ep_buffer>
20000d06:	23a0      	movs	r3, #160	@ 0xa0
20000d08:	4a04      	ldr	r2, [pc, #16]	@ (20000d1c <hw_endpoint_start_next_buffer+0x64>)
20000d0a:	05db      	lsls	r3, r3, #23
20000d0c:	4032      	ands	r2, r6
20000d0e:	4305      	orrs	r5, r0
20000d10:	4313      	orrs	r3, r2
20000d12:	e7e7      	b.n	20000ce4 <hw_endpoint_start_next_buffer+0x2c>
20000d14:	50110000 	.word	0x50110000
20000d18:	afffffff 	.word	0xafffffff
20000d1c:	dfffffff 	.word	0xdfffffff

20000d20 <hw_endpoint_xfer_continue>:
20000d20:	b570      	push	{r4, r5, r6, lr}
20000d22:	7e85      	ldrb	r5, [r0, #26]
20000d24:	0004      	movs	r4, r0
20000d26:	2d00      	cmp	r5, #0
20000d28:	d014      	beq.n	20000d54 <hw_endpoint_xfer_continue+0x34>
20000d2a:	f7ff ff55 	bl	20000bd8 <_hw_endpoint_xfer_sync>
20000d2e:	8aa3      	ldrh	r3, [r4, #20]
20000d30:	2b00      	cmp	r3, #0
20000d32:	d101      	bne.n	20000d38 <hw_endpoint_xfer_continue+0x18>
20000d34:	0028      	movs	r0, r5
20000d36:	bd70      	pop	{r4, r5, r6, pc}
20000d38:	0020      	movs	r0, r4
20000d3a:	f7ff ff75 	bl	20000c28 <e15_is_critical_frame_period>
20000d3e:	2800      	cmp	r0, #0
20000d40:	d003      	beq.n	20000d4a <hw_endpoint_xfer_continue+0x2a>
20000d42:	2301      	movs	r3, #1
20000d44:	2500      	movs	r5, #0
20000d46:	7723      	strb	r3, [r4, #28]
20000d48:	e7f4      	b.n	20000d34 <hw_endpoint_xfer_continue+0x14>
20000d4a:	0020      	movs	r0, r4
20000d4c:	f7ff ffb4 	bl	20000cb8 <hw_endpoint_start_next_buffer>
20000d50:	2500      	movs	r5, #0
20000d52:	e7ef      	b.n	20000d34 <hw_endpoint_xfer_continue+0x14>
20000d54:	7881      	ldrb	r1, [r0, #2]
20000d56:	4801      	ldr	r0, [pc, #4]	@ (20000d5c <hw_endpoint_xfer_continue+0x3c>)
20000d58:	f000 f93e 	bl	20000fd8 <__panic_veneer>
20000d5c:	100097ac 	.word	0x100097ac

20000d60 <dcd_event_handler>:
20000d60:	b5f0      	push	{r4, r5, r6, r7, lr}
20000d62:	46ce      	mov	lr, r9
20000d64:	4647      	mov	r7, r8
20000d66:	b580      	push	{r7, lr}
20000d68:	7843      	ldrb	r3, [r0, #1]
20000d6a:	0005      	movs	r5, r0
20000d6c:	000e      	movs	r6, r1
20000d6e:	b085      	sub	sp, #20
20000d70:	2b06      	cmp	r3, #6
20000d72:	d808      	bhi.n	20000d86 <dcd_event_handler+0x26>
20000d74:	4a6c      	ldr	r2, [pc, #432]	@ (20000f28 <dcd_event_handler+0x1c8>)
20000d76:	009b      	lsls	r3, r3, #2
20000d78:	58d3      	ldr	r3, [r2, r3]
20000d7a:	469f      	mov	pc, r3
20000d7c:	4a6b      	ldr	r2, [pc, #428]	@ (20000f2c <dcd_event_handler+0x1cc>)
20000d7e:	7813      	ldrb	r3, [r2, #0]
20000d80:	3301      	adds	r3, #1
20000d82:	b2db      	uxtb	r3, r3
20000d84:	7013      	strb	r3, [r2, #0]
20000d86:	4b6a      	ldr	r3, [pc, #424]	@ (20000f30 <dcd_event_handler+0x1d0>)
20000d88:	681c      	ldr	r4, [r3, #0]
20000d8a:	6962      	ldr	r2, [r4, #20]
20000d8c:	f3ef 8110 	mrs	r1, PRIMASK
20000d90:	b672      	cpsid	i
20000d92:	6813      	ldr	r3, [r2, #0]
20000d94:	2b00      	cmp	r3, #0
20000d96:	d0fc      	beq.n	20000d92 <dcd_event_handler+0x32>
20000d98:	f3bf 8f5f 	dmb	sy
20000d9c:	61a1      	str	r1, [r4, #24]
20000d9e:	0020      	movs	r0, r4
20000da0:	0029      	movs	r1, r5
20000da2:	f000 f901 	bl	20000fa8 <__tu_fifo_write_veneer>
20000da6:	6962      	ldr	r2, [r4, #20]
20000da8:	69a3      	ldr	r3, [r4, #24]
20000daa:	f3bf 8f5f 	dmb	sy
20000dae:	2100      	movs	r1, #0
20000db0:	6011      	str	r1, [r2, #0]
20000db2:	f383 8810 	msr	PRIMASK, r3
20000db6:	2800      	cmp	r0, #0
20000db8:	d104      	bne.n	20000dc4 <dcd_event_handler+0x64>
20000dba:	b005      	add	sp, #20
20000dbc:	bcc0      	pop	{r6, r7}
20000dbe:	46b9      	mov	r9, r7
20000dc0:	46b0      	mov	r8, r6
20000dc2:	bdf0      	pop	{r4, r5, r6, r7, pc}
20000dc4:	0032      	movs	r2, r6
20000dc6:	7869      	ldrb	r1, [r5, #1]
20000dc8:	7828      	ldrb	r0, [r5, #0]
20000dca:	f000 f8e5 	bl	20000f98 <__tud_event_hook_cb_veneer>
20000dce:	e7f4      	b.n	20000dba <dcd_event_handler+0x5a>
20000dd0:	2101      	movs	r1, #1
20000dd2:	4b58      	ldr	r3, [pc, #352]	@ (20000f34 <dcd_event_handler+0x1d4>)
20000dd4:	781a      	ldrb	r2, [r3, #0]
20000dd6:	438a      	bics	r2, r1
20000dd8:	701a      	strb	r2, [r3, #0]
20000dda:	781a      	ldrb	r2, [r3, #0]
20000ddc:	3101      	adds	r1, #1
20000dde:	438a      	bics	r2, r1
20000de0:	701a      	strb	r2, [r3, #0]
20000de2:	2200      	movs	r2, #0
20000de4:	705a      	strb	r2, [r3, #1]
20000de6:	781a      	ldrb	r2, [r3, #0]
20000de8:	3102      	adds	r1, #2
20000dea:	438a      	bics	r2, r1
20000dec:	701a      	strb	r2, [r3, #0]
20000dee:	e7ca      	b.n	20000d86 <dcd_event_handler+0x26>
20000df0:	4951      	ldr	r1, [pc, #324]	@ (20000f38 <dcd_event_handler+0x1d8>)
20000df2:	4f52      	ldr	r7, [pc, #328]	@ (20000f3c <dcd_event_handler+0x1dc>)
20000df4:	4689      	mov	r9, r1
20000df6:	4952      	ldr	r1, [pc, #328]	@ (20000f40 <dcd_event_handler+0x1e0>)
20000df8:	2400      	movs	r4, #0
20000dfa:	2300      	movs	r3, #0
20000dfc:	4688      	mov	r8, r1
20000dfe:	783a      	ldrb	r2, [r7, #0]
20000e00:	e012      	b.n	20000e28 <dcd_event_handler+0xc8>
20000e02:	4643      	mov	r3, r8
20000e04:	681b      	ldr	r3, [r3, #0]
20000e06:	0161      	lsls	r1, r4, #5
20000e08:	185b      	adds	r3, r3, r1
20000e0a:	2b00      	cmp	r3, #0
20000e0c:	d006      	beq.n	20000e1c <dcd_event_handler+0xbc>
20000e0e:	69db      	ldr	r3, [r3, #28]
20000e10:	2b00      	cmp	r3, #0
20000e12:	d003      	beq.n	20000e1c <dcd_event_handler+0xbc>
20000e14:	6869      	ldr	r1, [r5, #4]
20000e16:	7828      	ldrb	r0, [r5, #0]
20000e18:	4798      	blx	r3
20000e1a:	783a      	ldrb	r2, [r7, #0]
20000e1c:	3401      	adds	r4, #1
20000e1e:	b2e4      	uxtb	r4, r4
20000e20:	1c51      	adds	r1, r2, #1
20000e22:	0023      	movs	r3, r4
20000e24:	42a1      	cmp	r1, r4
20000e26:	db17      	blt.n	20000e58 <dcd_event_handler+0xf8>
20000e28:	42a2      	cmp	r2, r4
20000e2a:	d8ea      	bhi.n	20000e02 <dcd_event_handler+0xa2>
20000e2c:	1a9b      	subs	r3, r3, r2
20000e2e:	015b      	lsls	r3, r3, #5
20000e30:	444b      	add	r3, r9
20000e32:	e7ec      	b.n	20000e0e <dcd_event_handler+0xae>
20000e34:	4b3f      	ldr	r3, [pc, #252]	@ (20000f34 <dcd_event_handler+0x1d4>)
20000e36:	781a      	ldrb	r2, [r3, #0]
20000e38:	07d2      	lsls	r2, r2, #31
20000e3a:	d5be      	bpl.n	20000dba <dcd_event_handler+0x5a>
20000e3c:	2104      	movs	r1, #4
20000e3e:	781a      	ldrb	r2, [r3, #0]
20000e40:	430a      	orrs	r2, r1
20000e42:	701a      	strb	r2, [r3, #0]
20000e44:	e79f      	b.n	20000d86 <dcd_event_handler+0x26>
20000e46:	4b3b      	ldr	r3, [pc, #236]	@ (20000f34 <dcd_event_handler+0x1d4>)
20000e48:	781a      	ldrb	r2, [r3, #0]
20000e4a:	07d2      	lsls	r2, r2, #31
20000e4c:	d5b5      	bpl.n	20000dba <dcd_event_handler+0x5a>
20000e4e:	2104      	movs	r1, #4
20000e50:	781a      	ldrb	r2, [r3, #0]
20000e52:	438a      	bics	r2, r1
20000e54:	701a      	strb	r2, [r3, #0]
20000e56:	e796      	b.n	20000d86 <dcd_event_handler+0x26>
20000e58:	4f36      	ldr	r7, [pc, #216]	@ (20000f34 <dcd_event_handler+0x1d4>)
20000e5a:	783b      	ldrb	r3, [r7, #0]
20000e5c:	075b      	lsls	r3, r3, #29
20000e5e:	d52b      	bpl.n	20000eb8 <dcd_event_handler+0x158>
20000e60:	2204      	movs	r2, #4
20000e62:	783b      	ldrb	r3, [r7, #0]
20000e64:	2100      	movs	r1, #0
20000e66:	4393      	bics	r3, r2
20000e68:	703b      	strb	r3, [r7, #0]
20000e6a:	466b      	mov	r3, sp
20000e6c:	3206      	adds	r2, #6
20000e6e:	1d98      	adds	r0, r3, #6
20000e70:	f000 f87a 	bl	20000f68 <____wrap_memset_veneer>
20000e74:	782b      	ldrb	r3, [r5, #0]
20000e76:	ac01      	add	r4, sp, #4
20000e78:	7023      	strb	r3, [r4, #0]
20000e7a:	2305      	movs	r3, #5
20000e7c:	7063      	strb	r3, [r4, #1]
20000e7e:	4b2c      	ldr	r3, [pc, #176]	@ (20000f30 <dcd_event_handler+0x1d0>)
20000e80:	681b      	ldr	r3, [r3, #0]
20000e82:	4698      	mov	r8, r3
20000e84:	695a      	ldr	r2, [r3, #20]
20000e86:	f3ef 8110 	mrs	r1, PRIMASK
20000e8a:	b672      	cpsid	i
20000e8c:	6813      	ldr	r3, [r2, #0]
20000e8e:	2b00      	cmp	r3, #0
20000e90:	d0fc      	beq.n	20000e8c <dcd_event_handler+0x12c>
20000e92:	f3bf 8f5f 	dmb	sy
20000e96:	4643      	mov	r3, r8
20000e98:	4640      	mov	r0, r8
20000e9a:	6199      	str	r1, [r3, #24]
20000e9c:	0021      	movs	r1, r4
20000e9e:	f000 f883 	bl	20000fa8 <__tu_fifo_write_veneer>
20000ea2:	4643      	mov	r3, r8
20000ea4:	695a      	ldr	r2, [r3, #20]
20000ea6:	699b      	ldr	r3, [r3, #24]
20000ea8:	f3bf 8f5f 	dmb	sy
20000eac:	2100      	movs	r1, #0
20000eae:	6011      	str	r1, [r2, #0]
20000eb0:	f383 8810 	msr	PRIMASK, r3
20000eb4:	2800      	cmp	r0, #0
20000eb6:	d131      	bne.n	20000f1c <dcd_event_handler+0x1bc>
20000eb8:	78fb      	ldrb	r3, [r7, #3]
20000eba:	07db      	lsls	r3, r3, #31
20000ebc:	d400      	bmi.n	20000ec0 <dcd_event_handler+0x160>
20000ebe:	e77c      	b.n	20000dba <dcd_event_handler+0x5a>
20000ec0:	466b      	mov	r3, sp
20000ec2:	220a      	movs	r2, #10
20000ec4:	2100      	movs	r1, #0
20000ec6:	1d98      	adds	r0, r3, #6
20000ec8:	f000 f84e 	bl	20000f68 <____wrap_memset_veneer>
20000ecc:	782b      	ldrb	r3, [r5, #0]
20000ece:	ac01      	add	r4, sp, #4
20000ed0:	7023      	strb	r3, [r4, #0]
20000ed2:	2303      	movs	r3, #3
20000ed4:	7063      	strb	r3, [r4, #1]
20000ed6:	686b      	ldr	r3, [r5, #4]
20000ed8:	6063      	str	r3, [r4, #4]
20000eda:	4b15      	ldr	r3, [pc, #84]	@ (20000f30 <dcd_event_handler+0x1d0>)
20000edc:	681d      	ldr	r5, [r3, #0]
20000ede:	696a      	ldr	r2, [r5, #20]
20000ee0:	f3ef 8110 	mrs	r1, PRIMASK
20000ee4:	b672      	cpsid	i
20000ee6:	6813      	ldr	r3, [r2, #0]
20000ee8:	2b00      	cmp	r3, #0
20000eea:	d0fc      	beq.n	20000ee6 <dcd_event_handler+0x186>
20000eec:	f3bf 8f5f 	dmb	sy
20000ef0:	61a9      	str	r1, [r5, #24]
20000ef2:	0028      	movs	r0, r5
20000ef4:	0021      	movs	r1, r4
20000ef6:	f000 f857 	bl	20000fa8 <__tu_fifo_write_veneer>
20000efa:	696a      	ldr	r2, [r5, #20]
20000efc:	69ab      	ldr	r3, [r5, #24]
20000efe:	f3bf 8f5f 	dmb	sy
20000f02:	2100      	movs	r1, #0
20000f04:	6011      	str	r1, [r2, #0]
20000f06:	f383 8810 	msr	PRIMASK, r3
20000f0a:	2800      	cmp	r0, #0
20000f0c:	d100      	bne.n	20000f10 <dcd_event_handler+0x1b0>
20000f0e:	e754      	b.n	20000dba <dcd_event_handler+0x5a>
20000f10:	0032      	movs	r2, r6
20000f12:	7861      	ldrb	r1, [r4, #1]
20000f14:	7820      	ldrb	r0, [r4, #0]
20000f16:	f000 f83f 	bl	20000f98 <__tud_event_hook_cb_veneer>
20000f1a:	e74e      	b.n	20000dba <dcd_event_handler+0x5a>
20000f1c:	0032      	movs	r2, r6
20000f1e:	7861      	ldrb	r1, [r4, #1]
20000f20:	7820      	ldrb	r0, [r4, #0]
20000f22:	f000 f839 	bl	20000f98 <__tud_event_hook_cb_veneer>
20000f26:	e7c7      	b.n	20000eb8 <dcd_event_handler+0x158>
20000f28:	10009c38 	.word	0x10009c38
20000f2c:	20022492 	.word	0x20022492
20000f30:	20001588 	.word	0x20001588
20000f34:	20001530 	.word	0x20001530
20000f38:	10009c54 	.word	0x10009c54
20000f3c:	20022490 	.word	0x20022490
20000f40:	20001380 	.word	0x20001380

20000f44 <__aeabi_idiv0>:
20000f44:	4770      	bx	lr
20000f46:	46c0      	nop			@ (mov r8, r8)

20000f48 <____wrap___aeabi_lmul_veneer>:
20000f48:	b401      	push	{r0}
20000f4a:	4802      	ldr	r0, [pc, #8]	@ (20000f54 <____wrap___aeabi_lmul_veneer+0xc>)
20000f4c:	4684      	mov	ip, r0
20000f4e:	bc01      	pop	{r0}
20000f50:	4760      	bx	ip
20000f52:	bf00      	nop
20000f54:	10002001 	.word	0x10002001

20000f58 <__ulPortLockGetCurrentOwnerId_veneer>:
20000f58:	b401      	push	{r0}
20000f5a:	4802      	ldr	r0, [pc, #8]	@ (20000f64 <__ulPortLockGetCurrentOwnerId_veneer+0xc>)
20000f5c:	4684      	mov	ip, r0
20000f5e:	bc01      	pop	{r0}
20000f60:	4760      	bx	ip
20000f62:	bf00      	nop
20000f64:	100069f1 	.word	0x100069f1

20000f68 <____wrap_memset_veneer>:
20000f68:	b401      	push	{r0}
20000f6a:	4802      	ldr	r0, [pc, #8]	@ (20000f74 <____wrap_memset_veneer+0xc>)
20000f6c:	4684      	mov	ip, r0
20000f6e:	bc01      	pop	{r0}
20000f70:	4760      	bx	ip
20000f72:	bf00      	nop
20000f74:	100020ad 	.word	0x100020ad

20000f78 <__xPortLockInternalSpinUnlockWithBestEffortWaitOrTimeout_veneer>:
20000f78:	b401      	push	{r0}
20000f7a:	4802      	ldr	r0, [pc, #8]	@ (20000f84 <__xPortLockInternalSpinUnlockWithBestEffortWaitOrTimeout_veneer+0xc>)
20000f7c:	4684      	mov	ip, r0
20000f7e:	bc01      	pop	{r0}
20000f80:	4760      	bx	ip
20000f82:	bf00      	nop
20000f84:	10006b4d 	.word	0x10006b4d

20000f88 <__rp2040_chip_version_veneer>:
20000f88:	b401      	push	{r0}
20000f8a:	4802      	ldr	r0, [pc, #8]	@ (20000f94 <__rp2040_chip_version_veneer+0xc>)
20000f8c:	4684      	mov	ip, r0
20000f8e:	bc01      	pop	{r0}
20000f90:	4760      	bx	ip
20000f92:	bf00      	nop
20000f94:	1000040d 	.word	0x1000040d

20000f98 <__tud_event_hook_cb_veneer>:
20000f98:	b401      	push	{r0}
20000f9a:	4802      	ldr	r0, [pc, #8]	@ (20000fa4 <__tud_event_hook_cb_veneer+0xc>)
20000f9c:	4684      	mov	ip, r0
20000f9e:	bc01      	pop	{r0}
20000fa0:	4760      	bx	ip
20000fa2:	bf00      	nop
20000fa4:	100048a9 	.word	0x100048a9

20000fa8 <__tu_fifo_write_veneer>:
20000fa8:	b401      	push	{r0}
20000faa:	4802      	ldr	r0, [pc, #8]	@ (20000fb4 <__tu_fifo_write_veneer+0xc>)
20000fac:	4684      	mov	ip, r0
20000fae:	bc01      	pop	{r0}
20000fb0:	4760      	bx	ip
20000fb2:	bf00      	nop
20000fb4:	10006309 	.word	0x10006309

20000fb8 <__time_us_64_veneer>:
20000fb8:	b401      	push	{r0}
20000fba:	4802      	ldr	r0, [pc, #8]	@ (20000fc4 <__time_us_64_veneer+0xc>)
20000fbc:	4684      	mov	ip, r0
20000fbe:	bc01      	pop	{r0}
20000fc0:	4760      	bx	ip
20000fc2:	bf00      	nop
20000fc4:	1000122d 	.word	0x1000122d

20000fc8 <__vPortLockInternalSpinUnlockWithNotify_veneer>:
20000fc8:	b401      	push	{r0}
20000fca:	4802      	ldr	r0, [pc, #8]	@ (20000fd4 <__vPortLockInternalSpinUnlockWithNotify_veneer+0xc>)
20000fcc:	4684      	mov	ip, r0
20000fce:	bc01      	pop	{r0}
20000fd0:	4760      	bx	ip
20000fd2:	bf00      	nop
20000fd4:	10006a85 	.word	0x10006a85

20000fd8 <__panic_veneer>:
20000fd8:	b401      	push	{r0}
20000fda:	4802      	ldr	r0, [pc, #8]	@ (20000fe4 <__panic_veneer+0xc>)
20000fdc:	4684      	mov	ip, r0
20000fde:	bc01      	pop	{r0}
20000fe0:	4760      	bx	ip
20000fe2:	bf00      	nop
20000fe4:	10000419 	.word	0x10000419

20000fe8 <striped_spin_lock_num>:
20000fe8:	00000010                                ....

20000fec <irq_handler_chain_slots>:
20000fec:	00000000 	.word	0x00000000
20000ff0:	00010000 	.word	0x00010000
	...
20000ffc:	00020000 	.word	0x00020000
	...
20001008:	00030000 	.word	0x00030000
	...
20001014:	00ff0000 	.word	0x00ff0000
20001018:	00000000 	.word	0x00000000

2000101c <irq_handler_chain_first_slot>:
2000101c:	b501      	push	{r0, lr}
2000101e:	6848      	ldr	r0, [r1, #4]
20001020:	3101      	adds	r1, #1
20001022:	468e      	mov	lr, r1
20001024:	4700      	bx	r0

20001026 <irq_handler_chain_remove_tail>:
20001026:	4670      	mov	r0, lr
20001028:	3809      	subs	r0, #9
2000102a:	4901      	ldr	r1, [pc, #4]	@ (20001030 <irq_handler_chain_remove_tail+0xa>)
2000102c:	4788      	blx	r1
2000102e:	bd01      	pop	{r0, pc}
20001030:	1000087d 	.word	0x1000087d

20001034 <default_alarm_pool>:
	...
20001048:	200010b8 00000000                       ... ....

20001050 <aeabi_bits_funcs>:
20001050:	00003350 	.word	0x00003350
20001054:	0000334c 	.word	0x0000334c
20001058:	00003354 	.word	0x00003354
2000105c:	00003352 	.word	0x00003352

20001060 <aeabi_bits_funcs_end>:
20001060:	0000534d 	.word	0x0000534d
20001064:	0000434d 	.word	0x0000434d
20001068:	00003453 	.word	0x00003453
2000106c:	00003443 	.word	0x00003443

20001070 <stdio_usb>:
20001070:	10004069 1000401d 10003f91 10003f09     i@...@...?...?..
20001080:	00000000 00000100                       ........

20001088 <_usbd_qdef>:
20001088:	2000158c 000c0010 00000000 00000000     ... ............
	...

200010a4 <_usbd_rhport>:
200010a4:	                                         .

200010a5 <ucPrimaryCoreNum>:
200010a5:	                                         ...

200010a8 <malloc_mutex>:
	...

200010b0 <print_mutex>:
	...
