:020000041000EA
:1000000000B5324B212058609868022188439860DF
:10001000D860186158612E4B002199600221596106
:100020000121F02299502B49196001219960352056
:1000300000F044F80222904214D00621196600F024
:1000400034F8196E01211966002018661A6600F04E
:100050002CF8196E196E196E052000F02FF8012189
:100060000842F9D1002199601B49196000215960AB
:100070001A491B48016001219960EB211966A021F2
:10008000196600F012F800219960164914480160C1
:100090000121996001BC002800D000471248134993
:1000A000086003C880F30888084703B5996A0420EC
:1000B0000142FBD001200142F8D103BD02B5186610
:1000C0001866FFF7F2FF186E186E02BD00000240BE
:1000D000000000180000070000035F00212200005C
:1000E000F4000018222000A00001001008ED00E03C
:1000F00000000000000000000000000074B24E7A12
:1001000000200420F7010010CB010010CD010010E9
:10011000C9010010C9010010C9010010C901001077
:10012000C9010010C9010010C9010010CF01001061
:10013000C9010010C9010010D1010010D301001045
:10014000C1010010C1010010C1010010C101001067
:10015000C1010010C1010010C1010010C101001057
:10016000C1010010C1010010C1010010C101001047
:10017000C1010010C1010010C1010010C101001037
:10018000C1010010C1010010C1010010C101001027
:10019000C1010010C1010010C1010010C101001017
:1001A000C1010010C1010010C1010010C101001007
:1001B000C1010010C1010010C1010010C1010010F7
:1001C000EFF30580103800BE00BE00BE00BE00BECA
:1001D00000BE00BEF2EB8871289F00104C9F0010FB
:1001E0003802001090A31AE71E481F49086006C88D
:1001F00081F3088810471D480068002801D019487D
:10020000F3E70DA40ECC002902D000F012F8F9E7B4
:100210001749184A002000E001C19142FCD116495B
:100220008847164988471649884700BEFDE701C937
:1002300001C29A42FBD370474C9F0010C0000020BF
:10024000B810002044AF001000000420000004207B
:1002500044AF001000100420001004200000000033
:10026000704700000000000008ED00E0000000D032
:10027000B81000209C240220CD390010BD030010CE
:10028000C5390010F8B5C04606480749091A8B1051
:10029000C90FC91810B5491003D0044B002B00D06A
:1002A000984710BDB8100020B810002000000000D2
:1002B000054B10B5002B03D00449054800E000BFF2
:1002C000FFF7E2FF10BDC04600000000A81F00209D
:1002D0001096001010B5024808F098FB10BDC046FB
:1002E000181A0020154BF0B54746CE469946002314
:1002F00080B59846FF2789B0114D04AC012221003A
:100300002868524206F0FCFF0128F7D16668F3B274
:10031000002B05D03A0006A9324001A801F0CCFE1E
:100320003B006A46414633400432D15448461300EC
:100330002168320003F05AFDE0E7C0461096001035
:100340007422002010B51400C90200D410BD044B63
:10035000002221001868002306F02AFFF6E7C046B5
:100360007422002010B5104C82B02000002109F04A
:1003700001F820000D4909F015F807200C4900F09C
:1003800045F97F21072000F065FA0121072000F0E0
:1003900005F9052320000093064A0749013B09F0AF
:1003A00003F802B010BDC046181A00204503001023
:1003B000D502001020A107004059730700B583B093
:1003C00003F042FC0D4800F01DFE002210214020E9
:1003D00006F09CFE0A4B1860FFF7C4FF0023802242
:1003E000019301330749009392000023064807F068
:1003F000EFFA07F0FFFA002003B000BD88130000F9
:100400007422002030960010E50200108023DB05E6
:100410001868000F7047C0460FB400B5084883B095
:1004200003F060FC049B002B07D005A91800019184
:1004300003F0AAFA034803F055FC012003F0BCFACC
:10044000409600102C96001010B50148FFF7E4FF0D
:100450005096001070B5EFF3108C72B60D4D2B68EE
:10046000002BFCD0BFF35F8F0724CB08C618C05CFD
:1004700001230C40A3401C000440034207D1184351
:100480003070BFF35F8F2C608CF3108870BD10004C
:10049000FFF7C2FF2C0100D0F8B54746CE4688468C
:1004A00080B5EFF3108C72B61C4D2C68002CFCD07C
:1004B000BFF35F8F9A4222D807210126894602E0C6
:1004C0000132934218D34D4637001540AF40D4084F
:1004D0000119045D2742F3D110003C430C70BFF3B7
:1004E0005F8F00220D4B1A608CF3108800280EDB02
:1004F000C0BCB946B046F8BD01204042EFE7BFF3AB
:100500005F8F00232B608CF310880120404243460C
:10051000002BEDD00898FFF77FFFC0462C0100D0DC
:10052000044A1078431CDBB2172B00D91023137038
:100530007047C046E80F002010B5064B064C82B04D
:100540000100009318221F232000FFF7A5FF02B02F
:1005500010BDC04660960010381B00200021044BDF
:10056000044ABFF35F8F02C39342FAD17047C0467B
:10057000000100D0800100D0054B064A1360064AF6
:10058000136053609360D36013615361936170474C
:100590008080808000E400E004E400E01F23184035
:1005A0001E3B8340002905D0C021044A4900535016
:1005B00013607047802201498B50FAE700E100E0A8
:1005C00001228240034B1B6813405A1E9341D8B24C
:1005D0007047C04600E100E001238340014A1360F8
:1005E0007047C04600E200E0064B10309B68800078
:1005F000C358054A00209B1A2F229A424041C0B29C
:100600007047C04600ED00E0EC0F002070B50D0013
:10061000EFF3108672B60F4A1368002BFCD0BFF3BD
:100620005F8F0D4B10309B6884001B590B4A93421F
:1006300003D09D4201D001F017F8074B9B681D5174
:10064000BFF35F8FBFF35F8F0022024B1A6086F308
:10065000108870BD240100D000ED00E0C101001041
:10066000F0B557464E46DE464546E0B585B0060035
:1006700000911700EFF3108B72B66A4A1368002BD3
:10068000FCD0BFF35F8F0025674B5D579A46002D66
:1006900000DAA9E06B00654C01935B199B0098465A
:1006A000A146C1444B4652469B7910361370604BAD
:1006B000B6009B6899590B1B2F2B33D95D4B994280
:1006C00000D0ACE0019B42469C465B4B6544AD00CC
:1006D00063535A4B0232A218043B9B1A1B05584A1B
:1006E0005B0D651913436B80564B0121AB80FF23D3
:1006F000AB71009BEF71AB604B460B4319004C4B49
:100700009B689951BFF35F8FBFF35F8F0022454B0A
:100710001A608BF3108805B0F0BCBB46B246A94600
:10072000A046F0BD01200A008243D3798C46BB422B
:1007300031D84546130044491B1B5B415943090D01
:100740003D4B63533D4B02356519043B5B1B1B0559
:100750003B4D5B0D2B43AA464D466B800425AC46B2
:100760005546E044131F44441B1B1B055B0D1D43F2
:100770004B46997100999D8099604946DF71334BD2
:1007800001431360BBE75800C01880002018C179EE
:10079000B9422FD902000623D356002BF3DA029375
:1007A0002B4B61460393131D9A4604235B429C46E0
:1007B000E14450464B461B1A1B055B0D9C46204BE3
:1007C000957198466346404603439380019B5A19AE
:1007D0009200039BA418A380029B1C4AA371009B58
:1007E0002260E771A3608AE700F03EFF00255346D0
:1007F0005D574FE7908802934005131D9A460315F5
:1008000061469C464046D444634604302018181A7A
:10081000E0230005400D1B0218430390C5E700F0DC
:1008200023FF4FE7240100D094240220EC0F002086
:1008300000ED00E0C101001000A1FFFF1C1000202E
:1008400000E0FFFF01BDFFFFAAAA000001488047AA
:1008500001BD000010B58308040003202040FF24E0
:10086000054AC0009446844081409B0063441A6856
:10087000A2430A431A6010BD00E400E070B50124F1
:100880000443EFF30581EFF3108C72B6214A13682D
:10089000002BFCD0BFF35F8F1F4B05001F4AED1AE2
:1008A0006D416A43120D1E4D8900AE6852B27658F2
:1008B000A6421CD00621595691421CD012215956ED
:1008C000914222D01E215956914220D02A215956B8
:1008D0000324914210D0134B19781A708171BFF321
:1008E0005F8F00220B4B1A608CF3108870BDAB68D1
:1008F0000D4C5C50EFE700246100091989005B187A
:10090000FF21997109499980E5E70124F4E7022460
:10091000F2E7C046240100D0EC0F0020AAAA000094
:1009200000ED00E094240220C101001001BDFFFF92
:1009300010B5084B084C82B001000093002205233B
:100940002000FFF7A9FD002801DB1F23181A02B0C1
:1009500010BDC0467C96001098240220024B9C4695
:10096000614489000160704740000034F8B5124CC2
:10097000124DAC4212D20126002776422368002B8A
:100980000DD0FFF7CDFD01002000FFF7E7FF666007
:100990002772BFF35F8F0C34AC42EFD3F8BDFFF783
:1009A000BFFD01002000FFF7D9FF6660BFF35F8F36
:1009B0000834AC42E2D3F1E7A8100020B8100020C0
:1009C00010B50400FFF7ACFD01002000FFF7C6FFE3
:1009D00001235B426360BFF35F8F10BD10B504005D
:1009E0000120FFF7A9FD034BC3189B002360BFF351
:1009F0005F8F10BD40000034034B9C46614489006A
:100A00000160BFF35F8F704740000034F0B5DE46F1
:100A100057464E464546E0B587B0EFF305830322BF
:100A200001251A40954091008846A946B14B039292
:100A30005C58B14B1D60B14B04934B46B0484363C7
:100A40000823E55E002D37DAA3881BB2002B00DBFC
:100A5000ADE0A379002B00D0EEE00823E15E002991
:100A600020DB4B0062695B18DB00D3189E68DD68F1
:100A7000731C00D10DE1A24801004144826A0B6958
:100A8000B71A9B1A9F4215D30123026A0398834029
:100A90001A420FD09A4800F0C1FB8D4202DCCCD143
:100AA0008642CAD940BF07B0F0BCBB46B246A94691
:100AB000A046F0BD0E61EDE762696B0092465B19DE
:100AC000DB009A4453469E68DF6800F0A7FB8F4224
:100AD000BADC00D1FFE0002F00DAE4E052465346D2
:100AE00052691B699346049A934200D1D5E052465D
:100AF0000821605E528800045946104398470090D0
:100B000001910099019A0B001000134300D1CAE033
:100B100013000A00B61A9F41002806DB784800F04F
:100B20007DFB009E019F36184F4153469E60DF605B
:100B300000229A5E002A00DA86E75300991860695D
:100B4000C900411802938B68C9689B46B94200DD11
:100B50007AE702D1B34200D976E708239C46A44441
:100B6000059565462281A446029B2C0006E05300B1
:100B70009918C90041188D68C968AB469B18DB00FD
:100B8000C318B94206DC00D1AFE01C000023E25ECE
:100B9000002AECDA230064469C4653461A806346DA
:100BA000059D1D80A3881BB2002B00DA51E7226946
:100BB000EFF3108172B61368002BFCD0BFF35F8F88
:100BC0000123A7885B42A3803FB22369BFF35F8FF5
:100BD00000221A6081F31088002F00DA39E7230021
:100BE000083322009A4666697B00DB19DB00F318A4
:100BF000996850468C460824115FDD68002910DB97
:100C0000029306E0AB4240D00023E15E20000029C1
:100C100006DB4C006418E4003419E368AB42F1DDF4
:100C2000029B078000201F5E1980002FDCDA140071
:100C3000A379002B00D110E70023A371260008231D
:100C4000E15E08364B1C00D12CE7B446656903E031
:100C500084464B1C00D100E74B005B18DB00E81812
:100C60000A00E95E43881BB2002BF1DA01267642C6
:100C7000F7178660C7600826A35F9342E9D06346F2
:100C80001980238903802281E3E7A3686345BBD9E8
:100C9000C6E76B1C00D0EEE6FCE65B4658461B69D7
:100CA000984700281BD153461B8822692381EFF304
:100CB000108372B611680029FCD0BFF35F8F5146D4
:100CC00062880A8022696580BFF35F8F002111600E
:100CD00083F31088B8E6864200D8FCE6B4E65B46AB
:100CE0001A685B68009201930BE7B34500D84CE7A4
:100CF00050E7C046C81F00203C7005400D0A001098
:100D000000400540074810B50268EFF3108172B645
:100D10001368002BFCD0BFF35F8F05F0B3FE0020FB
:100D2000002110BD8423002070B52E4C2569002DB4
:100D300004D00A212C48FFF711FE70BD2B4E032171
:100D4000300000F061FAE660FFF7EAFB284B03226F
:100D50009C46D02322701B061B6801216370254B23
:100D60006044A3600F2380002061022063806369D8
:100D70004942A18019800231198647311D8358529A
:100D800018315A5275325C399952183201319952E0
:100D900018320131995218320131995208351832FE
:100DA0009D5202311832995218320131995218323B
:100DB0000131995218320131995218320131995248
:100DC0001832013199520C4B0C49DC60013035620C
:100DD000FFF71CFC01210320FFF7E0FB084B1D601F
:100DE000A7E7C046341000208423002000400540BF
:100DF00040000034FFFF1000C81F00200D0A001043
:100E0000386005400048704734100020F8B51F00D6
:100E100008AB1B7804001600002B08D100F006FA7E
:100E200032003B00121A8B41002B00DA52E022699B
:100E3000EFF3108072B61368002BFCD0BFF35F8F06
:100E40000223E15E63694A005218D2009B182269AE
:100E5000002936DB1D886580BFF35F8F0025156094
:100E600080F31088069A9E60DF601A61079A5A61C3
:100E70005A8801325204520C101C002A1FD082B230
:100E80005880080410432669EFF3108772B6326861
:100E9000002AFCD0BFF35F8FA2881A80A18023694B
:100EA000BFF35F8F00221A6087F310880A49237806
:100EB0008C4601329A40E36863441A60F8BD012011
:100EC000DDE7BFF35F8F0023136080F310880120FC
:100ED0004042F3E70020F1E73C20000070B501003C
:100EE0000469EFF3108C72B620680028FCD0BFF3C1
:100EF0005F8F02200D5E4C6968004019C000241805
:100F00000869002D36DB26884E80BFF35F8F0026F0
:100F100006608CF31088E3606388049801332061D5
:100F20005B0405985B0CA26060611A1C002B1FD04B
:100F300093B22804628018430A69EFF3108C72B6EA
:100F40001368002BFCD0BFF35F8F8B8823808D80CC
:100F50000B69BFF35F8F00221A608CF310880B7847
:100F600001329A40CB6808498C4663441A6070BDD0
:100F70000122DDE7BFF35F8F002303608CF310884D
:100F800001204042F3E7C0463C20000010B54389F1
:100F90000A1493421ADD53009B184269DB00D318F0
:100FA0000469EFF3108C72B62268002AFCD0BFF3FC
:100FB0005F8F5A88090494B2090C8A4208D00369E9
:100FC000BFF35F8F00221A608CF31088002010BDE1
:100FD0008022120214435C80012302698371BFF3F3
:100FE0005F8F002111608CF31088044902788C46D1
:100FF0009340C268012062441360E8E73C2000008F
:1010000040787047F0B5CE46474680B583B00400BF
:1010100000F00CF9FA2206000F0020000023002146
:10102000920000F0EDFF8019794104000D1E02DAF4
:1010300001242D4D644296267642F71736196F41EA
:10104000AF4215D812D000F0F1F832003B00121A6E
:101050008B41002B18DC002B43D02000290000F02E
:10106000EFF803B0C0BCB946B046F0BDA642EAD91D
:101070000022002316001F0000F0D8F832003B00C9
:10108000121A8B41002BE6DD00F0D0F832003B0055
:10109000121A8B41002B0ADB00230193134B320001
:1010A000009313483B00FFF719FF0130D5D0114BD7
:1010B000B1469846104E736A9F4204D8B26A4A45B8
:1010C000CBD29F42C9D143461A68EFF3108172B662
:1010D0001368002BFCD0BFF35F8F404605F09EFCE9
:1010E000E9E7002AB9D0CFE7FFFFFF7F050D001029
:1010F000341000208423002000400540F0B55746FE
:101100004E46DE464546E0B506000F0085B0EFF3DB
:10111000058399468B46002B12D0384900204B6A34
:10112000BB4206D38A6ADB1B591E8B41B242404147
:10113000184305B0F0BCBB46B246A946A046F0BD78
:101140002F4B9A46DB68984653461B7840460393DC
:1011500000F064F84246039B040004339B009B5854
:101160000D001B1A39003000001BA941894510DC15
:101170000DD020BF214A0020536A5B45D9D3926A23
:10118000DB1B591E8B41B24240411843D1E78342D9
:10119000EFD900F04BF832003B00121A8B41002BC4
:1011A0001ADB00230193174B3200009350463B009B
:1011B000FFF794FE011E0FDD104B5A6A5A451BD3F0
:1011C0009B6AB34216D35046FFF7E0FE0B4A00205D
:1011D000536A5B45ADD3D2E7084A0020536A5B45AA
:1011E000A7D30020926ADB1BB24240415A1E9341B2
:1011F00018439EE75A45E6D120BFE4E7004005408A
:1012000034100020050D001010B5024A0248FFF707
:1012100021F910BD989600103C1B00200300416A84
:101220000A00986A596A8A42FAD17047034B596A90
:101230000A00986A596A9142FAD170470040054005
:10124000064A536A9942FCD807D1044B02E05A6A15
:10125000914202D19A6A9042F9D870470040054005
:10126000F8B5DE464E4657464546E0B58B46050086
:101270000A991800160000F049FB0A9B6C001F0237
:10128000324B64199C46A4006444636881469F42C3
:1012900000D967602B1FDBB29846012B30D9C023E1
:1012A00080229B01E31812011A60294BAD005959A5
:1012B0009A4600291BD17301E026226853401E4044
:1012C000802342465B01E3181E60012A30D9802347
:1012D00080229B01E31812011A6053464A46676058
:1012E0005A51F0BCBB46B246A946A046F8BD586963
:1012F00000F00CFB013043001B18033BFDD2DAE782
:101300005B46012BCBD1C02303229B01E3181A605B
:10131000023AA3681A42FCD07301E0262268AD00AD
:1013200053401E4080230A4A5B019246E3181E6028
:101330005A462168514003220A401A6001225B4646
:101340009A40A3681A42FCD0C1E7C0460080004022
:10135000401B0020F0B546464F46D646C0B51F009C
:10136000344B44009C462418A400644463688846B7
:101370001600FF2B02D880235B006360031FDBB2E3
:101380009A46012B30D9C02380229B01E318120119
:101390001A60294B85005959994600291BD17301C0
:1013A000E026226853401E40802352465B01E3182A
:1013B0001E60012A30D9802380229B01E31812018C
:1013C0001A6080235B0063604B465F51E0BCBA4605
:1013D000B146A846F0BD586900F098FA01304300C4
:1013E0001B18033BFDD2DAE74346012BCBD1C023C8
:1013F00003229B01E3181A60023AA3681A42FCD048
:101400007301E0262268850053401E4080230A4A6B
:101410005B019146E3181E60424621685140032259
:101420000A401A60012342469340A2681342FCD04E
:10143000C1E7C04600800040401B0020014B8000F7
:10144000C0587047401B0020F8B5040021481E001A
:1014500017000D0000F05AFA0100380000F056FAAB
:10146000069B36041B031E432368002B20DB1A4B0C
:101470001A49E3185A1E93418022920194465B4216
:101480001B0B174A1B0363441360164A13601F00AB
:101490000A689743FBD1144B2560E2182123A06012
:1014A00013602368002BFCDA0823E6601360F8BDA4
:1014B0003F2322681340AB42D9D1A3681B051B0D03
:1014C0008342D4D1EE22E368D2021340B342CED19C
:1014D000EDE7C046001BB7000040FDBF08C000405C
:1014E00000E0004000F000400430000010B580240F
:1014F0001C4BE4051C6000281AD001231A4C184329
:101500001A4BDC611A4C44401C625962986280217B
:10151000144BC9051960174817490860E021C90430
:101520001960002A07D18022144B12061A6010BDE0
:101530000E4BD861EBE753019B1A9B009A1880234E
:1015400012015B049A4209D213000D490B60074B4C
:101550005A608022094BD2051A60E8E7094B1A004D
:10156000F3E7C04600B00540D3C007B00080054097
:101570002D3FF84FFCFF01000820014000A005406E
:10158000A01F0020FFFFFF008023024A9B000B43A7
:10159000D362704700800540002310B50100988A8F
:1015A0001B8B984710BDC046162310B50100188844
:1015B00002331B88984710BDF8B54746CE4680B524
:1015C0000F1E18D014239946043304000025012669
:1015D00098464B461888434621681B88984701C4A3
:1015E000431E984101350640AF42F2D13000C0BCE5
:1015F000B946B046F8BD0126F8E7C046002370B5ED
:1016000004000D00988A03491B8B984729000300AA
:101610002000984755420000002370B504000D00DB
:10162000988A05491B8B984703000020002C01DB9A
:101630000130A0402900984755420000AA23064ADD
:101640001B0113608D235B00D3600449044B1960B8
:101650005368002BFCDA70470040024000B0FA00EB
:10166000006002407047C04610B50148FEF7D4FE46
:10167000BC96001070B5074D074EB54209D2002444
:10168000013E761BB60808CD984723000134B342CB
:10169000F9D170BDC895001004960010054B064A9C
:1016A00006491A60064A074B1A6010000B689843F7
:1016B000FBD1704700E00040BFCDFBFE08C00040FA
:1016C000FE7F3C0000F00040044BDB6C002B03D19C
:1016D0008022034BD2021A607047C04600001150AE
:1016E0004C201150044A054B1A60054A1368DB016F
:1016F0008033FBD17047C046FFFFFF0100F0004080
:1017000008C000404022034B9A675A671A67DA669E
:101710007047C04600F0014010B5FEF71FFF10BD36
:10172000F8B52749274C284D641AA6103200302EF0
:1017300000D930222800920000F0BEFCBC2C3BD81F
:1017400030202F232C196407204A801BE40F9B1B99
:10175000052B16D93700002C02D0B300771CEA50B5
:10176000001B33199B004108EB18C900C9181A6007
:101770005A6008339942FAD1012303421CD098439E
:10178000C619B300EA50731C2F2E15D09B00EA50E7
:10179000B31C2E2E10D09B00EA50F31C2D2E0BD024
:1017A0009B00EA50331D2C2E06D09B00EA50731D7F
:1017B0002B2E01D09B00EA50054B9D60F8BDC04622
:1017C00000010010C001001000000020C101001045
:1017D00000ED00E0002310B5294C82B0A367FFF7AD
:1017E0002DFF0122274B1A60636C012BFCD10322D1
:1017F000254B1A60224A936B012BFCD101330093D5
:101800000121224A22480433FFF71EFE052301214D
:101810000093204A2048FFF717FE002202210420EF
:101820001E4BFFF797FD0022012105201C4BFFF7FF
:1018300091FD0022002107201A4BFFF78BFD0022AB
:1018400000210820174BFFF785FD8023DB00009364
:10185000002200210920134BFFF702FD0022104B4C
:1018600000210620FFF776FD0420FFF7E7FD0E4973
:1018700000F04CF801000020FFF786FE02B010BD1A
:10188000008000403CB0004030B00040002F68595C
:1018900000800240008C864700C00240001BB70059
:1018A00040597307006CDC0240420F0001480421DC
:1018B000014B184750100020B9150010124A936FC1
:1018C0009B0815D29066D166002905D0FFE7FFE797
:1018D000FFE7516F106F704704B580210906C217EA
:1018E0005140002800D0C84307F036FE002104BD57
:1018F000F0B5146E556E576F166FFFF7E3FF146661
:10190000556657671667F0BD000000D0114A936F07
:101910009B0813D210665166002905D0FFE7FFE748
:10192000FFE7516F106F704704B5002801D0002009
:10193000C04307F011FE002104BDC046F0B5146E8F
:10194000556E576F166FFFF7E5FF146655665767BC
:101950001667F0BD000000D094464A4A926F920884
:10196000624601D228E0C046F0B5464E346E756E30
:10197000776F366F00F020F89446424A1466556639
:10198000576716676246F0BD94463E4A926F9208CA
:10199000624601D254E0C046F0B53A4E346E756EE0
:1019A000776F366F00F04CF89446364A14665566E9
:1019B000576716676246F0BD002B24DB11D0002963
:1019C0003EDA00B5C943404200D1013100F038F899
:1019D000C943404200D10131DB43524200D10133BF
:1019E00000BD002AEBD1002801D1002905D000203C
:1019F000C90FC90701D1C043410800B507F094FDE4
:101A00000022002300BD00B500290ADBDB4352425F
:101A100000D1013300F014F8C943404200D1013134
:101A200000BDC943404200D10131DB43524200D1E5
:101A3000013300F005F8DB43524200D1013300BD11
:101A4000002923D1002B18D1002A0CD0BC460D4F01
:101A500038667A6600210023FFE7FFE7FFE77A6F29
:101A6000386F67467047002801D00748010000B56D
:101A700007F05AFD0022002300BD02000B000020E9
:101A800000217047000000D0FFFFFFFF002B00D0B7
:101A9000BFE0130C28D1002AE7D080B4114F39667B
:101AA0007A66FFE7FFE730B4040C7B6F396F1B04E5
:101AB00023433B667A66FFE7FFE7FFE7C04684B251
:101AC0007B6F3D6F1B0423433B667A66FFE7FFE7AE
:101AD000C04600232C042D0C7A6F386F0019694121
:101AE000B0BC7047000000D0F0B594460025140E3D
:101AF00001D112020835140F01D112010435940FDF
:101B000001D192000235D40F01D152000135D40B1E
:101B10000134254F7C66254C3C660E0C93B2FFE7E2
:101B2000FFE7FFE73C6F6643360C7703BE4673431F
:101B3000DF0B5B04C01AB941130C7343DB18C91ADD
:101B4000CE086643360CB64493B273431F0F1B0195
:101B5000C01AB941130C73431F0B1B05C01AB941BE
:101B6000860D8F023E436643360C092D24DB520A54
:101B70007243801A7703460A6643360C16235B1BB2
:101B8000DE40DF40BF1964466643821B7046043561
:101B900006330100D940A840C01900D30131A24248
:101BA00006D20023F0BD0000000000D0FFFFFFFFC1
:101BB000121B0130F3D3F1E709277F1BFE40644677
:101BC000A2B27243801A00D20139220C7243130C64
:101BD0001204821A99410B00704604351337010034
:101BE000F940A840801900D30131002B02D1A24254
:101BF0000AD2F0BD013000D30131121BFAD2013BF1
:101C0000F8D1A24200D2F0BD013000D30131121B45
:101C1000F7E7F0B51C0C00D080E00CB400251C0ADE
:101C200004D11B02160E3343120208351C0B04D1DB
:101C30001B01160F3343120104359C0B04D19B008A
:101C4000960F334392000235DC0B02D192185B41B0
:101C500001351C00971864410134464F7C66464CA0
:101C60003C660E0CFFE7FFE7FFE7C0463C6F6643AC
:101C7000360C7703BE4697B27743C01B00D20139BA
:101C8000C01B00D201399FB27743C91BC91B170C77
:101C900077437E04FF0B801BB941CE086643360CA8
:101CA0000C2D33DBB644120B1F053A431B0B97B2C6
:101CB0007743C01B00D201399FB27743C91B170C71
:101CC00077433E043F0C801BB941860D8F023E4393
:101CD000664329277F1BFE400C3D7746AF40BF1966
:101CE00030BCA2B2ABB272437343801A9941220C4A
:101CF0007243130C1204801A994102000B00013741
:101D0000001BA941F9D2781E0021F0BD0C277F1BD2
:101D1000FE4077467F0BAF40FF19E0E700245D1CD3
:101D200007D0144F7D663966FFE7FFE7FFE7FFE75F
:101D30003C6F95B29EB265436643401BB141150CA2
:101D40001E0C6543664336042F0C3E432D04401B96
:101D5000B141994204D202000B0020000021F0BDE5
:101D600001D19042F7D3801A994101349942F2D3BC
:101D7000F6E70000000000D0FFFFFFFF48404140B1
:101D8000484018B4134B5B68019308BD18B4114B5D
:101D90001B68019308BD94460F4A926F920805D2C2
:101DA000624618B40B4BDB68019308BD0A4AF0B5D4
:101DB000146E556E576F166F6246FFF7F2FF064AB4
:101DC0001466556657671667F0BD18B4014B9B68DB
:101DD000019308BD40120020000000D0FFB5504024
:101DE0004240504059404B40594000E0FFB5154F2C
:101DF0004C00640D03D0BC4204D10C0314D8002065
:101E0000090D09055C00640D03D0BC4204D11C031C
:101E10000AD800221B0D1B0501264B4009D44B405C
:101E200003D58B4200D18242FFBD9942FCD1904242
:101E3000FFBD0B43DB1803431343F5D0C9434918D7
:101E4000FFBD0000FF07000000B5FFF7CFFF804196
:101E500000BDC04600B5FFF7C9FF01D9002000BD95
:101E6000012000BD00B5FFF7B9FF01D9002000BD7A
:101E7000012000BD00B5FFF7B1FF804100BD01208A
:101E800040054A00121804D85A00121801D8002040
:101E900070470120704700000021002805D17047DD
:101EA000C1174840401AFAD0C90713B5064B1B6842
:101EB00098470CBC441CA2401005120B0349091B97
:101EC00009051943114310BD802200201F040000A2
:101ED00010B54C00620D8023D218DB00D21A5B05CE
:101EE0007E2A10DD9E3A13DACC17090349081943FC
:101EF0005242D140640001341532202A05DAD04024
:101F00000843604310BD002010BD0846604310BD6B
:101F1000C80FC018013810BD18B4024B5B6A01939A
:101F200008BD00004012002010B50148FEF774FA09
:101F3000C8960010132370B51D78012D19D014DD3B
:101F40001D48FFF731FB06001C48FFF72DFB1C4C1A
:101F500080223100200000F0AFF8022D06D0194891
:101F6000FFF71AFB184B186070BD154C174BA36494
:101F7000F5E7174B124C23606360A360E3602361B5
:101F80006361A361E36123626362A362E36223632B
:101F90006363A363E36323646364A364E36423650B
:101FA0006365A365E36523666366A366E3662367EB
:101FB0006367A367E367D9E7534400005346000013
:101FC000401200204C33000080220020D51F00105A
:101FD000291F001007B5604601880A0A0230DF2A6F
:101FE000FAD1C9B2820804D30288408800041043A1
:101FF00000E00068014A5050039007BD40120020E5
:1020000051434343C9188C46110C83B24B4310B45F
:10201000040C614392B280B2504362431C041B0C17
:10202000001910BC59411304120CC01851416144ED
:102030007047000010B50148FEF7EEF92497001034
:10204000132310B510481C78FFF7AEFA0100012CDD
:102050000AD003DD80220D4800F02EF80C48FFF76F
:102060009BFA0C4B186010BD084C5422200000F065
:1020700023F82200084980322368002B00D1216018
:1020800004349442F8D1E9E753460000842200204A
:102090004C3300008022002035200010014804212C
:1020A000014B184760100020B9150010014B1B6848
:1020B0001847000060100020014B5B6818470000C3
:1020C000601000207047C046F8B55746DE464E46C1
:1020D0004546E0B599460A9B07009A460D9B8846FF
:1020E00093460B9C9B073BD10C9B9C423DD21E1BF5
:1020F0000B9415000C005E442A004B46013521006C
:102100002020B847B542F7D1A0460B9C002C20D028
:10211000454636195346321B013C185D29004B4693
:10212000B847002CF6D12B00350098460D9B9B0735
:102130000FD55B46EC1A0C9BA3420AD9464698463B
:102140002A004B46310020200134B8470135444570
:10215000F6D32800F0BCBB46B246A946A046F8BD5F
:1021600016001500002CD3D1E0E716001500002C56
:10217000CED1EEE7F0B54546DE4657464E46E0B5D1
:1021800085B09C4610AB1B78149F934698460F9CD5
:10219000129E139DBB074CD4002D42D1B44248D2AD
:1021A00001233B4099460E9B013B9A46302304E0B5
:1021B000524601341355A64201D9202CF8D14B4682
:1021C000002B00D183E00E9B013B99463023A542B2
:1021D00005D82EE04A4601341355AC4229D0202CB4
:1021E000F8D1FB060CD57B0554D4A64263D0A5429A
:1021F00061D0119B102B50D0022B57D0202C32D104
:10220000202301930E9B5A46009303976346029541
:10221000FFF75AFF05B0F0BCBB46B246A946A04640
:10222000F0BD01233B40994601233B422AD1B442F1
:10223000B9D3FB061CD57B05DBD4002CD5D1119B73
:10224000102B5BD0119B022B6BD0302301240E9AF4
:1022500013704346002B10D17B073ED52B260E9AD8
:10226000631C1655CDE72300013430260E9AD65450
:10227000202CC5D04346002BEED02D260E9A631C91
:102280001655BEE74346002B2FD0013DB44200D285
:1022900089E798E7119B102BB2D1BB0637D5202CCC
:1022A000AED058230E9A13550134A7E7202CA7D09F
:1022B0002300013407E0631E012CC0D0119A102ABC
:1022C00031D0022AD1D162260E9AD65496E7FB0667
:1022D000CED57B0500D488E78BE723003E0790D559
:1022E00020260E9A013316558BE70C233B405A1ECD
:1022F0009341ED1AB44200D255E764E7BB060ED411
:1023000078230E9A0224137030235370A1E7202CF7
:1023100000D175E778230E9A135501346EE75823E0
:10232000EFE76033EDE70E9AA61E91464E44BA06DB
:1023300002D55822327098E77822327095E7C0466D
:1023400010B5002800D110BD01F082FCFBE7C046AB
:102350000B0010B5002802D049681B68984710BDD3
:10236000F0B55746DE464E464546E0B595B0834645
:102370000F00924698461E9A1F9B10001900209E3F
:10238000FFF77DFD002800D0EAE11E981F99012289
:10239000C54B5242FFF758FD002800D014E11E98AB
:1023A0001F990122C14B5242FFF764FD002800D063
:1023B000E9E01E981F990022BD4BFFF75BFD002846
:1023C00000D0C8E01E981F990022BA4BFFF73CFDD1
:1023D000002800D0BFE01E981F9900220023FFF7BD
:1023E00033FD002800D0E4E000230B93229B5B0523
:1023F00000D406260024302307E0172106AA013462
:1024000052181355013E202C01D0092EF5D81E98E4
:102410001F99FFF75DFDA84BF2009B181A685B68D7
:10242000050008920993FFF73BFD02000B001E9880
:102430001F99FFF7A6FC089A099BFFF7C6FC0690B8
:102440000791FFF769FD8146FFF726FD02000B00AB
:1024500006980799FFF795FC0022984B0690079184
:10246000FFF708FD002800D10DE101239C46E1445F
:102470004846FFF711FD02000B0008980999FFF785
:10248000E9FC002802D0002399460135002E00D136
:10249000D9E006954D46B94614E006AA944617239E
:1024A0000A216344280001341F19FFF72FFA303145
:1024B000397028000A21013EFFF728FA092D00D8BB
:1024C00017E10500202CE8D14F46069D20240CAED4
:1024D00006AA17239446634499465B46B34606937F
:1024E0000FE04B4628000A210134E618FFF7E6F911
:1024F0003031280031700A21FFF7E0F9051E00D1C4
:10250000E4E0202CEDD1069B5E469B460323229AF5
:102510001340012B18D1219B002B15D00B9B002BB6
:1025200000D1FDE0219B013B2193202B0CD93023CE
:10253000219A07E0172006A9013409180B55944287
:1025400000D3CCE0202CF5D1229B01940393219B56
:102550000096029322E0229B52460493219B39006D
:10256000039358461E9B1F9C02960093019443467A
:1025700000F04AF90400200015B0F0BCBB46B2469A
:10258000A946A046F0BD229B5B070FD403224C4B0B
:102590002299019203912199009302914346524658
:1025A00039005846FFF790FD0400E4E70422454B4C
:1025B000EEE71E9A1F9B00200021FFF7E2FB01239C
:1025C0001E901F910B9311E7229B54469B0711D13C
:1025D000219B042B0ED9219B55469C465E46043C0C
:1025E00064442A004346013539002020B047A54203
:1025F000F7D1B346344D26002B1F99465B46A346C0
:102600001C003200E87843463900013DA0470136FE
:102610004D45F6D123005C469B46229B04349B0724
:10262000A9D55346219AE31A9A42A4D95E461500C9
:102630002200434639002020B04753460134E31AB4
:102640009D42F5D897E72800FFF72AFC02000B000F
:102650001E981F99FFF795FB0022184B06900791D3
:10266000FFF7F2FB0CAE002800D031E7069807997F
:102670000022124BFFF7FEFB002800D028E70123C1
:1026800001359D4324E70022069807990B4BFFF77D
:10269000DBFB002800D0F9E64B46002B5CD1012380
:1026A0009C46E144F2E6C046FFFFEFFFFFFFEF7FED
:1026B00065CDCD4165CDCDC1E09900100000E03F72
:1026C000289700102097001030970010069B5E4658
:1026D0009B460323229A1340012B00D181E0202C3A
:1026E00000D131E70B9B002B27D02D23335501342C
:1026F0002AE74F46069D202C00D1E7E63022331909
:1027000007E0172006A9013409180A55202C00D12A
:10271000DCE6A342F5D12E220CAE0134F254D7E60A
:102720000C23229A134257D0219B013B2193A342B1
:1027300000D9FCE6202C00D106E7229B5B0703D5DD
:102740002B2333550134FFE6229B1B0700D4FBE605
:10275000202333550134F7E6DB0700D496E69EE7E5
:10276000229B55469B0711D1219B032B0ED9219B00
:1027700054469C465E46033D654422004346013470
:1027800039002020B047AC42F7D1B346B9465F4686
:102790001C4EEC1C2A00B078434649460135B84728
:1027A000013EA542F6D1229BBB464F469B0700D473
:1027B000E1E65346219AE31A9A4200D8DBE65E46E8
:1027C00015002200434639002020B047534601340B
:1027D000E31A9D42F5D8CEE6219BA34200D9A6E696
:1027E000B2E6219B002B00D179E70B9B002B97D001
:1027F000219B013B21939C4200D298E6202C00D0E3
:1028000073E7A1E62C970010F0B5DE4657464E461A
:102810004546E0B599B081468B4692469846229A45
:10282000239B10001900FFF72AFB002800D0CAE004
:10283000229823990122824B5242FFF71BFB00286A
:1028400000D0C0E02298239901227E4B5242FFF72C
:10285000FBFA002800D0B6E022982399002200233A
:10286000FFF7F2FA002800D0C9E1229B239C0893CD
:102870000994089809998023269ADB001A400D9242
:102880008022269C1201144022000B94269C0700F3
:102890000E001C4200D0ADE00B00034300D0D5E099
:1028A000002A00D00AE222000633249302231340B8
:1028B0000C930223134200D002E2259B042B00D28A
:1028C0000FE2043B0B93002304250A930022229875
:1028D00023990023FFF7B8FA002800D003E25A4BEF
:1028E000269A134004930B9B0393249B0293089B0B
:1028F000099C009301945946434652464846FFF7C7
:102900002FFD02002020269B1F27034059424B41E8
:102910005B421840531C0893594643464530C8470C
:102920000A9AD317D4185C40D30F0A936B1E0B93EB
:1029300008AB9C460025674401E0202D0FD0200005
:102940000A21FEF7E3FF01357E1930313170200096
:102950000A21FEF7DBFF26000400092EEDD805232F
:1029600006930B9B59460593002304930A33039364
:102970000A9B4846029310AB0093089A4346019580
:10298000FFF7F8FB0C9B002B2DD05346C41A259B58
:10299000A34228D94D465F4681461E005346390062
:1029A0001A19202043460134A847A642F6D85346B8
:1029B00048462599C21A01320023914200D386E18C
:1029C000013018180FE0269B0493259B0393249B4A
:1029D0000293229B239C00930194434652465946FE
:1029E0004846FFF7BDFC19B0F0BCBB46B246A9464D
:1029F000A046F0BD01432BD10B9B2200002B00D140
:102A000054E700230A93249B0A9A0024934200DD92
:102A100085E12298239900220023FFF715FA002868
:102A200000D035E1269B084A02941A408023DB003F
:102A300013430493259B0393089B099CCBE7C04653
:102A4000FFFFEF7FFFFFEFFFFFF7FFFF062324935A
:102A5000B44B70009C46400D6044FFF721FAB24A27
:102A6000B24BFFF7B2F9B24AB24BFFF78FF9360318
:102A7000B14B360B334304000D003800190000221F
:102A8000AE4BFFF77EF9AE4AAE4BFFF79EF9020060
:102A90000B0020002900FFF779F9FFF719FA0A90D7
:102AA000FFF7FEF9A84AA94B04000D00FFF78DF9C6
:102AB0000022A74BFFF76AF9FFF70AFAA54A0600BA
:102AC000A54B20002900FFF780F9040030000D001D
:102AD0000C96FFF7E5F9A14AA14BFFF776F9020042
:102AE0000B0020002900FFF74CF902000B00060044
:102AF0000F00FFF76AF9320004000D003B003000C0
:102B00003900FFF743F900220E900F91954B2000FA
:102B10002900FFF740F90022934BFFF737F9020035
:102B20000B0020002900FFF736F900228F4BFFF73A
:102B30002DF902000B0020002900FFF72CF90D00F1
:102B40008021040032003B000020C905FFF719F97D
:102B500002000B0020002900FFF718F902000B000B
:102B60000E980F99FFF717F90022734BFFF70EF934
:102B70007F4B0C9C9C46644400222305FFF725F9FB
:102B800006000F0002000B0008980999FFF75CF996
:102B900000280AD00A9B3000013B39000A9300222A
:102BA000714BFFF7F8F806000F000A9A3300633202
:102BB0003900C62A12D802222698042510400B9A02
:102BC0000C90002A25D1259B042B05D9002800D084
:102BD000A1E0259B043B0B93042541E002222698AB
:102BE00010400B9A0C90002A12D1259B052B76D908
:102BF000002872D1259B0525053B0B9334E08022EC
:102C000012069446229B0893239B6344099330E663
:102C100005250B4300D1F6E608980999554A564B0D
:102C2000FFF720F9002808D0089809990022534B93
:102C3000FFF70AF9002800D0E5E6249B002B1CD002
:102C40000D9B002B19D0249B013B2493259BAB4269
:102C500004D90C9B002B5AD002230C9300230B9316
:102C60000A9B002B00D131E60898099932003B00FD
:102C7000FFF791F80890099128E6259BAB42EDD922
:102C80000C9B002B43D000230B9302330C93E7E7FC
:102C90008020269B3A4A00061A40802384460294EC
:102CA000089C099D2900DB0013430493259B614484
:102CB000220003930B00009201938EE60524A8E600
:102CC00000230B930A93023304250C93FEE553462D
:102CD0008C46013B63441B1A72E602230C930525C4
:102CE000C2E70423EDE58020089E099F0006390015
:102CF0008446269A224B6144134004930B9B320076
:102D00000393249B02930B0000920193F3E5259B10
:102D10005B1B0B93A4E7022304250C93A0E79C1AEA
:102D2000013C76E601FCFFFFFB799F501344D33F43
:102D3000B3C8608B288AC63F0000F03F0000F83F10
:102D400061436F63A787D23F71A379094F930A400C
:102D50000000E03F1655B5BBB16B0240EF39FAFEFB
:102D6000422EE63F00002C400000244000001840A6
:102D7000FF0300002D431CEBE2361A3F80842E41F6
:102D8000FFF7FFFFF0B5DE4657464E464546E0B535
:102D9000A5B01E002E9B92460C93CD4ACD4B80468B
:102DA0008B461A60002900D1EAE100233078994669
:102DB000002800D1ECE1C84B4C460B93C74B45466D
:102DC00057460E930AE0631C984622003B00594682
:102DD000A84744463078002800D187E001362528EE
:102DE000F1D108239A46043B9946023B9846013BA1
:102DF00000229C460D943078711C0300203BDBB20E
:102E0000102B03D80B9C9B00E3589F460300303BDC
:102E100089460D9C092B3AD9002398462A2800D1CF
:102E2000C1E000239A462E284BD00300683BDBB25A
:102E3000122B1ED80E999B00CB589F4663460E005E
:102E40001A43D8E743460E001A43D4E74B460E0018
:102E50001A43D0E710230E001A43CCE753460E0066
:102E60001A43C8E780235B001A43FF3B9C467078F7
:102E7000E1444E4667284FD82428A4D90300253BB7
:102E8000DBB2422B9FD896499B00CB589F4600232C
:102E900094461E0000E00131B3009B195B001E1830
:102EA0000878303E0300303B092BF4D901236246F9
:102EB00089469C460023B0469A460E00E1442E28DF
:102EC000B3D13021802049428C46C0000243707843
:102ED0004B4684446146092900D86CE12A2800D178
:102EE0007AE101239C464E46E1449EE7A146A8466E
:102EF000BA46CA4503D801235B4253449946534618
:102F00004A4659460020C047200025B0F0BCBB46C9
:102F1000B246A946A046F0BD0300693BDBB20D9363
:102F20000F2B00D94FE7012199408C466D49894606
:102F300061464B4619400F91634649460B4200D00B
:102F400028E10D9B0A2B3AD0072B00D03BE70C9BC6
:102F5000190008C98846002B00D14BE1212002430B
:102F6000914614A98C461F220F2162448C4651467B
:102F70000D950C91A24615000F9902E020290CD066
:102F8000130064461C4020003730092C00D8073855
:102F9000013168541A090F2BF0D80C9B54460D9D33
:102FA0009A460F9133E10C9B02CB8846002947DB00
:102FB0000C9301239C4670784E46E14431E70C9B0C
:102FC00002CB14935346002B00D138E19C4608787D
:102FD0000B000C908C44002801D100F098FC89462D
:102FE0006146944603E05A780133002A01D08B42AF
:102FF000F9D1494662465B1A0C900F93530500D5F0
:1030000020E10223180010400D90134200D1CBE3C1
:103010000D930B1BB1469A465E460C9822003B006E
:103020003100A84753460134185D0028F6D1B34655
:103030004E460D9B002B00D0C7E1149B0C93C9E6B4
:103040000C9301239C4628384942024388467078F5
:103050004E46E144E5E670786C2800D17FE180239C
:103060005B001A43FF3B9C46E14402E780239B0040
:103070001A4301239C467078E144FAE67078682888
:1030800000D173E180231A437F3B9C46E144F0E684
:10309000672800D103E1472800D15AE1452800D133
:1030A0005AE10492072142460C9B03920733524691
:1030B0008B43190002920CC92800009201930C91D5
:1030C00022003B005946FFF79FFB040082E6C04602
:1030D000852D00109C1F0020449800108898001037
:1030E000D498001041900000462800D1DBE0049203
:1030F000072142460C9B0392073352468B4319002B
:1031000002920CC92800009201930C9122003B000E
:103110005946FFF725F904005CE6631C9846220037
:103120003B0059462520A847444653E60C9B0433F0
:103130000D93631C9946920700D422E10C9B220058
:10314000187859463B00A84743464444012B00D811
:1031500085E23300B8462E005F4625004C4699466E
:1031600022004346013439002020B047AC42F7D159
:103170002C00BB46350047464E460D9B0C9329E676
:10318000DB4B3078984600239946002800D012E6A1
:103190000024AEE66F2800D188E000D80BE31023AE
:1031A000782800D1CFE09A430A239C4600230F934E
:1031B0000A330D9380E05646B10089194900013366
:1031C0000E181878303E010030390929F4D9B2467A
:1031D0001E000133994628E60C9B023602CB8A4634
:1031E000C9435046C917084082460C933078731C77
:1031F00099461AE61023100098431133184381466C
:1032000080201300C0000340024200D1A9E64B46D3
:103210000693082305935346049310230393002336
:1032200002930F9B220001931CAB009359463B0075
:103230002800FEF79FFF434604000C93CAE50123D4
:103240005B42C3E60F9B534501D953460F930223BC
:10325000180010400D90134200D1B7E10D93D146F4
:103260000B1B9A463300A1442E0022004D460C98B9
:10327000B9465F469B4608E04B463900541CB047B0
:103280005346185D002877D022009542F4D15B4662
:10329000BB464F46A94635004C461E00C9E6802372
:1032A0001B011A43FDE620231A4320E708239C460E
:1032B00000230F9308330D9380231100DB00194086
:1032C0001A4200D116E10D239A4310008023020018
:1032D0009B001A401492184200D0C2E180230200E1
:1032E0005B001A4091460C9A04320F92184200D0AB
:1032F000B7E2430600D59FE1030600D419E30C9B17
:103300001B880993002B00D0FCE11033984300295F
:1033100000D1F7E1002399464346059353460493B1
:103320000D9B069003930023D2E0582808D0622812
:1033300067D102239C4600230F9302330D93BBE712
:1033400020231A43103B9C4600230F9310330D9308
:10335000B2E780231B011A4320231A43A1E6C023AE
:103360009B001A43F31C9946B07882E5C0231A43A8
:10337000F31C9946B0787CE535005E46BB464F4667
:1033800057E64346012B00D863E1631E43449A4647
:103390003300B9462E005F4655469B46A2462200A2
:1033A0004B46013439002020B047AC42F7D13500FC
:1033B0005E46BB464F46A14654460C9B4A4618788B
:1033C00059463B004444A847D7E6A1460F9B984581
:1033D00000D832E64444E41A3300B8462E005F4673
:1033E00025004C46994622004346013439002020EE
:1033F000B047AC42F7D12C00BB46350047464E469D
:103400001BE680231000DB0018401A4200D10FE1B8
:10341000112118008A430D920D9A802311009B0000
:1034200019408C461A4269D1802311005B00194073
:1034300089460C9904310F911A4200D0CAE1130059
:103440005B0600D5F0E013001B0600D459E20C9B8C
:1034500000229B5ED9175A184A4092B2D90F0C919C
:10346000002B00D1F9E1100014AA944642461F2314
:10347000149252466344A84616944D460400B94639
:10348000B2461F00159201E0202D0FD020000A2126
:10349000FEF73CFA01357E193031317020000A21E7
:1034A000FEF734FA26000400092EEDD8149B4F468F
:1034B000A94645469846159B56469A46169C0D9B2E
:1034C000069343460593534604930A2303930C9BA8
:1034D00002934B4601931CAB2200009359463B00DC
:1034E0002800FEF747FE0F9B04000C9372E4C046D1
:1034F000C52000100C239A431000E7E607220C9B1E
:1035000007339343013294469C4462460C920CCBA1
:10351000D90F0F911100194300D191E0D9171391E0
:10352000129151401091139959401191109811998D
:10353000129A139B801A99411090119114AA00239A
:10354000944642469946149252461F336344A84615
:10355000B24616944E46109C119DB94615921F0016
:1035600001E0202E10D0200029000A220023FEF7BF
:103570000BFA013630322B00BA550D002200040040
:10358000002BEED1092AECD8149B109411954546D6
:103590009846159B4F46B14656469A46169C0D9B3B
:1035A000069343460593534604930A2303930F9BC4
:1035B00002934B4601931CAB2200009359463B00FB
:1035C0002800FEF7D7FD0400FFF704FC0F9B984589
:1035D00000D8C1E18023DB000D9343460F9A1B19ED
:1035E0009B1A994633002E004D46B9465F469B46CE
:1035F0000C9122004B46013439002020B047AC42E8
:10360000F7D143460C9901330F930B7835000C9397
:103610005E46BB464F46002B00D10EE50D9B002BAE
:1036200000D1F6E4002319E60C9B1B781A0015E77D
:1036300010239A430D92EFE60C9B1B78099361E6E9
:10364000002399460028AAD100220023109211934A
:1036500074E70C9B2200187859463B00A8474C465B
:103660008BE50C9AFA3BFF3B07329A4301339946AC
:1036700091444B460C931368526815921A4306D135
:103680001032904300220992002900D081E061228B
:10369000810600D54122D2B20A9214AA91460A9A12
:1036A00000210A3A149242461792524618925A46FC
:1036B0000991B3461F311E000F9B4944BA46199425
:1036C0001A950024674698468946159D16901B92C8
:1036D0000AE03032D2B24B4601341A55A8454AD0DE
:1036E000202C4AD006000D003A00002330002900AB
:1036F000FEF74AF9D2B2092AEBD9149B9C466244E0
:10370000D2B2E8E76123820600D54123DBB20A3B4F
:103710000C93434614A91F228C46159353466244CA
:10372000A046B2464C461797A9461700099D0D9E24
:103730001490169308E03033DBB201343B55B542A8
:103740000ED3202C0CD0050031002800FEF7DEF847
:10375000CBB20929EFD90C9A94466344DBB2ECE76B
:10376000159B4D46A14644469846169B56461498CE
:103770009A46179FD0E5B742B2D9179B574698464D
:10378000189B5E469A461B9B09949B461698199C6B
:103790001A9D43460593534604930D9B069003934D
:1037A00000230293099B05E70F9B984500D914E776
:1037B00001330F932DE41023110099430D916928D3
:1037C00000D0BAE080231000DB0018401A4200D17C
:1037D00022E61DE60C9B1B68DA0F1100002B00D1BE
:1037E0008CE0DA179818504014AA914642461F23DD
:1037F000149252464B44A046A946169704006546CB
:10380000B2461F000C91159201E0202D0FD0200030
:103810000A21FEF77BF801357E1930313170200026
:103820000A21FEF773F826000400092EEDD8149B38
:10383000444698460C9BAC461900159B56464D468F
:103840009A46169F0D9B0291069343460593534655
:1038500004930A23039363463CE6002800D02EE637
:1038600002E60C9B1B689946002B03D1103398434A
:10387000002938D16123820600D54123DBB20A3BFF
:103880000C9343461693534614A91F228C46179354
:103890002B006244A0464D46B24618979946170041
:1038A000149C0D9E159008E03033DBB201343B557B
:1038B000B5420ED3202C0CD0050031002800FEF7B5
:1038C00025F8CBB20929EFD90C9A94466344DBB2B0
:1038D000ECE7169B149444469846179B56464D4673
:1038E0009A461598189F43460593534604930D9B9B
:1038F0000690039300230293149BEBE50028A1D1CB
:1039000072E70C9B1B68D9175A184A40A6E580231A
:103910001000DB0018409C460F901A420FD0022086
:10392000030013400F93104219D00023A1460F93B8
:103930004CE50C9B1B680993E4E40A0034E4022381
:10394000180010400D90134200D03EE54346002B76
:1039500000D042E6FFF771FB01330F937FE463462B
:103960000D93F3E710B50C0084B00394012402A971
:1039700002900093034813006242FFF703FA04B079
:1039800010BDC0465123001010B5094A0300146849
:1039900084B0002C08D0012200910648524203A9AD
:1039A000A047012004B010BD00F09CF90020F9E709
:1039B0009C1F0020412300100021002010B5FDF7BE
:1039C0001DFEC04610B5FFF7F7FFC04670B5FDF706
:1039D00051FE074D074EB54209D20024013E761B29
:1039E000B60808CD984723000134B342F9D170BD21
:1039F0000496001010960010030010B50800110086
:103A00001B68984710BDC046F0B5C64600B5437D5B
:103A100007000C001600002B46D0002A17DD0B789B
:103A20000A2B24D000239846012E13D0012529000B
:103A3000635C01350A2B26D0B542F8D1464509DC36
:103A4000A419013C23780D3B5A4253413B7580BC7D
:103A5000B846F0BD4346E018A419F11A013C3B6892
:103A6000984723780D3B5A4253413B75EFE7037D5E
:103A7000002BD7D102210F483B689847012EDFD099
:103A800001239846D2E7631E5B5C0D2BD4D088459A
:103A900004DA4346C91AE0183B68984702210548F2
:103AA0003B68A8469847C7E703681100200098477D
:103AB000CDE7C046309A0010F0B5C6460B68060048
:103AC0000C0000B5802B06D05A1C2260E418267129
:103AD00080BCB846F0BD0F4B1D68002D16D00B1DE5
:103AE00098460D4F02E02D69002D0FD02B68002B5A
:103AF000F9D03B68002B01D0AB42F4D128004146FD
:103B00002268FFF781FF2D69002DEFD101220023EC
:103B1000DBE7C046901B0020981B0020F0B545460F
:103B2000DE464E465746E0B583B091461C008046BF
:103B30000D00FDF77BFB0023304A12184B41002B90
:103B400002DA01222E4B52422E4908008A4605F025
:103B50001BFD07006B1C03D1404605F0A5FC0500CA
:103B6000002C27D0284E294B1C68002C18D04B461F
:103B7000002B21D1264B994602E02469002C0FD05E
:103B80002368002BF9D04B461B68002B01D09C42C8
:103B9000F3D120002A004146B0472469002CEFD120
:103BA000002F26D1280003B0F0BCBB46B246A94680
:103BB000A046F0BD174ED6E7154B99460A239B4603
:103BC00002E02469002CEBD02368002BF9D04B468F
:103BD0001B68002B01D0A342F3D12A0041462000EC
:103BE000B0476B465A462000DA71D91D0122B04712
:103BF000E7E7504605F090FCD4E7C04640420F008E
:103C0000FFFFFF7FB0100020093A0010901B00203A
:103C1000981B0020F93900100A4A1368002B05D1BF
:103C20000CE01A001B691032002B07D08342F8D138
:103C3000002902D118691060196170470029FCD071
:103C40001060FAE7901B002010B500F0F1FA10BDEB
:103C5000F0B5CE46474680B583B06B460600DD1D05
:103C60002870FDF7E3FA0023194A12184B41002B84
:103C700002DA0122174B524217490800884605F024
:103C800083FC164B81461C68002C14D0144F02E0B4
:103C90002469002C0FD02368002BF9D03B68002B3F
:103CA00001D09C42F4D1200001222900FFF7ACFE94
:103CB0002469002CEFD14B46002B05D1300003B016
:103CC000C0BCB946B046F0BD404605F025FCF5E75E
:103CD00040420F00FFFFFF7FB0100020901B00202C
:103CE000981B002070B5040005F0DEFB01230100E5
:103CF000050001222000FFF711FF084B1C68002C73
:103D000006D06368002B05D098472469002CF8D1B1
:103D1000280070BD2469002CF3D1F9E7901B002026
:103D2000F0B5CE46474680B5A3B004000D00FDF7C0
:103D30007DFA0023274A12184B41002B02DA012298
:103D4000254B5242254E300005F01EFC0023220078
:103D5000019307002B00224801A9FFF703FE214B26
:103D6000804699461C68019B002B1AD0002C2FD04E
:103D70001D4D02E02469002C0FD02368002BF9D0E0
:103D80002B68002B01D0A342F4D12000019A02A994
:103D9000FFF73AFE2469002CEFD14B461C68002344
:103DA0000193002C06D06368002B0BD09847246940
:103DB000002CF8D1002F07D1404623B0C0BCB94633
:103DC000B046F0BD2469ECE7300005F0A5FBF3E751
:103DD0000194EFE740420F00FFFFFF7FB01000208B
:103DE000B93A0010901B0020981B00200FB400B5BA
:103DF00083B004A901C90191FFF792FF03B008BC89
:103E000004B018477047C0460022014B1A70704733
:103E1000952402204B790020FF2B0BD18B79002BAE
:103E200008D1CB79012B05D1082A03D9024B8A7816
:103E300009301A707047C04695240220012070474F
:103E400010B5012913D112495379107909781B0251
:103E500003430020994200D010BD5378012B08D0B5
:103E6000022BF9D1642200210020FDF73FFB012045
:103E7000F2E7D37891781B021943480ADB0501D495
:103E8000012040427F238A05D20F1940FDF7C4FB71
:103E90009524022000487047FC9A001070B5050078
:103EA00014000120012909D153780020012B05D1EC
:103EB000637912791B021343072B00D070BD2100D8
:103EC0002800024A9F3301F055FAF7E7549A001090
:103ED0000123037000487047349A00104B780A7829
:103EE0001B0213438A7810B512041A43CB781B06C1
:103EF00013439622D200934200D010BD002201202D
:103F000011004042FDF788FB024B1860024B19601C
:103F10007047C046301B0020341B002010B5024BF8
:103F20001878FCF759FB10BD96240220154B70B58C
:103F30001A68002A22D0EFF3108172B610680028A8
:103F4000FCD0BFF35F8F00200F4A596010701B68D0
:103F5000BFF35F8F186081F31088002400250B4E9B
:103F60003078FCF72DFB002804D10024002529001F
:103F7000200070BD3078FCF72FFBF8E7FA2400250D
:103F8000A400ECE7C01F0020972402209624022002
:103F900070B5040000200E0001F00AFB002834D0A8
:103FA000002001F01BFB00282FD0FDF73FF9002374
:103FB000174A12184B41002B16DB164D280005F04E
:103FC000E3FA002821D0002001F0F2FA00280FD1F6
:103FD00001200021404200F001FD0324644228003A
:103FE00005F09AFA200070BD01220B4B5242E4E723
:103FF000002001F0F3FA0028EAD02100320000206E
:1040000001F0F6FA041EEAD1E7E703246442E9E787
:1040100040420F0088230020FFFFFF7F10B5FDF70F
:1040200005F900230D4A12184B41002B02DA012238
:104030000B4B52420B4C200005F0A6FA00280CD086
:1040400001200021404200F0C9FC002001F014FBD7
:104050000028F5D1200005F05FFA10BD40420F00A6
:10406000FFFFFF7F88230020F8B5DE46574680B566
:1040700005000C00FDF7DAF80023364A12184B4110
:10408000002B02DA0122344B5242344908008A469E
:1040900005F07AFA002803D1C0BCBB46B246F8BD91
:1040A000002001F085FA00284AD00026002C43DDCC
:1040B0002B4B9B4614E0A919002001F017FB0700C9
:1040C00001200021404200F089FC002001F0D4FAD8
:1040D000FDF7ACF8224BF61918605960B4422BDD9D
:1040E000002001F023FBA71B0200B84200DD3A00CC
:1040F000002AE0D101200021404200F06FFC0020A6
:1041000001F0BAFA002001F053FA002814D0002080
:1041100001F00CFB0028E1D1FDF788F85B460F00A9
:104120001A685B68002184460E4812184B419F4272
:1041300002D8D3D19445D1D9504605F0EDF9ABE77B
:1041400000200021064B18605960504605F0E4F944
:10415000A2E7C04640420F00FFFFFF7F88230020F8
:104160003812002020A1070030B52A4C85B000216C
:10417000200005F0F9F900281CD1274B1A68002A05
:1041800016D0EFF3108172B610680028FCD0BFF390
:104190005F8F01242148596002781B68D2B20470F5
:1041A000BFF35F8F0020186081F31088002A17D0BA
:1041B00005B030BD01200021404200F00FFC00207E
:1041C00001F00CFA0500200005F0A6F9002DEFD053
:1041D000134B1B68002BEBD0124A10689847E7E797
:1041E000FCF710FE0400FDF721F8FA2200239200EC
:1041F00012184B41002B02DA01220B4B52420121D3
:10420000029100210191094920000091FCF7FEFD77
:10421000CEE7C04688230020C01F0020972402203C
:10422000301B0020341B0020FFFFFF7F2D3F0010BC
:10423000D02310B51B0684B01C68FCF7E3FDFCF727
:10424000DFFEA04202D0002004B010BD294B0021A7
:1042500000201B7801F05EFD27480368002B45D045
:104260000120FCF765FBFF23244C254920701840F2
:10427000FCF7CCF920780121FCF790F90520FCF738
:10428000B3F9002824D1082200211E48FDF70EFFB3
:10429000FCF7B8FD0400FCF7C9FFFA2200239200E6
:1042A00012184B41002B02DA0122174B5242012116
:1042B000029100210191154920000091FCF7A6FD13
:1042C0000028C0DB12480121FFF7A6FC0120BBE754
:1042D0000120FCF731F90B4B01001800FCF78CFBB7
:1042E000002205200B49FCF7BBF9EBE7FCF768FB64
:1042F000B6E7C046489F001088230020962402207D
:1043000069410010C01F0020FFFFFF7F2D3F0010FC
:10431000701000201D3F001000487047989B00104F
:1043200000487047449B001010B5040017480378FC
:10433000002B20D0002C06D1154B16484380063B9D
:10434000FF3B038010BD052C1DD8134BA400E05883
:1043500012490123013804E001330A800231142B91
:104360000DD0C25C002AF7D1C022DBB25B00920004
:1043700008481343E5E7112100F01AF8DAE7CA23E9
:1043800004489B00DDE70020DCE7C04690230220C4
:1043900009040000681B00202C9B00106A1B0020F1
:1043A00010B5024800F0D8F810BDC04678220020B1
:1043B00030B54B1E012900D1A7E0664A11780D09DE
:1043C0002C0030349F2900D9A2E00470012B00D1C9
:1043D000BEE00F21147821400C003034092900D9A7
:1043E00098E04470022B00D1B2E0547825092900EE
:1043F00030319F2C00D990E08170032B00D1A7E0D1
:104400000F2121400C003034092900D987E0C47005
:10441000042B00D19CE094782509290030319F2C91
:1044200000D97FE00171052B00D191E00F212140DF
:104430000C003034092900D976E04471062B00D1F4
:1044400086E0D4782509290030319F2C00D96EE010
:104450008171072B00D17BE00F2121400C0030340B
:10446000092966D8C471082B00D171E01479250997
:10447000290030319F2C5FD80172092B68D00F21A1
:1044800021400C003034092958D844720A2B5FD0DF
:1044900054792509290030319F2C52D881720B2B79
:1044A00056D00F2121400C00303409294BD8C4725A
:1044B0000C2B4DD094792509290030319F2C00D93F
:1044C000073101730D2B43D00F2121400C003034F4
:1044D000092901D937310C0044730E2B38D0D1791A
:1044E0000C09220030329F2900D9073282730F2B2A
:1044F0002ED00F220A4011003731092A01D830325C
:104500001100C173102B23D010300023037030BD75
:1045100007345AE737310C0063E707316CE737316E
:104520000C0074E707317DE737310C0085E7073170
:104530008EE737310C0095E707319DE737310C00E6
:10454000A3E70731AAE737310C00C4720C2BB1D1B5
:10455000C018DAE77822002010B588B004000D22D8
:1045600000216846FDF7A2FD0D22002104A8FDF7F9
:104570009DFD4B236A466846137004A90D2204F082
:10458000C3FF1521082220006944FDF795FD08B0FE
:1045900010BDC046F8B500F047F90C23194DFF22B5
:1045A000AB6705201849FCF75BF8184C4022002146
:1045B0002000FDF77BFD4027002301262121144A1E
:1045C00066702783A260136063545F31618445394C
:1045D0006354104A10496360E2602787A1620B6050
:1045E0006362E26204F0E0FF80239B052E64EB64CB
:1045F00090230A4A0120EA508022094B5202DA64D1
:10460000F8BDC046000011502D0500209C1B002065
:1046100084001050000110508000105010D0010094
:104620000020115010B501210520FBF7B7FF10BD88
:1046300010B500220021024800F016F910BDC04656
:10464000BC1B0020044B1970002904D0802190234A
:10465000024A8902D1507047912402200020115053
:104660000B785B0602D14B78052B00D070478A7817
:10467000014B1A60FAE7C04600001150F0B5C6467B
:10468000C87800B58007830F1800012B60D08F78A1
:104690000A794B797F213940FC091B024E001343F4
:1046A000334D32195201AA1897700127674057708D
:1046B00000275B055B0DD7701383D076B846CA0020
:1046C000012C32D02B4FBC468F016244BC46AC4417
:1046D0006746BA6047461760002932D0264AC900AB
:1046E00090466246414451603F223F339343022843
:1046F00037D0224937190A687F01D3180B60204947
:10470000EF19FA608B422ED836197601AD19EB7E7F
:104710001C499B064A4013438022120613436A68D1
:104720001360012080BCB846F0BD174FBC468F0116
:104730006244BC46AC446746BA62474617600029EB
:1047400008D1002364012C196360104BE360E8E793
:104750000020E7E70B4AC900904662464144516297
:10476000C2E75B00C5E7FCF77FFFFA68CCE7C0460D
:104770009C1B00208400105004001050A41F002037
:10478000FF0F10500000105080001050000110501A
:1047900010B504F009FF10BD10B57F200C002040BB
:1047A0004000E409110000191A00034B4001C01831
:1047B00000F05AF8012010BD9C1B00207F23180038
:1047C00000B5084083B00B4204D14B424B41084A2C
:1047D000013393668022C9094000064B401840010E
:1047E0000021C018120104F0E7FE03B000BDC0466E
:1047F000002011509C1B00207F22130010B50B409D
:104800000A4200D110BDC9095B005B1804485B0176
:10481000C018002300220349C37004F0CDFEF1E765
:104820009C1B0020FFF7FFFF80220A4B520410B5AB
:104830001A60094B09491A6010000B689843FBD1B4
:104840008022002152010648FDF730FC0922054B69
:104850005A6710BD00E0004000F0004008C0004072
:104860000000105000001150002310B5C382013326
:10487000828283760161040004F05EFE002804D089
:1048800080219023074A8902D150200004F05CFE69
:10489000002802D00123237710BD200004F07CFE05
:1048A000FAE7C046002011507047C0467047C04626
:1048B00000207047002070477047C0467047C046D0
:1048C0007047C0467047C046024B5878431E984117
:1048D000C0B2704730150020024B18784007C00F57
:1048E0007047C04630150020F0B5D6464F464646C4
:1048F000C0B52F4B07009A461B780E00FF2B50D1F6
:10490000002941D0002154222A48FDF7CFFB002284
:10491000294C2A4B20001A70FCF752F8284B1C60D7
:10492000284C2000143CFCF759F8200001F0F2FD5F
:10493000254B264D1C60264B002B04D02800FFF78A
:10494000C7FA244B186024490024894621490023D2
:1049500088462A7810E043461B6862019B18002BAA
:1049600012D05B68002B0FD098472A780134E4B24C
:10497000511C2300A14209DBA242ECD89B1A5B0127
:104980004B445B68002BEFD100200BE05346310015
:1049900038001F70FFF7FEFD0028F5D03800FFF744
:1049A00041FE0120E0BCBA46B146A846F0BDC04673
:1049B000A410002030150020281500209224022089
:1049C000841500209C1000208815002090240220CF
:1049D000D13E001080130020549C0010F0B5DE463C
:1049E00057464E464546E0B5C84B91B002931B78FA
:1049F000FF2B00D13EE1C64BC64E9B465F46C64BE1
:104A00000DAC0193C54B009335686A69EFF31081D3
:104A100072B61368002BFCD0BFF35F8FA96128002A
:104A2000210001F0AFFB6A69AB69BFF35F8F002122
:104A3000116083F31088002800D11BE16378082BF4
:104A4000E2D89B00FB589F466368002BDCD0A0682F
:104A50009847D9E77F222179AF4D0A405300EB18E0
:104A60009846C809804440460123303005799D436B
:104A70000571057903339D430571002A00D100E1DA
:104A80004346A74A1B7D1278934200D3EFE0A54A24
:104A90005B011568ED18002D00D1EBE0A368627989
:104AA0002078AD69A847AFE79F4A1378002B00D163
:104AB000E0E01378013BDBB213701378002BA3D135
:104AC0000122954D01212B78042013432B703423B0
:104AD000EA5C8A43EA54EA5C8243EA540133EA5CC2
:104AE0008A43EA54EA5C8243EA54237800209B46D6
:104AF00000F09EFC602223791A40602A00D1EFE08A
:104B0000402A00D1F5E0DB06DB0E012B00D113E1DA
:104B1000022B00D1C7E0002B00D0E1E0202A00D119
:104B20001CE2002A00D0DBE06379092B00D9D7E032
:104B30007E4A9B00D3589F46774D2B78DB0700D4E5
:104B400062E7FFF7BFFE5FE7019BDB78DB0700D47E
:104B50005AE76068FFF7AAFE56E76F4D2B78DB0730
:104B600000D451E728780007C00FFFF7A9FE4BE7F4
:104B700023786A4999468B46694B6A4998468A4622
:104B800039001A7847460023B04600254E4689462C
:104B900010E053461B686A019B18002B00D176E099
:104BA000DB68300098473A780135EDB2511C2B0094
:104BB0008D4244DC9542ECD39B1A5B015B44EFE7EA
:104BC000237858499946564B8A4698463100BB4649
:104BD0004E461A7800250023474689460FE0534683
:104BE0001B686A019B18002B55D0DB683000984782
:104BF0003A780135EDB2511C2B008D4207DC95420D
:104C0000EDD39B1A009A5B0194466344EDE7019D46
:104C1000542200212800FDF749FA1022FF214448C0
:104C2000FDF744FA28002022FF2114304E465F464B
:104C3000FDF73CFA00F0F2FBFFF740FEE4E6364DEC
:104C4000542200212800FDF731FA1022FF21281DEF
:104C5000FDF72CFA28002022FF21143046464F464B
:104C6000FDF724FA00F0DAFB2379AB70CCE6501C98
:104C7000984213DA11B0F0BCBB46B246A946A04632
:104C8000F0BDA3686279207800F0E6FBBCE64646FA
:104C90004F46214DE6E74E465F46CBE71F4D9B1A38
:104CA0005B015D19FAE67023217A0B4218D1C8091D
:104CB00082460F330B405B0098461948EB1853446B
:104CC0001B7D00789946834266D216485B010068D6
:104CD00081469944002A00D15FE14B46002B68D100
:104CE00020780021FFF76AFD80212078FFF766FD1C
:104CF0008AE6104800F09CFB012158460EAAFFF7F7
:104D0000CDF8002800D07FE6EAE7C046A4100020D6
:104D1000AC9B00108815002030150020549C00101A
:104D2000902402208013002092240220D09B0010A7
:104D3000341500209D3E0010237A0F2BD0D8CF4A87
:104D4000EB181B791578AB423ED3691C9942C7DB3F
:104D50005D1BCB4B6D01ED18686900F069FB01210B
:104D600058466B690EAA9847002800D04CE660228E
:104D7000150023791D401A42B2D163790A3B012BF9
:104D8000AED800F055FB63790A2B00D199E1584663
:104D90000EA900F0D9FA37E6431C4B4500DAF7E0DC
:104DA0004B461B1A5B019946B5488144002A00D145
:104DB000F3E04B46586900F03BFB4B460121584657
:104DC0005B690EAA98479CE7AE4A5B011568ED182F
:104DD000002DC1D184E7A37999466B789945D6D047
:104DE0006B78002B00D033E14B466B70002B00D169
:104DF0002BE148460138C0B2FFF792FA002800D1F3
:104E00007EE143780793022B00D079E10122C1793A
:104E1000B1468B11491113400A40302112015B0148
:104E200013432A78A8468A4313432B7009239A46D2
:104E300082445646BA46C37882781B021343C3188D
:104E400005938E4B04938E4B08938E4B09938E4B98
:104E50000A93059BB34200D855E1737801220B2BCE
:104E600003D13378F278F6187378042B00D044E13C
:104E7000059B00279B1B9BB20693049B0B921D78FE
:104E8000002303931BE0099A7B011568ED18002DA0
:104E900000D132E1310058462B69069A9847844682
:104EA000082803D9069A824200D313E1049B0137F4
:104EB0001D78FFB26B1C03979F4200DD1DE1BD42D0
:104EC000E1D8039B5D1B089B6D019C466544E1E7AF
:104ED0006B780CAA02321370584601230EA900F019
:104EE00049FA91E5E3881A0AD8B20F2A00D9F7E601
:104EF00066499300CB589F460EA800F09FFA58468B
:104F0000A179FFF795FB02222B7813432B707BE5E9
:104F1000E388012B00D0E3E608222B785846934320
:104F20000EA92B7000F010FA6EE5022029780CAB68
:104F30009A1C8B068908DB0F01400B4313805846EF
:104F400002230EA900F016FA5EE5E388012B00D0DB
:104F5000C6E608222B7813432B7018E7237A0F2B11
:104F600000D9BDE6EB181D79444B1B789D4228D231
:104F7000444B6D011B685D19002D00D1B0E66869D6
:104F800000F056FA012158466B690EAA9847B8E618
:104F9000002A00D0A4E6002399466279022013007B
:104FA00003928343012B15D0002A00D098E62B00F2
:104FB0004344534430331B790CAA9B07DB0F023266
:104FC000BCE75A1CAA4200DA8AE6ED1A2C4B6D01A6
:104FD000ED18D4E7E388002B12D1029B1878039BCD
:104FE000012B23D0FFF7EAFB43460221EB18534481
:104FF00030331A790A4301211A711A790A431A7156
:105000004B46002B00D1FFE4586900F011FA4B46E3
:1050100001215B690EAA58469847002000F008FA63
:105020003523EB5CDB0700D5EEE4B0E6FFF7E4FBED
:1050300043460221EB18534430331A798A431A71DC
:105040001A7903998A431A71DAE7FFF737FC9EE66B
:1050500000215846FFF7F6FA5846FFF799FBAB7860
:10506000074903930491054B064998461A78059120
:10507000002329001D008A461BE0C0469024022020
:10508000549C00108013002044150020F89B001051
:10509000059B6A011B689B18002B4DD0DB685846A6
:1050A000984743461A780135EDB2511C2B008D42CA
:1050B0002EDC9542ECD39B1A049A5B019446634420
:1050C000ECE70CAB9A1C584601230EA9157000F0B2
:1050D00051F999E40B9A012A4FD0002A3CD00023C1
:1050E000B07804E00133DBB20F71934234D2C118BF
:1050F000C9B241440D79FF2DF4D04E46454657467E
:1051000000236B70ECE54E465746FFF7D5FB3EE6B5
:105110005546542200212800FCF7C8FF1022FF2129
:10512000281DFCF7C3FF28002022FF211430FCF7C4
:10513000BDFF039BAB7057E65546FAE7FEF7AAFEA4
:10514000021E00D1CCE5D37891781B020B43584660
:105150000EA900F00FF9D4E565463B002A003100A6
:105160000A9800F07FFEAC46049B039A1B786644C5
:105170000133934200DB6CE6BFE7174B2969994284
:10518000ADD1079AABE7FFF793FB021E00D1A7E56D
:10519000584613780EA900F0EDF8B2E52189FFF723
:1051A000C3F8021EF4D19BE5022A0FD0FFF782FB61
:1051B000021EC8D194E5FFF7AFF8021E00D18FE5BB
:1051C000122358460EA900F0D5F89AE5FFF7A8F883
:1051D000021EB8D184E5C0462D580010F8B55746D8
:1051E0004E46DE4645460C00E0B516001F00002A7C
:1051F0003CD0702398461E4B00259B461D4B9A467B
:105200001AE05B461B78200099465346997800F0D7
:10521000EBFD00281CD021004846FFF72FFA00289C
:1052200016D0A378DA09012A19D00A9A0135137029
:105230002378E418B54219DA6378052B08D1E378AE
:105240009B079B0FBB4203D14246A3781A42D8D09A
:105250000020F0BCBB46B246A946A046F8BD0B9A5A
:10526000013513702378E418B542E5DB0120F0E73F
:10527000A410002030150020702270B58B780C002F
:105280001A4201D0002070BD064B20001D78064B4D
:10529000997800F0A9FD0028F4D021002800FFF73C
:1052A000EDF9F0E7A4100020301500200B007F205E
:1052B00010B51840DB0934334000044AC018044BD1
:1052C0001168C01800F04CFD10BDC04684150020C8
:1052D000301500200B007F2010B51840DB09343357
:1052E0004000044AC018044B1168C01800F060FD6B
:1052F00010BDC046841500203015002070B57F24F5
:105300000F480C4064000419CD0964193034207929
:10531000C00701D5002070BD012625790948354315
:1053200000782571FFF738FA0028F4D1012223799B
:10533000934323712379033293432371EAE7C046F1
:1053400030150020A410002070B5094C060008227A
:1053500020000D00FCF7B0FE00238021E360A36075
:105360002B783000994300220023FFF7C7FF70BD60
:1053700010150020F8B5CE4647469046254E80B51C
:105380008146082230000D001F00FCF795FE4346C1
:10539000B3600023F381EC79AB7924021C43231C16
:1053A000BC4200D93B1C9FB2B381002C0DD0002F12
:1053B00017D04246002A2BD0402F1BD89FB23378FB
:1053C0007F2B1CD80021144A0FE080212B7800226B
:1053D000994348460023FFF791FFC0BCB946B04649
:1053E000F8BD7F230022317899433B004846FFF700
:1053F00085FFF2E740239FB233787F2BE2D9064C3A
:105400003A0041462000FCF757FE80212200ECE7DD
:105410000020E2E710150020D014002010B514225F
:1054200000210248FCF742FE10BDC04610150020C6
:10543000014B18617047C0461015002010B5054C8F
:10544000010008222000FCF737FE0023A360E36080
:1054500010BDC0461015002070B5384C1D002378D3
:105460000600DA09C9098A4210D00020002D00D0B8
:1054700070BD21003000FFF7F3F82369002B03D043
:1054800022000321300098470120F1E77F2B06D846
:10549000A068002834D02A002949FCF70DFEE289D3
:1054A000A1685219E38892B24919E281A16093423E
:1054B00014D03F2D12D9A389981A051C80B2402818
:1054C0002AD82078ADB27F2828D800219A4232D03D
:1054D0001B4A2B003000FFF711FFC9E72369002B9F
:1054E00005D0220002213000984700280AD08021F0
:1054F00023780022994330000023FFF7FFFEB7E72F
:105500000020B5E700213000FFF758F93000802176
:10551000FFF754F90120ABE74025D2E79A4207D0C4
:10552000074C2A002000FCF7C7FD80212200D0E7AD
:1055300080210022CDE70022CBE7C04610150020D5
:10554000D014002070B50400FFF7BEF9002800D188
:1055500070BDFFF7C1F90028FAD1C8236343124D8B
:10556000EE18F1780029F3D010335D19280000F00F
:10557000F3FD3F28ECD90020F178FFF797FE0028D3
:10558000E6D0280000F0E8FDF1783F2807D9074B66
:10559000E201D21800204023FFF7B0FED8E7002038
:1055A000FFF798FED4E7C0460814002084130020BB
:1055B00010B50400FFF788F9002801D1002010BDC4
:1055C000FFF78AF90028F9D1C8226243024B013063
:1055D0009B181B791840F2E708140020C82310B567
:1055E00043430248181800F099FD10BD181400201C
:1055F000F8B5C824802344431C4F103405003C19DF
:105600005B029A4200D31A4A200092B200F008FED0
:105610000600FFF759F9002801D13000F8BDFFF767
:105620005BF90028F9D1C8236B43FF18FB78002BE6
:10563000F3D0200000F090FD3F28EED90020F9784B
:10564000FFF734FE0028E8D0200000F085FDF9784F
:105650003F2807D9074BEA01D21800204023FFF763
:105660004DFEDAE70020FFF735FED6E708140020EC
:10567000FFFF000084130020F8B50400FFF724F9B1
:10568000002801D10020F8BDFFF726F90028F9D144
:10569000C82565432E00134F2436F619300000F05C
:1056A0003DFD0028EED07F190020B978FFF7FEFD00
:1056B0000028E7D00C4DE401651929004022300094
:1056C00000F0AEFDB978041E08D003002A000020C7
:1056D000FFF714FE0028D5D02000D4E70020FFF704
:1056E000F9FDCFE708140020C413002070B5C824CA
:1056F00044430C4B0500E41880235B029A4200D31C
:10570000094A200092B200F051FE0600200000F08D
:1057100005FD3F2801D8300070BD2800FFF7ACFF21
:10572000F9E7C0462C140020FFFF0000C82310B585
:1057300043430248181800F00FFD10BD2C14002040
:10574000F0B50025184C83B0C82200212000FCF7DA
:10575000ADFC164B21001D70FF236371E1235B023A
:10576000A360200008234022A37338310095073B33
:10577000103000F09DFC27000123210020002600AE
:10578000402278310093B837243000F091FCC036C5
:105790003800FBF715F93000FBF712F9E5612762D5
:1057A0002663656303B0F0BD0814002004140020D4
:1057B0000A4A116B136A00290CD0002B07D0002372
:1057C000D361536313630023136201207047536353
:1057D0001363FAE7002BF8D0D161F4E70814002036
:1057E00070B50F4C052200212000FCF75FFC0D4D29
:1057F0002B78DA0707D50C4C9B070CD5012120002C
:1058000000F0A8FE70BD2000103000F083FE2B7861
:10581000054C9B07F2D4200000F07CFEEEE7C0466A
:1058200008140020041400202C140020F0B54B793B
:10583000060083B0022B02D18B79022B03D0002506
:10584000280003B0F0BD204FBB78002BF7D18B7838
:1058500009253B700C780C196378242B07D00CE0D9
:105860002378E4185D196378ADB2242B05D19542F5
:10587000F6D90020FFF766FEE2E71A00052B15D0E7
:10588000042AF6D163790A2BF3D1104B27780193C0
:105890000133009330000223E119023AFFF79EFC26
:1058A0000028CCD00E35ED19ADB2E2E72100300072
:1058B000FFF7E2FC0028C2D0A3787B7023785D1943
:1058C000E4186278ADB2DBE7081400200A14002067
:1058D000F8B5602314001278050013400020202B37
:1058E00007D1304A6379277916781B023B439E42E1
:1058F00000D0F8BD6378222B1AD007D8202B34D0E3
:10590000212BF6D101293ED00120F2E7232BF0D143
:10591000012940D00329F7D1234B002BF4D0E178A3
:10592000A37809020020194300E000BF0120E0E74E
:10593000012930D00329E7D101252E00A378E4788E
:10594000023924021C431471264024321000714095
:1059500000F000FE154B002BD6D06208002031006D
:105960002A4000E000BF0120C3E701290BD0032932
:10597000CAD10F4B002BC7D0083200201100FEF710
:10598000ADFA0120B5E7072321002800094AFFF7F7
:10599000F1FC0120ADE721002800FFF7D5FC012034
:1059A000A7E7C04608140020000000000000000027
:1059B000DD3E001010140020F0B54F464646D64696
:1059C000C0B5364D8046EA780C001F008A423CD0B4
:1059D000AB788B4210D00020E0BCBA46B146A84656
:1059E000F0BD2F4B002B04D02E4800F0ADFB00285B
:1059F00051D00020FFF7A6FDAB78A34201D00120D3
:105A0000EAE7294B002B02D0002000E000BF002075
:105A1000FFF732FE0028F2D1244C200000F07EFB7C
:105A20000028ECD1002FEAD0BF06E8D1243C404644
:105A3000A178FFF73BFC0028E1D00023002240467C
:105A4000A178FFF75BFC0120C6E79AB210239A46C3
:105A5000174EAA443100504600F0A8FC154B002B0D
:105A6000BFD06B79FF2BBCD0002FBAD0F219914672
:105A700003E001364E45B4D06B7932789A42F8D1C2
:105A8000504600F061FB0028F3D15346103B597992
:105A900000E000BFEDE700E000BFAAE70814002027
:105AA0000000000018140020000000002C1400204A
:105AB00084130020000000009322F0B5134C85B041
:105AC000002120009200FCF7F1FA2300200080263C
:105AD00040270F4D4D337600FF3329300295009358
:105AE00000220023002103970196FF3000F0D4F933
:105AF0004035201D28340023012200210397029500
:105B00000196009400F0C8F905B0F0BDCC16002055
:105B10004C16002010B5054C200000F0F3F92000D1
:105B20002538FF3800F0EEF9012010BDF4170020F1
:105B300070B5084C002520003130FF30257000F092
:105B4000E9FC20000C3000F0E5FC2A23FF33E5548B
:105B5000657170BDCC160020F8B557464546DE4647
:105B60004E46E0B54B7980460F00FF2B5BD1404B92
:105B700099462A234946FF33CB5C002B53D14E79FB
:105B8000002E50D1BB783C780B703B793C19002B30
:105B900046D098235B004B449A460C234B449B46CB
:105BA000A51803E0AC423BD22378E4186378052BB8
:105BB000F8D1AC4234D221004046FFF75DFB00280B
:105BC00031D0A3780136F6B2DB09012B32D0504632
:105BD00000F0A0FC2A234946A278FF33CA54637917
:105BE00022791B021343234A5B0594465B0D9421E3
:105BF00063445A4253414A4602204900525C5B00CA
:105C0000824313434A46535451464046083900F0F4
:105C1000E3F9002807D02378E4183B79B342C5D8CC
:105C2000E01B80B200E00020F0BCBB46B246A946B3
:105C3000A046F8BD584600F06DFC5A46A3780C3AD1
:105C40005371637921791B020B430A495B058C462A
:105C50005B0D634459424B41022011795B00814343
:105C60000B43594600200839137100F081F9D2E73F
:105C7000CC16002000FEFFFFF8B52A2506001F48BD
:105C8000FF35455D1F008D4215D043798B4201D011
:105C90000020F8BD1A4B002B04D039040020090C59
:105CA00000E000BF174C3000210000F061F900282F
:105CB0001DD00120EDE79A235B00C35A002B0DD1C4
:105CC000114B002B04D000201049BAB200E000BFF5
:105CD00030000F4900F080F90120DAE796235B00DD
:105CE000C1583130BAB2FF3000F060FBE8E73A004B
:105CF0002100300000F008F90120CAE7CC1600208E
:105D000000000000D0160020000000004C1600200B
:105D1000F417002000B5030083B0002910D0002044
:105D2000012B07D80A78002A04D00C48C25401205D
:105D3000012A01D003B000BD1800FEF7D5FDF9E738
:105D400001236A46002001A99380FEF7CDFD0028BB
:105D5000F0D00122014B1A70ECE7C0462415002058
:105D6000037870B5DB0704000E00DD0F002B17D1A0
:105D700003785B0701D5280070BD0121300049423E
:105D800003F0FAFB2378DB07DD0F002B0AD1237821
:105D90005B0708D40422237801251343237002E013
:105DA0000025E8E70025300003F0B6FBE3E7C04636
:105DB00070B50C00012106004942200003F0DCFB15
:105DC00033785B07DD0F002B04DB200003F0A4FB1E
:105DD000280070BD3378DB0704D404223378934362
:105DE0003370F2E70025F0E7437902791B02134391
:105DF000C2785B0592075B0D920F022A1DD0032A21
:105E00000CD00020012A08D102394A425141124ADD
:105E10009446614499424041C0B2704702394A1EDB
:105E200091410E4A494211408022D20094460020FE
:105E3000614499424041C0B2EFE7022905D00020F9
:105E400040229A424041C0B2E7E7054A98184342CF
:105E50005841C0B2E1E7C046FF03000040FCFFFF2D
:105E600000FEFFFF8A1870B5914207D27F264C785A
:105E7000052C04D00C7809198A42F8D870BD34007A
:105E80008D782C4064000419ED0963550C780919CC
:105E90008A42ECD8F2E7C046F0B5C64600B582B0FB
:105EA000150008AA40CA040017886A46928D01208E
:105EB00090460A002178024081432000114321705E
:105EC0003A00009331000123083000F0F1F8002E71
:105ED00001D0002F08D10A9B0120636043466380F4
:105EE00002B080BCB846F0BD26001C363000FAF780
:105EF00067FD0023002D01D0330000266361A661F9
:105F0000E9E7C04601207047F8B502240B78070086
:105F10001C4063425C41144B64421C40134B08001C
:105F20009C4608300D001600644400F0F7F8002885
:105F300007D1002E05D0344203D101242B781C4216
:105F400001D00020F8BD38006978FFF7AFF90028CC
:105F5000F7D02B781C42F4D1002300223800697856
:105F6000FFF7CCF9EEE7C04640FEFFFFFF0100005F
:105F7000F8B50D000835060028000C0000F0CEF83A
:105F8000002803D0012723781F4201D00020F8BD4C
:105F900030006178FFF78AF90028F7D0280062887E
:105FA000616800F03DF9237805001F4000280BD000
:105FB000002FEBD10300626830006178FFF79EF993
:105FC0000028E3D02800E2E7002FDFD1300061781D
:105FD000FFF780F9DAE7C046F8B5CE46474680B508
:105FE0008A8906000C000B78002A07D101251D4282
:105FF00040D00020C0BCB946B046F8BD9B0733D4A2
:106000002A4B4025994627000837380000F0A4F8AD
:106010008542EED80122237890461A42E9D1300019
:106020006178FFF743F90028E3D0380000F094F8D6
:10603000424623781A40854231D8002AD9D14A46AF
:10604000638802401D1C934200D9151CADB200228A
:106050006178002D00D062682B003000FFF74EF908
:106060000028C6D02800C5E7FE2380251B029946DC
:10607000AD00C8E74978FFF719F90028B9D02378AF
:106080001D42B6D1638800226178002B00D062687F
:106090003000FFF733F90028ABD06088AAE7002A68
:1060A000A7D130006178FFF715F9A2E7C0FF000023
:1060B000F0B5C64600B504006846057E80208846D7
:1060C00017001E000002824226D8E068002803D094
:1060D0000121494203F050FA2069002803D0012130
:1060E000494203F049FA4346236073045B0CED0315
:1060F0001D430023E0686381A780E5802381002899
:1061000001D003F009FA2069002801D003F004FA55
:10611000012080BCB846F0BD0020FAE710B5048924
:1061200041898288A3B288B28C4207D31B1A9BB2E2
:10613000101C9A4200D9181C80B210BD5100091AD7
:106140005B189BB2F4E7C04603894089181A4342A2
:106150005841C0B27047C04610B504894189828851
:10616000A3B288B28C4207D31B1A9BB200209A427A
:1061700001D9D21A90B210BD5100091A5B189BB216
:10618000F4E7C04670B5040000690E00002803D093
:106190000121494203F0F0F925896089A288A9B25A
:1061A00083B2854232D3CD1AADB2002D28D0AA4297
:1061B00008D291422FD3891A8BB263819A4203D8B5
:1061C0009B1A9BB29A42FBD9E28821685204520C76
:1061D00053433000C918FBF76FFF63890125591C31
:1061E00089B2A2888B420DD900215200891A89B246
:1061F00020696181002801D003F08EF9280070BD6C
:10620000618989B252009142F2DBEFE75500ED1A45
:106210004D19ADB2C9E789188BB26381CEE7C0468C
:10622000F0B546464F46D646C0B5060000698946D9
:106230009046002803D00121494203F09DF931899D
:106240007289B5888BB294B2914254D31F1BBFB2EE
:10625000002F4AD0BD4205D2AB4251D25B199CB24D
:106260002F0074814346B8453DD89FB2A54203D85C
:10627000641BA4B2A542FBD9F28831685204520CC7
:10628000904662432B1B9BB2891842469F4225D9F8
:1062900053439BB21A0048469A46FBF70DFF43460C
:1062A00048467D1B64195C4331685044A2B2FBF739
:1062B00003FF7189B588CB199BB26A00994216D940
:1062C0009B1A9BB230697381002801D003F024F936
:1062D0003800E0BCBA46B146A846F0BD48467A430D
:1062E000FBF7EAFEE5E73B1CBFE773899BB26A0058
:1062F0009342E7DBE4E76F003F1BDF19BFB2A7E77C
:106300005B1B9CB2ACE7C046F8B50400C0680E0049
:10631000002803D00121494203F02EF92589208964
:106320006189A288ADB283B28FB2884229D3DB1BC8
:106330009BB29A4209D8E779FF0906D1E0680028A4
:1063400001D003F0E9F83800F8BD2B0095421DD3C9
:106350009B1A9BB29342FBD2E28820685204520CF3
:1063600053433100C018FBF7A7FE6B1C9BB2A288F9
:106370009D4217D9002352009B1A9BB2012723810B
:10638000DCE75100C91B5B189BB2D2E7E2882068AA
:106390005204520C53433100C018FBF78DFE0135F7
:1063A000A288ABB252009342E8DBE5E7F0B5454680
:1063B0004E46DE465746E0B588460500160083B0D7
:1063C000002A6ED0C068002803D00121494203F0A2
:1063D000D3F82F89EA79BBB29B466B89AF889BB211
:1063E000D2093FD19B4565D27A00D31A5B449BB258
:1063F000BB4264D2FB1A1A1C9BB2B34200D9321CB6
:1064000096B2F31B9BB29A465B46F3189BB2994631
:10641000EA885C46BB4503D3E41BA4B2BC42FBD272
:1064200052043B1B570C3A00624328689BB2801809
:10643000B34256D33A0041467243FBF73DFEAB8868
:106440005B00CB4501D8994503DB4A46D31A9BB282
:1064500099464B4637002B81E868002822D003F08C
:106460005BF81FE0BE422CD29B454BD35A46D21A52
:1064700092B27900F01B80B2921982468A42C3DB45
:10648000DA1992B29146921B92B2934693423ED948
:106490005B46591A8BB29B46F3189BB29946EA8821
:1064A000B7E70027380003B0F0BCBB46B246A946A8
:1064B000A046F0BD5A46D31A9BB2BB429AD30027DE
:1064C000CAE7002FC8D0EA88F61B5104490C714373
:1064D0009B468844D919002389B289463E009A46D2
:1064E00097E77B4399B20A00019154444146FBF778
:1064F000E3FD22007A430199286892B24144FBF7F8
:10650000DBFD9CE77900CA1A5A4492B2B2E7914285
:10651000BEDDC4E710B50400C068002803D0012127
:10652000494203F029F82069002803D0012149429B
:1065300003F022F80023E06863812381002801D062
:1065400002F0EAFF2069002801D002F0E5FF0120F7
:1065500010BDC04670B50400C0680D00002803D00F
:106560000121494203F008F82069002803D00121E5
:10657000494203F001F87F21E379ED011940E06819
:106580002943E171002801D002F0C6FF20690028EC
:1065900001D002F0C1FF012070BDC046F0B5C64673
:1065A000431E00B50A3314D8072304001A00083428
:1065B000224023426CD01300093BA34209D3103080
:1065C000841A01F051FA374A27001568002D28D1A6
:1065D0000EE001F049FA334A1368002B06D000257B
:1065E00001F04AFA280080BCB846F0BD002700241C
:1065F00007202D4D2B002900284245D100202B4E8D
:10660000706031602A4EB44607266544B543156074
:10661000284AEB1A1360284A6860286013604B60B0
:106620000D60002FDBDD244F3E68A642D7D31F4804
:10663000036804E01A68002A04D01800130059689F
:10664000A142F7D3AB42CAD01D001A680835904664
:1066500002600A1B102A05D919194A6042460A60CD
:1066600001602100134A761A10683E60864200D20B
:106670001660802212060A435A6000221A600F4AEE
:10668000136801331360ABE7EB1D83431900B5E7D3
:1066900001F0EAF9034A27001568002DA8D0002C64
:1066A000C1DA9CE7E81F002090230020502402203C
:1066B000F8FF010020240220142402202C240220B0
:1066C00070B5002804D0083843680400002B00DBB4
:1066D00070BD0268002AFBD15B005B0843600500C7
:1066E00001F0C2F9184A616813685B181360174B10
:1066F0001A001B689C42FBD850681618B4420DD093
:10670000601883421AD02360AA4200D01560104A54
:1067100013680133136001F0AFF9D9E70918501875
:1067200051608342F3D10B48150000689842EED0C7
:1067300058681B68411869602B60E5E705480068E8
:106740008342F5D1DFE7C046142402205024022002
:1067500030240220E81F002000000000000000009C
:106760000B4A13681868203080F30988022080F3F0
:106770001488BFF36F8F3FBCAE4608BC04BC62B642
:106780001847C046C046C046C046C046C046C04680
:10679000DC1F0020000000000000000000000000DE
:1067A000EFF30980164B1A6820381060F0C0444699
:1067B0004D4656465F46F0C00D221207146E556EC8
:1067C000566F176F3038F0C008B572B601F038FA5E
:1067D00062B60CBC116808681030F0C8A046A94623
:1067E000B246BB4680F309880D2212073038F0C844
:1067F0001466556656671767F0C81847C046C04606
:10680000DC1F002010B5F9F71FFEC046D02300B5ED
:106810001B061A6D83B0D20704D501219A6D1A6D3B
:106820001142FBD1D023FF221B061A650023114A17
:1068300001931168EFF3108C72B60B68002BFCD03B
:10684000BFF35F8F00230C48126801680360BFF339
:106850005F8F13608CF31088084B01AA186800F052
:106860000BFB019B002B03D08022054B52051A60C5
:1068700003B000BDD81F0020A8230220102402204E
:1068800004ED00E07047C04610B58024031F640487
:106890001C60043B19600349043B1960143B4038F9
:1068A0001A6010BD056800108022044B52051A6062
:1068B000BFF34F8FBFF36F8F7047C04604ED00E00A
:1068C00072B6044A136801331360BFF34F8FBFF3EE
:1068D0006F8F7047A4230220034A1368013B1360A3
:1068E000002B00D162B67047A4230220EFF3108082
:1068F00072B6704780F310887047C04610B5FFF736
:10690000F5FF040001F08AF9002803D08022034B30
:1069100052051A602000FFF7EDFF10BD04ED00E006
:10692000002310B5084A094C052023601360FAF7CC
:1069300085FDFA218900FAF7E9FF054B0138186057
:106940000723236010BDC04618E000E010E000E01F
:1069500014E000E0FF221F4B1204196810B50A432F
:106960001A60FF22196812060A431A601A490E209B
:1069700001F042FE19490F2001F03EFE18490B209C
:1069800001F03AFEFFF7CCFF0022164B1A60D0232D
:106990001B06154A1C681470FF221A651A6DD2076F
:1069A00004D501219A6D1A6D1142FBD10F34FF21DC
:1069B0002000F9F74FFF20000C49F9F727FE0121CD
:1069C0002000F9F7EBFDFFF7CBFE01F039F9F9F7FD
:1069D0003BFDC04620ED00E0A1670010FD680010FF
:1069E00085680010A4230220A51000200D68001067
:1069F000D02310B51B061868074B1B78834200D0C4
:106A000010BDEFF30583002B02D05B00C018F7E741
:106A100001F084FBF4E7C046A510002010B5030088
:106A20000268154882B00478D020000600688442CD
:106A300008D0BFF35F8F0023136081F3108820BF5D
:106A400002B010BDBFF35F8F0020106081F310888B
:106A50000A4A1B6810680A4A944663449A105C2BE1
:106A600000D9183A012301215B4291400093012291
:106A7000002300F051F9E3E7A510002010240220C4
:106A800000FFFF2F0A002B4930B58C46036883B006
:106A900063449C105C2B00D9183C0121264BA1407B
:106AA0001C78D0231B061B689C421FD040BF234D7F
:106AB00003682C68A34234D02368002BFCD0BFF3BA
:106AC0005F8F1F4C23680B4323602B68BFF35F8FDE
:106AD000002119600368D020002100064165BFF342
:106AE0005F8F196082F3108803B030BD40BF036828
:106AF000BFF35F8F00241C6082F31088EFF30583DF
:106B0000104ADBB21068002B10D001AA019400F0EB
:106B1000B3F9019B002BE7D080220B4B52051A6082
:106B2000E2E7074C206808432060D4E700F050F902
:106B3000DAE7C04600FFFF2FA5100020D81F002075
:106B4000A82302201024022004ED00E0F0B5CE4678
:106B5000474680B51D00344B14001A78D0231B061D
:106B60001B688046894683B09A420FD00368BFF302
:106B70005F8F00221A6081F3108820002900FAF745
:106B8000BDFA03B0C0BCB946B046F0BDFAF74EFB43
:106B900026002F00361A8F410121244849428019CE
:106BA000794143461E6800291EDC19D0BFF35F8F70
:106BB0000023336089F310881D4B5A6A954205D82B
:106BC0009B6A0120A342DCD29542DAD18022194B84
:106BD00052051A60BFF34F8FBFF36F8F0020D0E7CD
:106BE000FA239B009842E1D3FA2200239200FAF79D
:106BF000B3FE031EDAD0BFF35F8F0022326089F349
:106C000010880D4A0D49106842468C46126862444D
:106C100096105C2A00D9183E01210093B140002350
:106C2000012200F079F8C7E7A510002018FCFFFF4B
:106C30000040054004ED00E01024022000FFFF2F7B
:106C400010B5F9F76DFC054A054B94466044800089
:106C5000186000F055F8034B186010BD4000003478
:106C6000D81F002010240220F8B5DE4657464E46B5
:106C70004546E0B505000F00060000F0F5FE2B6864
:106C80002C6919000C3639438C462960A6422DD058
:106C90000023984680235B049A4680239B049946F0
:106CA00011E05F46002F0BD057463A4202D04246D1
:106CB0001A4390464B46194301F098F92B689C46BD
:106CC0006146A64210D020000F00026864681302DB
:106CD0001B0A1F40BB468027FF043A42E1D05B45B8
:106CE000E2D06146A642EED143469943296000F0C6
:106CF000C3FEF0BCBB46B246A946A046F8BDC0469E
:106D000010B51C20FFF74AFC041E03D0002308C066
:106D100000F0BEF8200010BDF0B5C6460D0006001C
:106D200000B51F00904600F09FFE2B003468234002
:106D3000002F0DD1002B28D04346002B28D0230054
:106D4000AB43336000F098FE200080BCB846F0BD35
:106D50009D42F1D0069B002B1AD0434680215A1E3B
:106D60009341C9041B061943069A2943301D00F0BC
:106D7000F5FF00F081FE002824D001F007FA04009E
:106D800083010DD52402240ADEE7069B002B02D1E5
:106D900000F072FED8E741464B1E99410906E3E731
:106DA000FFF78EFD346823002B40002F0DD1002B00
:106DB00005D04346002B02D02300AB433360FFF7DE
:106DC0008BFDDFE7FFF770FDD7E79D42F7D1F0E7D6
:106DD000F0B5DE4657464E464546E0B5050083B061
:106DE0000C000600019000F03FFE2B0019682D6991
:106DF0000C430C36370021001C60AE422FD000231C
:106E000099468023DB04984680235B049B468023BD
:106E10009B049A4611E06646002E0BD059460A4262
:106E200002D04A461A4391465146214301F0DEF80A
:106E3000019B19680C00AF420FD0280026000268A1
:106E40006D6813021B0A1E40B44646463242E2D029
:106E50006345E3D00C00AF42EFD14B469C43019B0E
:106E60001C6000F009FE200003B0F0BCBB46B24637
:106E7000A946A046F0BDC04610B5044C13000A0058
:106E80000100200001F0A2FB10BDC046696C00109B
:106E90000300083301224360C360036100235242B0
:106EA000826003607047C046002303617047C0469C
:106EB000030030B50D6808336A1C0DD01C005B68F8
:106EC0001A68AA42FAD94B60996003688C60013352
:106ED00061600861036030BD04696368F3E7C04620
:106EE0000369416882688A6051605968814205D0AF
:106EF0000022026118680138186070475A60F7E78D
:106F0000F0B5DE464E4657464546E0B585B006002C
:106F1000FFF7D6FC4523F45C64B2002C21DD213B55
:106F2000994621339A46B14409E0AA6BEB6B03966C
:106F30009A4245D3013CE3B264B2002B11D0B56C48
:106F4000002DF2D1736A002B0BD0484600F0E2FF0F
:106F50000028EFD001F0DCF8013CE3B264B2002B72
:106F6000EDD14523FF22F254FFF7B6FCFFF7A8FC52
:106F700044233500F45C103564B2002C05DC13E0CA
:106F8000013CE2B264B2002A0ED03369002B0BD070
:106F9000280000F0BFFF0028F2D0013C01F0B8F853
:106FA000E2B264B2002AF0D14423FF22F254FFF788
:106FB00093FC05B0F0BCBB46B246A946A046F0BD66
:106FC0005346EF5CAB6B2A6C013398467FB2002AC4
:106FD00013D12B689B46002B2AD04346AB637B1C06
:106FE0001CD16B6A002BA5D02800243000F092FF42
:106FF00000289FD001F08CF8AEE7686803A9FBF782
:107000005BF86B682A6C9B18AA686B609342E4D3A8
:107010002B686B604346AB637B1CE2D000F0F8FD4D
:10702000B84200D886E7534601377FB2EF5481E774
:10703000A86801F079F85B46AB6043460190AB630A
:107040007B1C09D16B6A002B0FD1019B002B00D157
:1070500070E701F05DF87FE700F0DAFDB842F4D99F
:10706000534601377FB2EF54EFE72800243000F099
:1070700051FF002800D06DE7E7E7C046F0B5C646EF
:1070800000B5846C82B0A26BE36B002501909A423C
:1070900004D3280002B080BCB846F0BD4523226C62
:1070A000E65CA76B76B2002A1CD0606801A9FBF7EA
:1070B00003F86368226C9B18A2686360934201D353
:1070C0002368636000250137A763731C15D1636AC9
:1070D000002BDED02000243000F01CFF0028D8D088
:1070E0000125D6E723689846002BEBD1A06801F074
:1070F0001BF843460500A360E5E700F089FD8642E2
:10710000C7D24523013676B2E654C2E7F8B505008A
:107110000E001700002841D0030C0A0C002B42D1AE
:10712000002A30D1300068430300553336D854303C
:10713000FFF734FA041E31D00300002E31D1236052
:10714000E5632664FFF7BCFB216CE36B22684B43CD
:10715000D0185B1A6260D218E260FF230025442237
:10716000A0602000A563A3540132A3541030FFF7A0
:107170008FFE20002430FFF78BFEFFF7ADFB50237E
:10718000E754A5640BE0131CA9B2B2B24A4380B223
:107190009BB24343120C9B181B0CC3D0002420004D
:1071A000F8BD5433CBE7002AF8D1081CECE7C04601
:1071B000F8B55746DE464E4645460400E0B59246D1
:1071C0001D000F00FFF792FBA26BE36B06009A42D3
:1071D0003BD300239846022D09D03000FFF78AFBED
:1071E0004046F0BCBB46B246A946A046F8BD453372
:1071F000E35C226C5BB29846A36B9B46A36B9946FB
:10720000002A2DD03900E068FAF756FF226CE368B7
:1072100051429B1A2268E360934202D2A3685B1832
:10722000E3604B46022D51D00133A3634346013343
:107230003DD000F0EDFC804504D2434645220133A9
:107240005BB2A35401239846C7E74523E35C226C55
:107250005BB29846A36B9B46A36B9946002A11D15B
:107260002768002F46D04B460133A36343460133C2
:10727000DFD1A36C002B33D0022D1BD15B46002B3A
:1072800018D0DFE7002DBDD139006068FAF714FF90
:1072900049466368226C01319B18A268636093427F
:1072A00001D3236863604346A1630133C1D1A36C5A
:1072B000002B15D02000FFF7E1FE0028C2D0534676
:1072C000002BBFD0012352461360BBE7002B00D137
:1072D0000123A36343460133ABD1A36C002BCDD173
:1072E000636A002BAED02000243000F013FE00288B
:1072F000E5D1A7E7A06800F017FFA760B3E7C04695
:10730000F0B54746CE46040080B585B08846019268
:10731000FFF7D6FAA76B002F5ED1019B002B3BD065
:1073200002A800F0AFFE0023442699464525FFF74A
:10733000D3FA00F099FBFFF7C3FAA35D5BB2013308
:1073400001D14B46A355635D5BB2013301D14B467E
:107350006355FFF7C1FA01A902A800F09FFE0028BB
:1073600022D1FFF7ADFAA36B002B2AD1FFF7B4FAB5
:1073700020000199243000F0A1FC2000FFF7C0FD9F
:1073800000F07AFB002824D0FFF79AFAA76B002FB1
:1073900022D1019B002BCAD1FFF79EFA002005B035
:1073A000C0BCB946B046F0BD2000FFF7A9FD00F013
:1073B00063FBFFF785FAA36B002BEDD0FFF78CFA88
:1073C000E2E7FFF789FA2000FFF79AFD00F054FB8F
:1073D000DAE7FFF769FAD7E7226C002A08D0E168FC
:1073E000A3688918E16099420BD24046FAF764FE1F
:1073F0007B1EA3632369002B06D1FFF76DFA0120E2
:10740000CDE72168E160F0E72000103000F082FD58
:107410000028F2D0FFF748FAEFE7C04610B5002980
:1074200033D0424B5A68904200D173E01A68002A68
:107430002CD0DA68904200D176E09A68002A3ED0DB
:107440005A69904200D16DE01A69002A3DD0DA698C
:10745000904261D09A69002A3DD05A6A904242D047
:107460001A6A002A43D0DA6A904257D09A6A002AF0
:1074700043D05A6B904253D01A6B002A43D0DA6B38
:10748000904245D09A6B002A2AD010BDDA6890420B
:107490004AD05A69904245D01A00DC69A0423BD0DC
:1074A0005C6AA0421FD0DC6AA04237D05C6BA0426D
:1074B00036D0DC6BA0422BD011605060E5E75A69F2
:1074C00090422FD01A000832E7E7DA69904223D0C1
:1074D0001A001032E4E75A6A904204D0144AE2E7F4
:1074E00038331A00E8E70422D2009A18E4E7DA6A8F
:1074F000904213D01A002032D8E75A6B90420FD036
:107500001A002832D5E71A00DC6B3032A042D3D102
:107510000722E9E70022E7E70322E5E70522E3E7A0
:107520000622E1E70222DFE70122DDE74013002027
:107530005813002070B5040016000D00FFF7C0F9C5
:107540004422A35C5BB2013301D10023A354452242
:10755000A35C5BB2013301D10023A354FFF7BCF954
:10756000A36B002B03D02000FFF7CAFC70BD2000E6
:1075700032002900243000F053FCF4E7F0B5C64691
:1075800000B50400FFF79CF9384A394F13680133FE
:1075900013603B68002B35D0364BE26A98461B6877
:1075A000002B29D0344E35490B6801330B606364DE
:1075B000334B1968914200D21A6093009B189B00CC
:1075C000F1184A68A260906884466546E060201D14
:1075D00068609060F25861610132F250FFF77CF907
:1075E00043461B68002B04D03B68DA6AE36A9A4280
:1075F00011D380BCB846F0BD3B68DB6A9342D1D85A
:107600003C60CFE73C601368012B07D0194BE26A5E
:107610009846194EC7E7FFF747F9EAE7A023164E49
:107620009B0098463500B04428001435FFF730FC25
:107630004545F9D1134B98461800FFF729FC124D28
:107640002800FFF725FC1148FFF722FC1048FFF740
:107650001FFC1048FFF71CFC42460F4B1A600F4BF3
:10766000E26A1D60034B98469DE7C046AC230220AA
:10767000DC1F00204C240220F41F0020B82302202D
:10768000BC230220E8230220FC230220382402200D
:107690006C24022058240220E41F0020EC1F00204C
:1076A000F8B5CE464746960080B5804630000D00BE
:1076B0009946FEF773FF071E00D187E07020FEF7A2
:1076C0006DFF041E00D17EE070220021FAF7EEFC6F
:1076D0003200A52138002763FAF7E8FC236B043E4B
:1076E0009E1907239E43002D4BD034222B78A354A0
:1076F000002B43D06B780132A354002B3ED0AB78E3
:107700000132A354002B39D0EB780132A354002B63
:1077100034D02B790132A354002B2FD06B79013256
:10772000A354002B2AD0AB790132A354002B25D0CF
:10773000EB790132A354002B20D02B7A0132A354D1
:10774000002B1BD06B7A0132A354002B16D0AB7ADE
:107750000132A354002B11D0EB7A0132A354002B39
:107760000CD02B7B0132A354002B07D06B7B013252
:10777000A354002B02D04223AA7BE25443230022CD
:10778000E254089D1F2D1CD8201DE562E564FFF71B
:107790008BFB20001830FFF787FB20235B1BA361C6
:1077A0004A464146300024616462FFF76DF8099B48
:1077B0002060002B00D01C602000C0BCB946B04641
:1077C000F8BD1F25E0E73800FEF77AFF0024F3E755
:1077D000F0B5C646124B00B59846124D124F134EE7
:1077E00014E0FFF76DF8FB68DC68201DFFF778FBFD
:1077F0003368013B33602B68013B2B60FFF76CF86B
:10780000206BFEF75DFF2000FEF75AFF2B68002B70
:10781000E7D143461B68012BF8D9FFF745F8F5E798
:10782000F41F0020B02302206C240220AC2302208D
:10783000F0B5DE4657464E4645465C4BE0B5186807
:1078400083B001301860002866D059490B6898420F
:1078500077D3584B98461B681B68002B00D1A0E0DB
:1078600000239C46544B554D9B4600239946544B50
:1078700001919A464346804618003AE049465961CC
:107880001168013911609A6A002A0FD0DE69196AFD
:10789000B160DE694E601900566818318E4200D121
:1078A00074E0494699621168013911605246D96AFB
:1078B0001268914201D9524611608A005218920012
:1078C000AE18716899608F68DF607C608C60A95821
:1078D0005E610131A9505A461168DA6ACB6A934257
:1078E0009B4162465B421A43036894461B68002B27
:1078F00052D00368DB68DB685A68904549D39C68BE
:10790000D9685A69A1609C684C6051681C1DA142ED
:10791000B4D1D9685160B1E7264B2A4A1968146876
:107920001C60116028490A6801320A601A681268EE
:10793000002A25D101231E495B420B600B68984247
:1079400087D200239C461C4B1C4D9B465B46012066
:107950001B681E4AD96A12688B005B189B00EB58A3
:107960009842804113005A1E934140421843634697
:10797000184303B0F0BCBB46B246A946A046F0BDD2
:107980001B680B49DB681B680B605FE7196A516075
:1079900087E701990A60D9E7019901235B420B60EF
:1079A000D4E79C46044B054D9B46F6E78024022015
:1079B00024240220E41F0020DC1F0020F41F0020EC
:1079C000BC230220EC1F0020282402208C2402204B
:1079D00010B582B0059C0194049C0094FFF760FEF2
:1079E000002804D0FFF7CAFD012002B010BD01201D
:1079F0004042FAE710B586B01022002102A8FAF73B
:107A000055FB00248022114B11480293114B009426
:107A100001939200002302A9FFF742FE002805D03F
:107A2000FFF7ACFD00F08CFD012803D00A4B1B686A
:107A300006B010BD72B60122084B52421A60084BC4
:107A40001860084B1C60FEF785FFEFE749444C4582
:107A5000D177001018240220949C001024240220C6
:107A60004C24022080240220024A13680133136050
:107A70007047C046B4230220F0B5DE46454657465F
:107A80004E46E0B583B0FEF71BFF544D2B68013B1B
:107A90002B602B68002B00D083E0514B1B68002B20
:107AA0007FD0504F3B68002B00D194E04E4B4F4CA1
:107AB0009C464F4B019599464E4B9A46002398465B
:107AC00001339B46FB68DB68D869196A9A6A816052
:107AD000D8694860190050681831884200D173E0B5
:107AE000414699621168013911609868D9685A69EC
:107AF0008160986848605068191D884261D010689C
:107B0000013810606046DA6A0068824201D9604636
:107B10000260900082189500601942689A60966829
:107B2000DE607160916062595861013262514A466B
:107B30001168DA6ACB6A9A423ED953465A461A60AD
:107B40003B68002BBED12C4B019D1A681268002A9D
:107B50003DD01B68DB681A68284B1A60284E3468D1
:107B6000002C14D0012708E0FFF762FE002801D0A6
:107B700053461F60013C002C08D02B68002BF3D02B
:107B80003368013C01333360002CF6D13460534636
:107B90001B68002B05D0164B01241B68FEF784FEE2
:107BA00000E00024FEF798FE200003B0F0BCBB46C6
:107BB000B246A946A046F0BD3B68002B00D081E745
:107BC000C1E7D86850609AE7196A516088E70B4BA3
:107BD000013A1A60C2E7074B9A46BFE7B423022076
:107BE000AC23022038240220BC230220F41F0020F2
:107BF000DC1F00208C240220E41F0020242402200B
:107C000034240220014B18687047C04680240220AB
:107C1000014B18687047C046AC230220064B10B5D4
:107C20001B68002B02D1FFF703FE10BD034A0020A2
:107C3000136801331360F8E7B423022034240220D0
:107C4000194B30B51B68002B03D00122174B1A606B
:107C500030BD164A164C13602268164891008B18E6
:107C60009B00C558002D07D1143BC3181968143B5D
:107C7000013A0029FAD091008918890045186B68EB
:107C800008315B6840186B60834205D0D9680A4BA5
:107C9000196022601B68DBE7EB68D9686B60064BF4
:107CA000196022601B68D3E7B42302208C240220D1
:107CB000BC230220F41F0020DC1F0020F0B5C646C4
:107CC000204D0C00296800B51831FFF7F1F81E4B64
:107CD00000211E681D4B1F681D4B1B682A689846B3
:107CE0006D232868D1540430FFF7FAF8631C15D0CF
:107CF0002B682968A4195C600431A64205D9404666
:107D0000FFF7D6F880BCB846F0BD3800FFF7D0F8D2
:107D1000104B1A689442F5D21C60F3E70E4B2968A9
:107D20005A688A6090682968C8602968043141608F
:107D30002968043191602A6853611A6801321A6017
:107D4000E0E7C046DC1F002080240220E41F002062
:107D5000EC1F002024240220582402208023F0B5A8
:107D6000C646294C15001B0622680B4300B59361DB
:107D700022684368D36199682268116222681832C8
:107D80004A602268002118329A602368986203686A
:107D9000013303601D4B1E681D4B1F681D4B1B6884
:107DA000226898466D232068D1540430FFF798F874
:107DB0006B1C15D023682168AD195D600431AE429B
:107DC00005D94046FFF774F880BCB846F0BD3800CE
:107DD000FFF76EF8104B1A689542F5D21D60F3E775
:107DE0000E4B21685A688A6090682168C8602168D3
:107DF00004314160216804319160226853611A683E
:107E000001321A60E0E7C046DC1F00208024022017
:107E1000E41F0020EC1F002024240220582402200C
:107E2000F0B5C646354C43680D00216800B5CB61FE
:107E30009E6821680E6221681831716021681831CE
:107E40009960236898620368013303602C4B002A11
:107E500021D01B682B4B00211B682B4B1B686D230B
:107E600022682068D1540430FFF73AF8274B216884
:107E70005A688A6090682168C8602168043141604E
:107E8000216804319160226853611A6801321A60D6
:107E900080BCB846F0BD1E681A4B1F681A4B1B68A1
:107EA000216898466D232068CA540430FFF718F8FB
:107EB0006B1C15D02368AD195D60AE420AD82168ED
:107EC00038000431FEF7F4FF114B1A689542DFD2F7
:107ED0001D60DDE7216840460431FEF7E9FFD7E782
:107EE0002268731E53609E42F4D821683800043122
:107EF000FEF7DEFF064B1B68CAE7C046DC1F00200A
:107F000080240220E41F0020EC1F002058240220BF
:107F100024240220C36870B5DB68D869196A9A6A9C
:107F20008160D8694860180051681830814243D098
:107F300000219962116801391160264A1268002AED
:107F40002CD19868D9685A69816098681C1D48606E
:107F50005168A14233D01168013911601E4AD96AB3
:107F60001068814226D88A001C4852189200851851
:107F7000696899608E68DE6074608C6081585D61AC
:107F800001318150164A00201168DA6ACB6A9A42A0
:107F900003D90122134B01301A6070BD124A516897
:107FA000D9618C681C626060886011689A620131D6
:107FB0001160E7E71160D6E7196A5160B8E7D96840
:107FC0005160116801391160034AD96A1068814211
:107FD000C9D9EFE7B4230220BC230220F41F0020FC
:107FE000DC1F00208C2402203824022080231B0662
:107FF00070B5026944680B4381680360C368A1607F
:108000004C605468844230D0002101611168986846
:1080100001391160D9685A69816098681C1D4860EF
:108020005168A14223D0116801391160114AD96AFF
:108030001068814200D911608A000F4852189200DE
:108040008518696899608E68DE6074608C608158FC
:108050005D6101318150094A1168DA6ACB6A9A423E
:1080600002D90122064B1A6070BD5160CCE7D96875
:108070005160D8E7BC230220F41F0020DC1F002041
:108080008C240220034B1B680360034B1B68436076
:108090007047C0462824022080240220F0B5C6463E
:1080A00000B50E000700FEF70BFC6D23154C164AB9
:1080B00021681568ED5C002D09D000211268D154AB
:1080C0000124FEF709FC200080BCB846F0BD3368EF
:1080D0005A1C15D00D487A680568A8463D68454584
:1080E00004D08A4202D800233360E9E78D1AAB42FC
:1080F000F9D95B1A9B18336003683B6023687B6087
:108100000024DEE780240220DC1F00202824022037
:108110000122014B1A6070478C240220014B186821
:108120007047C046DC1F002070B5041E08D0036DE8
:10813000C16AC26C013B0365914201D0002B01D0A2
:10814000002070BD051D2800FEF7CAFE2023E26C4A
:108150009B1AA3610B4BE26219688A4200D91A602C
:10816000930009499B189B00C8184268A260966852
:10817000E66075609560CA58606101320120CA509E
:10818000DFE7C046BC230220F41F0020044B1A681E
:10819000196890691A682023C96A5B1A936170474D
:1081A000DC1F0020F0B55746DE464E464546E0B59A
:1081B000CE4B8BB09846CE4B06AF0193CD4B9B4632
:1081C000CD4B9946CD4B4C4602932823D9469A462F
:1081D000C3465B461B681D68002D00D0E1E0FFF739
:1081E00043FCFFF70FFD019A80461368834200D9D4
:1081F000E7E04B461B6810601A6853425A414346F9
:108200002068E91AFFF796F9FFF736FC002800D13D
:108210002BE1102200213800F9F748FF0022390035
:108220002068FFF76DF80028D3D03B68002B5ADB9D
:10823000BD68002DF2D06B69002B02D0281DFEF71F
:108240004FFEFFF7DFFC019B06001B68984252D3EC
:10825000019B1E603B68092BE0D8029A9B00D35813
:108260009F465346E85C012352460343AB5479686A
:10827000AA692D618B186B60B34200D986E0711A30
:108280008A4219D8410700D5F2E0012398435346AA
:10829000E85428002B6A9847C0E753460122EB5C5C
:1082A00013435246AB547B682D619A19AB616A60E7
:1082B000B24270D8002BB1D04B46291D1868FEF78A
:1082C000F7FDABE753460122EB5C93435246AB54B8
:1082D000A4E75346EB5C9A0700D4C2E00122934323
:1082E0005246AB549AE77B68F968B86898473B6890
:1082F000002B93DB9CE75B461B681A68002A3ED084
:108300000395049005940BE0012293435246A35435
:10831000236A200098475B461B681A68002A2BD006
:10832000DB68DC681E68231D18009846FEF7D8FD40
:1083300053460422E35C1A42E6D0A3692461F5188F
:10834000F64365609E420AD32E00F643236A20005E
:108350009847A3692461ED186560B342F4D94B4690
:1083600041461868FEF7A4FD236A200098475B4643
:108370001B681A68002AD3D1039D049E059C4A46B7
:10838000594612680A604A46136061E7B14202D951
:10839000994200D876E75B46291D1868FEF788FDEC
:1083A0003CE7DB681D68FFF75FFBFFF72BFC019ADA
:1083B00080461368984204D3106085427AD900221F
:1083C0001DE75B461B681A68002A3ED042460494AB
:1083D00003920BE0012293435246A354236A2000E8
:1083E00098475B461B681A68002A2BD0DB68DC685C
:1083F0001E68231D18009846FEF772FD534604229E
:10840000E35C1A42E6D0A3692461F518F64365607F
:108410009E420AD32E00F643236A20009847A369A0
:108420002461ED186560B342F4D94B4641461868A3
:10843000FEF73EFD236A200098475B461B681A68DA
:10844000002AD3D1039A049C90464A4659461268A2
:108450000A604A4613604246019B1A60FFF70CFB14
:10846000D7E62800FEF72CF9D8E6FEF71DFAD0E68D
:10847000A046340007E0E31A9A4214D82B6A280079
:1084800098473300AA69D6186E602D61B442F2D2C3
:108490009C4201D2B342F1D95B46291D186844467B
:1084A000FEF706FDF5E64B46291D18684446FEF723
:1084B000FFFCEEE6FFF7E0FA5B461B68DB68DE6870
:1084C000331D18000393FEF70BFD5346F35C5A0768
:1084D00007D4012293435246B3543000336A98477D
:1084E00097E622002B004446904610E0E01F002053
:1084F0001C240220F01F002084240220989C0010DD
:10850000E31A9A4214D8336A300098472B00B269B4
:1085100036619D187560A542F2D9A34201D9AB42DC
:10852000F1D95B46039918684446FEF7C1FCD4E7CD
:108530004B46039918684446FEF7BAFCCDE7C0469F
:1085400070B582B0FEF7BCF9174C2368002B12D02F
:10855000FEF7C2F923680020002B0AD0134B8022BB
:1085600001931F231249009312480023D200FFF702
:108570002FFA02B070BD104E3000FEF789FC0F4D8F
:108580002800FEF785FC0E4B00221E600D4B1021CB
:108590000A201D60FEF7BAFD20600028D8D00A49E5
:1085A000FEF73CFFD4E7C046842402208824022042
:1085B000DC970010A5810010C0230220D4230220E4
:1085C000E01F0020F01F0020D497001030B51400E9
:1085D0001A0002230D0085B05B420093054B019009
:1085E00069461868002302950394FEF7E1FD05B083
:1085F00030BDC04684240220F8B50E00EFF310878A
:1086000072B60C4B84009B681D59A94204D00A4BDA
:108610009D420AD2F9F728F8064B9B681E51BFF31A
:108620005F8F87F310882800F8BD044B9D42F3D379
:10863000F0E7C04600ED00E0C0010010D4010010DA
:10864000FF23F0B545681B012B6001235B42AB6043
:108650000133FF332B63FD3B6B6300232B491A006F
:108660000C8812329200013354510231202BF6D182
:108670001F24C221826809022240130619432B00DD
:10868000C833596080215201C9040A435A61204A03
:1086900000261A6169225E612A611E4AF8271A6162
:1086A00006221D491A6182683F03D961D10339400E
:1086B0001A4FD9621E621F620D279F62184F120661
:1086C0005F63596417499E63196417491964174910
:1086D000196412211964F8235B051A40C6235B0252
:1086E0001A432B001133C168FF335A60104A2140EE
:1086F0009A604A0151188222D2040A435A610D4AF3
:108700001A610D4A1A6107232B60F0BDE89E001024
:1087100080E00000A080000080E600000000A18052
:108720008086010040E00000E2A000002AA00000D6
:108730000000024001E0000081E00000F0B5C64604
:108740008C46012600B507000068420842405308E5
:1087500013439C081C43E4430A0033008B40551A22
:10876000013BAB401C420BD18A4211D93300691C3A
:1087700049082A008B40551A013BAB401C42F3D0FC
:108780003500531E9D402C4207D11A004908E4E7EA
:108790003860604680BCB846F0BD330093400400AA
:1087A000013B59088C4303406B4061005940012351
:1087B00098460800C444042AEAD9111FC5E7C046F8
:1087C00010B5436804009A6884B0920712D4092255
:1087D0002021A26300222163A16DE262002901D061
:1087E000A2659A610D4A0E491A6596225200995067
:1087F00004B010BD0023836243624363FFF720FF90
:10880000102200216846F9F751FC802123696A464D
:108810002000090498476368D9E7C04627A10000F3
:1088200002030000C36D020030B5012B45D0136E6A
:10883000516E54688B420DD10021D1650231216304
:10884000BFF35F8F546E80208000A34200D130BD03
:10885000546861630121D165D16920000131D16182
:1088600003210B40293159430B008033D318521890
:10887000D16F07222260803222607B3A226300227D
:108880001130FF3082601B4A1B4D8260AC22A55024
:10889000002905D08900591804CBE2619942FBD127
:1088A000164B0361144B03611B23036183239B015C
:1088B00003610F2323600020C9E78E21436849002C
:1088C000595818290ED0F021D86809050842F2D16C
:1088D000942149005B5826390B4002398B42A6D0BF
:1088E0000020B4E71131FF315B589B079FD5002072
:1088F000ADE7C046000002402160000001E000003A
:10890000F0B5436A876AC66BFB40760487B0760C85
:10891000DB030400456B33431021C66301A80193B8
:10892000FFF70CFF0122019B013D5B001343ED1B90
:10893000E26D2818616823646064012A0AD1032764
:10894000256E2B323D406A43A218956EAC46A56C4D
:10895000AC450FD00123A36501334B63294A2B3368
:10896000FF33CA500523A3630023E362103323635C
:1089700007B0F0BD956FAE4203D1D66EE56CAE4246
:108980002BD0236A013323628B689B0711D4092300
:108990002022A36300232263A26DE362002A01D098
:1089A000A3658B61184B174A0B6596235B00CA5071
:1089B000DEE700232000A36263626363FFF740FEEB
:1089C0001022002102A8F9F771FB80212000090480
:1089D000236902AA98476168D9E7166F256DAE42F0
:1089E000CFD1556F626D9542CBD10222A2650B3A71
:1089F0001B05121A5205DB0A1343FF221343E765D6
:108A00008B61AFE70203000027A10000F0B54546E7
:108A1000DE4657464E469A230400E0B545685B00A3
:108A2000EB5887B002221A4248D06B6A626A9B05F3
:108A30009B0D92021A430A23A362636B51085140B3
:108A40000A3363634B080B4398081843C3430193ED
:108A50000A239846216B6262C44688452CD8664634
:108A600001236746B3404646F71B7E1CB146013BD7
:108A700048461E0086403000019E06424CD1E06A06
:108A8000804616006046FE40091A33408B4040463F
:108A900003432163A762E362002935D0002F69D127
:108AA0009A235B00EB58002BBCD107B0F0BCBB464F
:108AB000B246A946A046F0BD8C46D0E71A0500D5BF
:108AC0002BE25A0558D4802219005200114013425B
:108AD00000D039E29B05E8D59622636852009D5884
:108AE000E148854203D1A06D012800D1DAE32000DE
:108AF000FFF798FEDD4B62681D40022305431D43CE
:108B00002B33FF33D550D0E7A06B092800D937E2CB
:108B1000D74E8000305887460123994601235B4297
:108B2000434440469A464B4683400198184200D041
:108B30006DE250461300C3404846013903408B4064
:108B4000E76A21633B439846E36263465B089C46C1
:108B50004B466046664683405046871B781C8346DA
:108B6000013B5E461800B040019E064200D188E7F6
:108B7000D046D3E7B8466FE7A36D002B00D027E2BD
:108B80002000FFF74FFE0223626818432B33FF33A8
:108B9000D0508AE71F2B00D1ECE21B2B00D81CE33E
:108BA000A36D62681100002B1AD05B0710D5B14B82
:108BB0001365A36D062B00D1AFE32200802163690A
:108BC0004832013363612000236949039847626892
:108BD00000231100A365A84893612D33FF33D050C3
:108BE00093689B0700D5FEE109232022A36300239D
:108BF0002263A26DE362002A01D0A3658B619F4BC3
:108C0000994A0B6596235B00CA50A36A626A98462C
:108C1000216B500850404308034398081843C3434E
:108C200001934346002B00D016E739E70121E26BA0
:108C300052000A43934200D0AFE1A36D022B05D14D
:108C400062688F492B33FF33D150A76A0123BB40A1
:108C5000626A591E0A405B001A430623A36300237D
:108C6000E3620233B846022162622363D1E7E26C19
:108C7000E06B072A00D946E2171F062A00D10BE352
:108C8000032F00D10BE3012F00D03DE27D4A1906EE
:108C9000C7095F40FF233B405B00D35A00024340BB
:108CA00009BAE36361652000FFF72AFEA36A626ADE
:108CB0009846216BADE7E26C9046E26B94464246E3
:108CC000032A00D9D6E1022A00D1DFE2032A00D12B
:108CD000DFE2012A00D0CEE16146C809FF215840F9
:108CE000684A01404900525A61461B0609024A403F
:108CF0001BBAE2632365D6E7A06C624A010B8C467F
:108D0000FF2166460E407600965B8B46B04606090C
:108D1000B4464646F609B146664649464E4059466F
:108D20000E407100515A8A464146564609024E404D
:108D300001058C46F021B246664609040E401E43EA
:108D4000310C88465146B4464646C9094E405946FC
:108D50000E407100515A894651464E4609024E4016
:108D60006146090A8846B146F10946464E405946D1
:108D70000E407100515A88464946464609024E4007
:108D8000F109B04666464E4031005E460E40710025
:108D9000515A424612024A403B49E263C202114024
:108DA0004203F820800202400A43D9090A433021D5
:108DB00008001840194200D0F2E0606520650F20DD
:108DC0001840E064590600D4BBE1C0231B061343DE
:108DD000A36468E7A26C5204134360221A40602A1D
:108DE00000D1BCE1FF20190C264A01404900515A2C
:108DF0008C466646190AF6097140664601404900EC
:108E0000515A36027140CE095E4030404000125A3D
:108E100009024A40E263302210009903490D1840CC
:108E20001A4200D0E1E10F221A4060652065E26439
:108E3000580600D405E28023DB050B43A36432E728
:108E4000A3648121962362685B004900D1502C3BCA
:108E5000FF3BA3630023E36211332363A36A626AC7
:108E60009846F139D5E6C04602030000FFFDFFFF3A
:108E7000C09C00102AE100000202000027A10000AF
:108E800002050000E89C00100000FC1F61680F2B29
:108E900000D0A1E0022006008B681E40184200D0DE
:108EA0009AE00123BB40591E0A405B001A43082385
:108EB000A3630523B84605216262E6622363A8E640
:108EC000012B60D1A36D002B02D004221343A365B4
:108ED0000723A3630023E3620433B8460421626AD4
:108EE000236396E663689A68920700D56BE10922CE
:108EF0002021A26300222163A16DE262002901D03A
:108F0000A2659A61DB4A1A6596225200DA499950A5
:108F1000A36A626A9846216B7BE60822616C236C27
:108F20005242521ADB045205DB0A13437F221343D9
:108F3000626820009361FFF775FC9622CF4B616851
:108F4000034352008B50B0E5A36D002B00D117E610
:108F50005B0710D56368CA4A1A65A36D062B00D15A
:108F60007AE1220080216369200001336361483285
:108F700023694903984700236268A3659361FFE56D
:108F8000B846626A45E6216C89000B430121B9406D
:108F9000BB4001390A4013436362236A01332362F1
:108FA000636800279A689207A1D52000A7626762CC
:108FB0006763FFF745FB1022390002A8F9F776F83E
:108FC00080212369200002AA0904984763688EE77C
:108FD00004221343A365BDE7236A013323628B6830
:108FE0009B0700D400E600232000A3626362636352
:108FF000FFF726FB1022002102A8F9F757F880217D
:1090000020000904236902AA98476168ECE55346E9
:109010005046A3624B46834001985746034200D115
:109020003CE51700A16B1F401A4217D0092902D056
:10903000002900D06DE15346DA40D343013200D11C
:1090400059E19B059A0D002B00D0CEE00133A263BD
:10905000E262D0460121626A2363DAE5092900D180
:10906000D8E0236A0133236263689A68920700D4C8
:109070003DE79AE719006646180EF6094640FF20BC
:10908000804A30404000105A814660464E460002F9
:109090004640B4466646180CF6094640FF2030406C
:1090A0004000105A814660464E4600024640B44693
:1090B0006646180AF6097040FF2630404000105AF4
:1090C000B14682466046564600027040C60973406B
:1090D0004E4633405B00D35A00024340E3634346AD
:1090E00009BA2165042B00D8DDE52021072B02D821
:1090F00041460439C9000423A3630023B846626AC9
:10910000E362216385E519001F0EC6097E40FF2733
:109110005C4A37407F00D75B000278401F0CC609CD
:109120007E40FF2737407F00D75B000278401F0A50
:10913000C6097E40FF2737407F00D75B000278409A
:10914000A6E5802109060A43A264002800D1AAE509
:109150000C2220211A4200D1C1000323CCE7A364D2
:109160000223A3630023E3621433B8461421626A26
:1091700023634EE5A36DB846002B1CD05B0710D5CA
:1091800063683F4A1A65A36D062B00D1D4E0220024
:1091900080216369200001336361483223694903F8
:1091A000984700226368A26537499A612D32FF32E1
:1091B0009950A36A98460023A363E3620133012117
:1091C000626A236325E500232000A3626362636370
:1091D000FFF736FA10220021EFE6172B00D8DCE665
:1091E000A36D9A0700D5D8E6DBE462680027936890
:1091F0009B0713D409232021A36300232163A16DBE
:10920000E362002901D0A36593611A4B136596238D
:109210005B007BE6626893689B07EBD52000A76242
:1092200067626763FFF70CFA1022390002A8F8F7AB
:109230003DFF802102AA2000236909049847626843
:10924000D8E7A164002A00D12DE50C202021184286
:1092500083D10323D1004FE7236E01338021220005
:109260002366A36920000133A3614832236989037F
:10927000984780E627A100000203000002050000D5
:109280002AE10000E89C001002020000314A1904A3
:109290000EE7304A1902FDE62E4A190447E72D4A27
:1092A00019023BE7606C256C4042ED02ED0A400577
:1092B00028430225E56507241C6080341C607B3C44
:1092C0001C631C001134FF34A1602349234DA160AD
:1092D000AC215D502249D961224921612249216195
:1092E0001B212161214921610F21196020499861C9
:1092F0009950FFF7DAFB2000A36263626363FFF714
:109300009FF92000FFF75CFAA36A626A9846216B16
:109310007FE4236A01332362F3E7236E0133802164
:1093200022002366A36948320133A3612000236928
:109330008903984762684BE4236E01338021220041
:109340002366A36920000133A3614832236989039E
:10935000984726E7E89C00100000024023C0000068
:10936000FFFFFF7F01E0000021600000C22000003D
:10937000020900008C2270B50C005200002105008B
:10938000F8F794FE23005A1E93412B6063425C4120
:10939000034A634294461B0D1B0563446B6070BD1A
:1093A000000030500161704770B5040084B0A360C4
:1093B000089B0800E3600023A36263626363236881
:1093C00011005A425341802212019446304E5B42B2
:1093D0009B0A9B0232686344134204D02D4A1360F7
:1093E000B5681D42FCD0C000F8F790FAC823656844
:1093F0000002E8501833E8501833E8501833E850AA
:109400002000FFF71DF92448A368844668209900CE
:1094100061442268486021491F488C46DB00634450
:109420008446602006325A60E368990061444860CF
:109430001A49DB008C4663445A60AB689B0712D420
:1094400009232022A36300232263A26DE362002A82
:1094500001D0A365AB61124B124A2B6596235B00CA
:10946000EA5004B070BD00232000A362636263630E
:10947000FFF7E6F8102200216846F8F717FE802172
:109480006A4620002369090498476568D8E7C04602
:1094900000C0004000F0004000C00140004001401A
:1094A00027A100000203000010B583070AD00300C3
:1094B000032102E001330B4205D01A78002AF9D1CA
:1094C000181A10BD030019680C4A0D4C8A188A43FB
:1094D00022420FD15968094A04338A188A4322422A
:1094E00008D15968054A04338A188A432242F1D0C8
:1094F00000E001331A78002AFBD1E1E7FFFEFEFE0F
:1095000080808080F8B5C04601B40248844601BC22
:10951000604700BFE902002001B40248844601BC54
:10952000604700BF1502002001B40248844601BC18
:10953000604700BF450F002001B40248844601BCCB
:10954000604700BF010C002001B40248844601BC02
:10955000604700BF290C002001B40248844601BCCA
:10956000604700BF450F002001B40248844601BC9B
:10957000604700BFC100002001B40248844601BC1E
:10958000604700BFA101002001B40248844601BC2D
:10959000604700BF0101002001B40248844601BCBD
:1095A000604700BFB90C002001B40248844601BCEA
:1095B000604700BF2504002001B40248844601BC76
:1095C000604700BF690C00209D160010C9160010EE
:1095D000AD1800109D200010351F00104120001014
:1095E000D5170010E5160010051700101917001008
:1095F0006D09001021170010290D001065160010CC
:1096000079050010A1430010B1020010416C001058
:109610004D53472049443D20256C7520444C433D23
:10962000257520446174613D272573270A000000D9
:1096300072656365696576655F746872656164000B
:109640000A2A2A2A2050414E4943202A2A2A0A005F
:109650006E6F7420737570706F72746564000000B3
:109660004E6F207370696E6C6F636B7320617265EF
:1096700020617661696C61626C6500004E6F2075D7
:109680007365722049525173206172652061766161
:10969000696C61626C650000486172647761726533
:1096A00020616C61726D20256420616C726561645B
:1096B0007920636C61696D656400000048617264C3
:1096C00020617373657274006D697373696E6720CE
:1096D000646F75626C652066756E6374696F6E0089
:1096E00052656C6561736500626F6F74325F7732CB
:1096F0003571303830000000302E3100322E322EDD
:10970000300000007069636F5F77000074657374E8
:10971000000000004E6F76203238203230323500A3
:10972000666E692B00000000666E69006E616E0057
:10973000666E692D00000000555342207374646901
:109740006E202F207374646F757400005261737003
:109750006265727279205069000000005069636F81
:1097600000000000426F6172642043444300000027
:109770005265736574000000556E68616E646C65B7
:10978000642049525120307825780A0065702025E0
:109790003032582077617320616C72656164792082
:1097A000617661696C61626C6500000043616E27DF
:1097B0007420636F6E74696E7565207866657220BB
:1097C0006F6E20696E61637469766520657020250F
:1097D00030325800546D725100000000546D7220F8
:1097E0005376630006005250D3F07542E0960010A5
:1097F00006005250E182887FE89600100600525021
:109800003ABCA911F896001006005250ABB3605351
:10981000FC96001006005250BBFF3CB604970010A7
:1098200006005250861C03020C970010060052508E
:109830005422A29D1497001005005250DE65F46872
:1098400044AF00105C2E00100C2E00100C2E0010E7
:10985000542E00100C2E00100C2E00100C2E001098
:109860000C2E00100C2E00100C2E00100C2E0010D0
:109870004C2E00100C2E0010442E00100C2E001048
:109880000C2E00103C2E00107C300010722E0010A8
:109890006C300010722E001056300010722E001026
:1098A000722E0010722E0010722E0010722E0010F8
:1098B000722E0010722E0010642E0010722E0010F6
:1098C000722E0010722E0010722E0010722E0010D8
:1098D000642E00101A310010C62D0010C62D001085
:1098E000C62D0010C62D0010C62D0010C62D00106C
:1098F000C62D0010C62D0010C62D0010C62D00105C
:10990000C62D0010C62D0010C62D0010C62D00104B
:10991000C62D0010C62D0010C62D0010C62D00103B
:10992000C62D0010C62D0010C62D0010C62D00102B
:10993000C62D0010C62D0010C62D0010C62D00101B
:10994000C62D0010C62D0010C62D0010C62D00100B
:10995000C62D001090300010E8300010903000103C
:10996000C62D0010C62D0010C62D0010C62D0010EB
:10997000C62D0010C62D0010C62D0010C62D0010DB
:10998000C62D0010C62D0010C62D0010C62D0010CB
:10999000C62D0010C62D0010C62D0010C62D0010BB
:1099A0002A330010C62D0010C62D0010C62D001041
:1099B000C62D0010C62D0010C62D0010C62D00109B
:1099C000C62D0010C62D00102A3300102C310010B7
:1099D0002A33001090300010E83000109030001052
:1099E000000000000000F03F0000000000002440E4
:1099F00000000000000059400000000000408F40BF
:109A0000000000000088C34000000000006AF84029
:109A10000000000080842E4100000000D01263414D
:109A20000000000084D797410000000065CDCD41C3
:109A30000D0A000000000000053E001000000000BC
:109A4000093E0010153E0010413E00103D3E001042
:109A5000000000000A00000000000306A600080045
:109A6000020002009C001400030057494E55534267
:109A70000000000000000000000080000400010061
:109A80002800440065007600690063006500490015
:109A90006E0074006500720066006100630065007E
:109AA000470055004900440000004E007B00620062
:109AB00063003700330039003800630031002D00A7
:109AC00037003300630064002D003400630062003F
:109AD00037002D0039003800620038002D003900B1
:109AE0003100330061003800660063006100370018
:109AF0006200660036007D0000000000050F2100B6
:109B0000011C100500DF60DDD88945C74C9CD2657B
:109B10009D9E648A9F00000306A6000100000000CD
:109B20000600525053B4F4A1389700100000000012
:109B30004C9700105C97001090230220649700104F
:109B40007097001009025400030100807D080B008B
:109B500002020200000904000001020200040524C0
:109B6000002001052401000104240206052406004A
:109B7000010705810308001009040100020A000022
:109B800000070502024000000705820240000009AC
:109B900004020000FF00010512011002EF02014063
:109BA0008A2E0A000001010203010000084A001089
:109BB000704B0010C04B0010484B00105A4B001067
:109BC000384B0010A84A0010544A0010484A0010B0
:109BD0002A4F0010104F0010E04C00104A4F0010A8
:109BE000E04C0010F84E0010E44E0010E04C001065
:109BF000D04E0010D64D0010E04C0010B6510010B1
:109C0000A85100109C510010E04C0010E04C0010D6
:109C100086510010A8510010E04C0010E04C0010DC
:109C2000E04C0010E04C0010E04C0010E04C001044
:109C3000E04C00103C510010860D0020860D0020E5
:109C4000D00D0020F00D0020340E0020460E002024
:109C50007C0D00200000000041570010B15700109B
:109C6000E15700102D580010D1580010B9590010BC
:109C70000000000000000000B95A0010155B001041
:109C8000315B0010595B00109D3E0010795C0010A4
:109C9000000000001F0000001C8200106282001003
:109CA00062820010C48200109A820010D2820010DA
:109CB0006282001062820010C48200109A8200103A
:109CC000408E0010D48D0010F88C0010B68C00105F
:109CD0006E8C00102C8C0010C08E00108C8E00102A
:109CE000948B0010E48E001000009945AB4E320BAF
:109CF000CF58561D6416FD5307749E31AC3A357F1C
:109D0000C82C51696362FA27972D0E683C63A5261B
:109D10005875C130F33B6A7E9059091C3B17A2521B
:109D20005F01C644F44F6D0A2E5BB71E85151C50AB
:109D3000E10378464A4DD308292FB06A82611B247B
:109D4000E6777F324D39D47CB976203312388B7D5B
:109D5000762EEF6BDD604425BE022747154C8C093B
:109D6000715AE81FDA144351C5735C366E3DF778BB
:109D70000A2B936EA1653820C2075B426949F00C3B
:109D80000D5F941AA6113F54525ECB1BF91060551B
:109D90009D0604433648AF0D552ACC6FFE646721FB
:109DA0009A720337313CA879EB28726D4066D9234B
:109DB0002470BD358F3E167BEC5C75194712DE575B
:109DC0002304BA41884A110F7C05E540D74B4E0E5B
:109DD000B35D2A18181381567B71E234D03F497A5B
:109DE000B4292D6C1F67862213228A67B86C21293B
:109DF000DC7A453F7734EE7114568D13BF18265D1B
:109E0000DB0E424B7040E905840F1D4A2F41B6041A
:109E10004B57D212E019795C837B1A3E2835B1701A
:109E20004C23D566E76D7E283D79A43C96370F72AA
:109E3000F2216B64596FC02A3A0DA348914308067A
:109E4000F5556C105E1BC75EAA543311011A985F5A
:109E5000650CFC49CE425707AD203465066E9F2B3A
:109E60006278FB3DC9365073D6514F147D1FE45ABA
:109E70001909804CB2472B02D12548607A6BE32E3A
:109E80001E7D8738B5332C76417CD839EA3273771A
:109E90008E241761256ABC2F4608DF4DED467403FA
:109EA00089501015221EBB5BF80A614F5344CA014A
:109EB0003752AE179C1C0559FF7E663B5430CD755A
:109EC0003026A9639B68022D6F27F662C4695D2C5A
:109ED000A07F393A0B3192746853F116C31D5A585A
:109EE000A70B3E4E0C4595008500480029E0CC00AC
:109EF00000C0C00040C029E443F004C1C50307030B
:109F00004300C420014046A0B20102C0EB405440CF
:109F100047A0808027A09800E2A02160DF0001B860
:089F2000D902580021601B0169
:109F2800E4970010F0970010FC97001008980010B4
:109F380014980010209800102C98001038980010E1
:049F4800209B00104A
:109F4C0070B502680400EFF3108572B61368002B2D
:109F5C00FCD0BFF35F8F63685A1C0BD0002900D074
:109F6C000B6000202368BFF35F8F00221A6085F31B
:109F7C00108870BD00F030FF60600120F2E7C04631
:109F8C00F0B5C646160000B504001F000268EFF3DA
:109F9C00108872B61368002BFCD0BFF35F8F656816
:109FAC006B1C0ED02368BFF35F8F00221A6088F3FE
:109FBC00108800F011FFA8420FD1002080BCB846D9
:109FCC00F0BD00F009FF23686060BFF35F8F0022D3
:109FDC001A6088F310880120F0E700F0FDFE80463F
:109FEC0006E032003B00200000F006FF0028E4D120
:109FFC002268EFF3108172B61368002BFCD0BFF30C
:10A00C005F8F65680135ECD1434663602368BFF30D
:10A01C005F8F00221A6081F310880120CEE7C046C2
:10A02C00F8B50D00040000F007FFFA2206000F003F
:10A03C00002328000021920000F0C6FE36184F4184
:10A04C00002F02DA0126124F764200F0C5FE050001
:10A05C0006E032003B00200000F0CEFE002815D1B7
:10A06C002268EFF3108172B61368002BFCD0BFF39B
:10A07C005F8F63680133ECD165602368BFF35F8F3A
:10A08C0000221A6081F310880120F8BD0020FCE743
:10A09C00FFFFFF7F10B50268EFF3108172B61368F3
:10A0AC00002BFCD0BFF35F8F01235B42436000F0B9
:10A0BC00CBFE10BD10B5084C2378002B0AD18023A1
:10A0CC00064807495B051A68C25004338B42FAD123
:10A0DC000123237010BDC0469324022018190010D0
:10A0EC000001001010B5014B984710BD1919002044
:10A0FC00064B5A6802609A684260DA6882601A6994
:10A10C00C2605A6902619B6943617047000002405A
:10A11C000268064B5A6042689A608268DA60C268CC
:10A12C001A6102695A6142699A61704700000240E3
:10A13C00034B1A68C0239B009343024A1360704779
:10A14C000C8001400C900140054B1A6880239B0049
:10A15C005340C02292001340024A13607047C0461D
:10A16C000C8001400C9001400023F0B5DE465746B0
:10A17C004E4645469A46E0B589B001900E00988A45
:10A18C0045491B8B14009847534681464349988A8E
:10A19C001B8B9847534642490500988A1B8B98475E
:10A1AC008046FFF787FF02A8FFF7A2FFC847A84722
:10A1BC00FFF7CAFF251E22D00823C0219C4602208F
:10A1CC00490562468B6A1A4018423FD0631B002D2A
:10A1DC002FD1002A11D1002C11D0C0235B059B4636
:10A1EC0002239A46063399465B464A4657469B6A73
:10A1FC001A401F4242D0002AF6D0002C30D1FFF773
:10A20C0097FFC047FFF76EFF02A8FFF781FF09B069
:10A21C00F0BCBB46B246A946A046F0BD002C2FD1DF
:10A22C00C0225205926A914608224F463A40BF0717
:10A23C002DD50D2B1BD9002AF0D1C0225205926AC4
:10A24C00914608224F463A40BF07F2D4002A04D167
:10A25C002B002343002BB4D1D1E72B00002CF9D0D9
:10A26C000B6E013C3370230001362B43F2E7019F48
:10A27C00013D3B7801370B660197E7E70025E5E7E1
:10A28C00C0235B051B6E013C3370013699E72B0034
:10A29C00002ADFD1DCE7C0464946000045580000E3
:10A2AC00464300000022154B10B59A60DA601A6123
:10A2BC005A619A61DA611A625A629A62DA621A63B4
:10A2CC005A639A63DA631A645A649A64DA641A6594
:10A2DC005A659A65DA651A665A669A66DA661A6774
:10A2EC005A679A67DA67F03292000021044800F04E
:10A2FC007BFD044B044A1A6010BDC0460000105090
:10A30C00DC1B0020A41F002080011050F0B54E462D
:10A31C004546DE465746E0B5214B00249E6D01258F
:10A32C0085B0002E22D01F4B9A46012399461E4B16
:10A33C00984601E0202C19D02A00230001342F006C
:10A34C003240E4B26D00002AF4D0524697654A467A
:10A35C005B085B0022409B185B01434418009B4642
:10A36C0000F01EFC002808D1BE43E3D105B0F0BCC0
:10A37C00BB46B246A946A046F0BD5B46E0219A78A2
:10A38C00DB8A01A883600023C900018001210271CE
:10A39C00437100F025FC584600F0A0FBE4E7C046F2
:10A3AC0000001150003011509C1B00209823F0B578
:10A3BC00C646C84A00B5D55880232E009B021024EF
:10A3CC0084B01E401D4274D0C34BC44C9A6AC44B1B
:10A3DC0000261A603B23E35C022B00D14FE17B2368
:10A3EC00E35C022B00D1F3E0BB23E35C022B00D136
:10A3FC00FAE0FB23E35C022B00D101E13C23FF33A9
:10A40C00E35C022B00D12DE17C23FF33E35C022BB8
:10A41C0000D10EE1BC23FF33E35C022B00D13FE102
:10A42C00FC23FF33E35C022B00D1F5E0AD4BE35C86
:10A43C00022B00D174E1AC4BE35C022B00D105E1A3
:10A44C00AA4BE35C022B00D175E1A94BE35C022B18
:10A45C0000D132E1A74BE35C022B00D1A0E1A64B6B
:10A46C00E35C022B00D171E1A44BE35C022B00D125
:10A47C00A1E1A34BE35C022B00D17FE1002E08D1BC
:10A48C00A04B1B78002B04D180219F4A903389026A
:10A49C00D150C02269468F4B92009B6C80265B0585
:10A4AC008A805B0D012101A8029300F099FB974C67
:10A4BC00B602EB0600D57FE080235B021D4231D053
:10A4CC001E43012302249846844FBB7E002B14D0DC
:10A4DC0000F09AFC012800D972E0C022002138005B
:10A4EC00920100F001FB380000F0F8FA00F08CFC4F
:10A4FC00012802D9844B5C661C664346FB702037EE
:10A50C00012C22D1C0236A46DB009380804A02AB27
:10A51C0003CA03C3012101A800F062FB80227A4B1D
:10A52C0092021A6580235B011D4210D18023DB014E
:10A53C001D4223D180231B021D422FD1AE4200D0DD
:10A54C00C0E104B080BCB846F0BD0124BDE70024D6
:10A55C001E43604B1C60FFF7A5FE80236A465B0020
:10A56C0093801472012101A800F03AFB8022664B03
:10A57C0012031A658023DB011D42DBD01E438023AE
:10A58C006A46DB009380012101A800F029FB102210
:10A59C005D4B1A6580231B021D42CFD01E43A023A6
:10A5AC006A46DB009380012101A800F019FB802290
:10A5BC00554B12011A65C1E7FFF7A8FE26007BE791
:10A5CC00544B444A1C66536E2340A342FBD184E790
:10A5DC007833E75C002F00D106E70233E25C002AF7
:10A5EC0000D00DE13E00FFE6B833E75C002F00D150
:10A5FC00FFE60233E25C002A00D0F9E03E00F8E608
:10A60C00F833E75C002F00D1F8E60233E25C002A55
:10A61C0000D041E13E00F1E6F933FF33E75C002F57
:10A62C0000D103E70233E25C002A00D02BE13E00AC
:10A63C00FCE67933FF33E75C002F00D1EAE6023306
:10A64C00E25C002A00D015E13E00E3E6324BE75C09
:10A65C00002F00D1F4E60233E25C002A00D001E1C5
:10A66C003E00EDE63933FF33E75C002F00D1CBE63B
:10A67C000233E25C002A00D0EBE03E00C4E6383343
:10A68C00E65C002E00D1AAE60233E25C002A00D17F
:10A69C00A5E6200000222030E25400F04DFA9EE6A0
:10A6AC00B933FF33E75C002F00D1B9E60233E25C2B
:10A6BC00002A00D0C4E03E00B2E6184BE75C002F45
:10A6CC0000D1C7E60233E25C002A00D0B0E03E00C5
:10A6DC00C0E6C04600001150004005409C1B002005
:10A6EC00941B00203B0200007B020000BB02000018
:10A6FC00FB0200003B0300007B030000BB030000D7
:10A70C00FB030000912402200030115010000200C5
:10A71C0000001050002011507A020000FA020000D4
:10A72C006B4BE75C002F00D185E60233E25C002A1C
:10A73C0076D13E007FE6674BE75C002F00D184E6C4
:10A74C000233E25C002A63D13E007EE6624BE75C9A
:10A75C00002F00D188E60233E25C002A00D0A3E08F
:10A76C005E4BE35C022B30D15D4BE35C002B27D1BD
:10A77C005C4BE35C022B00D08BE63E005A4BE35C57
:10A78C00002B00D17AE6FF239B00E25C002A00D16B
:10A79C007FE60022E2541C3BE01800F0CDF978E68D
:10A7AC00524BE75C002F00D159E60233E25C002AE1
:10A7BC0016D13E0053E64A4BE35C002B00D158E621
:10A7CC00EF239B00E25C002A75D1464BE35C022B25
:10A7DC0000D05EE6444BE35C002B00D159E6D2E797
:10A7EC000022E2541C3BE01800F0A6F93E0036E6CD
:10A7FC0020000022A030E2543E0000F09DF9F8E564
:10A80C00200000226030E2543E0000F095F9EBE5A8
:10A81C000022E2541C3BE01800F08EF93E0014E6D6
:10A82C000022E2541C3BE01800F086F93E0002E6E0
:10A83C000022E2541C3BE01800F07EF93E0009E6D1
:10A84C0020000022A130FF30E2543E0000F074F9E9
:10A85C00E6E5200000222130FF30E2543E0000F0FB
:10A86C006BF9D1E50022E2541C3BE01800F064F9CE
:10A87C003E00E5E5200000226130FF30E2543E004E
:10A88C0000F05AF9C6E520000022E130FF30E25416
:10A89C003E0000F051F9C9E520000022E030E254FE
:10A8AC003E0000F049F9A9E50022E2541C3BE018F7
:10A8BC0000F042F954E70022E2541C3BE01800F08F
:10A8CC003BF982E731000A48694000F0C5FAC046FE
:10A8DC003A020000BA0200007A030000BB03000039
:10A8EC00BA030000FB030000FA0300003A03000067
:10A8FC0078970010F0B5C64600B50200838A008B2D
:10A90C008C46011C984200D9191CD4788025200053
:10A91C00461EB04189B2ED000D434003284301258A
:10A92C006C405B1AD47054789BB29382002C31D15A
:10A93C006446D568A4014E1E2D19B0461469002931
:10A94C0023D0062E32D92B0023439B072ED12B1B51
:10A95C00013B022B2AD900238F08BF00E658EE508A
:10A96C0004339F42FAD14346ED19DB1BE419B9427B
:10A97C0009D026782E70002B05D066786E70012BCE
:10A98C0001D0A378AB701469938A64181461802287
:10A99C0012021043002B02D18023DB0118436346C3
:10A9AC00002B00D0000480BCB846F0BD0023E65C50
:10A9BC00EE5401339942FAD1E5E7C0468368F0B50D
:10A9CC001A680400002900D0120C63789205900DCF
:10A9DC00002B08D1E38AC318E382238B834201D96D
:10A9EC000023A382F0BDE368890125695E18471E28
:10A9FC00002822D0062F26D901315B18EB1A022B26
:10AA0C0021D92B0033439B071DD10023120E92003A
:10AA1C00F158E95004339A42FAD1BF1AAD18B6185E
:10AA2C00904209D032782A70002F05D072786A7063
:10AA3C00012F01D0B278AA702569E38A2D18C318AA
:10AA4C00E3822561C9E70022B35CAB54013290422A
:10AA5C00FAD12569F1E7C04610B5040083680021DE
:10AA6C001B68FFF7ABFF63681B685B0002D5238B89
:10AA7C00834200D010BD01212000FFF79FFFF9E7B2
:10AA8C00084A0300126C0020920703D49A78D2096A
:10AA9C00012A00D07047D87E023843425841C0B2D8
:10AAAC00F8E7C0460000115010B5FFF7E9FF002889
:10AABC000CD00749074B8C46074A9B6A12686344C3
:10AACC009B1A0020C6229A424041C0B210BDC0461B
:10AADC00E0FCFFFF00400540941B00200023837620
:10AAEC00436103617047C04610B58368002901D0EB
:10AAFC001C682140002A12D08024E4001143224219
:10AB0C000DD01A6822420CD1084A0A401A60084A31
:10AB1C00126C920703D40C23033BFDD2836819609B
:10AB2C0010BD8178034800F097F9C046FFFBFFFF8A
:10AB3C00000011508C970010436870B500218025DF
:10AB4C0004001E68FFF7D6FE124B6D011A6C05430C
:10AB5C00A37892070ED55B060ED00F4B1E408023B8
:10AB6C009B05334362680021136020002A00FFF725
:10AB7C00BBFF70BDDB09F0D0A38A002BEDD0012107
:10AB8C002000FFF7B7FEA023044ADB053240054343
:10AB9C001343E7E700001150FFFFFFAFFFFFFFDF9C
:10ABAC0070B5857E0400002D14D0FFF755FFA38AE5
:10ABBC00002B01D1280070BD2000FFF775FF002885
:10ABCC0003D0012300252377F4E72000FFF7B4FF1F
:10ABDC000025EFE78178014800F03EF9AC970010B2
:10ABEC00F0B5CE46474680B5437805000E0085B0DB
:10ABFC00062B08D86C4A9B00D3589F466B4A137897
:10AC0C000133DBB213706A4B1C686269EFF310817D
:10AC1C0072B61368002BFCD0BFF35F8FA1612000CC
:10AC2C00290000F001F96269A369BFF35F8F00216D
:10AC3C00116083F31088002804D105B0C0BCB9465C
:10AC4C00B046F0BD32006978287800F0E5F8F4E7FA
:10AC5C000121584B1A788A431A701A7801318A43A9
:10AC6C001A7000225A701A7802318A431A70CAE795
:10AC7C005149524F894652490024002388463A785C
:10AC8C0012E043461B6861015B18002B06D0DB69A0
:10AC9C00002B03D06968287898473A780134E4B2DD
:10ACAC00511C2300A14217DBA242EAD89B1A5B017C
:10ACBC004B44ECE73F4B1A78D207BED504211A78E7
:10ACCC000A431A709FE73B4B1A78D207B5D504217B
:10ACDC001A788A431A7096E7364F3B785B072BD568
:10ACEC0004223B78002193433B706B460632981D3F
:10ACFC0000F07AF82B7801AC2370052363702C4B91
:10AD0C001B6898465A69EFF3108172B61368002BD2
:10AD1C00FCD0BFF35F8F434640469961210000F0A1
:10AD2C0083F843465A699B69BFF35F8F002111601A
:10AD3C0083F31088002831D1FB78DB0700D47CE743
:10AD4C006B460A220021981D00F04EF82B7801ACBE
:10AD5C002370032363706B686360154B1D686A690D
:10AD6C00EFF3108172B61368002BFCD0BFF35F8F2A
:10AD7C00A9612800210000F057F86A69AB69BFF39C
:10AD8C005F8F0021116083F31088002800D154E7F5
:10AD9C0032006178207800F03FF84EE7320061789D
:10ADAC00207800F039F8C7E7389C00109224022074
:10ADBC008815002030150020549C0010902402208F
:10ADCC00801300207047C04601B40248844601BC81
:10ADDC00604700BF0120001001B40248844601BC4A
:10ADEC00604700BFF169001001B40248844601BC01
:10ADFC00604700BFAD20001001B40248844601BC7E
:10AE0C00604700BF4D6B001001B40248844601BC82
:10AE1C00604700BF0D04001001B40248844601BC19
:10AE2C00604700BFA948001001B40248844601BC29
:10AE3C00604700BF0963001001B40248844601BC9E
:10AE4C00604700BF2D12001001B40248844601BCBB
:10AE5C00604700BF856A001001B40248844601BCFB
:10AE6C00604700BF19040010100000000000000033
:10AE7C0000000100000000000000000000000200C3
:10AE8C0000000000000000000000030000000000B3
:10AE9C00000000000000FF000000000001B5486841
:10AEAC0001318E460047704609380149884701BD7B
:10AEBC007D080010000000000000000000000000F1
:10AECC000000000000000000B8100020000000008E
:10AEDC00503300004C330000543300005233000058
:10AEEC004D5300004D430000533400004334000028
:10AEFC00694000101D400010913F0010093F0010E8
:10AF0C0000000000000100008C15002010000C0057
:10AF1C000000000000000000000000000000000025
:10AF2C0000000000FFFF0000000000000000000017
:08AF3C0000000000000000000D
:04000005100001E9FD
:00000001FF
