:020000041000EA
:1000000000B5324B212058609868022188439860DF
:10001000D860186158612E4B002199600221596106
:100020000121F02299502B49196001219960352056
:1000300000F044F80222904214D00621196600F024
:1000400034F8196E01211966002018661A6600F04E
:100050002CF8196E196E196E052000F02FF8012189
:100060000842F9D1002199601B49196000215960AB
:100070001A491B48016001219960EB211966A021F2
:10008000196600F012F800219960164914480160C1
:100090000121996001BC002800D000471248134993
:1000A000086003C880F30888084703B5996A0420EC
:1000B0000142FBD001200142F8D103BD02B5186610
:1000C0001866FFF7F2FF186E186E02BD00000240BE
:1000D000000000180000070000035F00212200005C
:1000E000F4000018222000A00001001008ED00E03C
:1000F00000000000000000000000000074B24E7A12
:1001000000200420F7010010CB010010CD010010E9
:10011000C9010010C9010010C9010010C901001077
:10012000C9010010C9010010C9010010CF01001061
:10013000C9010010C9010010D1010010D301001045
:10014000C1010010C1010010C1010010C101001067
:10015000C1010010C1010010C1010010C101001057
:10016000C1010010C1010010C1010010C101001047
:10017000C1010010C1010010C1010010C101001037
:10018000C1010010C1010010C1010010C101001027
:10019000C1010010C1010010C1010010C101001017
:1001A000C1010010C1010010C1010010C101001007
:1001B000C1010010C1010010C1010010C1010010F7
:1001C000EFF30580103800BE00BE00BE00BE00BECA
:1001D00000BE00BEF2EB887100A4001024A4001041
:1001E0003802001090A31AE71E481F49086006C88D
:1001F00081F3088810471D480068002801D019487D
:10020000F3E70DA40ECC002902D000F012F8F9E7B4
:100210001749184A002000E001C19142FCD116495B
:100220008847164988471649884700BEFDE701C937
:1002300001C29A42FBD3704724A40010C0000020E2
:10024000B81000201CB4001000000420000004209E
:100250001CB4001000100420001004200000000056
:10026000704700000000000008ED00E0000000D032
:10027000B81000209C2402202D3A00100104001028
:10028000253A0010F8B5C04606480749091A8B10F0
:10029000C90FC91810B5491003D0044B002B00D06A
:1002A000984710BDB8100020B810002000000000D2
:1002B000054B10B5002B03D00449054800E000BFF2
:1002C000FFF7E2FF10BDC04600000000A81F00209D
:1002D000B09A001010B5024808F00AFC10BDC046E4
:1002E000181A0020022330B585B00093063301931D
:1002F0000A4B6A4602936F23094C0A4D13736946F1
:10030000200009F0A9F8002802DA280003F09EFD79
:10031000FA20C00007F0A6FCF1E7C04668656C6CE7
:10032000181A0020B09A0010154BF0B54746CE467B
:100330009946002380B59846FF2789B0114D04AC3B
:10034000012221002868524207F00AF80128F7D15B
:100350006668F3B2002B05D03A0006A9324001A826
:1003600001F0DAFE3B006A46414633400432D15484
:10037000484613002168320003F068FDE0E7C046FC
:10038000D89A00107422002010B51400C90200D4BD
:1003900010BD044B002221001868002306F038FF2E
:1003A000F6E7C0467422002010B5104C82B0200041
:1003B000002109F02FFA20000D4909F043FA072027
:1003C0000C4900F053F97F21072000F073FA012156
:1003D000072000F013F9052320000093064A07497F
:1003E000013B09F031FA02B010BDC046181A0020D6
:1003F00089030010D502001020A10700405973079F
:1004000030B583B003F050FC124800F02BFE002200
:100410001021402006F0AAFE0F4B00250124186091
:10042000FFF7C2FF802200230C490195009492003F
:100430000B4807F0FDFA802200230A49920001953B
:100440000094094807F0F4FA07F004FB002003B019
:1004500030BDC0468813000074220020F89A0010B6
:1004600029030010089B0010E50200108023DB0523
:100470001868000F7047C0460FB400B5084883B035
:1004800003F060FC049B002B07D005A91800019124
:1004900003F0AAFA034803F055FC012003F0BCFA6C
:1004A000189B0010F49A001010B50148FFF7E4FF04
:1004B000289B001070B5EFF3108C72B60D4D2B68B1
:1004C000002BFCD0BFF35F8F0724CB08C618C05C9D
:1004D00001230C40A3401C000440034207D11843F1
:1004E0003070BFF35F8F2C608CF3108870BD1000EC
:1004F000FFF7C2FF2C0100D0F8B54746CE4688462C
:1005000080B5EFF3108C72B61C4D2C68002CFCD01B
:10051000BFF35F8F9A4222D807210126894602E065
:100520000132934218D34D4637001540AF40D408EE
:100530000119045D2742F3D110003C430C70BFF356
:100540005F8F00220D4B1A608CF3108800280EDBA1
:10055000C0BCB946B046F8BD01204042EFE7BFF34A
:100560005F8F00232B608CF31088012040424346AC
:10057000002BEDD00898FFF77FFFC0462C0100D07C
:10058000044A1078431CDBB2172B00D910231370D8
:100590007047C046E80F002010B5064B064C82B0ED
:1005A0000100009318221F232000FFF7A5FF02B0CF
:1005B00010BDC046389B0010381B00200021044BA2
:1005C000044ABFF35F8F02C39342FAD17047C0461B
:1005D000000100D0800100D0054B064A1360064A96
:1005E000136053609360D3601361536193617047EC
:1005F0008080808000E400E004E400E01F231840D5
:100600001E3B8340002905D0C021044A49005350B5
:1006100013607047802201498B50FAE700E100E047
:1006200001228240034B1B6813405A1E9341D8B2EB
:100630007047C04600E100E001238340014A136097
:100640007047C04600E200E0064B10309B68800017
:10065000C358054A00209B1A2F229A424041C0B23B
:100660007047C04600ED00E0EC0F002070B50D00B3
:10067000EFF3108672B60F4A1368002BFCD0BFF35D
:100680005F8F0D4B10309B6884001B590B4A9342BF
:1006900003D09D4201D001F017F8074B9B681D5114
:1006A000BFF35F8FBFF35F8F0022024B1A6086F3A8
:1006B000108870BD240100D000ED00E0C1010010E1
:1006C000F0B557464E46DE464546E0B585B00600D5
:1006D00000911700EFF3108B72B66A4A1368002B73
:1006E000FCD0BFF35F8F0025674B5D579A46002D06
:1006F00000DAA9E06B00654C01935B199B009846FA
:10070000A146C1444B4652469B7910361370604B4C
:10071000B6009B6899590B1B2F2B33D95D4B99421F
:1007200000D0ACE0019B42469C465B4B6544AD006B
:1007300063535A4B0232A218043B9B1A1B05584ABA
:100740005B0D651913436B80564B0121AB80FF2372
:10075000AB71009BEF71AB604B460B4319004C4BE8
:100760009B689951BFF35F8FBFF35F8F0022454BAA
:100770001A608BF3108805B0F0BCBB46B246A946A0
:10078000A046F0BD01200A008243D3798C46BB42CB
:1007900031D84546130044491B1B5B415943090DA1
:1007A0003D4B63533D4B02356519043B5B1B1B05F9
:1007B0003B4D5B0D2B43AA464D466B800425AC4652
:1007C0005546E044131F44441B1B1B055B0D1D4392
:1007D0004B46997100999D8099604946DF71334B72
:1007E00001431360BBE75800C01880002018C1798E
:1007F000B9422FD902000623D356002BF3DA029315
:100800002B4B61460393131D9A4604235B429C467F
:10081000E14450464B461B1A1B055B0D9C46204B82
:10082000957198466346404603439380019B5A194D
:100830009200039BA418A380029B1C4AA371009BF7
:100840002260E771A3608AE700F03EFF002553466F
:100850005D574FE7908802934005131D9A46031594
:1008600061469C464046D444634604302018181A1A
:10087000E0230005400D1B0218430390C5E700F07C
:1008800023FF4FE7240100D094240220EC0F002026
:1008900000ED00E0C101001000A1FFFF1C100020CE
:1008A00000E0FFFF01BDFFFFAAAA0000014880474A
:1008B00001BD000010B58308040003202040FF2480
:1008C000054AC0009446844081409B0063441A68F6
:1008D000A2430A431A6010BD00E400E070B5012491
:1008E0000443EFF30581EFF3108C72B6214A1368CD
:1008F000002BFCD0BFF35F8F1F4B05001F4AED1A82
:100900006D416A43120D1E4D8900AE6852B2765891
:10091000A6421CD00621595691421CD0122159568C
:10092000914222D01E215956914220D02A21595657
:100930000324914210D0134B19781A708171BFF3C0
:100940005F8F00220B4B1A608CF3108870BDAB6870
:100950000D4C5C50EFE700246100091989005B1819
:10096000FF21997109499980E5E70124F4E7022400
:10097000F2E7C046240100D0EC0F0020AAAA000034
:1009800000ED00E094240220C101001001BDFFFF32
:1009900010B5084B084C82B00100009300220523DB
:1009A0002000FFF7A9FD002801DB1F23181A02B061
:1009B00010BDC046549B001098240220024B9C4658
:1009C000614489000160704740000034F8B5124C62
:1009D000124DAC4212D20126002776422368002B2A
:1009E0000DD0FFF7CDFD01002000FFF7E7FF6660A7
:1009F0002772BFF35F8F0C34AC42EFD3F8BDFFF723
:100A0000BFFD01002000FFF7D9FF6660BFF35F8FD5
:100A10000834AC42E2D3F1E7A8100020B81000205F
:100A200010B50400FFF7ACFD01002000FFF7C6FF82
:100A300001235B426360BFF35F8F10BD10B50400FC
:100A40000120FFF7A9FD034BC3189B002360BFF3F0
:100A50005F8F10BD40000034034B9C466144890009
:100A60000160BFF35F8F704740000034F0B5DE4691
:100A700057464E464546E0B587B0EFF3058303225F
:100A800001251A40954091008846A946B14B039232
:100A90005C58B14B1D60B14B04934B46B048436367
:100AA0000823E55E002D37DAA3881BB2002B00DB9C
:100AB000ADE0A379002B00D0EEE00823E15E002931
:100AC00020DB4B0062695B18DB00D3189E68DD6891
:100AD000731C00D10DE1A24801004144826A0B69F8
:100AE000B71A9B1A9F4215D30123026A03988340C9
:100AF0001A420FD09A4800F0C1FB8D4202DCCCD1E3
:100B00008642CAD940BF07B0F0BCBB46B246A94630
:100B1000A046F0BD0E61EDE762696B0092465B197D
:100B2000DB009A4453469E68DF6800F0A7FB8F42C3
:100B3000BADC00D1FFE0002F00DAE4E05246534671
:100B400052691B699346049A934200D1D5E05246FC
:100B50000821605E5288000459461043984700906F
:100B600001910099019A0B001000134300D1CAE0D3
:100B700013000A00B61A9F41002806DB784800F0EF
:100B80007DFB009E019F36184F4153469E60DF60FB
:100B900000229A5E002A00DA86E7530099186069FD
:100BA000C900411802938B68C9689B46B94200DDB1
:100BB0007AE702D1B34200D976E708239C46A444E1
:100BC000059565462281A446029B2C0006E0530051
:100BD0009918C90041188D68C968AB469B18DB009D
:100BE000C318B94206DC00D1AFE01C000023E25E6E
:100BF000002AECDA230064469C4653461A8063467A
:100C0000059D1D80A3881BB2002B00DA51E72269E5
:100C1000EFF3108172B61368002BFCD0BFF35F8F27
:100C20000123A7885B42A3803FB22369BFF35F8F94
:100C300000221A6081F31088002F00DA39E72300C0
:100C4000083322009A4666697B00DB19DB00F31843
:100C5000996850468C460824115FDD68002910DB36
:100C6000029306E0AB4240D00023E15E2000002961
:100C700006DB4C006418E4003419E368AB42F1DD94
:100C8000029B078000201F5E1980002FDCDA140011
:100C9000A379002B00D110E70023A37126000823BD
:100CA000E15E08364B1C00D12CE7B446656903E0D1
:100CB00084464B1C00D100E74B005B18DB00E818B2
:100CC0000A00E95E43881BB2002BF1DA0126764266
:100CD000F7178660C7600826A35F9342E9D0634692
:100CE0001980238903802281E3E7A3686345BBD988
:100CF000C6E76B1C00D0EEE6FCE65B4658461B6977
:100D0000984700281BD153461B8822692381EFF3A3
:100D1000108372B611680029FCD0BFF35F8F514673
:100D200062880A8022696580BFF35F8F00211160AD
:100D300083F31088B8E6864200D8FCE6B4E65B464A
:100D40001A685B68009201930BE7B34500D84CE743
:100D500050E7C046C81F00203C7005406D0A0010D7
:100D600000400540074810B50268EFF3108172B6E5
:100D70001368002BFCD0BFF35F8F05F0B3FE00209B
:100D8000002110BD8423002070B52E4C2569002D54
:100D900004D00A212C48FFF711FE70BD2B4E032111
:100DA000300000F061FAE660FFF7EAFB284B03220F
:100DB0009C46D02322701B061B6801216370254BC3
:100DC0006044A3600F238000206102206380636978
:100DD0004942A18019800231198647311D8358523A
:100DE00018315A5275325C39995218320131995280
:100DF000183201319952183201319952083518329E
:100E00009D520231183299521832013199521832DA
:100E100001319952183201319952183201319952E7
:100E20001832013199520C4B0C49DC6001303562AB
:100E3000FFF71CFC01210320FFF7E0FB084B1D60BE
:100E4000A7E7C0463410002084230020004005405E
:100E500040000034FFFF1000C81F00206D0A001082
:100E6000386005400048704734100020F8B51F0076
:100E700008AB1B7804001600002B08D100F006FA1E
:100E800032003B00121A8B41002B00DA52E022693B
:100E9000EFF3108072B61368002BFCD0BFF35F8FA6
:100EA0000223E15E63694A005218D2009B1822694E
:100EB000002936DB1D886580BFF35F8F0025156034
:100EC00080F31088069A9E60DF601A61079A5A6163
:100ED0005A8801325204520C101C002A1FD082B2D0
:100EE0005880080410432669EFF3108772B6326801
:100EF000002AFCD0BFF35F8FA2881A80A1802369EB
:100F0000BFF35F8F00221A6087F310880A492378A5
:100F10008C4601329A40E36863441A60F8BD0120B0
:100F2000DDE7BFF35F8F0023136080F3108801209B
:100F30004042F3E70020F1E73C20000070B50100DB
:100F40000469EFF3108C72B620680028FCD0BFF360
:100F50005F8F02200D5E4C6968004019C0002418A4
:100F60000869002D36DB26884E80BFF35F8F002690
:100F700006608CF31088E360638804980133206175
:100F80005B0405985B0CA26060611A1C002B1FD0EB
:100F900093B22804628018430A69EFF3108C72B68A
:100FA0001368002BFCD0BFF35F8F8B8823808D806C
:100FB0000B69BFF35F8F00221A608CF310880B78E7
:100FC00001329A40CB6808498C4663441A6070BD70
:100FD0000122DDE7BFF35F8F002303608CF31088ED
:100FE00001204042F3E7C0463C20000010B5438991
:100FF0000A1493421ADD53009B184269DB00D31890
:101000000469EFF3108C72B62268002AFCD0BFF39B
:101010005F8F5A88090494B2090C8A4208D0036988
:10102000BFF35F8F00221A608CF31088002010BD80
:101030008022120214435C80012302698371BFF392
:101040005F8F002111608CF31088044902788C4670
:101050009340C268012062441360E8E73C2000002E
:1010600040787047F0B5CE46474680B583B004005F
:1010700000F00CF9FA2206000F00200000230021E6
:10108000920000F0EDFF8019794104000D1E02DA94
:1010900001242D4D644296267642F71736196F418A
:1010A000AF4215D812D000F0F1F832003B00121A0E
:1010B0008B41002B18DC002B43D02000290000F0CE
:1010C000EFF803B0C0BCB946B046F0BDA642EAD9BD
:1010D0000022002316001F0000F0D8F832003B0069
:1010E000121A8B41002BE6DD00F0D0F832003B00F5
:1010F000121A8B41002B0ADB00230193134B3200A1
:10110000009313483B00FFF719FF0130D5D0114B76
:10111000B1469846104E736A9F4204D8B26A4A4557
:10112000CBD29F42C9D143461A68EFF3108172B601
:101130001368002BFCD0BFF35F8F404605F09EFC88
:10114000E9E7002AB9D0CFE7FFFFFF7F650D001068
:10115000341000208423002000400540F0B557469D
:101160004E46DE464546E0B506000F0085B0EFF37B
:10117000058399468B46002B12D0384900204B6AD4
:10118000BB4206D38A6ADB1B591E8B41B2424041E7
:10119000184305B0F0BCBB46B246A946A046F0BD18
:1011A0002F4B9A46DB68984653461B78404603937C
:1011B00000F064F84246039B040004339B009B58F4
:1011C0000D001B1A39003000001BA941894510DCB5
:1011D0000DD020BF214A0020536A5B45D9D3926AC3
:1011E000DB1B591E8B41B24240411843D1E7834279
:1011F000EFD900F04BF832003B00121A8B41002B64
:101200001ADB00230193174B3200009350463B003A
:10121000FFF794FE011E0FDD104B5A6A5A451BD38F
:101220009B6AB34216D35046FFF7E0FE0B4A0020FC
:10123000536A5B45ADD3D2E7084A0020536A5B4549
:10124000A7D30020926ADB1BB24240415A1E934151
:1012500018439EE75A45E6D120BFE4E70040054029
:1012600034100020650D001010B5024A0248FFF747
:1012700021F910BD709B00103C1B00200300416A47
:101280000A00986A596A8A42FAD17047034B596A30
:101290000A00986A596A9142FAD1704700400540A5
:1012A000064A536A9942FCD807D1044B02E05A6AB5
:1012B000914202D19A6A9042F9D8704700400540A5
:1012C000F8B5DE464E4657464546E0B58B46050026
:1012D0000A991800160000F049FB0A9B6C001F02D7
:1012E000324B64199C46A4006444636881469F4263
:1012F00000D967602B1FDBB29846012B30D9C02381
:1013000080229B01E31812011A60294BAD00595944
:101310009A4600291BD17301E026226853401E40E3
:10132000802342465B01E3181E60012A30D98023E6
:1013300080229B01E31812011A6053464A466760F7
:101340005A51F0BCBB46B246A946A046F8BD586902
:1013500000F00CFB013043001B18033BFDD2DAE721
:101360005B46012BCBD1C02303229B01E3181A60FB
:10137000023AA3681A42FCD07301E0262268AD004D
:1013800053401E4080230A4A5B019246E3181E60C8
:101390005A462168514003220A401A6001225B46E6
:1013A0009A40A3681A42FCD0C1E7C04600800040C2
:1013B000401B0020F0B546464F46D646C0B51F003C
:1013C000344B44009C462418A40064446368884657
:1013D0001600FF2B02D880235B006360031FDBB283
:1013E0009A46012B30D9C02380229B01E3181201B9
:1013F0001A60294B85005959994600291BD1730160
:10140000E026226853401E40802352465B01E318C9
:101410001E60012A30D9802380229B01E31812012B
:101420001A6080235B0063604B465F51E0BCBA46A4
:10143000B146A846F0BD586900F098FA0130430063
:101440001B18033BFDD2DAE74346012BCBD1C02367
:1014500003229B01E3181A60023AA3681A42FCD0E7
:101460007301E0262268850053401E4080230A4A0B
:101470005B019146E3181E604246216851400322F9
:101480000A401A60012342469340A2681342FCD0EE
:10149000C1E7C04600800040401B0020014B800097
:1014A000C0587047401B0020F8B5040021481E00BA
:1014B00017000D0000F05AFA0100380000F056FA4B
:1014C000069B36041B031E432368002B20DB1A4BAC
:1014D0001A49E3185A1E93418022920194465B42B6
:1014E0001B0B174A1B0363441360164A13601F004B
:1014F0000A689743FBD1144B2560E2182123A060B2
:1015000013602368002BFCDA0823E6601360F8BD43
:101510003F2322681340AB42D9D1A3681B051B0DA2
:101520008342D4D1EE22E368D2021340B342CED13B
:10153000EDE7C046001BB7000040FDBF08C00040FB
:1015400000E0004000F000400430000010B58024AE
:101550001C4BE4051C6000281AD001231A4C1843C8
:101560001A4BDC611A4C44401C625962986280211B
:10157000144BC9051960174817490860E021C904D0
:101580001960002A07D18022144B12061A6010BD80
:101590000E4BD861EBE753019B1A9B009A188023EE
:1015A00012015B049A4209D213000D490B60074BEC
:1015B0005A608022094BD2051A60E8E7094B1A00ED
:1015C000F3E7C04600B00540D3C007B00080054037
:1015D0002D3FF84FFCFF01000820014000A005400E
:1015E000A01F0020FFFFFF008023024A9B000B4347
:1015F000D362704700800540002310B50100988A2F
:101600001B8B984710BDC046162310B501001888E3
:1016100002331B88984710BDF8B54746CE4680B5C3
:101620000F1E18D014239946043304000025012608
:1016300098464B461888434621681B88984701C442
:10164000431E984101350640AF42F2D13000C0BC84
:10165000B946B046F8BD0126F8E7C046002370B58C
:1016600004000D00988A03491B8B9847290003004A
:101670002000984755420000002370B504000D007B
:10168000988A05491B8B984703000020002C01DB3A
:101690000130A0402900984755420000AA23064A7D
:1016A0001B0113608D235B00D3600449044B196058
:1016B0005368002BFCDA70470040024000B0FA008B
:1016C000006002407047C04610B50148FEF7D4FEE6
:1016D000949B001070B5074D074EB54209D2002407
:1016E000013E761BB60808CD984723000134B3426B
:1016F000F9D170BD689A0010A49A0010054B064AF3
:1017000006491A60064A074B1A6010000B68984396
:10171000FBD1704700E00040BFCDFBFE08C0004099
:10172000FE7F3C0000F00040044BDB6C002B03D13B
:101730008022034BD2021A607047C046000011504D
:101740004C201150044A054B1A60054A1368DB010E
:101750008033FBD17047C046FFFFFF0100F000401F
:1017600008C000404022034B9A675A671A67DA663E
:101770007047C04600F0014010B5FEF71FFF10BDD6
:10178000F8B52749274C284D641AA6103200302E90
:1017900000D930222800920000F0BEFCBC2C3BD8BF
:1017A00030202F232C196407204A801BE40F9B1B39
:1017B000052B16D93700002C02D0B300771CEA5055
:1017C000001B33199B004108EB18C900C9181A60A7
:1017D0005A6008339942FAD1012303421CD098433E
:1017E000C619B300EA50731C2F2E15D09B00EA5087
:1017F000B31C2E2E10D09B00EA50F31C2D2E0BD0C4
:101800009B00EA50331D2C2E06D09B00EA50731D1E
:101810002B2E01D09B00EA50054B9D60F8BDC046C1
:1018200000010010C001001000000020C1010010E4
:1018300000ED00E0002310B5294C82B0A367FFF74C
:101840002DFF0122274B1A60636C012BFCD1032270
:10185000254B1A60224A936B012BFCD10133009374
:101860000121224A22480433FFF71EFE05230121ED
:101870000093204A2048FFF717FE0022022104208F
:101880001E4BFFF797FD0022012105201C4BFFF79F
:1018900091FD0022002107201A4BFFF78BFD00224B
:1018A00000210820174BFFF785FD8023DB00009304
:1018B000002200210920134BFFF702FD0022104BEC
:1018C00000210620FFF776FD0420FFF7E7FD0E4913
:1018D00000F04CF801000020FFF786FE02B010BDBA
:1018E000008000403CB0004030B00040002F6859FC
:1018F00000800240008C864700C00240001BB700F9
:1019000040597307006CDC0240420F00014804217B
:10191000014B18475010002019160010124A936FFF
:101920009B0815D29066D166002905D0FFE7FFE736
:10193000FFE7516F106F704704B580210906C21789
:101940005140002800D0C84308F056F8002104BDDB
:10195000F0B5146E556E576F166FFFF7E3FF146600
:10196000556657671667F0BD000000D0114A936FA7
:101970009B0813D210665166002905D0FFE7FFE7E8
:10198000FFE7516F106F704704B5002801D00020A9
:10199000C04308F031F8002104BDC046F0B5146E14
:1019A000556E576F166FFFF7E5FF1466556657675C
:1019B0001667F0BD000000D094464A4A926F920824
:1019C000624601D228E0C046F0B5464E346E756ED0
:1019D000776F366F00F020F89446424A14665566D9
:1019E000576716676246F0BD94463E4A926F92086A
:1019F000624601D254E0C046F0B53A4E346E756E80
:101A0000776F366F00F04CF89446364A1466556688
:101A1000576716676246F0BD002B24DB11D0002902
:101A20003EDA00B5C943404200D1013100F038F838
:101A3000C943404200D10131DB43524200D101335E
:101A400000BD002AEBD1002801D1002905D00020DB
:101A5000C90FC90701D1C043410800B507F0B4FF61
:101A60000022002300BD00B500290ADBDB435242FF
:101A700000D1013300F014F8C943404200D10131D4
:101A800000BDC943404200D10131DB43524200D185
:101A9000013300F005F8DB43524200D1013300BDB1
:101AA000002923D1002B18D1002A0CD0BC460D4FA1
:101AB00038667A6600210023FFE7FFE7FFE77A6FC9
:101AC000386F67467047002801D00748010000B50D
:101AD00007F07AFF0022002300BD02000B00002067
:101AE00000217047000000D0FFFFFFFF002B00D057
:101AF000BFE0130C28D1002AE7D080B4114F39661B
:101B00007A66FFE7FFE730B4040C7B6F396F1B0484
:101B100023433B667A66FFE7FFE7FFE7C04684B2F0
:101B20007B6F3D6F1B0423433B667A66FFE7FFE74D
:101B3000C04600232C042D0C7A6F386F00196941C0
:101B4000B0BC7047000000D0F0B594460025140EDC
:101B500001D112020835140F01D112010435940F7E
:101B600001D192000235D40F01D152000135D40BBE
:101B70000134254F7C66254C3C660E0C93B2FFE782
:101B8000FFE7FFE73C6F6643360C7703BE467343BF
:101B9000DF0B5B04C01AB941130C7343DB18C91A7D
:101BA000CE086643360CB64493B273431F0F1B0135
:101BB000C01AB941130C73431F0B1B05C01AB9415E
:101BC000860D8F023E436643360C092D24DB520AF4
:101BD0007243801A7703460A6643360C16235B1B52
:101BE000DE40DF40BF1964466643821B7046043501
:101BF00006330100D940A840C01900D30131A242E8
:101C000006D20023F0BD0000000000D0FFFFFFFF60
:101C1000121B0130F3D3F1E709277F1BFE40644616
:101C2000A2B27243801A00D20139220C7243130C03
:101C30001204821A99410B007046043513370100D3
:101C4000F940A840801900D30131002B02D1A242F3
:101C50000AD2F0BD013000D30131121BFAD2013B90
:101C6000F8D1A24200D2F0BD013000D30131121BE5
:101C7000F7E7F0B51C0C00D080E00CB400251C0A7E
:101C800004D11B02160E3343120208351C0B04D17B
:101C90001B01160F3343120104359C0B04D19B002A
:101CA000960F334392000235DC0B02D192185B4150
:101CB00001351C00971864410134464F7C66464C40
:101CC0003C660E0CFFE7FFE7FFE7C0463C6F66434C
:101CD000360C7703BE4697B27743C01B00D201395A
:101CE000C01B00D201399FB27743C91BC91B170C17
:101CF00077437E04FF0B801BB941CE086643360C48
:101D00000C2D33DBB644120B1F053A431B0B97B265
:101D10007743C01B00D201399FB27743C91B170C10
:101D200077433E043F0C801BB941860D8F023E4332
:101D3000664329277F1BFE400C3D7746AF40BF1905
:101D400030BCA2B2ABB272437343801A9941220CE9
:101D50007243130C1204801A994102000B000137E0
:101D6000001BA941F9D2781E0021F0BD0C277F1B72
:101D7000FE4077467F0BAF40FF19E0E700245D1C73
:101D800007D0144F7D663966FFE7FFE7FFE7FFE7FF
:101D90003C6F95B29EB265436643401BB141150C42
:101DA0001E0C6543664336042F0C3E432D04401B36
:101DB000B141994204D202000B0020000021F0BD85
:101DC00001D19042F7D3801A994101349942F2D35C
:101DD000F6E70000000000D0FFFFFFFF4840414051
:101DE000484018B4134B5B68019308BD18B4114BFD
:101DF0001B68019308BD94460F4A926F920805D262
:101E0000624618B40B4BDB68019308BD0A4AF0B573
:101E1000146E556E576F166F6246FFF7F2FF064A53
:101E20001466556657671667F0BD18B4014B9B687A
:101E3000019308BD40120020000000D0FFB55040C3
:101E40004240504059404B40594000E0FFB5154FCB
:101E50004C00640D03D0BC4204D10C0314D8002004
:101E6000090D09055C00640D03D0BC4204D11C03BC
:101E70000AD800221B0D1B0501264B4009D44B40FC
:101E800003D58B4200D18242FFBD9942FCD19042E2
:101E9000FFBD0B43DB1803431343F5D0C943491877
:101EA000FFBD0000FF07000000B5FFF7CFFF804136
:101EB00000BDC04600B5FFF7C9FF01D9002000BD35
:101EC000012000BD00B5FFF7B9FF01D9002000BD1A
:101ED000012000BD00B5FFF7B1FF804100BD01202A
:101EE00040054A00121804D85A00121801D80020E0
:101EF00070470120704700000021002805D170477D
:101F0000C1174840401AFAD0C90713B5064B1B68E1
:101F100098470CBC441CA2401005120B0349091B36
:101F200009051943114310BD802200201F04000041
:101F300010B54C00620D8023D218DB00D21A5B056D
:101F40007E2A10DD9E3A13DACC170903490819439B
:101F50005242D140640001341532202A05DAD040C3
:101F60000843604310BD002010BD0846604310BD0B
:101F7000C80FC018013810BD18B4024B5B6A01933A
:101F800008BD00004012002010B50148FEF774FAA9
:101F9000A09B0010132370B51D78012D19D014DDFE
:101FA0001D48FFF731FB06001C48FFF72DFB1C4CBA
:101FB00080223100200000F0AFF8022D06D0194831
:101FC000FFF71AFB184B186070BD154C174BA36434
:101FD000F5E7174B124C23606360A360E360236155
:101FE0006361A361E36123626362A362E3622363CB
:101FF0006363A363E36323646364A364E3642365AB
:102000006365A365E36523666366A366E36623678A
:102010006367A367E367D9E75344000053460000B2
:10202000401200204C330000802200203520001098
:10203000891F001007B5604601880A0A0230DF2AAE
:10204000FAD1C9B2820804D3028840880004104340
:1020500000E00068014A5050039007BD4012002084
:1020600051434343C9188C46110C83B24B4310B4FF
:10207000040C614392B280B2504362431C041B0CB7
:10208000001910BC59411304120CC018514161448D
:102090007047000010B50148FEF7EEF9FC9B0010F8
:1020A000132310B510481C78FFF7AEFA0100012C7D
:1020B0000AD003DD80220D4800F02EF80C48FFF70F
:1020C0009BFA0C4B186010BD084C5422200000F005
:1020D00023F82200084980322368002B00D12160B8
:1020E00004349442F8D1E9E75346000084220020EA
:1020F0004C3300008022002095200010014804216C
:10210000014B18476010002019160010014B1B6886
:102110001847000060100020014B5B681847000062
:10212000601000207047C046F8B55746DE464E4660
:102130004546E0B599460A9B07009A460D9B88469E
:1021400093460B9C9B073BD10C9B9C423DD21E1B94
:102150000B9415000C005E442A004B46013521000B
:102160002020B847B542F7D1A0460B9C002C20D0C8
:10217000454636195346321B013C185D29004B4633
:10218000B847002CF6D12B00350098460D9B9B07D5
:102190000FD55B46EC1A0C9BA3420AD946469846DB
:1021A0002A004B46310020200134B8470135444510
:1021B000F6D32800F0BCBB46B246A946A046F8BDFF
:1021C00016001500002CD3D1E0E716001500002CF6
:1021D000CED1EEE7F0B54546DE4657464E46E0B571
:1021E00085B09C4610AB1B78149F934698460F9C75
:1021F000129E139DBB074CD4002D42D1B44248D24D
:1022000001233B4099460E9B013B9A46302304E054
:10221000524601341355A64201D9202CF8D14B4621
:10222000002B00D183E00E9B013B99463023A54251
:1022300005D82EE04A4601341355AC4229D0202C53
:10224000F8D1FB060CD57B0554D4A64263D0A54239
:1022500061D0119B102B50D0022B57D0202C32D1A3
:10226000202301930E9B5A460093039763460295E1
:10227000FFF75AFF05B0F0BCBB46B246A946A046E0
:10228000F0BD01233B40994601233B422AD1B44291
:10229000B9D3FB061CD57B05DBD4002CD5D1119B13
:1022A000102B5BD0119B022B6BD0302301240E9A94
:1022B00013704346002B10D17B073ED52B260E9A78
:1022C000631C1655CDE72300013430260E9AD654F0
:1022D000202CC5D04346002BEED02D260E9A631C31
:1022E0001655BEE74346002B2FD0013DB44200D225
:1022F00089E798E7119B102BB2D1BB0637D5202C6C
:10230000AED058230E9A13550134A7E7202CA7D03E
:102310002300013407E0631E012CC0D0119A102A5B
:1023200031D0022AD1D162260E9AD65496E7FB0606
:10233000CED57B0500D488E78BE723003E0790D5F8
:1023400020260E9A013316558BE70C233B405A1E6C
:102350009341ED1AB44200D255E764E7BB060ED4B0
:1023600078230E9A0224137030235370A1E7202C97
:1023700000D175E778230E9A135501346EE7582380
:10238000EFE76033EDE70E9AA61E91464E44BA067B
:1023900002D55822327098E77822327095E7C0460D
:1023A00010B5002800D110BD01F082FCFBE7C0464B
:1023B0000B0010B5002802D049681B68984710BD73
:1023C000F0B55746DE464E464546E0B595B08346E5
:1023D0000F00924698461E9A1F9B10001900209EDF
:1023E000FFF77DFD002800D0EAE11E981F99012229
:1023F000C54B5242FFF758FD002800D014E11E984B
:102400001F990122C14B5242FFF764FD002800D002
:10241000E9E01E981F990022BD4BFFF75BFD0028E5
:1024200000D0C8E01E981F990022BA4BFFF73CFD70
:10243000002800D0BFE01E981F9900220023FFF75C
:1024400033FD002800D0E4E000230B93229B5B05C2
:1024500000D406260024302307E0172106AA013401
:1024600052181355013E202C01D0092EF5D81E9884
:102470001F99FFF75DFDA84BF2009B181A685B6877
:10248000050008920993FFF73BFD02000B001E9820
:102490001F99FFF7A6FC089A099BFFF7C6FC069058
:1024A0000791FFF769FD8146FFF726FD02000B004B
:1024B00006980799FFF795FC0022984B0690079124
:1024C000FFF708FD002800D10DE101239C46E144FF
:1024D0004846FFF711FD02000B0008980999FFF725
:1024E000E9FC002802D0002399460135002E00D1D6
:1024F000D9E006954D46B94614E006AA944617233E
:102500000A216344280001341F19FFF72FFA3031E4
:10251000397028000A21013EFFF728FA092D00D85A
:1025200017E10500202CE8D14F46069D20240CAE73
:1025300006AA17239446634499465B46B34606931E
:102540000FE04B4628000A210134E618FFF7E6F9B0
:102550003031280031700A21FFF7E0F9051E00D163
:10256000E4E0202CEDD1069B5E469B460323229A95
:102570001340012B18D1219B002B15D00B9B002B56
:1025800000D1FDE0219B013B2193202B0CD930236E
:10259000219A07E0172006A9013409180B55944227
:1025A00000D3CCE0202CF5D1229B01940393219BF6
:1025B0000096029322E0229B52460493219B39000D
:1025C000039358461E9B1F9C02960093019443461A
:1025D00000F04AF90400200015B0F0BCBB46B2463A
:1025E000A946A046F0BD229B5B070FD403224C4BAB
:1025F00022990192039121990093029143465246F8
:1026000039005846FFF790FD0400E4E70422454BEB
:10261000EEE71E9A1F9B00200021FFF7E2FB01233B
:102620001E901F910B9311E7229B54469B0711D1DB
:10263000219B042B0ED9219B55469C465E46043CAB
:1026400064442A004346013539002020B047A542A2
:10265000F7D1B346344D26002B1F99465B46A3465F
:102660001C003200E87843463900013DA04701369E
:102670004D45F6D123005C469B46229B04349B07C4
:10268000A9D55346219AE31A9A42A4D95E46150069
:102690002200434639002020B04753460134E31A54
:1026A0009D42F5D897E72800FFF72AFC02000B00AF
:1026B0001E981F99FFF795FB0022184B0690079173
:1026C000FFF7F2FB0CAE002800D031E7069807991F
:1026D0000022124BFFF7FEFB002800D028E7012361
:1026E00001359D4324E70022069807990B4BFFF71D
:1026F000DBFB002800D0F9E64B46002B5CD1012320
:102700009C46E144F2E6C046FFFFEFFFFFFFEF7F8C
:1027100065CDCD4165CDCDC1B89E00100000E03F34
:10272000009C0010F89B0010089C0010069B5E4661
:102730009B460323229A1340012B00D181E0202CD9
:1027400000D131E70B9B002B27D02D2333550134CB
:102750002AE74F46069D202C00D1E7E630223319A8
:1027600007E0172006A9013409180A55202C00D1CA
:10277000DCE6A342F5D12E220CAE0134F254D7E6AA
:102780000C23229A134257D0219B013B2193A34251
:1027900000D9FCE6202C00D106E7229B5B0703D57D
:1027A0002B2333550134FFE6229B1B0700D4FBE6A5
:1027B000202333550134F7E6DB0700D496E69EE785
:1027C000229B55469B0711D1219B032B0ED9219BA0
:1027D00054469C465E46033D654422004346013410
:1027E00039002020B047AC42F7D1B346B9465F4626
:1027F0001C4EEC1C2A00B078434649460135B847C8
:10280000013EA542F6D1229BBB464F469B0700D412
:10281000E1E65346219AE31A9A4200D8DBE65E4687
:1028200015002200434639002020B04753460134AA
:10283000E31A9D42F5D8CEE6219BA34200D9A6E635
:10284000B2E6219B002B00D179E70B9B002B97D0A0
:10285000219B013B21939C4200D298E6202C00D082
:1028600073E7A1E6049C0010F0B5DE4657464E46DD
:102870004546E0B599B081468B4692469846229AE5
:10288000239B10001900FFF72AFB002800D0CAE0A4
:10289000229823990122824B5242FFF71BFB00280A
:1028A00000D0C0E02298239901227E4B5242FFF7CC
:1028B000FBFA002800D0B6E02298239900220023DA
:1028C000FFF7F2FA002800D0C9E1229B239C08936D
:1028D0000994089809998023269ADB001A400D92E2
:1028E0008022269C1201144022000B94269C070093
:1028F0000E001C4200D0ADE00B00034300D0D5E039
:10290000002A00D00AE22200063324930223134057
:102910000C930223134200D002E2259B042B00D229
:102920000FE2043B0B93002304250A930022229814
:1029300023990023FFF7B8FA002800D003E25A4B8E
:10294000269A134004930B9B0393249B0293089BAA
:10295000099C009301945946434652464846FFF766
:102960002FFD02002020269B1F27034059424B4188
:102970005B421840531C0893594643464530C847AC
:102980000A9AD317D4185C40D30F0A936B1E0B938B
:1029900008AB9C460025674401E0202D0FD02000A5
:1029A0000A21FEF7E3FF01357E1930313170200036
:1029B0000A21FEF7DBFF26000400092EEDD80523CF
:1029C00006930B9B59460593002304930A33039304
:1029D0000A9B4846029310AB0093089A4346019520
:1029E000FFF7F8FB0C9B002B2DD05346C41A259BF8
:1029F000A34228D94D465F4681461E005346390002
:102A00001A19202043460134A847A642F6D8534657
:102A100048462599C21A01320023914200D386E12B
:102A2000013018180FE0269B0493259B0393249BE9
:102A30000293229B239C009301944346524659469D
:102A40004846FFF7BDFC19B0F0BCBB46B246A946EC
:102A5000A046F0BD01432BD10B9B2200002B00D1DF
:102A600054E700230A93249B0A9A0024934200DD32
:102A700085E12298239900220023FFF715FA002808
:102A800000D035E1269B084A02941A408023DB00DF
:102A900013430493259B0393089B099CCBE7C046F3
:102AA000FFFFEF7FFFFFEFFFFFF7FFFF06232493FA
:102AB000B44B70009C46400D6044FFF721FAB24AC7
:102AC000B24BFFF7B2F9B24AB24BFFF78FF93603B8
:102AD000B14B360B334304000D00380019000022BF
:102AE000AE4BFFF77EF9AE4AAE4BFFF79EF9020000
:102AF0000B0020002900FFF779F9FFF719FA0A9077
:102B0000FFF7FEF9A84AA94B04000D00FFF78DF965
:102B10000022A74BFFF76AF9FFF70AFAA54A060059
:102B2000A54B20002900FFF780F9040030000D00BC
:102B30000C96FFF7E5F9A14AA14BFFF776F90200E1
:102B40000B0020002900FFF74CF902000B000600E3
:102B50000F00FFF76AF9320004000D003B0030005F
:102B60003900FFF743F900220E900F91954B20009A
:102B70002900FFF740F90022934BFFF737F90200D5
:102B80000B0020002900FFF736F900228F4BFFF7DA
:102B90002DF902000B0020002900FFF72CF90D0091
:102BA0008021040032003B000020C905FFF719F91D
:102BB00002000B0020002900FFF718F902000B00AB
:102BC0000E980F99FFF717F90022734BFFF70EF9D4
:102BD0007F4B0C9C9C46644400222305FFF725F99B
:102BE00006000F0002000B0008980999FFF75CF936
:102BF00000280AD00A9B3000013B39000A930022CA
:102C0000714BFFF7F8F806000F000A9A33006332A1
:102C10003900C62A12D802222698042510400B9AA1
:102C20000C90002A25D1259B042B05D9002800D023
:102C3000A1E0259B043B0B93042541E0022226984A
:102C400010400B9A0C90002A12D1259B052B76D9A7
:102C5000002872D1259B0525053B0B9334E080228B
:102C600012069446229B0893239B6344099330E603
:102C700005250B4300D1F6E608980999554A564BAD
:102C8000FFF720F9002808D0089809990022534B33
:102C9000FFF70AF9002800D0E5E6249B002B1CD0A2
:102CA0000D9B002B19D0249B013B2493259BAB4209
:102CB00004D90C9B002B5AD002230C9300230B93B6
:102CC0000A9B002B00D131E60898099932003B009D
:102CD000FFF791F80890099128E6259BAB42EDD9C2
:102CE0000C9B002B43D000230B9302330C93E7E79C
:102CF0008020269B3A4A00061A408023844602948C
:102D0000089C099D2900DB0013430493259B614423
:102D1000220003930B00009201938EE60524A8E69F
:102D200000230B930A93023304250C93FEE55346CC
:102D30008C46013B63441B1A72E602230C93052563
:102D4000C2E70423EDE58020089E099F00063900B4
:102D50008446269A224B6144134004930B9B320015
:102D60000393249B02930B0000920193F3E5259BB0
:102D70005B1B0B93A4E7022304250C93A0E79C1A8A
:102D8000013C76E601FCFFFFFB799F501344D33FE3
:102D9000B3C8608B288AC63F0000F03F0000F83FB0
:102DA00061436F63A787D23F71A379094F930A40AC
:102DB0000000E03F1655B5BBB16B0240EF39FAFE9B
:102DC000422EE63F00002C40000024400000184046
:102DD000FF0300002D431CEBE2361A3F80842E4196
:102DE000FFF7FFFFF0B5DE4657464E464546E0B5D5
:102DF000A5B01E002E9B92460C93CD4ACD4B80462B
:102E00008B461A60002900D1EAE100233078994608
:102E1000002800D1ECE1C84B4C460B93C74B45460C
:102E200057460E930AE0631C984622003B00594621
:102E3000A84744463078002800D187E0013625288D
:102E4000F1D108239A46043B9946023B9846013B40
:102E500000229C460D943078711C0300203BDBB2AD
:102E6000102B03D80B9C9B00E3589F460300303B7C
:102E700089460D9C092B3AD9002398462A2800D16F
:102E8000C1E000239A462E284BD00300683BDBB2FA
:102E9000122B1ED80E999B00CB589F4663460E00FE
:102EA0001A43D8E743460E001A43D4E74B460E00B8
:102EB0001A43D0E710230E001A43CCE753460E0006
:102EC0001A43C8E780235B001A43FF3B9C46707897
:102ED000E1444E4667284FD82428A4D90300253B57
:102EE000DBB2422B9FD896499B00CB589F460023CC
:102EF00094461E0000E00131B3009B195B001E18D0
:102F00000878303E0300303B092BF4D90123624698
:102F100089469C460023B0469A460E00E1442E287E
:102F2000B3D13021802049428C46C00002437078E2
:102F30004B4684446146092900D86CE12A2800D117
:102F40007AE101239C464E46E1449EE7A146A8460D
:102F5000BA46CA4503D801235B42534499465346B7
:102F60004A4659460020C047200025B0F0BCBB4669
:102F7000B246A946A046F0BD0300693BDBB20D9303
:102F80000F2B00D94FE7012199408C466D498946A6
:102F900061464B4619400F91634649460B4200D0AB
:102FA00028E10D9B0A2B3AD0072B00D03BE70C9B66
:102FB000190008C98846002B00D14BE121200243AB
:102FC000914614A98C461F220F2162448C4651461B
:102FD0000D950C91A24615000F9902E020290CD006
:102FE000130064461C4020003730092C00D80738F5
:102FF000013168541A090F2BF0D80C9B54460D9DD3
:103000009A460F9133E10C9B02CB8846002947DB9F
:103010000C9301239C4670784E46E14431E70C9BAB
:1030200002CB14935346002B00D138E19C4608781C
:103030000B000C908C44002801D100F098FC8946CC
:103040006146944603E05A780133002A01D08B424E
:10305000F9D1494662465B1A0C900F93530500D58F
:1030600020E10223180010400D90134200D1CBE361
:103070000D930B1BB1469A465E460C9822003B000E
:103080003100A84753460134185D0028F6D1B346F5
:103090004E460D9B002B00D0C7E1149B0C93C9E654
:1030A0000C9301239C462838494202438846707895
:1030B0004E46E144E5E670786C2800D17FE180233C
:1030C0005B001A43FF3B9C46E14402E780239B00E0
:1030D0001A4301239C467078E144FAE67078682828
:1030E00000D173E180231A437F3B9C46E144F0E624
:1030F000672800D103E1472800D15AE1452800D1D3
:103100005AE10492072142460C9B03920733524630
:103110008B43190002920CC92800009201930C9174
:1031200022003B005946FFF79FFB040082E6C046A1
:10313000E52D00109C1F00201C9D0010609D0010BC
:10314000AC9D001041900000462800D1DBE00492C5
:10315000072142460C9B0392073352468B431900CA
:1031600002920CC92800009201930C9122003B00AE
:103170005946FFF725F904005CE6631C98462200D7
:103180003B0059462520A847444653E60C9B043390
:103190000D93631C9946920700D422E10C9B2200F8
:1031A000187859463B00A84743464444012B00D8B1
:1031B00085E23300B8462E005F4625004C4699460E
:1031C00022004346013439002020B047AC42F7D1F9
:1031D0002C00BB46350047464E460D9B0C9329E616
:1031E000DB4B3078984600239946002800D012E641
:1031F0000024AEE66F2800D188E000D80BE310234E
:10320000782800D1CFE09A430A239C4600230F93ED
:103210000A330D9380E05646B10089194900013305
:103220000E181878303E010030390929F4D9B24619
:103230001E000133994628E60C9B023602CB8A46D3
:10324000C9435046C917084082460C933078731C16
:1032500099461AE61023100098431133184381460B
:1032600080201300C0000340024200D1A9E64B4673
:1032700006930823059353460493102303930023D6
:1032800002930F9B220001931CAB009359463B0015
:103290002800FEF79FFF434604000C93CAE5012374
:1032A0005B42C3E60F9B534501D953460F9302235C
:1032B000180010400D90134200D1B7E10D93D14694
:1032C0000B1B9A463300A1442E0022004D460C9859
:1032D000B9465F469B4608E04B463900541CB04750
:1032E0005346185D002877D022009542F4D15B4602
:1032F000BB464F46A94635004C461E00C9E6802312
:103300001B011A43FDE620231A4320E708239C46AD
:1033100000230F9308330D9380231100DB00194025
:103320001A4200D116E10D239A43100080230200B7
:103330009B001A401492184200D0C2E18023020080
:103340005B001A4091460C9A04320F92184200D04A
:10335000B7E2430600D59FE1030600D419E30C9BB6
:103360001B880993002B00D0FCE1103398430029FF
:1033700000D1F7E100239946434605935346049351
:103380000D9B069003930023D2E0582808D06228B2
:1033900067D102239C4600230F9302330D93BBE7B2
:1033A00020231A43103B9C4600230F9310330D93A8
:1033B000B2E780231B011A4320231A43A1E6C0234E
:1033C0009B001A43F31C9946B07882E5C0231A4348
:1033D000F31C9946B0787CE535005E46BB464F4607
:1033E00057E64346012B00D863E1631E43449A46E7
:1033F0003300B9462E005F4655469B46A246220042
:103400004B46013439002020B047AC42F7D135009B
:103410005E46BB464F46A14654460C9B4A4618782A
:1034200059463B004444A847D7E6A1460F9B984520
:1034300000D832E64444E41A3300B8462E005F4612
:1034400025004C469946220043460134390020208D
:10345000B047AC42F7D12C00BB46350047464E463C
:103460001BE680231000DB0018401A4200D10FE158
:10347000112118008A430D920D9A802311009B00A0
:1034800019408C461A4269D1802311005B00194013
:1034900089460C9904310F911A4200D0CAE11300F9
:1034A0005B0600D5F0E013001B0600D459E20C9B2C
:1034B00000229B5ED9175A184A4092B2D90F0C913C
:1034C000002B00D1F9E1100014AA944642461F23B4
:1034D000149252466344A84616944D460400B946D9
:1034E000B2461F00159201E0202D0FD020000A21C6
:1034F000FEF73CFA01357E193031317020000A2187
:10350000FEF734FA26000400092EEDD8149B4F462E
:10351000A94645469846159B56469A46169C0D9BCD
:10352000069343460593534604930A2303930C9B47
:1035300002934B4601931CAB2200009359463B007B
:103540002800FEF747FE0F9B04000C9372E4C04670
:10355000252100100C239A431000E7E607220C9B5C
:1035600007339343013294469C4462460C920CCB41
:10357000D90F0F911100194300D191E0D917139180
:10358000129151401091139959401191109811992D
:10359000129A139B801A99411090119114AA00233A
:1035A000944642469946149252461F336344A846B5
:1035B000B24616944E46109C119DB94615921F00B6
:1035C00001E0202E10D0200029000A220023FEF75F
:1035D0000BFA013630322B00BA550D0022000400E0
:1035E000002BEED1092AECD8149B10941195454676
:1035F0009846159B4F46B14656469A46169C0D9BDB
:10360000069343460593534604930A2303930F9B63
:1036100002934B4601931CAB2200009359463B009A
:103620002800FEF7D7FD0400FFF704FC0F9B984528
:1036300000D8C1E18023DB000D9343460F9A1B198C
:103640009B1A994633002E004D46B9465F469B466D
:103650000C9122004B46013439002020B047AC4287
:10366000F7D143460C9901330F930B7835000C9337
:103670005E46BB464F46002B00D10EE50D9B002B4E
:1036800000D1F6E4002319E60C9B1B781A0015E71D
:1036900010239A430D92EFE60C9B1B78099361E689
:1036A000002399460028AAD10022002310921193EA
:1036B00074E70C9B2200187859463B00A8474C46FB
:1036C0008BE50C9AFA3BFF3B07329A43013399464C
:1036D00091444B460C931368526815921A4306D1D5
:1036E0001032904300220992002900D081E061222B
:1036F000810600D54122D2B20A9214AA91460A9AB2
:1037000000210A3A149242461792524618925A469B
:103710000991B3461F311E000F9B4944BA461994C4
:103720001A950024674698468946159D16901B9267
:103730000AE03032D2B24B4601341A55A8454AD07D
:10374000202C4AD006000D003A000023300029004A
:10375000FEF74AF9D2B2092AEBD9149B9C4662447F
:10376000D2B2E8E76123820600D54123DBB20A3BEF
:103770000C93434614A91F228C461593534662446A
:10378000A046B2464C461797A9461700099D0D9EC4
:103790001490169308E03033DBB201343B55B54248
:1037A0000ED3202C0CD0050031002800FEF7DEF8E7
:1037B000CBB20929EFD90C9A94466344DBB2ECE70B
:1037C000159B4D46A14644469846169B564614986E
:1037D0009A46179FD0E5B742B2D9179B57469846ED
:1037E000189B5E469A461B9B09949B461698199C0B
:1037F0001A9D43460593534604930D9B06900393ED
:1038000000230293099B05E70F9B984500D914E715
:1038100001330F932DE41023110099430D91692872
:1038200000D0BAE080231000DB0018401A4200D11B
:1038300022E61DE60C9B1B68DA0F1100002B00D15D
:103840008CE0DA179818504014AA914642461F237C
:10385000149252464B44A046A9461697040065466A
:10386000B2461F000C91159201E0202D0FD02000D0
:103870000A21FEF77BF801357E19303131702000C6
:103880000A21FEF773F826000400092EEDD8149BD8
:10389000444698460C9BAC461900159B56464D462F
:1038A0009A46169F0D9B02910693434605935346F5
:1038B00004930A23039363463CE6002800D02EE6D7
:1038C00002E60C9B1B689946002B03D110339843EA
:1038D000002938D16123820600D54123DBB20A3B9F
:1038E0000C9343461693534614A91F228C461793F4
:1038F0002B006244A0464D46B246189799461700E1
:10390000149C0D9E159008E03033DBB201343B551A
:10391000B5420ED3202C0CD0050031002800FEF754
:1039200025F8CBB20929EFD90C9A94466344DBB24F
:10393000ECE7169B149444469846179B56464D4612
:103940009A461598189F43460593534604930D9B3A
:103950000690039300230293149BEBE50028A1D16A
:1039600072E70C9B1B68D9175A184A40A6E58023BA
:103970001000DB0018409C460F901A420FD0022026
:10398000030013400F93104219D00023A1460F9358
:103990004CE50C9B1B680993E4E40A0034E4022321
:1039A000180010400D90134200D03EE54346002B16
:1039B00000D042E6FFF771FB01330F937FE46346CB
:1039C0000D93F3E710B50C0084B00394012402A911
:1039D00002900093034813006242FFF703FA04B019
:1039E00010BDC046B123001010B5094A0300146889
:1039F00084B0002C08D0012200910648524203A94D
:103A0000A047012004B010BD00F09CF90020F9E7A8
:103A10009C1F0020A12300100021002010B5FDF7FD
:103A20001DFEC04610B5FFF7F7FFC04670B5FDF7A5
:103A300051FE074D074EB54209D20024013E761BC8
:103A4000B60808CD984723000134B342F9D170BDC0
:103A5000A49A0010B09A0010030010B508001100DD
:103A60001B68984710BDC046F0B5C64600B5437DFB
:103A700007000C001600002B46D0002A17DD0B783B
:103A80000A2B24D000239846012E13D001252900AB
:103A9000635C01350A2B26D0B542F8D1464509DCD6
:103AA000A419013C23780D3B5A4253413B7580BC1D
:103AB000B846F0BD4346E018A419F11A013C3B6832
:103AC000984723780D3B5A4253413B75EFE7037DFE
:103AD000002BD7D102210F483B689847012EDFD039
:103AE00001239846D2E7631E5B5C0D2BD4D088453A
:103AF00004DA4346C91AE0183B6898470221054892
:103B00003B68A8469847C7E703681100200098471C
:103B1000CDE7C046089F0010F0B5C6460B6806000A
:103B20000C0000B5802B06D05A1C2260E4182671C8
:103B300080BCB846F0BD0F4B1D68002D16D00B1D84
:103B400098460D4F02E02D69002D0FD02B68002BF9
:103B5000F9D03B68002B01D0AB42F4D1280041469C
:103B60002268FFF781FF2D69002DEFD1012200238C
:103B7000DBE7C046901B0020981B0020F0B54546AF
:103B8000DE464E465746E0B583B091461C0080465F
:103B90000D00FDF77BFB0023304A12184B41002B30
:103BA00002DA01222E4B52422E4908008A4605F0C5
:103BB0003BFF07006B1C03D1404605F0C5FE050026
:103BC000002C27D0284E294B1C68002C18D04B46BF
:103BD000002B21D1264B994602E02469002C0FD0FE
:103BE0002368002BF9D04B461B68002B01D09C4268
:103BF000F3D120002A004146B0472469002CEFD1C0
:103C0000002F26D1280003B0F0BCBB46B246A9461F
:103C1000A046F0BD174ED6E7154B99460A239B46A2
:103C200002E02469002CEBD02368002BF9D04B462E
:103C30001B68002B01D0A342F3D12A00414620008B
:103C4000B0476B465A462000DA71D91D0122B047B1
:103C5000E7E7504605F0B0FED4E7C04640420F000B
:103C6000FFFFFF7FB0100020693A0010901B00207A
:103C7000981B0020593A00100A4A1368002B05D1FE
:103C80000CE01A001B691032002B07D08342F8D1D8
:103C9000002902D118691060196170470029FCD011
:103CA0001060FAE7901B002010B500F0F1FA10BD8B
:103CB000F0B5CE46474680B583B06B460600DD1DA5
:103CC0002870FDF7E3FA0023194A12184B41002B24
:103CD00002DA0122174B524217490800884605F0C4
:103CE000A3FE164B81461C68002C14D0144F02E032
:103CF0002469002C0FD02368002BF9D03B68002BDF
:103D000001D09C42F4D1200001222900FFF7ACFE33
:103D10002469002CEFD14B46002B05D1300003B0B5
:103D2000C0BCB946B046F0BD404605F045FEF5E7DB
:103D300040420F00FFFFFF7FB0100020901B0020CB
:103D4000981B002070B5040005F0FEFD0123010062
:103D5000050001222000FFF711FF084B1C68002C12
:103D600006D06368002B05D098472469002CF8D151
:103D7000280070BD2469002CF3D1F9E7901B0020C6
:103D8000F0B5CE46474680B5A3B004000D00FDF760
:103D90007DFA0023274A12184B41002B02DA012238
:103DA000254B5242254E300005F03EFE00232200F6
:103DB000019307002B00224801A9FFF703FE214BC6
:103DC000804699461C68019B002B1AD0002C2FD0EE
:103DD0001D4D02E02469002C0FD02368002BF9D080
:103DE0002B68002B01D0A342F4D12000019A02A934
:103DF000FFF73AFE2469002CEFD14B461C680023E4
:103E00000193002C06D06368002B0BD098472469DF
:103E1000002CF8D1002F07D1404623B0C0BCB946D2
:103E2000B046F0BD2469ECE7300005F0C5FDF3E7CE
:103E30000194EFE740420F00FFFFFF7FB01000202A
:103E4000193B0010901B0020981B00200FB400B5F8
:103E500083B004A901C90191FFF792FF03B008BC28
:103E600004B018477047C0460022014B1A707047D3
:103E7000952402204B790020FF2B0BD18B79002B4E
:103E800008D1CB79012B05D1082A03D9024B8A78B6
:103E900009301A707047C0469524022001207047EF
:103EA00010B5012913D112495379107909781B02F1
:103EB00003430020994200D010BD5378012B08D055
:103EC000022BF9D1642200210020FDF73FFB0120E5
:103ED000F2E7D37891781B021943480ADB0501D435
:103EE000012040427F238A05D20F1940FDF7C4FB11
:103EF0009524022000487047D49F001070B505003B
:103F000014000120012909D153780020012B05D18B
:103F1000637912791B021343072B00D070BD210077
:103F20002800024A9F3301F055FAF7E72C9F001052
:103F300001230370004870470C9F00104B780A78EB
:103F40001B0213438A7810B512041A43CB781B0660
:103F500013439622D200934200D010BD00220120CC
:103F600011004042FDF788FB024B1860024B1960BC
:103F70007047C046301B0020341B002010B5024B98
:103F80001878FCF759FB10BD96240220154B70B52C
:103F90001A68002A22D0EFF3108172B61068002848
:103FA000FCD0BFF35F8F00200F4A596010701B6870
:103FB000BFF35F8F186081F31088002400250B4E3B
:103FC0003078FCF72DFB002804D1002400252900BF
:103FD000200070BD3078FCF72FFBF8E7FA240025AD
:103FE000A400ECE7C01F00209724022096240220A2
:103FF00070B5040000200E0001F00AFB002834D048
:10400000002001F01BFB00282FD0FDF73FF9002313
:10401000174A12184B41002B16DB164D280005F0ED
:1040200003FD002821D0002001F0F2FA00280FD172
:1040300001200021404200F001FD032464422800D9
:1040400005F0BAFC200070BD01220B4B5242E4E7A0
:10405000002001F0F3FA0028EAD02100320000200D
:1040600001F0F6FA041EEAD1E7E703246442E9E727
:1040700040420F0088230020FFFFFF7F10B5FDF7AF
:1040800005F900230D4A12184B41002B02DA0122D8
:104090000B4B52420B4C200005F0C6FC00280CD004
:1040A00001200021404200F0C9FC002001F014FB77
:1040B0000028F5D1200005F07FFC10BD40420F0024
:1040C000FFFFFF7F88230020F8B5DE46574680B506
:1040D00005000C00FDF7DAF80023364A12184B41B0
:1040E000002B02DA0122344B5242344908008A463E
:1040F00005F09AFC002803D1C0BCBB46B246F8BD0F
:10410000002001F085FA00284AD00026002C43DD6B
:104110002B4B9B4614E0A919002001F017FB070068
:1041200001200021404200F089FC002001F0D4FA77
:10413000FDF7ACF8224BF61918605960B4422BDD3C
:10414000002001F023FBA71B0200B84200DD3A006B
:10415000002AE0D101200021404200F06FFC002045
:1041600001F0BAFA002001F053FA002814D0002020
:1041700001F00CFB0028E1D1FDF788F85B460F0049
:104180001A685B68002184460E4812184B419F4212
:1041900002D8D3D19445D1D9504605F00DFCABE7F8
:1041A00000200021064B18605960504605F004FCC1
:1041B000A2E7C04640420F00FFFFFF7F8823002098
:1041C0003812002020A1070030B52A4C85B000210C
:1041D000200005F019FC00281CD1274B1A68002A82
:1041E00016D0EFF3108172B610680028FCD0BFF330
:1041F0005F8F01242148596002781B68D2B2047095
:10420000BFF35F8F0020186081F31088002A17D059
:1042100005B030BD01200021404200F00FFC00201D
:1042200001F00CFA0500200005F0C6FB002DEFD0D0
:10423000134B1B68002BEBD0124A10689847E7E736
:10424000FCF710FE0400FDF721F8FA22002392008B
:1042500012184B41002B02DA01220B4B5242012172
:10426000029100210191094920000091FCF7FEFD17
:10427000CEE7C04688230020C01F002097240220DC
:10428000301B0020341B0020FFFFFF7F8D3F0010FC
:10429000D02310B51B0684B01C68FCF7E3FDFCF7C7
:1042A000DFFEA04202D0002004B010BD294B002147
:1042B00000201B7801F05EFD27480368002B45D0E5
:1042C0000120FCF765FBFF23244C25492070184092
:1042D000FCF7CCF920780121FCF790F90520FCF7D8
:1042E000B3F9002824D1082200211E48FDF70EFF53
:1042F000FCF7B8FD0400FCF7C9FFFA220023920086
:1043000012184B41002B02DA0122174B52420121B5
:10431000029100210191154920000091FCF7A6FDB2
:104320000028C0DB12480121FFF7A6FC0120BBE7F3
:104330000120FCF731F90B4B01001800FCF78CFB56
:10434000002205200B49FCF7BBF9EBE7FCF768FB03
:10435000B6E7C04620A4001088230020962402203F
:10436000C9410010C01F0020FFFFFF7F8D3F0010DC
:10437000701000207D3F00100048704770A00010B2
:10438000004870471CA0001010B5040017480378BF
:10439000002B20D0002C06D1154B16484380063B3D
:1043A000FF3B038010BD052C1DD8134BA400E05823
:1043B00012490123013804E001330A800231142B31
:1043C0000DD0C25C002AF7D1C022DBB25B009200A4
:1043D00008481343E5E7112100F01AF8DAE7CA2389
:1043E00004489B00DDE70020DCE7C0469023022064
:1043F00009040000681B002004A000106A1B0020B4
:1044000010B5024800F0D8F810BDC0467822002050
:1044100030B54B1E012900D1A7E0664A11780D097D
:104420002C0030349F2900D9A2E00470012B00D168
:10443000BEE00F21147821400C003034092900D946
:1044400098E04470022B00D1B2E05478250929008D
:1044500030319F2C00D990E08170032B00D1A7E070
:104460000F2121400C003034092900D987E0C470A5
:10447000042B00D19CE094782509290030319F2C31
:1044800000D97FE00171052B00D191E00F2121407F
:104490000C003034092900D976E04471062B00D194
:1044A00086E0D4782509290030319F2C00D96EE0B0
:1044B0008171072B00D17BE00F2121400C003034AB
:1044C000092966D8C471082B00D171E01479250937
:1044D000290030319F2C5FD80172092B68D00F2141
:1044E00021400C003034092958D844720A2B5FD07F
:1044F00054792509290030319F2C52D881720B2B19
:1045000056D00F2121400C00303409294BD8C472F9
:104510000C2B4DD094792509290030319F2C00D9DE
:10452000073101730D2B43D00F2121400C00303493
:10453000092901D937310C0044730E2B38D0D179B9
:104540000C09220030329F2900D9073282730F2BC9
:104550002ED00F220A4011003731092A01D83032FB
:104560001100C173102B23D010300023037030BD15
:1045700007345AE737310C0063E707316CE737310E
:104580000C0074E707317DE737310C0085E7073110
:104590008EE737310C0095E707319DE737310C0086
:1045A000A3E70731AAE737310C00C4720C2BB1D155
:1045B000C018DAE77822002010B588B004000D2278
:1045C00000216846FDF7A2FD0D22002104A8FDF799
:1045D0009DFD4B236A466846137004A90D2205F021
:1045E000E3F91521082220006944FDF795FD08B084
:1045F00010BDC046F8B500F047F90C23194DFF2255
:10460000AB6705201849FCF75BF8184C40220021E5
:104610002000FDF77BFD4027002301262121144ABD
:1046200066702783A260136063545F3161844539EB
:104630006354104A10496360E2602787A1620B60EF
:104640006362E26205F000FA80239B052E64EB644E
:1046500090230A4A0120EA508022094B5202DA6470
:10466000F8BDC046000011502D0500209C1B002005
:1046700084001050000110508000105010D0010034
:104680000020115010B501210520FBF7B7FF10BD28
:1046900010B500220021024800F016F910BDC046F6
:1046A000BC1B0020044B1970002904D080219023EA
:1046B000024A8902D15070479124022000201150F3
:1046C0000B785B0602D14B78052B00D070478A78B7
:1046D000014B1A60FAE7C04600001150F0B5C6461B
:1046E000C87800B58007830F1800012B60D08F7841
:1046F0000A794B797F213940FC091B024E00134394
:10470000334D32195201AA1897700127674057702C
:1047100000275B055B0DD7701383D076B846CA00BF
:10472000012C32D02B4FBC468F016244BC46AC44B6
:104730006746BA6047461760002932D0264AC9004A
:1047400090466246414451603F223F3393430228E2
:1047500037D0224937190A687F01D3180B602049E6
:10476000EF19FA608B422ED836197601AD19EB7E1F
:104770001C499B064A4013438022120613436A6871
:104780001360012080BCB846F0BD174FBC468F01B6
:104790006244BC46AC446746BA624746176000298B
:1047A00008D1002364012C196360104BE360E8E733
:1047B0000020E7E70B4AC900904662464144516237
:1047C000C2E75B00C5E7FCF77FFFFA68CCE7C046AD
:1047D0009C1B00208400105004001050A41F0020D7
:1047E000FF0F1050000010508000105000011050BA
:1047F00010B505F029F910BD10B57F200C00204040
:104800004000E409110000191A00034B4001C018D0
:1048100000F05AF8012010BD9C1B00207F231800D7
:1048200000B5084083B00B4204D14B424B41084ACB
:10483000013393668022C9094000064B40184001AD
:104840000021C018120105F007F903B000BDC046F1
:10485000002011509C1B00207F22130010B50B403C
:104860000A4200D110BDC9095B005B1804485B0116
:10487000C018002300220349C37005F0EDF8F1E7EA
:104880009C1B0020FFF7FFFF80220A4B520410B54B
:104890001A60094B09491A6010000B689843FBD154
:1048A0008022002152010648FDF730FC0922054B09
:1048B0005A6710BD00E0004000F0004008C0004012
:1048C0000000105000001150002310B5C3820133C6
:1048D000828283760161040005F07EF8002804D00E
:1048E00080219023074A8902D150200005F07CF8EE
:1048F000002802D00123237710BD200005F09CF88A
:10490000FAE7C046002011507047C0467047C046C5
:1049100000207047002070477047C0467047C0466F
:104920007047C0467047C046024B5878431E9841B6
:10493000C0B2704730150020024B18784007C00FF6
:104940007047C04630150020F0B5D6464F46464663
:10495000C0B52F4B07009A461B780E00FF2B50D195
:10496000002941D0002154222A48FDF7CFFB002224
:10497000294C2A4B20001A70FCF752F8284B1C6077
:10498000284C2000143CFCF759F8200001F0F2FDFF
:10499000254B264D1C60264B002B04D02800FFF72A
:1049A000C7FA244B18602449002489462149002372
:1049B00088462A7810E043461B6862019B18002B4A
:1049C00012D05B68002B0FD098472A780134E4B2EC
:1049D000511C2300A14209DBA242ECD89B1A5B01C7
:1049E0004B445B68002BEFD100200BE053463100B5
:1049F00038001F70FFF7FEFD0028F5D03800FFF7E4
:104A000041FE0120E0BCBA46B146A846F0BDC04612
:104A1000A410002030150020281500209224022028
:104A2000841500209C10002088150020902402206E
:104A3000313F0010801300202CA10010F0B5DE469D
:104A400057464E464546E0B5C84B91B002931B7899
:104A5000FF2B00D13EE1C64BC64E9B465F46C64B80
:104A60000DAC0193C54B009335686A69EFF3108173
:104A700072B61368002BFCD0BFF35F8FA9612800CA
:104A8000210001F0AFFB6A69AB69BFF35F8F0021C2
:104A9000116083F31088002800D11BE16378082B94
:104AA000E2D89B00FB589F466368002BDCD0A068CF
:104AB0009847D9E77F222179AF4D0A405300EB1880
:104AC0009846C809804440460123303005799D430B
:104AD0000571057903339D430571002A00D100E17A
:104AE0004346A74A1B7D1278934200D3EFE0A54AC4
:104AF0005B011568ED18002D00D1EBE0A368627929
:104B00002078AD69A847AFE79F4A1378002B00D102
:104B1000E0E01378013BDBB213701378002BA3D1D4
:104B20000122954D01212B78042013432B7034234F
:104B3000EA5C8A43EA54EA5C8243EA540133EA5C61
:104B40008A43EA54EA5C8243EA54237800209B4675
:104B500000F09EFC602223791A40602A00D1EFE029
:104B6000402A00D1F5E0DB06DB0E012B00D113E17A
:104B7000022B00D1C7E0002B00D0E1E0202A00D1B9
:104B80001CE2002A00D0DBE06379092B00D9D7E0D2
:104B90007E4A9B00D3589F46774D2B78DB0700D485
:104BA00062E7FFF7BFFE5FE7019BDB78DB0700D41E
:104BB0005AE76068FFF7AAFE56E76F4D2B78DB07D0
:104BC00000D451E728780007C00FFFF7A9FE4BE794
:104BD00023786A4999468B46694B6A4998468A46C2
:104BE00039001A7847460023B04600254E468946CC
:104BF00010E053461B686A019B18002B00D176E039
:104C0000DB68300098473A780135EDB2511C2B0033
:104C10008D4244DC9542ECD39B1A5B015B44EFE789
:104C2000237858499946564B8A4698463100BB46E8
:104C30004E461A7800250023474689460FE0534622
:104C40001B686A019B18002B55D0DB683000984721
:104C50003A780135EDB2511C2B008D4207DC9542AC
:104C6000EDD39B1A009A5B0194466344EDE7019DE6
:104C7000542200212800FDF749FA1022FF21444860
:104C8000FDF744FA28002022FF2114304E465F46EB
:104C9000FDF73CFA00F0F2FBFFF740FEE4E6364D8C
:104CA000542200212800FDF731FA1022FF21281D8F
:104CB000FDF72CFA28002022FF21143046464F46EB
:104CC000FDF724FA00F0DAFB2379AB70CCE6501C38
:104CD000984213DA11B0F0BCBB46B246A946A046D2
:104CE000F0BDA3686279207800F0E6FBBCE646469A
:104CF0004F46214DE6E74E465F46CBE71F4D9B1AD8
:104D00005B015D19FAE67023217A0B4218D1C809BC
:104D100082460F330B405B0098461948EB1853440A
:104D20001B7D00789946834266D216485B01006875
:104D300081469944002A00D15FE14B46002B68D19F
:104D400020780021FFF76AFD80212078FFF766FDBB
:104D50008AE6104800F09CFB012158460EAAFFF796
:104D6000CDF8002800D07FE6EAE7C046A410002076
:104D700084A0001088150020301500202CA1001000
:104D8000902402208013002092240220A8A000106A
:104D900034150020FD3E0010237A0F2BD0D8CF4AC7
:104DA000EB181B791578AB423ED3691C9942C7DBDF
:104DB0005D1BCB4B6D01ED18686900F069FB0121AB
:104DC00058466B690EAA9847002800D04CE660222E
:104DD000150023791D401A42B2D163790A3B012B99
:104DE000AED800F055FB63790A2B00D199E1584603
:104DF0000EA900F0D9FA37E6431C4B4500DAF7E07C
:104E00004B461B1A5B019946B5488144002A00D1E4
:104E1000F3E04B46586900F03BFB4B4601215846F6
:104E20005B690EAA98479CE7AE4A5B011568ED18CE
:104E3000002DC1D184E7A37999466B789945D6D0E6
:104E40006B78002B00D033E14B466B70002B00D108
:104E50002BE148460138C0B2FFF792FA002800D192
:104E60007EE143780793022B00D079E10122C179DA
:104E7000B1468B11491113400A40302112015B01E8
:104E800013432A78A8468A4313432B7009239A4672
:104E900082445646BA46C37882781B021343C3182D
:104EA00005938E4B04938E4B08938E4B09938E4B38
:104EB0000A93059BB34200D855E1737801220B2B6E
:104EC00003D13378F278F6187378042B00D044E1DC
:104ED000059B00279B1B9BB20693049B0B921D789E
:104EE000002303931BE0099A7B011568ED18002D40
:104EF00000D132E1310058462B69069A9847844622
:104F0000082803D9069A824200D313E1049B013793
:104F10001D78FFB26B1C03979F4200DD1DE1BD426F
:104F2000E1D8039B5D1B089B6D019C466544E1E74E
:104F30006B780CAA02321370584601230EA900F0B8
:104F400049FA91E5E3881A0AD8B20F2A00D9F7E6A0
:104F500066499300CB589F460EA800F09FFA58462A
:104F6000A179FFF795FB02222B7813432B707BE589
:104F7000E388012B00D0E3E608222B7858469343C0
:104F80000EA92B7000F010FA6EE5022029780CAB08
:104F90009A1C8B068908DB0F01400B43138058468F
:104FA00002230EA900F016FA5EE5E388012B00D07B
:104FB000C6E608222B7813432B7018E7237A0F2BB1
:104FC00000D9BDE6EB181D79444B1B789D4228D2D1
:104FD000444B6D011B685D19002D00D1B0E6686976
:104FE00000F056FA012158466B690EAA9847B8E6B8
:104FF000002A00D0A4E6002399466279022013001B
:1050000003928343012B15D0002A00D098E62B0091
:105010004344534430331B790CAA9B07DB0F023205
:10502000BCE75A1CAA4200DA8AE6ED1A2C4B6D0145
:10503000ED18D4E7E388002B12D1029B1878039B6C
:10504000012B23D0FFF7EAFB43460221EB18534420
:1050500030331A790A4301211A711A790A431A71F5
:105060004B46002B00D1FFE4586900F011FA4B4683
:1050700001215B690EAA58469847002000F008FA03
:105080003523EB5CDB0700D5EEE4B0E6FFF7E4FB8D
:1050900043460221EB18534430331A798A431A717C
:1050A0001A7903998A431A71DAE7FFF737FC9EE60B
:1050B00000215846FFF7F6FA5846FFF799FBAB7800
:1050C000074903930491054B064998461A780591C0
:1050D000002329001D008A461BE0C04690240220C0
:1050E0002CA100108013002044150020D0A0001037
:1050F000059B6A011B689B18002B4DD0DB68584646
:10510000984743461A780135EDB2511C2B008D4269
:105110002EDC9542ECD39B1A049A5B0194466344BF
:10512000ECE70CAB9A1C584601230EA9157000F051
:1051300051F999E40B9A012A4FD0002A3CD0002360
:10514000B07804E00133DBB20F71934234D2C1185E
:10515000C9B241440D79FF2DF4D04E46454657461D
:1051600000236B70ECE54E465746FFF7D5FB3EE655
:105170005546542200212800FCF7C8FF1022FF21C9
:10518000281DFCF7C3FF28002022FF211430FCF764
:10519000BDFF039BAB7057E65546FAE7FEF7AAFE44
:1051A000021E00D1CCE5D37891781B020B43584600
:1051B0000EA900F00FF9D4E565463B002A00310046
:1051C0000A9800F07FFEAC46049B039A1B78664465
:1051D0000133934200DB6CE6BFE7174B2969994224
:1051E000ADD1079AABE7FFF793FB021E00D1A7E50D
:1051F000584613780EA900F0EDF8B2E52189FFF7C3
:10520000C3F8021EF4D19BE5022A0FD0FFF782FB00
:10521000021EC8D194E5FFF7AFF8021E00D18FE55A
:10522000122358460EA900F0D5F89AE5FFF7A8F822
:10523000021EB8D184E5C0468D580010F8B5574617
:105240004E46DE4645460C00E0B516001F00002A1B
:105250003CD0702398461E4B00259B461D4B9A461A
:105260001AE05B461B78200099465346997800F077
:10527000EBFD00281CD021004846FFF72FFA00283C
:1052800016D0A378DA09012A19D00A9A01351370C9
:105290002378E418B54219DA6378052B08D1E3784E
:1052A0009B079B0FBB4203D14246A3781A42D8D03A
:1052B0000020F0BCBB46B246A946A046F8BD0B9AFA
:1052C000013513702378E418B542E5DB0120F0E7DF
:1052D000A410002030150020702270B58B780C00CF
:1052E0001A4201D0002070BD064B20001D78064BED
:1052F000997800F0A9FD0028F4D021002800FFF7DC
:10530000EDF9F0E7A4100020301500200B007F20FD
:1053100010B51840DB0934334000044AC018044B70
:105320001168C01800F04CFD10BDC0468415002067
:10533000301500200B007F2010B51840DB093433F6
:105340004000044AC018044B1168C01800F060FD0A
:1053500010BDC046841500203015002070B57F2494
:105360000F480C4064000419CD09641930342079C9
:10537000C00701D5002070BD0126257909483543B5
:1053800000782571FFF738FA0028F4D1012223793B
:10539000934323712379033293432371EAE7C04691
:1053A00030150020A410002070B5094C060008221A
:1053B00020000D00FCF7B0FE00238021E360A36015
:1053C0002B783000994300220023FFF7C7FF70BD00
:1053D00010150020F8B5CE4647469046254E80B5BC
:1053E0008146082230000D001F00FCF795FE434661
:1053F000B3600023F381EC79AB7924021C43231CB6
:10540000BC4200D93B1C9FB2B381002C0DD0002FB1
:1054100017D04246002A2BD0402F1BD89FB233789A
:105420007F2B1CD80021144A0FE080212B7800220A
:10543000994348460023FFF791FFC0BCB946B046E8
:10544000F8BD7F230022317899433B004846FFF79F
:1054500085FFF2E740239FB233787F2BE2D9064CD9
:105460003A0041462000FCF757FE80212200ECE77D
:105470000020E2E710150020D014002010B51422FF
:1054800000210248FCF742FE10BDC0461015002066
:10549000014B18617047C0461015002010B5054C2F
:1054A000010008222000FCF737FE0023A360E36020
:1054B00010BDC0461015002070B5384C1D00237873
:1054C0000600DA09C9098A4210D00020002D00D058
:1054D00070BD21003000FFF7F3F82369002B03D0E3
:1054E00022000321300098470120F1E77F2B06D8E6
:1054F000A068002834D02A002949FCF70DFEE28973
:10550000A1685219E38892B24919E281A1609342DD
:1055100014D03F2D12D9A389981A051C80B24028B7
:105520002AD82078ADB27F2828D800219A4232D0DC
:105530001B4A2B003000FFF711FFC9E72369002B3E
:1055400005D0220002213000984700280AD080218F
:1055500023780022994330000023FFF7FFFEB7E7CE
:105560000020B5E700213000FFF758F93000802116
:10557000FFF754F90120ABE74025D2E79A4207D064
:10558000074C2A002000FCF7C7FD80212200D0E74D
:1055900080210022CDE70022CBE7C0461015002075
:1055A000D014002070B50400FFF7BEF9002800D128
:1055B00070BDFFF7C1F90028FAD1C8236343124D2B
:1055C000EE18F1780029F3D010335D19280000F0AF
:1055D000F3FD3F28ECD90020F178FFF797FE002873
:1055E000E6D0280000F0E8FDF1783F2807D9074B06
:1055F000E201D21800204023FFF7B0FED8E70020D8
:10560000FFF798FED4E7C04608140020841300205A
:1056100010B50400FFF788F9002801D1002010BD63
:10562000FFF78AF90028F9D1C8226243024B013002
:105630009B181B791840F2E708140020C82310B506
:1056400043430248181800F099FD10BD18140020BB
:10565000F8B5C824802344431C4F103405003C197E
:105660005B029A4200D31A4A200092B200F008FE70
:105670000600FFF759F9002801D13000F8BDFFF707
:105680005BF90028F9D1C8236B43FF18FB78002B86
:10569000F3D0200000F090FD3F28EED90020F978EB
:1056A000FFF734FE0028E8D0200000F085FDF978EF
:1056B0003F2807D9074BEA01D21800204023FFF703
:1056C0004DFEDAE70020FFF735FED6E7081400208C
:1056D000FFFF000084130020F8B50400FFF724F951
:1056E000002801D10020F8BDFFF726F90028F9D1E4
:1056F000C82565432E00134F2436F619300000F0FC
:105700003DFD0028EED07F190020B978FFF7FEFD9F
:105710000028E7D00C4DE401651929004022300033
:1057200000F0AEFDB978041E08D003002A00002066
:10573000FFF714FE0028D5D02000D4E70020FFF7A3
:10574000F9FDCFE708140020C413002070B5C82469
:1057500044430C4B0500E41880235B029A4200D3BB
:10576000094A200092B200F051FE0600200000F02D
:1057700005FD3F2801D8300070BD2800FFF7ACFFC1
:10578000F9E7C0462C140020FFFF0000C82310B525
:1057900043430248181800F00FFD10BD2C140020E0
:1057A000F0B50025184C83B0C82200212000FCF77A
:1057B000ADFC164B21001D70FF236371E1235B02DA
:1057C000A360200008234022A37338310095073BD3
:1057D000103000F09DFC270001232100200026004E
:1057E000402278310093B837243000F091FCC03665
:1057F0003800FBF715F93000FBF712F9E561276275
:105800002663656303B0F0BD081400200414002073
:105810000A4A116B136A00290CD0002B07D0002311
:10582000D3615363136300231362012070475363F2
:105830001363FAE7002BF8D0D161F4E708140020D5
:1058400070B50F4C052200212000FCF75FFC0D4DC8
:105850002B78DA0707D50C4C9B070CD501212000CB
:1058600000F0A8FE70BD2000103000F083FE2B7801
:10587000054C9B07F2D4200000F07CFEEEE7C0460A
:1058800008140020041400202C140020F0B54B79DB
:10589000060083B0022B02D18B79022B03D00025A6
:1058A000280003B0F0BD204FBB78002BF7D18B78D8
:1058B00009253B700C780C196378242B07D00CE079
:1058C0002378E4185D196378ADB2242B05D1954295
:1058D000F6D90020FFF766FEE2E71A00052B15D087
:1058E000042AF6D163790A2BF3D1104B2778019360
:1058F0000133009330000223E119023AFFF79EFCC6
:105900000028CCD00E35ED19ADB2E2E72100300011
:10591000FFF7E2FC0028C2D0A3787B7023785D19E2
:10592000E4186278ADB2DBE7081400200A14002006
:10593000F8B5602314001278050013400020202BD6
:1059400007D1304A6379277916781B023B439E4280
:1059500000D0F8BD6378222B1AD007D8202B34D082
:10596000212BF6D101293ED00120F2E7232BF0D1E3
:10597000012940D00329F7D1234B002BF4D0E17843
:10598000A37809020020194300E000BF0120E0E7EE
:10599000012930D00329E7D101252E00A378E4782E
:1059A000023924021C431471264024321000714035
:1059B00000F000FE154B002BD6D06208002031000D
:1059C0002A4000E000BF0120C3E701290BD00329D2
:1059D000CAD10F4B002BC7D0083200201100FEF7B0
:1059E000ADFA0120B5E7072321002800094AFFF797
:1059F000F1FC0120ADE721002800FFF7D5FC0120D4
:105A0000A7E7C046081400200000000000000000C6
:105A10003D3F001010140020F0B54F464646D646D4
:105A2000C0B5364D8046EA780C001F008A423CD053
:105A3000AB788B4210D00020E0BCBA46B146A846F5
:105A4000F0BD2F4B002B04D02E4800F0ADFB0028FA
:105A500051D00020FFF7A6FDAB78A34201D0012072
:105A6000EAE7294B002B02D0002000E000BF002015
:105A7000FFF732FE0028F2D1244C200000F07EFB1C
:105A80000028ECD1002FEAD0BF06E8D1243C4046E4
:105A9000A178FFF73BFC0028E1D00023002240461C
:105AA000A178FFF75BFC0120C6E79AB210239A4663
:105AB000174EAA443100504600F0A8FC154B002BAD
:105AC000BFD06B79FF2BBCD0002FBAD0F219914612
:105AD00003E001364E45B4D06B7932789A42F8D162
:105AE000504600F061FB0028F3D15346103B597932
:105AF00000E000BFEDE700E000BFAAE708140020C7
:105B00000000000018140020000000002C140020E9
:105B100084130020000000009322F0B5134C85B0E0
:105B2000002120009200FCF7F1FA230020008026DB
:105B300040270F4D4D337600FF33293002950093F7
:105B400000220023002103970196FF3000F0D4F9D2
:105B50004035201D2834002301220021039702959F
:105B60000196009400F0C8F905B0F0BDCC160020F5
:105B70004C16002010B5054C200000F0F3F9200071
:105B80002538FF3800F0EEF9012010BDF417002091
:105B900070B5084C002520003130FF30257000F032
:105BA000E9FC20000C3000F0E5FC2A23FF33E5542B
:105BB000657170BDCC160020F8B557464546DE46E7
:105BC0004E46E0B54B7980460F00FF2B5BD1404B32
:105BD00099462A234946FF33CB5C002B53D14E799B
:105BE000002E50D1BB783C780B703B793C19002BD0
:105BF00046D098235B004B449A460C234B449B466B
:105C0000A51803E0AC423BD22378E4186378052B57
:105C1000F8D1AC4234D221004046FFF75DFB0028AA
:105C200031D0A3780136F6B2DB09012B32D05046D1
:105C300000F0A0FC2A234946A278FF33CA546379B6
:105C400022791B021343234A5B0594465B0D942182
:105C500063445A4253414A4602204900525C5B0069
:105C6000824313434A46535451464046083900F094
:105C7000E3F9002807D02378E4183B79B342C5D86C
:105C8000E01B80B200E00020F0BCBB46B246A94653
:105C9000A046F8BD584600F06DFC5A46A3780C3A71
:105CA0005371637921791B020B430A495B058C46CA
:105CB0005B0D634459424B41022011795B008143E3
:105CC0000B43594600200839137100F081F9D2E7DF
:105CD000CC16002000FEFFFFF8B52A2506001F485D
:105CE000FF35455D1F008D4215D043798B4201D0B1
:105CF0000020F8BD1A4B002B04D039040020090CF9
:105D000000E000BF174C3000210000F061F90028CE
:105D10001DD00120EDE79A235B00C35A002B0DD163
:105D2000114B002B04D000201049BAB200E000BF94
:105D300030000F4900F080F90120DAE796235B007C
:105D4000C1583130BAB2FF3000F060FBE8E73A00EA
:105D50002100300000F008F90120CAE7CC1600202D
:105D600000000000D0160020000000004C160020AB
:105D7000F417002000B5030083B0002910D00020E4
:105D8000012B07D80A78002A04D00C48C2540120FD
:105D9000012A01D003B000BD1800FEF7D5FDF9E7D8
:105DA00001236A46002001A99380FEF7CDFD00285B
:105DB000F0D00122014B1A70ECE7C04624150020F8
:105DC000037870B5DB0704000E00DD0F002B17D140
:105DD00003785B0701D5280070BD012130004942DE
:105DE00003F01AFE2378DB07DD0F002B0AD123789E
:105DF0005B0708D40422237801251343237002E0B3
:105E00000025E8E70025300003F0D6FDE3E7C046B3
:105E100070B50C00012106004942200003F0FCFD92
:105E200033785B07DD0F002B04DB200003F0C4FD9B
:105E3000280070BD3378DB0704D404223378934301
:105E40003370F2E70025F0E7437902791B02134330
:105E5000C2785B0592075B0D920F022A1DD0032AC0
:105E60000CD00020012A08D102394A425141124A7D
:105E70009446614499424041C0B2704702394A1E7B
:105E800091410E4A494211408022D200944600209E
:105E9000614499424041C0B2EFE7022905D0002099
:105EA00040229A424041C0B2E7E7054A981843426F
:105EB0005841C0B2E1E7C046FF03000040FCFFFFCD
:105EC00000FEFFFF8A1870B5914207D27F264C78FA
:105ED000052C04D00C7809198A42F8D870BD34001A
:105EE0008D782C4064000419ED0963550C7809196C
:105EF0008A42ECD8F2E7C046F0B5C64600B582B09B
:105F0000150008AA40CA040017886A46928D01202D
:105F100090460A00217802408143200011432170FD
:105F20003A00009331000123083000F0F1F8002E10
:105F300001D0002F08D10A9B012063604346638093
:105F400002B080BCB846F0BD26001C363000FAF71F
:105F500067FD0023002D01D0330000266361A66198
:105F6000E9E7C04601207047F8B502240B78070026
:105F70001C4063425C41144B64421C40134B0800BC
:105F80009C4608300D001600644400F0F7F8002825
:105F900007D1002E05D0344203D101242B781C42B6
:105FA00001D00020F8BD38006978FFF7AFF900286C
:105FB000F7D02B781C42F4D10023002238006978F6
:105FC000FFF7CCF9EEE7C04640FEFFFFFF010000FF
:105FD000F8B50D000835060028000C0000F0CEF8DA
:105FE000002803D0012723781F4201D00020F8BDEC
:105FF00030006178FFF78AF90028F7D0280062881E
:10600000616800F03DF9237805001F4000280BD09F
:10601000002FEBD10300626830006178FFF79EF932
:106020000028E3D02800E2E7002FDFD130006178BC
:10603000FFF780F9DAE7C046F8B5CE46474680B5A7
:106040008A8906000C000B78002A07D101251D4221
:1060500040D00020C0BCB946B046F8BD9B0733D441
:106060002A4B4025994627000837380000F0A4F84D
:106070008542EED80122237890461A42E9D13000B9
:106080006178FFF743F90028E3D0380000F094F876
:10609000424623781A40854231D8002AD9D14A464F
:1060A000638802401D1C934200D9151CADB200222A
:1060B0006178002D00D062682B003000FFF74EF9A8
:1060C0000028C6D02800C5E7FE2380251B0299467C
:1060D000AD00C8E74978FFF719F90028B9D023784F
:1060E0001D42B6D1638800226178002B00D062681F
:1060F0003000FFF733F90028ABD06088AAE7002A08
:10610000A7D130006178FFF715F9A2E7C0FF0000C2
:10611000F0B5C64600B504006846057E8020884676
:1061200017001E000002824226D8E068002803D033
:106130000121494203F070FC2069002803D00121AD
:10614000494203F069FC4346236073045B0CED0392
:106150001D430023E0686381A780E5802381002838
:1061600001D003F029FC2069002801D003F024FCB1
:10617000012080BCB846F0BD0020FAE710B50489C4
:1061800041898288A3B288B28C4207D31B1A9BB282
:10619000101C9A4200D9181C80B210BD5100091A77
:1061A0005B189BB2F4E7C04603894089181A434242
:1061B0005841C0B27047C04610B5048941898288F1
:1061C000A3B288B28C4207D31B1A9BB200209A421A
:1061D00001D9D21A90B210BD5100091A5B189BB2B6
:1061E000F4E7C04670B5040000690E00002803D033
:1061F0000121494203F010FC25896089A288A9B2D7
:1062000083B2854232D3CD1AADB2002D28D0AA4236
:1062100008D291422FD3891A8BB263819A4203D854
:106220009B1A9BB29A42FBD9E28821685204520C15
:1062300053433000C918FBF76FFF63890125591CD0
:1062400089B2A2888B420DD900215200891A89B2E5
:1062500020696181002801D003F0AEFB280070BDE9
:10626000618989B252009142F2DBEFE75500ED1AE5
:106270004D19ADB2C9E789188BB26381CEE7C0462C
:10628000F0B546464F46D646C0B506000069894679
:106290009046002803D00121494203F0BDFB31891B
:1062A0007289B5888BB294B2914254D31F1BBFB28E
:1062B000002F4AD0BD4205D2AB4251D25B199CB2ED
:1062C0002F0074814346B8453DD89FB2A54203D8FC
:1062D000641BA4B2A542FBD9F28831685204520C67
:1062E000904662432B1B9BB2891842469F4225D998
:1062F00053439BB21A0048469A46FBF70DFF4346AC
:1063000048467D1B64195C4331685044A2B2FBF7D8
:1063100003FF7189B588CB199BB26A00994216D9DF
:106320009B1A9BB230697381002801D003F044FBB3
:106330003800E0BCBA46B146A846F0BD48467A43AC
:10634000FBF7EAFEE5E73B1CBFE773899BB26A00F7
:106350009342E7DBE4E76F003F1BDF19BFB2A7E71B
:106360005B1B9CB2ACE7C046F8B50400C0680E00E9
:10637000002803D00121494203F04EFB25892089E2
:106380006189A288ADB283B28FB2884229D3DB1B68
:106390009BB29A4209D8E779FF0906D1E068002844
:1063A00001D003F009FB3800F8BD2B0095421DD346
:1063B0009B1A9BB29342FBD2E28820685204520C93
:1063C00053433100C018FBF7A7FE6B1C9BB2A28899
:1063D0009D4217D9002352009B1A9BB201272381AB
:1063E000DCE75100C91B5B189BB2D2E7E28820684A
:1063F0005204520C53433100C018FBF78DFE013597
:10640000A288ABB252009342E8DBE5E7F0B545461F
:106410004E46DE465746E0B588460500160083B076
:10642000002A6ED0C068002803D00121494203F041
:10643000F3FA2F89EA79BBB29B466B89AF889BB28E
:10644000D2093FD19B4565D27A00D31A5B449BB2F7
:10645000BB4264D2FB1A1A1C9BB2B34200D9321C55
:1064600096B2F31B9BB29A465B46F3189BB29946D1
:10647000EA885C46BB4503D3E41BA4B2BC42FBD212
:1064800052043B1B570C3A00624328689BB28018A9
:10649000B34256D33A0041467243FBF73DFEAB8808
:1064A0005B00CB4501D8994503DB4A46D31A9BB222
:1064B00099464B4637002B81E868002822D003F02C
:1064C0007BFA1FE0BE422CD29B454BD35A46D21AD0
:1064D00092B27900F01B80B2921982468A42C3DBE5
:1064E000DA1992B29146921B92B2934693423ED9E8
:1064F0005B46591A8BB29B46F3189BB29946EA88C1
:10650000B7E70027380003B0F0BCBB46B246A94647
:10651000A046F0BD5A46D31A9BB2BB429AD300277D
:10652000CAE7002FC8D0EA88F61B5104490C714312
:106530009B468844D919002389B289463E009A4671
:1065400097E77B4399B20A00019154444146FBF717
:10655000E3FD22007A430199286892B24144FBF797
:10656000DBFD9CE77900CA1A5A4492B2B2E7914225
:10657000BEDDC4E710B50400C068002803D00121C7
:10658000494203F049FA2069002803D00121494219
:1065900003F042FA0023E06863812381002801D0E0
:1065A00003F00AFA2069002801D003F005FA01205F
:1065B00010BDC04670B50400C0680D00002803D0AF
:1065C0000121494203F028FA2069002803D0012163
:1065D000494203F021FA7F21E379ED011940E06897
:1065E0002943E171002801D003F0E6F92069002871
:1065F00001D003F0E1F9012070BDC046F0B5C646F8
:10660000431E00B50A3314D8072304001A000834C7
:10661000224023426CD01300093BA34209D310301F
:10662000841A01F051FA374A27001568002D28D145
:106630000EE001F049FA334A1368002B06D000251A
:1066400001F04AFA280080BCB846F0BD00270024BB
:1066500007202D4D2B002900284245D100202B4E2C
:10666000706031602A4EB44607266544B543156014
:10667000284AEB1A1360284A6860286013604B6050
:106680000D60002FDBDD244F3E68A642D7D31F48A4
:10669000036804E01A68002A04D01800130059683F
:1066A000A142F7D3AB42CAD01D001A680835904604
:1066B00002600A1B102A05D919194A6042460A606D
:1066C00001602100134A761A10683E60864200D2AB
:1066D0001660802212060A435A6000221A600F4A8E
:1066E000136801331360ABE7EB1D83431900B5E773
:1066F00001F0EAF9034A27001568002DA8D0002C04
:10670000C1DA9CE7E81F00209023002050240220DB
:10671000F8FF010020240220142402202C2402204F
:1067200070B5002804D0083843680400002B00DB53
:1067300070BD0268002AFBD15B005B084360050066
:1067400001F0C2F9184A616813685B181360174BAF
:106750001A001B689C42FBD850681618B4420DD032
:10676000601883421AD02360AA4200D01560104AF4
:1067700013680133136001F0AFF9D9E70918501815
:1067800051608342F3D10B48150000689842EED067
:1067900058681B68411869602B60E5E70548006888
:1067A0008342F5D1DFE7C0461424022050240220A2
:1067B00030240220E81F002000000000000000003C
:1067C0000B4A13681868203080F30988022080F390
:1067D0001488BFF36F8F3FBCAE4608BC04BC62B6E2
:1067E0001847C046C046C046C046C046C046C04620
:1067F000DC1F00200000000000000000000000007E
:10680000EFF30980164B1A6820381060F0C0444638
:106810004D4656465F46F0C00D221207146E556E67
:10682000566F176F3038F0C008B572B601F07AFABB
:1068300062B60CBC116808681030F0C8A046A946C2
:10684000B246BB4680F309880D2212073038F0C8E3
:106850001466556656671767F0C81847C046C046A5
:10686000DC1F002010B5F9F71FFEC046D02300B58D
:106870001B061A6D83B0D20704D501219A6D1A6DDB
:106880001142FBD1D023FF221B061A650023114AB7
:1068900001931168EFF3108C72B60B68002BFCD0DB
:1068A000BFF35F8F00230C48126801680360BFF3D9
:1068B0005F8F13608CF31088084B01AA186800F0F2
:1068C0000BFB019B002B03D08022054B52051A6065
:1068D00003B000BDD81F0020A823022010240220EE
:1068E00004ED00E07047C04610B58024031F640427
:1068F0001C60043B19600349043B1960143B403899
:106900001A6010BD656800108022044B52051A60A1
:10691000BFF34F8FBFF36F8F7047C04604ED00E0A9
:1069200072B6044A136801331360BFF34F8FBFF38D
:106930006F8F7047A4230220034A1368013B136042
:10694000002B00D162B67047A4230220EFF3108021
:1069500072B6704780F310887047C04610B5FFF7D5
:10696000F5FF040001F0CCF9002803D08022034B8E
:1069700052051A602000FFF7EDFF10BD04ED00E0A6
:10698000002310B5084A094C052023601360FAF76C
:1069900085FDFA218900FAF7E9FF054B01381860F7
:1069A0000723236010BDC04618E000E010E000E0BF
:1069B00014E000E0FF221F4B1204196810B50A43CF
:1069C0001A60FF22196812060A431A601A490E203B
:1069D00001F084FE19490F2001F080FE18490B20B8
:1069E00001F07CFEFFF7CCFF0022164B1A60D0238B
:1069F0001B06154A1C681470FF221A651A6DD2070F
:106A000004D501219A6D1A6D1142FBD10F34FF217B
:106A10002000F9F74FFF20000C49F9F727FE01216C
:106A20002000F9F7EBFDFFF7CBFE01F07BF9F9F75A
:106A30003BFDC04620ED00E0016800105D690010DC
:106A4000E5680010A4230220A51000206D68001046
:106A5000D02310B51B061868074B1B78834200D063
:106A600010BDEFF30583002B02D05B00C018F7E7E1
:106A700001F0C6FBF4E7C046A510002010B50300E6
:106A80000268154882B00478D0200006006884426D
:106A900008D0BFF35F8F0023136081F3108820BFFD
:106AA00002B010BDBFF35F8F0020106081F310882B
:106AB0000A4A1B6810680A4A944663449A105C2B81
:106AC00000D9183A012301215B4291400093012231
:106AD000002300F051F9E3E7A51000201024022064
:106AE00000FFFF2F0A002B4930B58C46036883B0A6
:106AF00063449C105C2B00D9183C0121264BA1401B
:106B00001C78D0231B061B689C421FD040BF234D1E
:106B100003682C68A34234D02368002BFCD0BFF359
:106B20005F8F1F4C23680B4323602B68BFF35F8F7D
:106B3000002119600368D020002100064165BFF3E1
:106B40005F8F196082F3108803B030BD40BF0368C7
:106B5000BFF35F8F00241C6082F31088EFF305837E
:106B6000104ADBB21068002B10D001AA019400F08B
:106B7000B3F9019B002BE7D080220B4B52051A6022
:106B8000E2E7074C206808432060D4E700F050F9A2
:106B9000DAE7C04600FFFF2FA5100020D81F002015
:106BA000A82302201024022004ED00E0F0B5CE4618
:106BB000474680B51D00344B14001A78D0231B06BD
:106BC0001B688046894683B09A420FD00368BFF3A2
:106BD0005F8F00221A6081F3108820002900FAF7E5
:106BE000BDFA03B0C0BCB946B046F0BDFAF74EFBE3
:106BF00026002F00361A8F4101212448494280196E
:106C0000794143461E6800291EDC19D0BFF35F8F0F
:106C10000023336089F310881D4B5A6A954205D8CA
:106C20009B6A0120A342DCD29542DAD18022194B23
:106C300052051A60BFF34F8FBFF36F8F0020D0E76C
:106C4000FA239B009842E1D3FA2200239200FAF73C
:106C5000B3FE031EDAD0BFF35F8F0022326089F3E8
:106C600010880D4A0D49106842468C4612686244ED
:106C700096105C2A00D9183E01210093B1400023F0
:106C8000012200F079F8C7E7A510002018FCFFFFEB
:106C90000040054004ED00E01024022000FFFF2F1B
:106CA00010B5F9F76DFC054A054B94466044800029
:106CB000186000F055F8034B186010BD4000003418
:106CC000D81F002010240220F8B5DE4657464E4655
:106CD0004546E0B505000F00060000F0F5FE2B6804
:106CE0002C6919000C3639438C462960A6422DD0F8
:106CF0000023984680235B049A4680239B04994690
:106D000011E05F46002F0BD057463A4202D0424670
:106D10001A4390464B46194301F0DAF92B689C461A
:106D20006146A64210D020000F000268646813027A
:106D30001B0A1F40BB468027FF043A42E1D05B4557
:106D4000E2D06146A642EED143469943296000F065
:106D5000C3FEF0BCBB46B246A946A046F8BDC0463D
:106D600010B51C20FFF74AFC041E03D0002308C006
:106D700000F0BEF8200010BDF0B5C6460D000600BC
:106D800000B51F00904600F09FFE2B0034682340A2
:106D9000002F0DD1002B28D04346002B28D02300F4
:106DA000AB43336000F098FE200080BCB846F0BDD5
:106DB0009D42F1D0069B002B1AD0434680215A1EDB
:106DC0009341C9041B061943069A2943301D01F05B
:106DD00037F800F081FE002824D001F049FA0400C1
:106DE00083010DD52402240ADEE7069B002B02D185
:106DF00000F072FED8E741464B1E99410906E3E7D1
:106E0000FFF78EFD346823002B40002F0DD1002B9F
:106E100005D04346002B02D02300AB433360FFF77D
:106E20008BFDDFE7FFF770FDD7E79D42F7D1F0E775
:106E3000F0B5DE4657464E464546E0B5050083B000
:106E40000C000600019000F03FFE2B0019682D6930
:106E50000C430C36370021001C60AE422FD00023BB
:106E600099468023DB04984680235B049B4680235D
:106E70009B049A4611E06646002E0BD059460A4202
:106E800002D04A461A4391465146214301F020F967
:106E9000019B19680C00AF420FD028002600026841
:106EA0006D6813021B0A1E40B44646463242E2D0C9
:106EB0006345E3D00C00AF42EFD14B469C43019BAE
:106EC0001C6000F009FE200003B0F0BCBB46B246D7
:106ED000A946A046F0BDC04610B5044C13000A00F8
:106EE0000100200001F0E4FB10BDC046C96C001099
:106EF0000300083301224360C36003610023524250
:106F0000826003607047C046002303617047C0463B
:106F1000030030B50D6808336A1C0DD01C005B6897
:106F20001A68AA42FAD94B60996003688C600133F1
:106F300061600861036030BD04696368F3E7C046BF
:106F40000369416882688A6051605968814205D04E
:106F50000022026118680138186070475A60F7E72C
:106F6000F0B5DE464E4657464546E0B585B00600CC
:106F7000FFF7D6FC4523F45C64B2002C21DD213BF5
:106F8000994621339A46B14409E0AA6BEB6B03960C
:106F90009A4245D3013CE3B264B2002B11D0B56CE8
:106FA000002DF2D1736A002B0BD0484601F024F873
:106FB0000028EFD001F01EF9013CE3B264B2002BCF
:106FC000EDD14523FF22F254FFF7B6FCFFF7A8FCF2
:106FD00044233500F45C103564B2002C05DC13E06A
:106FE000013CE2B264B2002A0ED03369002B0BD010
:106FF000280001F001F80028F2D0013C01F0FAF875
:10700000E2B264B2002AF0D14423FF22F254FFF727
:1070100093FC05B0F0BCBB46B246A946A046F0BD05
:107020005346EF5CAB6B2A6C013398467FB2002A63
:1070300013D12B689B46002B2AD04346AB637B1CA5
:107040001CD16B6A002BA5D02800243000F0D4FF9F
:1070500000289FD001F0CEF8AEE7686803A9FBF7DF
:107060005BF86B682A6C9B18AA686B609342E4D348
:107070002B686B604346AB637B1CE2D000F03AFEAA
:10708000B84200D886E7534601377FB2EF5481E714
:10709000A86801F0BBF85B46AB6043460190AB6368
:1070A0007B1C09D16B6A002B0FD1019B002B00D1F7
:1070B00070E701F09FF87FE700F01CFEB842F4D9BA
:1070C000534601377FB2EF54EFE72800243000F039
:1070D00093FF002800D06DE7E7E7C046F0B5C6464D
:1070E00000B5846C82B0A26BE36B002501909A42DC
:1070F00004D3280002B080BCB846F0BD4523226C02
:10710000E65CA76B76B2002A1CD0606801A9FBF789
:1071100003F86368226C9B18A2686360934201D3F2
:107120002368636000250137A763731C15D1636A68
:10713000002BDED02000243000F05EFF0028D8D0E5
:107140000125D6E723689846002BEBD1A06801F013
:107150005DF843460500A360E5E700F0CBFD8642FD
:10716000C7D24523013676B2E654C2E7F8B505002A
:107170000E001700002841D0030C0A0C002B42D14E
:10718000002A30D1300068430300553336D85430DC
:10719000FFF734FA041E31D00300002E31D12360F2
:1071A000E5632664FFF7BCFB216CE36B22684B436D
:1071B000D0185B1A6260D218E260FF2300254422D7
:1071C000A0602000A563A3540132A3541030FFF740
:1071D0008FFE20002430FFF78BFEFFF7ADFB50231E
:1071E000E754A5640BE0131CA9B2B2B24A4380B2C3
:1071F0009BB24343120C9B181B0CC3D000242000ED
:10720000F8BD5433CBE7002AF8D1081CECE7C046A0
:10721000F8B55746DE464E4645460400E0B5924670
:107220001D000F00FFF792FBA26BE36B06009A4272
:107230003BD300239846022D09D03000FFF78AFB8C
:107240004046F0BCBB46B246A946A046F8BD453311
:10725000E35C226C5BB29846A36B9B46A36B99469A
:10726000002A2DD03900E068FAF756FF226CE36857
:1072700051429B1A2268E360934202D2A3685B18D2
:10728000E3604B46022D51D00133A36343460133E3
:107290003DD000F02FFD804504D243464522013306
:1072A0005BB2A35401239846C7E74523E35C226CF5
:1072B0005BB29846A36B9B46A36B9946002A11D1FB
:1072C0002768002F46D04B460133A3634346013362
:1072D000DFD1A36C002B33D0022D1BD15B46002BDA
:1072E00018D0DFE7002DBDD139006068FAF714FF30
:1072F00049466368226C01319B18A268636093421F
:1073000001D3236863604346A1630133C1D1A36CF9
:10731000002B15D02000FFF7E1FE0028C2D0534615
:10732000002BBFD0012352461360BBE7002B00D1D6
:107330000123A36343460133ABD1A36C002BCDD112
:10734000636A002BAED02000243000F055FE0028E8
:10735000E5D1A7E7A06800F059FFA760B3E7C046F2
:10736000F0B54746CE46040080B585B08846019208
:10737000FFF7D6FAA76B002F5ED1019B002B3BD005
:1073800002A800F0F1FE0023442699464525FFF7A8
:10739000D3FA00F099FBFFF7C3FAA35D5BB20133A8
:1073A00001D14B46A355635D5BB2013301D14B461E
:1073B0006355FFF7C1FA01A902A800F0E1FE002819
:1073C00022D1FFF7ADFAA36B002B2AD1FFF7B4FA55
:1073D00020000199243000F0E3FC2000FFF7C0FDFD
:1073E00000F07AFB002824D0FFF79AFAA76B002F51
:1073F00022D1019B002BCAD1FFF79EFA002005B0D5
:10740000C0BCB946B046F0BD2000FFF7A9FD00F0B2
:1074100063FBFFF785FAA36B002BEDD0FFF78CFA27
:10742000E2E7FFF789FA2000FFF79AFD00F054FB2E
:10743000DAE7FFF769FAD7E7226C002A08D0E1689B
:10744000A3688918E16099420BD24046FAF764FEBE
:107450007B1EA3632369002B06D1FFF76DFA012081
:10746000CDE72168E160F0E72000103000F0C4FDB6
:107470000028F2D0FFF748FAEFE7C04610B5002920
:1074800033D0424B5A68904200D173E01A68002A08
:107490002CD0DA68904200D176E09A68002A3ED07B
:1074A0005A69904200D16DE01A69002A3DD0DA692C
:1074B000904261D09A69002A3DD05A6A904242D0E7
:1074C0001A6A002A43D0DA6A904257D09A6A002A90
:1074D00043D05A6B904253D01A6B002A43D0DA6BD8
:1074E000904245D09A6B002A2AD010BDDA689042AB
:1074F0004AD05A69904245D01A00DC69A0423BD07C
:107500005C6AA0421FD0DC6AA04237D05C6BA0420C
:1075100036D0DC6BA0422BD011605060E5E75A6991
:1075200090422FD01A000832E7E7DA69904223D060
:107530001A001032E4E75A6A904204D0144AE2E793
:1075400038331A00E8E70422D2009A18E4E7DA6A2E
:10755000904213D01A002032D8E75A6B90420FD0D5
:107560001A002832D5E71A00DC6B3032A042D3D1A2
:107570000722E9E70022E7E70322E5E70522E3E740
:107580000622E1E70222DFE70122DDE740130020C7
:107590005813002070B5040016000D00FFF7C0F965
:1075A0004422A35C5BB2013301D10023A3544522E2
:1075B000A35C5BB2013301D10023A354FFF7BCF9F4
:1075C000A36B002B03D02000FFF7CAFC70BD200086
:1075D00032002900243000F095FCF4E7F0B5C646EF
:1075E00000B50400FFF79CF9384A394F136801339E
:1075F00013603B68002B35D0364BE26A98461B6817
:10760000002B29D0344E35490B6801330B6063647D
:10761000334B1968914200D21A6093009B189B006B
:10762000F1184A68A260906884466546E060201DB3
:1076300068609060F25861610132F250FFF77CF9A6
:1076400043461B68002B04D03B68DA6AE36A9A421F
:1076500011D380BCB846F0BD3B68DB6A9342D1D8F9
:107660003C60CFE73C601368012B07D0194BE26AFE
:107670009846194EC7E7FFF747F9EAE7A023164EE9
:107680009B0098463500B04428001435FFF730FCC5
:107690004545F9D1134B98461800FFF729FC124DC8
:1076A0002800FFF725FC1148FFF722FC1048FFF7E0
:1076B0001FFC1048FFF71CFC42460F4B1A600F4B93
:1076C000E26A1D60034B98469DE7C046AC2302204A
:1076D000DC1F00204C240220F41F0020B8230220CD
:1076E000BC230220E8230220FC23022038240220AD
:1076F0006C24022058240220E41F0020EC1F0020EC
:10770000F8B5CE464746960080B5804630000D005D
:107710009946FEF773FF071E00D187E07020FEF741
:107720006DFF041E00D17EE070220021FAF7EEFC0E
:107730003200A52138002763FAF7E8FC236B043EEA
:107740009E1907239E43002D4BD034222B78A3543F
:10775000002B43D06B780132A354002B3ED0AB7882
:107760000132A354002B39D0EB780132A354002B03
:1077700034D02B790132A354002B2FD06B790132F6
:10778000A354002B2AD0AB790132A354002B25D06F
:10779000EB790132A354002B20D02B7A0132A35471
:1077A000002B1BD06B7A0132A354002B16D0AB7A7E
:1077B0000132A354002B11D0EB7A0132A354002BD9
:1077C0000CD02B7B0132A354002B07D06B7B0132F2
:1077D000A354002B02D04223AA7BE254432300226D
:1077E000E254089D1F2D1CD8201DE562E564FFF7BB
:1077F0008BFB20001830FFF787FB20235B1BA36166
:107800004A464146300024616462FFF76DF8099BE7
:107810002060002B00D01C602000C0BCB946B046E0
:10782000F8BD1F25E0E73800FEF77AFF0024F3E7F4
:10783000F0B5C646124B00B59846124D124F134E86
:1078400014E0FFF76DF8FB68DC68201DFFF778FB9C
:107850003368013B33602B68013B2B60FFF76CF80A
:10786000206BFEF75DFF2000FEF75AFF2B68002B10
:10787000E7D143461B68012BF8D9FFF745F8F5E738
:10788000F41F0020B02302206C240220AC2302202D
:10789000F0B5DE4657464E4645465C4BE0B51868A7
:1078A00083B001301860002866D059490B689842AF
:1078B00077D3584B98461B681B68002B00D1A0E07B
:1078C00000239C46544B554D9B4600239946544BF0
:1078D00001919A464346804618003AE0494659616C
:1078E0001168013911609A6A002A0FD0DE69196A9D
:1078F000B160DE694E601900566818318E4200D1C1
:1079000074E0494699621168013911605246D96A9A
:107910001268914201D9524611608A0052189200B1
:10792000AE18716899608F68DF607C608C60A958C0
:107930005E610131A9505A461168DA6ACB6A9342F6
:107940009B4162465B421A43036894461B68002BC6
:1079500052D00368DB68DB685A68904549D39C685D
:10796000D9685A69A1609C684C6051681C1DA1428D
:10797000B4D1D9685160B1E7264B2A4A1968146816
:107980001C60116028490A6801320A601A6812688E
:10799000002A25D101231E495B420B600B689842E7
:1079A00087D200239C461C4B1C4D9B465B46012006
:1079B0001B681E4AD96A12688B005B189B00EB5843
:1079C0009842804113005A1E934140421843634637
:1079D000184303B0F0BCBB46B246A946A046F0BD72
:1079E0001B680B49DB681B680B605FE7196A516015
:1079F00087E701990A60D9E7019901235B420B608F
:107A0000D4E79C46044B054D9B46F6E780240220B4
:107A100024240220E41F0020DC1F0020F41F00208B
:107A2000BC230220EC1F0020282402208C240220EA
:107A300010B582B0059C0194049C0094FFF760FE91
:107A4000002804D0FFF7CAFD012002B010BD0120BC
:107A50004042FAE710B586B01022002102A8FAF7DA
:107A600055FB00248022114B11480293114B0094C6
:107A700001939200002302A9FFF742FE002805D0DF
:107A8000FFF7ACFD00F0CEFD012803D00A4B1B68C8
:107A900006B010BD72B60122084B52421A60084B64
:107AA0001860084B1C60FEF785FFEFE749444C4522
:107AB00031780010182402206CA100102424022028
:107AC0004C24022080240220024A136801331360F0
:107AD0007047C046B4230220F0B5DE4645465746FF
:107AE0004E46E0B583B0FEF71BFF544D2B68013BBB
:107AF0002B602B68002B00D083E0514B1B68002BC0
:107B00007FD0504F3B68002B00D194E04E4B4F4C40
:107B10009C464F4B019599464E4B9A4600239846FA
:107B200001339B46FB68DB68D869196A9A6A8160F1
:107B3000D8694860190050681831884200D173E054
:107B4000414699621168013911609868D9685A698B
:107B50008160986848605068191D884261D010683B
:107B6000013810606046DA6A0068824201D96046D6
:107B70000260900082189500601942689A609668C9
:107B8000DE607160916062595861013262514A460B
:107B90001168DA6ACB6A9A423ED953465A461A604D
:107BA0003B68002BBED12C4B019D1A681268002A3D
:107BB0003DD01B68DB681A68284B1A60284E346871
:107BC000002C14D0012708E0FFF762FE002801D046
:107BD00053461F60013C002C08D02B68002BF3D0CB
:107BE0003368013C01333360002CF6D134605346D6
:107BF0001B68002B05D0164B01241B68FEF784FE82
:107C000000E00024FEF798FE200003B0F0BCBB4665
:107C1000B246A946A046F0BD3B68002B00D081E7E4
:107C2000C1E7D86850609AE7196A516088E70B4B42
:107C3000013A1A60C2E7074B9A46BFE7B423022015
:107C4000AC23022038240220BC230220F41F002091
:107C5000DC1F00208C240220E41F002024240220AA
:107C600034240220F0B5C646040000B5002821D017
:107C7000174A136801331360164B00211E68164B18
:107C8000164D1F68164BA4191B682A6898466D2369
:107C90002868D1540430FFF753F92B6829685C60D9
:107CA0000431A6420BD94046FFF732F9FFF714FF23
:107CB000002801D1FEF728FE80BCB846F0BD380090
:107CC000FFF726F9074B1A689442EFD21C60EDE7E4
:107CD000B423022080240220E41F0020DC1F0020A7
:107CE000EC1F002024240220014B18687047C04676
:107CF00080240220014B18687047C046AC23022044
:107D0000064B10B51B68002B02D1FFF7C1FD10BD5B
:107D1000034A0020136801331360F8E7B4230220FC
:107D200034240220194B30B51B68002B03D00122EC
:107D3000174B1A6030BD164A164C1360226816485D
:107D400091008B189B00C558002D07D1143BC31818
:107D50001968143B013A0029FAD09100891889006A
:107D600045186B6808315B6840186B60834205D02A
:107D7000D9680A4B196022601B68DBE7EB68D96899
:107D80006B60064B196022601B68D3E7B4230220A6
:107D90008C240220BC230220F41F0020DC1F0020C2
:107DA000F0B5C646204D0C00296800B51831FFF724
:107DB000AFF81E4B00211E681D4B1F681D4B1B6832
:107DC0002A6898466D232868D1540430FFF7B8F824
:107DD000631C15D02B682968A4195C600431A64285
:107DE00005D94046FFF794F880BCB846F0BD38008E
:107DF000FFF78EF8104B1A689442F5D21C60F3E737
:107E00000E4B29685A688A6090682968C86029689A
:107E1000043141602968043191602A6853611A680D
:107E200001321A60E0E7C046DC1F002080240220F7
:107E3000E41F0020EC1F00202424022058240220EC
:107E40008023F0B5C646294C15001B0622680B435B
:107E500000B5936122684368D36199682268116212
:107E6000226818324A602268002118329A6023681A
:107E700098620368013303601D4B1E681D4B1F6829
:107E80001D4B1B68226898466D232068D15404302E
:107E9000FFF756F86B1C15D023682168AD195D609B
:107EA0000431AE4205D94046FFF732F880BCB846EF
:107EB000F0BD3800FFF72CF8104B1A689542F5D248
:107EC0001D60F3E70E4B21685A688A60906821684C
:107ED000C8602168043141602168043191602268E2
:107EE00053611A6801321A60E0E7C046DC1F0020C7
:107EF00080240220E41F0020EC1F00202424022004
:107F000058240220F0B5C646354C43680D00216860
:107F100000B5CB619E6821680E62216818317160DE
:107F200021681831996023689862036801330360FF
:107F30002C4B002A21D01B682B4B00211B682B4B9C
:107F40001B686D2322682068D1540430FEF7F8FFC7
:107F5000274B21685A688A6090682168C860216848
:107F600004314160216804319160226853611A68CC
:107F700001321A6080BCB846F0BD1E681A4B1F68FB
:107F80001A4B1B68216898466D232068CA54043038
:107F9000FEF7D6FF6B1C15D02368AD195D60AE42AD
:107FA0000AD8216838000431FEF7B2FF114B1A6875
:107FB0009542DFD21D60DDE7216840460431FEF7BF
:107FC000A7FFD7E72268731E53609E42F4D821684A
:107FD00038000431FEF79CFF064B1B68CAE7C04619
:107FE000DC1F002080240220E41F0020EC1F002062
:107FF0005824022024240220C36870B5DB68D869A5
:10800000196A9A6A8160D869486018005168183006
:10801000814243D000219962116801391160264ADA
:108020001268002A2CD19868D9685A6981609868CA
:108030001C1D48605168A14233D01168013911609C
:108040001E4AD96A1068814226D88A001C485218F4
:1080500092008518696899608E68DE6074608C6033
:1080600081585D6101318150164A00201168DA6A39
:10807000CB6A9A4203D90122134B01301A6070BDBA
:10808000124A5168D9618C681C626060886011680E
:108090009A6201311160E7E71160D6E7196A516011
:1080A000B8E7D9685160116801391160034AD96A8B
:1080B00010688142C9D9EFE7B4230220BC23022013
:1080C000F41F0020DC1F00208C2402203824022012
:1080D00080231B0670B5026944680B438168036006
:1080E000C368A1604C605468844230D000210161B3
:1080F0001168986801391160D9685A698160986877
:108100001C1D48605168A14223D0116801391160DB
:10811000114AD96A1068814200D911608A000F485B
:10812000521892008518696899608E68DE607460E4
:108130008C6081585D6101318150094A1168DA6AA9
:10814000CB6A9A4202D90122064B1A6070BD516077
:10815000CCE7D9685160D8E7BC230220F41F002087
:10816000DC1F00208C240220034B1B680360034BA0
:108170001B6843607047C0462824022080240220E8
:10818000F0B5C64600B50E000700FEF7C9FB6D232B
:10819000154C164A21681568ED5C002D09D00021A8
:1081A0001268D1540124FEF7C7FB200080BCB846FA
:1081B000F0BD33685A1C15D00D487A680568A8468A
:1081C0003D68454504D08A4202D800233360E9E780
:1081D0008D1AAB42F9D95B1A9B18336003683B6078
:1081E00023687B600024DEE780240220DC1F00205F
:1081F000282402200122014B1A6070478C2402209F
:10820000014B18687047C046DC1F002070B5041E83
:1082100008D0036DC16AC26C013B0365914201D075
:10822000002B01D0002070BD051D2800FEF788FE40
:108230002023E26C9B1AA3610B4BE26219688A420D
:1082400000D91A60930009499B189B00C81842681E
:10825000A2609668E66075609560CA5860610132F8
:108260000120CA50DFE7C046BC230220F41F0020D3
:10827000044B1A68196890691A682023C96A5B1A46
:1082800093617047DC1F0020F0B55746DE464E462E
:108290004546E0B5CE4B8BB09846CE4B06AF01932A
:1082A000CD4B9B46CD4B9946CD4B4C460293282354
:1082B000D9469A46C3465B461B681D68002D00D010
:1082C000E1E0FFF701FCFFF70FFD019A804613681C
:1082D000834200D9E7E04B461B6810601A6853429E
:1082E0005A4143462068E91AFFF754F9FFF7F4FBB7
:1082F000002800D12BE1102200213800F9F706FFF9
:10830000002239002068FFF72BF80028D3D03B6803
:10831000002B5ADBBD68002DF2D06B69002B02D018
:10832000281DFEF70DFEFFF7DFFC019B06001B6812
:10833000984252D3019B1E603B68092BE0D8029AF9
:108340009B00D3589F465346E85C012352460343A3
:10835000AB547968AA692D618B186B60B34200D960
:1083600086E0711A8A4219D8410700D5F2E001234C
:1083700098435346E85428002B6A9847C0E7534671
:108380000122EB5C13435246AB547B682D619A1972
:10839000AB616A60B24270D8002BB1D04B46291D48
:1083A0001868FEF7B5FDABE753460122EB5C93433B
:1083B0005246AB54A4E75346EB5C9A0700D4C2E0A4
:1083C000012293435246AB549AE77B68F968B86838
:1083D00098473B68002B93DB9CE75B461B681A6859
:1083E000002A3ED00395049005940BE001229343AC
:1083F0005246A354236A200098475B461B681A68BC
:10840000002A2BD0DB68DC681E68231D1800984604
:10841000FEF796FD53460422E35C1A42E6D0A369B8
:108420002461F518F64365609E420AD32E00F64398
:10843000236A20009847A3692461ED186560B34260
:10844000F4D94B4641461868FEF762FD236A2000C6
:1084500098475B461B681A68002AD3D1039D049E87
:10846000059C4A46594612680A604A46136061E70D
:10847000B14202D9994200D876E75B46291D1868B7
:10848000FEF746FD3CE7DB681D68FFF71DFBFFF7C5
:108490002BFC019A80461368984204D310608542F1
:1084A0007AD900221DE75B461B681A68002A3ED075
:1084B0004246049403920BE0012293435246A35494
:1084C000236A200098475B461B681A68002A2BD055
:1084D000DB68DC681E68231D18009846FEF730FD37
:1084E00053460422E35C1A42E6D0A3692461F518DE
:1084F000F64365609E420AD32E00F643236A2000AD
:108500009847A3692461ED186560B342F4D94B46DE
:1085100041461868FEF7FCFC236A200098475B463A
:108520001B681A68002AD3D1039A049C90464A46D5
:10853000594612680A604A4613604246019B1A6017
:10854000FFF7CAFAD7E62800FEF7EAF8D8E6FEF702
:10855000DBF9D0E6A046340007E0E31A9A4214D8CB
:108560002B6A280098473300AA69D6186E602D61DF
:10857000B442F2D29C4201D2B342F1D95B46291DEA
:1085800018684446FEF7C4FCF5E64B46291D1868FA
:108590004446FEF7BDFCEEE6FFF79EFA5B461B681D
:1085A000DB68DE68331D18000393FEF7C9FC5346F1
:1085B000F35C5A0707D4012293435246B354300068
:1085C000336A984797E622002B004446904610E015
:1085D000E01F00201C240220F01F00208424022021
:1085E00070A10010E31A9A4214D8336A30009847F9
:1085F0002B00B26936619D187560A542F2D9A3427D
:1086000001D9AB42F1D95B46039918684446FEF79D
:108610007FFCD4E74B46039918684446FEF778FC84
:10862000CDE7C04670B582B0FEF77AF9174C2368E3
:10863000002B12D0FEF780F923680020002B0AD00F
:10864000134B802201931F231249009312480023E9
:10865000D200FFF7EDF902B070BD104E3000FEF70A
:1086600047FC0F4D2800FEF743FC0E4B00221E6016
:108670000D4B10210A201D60FEF778FD20600028B8
:10868000D8D00A49FEF7FAFED4E7C0468424022077
:1086900088240220B49C001089820010C02302208C
:1086A000D4230220E01F0020F01F0020AC9C00100B
:1086B00030B514001A0002230D0085B05B42009310
:1086C000054B019069461868002302950394FEF754
:1086D0009FFD05B030BDC04684240220F8B50E00D1
:1086E000EFF3108772B60C4B84009B681D59A942AA
:1086F00004D00A4B9D420AD2F8F7E6FF064B9B686E
:108700001E51BFF35F8F87F310882800F8BD044B1C
:108710009D42F3D3F0E7C04600ED00E0C001001039
:10872000D4010010FF23F0B545681B012B60012325
:108730005B42AB600133FF332B63FD3B6B63002374
:108740002B491A000C881232920001335451023125
:10875000202BF6D11F24C221826809022240130671
:1087600019432B00C833596080215201C9040A43C0
:108770005A61204A00261A6169225E612A611E4AF6
:10878000F8271A6106221D491A6182683F03D961E0
:10879000D10339401A4FD9621E621F620D279F62B2
:1087A000184F12065F63596417499E63196417498D
:1087B00019641749196412211964F8235B051A40DA
:1087C000C6235B021A432B001133C168FF335A6082
:1087D000104A21409A604A0151188222D2040A4369
:1087E0005A610D4A1A610D4A1A6107232B60F0BDC8
:1087F000C0A3001080E00000A080000080E6000020
:108800000000A1808086010040E00000E2A000009E
:108810002AA000000000024001E0000081E000000A
:10882000F0B5C6468C46012600B507000068420830
:108830004240530813439C081C43E4430A0033009E
:108840008B40551A013BAB401C420BD18A4211D9D7
:108850003300691C49082A008B40551A013BAB4084
:108860001C42F3D03500531E9D402C4207D11A0004
:108870004908E4E73860604680BCB846F0BD330084
:1088800093400400013B59088C4303406B40610056
:108890005940012398460800C444042AEAD9111F0C
:1088A000C5E7C04610B5436804009A6884B09207D3
:1088B00012D409222021A26300222163A16DE26269
:1088C000002901D0A2659A610D4A0E491A659622C7
:1088D0005200995004B010BD002383624362436389
:1088E000FFF720FF102200216846F9F70FFC8021D6
:1088F00023696A462000090498476368D9E7C0469F
:1089000027A1000002030000C36D020030B5012B57
:1089100045D0136E516E54688B420DD10021D16544
:1089200002312163BFF35F8F546E80208000A34229
:1089300000D130BD546861630121D165D169200047
:108940000131D16103210B40293159430B008033A0
:10895000D3185218D16F07222260803222607B3AEE
:10896000226300221130FF3082601B4A1B4D82605F
:10897000AC22A550002905D08900591804CBE2612A
:108980009942FBD1164B0361144B03611B23036116
:1089900083239B0103610F2323600020C9E78E21FD
:1089A00043684900595818290ED0F021D8680905A4
:1089B0000842F2D1942149005B5826390B40023914
:1089C0008B42A6D00020B4E71131FF315B589B07E2
:1089D0009FD50020ADE7C0460000024021600000A6
:1089E00001E00000F0B5436A876AC66BFB4076047D
:1089F00087B0760CDB030400456B33431021C6635C
:108A000001A80193FFF70CFF0122019B013D5B00D0
:108A10001343ED1BE26D2818616823646064012A2A
:108A20000AD10327256E2B323D406A43A218956E6A
:108A3000AC46A56CAC450FD00123A36501334B6355
:108A4000294A2B33FF33CA500523A3630023E36273
:108A50001033236307B0F0BD956FAE4203D1D66EDD
:108A6000E56CAE422BD0236A013323628B689B07EF
:108A700011D409232022A36300232263A26DE362A1
:108A8000002A01D0A3658B61184B174A0B6596230A
:108A90005B00CA50DEE700232000A36263626363C9
:108AA000FFF740FE1022002102A8F9F72FFB8021DA
:108AB00020000904236902AA98476168D9E7166F64
:108AC000256DAE42CFD1556F626D9542CBD102225A
:108AD000A2650B3A1B05121A5205DB0A1343FF224B
:108AE0001343E7658B61AFE70203000027A1000095
:108AF000F0B54546DE4657464E469A230400E0B59B
:108B000045685B00EB5887B002221A4248D06B6A76
:108B1000626A9B059B0D92021A430A23A362636B50
:108B2000510851400A3363634B080B4398081843BC
:108B3000C34301930A239846216B6262C446884569
:108B40002CD8664601236746B3404646F71B7E1C79
:108B5000B146013B48461E0086403000019E064259
:108B60004CD1E06A804616006046FE40091A334048
:108B70008B40404603432163A762E362002935D05E
:108B8000002F69D19A235B00EB58002BBCD107B0B2
:108B9000F0BCBB46B246A946A046F0BD8C46D0E725
:108BA0001A0500D52BE25A0558D48022190052002C
:108BB0001140134200D039E29B05E8D59622636844
:108BC00052009D58E148854203D1A06D012800D193
:108BD000DAE32000FFF798FEDD4B62681D400223B8
:108BE00005431D432B33FF33D550D0E7A06B092835
:108BF00000D937E2D74E8000305887460123994686
:108C000001235B42434440469A464B4683400198C9
:108C1000184200D06DE250461300C3404846013967
:108C200003408B40E76A21633B439846E362634617
:108C30005B089C464B466046664683405046871B11
:108C4000781C8346013B5E461800B040019E0642F8
:108C500000D188E7D046D3E7B8466FE7A36D002B75
:108C600000D027E22000FFF74FFE0223626818437E
:108C70002B33FF33D0508AE71F2B00D1ECE21B2BA4
:108C800000D81CE3A36D62681100002B1AD05B07AB
:108C900010D5B14B1365A36D062B00D1AFE32200B5
:108CA00080216369483201336361200023694903ED
:108CB0009847626800231100A365A84893612D338B
:108CC000FF33D05093689B0700D5FEE10923202293
:108CD000A36300232263A26DE362002A01D0A3658F
:108CE0008B619F4B994A0B6596235B00CA50A36A20
:108CF000626A9846216B5008504043080343980825
:108D00001843C34301934346002B00D016E739E7CD
:108D10000121E26B52000A43934200D0AFE1A36D00
:108D2000022B05D162688F492B33FF33D150A76ADC
:108D30000123BB40626A591E0A405B001A430623A6
:108D4000A3630023E3620233B84602216262236315
:108D5000D1E7E26CE06B072A00D946E2171F062A2A
:108D600000D10BE3032F00D10BE3012F00D03DE234
:108D70007D4A1906C7095F40FF233B405B00D35A79
:108D80000002434009BAE36361652000FFF72AFE51
:108D9000A36A626A9846216BADE7E26C9046E26B8B
:108DA00094464246032A00D9D6E1022A00D1DFE2E6
:108DB000032A00D1DFE2012A00D0CEE16146C809D2
:108DC000FF215840684A01404900525A61461B063B
:108DD00009024A401BBAE2632365D6E7A06C624AE7
:108DE000010B8C46FF2166460E407600965B8B4653
:108DF000B0460609B4464646F609B14666464946B7
:108E00004E4059460E407100515A8A4641465646D8
:108E100009024E4001058C46F021B246664609041F
:108E20000E401E43310C88465146B4464646C90999
:108E30004E4059460E407100515A894651464E46A1
:108E400009024E406146090A8846B146F109464684
:108E50004E4059460E407100515A88464946464692
:108E600009024E40F109B04666464E4031005E466A
:108E70000E407100515A424612024A403B49E26399
:108E8000C20211404203F820800202400A43D9097D
:108E90000A43302108001840194200D0F2E0606512
:108EA00020650F201840E064590600D4BBE1C023C0
:108EB0001B061343A36468E7A26C520413436022A9
:108EC0001A40602A00D1BCE1FF20190C264A01405B
:108ED0004900515A8C466646190AF60971406646A1
:108EE00001404900515A36027140CE095E4030407F
:108EF0004000125A09024A40E263302210009903EE
:108F0000490D18401A4200D0E1E10F221A40606575
:108F10002065E264580600D405E28023DB050B439C
:108F2000A36432E7A3648121962362685B00490051
:108F3000D1502C3BFF3BA3630023E3621133236337
:108F4000A36A626A9846F139D5E6C046020300007A
:108F5000FFFDFFFF98A100102AE1000002020000BF
:108F600027A1000002050000C0A100100000FC1FA6
:108F700061680F2B00D0A1E0022006008B681E4024
:108F8000184200D09AE00123BB40591E0A405B0002
:108F90001A430823A3630523B84605216262E662EB
:108FA0002363A8E6012B60D1A36D002B02D004221D
:108FB0001343A3650723A3630023E3620433B84686
:108FC0000421626A236396E663689A68920700D573
:108FD0006BE109222021A26300222163A16DE262DC
:108FE000002901D0A2659A61DB4A1A6596225200D7
:108FF000DA499950A36A626A9846216B7BE6082297
:10900000616C236C5242521ADB045205DB0A134393
:109010007F221343626820009361FFF775FC96225C
:10902000CF4B6168034352008B50B0E5A36D002B1A
:1090300000D117E65B0710D56368CA4A1A65A36DAD
:10904000062B00D17AE122008021636920000133E0
:109050006361483223694903984700236268A36526
:109060009361FFE5B846626A45E6216C89000B43CF
:109070000121B940BB4001390A4013436362236AAE
:1090800001332362636800279A689207A1D5200004
:10909000A76267626763FFF745FB1022390002A8E9
:1090A000F9F734F880212369200002AA09049847BF
:1090B00063688EE704221343A365BDE7236A013387
:1090C00023628B689B0700D400E600232000A36284
:1090D00063626363FFF726FB1022002102A8F9F701
:1090E00015F8802120000904236902AA98476168C5
:1090F000ECE553465046A3624B46834001985746E1
:10910000034200D13CE51700A16B1F401A4217D063
:10911000092902D0002900D06DE15346DA40D3433B
:10912000013200D159E19B059A0D002B00D0CEE011
:109130000133A263E262D0460121626A2363DAE569
:10914000092900D1D8E0236A0133236263689A6851
:10915000920700D43DE79AE719006646180EF60913
:109160004640FF20804A30404000105A8146604609
:109170004E4600024640B4466646180CF609464084
:10918000FF2030404000105A814660464E460002A3
:109190004640B4466646180AF6097040FF2630403D
:1091A0004000105AB1468246604656460002704062
:1091B000C60973404E4633405B00D35A0002434019
:1091C000E363434609BA2165042B00D8DDE520217D
:1091D000072B02D841460439C9000423A3630023A6
:1091E000B846626AE362216385E519001F0EC6096D
:1091F0007E40FF275C4A37407F00D75B0002784003
:109200001F0CC6097E40FF2737407F00D75B000256
:1092100078401F0AC6097E40FF2737407F00D75B92
:1092200000027840A6E5802109060A43A2640028CE
:1092300000D1AAE50C2220211A4200D1C10003234B
:10924000CCE7A3640223A3630023E3621433B8468C
:109250001421626A23634EE5A36DB846002B1CD02F
:109260005B0710D563683F4A1A65A36D062B00D1D2
:10927000D4E0220080216369200001336361483219
:1092800023694903984700226368A26537499A61B8
:109290002D32FF329950A36A98460023A363E362FC
:1092A00001330121626A236325E500232000A362C4
:1092B00063626363FFF736FA10220021EFE6172B93
:1092C00000D8DCE6A36D9A0700D5D8E6DBE4626837
:1092D000002793689B0713D409232021A36300234D
:1092E0002163A16DE362002901D0A36593611A4B4C
:1092F000136596235B007BE6626893689B07EBD55A
:109300002000A76267626763FFF70CFA102239003A
:1093100002A8F8F7FBFE802102AA200023690904B5
:1093200098476268D8E7A164002A00D12DE50C2097
:109330002021184283D10323D1004FE7236E01334C
:10934000802122002366A36920000133A3614832F3
:1093500023698903984780E627A1000002030000E3
:10936000020500002AE10000C0A100100202000076
:10937000314A19040EE7304A1902FDE62E4A190453
:1093800047E72D4A19023BE7606C256C4042ED022D
:10939000ED0A400528430225E56507241C6080345A
:1093A0001C607B3C1C631C001134FF34A16023490A
:1093B000234DA160AC215D502249D9612249216130
:1093C000224921611B212161214921610F2119605D
:1093D000204998619950FFF7DAFB2000A36263628D
:1093E0006363FFF79FF92000FFF75CFAA36A626AE4
:1093F0009846216B7FE4236A01332362F3E7236EEF
:109400000133802122002366A36948320133A3611E
:10941000200023698903984762684BE4236E013377
:10942000802122002366A36920000133A361483212
:1094300023698903984726E7C0A100100000024075
:1094400023C00000FFFFFF7F01E00000216000005B
:10945000C220000002090000F0B55746DE464E4625
:109460004546E0B58246036E89B0426E0392D31A38
:10947000032B00D9BCE103231A4093460A68002A53
:1094800000DA94E1DC4B1A4058462C230F24434366
:1094900053449A6648682040D86600239946520093
:1094A00000D4FBE05B462C275F433E0053467036FA
:1094B000DC19300000234A466367236750440831B3
:1094C0000090F8F729FE3B0080335344142200211A
:1094D00018009846F8F71AFE4021A26EE46E130EAB
:1094E0000B401C43D301002A00DAF3E0C34AC44D09
:1094F0001340FF222343190C11404900685A190AEE
:10950000C4096140114049006C5A00026040C10921
:1095100059400A405200AC5A80225B0312035B0B95
:1095200013430002079307AB132144401800029530
:109530000193FFF775F9079B0500202800D8B4E0D8
:1095400002001900203AD1404022121A180090401F
:10955000020040464260424611604A46002A4BD013
:10956000524659467032D219D346009E9144049116
:109570000AE01F00091A8F403900009F0136394365
:1095800011602D184E4533D0FF203178E2094A4052
:10959000024002985200825A1B020B430198082194
:1095A000240254400793FFF73BF91F2220212A4051
:1095B0009446891A6A09920042441768079B0097EB
:1095C0008842D6D920273F1ABA461F0051448F40FF
:1095D000516801363943516001001F002039614450
:1095E000CF403900009F2D18394311604E45CBD133
:1095F0005A46049992468B4659462C224A436404A3
:10960000640C5244DB03234394670F211F24019809
:109610000793FFF705F920232C4099461E1B6B0981
:109620009B004344079A1F68B04243D8361AB240A1
:1096300017431F240121220028180D008243954062
:109640001F6043099B0043441A682A431A600300C1
:1096500020335A09A3431B1A581E012B08D08140FE
:10966000684B0139D3189B004344186801431960C3
:1096700059462C234B435344DA67039B013352462C
:109680005366BFF35F8F5368022200205A6309B00C
:10969000F0BCBB46B246A946A046F0BD81460828AC
:1096A00000D8FFE608239946FCE620221900121A8A
:1096B000914050E7202149428C4611008444644483
:1096C000E1400F434946091A89198A4059680A43FB
:1096D0005A60AEE74948D10A014060209203D20E99
:1096E0001143494A464D1340234305930B0B5B003E
:1096F000EC5A0843E20903095340FF2213405B0080
:109700002E000295ED5A0305F02000040340059851
:10971000240203436540EC09180C604010404000EF
:10972000345A2D026C40180AE50968401040400088
:10973000305A24026040C40963401A40334B52003F
:10974000B45A0B430002079307AB1321444018009F
:109750000193FFF765F8079A0100049020283AD892
:10976000202311001B1A99400B0041461F250B6056
:10977000059B12051B031B0B134314210198079330
:10978000FFF74EF82021049A079B154052099200DA
:1097900042441668491BB44688420BD81D00091A7A
:1097A0008D40290031431160049A8518D5E6184B85
:1097B0001A4069E629001E0020390918CE40310000
:1097C000664631434026751B1E002D1AAE40556873
:1097D00035435560E7E703001000203BD840030005
:1097E0004020411A10008840010040464160BCE71B
:1097F000012040424BE7C046FF07004080FF0300C6
:10980000C0A10010FFFFFF3F80FF0F0060000800B5
:10981000FFFFFFDF8C2270B50C0052000021050015
:10982000F8F774FC23005A1E93412B6063425C419D
:10983000034A634294461B0D1B0563446B6070BD75
:10984000000030500161704770B5040084B0A3601F
:10985000089B0800E3600023A362636263632368DC
:1098600011005A425341802212019446304E5B420D
:109870009B0A9B0232686344134204D02D4A136052
:10988000B5681D42FCD0C000F8F770F8C8236568C1
:109890000002E8501833E8501833E8501833E85005
:1098A0002000FEF73FFF2448A36884466820990003
:1098B00061442268486021491F488C46DB006344AC
:1098C0008446602006325A60E3689900614448602B
:1098D0001A49DB008C4663445A60AB689B0712D47C
:1098E00009232022A36300232263A26DE362002ADE
:1098F00001D0A365AB61124B124A2B6596235B0026
:10990000EA5004B070BD00232000A3626362636369
:10991000FEF708FF102200216846F8F7F7FB8021C8
:109920006A4620002369090498476568D8E7C0465D
:1099300000C0004000F0004000C001400040014075
:1099400027A100000203000010B583070AD003001E
:10995000032102E001330B4205D01A78002AF9D125
:10996000181A10BD030019680C4A0D4C8A188A4356
:1099700022420FD15968094A04338A188A43224285
:1099800008D15968054A04338A188A432242F1D023
:1099900000E001331A78002AFBD1E1E7FFFEFEFE6A
:1099A00080808080F8B5C04601B40248844601BC7E
:1099B000604700BFE902002001B40248844601BCB0
:1099C000604700BF1502002001B40248844601BC74
:1099D000604700BF450F002001B40248844601BC27
:1099E000604700BF010C002001B40248844601BC5E
:1099F000604700BF290C002001B40248844601BC26
:109A0000604700BF450F002001B40248844601BCF6
:109A1000604700BFC100002001B40248844601BC79
:109A2000604700BFA101002001B40248844601BC88
:109A3000604700BF0101002001B40248844601BC18
:109A4000604700BFB90C002001B40248844601BC45
:109A5000604700BF2504002001B40248844601BCD1
:109A6000604700BF690C0020FD1600102917001088
:109A70000D190010FD200010951F0010A1200010EE
:109A800035180010451700106517001079170010E1
:109A9000CD09001081170010890D0010C5160010A7
:109AA000D905001001440010B1020010A16C001093
:109AB0004661696C65643A204E6F2073706163651E
:109AC00020666F72206D736720746F20626520714D
:109AD00075657565640000004D53472049443D207D
:109AE000256C7520444C433D257520446174613DCF
:109AF000272573270A00000072656365696576652E
:109B00005F746872656164007472616E736D69740C
:109B10005F746872656164000A2A2A2A2050414EE7
:109B20004943202A2A2A0A006E6F742073757070C8
:109B30006F727465640000004E6F207370696E6C04
:109B40006F636B732061726520617661696C61621D
:109B50006C6500004E6F2075736572204952517319
:109B60002061726520617661696C61626C650000DC
:109B7000486172647761726520616C61726D202545
:109B80006420616C726561647920636C61696D65E4
:109B90006400000048617264206173736572740030
:109BA0006D697373696E6720646F75626C6520669A
:109BB000756E6374696F6E0052656C6561736500E4
:109BC000626F6F74325F7732357130383000000069
:109BD000302E3100322E322E300000007069636F5B
:109BE0005F77000074657374000000004E6F76208C
:109BF0003238203230323500666E692B00000000AA
:109C0000666E69006E616E00666E692D0000000070
:109C100055534220737464696E202F207374646FEF
:109C200075740000526173706265727279205069B8
:109C3000000000005069636F00000000426F617215
:109C400064204344430000005265736574000000C3
:109C5000556E68616E646C6564204952512030789D
:109C600025780A00657020253032582077617320EE
:109C7000616C726561647920617661696C61626CA6
:109C80006500000043616E277420636F6E74696E17
:109C900075652078666572206F6E20696E616374E9
:109CA000697665206570202530325800546D7251F8
:109CB00000000000546D722053766300060052507D
:109CC000D3F07542B89B001006005250E182887FA5
:109CD000C09B0010060052503ABCA911D09B001046
:109CE00006005250ABB36053D49B00100600525094
:109CF000BBFF3CB6DC9B001006005250861C0302E2
:109D0000E49B0010060052505422A29DEC9B0010D0
:109D100005005250DE65F4681CB40010BC2E001023
:109D20006C2E00106C2E0010B42E00106C2E001043
:109D30006C2E00106C2E00106C2E00106C2E00107B
:109D40006C2E00106C2E0010AC2E00106C2E00102B
:109D5000A42E00106C2E00106C2E00109C2E0010F3
:109D6000DC300010D22E0010CC300010D22E0010AB
:109D7000B6300010D22E0010D22E0010D22E0010BD
:109D8000D22E0010D22E0010D22E0010D22E001093
:109D9000C42E0010D22E0010D22E0010D22E001091
:109DA000D22E0010D22E0010C42E00107A310010D6
:109DB000262E0010262E0010262E0010262E001013
:109DC000262E0010262E0010262E0010262E001003
:109DD000262E0010262E0010262E0010262E0010F3
:109DE000262E0010262E0010262E0010262E0010E3
:109DF000262E0010262E0010262E0010262E0010D3
:109E0000262E0010262E0010262E0010262E0010C2
:109E1000262E0010262E0010262E0010262E0010B2
:109E2000262E0010262E0010262E0010F0300010D6
:109E300048310010F0300010262E0010262E0010A1
:109E4000262E0010262E0010262E0010262E001082
:109E5000262E0010262E0010262E0010262E001072
:109E6000262E0010262E0010262E0010262E001062
:109E7000262E0010262E00108A330010262E0010E9
:109E8000262E0010262E0010262E0010262E001042
:109E9000262E0010262E0010262E0010262E001032
:109EA0008A3300108C3100108A330010F03000101B
:109EB00048310010F0300010000000000000F03FBA
:109EC0000000000000002440000000000000594095
:109ED0000000000000408F40000000000088C340E8
:109EE00000000000006AF8400000000080842E415D
:109EF00000000000D01263410000000084D79741A9
:109F00000000000065CDCD410D0A000000000000FA
:109F1000653E001000000000693E0010753E001014
:109F2000A13E00109D3E0010000000000A0000004D
:109F300000000306A6000800020002009C001400B6
:109F4000030057494E555342000000000000000036
:109F50000000800004000100280044006500760035
:109F600069006300650049006E00740065007200BE
:109F70006600610063006500470055004900440029
:109F800000004E007B0062006300370033003900A0
:109F90003800630031002D00370033006300640097
:109FA0002D0034006300620037002D0039003800B6
:109FB000620038002D0039003100330061003800A4
:109FC00066006300610037006200660036007D00B5
:109FD00000000000050F2100011C100500DF60DDFE
:109FE000D88945C74C9CD2659D9E648A9F0000031A
:109FF00006A60001000000000600525053B4F4A170
:10A00000109C001000000000249C0010349C0010E4
:10A01000902302203C9C0010489C00100902540030
:10A02000030100807D080B00020202000009040009
:10A0300000010202000405240020010524010001A2
:10A040000424020605240600010705810308001008
:10A0500009040100020A0000000705020240000096
:10A06000070582024000000904020000FF0001050C
:10A0700012011002EF0201408A2E0A0000010102C3
:10A0800003010000684A0010D04B0010204C001063
:10A09000A84B0010BA4B0010984B0010084B001052
:10A0A000B44A0010A84A00108A4F0010704F0010E8
:10A0B000404D0010AA4F0010404D0010584F0010A6
:10A0C000444F0010404D0010304F0010364E00102D
:10A0D000404D00101652001008520010FC510010A4
:10A0E000404D0010404D0010E65100100852001085
:10A0F000404D0010404D0010404D0010404D0010EC
:10A10000404D0010404D0010404D00109C5100107B
:10A11000860D0020860D0020D00D0020F00D0020BF
:10A12000340E0020460E00207C0D002000000000B0
:10A13000A157001011580010415800108D58001000
:10A1400031590010195A00100000000000000000F2
:10A15000195B0010755B0010915B0010B95B00107B
:10A16000FD3E0010D95C0010000000001F00000040
:10A17000008300104683001046830010A88300105F
:10A180007E830010B68300104683001046830010C3
:10A19000A88300107E830010248F0010B88E00105A
:10A1A000DC8D00109A8D0010528D0010108D001063
:10A1B000A48F0010708F0010788C0010C88F0010D2
:10A1C00000009945AB4E320BCF58561D6416FD5317
:10A1D00007749E31AC3A357FC82C51696362FA2707
:10A1E000972D0E683C63A5265875C130F33B6A7EF7
:10A1F0009059091C3B17A2525F01C644F44F6D0AE7
:10A200002E5BB71E85151C50E10378464A4DD308D6
:10A21000292FB06A82611B24E6777F324D39D47CC6
:10A22000B976203312388B7D762EEF6BDD604425B6
:10A23000BE022747154C8C09715AE81FDA144351A6
:10A24000C5735C366E3DF7780A2B936EA165382096
:10A25000C2075B426949F00C0D5F941AA6113F5486
:10A26000525ECB1BF91060559D0604433648AF0D76
:10A27000552ACC6FFE6467219A720337313CA87966
:10A28000EB28726D4066D9232470BD358F3E167B56
:10A29000EC5C75194712DE572304BA41884A110F46
:10A2A0007C05E540D74B4E0EB35D2A181813815636
:10A2B0007B71E234D03F497AB4292D6C1F67862226
:10A2C00013228A67B86C2129DC7A453F7734EE7116
:10A2D00014568D13BF18265DDB0E424B7040E90506
:10A2E000840F1D4A2F41B6044B57D212E019795CF6
:10A2F000837B1A3E2835B1704C23D566E76D7E28E6
:10A300003D79A43C96370F72F2216B64596FC02AD5
:10A310003A0DA34891430806F5556C105E1BC75EC5
:10A32000AA543311011A985F650CFC49CE425707B5
:10A33000AD203465066E9F2B6278FB3DC9365073A5
:10A34000D6514F147D1FE45A1909804CB2472B0295
:10A35000D12548607A6BE32E1E7D8738B5332C7685
:10A36000417CD839EA3273778E241761256ABC2F75
:10A370004608DF4DED46740389501015221EBB5B65
:10A38000F80A614F5344CA013752AE179C1C055955
:10A39000FF7E663B5430CD753026A9639B68022D45
:10A3A0006F27F662C4695D2CA07F393A0B31927435
:10A3B0006853F116C31D5A58A70B3E4E0C45950025
:10A3C0008500480029E0CC0000C0C00040C029E45E
:10A3D00043F004C1C50307034300C420014046A065
:10A3E000B20102C0EB40544047A0808027A09800F3
:10A3F000E2A02160DF0001B8D902580021601B01F2
:10A40000BC9C0010C89C0010D49C0010E09C001064
:10A41000EC9C0010F89C0010049D0010109D001092
:04A42000F89F001091
:10A4240070B502680400EFF3108572B61368002B50
:10A43400FCD0BFF35F8F63685A1C0BD0002900D097
:10A444000B6000202368BFF35F8F00221A6085F33E
:10A45400108870BD00F030FF60600120F2E7C04654
:10A46400F0B5C646160000B504001F000268EFF3FD
:10A47400108872B61368002BFCD0BFF35F8F656839
:10A484006B1C0ED02368BFF35F8F00221A6088F321
:10A49400108800F011FFA8420FD1002080BCB846FC
:10A4A400F0BD00F009FF23686060BFF35F8F0022F6
:10A4B4001A6088F310880120F0E700F0FDFE804662
:10A4C40006E032003B00200000F006FF0028E4D143
:10A4D4002268EFF3108172B61368002BFCD0BFF32F
:10A4E4005F8F65680135ECD1434663602368BFF331
:10A4F4005F8F00221A6081F310880120CEE7C046E6
:10A50400F8B50D00040000F007FFFA2206000F0062
:10A51400002328000021920000F0C6FE36184F41A7
:10A52400002F02DA0126124F764200F0C5FE050024
:10A5340006E032003B00200000F0CEFE002815D1DA
:10A544002268EFF3108172B61368002BFCD0BFF3BE
:10A554005F8F63680133ECD165602368BFF35F8F5D
:10A5640000221A6081F310880120F8BD0020FCE766
:10A57400FFFFFF7F10B50268EFF3108172B6136816
:10A58400002BFCD0BFF35F8F01235B42436000F0DC
:10A59400CBFE10BD10B5084C2378002B0AD18023C4
:10A5A400064807495B051A68C25004338B42FAD146
:10A5B4000123237010BDC0469324022018190010F3
:10A5C4000001001010B5014B984710BD1919002067
:10A5D400064B5A6802609A684260DA6882601A69B7
:10A5E400C2605A6902619B6943617047000002407E
:10A5F4000268064B5A6042689A608268DA60C268F0
:10A604001A6102695A6142699A6170470000024006
:10A61400034B1A68C0239B009343024A136070479C
:10A624000C8001400C900140054B1A6880239B006C
:10A634005340C02292001340024A13607047C04640
:10A644000C8001400C9001400023F0B5DE465746D3
:10A654004E4645469A46E0B589B001900E00988A68
:10A6640045491B8B14009847534681464349988AB1
:10A674001B8B9847534642490500988A1B8B984781
:10A684008046FFF787FF02A8FFF7A2FFC847A84745
:10A69400FFF7CAFF251E22D00823C0219C460220B2
:10A6A400490562468B6A1A4018423FD0631B002D4D
:10A6B4002FD1002A11D1002C11D0C0235B059B4659
:10A6C40002239A46063399465B464A4657469B6A96
:10A6D4001A401F4242D0002AF6D0002C30D1FFF796
:10A6E40097FFC047FFF76EFF02A8FFF781FF09B08D
:10A6F400F0BCBB46B246A946A046F0BD002C2FD103
:10A70400C0225205926A914608224F463A40BF073A
:10A714002DD50D2B1BD9002AF0D1C0225205926AE7
:10A72400914608224F463A40BF07F2D4002A04D18A
:10A734002B002343002BB4D1D1E72B00002CF9D0FC
:10A744000B6E013C3370230001362B43F2E7019F6B
:10A75400013D3B7801370B660197E7E70025E5E704
:10A76400C0235B051B6E013C3370013699E72B0057
:10A77400002ADFD1DCE7C046494600004558000006
:10A78400464300000022154B10B59A60DA601A6146
:10A794005A619A61DA611A625A629A62DA621A63D7
:10A7A4005A639A63DA631A645A649A64DA641A65B7
:10A7B4005A659A65DA651A665A669A66DA661A6797
:10A7C4005A679A67DA67F03292000021044800F071
:10A7D4007BFD044B044A1A6010BDC04600001050B3
:10A7E400DC1B0020A41F002080011050F0B54E4651
:10A7F4004546DE465746E0B5214B00249E6D0125B3
:10A8040085B0002E22D01F4B9A46012399461E4B39
:10A81400984601E0202C19D02A00230001342F008F
:10A824003240E4B26D00002AF4D0524697654A469D
:10A834005B085B0022409B185B01434418009B4665
:10A8440000F01EFC002808D1BE43E3D105B0F0BCE3
:10A85400BB46B246A946A046F0BD5B46E0219A78C5
:10A86400DB8A01A883600023C900018001210271F1
:10A87400437100F025FC584600F0A0FBE4E7C04615
:10A8840000001150003011509C1B00209823F0B59B
:10A89400C646C84A00B5D55880232E009B02102412
:10A8A40084B01E401D4274D0C34BC44C9A6AC44B3E
:10A8B40000261A603B23E35C022B00D14FE17B238B
:10A8C400E35C022B00D1F3E0BB23E35C022B00D159
:10A8D400FAE0FB23E35C022B00D101E13C23FF33CC
:10A8E400E35C022B00D12DE17C23FF33E35C022BDC
:10A8F40000D10EE1BC23FF33E35C022B00D13FE126
:10A90400FC23FF33E35C022B00D1F5E0AD4BE35CA9
:10A91400022B00D174E1AC4BE35C022B00D105E1C6
:10A92400AA4BE35C022B00D175E1A94BE35C022B3B
:10A9340000D132E1A74BE35C022B00D1A0E1A64B8E
:10A94400E35C022B00D171E1A44BE35C022B00D148
:10A95400A1E1A34BE35C022B00D17FE1002E08D1DF
:10A96400A04B1B78002B04D180219F4A903389028D
:10A97400D150C02269468F4B92009B6C80265B05A8
:10A984008A805B0D012101A8029300F099FB974C8A
:10A99400B602EB0600D57FE080235B021D4231D076
:10A9A4001E43012302249846844FBB7E002B14D0FF
:10A9B40000F09AFC012800D972E0C022002138007E
:10A9C400920100F001FB380000F0F8FA00F08CFC72
:10A9D400012802D9844B5C661C664346FB70203711
:10A9E400012C22D1C0236A46DB009380804A02AB4B
:10A9F40003CA03C3012101A800F062FB80227A4B41
:10AA040092021A6580235B011D4210D18023DB0171
:10AA14001D4223D180231B021D422FD1AE4200D000
:10AA2400C0E104B080BCB846F0BD0124BDE70024F9
:10AA34001E43604B1C60FFF7A5FE80236A465B0043
:10AA440093801472012101A800F03AFB8022664B26
:10AA540012031A658023DB011D42DBD01E438023D1
:10AA64006A46DB009380012101A800F029FB102233
:10AA74005D4B1A6580231B021D42CFD01E43A023C9
:10AA84006A46DB009380012101A800F019FB8022B3
:10AA9400554B12011A65C1E7FFF7A8FE26007BE7B4
:10AAA400544B444A1C66536E2340A342FBD184E7B3
:10AAB4007833E75C002F00D106E70233E25C002A1A
:10AAC40000D00DE13E00FFE6B833E75C002F00D173
:10AAD400FFE60233E25C002A00D0F9E03E00F8E62B
:10AAE400F833E75C002F00D1F8E60233E25C002A79
:10AAF40000D041E13E00F1E6F933FF33E75C002F7B
:10AB040000D103E70233E25C002A00D02BE13E00CF
:10AB1400FCE67933FF33E75C002F00D1EAE6023329
:10AB2400E25C002A00D015E13E00E3E6324BE75C2C
:10AB3400002F00D1F4E60233E25C002A00D001E1E8
:10AB44003E00EDE63933FF33E75C002F00D1CBE65E
:10AB54000233E25C002A00D0EBE03E00C4E6383366
:10AB6400E65C002E00D1AAE60233E25C002A00D1A2
:10AB7400A5E6200000222030E25400F04DFA9EE6C3
:10AB8400B933FF33E75C002F00D1B9E60233E25C4E
:10AB9400002A00D0C4E03E00B2E6184BE75C002F68
:10ABA40000D1C7E60233E25C002A00D0B0E03E00E8
:10ABB400C0E6C04600001150004005409C1B002028
:10ABC400941B00203B0200007B020000BB0200003B
:10ABD400FB0200003B0300007B030000BB030000FA
:10ABE400FB030000912402200030115010000200E9
:10ABF40000001050002011507A020000FA020000F8
:10AC04006B4BE75C002F00D185E60233E25C002A3F
:10AC140076D13E007FE6674BE75C002F00D184E6E7
:10AC24000233E25C002A63D13E007EE6624BE75CBD
:10AC3400002F00D188E60233E25C002A00D0A3E0B2
:10AC44005E4BE35C022B30D15D4BE35C002B27D1E0
:10AC54005C4BE35C022B00D08BE63E005A4BE35C7A
:10AC6400002B00D17AE6FF239B00E25C002A00D18E
:10AC74007FE60022E2541C3BE01800F0CDF978E6B0
:10AC8400524BE75C002F00D159E60233E25C002A04
:10AC940016D13E0053E64A4BE35C002B00D158E644
:10ACA400EF239B00E25C002A75D1464BE35C022B48
:10ACB40000D05EE6444BE35C002B00D159E6D2E7BA
:10ACC4000022E2541C3BE01800F0A6F93E0036E6F0
:10ACD40020000022A030E2543E0000F09DF9F8E587
:10ACE400200000226030E2543E0000F095F9EBE5CC
:10ACF4000022E2541C3BE01800F08EF93E0014E6FA
:10AD04000022E2541C3BE01800F086F93E0002E603
:10AD14000022E2541C3BE01800F07EF93E0009E6F4
:10AD240020000022A130FF30E2543E0000F074F90C
:10AD3400E6E5200000222130FF30E2543E0000F01E
:10AD44006BF9D1E50022E2541C3BE01800F064F9F1
:10AD54003E00E5E5200000226130FF30E2543E0071
:10AD640000F05AF9C6E520000022E130FF30E25439
:10AD74003E0000F051F9C9E520000022E030E25421
:10AD84003E0000F049F9A9E50022E2541C3BE0181A
:10AD940000F042F954E70022E2541C3BE01800F0B2
:10ADA4003BF982E731000A48694000F0C5FAC04621
:10ADB4003A020000BA0200007A030000BB0300005C
:10ADC400BA030000FB030000FA0300003A0300008A
:10ADD400509C0010F0B5C64600B50200838A008B73
:10ADE4008C46011C984200D9191CD4788025200077
:10ADF400461EB04189B2ED000D43400328430125AE
:10AE04006C405B1AD47054789BB29382002C31D17D
:10AE14006446D568A4014E1E2D19B0461469002954
:10AE240023D0062E32D92B0023439B072ED12B1B74
:10AE3400013B022B2AD900238F08BF00E658EE50AD
:10AE440004339F42FAD14346ED19DB1BE419B9429E
:10AE540009D026782E70002B05D066786E70012BF1
:10AE640001D0A378AB701469938A641814618022AA
:10AE740012021043002B02D18023DB0118436346E6
:10AE8400002B00D0000480BCB846F0BD0023E65C73
:10AE9400EE5401339942FAD1E5E7C0468368F0B530
:10AEA4001A680400002900D0120C63789205900DF2
:10AEB400002B08D1E38AC318E382238B834201D990
:10AEC4000023A382F0BDE368890125695E18471E4B
:10AED400002822D0062F26D901315B18EB1A022B49
:10AEE40021D92B0033439B071DD10023120E92005E
:10AEF400F158E95004339A42FAD1BF1AAD18B61882
:10AF0400904209D032782A70002F05D072786A7086
:10AF1400012F01D0B278AA702569E38A2D18C318CD
:10AF2400E3822561C9E70022B35CAB54013290424D
:10AF3400FAD12569F1E7C04610B504008368002101
:10AF44001B68FFF7ABFF63681B685B0002D5238BAC
:10AF5400834200D010BD01212000FFF79FFFF9E7D5
:10AF6400084A0300126C0020920703D49A78D2098D
:10AF7400012A00D07047D87E023843425841C0B2FB
:10AF8400F8E7C0460000115010B5FFF7E9FF0028AC
:10AF94000CD00749074B8C46074A9B6A12686344E6
:10AFA4009B1A0020C6229A424041C0B210BDC0463E
:10AFB400E0FCFFFF00400540941B00200023837643
:10AFC400436103617047C04610B58368002901D00E
:10AFD4001C682140002A12D08024E400114322423C
:10AFE4000DD01A6822420CD1084A0A401A60084A55
:10AFF400126C920703D40C23033BFDD283681960BF
:10B0040010BD8178034800F097F9C046FFFBFFFFAD
:10B0140000001150649C0010436870B50021802525
:10B0240004001E68FFF7D6FE124B6D011A6C05432F
:10B03400A37892070ED55B060ED00F4B1E408023DB
:10B044009B05334362680021136020002A00FFF748
:10B05400BBFF70BDDB09F0D0A38A002BEDD001212A
:10B064002000FFF7B7FEA023044ADB053240054366
:10B074001343E7E700001150FFFFFFAFFFFFFFDFBF
:10B0840070B5857E0400002D14D0FFF755FFA38A08
:10B09400002B01D1280070BD2000FFF775FF0028A8
:10B0A40003D0012300252377F4E72000FFF7B4FF42
:10B0B4000025EFE78178014800F03EF9849C0010F8
:10B0C400F0B5CE46474680B5437805000E0085B0FE
:10B0D400062B08D86C4A9B00D3589F466B4A1378BA
:10B0E4000133DBB213706A4B1C686269EFF31081A1
:10B0F40072B61368002BFCD0BFF35F8FA1612000F0
:10B10400290000F001F96269A369BFF35F8F002190
:10B11400116083F31088002804D105B0C0BCB9467F
:10B12400B046F0BD32006978287800F0E5F8F4E71D
:10B134000121584B1A788A431A701A7801318A43CC
:10B144001A7000225A701A7802318A431A70CAE7B8
:10B154005149524F894652490024002388463A787F
:10B1640012E043461B6861015B18002B06D0DB69C3
:10B17400002B03D06968287898473A780134E4B200
:10B18400511C2300A14217DBA242EAD89B1A5B019F
:10B194004B44ECE73F4B1A78D207BED504211A780A
:10B1A4000A431A709FE73B4B1A78D207B5D504219E
:10B1B4001A788A431A7096E7364F3B785B072BD58B
:10B1C40004223B78002193433B706B460632981D62
:10B1D40000F07AF82B7801AC2370052363702C4BB4
:10B1E4001B6898465A69EFF3108172B61368002BF6
:10B1F400FCD0BFF35F8F434640469961210000F0C5
:10B2040083F843465A699B69BFF35F8F002111603D
:10B2140083F31088002831D1FB78DB0700D47CE766
:10B224006B460A220021981D00F04EF82B7801ACE1
:10B234002370032363706B686360154B1D686A6930
:10B24400EFF3108172B61368002BFCD0BFF35F8F4D
:10B25400A9612800210000F057F86A69AB69BFF3BF
:10B264005F8F0021116083F31088002800D154E718
:10B2740032006178207800F03FF84EE732006178C0
:10B28400207800F039F8C7E710A1001092240220BA
:10B2940088150020301500202CA1001090240220D5
:10B2A400801300207047C04601B40248844601BCA4
:10B2B400604700BF6120001001B40248844601BC0D
:10B2C400604700BF516A001001B40248844601BCC3
:10B2D400604700BF0D21001001B40248844601BC40
:10B2E400604700BFAD6B001001B40248844601BC46
:10B2F400604700BF6D04001001B40248844601BCDD
:10B30400604700BF0949001001B40248844601BCEB
:10B31400604700BF6963001001B40248844601BC61
:10B32400604700BF8D12001001B40248844601BC7E
:10B33400604700BFE56A001001B40248844601BCBE
:10B34400604700BF790400101000000000000000F6
:10B3540000000100000000000000000000000200E6
:10B3640000000000000000000000030000000000D6
:10B37400000000000000FF000000000001B5486864
:10B3840001318E460047704609380149884701BD9E
:10B39400DD080010000000000000000000000000B4
:10B3A4000000000000000000B810002000000000B1
:10B3B400503300004C33000054330000523300007B
:10B3C4004D5300004D43000053340000433400004B
:10B3D400C94000107D400010F13F0010693F00108B
:10B3E40000000000000100008C15002010000C007B
:10B3F4000000000000000000000000000000000049
:10B4040000000000FFFF000000000000000000003A
:08B41400000000000000000030
:04000005100001E9FD
:00000001FF
