
/Users/stein/adv-emb/lab8/lprio_build/src/lab8.elf:     file format elf32-littlearm

Sections:
Idx Name          Size      VMA       LMA       File off  Algn
  0 .boot2        00000100  10000000  10000000  00001000  2**0
                  CONTENTS, ALLOC, LOAD, READONLY, CODE
  1 .text         000099b0  10000100  10000100  00001100  2**4
                  CONTENTS, ALLOC, LOAD, READONLY, CODE
  2 .rodata       00000950  10009ab0  10009ab0  0000aab0  2**3
                  CONTENTS, ALLOC, LOAD, READONLY, DATA
  3 .binary_info  00000024  1000a400  1000a400  0000b400  2**2
                  CONTENTS, ALLOC, LOAD, READONLY, DATA
  4 .ram_vector_table 000000c0  20000000  20000000  0000e000  2**2
                  ALLOC
  5 .uninitialized_data 00000000  200000c0  200000c0  0000d0b8  2**0
                  CONTENTS
  6 .data         00000ff8  200000c0  1000a424  0000c0c0  2**4
                  CONTENTS, ALLOC, LOAD, READONLY, CODE
  7 .tdata        00000000  200010b8  200010b8  0000d0b8  2**0
                  CONTENTS, ALLOC, LOAD, DATA, THREAD_LOCAL
  8 .tbss         00000000  200010b8  200010b8  00000000  2**0
                  ALLOC, THREAD_LOCAL
  9 .bss          000213e4  200010b8  1000b41c  0000d0b8  2**3
                  ALLOC
 10 .heap         00000800  2002249c  1000b41c  0000d49c  2**2
                  ALLOC, READONLY
 11 .scratch_x    00000000  20040000  20040000  0000d0b8  2**0
                  CONTENTS
 12 .scratch_y    00000000  20041000  20041000  0000d0b8  2**0
                  CONTENTS
 13 .stack1_dummy 00000800  20040000  20040000  0000e000  2**2
                  ALLOC
 14 .stack_dummy  00000800  20041000  20041000  0000e000  2**5
                  ALLOC, READONLY
 15 .ARM.attributes 00000028  00000000  00000000  0000d0b8  2**0
                  CONTENTS, READONLY
 16 .comment      00000046  00000000  00000000  0000d0e0  2**0
                  CONTENTS, READONLY
 17 .debug_info   00042928  00000000  00000000  0000d126  2**0
                  CONTENTS, READONLY, DEBUGGING, OCTETS
 18 .debug_abbrev 0000af17  00000000  00000000  0004fa4e  2**0
                  CONTENTS, READONLY, DEBUGGING, OCTETS
 19 .debug_loclists 00026577  00000000  00000000  0005a965  2**0
                  CONTENTS, READONLY, DEBUGGING, OCTETS
 20 .debug_aranges 00001c50  00000000  00000000  00080ee0  2**3
                  CONTENTS, READONLY, DEBUGGING, OCTETS
 21 .debug_rnglists 00005e35  00000000  00000000  00082b30  2**0
                  CONTENTS, READONLY, DEBUGGING, OCTETS
 22 .debug_line   00030bd4  00000000  00000000  00088965  2**0
                  CONTENTS, READONLY, DEBUGGING, OCTETS
 23 .debug_str    0000bb6a  00000000  00000000  000b9539  2**0
                  CONTENTS, READONLY, DEBUGGING, OCTETS
 24 .debug_frame  00004360  00000000  00000000  000c50a4  2**2
                  CONTENTS, READONLY, DEBUGGING, OCTETS
 25 .debug_line_str 000002ee  00000000  00000000  000c9404  2**0
                  CONTENTS, READONLY, DEBUGGING, OCTETS

/Users/stein/adv-emb/lab8/lprio_build/src/lab8.elf:     file format elf32-littlearm


Disassembly of section .boot2:

10000000 <__boot2_start__>:
10000000:	4b32b500 	.word	0x4b32b500
10000004:	60582021 	.word	0x60582021
10000008:	21026898 	.word	0x21026898
1000000c:	60984388 	.word	0x60984388
10000010:	611860d8 	.word	0x611860d8
10000014:	4b2e6158 	.word	0x4b2e6158
10000018:	60992100 	.word	0x60992100
1000001c:	61592102 	.word	0x61592102
10000020:	22f02101 	.word	0x22f02101
10000024:	492b5099 	.word	0x492b5099
10000028:	21016019 	.word	0x21016019
1000002c:	20356099 	.word	0x20356099
10000030:	f844f000 	.word	0xf844f000
10000034:	42902202 	.word	0x42902202
10000038:	2106d014 	.word	0x2106d014
1000003c:	f0006619 	.word	0xf0006619
10000040:	6e19f834 	.word	0x6e19f834
10000044:	66192101 	.word	0x66192101
10000048:	66182000 	.word	0x66182000
1000004c:	f000661a 	.word	0xf000661a
10000050:	6e19f82c 	.word	0x6e19f82c
10000054:	6e196e19 	.word	0x6e196e19
10000058:	f0002005 	.word	0xf0002005
1000005c:	2101f82f 	.word	0x2101f82f
10000060:	d1f94208 	.word	0xd1f94208
10000064:	60992100 	.word	0x60992100
10000068:	6019491b 	.word	0x6019491b
1000006c:	60592100 	.word	0x60592100
10000070:	481b491a 	.word	0x481b491a
10000074:	21016001 	.word	0x21016001
10000078:	21eb6099 	.word	0x21eb6099
1000007c:	21a06619 	.word	0x21a06619
10000080:	f0006619 	.word	0xf0006619
10000084:	2100f812 	.word	0x2100f812
10000088:	49166099 	.word	0x49166099
1000008c:	60014814 	.word	0x60014814
10000090:	60992101 	.word	0x60992101
10000094:	2800bc01 	.word	0x2800bc01
10000098:	4700d000 	.word	0x4700d000
1000009c:	49134812 	.word	0x49134812
100000a0:	c8036008 	.word	0xc8036008
100000a4:	8808f380 	.word	0x8808f380
100000a8:	b5034708 	.word	0xb5034708
100000ac:	20046a99 	.word	0x20046a99
100000b0:	d0fb4201 	.word	0xd0fb4201
100000b4:	42012001 	.word	0x42012001
100000b8:	bd03d1f8 	.word	0xbd03d1f8
100000bc:	6618b502 	.word	0x6618b502
100000c0:	f7ff6618 	.word	0xf7ff6618
100000c4:	6e18fff2 	.word	0x6e18fff2
100000c8:	bd026e18 	.word	0xbd026e18
100000cc:	40020000 	.word	0x40020000
100000d0:	18000000 	.word	0x18000000
100000d4:	00070000 	.word	0x00070000
100000d8:	005f0300 	.word	0x005f0300
100000dc:	00002221 	.word	0x00002221
100000e0:	180000f4 	.word	0x180000f4
100000e4:	a0002022 	.word	0xa0002022
100000e8:	10000100 	.word	0x10000100
100000ec:	e000ed08 	.word	0xe000ed08
	...
100000fc:	7a4eb274 	.word	0x7a4eb274

Disassembly of section .text:

10000100 <__VECTOR_TABLE>:
10000100:	20042000 	.word	0x20042000
10000104:	100001f7 	.word	0x100001f7
10000108:	100001cb 	.word	0x100001cb
1000010c:	100001cd 	.word	0x100001cd
10000110:	100001c9 	.word	0x100001c9
10000114:	100001c9 	.word	0x100001c9
10000118:	100001c9 	.word	0x100001c9
1000011c:	100001c9 	.word	0x100001c9
10000120:	100001c9 	.word	0x100001c9
10000124:	100001c9 	.word	0x100001c9
10000128:	100001c9 	.word	0x100001c9
1000012c:	100001cf 	.word	0x100001cf
10000130:	100001c9 	.word	0x100001c9
10000134:	100001c9 	.word	0x100001c9
10000138:	100001d1 	.word	0x100001d1
1000013c:	100001d3 	.word	0x100001d3
10000140:	100001c1 	.word	0x100001c1
10000144:	100001c1 	.word	0x100001c1
10000148:	100001c1 	.word	0x100001c1
1000014c:	100001c1 	.word	0x100001c1
10000150:	100001c1 	.word	0x100001c1
10000154:	100001c1 	.word	0x100001c1
10000158:	100001c1 	.word	0x100001c1
1000015c:	100001c1 	.word	0x100001c1
10000160:	100001c1 	.word	0x100001c1
10000164:	100001c1 	.word	0x100001c1
10000168:	100001c1 	.word	0x100001c1
1000016c:	100001c1 	.word	0x100001c1
10000170:	100001c1 	.word	0x100001c1
10000174:	100001c1 	.word	0x100001c1
10000178:	100001c1 	.word	0x100001c1
1000017c:	100001c1 	.word	0x100001c1
10000180:	100001c1 	.word	0x100001c1
10000184:	100001c1 	.word	0x100001c1
10000188:	100001c1 	.word	0x100001c1
1000018c:	100001c1 	.word	0x100001c1
10000190:	100001c1 	.word	0x100001c1
10000194:	100001c1 	.word	0x100001c1
10000198:	100001c1 	.word	0x100001c1
1000019c:	100001c1 	.word	0x100001c1
100001a0:	100001c1 	.word	0x100001c1
100001a4:	100001c1 	.word	0x100001c1
100001a8:	100001c1 	.word	0x100001c1
100001ac:	100001c1 	.word	0x100001c1
100001b0:	100001c1 	.word	0x100001c1
100001b4:	100001c1 	.word	0x100001c1
100001b8:	100001c1 	.word	0x100001c1
100001bc:	100001c1 	.word	0x100001c1

100001c0 <__unhandled_user_irq>:
100001c0:	f3ef 8005 	mrs	r0, IPSR
100001c4:	3810      	subs	r0, #16

100001c6 <unhandled_user_irq_num_in_r0>:
100001c6:	be00      	bkpt	0x0000

100001c8 <isr_invalid>:
100001c8:	be00      	bkpt	0x0000

100001ca <isr_nmi>:
100001ca:	be00      	bkpt	0x0000

100001cc <isr_hardfault>:
100001cc:	be00      	bkpt	0x0000

100001ce <isr_svcall>:
100001ce:	be00      	bkpt	0x0000

100001d0 <isr_pendsv>:
100001d0:	be00      	bkpt	0x0000

100001d2 <isr_systick>:
100001d2:	be00      	bkpt	0x0000

100001d4 <__default_isrs_end>:
100001d4:	7188ebf2 	.word	0x7188ebf2
100001d8:	1000a400 	.word	0x1000a400
100001dc:	1000a424 	.word	0x1000a424
100001e0:	10000238 	.word	0x10000238
100001e4:	e71aa390 	.word	0xe71aa390

100001e8 <_entry_point>:
100001e8:	481e      	ldr	r0, [pc, #120]	@ (10000264 <data_cpy_table+0x2c>)

100001ea <_enter_vtable_in_r0>:
100001ea:	491f      	ldr	r1, [pc, #124]	@ (10000268 <data_cpy_table+0x30>)
100001ec:	6008      	str	r0, [r1, #0]
100001ee:	c806      	ldmia	r0!, {r1, r2}
100001f0:	f381 8808 	msr	MSP, r1
100001f4:	4710      	bx	r2

100001f6 <_reset_handler>:
100001f6:	481d      	ldr	r0, [pc, #116]	@ (1000026c <data_cpy_table+0x34>)
100001f8:	6800      	ldr	r0, [r0, #0]
100001fa:	2800      	cmp	r0, #0
100001fc:	d001      	beq.n	10000202 <hold_non_core0_in_bootrom+0x4>

100001fe <hold_non_core0_in_bootrom>:
100001fe:	4819      	ldr	r0, [pc, #100]	@ (10000264 <data_cpy_table+0x2c>)
10000200:	e7f3      	b.n	100001ea <_enter_vtable_in_r0>
10000202:	a40d      	add	r4, pc, #52	@ (adr r4, 10000238 <data_cpy_table>)
10000204:	cc0e      	ldmia	r4!, {r1, r2, r3}
10000206:	2900      	cmp	r1, #0
10000208:	d002      	beq.n	10000210 <hold_non_core0_in_bootrom+0x12>
1000020a:	f000 f812 	bl	10000232 <data_cpy>
1000020e:	e7f9      	b.n	10000204 <hold_non_core0_in_bootrom+0x6>
10000210:	4917      	ldr	r1, [pc, #92]	@ (10000270 <data_cpy_table+0x38>)
10000212:	4a18      	ldr	r2, [pc, #96]	@ (10000274 <data_cpy_table+0x3c>)
10000214:	2000      	movs	r0, #0
10000216:	e000      	b.n	1000021a <bss_fill_test>

10000218 <bss_fill_loop>:
10000218:	c101      	stmia	r1!, {r0}

1000021a <bss_fill_test>:
1000021a:	4291      	cmp	r1, r2
1000021c:	d1fc      	bne.n	10000218 <bss_fill_loop>

1000021e <platform_entry>:
1000021e:	4916      	ldr	r1, [pc, #88]	@ (10000278 <data_cpy_table+0x40>)
10000220:	4788      	blx	r1
10000222:	4916      	ldr	r1, [pc, #88]	@ (1000027c <data_cpy_table+0x44>)
10000224:	4788      	blx	r1
10000226:	4916      	ldr	r1, [pc, #88]	@ (10000280 <data_cpy_table+0x48>)
10000228:	4788      	blx	r1
1000022a:	be00      	bkpt	0x0000
1000022c:	e7fd      	b.n	1000022a <platform_entry+0xc>

1000022e <data_cpy_loop>:
1000022e:	c901      	ldmia	r1!, {r0}
10000230:	c201      	stmia	r2!, {r0}

10000232 <data_cpy>:
10000232:	429a      	cmp	r2, r3
10000234:	d3fb      	bcc.n	1000022e <data_cpy_loop>
10000236:	4770      	bx	lr

10000238 <data_cpy_table>:
10000238:	1000a424 	.word	0x1000a424
1000023c:	200000c0 	.word	0x200000c0
10000240:	200010b8 	.word	0x200010b8
10000244:	1000b41c 	.word	0x1000b41c
10000248:	20040000 	.word	0x20040000
1000024c:	20040000 	.word	0x20040000
10000250:	1000b41c 	.word	0x1000b41c
10000254:	20041000 	.word	0x20041000
10000258:	20041000 	.word	0x20041000
1000025c:	00000000 	.word	0x00000000
10000260:	4770      	bx	lr
10000262:	0000      	.short	0x0000
10000264:	00000000 	.word	0x00000000
10000268:	e000ed08 	.word	0xe000ed08
1000026c:	d0000000 	.word	0xd0000000
10000270:	200010b8 	.word	0x200010b8
10000274:	2002249c 	.word	0x2002249c
10000278:	10003a2d 	.word	0x10003a2d
1000027c:	10000401 	.word	0x10000401
10000280:	10003a25 	.word	0x10003a25

10000284 <_init>:
10000284:	b5f8      	push	{r3, r4, r5, r6, r7, lr}
10000286:	46c0      	nop			@ (mov r8, r8)

10000288 <register_tm_clones>:
10000288:	4806      	ldr	r0, [pc, #24]	@ (100002a4 <register_tm_clones+0x1c>)
1000028a:	4907      	ldr	r1, [pc, #28]	@ (100002a8 <register_tm_clones+0x20>)
1000028c:	1a09      	subs	r1, r1, r0
1000028e:	108b      	asrs	r3, r1, #2
10000290:	0fc9      	lsrs	r1, r1, #31
10000292:	18c9      	adds	r1, r1, r3
10000294:	b510      	push	{r4, lr}
10000296:	1049      	asrs	r1, r1, #1
10000298:	d003      	beq.n	100002a2 <register_tm_clones+0x1a>
1000029a:	4b04      	ldr	r3, [pc, #16]	@ (100002ac <register_tm_clones+0x24>)
1000029c:	2b00      	cmp	r3, #0
1000029e:	d000      	beq.n	100002a2 <register_tm_clones+0x1a>
100002a0:	4798      	blx	r3
100002a2:	bd10      	pop	{r4, pc}
100002a4:	200010b8 	.word	0x200010b8
100002a8:	200010b8 	.word	0x200010b8
100002ac:	00000000 	.word	0x00000000

100002b0 <frame_dummy>:
100002b0:	4b05      	ldr	r3, [pc, #20]	@ (100002c8 <frame_dummy+0x18>)
100002b2:	b510      	push	{r4, lr}
100002b4:	2b00      	cmp	r3, #0
100002b6:	d003      	beq.n	100002c0 <frame_dummy+0x10>
100002b8:	4904      	ldr	r1, [pc, #16]	@ (100002cc <frame_dummy+0x1c>)
100002ba:	4805      	ldr	r0, [pc, #20]	@ (100002d0 <frame_dummy+0x20>)
100002bc:	e000      	b.n	100002c0 <frame_dummy+0x10>
100002be:	bf00      	nop
100002c0:	f7ff ffe2 	bl	10000288 <register_tm_clones>
100002c4:	bd10      	pop	{r4, pc}
100002c6:	46c0      	nop			@ (mov r8, r8)
100002c8:	00000000 	.word	0x00000000
100002cc:	20001fa8 	.word	0x20001fa8
100002d0:	10009ab0 	.word	0x10009ab0

100002d4 <PIOx_IRQHandler>:
100002d4:	b510      	push	{r4, lr}
100002d6:	4802      	ldr	r0, [pc, #8]	@ (100002e0 <PIOx_IRQHandler+0xc>)
100002d8:	f008 fc0a 	bl	10008af0 <can2040_pio_irq_handler>
100002dc:	bd10      	pop	{r4, pc}
100002de:	46c0      	nop			@ (mov r8, r8)
100002e0:	20001a18 	.word	0x20001a18

100002e4 <CanTransmitTask>:
100002e4:	2302      	movs	r3, #2
100002e6:	b530      	push	{r4, r5, lr}
100002e8:	b085      	sub	sp, #20
100002ea:	9300      	str	r3, [sp, #0]
100002ec:	3306      	adds	r3, #6
100002ee:	9301      	str	r3, [sp, #4]
100002f0:	4b0a      	ldr	r3, [pc, #40]	@ (1000031c <CanTransmitTask+0x38>)
100002f2:	466a      	mov	r2, sp
100002f4:	9302      	str	r3, [sp, #8]
100002f6:	236f      	movs	r3, #111	@ 0x6f
100002f8:	4c09      	ldr	r4, [pc, #36]	@ (10000320 <CanTransmitTask+0x3c>)
100002fa:	4d0a      	ldr	r5, [pc, #40]	@ (10000324 <CanTransmitTask+0x40>)
100002fc:	7313      	strb	r3, [r2, #12]
100002fe:	4669      	mov	r1, sp
10000300:	0020      	movs	r0, r4
10000302:	f009 f8a9 	bl	10009458 <can2040_transmit>
10000306:	2800      	cmp	r0, #0
10000308:	da02      	bge.n	10000310 <CanTransmitTask+0x2c>
1000030a:	0028      	movs	r0, r5
1000030c:	f003 fd9e 	bl	10003e4c <__wrap_printf>
10000310:	20fa      	movs	r0, #250	@ 0xfa
10000312:	00c0      	lsls	r0, r0, #3
10000314:	f007 fca6 	bl	10007c64 <vTaskDelay>
10000318:	e7f1      	b.n	100002fe <CanTransmitTask+0x1a>
1000031a:	46c0      	nop			@ (mov r8, r8)
1000031c:	6c6c6568 	.word	0x6c6c6568
10000320:	20001a18 	.word	0x20001a18
10000324:	10009ab0 	.word	0x10009ab0

10000328 <CanReceiveTask>:
10000328:	4b15      	ldr	r3, [pc, #84]	@ (10000380 <CanReceiveTask+0x58>)
1000032a:	b5f0      	push	{r4, r5, r6, r7, lr}
1000032c:	4647      	mov	r7, r8
1000032e:	46ce      	mov	lr, r9
10000330:	4699      	mov	r9, r3
10000332:	2300      	movs	r3, #0
10000334:	b580      	push	{r7, lr}
10000336:	4698      	mov	r8, r3
10000338:	27ff      	movs	r7, #255	@ 0xff
1000033a:	b089      	sub	sp, #36	@ 0x24
1000033c:	4d11      	ldr	r5, [pc, #68]	@ (10000384 <CanReceiveTask+0x5c>)
1000033e:	ac04      	add	r4, sp, #16
10000340:	2201      	movs	r2, #1
10000342:	0021      	movs	r1, r4
10000344:	6828      	ldr	r0, [r5, #0]
10000346:	4252      	negs	r2, r2
10000348:	f007 f80a 	bl	10007360 <xQueueReceive>
1000034c:	2801      	cmp	r0, #1
1000034e:	d1f7      	bne.n	10000340 <CanReceiveTask+0x18>
10000350:	6866      	ldr	r6, [r4, #4]
10000352:	b2f3      	uxtb	r3, r6
10000354:	2b00      	cmp	r3, #0
10000356:	d005      	beq.n	10000364 <CanReceiveTask+0x3c>
10000358:	003a      	movs	r2, r7
1000035a:	a906      	add	r1, sp, #24
1000035c:	4032      	ands	r2, r6
1000035e:	a801      	add	r0, sp, #4
10000360:	f001 feda 	bl	10002118 <__wrap___aeabi_memcpy>
10000364:	003b      	movs	r3, r7
10000366:	466a      	mov	r2, sp
10000368:	4641      	mov	r1, r8
1000036a:	4033      	ands	r3, r6
1000036c:	3204      	adds	r2, #4
1000036e:	54d1      	strb	r1, [r2, r3]
10000370:	4648      	mov	r0, r9
10000372:	0013      	movs	r3, r2
10000374:	6821      	ldr	r1, [r4, #0]
10000376:	0032      	movs	r2, r6
10000378:	f003 fd68 	bl	10003e4c <__wrap_printf>
1000037c:	e7e0      	b.n	10000340 <CanReceiveTask+0x18>
1000037e:	46c0      	nop			@ (mov r8, r8)
10000380:	10009ad8 	.word	0x10009ad8
10000384:	20002274 	.word	0x20002274

10000388 <can2040_cb>:
10000388:	b510      	push	{r4, lr}
1000038a:	0014      	movs	r4, r2
1000038c:	02c9      	lsls	r1, r1, #11
1000038e:	d400      	bmi.n	10000392 <can2040_cb+0xa>
10000390:	bd10      	pop	{r4, pc}
10000392:	4b04      	ldr	r3, [pc, #16]	@ (100003a4 <can2040_cb+0x1c>)
10000394:	2200      	movs	r2, #0
10000396:	0021      	movs	r1, r4
10000398:	6818      	ldr	r0, [r3, #0]
1000039a:	2300      	movs	r3, #0
1000039c:	f006 ff38 	bl	10007210 <xQueueGenericSendFromISR>
100003a0:	e7f6      	b.n	10000390 <can2040_cb+0x8>
100003a2:	46c0      	nop			@ (mov r8, r8)
100003a4:	20002274 	.word	0x20002274

100003a8 <canbus_setup>:
100003a8:	b510      	push	{r4, lr}
100003aa:	4c10      	ldr	r4, [pc, #64]	@ (100003ec <canbus_setup+0x44>)
100003ac:	b082      	sub	sp, #8
100003ae:	0020      	movs	r0, r4
100003b0:	2100      	movs	r1, #0
100003b2:	f009 fa2f 	bl	10009814 <can2040_setup>
100003b6:	0020      	movs	r0, r4
100003b8:	490d      	ldr	r1, [pc, #52]	@ (100003f0 <canbus_setup+0x48>)
100003ba:	f009 fa43 	bl	10009844 <can2040_callback_config>
100003be:	2007      	movs	r0, #7
100003c0:	490c      	ldr	r1, [pc, #48]	@ (100003f4 <canbus_setup+0x4c>)
100003c2:	f000 f953 	bl	1000066c <irq_set_exclusive_handler>
100003c6:	217f      	movs	r1, #127	@ 0x7f
100003c8:	2007      	movs	r0, #7
100003ca:	f000 fa73 	bl	100008b4 <irq_set_priority>
100003ce:	2101      	movs	r1, #1
100003d0:	2007      	movs	r0, #7
100003d2:	f000 f913 	bl	100005fc <irq_set_enabled>
100003d6:	2305      	movs	r3, #5
100003d8:	0020      	movs	r0, r4
100003da:	9300      	str	r3, [sp, #0]
100003dc:	4a06      	ldr	r2, [pc, #24]	@ (100003f8 <canbus_setup+0x50>)
100003de:	4907      	ldr	r1, [pc, #28]	@ (100003fc <canbus_setup+0x54>)
100003e0:	3b01      	subs	r3, #1
100003e2:	f009 fa31 	bl	10009848 <can2040_start>
100003e6:	b002      	add	sp, #8
100003e8:	bd10      	pop	{r4, pc}
100003ea:	46c0      	nop			@ (mov r8, r8)
100003ec:	20001a18 	.word	0x20001a18
100003f0:	10000389 	.word	0x10000389
100003f4:	100002d5 	.word	0x100002d5
100003f8:	0007a120 	.word	0x0007a120
100003fc:	07735940 	.word	0x07735940

10000400 <main>:
10000400:	b530      	push	{r4, r5, lr}
10000402:	b083      	sub	sp, #12
10000404:	f003 fc50 	bl	10003ca8 <stdio_init_all>
10000408:	4812      	ldr	r0, [pc, #72]	@ (10000454 <main+0x54>)
1000040a:	f000 fe2b 	bl	10001064 <sleep_ms>
1000040e:	2200      	movs	r2, #0
10000410:	2110      	movs	r1, #16
10000412:	2040      	movs	r0, #64	@ 0x40
10000414:	f006 feaa 	bl	1000716c <xQueueGenericCreate>
10000418:	4b0f      	ldr	r3, [pc, #60]	@ (10000458 <main+0x58>)
1000041a:	2500      	movs	r5, #0
1000041c:	2401      	movs	r4, #1
1000041e:	6018      	str	r0, [r3, #0]
10000420:	f7ff ffc2 	bl	100003a8 <canbus_setup>
10000424:	2280      	movs	r2, #128	@ 0x80
10000426:	2300      	movs	r3, #0
10000428:	490c      	ldr	r1, [pc, #48]	@ (1000045c <main+0x5c>)
1000042a:	9501      	str	r5, [sp, #4]
1000042c:	9400      	str	r4, [sp, #0]
1000042e:	0092      	lsls	r2, r2, #2
10000430:	480b      	ldr	r0, [pc, #44]	@ (10000460 <main+0x60>)
10000432:	f007 fafd 	bl	10007a30 <xTaskCreate>
10000436:	2280      	movs	r2, #128	@ 0x80
10000438:	2300      	movs	r3, #0
1000043a:	490a      	ldr	r1, [pc, #40]	@ (10000464 <main+0x64>)
1000043c:	0092      	lsls	r2, r2, #2
1000043e:	9501      	str	r5, [sp, #4]
10000440:	9400      	str	r4, [sp, #0]
10000442:	4809      	ldr	r0, [pc, #36]	@ (10000468 <main+0x68>)
10000444:	f007 faf4 	bl	10007a30 <xTaskCreate>
10000448:	f007 fb04 	bl	10007a54 <vTaskStartScheduler>
1000044c:	2000      	movs	r0, #0
1000044e:	b003      	add	sp, #12
10000450:	bd30      	pop	{r4, r5, pc}
10000452:	46c0      	nop			@ (mov r8, r8)
10000454:	00001388 	.word	0x00001388
10000458:	20002274 	.word	0x20002274
1000045c:	10009af8 	.word	0x10009af8
10000460:	10000329 	.word	0x10000329
10000464:	10009b08 	.word	0x10009b08
10000468:	100002e5 	.word	0x100002e5

1000046c <rp2040_chip_version>:
1000046c:	2380      	movs	r3, #128	@ 0x80
1000046e:	05db      	lsls	r3, r3, #23
10000470:	6818      	ldr	r0, [r3, #0]
10000472:	0f00      	lsrs	r0, r0, #28
10000474:	4770      	bx	lr
10000476:	46c0      	nop			@ (mov r8, r8)

10000478 <panic>:
10000478:	b40f      	push	{r0, r1, r2, r3}
1000047a:	b500      	push	{lr}
1000047c:	4808      	ldr	r0, [pc, #32]	@ (100004a0 <panic+0x28>)
1000047e:	b083      	sub	sp, #12
10000480:	f003 fc60 	bl	10003d44 <__wrap_puts>
10000484:	9b04      	ldr	r3, [sp, #16]
10000486:	2b00      	cmp	r3, #0
10000488:	d007      	beq.n	1000049a <panic+0x22>
1000048a:	a905      	add	r1, sp, #20
1000048c:	0018      	movs	r0, r3
1000048e:	9101      	str	r1, [sp, #4]
10000490:	f003 faaa 	bl	100039e8 <weak_raw_vprintf>
10000494:	4803      	ldr	r0, [pc, #12]	@ (100004a4 <panic+0x2c>)
10000496:	f003 fc55 	bl	10003d44 <__wrap_puts>
1000049a:	2001      	movs	r0, #1
1000049c:	f003 fabc 	bl	10003a18 <_exit>
100004a0:	10009b18 	.word	0x10009b18
100004a4:	10009af4 	.word	0x10009af4

100004a8 <panic_unsupported>:
100004a8:	b510      	push	{r4, lr}
100004aa:	4801      	ldr	r0, [pc, #4]	@ (100004b0 <panic_unsupported+0x8>)
100004ac:	f7ff ffe4 	bl	10000478 <panic>
100004b0:	10009b28 	.word	0x10009b28

100004b4 <hw_claim_or_assert>:
100004b4:	b570      	push	{r4, r5, r6, lr}
100004b6:	f3ef 8c10 	mrs	ip, PRIMASK
100004ba:	b672      	cpsid	i
100004bc:	4d0d      	ldr	r5, [pc, #52]	@ (100004f4 <hw_claim_or_assert+0x40>)
100004be:	682b      	ldr	r3, [r5, #0]
100004c0:	2b00      	cmp	r3, #0
100004c2:	d0fc      	beq.n	100004be <hw_claim_or_assert+0xa>
100004c4:	f3bf 8f5f 	dmb	sy
100004c8:	2407      	movs	r4, #7
100004ca:	08cb      	lsrs	r3, r1, #3
100004cc:	18c6      	adds	r6, r0, r3
100004ce:	5cc0      	ldrb	r0, [r0, r3]
100004d0:	2301      	movs	r3, #1
100004d2:	400c      	ands	r4, r1
100004d4:	40a3      	lsls	r3, r4
100004d6:	001c      	movs	r4, r3
100004d8:	4004      	ands	r4, r0
100004da:	4203      	tst	r3, r0
100004dc:	d107      	bne.n	100004ee <hw_claim_or_assert+0x3a>
100004de:	4318      	orrs	r0, r3
100004e0:	7030      	strb	r0, [r6, #0]
100004e2:	f3bf 8f5f 	dmb	sy
100004e6:	602c      	str	r4, [r5, #0]
100004e8:	f38c 8810 	msr	PRIMASK, ip
100004ec:	bd70      	pop	{r4, r5, r6, pc}
100004ee:	0010      	movs	r0, r2
100004f0:	f7ff ffc2 	bl	10000478 <panic>
100004f4:	d000012c 	.word	0xd000012c

100004f8 <hw_claim_unused_from_range>:
100004f8:	b5f8      	push	{r3, r4, r5, r6, r7, lr}
100004fa:	4647      	mov	r7, r8
100004fc:	46ce      	mov	lr, r9
100004fe:	4688      	mov	r8, r1
10000500:	b580      	push	{r7, lr}
10000502:	f3ef 8c10 	mrs	ip, PRIMASK
10000506:	b672      	cpsid	i
10000508:	4d1c      	ldr	r5, [pc, #112]	@ (1000057c <hw_claim_unused_from_range+0x84>)
1000050a:	682c      	ldr	r4, [r5, #0]
1000050c:	2c00      	cmp	r4, #0
1000050e:	d0fc      	beq.n	1000050a <hw_claim_unused_from_range+0x12>
10000510:	f3bf 8f5f 	dmb	sy
10000514:	429a      	cmp	r2, r3
10000516:	d822      	bhi.n	1000055e <hw_claim_unused_from_range+0x66>
10000518:	2107      	movs	r1, #7
1000051a:	2601      	movs	r6, #1
1000051c:	4689      	mov	r9, r1
1000051e:	e002      	b.n	10000526 <hw_claim_unused_from_range+0x2e>
10000520:	3201      	adds	r2, #1
10000522:	4293      	cmp	r3, r2
10000524:	d318      	bcc.n	10000558 <hw_claim_unused_from_range+0x60>
10000526:	464d      	mov	r5, r9
10000528:	0037      	movs	r7, r6
1000052a:	4015      	ands	r5, r2
1000052c:	40af      	lsls	r7, r5
1000052e:	08d4      	lsrs	r4, r2, #3
10000530:	1901      	adds	r1, r0, r4
10000532:	5d04      	ldrb	r4, [r0, r4]
10000534:	4227      	tst	r7, r4
10000536:	d1f3      	bne.n	10000520 <hw_claim_unused_from_range+0x28>
10000538:	0010      	movs	r0, r2
1000053a:	433c      	orrs	r4, r7
1000053c:	700c      	strb	r4, [r1, #0]
1000053e:	f3bf 8f5f 	dmb	sy
10000542:	2200      	movs	r2, #0
10000544:	4b0d      	ldr	r3, [pc, #52]	@ (1000057c <hw_claim_unused_from_range+0x84>)
10000546:	601a      	str	r2, [r3, #0]
10000548:	f38c 8810 	msr	PRIMASK, ip
1000054c:	2800      	cmp	r0, #0
1000054e:	db0e      	blt.n	1000056e <hw_claim_unused_from_range+0x76>
10000550:	bcc0      	pop	{r6, r7}
10000552:	46b9      	mov	r9, r7
10000554:	46b0      	mov	r8, r6
10000556:	bdf8      	pop	{r3, r4, r5, r6, r7, pc}
10000558:	2001      	movs	r0, #1
1000055a:	4240      	negs	r0, r0
1000055c:	e7ef      	b.n	1000053e <hw_claim_unused_from_range+0x46>
1000055e:	f3bf 8f5f 	dmb	sy
10000562:	2300      	movs	r3, #0
10000564:	602b      	str	r3, [r5, #0]
10000566:	f38c 8810 	msr	PRIMASK, ip
1000056a:	2001      	movs	r0, #1
1000056c:	4240      	negs	r0, r0
1000056e:	4643      	mov	r3, r8
10000570:	2b00      	cmp	r3, #0
10000572:	d0ed      	beq.n	10000550 <hw_claim_unused_from_range+0x58>
10000574:	9808      	ldr	r0, [sp, #32]
10000576:	f7ff ff7f 	bl	10000478 <panic>
1000057a:	46c0      	nop			@ (mov r8, r8)
1000057c:	d000012c 	.word	0xd000012c

10000580 <next_striped_spin_lock_num>:
10000580:	4a04      	ldr	r2, [pc, #16]	@ (10000594 <next_striped_spin_lock_num+0x14>)
10000582:	7810      	ldrb	r0, [r2, #0]
10000584:	1c43      	adds	r3, r0, #1
10000586:	b2db      	uxtb	r3, r3
10000588:	2b17      	cmp	r3, #23
1000058a:	d900      	bls.n	1000058e <next_striped_spin_lock_num+0xe>
1000058c:	2310      	movs	r3, #16
1000058e:	7013      	strb	r3, [r2, #0]
10000590:	4770      	bx	lr
10000592:	46c0      	nop			@ (mov r8, r8)
10000594:	20000fe8 	.word	0x20000fe8

10000598 <spin_lock_claim_unused>:
10000598:	b510      	push	{r4, lr}
1000059a:	4b06      	ldr	r3, [pc, #24]	@ (100005b4 <spin_lock_claim_unused+0x1c>)
1000059c:	4c06      	ldr	r4, [pc, #24]	@ (100005b8 <spin_lock_claim_unused+0x20>)
1000059e:	b082      	sub	sp, #8
100005a0:	0001      	movs	r1, r0
100005a2:	9300      	str	r3, [sp, #0]
100005a4:	2218      	movs	r2, #24
100005a6:	231f      	movs	r3, #31
100005a8:	0020      	movs	r0, r4
100005aa:	f7ff ffa5 	bl	100004f8 <hw_claim_unused_from_range>
100005ae:	b002      	add	sp, #8
100005b0:	bd10      	pop	{r4, pc}
100005b2:	46c0      	nop			@ (mov r8, r8)
100005b4:	10009b38 	.word	0x10009b38
100005b8:	20001b38 	.word	0x20001b38

100005bc <spin_locks_reset>:
100005bc:	2100      	movs	r1, #0
100005be:	4b04      	ldr	r3, [pc, #16]	@ (100005d0 <spin_locks_reset+0x14>)
100005c0:	4a04      	ldr	r2, [pc, #16]	@ (100005d4 <spin_locks_reset+0x18>)
100005c2:	f3bf 8f5f 	dmb	sy
100005c6:	c302      	stmia	r3!, {r1}
100005c8:	4293      	cmp	r3, r2
100005ca:	d1fa      	bne.n	100005c2 <spin_locks_reset+0x6>
100005cc:	4770      	bx	lr
100005ce:	46c0      	nop			@ (mov r8, r8)
100005d0:	d0000100 	.word	0xd0000100
100005d4:	d0000180 	.word	0xd0000180

100005d8 <runtime_init_per_core_irq_priorities>:
100005d8:	4b05      	ldr	r3, [pc, #20]	@ (100005f0 <runtime_init_per_core_irq_priorities+0x18>)
100005da:	4a06      	ldr	r2, [pc, #24]	@ (100005f4 <runtime_init_per_core_irq_priorities+0x1c>)
100005dc:	6013      	str	r3, [r2, #0]
100005de:	4a06      	ldr	r2, [pc, #24]	@ (100005f8 <runtime_init_per_core_irq_priorities+0x20>)
100005e0:	6013      	str	r3, [r2, #0]
100005e2:	6053      	str	r3, [r2, #4]
100005e4:	6093      	str	r3, [r2, #8]
100005e6:	60d3      	str	r3, [r2, #12]
100005e8:	6113      	str	r3, [r2, #16]
100005ea:	6153      	str	r3, [r2, #20]
100005ec:	6193      	str	r3, [r2, #24]
100005ee:	4770      	bx	lr
100005f0:	80808080 	.word	0x80808080
100005f4:	e000e400 	.word	0xe000e400
100005f8:	e000e404 	.word	0xe000e404

100005fc <irq_set_enabled>:
100005fc:	231f      	movs	r3, #31
100005fe:	4018      	ands	r0, r3
10000600:	3b1e      	subs	r3, #30
10000602:	4083      	lsls	r3, r0
10000604:	2900      	cmp	r1, #0
10000606:	d005      	beq.n	10000614 <irq_set_enabled+0x18>
10000608:	21c0      	movs	r1, #192	@ 0xc0
1000060a:	4a04      	ldr	r2, [pc, #16]	@ (1000061c <irq_set_enabled+0x20>)
1000060c:	0049      	lsls	r1, r1, #1
1000060e:	5053      	str	r3, [r2, r1]
10000610:	6013      	str	r3, [r2, #0]
10000612:	4770      	bx	lr
10000614:	2280      	movs	r2, #128	@ 0x80
10000616:	4901      	ldr	r1, [pc, #4]	@ (1000061c <irq_set_enabled+0x20>)
10000618:	508b      	str	r3, [r1, r2]
1000061a:	e7fa      	b.n	10000612 <irq_set_enabled+0x16>
1000061c:	e000e100 	.word	0xe000e100

10000620 <irq_is_enabled>:
10000620:	2201      	movs	r2, #1
10000622:	4082      	lsls	r2, r0
10000624:	4b03      	ldr	r3, [pc, #12]	@ (10000634 <irq_is_enabled+0x14>)
10000626:	681b      	ldr	r3, [r3, #0]
10000628:	4013      	ands	r3, r2
1000062a:	1e5a      	subs	r2, r3, #1
1000062c:	4193      	sbcs	r3, r2
1000062e:	b2d8      	uxtb	r0, r3
10000630:	4770      	bx	lr
10000632:	46c0      	nop			@ (mov r8, r8)
10000634:	e000e100 	.word	0xe000e100

10000638 <irq_set_pending>:
10000638:	2301      	movs	r3, #1
1000063a:	4083      	lsls	r3, r0
1000063c:	4a01      	ldr	r2, [pc, #4]	@ (10000644 <irq_set_pending+0xc>)
1000063e:	6013      	str	r3, [r2, #0]
10000640:	4770      	bx	lr
10000642:	46c0      	nop			@ (mov r8, r8)
10000644:	e000e200 	.word	0xe000e200

10000648 <irq_has_shared_handler>:
10000648:	4b06      	ldr	r3, [pc, #24]	@ (10000664 <irq_has_shared_handler+0x1c>)
1000064a:	3010      	adds	r0, #16
1000064c:	689b      	ldr	r3, [r3, #8]
1000064e:	0080      	lsls	r0, r0, #2
10000650:	58c3      	ldr	r3, [r0, r3]
10000652:	4a05      	ldr	r2, [pc, #20]	@ (10000668 <irq_has_shared_handler+0x20>)
10000654:	2000      	movs	r0, #0
10000656:	1a9b      	subs	r3, r3, r2
10000658:	222f      	movs	r2, #47	@ 0x2f
1000065a:	429a      	cmp	r2, r3
1000065c:	4140      	adcs	r0, r0
1000065e:	b2c0      	uxtb	r0, r0
10000660:	4770      	bx	lr
10000662:	46c0      	nop			@ (mov r8, r8)
10000664:	e000ed00 	.word	0xe000ed00
10000668:	20000fec 	.word	0x20000fec

1000066c <irq_set_exclusive_handler>:
1000066c:	b570      	push	{r4, r5, r6, lr}
1000066e:	000d      	movs	r5, r1
10000670:	f3ef 8610 	mrs	r6, PRIMASK
10000674:	b672      	cpsid	i
10000676:	4a0f      	ldr	r2, [pc, #60]	@ (100006b4 <irq_set_exclusive_handler+0x48>)
10000678:	6813      	ldr	r3, [r2, #0]
1000067a:	2b00      	cmp	r3, #0
1000067c:	d0fc      	beq.n	10000678 <irq_set_exclusive_handler+0xc>
1000067e:	f3bf 8f5f 	dmb	sy
10000682:	4b0d      	ldr	r3, [pc, #52]	@ (100006b8 <irq_set_exclusive_handler+0x4c>)
10000684:	3010      	adds	r0, #16
10000686:	689b      	ldr	r3, [r3, #8]
10000688:	0084      	lsls	r4, r0, #2
1000068a:	591b      	ldr	r3, [r3, r4]
1000068c:	4a0b      	ldr	r2, [pc, #44]	@ (100006bc <irq_set_exclusive_handler+0x50>)
1000068e:	4293      	cmp	r3, r2
10000690:	d003      	beq.n	1000069a <irq_set_exclusive_handler+0x2e>
10000692:	429d      	cmp	r5, r3
10000694:	d001      	beq.n	1000069a <irq_set_exclusive_handler+0x2e>
10000696:	f001 f817 	bl	100016c8 <hard_assertion_failure>
1000069a:	4b07      	ldr	r3, [pc, #28]	@ (100006b8 <irq_set_exclusive_handler+0x4c>)
1000069c:	689b      	ldr	r3, [r3, #8]
1000069e:	511d      	str	r5, [r3, r4]
100006a0:	f3bf 8f5f 	dmb	sy
100006a4:	f3bf 8f5f 	dmb	sy
100006a8:	2200      	movs	r2, #0
100006aa:	4b02      	ldr	r3, [pc, #8]	@ (100006b4 <irq_set_exclusive_handler+0x48>)
100006ac:	601a      	str	r2, [r3, #0]
100006ae:	f386 8810 	msr	PRIMASK, r6
100006b2:	bd70      	pop	{r4, r5, r6, pc}
100006b4:	d0000124 	.word	0xd0000124
100006b8:	e000ed00 	.word	0xe000ed00
100006bc:	100001c1 	.word	0x100001c1

100006c0 <irq_add_shared_handler>:
100006c0:	b5f0      	push	{r4, r5, r6, r7, lr}
100006c2:	4657      	mov	r7, sl
100006c4:	464e      	mov	r6, r9
100006c6:	46de      	mov	lr, fp
100006c8:	4645      	mov	r5, r8
100006ca:	b5e0      	push	{r5, r6, r7, lr}
100006cc:	b085      	sub	sp, #20
100006ce:	0006      	movs	r6, r0
100006d0:	9100      	str	r1, [sp, #0]
100006d2:	0017      	movs	r7, r2
100006d4:	f3ef 8b10 	mrs	fp, PRIMASK
100006d8:	b672      	cpsid	i
100006da:	4a6a      	ldr	r2, [pc, #424]	@ (10000884 <irq_add_shared_handler+0x1c4>)
100006dc:	6813      	ldr	r3, [r2, #0]
100006de:	2b00      	cmp	r3, #0
100006e0:	d0fc      	beq.n	100006dc <irq_add_shared_handler+0x1c>
100006e2:	f3bf 8f5f 	dmb	sy
100006e6:	2500      	movs	r5, #0
100006e8:	4b67      	ldr	r3, [pc, #412]	@ (10000888 <irq_add_shared_handler+0x1c8>)
100006ea:	575d      	ldrsb	r5, [r3, r5]
100006ec:	469a      	mov	sl, r3
100006ee:	2d00      	cmp	r5, #0
100006f0:	da00      	bge.n	100006f4 <irq_add_shared_handler+0x34>
100006f2:	e0a9      	b.n	10000848 <irq_add_shared_handler+0x188>
100006f4:	006b      	lsls	r3, r5, #1
100006f6:	4c65      	ldr	r4, [pc, #404]	@ (1000088c <irq_add_shared_handler+0x1cc>)
100006f8:	9301      	str	r3, [sp, #4]
100006fa:	195b      	adds	r3, r3, r5
100006fc:	009b      	lsls	r3, r3, #2
100006fe:	4698      	mov	r8, r3
10000700:	46a1      	mov	r9, r4
10000702:	44c1      	add	r9, r8
10000704:	464b      	mov	r3, r9
10000706:	4652      	mov	r2, sl
10000708:	799b      	ldrb	r3, [r3, #6]
1000070a:	3610      	adds	r6, #16
1000070c:	7013      	strb	r3, [r2, #0]
1000070e:	4b60      	ldr	r3, [pc, #384]	@ (10000890 <irq_add_shared_handler+0x1d0>)
10000710:	00b6      	lsls	r6, r6, #2
10000712:	689b      	ldr	r3, [r3, #8]
10000714:	5999      	ldr	r1, [r3, r6]
10000716:	1b0b      	subs	r3, r1, r4
10000718:	2b2f      	cmp	r3, #47	@ 0x2f
1000071a:	d933      	bls.n	10000784 <irq_add_shared_handler+0xc4>
1000071c:	4b5d      	ldr	r3, [pc, #372]	@ (10000894 <irq_add_shared_handler+0x1d4>)
1000071e:	4299      	cmp	r1, r3
10000720:	d000      	beq.n	10000724 <irq_add_shared_handler+0x64>
10000722:	e0ac      	b.n	1000087e <irq_add_shared_handler+0x1be>
10000724:	9b01      	ldr	r3, [sp, #4]
10000726:	4642      	mov	r2, r8
10000728:	469c      	mov	ip, r3
1000072a:	4b5b      	ldr	r3, [pc, #364]	@ (10000898 <irq_add_shared_handler+0x1d8>)
1000072c:	4465      	add	r5, ip
1000072e:	00ad      	lsls	r5, r5, #2
10000730:	5363      	strh	r3, [r4, r5]
10000732:	4b5a      	ldr	r3, [pc, #360]	@ (1000089c <irq_add_shared_handler+0x1dc>)
10000734:	3202      	adds	r2, #2
10000736:	18a2      	adds	r2, r4, r2
10000738:	3b04      	subs	r3, #4
1000073a:	1a9b      	subs	r3, r3, r2
1000073c:	051b      	lsls	r3, r3, #20
1000073e:	4a58      	ldr	r2, [pc, #352]	@ (100008a0 <irq_add_shared_handler+0x1e0>)
10000740:	0d5b      	lsrs	r3, r3, #21
10000742:	1965      	adds	r5, r4, r5
10000744:	4313      	orrs	r3, r2
10000746:	806b      	strh	r3, [r5, #2]
10000748:	4b56      	ldr	r3, [pc, #344]	@ (100008a4 <irq_add_shared_handler+0x1e4>)
1000074a:	2101      	movs	r1, #1
1000074c:	80ab      	strh	r3, [r5, #4]
1000074e:	23ff      	movs	r3, #255	@ 0xff
10000750:	71ab      	strb	r3, [r5, #6]
10000752:	9b00      	ldr	r3, [sp, #0]
10000754:	71ef      	strb	r7, [r5, #7]
10000756:	60ab      	str	r3, [r5, #8]
10000758:	464b      	mov	r3, r9
1000075a:	430b      	orrs	r3, r1
1000075c:	0019      	movs	r1, r3
1000075e:	4b4c      	ldr	r3, [pc, #304]	@ (10000890 <irq_add_shared_handler+0x1d0>)
10000760:	689b      	ldr	r3, [r3, #8]
10000762:	5199      	str	r1, [r3, r6]
10000764:	f3bf 8f5f 	dmb	sy
10000768:	f3bf 8f5f 	dmb	sy
1000076c:	2200      	movs	r2, #0
1000076e:	4b45      	ldr	r3, [pc, #276]	@ (10000884 <irq_add_shared_handler+0x1c4>)
10000770:	601a      	str	r2, [r3, #0]
10000772:	f38b 8810 	msr	PRIMASK, fp
10000776:	b005      	add	sp, #20
10000778:	bcf0      	pop	{r4, r5, r6, r7}
1000077a:	46bb      	mov	fp, r7
1000077c:	46b2      	mov	sl, r6
1000077e:	46a9      	mov	r9, r5
10000780:	46a0      	mov	r8, r4
10000782:	bdf0      	pop	{r4, r5, r6, r7, pc}
10000784:	2001      	movs	r0, #1
10000786:	000a      	movs	r2, r1
10000788:	4382      	bics	r2, r0
1000078a:	79d3      	ldrb	r3, [r2, #7]
1000078c:	468c      	mov	ip, r1
1000078e:	42bb      	cmp	r3, r7
10000790:	d831      	bhi.n	100007f6 <irq_add_shared_handler+0x136>
10000792:	4645      	mov	r5, r8
10000794:	0013      	movs	r3, r2
10000796:	4944      	ldr	r1, [pc, #272]	@ (100008a8 <irq_add_shared_handler+0x1e8>)
10000798:	1b1b      	subs	r3, r3, r4
1000079a:	415b      	adcs	r3, r3
1000079c:	4359      	muls	r1, r3
1000079e:	0d09      	lsrs	r1, r1, #20
100007a0:	4b3d      	ldr	r3, [pc, #244]	@ (10000898 <irq_add_shared_handler+0x1d8>)
100007a2:	5363      	strh	r3, [r4, r5]
100007a4:	4b3d      	ldr	r3, [pc, #244]	@ (1000089c <irq_add_shared_handler+0x1dc>)
100007a6:	3502      	adds	r5, #2
100007a8:	1965      	adds	r5, r4, r5
100007aa:	3b04      	subs	r3, #4
100007ac:	1b5b      	subs	r3, r3, r5
100007ae:	051b      	lsls	r3, r3, #20
100007b0:	4d3b      	ldr	r5, [pc, #236]	@ (100008a0 <irq_add_shared_handler+0x1e0>)
100007b2:	0d5b      	lsrs	r3, r3, #21
100007b4:	432b      	orrs	r3, r5
100007b6:	46aa      	mov	sl, r5
100007b8:	464d      	mov	r5, r9
100007ba:	806b      	strh	r3, [r5, #2]
100007bc:	2504      	movs	r5, #4
100007be:	46ac      	mov	ip, r5
100007c0:	4655      	mov	r5, sl
100007c2:	44e0      	add	r8, ip
100007c4:	1f13      	subs	r3, r2, #4
100007c6:	4444      	add	r4, r8
100007c8:	1b1b      	subs	r3, r3, r4
100007ca:	051b      	lsls	r3, r3, #20
100007cc:	0d5b      	lsrs	r3, r3, #21
100007ce:	431d      	orrs	r5, r3
100007d0:	464b      	mov	r3, r9
100007d2:	7199      	strb	r1, [r3, #6]
100007d4:	9900      	ldr	r1, [sp, #0]
100007d6:	809d      	strh	r5, [r3, #4]
100007d8:	6099      	str	r1, [r3, #8]
100007da:	4649      	mov	r1, r9
100007dc:	71df      	strb	r7, [r3, #7]
100007de:	4b33      	ldr	r3, [pc, #204]	@ (100008ac <irq_add_shared_handler+0x1ec>)
100007e0:	4301      	orrs	r1, r0
100007e2:	6013      	str	r3, [r2, #0]
100007e4:	e7bb      	b.n	1000075e <irq_add_shared_handler+0x9e>
100007e6:	0058      	lsls	r0, r3, #1
100007e8:	18c0      	adds	r0, r0, r3
100007ea:	0080      	lsls	r0, r0, #2
100007ec:	1820      	adds	r0, r4, r0
100007ee:	79c1      	ldrb	r1, [r0, #7]
100007f0:	42b9      	cmp	r1, r7
100007f2:	d92f      	bls.n	10000854 <irq_add_shared_handler+0x194>
100007f4:	0002      	movs	r2, r0
100007f6:	2306      	movs	r3, #6
100007f8:	56d3      	ldrsb	r3, [r2, r3]
100007fa:	2b00      	cmp	r3, #0
100007fc:	daf3      	bge.n	100007e6 <irq_add_shared_handler+0x126>
100007fe:	9302      	str	r3, [sp, #8]
10000800:	4b2b      	ldr	r3, [pc, #172]	@ (100008b0 <irq_add_shared_handler+0x1f0>)
10000802:	4661      	mov	r1, ip
10000804:	9303      	str	r3, [sp, #12]
10000806:	1d13      	adds	r3, r2, #4
10000808:	469a      	mov	sl, r3
1000080a:	2304      	movs	r3, #4
1000080c:	425b      	negs	r3, r3
1000080e:	469c      	mov	ip, r3
10000810:	44e1      	add	r9, ip
10000812:	4650      	mov	r0, sl
10000814:	464b      	mov	r3, r9
10000816:	1a1b      	subs	r3, r3, r0
10000818:	051b      	lsls	r3, r3, #20
1000081a:	0d5b      	lsrs	r3, r3, #21
1000081c:	469c      	mov	ip, r3
1000081e:	4b20      	ldr	r3, [pc, #128]	@ (100008a0 <irq_add_shared_handler+0x1e0>)
10000820:	7195      	strb	r5, [r2, #6]
10000822:	4698      	mov	r8, r3
10000824:	4663      	mov	r3, ip
10000826:	4640      	mov	r0, r8
10000828:	4303      	orrs	r3, r0
1000082a:	8093      	strh	r3, [r2, #4]
1000082c:	9b01      	ldr	r3, [sp, #4]
1000082e:	195a      	adds	r2, r3, r5
10000830:	0092      	lsls	r2, r2, #2
10000832:	9b03      	ldr	r3, [sp, #12]
10000834:	18a4      	adds	r4, r4, r2
10000836:	80a3      	strh	r3, [r4, #4]
10000838:	9b02      	ldr	r3, [sp, #8]
1000083a:	4a1c      	ldr	r2, [pc, #112]	@ (100008ac <irq_add_shared_handler+0x1ec>)
1000083c:	71a3      	strb	r3, [r4, #6]
1000083e:	9b00      	ldr	r3, [sp, #0]
10000840:	6022      	str	r2, [r4, #0]
10000842:	71e7      	strb	r7, [r4, #7]
10000844:	60a3      	str	r3, [r4, #8]
10000846:	e78a      	b.n	1000075e <irq_add_shared_handler+0x9e>
10000848:	f000 ff3e 	bl	100016c8 <hard_assertion_failure>
1000084c:	2500      	movs	r5, #0
1000084e:	4653      	mov	r3, sl
10000850:	575d      	ldrsb	r5, [r3, r5]
10000852:	e74f      	b.n	100006f4 <irq_add_shared_handler+0x34>
10000854:	8890      	ldrh	r0, [r2, #4]
10000856:	9302      	str	r3, [sp, #8]
10000858:	0540      	lsls	r0, r0, #21
1000085a:	1d13      	adds	r3, r2, #4
1000085c:	469a      	mov	sl, r3
1000085e:	1503      	asrs	r3, r0, #20
10000860:	4661      	mov	r1, ip
10000862:	469c      	mov	ip, r3
10000864:	4640      	mov	r0, r8
10000866:	44d4      	add	ip, sl
10000868:	4663      	mov	r3, ip
1000086a:	3004      	adds	r0, #4
1000086c:	1820      	adds	r0, r4, r0
1000086e:	1a18      	subs	r0, r3, r0
10000870:	23e0      	movs	r3, #224	@ 0xe0
10000872:	0500      	lsls	r0, r0, #20
10000874:	0d40      	lsrs	r0, r0, #21
10000876:	021b      	lsls	r3, r3, #8
10000878:	4318      	orrs	r0, r3
1000087a:	9003      	str	r0, [sp, #12]
1000087c:	e7c5      	b.n	1000080a <irq_add_shared_handler+0x14a>
1000087e:	f000 ff23 	bl	100016c8 <hard_assertion_failure>
10000882:	e74f      	b.n	10000724 <irq_add_shared_handler+0x64>
10000884:	d0000124 	.word	0xd0000124
10000888:	20022494 	.word	0x20022494
1000088c:	20000fec 	.word	0x20000fec
10000890:	e000ed00 	.word	0xe000ed00
10000894:	100001c1 	.word	0x100001c1
10000898:	ffffa100 	.word	0xffffa100
1000089c:	2000101c 	.word	0x2000101c
100008a0:	ffffe000 	.word	0xffffe000
100008a4:	ffffbd01 	.word	0xffffbd01
100008a8:	0000aaaa 	.word	0x0000aaaa
100008ac:	47804801 	.word	0x47804801
100008b0:	0000bd01 	.word	0x0000bd01

100008b4 <irq_set_priority>:
100008b4:	b510      	push	{r4, lr}
100008b6:	0883      	lsrs	r3, r0, #2
100008b8:	0004      	movs	r4, r0
100008ba:	2003      	movs	r0, #3
100008bc:	4020      	ands	r0, r4
100008be:	24ff      	movs	r4, #255	@ 0xff
100008c0:	4a05      	ldr	r2, [pc, #20]	@ (100008d8 <irq_set_priority+0x24>)
100008c2:	00c0      	lsls	r0, r0, #3
100008c4:	4694      	mov	ip, r2
100008c6:	4084      	lsls	r4, r0
100008c8:	4081      	lsls	r1, r0
100008ca:	009b      	lsls	r3, r3, #2
100008cc:	4463      	add	r3, ip
100008ce:	681a      	ldr	r2, [r3, #0]
100008d0:	43a2      	bics	r2, r4
100008d2:	430a      	orrs	r2, r1
100008d4:	601a      	str	r2, [r3, #0]
100008d6:	bd10      	pop	{r4, pc}
100008d8:	e000e400 	.word	0xe000e400

100008dc <irq_add_tail_to_free_list>:
100008dc:	b570      	push	{r4, r5, r6, lr}
100008de:	2401      	movs	r4, #1
100008e0:	4304      	orrs	r4, r0
100008e2:	f3ef 8105 	mrs	r1, IPSR
100008e6:	f3ef 8c10 	mrs	ip, PRIMASK
100008ea:	b672      	cpsid	i
100008ec:	4a21      	ldr	r2, [pc, #132]	@ (10000974 <irq_add_tail_to_free_list+0x98>)
100008ee:	6813      	ldr	r3, [r2, #0]
100008f0:	2b00      	cmp	r3, #0
100008f2:	d0fc      	beq.n	100008ee <irq_add_tail_to_free_list+0x12>
100008f4:	f3bf 8f5f 	dmb	sy
100008f8:	4b1f      	ldr	r3, [pc, #124]	@ (10000978 <irq_add_tail_to_free_list+0x9c>)
100008fa:	0005      	movs	r5, r0
100008fc:	4a1f      	ldr	r2, [pc, #124]	@ (1000097c <irq_add_tail_to_free_list+0xa0>)
100008fe:	1aed      	subs	r5, r5, r3
10000900:	416d      	adcs	r5, r5
10000902:	436a      	muls	r2, r5
10000904:	0d12      	lsrs	r2, r2, #20
10000906:	4d1e      	ldr	r5, [pc, #120]	@ (10000980 <irq_add_tail_to_free_list+0xa4>)
10000908:	0089      	lsls	r1, r1, #2
1000090a:	68ae      	ldr	r6, [r5, #8]
1000090c:	b252      	sxtb	r2, r2
1000090e:	5876      	ldr	r6, [r6, r1]
10000910:	42a6      	cmp	r6, r4
10000912:	d01c      	beq.n	1000094e <irq_add_tail_to_free_list+0x72>
10000914:	2106      	movs	r1, #6
10000916:	5659      	ldrsb	r1, [r3, r1]
10000918:	4291      	cmp	r1, r2
1000091a:	d01c      	beq.n	10000956 <irq_add_tail_to_free_list+0x7a>
1000091c:	2112      	movs	r1, #18
1000091e:	5659      	ldrsb	r1, [r3, r1]
10000920:	4291      	cmp	r1, r2
10000922:	d022      	beq.n	1000096a <irq_add_tail_to_free_list+0x8e>
10000924:	211e      	movs	r1, #30
10000926:	5659      	ldrsb	r1, [r3, r1]
10000928:	4291      	cmp	r1, r2
1000092a:	d020      	beq.n	1000096e <irq_add_tail_to_free_list+0x92>
1000092c:	212a      	movs	r1, #42	@ 0x2a
1000092e:	5659      	ldrsb	r1, [r3, r1]
10000930:	2403      	movs	r4, #3
10000932:	4291      	cmp	r1, r2
10000934:	d010      	beq.n	10000958 <irq_add_tail_to_free_list+0x7c>
10000936:	4b13      	ldr	r3, [pc, #76]	@ (10000984 <irq_add_tail_to_free_list+0xa8>)
10000938:	7819      	ldrb	r1, [r3, #0]
1000093a:	701a      	strb	r2, [r3, #0]
1000093c:	7181      	strb	r1, [r0, #6]
1000093e:	f3bf 8f5f 	dmb	sy
10000942:	2200      	movs	r2, #0
10000944:	4b0b      	ldr	r3, [pc, #44]	@ (10000974 <irq_add_tail_to_free_list+0x98>)
10000946:	601a      	str	r2, [r3, #0]
10000948:	f38c 8810 	msr	PRIMASK, ip
1000094c:	bd70      	pop	{r4, r5, r6, pc}
1000094e:	68ab      	ldr	r3, [r5, #8]
10000950:	4c0d      	ldr	r4, [pc, #52]	@ (10000988 <irq_add_tail_to_free_list+0xac>)
10000952:	505c      	str	r4, [r3, r1]
10000954:	e7ef      	b.n	10000936 <irq_add_tail_to_free_list+0x5a>
10000956:	2400      	movs	r4, #0
10000958:	0061      	lsls	r1, r4, #1
1000095a:	1909      	adds	r1, r1, r4
1000095c:	0089      	lsls	r1, r1, #2
1000095e:	185b      	adds	r3, r3, r1
10000960:	21ff      	movs	r1, #255	@ 0xff
10000962:	7199      	strb	r1, [r3, #6]
10000964:	4909      	ldr	r1, [pc, #36]	@ (1000098c <irq_add_tail_to_free_list+0xb0>)
10000966:	8099      	strh	r1, [r3, #4]
10000968:	e7e5      	b.n	10000936 <irq_add_tail_to_free_list+0x5a>
1000096a:	2401      	movs	r4, #1
1000096c:	e7f4      	b.n	10000958 <irq_add_tail_to_free_list+0x7c>
1000096e:	2402      	movs	r4, #2
10000970:	e7f2      	b.n	10000958 <irq_add_tail_to_free_list+0x7c>
10000972:	46c0      	nop			@ (mov r8, r8)
10000974:	d0000124 	.word	0xd0000124
10000978:	20000fec 	.word	0x20000fec
1000097c:	0000aaaa 	.word	0x0000aaaa
10000980:	e000ed00 	.word	0xe000ed00
10000984:	20022494 	.word	0x20022494
10000988:	100001c1 	.word	0x100001c1
1000098c:	ffffbd01 	.word	0xffffbd01

10000990 <user_irq_claim_unused>:
10000990:	b510      	push	{r4, lr}
10000992:	4b08      	ldr	r3, [pc, #32]	@ (100009b4 <user_irq_claim_unused+0x24>)
10000994:	4c08      	ldr	r4, [pc, #32]	@ (100009b8 <user_irq_claim_unused+0x28>)
10000996:	b082      	sub	sp, #8
10000998:	0001      	movs	r1, r0
1000099a:	9300      	str	r3, [sp, #0]
1000099c:	2200      	movs	r2, #0
1000099e:	2305      	movs	r3, #5
100009a0:	0020      	movs	r0, r4
100009a2:	f7ff fda9 	bl	100004f8 <hw_claim_unused_from_range>
100009a6:	2800      	cmp	r0, #0
100009a8:	db01      	blt.n	100009ae <user_irq_claim_unused+0x1e>
100009aa:	231f      	movs	r3, #31
100009ac:	1a18      	subs	r0, r3, r0
100009ae:	b002      	add	sp, #8
100009b0:	bd10      	pop	{r4, pc}
100009b2:	46c0      	nop			@ (mov r8, r8)
100009b4:	10009b54 	.word	0x10009b54
100009b8:	20022498 	.word	0x20022498

100009bc <lock_init>:
100009bc:	4b02      	ldr	r3, [pc, #8]	@ (100009c8 <lock_init+0xc>)
100009be:	469c      	mov	ip, r3
100009c0:	4461      	add	r1, ip
100009c2:	0089      	lsls	r1, r1, #2
100009c4:	6001      	str	r1, [r0, #0]
100009c6:	4770      	bx	lr
100009c8:	34000040 	.word	0x34000040

100009cc <runtime_init_mutex>:
100009cc:	b5f8      	push	{r3, r4, r5, r6, r7, lr}
100009ce:	4c12      	ldr	r4, [pc, #72]	@ (10000a18 <runtime_init_mutex+0x4c>)
100009d0:	4d12      	ldr	r5, [pc, #72]	@ (10000a1c <runtime_init_mutex+0x50>)
100009d2:	42ac      	cmp	r4, r5
100009d4:	d212      	bcs.n	100009fc <runtime_init_mutex+0x30>
100009d6:	2601      	movs	r6, #1
100009d8:	2700      	movs	r7, #0
100009da:	4276      	negs	r6, r6
100009dc:	6823      	ldr	r3, [r4, #0]
100009de:	2b00      	cmp	r3, #0
100009e0:	d00d      	beq.n	100009fe <runtime_init_mutex+0x32>
100009e2:	f7ff fdcd 	bl	10000580 <next_striped_spin_lock_num>
100009e6:	0001      	movs	r1, r0
100009e8:	0020      	movs	r0, r4
100009ea:	f7ff ffe7 	bl	100009bc <lock_init>
100009ee:	6066      	str	r6, [r4, #4]
100009f0:	7227      	strb	r7, [r4, #8]
100009f2:	f3bf 8f5f 	dmb	sy
100009f6:	340c      	adds	r4, #12
100009f8:	42ac      	cmp	r4, r5
100009fa:	d3ef      	bcc.n	100009dc <runtime_init_mutex+0x10>
100009fc:	bdf8      	pop	{r3, r4, r5, r6, r7, pc}
100009fe:	f7ff fdbf 	bl	10000580 <next_striped_spin_lock_num>
10000a02:	0001      	movs	r1, r0
10000a04:	0020      	movs	r0, r4
10000a06:	f7ff ffd9 	bl	100009bc <lock_init>
10000a0a:	6066      	str	r6, [r4, #4]
10000a0c:	f3bf 8f5f 	dmb	sy
10000a10:	3408      	adds	r4, #8
10000a12:	42ac      	cmp	r4, r5
10000a14:	d3e2      	bcc.n	100009dc <runtime_init_mutex+0x10>
10000a16:	e7f1      	b.n	100009fc <runtime_init_mutex+0x30>
10000a18:	200010a8 	.word	0x200010a8
10000a1c:	200010b8 	.word	0x200010b8

10000a20 <mutex_init>:
10000a20:	b510      	push	{r4, lr}
10000a22:	0004      	movs	r4, r0
10000a24:	f7ff fdac 	bl	10000580 <next_striped_spin_lock_num>
10000a28:	0001      	movs	r1, r0
10000a2a:	0020      	movs	r0, r4
10000a2c:	f7ff ffc6 	bl	100009bc <lock_init>
10000a30:	2301      	movs	r3, #1
10000a32:	425b      	negs	r3, r3
10000a34:	6063      	str	r3, [r4, #4]
10000a36:	f3bf 8f5f 	dmb	sy
10000a3a:	bd10      	pop	{r4, pc}

10000a3c <critical_section_init>:
10000a3c:	b510      	push	{r4, lr}
10000a3e:	0004      	movs	r4, r0
10000a40:	2001      	movs	r0, #1
10000a42:	f7ff fda9 	bl	10000598 <spin_lock_claim_unused>
10000a46:	4b03      	ldr	r3, [pc, #12]	@ (10000a54 <critical_section_init+0x18>)
10000a48:	18c3      	adds	r3, r0, r3
10000a4a:	009b      	lsls	r3, r3, #2
10000a4c:	6023      	str	r3, [r4, #0]
10000a4e:	f3bf 8f5f 	dmb	sy
10000a52:	bd10      	pop	{r4, pc}
10000a54:	34000040 	.word	0x34000040

10000a58 <critical_section_init_with_lock_num>:
10000a58:	4b03      	ldr	r3, [pc, #12]	@ (10000a68 <critical_section_init_with_lock_num+0x10>)
10000a5a:	469c      	mov	ip, r3
10000a5c:	4461      	add	r1, ip
10000a5e:	0089      	lsls	r1, r1, #2
10000a60:	6001      	str	r1, [r0, #0]
10000a62:	f3bf 8f5f 	dmb	sy
10000a66:	4770      	bx	lr
10000a68:	34000040 	.word	0x34000040

10000a6c <alarm_pool_irq_handler>:
10000a6c:	b5f0      	push	{r4, r5, r6, r7, lr}
10000a6e:	46de      	mov	lr, fp
10000a70:	4657      	mov	r7, sl
10000a72:	464e      	mov	r6, r9
10000a74:	4645      	mov	r5, r8
10000a76:	b5e0      	push	{r5, r6, r7, lr}
10000a78:	b087      	sub	sp, #28
10000a7a:	f3ef 8305 	mrs	r3, IPSR
10000a7e:	2203      	movs	r2, #3
10000a80:	2501      	movs	r5, #1
10000a82:	401a      	ands	r2, r3
10000a84:	4095      	lsls	r5, r2
10000a86:	0091      	lsls	r1, r2, #2
10000a88:	4688      	mov	r8, r1
10000a8a:	46a9      	mov	r9, r5
10000a8c:	4bb1      	ldr	r3, [pc, #708]	@ (10000d54 <alarm_pool_irq_handler+0x2e8>)
10000a8e:	9203      	str	r2, [sp, #12]
10000a90:	585c      	ldr	r4, [r3, r1]
10000a92:	4bb1      	ldr	r3, [pc, #708]	@ (10000d58 <alarm_pool_irq_handler+0x2ec>)
10000a94:	601d      	str	r5, [r3, #0]
10000a96:	4bb1      	ldr	r3, [pc, #708]	@ (10000d5c <alarm_pool_irq_handler+0x2f0>)
10000a98:	9304      	str	r3, [sp, #16]
10000a9a:	464b      	mov	r3, r9
10000a9c:	48b0      	ldr	r0, [pc, #704]	@ (10000d60 <alarm_pool_irq_handler+0x2f4>)
10000a9e:	6343      	str	r3, [r0, #52]	@ 0x34
10000aa0:	2308      	movs	r3, #8
10000aa2:	5ee5      	ldrsh	r5, [r4, r3]
10000aa4:	2d00      	cmp	r5, #0
10000aa6:	da37      	bge.n	10000b18 <alarm_pool_irq_handler+0xac>
10000aa8:	88a3      	ldrh	r3, [r4, #4]
10000aaa:	b21b      	sxth	r3, r3
10000aac:	2b00      	cmp	r3, #0
10000aae:	db00      	blt.n	10000ab2 <alarm_pool_irq_handler+0x46>
10000ab0:	e0ad      	b.n	10000c0e <alarm_pool_irq_handler+0x1a2>
10000ab2:	79a3      	ldrb	r3, [r4, #6]
10000ab4:	2b00      	cmp	r3, #0
10000ab6:	d000      	beq.n	10000aba <alarm_pool_irq_handler+0x4e>
10000ab8:	e0ee      	b.n	10000c98 <alarm_pool_irq_handler+0x22c>
10000aba:	2308      	movs	r3, #8
10000abc:	5ee1      	ldrsh	r1, [r4, r3]
10000abe:	2900      	cmp	r1, #0
10000ac0:	db20      	blt.n	10000b04 <alarm_pool_irq_handler+0x98>
10000ac2:	004b      	lsls	r3, r1, #1
10000ac4:	6962      	ldr	r2, [r4, #20]
10000ac6:	185b      	adds	r3, r3, r1
10000ac8:	00db      	lsls	r3, r3, #3
10000aca:	18d3      	adds	r3, r2, r3
10000acc:	689e      	ldr	r6, [r3, #8]
10000ace:	68dd      	ldr	r5, [r3, #12]
10000ad0:	1c73      	adds	r3, r6, #1
10000ad2:	d100      	bne.n	10000ad6 <alarm_pool_irq_handler+0x6a>
10000ad4:	e10d      	b.n	10000cf2 <alarm_pool_irq_handler+0x286>
10000ad6:	48a2      	ldr	r0, [pc, #648]	@ (10000d60 <alarm_pool_irq_handler+0x2f4>)
10000ad8:	0001      	movs	r1, r0
10000ada:	4441      	add	r1, r8
10000adc:	6a82      	ldr	r2, [r0, #40]	@ 0x28
10000ade:	690b      	ldr	r3, [r1, #16]
10000ae0:	1ab7      	subs	r7, r6, r2
10000ae2:	1a9b      	subs	r3, r3, r2
10000ae4:	429f      	cmp	r7, r3
10000ae6:	d315      	bcc.n	10000b14 <alarm_pool_irq_handler+0xa8>
10000ae8:	2301      	movs	r3, #1
10000aea:	6a02      	ldr	r2, [r0, #32]
10000aec:	9803      	ldr	r0, [sp, #12]
10000aee:	4083      	lsls	r3, r0
10000af0:	421a      	tst	r2, r3
10000af2:	d00f      	beq.n	10000b14 <alarm_pool_irq_handler+0xa8>
10000af4:	489a      	ldr	r0, [pc, #616]	@ (10000d60 <alarm_pool_irq_handler+0x2f4>)
10000af6:	f000 fbc1 	bl	1000127c <timer_time_us_64>
10000afa:	428d      	cmp	r5, r1
10000afc:	dc02      	bgt.n	10000b04 <alarm_pool_irq_handler+0x98>
10000afe:	d1cc      	bne.n	10000a9a <alarm_pool_irq_handler+0x2e>
10000b00:	4286      	cmp	r6, r0
10000b02:	d9ca      	bls.n	10000a9a <alarm_pool_irq_handler+0x2e>
10000b04:	bf40      	sev
10000b06:	b007      	add	sp, #28
10000b08:	bcf0      	pop	{r4, r5, r6, r7}
10000b0a:	46bb      	mov	fp, r7
10000b0c:	46b2      	mov	sl, r6
10000b0e:	46a9      	mov	r9, r5
10000b10:	46a0      	mov	r8, r4
10000b12:	bdf0      	pop	{r4, r5, r6, r7, pc}
10000b14:	610e      	str	r6, [r1, #16]
10000b16:	e7ed      	b.n	10000af4 <alarm_pool_irq_handler+0x88>
10000b18:	6962      	ldr	r2, [r4, #20]
10000b1a:	006b      	lsls	r3, r5, #1
10000b1c:	4692      	mov	sl, r2
10000b1e:	195b      	adds	r3, r3, r5
10000b20:	00db      	lsls	r3, r3, #3
10000b22:	449a      	add	sl, r3
10000b24:	4653      	mov	r3, sl
10000b26:	689e      	ldr	r6, [r3, #8]
10000b28:	68df      	ldr	r7, [r3, #12]
10000b2a:	f000 fba7 	bl	1000127c <timer_time_us_64>
10000b2e:	428f      	cmp	r7, r1
10000b30:	dcba      	bgt.n	10000aa8 <alarm_pool_irq_handler+0x3c>
10000b32:	d100      	bne.n	10000b36 <alarm_pool_irq_handler+0xca>
10000b34:	e0ff      	b.n	10000d36 <alarm_pool_irq_handler+0x2ca>
10000b36:	2f00      	cmp	r7, #0
10000b38:	da00      	bge.n	10000b3c <alarm_pool_irq_handler+0xd0>
10000b3a:	e0e4      	b.n	10000d06 <alarm_pool_irq_handler+0x29a>
10000b3c:	4652      	mov	r2, sl
10000b3e:	4653      	mov	r3, sl
10000b40:	6952      	ldr	r2, [r2, #20]
10000b42:	691b      	ldr	r3, [r3, #16]
10000b44:	4693      	mov	fp, r2
10000b46:	9a04      	ldr	r2, [sp, #16]
10000b48:	4293      	cmp	r3, r2
10000b4a:	d100      	bne.n	10000b4e <alarm_pool_irq_handler+0xe2>
10000b4c:	e0d5      	b.n	10000cfa <alarm_pool_irq_handler+0x28e>
10000b4e:	4652      	mov	r2, sl
10000b50:	2108      	movs	r1, #8
10000b52:	5e60      	ldrsh	r0, [r4, r1]
10000b54:	8852      	ldrh	r2, [r2, #2]
10000b56:	0400      	lsls	r0, r0, #16
10000b58:	4659      	mov	r1, fp
10000b5a:	4310      	orrs	r0, r2
10000b5c:	4798      	blx	r3
10000b5e:	9000      	str	r0, [sp, #0]
10000b60:	9101      	str	r1, [sp, #4]
10000b62:	9900      	ldr	r1, [sp, #0]
10000b64:	9a01      	ldr	r2, [sp, #4]
10000b66:	000b      	movs	r3, r1
10000b68:	0010      	movs	r0, r2
10000b6a:	4313      	orrs	r3, r2
10000b6c:	d100      	bne.n	10000b70 <alarm_pool_irq_handler+0x104>
10000b6e:	e0ca      	b.n	10000d06 <alarm_pool_irq_handler+0x29a>
10000b70:	0013      	movs	r3, r2
10000b72:	000a      	movs	r2, r1
10000b74:	1ab6      	subs	r6, r6, r2
10000b76:	419f      	sbcs	r7, r3
10000b78:	2800      	cmp	r0, #0
10000b7a:	db06      	blt.n	10000b8a <alarm_pool_irq_handler+0x11e>
10000b7c:	4878      	ldr	r0, [pc, #480]	@ (10000d60 <alarm_pool_irq_handler+0x2f4>)
10000b7e:	f000 fb7d 	bl	1000127c <timer_time_us_64>
10000b82:	9e00      	ldr	r6, [sp, #0]
10000b84:	9f01      	ldr	r7, [sp, #4]
10000b86:	1836      	adds	r6, r6, r0
10000b88:	414f      	adcs	r7, r1
10000b8a:	4653      	mov	r3, sl
10000b8c:	609e      	str	r6, [r3, #8]
10000b8e:	60df      	str	r7, [r3, #12]
10000b90:	2200      	movs	r2, #0
10000b92:	5e9a      	ldrsh	r2, [r3, r2]
10000b94:	2a00      	cmp	r2, #0
10000b96:	da00      	bge.n	10000b9a <alarm_pool_irq_handler+0x12e>
10000b98:	e786      	b.n	10000aa8 <alarm_pool_irq_handler+0x3c>
10000b9a:	0053      	lsls	r3, r2, #1
10000b9c:	1899      	adds	r1, r3, r2
10000b9e:	6960      	ldr	r0, [r4, #20]
10000ba0:	00c9      	lsls	r1, r1, #3
10000ba2:	1841      	adds	r1, r0, r1
10000ba4:	9302      	str	r3, [sp, #8]
10000ba6:	688b      	ldr	r3, [r1, #8]
10000ba8:	68c9      	ldr	r1, [r1, #12]
10000baa:	469b      	mov	fp, r3
10000bac:	42b9      	cmp	r1, r7
10000bae:	dd00      	ble.n	10000bb2 <alarm_pool_irq_handler+0x146>
10000bb0:	e77a      	b.n	10000aa8 <alarm_pool_irq_handler+0x3c>
10000bb2:	d102      	bne.n	10000bba <alarm_pool_irq_handler+0x14e>
10000bb4:	42b3      	cmp	r3, r6
10000bb6:	d900      	bls.n	10000bba <alarm_pool_irq_handler+0x14e>
10000bb8:	e776      	b.n	10000aa8 <alarm_pool_irq_handler+0x3c>
10000bba:	2308      	movs	r3, #8
10000bbc:	469c      	mov	ip, r3
10000bbe:	44a4      	add	ip, r4
10000bc0:	9505      	str	r5, [sp, #20]
10000bc2:	4665      	mov	r5, ip
10000bc4:	8122      	strh	r2, [r4, #8]
10000bc6:	46a4      	mov	ip, r4
10000bc8:	9b02      	ldr	r3, [sp, #8]
10000bca:	002c      	movs	r4, r5
10000bcc:	e006      	b.n	10000bdc <alarm_pool_irq_handler+0x170>
10000bce:	0053      	lsls	r3, r2, #1
10000bd0:	1899      	adds	r1, r3, r2
10000bd2:	00c9      	lsls	r1, r1, #3
10000bd4:	1841      	adds	r1, r0, r1
10000bd6:	688d      	ldr	r5, [r1, #8]
10000bd8:	68c9      	ldr	r1, [r1, #12]
10000bda:	46ab      	mov	fp, r5
10000bdc:	189b      	adds	r3, r3, r2
10000bde:	00db      	lsls	r3, r3, #3
10000be0:	18c3      	adds	r3, r0, r3
10000be2:	42b9      	cmp	r1, r7
10000be4:	dc06      	bgt.n	10000bf4 <alarm_pool_irq_handler+0x188>
10000be6:	d100      	bne.n	10000bea <alarm_pool_irq_handler+0x17e>
10000be8:	e0af      	b.n	10000d4a <alarm_pool_irq_handler+0x2de>
10000bea:	001c      	movs	r4, r3
10000bec:	2300      	movs	r3, #0
10000bee:	5ee2      	ldrsh	r2, [r4, r3]
10000bf0:	2a00      	cmp	r2, #0
10000bf2:	daec      	bge.n	10000bce <alarm_pool_irq_handler+0x162>
10000bf4:	0023      	movs	r3, r4
10000bf6:	4664      	mov	r4, ip
10000bf8:	469c      	mov	ip, r3
10000bfa:	4653      	mov	r3, sl
10000bfc:	801a      	strh	r2, [r3, #0]
10000bfe:	4663      	mov	r3, ip
10000c00:	9d05      	ldr	r5, [sp, #20]
10000c02:	801d      	strh	r5, [r3, #0]
10000c04:	88a3      	ldrh	r3, [r4, #4]
10000c06:	b21b      	sxth	r3, r3
10000c08:	2b00      	cmp	r3, #0
10000c0a:	da00      	bge.n	10000c0e <alarm_pool_irq_handler+0x1a2>
10000c0c:	e751      	b.n	10000ab2 <alarm_pool_irq_handler+0x46>
10000c0e:	6922      	ldr	r2, [r4, #16]
10000c10:	f3ef 8110 	mrs	r1, PRIMASK
10000c14:	b672      	cpsid	i
10000c16:	6813      	ldr	r3, [r2, #0]
10000c18:	2b00      	cmp	r3, #0
10000c1a:	d0fc      	beq.n	10000c16 <alarm_pool_irq_handler+0x1aa>
10000c1c:	f3bf 8f5f 	dmb	sy
10000c20:	2301      	movs	r3, #1
10000c22:	88a7      	ldrh	r7, [r4, #4]
10000c24:	425b      	negs	r3, r3
10000c26:	80a3      	strh	r3, [r4, #4]
10000c28:	b23f      	sxth	r7, r7
10000c2a:	6923      	ldr	r3, [r4, #16]
10000c2c:	f3bf 8f5f 	dmb	sy
10000c30:	2200      	movs	r2, #0
10000c32:	601a      	str	r2, [r3, #0]
10000c34:	f381 8810 	msr	PRIMASK, r1
10000c38:	2f00      	cmp	r7, #0
10000c3a:	da00      	bge.n	10000c3e <alarm_pool_irq_handler+0x1d2>
10000c3c:	e739      	b.n	10000ab2 <alarm_pool_irq_handler+0x46>
10000c3e:	0023      	movs	r3, r4
10000c40:	3308      	adds	r3, #8
10000c42:	0022      	movs	r2, r4
10000c44:	469a      	mov	sl, r3
10000c46:	6966      	ldr	r6, [r4, #20]
10000c48:	007b      	lsls	r3, r7, #1
10000c4a:	19db      	adds	r3, r3, r7
10000c4c:	00db      	lsls	r3, r3, #3
10000c4e:	18f3      	adds	r3, r6, r3
10000c50:	6899      	ldr	r1, [r3, #8]
10000c52:	4650      	mov	r0, sl
10000c54:	468c      	mov	ip, r1
10000c56:	2408      	movs	r4, #8
10000c58:	5f11      	ldrsh	r1, [r2, r4]
10000c5a:	68dd      	ldr	r5, [r3, #12]
10000c5c:	2900      	cmp	r1, #0
10000c5e:	db10      	blt.n	10000c82 <alarm_pool_irq_handler+0x216>
10000c60:	9302      	str	r3, [sp, #8]
10000c62:	e006      	b.n	10000c72 <alarm_pool_irq_handler+0x206>
10000c64:	42ab      	cmp	r3, r5
10000c66:	d040      	beq.n	10000cea <alarm_pool_irq_handler+0x27e>
10000c68:	2300      	movs	r3, #0
10000c6a:	5ee1      	ldrsh	r1, [r4, r3]
10000c6c:	0020      	movs	r0, r4
10000c6e:	2900      	cmp	r1, #0
10000c70:	db06      	blt.n	10000c80 <alarm_pool_irq_handler+0x214>
10000c72:	004c      	lsls	r4, r1, #1
10000c74:	1864      	adds	r4, r4, r1
10000c76:	00e4      	lsls	r4, r4, #3
10000c78:	1934      	adds	r4, r6, r4
10000c7a:	68e3      	ldr	r3, [r4, #12]
10000c7c:	42ab      	cmp	r3, r5
10000c7e:	ddf1      	ble.n	10000c64 <alarm_pool_irq_handler+0x1f8>
10000c80:	9b02      	ldr	r3, [sp, #8]
10000c82:	8007      	strh	r7, [r0, #0]
10000c84:	2000      	movs	r0, #0
10000c86:	5e1f      	ldrsh	r7, [r3, r0]
10000c88:	8019      	strh	r1, [r3, #0]
10000c8a:	2f00      	cmp	r7, #0
10000c8c:	dadc      	bge.n	10000c48 <alarm_pool_irq_handler+0x1dc>
10000c8e:	0014      	movs	r4, r2
10000c90:	79a3      	ldrb	r3, [r4, #6]
10000c92:	2b00      	cmp	r3, #0
10000c94:	d100      	bne.n	10000c98 <alarm_pool_irq_handler+0x22c>
10000c96:	e710      	b.n	10000aba <alarm_pool_irq_handler+0x4e>
10000c98:	2300      	movs	r3, #0
10000c9a:	71a3      	strb	r3, [r4, #6]
10000c9c:	0026      	movs	r6, r4
10000c9e:	2308      	movs	r3, #8
10000ca0:	5ee1      	ldrsh	r1, [r4, r3]
10000ca2:	3608      	adds	r6, #8
10000ca4:	1c4b      	adds	r3, r1, #1
10000ca6:	d100      	bne.n	10000caa <alarm_pool_irq_handler+0x23e>
10000ca8:	e72c      	b.n	10000b04 <alarm_pool_irq_handler+0x98>
10000caa:	46b4      	mov	ip, r6
10000cac:	6965      	ldr	r5, [r4, #20]
10000cae:	e003      	b.n	10000cb8 <alarm_pool_irq_handler+0x24c>
10000cb0:	4684      	mov	ip, r0
10000cb2:	1c4b      	adds	r3, r1, #1
10000cb4:	d100      	bne.n	10000cb8 <alarm_pool_irq_handler+0x24c>
10000cb6:	e700      	b.n	10000aba <alarm_pool_irq_handler+0x4e>
10000cb8:	004b      	lsls	r3, r1, #1
10000cba:	185b      	adds	r3, r3, r1
10000cbc:	00db      	lsls	r3, r3, #3
10000cbe:	18e8      	adds	r0, r5, r3
10000cc0:	000a      	movs	r2, r1
10000cc2:	5ee9      	ldrsh	r1, [r5, r3]
10000cc4:	8843      	ldrh	r3, [r0, #2]
10000cc6:	b21b      	sxth	r3, r3
10000cc8:	2b00      	cmp	r3, #0
10000cca:	daf1      	bge.n	10000cb0 <alarm_pool_irq_handler+0x244>
10000ccc:	2601      	movs	r6, #1
10000cce:	4276      	negs	r6, r6
10000cd0:	17f7      	asrs	r7, r6, #31
10000cd2:	6086      	str	r6, [r0, #8]
10000cd4:	60c7      	str	r7, [r0, #12]
10000cd6:	2608      	movs	r6, #8
10000cd8:	5fa3      	ldrsh	r3, [r4, r6]
10000cda:	4293      	cmp	r3, r2
10000cdc:	d0e9      	beq.n	10000cb2 <alarm_pool_irq_handler+0x246>
10000cde:	4663      	mov	r3, ip
10000ce0:	8019      	strh	r1, [r3, #0]
10000ce2:	8923      	ldrh	r3, [r4, #8]
10000ce4:	8003      	strh	r3, [r0, #0]
10000ce6:	8122      	strh	r2, [r4, #8]
10000ce8:	e7e3      	b.n	10000cb2 <alarm_pool_irq_handler+0x246>
10000cea:	68a3      	ldr	r3, [r4, #8]
10000cec:	4563      	cmp	r3, ip
10000cee:	d9bb      	bls.n	10000c68 <alarm_pool_irq_handler+0x1fc>
10000cf0:	e7c6      	b.n	10000c80 <alarm_pool_irq_handler+0x214>
10000cf2:	1c6b      	adds	r3, r5, #1
10000cf4:	d000      	beq.n	10000cf8 <alarm_pool_irq_handler+0x28c>
10000cf6:	e6ee      	b.n	10000ad6 <alarm_pool_irq_handler+0x6a>
10000cf8:	e6fc      	b.n	10000af4 <alarm_pool_irq_handler+0x88>
10000cfa:	465b      	mov	r3, fp
10000cfc:	4658      	mov	r0, fp
10000cfe:	691b      	ldr	r3, [r3, #16]
10000d00:	4798      	blx	r3
10000d02:	2800      	cmp	r0, #0
10000d04:	d11b      	bne.n	10000d3e <alarm_pool_irq_handler+0x2d2>
10000d06:	4653      	mov	r3, sl
10000d08:	881b      	ldrh	r3, [r3, #0]
10000d0a:	6922      	ldr	r2, [r4, #16]
10000d0c:	8123      	strh	r3, [r4, #8]
10000d0e:	f3ef 8310 	mrs	r3, PRIMASK
10000d12:	b672      	cpsid	i
10000d14:	6811      	ldr	r1, [r2, #0]
10000d16:	2900      	cmp	r1, #0
10000d18:	d0fc      	beq.n	10000d14 <alarm_pool_irq_handler+0x2a8>
10000d1a:	f3bf 8f5f 	dmb	sy
10000d1e:	4651      	mov	r1, sl
10000d20:	8862      	ldrh	r2, [r4, #2]
10000d22:	800a      	strh	r2, [r1, #0]
10000d24:	6922      	ldr	r2, [r4, #16]
10000d26:	8065      	strh	r5, [r4, #2]
10000d28:	f3bf 8f5f 	dmb	sy
10000d2c:	2100      	movs	r1, #0
10000d2e:	6011      	str	r1, [r2, #0]
10000d30:	f383 8810 	msr	PRIMASK, r3
10000d34:	e6b8      	b.n	10000aa8 <alarm_pool_irq_handler+0x3c>
10000d36:	4286      	cmp	r6, r0
10000d38:	d800      	bhi.n	10000d3c <alarm_pool_irq_handler+0x2d0>
10000d3a:	e6fc      	b.n	10000b36 <alarm_pool_irq_handler+0xca>
10000d3c:	e6b4      	b.n	10000aa8 <alarm_pool_irq_handler+0x3c>
10000d3e:	465b      	mov	r3, fp
10000d40:	681a      	ldr	r2, [r3, #0]
10000d42:	685b      	ldr	r3, [r3, #4]
10000d44:	9200      	str	r2, [sp, #0]
10000d46:	9301      	str	r3, [sp, #4]
10000d48:	e70b      	b.n	10000b62 <alarm_pool_irq_handler+0xf6>
10000d4a:	45b3      	cmp	fp, r6
10000d4c:	d800      	bhi.n	10000d50 <alarm_pool_irq_handler+0x2e4>
10000d4e:	e74c      	b.n	10000bea <alarm_pool_irq_handler+0x17e>
10000d50:	e750      	b.n	10000bf4 <alarm_pool_irq_handler+0x188>
10000d52:	46c0      	nop			@ (mov r8, r8)
10000d54:	20001fc8 	.word	0x20001fc8
10000d58:	4005703c 	.word	0x4005703c
10000d5c:	10000a6d 	.word	0x10000a6d
10000d60:	40054000 	.word	0x40054000

10000d64 <sleep_until_callback>:
10000d64:	4807      	ldr	r0, [pc, #28]	@ (10000d84 <sleep_until_callback+0x20>)
10000d66:	b510      	push	{r4, lr}
10000d68:	6802      	ldr	r2, [r0, #0]
10000d6a:	f3ef 8110 	mrs	r1, PRIMASK
10000d6e:	b672      	cpsid	i
10000d70:	6813      	ldr	r3, [r2, #0]
10000d72:	2b00      	cmp	r3, #0
10000d74:	d0fc      	beq.n	10000d70 <sleep_until_callback+0xc>
10000d76:	f3bf 8f5f 	dmb	sy
10000d7a:	f005 feb3 	bl	10006ae4 <vPortLockInternalSpinUnlockWithNotify>
10000d7e:	2000      	movs	r0, #0
10000d80:	2100      	movs	r1, #0
10000d82:	bd10      	pop	{r4, pc}
10000d84:	20002384 	.word	0x20002384

10000d88 <runtime_init_default_alarm_pool>:
10000d88:	b570      	push	{r4, r5, r6, lr}
10000d8a:	4c2e      	ldr	r4, [pc, #184]	@ (10000e44 <runtime_init_default_alarm_pool+0xbc>)
10000d8c:	6925      	ldr	r5, [r4, #16]
10000d8e:	2d00      	cmp	r5, #0
10000d90:	d004      	beq.n	10000d9c <runtime_init_default_alarm_pool+0x14>
10000d92:	210a      	movs	r1, #10
10000d94:	482c      	ldr	r0, [pc, #176]	@ (10000e48 <runtime_init_default_alarm_pool+0xc0>)
10000d96:	f7ff fe11 	bl	100009bc <lock_init>
10000d9a:	bd70      	pop	{r4, r5, r6, pc}
10000d9c:	4e2b      	ldr	r6, [pc, #172]	@ (10000e4c <runtime_init_default_alarm_pool+0xc4>)
10000d9e:	2103      	movs	r1, #3
10000da0:	0030      	movs	r0, r6
10000da2:	f000 fa61 	bl	10001268 <timer_hardware_alarm_claim>
10000da6:	60e6      	str	r6, [r4, #12]
10000da8:	f7ff fbea 	bl	10000580 <next_striped_spin_lock_num>
10000dac:	4b28      	ldr	r3, [pc, #160]	@ (10000e50 <runtime_init_default_alarm_pool+0xc8>)
10000dae:	2203      	movs	r2, #3
10000db0:	469c      	mov	ip, r3
10000db2:	23d0      	movs	r3, #208	@ 0xd0
10000db4:	7022      	strb	r2, [r4, #0]
10000db6:	061b      	lsls	r3, r3, #24
10000db8:	681b      	ldr	r3, [r3, #0]
10000dba:	2101      	movs	r1, #1
10000dbc:	7063      	strb	r3, [r4, #1]
10000dbe:	4b25      	ldr	r3, [pc, #148]	@ (10000e54 <runtime_init_default_alarm_pool+0xcc>)
10000dc0:	4460      	add	r0, ip
10000dc2:	60a3      	str	r3, [r4, #8]
10000dc4:	230f      	movs	r3, #15
10000dc6:	0080      	lsls	r0, r0, #2
10000dc8:	6120      	str	r0, [r4, #16]
10000dca:	2002      	movs	r0, #2
10000dcc:	8063      	strh	r3, [r4, #2]
10000dce:	6963      	ldr	r3, [r4, #20]
10000dd0:	4249      	negs	r1, r1
10000dd2:	80a1      	strh	r1, [r4, #4]
10000dd4:	8019      	strh	r1, [r3, #0]
10000dd6:	3102      	adds	r1, #2
10000dd8:	8619      	strh	r1, [r3, #48]	@ 0x30
10000dda:	3147      	adds	r1, #71	@ 0x47
10000ddc:	831d      	strh	r5, [r3, #24]
10000dde:	5258      	strh	r0, [r3, r1]
10000de0:	3118      	adds	r1, #24
10000de2:	525a      	strh	r2, [r3, r1]
10000de4:	3275      	adds	r2, #117	@ 0x75
10000de6:	395c      	subs	r1, #92	@ 0x5c
10000de8:	5299      	strh	r1, [r3, r2]
10000dea:	3218      	adds	r2, #24
10000dec:	3101      	adds	r1, #1
10000dee:	5299      	strh	r1, [r3, r2]
10000df0:	3218      	adds	r2, #24
10000df2:	3101      	adds	r1, #1
10000df4:	5299      	strh	r1, [r3, r2]
10000df6:	3218      	adds	r2, #24
10000df8:	3101      	adds	r1, #1
10000dfa:	5299      	strh	r1, [r3, r2]
10000dfc:	3508      	adds	r5, #8
10000dfe:	3218      	adds	r2, #24
10000e00:	529d      	strh	r5, [r3, r2]
10000e02:	3102      	adds	r1, #2
10000e04:	3218      	adds	r2, #24
10000e06:	5299      	strh	r1, [r3, r2]
10000e08:	3218      	adds	r2, #24
10000e0a:	3101      	adds	r1, #1
10000e0c:	5299      	strh	r1, [r3, r2]
10000e0e:	3218      	adds	r2, #24
10000e10:	3101      	adds	r1, #1
10000e12:	5299      	strh	r1, [r3, r2]
10000e14:	3218      	adds	r2, #24
10000e16:	3101      	adds	r1, #1
10000e18:	5299      	strh	r1, [r3, r2]
10000e1a:	3218      	adds	r2, #24
10000e1c:	3101      	adds	r1, #1
10000e1e:	5299      	strh	r1, [r3, r2]
10000e20:	3218      	adds	r2, #24
10000e22:	3101      	adds	r1, #1
10000e24:	5299      	strh	r1, [r3, r2]
10000e26:	4b0c      	ldr	r3, [pc, #48]	@ (10000e58 <runtime_init_default_alarm_pool+0xd0>)
10000e28:	490c      	ldr	r1, [pc, #48]	@ (10000e5c <runtime_init_default_alarm_pool+0xd4>)
10000e2a:	60dc      	str	r4, [r3, #12]
10000e2c:	3001      	adds	r0, #1
10000e2e:	6235      	str	r5, [r6, #32]
10000e30:	f7ff fc1c 	bl	1000066c <irq_set_exclusive_handler>
10000e34:	2101      	movs	r1, #1
10000e36:	2003      	movs	r0, #3
10000e38:	f7ff fbe0 	bl	100005fc <irq_set_enabled>
10000e3c:	4b08      	ldr	r3, [pc, #32]	@ (10000e60 <runtime_init_default_alarm_pool+0xd8>)
10000e3e:	601d      	str	r5, [r3, #0]
10000e40:	e7a7      	b.n	10000d92 <runtime_init_default_alarm_pool+0xa>
10000e42:	46c0      	nop			@ (mov r8, r8)
10000e44:	20001034 	.word	0x20001034
10000e48:	20002384 	.word	0x20002384
10000e4c:	40054000 	.word	0x40054000
10000e50:	34000040 	.word	0x34000040
10000e54:	0010ffff 	.word	0x0010ffff
10000e58:	20001fc8 	.word	0x20001fc8
10000e5c:	10000a6d 	.word	0x10000a6d
10000e60:	40056038 	.word	0x40056038

10000e64 <alarm_pool_get_default>:
10000e64:	4800      	ldr	r0, [pc, #0]	@ (10000e68 <alarm_pool_get_default+0x4>)
10000e66:	4770      	bx	lr
10000e68:	20001034 	.word	0x20001034

10000e6c <alarm_pool_add_alarm_at>:
10000e6c:	b5f8      	push	{r3, r4, r5, r6, r7, lr}
10000e6e:	001f      	movs	r7, r3
10000e70:	ab08      	add	r3, sp, #32
10000e72:	781b      	ldrb	r3, [r3, #0]
10000e74:	0004      	movs	r4, r0
10000e76:	0016      	movs	r6, r2
10000e78:	2b00      	cmp	r3, #0
10000e7a:	d108      	bne.n	10000e8e <alarm_pool_add_alarm_at+0x22>
10000e7c:	f000 fa06 	bl	1000128c <time_us_64>
10000e80:	0032      	movs	r2, r6
10000e82:	003b      	movs	r3, r7
10000e84:	1a12      	subs	r2, r2, r0
10000e86:	418b      	sbcs	r3, r1
10000e88:	2b00      	cmp	r3, #0
10000e8a:	da00      	bge.n	10000e8e <alarm_pool_add_alarm_at+0x22>
10000e8c:	e052      	b.n	10000f34 <alarm_pool_add_alarm_at+0xc8>
10000e8e:	6922      	ldr	r2, [r4, #16]
10000e90:	f3ef 8010 	mrs	r0, PRIMASK
10000e94:	b672      	cpsid	i
10000e96:	6813      	ldr	r3, [r2, #0]
10000e98:	2b00      	cmp	r3, #0
10000e9a:	d0fc      	beq.n	10000e96 <alarm_pool_add_alarm_at+0x2a>
10000e9c:	f3bf 8f5f 	dmb	sy
10000ea0:	2302      	movs	r3, #2
10000ea2:	5ee1      	ldrsh	r1, [r4, r3]
10000ea4:	6963      	ldr	r3, [r4, #20]
10000ea6:	004a      	lsls	r2, r1, #1
10000ea8:	1852      	adds	r2, r2, r1
10000eaa:	00d2      	lsls	r2, r2, #3
10000eac:	189b      	adds	r3, r3, r2
10000eae:	6922      	ldr	r2, [r4, #16]
10000eb0:	2900      	cmp	r1, #0
10000eb2:	db36      	blt.n	10000f22 <alarm_pool_add_alarm_at+0xb6>
10000eb4:	881d      	ldrh	r5, [r3, #0]
10000eb6:	8065      	strh	r5, [r4, #2]
10000eb8:	f3bf 8f5f 	dmb	sy
10000ebc:	2500      	movs	r5, #0
10000ebe:	6015      	str	r5, [r2, #0]
10000ec0:	f380 8810 	msr	PRIMASK, r0
10000ec4:	9a06      	ldr	r2, [sp, #24]
10000ec6:	609e      	str	r6, [r3, #8]
10000ec8:	60df      	str	r7, [r3, #12]
10000eca:	611a      	str	r2, [r3, #16]
10000ecc:	9a07      	ldr	r2, [sp, #28]
10000ece:	615a      	str	r2, [r3, #20]
10000ed0:	885a      	ldrh	r2, [r3, #2]
10000ed2:	3201      	adds	r2, #1
10000ed4:	0452      	lsls	r2, r2, #17
10000ed6:	0c52      	lsrs	r2, r2, #17
10000ed8:	1c10      	adds	r0, r2, #0
10000eda:	2a00      	cmp	r2, #0
10000edc:	d01f      	beq.n	10000f1e <alarm_pool_add_alarm_at+0xb2>
10000ede:	b282      	uxth	r2, r0
10000ee0:	8058      	strh	r0, [r3, #2]
10000ee2:	0408      	lsls	r0, r1, #16
10000ee4:	4310      	orrs	r0, r2
10000ee6:	6926      	ldr	r6, [r4, #16]
10000ee8:	f3ef 8710 	mrs	r7, PRIMASK
10000eec:	b672      	cpsid	i
10000eee:	6832      	ldr	r2, [r6, #0]
10000ef0:	2a00      	cmp	r2, #0
10000ef2:	d0fc      	beq.n	10000eee <alarm_pool_add_alarm_at+0x82>
10000ef4:	f3bf 8f5f 	dmb	sy
10000ef8:	88a2      	ldrh	r2, [r4, #4]
10000efa:	801a      	strh	r2, [r3, #0]
10000efc:	80a1      	strh	r1, [r4, #4]
10000efe:	6923      	ldr	r3, [r4, #16]
10000f00:	f3bf 8f5f 	dmb	sy
10000f04:	2200      	movs	r2, #0
10000f06:	601a      	str	r2, [r3, #0]
10000f08:	f387 8810 	msr	PRIMASK, r7
10000f0c:	490a      	ldr	r1, [pc, #40]	@ (10000f38 <alarm_pool_add_alarm_at+0xcc>)
10000f0e:	7823      	ldrb	r3, [r4, #0]
10000f10:	468c      	mov	ip, r1
10000f12:	3201      	adds	r2, #1
10000f14:	409a      	lsls	r2, r3
10000f16:	68e3      	ldr	r3, [r4, #12]
10000f18:	4463      	add	r3, ip
10000f1a:	601a      	str	r2, [r3, #0]
10000f1c:	bdf8      	pop	{r3, r4, r5, r6, r7, pc}
10000f1e:	2001      	movs	r0, #1
10000f20:	e7dd      	b.n	10000ede <alarm_pool_add_alarm_at+0x72>
10000f22:	f3bf 8f5f 	dmb	sy
10000f26:	2300      	movs	r3, #0
10000f28:	6013      	str	r3, [r2, #0]
10000f2a:	f380 8810 	msr	PRIMASK, r0
10000f2e:	2001      	movs	r0, #1
10000f30:	4240      	negs	r0, r0
10000f32:	e7f3      	b.n	10000f1c <alarm_pool_add_alarm_at+0xb0>
10000f34:	2000      	movs	r0, #0
10000f36:	e7f1      	b.n	10000f1c <alarm_pool_add_alarm_at+0xb0>
10000f38:	0000203c 	.word	0x0000203c

10000f3c <alarm_pool_add_alarm_at_force_in_context>:
10000f3c:	b570      	push	{r4, r5, r6, lr}
10000f3e:	0001      	movs	r1, r0
10000f40:	6904      	ldr	r4, [r0, #16]
10000f42:	f3ef 8c10 	mrs	ip, PRIMASK
10000f46:	b672      	cpsid	i
10000f48:	6820      	ldr	r0, [r4, #0]
10000f4a:	2800      	cmp	r0, #0
10000f4c:	d0fc      	beq.n	10000f48 <alarm_pool_add_alarm_at_force_in_context+0xc>
10000f4e:	f3bf 8f5f 	dmb	sy
10000f52:	2002      	movs	r0, #2
10000f54:	5e0d      	ldrsh	r5, [r1, r0]
10000f56:	694c      	ldr	r4, [r1, #20]
10000f58:	0068      	lsls	r0, r5, #1
10000f5a:	1940      	adds	r0, r0, r5
10000f5c:	00c0      	lsls	r0, r0, #3
10000f5e:	1824      	adds	r4, r4, r0
10000f60:	6908      	ldr	r0, [r1, #16]
10000f62:	2d00      	cmp	r5, #0
10000f64:	db36      	blt.n	10000fd4 <alarm_pool_add_alarm_at_force_in_context+0x98>
10000f66:	8826      	ldrh	r6, [r4, #0]
10000f68:	804e      	strh	r6, [r1, #2]
10000f6a:	f3bf 8f5f 	dmb	sy
10000f6e:	2600      	movs	r6, #0
10000f70:	6006      	str	r6, [r0, #0]
10000f72:	f38c 8810 	msr	PRIMASK, ip
10000f76:	60e3      	str	r3, [r4, #12]
10000f78:	8863      	ldrh	r3, [r4, #2]
10000f7a:	9804      	ldr	r0, [sp, #16]
10000f7c:	3301      	adds	r3, #1
10000f7e:	6120      	str	r0, [r4, #16]
10000f80:	045b      	lsls	r3, r3, #17
10000f82:	9805      	ldr	r0, [sp, #20]
10000f84:	0c5b      	lsrs	r3, r3, #17
10000f86:	60a2      	str	r2, [r4, #8]
10000f88:	6160      	str	r0, [r4, #20]
10000f8a:	1c1a      	adds	r2, r3, #0
10000f8c:	2b00      	cmp	r3, #0
10000f8e:	d01f      	beq.n	10000fd0 <alarm_pool_add_alarm_at_force_in_context+0x94>
10000f90:	b293      	uxth	r3, r2
10000f92:	0428      	lsls	r0, r5, #16
10000f94:	8062      	strh	r2, [r4, #2]
10000f96:	4318      	orrs	r0, r3
10000f98:	690a      	ldr	r2, [r1, #16]
10000f9a:	f3ef 8c10 	mrs	ip, PRIMASK
10000f9e:	b672      	cpsid	i
10000fa0:	6813      	ldr	r3, [r2, #0]
10000fa2:	2b00      	cmp	r3, #0
10000fa4:	d0fc      	beq.n	10000fa0 <alarm_pool_add_alarm_at_force_in_context+0x64>
10000fa6:	f3bf 8f5f 	dmb	sy
10000faa:	888b      	ldrh	r3, [r1, #4]
10000fac:	8023      	strh	r3, [r4, #0]
10000fae:	808d      	strh	r5, [r1, #4]
10000fb0:	690b      	ldr	r3, [r1, #16]
10000fb2:	f3bf 8f5f 	dmb	sy
10000fb6:	2200      	movs	r2, #0
10000fb8:	601a      	str	r2, [r3, #0]
10000fba:	f38c 8810 	msr	PRIMASK, ip
10000fbe:	780b      	ldrb	r3, [r1, #0]
10000fc0:	3201      	adds	r2, #1
10000fc2:	409a      	lsls	r2, r3
10000fc4:	68cb      	ldr	r3, [r1, #12]
10000fc6:	4908      	ldr	r1, [pc, #32]	@ (10000fe8 <alarm_pool_add_alarm_at_force_in_context+0xac>)
10000fc8:	468c      	mov	ip, r1
10000fca:	4463      	add	r3, ip
10000fcc:	601a      	str	r2, [r3, #0]
10000fce:	bd70      	pop	{r4, r5, r6, pc}
10000fd0:	2201      	movs	r2, #1
10000fd2:	e7dd      	b.n	10000f90 <alarm_pool_add_alarm_at_force_in_context+0x54>
10000fd4:	f3bf 8f5f 	dmb	sy
10000fd8:	2300      	movs	r3, #0
10000fda:	6003      	str	r3, [r0, #0]
10000fdc:	f38c 8810 	msr	PRIMASK, ip
10000fe0:	2001      	movs	r0, #1
10000fe2:	4240      	negs	r0, r0
10000fe4:	e7f3      	b.n	10000fce <alarm_pool_add_alarm_at_force_in_context+0x92>
10000fe6:	46c0      	nop			@ (mov r8, r8)
10000fe8:	0000203c 	.word	0x0000203c

10000fec <alarm_pool_cancel_alarm>:
10000fec:	b510      	push	{r4, lr}
10000fee:	8943      	ldrh	r3, [r0, #10]
10000ff0:	140a      	asrs	r2, r1, #16
10000ff2:	4293      	cmp	r3, r2
10000ff4:	dd1a      	ble.n	1000102c <alarm_pool_cancel_alarm+0x40>
10000ff6:	0053      	lsls	r3, r2, #1
10000ff8:	189b      	adds	r3, r3, r2
10000ffa:	6942      	ldr	r2, [r0, #20]
10000ffc:	00db      	lsls	r3, r3, #3
10000ffe:	18d3      	adds	r3, r2, r3
10001000:	6904      	ldr	r4, [r0, #16]
10001002:	f3ef 8c10 	mrs	ip, PRIMASK
10001006:	b672      	cpsid	i
10001008:	6822      	ldr	r2, [r4, #0]
1000100a:	2a00      	cmp	r2, #0
1000100c:	d0fc      	beq.n	10001008 <alarm_pool_cancel_alarm+0x1c>
1000100e:	f3bf 8f5f 	dmb	sy
10001012:	885a      	ldrh	r2, [r3, #2]
10001014:	0409      	lsls	r1, r1, #16
10001016:	b294      	uxth	r4, r2
10001018:	0c09      	lsrs	r1, r1, #16
1000101a:	428a      	cmp	r2, r1
1000101c:	d008      	beq.n	10001030 <alarm_pool_cancel_alarm+0x44>
1000101e:	6903      	ldr	r3, [r0, #16]
10001020:	f3bf 8f5f 	dmb	sy
10001024:	2200      	movs	r2, #0
10001026:	601a      	str	r2, [r3, #0]
10001028:	f38c 8810 	msr	PRIMASK, ip
1000102c:	2000      	movs	r0, #0
1000102e:	bd10      	pop	{r4, pc}
10001030:	2280      	movs	r2, #128	@ 0x80
10001032:	0212      	lsls	r2, r2, #8
10001034:	4314      	orrs	r4, r2
10001036:	805c      	strh	r4, [r3, #2]
10001038:	2301      	movs	r3, #1
1000103a:	6902      	ldr	r2, [r0, #16]
1000103c:	7183      	strb	r3, [r0, #6]
1000103e:	f3bf 8f5f 	dmb	sy
10001042:	2100      	movs	r1, #0
10001044:	6011      	str	r1, [r2, #0]
10001046:	f38c 8810 	msr	PRIMASK, ip
1000104a:	4904      	ldr	r1, [pc, #16]	@ (1000105c <alarm_pool_cancel_alarm+0x70>)
1000104c:	7802      	ldrb	r2, [r0, #0]
1000104e:	468c      	mov	ip, r1
10001050:	4093      	lsls	r3, r2
10001052:	68c2      	ldr	r2, [r0, #12]
10001054:	2001      	movs	r0, #1
10001056:	4462      	add	r2, ip
10001058:	6013      	str	r3, [r2, #0]
1000105a:	e7e8      	b.n	1000102e <alarm_pool_cancel_alarm+0x42>
1000105c:	0000203c 	.word	0x0000203c

10001060 <alarm_pool_core_num>:
10001060:	7840      	ldrb	r0, [r0, #1]
10001062:	4770      	bx	lr

10001064 <sleep_ms>:
10001064:	b5f0      	push	{r4, r5, r6, r7, lr}
10001066:	46ce      	mov	lr, r9
10001068:	4647      	mov	r7, r8
1000106a:	b580      	push	{r7, lr}
1000106c:	b083      	sub	sp, #12
1000106e:	0004      	movs	r4, r0
10001070:	f000 f90c 	bl	1000128c <time_us_64>
10001074:	22fa      	movs	r2, #250	@ 0xfa
10001076:	0006      	movs	r6, r0
10001078:	000f      	movs	r7, r1
1000107a:	0020      	movs	r0, r4
1000107c:	2300      	movs	r3, #0
1000107e:	2100      	movs	r1, #0
10001080:	0092      	lsls	r2, r2, #2
10001082:	f000 ffed 	bl	10002060 <__wrap___aeabi_lmul>
10001086:	1980      	adds	r0, r0, r6
10001088:	4179      	adcs	r1, r7
1000108a:	0004      	movs	r4, r0
1000108c:	1e0d      	subs	r5, r1, #0
1000108e:	da02      	bge.n	10001096 <sleep_ms+0x32>
10001090:	2401      	movs	r4, #1
10001092:	4d2d      	ldr	r5, [pc, #180]	@ (10001148 <sleep_ms+0xe4>)
10001094:	4264      	negs	r4, r4
10001096:	2696      	movs	r6, #150	@ 0x96
10001098:	4276      	negs	r6, r6
1000109a:	17f7      	asrs	r7, r6, #31
1000109c:	1936      	adds	r6, r6, r4
1000109e:	416f      	adcs	r7, r5
100010a0:	42af      	cmp	r7, r5
100010a2:	d815      	bhi.n	100010d0 <sleep_ms+0x6c>
100010a4:	d012      	beq.n	100010cc <sleep_ms+0x68>
100010a6:	f000 f8f1 	bl	1000128c <time_us_64>
100010aa:	0032      	movs	r2, r6
100010ac:	003b      	movs	r3, r7
100010ae:	1a12      	subs	r2, r2, r0
100010b0:	418b      	sbcs	r3, r1
100010b2:	2b00      	cmp	r3, #0
100010b4:	dc18      	bgt.n	100010e8 <sleep_ms+0x84>
100010b6:	2b00      	cmp	r3, #0
100010b8:	d043      	beq.n	10001142 <sleep_ms+0xde>
100010ba:	0020      	movs	r0, r4
100010bc:	0029      	movs	r1, r5
100010be:	f000 f8ef 	bl	100012a0 <busy_wait_until>
100010c2:	b003      	add	sp, #12
100010c4:	bcc0      	pop	{r6, r7}
100010c6:	46b9      	mov	r9, r7
100010c8:	46b0      	mov	r8, r6
100010ca:	bdf0      	pop	{r4, r5, r6, r7, pc}
100010cc:	42a6      	cmp	r6, r4
100010ce:	d9ea      	bls.n	100010a6 <sleep_ms+0x42>
100010d0:	2200      	movs	r2, #0
100010d2:	2300      	movs	r3, #0
100010d4:	0016      	movs	r6, r2
100010d6:	001f      	movs	r7, r3
100010d8:	f000 f8d8 	bl	1000128c <time_us_64>
100010dc:	0032      	movs	r2, r6
100010de:	003b      	movs	r3, r7
100010e0:	1a12      	subs	r2, r2, r0
100010e2:	418b      	sbcs	r3, r1
100010e4:	2b00      	cmp	r3, #0
100010e6:	dde6      	ble.n	100010b6 <sleep_ms+0x52>
100010e8:	f000 f8d0 	bl	1000128c <time_us_64>
100010ec:	0032      	movs	r2, r6
100010ee:	003b      	movs	r3, r7
100010f0:	1a12      	subs	r2, r2, r0
100010f2:	418b      	sbcs	r3, r1
100010f4:	2b00      	cmp	r3, #0
100010f6:	db0a      	blt.n	1000110e <sleep_ms+0xaa>
100010f8:	2300      	movs	r3, #0
100010fa:	9301      	str	r3, [sp, #4]
100010fc:	4b13      	ldr	r3, [pc, #76]	@ (1000114c <sleep_ms+0xe8>)
100010fe:	0032      	movs	r2, r6
10001100:	9300      	str	r3, [sp, #0]
10001102:	4813      	ldr	r0, [pc, #76]	@ (10001150 <sleep_ms+0xec>)
10001104:	003b      	movs	r3, r7
10001106:	f7ff ff19 	bl	10000f3c <alarm_pool_add_alarm_at_force_in_context>
1000110a:	3001      	adds	r0, #1
1000110c:	d0d5      	beq.n	100010ba <sleep_ms+0x56>
1000110e:	4b11      	ldr	r3, [pc, #68]	@ (10001154 <sleep_ms+0xf0>)
10001110:	46b1      	mov	r9, r6
10001112:	4698      	mov	r8, r3
10001114:	4e10      	ldr	r6, [pc, #64]	@ (10001158 <sleep_ms+0xf4>)
10001116:	6a73      	ldr	r3, [r6, #36]	@ 0x24
10001118:	429f      	cmp	r7, r3
1000111a:	d804      	bhi.n	10001126 <sleep_ms+0xc2>
1000111c:	6ab2      	ldr	r2, [r6, #40]	@ 0x28
1000111e:	454a      	cmp	r2, r9
10001120:	d2cb      	bcs.n	100010ba <sleep_ms+0x56>
10001122:	429f      	cmp	r7, r3
10001124:	d1c9      	bne.n	100010ba <sleep_ms+0x56>
10001126:	4643      	mov	r3, r8
10001128:	681a      	ldr	r2, [r3, #0]
1000112a:	f3ef 8110 	mrs	r1, PRIMASK
1000112e:	b672      	cpsid	i
10001130:	6813      	ldr	r3, [r2, #0]
10001132:	2b00      	cmp	r3, #0
10001134:	d0fc      	beq.n	10001130 <sleep_ms+0xcc>
10001136:	f3bf 8f5f 	dmb	sy
1000113a:	4640      	mov	r0, r8
1000113c:	f005 fc9e 	bl	10006a7c <vPortLockInternalSpinUnlockWithWait>
10001140:	e7e9      	b.n	10001116 <sleep_ms+0xb2>
10001142:	2a00      	cmp	r2, #0
10001144:	d0b9      	beq.n	100010ba <sleep_ms+0x56>
10001146:	e7cf      	b.n	100010e8 <sleep_ms+0x84>
10001148:	7fffffff 	.word	0x7fffffff
1000114c:	10000d65 	.word	0x10000d65
10001150:	20001034 	.word	0x20001034
10001154:	20002384 	.word	0x20002384
10001158:	40054000 	.word	0x40054000

1000115c <best_effort_wfe_or_timeout>:
1000115c:	b5f0      	push	{r4, r5, r6, r7, lr}
1000115e:	4657      	mov	r7, sl
10001160:	464e      	mov	r6, r9
10001162:	46de      	mov	lr, fp
10001164:	4645      	mov	r5, r8
10001166:	b5e0      	push	{r5, r6, r7, lr}
10001168:	0006      	movs	r6, r0
1000116a:	000f      	movs	r7, r1
1000116c:	b085      	sub	sp, #20
1000116e:	f3ef 8305 	mrs	r3, IPSR
10001172:	4699      	mov	r9, r3
10001174:	468b      	mov	fp, r1
10001176:	2b00      	cmp	r3, #0
10001178:	d012      	beq.n	100011a0 <best_effort_wfe_or_timeout+0x44>
1000117a:	4938      	ldr	r1, [pc, #224]	@ (1000125c <best_effort_wfe_or_timeout+0x100>)
1000117c:	2000      	movs	r0, #0
1000117e:	6a4b      	ldr	r3, [r1, #36]	@ 0x24
10001180:	42bb      	cmp	r3, r7
10001182:	d306      	bcc.n	10001192 <best_effort_wfe_or_timeout+0x36>
10001184:	6a8a      	ldr	r2, [r1, #40]	@ 0x28
10001186:	1bdb      	subs	r3, r3, r7
10001188:	1e59      	subs	r1, r3, #1
1000118a:	418b      	sbcs	r3, r1
1000118c:	42b2      	cmp	r2, r6
1000118e:	4140      	adcs	r0, r0
10001190:	4318      	orrs	r0, r3
10001192:	b005      	add	sp, #20
10001194:	bcf0      	pop	{r4, r5, r6, r7}
10001196:	46bb      	mov	fp, r7
10001198:	46b2      	mov	sl, r6
1000119a:	46a9      	mov	r9, r5
1000119c:	46a0      	mov	r8, r4
1000119e:	bdf0      	pop	{r4, r5, r6, r7, pc}
100011a0:	4b2f      	ldr	r3, [pc, #188]	@ (10001260 <best_effort_wfe_or_timeout+0x104>)
100011a2:	469a      	mov	sl, r3
100011a4:	68db      	ldr	r3, [r3, #12]
100011a6:	4698      	mov	r8, r3
100011a8:	4653      	mov	r3, sl
100011aa:	781b      	ldrb	r3, [r3, #0]
100011ac:	4640      	mov	r0, r8
100011ae:	9303      	str	r3, [sp, #12]
100011b0:	f000 f864 	bl	1000127c <timer_time_us_64>
100011b4:	4642      	mov	r2, r8
100011b6:	9b03      	ldr	r3, [sp, #12]
100011b8:	0004      	movs	r4, r0
100011ba:	3304      	adds	r3, #4
100011bc:	009b      	lsls	r3, r3, #2
100011be:	589b      	ldr	r3, [r3, r2]
100011c0:	000d      	movs	r5, r1
100011c2:	1a1b      	subs	r3, r3, r0
100011c4:	0039      	movs	r1, r7
100011c6:	0030      	movs	r0, r6
100011c8:	1b00      	subs	r0, r0, r4
100011ca:	41a9      	sbcs	r1, r5
100011cc:	4589      	cmp	r9, r1
100011ce:	dc10      	bgt.n	100011f2 <best_effort_wfe_or_timeout+0x96>
100011d0:	d00d      	beq.n	100011ee <best_effort_wfe_or_timeout+0x92>
100011d2:	bf20      	wfe
100011d4:	4a21      	ldr	r2, [pc, #132]	@ (1000125c <best_effort_wfe_or_timeout+0x100>)
100011d6:	2000      	movs	r0, #0
100011d8:	6a53      	ldr	r3, [r2, #36]	@ 0x24
100011da:	455b      	cmp	r3, fp
100011dc:	d3d9      	bcc.n	10001192 <best_effort_wfe_or_timeout+0x36>
100011de:	6a92      	ldr	r2, [r2, #40]	@ 0x28
100011e0:	1bdb      	subs	r3, r3, r7
100011e2:	1e59      	subs	r1, r3, #1
100011e4:	418b      	sbcs	r3, r1
100011e6:	42b2      	cmp	r2, r6
100011e8:	4140      	adcs	r0, r0
100011ea:	4318      	orrs	r0, r3
100011ec:	e7d1      	b.n	10001192 <best_effort_wfe_or_timeout+0x36>
100011ee:	4283      	cmp	r3, r0
100011f0:	d9ef      	bls.n	100011d2 <best_effort_wfe_or_timeout+0x76>
100011f2:	f000 f84b 	bl	1000128c <time_us_64>
100011f6:	0032      	movs	r2, r6
100011f8:	003b      	movs	r3, r7
100011fa:	1a12      	subs	r2, r2, r0
100011fc:	418b      	sbcs	r3, r1
100011fe:	2b00      	cmp	r3, #0
10001200:	db1a      	blt.n	10001238 <best_effort_wfe_or_timeout+0xdc>
10001202:	2300      	movs	r3, #0
10001204:	9301      	str	r3, [sp, #4]
10001206:	4b17      	ldr	r3, [pc, #92]	@ (10001264 <best_effort_wfe_or_timeout+0x108>)
10001208:	0032      	movs	r2, r6
1000120a:	9300      	str	r3, [sp, #0]
1000120c:	4650      	mov	r0, sl
1000120e:	003b      	movs	r3, r7
10001210:	f7ff fe94 	bl	10000f3c <alarm_pool_add_alarm_at_force_in_context>
10001214:	1e01      	subs	r1, r0, #0
10001216:	dd0f      	ble.n	10001238 <best_effort_wfe_or_timeout+0xdc>
10001218:	4b10      	ldr	r3, [pc, #64]	@ (1000125c <best_effort_wfe_or_timeout+0x100>)
1000121a:	6a5a      	ldr	r2, [r3, #36]	@ 0x24
1000121c:	455a      	cmp	r2, fp
1000121e:	d31b      	bcc.n	10001258 <best_effort_wfe_or_timeout+0xfc>
10001220:	6a9b      	ldr	r3, [r3, #40]	@ 0x28
10001222:	42b3      	cmp	r3, r6
10001224:	d316      	bcc.n	10001254 <best_effort_wfe_or_timeout+0xf8>
10001226:	4650      	mov	r0, sl
10001228:	f7ff fee0 	bl	10000fec <alarm_pool_cancel_alarm>
1000122c:	4a0b      	ldr	r2, [pc, #44]	@ (1000125c <best_effort_wfe_or_timeout+0x100>)
1000122e:	2000      	movs	r0, #0
10001230:	6a53      	ldr	r3, [r2, #36]	@ 0x24
10001232:	455b      	cmp	r3, fp
10001234:	d3ad      	bcc.n	10001192 <best_effort_wfe_or_timeout+0x36>
10001236:	e7d2      	b.n	100011de <best_effort_wfe_or_timeout+0x82>
10001238:	4a08      	ldr	r2, [pc, #32]	@ (1000125c <best_effort_wfe_or_timeout+0x100>)
1000123a:	2000      	movs	r0, #0
1000123c:	6a53      	ldr	r3, [r2, #36]	@ 0x24
1000123e:	455b      	cmp	r3, fp
10001240:	d3a7      	bcc.n	10001192 <best_effort_wfe_or_timeout+0x36>
10001242:	2000      	movs	r0, #0
10001244:	6a92      	ldr	r2, [r2, #40]	@ 0x28
10001246:	1bdb      	subs	r3, r3, r7
10001248:	42b2      	cmp	r2, r6
1000124a:	4140      	adcs	r0, r0
1000124c:	1e5a      	subs	r2, r3, #1
1000124e:	4193      	sbcs	r3, r2
10001250:	4318      	orrs	r0, r3
10001252:	e79e      	b.n	10001192 <best_effort_wfe_or_timeout+0x36>
10001254:	455a      	cmp	r2, fp
10001256:	d1e6      	bne.n	10001226 <best_effort_wfe_or_timeout+0xca>
10001258:	bf20      	wfe
1000125a:	e7e4      	b.n	10001226 <best_effort_wfe_or_timeout+0xca>
1000125c:	40054000 	.word	0x40054000
10001260:	20001034 	.word	0x20001034
10001264:	10000d65 	.word	0x10000d65

10001268 <timer_hardware_alarm_claim>:
10001268:	b510      	push	{r4, lr}
1000126a:	4a02      	ldr	r2, [pc, #8]	@ (10001274 <timer_hardware_alarm_claim+0xc>)
1000126c:	4802      	ldr	r0, [pc, #8]	@ (10001278 <timer_hardware_alarm_claim+0x10>)
1000126e:	f7ff f921 	bl	100004b4 <hw_claim_or_assert>
10001272:	bd10      	pop	{r4, pc}
10001274:	10009b70 	.word	0x10009b70
10001278:	20001b3c 	.word	0x20001b3c

1000127c <timer_time_us_64>:
1000127c:	0003      	movs	r3, r0
1000127e:	6a41      	ldr	r1, [r0, #36]	@ 0x24
10001280:	000a      	movs	r2, r1
10001282:	6a98      	ldr	r0, [r3, #40]	@ 0x28
10001284:	6a59      	ldr	r1, [r3, #36]	@ 0x24
10001286:	428a      	cmp	r2, r1
10001288:	d1fa      	bne.n	10001280 <timer_time_us_64+0x4>
1000128a:	4770      	bx	lr

1000128c <time_us_64>:
1000128c:	4b03      	ldr	r3, [pc, #12]	@ (1000129c <time_us_64+0x10>)
1000128e:	6a59      	ldr	r1, [r3, #36]	@ 0x24
10001290:	000a      	movs	r2, r1
10001292:	6a98      	ldr	r0, [r3, #40]	@ 0x28
10001294:	6a59      	ldr	r1, [r3, #36]	@ 0x24
10001296:	4291      	cmp	r1, r2
10001298:	d1fa      	bne.n	10001290 <time_us_64+0x4>
1000129a:	4770      	bx	lr
1000129c:	40054000 	.word	0x40054000

100012a0 <busy_wait_until>:
100012a0:	4a06      	ldr	r2, [pc, #24]	@ (100012bc <busy_wait_until+0x1c>)
100012a2:	6a53      	ldr	r3, [r2, #36]	@ 0x24
100012a4:	4299      	cmp	r1, r3
100012a6:	d8fc      	bhi.n	100012a2 <busy_wait_until+0x2>
100012a8:	d107      	bne.n	100012ba <busy_wait_until+0x1a>
100012aa:	4b04      	ldr	r3, [pc, #16]	@ (100012bc <busy_wait_until+0x1c>)
100012ac:	e002      	b.n	100012b4 <busy_wait_until+0x14>
100012ae:	6a5a      	ldr	r2, [r3, #36]	@ 0x24
100012b0:	4291      	cmp	r1, r2
100012b2:	d102      	bne.n	100012ba <busy_wait_until+0x1a>
100012b4:	6a9a      	ldr	r2, [r3, #40]	@ 0x28
100012b6:	4290      	cmp	r0, r2
100012b8:	d8f9      	bhi.n	100012ae <busy_wait_until+0xe>
100012ba:	4770      	bx	lr
100012bc:	40054000 	.word	0x40054000

100012c0 <clock_configure_int_divider>:
100012c0:	b5f8      	push	{r3, r4, r5, r6, r7, lr}
100012c2:	46de      	mov	lr, fp
100012c4:	464e      	mov	r6, r9
100012c6:	4657      	mov	r7, sl
100012c8:	4645      	mov	r5, r8
100012ca:	b5e0      	push	{r5, r6, r7, lr}
100012cc:	468b      	mov	fp, r1
100012ce:	0005      	movs	r5, r0
100012d0:	990a      	ldr	r1, [sp, #40]	@ 0x28
100012d2:	0018      	movs	r0, r3
100012d4:	0016      	movs	r6, r2
100012d6:	f000 fb49 	bl	1000196c <__wrap___aeabi_uidiv>
100012da:	9b0a      	ldr	r3, [sp, #40]	@ 0x28
100012dc:	006c      	lsls	r4, r5, #1
100012de:	021f      	lsls	r7, r3, #8
100012e0:	4b32      	ldr	r3, [pc, #200]	@ (100013ac <clock_configure_int_divider+0xec>)
100012e2:	1964      	adds	r4, r4, r5
100012e4:	469c      	mov	ip, r3
100012e6:	00a4      	lsls	r4, r4, #2
100012e8:	4464      	add	r4, ip
100012ea:	6863      	ldr	r3, [r4, #4]
100012ec:	4681      	mov	r9, r0
100012ee:	429f      	cmp	r7, r3
100012f0:	d900      	bls.n	100012f4 <clock_configure_int_divider+0x34>
100012f2:	6067      	str	r7, [r4, #4]
100012f4:	1f2b      	subs	r3, r5, #4
100012f6:	b2db      	uxtb	r3, r3
100012f8:	4698      	mov	r8, r3
100012fa:	2b01      	cmp	r3, #1
100012fc:	d930      	bls.n	10001360 <clock_configure_int_divider+0xa0>
100012fe:	23c0      	movs	r3, #192	@ 0xc0
10001300:	2280      	movs	r2, #128	@ 0x80
10001302:	019b      	lsls	r3, r3, #6
10001304:	18e3      	adds	r3, r4, r3
10001306:	0112      	lsls	r2, r2, #4
10001308:	601a      	str	r2, [r3, #0]
1000130a:	4b29      	ldr	r3, [pc, #164]	@ (100013b0 <clock_configure_int_divider+0xf0>)
1000130c:	00ad      	lsls	r5, r5, #2
1000130e:	5959      	ldr	r1, [r3, r5]
10001310:	469a      	mov	sl, r3
10001312:	2900      	cmp	r1, #0
10001314:	d11b      	bne.n	1000134e <clock_configure_int_divider+0x8e>
10001316:	0173      	lsls	r3, r6, #5
10001318:	26e0      	movs	r6, #224	@ 0xe0
1000131a:	6822      	ldr	r2, [r4, #0]
1000131c:	4053      	eors	r3, r2
1000131e:	401e      	ands	r6, r3
10001320:	2380      	movs	r3, #128	@ 0x80
10001322:	4642      	mov	r2, r8
10001324:	015b      	lsls	r3, r3, #5
10001326:	18e3      	adds	r3, r4, r3
10001328:	601e      	str	r6, [r3, #0]
1000132a:	2a01      	cmp	r2, #1
1000132c:	d930      	bls.n	10001390 <clock_configure_int_divider+0xd0>
1000132e:	2380      	movs	r3, #128	@ 0x80
10001330:	2280      	movs	r2, #128	@ 0x80
10001332:	019b      	lsls	r3, r3, #6
10001334:	18e3      	adds	r3, r4, r3
10001336:	0112      	lsls	r2, r2, #4
10001338:	601a      	str	r2, [r3, #0]
1000133a:	4653      	mov	r3, sl
1000133c:	464a      	mov	r2, r9
1000133e:	6067      	str	r7, [r4, #4]
10001340:	515a      	str	r2, [r3, r5]
10001342:	bcf0      	pop	{r4, r5, r6, r7}
10001344:	46bb      	mov	fp, r7
10001346:	46b2      	mov	sl, r6
10001348:	46a9      	mov	r9, r5
1000134a:	46a0      	mov	r8, r4
1000134c:	bdf8      	pop	{r3, r4, r5, r6, r7, pc}
1000134e:	6958      	ldr	r0, [r3, #20]
10001350:	f000 fb0c 	bl	1000196c <__wrap___aeabi_uidiv>
10001354:	3001      	adds	r0, #1
10001356:	0043      	lsls	r3, r0, #1
10001358:	181b      	adds	r3, r3, r0
1000135a:	3b03      	subs	r3, #3
1000135c:	d2fd      	bcs.n	1000135a <clock_configure_int_divider+0x9a>
1000135e:	e7da      	b.n	10001316 <clock_configure_int_divider+0x56>
10001360:	465b      	mov	r3, fp
10001362:	2b01      	cmp	r3, #1
10001364:	d1cb      	bne.n	100012fe <clock_configure_int_divider+0x3e>
10001366:	23c0      	movs	r3, #192	@ 0xc0
10001368:	2203      	movs	r2, #3
1000136a:	019b      	lsls	r3, r3, #6
1000136c:	18e3      	adds	r3, r4, r3
1000136e:	601a      	str	r2, [r3, #0]
10001370:	3a02      	subs	r2, #2
10001372:	68a3      	ldr	r3, [r4, #8]
10001374:	421a      	tst	r2, r3
10001376:	d0fc      	beq.n	10001372 <clock_configure_int_divider+0xb2>
10001378:	0173      	lsls	r3, r6, #5
1000137a:	26e0      	movs	r6, #224	@ 0xe0
1000137c:	6822      	ldr	r2, [r4, #0]
1000137e:	00ad      	lsls	r5, r5, #2
10001380:	4053      	eors	r3, r2
10001382:	401e      	ands	r6, r3
10001384:	2380      	movs	r3, #128	@ 0x80
10001386:	4a0a      	ldr	r2, [pc, #40]	@ (100013b0 <clock_configure_int_divider+0xf0>)
10001388:	015b      	lsls	r3, r3, #5
1000138a:	4692      	mov	sl, r2
1000138c:	18e3      	adds	r3, r4, r3
1000138e:	601e      	str	r6, [r3, #0]
10001390:	465a      	mov	r2, fp
10001392:	6821      	ldr	r1, [r4, #0]
10001394:	4051      	eors	r1, r2
10001396:	2203      	movs	r2, #3
10001398:	400a      	ands	r2, r1
1000139a:	601a      	str	r2, [r3, #0]
1000139c:	2201      	movs	r2, #1
1000139e:	465b      	mov	r3, fp
100013a0:	409a      	lsls	r2, r3
100013a2:	68a3      	ldr	r3, [r4, #8]
100013a4:	421a      	tst	r2, r3
100013a6:	d0fc      	beq.n	100013a2 <clock_configure_int_divider+0xe2>
100013a8:	e7c1      	b.n	1000132e <clock_configure_int_divider+0x6e>
100013aa:	46c0      	nop			@ (mov r8, r8)
100013ac:	40008000 	.word	0x40008000
100013b0:	20001b40 	.word	0x20001b40

100013b4 <clock_configure_undivided>:
100013b4:	b5f0      	push	{r4, r5, r6, r7, lr}
100013b6:	4646      	mov	r6, r8
100013b8:	464f      	mov	r7, r9
100013ba:	46d6      	mov	lr, sl
100013bc:	b5c0      	push	{r6, r7, lr}
100013be:	001f      	movs	r7, r3
100013c0:	4b34      	ldr	r3, [pc, #208]	@ (10001494 <clock_configure_undivided+0xe0>)
100013c2:	0044      	lsls	r4, r0, #1
100013c4:	469c      	mov	ip, r3
100013c6:	1824      	adds	r4, r4, r0
100013c8:	00a4      	lsls	r4, r4, #2
100013ca:	4464      	add	r4, ip
100013cc:	6863      	ldr	r3, [r4, #4]
100013ce:	4688      	mov	r8, r1
100013d0:	0016      	movs	r6, r2
100013d2:	2bff      	cmp	r3, #255	@ 0xff
100013d4:	d802      	bhi.n	100013dc <clock_configure_undivided+0x28>
100013d6:	2380      	movs	r3, #128	@ 0x80
100013d8:	005b      	lsls	r3, r3, #1
100013da:	6063      	str	r3, [r4, #4]
100013dc:	1f03      	subs	r3, r0, #4
100013de:	b2db      	uxtb	r3, r3
100013e0:	469a      	mov	sl, r3
100013e2:	2b01      	cmp	r3, #1
100013e4:	d930      	bls.n	10001448 <clock_configure_undivided+0x94>
100013e6:	23c0      	movs	r3, #192	@ 0xc0
100013e8:	2280      	movs	r2, #128	@ 0x80
100013ea:	019b      	lsls	r3, r3, #6
100013ec:	18e3      	adds	r3, r4, r3
100013ee:	0112      	lsls	r2, r2, #4
100013f0:	601a      	str	r2, [r3, #0]
100013f2:	4b29      	ldr	r3, [pc, #164]	@ (10001498 <clock_configure_undivided+0xe4>)
100013f4:	0085      	lsls	r5, r0, #2
100013f6:	5959      	ldr	r1, [r3, r5]
100013f8:	4699      	mov	r9, r3
100013fa:	2900      	cmp	r1, #0
100013fc:	d11b      	bne.n	10001436 <clock_configure_undivided+0x82>
100013fe:	0173      	lsls	r3, r6, #5
10001400:	26e0      	movs	r6, #224	@ 0xe0
10001402:	6822      	ldr	r2, [r4, #0]
10001404:	4053      	eors	r3, r2
10001406:	401e      	ands	r6, r3
10001408:	2380      	movs	r3, #128	@ 0x80
1000140a:	4652      	mov	r2, sl
1000140c:	015b      	lsls	r3, r3, #5
1000140e:	18e3      	adds	r3, r4, r3
10001410:	601e      	str	r6, [r3, #0]
10001412:	2a01      	cmp	r2, #1
10001414:	d930      	bls.n	10001478 <clock_configure_undivided+0xc4>
10001416:	2380      	movs	r3, #128	@ 0x80
10001418:	2280      	movs	r2, #128	@ 0x80
1000141a:	019b      	lsls	r3, r3, #6
1000141c:	18e3      	adds	r3, r4, r3
1000141e:	0112      	lsls	r2, r2, #4
10001420:	601a      	str	r2, [r3, #0]
10001422:	2380      	movs	r3, #128	@ 0x80
10001424:	005b      	lsls	r3, r3, #1
10001426:	6063      	str	r3, [r4, #4]
10001428:	464b      	mov	r3, r9
1000142a:	515f      	str	r7, [r3, r5]
1000142c:	bce0      	pop	{r5, r6, r7}
1000142e:	46ba      	mov	sl, r7
10001430:	46b1      	mov	r9, r6
10001432:	46a8      	mov	r8, r5
10001434:	bdf0      	pop	{r4, r5, r6, r7, pc}
10001436:	6958      	ldr	r0, [r3, #20]
10001438:	f000 fa98 	bl	1000196c <__wrap___aeabi_uidiv>
1000143c:	3001      	adds	r0, #1
1000143e:	0043      	lsls	r3, r0, #1
10001440:	181b      	adds	r3, r3, r0
10001442:	3b03      	subs	r3, #3
10001444:	d2fd      	bcs.n	10001442 <clock_configure_undivided+0x8e>
10001446:	e7da      	b.n	100013fe <clock_configure_undivided+0x4a>
10001448:	4643      	mov	r3, r8
1000144a:	2b01      	cmp	r3, #1
1000144c:	d1cb      	bne.n	100013e6 <clock_configure_undivided+0x32>
1000144e:	23c0      	movs	r3, #192	@ 0xc0
10001450:	2203      	movs	r2, #3
10001452:	019b      	lsls	r3, r3, #6
10001454:	18e3      	adds	r3, r4, r3
10001456:	601a      	str	r2, [r3, #0]
10001458:	3a02      	subs	r2, #2
1000145a:	68a3      	ldr	r3, [r4, #8]
1000145c:	421a      	tst	r2, r3
1000145e:	d0fc      	beq.n	1000145a <clock_configure_undivided+0xa6>
10001460:	0173      	lsls	r3, r6, #5
10001462:	26e0      	movs	r6, #224	@ 0xe0
10001464:	6822      	ldr	r2, [r4, #0]
10001466:	0085      	lsls	r5, r0, #2
10001468:	4053      	eors	r3, r2
1000146a:	401e      	ands	r6, r3
1000146c:	2380      	movs	r3, #128	@ 0x80
1000146e:	4a0a      	ldr	r2, [pc, #40]	@ (10001498 <clock_configure_undivided+0xe4>)
10001470:	015b      	lsls	r3, r3, #5
10001472:	4691      	mov	r9, r2
10001474:	18e3      	adds	r3, r4, r3
10001476:	601e      	str	r6, [r3, #0]
10001478:	4642      	mov	r2, r8
1000147a:	6821      	ldr	r1, [r4, #0]
1000147c:	4051      	eors	r1, r2
1000147e:	2203      	movs	r2, #3
10001480:	400a      	ands	r2, r1
10001482:	601a      	str	r2, [r3, #0]
10001484:	2301      	movs	r3, #1
10001486:	4642      	mov	r2, r8
10001488:	4093      	lsls	r3, r2
1000148a:	68a2      	ldr	r2, [r4, #8]
1000148c:	4213      	tst	r3, r2
1000148e:	d0fc      	beq.n	1000148a <clock_configure_undivided+0xd6>
10001490:	e7c1      	b.n	10001416 <clock_configure_undivided+0x62>
10001492:	46c0      	nop			@ (mov r8, r8)
10001494:	40008000 	.word	0x40008000
10001498:	20001b40 	.word	0x20001b40

1000149c <clock_get_hz>:
1000149c:	4b01      	ldr	r3, [pc, #4]	@ (100014a4 <clock_get_hz+0x8>)
1000149e:	0080      	lsls	r0, r0, #2
100014a0:	58c0      	ldr	r0, [r0, r3]
100014a2:	4770      	bx	lr
100014a4:	20001b40 	.word	0x20001b40

100014a8 <pll_init>:
100014a8:	b5f8      	push	{r3, r4, r5, r6, r7, lr}
100014aa:	0004      	movs	r4, r0
100014ac:	4821      	ldr	r0, [pc, #132]	@ (10001534 <pll_init+0x8c>)
100014ae:	001e      	movs	r6, r3
100014b0:	0017      	movs	r7, r2
100014b2:	000d      	movs	r5, r1
100014b4:	f000 fa5a 	bl	1000196c <__wrap___aeabi_uidiv>
100014b8:	0001      	movs	r1, r0
100014ba:	0038      	movs	r0, r7
100014bc:	f000 fa56 	bl	1000196c <__wrap___aeabi_uidiv>
100014c0:	9b06      	ldr	r3, [sp, #24]
100014c2:	0436      	lsls	r6, r6, #16
100014c4:	031b      	lsls	r3, r3, #12
100014c6:	431e      	orrs	r6, r3
100014c8:	6823      	ldr	r3, [r4, #0]
100014ca:	2b00      	cmp	r3, #0
100014cc:	db20      	blt.n	10001510 <pll_init+0x68>
100014ce:	4b1a      	ldr	r3, [pc, #104]	@ (10001538 <pll_init+0x90>)
100014d0:	491a      	ldr	r1, [pc, #104]	@ (1000153c <pll_init+0x94>)
100014d2:	18e3      	adds	r3, r4, r3
100014d4:	1e5a      	subs	r2, r3, #1
100014d6:	4193      	sbcs	r3, r2
100014d8:	2280      	movs	r2, #128	@ 0x80
100014da:	0192      	lsls	r2, r2, #6
100014dc:	4694      	mov	ip, r2
100014de:	425b      	negs	r3, r3
100014e0:	0b1b      	lsrs	r3, r3, #12
100014e2:	4a17      	ldr	r2, [pc, #92]	@ (10001540 <pll_init+0x98>)
100014e4:	031b      	lsls	r3, r3, #12
100014e6:	4463      	add	r3, ip
100014e8:	6013      	str	r3, [r2, #0]
100014ea:	4a16      	ldr	r2, [pc, #88]	@ (10001544 <pll_init+0x9c>)
100014ec:	6013      	str	r3, [r2, #0]
100014ee:	001f      	movs	r7, r3
100014f0:	680a      	ldr	r2, [r1, #0]
100014f2:	4397      	bics	r7, r2
100014f4:	d1fb      	bne.n	100014ee <pll_init+0x46>
100014f6:	4b14      	ldr	r3, [pc, #80]	@ (10001548 <pll_init+0xa0>)
100014f8:	6025      	str	r5, [r4, #0]
100014fa:	18e2      	adds	r2, r4, r3
100014fc:	2321      	movs	r3, #33	@ 0x21
100014fe:	60a0      	str	r0, [r4, #8]
10001500:	6013      	str	r3, [r2, #0]
10001502:	6823      	ldr	r3, [r4, #0]
10001504:	2b00      	cmp	r3, #0
10001506:	dafc      	bge.n	10001502 <pll_init+0x5a>
10001508:	2308      	movs	r3, #8
1000150a:	60e6      	str	r6, [r4, #12]
1000150c:	6013      	str	r3, [r2, #0]
1000150e:	bdf8      	pop	{r3, r4, r5, r6, r7, pc}
10001510:	233f      	movs	r3, #63	@ 0x3f
10001512:	6822      	ldr	r2, [r4, #0]
10001514:	4013      	ands	r3, r2
10001516:	42ab      	cmp	r3, r5
10001518:	d1d9      	bne.n	100014ce <pll_init+0x26>
1000151a:	68a3      	ldr	r3, [r4, #8]
1000151c:	051b      	lsls	r3, r3, #20
1000151e:	0d1b      	lsrs	r3, r3, #20
10001520:	4283      	cmp	r3, r0
10001522:	d1d4      	bne.n	100014ce <pll_init+0x26>
10001524:	22ee      	movs	r2, #238	@ 0xee
10001526:	68e3      	ldr	r3, [r4, #12]
10001528:	02d2      	lsls	r2, r2, #11
1000152a:	4013      	ands	r3, r2
1000152c:	42b3      	cmp	r3, r6
1000152e:	d1ce      	bne.n	100014ce <pll_init+0x26>
10001530:	e7ed      	b.n	1000150e <pll_init+0x66>
10001532:	46c0      	nop			@ (mov r8, r8)
10001534:	00b71b00 	.word	0x00b71b00
10001538:	bffd4000 	.word	0xbffd4000
1000153c:	4000c008 	.word	0x4000c008
10001540:	4000e000 	.word	0x4000e000
10001544:	4000f000 	.word	0x4000f000
10001548:	00003004 	.word	0x00003004

1000154c <watchdog_reboot>:
1000154c:	b510      	push	{r4, lr}
1000154e:	2480      	movs	r4, #128	@ 0x80
10001550:	4b1c      	ldr	r3, [pc, #112]	@ (100015c4 <watchdog_reboot+0x78>)
10001552:	05e4      	lsls	r4, r4, #23
10001554:	601c      	str	r4, [r3, #0]
10001556:	2800      	cmp	r0, #0
10001558:	d01a      	beq.n	10001590 <watchdog_reboot+0x44>
1000155a:	2301      	movs	r3, #1
1000155c:	4c1a      	ldr	r4, [pc, #104]	@ (100015c8 <watchdog_reboot+0x7c>)
1000155e:	4318      	orrs	r0, r3
10001560:	4b1a      	ldr	r3, [pc, #104]	@ (100015cc <watchdog_reboot+0x80>)
10001562:	61dc      	str	r4, [r3, #28]
10001564:	4c1a      	ldr	r4, [pc, #104]	@ (100015d0 <watchdog_reboot+0x84>)
10001566:	4044      	eors	r4, r0
10001568:	621c      	str	r4, [r3, #32]
1000156a:	6259      	str	r1, [r3, #36]	@ 0x24
1000156c:	6298      	str	r0, [r3, #40]	@ 0x28
1000156e:	2180      	movs	r1, #128	@ 0x80
10001570:	4b14      	ldr	r3, [pc, #80]	@ (100015c4 <watchdog_reboot+0x78>)
10001572:	05c9      	lsls	r1, r1, #23
10001574:	6019      	str	r1, [r3, #0]
10001576:	4817      	ldr	r0, [pc, #92]	@ (100015d4 <watchdog_reboot+0x88>)
10001578:	4917      	ldr	r1, [pc, #92]	@ (100015d8 <watchdog_reboot+0x8c>)
1000157a:	6008      	str	r0, [r1, #0]
1000157c:	21e0      	movs	r1, #224	@ 0xe0
1000157e:	04c9      	lsls	r1, r1, #19
10001580:	6019      	str	r1, [r3, #0]
10001582:	2a00      	cmp	r2, #0
10001584:	d107      	bne.n	10001596 <watchdog_reboot+0x4a>
10001586:	2280      	movs	r2, #128	@ 0x80
10001588:	4b14      	ldr	r3, [pc, #80]	@ (100015dc <watchdog_reboot+0x90>)
1000158a:	0612      	lsls	r2, r2, #24
1000158c:	601a      	str	r2, [r3, #0]
1000158e:	bd10      	pop	{r4, pc}
10001590:	4b0e      	ldr	r3, [pc, #56]	@ (100015cc <watchdog_reboot+0x80>)
10001592:	61d8      	str	r0, [r3, #28]
10001594:	e7eb      	b.n	1000156e <watchdog_reboot+0x22>
10001596:	0153      	lsls	r3, r2, #5
10001598:	1a9b      	subs	r3, r3, r2
1000159a:	009b      	lsls	r3, r3, #2
1000159c:	189a      	adds	r2, r3, r2
1000159e:	2380      	movs	r3, #128	@ 0x80
100015a0:	0112      	lsls	r2, r2, #4
100015a2:	045b      	lsls	r3, r3, #17
100015a4:	429a      	cmp	r2, r3
100015a6:	d209      	bcs.n	100015bc <watchdog_reboot+0x70>
100015a8:	0013      	movs	r3, r2
100015aa:	490d      	ldr	r1, [pc, #52]	@ (100015e0 <watchdog_reboot+0x94>)
100015ac:	600b      	str	r3, [r1, #0]
100015ae:	4b07      	ldr	r3, [pc, #28]	@ (100015cc <watchdog_reboot+0x80>)
100015b0:	605a      	str	r2, [r3, #4]
100015b2:	2280      	movs	r2, #128	@ 0x80
100015b4:	4b09      	ldr	r3, [pc, #36]	@ (100015dc <watchdog_reboot+0x90>)
100015b6:	05d2      	lsls	r2, r2, #23
100015b8:	601a      	str	r2, [r3, #0]
100015ba:	e7e8      	b.n	1000158e <watchdog_reboot+0x42>
100015bc:	4b09      	ldr	r3, [pc, #36]	@ (100015e4 <watchdog_reboot+0x98>)
100015be:	001a      	movs	r2, r3
100015c0:	e7f3      	b.n	100015aa <watchdog_reboot+0x5e>
100015c2:	46c0      	nop			@ (mov r8, r8)
100015c4:	4005b000 	.word	0x4005b000
100015c8:	b007c0d3 	.word	0xb007c0d3
100015cc:	40058000 	.word	0x40058000
100015d0:	4ff83f2d 	.word	0x4ff83f2d
100015d4:	0001fffc 	.word	0x0001fffc
100015d8:	40012008 	.word	0x40012008
100015dc:	4005a000 	.word	0x4005a000
100015e0:	20001fa0 	.word	0x20001fa0
100015e4:	00ffffff 	.word	0x00ffffff

100015e8 <tick_start>:
100015e8:	2380      	movs	r3, #128	@ 0x80
100015ea:	4a02      	ldr	r2, [pc, #8]	@ (100015f4 <tick_start+0xc>)
100015ec:	009b      	lsls	r3, r3, #2
100015ee:	430b      	orrs	r3, r1
100015f0:	62d3      	str	r3, [r2, #44]	@ 0x2c
100015f2:	4770      	bx	lr
100015f4:	40058000 	.word	0x40058000

100015f8 <rom_func_lookup>:
100015f8:	2300      	movs	r3, #0
100015fa:	b510      	push	{r4, lr}
100015fc:	0001      	movs	r1, r0
100015fe:	8a98      	ldrh	r0, [r3, #20]
10001600:	8b1b      	ldrh	r3, [r3, #24]
10001602:	4798      	blx	r3
10001604:	bd10      	pop	{r4, pc}
10001606:	46c0      	nop			@ (mov r8, r8)

10001608 <rom_data_lookup>:
10001608:	2316      	movs	r3, #22
1000160a:	b510      	push	{r4, lr}
1000160c:	0001      	movs	r1, r0
1000160e:	8818      	ldrh	r0, [r3, #0]
10001610:	3302      	adds	r3, #2
10001612:	881b      	ldrh	r3, [r3, #0]
10001614:	4798      	blx	r3
10001616:	bd10      	pop	{r4, pc}

10001618 <rom_funcs_lookup>:
10001618:	b5f8      	push	{r3, r4, r5, r6, r7, lr}
1000161a:	4647      	mov	r7, r8
1000161c:	46ce      	mov	lr, r9
1000161e:	b580      	push	{r7, lr}
10001620:	1e0f      	subs	r7, r1, #0
10001622:	d018      	beq.n	10001656 <rom_funcs_lookup+0x3e>
10001624:	2314      	movs	r3, #20
10001626:	4699      	mov	r9, r3
10001628:	3304      	adds	r3, #4
1000162a:	0004      	movs	r4, r0
1000162c:	2500      	movs	r5, #0
1000162e:	2601      	movs	r6, #1
10001630:	4698      	mov	r8, r3
10001632:	464b      	mov	r3, r9
10001634:	8818      	ldrh	r0, [r3, #0]
10001636:	4643      	mov	r3, r8
10001638:	6821      	ldr	r1, [r4, #0]
1000163a:	881b      	ldrh	r3, [r3, #0]
1000163c:	4798      	blx	r3
1000163e:	c401      	stmia	r4!, {r0}
10001640:	1e43      	subs	r3, r0, #1
10001642:	4198      	sbcs	r0, r3
10001644:	3501      	adds	r5, #1
10001646:	4006      	ands	r6, r0
10001648:	42af      	cmp	r7, r5
1000164a:	d1f2      	bne.n	10001632 <rom_funcs_lookup+0x1a>
1000164c:	0030      	movs	r0, r6
1000164e:	bcc0      	pop	{r6, r7}
10001650:	46b9      	mov	r9, r7
10001652:	46b0      	mov	r8, r6
10001654:	bdf8      	pop	{r3, r4, r5, r6, r7, pc}
10001656:	2601      	movs	r6, #1
10001658:	e7f8      	b.n	1000164c <rom_funcs_lookup+0x34>
1000165a:	46c0      	nop			@ (mov r8, r8)

1000165c <rom_reset_usb_boot>:
1000165c:	2300      	movs	r3, #0
1000165e:	b570      	push	{r4, r5, r6, lr}
10001660:	0004      	movs	r4, r0
10001662:	000d      	movs	r5, r1
10001664:	8a98      	ldrh	r0, [r3, #20]
10001666:	4903      	ldr	r1, [pc, #12]	@ (10001674 <rom_reset_usb_boot+0x18>)
10001668:	8b1b      	ldrh	r3, [r3, #24]
1000166a:	4798      	blx	r3
1000166c:	0029      	movs	r1, r5
1000166e:	0003      	movs	r3, r0
10001670:	0020      	movs	r0, r4
10001672:	4798      	blx	r3
10001674:	00004255 	.word	0x00004255

10001678 <rom_reset_usb_boot_extra>:
10001678:	2300      	movs	r3, #0
1000167a:	b570      	push	{r4, r5, r6, lr}
1000167c:	0004      	movs	r4, r0
1000167e:	000d      	movs	r5, r1
10001680:	8a98      	ldrh	r0, [r3, #20]
10001682:	4905      	ldr	r1, [pc, #20]	@ (10001698 <rom_reset_usb_boot_extra+0x20>)
10001684:	8b1b      	ldrh	r3, [r3, #24]
10001686:	4798      	blx	r3
10001688:	0003      	movs	r3, r0
1000168a:	2000      	movs	r0, #0
1000168c:	2c00      	cmp	r4, #0
1000168e:	db01      	blt.n	10001694 <rom_reset_usb_boot_extra+0x1c>
10001690:	3001      	adds	r0, #1
10001692:	40a0      	lsls	r0, r4
10001694:	0029      	movs	r1, r5
10001696:	4798      	blx	r3
10001698:	00004255 	.word	0x00004255

1000169c <xosc_init>:
1000169c:	23aa      	movs	r3, #170	@ 0xaa
1000169e:	4a06      	ldr	r2, [pc, #24]	@ (100016b8 <xosc_init+0x1c>)
100016a0:	011b      	lsls	r3, r3, #4
100016a2:	6013      	str	r3, [r2, #0]
100016a4:	238d      	movs	r3, #141	@ 0x8d
100016a6:	005b      	lsls	r3, r3, #1
100016a8:	60d3      	str	r3, [r2, #12]
100016aa:	4904      	ldr	r1, [pc, #16]	@ (100016bc <xosc_init+0x20>)
100016ac:	4b04      	ldr	r3, [pc, #16]	@ (100016c0 <xosc_init+0x24>)
100016ae:	6019      	str	r1, [r3, #0]
100016b0:	6853      	ldr	r3, [r2, #4]
100016b2:	2b00      	cmp	r3, #0
100016b4:	dafc      	bge.n	100016b0 <xosc_init+0x14>
100016b6:	4770      	bx	lr
100016b8:	40024000 	.word	0x40024000
100016bc:	00fab000 	.word	0x00fab000
100016c0:	40026000 	.word	0x40026000

100016c4 <first_per_core_initializer>:
100016c4:	4770      	bx	lr
100016c6:	46c0      	nop			@ (mov r8, r8)

100016c8 <hard_assertion_failure>:
100016c8:	b510      	push	{r4, lr}
100016ca:	4801      	ldr	r0, [pc, #4]	@ (100016d0 <hard_assertion_failure+0x8>)
100016cc:	f7fe fed4 	bl	10000478 <panic>
100016d0:	10009b94 	.word	0x10009b94

100016d4 <runtime_run_initializers>:
100016d4:	b570      	push	{r4, r5, r6, lr}
100016d6:	4d07      	ldr	r5, [pc, #28]	@ (100016f4 <runtime_run_initializers+0x20>)
100016d8:	4e07      	ldr	r6, [pc, #28]	@ (100016f8 <runtime_run_initializers+0x24>)
100016da:	42b5      	cmp	r5, r6
100016dc:	d209      	bcs.n	100016f2 <runtime_run_initializers+0x1e>
100016de:	2400      	movs	r4, #0
100016e0:	3e01      	subs	r6, #1
100016e2:	1b76      	subs	r6, r6, r5
100016e4:	08b6      	lsrs	r6, r6, #2
100016e6:	cd08      	ldmia	r5!, {r3}
100016e8:	4798      	blx	r3
100016ea:	0023      	movs	r3, r4
100016ec:	3401      	adds	r4, #1
100016ee:	42b3      	cmp	r3, r6
100016f0:	d1f9      	bne.n	100016e6 <runtime_run_initializers+0x12>
100016f2:	bd70      	pop	{r4, r5, r6, pc}
100016f4:	10009a68 	.word	0x10009a68
100016f8:	10009aa4 	.word	0x10009aa4

100016fc <runtime_init_early_resets>:
100016fc:	4b05      	ldr	r3, [pc, #20]	@ (10001714 <runtime_init_early_resets+0x18>)
100016fe:	4a06      	ldr	r2, [pc, #24]	@ (10001718 <runtime_init_early_resets+0x1c>)
10001700:	4906      	ldr	r1, [pc, #24]	@ (1000171c <runtime_init_early_resets+0x20>)
10001702:	601a      	str	r2, [r3, #0]
10001704:	4a06      	ldr	r2, [pc, #24]	@ (10001720 <runtime_init_early_resets+0x24>)
10001706:	4b07      	ldr	r3, [pc, #28]	@ (10001724 <runtime_init_early_resets+0x28>)
10001708:	601a      	str	r2, [r3, #0]
1000170a:	0010      	movs	r0, r2
1000170c:	680b      	ldr	r3, [r1, #0]
1000170e:	4398      	bics	r0, r3
10001710:	d1fb      	bne.n	1000170a <runtime_init_early_resets+0xe>
10001712:	4770      	bx	lr
10001714:	4000e000 	.word	0x4000e000
10001718:	fefbcdbf 	.word	0xfefbcdbf
1000171c:	4000c008 	.word	0x4000c008
10001720:	003c7ffe 	.word	0x003c7ffe
10001724:	4000f000 	.word	0x4000f000

10001728 <runtime_init_usb_power_down>:
10001728:	4b04      	ldr	r3, [pc, #16]	@ (1000173c <runtime_init_usb_power_down+0x14>)
1000172a:	6cdb      	ldr	r3, [r3, #76]	@ 0x4c
1000172c:	2b00      	cmp	r3, #0
1000172e:	d103      	bne.n	10001738 <runtime_init_usb_power_down+0x10>
10001730:	2280      	movs	r2, #128	@ 0x80
10001732:	4b03      	ldr	r3, [pc, #12]	@ (10001740 <runtime_init_usb_power_down+0x18>)
10001734:	02d2      	lsls	r2, r2, #11
10001736:	601a      	str	r2, [r3, #0]
10001738:	4770      	bx	lr
1000173a:	46c0      	nop			@ (mov r8, r8)
1000173c:	50110000 	.word	0x50110000
10001740:	5011204c 	.word	0x5011204c

10001744 <runtime_init_post_clock_resets>:
10001744:	4a04      	ldr	r2, [pc, #16]	@ (10001758 <runtime_init_post_clock_resets+0x14>)
10001746:	4b05      	ldr	r3, [pc, #20]	@ (1000175c <runtime_init_post_clock_resets+0x18>)
10001748:	601a      	str	r2, [r3, #0]
1000174a:	4a05      	ldr	r2, [pc, #20]	@ (10001760 <runtime_init_post_clock_resets+0x1c>)
1000174c:	6813      	ldr	r3, [r2, #0]
1000174e:	01db      	lsls	r3, r3, #7
10001750:	3380      	adds	r3, #128	@ 0x80
10001752:	d1fb      	bne.n	1000174c <runtime_init_post_clock_resets+0x8>
10001754:	4770      	bx	lr
10001756:	46c0      	nop			@ (mov r8, r8)
10001758:	01ffffff 	.word	0x01ffffff
1000175c:	4000f000 	.word	0x4000f000
10001760:	4000c008 	.word	0x4000c008

10001764 <runtime_init_rp2040_gpio_ie_disable>:
10001764:	2240      	movs	r2, #64	@ 0x40
10001766:	4b03      	ldr	r3, [pc, #12]	@ (10001774 <runtime_init_rp2040_gpio_ie_disable+0x10>)
10001768:	679a      	str	r2, [r3, #120]	@ 0x78
1000176a:	675a      	str	r2, [r3, #116]	@ 0x74
1000176c:	671a      	str	r2, [r3, #112]	@ 0x70
1000176e:	66da      	str	r2, [r3, #108]	@ 0x6c
10001770:	4770      	bx	lr
10001772:	46c0      	nop			@ (mov r8, r8)
10001774:	4001f000 	.word	0x4001f000

10001778 <runtime_init_spin_locks_reset>:
10001778:	b510      	push	{r4, lr}
1000177a:	f7fe ff1f 	bl	100005bc <spin_locks_reset>
1000177e:	bd10      	pop	{r4, pc}

10001780 <runtime_init_install_ram_vector_table>:
10001780:	b5f8      	push	{r3, r4, r5, r6, r7, lr}
10001782:	4927      	ldr	r1, [pc, #156]	@ (10001820 <runtime_init_install_ram_vector_table+0xa0>)
10001784:	4c27      	ldr	r4, [pc, #156]	@ (10001824 <runtime_init_install_ram_vector_table+0xa4>)
10001786:	4d28      	ldr	r5, [pc, #160]	@ (10001828 <runtime_init_install_ram_vector_table+0xa8>)
10001788:	1a64      	subs	r4, r4, r1
1000178a:	10a6      	asrs	r6, r4, #2
1000178c:	0032      	movs	r2, r6
1000178e:	2e30      	cmp	r6, #48	@ 0x30
10001790:	d900      	bls.n	10001794 <runtime_init_install_ram_vector_table+0x14>
10001792:	2230      	movs	r2, #48	@ 0x30
10001794:	0028      	movs	r0, r5
10001796:	0092      	lsls	r2, r2, #2
10001798:	f000 fcbe 	bl	10002118 <__wrap___aeabi_memcpy>
1000179c:	2cbc      	cmp	r4, #188	@ 0xbc
1000179e:	d83b      	bhi.n	10001818 <runtime_init_install_ram_vector_table+0x98>
100017a0:	2030      	movs	r0, #48	@ 0x30
100017a2:	232f      	movs	r3, #47	@ 0x2f
100017a4:	192c      	adds	r4, r5, r4
100017a6:	0764      	lsls	r4, r4, #29
100017a8:	4a20      	ldr	r2, [pc, #128]	@ (1000182c <runtime_init_install_ram_vector_table+0xac>)
100017aa:	1b80      	subs	r0, r0, r6
100017ac:	0fe4      	lsrs	r4, r4, #31
100017ae:	1b9b      	subs	r3, r3, r6
100017b0:	2b05      	cmp	r3, #5
100017b2:	d916      	bls.n	100017e2 <runtime_init_install_ram_vector_table+0x62>
100017b4:	0037      	movs	r7, r6
100017b6:	2c00      	cmp	r4, #0
100017b8:	d002      	beq.n	100017c0 <runtime_init_install_ram_vector_table+0x40>
100017ba:	00b3      	lsls	r3, r6, #2
100017bc:	1c77      	adds	r7, r6, #1
100017be:	50ea      	str	r2, [r5, r3]
100017c0:	1b00      	subs	r0, r0, r4
100017c2:	1933      	adds	r3, r6, r4
100017c4:	009b      	lsls	r3, r3, #2
100017c6:	0841      	lsrs	r1, r0, #1
100017c8:	18eb      	adds	r3, r5, r3
100017ca:	00c9      	lsls	r1, r1, #3
100017cc:	18c9      	adds	r1, r1, r3
100017ce:	601a      	str	r2, [r3, #0]
100017d0:	605a      	str	r2, [r3, #4]
100017d2:	3308      	adds	r3, #8
100017d4:	4299      	cmp	r1, r3
100017d6:	d1fa      	bne.n	100017ce <runtime_init_install_ram_vector_table+0x4e>
100017d8:	2301      	movs	r3, #1
100017da:	4203      	tst	r3, r0
100017dc:	d01c      	beq.n	10001818 <runtime_init_install_ram_vector_table+0x98>
100017de:	4398      	bics	r0, r3
100017e0:	19c6      	adds	r6, r0, r7
100017e2:	00b3      	lsls	r3, r6, #2
100017e4:	50ea      	str	r2, [r5, r3]
100017e6:	1c73      	adds	r3, r6, #1
100017e8:	2e2f      	cmp	r6, #47	@ 0x2f
100017ea:	d015      	beq.n	10001818 <runtime_init_install_ram_vector_table+0x98>
100017ec:	009b      	lsls	r3, r3, #2
100017ee:	50ea      	str	r2, [r5, r3]
100017f0:	1cb3      	adds	r3, r6, #2
100017f2:	2e2e      	cmp	r6, #46	@ 0x2e
100017f4:	d010      	beq.n	10001818 <runtime_init_install_ram_vector_table+0x98>
100017f6:	009b      	lsls	r3, r3, #2
100017f8:	50ea      	str	r2, [r5, r3]
100017fa:	1cf3      	adds	r3, r6, #3
100017fc:	2e2d      	cmp	r6, #45	@ 0x2d
100017fe:	d00b      	beq.n	10001818 <runtime_init_install_ram_vector_table+0x98>
10001800:	009b      	lsls	r3, r3, #2
10001802:	50ea      	str	r2, [r5, r3]
10001804:	1d33      	adds	r3, r6, #4
10001806:	2e2c      	cmp	r6, #44	@ 0x2c
10001808:	d006      	beq.n	10001818 <runtime_init_install_ram_vector_table+0x98>
1000180a:	009b      	lsls	r3, r3, #2
1000180c:	50ea      	str	r2, [r5, r3]
1000180e:	1d73      	adds	r3, r6, #5
10001810:	2e2b      	cmp	r6, #43	@ 0x2b
10001812:	d001      	beq.n	10001818 <runtime_init_install_ram_vector_table+0x98>
10001814:	009b      	lsls	r3, r3, #2
10001816:	50ea      	str	r2, [r5, r3]
10001818:	4b05      	ldr	r3, [pc, #20]	@ (10001830 <runtime_init_install_ram_vector_table+0xb0>)
1000181a:	609d      	str	r5, [r3, #8]
1000181c:	bdf8      	pop	{r3, r4, r5, r6, r7, pc}
1000181e:	46c0      	nop			@ (mov r8, r8)
10001820:	10000100 	.word	0x10000100
10001824:	100001c0 	.word	0x100001c0
10001828:	20000000 	.word	0x20000000
1000182c:	100001c1 	.word	0x100001c1
10001830:	e000ed00 	.word	0xe000ed00

10001834 <runtime_init_clocks>:
10001834:	2300      	movs	r3, #0
10001836:	b510      	push	{r4, lr}
10001838:	4c29      	ldr	r4, [pc, #164]	@ (100018e0 <runtime_init_clocks+0xac>)
1000183a:	b082      	sub	sp, #8
1000183c:	67a3      	str	r3, [r4, #120]	@ 0x78
1000183e:	f7ff ff2d 	bl	1000169c <xosc_init>
10001842:	2201      	movs	r2, #1
10001844:	4b27      	ldr	r3, [pc, #156]	@ (100018e4 <runtime_init_clocks+0xb0>)
10001846:	601a      	str	r2, [r3, #0]
10001848:	6c63      	ldr	r3, [r4, #68]	@ 0x44
1000184a:	2b01      	cmp	r3, #1
1000184c:	d1fc      	bne.n	10001848 <runtime_init_clocks+0x14>
1000184e:	2203      	movs	r2, #3
10001850:	4b25      	ldr	r3, [pc, #148]	@ (100018e8 <runtime_init_clocks+0xb4>)
10001852:	601a      	str	r2, [r3, #0]
10001854:	4a22      	ldr	r2, [pc, #136]	@ (100018e0 <runtime_init_clocks+0xac>)
10001856:	6b93      	ldr	r3, [r2, #56]	@ 0x38
10001858:	2b01      	cmp	r3, #1
1000185a:	d1fc      	bne.n	10001856 <runtime_init_clocks+0x22>
1000185c:	3301      	adds	r3, #1
1000185e:	9300      	str	r3, [sp, #0]
10001860:	2101      	movs	r1, #1
10001862:	4a22      	ldr	r2, [pc, #136]	@ (100018ec <runtime_init_clocks+0xb8>)
10001864:	4822      	ldr	r0, [pc, #136]	@ (100018f0 <runtime_init_clocks+0xbc>)
10001866:	3304      	adds	r3, #4
10001868:	f7ff fe1e 	bl	100014a8 <pll_init>
1000186c:	2305      	movs	r3, #5
1000186e:	2101      	movs	r1, #1
10001870:	9300      	str	r3, [sp, #0]
10001872:	4a20      	ldr	r2, [pc, #128]	@ (100018f4 <runtime_init_clocks+0xc0>)
10001874:	4820      	ldr	r0, [pc, #128]	@ (100018f8 <runtime_init_clocks+0xc4>)
10001876:	f7ff fe17 	bl	100014a8 <pll_init>
1000187a:	2200      	movs	r2, #0
1000187c:	2102      	movs	r1, #2
1000187e:	2004      	movs	r0, #4
10001880:	4b1e      	ldr	r3, [pc, #120]	@ (100018fc <runtime_init_clocks+0xc8>)
10001882:	f7ff fd97 	bl	100013b4 <clock_configure_undivided>
10001886:	2200      	movs	r2, #0
10001888:	2101      	movs	r1, #1
1000188a:	2005      	movs	r0, #5
1000188c:	4b1c      	ldr	r3, [pc, #112]	@ (10001900 <runtime_init_clocks+0xcc>)
1000188e:	f7ff fd91 	bl	100013b4 <clock_configure_undivided>
10001892:	2200      	movs	r2, #0
10001894:	2100      	movs	r1, #0
10001896:	2007      	movs	r0, #7
10001898:	4b1a      	ldr	r3, [pc, #104]	@ (10001904 <runtime_init_clocks+0xd0>)
1000189a:	f7ff fd8b 	bl	100013b4 <clock_configure_undivided>
1000189e:	2200      	movs	r2, #0
100018a0:	2100      	movs	r1, #0
100018a2:	2008      	movs	r0, #8
100018a4:	4b17      	ldr	r3, [pc, #92]	@ (10001904 <runtime_init_clocks+0xd0>)
100018a6:	f7ff fd85 	bl	100013b4 <clock_configure_undivided>
100018aa:	2380      	movs	r3, #128	@ 0x80
100018ac:	00db      	lsls	r3, r3, #3
100018ae:	9300      	str	r3, [sp, #0]
100018b0:	2200      	movs	r2, #0
100018b2:	2100      	movs	r1, #0
100018b4:	2009      	movs	r0, #9
100018b6:	4b13      	ldr	r3, [pc, #76]	@ (10001904 <runtime_init_clocks+0xd0>)
100018b8:	f7ff fd02 	bl	100012c0 <clock_configure_int_divider>
100018bc:	2200      	movs	r2, #0
100018be:	4b10      	ldr	r3, [pc, #64]	@ (10001900 <runtime_init_clocks+0xcc>)
100018c0:	2100      	movs	r1, #0
100018c2:	2006      	movs	r0, #6
100018c4:	f7ff fd76 	bl	100013b4 <clock_configure_undivided>
100018c8:	2004      	movs	r0, #4
100018ca:	f7ff fde7 	bl	1000149c <clock_get_hz>
100018ce:	490e      	ldr	r1, [pc, #56]	@ (10001908 <runtime_init_clocks+0xd4>)
100018d0:	f000 f84c 	bl	1000196c <__wrap___aeabi_uidiv>
100018d4:	0001      	movs	r1, r0
100018d6:	2000      	movs	r0, #0
100018d8:	f7ff fe86 	bl	100015e8 <tick_start>
100018dc:	b002      	add	sp, #8
100018de:	bd10      	pop	{r4, pc}
100018e0:	40008000 	.word	0x40008000
100018e4:	4000b03c 	.word	0x4000b03c
100018e8:	4000b030 	.word	0x4000b030
100018ec:	59682f00 	.word	0x59682f00
100018f0:	40028000 	.word	0x40028000
100018f4:	47868c00 	.word	0x47868c00
100018f8:	4002c000 	.word	0x4002c000
100018fc:	00b71b00 	.word	0x00b71b00
10001900:	07735940 	.word	0x07735940
10001904:	02dc6c00 	.word	0x02dc6c00
10001908:	000f4240 	.word	0x000f4240

1000190c <__aeabi_bits_init>:
1000190c:	4801      	ldr	r0, [pc, #4]	@ (10001914 <__aeabi_bits_init+0x8>)
1000190e:	2104      	movs	r1, #4
10001910:	4b01      	ldr	r3, [pc, #4]	@ (10001918 <__aeabi_bits_init+0xc>)
10001912:	4718      	bx	r3
10001914:	20001050 	.word	0x20001050
10001918:	10001619 	.word	0x10001619

1000191c <__wrap___aeabi_idiv>:
1000191c:	4a12      	ldr	r2, [pc, #72]	@ (10001968 <divmod_s32s32_savestate+0x18>)
1000191e:	6f93      	ldr	r3, [r2, #120]	@ 0x78
10001920:	089b      	lsrs	r3, r3, #2
10001922:	d215      	bcs.n	10001950 <divmod_s32s32_savestate>

10001924 <divmod_s32s32_unsafe>:
10001924:	6690      	str	r0, [r2, #104]	@ 0x68
10001926:	66d1      	str	r1, [r2, #108]	@ 0x6c
10001928:	2900      	cmp	r1, #0
1000192a:	d005      	beq.n	10001938 <divmod_s32s32_unsafe+0x14>
1000192c:	e7ff      	b.n	1000192e <divmod_s32s32_unsafe+0xa>
1000192e:	e7ff      	b.n	10001930 <divmod_s32s32_unsafe+0xc>
10001930:	e7ff      	b.n	10001932 <divmod_s32s32_unsafe+0xe>
10001932:	6f51      	ldr	r1, [r2, #116]	@ 0x74
10001934:	6f10      	ldr	r0, [r2, #112]	@ 0x70
10001936:	4770      	bx	lr
10001938:	b504      	push	{r2, lr}
1000193a:	2180      	movs	r1, #128	@ 0x80
1000193c:	0609      	lsls	r1, r1, #24
1000193e:	17c2      	asrs	r2, r0, #31
10001940:	4051      	eors	r1, r2
10001942:	2800      	cmp	r0, #0
10001944:	d000      	beq.n	10001948 <divmod_s32s32_unsafe+0x24>
10001946:	43c8      	mvns	r0, r1
10001948:	f008 f856 	bl	100099f8 <____aeabi_idiv0_veneer>
1000194c:	2100      	movs	r1, #0
1000194e:	bd04      	pop	{r2, pc}

10001950 <divmod_s32s32_savestate>:
10001950:	b5f0      	push	{r4, r5, r6, r7, lr}
10001952:	6e14      	ldr	r4, [r2, #96]	@ 0x60
10001954:	6e55      	ldr	r5, [r2, #100]	@ 0x64
10001956:	6f57      	ldr	r7, [r2, #116]	@ 0x74
10001958:	6f16      	ldr	r6, [r2, #112]	@ 0x70
1000195a:	f7ff ffe3 	bl	10001924 <divmod_s32s32_unsafe>
1000195e:	6614      	str	r4, [r2, #96]	@ 0x60
10001960:	6655      	str	r5, [r2, #100]	@ 0x64
10001962:	6757      	str	r7, [r2, #116]	@ 0x74
10001964:	6716      	str	r6, [r2, #112]	@ 0x70
10001966:	bdf0      	pop	{r4, r5, r6, r7, pc}
10001968:	d0000000 	.word	0xd0000000

1000196c <__wrap___aeabi_uidiv>:
1000196c:	4a11      	ldr	r2, [pc, #68]	@ (100019b4 <divmod_u32u32_savestate+0x18>)
1000196e:	6f93      	ldr	r3, [r2, #120]	@ 0x78
10001970:	089b      	lsrs	r3, r3, #2
10001972:	d213      	bcs.n	1000199c <divmod_u32u32_savestate>

10001974 <divmod_u32u32_unsafe>:
10001974:	6610      	str	r0, [r2, #96]	@ 0x60
10001976:	6651      	str	r1, [r2, #100]	@ 0x64
10001978:	2900      	cmp	r1, #0
1000197a:	d005      	beq.n	10001988 <divmod_u32u32_unsafe+0x14>
1000197c:	e7ff      	b.n	1000197e <divmod_u32u32_unsafe+0xa>
1000197e:	e7ff      	b.n	10001980 <divmod_u32u32_unsafe+0xc>
10001980:	e7ff      	b.n	10001982 <divmod_u32u32_unsafe+0xe>
10001982:	6f51      	ldr	r1, [r2, #116]	@ 0x74
10001984:	6f10      	ldr	r0, [r2, #112]	@ 0x70
10001986:	4770      	bx	lr
10001988:	b504      	push	{r2, lr}
1000198a:	2800      	cmp	r0, #0
1000198c:	d001      	beq.n	10001992 <divmod_u32u32_unsafe+0x1e>
1000198e:	2000      	movs	r0, #0
10001990:	43c0      	mvns	r0, r0
10001992:	f008 f831 	bl	100099f8 <____aeabi_idiv0_veneer>
10001996:	2100      	movs	r1, #0
10001998:	bd04      	pop	{r2, pc}
1000199a:	46c0      	nop			@ (mov r8, r8)

1000199c <divmod_u32u32_savestate>:
1000199c:	b5f0      	push	{r4, r5, r6, r7, lr}
1000199e:	6e14      	ldr	r4, [r2, #96]	@ 0x60
100019a0:	6e55      	ldr	r5, [r2, #100]	@ 0x64
100019a2:	6f57      	ldr	r7, [r2, #116]	@ 0x74
100019a4:	6f16      	ldr	r6, [r2, #112]	@ 0x70
100019a6:	f7ff ffe5 	bl	10001974 <divmod_u32u32_unsafe>
100019aa:	6614      	str	r4, [r2, #96]	@ 0x60
100019ac:	6655      	str	r5, [r2, #100]	@ 0x64
100019ae:	6757      	str	r7, [r2, #116]	@ 0x74
100019b0:	6716      	str	r6, [r2, #112]	@ 0x70
100019b2:	bdf0      	pop	{r4, r5, r6, r7, pc}
100019b4:	d0000000 	.word	0xd0000000

100019b8 <__wrap___aeabi_ldivmod>:
100019b8:	4694      	mov	ip, r2
100019ba:	4a4a      	ldr	r2, [pc, #296]	@ (10001ae4 <udiv0+0x1a>)
100019bc:	6f92      	ldr	r2, [r2, #120]	@ 0x78
100019be:	0892      	lsrs	r2, r2, #2
100019c0:	4662      	mov	r2, ip
100019c2:	d201      	bcs.n	100019c8 <divmod_s64s64_savestate>
100019c4:	e028      	b.n	10001a18 <divmod_s64s64_unsafe>
100019c6:	46c0      	nop			@ (mov r8, r8)

100019c8 <divmod_s64s64_savestate>:
100019c8:	b5f0      	push	{r4, r5, r6, r7, lr}
100019ca:	4e46      	ldr	r6, [pc, #280]	@ (10001ae4 <udiv0+0x1a>)
100019cc:	6e34      	ldr	r4, [r6, #96]	@ 0x60
100019ce:	6e75      	ldr	r5, [r6, #100]	@ 0x64
100019d0:	6f77      	ldr	r7, [r6, #116]	@ 0x74
100019d2:	6f36      	ldr	r6, [r6, #112]	@ 0x70
100019d4:	f000 f820 	bl	10001a18 <divmod_s64s64_unsafe>
100019d8:	4694      	mov	ip, r2
100019da:	4a42      	ldr	r2, [pc, #264]	@ (10001ae4 <udiv0+0x1a>)
100019dc:	6614      	str	r4, [r2, #96]	@ 0x60
100019de:	6655      	str	r5, [r2, #100]	@ 0x64
100019e0:	6757      	str	r7, [r2, #116]	@ 0x74
100019e2:	6716      	str	r6, [r2, #112]	@ 0x70
100019e4:	4662      	mov	r2, ip
100019e6:	bdf0      	pop	{r4, r5, r6, r7, pc}

100019e8 <__wrap___aeabi_uldivmod>:
100019e8:	4694      	mov	ip, r2
100019ea:	4a3e      	ldr	r2, [pc, #248]	@ (10001ae4 <udiv0+0x1a>)
100019ec:	6f92      	ldr	r2, [r2, #120]	@ 0x78
100019ee:	0892      	lsrs	r2, r2, #2
100019f0:	4662      	mov	r2, ip
100019f2:	d201      	bcs.n	100019f8 <divmod_u64u64_savestate>
100019f4:	e054      	b.n	10001aa0 <divmod_u64u64_unsafe>
100019f6:	46c0      	nop			@ (mov r8, r8)

100019f8 <divmod_u64u64_savestate>:
100019f8:	b5f0      	push	{r4, r5, r6, r7, lr}
100019fa:	4e3a      	ldr	r6, [pc, #232]	@ (10001ae4 <udiv0+0x1a>)
100019fc:	6e34      	ldr	r4, [r6, #96]	@ 0x60
100019fe:	6e75      	ldr	r5, [r6, #100]	@ 0x64
10001a00:	6f77      	ldr	r7, [r6, #116]	@ 0x74
10001a02:	6f36      	ldr	r6, [r6, #112]	@ 0x70
10001a04:	f000 f84c 	bl	10001aa0 <divmod_u64u64_unsafe>
10001a08:	4694      	mov	ip, r2
10001a0a:	4a36      	ldr	r2, [pc, #216]	@ (10001ae4 <udiv0+0x1a>)
10001a0c:	6614      	str	r4, [r2, #96]	@ 0x60
10001a0e:	6655      	str	r5, [r2, #100]	@ 0x64
10001a10:	6757      	str	r7, [r2, #116]	@ 0x74
10001a12:	6716      	str	r6, [r2, #112]	@ 0x70
10001a14:	4662      	mov	r2, ip
10001a16:	bdf0      	pop	{r4, r5, r6, r7, pc}

10001a18 <divmod_s64s64_unsafe>:
10001a18:	2b00      	cmp	r3, #0
10001a1a:	db24      	blt.n	10001a66 <l42_1+0x26>
10001a1c:	d011      	beq.n	10001a42 <l42_1+0x2>
10001a1e:	2900      	cmp	r1, #0
10001a20:	da3e      	bge.n	10001aa0 <divmod_u64u64_unsafe>
10001a22:	b500      	push	{lr}
10001a24:	43c9      	mvns	r1, r1
10001a26:	4240      	negs	r0, r0
10001a28:	d100      	bne.n	10001a2c <l40_1>
10001a2a:	3101      	adds	r1, #1

10001a2c <l40_1>:
10001a2c:	f000 f838 	bl	10001aa0 <divmod_u64u64_unsafe>
10001a30:	43c9      	mvns	r1, r1
10001a32:	4240      	negs	r0, r0
10001a34:	d100      	bne.n	10001a38 <l41_1>
10001a36:	3101      	adds	r1, #1

10001a38 <l41_1>:
10001a38:	43db      	mvns	r3, r3
10001a3a:	4252      	negs	r2, r2
10001a3c:	d100      	bne.n	10001a40 <l42_1>
10001a3e:	3301      	adds	r3, #1

10001a40 <l42_1>:
10001a40:	bd00      	pop	{pc}
10001a42:	2a00      	cmp	r2, #0
10001a44:	d1eb      	bne.n	10001a1e <divmod_s64s64_unsafe+0x6>
10001a46:	2800      	cmp	r0, #0
10001a48:	d101      	bne.n	10001a4e <l42_1+0xe>
10001a4a:	2900      	cmp	r1, #0
10001a4c:	d005      	beq.n	10001a5a <l42_1+0x1a>
10001a4e:	2000      	movs	r0, #0
10001a50:	0fc9      	lsrs	r1, r1, #31
10001a52:	07c9      	lsls	r1, r1, #31
10001a54:	d101      	bne.n	10001a5a <l42_1+0x1a>
10001a56:	43c0      	mvns	r0, r0
10001a58:	0841      	lsrs	r1, r0, #1
10001a5a:	b500      	push	{lr}
10001a5c:	f007 ffb4 	bl	100099c8 <____aeabi_ldiv0_veneer>
10001a60:	2200      	movs	r2, #0
10001a62:	2300      	movs	r3, #0
10001a64:	bd00      	pop	{pc}
10001a66:	b500      	push	{lr}
10001a68:	2900      	cmp	r1, #0
10001a6a:	db0a      	blt.n	10001a82 <l44_1+0x2>
10001a6c:	43db      	mvns	r3, r3
10001a6e:	4252      	negs	r2, r2
10001a70:	d100      	bne.n	10001a74 <l43_1>
10001a72:	3301      	adds	r3, #1

10001a74 <l43_1>:
10001a74:	f000 f814 	bl	10001aa0 <divmod_u64u64_unsafe>
10001a78:	43c9      	mvns	r1, r1
10001a7a:	4240      	negs	r0, r0
10001a7c:	d100      	bne.n	10001a80 <l44_1>
10001a7e:	3101      	adds	r1, #1

10001a80 <l44_1>:
10001a80:	bd00      	pop	{pc}
10001a82:	43c9      	mvns	r1, r1
10001a84:	4240      	negs	r0, r0
10001a86:	d100      	bne.n	10001a8a <l45_1>
10001a88:	3101      	adds	r1, #1

10001a8a <l45_1>:
10001a8a:	43db      	mvns	r3, r3
10001a8c:	4252      	negs	r2, r2
10001a8e:	d100      	bne.n	10001a92 <l46_1>
10001a90:	3301      	adds	r3, #1

10001a92 <l46_1>:
10001a92:	f000 f805 	bl	10001aa0 <divmod_u64u64_unsafe>
10001a96:	43db      	mvns	r3, r3
10001a98:	4252      	negs	r2, r2
10001a9a:	d100      	bne.n	10001a9e <l47_1>
10001a9c:	3301      	adds	r3, #1

10001a9e <l47_1>:
10001a9e:	bd00      	pop	{pc}

10001aa0 <divmod_u64u64_unsafe>:
10001aa0:	2900      	cmp	r1, #0
10001aa2:	d123      	bne.n	10001aec <y64>
10001aa4:	2b00      	cmp	r3, #0
10001aa6:	d118      	bne.n	10001ada <udiv0+0x10>
10001aa8:	2a00      	cmp	r2, #0
10001aaa:	d00c      	beq.n	10001ac6 <divmod_u64u64_unsafe+0x26>
10001aac:	46bc      	mov	ip, r7
10001aae:	4f0d      	ldr	r7, [pc, #52]	@ (10001ae4 <udiv0+0x1a>)
10001ab0:	6638      	str	r0, [r7, #96]	@ 0x60
10001ab2:	667a      	str	r2, [r7, #100]	@ 0x64
10001ab4:	2100      	movs	r1, #0
10001ab6:	2300      	movs	r3, #0
10001ab8:	e7ff      	b.n	10001aba <divmod_u64u64_unsafe+0x1a>
10001aba:	e7ff      	b.n	10001abc <divmod_u64u64_unsafe+0x1c>
10001abc:	e7ff      	b.n	10001abe <divmod_u64u64_unsafe+0x1e>
10001abe:	6f7a      	ldr	r2, [r7, #116]	@ 0x74
10001ac0:	6f38      	ldr	r0, [r7, #112]	@ 0x70
10001ac2:	4667      	mov	r7, ip
10001ac4:	4770      	bx	lr
10001ac6:	2800      	cmp	r0, #0
10001ac8:	d001      	beq.n	10001ace <udiv0+0x4>

10001aca <udiv0>:
10001aca:	4807      	ldr	r0, [pc, #28]	@ (10001ae8 <udiv0+0x1e>)
10001acc:	0001      	movs	r1, r0
10001ace:	b500      	push	{lr}
10001ad0:	f007 ff7a 	bl	100099c8 <____aeabi_ldiv0_veneer>
10001ad4:	2200      	movs	r2, #0
10001ad6:	2300      	movs	r3, #0
10001ad8:	bd00      	pop	{pc}
10001ada:	0002      	movs	r2, r0
10001adc:	000b      	movs	r3, r1
10001ade:	2000      	movs	r0, #0
10001ae0:	2100      	movs	r1, #0
10001ae2:	4770      	bx	lr
10001ae4:	d0000000 	.word	0xd0000000
10001ae8:	ffffffff 	.word	0xffffffff

10001aec <y64>:
10001aec:	2b00      	cmp	r3, #0
10001aee:	d000      	beq.n	10001af2 <y64+0x6>
10001af0:	e0bf      	b.n	10001c72 <y64_x48>
10001af2:	0c13      	lsrs	r3, r2, #16
10001af4:	d128      	bne.n	10001b48 <y64_x32>
10001af6:	2a00      	cmp	r2, #0
10001af8:	d0e7      	beq.n	10001aca <udiv0>
10001afa:	b480      	push	{r7}
10001afc:	4f11      	ldr	r7, [pc, #68]	@ (10001b44 <y64+0x58>)
10001afe:	6639      	str	r1, [r7, #96]	@ 0x60
10001b00:	667a      	str	r2, [r7, #100]	@ 0x64
10001b02:	e7ff      	b.n	10001b04 <y64+0x18>
10001b04:	e7ff      	b.n	10001b06 <y64+0x1a>
10001b06:	b430      	push	{r4, r5}
10001b08:	0c04      	lsrs	r4, r0, #16
10001b0a:	6f7b      	ldr	r3, [r7, #116]	@ 0x74
10001b0c:	6f39      	ldr	r1, [r7, #112]	@ 0x70
10001b0e:	041b      	lsls	r3, r3, #16
10001b10:	4323      	orrs	r3, r4
10001b12:	663b      	str	r3, [r7, #96]	@ 0x60
10001b14:	667a      	str	r2, [r7, #100]	@ 0x64
10001b16:	e7ff      	b.n	10001b18 <y64+0x2c>
10001b18:	e7ff      	b.n	10001b1a <y64+0x2e>
10001b1a:	e7ff      	b.n	10001b1c <y64+0x30>
10001b1c:	46c0      	nop			@ (mov r8, r8)
10001b1e:	b284      	uxth	r4, r0
10001b20:	6f7b      	ldr	r3, [r7, #116]	@ 0x74
10001b22:	6f3d      	ldr	r5, [r7, #112]	@ 0x70
10001b24:	041b      	lsls	r3, r3, #16
10001b26:	4323      	orrs	r3, r4
10001b28:	663b      	str	r3, [r7, #96]	@ 0x60
10001b2a:	667a      	str	r2, [r7, #100]	@ 0x64
10001b2c:	e7ff      	b.n	10001b2e <y64+0x42>
10001b2e:	e7ff      	b.n	10001b30 <y64+0x44>
10001b30:	46c0      	nop			@ (mov r8, r8)
10001b32:	2300      	movs	r3, #0
10001b34:	042c      	lsls	r4, r5, #16
10001b36:	0c2d      	lsrs	r5, r5, #16
10001b38:	6f7a      	ldr	r2, [r7, #116]	@ 0x74
10001b3a:	6f38      	ldr	r0, [r7, #112]	@ 0x70
10001b3c:	1900      	adds	r0, r0, r4
10001b3e:	4169      	adcs	r1, r5
10001b40:	bcb0      	pop	{r4, r5, r7}
10001b42:	4770      	bx	lr
10001b44:	d0000000 	.word	0xd0000000

10001b48 <y64_x32>:
10001b48:	b5f0      	push	{r4, r5, r6, r7, lr}
10001b4a:	4694      	mov	ip, r2
10001b4c:	2500      	movs	r5, #0
10001b4e:	0e14      	lsrs	r4, r2, #24
10001b50:	d101      	bne.n	10001b56 <y64_x32+0xe>
10001b52:	0212      	lsls	r2, r2, #8
10001b54:	3508      	adds	r5, #8
10001b56:	0f14      	lsrs	r4, r2, #28
10001b58:	d101      	bne.n	10001b5e <y64_x32+0x16>
10001b5a:	0112      	lsls	r2, r2, #4
10001b5c:	3504      	adds	r5, #4
10001b5e:	0f94      	lsrs	r4, r2, #30
10001b60:	d101      	bne.n	10001b66 <y64_x32+0x1e>
10001b62:	0092      	lsls	r2, r2, #2
10001b64:	3502      	adds	r5, #2
10001b66:	0fd4      	lsrs	r4, r2, #31
10001b68:	d101      	bne.n	10001b6e <y64_x32+0x26>
10001b6a:	0052      	lsls	r2, r2, #1
10001b6c:	3501      	adds	r5, #1
10001b6e:	0bd4      	lsrs	r4, r2, #15
10001b70:	3401      	adds	r4, #1
10001b72:	4f25      	ldr	r7, [pc, #148]	@ (10001c08 <y64_x32+0xc0>)
10001b74:	667c      	str	r4, [r7, #100]	@ 0x64
10001b76:	4c25      	ldr	r4, [pc, #148]	@ (10001c0c <y64_x32+0xc4>)
10001b78:	663c      	str	r4, [r7, #96]	@ 0x60
10001b7a:	0c0e      	lsrs	r6, r1, #16
10001b7c:	b293      	uxth	r3, r2
10001b7e:	e7ff      	b.n	10001b80 <y64_x32+0x38>
10001b80:	e7ff      	b.n	10001b82 <y64_x32+0x3a>
10001b82:	e7ff      	b.n	10001b84 <y64_x32+0x3c>
10001b84:	6f3c      	ldr	r4, [r7, #112]	@ 0x70
10001b86:	4366      	muls	r6, r4
10001b88:	0c36      	lsrs	r6, r6, #16
10001b8a:	0377      	lsls	r7, r6, #13
10001b8c:	46be      	mov	lr, r7
10001b8e:	4373      	muls	r3, r6
10001b90:	0bdf      	lsrs	r7, r3, #15
10001b92:	045b      	lsls	r3, r3, #17
10001b94:	1ac0      	subs	r0, r0, r3
10001b96:	41b9      	sbcs	r1, r7
10001b98:	0c13      	lsrs	r3, r2, #16
10001b9a:	4373      	muls	r3, r6
10001b9c:	18db      	adds	r3, r3, r3
10001b9e:	1ac9      	subs	r1, r1, r3
10001ba0:	08ce      	lsrs	r6, r1, #3
10001ba2:	4366      	muls	r6, r4
10001ba4:	0c36      	lsrs	r6, r6, #16
10001ba6:	44b6      	add	lr, r6
10001ba8:	b293      	uxth	r3, r2
10001baa:	4373      	muls	r3, r6
10001bac:	0f1f      	lsrs	r7, r3, #28
10001bae:	011b      	lsls	r3, r3, #4
10001bb0:	1ac0      	subs	r0, r0, r3
10001bb2:	41b9      	sbcs	r1, r7
10001bb4:	0c13      	lsrs	r3, r2, #16
10001bb6:	4373      	muls	r3, r6
10001bb8:	0b1f      	lsrs	r7, r3, #12
10001bba:	051b      	lsls	r3, r3, #20
10001bbc:	1ac0      	subs	r0, r0, r3
10001bbe:	41b9      	sbcs	r1, r7
10001bc0:	0d86      	lsrs	r6, r0, #22
10001bc2:	028f      	lsls	r7, r1, #10
10001bc4:	433e      	orrs	r6, r7
10001bc6:	4366      	muls	r6, r4
10001bc8:	0c36      	lsrs	r6, r6, #16
10001bca:	2d09      	cmp	r5, #9
10001bcc:	db24      	blt.n	10001c18 <last0>
10001bce:	0a52      	lsrs	r2, r2, #9
10001bd0:	4372      	muls	r2, r6
10001bd2:	1a80      	subs	r0, r0, r2
10001bd4:	0377      	lsls	r7, r6, #13
10001bd6:	0a46      	lsrs	r6, r0, #9
10001bd8:	4366      	muls	r6, r4
10001bda:	0c36      	lsrs	r6, r6, #16
10001bdc:	2316      	movs	r3, #22
10001bde:	1b5b      	subs	r3, r3, r5
10001be0:	40de      	lsrs	r6, r3
10001be2:	40df      	lsrs	r7, r3
10001be4:	19bf      	adds	r7, r7, r6
10001be6:	4664      	mov	r4, ip
10001be8:	4366      	muls	r6, r4
10001bea:	1b82      	subs	r2, r0, r6
10001bec:	4670      	mov	r0, lr
10001bee:	3504      	adds	r5, #4
10001bf0:	3306      	adds	r3, #6
10001bf2:	0001      	movs	r1, r0
10001bf4:	40d9      	lsrs	r1, r3
10001bf6:	40a8      	lsls	r0, r5
10001bf8:	19c0      	adds	r0, r0, r7
10001bfa:	d300      	bcc.n	10001bfe <y64_x32+0xb6>
10001bfc:	3101      	adds	r1, #1
10001bfe:	42a2      	cmp	r2, r4
10001c00:	d206      	bcs.n	10001c10 <y64_x32+0xc8>
10001c02:	2300      	movs	r3, #0
10001c04:	bdf0      	pop	{r4, r5, r6, r7, pc}
10001c06:	0000      	.short	0x0000
10001c08:	d0000000 	.word	0xd0000000
10001c0c:	ffffffff 	.word	0xffffffff
10001c10:	1b12      	subs	r2, r2, r4
10001c12:	3001      	adds	r0, #1
10001c14:	d3f3      	bcc.n	10001bfe <y64_x32+0xb6>
10001c16:	e7f1      	b.n	10001bfc <y64_x32+0xb4>

10001c18 <last0>:
10001c18:	2709      	movs	r7, #9
10001c1a:	1b7f      	subs	r7, r7, r5
10001c1c:	40fe      	lsrs	r6, r7
10001c1e:	4664      	mov	r4, ip
10001c20:	b2a2      	uxth	r2, r4
10001c22:	4372      	muls	r2, r6
10001c24:	1a80      	subs	r0, r0, r2
10001c26:	d200      	bcs.n	10001c2a <last0+0x12>
10001c28:	3901      	subs	r1, #1
10001c2a:	0c22      	lsrs	r2, r4, #16
10001c2c:	4372      	muls	r2, r6
10001c2e:	0c13      	lsrs	r3, r2, #16
10001c30:	0412      	lsls	r2, r2, #16
10001c32:	1a82      	subs	r2, r0, r2
10001c34:	4199      	sbcs	r1, r3
10001c36:	000b      	movs	r3, r1
10001c38:	4670      	mov	r0, lr
10001c3a:	3504      	adds	r5, #4
10001c3c:	3713      	adds	r7, #19
10001c3e:	0001      	movs	r1, r0
10001c40:	40f9      	lsrs	r1, r7
10001c42:	40a8      	lsls	r0, r5
10001c44:	1980      	adds	r0, r0, r6
10001c46:	d300      	bcc.n	10001c4a <last0+0x32>
10001c48:	3101      	adds	r1, #1
10001c4a:	2b00      	cmp	r3, #0
10001c4c:	d102      	bne.n	10001c54 <last0+0x3c>
10001c4e:	42a2      	cmp	r2, r4
10001c50:	d20a      	bcs.n	10001c68 <last0+0x50>
10001c52:	bdf0      	pop	{r4, r5, r6, r7, pc}
10001c54:	3001      	adds	r0, #1
10001c56:	d300      	bcc.n	10001c5a <last0+0x42>
10001c58:	3101      	adds	r1, #1
10001c5a:	1b12      	subs	r2, r2, r4
10001c5c:	d2fa      	bcs.n	10001c54 <last0+0x3c>
10001c5e:	3b01      	subs	r3, #1
10001c60:	d1f8      	bne.n	10001c54 <last0+0x3c>
10001c62:	42a2      	cmp	r2, r4
10001c64:	d200      	bcs.n	10001c68 <last0+0x50>
10001c66:	bdf0      	pop	{r4, r5, r6, r7, pc}
10001c68:	3001      	adds	r0, #1
10001c6a:	d300      	bcc.n	10001c6e <last0+0x56>
10001c6c:	3101      	adds	r1, #1
10001c6e:	1b12      	subs	r2, r2, r4
10001c70:	e7f7      	b.n	10001c62 <last0+0x4a>

10001c72 <y64_x48>:
10001c72:	b5f0      	push	{r4, r5, r6, r7, lr}
10001c74:	0c1c      	lsrs	r4, r3, #16
10001c76:	d000      	beq.n	10001c7a <y64_x48+0x8>
10001c78:	e080      	b.n	10001d7c <y64_x64>
10001c7a:	b40c      	push	{r2, r3}
10001c7c:	2500      	movs	r5, #0
10001c7e:	0a1c      	lsrs	r4, r3, #8
10001c80:	d104      	bne.n	10001c8c <y64_x48+0x1a>
10001c82:	021b      	lsls	r3, r3, #8
10001c84:	0e16      	lsrs	r6, r2, #24
10001c86:	4333      	orrs	r3, r6
10001c88:	0212      	lsls	r2, r2, #8
10001c8a:	3508      	adds	r5, #8
10001c8c:	0b1c      	lsrs	r4, r3, #12
10001c8e:	d104      	bne.n	10001c9a <y64_x48+0x28>
10001c90:	011b      	lsls	r3, r3, #4
10001c92:	0f16      	lsrs	r6, r2, #28
10001c94:	4333      	orrs	r3, r6
10001c96:	0112      	lsls	r2, r2, #4
10001c98:	3504      	adds	r5, #4
10001c9a:	0b9c      	lsrs	r4, r3, #14
10001c9c:	d104      	bne.n	10001ca8 <y64_x48+0x36>
10001c9e:	009b      	lsls	r3, r3, #2
10001ca0:	0f96      	lsrs	r6, r2, #30
10001ca2:	4333      	orrs	r3, r6
10001ca4:	0092      	lsls	r2, r2, #2
10001ca6:	3502      	adds	r5, #2
10001ca8:	0bdc      	lsrs	r4, r3, #15
10001caa:	d102      	bne.n	10001cb2 <y64_x48+0x40>
10001cac:	1892      	adds	r2, r2, r2
10001cae:	415b      	adcs	r3, r3
10001cb0:	3501      	adds	r5, #1
10001cb2:	001c      	movs	r4, r3
10001cb4:	1897      	adds	r7, r2, r2
10001cb6:	4164      	adcs	r4, r4
10001cb8:	3401      	adds	r4, #1
10001cba:	4f46      	ldr	r7, [pc, #280]	@ (10001dd4 <y64_x64+0x58>)
10001cbc:	667c      	str	r4, [r7, #100]	@ 0x64
10001cbe:	4c46      	ldr	r4, [pc, #280]	@ (10001dd8 <y64_x64+0x5c>)
10001cc0:	663c      	str	r4, [r7, #96]	@ 0x60
10001cc2:	0c0e      	lsrs	r6, r1, #16
10001cc4:	e7ff      	b.n	10001cc6 <y64_x48+0x54>
10001cc6:	e7ff      	b.n	10001cc8 <y64_x48+0x56>
10001cc8:	e7ff      	b.n	10001cca <y64_x48+0x58>
10001cca:	46c0      	nop			@ (mov r8, r8)
10001ccc:	6f3c      	ldr	r4, [r7, #112]	@ 0x70
10001cce:	4366      	muls	r6, r4
10001cd0:	0c36      	lsrs	r6, r6, #16
10001cd2:	0377      	lsls	r7, r6, #13
10001cd4:	46be      	mov	lr, r7
10001cd6:	b297      	uxth	r7, r2
10001cd8:	4377      	muls	r7, r6
10001cda:	1bc0      	subs	r0, r0, r7
10001cdc:	d200      	bcs.n	10001ce0 <y64_x48+0x6e>
10001cde:	3901      	subs	r1, #1
10001ce0:	1bc0      	subs	r0, r0, r7
10001ce2:	d200      	bcs.n	10001ce6 <y64_x48+0x74>
10001ce4:	3901      	subs	r1, #1
10001ce6:	b29f      	uxth	r7, r3
10001ce8:	4377      	muls	r7, r6
10001cea:	1bc9      	subs	r1, r1, r7
10001cec:	1bc9      	subs	r1, r1, r7
10001cee:	0c17      	lsrs	r7, r2, #16
10001cf0:	4377      	muls	r7, r6
10001cf2:	047e      	lsls	r6, r7, #17
10001cf4:	0bff      	lsrs	r7, r7, #15
10001cf6:	1b80      	subs	r0, r0, r6
10001cf8:	41b9      	sbcs	r1, r7
10001cfa:	08ce      	lsrs	r6, r1, #3
10001cfc:	4366      	muls	r6, r4
10001cfe:	0c36      	lsrs	r6, r6, #16
10001d00:	2d0c      	cmp	r5, #12
10001d02:	db33      	blt.n	10001d6c <last1>
10001d04:	44b6      	add	lr, r6
10001d06:	0b12      	lsrs	r2, r2, #12
10001d08:	051f      	lsls	r7, r3, #20
10001d0a:	433a      	orrs	r2, r7
10001d0c:	0b1b      	lsrs	r3, r3, #12
10001d0e:	b297      	uxth	r7, r2
10001d10:	4377      	muls	r7, r6
10001d12:	1bc0      	subs	r0, r0, r7
10001d14:	d200      	bcs.n	10001d18 <y64_x48+0xa6>
10001d16:	3901      	subs	r1, #1
10001d18:	b29f      	uxth	r7, r3
10001d1a:	4377      	muls	r7, r6
10001d1c:	1bc9      	subs	r1, r1, r7
10001d1e:	0c17      	lsrs	r7, r2, #16
10001d20:	4377      	muls	r7, r6
10001d22:	043e      	lsls	r6, r7, #16
10001d24:	0c3f      	lsrs	r7, r7, #16
10001d26:	1b80      	subs	r0, r0, r6
10001d28:	41b9      	sbcs	r1, r7
10001d2a:	0d86      	lsrs	r6, r0, #22
10001d2c:	028f      	lsls	r7, r1, #10
10001d2e:	433e      	orrs	r6, r7
10001d30:	4366      	muls	r6, r4
10001d32:	2729      	movs	r7, #41	@ 0x29
10001d34:	1b7f      	subs	r7, r7, r5
10001d36:	40fe      	lsrs	r6, r7
10001d38:	3d0c      	subs	r5, #12
10001d3a:	4677      	mov	r7, lr
10001d3c:	40af      	lsls	r7, r5
10001d3e:	19bf      	adds	r7, r7, r6
10001d40:	bc30      	pop	{r4, r5}
10001d42:	b2a2      	uxth	r2, r4
10001d44:	b2ab      	uxth	r3, r5
10001d46:	4372      	muls	r2, r6
10001d48:	4373      	muls	r3, r6
10001d4a:	1a80      	subs	r0, r0, r2
10001d4c:	4199      	sbcs	r1, r3
10001d4e:	0c22      	lsrs	r2, r4, #16
10001d50:	4372      	muls	r2, r6
10001d52:	0c13      	lsrs	r3, r2, #16
10001d54:	0412      	lsls	r2, r2, #16
10001d56:	1a80      	subs	r0, r0, r2
10001d58:	4199      	sbcs	r1, r3
10001d5a:	0002      	movs	r2, r0
10001d5c:	000b      	movs	r3, r1
10001d5e:	3701      	adds	r7, #1
10001d60:	1b00      	subs	r0, r0, r4
10001d62:	41a9      	sbcs	r1, r5
10001d64:	d2f9      	bcs.n	10001d5a <y64_x48+0xe8>
10001d66:	1e78      	subs	r0, r7, #1
10001d68:	2100      	movs	r1, #0
10001d6a:	bdf0      	pop	{r4, r5, r6, r7, pc}

10001d6c <last1>:
10001d6c:	270c      	movs	r7, #12
10001d6e:	1b7f      	subs	r7, r7, r5
10001d70:	40fe      	lsrs	r6, r7
10001d72:	4677      	mov	r7, lr
10001d74:	0b7f      	lsrs	r7, r7, #13
10001d76:	40af      	lsls	r7, r5
10001d78:	19ff      	adds	r7, r7, r7
10001d7a:	e7e0      	b.n	10001d3e <y64_x48+0xcc>

10001d7c <y64_x64>:
10001d7c:	2400      	movs	r4, #0
10001d7e:	1c5d      	adds	r5, r3, #1
10001d80:	d007      	beq.n	10001d92 <y64_x64+0x16>
10001d82:	4f14      	ldr	r7, [pc, #80]	@ (10001dd4 <y64_x64+0x58>)
10001d84:	667d      	str	r5, [r7, #100]	@ 0x64
10001d86:	6639      	str	r1, [r7, #96]	@ 0x60
10001d88:	e7ff      	b.n	10001d8a <y64_x64+0xe>
10001d8a:	e7ff      	b.n	10001d8c <y64_x64+0x10>
10001d8c:	e7ff      	b.n	10001d8e <y64_x64+0x12>
10001d8e:	e7ff      	b.n	10001d90 <y64_x64+0x14>
10001d90:	6f3c      	ldr	r4, [r7, #112]	@ 0x70
10001d92:	b295      	uxth	r5, r2
10001d94:	b29e      	uxth	r6, r3
10001d96:	4365      	muls	r5, r4
10001d98:	4366      	muls	r6, r4
10001d9a:	1b40      	subs	r0, r0, r5
10001d9c:	41b1      	sbcs	r1, r6
10001d9e:	0c15      	lsrs	r5, r2, #16
10001da0:	0c1e      	lsrs	r6, r3, #16
10001da2:	4365      	muls	r5, r4
10001da4:	4366      	muls	r6, r4
10001da6:	0436      	lsls	r6, r6, #16
10001da8:	0c2f      	lsrs	r7, r5, #16
10001daa:	433e      	orrs	r6, r7
10001dac:	042d      	lsls	r5, r5, #16
10001dae:	1b40      	subs	r0, r0, r5
10001db0:	41b1      	sbcs	r1, r6
10001db2:	4299      	cmp	r1, r3
10001db4:	d204      	bcs.n	10001dc0 <y64_x64+0x44>
10001db6:	0002      	movs	r2, r0
10001db8:	000b      	movs	r3, r1
10001dba:	0020      	movs	r0, r4
10001dbc:	2100      	movs	r1, #0
10001dbe:	bdf0      	pop	{r4, r5, r6, r7, pc}
10001dc0:	d101      	bne.n	10001dc6 <y64_x64+0x4a>
10001dc2:	4290      	cmp	r0, r2
10001dc4:	d3f7      	bcc.n	10001db6 <y64_x64+0x3a>
10001dc6:	1a80      	subs	r0, r0, r2
10001dc8:	4199      	sbcs	r1, r3
10001dca:	3401      	adds	r4, #1
10001dcc:	4299      	cmp	r1, r3
10001dce:	d3f2      	bcc.n	10001db6 <y64_x64+0x3a>
10001dd0:	e7f6      	b.n	10001dc0 <y64_x64+0x44>
10001dd2:	0000      	.short	0x0000
10001dd4:	d0000000 	.word	0xd0000000
10001dd8:	ffffffff 	.word	0xffffffff

10001ddc <__wrap___aeabi_drsub>:
10001ddc:	4048      	eors	r0, r1
10001dde:	4041      	eors	r1, r0
10001de0:	4048      	eors	r0, r1

10001de2 <__wrap___aeabi_dsub>:
10001de2:	b418      	push	{r3, r4}
10001de4:	4b13      	ldr	r3, [pc, #76]	@ (10001e34 <__wrap___aeabi_dmul+0xa>)
10001de6:	685b      	ldr	r3, [r3, #4]
10001de8:	9301      	str	r3, [sp, #4]
10001dea:	bd08      	pop	{r3, pc}

10001dec <__wrap___aeabi_dadd>:
10001dec:	b418      	push	{r3, r4}
10001dee:	4b11      	ldr	r3, [pc, #68]	@ (10001e34 <__wrap___aeabi_dmul+0xa>)
10001df0:	681b      	ldr	r3, [r3, #0]
10001df2:	9301      	str	r3, [sp, #4]
10001df4:	bd08      	pop	{r3, pc}

10001df6 <__wrap___aeabi_ddiv>:
10001df6:	4694      	mov	ip, r2
10001df8:	4a0f      	ldr	r2, [pc, #60]	@ (10001e38 <__wrap___aeabi_dmul+0xe>)
10001dfa:	6f92      	ldr	r2, [r2, #120]	@ 0x78
10001dfc:	0892      	lsrs	r2, r2, #2
10001dfe:	d205      	bcs.n	10001e0c <ddiv_save_state>
10001e00:	4662      	mov	r2, ip

10001e02 <ddiv_shim_call>:
10001e02:	b418      	push	{r3, r4}
10001e04:	4b0b      	ldr	r3, [pc, #44]	@ (10001e34 <__wrap___aeabi_dmul+0xa>)
10001e06:	68db      	ldr	r3, [r3, #12]
10001e08:	9301      	str	r3, [sp, #4]
10001e0a:	bd08      	pop	{r3, pc}

10001e0c <ddiv_save_state>:
10001e0c:	4a0a      	ldr	r2, [pc, #40]	@ (10001e38 <__wrap___aeabi_dmul+0xe>)
10001e0e:	b5f0      	push	{r4, r5, r6, r7, lr}
10001e10:	6e14      	ldr	r4, [r2, #96]	@ 0x60
10001e12:	6e55      	ldr	r5, [r2, #100]	@ 0x64
10001e14:	6f57      	ldr	r7, [r2, #116]	@ 0x74
10001e16:	6f16      	ldr	r6, [r2, #112]	@ 0x70
10001e18:	4662      	mov	r2, ip
10001e1a:	f7ff fff2 	bl	10001e02 <ddiv_shim_call>
10001e1e:	4a06      	ldr	r2, [pc, #24]	@ (10001e38 <__wrap___aeabi_dmul+0xe>)
10001e20:	6614      	str	r4, [r2, #96]	@ 0x60
10001e22:	6655      	str	r5, [r2, #100]	@ 0x64
10001e24:	6757      	str	r7, [r2, #116]	@ 0x74
10001e26:	6716      	str	r6, [r2, #112]	@ 0x70
10001e28:	bdf0      	pop	{r4, r5, r6, r7, pc}

10001e2a <__wrap___aeabi_dmul>:
10001e2a:	b418      	push	{r3, r4}
10001e2c:	4b01      	ldr	r3, [pc, #4]	@ (10001e34 <__wrap___aeabi_dmul+0xa>)
10001e2e:	689b      	ldr	r3, [r3, #8]
10001e30:	9301      	str	r3, [sp, #4]
10001e32:	bd08      	pop	{r3, pc}
10001e34:	20001240 	.word	0x20001240
10001e38:	d0000000 	.word	0xd0000000

10001e3c <__wrap___aeabi_cdrcmple>:
10001e3c:	b5ff      	push	{r0, r1, r2, r3, r4, r5, r6, r7, lr}
10001e3e:	4050      	eors	r0, r2
10001e40:	4042      	eors	r2, r0
10001e42:	4050      	eors	r0, r2
10001e44:	4059      	eors	r1, r3
10001e46:	404b      	eors	r3, r1
10001e48:	4059      	eors	r1, r3
10001e4a:	e000      	b.n	10001e4e <__aeabi_dfcmple_guts>

10001e4c <__wrap___aeabi_cdcmpeq>:
10001e4c:	b5ff      	push	{r0, r1, r2, r3, r4, r5, r6, r7, lr}

10001e4e <__aeabi_dfcmple_guts>:
10001e4e:	4f15      	ldr	r7, [pc, #84]	@ (10001ea4 <__aeabi_dfcmple_guts+0x56>)
10001e50:	004c      	lsls	r4, r1, #1
10001e52:	0d64      	lsrs	r4, r4, #21
10001e54:	d003      	beq.n	10001e5e <__aeabi_dfcmple_guts+0x10>
10001e56:	42bc      	cmp	r4, r7
10001e58:	d104      	bne.n	10001e64 <__aeabi_dfcmple_guts+0x16>
10001e5a:	030c      	lsls	r4, r1, #12
10001e5c:	d814      	bhi.n	10001e88 <__aeabi_dfcmple_guts+0x3a>
10001e5e:	2000      	movs	r0, #0
10001e60:	0d09      	lsrs	r1, r1, #20
10001e62:	0509      	lsls	r1, r1, #20
10001e64:	005c      	lsls	r4, r3, #1
10001e66:	0d64      	lsrs	r4, r4, #21
10001e68:	d003      	beq.n	10001e72 <__aeabi_dfcmple_guts+0x24>
10001e6a:	42bc      	cmp	r4, r7
10001e6c:	d104      	bne.n	10001e78 <__aeabi_dfcmple_guts+0x2a>
10001e6e:	031c      	lsls	r4, r3, #12
10001e70:	d80a      	bhi.n	10001e88 <__aeabi_dfcmple_guts+0x3a>
10001e72:	2200      	movs	r2, #0
10001e74:	0d1b      	lsrs	r3, r3, #20
10001e76:	051b      	lsls	r3, r3, #20
10001e78:	2601      	movs	r6, #1
10001e7a:	404b      	eors	r3, r1
10001e7c:	d409      	bmi.n	10001e92 <__aeabi_dfcmple_guts+0x44>
10001e7e:	404b      	eors	r3, r1
10001e80:	d503      	bpl.n	10001e8a <__aeabi_dfcmple_guts+0x3c>
10001e82:	428b      	cmp	r3, r1
10001e84:	d100      	bne.n	10001e88 <__aeabi_dfcmple_guts+0x3a>
10001e86:	4282      	cmp	r2, r0
10001e88:	bdff      	pop	{r0, r1, r2, r3, r4, r5, r6, r7, pc}
10001e8a:	4299      	cmp	r1, r3
10001e8c:	d1fc      	bne.n	10001e88 <__aeabi_dfcmple_guts+0x3a>
10001e8e:	4290      	cmp	r0, r2
10001e90:	bdff      	pop	{r0, r1, r2, r3, r4, r5, r6, r7, pc}
10001e92:	430b      	orrs	r3, r1
10001e94:	18db      	adds	r3, r3, r3
10001e96:	4303      	orrs	r3, r0
10001e98:	4313      	orrs	r3, r2
10001e9a:	d0f5      	beq.n	10001e88 <__aeabi_dfcmple_guts+0x3a>
10001e9c:	43c9      	mvns	r1, r1
10001e9e:	1849      	adds	r1, r1, r1
10001ea0:	bdff      	pop	{r0, r1, r2, r3, r4, r5, r6, r7, pc}
10001ea2:	0000      	.short	0x0000
10001ea4:	000007ff 	.word	0x000007ff

10001ea8 <__wrap___aeabi_dcmplt>:
10001ea8:	b500      	push	{lr}
10001eaa:	f7ff ffcf 	bl	10001e4c <__wrap___aeabi_cdcmpeq>
10001eae:	4180      	sbcs	r0, r0
10001eb0:	bd00      	pop	{pc}
10001eb2:	46c0      	nop			@ (mov r8, r8)

10001eb4 <__wrap___aeabi_dcmple>:
10001eb4:	b500      	push	{lr}
10001eb6:	f7ff ffc9 	bl	10001e4c <__wrap___aeabi_cdcmpeq>
10001eba:	d901      	bls.n	10001ec0 <__wrap___aeabi_dcmple+0xc>
10001ebc:	2000      	movs	r0, #0
10001ebe:	bd00      	pop	{pc}
10001ec0:	2001      	movs	r0, #1
10001ec2:	bd00      	pop	{pc}

10001ec4 <__wrap___aeabi_dcmpge>:
10001ec4:	b500      	push	{lr}
10001ec6:	f7ff ffb9 	bl	10001e3c <__wrap___aeabi_cdrcmple>
10001eca:	d901      	bls.n	10001ed0 <__wrap___aeabi_dcmpge+0xc>
10001ecc:	2000      	movs	r0, #0
10001ece:	bd00      	pop	{pc}
10001ed0:	2001      	movs	r0, #1
10001ed2:	bd00      	pop	{pc}

10001ed4 <__wrap___aeabi_dcmpgt>:
10001ed4:	b500      	push	{lr}
10001ed6:	f7ff ffb1 	bl	10001e3c <__wrap___aeabi_cdrcmple>
10001eda:	4180      	sbcs	r0, r0
10001edc:	bd00      	pop	{pc}

10001ede <__wrap___aeabi_dcmpun>:
10001ede:	2001      	movs	r0, #1
10001ee0:	0540      	lsls	r0, r0, #21
10001ee2:	004a      	lsls	r2, r1, #1
10001ee4:	1812      	adds	r2, r2, r0
10001ee6:	d804      	bhi.n	10001ef2 <__wrap___aeabi_dcmpun+0x14>
10001ee8:	005a      	lsls	r2, r3, #1
10001eea:	1812      	adds	r2, r2, r0
10001eec:	d801      	bhi.n	10001ef2 <__wrap___aeabi_dcmpun+0x14>
10001eee:	2000      	movs	r0, #0
10001ef0:	4770      	bx	lr
10001ef2:	2001      	movs	r0, #1
10001ef4:	4770      	bx	lr
	...

10001ef8 <__wrap___aeabi_ui2d>:
10001ef8:	2100      	movs	r1, #0
10001efa:	2800      	cmp	r0, #0
10001efc:	d105      	bne.n	10001f0a <__wrap___aeabi_i2d+0xa>
10001efe:	4770      	bx	lr

10001f00 <__wrap___aeabi_i2d>:
10001f00:	17c1      	asrs	r1, r0, #31
10001f02:	4048      	eors	r0, r1
10001f04:	1a40      	subs	r0, r0, r1
10001f06:	d0fa      	beq.n	10001efe <__wrap___aeabi_ui2d+0x6>
10001f08:	07c9      	lsls	r1, r1, #31
10001f0a:	b513      	push	{r0, r1, r4, lr}
10001f0c:	4b06      	ldr	r3, [pc, #24]	@ (10001f28 <__wrap___aeabi_i2d+0x28>)
10001f0e:	681b      	ldr	r3, [r3, #0]
10001f10:	4798      	blx	r3
10001f12:	bc0c      	pop	{r2, r3}
10001f14:	1c44      	adds	r4, r0, #1
10001f16:	40a2      	lsls	r2, r4
10001f18:	0510      	lsls	r0, r2, #20
10001f1a:	0b12      	lsrs	r2, r2, #12
10001f1c:	4903      	ldr	r1, [pc, #12]	@ (10001f2c <__wrap___aeabi_i2d+0x2c>)
10001f1e:	1b09      	subs	r1, r1, r4
10001f20:	0509      	lsls	r1, r1, #20
10001f22:	4319      	orrs	r1, r3
10001f24:	4311      	orrs	r1, r2
10001f26:	bd10      	pop	{r4, pc}
10001f28:	20002280 	.word	0x20002280
10001f2c:	0000041f 	.word	0x0000041f

10001f30 <__wrap___aeabi_d2iz>:
10001f30:	b510      	push	{r4, lr}
10001f32:	004c      	lsls	r4, r1, #1
10001f34:	0d62      	lsrs	r2, r4, #21
10001f36:	2380      	movs	r3, #128	@ 0x80
10001f38:	18d2      	adds	r2, r2, r3
10001f3a:	00db      	lsls	r3, r3, #3
10001f3c:	1ad2      	subs	r2, r2, r3
10001f3e:	055b      	lsls	r3, r3, #21
10001f40:	2a7e      	cmp	r2, #126	@ 0x7e
10001f42:	dd10      	ble.n	10001f66 <__wrap___aeabi_d2iz+0x36>
10001f44:	3a9e      	subs	r2, #158	@ 0x9e
10001f46:	da13      	bge.n	10001f70 <__wrap___aeabi_d2iz+0x40>
10001f48:	17cc      	asrs	r4, r1, #31
10001f4a:	0309      	lsls	r1, r1, #12
10001f4c:	0849      	lsrs	r1, r1, #1
10001f4e:	4319      	orrs	r1, r3
10001f50:	4252      	negs	r2, r2
10001f52:	40d1      	lsrs	r1, r2
10001f54:	0064      	lsls	r4, r4, #1
10001f56:	3401      	adds	r4, #1
10001f58:	3215      	adds	r2, #21
10001f5a:	2a20      	cmp	r2, #32
10001f5c:	da05      	bge.n	10001f6a <__wrap___aeabi_d2iz+0x3a>
10001f5e:	40d0      	lsrs	r0, r2
10001f60:	4308      	orrs	r0, r1
10001f62:	4360      	muls	r0, r4
10001f64:	bd10      	pop	{r4, pc}
10001f66:	2000      	movs	r0, #0
10001f68:	bd10      	pop	{r4, pc}
10001f6a:	4608      	mov	r0, r1
10001f6c:	4360      	muls	r0, r4
10001f6e:	bd10      	pop	{r4, pc}
10001f70:	0fc8      	lsrs	r0, r1, #31
10001f72:	18c0      	adds	r0, r0, r3
10001f74:	3801      	subs	r0, #1
10001f76:	bd10      	pop	{r4, pc}

10001f78 <__wrap___aeabi_d2uiz>:
10001f78:	b418      	push	{r3, r4}
10001f7a:	4b02      	ldr	r3, [pc, #8]	@ (10001f84 <__wrap___aeabi_d2uiz+0xc>)
10001f7c:	6a5b      	ldr	r3, [r3, #36]	@ 0x24
10001f7e:	9301      	str	r3, [sp, #4]
10001f80:	bd08      	pop	{r3, pc}
10001f82:	0000      	.short	0x0000
10001f84:	20001240 	.word	0x20001240

10001f88 <missing_double_func_shim>:
10001f88:	b510      	push	{r4, lr}
10001f8a:	4801      	ldr	r0, [pc, #4]	@ (10001f90 <missing_double_func_shim+0x8>)
10001f8c:	f7fe fa74 	bl	10000478 <panic>
10001f90:	10009ba0 	.word	0x10009ba0

10001f94 <__aeabi_double_init>:
10001f94:	2313      	movs	r3, #19
10001f96:	b570      	push	{r4, r5, r6, lr}
10001f98:	781d      	ldrb	r5, [r3, #0]
10001f9a:	2d01      	cmp	r5, #1
10001f9c:	d019      	beq.n	10001fd2 <__aeabi_double_init+0x3e>
10001f9e:	dd14      	ble.n	10001fca <__aeabi_double_init+0x36>
10001fa0:	481d      	ldr	r0, [pc, #116]	@ (10002018 <__aeabi_double_init+0x84>)
10001fa2:	f7ff fb31 	bl	10001608 <rom_data_lookup>
10001fa6:	0006      	movs	r6, r0
10001fa8:	481c      	ldr	r0, [pc, #112]	@ (1000201c <__aeabi_double_init+0x88>)
10001faa:	f7ff fb2d 	bl	10001608 <rom_data_lookup>
10001fae:	4c1c      	ldr	r4, [pc, #112]	@ (10002020 <__aeabi_double_init+0x8c>)
10001fb0:	2280      	movs	r2, #128	@ 0x80
10001fb2:	0031      	movs	r1, r6
10001fb4:	0020      	movs	r0, r4
10001fb6:	f000 f8af 	bl	10002118 <__wrap___aeabi_memcpy>
10001fba:	2d02      	cmp	r5, #2
10001fbc:	d006      	beq.n	10001fcc <__aeabi_double_init+0x38>
10001fbe:	4819      	ldr	r0, [pc, #100]	@ (10002024 <__aeabi_double_init+0x90>)
10001fc0:	f7ff fb1a 	bl	100015f8 <rom_func_lookup>
10001fc4:	4b18      	ldr	r3, [pc, #96]	@ (10002028 <__aeabi_double_init+0x94>)
10001fc6:	6018      	str	r0, [r3, #0]
10001fc8:	bd70      	pop	{r4, r5, r6, pc}
10001fca:	4c15      	ldr	r4, [pc, #84]	@ (10002020 <__aeabi_double_init+0x8c>)
10001fcc:	4b17      	ldr	r3, [pc, #92]	@ (1000202c <__aeabi_double_init+0x98>)
10001fce:	64a3      	str	r3, [r4, #72]	@ 0x48
10001fd0:	e7f5      	b.n	10001fbe <__aeabi_double_init+0x2a>
10001fd2:	4b17      	ldr	r3, [pc, #92]	@ (10002030 <__aeabi_double_init+0x9c>)
10001fd4:	4c12      	ldr	r4, [pc, #72]	@ (10002020 <__aeabi_double_init+0x8c>)
10001fd6:	6023      	str	r3, [r4, #0]
10001fd8:	6063      	str	r3, [r4, #4]
10001fda:	60a3      	str	r3, [r4, #8]
10001fdc:	60e3      	str	r3, [r4, #12]
10001fde:	6123      	str	r3, [r4, #16]
10001fe0:	6163      	str	r3, [r4, #20]
10001fe2:	61a3      	str	r3, [r4, #24]
10001fe4:	61e3      	str	r3, [r4, #28]
10001fe6:	6223      	str	r3, [r4, #32]
10001fe8:	6263      	str	r3, [r4, #36]	@ 0x24
10001fea:	62a3      	str	r3, [r4, #40]	@ 0x28
10001fec:	62e3      	str	r3, [r4, #44]	@ 0x2c
10001fee:	6323      	str	r3, [r4, #48]	@ 0x30
10001ff0:	6363      	str	r3, [r4, #52]	@ 0x34
10001ff2:	63a3      	str	r3, [r4, #56]	@ 0x38
10001ff4:	63e3      	str	r3, [r4, #60]	@ 0x3c
10001ff6:	6423      	str	r3, [r4, #64]	@ 0x40
10001ff8:	6463      	str	r3, [r4, #68]	@ 0x44
10001ffa:	64a3      	str	r3, [r4, #72]	@ 0x48
10001ffc:	64e3      	str	r3, [r4, #76]	@ 0x4c
10001ffe:	6523      	str	r3, [r4, #80]	@ 0x50
10002000:	6563      	str	r3, [r4, #84]	@ 0x54
10002002:	65a3      	str	r3, [r4, #88]	@ 0x58
10002004:	65e3      	str	r3, [r4, #92]	@ 0x5c
10002006:	6623      	str	r3, [r4, #96]	@ 0x60
10002008:	6663      	str	r3, [r4, #100]	@ 0x64
1000200a:	66a3      	str	r3, [r4, #104]	@ 0x68
1000200c:	66e3      	str	r3, [r4, #108]	@ 0x6c
1000200e:	6723      	str	r3, [r4, #112]	@ 0x70
10002010:	6763      	str	r3, [r4, #116]	@ 0x74
10002012:	67a3      	str	r3, [r4, #120]	@ 0x78
10002014:	67e3      	str	r3, [r4, #124]	@ 0x7c
10002016:	e7d9      	b.n	10001fcc <__aeabi_double_init+0x38>
10002018:	00004453 	.word	0x00004453
1000201c:	00004653 	.word	0x00004653
10002020:	20001240 	.word	0x20001240
10002024:	0000334c 	.word	0x0000334c
10002028:	20002280 	.word	0x20002280
1000202c:	10002035 	.word	0x10002035
10002030:	10001f89 	.word	0x10001f89

10002034 <double_table_shim_on_use_helper>:
10002034:	b507      	push	{r0, r1, r2, lr}
10002036:	4660      	mov	r0, ip
10002038:	8801      	ldrh	r1, [r0, #0]
1000203a:	0a0a      	lsrs	r2, r1, #8
1000203c:	3002      	adds	r0, #2
1000203e:	2adf      	cmp	r2, #223	@ 0xdf
10002040:	d1fa      	bne.n	10002038 <double_table_shim_on_use_helper+0x4>
10002042:	b2c9      	uxtb	r1, r1
10002044:	0882      	lsrs	r2, r0, #2
10002046:	d304      	bcc.n	10002052 <double_table_shim_on_use_helper+0x1e>
10002048:	8802      	ldrh	r2, [r0, #0]
1000204a:	8840      	ldrh	r0, [r0, #2]
1000204c:	0400      	lsls	r0, r0, #16
1000204e:	4310      	orrs	r0, r2
10002050:	e000      	b.n	10002054 <double_table_shim_on_use_helper+0x20>
10002052:	6800      	ldr	r0, [r0, #0]
10002054:	4a01      	ldr	r2, [pc, #4]	@ (1000205c <double_table_shim_on_use_helper+0x28>)
10002056:	5050      	str	r0, [r2, r1]
10002058:	9003      	str	r0, [sp, #12]
1000205a:	bd07      	pop	{r0, r1, r2, pc}
1000205c:	20001240 	.word	0x20001240

10002060 <__wrap___aeabi_lmul>:
10002060:	4351      	muls	r1, r2
10002062:	4343      	muls	r3, r0
10002064:	18c9      	adds	r1, r1, r3
10002066:	468c      	mov	ip, r1
10002068:	0c11      	lsrs	r1, r2, #16
1000206a:	b283      	uxth	r3, r0
1000206c:	434b      	muls	r3, r1
1000206e:	b410      	push	{r4}
10002070:	0c04      	lsrs	r4, r0, #16
10002072:	4361      	muls	r1, r4
10002074:	b292      	uxth	r2, r2
10002076:	b280      	uxth	r0, r0
10002078:	4350      	muls	r0, r2
1000207a:	4362      	muls	r2, r4
1000207c:	041c      	lsls	r4, r3, #16
1000207e:	0c1b      	lsrs	r3, r3, #16
10002080:	1900      	adds	r0, r0, r4
10002082:	bc10      	pop	{r4}
10002084:	4159      	adcs	r1, r3
10002086:	0413      	lsls	r3, r2, #16
10002088:	0c12      	lsrs	r2, r2, #16
1000208a:	18c0      	adds	r0, r0, r3
1000208c:	4151      	adcs	r1, r2
1000208e:	4461      	add	r1, ip
10002090:	4770      	bx	lr
	...

10002094 <missing_float_func_shim>:
10002094:	b510      	push	{r4, lr}
10002096:	4801      	ldr	r0, [pc, #4]	@ (1000209c <missing_float_func_shim+0x8>)
10002098:	f7fe f9ee 	bl	10000478 <panic>
1000209c:	10009bfc 	.word	0x10009bfc

100020a0 <__aeabi_float_init>:
100020a0:	2313      	movs	r3, #19
100020a2:	b510      	push	{r4, lr}
100020a4:	4810      	ldr	r0, [pc, #64]	@ (100020e8 <__aeabi_float_init+0x48>)
100020a6:	781c      	ldrb	r4, [r3, #0]
100020a8:	f7ff faae 	bl	10001608 <rom_data_lookup>
100020ac:	0001      	movs	r1, r0
100020ae:	2c01      	cmp	r4, #1
100020b0:	d00a      	beq.n	100020c8 <__aeabi_float_init+0x28>
100020b2:	dd03      	ble.n	100020bc <__aeabi_float_init+0x1c>
100020b4:	2280      	movs	r2, #128	@ 0x80
100020b6:	480d      	ldr	r0, [pc, #52]	@ (100020ec <__aeabi_float_init+0x4c>)
100020b8:	f000 f82e 	bl	10002118 <__wrap___aeabi_memcpy>
100020bc:	480c      	ldr	r0, [pc, #48]	@ (100020f0 <__aeabi_float_init+0x50>)
100020be:	f7ff fa9b 	bl	100015f8 <rom_func_lookup>
100020c2:	4b0c      	ldr	r3, [pc, #48]	@ (100020f4 <__aeabi_float_init+0x54>)
100020c4:	6018      	str	r0, [r3, #0]
100020c6:	bd10      	pop	{r4, pc}
100020c8:	4c08      	ldr	r4, [pc, #32]	@ (100020ec <__aeabi_float_init+0x4c>)
100020ca:	2254      	movs	r2, #84	@ 0x54
100020cc:	0020      	movs	r0, r4
100020ce:	f000 f823 	bl	10002118 <__wrap___aeabi_memcpy>
100020d2:	0022      	movs	r2, r4
100020d4:	4908      	ldr	r1, [pc, #32]	@ (100020f8 <__aeabi_float_init+0x58>)
100020d6:	3280      	adds	r2, #128	@ 0x80
100020d8:	6823      	ldr	r3, [r4, #0]
100020da:	2b00      	cmp	r3, #0
100020dc:	d100      	bne.n	100020e0 <__aeabi_float_init+0x40>
100020de:	6021      	str	r1, [r4, #0]
100020e0:	3404      	adds	r4, #4
100020e2:	4294      	cmp	r4, r2
100020e4:	d1f8      	bne.n	100020d8 <__aeabi_float_init+0x38>
100020e6:	e7e9      	b.n	100020bc <__aeabi_float_init+0x1c>
100020e8:	00004653 	.word	0x00004653
100020ec:	20002284 	.word	0x20002284
100020f0:	0000334c 	.word	0x0000334c
100020f4:	20002280 	.word	0x20002280
100020f8:	10002095 	.word	0x10002095

100020fc <__aeabi_mem_init>:
100020fc:	4801      	ldr	r0, [pc, #4]	@ (10002104 <__aeabi_mem_init+0x8>)
100020fe:	2104      	movs	r1, #4
10002100:	4b01      	ldr	r3, [pc, #4]	@ (10002108 <__aeabi_mem_init+0xc>)
10002102:	4718      	bx	r3
10002104:	20001060 	.word	0x20001060
10002108:	10001619 	.word	0x10001619

1000210c <__wrap_memset>:
1000210c:	4b01      	ldr	r3, [pc, #4]	@ (10002114 <__wrap_memset+0x8>)
1000210e:	681b      	ldr	r3, [r3, #0]
10002110:	4718      	bx	r3
10002112:	0000      	.short	0x0000
10002114:	20001060 	.word	0x20001060

10002118 <__wrap___aeabi_memcpy>:
10002118:	4b01      	ldr	r3, [pc, #4]	@ (10002120 <__wrap___aeabi_memcpy+0x8>)
1000211a:	685b      	ldr	r3, [r3, #4]
1000211c:	4718      	bx	r3
1000211e:	0000      	.short	0x0000
10002120:	20001060 	.word	0x20001060

10002124 <_out_null>:
10002124:	4770      	bx	lr
10002126:	46c0      	nop			@ (mov r8, r8)

10002128 <_out_rev>:
10002128:	b5f8      	push	{r3, r4, r5, r6, r7, lr}
1000212a:	4657      	mov	r7, sl
1000212c:	46de      	mov	lr, fp
1000212e:	464e      	mov	r6, r9
10002130:	4645      	mov	r5, r8
10002132:	b5e0      	push	{r5, r6, r7, lr}
10002134:	4699      	mov	r9, r3
10002136:	9b0a      	ldr	r3, [sp, #40]	@ 0x28
10002138:	0007      	movs	r7, r0
1000213a:	469a      	mov	sl, r3
1000213c:	9b0d      	ldr	r3, [sp, #52]	@ 0x34
1000213e:	4688      	mov	r8, r1
10002140:	4693      	mov	fp, r2
10002142:	9c0b      	ldr	r4, [sp, #44]	@ 0x2c
10002144:	079b      	lsls	r3, r3, #30
10002146:	d13b      	bne.n	100021c0 <_out_rev+0x98>
10002148:	9b0c      	ldr	r3, [sp, #48]	@ 0x30
1000214a:	429c      	cmp	r4, r3
1000214c:	d23d      	bcs.n	100021ca <_out_rev+0xa2>
1000214e:	1b1e      	subs	r6, r3, r4
10002150:	940b      	str	r4, [sp, #44]	@ 0x2c
10002152:	0015      	movs	r5, r2
10002154:	000c      	movs	r4, r1
10002156:	445e      	add	r6, fp
10002158:	002a      	movs	r2, r5
1000215a:	464b      	mov	r3, r9
1000215c:	3501      	adds	r5, #1
1000215e:	0021      	movs	r1, r4
10002160:	2020      	movs	r0, #32
10002162:	47b8      	blx	r7
10002164:	42b5      	cmp	r5, r6
10002166:	d1f7      	bne.n	10002158 <_out_rev+0x30>
10002168:	46a0      	mov	r8, r4
1000216a:	9c0b      	ldr	r4, [sp, #44]	@ 0x2c
1000216c:	2c00      	cmp	r4, #0
1000216e:	d020      	beq.n	100021b2 <_out_rev+0x8a>
10002170:	4645      	mov	r5, r8
10002172:	1936      	adds	r6, r6, r4
10002174:	4653      	mov	r3, sl
10002176:	1b32      	subs	r2, r6, r4
10002178:	3c01      	subs	r4, #1
1000217a:	5d18      	ldrb	r0, [r3, r4]
1000217c:	0029      	movs	r1, r5
1000217e:	464b      	mov	r3, r9
10002180:	47b8      	blx	r7
10002182:	2c00      	cmp	r4, #0
10002184:	d1f6      	bne.n	10002174 <_out_rev+0x4c>
10002186:	002b      	movs	r3, r5
10002188:	0035      	movs	r5, r6
1000218a:	4698      	mov	r8, r3
1000218c:	9b0d      	ldr	r3, [sp, #52]	@ 0x34
1000218e:	079b      	lsls	r3, r3, #30
10002190:	d50f      	bpl.n	100021b2 <_out_rev+0x8a>
10002192:	465b      	mov	r3, fp
10002194:	1aec      	subs	r4, r5, r3
10002196:	9b0c      	ldr	r3, [sp, #48]	@ 0x30
10002198:	42a3      	cmp	r3, r4
1000219a:	d90a      	bls.n	100021b2 <_out_rev+0x8a>
1000219c:	4646      	mov	r6, r8
1000219e:	4698      	mov	r8, r3
100021a0:	002a      	movs	r2, r5
100021a2:	464b      	mov	r3, r9
100021a4:	0031      	movs	r1, r6
100021a6:	2020      	movs	r0, #32
100021a8:	3401      	adds	r4, #1
100021aa:	47b8      	blx	r7
100021ac:	3501      	adds	r5, #1
100021ae:	4544      	cmp	r4, r8
100021b0:	d3f6      	bcc.n	100021a0 <_out_rev+0x78>
100021b2:	0028      	movs	r0, r5
100021b4:	bcf0      	pop	{r4, r5, r6, r7}
100021b6:	46bb      	mov	fp, r7
100021b8:	46b2      	mov	sl, r6
100021ba:	46a9      	mov	r9, r5
100021bc:	46a0      	mov	r8, r4
100021be:	bdf8      	pop	{r3, r4, r5, r6, r7, pc}
100021c0:	0016      	movs	r6, r2
100021c2:	0015      	movs	r5, r2
100021c4:	2c00      	cmp	r4, #0
100021c6:	d1d3      	bne.n	10002170 <_out_rev+0x48>
100021c8:	e7e0      	b.n	1000218c <_out_rev+0x64>
100021ca:	0016      	movs	r6, r2
100021cc:	0015      	movs	r5, r2
100021ce:	2c00      	cmp	r4, #0
100021d0:	d1ce      	bne.n	10002170 <_out_rev+0x48>
100021d2:	e7ee      	b.n	100021b2 <_out_rev+0x8a>

100021d4 <_ntoa_format>:
100021d4:	b5f0      	push	{r4, r5, r6, r7, lr}
100021d6:	4645      	mov	r5, r8
100021d8:	46de      	mov	lr, fp
100021da:	4657      	mov	r7, sl
100021dc:	464e      	mov	r6, r9
100021de:	b5e0      	push	{r5, r6, r7, lr}
100021e0:	b085      	sub	sp, #20
100021e2:	469c      	mov	ip, r3
100021e4:	ab10      	add	r3, sp, #64	@ 0x40
100021e6:	781b      	ldrb	r3, [r3, #0]
100021e8:	9f14      	ldr	r7, [sp, #80]	@ 0x50
100021ea:	4693      	mov	fp, r2
100021ec:	4698      	mov	r8, r3
100021ee:	9c0f      	ldr	r4, [sp, #60]	@ 0x3c
100021f0:	9e12      	ldr	r6, [sp, #72]	@ 0x48
100021f2:	9d13      	ldr	r5, [sp, #76]	@ 0x4c
100021f4:	07bb      	lsls	r3, r7, #30
100021f6:	d44c      	bmi.n	10002292 <_ntoa_format+0xbe>
100021f8:	2d00      	cmp	r5, #0
100021fa:	d142      	bne.n	10002282 <_ntoa_format+0xae>
100021fc:	42b4      	cmp	r4, r6
100021fe:	d248      	bcs.n	10002292 <_ntoa_format+0xbe>
10002200:	2301      	movs	r3, #1
10002202:	403b      	ands	r3, r7
10002204:	4699      	mov	r9, r3
10002206:	9b0e      	ldr	r3, [sp, #56]	@ 0x38
10002208:	3b01      	subs	r3, #1
1000220a:	469a      	mov	sl, r3
1000220c:	2330      	movs	r3, #48	@ 0x30
1000220e:	e004      	b.n	1000221a <_ntoa_format+0x46>
10002210:	4652      	mov	r2, sl
10002212:	3401      	adds	r4, #1
10002214:	5513      	strb	r3, [r2, r4]
10002216:	42a6      	cmp	r6, r4
10002218:	d901      	bls.n	1000221e <_ntoa_format+0x4a>
1000221a:	2c20      	cmp	r4, #32
1000221c:	d1f8      	bne.n	10002210 <_ntoa_format+0x3c>
1000221e:	464b      	mov	r3, r9
10002220:	2b00      	cmp	r3, #0
10002222:	d100      	bne.n	10002226 <_ntoa_format+0x52>
10002224:	e083      	b.n	1000232e <_ntoa_format+0x15a>
10002226:	9b0e      	ldr	r3, [sp, #56]	@ 0x38
10002228:	3b01      	subs	r3, #1
1000222a:	4699      	mov	r9, r3
1000222c:	2330      	movs	r3, #48	@ 0x30
1000222e:	42a5      	cmp	r5, r4
10002230:	d805      	bhi.n	1000223e <_ntoa_format+0x6a>
10002232:	e02e      	b.n	10002292 <_ntoa_format+0xbe>
10002234:	464a      	mov	r2, r9
10002236:	3401      	adds	r4, #1
10002238:	5513      	strb	r3, [r2, r4]
1000223a:	42ac      	cmp	r4, r5
1000223c:	d029      	beq.n	10002292 <_ntoa_format+0xbe>
1000223e:	2c20      	cmp	r4, #32
10002240:	d1f8      	bne.n	10002234 <_ntoa_format+0x60>
10002242:	06fb      	lsls	r3, r7, #27
10002244:	d50c      	bpl.n	10002260 <_ntoa_format+0x8c>
10002246:	057b      	lsls	r3, r7, #21
10002248:	d454      	bmi.n	100022f4 <_ntoa_format+0x120>
1000224a:	42a6      	cmp	r6, r4
1000224c:	d063      	beq.n	10002316 <_ntoa_format+0x142>
1000224e:	42a5      	cmp	r5, r4
10002250:	d061      	beq.n	10002316 <_ntoa_format+0x142>
10002252:	9b11      	ldr	r3, [sp, #68]	@ 0x44
10002254:	2b10      	cmp	r3, #16
10002256:	d050      	beq.n	100022fa <_ntoa_format+0x126>
10002258:	2b02      	cmp	r3, #2
1000225a:	d057      	beq.n	1000230c <_ntoa_format+0x138>
1000225c:	2c20      	cmp	r4, #32
1000225e:	d132      	bne.n	100022c6 <_ntoa_format+0xf2>
10002260:	2320      	movs	r3, #32
10002262:	9301      	str	r3, [sp, #4]
10002264:	9b0e      	ldr	r3, [sp, #56]	@ 0x38
10002266:	465a      	mov	r2, fp
10002268:	9300      	str	r3, [sp, #0]
1000226a:	9703      	str	r7, [sp, #12]
1000226c:	4663      	mov	r3, ip
1000226e:	9502      	str	r5, [sp, #8]
10002270:	f7ff ff5a 	bl	10002128 <_out_rev>
10002274:	b005      	add	sp, #20
10002276:	bcf0      	pop	{r4, r5, r6, r7}
10002278:	46bb      	mov	fp, r7
1000227a:	46b2      	mov	sl, r6
1000227c:	46a9      	mov	r9, r5
1000227e:	46a0      	mov	r8, r4
10002280:	bdf0      	pop	{r4, r5, r6, r7, pc}
10002282:	2301      	movs	r3, #1
10002284:	403b      	ands	r3, r7
10002286:	4699      	mov	r9, r3
10002288:	2301      	movs	r3, #1
1000228a:	423b      	tst	r3, r7
1000228c:	d12a      	bne.n	100022e4 <_ntoa_format+0x110>
1000228e:	42b4      	cmp	r4, r6
10002290:	d3b9      	bcc.n	10002206 <_ntoa_format+0x32>
10002292:	06fb      	lsls	r3, r7, #27
10002294:	d51c      	bpl.n	100022d0 <_ntoa_format+0xfc>
10002296:	057b      	lsls	r3, r7, #21
10002298:	d4db      	bmi.n	10002252 <_ntoa_format+0x7e>
1000229a:	2c00      	cmp	r4, #0
1000229c:	d1d5      	bne.n	1000224a <_ntoa_format+0x76>
1000229e:	9b11      	ldr	r3, [sp, #68]	@ 0x44
100022a0:	2b10      	cmp	r3, #16
100022a2:	d05b      	beq.n	1000235c <_ntoa_format+0x188>
100022a4:	9b11      	ldr	r3, [sp, #68]	@ 0x44
100022a6:	2b02      	cmp	r3, #2
100022a8:	d06b      	beq.n	10002382 <_ntoa_format+0x1ae>
100022aa:	2330      	movs	r3, #48	@ 0x30
100022ac:	2401      	movs	r4, #1
100022ae:	9a0e      	ldr	r2, [sp, #56]	@ 0x38
100022b0:	7013      	strb	r3, [r2, #0]
100022b2:	4643      	mov	r3, r8
100022b4:	2b00      	cmp	r3, #0
100022b6:	d110      	bne.n	100022da <_ntoa_format+0x106>
100022b8:	077b      	lsls	r3, r7, #29
100022ba:	d53e      	bpl.n	1000233a <_ntoa_format+0x166>
100022bc:	262b      	movs	r6, #43	@ 0x2b
100022be:	9a0e      	ldr	r2, [sp, #56]	@ 0x38
100022c0:	1c63      	adds	r3, r4, #1
100022c2:	5516      	strb	r6, [r2, r4]
100022c4:	e7cd      	b.n	10002262 <_ntoa_format+0x8e>
100022c6:	0023      	movs	r3, r4
100022c8:	3401      	adds	r4, #1
100022ca:	2630      	movs	r6, #48	@ 0x30
100022cc:	9a0e      	ldr	r2, [sp, #56]	@ 0x38
100022ce:	54d6      	strb	r6, [r2, r3]
100022d0:	2c20      	cmp	r4, #32
100022d2:	d0c5      	beq.n	10002260 <_ntoa_format+0x8c>
100022d4:	4643      	mov	r3, r8
100022d6:	2b00      	cmp	r3, #0
100022d8:	d0ee      	beq.n	100022b8 <_ntoa_format+0xe4>
100022da:	262d      	movs	r6, #45	@ 0x2d
100022dc:	9a0e      	ldr	r2, [sp, #56]	@ 0x38
100022de:	1c63      	adds	r3, r4, #1
100022e0:	5516      	strb	r6, [r2, r4]
100022e2:	e7be      	b.n	10002262 <_ntoa_format+0x8e>
100022e4:	4643      	mov	r3, r8
100022e6:	2b00      	cmp	r3, #0
100022e8:	d02f      	beq.n	1000234a <_ntoa_format+0x176>
100022ea:	3d01      	subs	r5, #1
100022ec:	42b4      	cmp	r4, r6
100022ee:	d200      	bcs.n	100022f2 <_ntoa_format+0x11e>
100022f0:	e789      	b.n	10002206 <_ntoa_format+0x32>
100022f2:	e798      	b.n	10002226 <_ntoa_format+0x52>
100022f4:	9b11      	ldr	r3, [sp, #68]	@ 0x44
100022f6:	2b10      	cmp	r3, #16
100022f8:	d1b2      	bne.n	10002260 <_ntoa_format+0x8c>
100022fa:	06bb      	lsls	r3, r7, #26
100022fc:	d537      	bpl.n	1000236e <_ntoa_format+0x19a>
100022fe:	2c20      	cmp	r4, #32
10002300:	d0ae      	beq.n	10002260 <_ntoa_format+0x8c>
10002302:	2358      	movs	r3, #88	@ 0x58
10002304:	9a0e      	ldr	r2, [sp, #56]	@ 0x38
10002306:	5513      	strb	r3, [r2, r4]
10002308:	3401      	adds	r4, #1
1000230a:	e7a7      	b.n	1000225c <_ntoa_format+0x88>
1000230c:	2c20      	cmp	r4, #32
1000230e:	d0a7      	beq.n	10002260 <_ntoa_format+0x8c>
10002310:	0023      	movs	r3, r4
10002312:	3401      	adds	r4, #1
10002314:	e007      	b.n	10002326 <_ntoa_format+0x152>
10002316:	1e63      	subs	r3, r4, #1
10002318:	2c01      	cmp	r4, #1
1000231a:	d0c0      	beq.n	1000229e <_ntoa_format+0xca>
1000231c:	9a11      	ldr	r2, [sp, #68]	@ 0x44
1000231e:	2a10      	cmp	r2, #16
10002320:	d031      	beq.n	10002386 <_ntoa_format+0x1b2>
10002322:	2a02      	cmp	r2, #2
10002324:	d1d1      	bne.n	100022ca <_ntoa_format+0xf6>
10002326:	2662      	movs	r6, #98	@ 0x62
10002328:	9a0e      	ldr	r2, [sp, #56]	@ 0x38
1000232a:	54d6      	strb	r6, [r2, r3]
1000232c:	e796      	b.n	1000225c <_ntoa_format+0x88>
1000232e:	06fb      	lsls	r3, r7, #27
10002330:	d5ce      	bpl.n	100022d0 <_ntoa_format+0xfc>
10002332:	057b      	lsls	r3, r7, #21
10002334:	d400      	bmi.n	10002338 <_ntoa_format+0x164>
10002336:	e788      	b.n	1000224a <_ntoa_format+0x76>
10002338:	e78b      	b.n	10002252 <_ntoa_format+0x7e>
1000233a:	0023      	movs	r3, r4
1000233c:	073e      	lsls	r6, r7, #28
1000233e:	d590      	bpl.n	10002262 <_ntoa_format+0x8e>
10002340:	2620      	movs	r6, #32
10002342:	9a0e      	ldr	r2, [sp, #56]	@ 0x38
10002344:	3301      	adds	r3, #1
10002346:	5516      	strb	r6, [r2, r4]
10002348:	e78b      	b.n	10002262 <_ntoa_format+0x8e>
1000234a:	230c      	movs	r3, #12
1000234c:	403b      	ands	r3, r7
1000234e:	1e5a      	subs	r2, r3, #1
10002350:	4193      	sbcs	r3, r2
10002352:	1aed      	subs	r5, r5, r3
10002354:	42b4      	cmp	r4, r6
10002356:	d200      	bcs.n	1000235a <_ntoa_format+0x186>
10002358:	e755      	b.n	10002206 <_ntoa_format+0x32>
1000235a:	e764      	b.n	10002226 <_ntoa_format+0x52>
1000235c:	06bb      	lsls	r3, r7, #26
1000235e:	d40e      	bmi.n	1000237e <_ntoa_format+0x1aa>
10002360:	2378      	movs	r3, #120	@ 0x78
10002362:	9a0e      	ldr	r2, [sp, #56]	@ 0x38
10002364:	2402      	movs	r4, #2
10002366:	7013      	strb	r3, [r2, #0]
10002368:	2330      	movs	r3, #48	@ 0x30
1000236a:	7053      	strb	r3, [r2, #1]
1000236c:	e7a1      	b.n	100022b2 <_ntoa_format+0xde>
1000236e:	2c20      	cmp	r4, #32
10002370:	d100      	bne.n	10002374 <_ntoa_format+0x1a0>
10002372:	e775      	b.n	10002260 <_ntoa_format+0x8c>
10002374:	2378      	movs	r3, #120	@ 0x78
10002376:	9a0e      	ldr	r2, [sp, #56]	@ 0x38
10002378:	5513      	strb	r3, [r2, r4]
1000237a:	3401      	adds	r4, #1
1000237c:	e76e      	b.n	1000225c <_ntoa_format+0x88>
1000237e:	2358      	movs	r3, #88	@ 0x58
10002380:	e7ef      	b.n	10002362 <_ntoa_format+0x18e>
10002382:	3360      	adds	r3, #96	@ 0x60
10002384:	e7ed      	b.n	10002362 <_ntoa_format+0x18e>
10002386:	9a0e      	ldr	r2, [sp, #56]	@ 0x38
10002388:	1ea6      	subs	r6, r4, #2
1000238a:	4691      	mov	r9, r2
1000238c:	444e      	add	r6, r9
1000238e:	06ba      	lsls	r2, r7, #26
10002390:	d502      	bpl.n	10002398 <_ntoa_format+0x1c4>
10002392:	2258      	movs	r2, #88	@ 0x58
10002394:	7032      	strb	r2, [r6, #0]
10002396:	e798      	b.n	100022ca <_ntoa_format+0xf6>
10002398:	2278      	movs	r2, #120	@ 0x78
1000239a:	7032      	strb	r2, [r6, #0]
1000239c:	e795      	b.n	100022ca <_ntoa_format+0xf6>
1000239e:	46c0      	nop			@ (mov r8, r8)

100023a0 <_out_char>:
100023a0:	b510      	push	{r4, lr}
100023a2:	2800      	cmp	r0, #0
100023a4:	d100      	bne.n	100023a8 <_out_char+0x8>
100023a6:	bd10      	pop	{r4, pc}
100023a8:	f001 fc82 	bl	10003cb0 <__wrap_putchar>
100023ac:	e7fb      	b.n	100023a6 <_out_char+0x6>
100023ae:	46c0      	nop			@ (mov r8, r8)

100023b0 <_out_fct>:
100023b0:	000b      	movs	r3, r1
100023b2:	b510      	push	{r4, lr}
100023b4:	2800      	cmp	r0, #0
100023b6:	d002      	beq.n	100023be <_out_fct+0xe>
100023b8:	6849      	ldr	r1, [r1, #4]
100023ba:	681b      	ldr	r3, [r3, #0]
100023bc:	4798      	blx	r3
100023be:	bd10      	pop	{r4, pc}

100023c0 <_ftoa>:
100023c0:	b5f0      	push	{r4, r5, r6, r7, lr}
100023c2:	4657      	mov	r7, sl
100023c4:	46de      	mov	lr, fp
100023c6:	464e      	mov	r6, r9
100023c8:	4645      	mov	r5, r8
100023ca:	b5e0      	push	{r5, r6, r7, lr}
100023cc:	b095      	sub	sp, #84	@ 0x54
100023ce:	4683      	mov	fp, r0
100023d0:	000f      	movs	r7, r1
100023d2:	4692      	mov	sl, r2
100023d4:	4698      	mov	r8, r3
100023d6:	9a1e      	ldr	r2, [sp, #120]	@ 0x78
100023d8:	9b1f      	ldr	r3, [sp, #124]	@ 0x7c
100023da:	0010      	movs	r0, r2
100023dc:	0019      	movs	r1, r3
100023de:	9e20      	ldr	r6, [sp, #128]	@ 0x80
100023e0:	f7ff fd7d 	bl	10001ede <__wrap___aeabi_dcmpun>
100023e4:	2800      	cmp	r0, #0
100023e6:	d000      	beq.n	100023ea <_ftoa+0x2a>
100023e8:	e1ea      	b.n	100027c0 <_ftoa+0x400>
100023ea:	981e      	ldr	r0, [sp, #120]	@ 0x78
100023ec:	991f      	ldr	r1, [sp, #124]	@ 0x7c
100023ee:	2201      	movs	r2, #1
100023f0:	4bc5      	ldr	r3, [pc, #788]	@ (10002708 <_ftoa+0x348>)
100023f2:	4252      	negs	r2, r2
100023f4:	f7ff fd58 	bl	10001ea8 <__wrap___aeabi_dcmplt>
100023f8:	2800      	cmp	r0, #0
100023fa:	d000      	beq.n	100023fe <_ftoa+0x3e>
100023fc:	e114      	b.n	10002628 <_ftoa+0x268>
100023fe:	981e      	ldr	r0, [sp, #120]	@ 0x78
10002400:	991f      	ldr	r1, [sp, #124]	@ 0x7c
10002402:	2201      	movs	r2, #1
10002404:	4bc1      	ldr	r3, [pc, #772]	@ (1000270c <_ftoa+0x34c>)
10002406:	4252      	negs	r2, r2
10002408:	f7ff fd64 	bl	10001ed4 <__wrap___aeabi_dcmpgt>
1000240c:	2800      	cmp	r0, #0
1000240e:	d000      	beq.n	10002412 <_ftoa+0x52>
10002410:	e0e9      	b.n	100025e6 <_ftoa+0x226>
10002412:	981e      	ldr	r0, [sp, #120]	@ 0x78
10002414:	991f      	ldr	r1, [sp, #124]	@ 0x7c
10002416:	2200      	movs	r2, #0
10002418:	4bbd      	ldr	r3, [pc, #756]	@ (10002710 <_ftoa+0x350>)
1000241a:	f7ff fd5b 	bl	10001ed4 <__wrap___aeabi_dcmpgt>
1000241e:	2800      	cmp	r0, #0
10002420:	d000      	beq.n	10002424 <_ftoa+0x64>
10002422:	e0c8      	b.n	100025b6 <_ftoa+0x1f6>
10002424:	981e      	ldr	r0, [sp, #120]	@ 0x78
10002426:	991f      	ldr	r1, [sp, #124]	@ 0x7c
10002428:	2200      	movs	r2, #0
1000242a:	4bba      	ldr	r3, [pc, #744]	@ (10002714 <_ftoa+0x354>)
1000242c:	f7ff fd3c 	bl	10001ea8 <__wrap___aeabi_dcmplt>
10002430:	2800      	cmp	r0, #0
10002432:	d000      	beq.n	10002436 <_ftoa+0x76>
10002434:	e0bf      	b.n	100025b6 <_ftoa+0x1f6>
10002436:	981e      	ldr	r0, [sp, #120]	@ 0x78
10002438:	991f      	ldr	r1, [sp, #124]	@ 0x7c
1000243a:	2200      	movs	r2, #0
1000243c:	2300      	movs	r3, #0
1000243e:	f7ff fd33 	bl	10001ea8 <__wrap___aeabi_dcmplt>
10002442:	2800      	cmp	r0, #0
10002444:	d000      	beq.n	10002448 <_ftoa+0x88>
10002446:	e0e4      	b.n	10002612 <_ftoa+0x252>
10002448:	2300      	movs	r3, #0
1000244a:	930b      	str	r3, [sp, #44]	@ 0x2c
1000244c:	9b22      	ldr	r3, [sp, #136]	@ 0x88
1000244e:	055b      	lsls	r3, r3, #21
10002450:	d400      	bmi.n	10002454 <_ftoa+0x94>
10002452:	2606      	movs	r6, #6
10002454:	2400      	movs	r4, #0
10002456:	2330      	movs	r3, #48	@ 0x30
10002458:	e007      	b.n	1000246a <_ftoa+0xaa>
1000245a:	2117      	movs	r1, #23
1000245c:	aa06      	add	r2, sp, #24
1000245e:	3401      	adds	r4, #1
10002460:	1852      	adds	r2, r2, r1
10002462:	5513      	strb	r3, [r2, r4]
10002464:	3e01      	subs	r6, #1
10002466:	2c20      	cmp	r4, #32
10002468:	d001      	beq.n	1000246e <_ftoa+0xae>
1000246a:	2e09      	cmp	r6, #9
1000246c:	d8f5      	bhi.n	1000245a <_ftoa+0x9a>
1000246e:	981e      	ldr	r0, [sp, #120]	@ 0x78
10002470:	991f      	ldr	r1, [sp, #124]	@ 0x7c
10002472:	f7ff fd5d 	bl	10001f30 <__wrap___aeabi_d2iz>
10002476:	4ba8      	ldr	r3, [pc, #672]	@ (10002718 <_ftoa+0x358>)
10002478:	00f2      	lsls	r2, r6, #3
1000247a:	189b      	adds	r3, r3, r2
1000247c:	681a      	ldr	r2, [r3, #0]
1000247e:	685b      	ldr	r3, [r3, #4]
10002480:	0005      	movs	r5, r0
10002482:	9208      	str	r2, [sp, #32]
10002484:	9309      	str	r3, [sp, #36]	@ 0x24
10002486:	f7ff fd3b 	bl	10001f00 <__wrap___aeabi_i2d>
1000248a:	0002      	movs	r2, r0
1000248c:	000b      	movs	r3, r1
1000248e:	981e      	ldr	r0, [sp, #120]	@ 0x78
10002490:	991f      	ldr	r1, [sp, #124]	@ 0x7c
10002492:	f7ff fca6 	bl	10001de2 <__wrap___aeabi_dsub>
10002496:	9a08      	ldr	r2, [sp, #32]
10002498:	9b09      	ldr	r3, [sp, #36]	@ 0x24
1000249a:	f7ff fcc6 	bl	10001e2a <__wrap___aeabi_dmul>
1000249e:	9006      	str	r0, [sp, #24]
100024a0:	9107      	str	r1, [sp, #28]
100024a2:	f7ff fd69 	bl	10001f78 <__wrap___aeabi_d2uiz>
100024a6:	4681      	mov	r9, r0
100024a8:	f7ff fd26 	bl	10001ef8 <__wrap___aeabi_ui2d>
100024ac:	0002      	movs	r2, r0
100024ae:	000b      	movs	r3, r1
100024b0:	9806      	ldr	r0, [sp, #24]
100024b2:	9907      	ldr	r1, [sp, #28]
100024b4:	f7ff fc95 	bl	10001de2 <__wrap___aeabi_dsub>
100024b8:	2200      	movs	r2, #0
100024ba:	4b98      	ldr	r3, [pc, #608]	@ (1000271c <_ftoa+0x35c>)
100024bc:	9006      	str	r0, [sp, #24]
100024be:	9107      	str	r1, [sp, #28]
100024c0:	f7ff fd08 	bl	10001ed4 <__wrap___aeabi_dcmpgt>
100024c4:	2800      	cmp	r0, #0
100024c6:	d100      	bne.n	100024ca <_ftoa+0x10a>
100024c8:	e10d      	b.n	100026e6 <_ftoa+0x326>
100024ca:	2301      	movs	r3, #1
100024cc:	469c      	mov	ip, r3
100024ce:	44e1      	add	r9, ip
100024d0:	4648      	mov	r0, r9
100024d2:	f7ff fd11 	bl	10001ef8 <__wrap___aeabi_ui2d>
100024d6:	0002      	movs	r2, r0
100024d8:	000b      	movs	r3, r1
100024da:	9808      	ldr	r0, [sp, #32]
100024dc:	9909      	ldr	r1, [sp, #36]	@ 0x24
100024de:	f7ff fce9 	bl	10001eb4 <__wrap___aeabi_dcmple>
100024e2:	2800      	cmp	r0, #0
100024e4:	d002      	beq.n	100024ec <_ftoa+0x12c>
100024e6:	2300      	movs	r3, #0
100024e8:	4699      	mov	r9, r3
100024ea:	3501      	adds	r5, #1
100024ec:	2e00      	cmp	r6, #0
100024ee:	d100      	bne.n	100024f2 <_ftoa+0x132>
100024f0:	e0d9      	b.n	100026a6 <_ftoa+0x2e6>
100024f2:	9506      	str	r5, [sp, #24]
100024f4:	464d      	mov	r5, r9
100024f6:	46b9      	mov	r9, r7
100024f8:	e014      	b.n	10002524 <_ftoa+0x164>
100024fa:	aa06      	add	r2, sp, #24
100024fc:	4694      	mov	ip, r2
100024fe:	2317      	movs	r3, #23
10002500:	210a      	movs	r1, #10
10002502:	4463      	add	r3, ip
10002504:	0028      	movs	r0, r5
10002506:	3401      	adds	r4, #1
10002508:	191f      	adds	r7, r3, r4
1000250a:	f7ff fa2f 	bl	1000196c <__wrap___aeabi_uidiv>
1000250e:	3130      	adds	r1, #48	@ 0x30
10002510:	7039      	strb	r1, [r7, #0]
10002512:	0028      	movs	r0, r5
10002514:	210a      	movs	r1, #10
10002516:	3e01      	subs	r6, #1
10002518:	f7ff fa28 	bl	1000196c <__wrap___aeabi_uidiv>
1000251c:	2d09      	cmp	r5, #9
1000251e:	d800      	bhi.n	10002522 <_ftoa+0x162>
10002520:	e117      	b.n	10002752 <_ftoa+0x392>
10002522:	0005      	movs	r5, r0
10002524:	2c20      	cmp	r4, #32
10002526:	d1e8      	bne.n	100024fa <_ftoa+0x13a>
10002528:	464f      	mov	r7, r9
1000252a:	9d06      	ldr	r5, [sp, #24]
1000252c:	2420      	movs	r4, #32
1000252e:	ae0c      	add	r6, sp, #48	@ 0x30
10002530:	aa06      	add	r2, sp, #24
10002532:	2317      	movs	r3, #23
10002534:	4694      	mov	ip, r2
10002536:	4463      	add	r3, ip
10002538:	4699      	mov	r9, r3
1000253a:	465b      	mov	r3, fp
1000253c:	46b3      	mov	fp, r6
1000253e:	9306      	str	r3, [sp, #24]
10002540:	e00f      	b.n	10002562 <_ftoa+0x1a2>
10002542:	464b      	mov	r3, r9
10002544:	0028      	movs	r0, r5
10002546:	210a      	movs	r1, #10
10002548:	3401      	adds	r4, #1
1000254a:	18e6      	adds	r6, r4, r3
1000254c:	f7ff f9e6 	bl	1000191c <__wrap___aeabi_idiv>
10002550:	3130      	adds	r1, #48	@ 0x30
10002552:	0028      	movs	r0, r5
10002554:	7031      	strb	r1, [r6, #0]
10002556:	210a      	movs	r1, #10
10002558:	f7ff f9e0 	bl	1000191c <__wrap___aeabi_idiv>
1000255c:	1e05      	subs	r5, r0, #0
1000255e:	d100      	bne.n	10002562 <_ftoa+0x1a2>
10002560:	e0e4      	b.n	1000272c <_ftoa+0x36c>
10002562:	2c20      	cmp	r4, #32
10002564:	d1ed      	bne.n	10002542 <_ftoa+0x182>
10002566:	9b06      	ldr	r3, [sp, #24]
10002568:	465e      	mov	r6, fp
1000256a:	469b      	mov	fp, r3
1000256c:	2303      	movs	r3, #3
1000256e:	9a22      	ldr	r2, [sp, #136]	@ 0x88
10002570:	4013      	ands	r3, r2
10002572:	2b01      	cmp	r3, #1
10002574:	d118      	bne.n	100025a8 <_ftoa+0x1e8>
10002576:	9b21      	ldr	r3, [sp, #132]	@ 0x84
10002578:	2b00      	cmp	r3, #0
1000257a:	d015      	beq.n	100025a8 <_ftoa+0x1e8>
1000257c:	9b0b      	ldr	r3, [sp, #44]	@ 0x2c
1000257e:	2b00      	cmp	r3, #0
10002580:	d100      	bne.n	10002584 <_ftoa+0x1c4>
10002582:	e0fd      	b.n	10002780 <_ftoa+0x3c0>
10002584:	9b21      	ldr	r3, [sp, #132]	@ 0x84
10002586:	3b01      	subs	r3, #1
10002588:	9321      	str	r3, [sp, #132]	@ 0x84
1000258a:	2b20      	cmp	r3, #32
1000258c:	d90c      	bls.n	100025a8 <_ftoa+0x1e8>
1000258e:	2330      	movs	r3, #48	@ 0x30
10002590:	9a21      	ldr	r2, [sp, #132]	@ 0x84
10002592:	e007      	b.n	100025a4 <_ftoa+0x1e4>
10002594:	2017      	movs	r0, #23
10002596:	a906      	add	r1, sp, #24
10002598:	3401      	adds	r4, #1
1000259a:	1809      	adds	r1, r1, r0
1000259c:	550b      	strb	r3, [r1, r4]
1000259e:	4294      	cmp	r4, r2
100025a0:	d300      	bcc.n	100025a4 <_ftoa+0x1e4>
100025a2:	e0cc      	b.n	1000273e <_ftoa+0x37e>
100025a4:	2c20      	cmp	r4, #32
100025a6:	d1f5      	bne.n	10002594 <_ftoa+0x1d4>
100025a8:	9b22      	ldr	r3, [sp, #136]	@ 0x88
100025aa:	9401      	str	r4, [sp, #4]
100025ac:	9303      	str	r3, [sp, #12]
100025ae:	9b21      	ldr	r3, [sp, #132]	@ 0x84
100025b0:	9600      	str	r6, [sp, #0]
100025b2:	9302      	str	r3, [sp, #8]
100025b4:	e022      	b.n	100025fc <_ftoa+0x23c>
100025b6:	9b22      	ldr	r3, [sp, #136]	@ 0x88
100025b8:	4652      	mov	r2, sl
100025ba:	9304      	str	r3, [sp, #16]
100025bc:	9b21      	ldr	r3, [sp, #132]	@ 0x84
100025be:	0039      	movs	r1, r7
100025c0:	9303      	str	r3, [sp, #12]
100025c2:	4658      	mov	r0, fp
100025c4:	9b1e      	ldr	r3, [sp, #120]	@ 0x78
100025c6:	9c1f      	ldr	r4, [sp, #124]	@ 0x7c
100025c8:	9602      	str	r6, [sp, #8]
100025ca:	9300      	str	r3, [sp, #0]
100025cc:	9401      	str	r4, [sp, #4]
100025ce:	4643      	mov	r3, r8
100025d0:	f000 f94a 	bl	10002868 <_etoa>
100025d4:	0004      	movs	r4, r0
100025d6:	0020      	movs	r0, r4
100025d8:	b015      	add	sp, #84	@ 0x54
100025da:	bcf0      	pop	{r4, r5, r6, r7}
100025dc:	46bb      	mov	fp, r7
100025de:	46b2      	mov	sl, r6
100025e0:	46a9      	mov	r9, r5
100025e2:	46a0      	mov	r8, r4
100025e4:	bdf0      	pop	{r4, r5, r6, r7, pc}
100025e6:	9b22      	ldr	r3, [sp, #136]	@ 0x88
100025e8:	075b      	lsls	r3, r3, #29
100025ea:	d40f      	bmi.n	1000260c <_ftoa+0x24c>
100025ec:	2203      	movs	r2, #3
100025ee:	4b4c      	ldr	r3, [pc, #304]	@ (10002720 <_ftoa+0x360>)
100025f0:	9922      	ldr	r1, [sp, #136]	@ 0x88
100025f2:	9201      	str	r2, [sp, #4]
100025f4:	9103      	str	r1, [sp, #12]
100025f6:	9921      	ldr	r1, [sp, #132]	@ 0x84
100025f8:	9300      	str	r3, [sp, #0]
100025fa:	9102      	str	r1, [sp, #8]
100025fc:	4643      	mov	r3, r8
100025fe:	4652      	mov	r2, sl
10002600:	0039      	movs	r1, r7
10002602:	4658      	mov	r0, fp
10002604:	f7ff fd90 	bl	10002128 <_out_rev>
10002608:	0004      	movs	r4, r0
1000260a:	e7e4      	b.n	100025d6 <_ftoa+0x216>
1000260c:	2204      	movs	r2, #4
1000260e:	4b45      	ldr	r3, [pc, #276]	@ (10002724 <_ftoa+0x364>)
10002610:	e7ee      	b.n	100025f0 <_ftoa+0x230>
10002612:	9a1e      	ldr	r2, [sp, #120]	@ 0x78
10002614:	9b1f      	ldr	r3, [sp, #124]	@ 0x7c
10002616:	2000      	movs	r0, #0
10002618:	2100      	movs	r1, #0
1000261a:	f7ff fbe2 	bl	10001de2 <__wrap___aeabi_dsub>
1000261e:	2301      	movs	r3, #1
10002620:	901e      	str	r0, [sp, #120]	@ 0x78
10002622:	911f      	str	r1, [sp, #124]	@ 0x7c
10002624:	930b      	str	r3, [sp, #44]	@ 0x2c
10002626:	e711      	b.n	1000244c <_ftoa+0x8c>
10002628:	9b22      	ldr	r3, [sp, #136]	@ 0x88
1000262a:	4654      	mov	r4, sl
1000262c:	079b      	lsls	r3, r3, #30
1000262e:	d111      	bne.n	10002654 <_ftoa+0x294>
10002630:	9b21      	ldr	r3, [sp, #132]	@ 0x84
10002632:	2b04      	cmp	r3, #4
10002634:	d90e      	bls.n	10002654 <_ftoa+0x294>
10002636:	9b21      	ldr	r3, [sp, #132]	@ 0x84
10002638:	4655      	mov	r5, sl
1000263a:	469c      	mov	ip, r3
1000263c:	465e      	mov	r6, fp
1000263e:	3c04      	subs	r4, #4
10002640:	4464      	add	r4, ip
10002642:	002a      	movs	r2, r5
10002644:	4643      	mov	r3, r8
10002646:	3501      	adds	r5, #1
10002648:	0039      	movs	r1, r7
1000264a:	2020      	movs	r0, #32
1000264c:	47b0      	blx	r6
1000264e:	42a5      	cmp	r5, r4
10002650:	d1f7      	bne.n	10002642 <_ftoa+0x282>
10002652:	46b3      	mov	fp, r6
10002654:	4d34      	ldr	r5, [pc, #208]	@ (10002728 <_ftoa+0x368>)
10002656:	0026      	movs	r6, r4
10002658:	1f2b      	subs	r3, r5, #4
1000265a:	4699      	mov	r9, r3
1000265c:	465b      	mov	r3, fp
1000265e:	46a3      	mov	fp, r4
10002660:	001c      	movs	r4, r3
10002662:	0032      	movs	r2, r6
10002664:	78e8      	ldrb	r0, [r5, #3]
10002666:	4643      	mov	r3, r8
10002668:	0039      	movs	r1, r7
1000266a:	3d01      	subs	r5, #1
1000266c:	47a0      	blx	r4
1000266e:	3601      	adds	r6, #1
10002670:	454d      	cmp	r5, r9
10002672:	d1f6      	bne.n	10002662 <_ftoa+0x2a2>
10002674:	0023      	movs	r3, r4
10002676:	465c      	mov	r4, fp
10002678:	469b      	mov	fp, r3
1000267a:	9b22      	ldr	r3, [sp, #136]	@ 0x88
1000267c:	3404      	adds	r4, #4
1000267e:	079b      	lsls	r3, r3, #30
10002680:	d5a9      	bpl.n	100025d6 <_ftoa+0x216>
10002682:	4653      	mov	r3, sl
10002684:	9a21      	ldr	r2, [sp, #132]	@ 0x84
10002686:	1ae3      	subs	r3, r4, r3
10002688:	429a      	cmp	r2, r3
1000268a:	d9a4      	bls.n	100025d6 <_ftoa+0x216>
1000268c:	465e      	mov	r6, fp
1000268e:	0015      	movs	r5, r2
10002690:	0022      	movs	r2, r4
10002692:	4643      	mov	r3, r8
10002694:	0039      	movs	r1, r7
10002696:	2020      	movs	r0, #32
10002698:	47b0      	blx	r6
1000269a:	4653      	mov	r3, sl
1000269c:	3401      	adds	r4, #1
1000269e:	1ae3      	subs	r3, r4, r3
100026a0:	429d      	cmp	r5, r3
100026a2:	d8f5      	bhi.n	10002690 <_ftoa+0x2d0>
100026a4:	e797      	b.n	100025d6 <_ftoa+0x216>
100026a6:	0028      	movs	r0, r5
100026a8:	f7ff fc2a 	bl	10001f00 <__wrap___aeabi_i2d>
100026ac:	0002      	movs	r2, r0
100026ae:	000b      	movs	r3, r1
100026b0:	981e      	ldr	r0, [sp, #120]	@ 0x78
100026b2:	991f      	ldr	r1, [sp, #124]	@ 0x7c
100026b4:	f7ff fb95 	bl	10001de2 <__wrap___aeabi_dsub>
100026b8:	2200      	movs	r2, #0
100026ba:	4b18      	ldr	r3, [pc, #96]	@ (1000271c <_ftoa+0x35c>)
100026bc:	9006      	str	r0, [sp, #24]
100026be:	9107      	str	r1, [sp, #28]
100026c0:	f7ff fbf2 	bl	10001ea8 <__wrap___aeabi_dcmplt>
100026c4:	ae0c      	add	r6, sp, #48	@ 0x30
100026c6:	2800      	cmp	r0, #0
100026c8:	d000      	beq.n	100026cc <_ftoa+0x30c>
100026ca:	e731      	b.n	10002530 <_ftoa+0x170>
100026cc:	9806      	ldr	r0, [sp, #24]
100026ce:	9907      	ldr	r1, [sp, #28]
100026d0:	2200      	movs	r2, #0
100026d2:	4b12      	ldr	r3, [pc, #72]	@ (1000271c <_ftoa+0x35c>)
100026d4:	f7ff fbfe 	bl	10001ed4 <__wrap___aeabi_dcmpgt>
100026d8:	2800      	cmp	r0, #0
100026da:	d000      	beq.n	100026de <_ftoa+0x31e>
100026dc:	e728      	b.n	10002530 <_ftoa+0x170>
100026de:	2301      	movs	r3, #1
100026e0:	3501      	adds	r5, #1
100026e2:	439d      	bics	r5, r3
100026e4:	e724      	b.n	10002530 <_ftoa+0x170>
100026e6:	2200      	movs	r2, #0
100026e8:	9806      	ldr	r0, [sp, #24]
100026ea:	9907      	ldr	r1, [sp, #28]
100026ec:	4b0b      	ldr	r3, [pc, #44]	@ (1000271c <_ftoa+0x35c>)
100026ee:	f7ff fbdb 	bl	10001ea8 <__wrap___aeabi_dcmplt>
100026f2:	2800      	cmp	r0, #0
100026f4:	d000      	beq.n	100026f8 <_ftoa+0x338>
100026f6:	e6f9      	b.n	100024ec <_ftoa+0x12c>
100026f8:	464b      	mov	r3, r9
100026fa:	2b00      	cmp	r3, #0
100026fc:	d15c      	bne.n	100027b8 <_ftoa+0x3f8>
100026fe:	2301      	movs	r3, #1
10002700:	469c      	mov	ip, r3
10002702:	44e1      	add	r9, ip
10002704:	e6f2      	b.n	100024ec <_ftoa+0x12c>
10002706:	46c0      	nop			@ (mov r8, r8)
10002708:	ffefffff 	.word	0xffefffff
1000270c:	7fefffff 	.word	0x7fefffff
10002710:	41cdcd65 	.word	0x41cdcd65
10002714:	c1cdcd65 	.word	0xc1cdcd65
10002718:	10009eb8 	.word	0x10009eb8
1000271c:	3fe00000 	.word	0x3fe00000
10002720:	10009c00 	.word	0x10009c00
10002724:	10009bf8 	.word	0x10009bf8
10002728:	10009c08 	.word	0x10009c08
1000272c:	9b06      	ldr	r3, [sp, #24]
1000272e:	465e      	mov	r6, fp
10002730:	469b      	mov	fp, r3
10002732:	2303      	movs	r3, #3
10002734:	9a22      	ldr	r2, [sp, #136]	@ 0x88
10002736:	4013      	ands	r3, r2
10002738:	2b01      	cmp	r3, #1
1000273a:	d100      	bne.n	1000273e <_ftoa+0x37e>
1000273c:	e081      	b.n	10002842 <_ftoa+0x482>
1000273e:	2c20      	cmp	r4, #32
10002740:	d100      	bne.n	10002744 <_ftoa+0x384>
10002742:	e731      	b.n	100025a8 <_ftoa+0x1e8>
10002744:	9b0b      	ldr	r3, [sp, #44]	@ 0x2c
10002746:	2b00      	cmp	r3, #0
10002748:	d027      	beq.n	1000279a <_ftoa+0x3da>
1000274a:	232d      	movs	r3, #45	@ 0x2d
1000274c:	5533      	strb	r3, [r6, r4]
1000274e:	3401      	adds	r4, #1
10002750:	e72a      	b.n	100025a8 <_ftoa+0x1e8>
10002752:	464f      	mov	r7, r9
10002754:	9d06      	ldr	r5, [sp, #24]
10002756:	2c20      	cmp	r4, #32
10002758:	d100      	bne.n	1000275c <_ftoa+0x39c>
1000275a:	e6e7      	b.n	1000252c <_ftoa+0x16c>
1000275c:	2230      	movs	r2, #48	@ 0x30
1000275e:	1933      	adds	r3, r6, r4
10002760:	e007      	b.n	10002772 <_ftoa+0x3b2>
10002762:	2017      	movs	r0, #23
10002764:	a906      	add	r1, sp, #24
10002766:	3401      	adds	r4, #1
10002768:	1809      	adds	r1, r1, r0
1000276a:	550a      	strb	r2, [r1, r4]
1000276c:	2c20      	cmp	r4, #32
1000276e:	d100      	bne.n	10002772 <_ftoa+0x3b2>
10002770:	e6dc      	b.n	1000252c <_ftoa+0x16c>
10002772:	42a3      	cmp	r3, r4
10002774:	d1f5      	bne.n	10002762 <_ftoa+0x3a2>
10002776:	222e      	movs	r2, #46	@ 0x2e
10002778:	ae0c      	add	r6, sp, #48	@ 0x30
1000277a:	3401      	adds	r4, #1
1000277c:	54f2      	strb	r2, [r6, r3]
1000277e:	e6d7      	b.n	10002530 <_ftoa+0x170>
10002780:	230c      	movs	r3, #12
10002782:	9a22      	ldr	r2, [sp, #136]	@ 0x88
10002784:	4213      	tst	r3, r2
10002786:	d057      	beq.n	10002838 <_ftoa+0x478>
10002788:	9b21      	ldr	r3, [sp, #132]	@ 0x84
1000278a:	3b01      	subs	r3, #1
1000278c:	9321      	str	r3, [sp, #132]	@ 0x84
1000278e:	42a3      	cmp	r3, r4
10002790:	d900      	bls.n	10002794 <_ftoa+0x3d4>
10002792:	e6fc      	b.n	1000258e <_ftoa+0x1ce>
10002794:	2c20      	cmp	r4, #32
10002796:	d100      	bne.n	1000279a <_ftoa+0x3da>
10002798:	e706      	b.n	100025a8 <_ftoa+0x1e8>
1000279a:	9b22      	ldr	r3, [sp, #136]	@ 0x88
1000279c:	075b      	lsls	r3, r3, #29
1000279e:	d503      	bpl.n	100027a8 <_ftoa+0x3e8>
100027a0:	232b      	movs	r3, #43	@ 0x2b
100027a2:	5533      	strb	r3, [r6, r4]
100027a4:	3401      	adds	r4, #1
100027a6:	e6ff      	b.n	100025a8 <_ftoa+0x1e8>
100027a8:	9b22      	ldr	r3, [sp, #136]	@ 0x88
100027aa:	071b      	lsls	r3, r3, #28
100027ac:	d400      	bmi.n	100027b0 <_ftoa+0x3f0>
100027ae:	e6fb      	b.n	100025a8 <_ftoa+0x1e8>
100027b0:	2320      	movs	r3, #32
100027b2:	5533      	strb	r3, [r6, r4]
100027b4:	3401      	adds	r4, #1
100027b6:	e6f7      	b.n	100025a8 <_ftoa+0x1e8>
100027b8:	07db      	lsls	r3, r3, #31
100027ba:	d400      	bmi.n	100027be <_ftoa+0x3fe>
100027bc:	e696      	b.n	100024ec <_ftoa+0x12c>
100027be:	e79e      	b.n	100026fe <_ftoa+0x33e>
100027c0:	9b22      	ldr	r3, [sp, #136]	@ 0x88
100027c2:	4655      	mov	r5, sl
100027c4:	079b      	lsls	r3, r3, #30
100027c6:	d111      	bne.n	100027ec <_ftoa+0x42c>
100027c8:	9b21      	ldr	r3, [sp, #132]	@ 0x84
100027ca:	2b03      	cmp	r3, #3
100027cc:	d90e      	bls.n	100027ec <_ftoa+0x42c>
100027ce:	9b21      	ldr	r3, [sp, #132]	@ 0x84
100027d0:	4654      	mov	r4, sl
100027d2:	469c      	mov	ip, r3
100027d4:	465e      	mov	r6, fp
100027d6:	3d03      	subs	r5, #3
100027d8:	4465      	add	r5, ip
100027da:	0022      	movs	r2, r4
100027dc:	4643      	mov	r3, r8
100027de:	3401      	adds	r4, #1
100027e0:	0039      	movs	r1, r7
100027e2:	2020      	movs	r0, #32
100027e4:	47b0      	blx	r6
100027e6:	42ac      	cmp	r4, r5
100027e8:	d1f7      	bne.n	100027da <_ftoa+0x41a>
100027ea:	46b3      	mov	fp, r6
100027ec:	46b9      	mov	r9, r7
100027ee:	465f      	mov	r7, fp
100027f0:	4e1c      	ldr	r6, [pc, #112]	@ (10002864 <_ftoa+0x4a4>)
100027f2:	1cec      	adds	r4, r5, #3
100027f4:	002a      	movs	r2, r5
100027f6:	78b0      	ldrb	r0, [r6, #2]
100027f8:	4643      	mov	r3, r8
100027fa:	4649      	mov	r1, r9
100027fc:	3501      	adds	r5, #1
100027fe:	47b8      	blx	r7
10002800:	3e01      	subs	r6, #1
10002802:	42a5      	cmp	r5, r4
10002804:	d1f6      	bne.n	100027f4 <_ftoa+0x434>
10002806:	9b22      	ldr	r3, [sp, #136]	@ 0x88
10002808:	46bb      	mov	fp, r7
1000280a:	464f      	mov	r7, r9
1000280c:	079b      	lsls	r3, r3, #30
1000280e:	d400      	bmi.n	10002812 <_ftoa+0x452>
10002810:	e6e1      	b.n	100025d6 <_ftoa+0x216>
10002812:	4653      	mov	r3, sl
10002814:	9a21      	ldr	r2, [sp, #132]	@ 0x84
10002816:	1ae3      	subs	r3, r4, r3
10002818:	429a      	cmp	r2, r3
1000281a:	d800      	bhi.n	1000281e <_ftoa+0x45e>
1000281c:	e6db      	b.n	100025d6 <_ftoa+0x216>
1000281e:	465e      	mov	r6, fp
10002820:	0015      	movs	r5, r2
10002822:	0022      	movs	r2, r4
10002824:	4643      	mov	r3, r8
10002826:	0039      	movs	r1, r7
10002828:	2020      	movs	r0, #32
1000282a:	47b0      	blx	r6
1000282c:	4653      	mov	r3, sl
1000282e:	3401      	adds	r4, #1
10002830:	1ae3      	subs	r3, r4, r3
10002832:	429d      	cmp	r5, r3
10002834:	d8f5      	bhi.n	10002822 <_ftoa+0x462>
10002836:	e6ce      	b.n	100025d6 <_ftoa+0x216>
10002838:	9b21      	ldr	r3, [sp, #132]	@ 0x84
1000283a:	42a3      	cmp	r3, r4
1000283c:	d900      	bls.n	10002840 <_ftoa+0x480>
1000283e:	e6a6      	b.n	1000258e <_ftoa+0x1ce>
10002840:	e6b2      	b.n	100025a8 <_ftoa+0x1e8>
10002842:	9b21      	ldr	r3, [sp, #132]	@ 0x84
10002844:	2b00      	cmp	r3, #0
10002846:	d100      	bne.n	1000284a <_ftoa+0x48a>
10002848:	e779      	b.n	1000273e <_ftoa+0x37e>
1000284a:	9b0b      	ldr	r3, [sp, #44]	@ 0x2c
1000284c:	2b00      	cmp	r3, #0
1000284e:	d097      	beq.n	10002780 <_ftoa+0x3c0>
10002850:	9b21      	ldr	r3, [sp, #132]	@ 0x84
10002852:	3b01      	subs	r3, #1
10002854:	9321      	str	r3, [sp, #132]	@ 0x84
10002856:	429c      	cmp	r4, r3
10002858:	d200      	bcs.n	1000285c <_ftoa+0x49c>
1000285a:	e698      	b.n	1000258e <_ftoa+0x1ce>
1000285c:	2c20      	cmp	r4, #32
1000285e:	d000      	beq.n	10002862 <_ftoa+0x4a2>
10002860:	e773      	b.n	1000274a <_ftoa+0x38a>
10002862:	e6a1      	b.n	100025a8 <_ftoa+0x1e8>
10002864:	10009c04 	.word	0x10009c04

10002868 <_etoa>:
10002868:	b5f0      	push	{r4, r5, r6, r7, lr}
1000286a:	46de      	mov	lr, fp
1000286c:	4657      	mov	r7, sl
1000286e:	464e      	mov	r6, r9
10002870:	4645      	mov	r5, r8
10002872:	b5e0      	push	{r5, r6, r7, lr}
10002874:	b099      	sub	sp, #100	@ 0x64
10002876:	4681      	mov	r9, r0
10002878:	468b      	mov	fp, r1
1000287a:	4692      	mov	sl, r2
1000287c:	4698      	mov	r8, r3
1000287e:	9a22      	ldr	r2, [sp, #136]	@ 0x88
10002880:	9b23      	ldr	r3, [sp, #140]	@ 0x8c
10002882:	0010      	movs	r0, r2
10002884:	0019      	movs	r1, r3
10002886:	f7ff fb2a 	bl	10001ede <__wrap___aeabi_dcmpun>
1000288a:	2800      	cmp	r0, #0
1000288c:	d000      	beq.n	10002890 <_etoa+0x28>
1000288e:	e0ca      	b.n	10002a26 <_etoa+0x1be>
10002890:	9822      	ldr	r0, [sp, #136]	@ 0x88
10002892:	9923      	ldr	r1, [sp, #140]	@ 0x8c
10002894:	2201      	movs	r2, #1
10002896:	4b82      	ldr	r3, [pc, #520]	@ (10002aa0 <_etoa+0x238>)
10002898:	4252      	negs	r2, r2
1000289a:	f7ff fb1b 	bl	10001ed4 <__wrap___aeabi_dcmpgt>
1000289e:	2800      	cmp	r0, #0
100028a0:	d000      	beq.n	100028a4 <_etoa+0x3c>
100028a2:	e0c0      	b.n	10002a26 <_etoa+0x1be>
100028a4:	9822      	ldr	r0, [sp, #136]	@ 0x88
100028a6:	9923      	ldr	r1, [sp, #140]	@ 0x8c
100028a8:	2201      	movs	r2, #1
100028aa:	4b7e      	ldr	r3, [pc, #504]	@ (10002aa4 <_etoa+0x23c>)
100028ac:	4252      	negs	r2, r2
100028ae:	f7ff fafb 	bl	10001ea8 <__wrap___aeabi_dcmplt>
100028b2:	2800      	cmp	r0, #0
100028b4:	d000      	beq.n	100028b8 <_etoa+0x50>
100028b6:	e0b6      	b.n	10002a26 <_etoa+0x1be>
100028b8:	9822      	ldr	r0, [sp, #136]	@ 0x88
100028ba:	9923      	ldr	r1, [sp, #140]	@ 0x8c
100028bc:	2200      	movs	r2, #0
100028be:	2300      	movs	r3, #0
100028c0:	f7ff faf2 	bl	10001ea8 <__wrap___aeabi_dcmplt>
100028c4:	2800      	cmp	r0, #0
100028c6:	d000      	beq.n	100028ca <_etoa+0x62>
100028c8:	e1c9      	b.n	10002c5e <_etoa+0x3f6>
100028ca:	9b22      	ldr	r3, [sp, #136]	@ 0x88
100028cc:	9c23      	ldr	r4, [sp, #140]	@ 0x8c
100028ce:	9308      	str	r3, [sp, #32]
100028d0:	9409      	str	r4, [sp, #36]	@ 0x24
100028d2:	9808      	ldr	r0, [sp, #32]
100028d4:	9909      	ldr	r1, [sp, #36]	@ 0x24
100028d6:	2380      	movs	r3, #128	@ 0x80
100028d8:	9a26      	ldr	r2, [sp, #152]	@ 0x98
100028da:	00db      	lsls	r3, r3, #3
100028dc:	401a      	ands	r2, r3
100028de:	920d      	str	r2, [sp, #52]	@ 0x34
100028e0:	2280      	movs	r2, #128	@ 0x80
100028e2:	9c26      	ldr	r4, [sp, #152]	@ 0x98
100028e4:	0112      	lsls	r2, r2, #4
100028e6:	4014      	ands	r4, r2
100028e8:	0022      	movs	r2, r4
100028ea:	940b      	str	r4, [sp, #44]	@ 0x2c
100028ec:	9c26      	ldr	r4, [sp, #152]	@ 0x98
100028ee:	0007      	movs	r7, r0
100028f0:	000e      	movs	r6, r1
100028f2:	421c      	tst	r4, r3
100028f4:	d000      	beq.n	100028f8 <_etoa+0x90>
100028f6:	e0ad      	b.n	10002a54 <_etoa+0x1ec>
100028f8:	000b      	movs	r3, r1
100028fa:	4303      	orrs	r3, r0
100028fc:	d000      	beq.n	10002900 <_etoa+0x98>
100028fe:	e0d5      	b.n	10002aac <_etoa+0x244>
10002900:	2a00      	cmp	r2, #0
10002902:	d000      	beq.n	10002906 <_etoa+0x9e>
10002904:	e20a      	b.n	10002d1c <_etoa+0x4b4>
10002906:	0022      	movs	r2, r4
10002908:	3306      	adds	r3, #6
1000290a:	9324      	str	r3, [sp, #144]	@ 0x90
1000290c:	2302      	movs	r3, #2
1000290e:	4013      	ands	r3, r2
10002910:	930c      	str	r3, [sp, #48]	@ 0x30
10002912:	2302      	movs	r3, #2
10002914:	4213      	tst	r3, r2
10002916:	d000      	beq.n	1000291a <_etoa+0xb2>
10002918:	e202      	b.n	10002d20 <_etoa+0x4b8>
1000291a:	9b25      	ldr	r3, [sp, #148]	@ 0x94
1000291c:	2b04      	cmp	r3, #4
1000291e:	d200      	bcs.n	10002922 <_etoa+0xba>
10002920:	e20f      	b.n	10002d42 <_etoa+0x4da>
10002922:	3b04      	subs	r3, #4
10002924:	930b      	str	r3, [sp, #44]	@ 0x2c
10002926:	2300      	movs	r3, #0
10002928:	2504      	movs	r5, #4
1000292a:	930a      	str	r3, [sp, #40]	@ 0x28
1000292c:	2200      	movs	r2, #0
1000292e:	9822      	ldr	r0, [sp, #136]	@ 0x88
10002930:	9923      	ldr	r1, [sp, #140]	@ 0x8c
10002932:	2300      	movs	r3, #0
10002934:	f7ff fab8 	bl	10001ea8 <__wrap___aeabi_dcmplt>
10002938:	2800      	cmp	r0, #0
1000293a:	d000      	beq.n	1000293e <_etoa+0xd6>
1000293c:	e203      	b.n	10002d46 <_etoa+0x4de>
1000293e:	4b5a      	ldr	r3, [pc, #360]	@ (10002aa8 <_etoa+0x240>)
10002940:	9a26      	ldr	r2, [sp, #152]	@ 0x98
10002942:	4013      	ands	r3, r2
10002944:	9304      	str	r3, [sp, #16]
10002946:	9b0b      	ldr	r3, [sp, #44]	@ 0x2c
10002948:	9303      	str	r3, [sp, #12]
1000294a:	9b24      	ldr	r3, [sp, #144]	@ 0x90
1000294c:	9302      	str	r3, [sp, #8]
1000294e:	9b08      	ldr	r3, [sp, #32]
10002950:	9c09      	ldr	r4, [sp, #36]	@ 0x24
10002952:	9300      	str	r3, [sp, #0]
10002954:	9401      	str	r4, [sp, #4]
10002956:	4659      	mov	r1, fp
10002958:	4643      	mov	r3, r8
1000295a:	4652      	mov	r2, sl
1000295c:	4648      	mov	r0, r9
1000295e:	f7ff fd2f 	bl	100023c0 <_ftoa>
10002962:	0002      	movs	r2, r0
10002964:	2020      	movs	r0, #32
10002966:	9b26      	ldr	r3, [sp, #152]	@ 0x98
10002968:	271f      	movs	r7, #31
1000296a:	4003      	ands	r3, r0
1000296c:	4259      	negs	r1, r3
1000296e:	414b      	adcs	r3, r1
10002970:	425b      	negs	r3, r3
10002972:	4018      	ands	r0, r3
10002974:	1c53      	adds	r3, r2, #1
10002976:	9308      	str	r3, [sp, #32]
10002978:	4659      	mov	r1, fp
1000297a:	4643      	mov	r3, r8
1000297c:	3045      	adds	r0, #69	@ 0x45
1000297e:	47c8      	blx	r9
10002980:	9a0a      	ldr	r2, [sp, #40]	@ 0x28
10002982:	17d3      	asrs	r3, r2, #31
10002984:	18d4      	adds	r4, r2, r3
10002986:	405c      	eors	r4, r3
10002988:	0fd3      	lsrs	r3, r2, #31
1000298a:	930a      	str	r3, [sp, #40]	@ 0x28
1000298c:	1e6b      	subs	r3, r5, #1
1000298e:	930b      	str	r3, [sp, #44]	@ 0x2c
10002990:	ab08      	add	r3, sp, #32
10002992:	469c      	mov	ip, r3
10002994:	2500      	movs	r5, #0
10002996:	4467      	add	r7, ip
10002998:	e001      	b.n	1000299e <_etoa+0x136>
1000299a:	2d20      	cmp	r5, #32
1000299c:	d00f      	beq.n	100029be <_etoa+0x156>
1000299e:	0020      	movs	r0, r4
100029a0:	210a      	movs	r1, #10
100029a2:	f7fe ffe3 	bl	1000196c <__wrap___aeabi_uidiv>
100029a6:	3501      	adds	r5, #1
100029a8:	197e      	adds	r6, r7, r5
100029aa:	3130      	adds	r1, #48	@ 0x30
100029ac:	7031      	strb	r1, [r6, #0]
100029ae:	0020      	movs	r0, r4
100029b0:	210a      	movs	r1, #10
100029b2:	f7fe ffdb 	bl	1000196c <__wrap___aeabi_uidiv>
100029b6:	0026      	movs	r6, r4
100029b8:	0004      	movs	r4, r0
100029ba:	2e09      	cmp	r6, #9
100029bc:	d8ed      	bhi.n	1000299a <_etoa+0x132>
100029be:	2305      	movs	r3, #5
100029c0:	9306      	str	r3, [sp, #24]
100029c2:	9b0b      	ldr	r3, [sp, #44]	@ 0x2c
100029c4:	4659      	mov	r1, fp
100029c6:	9305      	str	r3, [sp, #20]
100029c8:	2300      	movs	r3, #0
100029ca:	9304      	str	r3, [sp, #16]
100029cc:	330a      	adds	r3, #10
100029ce:	9303      	str	r3, [sp, #12]
100029d0:	9b0a      	ldr	r3, [sp, #40]	@ 0x28
100029d2:	4648      	mov	r0, r9
100029d4:	9302      	str	r3, [sp, #8]
100029d6:	ab10      	add	r3, sp, #64	@ 0x40
100029d8:	9300      	str	r3, [sp, #0]
100029da:	9a08      	ldr	r2, [sp, #32]
100029dc:	4643      	mov	r3, r8
100029de:	9501      	str	r5, [sp, #4]
100029e0:	f7ff fbf8 	bl	100021d4 <_ntoa_format>
100029e4:	9b0c      	ldr	r3, [sp, #48]	@ 0x30
100029e6:	2b00      	cmp	r3, #0
100029e8:	d02d      	beq.n	10002a46 <_etoa+0x1de>
100029ea:	4653      	mov	r3, sl
100029ec:	1ac4      	subs	r4, r0, r3
100029ee:	9b25      	ldr	r3, [sp, #148]	@ 0x94
100029f0:	42a3      	cmp	r3, r4
100029f2:	d928      	bls.n	10002a46 <_etoa+0x1de>
100029f4:	464d      	mov	r5, r9
100029f6:	465f      	mov	r7, fp
100029f8:	4681      	mov	r9, r0
100029fa:	001e      	movs	r6, r3
100029fc:	4653      	mov	r3, sl
100029fe:	0039      	movs	r1, r7
10002a00:	191a      	adds	r2, r3, r4
10002a02:	2020      	movs	r0, #32
10002a04:	4643      	mov	r3, r8
10002a06:	3401      	adds	r4, #1
10002a08:	47a8      	blx	r5
10002a0a:	42a6      	cmp	r6, r4
10002a0c:	d8f6      	bhi.n	100029fc <_etoa+0x194>
10002a0e:	4653      	mov	r3, sl
10002a10:	4648      	mov	r0, r9
10002a12:	9925      	ldr	r1, [sp, #148]	@ 0x94
10002a14:	1ac2      	subs	r2, r0, r3
10002a16:	3201      	adds	r2, #1
10002a18:	2300      	movs	r3, #0
10002a1a:	4291      	cmp	r1, r2
10002a1c:	d300      	bcc.n	10002a20 <_etoa+0x1b8>
10002a1e:	e186      	b.n	10002d2e <_etoa+0x4c6>
10002a20:	3001      	adds	r0, #1
10002a22:	1818      	adds	r0, r3, r0
10002a24:	e00f      	b.n	10002a46 <_etoa+0x1de>
10002a26:	9b26      	ldr	r3, [sp, #152]	@ 0x98
10002a28:	9304      	str	r3, [sp, #16]
10002a2a:	9b25      	ldr	r3, [sp, #148]	@ 0x94
10002a2c:	9303      	str	r3, [sp, #12]
10002a2e:	9b24      	ldr	r3, [sp, #144]	@ 0x90
10002a30:	9302      	str	r3, [sp, #8]
10002a32:	9b22      	ldr	r3, [sp, #136]	@ 0x88
10002a34:	9c23      	ldr	r4, [sp, #140]	@ 0x8c
10002a36:	9300      	str	r3, [sp, #0]
10002a38:	9401      	str	r4, [sp, #4]
10002a3a:	4643      	mov	r3, r8
10002a3c:	4652      	mov	r2, sl
10002a3e:	4659      	mov	r1, fp
10002a40:	4648      	mov	r0, r9
10002a42:	f7ff fcbd 	bl	100023c0 <_ftoa>
10002a46:	b019      	add	sp, #100	@ 0x64
10002a48:	bcf0      	pop	{r4, r5, r6, r7}
10002a4a:	46bb      	mov	fp, r7
10002a4c:	46b2      	mov	sl, r6
10002a4e:	46a9      	mov	r9, r5
10002a50:	46a0      	mov	r8, r4
10002a52:	bdf0      	pop	{r4, r5, r6, r7, pc}
10002a54:	4301      	orrs	r1, r0
10002a56:	d12b      	bne.n	10002ab0 <_etoa+0x248>
10002a58:	9b0b      	ldr	r3, [sp, #44]	@ 0x2c
10002a5a:	0022      	movs	r2, r4
10002a5c:	2b00      	cmp	r3, #0
10002a5e:	d100      	bne.n	10002a62 <_etoa+0x1fa>
10002a60:	e754      	b.n	1000290c <_etoa+0xa4>
10002a62:	2300      	movs	r3, #0
10002a64:	930a      	str	r3, [sp, #40]	@ 0x28
10002a66:	9b24      	ldr	r3, [sp, #144]	@ 0x90
10002a68:	9a0a      	ldr	r2, [sp, #40]	@ 0x28
10002a6a:	2400      	movs	r4, #0
10002a6c:	4293      	cmp	r3, r2
10002a6e:	dd00      	ble.n	10002a72 <_etoa+0x20a>
10002a70:	e185      	b.n	10002d7e <_etoa+0x516>
10002a72:	9822      	ldr	r0, [sp, #136]	@ 0x88
10002a74:	9923      	ldr	r1, [sp, #140]	@ 0x8c
10002a76:	2200      	movs	r2, #0
10002a78:	2300      	movs	r3, #0
10002a7a:	f7ff fa15 	bl	10001ea8 <__wrap___aeabi_dcmplt>
10002a7e:	2800      	cmp	r0, #0
10002a80:	d000      	beq.n	10002a84 <_etoa+0x21c>
10002a82:	e135      	b.n	10002cf0 <_etoa+0x488>
10002a84:	9b26      	ldr	r3, [sp, #152]	@ 0x98
10002a86:	4a08      	ldr	r2, [pc, #32]	@ (10002aa8 <_etoa+0x240>)
10002a88:	9402      	str	r4, [sp, #8]
10002a8a:	401a      	ands	r2, r3
10002a8c:	2380      	movs	r3, #128	@ 0x80
10002a8e:	00db      	lsls	r3, r3, #3
10002a90:	4313      	orrs	r3, r2
10002a92:	9304      	str	r3, [sp, #16]
10002a94:	9b25      	ldr	r3, [sp, #148]	@ 0x94
10002a96:	9303      	str	r3, [sp, #12]
10002a98:	9b08      	ldr	r3, [sp, #32]
10002a9a:	9c09      	ldr	r4, [sp, #36]	@ 0x24
10002a9c:	e7cb      	b.n	10002a36 <_etoa+0x1ce>
10002a9e:	46c0      	nop			@ (mov r8, r8)
10002aa0:	7fefffff 	.word	0x7fefffff
10002aa4:	ffefffff 	.word	0xffefffff
10002aa8:	fffff7ff 	.word	0xfffff7ff
10002aac:	2306      	movs	r3, #6
10002aae:	9324      	str	r3, [sp, #144]	@ 0x90
10002ab0:	4bb4      	ldr	r3, [pc, #720]	@ (10002d84 <_etoa+0x51c>)
10002ab2:	0070      	lsls	r0, r6, #1
10002ab4:	469c      	mov	ip, r3
10002ab6:	0d40      	lsrs	r0, r0, #21
10002ab8:	4460      	add	r0, ip
10002aba:	f7ff fa21 	bl	10001f00 <__wrap___aeabi_i2d>
10002abe:	4ab2      	ldr	r2, [pc, #712]	@ (10002d88 <_etoa+0x520>)
10002ac0:	4bb2      	ldr	r3, [pc, #712]	@ (10002d8c <_etoa+0x524>)
10002ac2:	f7ff f9b2 	bl	10001e2a <__wrap___aeabi_dmul>
10002ac6:	4ab2      	ldr	r2, [pc, #712]	@ (10002d90 <_etoa+0x528>)
10002ac8:	4bb2      	ldr	r3, [pc, #712]	@ (10002d94 <_etoa+0x52c>)
10002aca:	f7ff f98f 	bl	10001dec <__wrap___aeabi_dadd>
10002ace:	0336      	lsls	r6, r6, #12
10002ad0:	4bb1      	ldr	r3, [pc, #708]	@ (10002d98 <_etoa+0x530>)
10002ad2:	0b36      	lsrs	r6, r6, #12
10002ad4:	4333      	orrs	r3, r6
10002ad6:	0004      	movs	r4, r0
10002ad8:	000d      	movs	r5, r1
10002ada:	0038      	movs	r0, r7
10002adc:	0019      	movs	r1, r3
10002ade:	2200      	movs	r2, #0
10002ae0:	4bae      	ldr	r3, [pc, #696]	@ (10002d9c <_etoa+0x534>)
10002ae2:	f7ff f97e 	bl	10001de2 <__wrap___aeabi_dsub>
10002ae6:	4aae      	ldr	r2, [pc, #696]	@ (10002da0 <_etoa+0x538>)
10002ae8:	4bae      	ldr	r3, [pc, #696]	@ (10002da4 <_etoa+0x53c>)
10002aea:	f7ff f99e 	bl	10001e2a <__wrap___aeabi_dmul>
10002aee:	0002      	movs	r2, r0
10002af0:	000b      	movs	r3, r1
10002af2:	0020      	movs	r0, r4
10002af4:	0029      	movs	r1, r5
10002af6:	f7ff f979 	bl	10001dec <__wrap___aeabi_dadd>
10002afa:	f7ff fa19 	bl	10001f30 <__wrap___aeabi_d2iz>
10002afe:	900a      	str	r0, [sp, #40]	@ 0x28
10002b00:	f7ff f9fe 	bl	10001f00 <__wrap___aeabi_i2d>
10002b04:	4aa8      	ldr	r2, [pc, #672]	@ (10002da8 <_etoa+0x540>)
10002b06:	4ba9      	ldr	r3, [pc, #676]	@ (10002dac <_etoa+0x544>)
10002b08:	0004      	movs	r4, r0
10002b0a:	000d      	movs	r5, r1
10002b0c:	f7ff f98d 	bl	10001e2a <__wrap___aeabi_dmul>
10002b10:	2200      	movs	r2, #0
10002b12:	4ba7      	ldr	r3, [pc, #668]	@ (10002db0 <_etoa+0x548>)
10002b14:	f7ff f96a 	bl	10001dec <__wrap___aeabi_dadd>
10002b18:	f7ff fa0a 	bl	10001f30 <__wrap___aeabi_d2iz>
10002b1c:	4aa5      	ldr	r2, [pc, #660]	@ (10002db4 <_etoa+0x54c>)
10002b1e:	0006      	movs	r6, r0
10002b20:	4ba5      	ldr	r3, [pc, #660]	@ (10002db8 <_etoa+0x550>)
10002b22:	0020      	movs	r0, r4
10002b24:	0029      	movs	r1, r5
10002b26:	f7ff f980 	bl	10001e2a <__wrap___aeabi_dmul>
10002b2a:	0004      	movs	r4, r0
10002b2c:	0030      	movs	r0, r6
10002b2e:	000d      	movs	r5, r1
10002b30:	960c      	str	r6, [sp, #48]	@ 0x30
10002b32:	f7ff f9e5 	bl	10001f00 <__wrap___aeabi_i2d>
10002b36:	4aa1      	ldr	r2, [pc, #644]	@ (10002dbc <_etoa+0x554>)
10002b38:	4ba1      	ldr	r3, [pc, #644]	@ (10002dc0 <_etoa+0x558>)
10002b3a:	f7ff f976 	bl	10001e2a <__wrap___aeabi_dmul>
10002b3e:	0002      	movs	r2, r0
10002b40:	000b      	movs	r3, r1
10002b42:	0020      	movs	r0, r4
10002b44:	0029      	movs	r1, r5
10002b46:	f7ff f94c 	bl	10001de2 <__wrap___aeabi_dsub>
10002b4a:	0002      	movs	r2, r0
10002b4c:	000b      	movs	r3, r1
10002b4e:	0006      	movs	r6, r0
10002b50:	000f      	movs	r7, r1
10002b52:	f7ff f96a 	bl	10001e2a <__wrap___aeabi_dmul>
10002b56:	0032      	movs	r2, r6
10002b58:	0004      	movs	r4, r0
10002b5a:	000d      	movs	r5, r1
10002b5c:	003b      	movs	r3, r7
10002b5e:	0030      	movs	r0, r6
10002b60:	0039      	movs	r1, r7
10002b62:	f7ff f943 	bl	10001dec <__wrap___aeabi_dadd>
10002b66:	2200      	movs	r2, #0
10002b68:	900e      	str	r0, [sp, #56]	@ 0x38
10002b6a:	910f      	str	r1, [sp, #60]	@ 0x3c
10002b6c:	4b95      	ldr	r3, [pc, #596]	@ (10002dc4 <_etoa+0x55c>)
10002b6e:	0020      	movs	r0, r4
10002b70:	0029      	movs	r1, r5
10002b72:	f7ff f940 	bl	10001df6 <__wrap___aeabi_ddiv>
10002b76:	2200      	movs	r2, #0
10002b78:	4b93      	ldr	r3, [pc, #588]	@ (10002dc8 <_etoa+0x560>)
10002b7a:	f7ff f937 	bl	10001dec <__wrap___aeabi_dadd>
10002b7e:	0002      	movs	r2, r0
10002b80:	000b      	movs	r3, r1
10002b82:	0020      	movs	r0, r4
10002b84:	0029      	movs	r1, r5
10002b86:	f7ff f936 	bl	10001df6 <__wrap___aeabi_ddiv>
10002b8a:	2200      	movs	r2, #0
10002b8c:	4b8f      	ldr	r3, [pc, #572]	@ (10002dcc <_etoa+0x564>)
10002b8e:	f7ff f92d 	bl	10001dec <__wrap___aeabi_dadd>
10002b92:	0002      	movs	r2, r0
10002b94:	000b      	movs	r3, r1
10002b96:	0020      	movs	r0, r4
10002b98:	0029      	movs	r1, r5
10002b9a:	f7ff f92c 	bl	10001df6 <__wrap___aeabi_ddiv>
10002b9e:	000d      	movs	r5, r1
10002ba0:	2180      	movs	r1, #128	@ 0x80
10002ba2:	0004      	movs	r4, r0
10002ba4:	0032      	movs	r2, r6
10002ba6:	003b      	movs	r3, r7
10002ba8:	2000      	movs	r0, #0
10002baa:	05c9      	lsls	r1, r1, #23
10002bac:	f7ff f919 	bl	10001de2 <__wrap___aeabi_dsub>
10002bb0:	0002      	movs	r2, r0
10002bb2:	000b      	movs	r3, r1
10002bb4:	0020      	movs	r0, r4
10002bb6:	0029      	movs	r1, r5
10002bb8:	f7ff f918 	bl	10001dec <__wrap___aeabi_dadd>
10002bbc:	0002      	movs	r2, r0
10002bbe:	000b      	movs	r3, r1
10002bc0:	980e      	ldr	r0, [sp, #56]	@ 0x38
10002bc2:	990f      	ldr	r1, [sp, #60]	@ 0x3c
10002bc4:	f7ff f917 	bl	10001df6 <__wrap___aeabi_ddiv>
10002bc8:	2200      	movs	r2, #0
10002bca:	4b73      	ldr	r3, [pc, #460]	@ (10002d98 <_etoa+0x530>)
10002bcc:	f7ff f90e 	bl	10001dec <__wrap___aeabi_dadd>
10002bd0:	4b7f      	ldr	r3, [pc, #508]	@ (10002dd0 <_etoa+0x568>)
10002bd2:	9c0c      	ldr	r4, [sp, #48]	@ 0x30
10002bd4:	469c      	mov	ip, r3
10002bd6:	4464      	add	r4, ip
10002bd8:	2200      	movs	r2, #0
10002bda:	0523      	lsls	r3, r4, #20
10002bdc:	f7ff f925 	bl	10001e2a <__wrap___aeabi_dmul>
10002be0:	0006      	movs	r6, r0
10002be2:	000f      	movs	r7, r1
10002be4:	0002      	movs	r2, r0
10002be6:	000b      	movs	r3, r1
10002be8:	9808      	ldr	r0, [sp, #32]
10002bea:	9909      	ldr	r1, [sp, #36]	@ 0x24
10002bec:	f7ff f95c 	bl	10001ea8 <__wrap___aeabi_dcmplt>
10002bf0:	2800      	cmp	r0, #0
10002bf2:	d00a      	beq.n	10002c0a <_etoa+0x3a2>
10002bf4:	9b0a      	ldr	r3, [sp, #40]	@ 0x28
10002bf6:	0030      	movs	r0, r6
10002bf8:	3b01      	subs	r3, #1
10002bfa:	0039      	movs	r1, r7
10002bfc:	930a      	str	r3, [sp, #40]	@ 0x28
10002bfe:	2200      	movs	r2, #0
10002c00:	4b71      	ldr	r3, [pc, #452]	@ (10002dc8 <_etoa+0x560>)
10002c02:	f7ff f8f8 	bl	10001df6 <__wrap___aeabi_ddiv>
10002c06:	0006      	movs	r6, r0
10002c08:	000f      	movs	r7, r1
10002c0a:	9a0a      	ldr	r2, [sp, #40]	@ 0x28
10002c0c:	0033      	movs	r3, r6
10002c0e:	3263      	adds	r2, #99	@ 0x63
10002c10:	0039      	movs	r1, r7
10002c12:	2ac6      	cmp	r2, #198	@ 0xc6
10002c14:	d812      	bhi.n	10002c3c <_etoa+0x3d4>
10002c16:	2202      	movs	r2, #2
10002c18:	9826      	ldr	r0, [sp, #152]	@ 0x98
10002c1a:	2504      	movs	r5, #4
10002c1c:	4010      	ands	r0, r2
10002c1e:	9a0b      	ldr	r2, [sp, #44]	@ 0x2c
10002c20:	900c      	str	r0, [sp, #48]	@ 0x30
10002c22:	2a00      	cmp	r2, #0
10002c24:	d125      	bne.n	10002c72 <_etoa+0x40a>
10002c26:	9b25      	ldr	r3, [sp, #148]	@ 0x94
10002c28:	2b04      	cmp	r3, #4
10002c2a:	d905      	bls.n	10002c38 <_etoa+0x3d0>
10002c2c:	2800      	cmp	r0, #0
10002c2e:	d000      	beq.n	10002c32 <_etoa+0x3ca>
10002c30:	e0a1      	b.n	10002d76 <_etoa+0x50e>
10002c32:	9b25      	ldr	r3, [sp, #148]	@ 0x94
10002c34:	3b04      	subs	r3, #4
10002c36:	930b      	str	r3, [sp, #44]	@ 0x2c
10002c38:	2504      	movs	r5, #4
10002c3a:	e041      	b.n	10002cc0 <_etoa+0x458>
10002c3c:	2202      	movs	r2, #2
10002c3e:	9826      	ldr	r0, [sp, #152]	@ 0x98
10002c40:	4010      	ands	r0, r2
10002c42:	9a0b      	ldr	r2, [sp, #44]	@ 0x2c
10002c44:	900c      	str	r0, [sp, #48]	@ 0x30
10002c46:	2a00      	cmp	r2, #0
10002c48:	d112      	bne.n	10002c70 <_etoa+0x408>
10002c4a:	9b25      	ldr	r3, [sp, #148]	@ 0x94
10002c4c:	2b05      	cmp	r3, #5
10002c4e:	d976      	bls.n	10002d3e <_etoa+0x4d6>
10002c50:	2800      	cmp	r0, #0
10002c52:	d172      	bne.n	10002d3a <_etoa+0x4d2>
10002c54:	9b25      	ldr	r3, [sp, #148]	@ 0x94
10002c56:	2505      	movs	r5, #5
10002c58:	3b05      	subs	r3, #5
10002c5a:	930b      	str	r3, [sp, #44]	@ 0x2c
10002c5c:	e034      	b.n	10002cc8 <_etoa+0x460>
10002c5e:	2280      	movs	r2, #128	@ 0x80
10002c60:	0612      	lsls	r2, r2, #24
10002c62:	4694      	mov	ip, r2
10002c64:	9b22      	ldr	r3, [sp, #136]	@ 0x88
10002c66:	9308      	str	r3, [sp, #32]
10002c68:	9b23      	ldr	r3, [sp, #140]	@ 0x8c
10002c6a:	4463      	add	r3, ip
10002c6c:	9309      	str	r3, [sp, #36]	@ 0x24
10002c6e:	e630      	b.n	100028d2 <_etoa+0x6a>
10002c70:	2505      	movs	r5, #5
10002c72:	430b      	orrs	r3, r1
10002c74:	d100      	bne.n	10002c78 <_etoa+0x410>
10002c76:	e6f6      	b.n	10002a66 <_etoa+0x1fe>
10002c78:	9808      	ldr	r0, [sp, #32]
10002c7a:	9909      	ldr	r1, [sp, #36]	@ 0x24
10002c7c:	4a55      	ldr	r2, [pc, #340]	@ (10002dd4 <_etoa+0x56c>)
10002c7e:	4b56      	ldr	r3, [pc, #344]	@ (10002dd8 <_etoa+0x570>)
10002c80:	f7ff f920 	bl	10001ec4 <__wrap___aeabi_dcmpge>
10002c84:	2800      	cmp	r0, #0
10002c86:	d008      	beq.n	10002c9a <_etoa+0x432>
10002c88:	9808      	ldr	r0, [sp, #32]
10002c8a:	9909      	ldr	r1, [sp, #36]	@ 0x24
10002c8c:	2200      	movs	r2, #0
10002c8e:	4b53      	ldr	r3, [pc, #332]	@ (10002ddc <_etoa+0x574>)
10002c90:	f7ff f90a 	bl	10001ea8 <__wrap___aeabi_dcmplt>
10002c94:	2800      	cmp	r0, #0
10002c96:	d000      	beq.n	10002c9a <_etoa+0x432>
10002c98:	e6e5      	b.n	10002a66 <_etoa+0x1fe>
10002c9a:	9b24      	ldr	r3, [sp, #144]	@ 0x90
10002c9c:	2b00      	cmp	r3, #0
10002c9e:	d01c      	beq.n	10002cda <_etoa+0x472>
10002ca0:	9b0d      	ldr	r3, [sp, #52]	@ 0x34
10002ca2:	2b00      	cmp	r3, #0
10002ca4:	d019      	beq.n	10002cda <_etoa+0x472>
10002ca6:	9b24      	ldr	r3, [sp, #144]	@ 0x90
10002ca8:	3b01      	subs	r3, #1
10002caa:	9324      	str	r3, [sp, #144]	@ 0x90
10002cac:	9b25      	ldr	r3, [sp, #148]	@ 0x94
10002cae:	42ab      	cmp	r3, r5
10002cb0:	d904      	bls.n	10002cbc <_etoa+0x454>
10002cb2:	9b0c      	ldr	r3, [sp, #48]	@ 0x30
10002cb4:	2b00      	cmp	r3, #0
10002cb6:	d05a      	beq.n	10002d6e <_etoa+0x506>
10002cb8:	2302      	movs	r3, #2
10002cba:	930c      	str	r3, [sp, #48]	@ 0x30
10002cbc:	2300      	movs	r3, #0
10002cbe:	930b      	str	r3, [sp, #44]	@ 0x2c
10002cc0:	9b0a      	ldr	r3, [sp, #40]	@ 0x28
10002cc2:	2b00      	cmp	r3, #0
10002cc4:	d100      	bne.n	10002cc8 <_etoa+0x460>
10002cc6:	e631      	b.n	1000292c <_etoa+0xc4>
10002cc8:	9808      	ldr	r0, [sp, #32]
10002cca:	9909      	ldr	r1, [sp, #36]	@ 0x24
10002ccc:	0032      	movs	r2, r6
10002cce:	003b      	movs	r3, r7
10002cd0:	f7ff f891 	bl	10001df6 <__wrap___aeabi_ddiv>
10002cd4:	9008      	str	r0, [sp, #32]
10002cd6:	9109      	str	r1, [sp, #36]	@ 0x24
10002cd8:	e628      	b.n	1000292c <_etoa+0xc4>
10002cda:	9b25      	ldr	r3, [sp, #148]	@ 0x94
10002cdc:	42ab      	cmp	r3, r5
10002cde:	d9ed      	bls.n	10002cbc <_etoa+0x454>
10002ce0:	9b0c      	ldr	r3, [sp, #48]	@ 0x30
10002ce2:	2b00      	cmp	r3, #0
10002ce4:	d043      	beq.n	10002d6e <_etoa+0x506>
10002ce6:	2300      	movs	r3, #0
10002ce8:	930b      	str	r3, [sp, #44]	@ 0x2c
10002cea:	3302      	adds	r3, #2
10002cec:	930c      	str	r3, [sp, #48]	@ 0x30
10002cee:	e7e7      	b.n	10002cc0 <_etoa+0x458>
10002cf0:	2080      	movs	r0, #128	@ 0x80
10002cf2:	9b26      	ldr	r3, [sp, #152]	@ 0x98
10002cf4:	4a3a      	ldr	r2, [pc, #232]	@ (10002de0 <_etoa+0x578>)
10002cf6:	0600      	lsls	r0, r0, #24
10002cf8:	401a      	ands	r2, r3
10002cfa:	2380      	movs	r3, #128	@ 0x80
10002cfc:	4684      	mov	ip, r0
10002cfe:	9402      	str	r4, [sp, #8]
10002d00:	9c08      	ldr	r4, [sp, #32]
10002d02:	9d09      	ldr	r5, [sp, #36]	@ 0x24
10002d04:	0029      	movs	r1, r5
10002d06:	00db      	lsls	r3, r3, #3
10002d08:	4313      	orrs	r3, r2
10002d0a:	9304      	str	r3, [sp, #16]
10002d0c:	9b25      	ldr	r3, [sp, #148]	@ 0x94
10002d0e:	4461      	add	r1, ip
10002d10:	0022      	movs	r2, r4
10002d12:	9303      	str	r3, [sp, #12]
10002d14:	000b      	movs	r3, r1
10002d16:	9200      	str	r2, [sp, #0]
10002d18:	9301      	str	r3, [sp, #4]
10002d1a:	e68e      	b.n	10002a3a <_etoa+0x1d2>
10002d1c:	2405      	movs	r4, #5
10002d1e:	e6a8      	b.n	10002a72 <_etoa+0x20a>
10002d20:	2300      	movs	r3, #0
10002d22:	930b      	str	r3, [sp, #44]	@ 0x2c
10002d24:	930a      	str	r3, [sp, #40]	@ 0x28
10002d26:	3302      	adds	r3, #2
10002d28:	2504      	movs	r5, #4
10002d2a:	930c      	str	r3, [sp, #48]	@ 0x30
10002d2c:	e5fe      	b.n	1000292c <_etoa+0xc4>
10002d2e:	4653      	mov	r3, sl
10002d30:	468c      	mov	ip, r1
10002d32:	3b01      	subs	r3, #1
10002d34:	4463      	add	r3, ip
10002d36:	1a1b      	subs	r3, r3, r0
10002d38:	e672      	b.n	10002a20 <_etoa+0x1b8>
10002d3a:	2302      	movs	r3, #2
10002d3c:	930c      	str	r3, [sp, #48]	@ 0x30
10002d3e:	2505      	movs	r5, #5
10002d40:	e7c2      	b.n	10002cc8 <_etoa+0x460>
10002d42:	2304      	movs	r3, #4
10002d44:	e5ed      	b.n	10002922 <_etoa+0xba>
10002d46:	2080      	movs	r0, #128	@ 0x80
10002d48:	9e08      	ldr	r6, [sp, #32]
10002d4a:	9f09      	ldr	r7, [sp, #36]	@ 0x24
10002d4c:	0600      	lsls	r0, r0, #24
10002d4e:	0039      	movs	r1, r7
10002d50:	4684      	mov	ip, r0
10002d52:	9a26      	ldr	r2, [sp, #152]	@ 0x98
10002d54:	4b22      	ldr	r3, [pc, #136]	@ (10002de0 <_etoa+0x578>)
10002d56:	4461      	add	r1, ip
10002d58:	4013      	ands	r3, r2
10002d5a:	9304      	str	r3, [sp, #16]
10002d5c:	9b0b      	ldr	r3, [sp, #44]	@ 0x2c
10002d5e:	0032      	movs	r2, r6
10002d60:	9303      	str	r3, [sp, #12]
10002d62:	9b24      	ldr	r3, [sp, #144]	@ 0x90
10002d64:	9302      	str	r3, [sp, #8]
10002d66:	000b      	movs	r3, r1
10002d68:	9200      	str	r2, [sp, #0]
10002d6a:	9301      	str	r3, [sp, #4]
10002d6c:	e5f3      	b.n	10002956 <_etoa+0xee>
10002d6e:	9b25      	ldr	r3, [sp, #148]	@ 0x94
10002d70:	1b5b      	subs	r3, r3, r5
10002d72:	930b      	str	r3, [sp, #44]	@ 0x2c
10002d74:	e7a4      	b.n	10002cc0 <_etoa+0x458>
10002d76:	2302      	movs	r3, #2
10002d78:	2504      	movs	r5, #4
10002d7a:	930c      	str	r3, [sp, #48]	@ 0x30
10002d7c:	e7a0      	b.n	10002cc0 <_etoa+0x458>
10002d7e:	1a9c      	subs	r4, r3, r2
10002d80:	3c01      	subs	r4, #1
10002d82:	e676      	b.n	10002a72 <_etoa+0x20a>
10002d84:	fffffc01 	.word	0xfffffc01
10002d88:	509f79fb 	.word	0x509f79fb
10002d8c:	3fd34413 	.word	0x3fd34413
10002d90:	8b60c8b3 	.word	0x8b60c8b3
10002d94:	3fc68a28 	.word	0x3fc68a28
10002d98:	3ff00000 	.word	0x3ff00000
10002d9c:	3ff80000 	.word	0x3ff80000
10002da0:	636f4361 	.word	0x636f4361
10002da4:	3fd287a7 	.word	0x3fd287a7
10002da8:	0979a371 	.word	0x0979a371
10002dac:	400a934f 	.word	0x400a934f
10002db0:	3fe00000 	.word	0x3fe00000
10002db4:	bbb55516 	.word	0xbbb55516
10002db8:	40026bb1 	.word	0x40026bb1
10002dbc:	fefa39ef 	.word	0xfefa39ef
10002dc0:	3fe62e42 	.word	0x3fe62e42
10002dc4:	402c0000 	.word	0x402c0000
10002dc8:	40240000 	.word	0x40240000
10002dcc:	40180000 	.word	0x40180000
10002dd0:	000003ff 	.word	0x000003ff
10002dd4:	eb1c432d 	.word	0xeb1c432d
10002dd8:	3f1a36e2 	.word	0x3f1a36e2
10002ddc:	412e8480 	.word	0x412e8480
10002de0:	fffff7ff 	.word	0xfffff7ff

10002de4 <_vsnprintf>:
10002de4:	b5f0      	push	{r4, r5, r6, r7, lr}
10002de6:	46de      	mov	lr, fp
10002de8:	4657      	mov	r7, sl
10002dea:	464e      	mov	r6, r9
10002dec:	4645      	mov	r5, r8
10002dee:	b5e0      	push	{r5, r6, r7, lr}
10002df0:	b0a5      	sub	sp, #148	@ 0x94
10002df2:	001e      	movs	r6, r3
10002df4:	9b2e      	ldr	r3, [sp, #184]	@ 0xb8
10002df6:	4692      	mov	sl, r2
10002df8:	930c      	str	r3, [sp, #48]	@ 0x30
10002dfa:	4acd      	ldr	r2, [pc, #820]	@ (10003130 <_vsnprintf+0x34c>)
10002dfc:	4bcd      	ldr	r3, [pc, #820]	@ (10003134 <_vsnprintf+0x350>)
10002dfe:	4680      	mov	r8, r0
10002e00:	468b      	mov	fp, r1
10002e02:	601a      	str	r2, [r3, #0]
10002e04:	2900      	cmp	r1, #0
10002e06:	d100      	bne.n	10002e0a <_vsnprintf+0x26>
10002e08:	e1ea      	b.n	100031e0 <_vsnprintf+0x3fc>
10002e0a:	2300      	movs	r3, #0
10002e0c:	7830      	ldrb	r0, [r6, #0]
10002e0e:	4699      	mov	r9, r3
10002e10:	2800      	cmp	r0, #0
10002e12:	d100      	bne.n	10002e16 <_vsnprintf+0x32>
10002e14:	e1ec      	b.n	100031f0 <_vsnprintf+0x40c>
10002e16:	4bc8      	ldr	r3, [pc, #800]	@ (10003138 <_vsnprintf+0x354>)
10002e18:	464c      	mov	r4, r9
10002e1a:	930b      	str	r3, [sp, #44]	@ 0x2c
10002e1c:	4bc7      	ldr	r3, [pc, #796]	@ (1000313c <_vsnprintf+0x358>)
10002e1e:	4645      	mov	r5, r8
10002e20:	4657      	mov	r7, sl
10002e22:	930e      	str	r3, [sp, #56]	@ 0x38
10002e24:	e00a      	b.n	10002e3c <_vsnprintf+0x58>
10002e26:	1c63      	adds	r3, r4, #1
10002e28:	4698      	mov	r8, r3
10002e2a:	0022      	movs	r2, r4
10002e2c:	003b      	movs	r3, r7
10002e2e:	4659      	mov	r1, fp
10002e30:	47a8      	blx	r5
10002e32:	4644      	mov	r4, r8
10002e34:	7830      	ldrb	r0, [r6, #0]
10002e36:	2800      	cmp	r0, #0
10002e38:	d100      	bne.n	10002e3c <_vsnprintf+0x58>
10002e3a:	e087      	b.n	10002f4c <_vsnprintf+0x168>
10002e3c:	3601      	adds	r6, #1
10002e3e:	2825      	cmp	r0, #37	@ 0x25
10002e40:	d1f1      	bne.n	10002e26 <_vsnprintf+0x42>
10002e42:	2308      	movs	r3, #8
10002e44:	469a      	mov	sl, r3
10002e46:	3b04      	subs	r3, #4
10002e48:	4699      	mov	r9, r3
10002e4a:	3b02      	subs	r3, #2
10002e4c:	4698      	mov	r8, r3
10002e4e:	3b01      	subs	r3, #1
10002e50:	2200      	movs	r2, #0
10002e52:	469c      	mov	ip, r3
10002e54:	940d      	str	r4, [sp, #52]	@ 0x34
10002e56:	7830      	ldrb	r0, [r6, #0]
10002e58:	1c71      	adds	r1, r6, #1
10002e5a:	0003      	movs	r3, r0
10002e5c:	3b20      	subs	r3, #32
10002e5e:	b2db      	uxtb	r3, r3
10002e60:	2b10      	cmp	r3, #16
10002e62:	d803      	bhi.n	10002e6c <_vsnprintf+0x88>
10002e64:	9c0b      	ldr	r4, [sp, #44]	@ 0x2c
10002e66:	009b      	lsls	r3, r3, #2
10002e68:	58e3      	ldr	r3, [r4, r3]
10002e6a:	469f      	mov	pc, r3
10002e6c:	0003      	movs	r3, r0
10002e6e:	3b30      	subs	r3, #48	@ 0x30
10002e70:	4689      	mov	r9, r1
10002e72:	9c0d      	ldr	r4, [sp, #52]	@ 0x34
10002e74:	2b09      	cmp	r3, #9
10002e76:	d93a      	bls.n	10002eee <_vsnprintf+0x10a>
10002e78:	2300      	movs	r3, #0
10002e7a:	4698      	mov	r8, r3
10002e7c:	282a      	cmp	r0, #42	@ 0x2a
10002e7e:	d100      	bne.n	10002e82 <_vsnprintf+0x9e>
10002e80:	e0c1      	b.n	10003006 <_vsnprintf+0x222>
10002e82:	2300      	movs	r3, #0
10002e84:	469a      	mov	sl, r3
10002e86:	282e      	cmp	r0, #46	@ 0x2e
10002e88:	d04b      	beq.n	10002f22 <_vsnprintf+0x13e>
10002e8a:	0003      	movs	r3, r0
10002e8c:	3b68      	subs	r3, #104	@ 0x68
10002e8e:	b2db      	uxtb	r3, r3
10002e90:	2b12      	cmp	r3, #18
10002e92:	d81e      	bhi.n	10002ed2 <_vsnprintf+0xee>
10002e94:	990e      	ldr	r1, [sp, #56]	@ 0x38
10002e96:	009b      	lsls	r3, r3, #2
10002e98:	58cb      	ldr	r3, [r1, r3]
10002e9a:	469f      	mov	pc, r3
10002e9c:	4663      	mov	r3, ip
10002e9e:	000e      	movs	r6, r1
10002ea0:	431a      	orrs	r2, r3
10002ea2:	e7d8      	b.n	10002e56 <_vsnprintf+0x72>
10002ea4:	4643      	mov	r3, r8
10002ea6:	000e      	movs	r6, r1
10002ea8:	431a      	orrs	r2, r3
10002eaa:	e7d4      	b.n	10002e56 <_vsnprintf+0x72>
10002eac:	464b      	mov	r3, r9
10002eae:	000e      	movs	r6, r1
10002eb0:	431a      	orrs	r2, r3
10002eb2:	e7d0      	b.n	10002e56 <_vsnprintf+0x72>
10002eb4:	2310      	movs	r3, #16
10002eb6:	000e      	movs	r6, r1
10002eb8:	431a      	orrs	r2, r3
10002eba:	e7cc      	b.n	10002e56 <_vsnprintf+0x72>
10002ebc:	4653      	mov	r3, sl
10002ebe:	000e      	movs	r6, r1
10002ec0:	431a      	orrs	r2, r3
10002ec2:	e7c8      	b.n	10002e56 <_vsnprintf+0x72>
10002ec4:	2380      	movs	r3, #128	@ 0x80
10002ec6:	005b      	lsls	r3, r3, #1
10002ec8:	431a      	orrs	r2, r3
10002eca:	3bff      	subs	r3, #255	@ 0xff
10002ecc:	469c      	mov	ip, r3
10002ece:	7870      	ldrb	r0, [r6, #1]
10002ed0:	44e1      	add	r9, ip
10002ed2:	464e      	mov	r6, r9
10002ed4:	2867      	cmp	r0, #103	@ 0x67
10002ed6:	d84f      	bhi.n	10002f78 <_vsnprintf+0x194>
10002ed8:	2824      	cmp	r0, #36	@ 0x24
10002eda:	d9a4      	bls.n	10002e26 <_vsnprintf+0x42>
10002edc:	0003      	movs	r3, r0
10002ede:	3b25      	subs	r3, #37	@ 0x25
10002ee0:	b2db      	uxtb	r3, r3
10002ee2:	2b42      	cmp	r3, #66	@ 0x42
10002ee4:	d89f      	bhi.n	10002e26 <_vsnprintf+0x42>
10002ee6:	4996      	ldr	r1, [pc, #600]	@ (10003140 <_vsnprintf+0x35c>)
10002ee8:	009b      	lsls	r3, r3, #2
10002eea:	58cb      	ldr	r3, [r1, r3]
10002eec:	469f      	mov	pc, r3
10002eee:	2300      	movs	r3, #0
10002ef0:	4694      	mov	ip, r2
10002ef2:	001e      	movs	r6, r3
10002ef4:	e000      	b.n	10002ef8 <_vsnprintf+0x114>
10002ef6:	3101      	adds	r1, #1
10002ef8:	00b3      	lsls	r3, r6, #2
10002efa:	199b      	adds	r3, r3, r6
10002efc:	005b      	lsls	r3, r3, #1
10002efe:	181e      	adds	r6, r3, r0
10002f00:	7808      	ldrb	r0, [r1, #0]
10002f02:	3e30      	subs	r6, #48	@ 0x30
10002f04:	0003      	movs	r3, r0
10002f06:	3b30      	subs	r3, #48	@ 0x30
10002f08:	2b09      	cmp	r3, #9
10002f0a:	d9f4      	bls.n	10002ef6 <_vsnprintf+0x112>
10002f0c:	2301      	movs	r3, #1
10002f0e:	4662      	mov	r2, ip
10002f10:	4689      	mov	r9, r1
10002f12:	469c      	mov	ip, r3
10002f14:	2300      	movs	r3, #0
10002f16:	46b0      	mov	r8, r6
10002f18:	469a      	mov	sl, r3
10002f1a:	000e      	movs	r6, r1
10002f1c:	44e1      	add	r9, ip
10002f1e:	282e      	cmp	r0, #46	@ 0x2e
10002f20:	d1b3      	bne.n	10002e8a <_vsnprintf+0xa6>
10002f22:	2130      	movs	r1, #48	@ 0x30
10002f24:	2080      	movs	r0, #128	@ 0x80
10002f26:	4249      	negs	r1, r1
10002f28:	468c      	mov	ip, r1
10002f2a:	00c0      	lsls	r0, r0, #3
10002f2c:	4302      	orrs	r2, r0
10002f2e:	7870      	ldrb	r0, [r6, #1]
10002f30:	464b      	mov	r3, r9
10002f32:	4484      	add	ip, r0
10002f34:	4661      	mov	r1, ip
10002f36:	2909      	cmp	r1, #9
10002f38:	d800      	bhi.n	10002f3c <_vsnprintf+0x158>
10002f3a:	e16c      	b.n	10003216 <_vsnprintf+0x432>
10002f3c:	282a      	cmp	r0, #42	@ 0x2a
10002f3e:	d100      	bne.n	10002f42 <_vsnprintf+0x15e>
10002f40:	e17a      	b.n	10003238 <_vsnprintf+0x454>
10002f42:	2301      	movs	r3, #1
10002f44:	469c      	mov	ip, r3
10002f46:	464e      	mov	r6, r9
10002f48:	44e1      	add	r9, ip
10002f4a:	e79e      	b.n	10002e8a <_vsnprintf+0xa6>
10002f4c:	46a1      	mov	r9, r4
10002f4e:	46a8      	mov	r8, r5
10002f50:	46ba      	mov	sl, r7
10002f52:	45ca      	cmp	sl, r9
10002f54:	d803      	bhi.n	10002f5e <_vsnprintf+0x17a>
10002f56:	2301      	movs	r3, #1
10002f58:	425b      	negs	r3, r3
10002f5a:	4453      	add	r3, sl
10002f5c:	4699      	mov	r9, r3
10002f5e:	4653      	mov	r3, sl
10002f60:	464a      	mov	r2, r9
10002f62:	4659      	mov	r1, fp
10002f64:	2000      	movs	r0, #0
10002f66:	47c0      	blx	r8
10002f68:	0020      	movs	r0, r4
10002f6a:	b025      	add	sp, #148	@ 0x94
10002f6c:	bcf0      	pop	{r4, r5, r6, r7}
10002f6e:	46bb      	mov	fp, r7
10002f70:	46b2      	mov	sl, r6
10002f72:	46a9      	mov	r9, r5
10002f74:	46a0      	mov	r8, r4
10002f76:	bdf0      	pop	{r4, r5, r6, r7, pc}
10002f78:	0003      	movs	r3, r0
10002f7a:	3b69      	subs	r3, #105	@ 0x69
10002f7c:	b2db      	uxtb	r3, r3
10002f7e:	930d      	str	r3, [sp, #52]	@ 0x34
10002f80:	2b0f      	cmp	r3, #15
10002f82:	d900      	bls.n	10002f86 <_vsnprintf+0x1a2>
10002f84:	e74f      	b.n	10002e26 <_vsnprintf+0x42>
10002f86:	2101      	movs	r1, #1
10002f88:	4099      	lsls	r1, r3
10002f8a:	468c      	mov	ip, r1
10002f8c:	496d      	ldr	r1, [pc, #436]	@ (10003144 <_vsnprintf+0x360>)
10002f8e:	4689      	mov	r9, r1
10002f90:	4661      	mov	r1, ip
10002f92:	464b      	mov	r3, r9
10002f94:	4019      	ands	r1, r3
10002f96:	910f      	str	r1, [sp, #60]	@ 0x3c
10002f98:	4663      	mov	r3, ip
10002f9a:	4649      	mov	r1, r9
10002f9c:	420b      	tst	r3, r1
10002f9e:	d000      	beq.n	10002fa2 <_vsnprintf+0x1be>
10002fa0:	e128      	b.n	100031f4 <_vsnprintf+0x410>
10002fa2:	9b0d      	ldr	r3, [sp, #52]	@ 0x34
10002fa4:	2b0a      	cmp	r3, #10
10002fa6:	d03a      	beq.n	1000301e <_vsnprintf+0x23a>
10002fa8:	2b07      	cmp	r3, #7
10002faa:	d000      	beq.n	10002fae <_vsnprintf+0x1ca>
10002fac:	e73b      	b.n	10002e26 <_vsnprintf+0x42>
10002fae:	9b0c      	ldr	r3, [sp, #48]	@ 0x30
10002fb0:	0019      	movs	r1, r3
10002fb2:	c908      	ldmia	r1!, {r3}
10002fb4:	4688      	mov	r8, r1
10002fb6:	2b00      	cmp	r3, #0
10002fb8:	d100      	bne.n	10002fbc <_vsnprintf+0x1d8>
10002fba:	e14b      	b.n	10003254 <_vsnprintf+0x470>
10002fbc:	2021      	movs	r0, #33	@ 0x21
10002fbe:	4302      	orrs	r2, r0
10002fc0:	4691      	mov	r9, r2
10002fc2:	a914      	add	r1, sp, #80	@ 0x50
10002fc4:	468c      	mov	ip, r1
10002fc6:	221f      	movs	r2, #31
10002fc8:	210f      	movs	r1, #15
10002fca:	4462      	add	r2, ip
10002fcc:	468c      	mov	ip, r1
10002fce:	4651      	mov	r1, sl
10002fd0:	950d      	str	r5, [sp, #52]	@ 0x34
10002fd2:	910c      	str	r1, [sp, #48]	@ 0x30
10002fd4:	46a2      	mov	sl, r4
10002fd6:	0015      	movs	r5, r2
10002fd8:	990f      	ldr	r1, [sp, #60]	@ 0x3c
10002fda:	e002      	b.n	10002fe2 <_vsnprintf+0x1fe>
10002fdc:	2920      	cmp	r1, #32
10002fde:	d00c      	beq.n	10002ffa <_vsnprintf+0x216>
10002fe0:	0013      	movs	r3, r2
10002fe2:	4664      	mov	r4, ip
10002fe4:	401c      	ands	r4, r3
10002fe6:	0020      	movs	r0, r4
10002fe8:	3037      	adds	r0, #55	@ 0x37
10002fea:	2c09      	cmp	r4, #9
10002fec:	d800      	bhi.n	10002ff0 <_vsnprintf+0x20c>
10002fee:	3807      	subs	r0, #7
10002ff0:	3101      	adds	r1, #1
10002ff2:	5468      	strb	r0, [r5, r1]
10002ff4:	091a      	lsrs	r2, r3, #4
10002ff6:	2b0f      	cmp	r3, #15
10002ff8:	d8f0      	bhi.n	10002fdc <_vsnprintf+0x1f8>
10002ffa:	9b0c      	ldr	r3, [sp, #48]	@ 0x30
10002ffc:	4654      	mov	r4, sl
10002ffe:	9d0d      	ldr	r5, [sp, #52]	@ 0x34
10003000:	469a      	mov	sl, r3
10003002:	910f      	str	r1, [sp, #60]	@ 0x3c
10003004:	e133      	b.n	1000326e <_vsnprintf+0x48a>
10003006:	9b0c      	ldr	r3, [sp, #48]	@ 0x30
10003008:	cb02      	ldmia	r3!, {r1}
1000300a:	4688      	mov	r8, r1
1000300c:	2900      	cmp	r1, #0
1000300e:	db47      	blt.n	100030a0 <_vsnprintf+0x2bc>
10003010:	930c      	str	r3, [sp, #48]	@ 0x30
10003012:	2301      	movs	r3, #1
10003014:	469c      	mov	ip, r3
10003016:	7870      	ldrb	r0, [r6, #1]
10003018:	464e      	mov	r6, r9
1000301a:	44e1      	add	r9, ip
1000301c:	e731      	b.n	10002e82 <_vsnprintf+0x9e>
1000301e:	9b0c      	ldr	r3, [sp, #48]	@ 0x30
10003020:	cb02      	ldmia	r3!, {r1}
10003022:	9314      	str	r3, [sp, #80]	@ 0x50
10003024:	4653      	mov	r3, sl
10003026:	2b00      	cmp	r3, #0
10003028:	d100      	bne.n	1000302c <_vsnprintf+0x248>
1000302a:	e138      	b.n	1000329e <_vsnprintf+0x4ba>
1000302c:	469c      	mov	ip, r3
1000302e:	7808      	ldrb	r0, [r1, #0]
10003030:	000b      	movs	r3, r1
10003032:	900c      	str	r0, [sp, #48]	@ 0x30
10003034:	448c      	add	ip, r1
10003036:	2800      	cmp	r0, #0
10003038:	d101      	bne.n	1000303e <_vsnprintf+0x25a>
1000303a:	f000 fc98 	bl	1000396e <_vsnprintf+0xb8a>
1000303e:	4689      	mov	r9, r1
10003040:	4661      	mov	r1, ip
10003042:	4694      	mov	ip, r2
10003044:	e003      	b.n	1000304e <_vsnprintf+0x26a>
10003046:	785a      	ldrb	r2, [r3, #1]
10003048:	3301      	adds	r3, #1
1000304a:	2a00      	cmp	r2, #0
1000304c:	d001      	beq.n	10003052 <_vsnprintf+0x26e>
1000304e:	428b      	cmp	r3, r1
10003050:	d1f9      	bne.n	10003046 <_vsnprintf+0x262>
10003052:	4649      	mov	r1, r9
10003054:	4662      	mov	r2, ip
10003056:	1a5b      	subs	r3, r3, r1
10003058:	900c      	str	r0, [sp, #48]	@ 0x30
1000305a:	930f      	str	r3, [sp, #60]	@ 0x3c
1000305c:	0553      	lsls	r3, r2, #21
1000305e:	d500      	bpl.n	10003062 <_vsnprintf+0x27e>
10003060:	e120      	b.n	100032a4 <_vsnprintf+0x4c0>
10003062:	2302      	movs	r3, #2
10003064:	0018      	movs	r0, r3
10003066:	4010      	ands	r0, r2
10003068:	900d      	str	r0, [sp, #52]	@ 0x34
1000306a:	4213      	tst	r3, r2
1000306c:	d100      	bne.n	10003070 <_vsnprintf+0x28c>
1000306e:	e3cb      	b.n	10003808 <_vsnprintf+0xa24>
10003070:	930d      	str	r3, [sp, #52]	@ 0x34
10003072:	1b0b      	subs	r3, r1, r4
10003074:	46b1      	mov	r9, r6
10003076:	469a      	mov	sl, r3
10003078:	465e      	mov	r6, fp
1000307a:	980c      	ldr	r0, [sp, #48]	@ 0x30
1000307c:	0022      	movs	r2, r4
1000307e:	003b      	movs	r3, r7
10003080:	0031      	movs	r1, r6
10003082:	47a8      	blx	r5
10003084:	4653      	mov	r3, sl
10003086:	3401      	adds	r4, #1
10003088:	5d18      	ldrb	r0, [r3, r4]
1000308a:	2800      	cmp	r0, #0
1000308c:	d1f6      	bne.n	1000307c <_vsnprintf+0x298>
1000308e:	46b3      	mov	fp, r6
10003090:	464e      	mov	r6, r9
10003092:	9b0d      	ldr	r3, [sp, #52]	@ 0x34
10003094:	2b00      	cmp	r3, #0
10003096:	d000      	beq.n	1000309a <_vsnprintf+0x2b6>
10003098:	e1c7      	b.n	1000342a <_vsnprintf+0x646>
1000309a:	9b14      	ldr	r3, [sp, #80]	@ 0x50
1000309c:	930c      	str	r3, [sp, #48]	@ 0x30
1000309e:	e6c9      	b.n	10002e34 <_vsnprintf+0x50>
100030a0:	930c      	str	r3, [sp, #48]	@ 0x30
100030a2:	2301      	movs	r3, #1
100030a4:	469c      	mov	ip, r3
100030a6:	3828      	subs	r0, #40	@ 0x28
100030a8:	4249      	negs	r1, r1
100030aa:	4302      	orrs	r2, r0
100030ac:	4688      	mov	r8, r1
100030ae:	7870      	ldrb	r0, [r6, #1]
100030b0:	464e      	mov	r6, r9
100030b2:	44e1      	add	r9, ip
100030b4:	e6e5      	b.n	10002e82 <_vsnprintf+0x9e>
100030b6:	7870      	ldrb	r0, [r6, #1]
100030b8:	286c      	cmp	r0, #108	@ 0x6c
100030ba:	d100      	bne.n	100030be <_vsnprintf+0x2da>
100030bc:	e17f      	b.n	100033be <_vsnprintf+0x5da>
100030be:	2380      	movs	r3, #128	@ 0x80
100030c0:	005b      	lsls	r3, r3, #1
100030c2:	431a      	orrs	r2, r3
100030c4:	3bff      	subs	r3, #255	@ 0xff
100030c6:	469c      	mov	ip, r3
100030c8:	44e1      	add	r9, ip
100030ca:	e702      	b.n	10002ed2 <_vsnprintf+0xee>
100030cc:	2380      	movs	r3, #128	@ 0x80
100030ce:	009b      	lsls	r3, r3, #2
100030d0:	431a      	orrs	r2, r3
100030d2:	2301      	movs	r3, #1
100030d4:	469c      	mov	ip, r3
100030d6:	7870      	ldrb	r0, [r6, #1]
100030d8:	44e1      	add	r9, ip
100030da:	e6fa      	b.n	10002ed2 <_vsnprintf+0xee>
100030dc:	7870      	ldrb	r0, [r6, #1]
100030de:	2868      	cmp	r0, #104	@ 0x68
100030e0:	d100      	bne.n	100030e4 <_vsnprintf+0x300>
100030e2:	e173      	b.n	100033cc <_vsnprintf+0x5e8>
100030e4:	2380      	movs	r3, #128	@ 0x80
100030e6:	431a      	orrs	r2, r3
100030e8:	3b7f      	subs	r3, #127	@ 0x7f
100030ea:	469c      	mov	ip, r3
100030ec:	44e1      	add	r9, ip
100030ee:	e6f0      	b.n	10002ed2 <_vsnprintf+0xee>
100030f0:	2867      	cmp	r0, #103	@ 0x67
100030f2:	d100      	bne.n	100030f6 <_vsnprintf+0x312>
100030f4:	e103      	b.n	100032fe <_vsnprintf+0x51a>
100030f6:	2847      	cmp	r0, #71	@ 0x47
100030f8:	d100      	bne.n	100030fc <_vsnprintf+0x318>
100030fa:	e15a      	b.n	100033b2 <_vsnprintf+0x5ce>
100030fc:	2845      	cmp	r0, #69	@ 0x45
100030fe:	d100      	bne.n	10003102 <_vsnprintf+0x31e>
10003100:	e15a      	b.n	100033b8 <_vsnprintf+0x5d4>
10003102:	9204      	str	r2, [sp, #16]
10003104:	2107      	movs	r1, #7
10003106:	4642      	mov	r2, r8
10003108:	9b0c      	ldr	r3, [sp, #48]	@ 0x30
1000310a:	9203      	str	r2, [sp, #12]
1000310c:	3307      	adds	r3, #7
1000310e:	4652      	mov	r2, sl
10003110:	438b      	bics	r3, r1
10003112:	0019      	movs	r1, r3
10003114:	9202      	str	r2, [sp, #8]
10003116:	c90c      	ldmia	r1!, {r2, r3}
10003118:	0028      	movs	r0, r5
1000311a:	9200      	str	r2, [sp, #0]
1000311c:	9301      	str	r3, [sp, #4]
1000311e:	910c      	str	r1, [sp, #48]	@ 0x30
10003120:	0022      	movs	r2, r4
10003122:	003b      	movs	r3, r7
10003124:	4659      	mov	r1, fp
10003126:	f7ff fb9f 	bl	10002868 <_etoa>
1000312a:	0004      	movs	r4, r0
1000312c:	e682      	b.n	10002e34 <_vsnprintf+0x50>
1000312e:	46c0      	nop			@ (mov r8, r8)
10003130:	10002de5 	.word	0x10002de5
10003134:	20001f9c 	.word	0x20001f9c
10003138:	10009d1c 	.word	0x10009d1c
1000313c:	10009d60 	.word	0x10009d60
10003140:	10009dac 	.word	0x10009dac
10003144:	00009041 	.word	0x00009041
10003148:	2846      	cmp	r0, #70	@ 0x46
1000314a:	d100      	bne.n	1000314e <_vsnprintf+0x36a>
1000314c:	e0db      	b.n	10003306 <_vsnprintf+0x522>
1000314e:	9204      	str	r2, [sp, #16]
10003150:	2107      	movs	r1, #7
10003152:	4642      	mov	r2, r8
10003154:	9b0c      	ldr	r3, [sp, #48]	@ 0x30
10003156:	9203      	str	r2, [sp, #12]
10003158:	3307      	adds	r3, #7
1000315a:	4652      	mov	r2, sl
1000315c:	438b      	bics	r3, r1
1000315e:	0019      	movs	r1, r3
10003160:	9202      	str	r2, [sp, #8]
10003162:	c90c      	ldmia	r1!, {r2, r3}
10003164:	0028      	movs	r0, r5
10003166:	9200      	str	r2, [sp, #0]
10003168:	9301      	str	r3, [sp, #4]
1000316a:	910c      	str	r1, [sp, #48]	@ 0x30
1000316c:	0022      	movs	r2, r4
1000316e:	003b      	movs	r3, r7
10003170:	4659      	mov	r1, fp
10003172:	f7ff f925 	bl	100023c0 <_ftoa>
10003176:	0004      	movs	r4, r0
10003178:	e65c      	b.n	10002e34 <_vsnprintf+0x50>
1000317a:	1c63      	adds	r3, r4, #1
1000317c:	4698      	mov	r8, r3
1000317e:	0022      	movs	r2, r4
10003180:	003b      	movs	r3, r7
10003182:	4659      	mov	r1, fp
10003184:	2025      	movs	r0, #37	@ 0x25
10003186:	47a8      	blx	r5
10003188:	4644      	mov	r4, r8
1000318a:	e653      	b.n	10002e34 <_vsnprintf+0x50>
1000318c:	9b0c      	ldr	r3, [sp, #48]	@ 0x30
1000318e:	3304      	adds	r3, #4
10003190:	930d      	str	r3, [sp, #52]	@ 0x34
10003192:	1c63      	adds	r3, r4, #1
10003194:	4699      	mov	r9, r3
10003196:	0792      	lsls	r2, r2, #30
10003198:	d400      	bmi.n	1000319c <_vsnprintf+0x3b8>
1000319a:	e122      	b.n	100033e2 <_vsnprintf+0x5fe>
1000319c:	9b0c      	ldr	r3, [sp, #48]	@ 0x30
1000319e:	0022      	movs	r2, r4
100031a0:	7818      	ldrb	r0, [r3, #0]
100031a2:	4659      	mov	r1, fp
100031a4:	003b      	movs	r3, r7
100031a6:	47a8      	blx	r5
100031a8:	4643      	mov	r3, r8
100031aa:	4444      	add	r4, r8
100031ac:	2b01      	cmp	r3, #1
100031ae:	d800      	bhi.n	100031b2 <_vsnprintf+0x3ce>
100031b0:	e285      	b.n	100036be <_vsnprintf+0x8da>
100031b2:	0033      	movs	r3, r6
100031b4:	46b8      	mov	r8, r7
100031b6:	002e      	movs	r6, r5
100031b8:	465f      	mov	r7, fp
100031ba:	0025      	movs	r5, r4
100031bc:	464c      	mov	r4, r9
100031be:	4699      	mov	r9, r3
100031c0:	0022      	movs	r2, r4
100031c2:	4643      	mov	r3, r8
100031c4:	3401      	adds	r4, #1
100031c6:	0039      	movs	r1, r7
100031c8:	2020      	movs	r0, #32
100031ca:	47b0      	blx	r6
100031cc:	42ac      	cmp	r4, r5
100031ce:	d1f7      	bne.n	100031c0 <_vsnprintf+0x3dc>
100031d0:	002c      	movs	r4, r5
100031d2:	46bb      	mov	fp, r7
100031d4:	0035      	movs	r5, r6
100031d6:	4647      	mov	r7, r8
100031d8:	464e      	mov	r6, r9
100031da:	9b0d      	ldr	r3, [sp, #52]	@ 0x34
100031dc:	930c      	str	r3, [sp, #48]	@ 0x30
100031de:	e629      	b.n	10002e34 <_vsnprintf+0x50>
100031e0:	4bdb      	ldr	r3, [pc, #876]	@ (10003550 <_vsnprintf+0x76c>)
100031e2:	7830      	ldrb	r0, [r6, #0]
100031e4:	4698      	mov	r8, r3
100031e6:	2300      	movs	r3, #0
100031e8:	4699      	mov	r9, r3
100031ea:	2800      	cmp	r0, #0
100031ec:	d000      	beq.n	100031f0 <_vsnprintf+0x40c>
100031ee:	e612      	b.n	10002e16 <_vsnprintf+0x32>
100031f0:	2400      	movs	r4, #0
100031f2:	e6ae      	b.n	10002f52 <_vsnprintf+0x16e>
100031f4:	286f      	cmp	r0, #111	@ 0x6f
100031f6:	d100      	bne.n	100031fa <_vsnprintf+0x416>
100031f8:	e088      	b.n	1000330c <_vsnprintf+0x528>
100031fa:	d800      	bhi.n	100031fe <_vsnprintf+0x41a>
100031fc:	e30b      	b.n	10003816 <_vsnprintf+0xa32>
100031fe:	2310      	movs	r3, #16
10003200:	2878      	cmp	r0, #120	@ 0x78
10003202:	d100      	bne.n	10003206 <_vsnprintf+0x422>
10003204:	e0cf      	b.n	100033a6 <_vsnprintf+0x5c2>
10003206:	439a      	bics	r2, r3
10003208:	230a      	movs	r3, #10
1000320a:	469c      	mov	ip, r3
1000320c:	2300      	movs	r3, #0
1000320e:	930f      	str	r3, [sp, #60]	@ 0x3c
10003210:	330a      	adds	r3, #10
10003212:	930d      	str	r3, [sp, #52]	@ 0x34
10003214:	e080      	b.n	10003318 <_vsnprintf+0x534>
10003216:	4656      	mov	r6, sl
10003218:	00b1      	lsls	r1, r6, #2
1000321a:	1989      	adds	r1, r1, r6
1000321c:	0049      	lsls	r1, r1, #1
1000321e:	3301      	adds	r3, #1
10003220:	180e      	adds	r6, r1, r0
10003222:	7818      	ldrb	r0, [r3, #0]
10003224:	3e30      	subs	r6, #48	@ 0x30
10003226:	0001      	movs	r1, r0
10003228:	3930      	subs	r1, #48	@ 0x30
1000322a:	2909      	cmp	r1, #9
1000322c:	d9f4      	bls.n	10003218 <_vsnprintf+0x434>
1000322e:	46b2      	mov	sl, r6
10003230:	001e      	movs	r6, r3
10003232:	3301      	adds	r3, #1
10003234:	4699      	mov	r9, r3
10003236:	e628      	b.n	10002e8a <_vsnprintf+0xa6>
10003238:	9b0c      	ldr	r3, [sp, #48]	@ 0x30
1000323a:	3602      	adds	r6, #2
1000323c:	cb02      	ldmia	r3!, {r1}
1000323e:	468a      	mov	sl, r1
10003240:	43c9      	mvns	r1, r1
10003242:	4650      	mov	r0, sl
10003244:	17c9      	asrs	r1, r1, #31
10003246:	4008      	ands	r0, r1
10003248:	4682      	mov	sl, r0
1000324a:	930c      	str	r3, [sp, #48]	@ 0x30
1000324c:	7830      	ldrb	r0, [r6, #0]
1000324e:	1c73      	adds	r3, r6, #1
10003250:	4699      	mov	r9, r3
10003252:	e61a      	b.n	10002e8a <_vsnprintf+0xa6>
10003254:	2310      	movs	r3, #16
10003256:	0010      	movs	r0, r2
10003258:	4398      	bics	r0, r3
1000325a:	3311      	adds	r3, #17
1000325c:	4318      	orrs	r0, r3
1000325e:	4681      	mov	r9, r0
10003260:	2080      	movs	r0, #128	@ 0x80
10003262:	0013      	movs	r3, r2
10003264:	00c0      	lsls	r0, r0, #3
10003266:	4003      	ands	r3, r0
10003268:	4202      	tst	r2, r0
1000326a:	d100      	bne.n	1000326e <_vsnprintf+0x48a>
1000326c:	e6a9      	b.n	10002fc2 <_vsnprintf+0x1de>
1000326e:	464b      	mov	r3, r9
10003270:	9306      	str	r3, [sp, #24]
10003272:	2308      	movs	r3, #8
10003274:	9305      	str	r3, [sp, #20]
10003276:	4653      	mov	r3, sl
10003278:	9304      	str	r3, [sp, #16]
1000327a:	2310      	movs	r3, #16
1000327c:	9303      	str	r3, [sp, #12]
1000327e:	2300      	movs	r3, #0
10003280:	9302      	str	r3, [sp, #8]
10003282:	9b0f      	ldr	r3, [sp, #60]	@ 0x3c
10003284:	0022      	movs	r2, r4
10003286:	9301      	str	r3, [sp, #4]
10003288:	ab1c      	add	r3, sp, #112	@ 0x70
1000328a:	9300      	str	r3, [sp, #0]
1000328c:	4659      	mov	r1, fp
1000328e:	003b      	movs	r3, r7
10003290:	0028      	movs	r0, r5
10003292:	f7fe ff9f 	bl	100021d4 <_ntoa_format>
10003296:	4643      	mov	r3, r8
10003298:	0004      	movs	r4, r0
1000329a:	930c      	str	r3, [sp, #48]	@ 0x30
1000329c:	e5ca      	b.n	10002e34 <_vsnprintf+0x50>
1000329e:	2301      	movs	r3, #1
100032a0:	425b      	negs	r3, r3
100032a2:	e6c3      	b.n	1000302c <_vsnprintf+0x248>
100032a4:	9b0f      	ldr	r3, [sp, #60]	@ 0x3c
100032a6:	4553      	cmp	r3, sl
100032a8:	d901      	bls.n	100032ae <_vsnprintf+0x4ca>
100032aa:	4653      	mov	r3, sl
100032ac:	930f      	str	r3, [sp, #60]	@ 0x3c
100032ae:	2302      	movs	r3, #2
100032b0:	0018      	movs	r0, r3
100032b2:	4010      	ands	r0, r2
100032b4:	900d      	str	r0, [sp, #52]	@ 0x34
100032b6:	4213      	tst	r3, r2
100032b8:	d100      	bne.n	100032bc <_vsnprintf+0x4d8>
100032ba:	e1b7      	b.n	1000362c <_vsnprintf+0x848>
100032bc:	930d      	str	r3, [sp, #52]	@ 0x34
100032be:	46d1      	mov	r9, sl
100032c0:	1b0b      	subs	r3, r1, r4
100032c2:	469a      	mov	sl, r3
100032c4:	0033      	movs	r3, r6
100032c6:	44a1      	add	r9, r4
100032c8:	002e      	movs	r6, r5
100032ca:	0022      	movs	r2, r4
100032cc:	464d      	mov	r5, r9
100032ce:	980c      	ldr	r0, [sp, #48]	@ 0x30
100032d0:	46b9      	mov	r9, r7
100032d2:	465f      	mov	r7, fp
100032d4:	469b      	mov	fp, r3
100032d6:	e008      	b.n	100032ea <_vsnprintf+0x506>
100032d8:	464b      	mov	r3, r9
100032da:	0039      	movs	r1, r7
100032dc:	1c54      	adds	r4, r2, #1
100032de:	47b0      	blx	r6
100032e0:	4653      	mov	r3, sl
100032e2:	5d18      	ldrb	r0, [r3, r4]
100032e4:	2800      	cmp	r0, #0
100032e6:	d077      	beq.n	100033d8 <_vsnprintf+0x5f4>
100032e8:	0022      	movs	r2, r4
100032ea:	4295      	cmp	r5, r2
100032ec:	d1f4      	bne.n	100032d8 <_vsnprintf+0x4f4>
100032ee:	465b      	mov	r3, fp
100032f0:	46bb      	mov	fp, r7
100032f2:	464f      	mov	r7, r9
100032f4:	46a9      	mov	r9, r5
100032f6:	0035      	movs	r5, r6
100032f8:	464c      	mov	r4, r9
100032fa:	001e      	movs	r6, r3
100032fc:	e6c9      	b.n	10003092 <_vsnprintf+0x2ae>
100032fe:	2380      	movs	r3, #128	@ 0x80
10003300:	011b      	lsls	r3, r3, #4
10003302:	431a      	orrs	r2, r3
10003304:	e6fd      	b.n	10003102 <_vsnprintf+0x31e>
10003306:	2320      	movs	r3, #32
10003308:	431a      	orrs	r2, r3
1000330a:	e720      	b.n	1000314e <_vsnprintf+0x36a>
1000330c:	2308      	movs	r3, #8
1000330e:	469c      	mov	ip, r3
10003310:	2300      	movs	r3, #0
10003312:	930f      	str	r3, [sp, #60]	@ 0x3c
10003314:	3308      	adds	r3, #8
10003316:	930d      	str	r3, [sp, #52]	@ 0x34
10003318:	2380      	movs	r3, #128	@ 0x80
1000331a:	0011      	movs	r1, r2
1000331c:	00db      	lsls	r3, r3, #3
1000331e:	4019      	ands	r1, r3
10003320:	421a      	tst	r2, r3
10003322:	d100      	bne.n	10003326 <_vsnprintf+0x542>
10003324:	e116      	b.n	10003554 <_vsnprintf+0x770>
10003326:	230d      	movs	r3, #13
10003328:	439a      	bics	r2, r3
1000332a:	0010      	movs	r0, r2
1000332c:	2380      	movs	r3, #128	@ 0x80
1000332e:	0002      	movs	r2, r0
10003330:	009b      	lsls	r3, r3, #2
10003332:	401a      	ands	r2, r3
10003334:	9214      	str	r2, [sp, #80]	@ 0x50
10003336:	4218      	tst	r0, r3
10003338:	d000      	beq.n	1000333c <_vsnprintf+0x558>
1000333a:	e1c2      	b.n	100036c2 <_vsnprintf+0x8de>
1000333c:	2380      	movs	r3, #128	@ 0x80
1000333e:	0002      	movs	r2, r0
10003340:	005b      	lsls	r3, r3, #1
10003342:	401a      	ands	r2, r3
10003344:	4691      	mov	r9, r2
10003346:	9a0c      	ldr	r2, [sp, #48]	@ 0x30
10003348:	3204      	adds	r2, #4
1000334a:	920f      	str	r2, [sp, #60]	@ 0x3c
1000334c:	4218      	tst	r0, r3
1000334e:	d000      	beq.n	10003352 <_vsnprintf+0x56e>
10003350:	e2b7      	b.n	100038c2 <_vsnprintf+0xade>
10003352:	0643      	lsls	r3, r0, #25
10003354:	d500      	bpl.n	10003358 <_vsnprintf+0x574>
10003356:	e19f      	b.n	10003698 <_vsnprintf+0x8b4>
10003358:	0603      	lsls	r3, r0, #24
1000335a:	d400      	bmi.n	1000335e <_vsnprintf+0x57a>
1000335c:	e319      	b.n	10003992 <_vsnprintf+0xbae>
1000335e:	9b0c      	ldr	r3, [sp, #48]	@ 0x30
10003360:	881b      	ldrh	r3, [r3, #0]
10003362:	9309      	str	r3, [sp, #36]	@ 0x24
10003364:	2b00      	cmp	r3, #0
10003366:	d000      	beq.n	1000336a <_vsnprintf+0x586>
10003368:	e1fc      	b.n	10003764 <_vsnprintf+0x980>
1000336a:	3310      	adds	r3, #16
1000336c:	4398      	bics	r0, r3
1000336e:	2900      	cmp	r1, #0
10003370:	d100      	bne.n	10003374 <_vsnprintf+0x590>
10003372:	e1f7      	b.n	10003764 <_vsnprintf+0x980>
10003374:	2300      	movs	r3, #0
10003376:	4699      	mov	r9, r3
10003378:	4643      	mov	r3, r8
1000337a:	9305      	str	r3, [sp, #20]
1000337c:	4653      	mov	r3, sl
1000337e:	9304      	str	r3, [sp, #16]
10003380:	9b0d      	ldr	r3, [sp, #52]	@ 0x34
10003382:	9006      	str	r0, [sp, #24]
10003384:	9303      	str	r3, [sp, #12]
10003386:	2300      	movs	r3, #0
10003388:	e0d2      	b.n	10003530 <_vsnprintf+0x74c>
1000338a:	2858      	cmp	r0, #88	@ 0x58
1000338c:	d008      	beq.n	100033a0 <_vsnprintf+0x5bc>
1000338e:	2862      	cmp	r0, #98	@ 0x62
10003390:	d167      	bne.n	10003462 <_vsnprintf+0x67e>
10003392:	2302      	movs	r3, #2
10003394:	469c      	mov	ip, r3
10003396:	2300      	movs	r3, #0
10003398:	930f      	str	r3, [sp, #60]	@ 0x3c
1000339a:	3302      	adds	r3, #2
1000339c:	930d      	str	r3, [sp, #52]	@ 0x34
1000339e:	e7bb      	b.n	10003318 <_vsnprintf+0x534>
100033a0:	2320      	movs	r3, #32
100033a2:	431a      	orrs	r2, r3
100033a4:	3b10      	subs	r3, #16
100033a6:	469c      	mov	ip, r3
100033a8:	2300      	movs	r3, #0
100033aa:	930f      	str	r3, [sp, #60]	@ 0x3c
100033ac:	3310      	adds	r3, #16
100033ae:	930d      	str	r3, [sp, #52]	@ 0x34
100033b0:	e7b2      	b.n	10003318 <_vsnprintf+0x534>
100033b2:	2380      	movs	r3, #128	@ 0x80
100033b4:	011b      	lsls	r3, r3, #4
100033b6:	431a      	orrs	r2, r3
100033b8:	2320      	movs	r3, #32
100033ba:	431a      	orrs	r2, r3
100033bc:	e6a1      	b.n	10003102 <_vsnprintf+0x31e>
100033be:	23c0      	movs	r3, #192	@ 0xc0
100033c0:	009b      	lsls	r3, r3, #2
100033c2:	431a      	orrs	r2, r3
100033c4:	1cf3      	adds	r3, r6, #3
100033c6:	4699      	mov	r9, r3
100033c8:	78b0      	ldrb	r0, [r6, #2]
100033ca:	e582      	b.n	10002ed2 <_vsnprintf+0xee>
100033cc:	23c0      	movs	r3, #192	@ 0xc0
100033ce:	431a      	orrs	r2, r3
100033d0:	1cf3      	adds	r3, r6, #3
100033d2:	4699      	mov	r9, r3
100033d4:	78b0      	ldrb	r0, [r6, #2]
100033d6:	e57c      	b.n	10002ed2 <_vsnprintf+0xee>
100033d8:	0035      	movs	r5, r6
100033da:	465e      	mov	r6, fp
100033dc:	46bb      	mov	fp, r7
100033de:	464f      	mov	r7, r9
100033e0:	e657      	b.n	10003092 <_vsnprintf+0x2ae>
100033e2:	4643      	mov	r3, r8
100033e4:	2b01      	cmp	r3, #1
100033e6:	d800      	bhi.n	100033ea <_vsnprintf+0x606>
100033e8:	e163      	b.n	100036b2 <_vsnprintf+0x8ce>
100033ea:	1e63      	subs	r3, r4, #1
100033ec:	4443      	add	r3, r8
100033ee:	469a      	mov	sl, r3
100033f0:	0033      	movs	r3, r6
100033f2:	46b9      	mov	r9, r7
100033f4:	002e      	movs	r6, r5
100033f6:	465f      	mov	r7, fp
100033f8:	4655      	mov	r5, sl
100033fa:	469b      	mov	fp, r3
100033fc:	46a2      	mov	sl, r4
100033fe:	0022      	movs	r2, r4
10003400:	464b      	mov	r3, r9
10003402:	3401      	adds	r4, #1
10003404:	0039      	movs	r1, r7
10003406:	2020      	movs	r0, #32
10003408:	47b0      	blx	r6
1000340a:	42ac      	cmp	r4, r5
1000340c:	d1f7      	bne.n	100033fe <_vsnprintf+0x61a>
1000340e:	0035      	movs	r5, r6
10003410:	465e      	mov	r6, fp
10003412:	46bb      	mov	fp, r7
10003414:	464f      	mov	r7, r9
10003416:	46a1      	mov	r9, r4
10003418:	4654      	mov	r4, sl
1000341a:	9b0c      	ldr	r3, [sp, #48]	@ 0x30
1000341c:	464a      	mov	r2, r9
1000341e:	7818      	ldrb	r0, [r3, #0]
10003420:	4659      	mov	r1, fp
10003422:	003b      	movs	r3, r7
10003424:	4444      	add	r4, r8
10003426:	47a8      	blx	r5
10003428:	e6d7      	b.n	100031da <_vsnprintf+0x3f6>
1000342a:	46a1      	mov	r9, r4
1000342c:	9b0f      	ldr	r3, [sp, #60]	@ 0x3c
1000342e:	4598      	cmp	r8, r3
10003430:	d800      	bhi.n	10003434 <_vsnprintf+0x650>
10003432:	e632      	b.n	1000309a <_vsnprintf+0x2b6>
10003434:	4444      	add	r4, r8
10003436:	1ae4      	subs	r4, r4, r3
10003438:	0033      	movs	r3, r6
1000343a:	46b8      	mov	r8, r7
1000343c:	002e      	movs	r6, r5
1000343e:	465f      	mov	r7, fp
10003440:	0025      	movs	r5, r4
10003442:	464c      	mov	r4, r9
10003444:	4699      	mov	r9, r3
10003446:	0022      	movs	r2, r4
10003448:	4643      	mov	r3, r8
1000344a:	3401      	adds	r4, #1
1000344c:	0039      	movs	r1, r7
1000344e:	2020      	movs	r0, #32
10003450:	47b0      	blx	r6
10003452:	42ac      	cmp	r4, r5
10003454:	d1f7      	bne.n	10003446 <_vsnprintf+0x662>
10003456:	002c      	movs	r4, r5
10003458:	46bb      	mov	fp, r7
1000345a:	0035      	movs	r5, r6
1000345c:	4647      	mov	r7, r8
1000345e:	464e      	mov	r6, r9
10003460:	e61b      	b.n	1000309a <_vsnprintf+0x2b6>
10003462:	2380      	movs	r3, #128	@ 0x80
10003464:	0010      	movs	r0, r2
10003466:	00db      	lsls	r3, r3, #3
10003468:	4018      	ands	r0, r3
1000346a:	421a      	tst	r2, r3
1000346c:	d100      	bne.n	10003470 <_vsnprintf+0x68c>
1000346e:	e10f      	b.n	10003690 <_vsnprintf+0x8ac>
10003470:	2111      	movs	r1, #17
10003472:	0018      	movs	r0, r3
10003474:	438a      	bics	r2, r1
10003476:	920d      	str	r2, [sp, #52]	@ 0x34
10003478:	9a0d      	ldr	r2, [sp, #52]	@ 0x34
1000347a:	2380      	movs	r3, #128	@ 0x80
1000347c:	0011      	movs	r1, r2
1000347e:	009b      	lsls	r3, r3, #2
10003480:	4019      	ands	r1, r3
10003482:	468c      	mov	ip, r1
10003484:	421a      	tst	r2, r3
10003486:	d169      	bne.n	1000355c <_vsnprintf+0x778>
10003488:	2380      	movs	r3, #128	@ 0x80
1000348a:	0011      	movs	r1, r2
1000348c:	005b      	lsls	r3, r3, #1
1000348e:	4019      	ands	r1, r3
10003490:	4689      	mov	r9, r1
10003492:	990c      	ldr	r1, [sp, #48]	@ 0x30
10003494:	3104      	adds	r1, #4
10003496:	910f      	str	r1, [sp, #60]	@ 0x3c
10003498:	421a      	tst	r2, r3
1000349a:	d000      	beq.n	1000349e <_vsnprintf+0x6ba>
1000349c:	e1ca      	b.n	10003834 <_vsnprintf+0xa50>
1000349e:	0013      	movs	r3, r2
100034a0:	065b      	lsls	r3, r3, #25
100034a2:	d500      	bpl.n	100034a6 <_vsnprintf+0x6c2>
100034a4:	e0f0      	b.n	10003688 <_vsnprintf+0x8a4>
100034a6:	0013      	movs	r3, r2
100034a8:	061b      	lsls	r3, r3, #24
100034aa:	d400      	bmi.n	100034ae <_vsnprintf+0x6ca>
100034ac:	e259      	b.n	10003962 <_vsnprintf+0xb7e>
100034ae:	9b0c      	ldr	r3, [sp, #48]	@ 0x30
100034b0:	2200      	movs	r2, #0
100034b2:	5e9b      	ldrsh	r3, [r3, r2]
100034b4:	17d9      	asrs	r1, r3, #31
100034b6:	185a      	adds	r2, r3, r1
100034b8:	404a      	eors	r2, r1
100034ba:	b292      	uxth	r2, r2
100034bc:	0fd9      	lsrs	r1, r3, #31
100034be:	910c      	str	r1, [sp, #48]	@ 0x30
100034c0:	2b00      	cmp	r3, #0
100034c2:	d100      	bne.n	100034c6 <_vsnprintf+0x6e2>
100034c4:	e1f9      	b.n	100038ba <_vsnprintf+0xad6>
100034c6:	0010      	movs	r0, r2
100034c8:	aa14      	add	r2, sp, #80	@ 0x50
100034ca:	4694      	mov	ip, r2
100034cc:	4642      	mov	r2, r8
100034ce:	231f      	movs	r3, #31
100034d0:	9214      	str	r2, [sp, #80]	@ 0x50
100034d2:	4652      	mov	r2, sl
100034d4:	4463      	add	r3, ip
100034d6:	46a8      	mov	r8, r5
100034d8:	9416      	str	r4, [sp, #88]	@ 0x58
100034da:	464d      	mov	r5, r9
100034dc:	0004      	movs	r4, r0
100034de:	46b9      	mov	r9, r7
100034e0:	46b2      	mov	sl, r6
100034e2:	001f      	movs	r7, r3
100034e4:	9215      	str	r2, [sp, #84]	@ 0x54
100034e6:	e001      	b.n	100034ec <_vsnprintf+0x708>
100034e8:	2d20      	cmp	r5, #32
100034ea:	d00f      	beq.n	1000350c <_vsnprintf+0x728>
100034ec:	0020      	movs	r0, r4
100034ee:	210a      	movs	r1, #10
100034f0:	f7fe fa3c 	bl	1000196c <__wrap___aeabi_uidiv>
100034f4:	3501      	adds	r5, #1
100034f6:	197e      	adds	r6, r7, r5
100034f8:	3130      	adds	r1, #48	@ 0x30
100034fa:	7031      	strb	r1, [r6, #0]
100034fc:	0020      	movs	r0, r4
100034fe:	210a      	movs	r1, #10
10003500:	f7fe fa34 	bl	1000196c <__wrap___aeabi_uidiv>
10003504:	0026      	movs	r6, r4
10003506:	0004      	movs	r4, r0
10003508:	2e09      	cmp	r6, #9
1000350a:	d8ed      	bhi.n	100034e8 <_vsnprintf+0x704>
1000350c:	9b14      	ldr	r3, [sp, #80]	@ 0x50
1000350e:	464f      	mov	r7, r9
10003510:	46a9      	mov	r9, r5
10003512:	4645      	mov	r5, r8
10003514:	4698      	mov	r8, r3
10003516:	9b15      	ldr	r3, [sp, #84]	@ 0x54
10003518:	4656      	mov	r6, sl
1000351a:	469a      	mov	sl, r3
1000351c:	9c16      	ldr	r4, [sp, #88]	@ 0x58
1000351e:	9b0d      	ldr	r3, [sp, #52]	@ 0x34
10003520:	9306      	str	r3, [sp, #24]
10003522:	4643      	mov	r3, r8
10003524:	9305      	str	r3, [sp, #20]
10003526:	4653      	mov	r3, sl
10003528:	9304      	str	r3, [sp, #16]
1000352a:	230a      	movs	r3, #10
1000352c:	9303      	str	r3, [sp, #12]
1000352e:	9b0c      	ldr	r3, [sp, #48]	@ 0x30
10003530:	9302      	str	r3, [sp, #8]
10003532:	464b      	mov	r3, r9
10003534:	9301      	str	r3, [sp, #4]
10003536:	ab1c      	add	r3, sp, #112	@ 0x70
10003538:	0022      	movs	r2, r4
1000353a:	9300      	str	r3, [sp, #0]
1000353c:	4659      	mov	r1, fp
1000353e:	003b      	movs	r3, r7
10003540:	0028      	movs	r0, r5
10003542:	f7fe fe47 	bl	100021d4 <_ntoa_format>
10003546:	9b0f      	ldr	r3, [sp, #60]	@ 0x3c
10003548:	0004      	movs	r4, r0
1000354a:	930c      	str	r3, [sp, #48]	@ 0x30
1000354c:	e472      	b.n	10002e34 <_vsnprintf+0x50>
1000354e:	46c0      	nop			@ (mov r8, r8)
10003550:	10002125 	.word	0x10002125
10003554:	230c      	movs	r3, #12
10003556:	439a      	bics	r2, r3
10003558:	0010      	movs	r0, r2
1000355a:	e6e7      	b.n	1000332c <_vsnprintf+0x548>
1000355c:	2207      	movs	r2, #7
1000355e:	9b0c      	ldr	r3, [sp, #48]	@ 0x30
10003560:	3307      	adds	r3, #7
10003562:	4393      	bics	r3, r2
10003564:	3201      	adds	r2, #1
10003566:	4694      	mov	ip, r2
10003568:	449c      	add	ip, r3
1000356a:	4662      	mov	r2, ip
1000356c:	920c      	str	r2, [sp, #48]	@ 0x30
1000356e:	cb0c      	ldmia	r3, {r2, r3}
10003570:	0fd9      	lsrs	r1, r3, #31
10003572:	910f      	str	r1, [sp, #60]	@ 0x3c
10003574:	0011      	movs	r1, r2
10003576:	4319      	orrs	r1, r3
10003578:	d100      	bne.n	1000357c <_vsnprintf+0x798>
1000357a:	e091      	b.n	100036a0 <_vsnprintf+0x8bc>
1000357c:	17d9      	asrs	r1, r3, #31
1000357e:	9113      	str	r1, [sp, #76]	@ 0x4c
10003580:	9112      	str	r1, [sp, #72]	@ 0x48
10003582:	4051      	eors	r1, r2
10003584:	9110      	str	r1, [sp, #64]	@ 0x40
10003586:	9913      	ldr	r1, [sp, #76]	@ 0x4c
10003588:	4059      	eors	r1, r3
1000358a:	9111      	str	r1, [sp, #68]	@ 0x44
1000358c:	9810      	ldr	r0, [sp, #64]	@ 0x40
1000358e:	9911      	ldr	r1, [sp, #68]	@ 0x44
10003590:	9a12      	ldr	r2, [sp, #72]	@ 0x48
10003592:	9b13      	ldr	r3, [sp, #76]	@ 0x4c
10003594:	1a80      	subs	r0, r0, r2
10003596:	4199      	sbcs	r1, r3
10003598:	9010      	str	r0, [sp, #64]	@ 0x40
1000359a:	9111      	str	r1, [sp, #68]	@ 0x44
1000359c:	aa14      	add	r2, sp, #80	@ 0x50
1000359e:	2300      	movs	r3, #0
100035a0:	4694      	mov	ip, r2
100035a2:	4642      	mov	r2, r8
100035a4:	4699      	mov	r9, r3
100035a6:	9214      	str	r2, [sp, #80]	@ 0x50
100035a8:	4652      	mov	r2, sl
100035aa:	331f      	adds	r3, #31
100035ac:	4463      	add	r3, ip
100035ae:	46a8      	mov	r8, r5
100035b0:	46b2      	mov	sl, r6
100035b2:	9416      	str	r4, [sp, #88]	@ 0x58
100035b4:	464e      	mov	r6, r9
100035b6:	9c10      	ldr	r4, [sp, #64]	@ 0x40
100035b8:	9d11      	ldr	r5, [sp, #68]	@ 0x44
100035ba:	46b9      	mov	r9, r7
100035bc:	9215      	str	r2, [sp, #84]	@ 0x54
100035be:	001f      	movs	r7, r3
100035c0:	e001      	b.n	100035c6 <_vsnprintf+0x7e2>
100035c2:	2e20      	cmp	r6, #32
100035c4:	d010      	beq.n	100035e8 <_vsnprintf+0x804>
100035c6:	0020      	movs	r0, r4
100035c8:	0029      	movs	r1, r5
100035ca:	220a      	movs	r2, #10
100035cc:	2300      	movs	r3, #0
100035ce:	f7fe fa0b 	bl	100019e8 <__wrap___aeabi_uldivmod>
100035d2:	3601      	adds	r6, #1
100035d4:	3230      	adds	r2, #48	@ 0x30
100035d6:	002b      	movs	r3, r5
100035d8:	55ba      	strb	r2, [r7, r6]
100035da:	000d      	movs	r5, r1
100035dc:	0022      	movs	r2, r4
100035de:	0004      	movs	r4, r0
100035e0:	2b00      	cmp	r3, #0
100035e2:	d1ee      	bne.n	100035c2 <_vsnprintf+0x7de>
100035e4:	2a09      	cmp	r2, #9
100035e6:	d8ec      	bhi.n	100035c2 <_vsnprintf+0x7de>
100035e8:	9b14      	ldr	r3, [sp, #80]	@ 0x50
100035ea:	9410      	str	r4, [sp, #64]	@ 0x40
100035ec:	9511      	str	r5, [sp, #68]	@ 0x44
100035ee:	4645      	mov	r5, r8
100035f0:	4698      	mov	r8, r3
100035f2:	9b15      	ldr	r3, [sp, #84]	@ 0x54
100035f4:	464f      	mov	r7, r9
100035f6:	46b1      	mov	r9, r6
100035f8:	4656      	mov	r6, sl
100035fa:	469a      	mov	sl, r3
100035fc:	9c16      	ldr	r4, [sp, #88]	@ 0x58
100035fe:	9b0d      	ldr	r3, [sp, #52]	@ 0x34
10003600:	9306      	str	r3, [sp, #24]
10003602:	4643      	mov	r3, r8
10003604:	9305      	str	r3, [sp, #20]
10003606:	4653      	mov	r3, sl
10003608:	9304      	str	r3, [sp, #16]
1000360a:	230a      	movs	r3, #10
1000360c:	9303      	str	r3, [sp, #12]
1000360e:	9b0f      	ldr	r3, [sp, #60]	@ 0x3c
10003610:	9302      	str	r3, [sp, #8]
10003612:	464b      	mov	r3, r9
10003614:	9301      	str	r3, [sp, #4]
10003616:	ab1c      	add	r3, sp, #112	@ 0x70
10003618:	0022      	movs	r2, r4
1000361a:	9300      	str	r3, [sp, #0]
1000361c:	4659      	mov	r1, fp
1000361e:	003b      	movs	r3, r7
10003620:	0028      	movs	r0, r5
10003622:	f7fe fdd7 	bl	100021d4 <_ntoa_format>
10003626:	0004      	movs	r4, r0
10003628:	f7ff fc04 	bl	10002e34 <_vsnprintf+0x50>
1000362c:	9b0f      	ldr	r3, [sp, #60]	@ 0x3c
1000362e:	4598      	cmp	r8, r3
10003630:	d800      	bhi.n	10003634 <_vsnprintf+0x850>
10003632:	e1c1      	b.n	100039b8 <_vsnprintf+0xbd4>
10003634:	2380      	movs	r3, #128	@ 0x80
10003636:	00db      	lsls	r3, r3, #3
10003638:	930d      	str	r3, [sp, #52]	@ 0x34
1000363a:	4643      	mov	r3, r8
1000363c:	9a0f      	ldr	r2, [sp, #60]	@ 0x3c
1000363e:	191b      	adds	r3, r3, r4
10003640:	1a9b      	subs	r3, r3, r2
10003642:	4699      	mov	r9, r3
10003644:	0033      	movs	r3, r6
10003646:	002e      	movs	r6, r5
10003648:	464d      	mov	r5, r9
1000364a:	46b9      	mov	r9, r7
1000364c:	465f      	mov	r7, fp
1000364e:	469b      	mov	fp, r3
10003650:	910c      	str	r1, [sp, #48]	@ 0x30
10003652:	0022      	movs	r2, r4
10003654:	464b      	mov	r3, r9
10003656:	3401      	adds	r4, #1
10003658:	0039      	movs	r1, r7
1000365a:	2020      	movs	r0, #32
1000365c:	47b0      	blx	r6
1000365e:	42ac      	cmp	r4, r5
10003660:	d1f7      	bne.n	10003652 <_vsnprintf+0x86e>
10003662:	4643      	mov	r3, r8
10003664:	990c      	ldr	r1, [sp, #48]	@ 0x30
10003666:	3301      	adds	r3, #1
10003668:	930f      	str	r3, [sp, #60]	@ 0x3c
1000366a:	780b      	ldrb	r3, [r1, #0]
1000366c:	0035      	movs	r5, r6
1000366e:	930c      	str	r3, [sp, #48]	@ 0x30
10003670:	465e      	mov	r6, fp
10003672:	46bb      	mov	fp, r7
10003674:	464f      	mov	r7, r9
10003676:	2b00      	cmp	r3, #0
10003678:	d100      	bne.n	1000367c <_vsnprintf+0x898>
1000367a:	e50e      	b.n	1000309a <_vsnprintf+0x2b6>
1000367c:	9b0d      	ldr	r3, [sp, #52]	@ 0x34
1000367e:	2b00      	cmp	r3, #0
10003680:	d100      	bne.n	10003684 <_vsnprintf+0x8a0>
10003682:	e4f6      	b.n	10003072 <_vsnprintf+0x28e>
10003684:	2300      	movs	r3, #0
10003686:	e619      	b.n	100032bc <_vsnprintf+0x4d8>
10003688:	9b0c      	ldr	r3, [sp, #48]	@ 0x30
1000368a:	781b      	ldrb	r3, [r3, #0]
1000368c:	001a      	movs	r2, r3
1000368e:	e715      	b.n	100034bc <_vsnprintf+0x6d8>
10003690:	2310      	movs	r3, #16
10003692:	439a      	bics	r2, r3
10003694:	920d      	str	r2, [sp, #52]	@ 0x34
10003696:	e6ef      	b.n	10003478 <_vsnprintf+0x694>
10003698:	9b0c      	ldr	r3, [sp, #48]	@ 0x30
1000369a:	781b      	ldrb	r3, [r3, #0]
1000369c:	9309      	str	r3, [sp, #36]	@ 0x24
1000369e:	e661      	b.n	10003364 <_vsnprintf+0x580>
100036a0:	2300      	movs	r3, #0
100036a2:	4699      	mov	r9, r3
100036a4:	2800      	cmp	r0, #0
100036a6:	d1aa      	bne.n	100035fe <_vsnprintf+0x81a>
100036a8:	2200      	movs	r2, #0
100036aa:	2300      	movs	r3, #0
100036ac:	9210      	str	r2, [sp, #64]	@ 0x40
100036ae:	9311      	str	r3, [sp, #68]	@ 0x44
100036b0:	e774      	b.n	1000359c <_vsnprintf+0x7b8>
100036b2:	9b0c      	ldr	r3, [sp, #48]	@ 0x30
100036b4:	0022      	movs	r2, r4
100036b6:	7818      	ldrb	r0, [r3, #0]
100036b8:	4659      	mov	r1, fp
100036ba:	003b      	movs	r3, r7
100036bc:	47a8      	blx	r5
100036be:	464c      	mov	r4, r9
100036c0:	e58b      	b.n	100031da <_vsnprintf+0x3f6>
100036c2:	9a0c      	ldr	r2, [sp, #48]	@ 0x30
100036c4:	3bfa      	subs	r3, #250	@ 0xfa
100036c6:	3bff      	subs	r3, #255	@ 0xff
100036c8:	3207      	adds	r2, #7
100036ca:	439a      	bics	r2, r3
100036cc:	3301      	adds	r3, #1
100036ce:	4699      	mov	r9, r3
100036d0:	4491      	add	r9, r2
100036d2:	464b      	mov	r3, r9
100036d4:	930c      	str	r3, [sp, #48]	@ 0x30
100036d6:	6813      	ldr	r3, [r2, #0]
100036d8:	6852      	ldr	r2, [r2, #4]
100036da:	9215      	str	r2, [sp, #84]	@ 0x54
100036dc:	431a      	orrs	r2, r3
100036de:	d106      	bne.n	100036ee <_vsnprintf+0x90a>
100036e0:	3210      	adds	r2, #16
100036e2:	4390      	bics	r0, r2
100036e4:	2200      	movs	r2, #0
100036e6:	9209      	str	r2, [sp, #36]	@ 0x24
100036e8:	2900      	cmp	r1, #0
100036ea:	d000      	beq.n	100036ee <_vsnprintf+0x90a>
100036ec:	e081      	b.n	100037f2 <_vsnprintf+0xa0e>
100036ee:	2261      	movs	r2, #97	@ 0x61
100036f0:	0681      	lsls	r1, r0, #26
100036f2:	d500      	bpl.n	100036f6 <_vsnprintf+0x912>
100036f4:	2241      	movs	r2, #65	@ 0x41
100036f6:	b2d2      	uxtb	r2, r2
100036f8:	920a      	str	r2, [sp, #40]	@ 0x28
100036fa:	aa14      	add	r2, sp, #80	@ 0x50
100036fc:	4691      	mov	r9, r2
100036fe:	9a0a      	ldr	r2, [sp, #40]	@ 0x28
10003700:	2100      	movs	r1, #0
10003702:	3a0a      	subs	r2, #10
10003704:	9214      	str	r2, [sp, #80]	@ 0x50
10003706:	4642      	mov	r2, r8
10003708:	9217      	str	r2, [sp, #92]	@ 0x5c
1000370a:	4652      	mov	r2, sl
1000370c:	9218      	str	r2, [sp, #96]	@ 0x60
1000370e:	465a      	mov	r2, fp
10003710:	9109      	str	r1, [sp, #36]	@ 0x24
10003712:	46b3      	mov	fp, r6
10003714:	311f      	adds	r1, #31
10003716:	001e      	movs	r6, r3
10003718:	9b0f      	ldr	r3, [sp, #60]	@ 0x3c
1000371a:	4449      	add	r1, r9
1000371c:	46ba      	mov	sl, r7
1000371e:	9419      	str	r4, [sp, #100]	@ 0x64
10003720:	951a      	str	r5, [sp, #104]	@ 0x68
10003722:	2400      	movs	r4, #0
10003724:	4667      	mov	r7, ip
10003726:	4698      	mov	r8, r3
10003728:	4689      	mov	r9, r1
1000372a:	9d15      	ldr	r5, [sp, #84]	@ 0x54
1000372c:	9016      	str	r0, [sp, #88]	@ 0x58
1000372e:	921b      	str	r2, [sp, #108]	@ 0x6c
10003730:	e00a      	b.n	10003748 <_vsnprintf+0x964>
10003732:	3230      	adds	r2, #48	@ 0x30
10003734:	b2d2      	uxtb	r2, r2
10003736:	464b      	mov	r3, r9
10003738:	3401      	adds	r4, #1
1000373a:	551a      	strb	r2, [r3, r4]
1000373c:	45a8      	cmp	r8, r5
1000373e:	d04a      	beq.n	100037d6 <_vsnprintf+0x9f2>
10003740:	2c20      	cmp	r4, #32
10003742:	d04a      	beq.n	100037da <_vsnprintf+0x9f6>
10003744:	0006      	movs	r6, r0
10003746:	000d      	movs	r5, r1
10003748:	003a      	movs	r2, r7
1000374a:	2300      	movs	r3, #0
1000374c:	0030      	movs	r0, r6
1000374e:	0029      	movs	r1, r5
10003750:	f7fe f94a 	bl	100019e8 <__wrap___aeabi_uldivmod>
10003754:	b2d2      	uxtb	r2, r2
10003756:	2a09      	cmp	r2, #9
10003758:	d9eb      	bls.n	10003732 <_vsnprintf+0x94e>
1000375a:	9b14      	ldr	r3, [sp, #80]	@ 0x50
1000375c:	469c      	mov	ip, r3
1000375e:	4462      	add	r2, ip
10003760:	b2d2      	uxtb	r2, r2
10003762:	e7e8      	b.n	10003736 <_vsnprintf+0x952>
10003764:	2361      	movs	r3, #97	@ 0x61
10003766:	0682      	lsls	r2, r0, #26
10003768:	d500      	bpl.n	1000376c <_vsnprintf+0x988>
1000376a:	2341      	movs	r3, #65	@ 0x41
1000376c:	b2db      	uxtb	r3, r3
1000376e:	3b0a      	subs	r3, #10
10003770:	930c      	str	r3, [sp, #48]	@ 0x30
10003772:	4643      	mov	r3, r8
10003774:	a914      	add	r1, sp, #80	@ 0x50
10003776:	221f      	movs	r2, #31
10003778:	468c      	mov	ip, r1
1000377a:	9315      	str	r3, [sp, #84]	@ 0x54
1000377c:	4653      	mov	r3, sl
1000377e:	4462      	add	r2, ip
10003780:	46a0      	mov	r8, r4
10003782:	46b2      	mov	sl, r6
10003784:	464c      	mov	r4, r9
10003786:	9717      	str	r7, [sp, #92]	@ 0x5c
10003788:	46a9      	mov	r9, r5
1000378a:	0017      	movs	r7, r2
1000378c:	9d09      	ldr	r5, [sp, #36]	@ 0x24
1000378e:	9e0d      	ldr	r6, [sp, #52]	@ 0x34
10003790:	9014      	str	r0, [sp, #80]	@ 0x50
10003792:	9316      	str	r3, [sp, #88]	@ 0x58
10003794:	e008      	b.n	100037a8 <_vsnprintf+0x9c4>
10003796:	3330      	adds	r3, #48	@ 0x30
10003798:	b2db      	uxtb	r3, r3
1000379a:	3401      	adds	r4, #1
1000379c:	553b      	strb	r3, [r7, r4]
1000379e:	42b5      	cmp	r5, r6
100037a0:	d30e      	bcc.n	100037c0 <_vsnprintf+0x9dc>
100037a2:	2c20      	cmp	r4, #32
100037a4:	d00c      	beq.n	100037c0 <_vsnprintf+0x9dc>
100037a6:	0005      	movs	r5, r0
100037a8:	0031      	movs	r1, r6
100037aa:	0028      	movs	r0, r5
100037ac:	f7fe f8de 	bl	1000196c <__wrap___aeabi_uidiv>
100037b0:	b2cb      	uxtb	r3, r1
100037b2:	2909      	cmp	r1, #9
100037b4:	d9ef      	bls.n	10003796 <_vsnprintf+0x9b2>
100037b6:	9a0c      	ldr	r2, [sp, #48]	@ 0x30
100037b8:	4694      	mov	ip, r2
100037ba:	4463      	add	r3, ip
100037bc:	b2db      	uxtb	r3, r3
100037be:	e7ec      	b.n	1000379a <_vsnprintf+0x9b6>
100037c0:	9b15      	ldr	r3, [sp, #84]	@ 0x54
100037c2:	464d      	mov	r5, r9
100037c4:	46a1      	mov	r9, r4
100037c6:	4644      	mov	r4, r8
100037c8:	4698      	mov	r8, r3
100037ca:	9b16      	ldr	r3, [sp, #88]	@ 0x58
100037cc:	4656      	mov	r6, sl
100037ce:	9814      	ldr	r0, [sp, #80]	@ 0x50
100037d0:	469a      	mov	sl, r3
100037d2:	9f17      	ldr	r7, [sp, #92]	@ 0x5c
100037d4:	e5d0      	b.n	10003378 <_vsnprintf+0x594>
100037d6:	42b7      	cmp	r7, r6
100037d8:	d9b2      	bls.n	10003740 <_vsnprintf+0x95c>
100037da:	9b17      	ldr	r3, [sp, #92]	@ 0x5c
100037dc:	4657      	mov	r7, sl
100037de:	4698      	mov	r8, r3
100037e0:	9b18      	ldr	r3, [sp, #96]	@ 0x60
100037e2:	465e      	mov	r6, fp
100037e4:	469a      	mov	sl, r3
100037e6:	9b1b      	ldr	r3, [sp, #108]	@ 0x6c
100037e8:	9409      	str	r4, [sp, #36]	@ 0x24
100037ea:	469b      	mov	fp, r3
100037ec:	9816      	ldr	r0, [sp, #88]	@ 0x58
100037ee:	9c19      	ldr	r4, [sp, #100]	@ 0x64
100037f0:	9d1a      	ldr	r5, [sp, #104]	@ 0x68
100037f2:	4643      	mov	r3, r8
100037f4:	9305      	str	r3, [sp, #20]
100037f6:	4653      	mov	r3, sl
100037f8:	9304      	str	r3, [sp, #16]
100037fa:	9b0d      	ldr	r3, [sp, #52]	@ 0x34
100037fc:	9006      	str	r0, [sp, #24]
100037fe:	9303      	str	r3, [sp, #12]
10003800:	2300      	movs	r3, #0
10003802:	9302      	str	r3, [sp, #8]
10003804:	9b09      	ldr	r3, [sp, #36]	@ 0x24
10003806:	e705      	b.n	10003614 <_vsnprintf+0x830>
10003808:	9b0f      	ldr	r3, [sp, #60]	@ 0x3c
1000380a:	4598      	cmp	r8, r3
1000380c:	d900      	bls.n	10003810 <_vsnprintf+0xa2c>
1000380e:	e714      	b.n	1000363a <_vsnprintf+0x856>
10003810:	3301      	adds	r3, #1
10003812:	930f      	str	r3, [sp, #60]	@ 0x3c
10003814:	e42d      	b.n	10003072 <_vsnprintf+0x28e>
10003816:	2310      	movs	r3, #16
10003818:	0011      	movs	r1, r2
1000381a:	4399      	bics	r1, r3
1000381c:	910d      	str	r1, [sp, #52]	@ 0x34
1000381e:	2869      	cmp	r0, #105	@ 0x69
10003820:	d000      	beq.n	10003824 <_vsnprintf+0xa40>
10003822:	e0ba      	b.n	1000399a <_vsnprintf+0xbb6>
10003824:	2380      	movs	r3, #128	@ 0x80
10003826:	0010      	movs	r0, r2
10003828:	00db      	lsls	r3, r3, #3
1000382a:	4018      	ands	r0, r3
1000382c:	421a      	tst	r2, r3
1000382e:	d100      	bne.n	10003832 <_vsnprintf+0xa4e>
10003830:	e622      	b.n	10003478 <_vsnprintf+0x694>
10003832:	e61d      	b.n	10003470 <_vsnprintf+0x68c>
10003834:	9b0c      	ldr	r3, [sp, #48]	@ 0x30
10003836:	681b      	ldr	r3, [r3, #0]
10003838:	0fda      	lsrs	r2, r3, #31
1000383a:	0011      	movs	r1, r2
1000383c:	2b00      	cmp	r3, #0
1000383e:	d100      	bne.n	10003842 <_vsnprintf+0xa5e>
10003840:	e08c      	b.n	1000395c <_vsnprintf+0xb78>
10003842:	17da      	asrs	r2, r3, #31
10003844:	1898      	adds	r0, r3, r2
10003846:	4050      	eors	r0, r2
10003848:	aa14      	add	r2, sp, #80	@ 0x50
1000384a:	4691      	mov	r9, r2
1000384c:	4642      	mov	r2, r8
1000384e:	231f      	movs	r3, #31
10003850:	9214      	str	r2, [sp, #80]	@ 0x50
10003852:	4652      	mov	r2, sl
10003854:	444b      	add	r3, r9
10003856:	46a0      	mov	r8, r4
10003858:	46a9      	mov	r9, r5
1000385a:	9716      	str	r7, [sp, #88]	@ 0x58
1000385c:	0004      	movs	r4, r0
1000385e:	4665      	mov	r5, ip
10003860:	46b2      	mov	sl, r6
10003862:	001f      	movs	r7, r3
10003864:	910c      	str	r1, [sp, #48]	@ 0x30
10003866:	9215      	str	r2, [sp, #84]	@ 0x54
10003868:	e001      	b.n	1000386e <_vsnprintf+0xa8a>
1000386a:	2d20      	cmp	r5, #32
1000386c:	d00f      	beq.n	1000388e <_vsnprintf+0xaaa>
1000386e:	0020      	movs	r0, r4
10003870:	210a      	movs	r1, #10
10003872:	f7fe f87b 	bl	1000196c <__wrap___aeabi_uidiv>
10003876:	3501      	adds	r5, #1
10003878:	197e      	adds	r6, r7, r5
1000387a:	3130      	adds	r1, #48	@ 0x30
1000387c:	7031      	strb	r1, [r6, #0]
1000387e:	0020      	movs	r0, r4
10003880:	210a      	movs	r1, #10
10003882:	f7fe f873 	bl	1000196c <__wrap___aeabi_uidiv>
10003886:	0026      	movs	r6, r4
10003888:	0004      	movs	r4, r0
1000388a:	2e09      	cmp	r6, #9
1000388c:	d8ed      	bhi.n	1000386a <_vsnprintf+0xa86>
1000388e:	9b14      	ldr	r3, [sp, #80]	@ 0x50
10003890:	4644      	mov	r4, r8
10003892:	4698      	mov	r8, r3
10003894:	9b0c      	ldr	r3, [sp, #48]	@ 0x30
10003896:	46ac      	mov	ip, r5
10003898:	0019      	movs	r1, r3
1000389a:	9b15      	ldr	r3, [sp, #84]	@ 0x54
1000389c:	4656      	mov	r6, sl
1000389e:	464d      	mov	r5, r9
100038a0:	469a      	mov	sl, r3
100038a2:	9f16      	ldr	r7, [sp, #88]	@ 0x58
100038a4:	9b0d      	ldr	r3, [sp, #52]	@ 0x34
100038a6:	9102      	str	r1, [sp, #8]
100038a8:	9306      	str	r3, [sp, #24]
100038aa:	4643      	mov	r3, r8
100038ac:	9305      	str	r3, [sp, #20]
100038ae:	4653      	mov	r3, sl
100038b0:	9304      	str	r3, [sp, #16]
100038b2:	230a      	movs	r3, #10
100038b4:	9303      	str	r3, [sp, #12]
100038b6:	4663      	mov	r3, ip
100038b8:	e63c      	b.n	10003534 <_vsnprintf+0x750>
100038ba:	2800      	cmp	r0, #0
100038bc:	d000      	beq.n	100038c0 <_vsnprintf+0xadc>
100038be:	e62e      	b.n	1000351e <_vsnprintf+0x73a>
100038c0:	e602      	b.n	100034c8 <_vsnprintf+0x6e4>
100038c2:	9b0c      	ldr	r3, [sp, #48]	@ 0x30
100038c4:	681b      	ldr	r3, [r3, #0]
100038c6:	4699      	mov	r9, r3
100038c8:	2b00      	cmp	r3, #0
100038ca:	d103      	bne.n	100038d4 <_vsnprintf+0xaf0>
100038cc:	3310      	adds	r3, #16
100038ce:	4398      	bics	r0, r3
100038d0:	2900      	cmp	r1, #0
100038d2:	d138      	bne.n	10003946 <_vsnprintf+0xb62>
100038d4:	2361      	movs	r3, #97	@ 0x61
100038d6:	0682      	lsls	r2, r0, #26
100038d8:	d500      	bpl.n	100038dc <_vsnprintf+0xaf8>
100038da:	2341      	movs	r3, #65	@ 0x41
100038dc:	b2db      	uxtb	r3, r3
100038de:	3b0a      	subs	r3, #10
100038e0:	930c      	str	r3, [sp, #48]	@ 0x30
100038e2:	4643      	mov	r3, r8
100038e4:	9316      	str	r3, [sp, #88]	@ 0x58
100038e6:	4653      	mov	r3, sl
100038e8:	a914      	add	r1, sp, #80	@ 0x50
100038ea:	221f      	movs	r2, #31
100038ec:	468c      	mov	ip, r1
100038ee:	9317      	str	r3, [sp, #92]	@ 0x5c
100038f0:	002b      	movs	r3, r5
100038f2:	4462      	add	r2, ip
100038f4:	46a0      	mov	r8, r4
100038f6:	464d      	mov	r5, r9
100038f8:	46b2      	mov	sl, r6
100038fa:	9718      	str	r7, [sp, #96]	@ 0x60
100038fc:	4699      	mov	r9, r3
100038fe:	0017      	movs	r7, r2
10003900:	9c14      	ldr	r4, [sp, #80]	@ 0x50
10003902:	9e0d      	ldr	r6, [sp, #52]	@ 0x34
10003904:	9015      	str	r0, [sp, #84]	@ 0x54
10003906:	e008      	b.n	1000391a <_vsnprintf+0xb36>
10003908:	3330      	adds	r3, #48	@ 0x30
1000390a:	b2db      	uxtb	r3, r3
1000390c:	3401      	adds	r4, #1
1000390e:	553b      	strb	r3, [r7, r4]
10003910:	42b5      	cmp	r5, r6
10003912:	d30e      	bcc.n	10003932 <_vsnprintf+0xb4e>
10003914:	2c20      	cmp	r4, #32
10003916:	d00c      	beq.n	10003932 <_vsnprintf+0xb4e>
10003918:	0005      	movs	r5, r0
1000391a:	0031      	movs	r1, r6
1000391c:	0028      	movs	r0, r5
1000391e:	f7fe f825 	bl	1000196c <__wrap___aeabi_uidiv>
10003922:	b2cb      	uxtb	r3, r1
10003924:	2909      	cmp	r1, #9
10003926:	d9ef      	bls.n	10003908 <_vsnprintf+0xb24>
10003928:	9a0c      	ldr	r2, [sp, #48]	@ 0x30
1000392a:	4694      	mov	ip, r2
1000392c:	4463      	add	r3, ip
1000392e:	b2db      	uxtb	r3, r3
10003930:	e7ec      	b.n	1000390c <_vsnprintf+0xb28>
10003932:	9b16      	ldr	r3, [sp, #88]	@ 0x58
10003934:	9414      	str	r4, [sp, #80]	@ 0x50
10003936:	4644      	mov	r4, r8
10003938:	4698      	mov	r8, r3
1000393a:	9b17      	ldr	r3, [sp, #92]	@ 0x5c
1000393c:	4656      	mov	r6, sl
1000393e:	464d      	mov	r5, r9
10003940:	469a      	mov	sl, r3
10003942:	9815      	ldr	r0, [sp, #84]	@ 0x54
10003944:	9f18      	ldr	r7, [sp, #96]	@ 0x60
10003946:	4643      	mov	r3, r8
10003948:	9305      	str	r3, [sp, #20]
1000394a:	4653      	mov	r3, sl
1000394c:	9304      	str	r3, [sp, #16]
1000394e:	9b0d      	ldr	r3, [sp, #52]	@ 0x34
10003950:	9006      	str	r0, [sp, #24]
10003952:	9303      	str	r3, [sp, #12]
10003954:	2300      	movs	r3, #0
10003956:	9302      	str	r3, [sp, #8]
10003958:	9b14      	ldr	r3, [sp, #80]	@ 0x50
1000395a:	e5eb      	b.n	10003534 <_vsnprintf+0x750>
1000395c:	2800      	cmp	r0, #0
1000395e:	d1a1      	bne.n	100038a4 <_vsnprintf+0xac0>
10003960:	e772      	b.n	10003848 <_vsnprintf+0xa64>
10003962:	9b0c      	ldr	r3, [sp, #48]	@ 0x30
10003964:	681b      	ldr	r3, [r3, #0]
10003966:	17d9      	asrs	r1, r3, #31
10003968:	185a      	adds	r2, r3, r1
1000396a:	404a      	eors	r2, r1
1000396c:	e5a6      	b.n	100034bc <_vsnprintf+0x6d8>
1000396e:	2380      	movs	r3, #128	@ 0x80
10003970:	0010      	movs	r0, r2
10003972:	00db      	lsls	r3, r3, #3
10003974:	4018      	ands	r0, r3
10003976:	469c      	mov	ip, r3
10003978:	900f      	str	r0, [sp, #60]	@ 0x3c
1000397a:	421a      	tst	r2, r3
1000397c:	d00f      	beq.n	1000399e <_vsnprintf+0xbba>
1000397e:	2002      	movs	r0, #2
10003980:	0003      	movs	r3, r0
10003982:	4013      	ands	r3, r2
10003984:	930f      	str	r3, [sp, #60]	@ 0x3c
10003986:	4210      	tst	r0, r2
10003988:	d019      	beq.n	100039be <_vsnprintf+0xbda>
1000398a:	2300      	movs	r3, #0
1000398c:	46a1      	mov	r9, r4
1000398e:	930f      	str	r3, [sp, #60]	@ 0x3c
10003990:	e54c      	b.n	1000342c <_vsnprintf+0x648>
10003992:	9b0c      	ldr	r3, [sp, #48]	@ 0x30
10003994:	681b      	ldr	r3, [r3, #0]
10003996:	9309      	str	r3, [sp, #36]	@ 0x24
10003998:	e4e4      	b.n	10003364 <_vsnprintf+0x580>
1000399a:	000a      	movs	r2, r1
1000399c:	e434      	b.n	10003208 <_vsnprintf+0x424>
1000399e:	2302      	movs	r3, #2
100039a0:	0018      	movs	r0, r3
100039a2:	4010      	ands	r0, r2
100039a4:	900d      	str	r0, [sp, #52]	@ 0x34
100039a6:	4213      	tst	r3, r2
100039a8:	d000      	beq.n	100039ac <_vsnprintf+0xbc8>
100039aa:	e53e      	b.n	1000342a <_vsnprintf+0x646>
100039ac:	4643      	mov	r3, r8
100039ae:	2b00      	cmp	r3, #0
100039b0:	d000      	beq.n	100039b4 <_vsnprintf+0xbd0>
100039b2:	e642      	b.n	1000363a <_vsnprintf+0x856>
100039b4:	f7ff fb71 	bl	1000309a <_vsnprintf+0x2b6>
100039b8:	3301      	adds	r3, #1
100039ba:	930f      	str	r3, [sp, #60]	@ 0x3c
100039bc:	e47f      	b.n	100032be <_vsnprintf+0x4da>
100039be:	4663      	mov	r3, ip
100039c0:	930d      	str	r3, [sp, #52]	@ 0x34
100039c2:	e7f3      	b.n	100039ac <_vsnprintf+0xbc8>

100039c4 <vfctprintf>:
100039c4:	b510      	push	{r4, lr}
100039c6:	000c      	movs	r4, r1
100039c8:	b084      	sub	sp, #16
100039ca:	9403      	str	r4, [sp, #12]
100039cc:	2401      	movs	r4, #1
100039ce:	a902      	add	r1, sp, #8
100039d0:	9002      	str	r0, [sp, #8]
100039d2:	9300      	str	r3, [sp, #0]
100039d4:	4803      	ldr	r0, [pc, #12]	@ (100039e4 <vfctprintf+0x20>)
100039d6:	0013      	movs	r3, r2
100039d8:	4262      	negs	r2, r4
100039da:	f7ff fa03 	bl	10002de4 <_vsnprintf>
100039de:	b004      	add	sp, #16
100039e0:	bd10      	pop	{r4, pc}
100039e2:	46c0      	nop			@ (mov r8, r8)
100039e4:	100023b1 	.word	0x100023b1

100039e8 <weak_raw_vprintf>:
100039e8:	b510      	push	{r4, lr}
100039ea:	4a09      	ldr	r2, [pc, #36]	@ (10003a10 <weak_raw_vprintf+0x28>)
100039ec:	0003      	movs	r3, r0
100039ee:	6814      	ldr	r4, [r2, #0]
100039f0:	b084      	sub	sp, #16
100039f2:	2c00      	cmp	r4, #0
100039f4:	d008      	beq.n	10003a08 <weak_raw_vprintf+0x20>
100039f6:	2201      	movs	r2, #1
100039f8:	9100      	str	r1, [sp, #0]
100039fa:	4806      	ldr	r0, [pc, #24]	@ (10003a14 <weak_raw_vprintf+0x2c>)
100039fc:	4252      	negs	r2, r2
100039fe:	a903      	add	r1, sp, #12
10003a00:	47a0      	blx	r4
10003a02:	2001      	movs	r0, #1
10003a04:	b004      	add	sp, #16
10003a06:	bd10      	pop	{r4, pc}
10003a08:	f000 f99c 	bl	10003d44 <__wrap_puts>
10003a0c:	2000      	movs	r0, #0
10003a0e:	e7f9      	b.n	10003a04 <weak_raw_vprintf+0x1c>
10003a10:	20001f9c 	.word	0x20001f9c
10003a14:	100023a1 	.word	0x100023a1

10003a18 <_exit>:
10003a18:	2100      	movs	r1, #0
10003a1a:	2000      	movs	r0, #0
10003a1c:	b510      	push	{r4, lr}
10003a1e:	f7fd fe1d 	bl	1000165c <rom_reset_usb_boot>
10003a22:	46c0      	nop			@ (mov r8, r8)

10003a24 <exit>:
10003a24:	b510      	push	{r4, lr}
10003a26:	f7ff fff7 	bl	10003a18 <_exit>
10003a2a:	46c0      	nop			@ (mov r8, r8)

10003a2c <runtime_init>:
10003a2c:	b570      	push	{r4, r5, r6, lr}
10003a2e:	f7fd fe51 	bl	100016d4 <runtime_run_initializers>
10003a32:	4d07      	ldr	r5, [pc, #28]	@ (10003a50 <runtime_init+0x24>)
10003a34:	4e07      	ldr	r6, [pc, #28]	@ (10003a54 <runtime_init+0x28>)
10003a36:	42b5      	cmp	r5, r6
10003a38:	d209      	bcs.n	10003a4e <runtime_init+0x22>
10003a3a:	2400      	movs	r4, #0
10003a3c:	3e01      	subs	r6, #1
10003a3e:	1b76      	subs	r6, r6, r5
10003a40:	08b6      	lsrs	r6, r6, #2
10003a42:	cd08      	ldmia	r5!, {r3}
10003a44:	4798      	blx	r3
10003a46:	0023      	movs	r3, r4
10003a48:	3401      	adds	r4, #1
10003a4a:	42b3      	cmp	r3, r6
10003a4c:	d1f9      	bne.n	10003a42 <runtime_init+0x16>
10003a4e:	bd70      	pop	{r4, r5, r6, pc}
10003a50:	10009aa4 	.word	0x10009aa4
10003a54:	10009ab0 	.word	0x10009ab0

10003a58 <stdio_out_chars_no_crlf>:
10003a58:	0003      	movs	r3, r0
10003a5a:	b510      	push	{r4, lr}
10003a5c:	0008      	movs	r0, r1
10003a5e:	0011      	movs	r1, r2
10003a60:	681b      	ldr	r3, [r3, #0]
10003a62:	4798      	blx	r3
10003a64:	bd10      	pop	{r4, pc}
10003a66:	46c0      	nop			@ (mov r8, r8)

10003a68 <stdio_out_chars_crlf>:
10003a68:	b5f0      	push	{r4, r5, r6, r7, lr}
10003a6a:	46c6      	mov	lr, r8
10003a6c:	b500      	push	{lr}
10003a6e:	7d43      	ldrb	r3, [r0, #21]
10003a70:	0007      	movs	r7, r0
10003a72:	000c      	movs	r4, r1
10003a74:	0016      	movs	r6, r2
10003a76:	2b00      	cmp	r3, #0
10003a78:	d046      	beq.n	10003b08 <stdio_out_chars_crlf+0xa0>
10003a7a:	2a00      	cmp	r2, #0
10003a7c:	dd17      	ble.n	10003aae <stdio_out_chars_crlf+0x46>
10003a7e:	780b      	ldrb	r3, [r1, #0]
10003a80:	2b0a      	cmp	r3, #10
10003a82:	d024      	beq.n	10003ace <stdio_out_chars_crlf+0x66>
10003a84:	2300      	movs	r3, #0
10003a86:	4698      	mov	r8, r3
10003a88:	2e01      	cmp	r6, #1
10003a8a:	d013      	beq.n	10003ab4 <stdio_out_chars_crlf+0x4c>
10003a8c:	2501      	movs	r5, #1
10003a8e:	0029      	movs	r1, r5
10003a90:	5c63      	ldrb	r3, [r4, r1]
10003a92:	3501      	adds	r5, #1
10003a94:	2b0a      	cmp	r3, #10
10003a96:	d026      	beq.n	10003ae6 <stdio_out_chars_crlf+0x7e>
10003a98:	42b5      	cmp	r5, r6
10003a9a:	d1f8      	bne.n	10003a8e <stdio_out_chars_crlf+0x26>
10003a9c:	4546      	cmp	r6, r8
10003a9e:	dc09      	bgt.n	10003ab4 <stdio_out_chars_crlf+0x4c>
10003aa0:	19a4      	adds	r4, r4, r6
10003aa2:	3c01      	subs	r4, #1
10003aa4:	7823      	ldrb	r3, [r4, #0]
10003aa6:	3b0d      	subs	r3, #13
10003aa8:	425a      	negs	r2, r3
10003aaa:	4153      	adcs	r3, r2
10003aac:	753b      	strb	r3, [r7, #20]
10003aae:	bc80      	pop	{r7}
10003ab0:	46b8      	mov	r8, r7
10003ab2:	bdf0      	pop	{r4, r5, r6, r7, pc}
10003ab4:	4643      	mov	r3, r8
10003ab6:	18e0      	adds	r0, r4, r3
10003ab8:	19a4      	adds	r4, r4, r6
10003aba:	1af1      	subs	r1, r6, r3
10003abc:	3c01      	subs	r4, #1
10003abe:	683b      	ldr	r3, [r7, #0]
10003ac0:	4798      	blx	r3
10003ac2:	7823      	ldrb	r3, [r4, #0]
10003ac4:	3b0d      	subs	r3, #13
10003ac6:	425a      	negs	r2, r3
10003ac8:	4153      	adcs	r3, r2
10003aca:	753b      	strb	r3, [r7, #20]
10003acc:	e7ef      	b.n	10003aae <stdio_out_chars_crlf+0x46>
10003ace:	7d03      	ldrb	r3, [r0, #20]
10003ad0:	2b00      	cmp	r3, #0
10003ad2:	d1d7      	bne.n	10003a84 <stdio_out_chars_crlf+0x1c>
10003ad4:	2102      	movs	r1, #2
10003ad6:	480f      	ldr	r0, [pc, #60]	@ (10003b14 <stdio_out_chars_crlf+0xac>)
10003ad8:	683b      	ldr	r3, [r7, #0]
10003ada:	4798      	blx	r3
10003adc:	2e01      	cmp	r6, #1
10003ade:	d0df      	beq.n	10003aa0 <stdio_out_chars_crlf+0x38>
10003ae0:	2301      	movs	r3, #1
10003ae2:	4698      	mov	r8, r3
10003ae4:	e7d2      	b.n	10003a8c <stdio_out_chars_crlf+0x24>
10003ae6:	1e63      	subs	r3, r4, #1
10003ae8:	5c5b      	ldrb	r3, [r3, r1]
10003aea:	2b0d      	cmp	r3, #13
10003aec:	d0d4      	beq.n	10003a98 <stdio_out_chars_crlf+0x30>
10003aee:	4588      	cmp	r8, r1
10003af0:	da04      	bge.n	10003afc <stdio_out_chars_crlf+0x94>
10003af2:	4643      	mov	r3, r8
10003af4:	1ac9      	subs	r1, r1, r3
10003af6:	18e0      	adds	r0, r4, r3
10003af8:	683b      	ldr	r3, [r7, #0]
10003afa:	4798      	blx	r3
10003afc:	2102      	movs	r1, #2
10003afe:	4805      	ldr	r0, [pc, #20]	@ (10003b14 <stdio_out_chars_crlf+0xac>)
10003b00:	683b      	ldr	r3, [r7, #0]
10003b02:	46a8      	mov	r8, r5
10003b04:	4798      	blx	r3
10003b06:	e7c7      	b.n	10003a98 <stdio_out_chars_crlf+0x30>
10003b08:	6803      	ldr	r3, [r0, #0]
10003b0a:	0011      	movs	r1, r2
10003b0c:	0020      	movs	r0, r4
10003b0e:	4798      	blx	r3
10003b10:	e7cd      	b.n	10003aae <stdio_out_chars_crlf+0x46>
10003b12:	46c0      	nop			@ (mov r8, r8)
10003b14:	10009f08 	.word	0x10009f08

10003b18 <stdio_buffered_printer>:
10003b18:	b5f0      	push	{r4, r5, r6, r7, lr}
10003b1a:	46c6      	mov	lr, r8
10003b1c:	680b      	ldr	r3, [r1, #0]
10003b1e:	0006      	movs	r6, r0
10003b20:	000c      	movs	r4, r1
10003b22:	b500      	push	{lr}
10003b24:	2b80      	cmp	r3, #128	@ 0x80
10003b26:	d006      	beq.n	10003b36 <stdio_buffered_printer+0x1e>
10003b28:	1c5a      	adds	r2, r3, #1
10003b2a:	6022      	str	r2, [r4, #0]
10003b2c:	18e4      	adds	r4, r4, r3
10003b2e:	7126      	strb	r6, [r4, #4]
10003b30:	bc80      	pop	{r7}
10003b32:	46b8      	mov	r8, r7
10003b34:	bdf0      	pop	{r4, r5, r6, r7, pc}
10003b36:	4b0f      	ldr	r3, [pc, #60]	@ (10003b74 <stdio_buffered_printer+0x5c>)
10003b38:	681d      	ldr	r5, [r3, #0]
10003b3a:	2d00      	cmp	r5, #0
10003b3c:	d016      	beq.n	10003b6c <stdio_buffered_printer+0x54>
10003b3e:	1d0b      	adds	r3, r1, #4
10003b40:	4698      	mov	r8, r3
10003b42:	4f0d      	ldr	r7, [pc, #52]	@ (10003b78 <stdio_buffered_printer+0x60>)
10003b44:	e002      	b.n	10003b4c <stdio_buffered_printer+0x34>
10003b46:	692d      	ldr	r5, [r5, #16]
10003b48:	2d00      	cmp	r5, #0
10003b4a:	d00f      	beq.n	10003b6c <stdio_buffered_printer+0x54>
10003b4c:	682b      	ldr	r3, [r5, #0]
10003b4e:	2b00      	cmp	r3, #0
10003b50:	d0f9      	beq.n	10003b46 <stdio_buffered_printer+0x2e>
10003b52:	683b      	ldr	r3, [r7, #0]
10003b54:	2b00      	cmp	r3, #0
10003b56:	d001      	beq.n	10003b5c <stdio_buffered_printer+0x44>
10003b58:	42ab      	cmp	r3, r5
10003b5a:	d1f4      	bne.n	10003b46 <stdio_buffered_printer+0x2e>
10003b5c:	0028      	movs	r0, r5
10003b5e:	4641      	mov	r1, r8
10003b60:	6822      	ldr	r2, [r4, #0]
10003b62:	f7ff ff81 	bl	10003a68 <stdio_out_chars_crlf>
10003b66:	692d      	ldr	r5, [r5, #16]
10003b68:	2d00      	cmp	r5, #0
10003b6a:	d1ef      	bne.n	10003b4c <stdio_buffered_printer+0x34>
10003b6c:	2201      	movs	r2, #1
10003b6e:	2300      	movs	r3, #0
10003b70:	e7db      	b.n	10003b2a <stdio_buffered_printer+0x12>
10003b72:	46c0      	nop			@ (mov r8, r8)
10003b74:	20001b90 	.word	0x20001b90
10003b78:	20001b98 	.word	0x20001b98

10003b7c <stdio_put_string>:
10003b7c:	b5f0      	push	{r4, r5, r6, r7, lr}
10003b7e:	4645      	mov	r5, r8
10003b80:	46de      	mov	lr, fp
10003b82:	464e      	mov	r6, r9
10003b84:	4657      	mov	r7, sl
10003b86:	b5e0      	push	{r5, r6, r7, lr}
10003b88:	b083      	sub	sp, #12
10003b8a:	4691      	mov	r9, r2
10003b8c:	001c      	movs	r4, r3
10003b8e:	4680      	mov	r8, r0
10003b90:	000d      	movs	r5, r1
10003b92:	f7fd fb7b 	bl	1000128c <time_us_64>
10003b96:	2300      	movs	r3, #0
10003b98:	4a30      	ldr	r2, [pc, #192]	@ (10003c5c <stdio_put_string+0xe0>)
10003b9a:	1812      	adds	r2, r2, r0
10003b9c:	414b      	adcs	r3, r1
10003b9e:	2b00      	cmp	r3, #0
10003ba0:	da02      	bge.n	10003ba8 <stdio_put_string+0x2c>
10003ba2:	2201      	movs	r2, #1
10003ba4:	4b2e      	ldr	r3, [pc, #184]	@ (10003c60 <stdio_put_string+0xe4>)
10003ba6:	4252      	negs	r2, r2
10003ba8:	492e      	ldr	r1, [pc, #184]	@ (10003c64 <stdio_put_string+0xe8>)
10003baa:	0008      	movs	r0, r1
10003bac:	468a      	mov	sl, r1
10003bae:	f005 ff3b 	bl	10009a28 <__mutex_try_enter_block_until_veneer>
10003bb2:	0007      	movs	r7, r0
10003bb4:	1c6b      	adds	r3, r5, #1
10003bb6:	d103      	bne.n	10003bc0 <stdio_put_string+0x44>
10003bb8:	4640      	mov	r0, r8
10003bba:	f005 fec5 	bl	10009948 <strlen>
10003bbe:	0005      	movs	r5, r0
10003bc0:	2c00      	cmp	r4, #0
10003bc2:	d027      	beq.n	10003c14 <stdio_put_string+0x98>
10003bc4:	4e28      	ldr	r6, [pc, #160]	@ (10003c68 <stdio_put_string+0xec>)
10003bc6:	4b29      	ldr	r3, [pc, #164]	@ (10003c6c <stdio_put_string+0xf0>)
10003bc8:	681c      	ldr	r4, [r3, #0]
10003bca:	2c00      	cmp	r4, #0
10003bcc:	d018      	beq.n	10003c00 <stdio_put_string+0x84>
10003bce:	464b      	mov	r3, r9
10003bd0:	2b00      	cmp	r3, #0
10003bd2:	d121      	bne.n	10003c18 <stdio_put_string+0x9c>
10003bd4:	4b26      	ldr	r3, [pc, #152]	@ (10003c70 <stdio_put_string+0xf4>)
10003bd6:	4699      	mov	r9, r3
10003bd8:	e002      	b.n	10003be0 <stdio_put_string+0x64>
10003bda:	6924      	ldr	r4, [r4, #16]
10003bdc:	2c00      	cmp	r4, #0
10003bde:	d00f      	beq.n	10003c00 <stdio_put_string+0x84>
10003be0:	6823      	ldr	r3, [r4, #0]
10003be2:	2b00      	cmp	r3, #0
10003be4:	d0f9      	beq.n	10003bda <stdio_put_string+0x5e>
10003be6:	464b      	mov	r3, r9
10003be8:	681b      	ldr	r3, [r3, #0]
10003bea:	2b00      	cmp	r3, #0
10003bec:	d001      	beq.n	10003bf2 <stdio_put_string+0x76>
10003bee:	429c      	cmp	r4, r3
10003bf0:	d1f3      	bne.n	10003bda <stdio_put_string+0x5e>
10003bf2:	0020      	movs	r0, r4
10003bf4:	002a      	movs	r2, r5
10003bf6:	4641      	mov	r1, r8
10003bf8:	47b0      	blx	r6
10003bfa:	6924      	ldr	r4, [r4, #16]
10003bfc:	2c00      	cmp	r4, #0
10003bfe:	d1ef      	bne.n	10003be0 <stdio_put_string+0x64>
10003c00:	2f00      	cmp	r7, #0
10003c02:	d126      	bne.n	10003c52 <stdio_put_string+0xd6>
10003c04:	0028      	movs	r0, r5
10003c06:	b003      	add	sp, #12
10003c08:	bcf0      	pop	{r4, r5, r6, r7}
10003c0a:	46bb      	mov	fp, r7
10003c0c:	46b2      	mov	sl, r6
10003c0e:	46a9      	mov	r9, r5
10003c10:	46a0      	mov	r8, r4
10003c12:	bdf0      	pop	{r4, r5, r6, r7, pc}
10003c14:	4e17      	ldr	r6, [pc, #92]	@ (10003c74 <stdio_put_string+0xf8>)
10003c16:	e7d6      	b.n	10003bc6 <stdio_put_string+0x4a>
10003c18:	4b15      	ldr	r3, [pc, #84]	@ (10003c70 <stdio_put_string+0xf4>)
10003c1a:	4699      	mov	r9, r3
10003c1c:	230a      	movs	r3, #10
10003c1e:	469b      	mov	fp, r3
10003c20:	e002      	b.n	10003c28 <stdio_put_string+0xac>
10003c22:	6924      	ldr	r4, [r4, #16]
10003c24:	2c00      	cmp	r4, #0
10003c26:	d0eb      	beq.n	10003c00 <stdio_put_string+0x84>
10003c28:	6823      	ldr	r3, [r4, #0]
10003c2a:	2b00      	cmp	r3, #0
10003c2c:	d0f9      	beq.n	10003c22 <stdio_put_string+0xa6>
10003c2e:	464b      	mov	r3, r9
10003c30:	681b      	ldr	r3, [r3, #0]
10003c32:	2b00      	cmp	r3, #0
10003c34:	d001      	beq.n	10003c3a <stdio_put_string+0xbe>
10003c36:	42a3      	cmp	r3, r4
10003c38:	d1f3      	bne.n	10003c22 <stdio_put_string+0xa6>
10003c3a:	002a      	movs	r2, r5
10003c3c:	4641      	mov	r1, r8
10003c3e:	0020      	movs	r0, r4
10003c40:	47b0      	blx	r6
10003c42:	466b      	mov	r3, sp
10003c44:	465a      	mov	r2, fp
10003c46:	0020      	movs	r0, r4
10003c48:	71da      	strb	r2, [r3, #7]
10003c4a:	1dd9      	adds	r1, r3, #7
10003c4c:	2201      	movs	r2, #1
10003c4e:	47b0      	blx	r6
10003c50:	e7e7      	b.n	10003c22 <stdio_put_string+0xa6>
10003c52:	4650      	mov	r0, sl
10003c54:	f005 feb0 	bl	100099b8 <__mutex_exit_veneer>
10003c58:	e7d4      	b.n	10003c04 <stdio_put_string+0x88>
10003c5a:	46c0      	nop			@ (mov r8, r8)
10003c5c:	000f4240 	.word	0x000f4240
10003c60:	7fffffff 	.word	0x7fffffff
10003c64:	200010b0 	.word	0x200010b0
10003c68:	10003a69 	.word	0x10003a69
10003c6c:	20001b90 	.word	0x20001b90
10003c70:	20001b98 	.word	0x20001b98
10003c74:	10003a59 	.word	0x10003a59

10003c78 <stdio_set_driver_enabled>:
10003c78:	4a0a      	ldr	r2, [pc, #40]	@ (10003ca4 <stdio_set_driver_enabled+0x2c>)
10003c7a:	6813      	ldr	r3, [r2, #0]
10003c7c:	2b00      	cmp	r3, #0
10003c7e:	d105      	bne.n	10003c8c <stdio_set_driver_enabled+0x14>
10003c80:	e00c      	b.n	10003c9c <stdio_set_driver_enabled+0x24>
10003c82:	001a      	movs	r2, r3
10003c84:	691b      	ldr	r3, [r3, #16]
10003c86:	3210      	adds	r2, #16
10003c88:	2b00      	cmp	r3, #0
10003c8a:	d007      	beq.n	10003c9c <stdio_set_driver_enabled+0x24>
10003c8c:	4283      	cmp	r3, r0
10003c8e:	d1f8      	bne.n	10003c82 <stdio_set_driver_enabled+0xa>
10003c90:	2900      	cmp	r1, #0
10003c92:	d102      	bne.n	10003c9a <stdio_set_driver_enabled+0x22>
10003c94:	6918      	ldr	r0, [r3, #16]
10003c96:	6010      	str	r0, [r2, #0]
10003c98:	6119      	str	r1, [r3, #16]
10003c9a:	4770      	bx	lr
10003c9c:	2900      	cmp	r1, #0
10003c9e:	d0fc      	beq.n	10003c9a <stdio_set_driver_enabled+0x22>
10003ca0:	6010      	str	r0, [r2, #0]
10003ca2:	e7fa      	b.n	10003c9a <stdio_set_driver_enabled+0x22>
10003ca4:	20001b90 	.word	0x20001b90

10003ca8 <stdio_init_all>:
10003ca8:	b510      	push	{r4, lr}
10003caa:	f000 faf1 	bl	10004290 <stdio_usb_init>
10003cae:	bd10      	pop	{r4, pc}

10003cb0 <__wrap_putchar>:
10003cb0:	b5f0      	push	{r4, r5, r6, r7, lr}
10003cb2:	46ce      	mov	lr, r9
10003cb4:	4647      	mov	r7, r8
10003cb6:	b580      	push	{r7, lr}
10003cb8:	b083      	sub	sp, #12
10003cba:	466b      	mov	r3, sp
10003cbc:	0006      	movs	r6, r0
10003cbe:	1ddd      	adds	r5, r3, #7
10003cc0:	7028      	strb	r0, [r5, #0]
10003cc2:	f7fd fae3 	bl	1000128c <time_us_64>
10003cc6:	2300      	movs	r3, #0
10003cc8:	4a19      	ldr	r2, [pc, #100]	@ (10003d30 <__wrap_putchar+0x80>)
10003cca:	1812      	adds	r2, r2, r0
10003ccc:	414b      	adcs	r3, r1
10003cce:	2b00      	cmp	r3, #0
10003cd0:	da02      	bge.n	10003cd8 <__wrap_putchar+0x28>
10003cd2:	2201      	movs	r2, #1
10003cd4:	4b17      	ldr	r3, [pc, #92]	@ (10003d34 <__wrap_putchar+0x84>)
10003cd6:	4252      	negs	r2, r2
10003cd8:	4917      	ldr	r1, [pc, #92]	@ (10003d38 <__wrap_putchar+0x88>)
10003cda:	0008      	movs	r0, r1
10003cdc:	4688      	mov	r8, r1
10003cde:	f005 fea3 	bl	10009a28 <__mutex_try_enter_block_until_veneer>
10003ce2:	4b16      	ldr	r3, [pc, #88]	@ (10003d3c <__wrap_putchar+0x8c>)
10003ce4:	4681      	mov	r9, r0
10003ce6:	681c      	ldr	r4, [r3, #0]
10003ce8:	2c00      	cmp	r4, #0
10003cea:	d014      	beq.n	10003d16 <__wrap_putchar+0x66>
10003cec:	4f14      	ldr	r7, [pc, #80]	@ (10003d40 <__wrap_putchar+0x90>)
10003cee:	e002      	b.n	10003cf6 <__wrap_putchar+0x46>
10003cf0:	6924      	ldr	r4, [r4, #16]
10003cf2:	2c00      	cmp	r4, #0
10003cf4:	d00f      	beq.n	10003d16 <__wrap_putchar+0x66>
10003cf6:	6823      	ldr	r3, [r4, #0]
10003cf8:	2b00      	cmp	r3, #0
10003cfa:	d0f9      	beq.n	10003cf0 <__wrap_putchar+0x40>
10003cfc:	683b      	ldr	r3, [r7, #0]
10003cfe:	2b00      	cmp	r3, #0
10003d00:	d001      	beq.n	10003d06 <__wrap_putchar+0x56>
10003d02:	429c      	cmp	r4, r3
10003d04:	d1f4      	bne.n	10003cf0 <__wrap_putchar+0x40>
10003d06:	0020      	movs	r0, r4
10003d08:	2201      	movs	r2, #1
10003d0a:	0029      	movs	r1, r5
10003d0c:	f7ff feac 	bl	10003a68 <stdio_out_chars_crlf>
10003d10:	6924      	ldr	r4, [r4, #16]
10003d12:	2c00      	cmp	r4, #0
10003d14:	d1ef      	bne.n	10003cf6 <__wrap_putchar+0x46>
10003d16:	464b      	mov	r3, r9
10003d18:	2b00      	cmp	r3, #0
10003d1a:	d105      	bne.n	10003d28 <__wrap_putchar+0x78>
10003d1c:	0030      	movs	r0, r6
10003d1e:	b003      	add	sp, #12
10003d20:	bcc0      	pop	{r6, r7}
10003d22:	46b9      	mov	r9, r7
10003d24:	46b0      	mov	r8, r6
10003d26:	bdf0      	pop	{r4, r5, r6, r7, pc}
10003d28:	4640      	mov	r0, r8
10003d2a:	f005 fe45 	bl	100099b8 <__mutex_exit_veneer>
10003d2e:	e7f5      	b.n	10003d1c <__wrap_putchar+0x6c>
10003d30:	000f4240 	.word	0x000f4240
10003d34:	7fffffff 	.word	0x7fffffff
10003d38:	200010b0 	.word	0x200010b0
10003d3c:	20001b90 	.word	0x20001b90
10003d40:	20001b98 	.word	0x20001b98

10003d44 <__wrap_puts>:
10003d44:	b570      	push	{r4, r5, r6, lr}
10003d46:	0004      	movs	r4, r0
10003d48:	f005 fdfe 	bl	10009948 <strlen>
10003d4c:	2301      	movs	r3, #1
10003d4e:	0001      	movs	r1, r0
10003d50:	0005      	movs	r5, r0
10003d52:	2201      	movs	r2, #1
10003d54:	0020      	movs	r0, r4
10003d56:	f7ff ff11 	bl	10003b7c <stdio_put_string>
10003d5a:	4b08      	ldr	r3, [pc, #32]	@ (10003d7c <__wrap_puts+0x38>)
10003d5c:	681c      	ldr	r4, [r3, #0]
10003d5e:	2c00      	cmp	r4, #0
10003d60:	d006      	beq.n	10003d70 <__wrap_puts+0x2c>
10003d62:	6863      	ldr	r3, [r4, #4]
10003d64:	2b00      	cmp	r3, #0
10003d66:	d005      	beq.n	10003d74 <__wrap_puts+0x30>
10003d68:	4798      	blx	r3
10003d6a:	6924      	ldr	r4, [r4, #16]
10003d6c:	2c00      	cmp	r4, #0
10003d6e:	d1f8      	bne.n	10003d62 <__wrap_puts+0x1e>
10003d70:	0028      	movs	r0, r5
10003d72:	bd70      	pop	{r4, r5, r6, pc}
10003d74:	6924      	ldr	r4, [r4, #16]
10003d76:	2c00      	cmp	r4, #0
10003d78:	d1f3      	bne.n	10003d62 <__wrap_puts+0x1e>
10003d7a:	e7f9      	b.n	10003d70 <__wrap_puts+0x2c>
10003d7c:	20001b90 	.word	0x20001b90

10003d80 <__wrap_vprintf>:
10003d80:	b5f0      	push	{r4, r5, r6, r7, lr}
10003d82:	46ce      	mov	lr, r9
10003d84:	4647      	mov	r7, r8
10003d86:	b580      	push	{r7, lr}
10003d88:	b0a3      	sub	sp, #140	@ 0x8c
10003d8a:	0004      	movs	r4, r0
10003d8c:	000d      	movs	r5, r1
10003d8e:	f7fd fa7d 	bl	1000128c <time_us_64>
10003d92:	2300      	movs	r3, #0
10003d94:	4a27      	ldr	r2, [pc, #156]	@ (10003e34 <__wrap_vprintf+0xb4>)
10003d96:	1812      	adds	r2, r2, r0
10003d98:	414b      	adcs	r3, r1
10003d9a:	2b00      	cmp	r3, #0
10003d9c:	da02      	bge.n	10003da4 <__wrap_vprintf+0x24>
10003d9e:	2201      	movs	r2, #1
10003da0:	4b25      	ldr	r3, [pc, #148]	@ (10003e38 <__wrap_vprintf+0xb8>)
10003da2:	4252      	negs	r2, r2
10003da4:	4e25      	ldr	r6, [pc, #148]	@ (10003e3c <__wrap_vprintf+0xbc>)
10003da6:	0030      	movs	r0, r6
10003da8:	f005 fe3e 	bl	10009a28 <__mutex_try_enter_block_until_veneer>
10003dac:	2300      	movs	r3, #0
10003dae:	0022      	movs	r2, r4
10003db0:	9301      	str	r3, [sp, #4]
10003db2:	0007      	movs	r7, r0
10003db4:	002b      	movs	r3, r5
10003db6:	4822      	ldr	r0, [pc, #136]	@ (10003e40 <__wrap_vprintf+0xc0>)
10003db8:	a901      	add	r1, sp, #4
10003dba:	f7ff fe03 	bl	100039c4 <vfctprintf>
10003dbe:	4b21      	ldr	r3, [pc, #132]	@ (10003e44 <__wrap_vprintf+0xc4>)
10003dc0:	4680      	mov	r8, r0
10003dc2:	4699      	mov	r9, r3
10003dc4:	681c      	ldr	r4, [r3, #0]
10003dc6:	9b01      	ldr	r3, [sp, #4]
10003dc8:	2b00      	cmp	r3, #0
10003dca:	d01a      	beq.n	10003e02 <__wrap_vprintf+0x82>
10003dcc:	2c00      	cmp	r4, #0
10003dce:	d02f      	beq.n	10003e30 <__wrap_vprintf+0xb0>
10003dd0:	4d1d      	ldr	r5, [pc, #116]	@ (10003e48 <__wrap_vprintf+0xc8>)
10003dd2:	e002      	b.n	10003dda <__wrap_vprintf+0x5a>
10003dd4:	6924      	ldr	r4, [r4, #16]
10003dd6:	2c00      	cmp	r4, #0
10003dd8:	d00f      	beq.n	10003dfa <__wrap_vprintf+0x7a>
10003dda:	6823      	ldr	r3, [r4, #0]
10003ddc:	2b00      	cmp	r3, #0
10003dde:	d0f9      	beq.n	10003dd4 <__wrap_vprintf+0x54>
10003de0:	682b      	ldr	r3, [r5, #0]
10003de2:	2b00      	cmp	r3, #0
10003de4:	d001      	beq.n	10003dea <__wrap_vprintf+0x6a>
10003de6:	42a3      	cmp	r3, r4
10003de8:	d1f4      	bne.n	10003dd4 <__wrap_vprintf+0x54>
10003dea:	0020      	movs	r0, r4
10003dec:	9a01      	ldr	r2, [sp, #4]
10003dee:	a902      	add	r1, sp, #8
10003df0:	f7ff fe3a 	bl	10003a68 <stdio_out_chars_crlf>
10003df4:	6924      	ldr	r4, [r4, #16]
10003df6:	2c00      	cmp	r4, #0
10003df8:	d1ef      	bne.n	10003dda <__wrap_vprintf+0x5a>
10003dfa:	464b      	mov	r3, r9
10003dfc:	681c      	ldr	r4, [r3, #0]
10003dfe:	2300      	movs	r3, #0
10003e00:	9301      	str	r3, [sp, #4]
10003e02:	2c00      	cmp	r4, #0
10003e04:	d006      	beq.n	10003e14 <__wrap_vprintf+0x94>
10003e06:	6863      	ldr	r3, [r4, #4]
10003e08:	2b00      	cmp	r3, #0
10003e0a:	d00b      	beq.n	10003e24 <__wrap_vprintf+0xa4>
10003e0c:	4798      	blx	r3
10003e0e:	6924      	ldr	r4, [r4, #16]
10003e10:	2c00      	cmp	r4, #0
10003e12:	d1f8      	bne.n	10003e06 <__wrap_vprintf+0x86>
10003e14:	2f00      	cmp	r7, #0
10003e16:	d107      	bne.n	10003e28 <__wrap_vprintf+0xa8>
10003e18:	4640      	mov	r0, r8
10003e1a:	b023      	add	sp, #140	@ 0x8c
10003e1c:	bcc0      	pop	{r6, r7}
10003e1e:	46b9      	mov	r9, r7
10003e20:	46b0      	mov	r8, r6
10003e22:	bdf0      	pop	{r4, r5, r6, r7, pc}
10003e24:	6924      	ldr	r4, [r4, #16]
10003e26:	e7ec      	b.n	10003e02 <__wrap_vprintf+0x82>
10003e28:	0030      	movs	r0, r6
10003e2a:	f005 fdc5 	bl	100099b8 <__mutex_exit_veneer>
10003e2e:	e7f3      	b.n	10003e18 <__wrap_vprintf+0x98>
10003e30:	9401      	str	r4, [sp, #4]
10003e32:	e7ef      	b.n	10003e14 <__wrap_vprintf+0x94>
10003e34:	000f4240 	.word	0x000f4240
10003e38:	7fffffff 	.word	0x7fffffff
10003e3c:	200010b0 	.word	0x200010b0
10003e40:	10003b19 	.word	0x10003b19
10003e44:	20001b90 	.word	0x20001b90
10003e48:	20001b98 	.word	0x20001b98

10003e4c <__wrap_printf>:
10003e4c:	b40f      	push	{r0, r1, r2, r3}
10003e4e:	b500      	push	{lr}
10003e50:	b083      	sub	sp, #12
10003e52:	a904      	add	r1, sp, #16
10003e54:	c901      	ldmia	r1!, {r0}
10003e56:	9101      	str	r1, [sp, #4]
10003e58:	f7ff ff92 	bl	10003d80 <__wrap_vprintf>
10003e5c:	b003      	add	sp, #12
10003e5e:	bc08      	pop	{r3}
10003e60:	b004      	add	sp, #16
10003e62:	4718      	bx	r3

10003e64 <resetd_init>:
10003e64:	4770      	bx	lr
10003e66:	46c0      	nop			@ (mov r8, r8)

10003e68 <resetd_reset>:
10003e68:	2200      	movs	r2, #0
10003e6a:	4b01      	ldr	r3, [pc, #4]	@ (10003e70 <resetd_reset+0x8>)
10003e6c:	701a      	strb	r2, [r3, #0]
10003e6e:	4770      	bx	lr
10003e70:	20022495 	.word	0x20022495

10003e74 <resetd_open>:
10003e74:	794b      	ldrb	r3, [r1, #5]
10003e76:	2000      	movs	r0, #0
10003e78:	2bff      	cmp	r3, #255	@ 0xff
10003e7a:	d10b      	bne.n	10003e94 <resetd_open+0x20>
10003e7c:	798b      	ldrb	r3, [r1, #6]
10003e7e:	2b00      	cmp	r3, #0
10003e80:	d108      	bne.n	10003e94 <resetd_open+0x20>
10003e82:	79cb      	ldrb	r3, [r1, #7]
10003e84:	2b01      	cmp	r3, #1
10003e86:	d105      	bne.n	10003e94 <resetd_open+0x20>
10003e88:	2a08      	cmp	r2, #8
10003e8a:	d903      	bls.n	10003e94 <resetd_open+0x20>
10003e8c:	4b02      	ldr	r3, [pc, #8]	@ (10003e98 <resetd_open+0x24>)
10003e8e:	788a      	ldrb	r2, [r1, #2]
10003e90:	3009      	adds	r0, #9
10003e92:	701a      	strb	r2, [r3, #0]
10003e94:	4770      	bx	lr
10003e96:	46c0      	nop			@ (mov r8, r8)
10003e98:	20022495 	.word	0x20022495

10003e9c <resetd_xfer_cb>:
10003e9c:	2001      	movs	r0, #1
10003e9e:	4770      	bx	lr

10003ea0 <resetd_control_xfer_cb>:
10003ea0:	b510      	push	{r4, lr}
10003ea2:	2901      	cmp	r1, #1
10003ea4:	d113      	bne.n	10003ece <resetd_control_xfer_cb+0x2e>
10003ea6:	4912      	ldr	r1, [pc, #72]	@ (10003ef0 <resetd_control_xfer_cb+0x50>)
10003ea8:	7953      	ldrb	r3, [r2, #5]
10003eaa:	7910      	ldrb	r0, [r2, #4]
10003eac:	7809      	ldrb	r1, [r1, #0]
10003eae:	021b      	lsls	r3, r3, #8
10003eb0:	4303      	orrs	r3, r0
10003eb2:	2000      	movs	r0, #0
10003eb4:	4299      	cmp	r1, r3
10003eb6:	d000      	beq.n	10003eba <resetd_control_xfer_cb+0x1a>
10003eb8:	bd10      	pop	{r4, pc}
10003eba:	7853      	ldrb	r3, [r2, #1]
10003ebc:	2b01      	cmp	r3, #1
10003ebe:	d008      	beq.n	10003ed2 <resetd_control_xfer_cb+0x32>
10003ec0:	2b02      	cmp	r3, #2
10003ec2:	d1f9      	bne.n	10003eb8 <resetd_control_xfer_cb+0x18>
10003ec4:	2264      	movs	r2, #100	@ 0x64
10003ec6:	2100      	movs	r1, #0
10003ec8:	2000      	movs	r0, #0
10003eca:	f7fd fb3f 	bl	1000154c <watchdog_reboot>
10003ece:	2001      	movs	r0, #1
10003ed0:	e7f2      	b.n	10003eb8 <resetd_control_xfer_cb+0x18>
10003ed2:	78d3      	ldrb	r3, [r2, #3]
10003ed4:	7891      	ldrb	r1, [r2, #2]
10003ed6:	021b      	lsls	r3, r3, #8
10003ed8:	4319      	orrs	r1, r3
10003eda:	0a48      	lsrs	r0, r1, #9
10003edc:	05db      	lsls	r3, r3, #23
10003ede:	d401      	bmi.n	10003ee4 <resetd_control_xfer_cb+0x44>
10003ee0:	2001      	movs	r0, #1
10003ee2:	4240      	negs	r0, r0
10003ee4:	237f      	movs	r3, #127	@ 0x7f
10003ee6:	058a      	lsls	r2, r1, #22
10003ee8:	0fd2      	lsrs	r2, r2, #31
10003eea:	4019      	ands	r1, r3
10003eec:	f7fd fbc4 	bl	10001678 <rom_reset_usb_boot_extra>
10003ef0:	20022495 	.word	0x20022495

10003ef4 <tud_descriptor_bos_cb>:
10003ef4:	4800      	ldr	r0, [pc, #0]	@ (10003ef8 <tud_descriptor_bos_cb+0x4>)
10003ef6:	4770      	bx	lr
10003ef8:	10009fd4 	.word	0x10009fd4

10003efc <tud_vendor_control_xfer_cb>:
10003efc:	b570      	push	{r4, r5, r6, lr}
10003efe:	0005      	movs	r5, r0
10003f00:	0014      	movs	r4, r2
10003f02:	2001      	movs	r0, #1
10003f04:	2901      	cmp	r1, #1
10003f06:	d109      	bne.n	10003f1c <tud_vendor_control_xfer_cb+0x20>
10003f08:	7853      	ldrb	r3, [r2, #1]
10003f0a:	2000      	movs	r0, #0
10003f0c:	2b01      	cmp	r3, #1
10003f0e:	d105      	bne.n	10003f1c <tud_vendor_control_xfer_cb+0x20>
10003f10:	7963      	ldrb	r3, [r4, #5]
10003f12:	7912      	ldrb	r2, [r2, #4]
10003f14:	021b      	lsls	r3, r3, #8
10003f16:	4313      	orrs	r3, r2
10003f18:	2b07      	cmp	r3, #7
10003f1a:	d000      	beq.n	10003f1e <tud_vendor_control_xfer_cb+0x22>
10003f1c:	bd70      	pop	{r4, r5, r6, pc}
10003f1e:	0021      	movs	r1, r4
10003f20:	0028      	movs	r0, r5
10003f22:	4a02      	ldr	r2, [pc, #8]	@ (10003f2c <tud_vendor_control_xfer_cb+0x30>)
10003f24:	339f      	adds	r3, #159	@ 0x9f
10003f26:	f001 fa55 	bl	100053d4 <tud_control_xfer>
10003f2a:	e7f7      	b.n	10003f1c <tud_vendor_control_xfer_cb+0x20>
10003f2c:	10009f2c 	.word	0x10009f2c

10003f30 <usbd_app_driver_get_cb>:
10003f30:	2301      	movs	r3, #1
10003f32:	7003      	strb	r3, [r0, #0]
10003f34:	4800      	ldr	r0, [pc, #0]	@ (10003f38 <usbd_app_driver_get_cb+0x8>)
10003f36:	4770      	bx	lr
10003f38:	10009f0c 	.word	0x10009f0c

10003f3c <tud_cdc_line_coding_cb>:
10003f3c:	784b      	ldrb	r3, [r1, #1]
10003f3e:	780a      	ldrb	r2, [r1, #0]
10003f40:	021b      	lsls	r3, r3, #8
10003f42:	4313      	orrs	r3, r2
10003f44:	788a      	ldrb	r2, [r1, #2]
10003f46:	b510      	push	{r4, lr}
10003f48:	0412      	lsls	r2, r2, #16
10003f4a:	431a      	orrs	r2, r3
10003f4c:	78cb      	ldrb	r3, [r1, #3]
10003f4e:	061b      	lsls	r3, r3, #24
10003f50:	4313      	orrs	r3, r2
10003f52:	2296      	movs	r2, #150	@ 0x96
10003f54:	00d2      	lsls	r2, r2, #3
10003f56:	4293      	cmp	r3, r2
10003f58:	d000      	beq.n	10003f5c <tud_cdc_line_coding_cb+0x20>
10003f5a:	bd10      	pop	{r4, pc}
10003f5c:	2200      	movs	r2, #0
10003f5e:	2001      	movs	r0, #1
10003f60:	0011      	movs	r1, r2
10003f62:	4240      	negs	r0, r0
10003f64:	f7fd fb88 	bl	10001678 <rom_reset_usb_boot_extra>

10003f68 <stdio_usb_set_chars_available_callback>:
10003f68:	4b02      	ldr	r3, [pc, #8]	@ (10003f74 <stdio_usb_set_chars_available_callback+0xc>)
10003f6a:	6018      	str	r0, [r3, #0]
10003f6c:	4b02      	ldr	r3, [pc, #8]	@ (10003f78 <stdio_usb_set_chars_available_callback+0x10>)
10003f6e:	6019      	str	r1, [r3, #0]
10003f70:	4770      	bx	lr
10003f72:	46c0      	nop			@ (mov r8, r8)
10003f74:	20001b30 	.word	0x20001b30
10003f78:	20001b34 	.word	0x20001b34

10003f7c <usb_irq>:
10003f7c:	b510      	push	{r4, lr}
10003f7e:	4b02      	ldr	r3, [pc, #8]	@ (10003f88 <usb_irq+0xc>)
10003f80:	7818      	ldrb	r0, [r3, #0]
10003f82:	f7fc fb59 	bl	10000638 <irq_set_pending>
10003f86:	bd10      	pop	{r4, pc}
10003f88:	20022496 	.word	0x20022496

10003f8c <timer_task>:
10003f8c:	4b15      	ldr	r3, [pc, #84]	@ (10003fe4 <timer_task+0x58>)
10003f8e:	b570      	push	{r4, r5, r6, lr}
10003f90:	681a      	ldr	r2, [r3, #0]
10003f92:	2a00      	cmp	r2, #0
10003f94:	d022      	beq.n	10003fdc <timer_task+0x50>
10003f96:	f3ef 8110 	mrs	r1, PRIMASK
10003f9a:	b672      	cpsid	i
10003f9c:	6810      	ldr	r0, [r2, #0]
10003f9e:	2800      	cmp	r0, #0
10003fa0:	d0fc      	beq.n	10003f9c <timer_task+0x10>
10003fa2:	f3bf 8f5f 	dmb	sy
10003fa6:	2000      	movs	r0, #0
10003fa8:	4a0f      	ldr	r2, [pc, #60]	@ (10003fe8 <timer_task+0x5c>)
10003faa:	6059      	str	r1, [r3, #4]
10003fac:	7010      	strb	r0, [r2, #0]
10003fae:	681b      	ldr	r3, [r3, #0]
10003fb0:	f3bf 8f5f 	dmb	sy
10003fb4:	6018      	str	r0, [r3, #0]
10003fb6:	f381 8810 	msr	PRIMASK, r1
10003fba:	2400      	movs	r4, #0
10003fbc:	2500      	movs	r5, #0
10003fbe:	4e0b      	ldr	r6, [pc, #44]	@ (10003fec <timer_task+0x60>)
10003fc0:	7830      	ldrb	r0, [r6, #0]
10003fc2:	f7fc fb2d 	bl	10000620 <irq_is_enabled>
10003fc6:	2800      	cmp	r0, #0
10003fc8:	d104      	bne.n	10003fd4 <timer_task+0x48>
10003fca:	2400      	movs	r4, #0
10003fcc:	2500      	movs	r5, #0
10003fce:	0029      	movs	r1, r5
10003fd0:	0020      	movs	r0, r4
10003fd2:	bd70      	pop	{r4, r5, r6, pc}
10003fd4:	7830      	ldrb	r0, [r6, #0]
10003fd6:	f7fc fb2f 	bl	10000638 <irq_set_pending>
10003fda:	e7f8      	b.n	10003fce <timer_task+0x42>
10003fdc:	24fa      	movs	r4, #250	@ 0xfa
10003fde:	2500      	movs	r5, #0
10003fe0:	00a4      	lsls	r4, r4, #2
10003fe2:	e7ec      	b.n	10003fbe <timer_task+0x32>
10003fe4:	20001fc0 	.word	0x20001fc0
10003fe8:	20022497 	.word	0x20022497
10003fec:	20022496 	.word	0x20022496

10003ff0 <stdio_usb_in_chars>:
10003ff0:	b570      	push	{r4, r5, r6, lr}
10003ff2:	0004      	movs	r4, r0
10003ff4:	2000      	movs	r0, #0
10003ff6:	000e      	movs	r6, r1
10003ff8:	f001 fb0a 	bl	10005610 <tud_cdc_n_connected>
10003ffc:	2800      	cmp	r0, #0
10003ffe:	d034      	beq.n	1000406a <stdio_usb_in_chars+0x7a>
10004000:	2000      	movs	r0, #0
10004002:	f001 fb1b 	bl	1000563c <tud_cdc_n_available>
10004006:	2800      	cmp	r0, #0
10004008:	d02f      	beq.n	1000406a <stdio_usb_in_chars+0x7a>
1000400a:	f7fd f93f 	bl	1000128c <time_us_64>
1000400e:	2300      	movs	r3, #0
10004010:	4a17      	ldr	r2, [pc, #92]	@ (10004070 <stdio_usb_in_chars+0x80>)
10004012:	1812      	adds	r2, r2, r0
10004014:	414b      	adcs	r3, r1
10004016:	2b00      	cmp	r3, #0
10004018:	db16      	blt.n	10004048 <stdio_usb_in_chars+0x58>
1000401a:	4d16      	ldr	r5, [pc, #88]	@ (10004074 <stdio_usb_in_chars+0x84>)
1000401c:	0028      	movs	r0, r5
1000401e:	f005 fd03 	bl	10009a28 <__mutex_try_enter_block_until_veneer>
10004022:	2800      	cmp	r0, #0
10004024:	d021      	beq.n	1000406a <stdio_usb_in_chars+0x7a>
10004026:	2000      	movs	r0, #0
10004028:	f001 faf2 	bl	10005610 <tud_cdc_n_connected>
1000402c:	2800      	cmp	r0, #0
1000402e:	d10f      	bne.n	10004050 <stdio_usb_in_chars+0x60>
10004030:	2001      	movs	r0, #1
10004032:	2100      	movs	r1, #0
10004034:	4240      	negs	r0, r0
10004036:	f000 fd01 	bl	10004a3c <tud_task_ext>
1000403a:	2403      	movs	r4, #3
1000403c:	4264      	negs	r4, r4
1000403e:	0028      	movs	r0, r5
10004040:	f005 fcba 	bl	100099b8 <__mutex_exit_veneer>
10004044:	0020      	movs	r0, r4
10004046:	bd70      	pop	{r4, r5, r6, pc}
10004048:	2201      	movs	r2, #1
1000404a:	4b0b      	ldr	r3, [pc, #44]	@ (10004078 <stdio_usb_in_chars+0x88>)
1000404c:	4252      	negs	r2, r2
1000404e:	e7e4      	b.n	1000401a <stdio_usb_in_chars+0x2a>
10004050:	2000      	movs	r0, #0
10004052:	f001 faf3 	bl	1000563c <tud_cdc_n_available>
10004056:	2800      	cmp	r0, #0
10004058:	d0ea      	beq.n	10004030 <stdio_usb_in_chars+0x40>
1000405a:	0021      	movs	r1, r4
1000405c:	0032      	movs	r2, r6
1000405e:	2000      	movs	r0, #0
10004060:	f001 faf6 	bl	10005650 <tud_cdc_n_read>
10004064:	1e04      	subs	r4, r0, #0
10004066:	d1ea      	bne.n	1000403e <stdio_usb_in_chars+0x4e>
10004068:	e7e7      	b.n	1000403a <stdio_usb_in_chars+0x4a>
1000406a:	2403      	movs	r4, #3
1000406c:	4264      	negs	r4, r4
1000406e:	e7e9      	b.n	10004044 <stdio_usb_in_chars+0x54>
10004070:	000f4240 	.word	0x000f4240
10004074:	20002388 	.word	0x20002388
10004078:	7fffffff 	.word	0x7fffffff

1000407c <stdio_usb_out_flush>:
1000407c:	b510      	push	{r4, lr}
1000407e:	f7fd f905 	bl	1000128c <time_us_64>
10004082:	2300      	movs	r3, #0
10004084:	4a0d      	ldr	r2, [pc, #52]	@ (100040bc <stdio_usb_out_flush+0x40>)
10004086:	1812      	adds	r2, r2, r0
10004088:	414b      	adcs	r3, r1
1000408a:	2b00      	cmp	r3, #0
1000408c:	da02      	bge.n	10004094 <stdio_usb_out_flush+0x18>
1000408e:	2201      	movs	r2, #1
10004090:	4b0b      	ldr	r3, [pc, #44]	@ (100040c0 <stdio_usb_out_flush+0x44>)
10004092:	4252      	negs	r2, r2
10004094:	4c0b      	ldr	r4, [pc, #44]	@ (100040c4 <stdio_usb_out_flush+0x48>)
10004096:	0020      	movs	r0, r4
10004098:	f005 fcc6 	bl	10009a28 <__mutex_try_enter_block_until_veneer>
1000409c:	2800      	cmp	r0, #0
1000409e:	d00c      	beq.n	100040ba <stdio_usb_out_flush+0x3e>
100040a0:	2001      	movs	r0, #1
100040a2:	2100      	movs	r1, #0
100040a4:	4240      	negs	r0, r0
100040a6:	f000 fcc9 	bl	10004a3c <tud_task_ext>
100040aa:	2000      	movs	r0, #0
100040ac:	f001 fb14 	bl	100056d8 <tud_cdc_n_write_flush>
100040b0:	2800      	cmp	r0, #0
100040b2:	d1f5      	bne.n	100040a0 <stdio_usb_out_flush+0x24>
100040b4:	0020      	movs	r0, r4
100040b6:	f005 fc7f 	bl	100099b8 <__mutex_exit_veneer>
100040ba:	bd10      	pop	{r4, pc}
100040bc:	000f4240 	.word	0x000f4240
100040c0:	7fffffff 	.word	0x7fffffff
100040c4:	20002388 	.word	0x20002388

100040c8 <stdio_usb_out_chars>:
100040c8:	b5f8      	push	{r3, r4, r5, r6, r7, lr}
100040ca:	46de      	mov	lr, fp
100040cc:	4657      	mov	r7, sl
100040ce:	b580      	push	{r7, lr}
100040d0:	0005      	movs	r5, r0
100040d2:	000c      	movs	r4, r1
100040d4:	f7fd f8da 	bl	1000128c <time_us_64>
100040d8:	2300      	movs	r3, #0
100040da:	4a36      	ldr	r2, [pc, #216]	@ (100041b4 <stdio_usb_out_chars+0xec>)
100040dc:	1812      	adds	r2, r2, r0
100040de:	414b      	adcs	r3, r1
100040e0:	2b00      	cmp	r3, #0
100040e2:	da02      	bge.n	100040ea <stdio_usb_out_chars+0x22>
100040e4:	2201      	movs	r2, #1
100040e6:	4b34      	ldr	r3, [pc, #208]	@ (100041b8 <stdio_usb_out_chars+0xf0>)
100040e8:	4252      	negs	r2, r2
100040ea:	4934      	ldr	r1, [pc, #208]	@ (100041bc <stdio_usb_out_chars+0xf4>)
100040ec:	0008      	movs	r0, r1
100040ee:	468a      	mov	sl, r1
100040f0:	f005 fc9a 	bl	10009a28 <__mutex_try_enter_block_until_veneer>
100040f4:	2800      	cmp	r0, #0
100040f6:	d103      	bne.n	10004100 <stdio_usb_out_chars+0x38>
100040f8:	bcc0      	pop	{r6, r7}
100040fa:	46bb      	mov	fp, r7
100040fc:	46b2      	mov	sl, r6
100040fe:	bdf8      	pop	{r3, r4, r5, r6, r7, pc}
10004100:	2000      	movs	r0, #0
10004102:	f001 fa85 	bl	10005610 <tud_cdc_n_connected>
10004106:	2800      	cmp	r0, #0
10004108:	d04a      	beq.n	100041a0 <stdio_usb_out_chars+0xd8>
1000410a:	2600      	movs	r6, #0
1000410c:	2c00      	cmp	r4, #0
1000410e:	dd43      	ble.n	10004198 <stdio_usb_out_chars+0xd0>
10004110:	4b2b      	ldr	r3, [pc, #172]	@ (100041c0 <stdio_usb_out_chars+0xf8>)
10004112:	469b      	mov	fp, r3
10004114:	e014      	b.n	10004140 <stdio_usb_out_chars+0x78>
10004116:	19a9      	adds	r1, r5, r6
10004118:	2000      	movs	r0, #0
1000411a:	f001 fb17 	bl	1000574c <tud_cdc_n_write>
1000411e:	0007      	movs	r7, r0
10004120:	2001      	movs	r0, #1
10004122:	2100      	movs	r1, #0
10004124:	4240      	negs	r0, r0
10004126:	f000 fc89 	bl	10004a3c <tud_task_ext>
1000412a:	2000      	movs	r0, #0
1000412c:	f001 fad4 	bl	100056d8 <tud_cdc_n_write_flush>
10004130:	f7fd f8ac 	bl	1000128c <time_us_64>
10004134:	4b22      	ldr	r3, [pc, #136]	@ (100041c0 <stdio_usb_out_chars+0xf8>)
10004136:	19f6      	adds	r6, r6, r7
10004138:	6018      	str	r0, [r3, #0]
1000413a:	6059      	str	r1, [r3, #4]
1000413c:	42b4      	cmp	r4, r6
1000413e:	dd2b      	ble.n	10004198 <stdio_usb_out_chars+0xd0>
10004140:	2000      	movs	r0, #0
10004142:	f001 fb23 	bl	1000578c <tud_cdc_n_write_available>
10004146:	1ba7      	subs	r7, r4, r6
10004148:	0002      	movs	r2, r0
1000414a:	42b8      	cmp	r0, r7
1000414c:	dd00      	ble.n	10004150 <stdio_usb_out_chars+0x88>
1000414e:	003a      	movs	r2, r7
10004150:	2a00      	cmp	r2, #0
10004152:	d1e0      	bne.n	10004116 <stdio_usb_out_chars+0x4e>
10004154:	2001      	movs	r0, #1
10004156:	2100      	movs	r1, #0
10004158:	4240      	negs	r0, r0
1000415a:	f000 fc6f 	bl	10004a3c <tud_task_ext>
1000415e:	2000      	movs	r0, #0
10004160:	f001 faba 	bl	100056d8 <tud_cdc_n_write_flush>
10004164:	2000      	movs	r0, #0
10004166:	f001 fa53 	bl	10005610 <tud_cdc_n_connected>
1000416a:	2800      	cmp	r0, #0
1000416c:	d014      	beq.n	10004198 <stdio_usb_out_chars+0xd0>
1000416e:	2000      	movs	r0, #0
10004170:	f001 fb0c 	bl	1000578c <tud_cdc_n_write_available>
10004174:	2800      	cmp	r0, #0
10004176:	d1e1      	bne.n	1000413c <stdio_usb_out_chars+0x74>
10004178:	f7fd f888 	bl	1000128c <time_us_64>
1000417c:	465b      	mov	r3, fp
1000417e:	000f      	movs	r7, r1
10004180:	681a      	ldr	r2, [r3, #0]
10004182:	685b      	ldr	r3, [r3, #4]
10004184:	2100      	movs	r1, #0
10004186:	4684      	mov	ip, r0
10004188:	480e      	ldr	r0, [pc, #56]	@ (100041c4 <stdio_usb_out_chars+0xfc>)
1000418a:	1812      	adds	r2, r2, r0
1000418c:	414b      	adcs	r3, r1
1000418e:	429f      	cmp	r7, r3
10004190:	d802      	bhi.n	10004198 <stdio_usb_out_chars+0xd0>
10004192:	d1d3      	bne.n	1000413c <stdio_usb_out_chars+0x74>
10004194:	4594      	cmp	ip, r2
10004196:	d9d1      	bls.n	1000413c <stdio_usb_out_chars+0x74>
10004198:	4650      	mov	r0, sl
1000419a:	f005 fc0d 	bl	100099b8 <__mutex_exit_veneer>
1000419e:	e7ab      	b.n	100040f8 <stdio_usb_out_chars+0x30>
100041a0:	2000      	movs	r0, #0
100041a2:	2100      	movs	r1, #0
100041a4:	4b06      	ldr	r3, [pc, #24]	@ (100041c0 <stdio_usb_out_chars+0xf8>)
100041a6:	6018      	str	r0, [r3, #0]
100041a8:	6059      	str	r1, [r3, #4]
100041aa:	4650      	mov	r0, sl
100041ac:	f005 fc04 	bl	100099b8 <__mutex_exit_veneer>
100041b0:	e7a2      	b.n	100040f8 <stdio_usb_out_chars+0x30>
100041b2:	46c0      	nop			@ (mov r8, r8)
100041b4:	000f4240 	.word	0x000f4240
100041b8:	7fffffff 	.word	0x7fffffff
100041bc:	20002388 	.word	0x20002388
100041c0:	20001238 	.word	0x20001238
100041c4:	0007a120 	.word	0x0007a120

100041c8 <low_priority_worker_irq>:
100041c8:	b530      	push	{r4, r5, lr}
100041ca:	4c2a      	ldr	r4, [pc, #168]	@ (10004274 <low_priority_worker_irq+0xac>)
100041cc:	b085      	sub	sp, #20
100041ce:	2100      	movs	r1, #0
100041d0:	0020      	movs	r0, r4
100041d2:	f005 fc19 	bl	10009a08 <__mutex_try_enter_veneer>
100041d6:	2800      	cmp	r0, #0
100041d8:	d11c      	bne.n	10004214 <low_priority_worker_irq+0x4c>
100041da:	4b27      	ldr	r3, [pc, #156]	@ (10004278 <low_priority_worker_irq+0xb0>)
100041dc:	681a      	ldr	r2, [r3, #0]
100041de:	2a00      	cmp	r2, #0
100041e0:	d016      	beq.n	10004210 <low_priority_worker_irq+0x48>
100041e2:	f3ef 8110 	mrs	r1, PRIMASK
100041e6:	b672      	cpsid	i
100041e8:	6810      	ldr	r0, [r2, #0]
100041ea:	2800      	cmp	r0, #0
100041ec:	d0fc      	beq.n	100041e8 <low_priority_worker_irq+0x20>
100041ee:	f3bf 8f5f 	dmb	sy
100041f2:	2401      	movs	r4, #1
100041f4:	4821      	ldr	r0, [pc, #132]	@ (1000427c <low_priority_worker_irq+0xb4>)
100041f6:	6059      	str	r1, [r3, #4]
100041f8:	7802      	ldrb	r2, [r0, #0]
100041fa:	681b      	ldr	r3, [r3, #0]
100041fc:	b2d2      	uxtb	r2, r2
100041fe:	7004      	strb	r4, [r0, #0]
10004200:	f3bf 8f5f 	dmb	sy
10004204:	2000      	movs	r0, #0
10004206:	6018      	str	r0, [r3, #0]
10004208:	f381 8810 	msr	PRIMASK, r1
1000420c:	2a00      	cmp	r2, #0
1000420e:	d017      	beq.n	10004240 <low_priority_worker_irq+0x78>
10004210:	b005      	add	sp, #20
10004212:	bd30      	pop	{r4, r5, pc}
10004214:	2001      	movs	r0, #1
10004216:	2100      	movs	r1, #0
10004218:	4240      	negs	r0, r0
1000421a:	f000 fc0f 	bl	10004a3c <tud_task_ext>
1000421e:	2000      	movs	r0, #0
10004220:	f001 fa0c 	bl	1000563c <tud_cdc_n_available>
10004224:	0005      	movs	r5, r0
10004226:	0020      	movs	r0, r4
10004228:	f005 fbc6 	bl	100099b8 <__mutex_exit_veneer>
1000422c:	2d00      	cmp	r5, #0
1000422e:	d0ef      	beq.n	10004210 <low_priority_worker_irq+0x48>
10004230:	4b13      	ldr	r3, [pc, #76]	@ (10004280 <low_priority_worker_irq+0xb8>)
10004232:	681b      	ldr	r3, [r3, #0]
10004234:	2b00      	cmp	r3, #0
10004236:	d0eb      	beq.n	10004210 <low_priority_worker_irq+0x48>
10004238:	4a12      	ldr	r2, [pc, #72]	@ (10004284 <low_priority_worker_irq+0xbc>)
1000423a:	6810      	ldr	r0, [r2, #0]
1000423c:	4798      	blx	r3
1000423e:	e7e7      	b.n	10004210 <low_priority_worker_irq+0x48>
10004240:	f7fc fe10 	bl	10000e64 <alarm_pool_get_default>
10004244:	0004      	movs	r4, r0
10004246:	f7fd f821 	bl	1000128c <time_us_64>
1000424a:	22fa      	movs	r2, #250	@ 0xfa
1000424c:	2300      	movs	r3, #0
1000424e:	0092      	lsls	r2, r2, #2
10004250:	1812      	adds	r2, r2, r0
10004252:	414b      	adcs	r3, r1
10004254:	2b00      	cmp	r3, #0
10004256:	da02      	bge.n	1000425e <low_priority_worker_irq+0x96>
10004258:	2201      	movs	r2, #1
1000425a:	4b0b      	ldr	r3, [pc, #44]	@ (10004288 <low_priority_worker_irq+0xc0>)
1000425c:	4252      	negs	r2, r2
1000425e:	2101      	movs	r1, #1
10004260:	9102      	str	r1, [sp, #8]
10004262:	2100      	movs	r1, #0
10004264:	9101      	str	r1, [sp, #4]
10004266:	4909      	ldr	r1, [pc, #36]	@ (1000428c <low_priority_worker_irq+0xc4>)
10004268:	0020      	movs	r0, r4
1000426a:	9100      	str	r1, [sp, #0]
1000426c:	f7fc fdfe 	bl	10000e6c <alarm_pool_add_alarm_at>
10004270:	e7ce      	b.n	10004210 <low_priority_worker_irq+0x48>
10004272:	46c0      	nop			@ (mov r8, r8)
10004274:	20002388 	.word	0x20002388
10004278:	20001fc0 	.word	0x20001fc0
1000427c:	20022497 	.word	0x20022497
10004280:	20001b30 	.word	0x20001b30
10004284:	20001b34 	.word	0x20001b34
10004288:	7fffffff 	.word	0x7fffffff
1000428c:	10003f8d 	.word	0x10003f8d

10004290 <stdio_usb_init>:
10004290:	23d0      	movs	r3, #208	@ 0xd0
10004292:	b510      	push	{r4, lr}
10004294:	061b      	lsls	r3, r3, #24
10004296:	b084      	sub	sp, #16
10004298:	681c      	ldr	r4, [r3, #0]
1000429a:	f7fc fde3 	bl	10000e64 <alarm_pool_get_default>
1000429e:	f7fc fedf 	bl	10001060 <alarm_pool_core_num>
100042a2:	42a0      	cmp	r0, r4
100042a4:	d002      	beq.n	100042ac <stdio_usb_init+0x1c>
100042a6:	2000      	movs	r0, #0
100042a8:	b004      	add	sp, #16
100042aa:	bd10      	pop	{r4, pc}
100042ac:	4b29      	ldr	r3, [pc, #164]	@ (10004354 <stdio_usb_init+0xc4>)
100042ae:	2100      	movs	r1, #0
100042b0:	2000      	movs	r0, #0
100042b2:	781b      	ldrb	r3, [r3, #0]
100042b4:	f001 fd5e 	bl	10005d74 <tusb_rhport_init>
100042b8:	4827      	ldr	r0, [pc, #156]	@ (10004358 <stdio_usb_init+0xc8>)
100042ba:	6803      	ldr	r3, [r0, #0]
100042bc:	2b00      	cmp	r3, #0
100042be:	d045      	beq.n	1000434c <stdio_usb_init+0xbc>
100042c0:	2001      	movs	r0, #1
100042c2:	f7fc fb65 	bl	10000990 <user_irq_claim_unused>
100042c6:	23ff      	movs	r3, #255	@ 0xff
100042c8:	4c24      	ldr	r4, [pc, #144]	@ (1000435c <stdio_usb_init+0xcc>)
100042ca:	4925      	ldr	r1, [pc, #148]	@ (10004360 <stdio_usb_init+0xd0>)
100042cc:	7020      	strb	r0, [r4, #0]
100042ce:	4018      	ands	r0, r3
100042d0:	f7fc f9cc 	bl	1000066c <irq_set_exclusive_handler>
100042d4:	7820      	ldrb	r0, [r4, #0]
100042d6:	2101      	movs	r1, #1
100042d8:	f7fc f990 	bl	100005fc <irq_set_enabled>
100042dc:	2005      	movs	r0, #5
100042de:	f7fc f9b3 	bl	10000648 <irq_has_shared_handler>
100042e2:	2800      	cmp	r0, #0
100042e4:	d124      	bne.n	10004330 <stdio_usb_init+0xa0>
100042e6:	2208      	movs	r2, #8
100042e8:	2100      	movs	r1, #0
100042ea:	481e      	ldr	r0, [pc, #120]	@ (10004364 <stdio_usb_init+0xd4>)
100042ec:	f7fd ff0e 	bl	1000210c <__wrap_memset>
100042f0:	f7fc fdb8 	bl	10000e64 <alarm_pool_get_default>
100042f4:	0004      	movs	r4, r0
100042f6:	f7fc ffc9 	bl	1000128c <time_us_64>
100042fa:	22fa      	movs	r2, #250	@ 0xfa
100042fc:	2300      	movs	r3, #0
100042fe:	0092      	lsls	r2, r2, #2
10004300:	1812      	adds	r2, r2, r0
10004302:	414b      	adcs	r3, r1
10004304:	2b00      	cmp	r3, #0
10004306:	da02      	bge.n	1000430e <stdio_usb_init+0x7e>
10004308:	2201      	movs	r2, #1
1000430a:	4b17      	ldr	r3, [pc, #92]	@ (10004368 <stdio_usb_init+0xd8>)
1000430c:	4252      	negs	r2, r2
1000430e:	2101      	movs	r1, #1
10004310:	9102      	str	r1, [sp, #8]
10004312:	2100      	movs	r1, #0
10004314:	9101      	str	r1, [sp, #4]
10004316:	4915      	ldr	r1, [pc, #84]	@ (1000436c <stdio_usb_init+0xdc>)
10004318:	0020      	movs	r0, r4
1000431a:	9100      	str	r1, [sp, #0]
1000431c:	f7fc fda6 	bl	10000e6c <alarm_pool_add_alarm_at>
10004320:	2800      	cmp	r0, #0
10004322:	dbc0      	blt.n	100042a6 <stdio_usb_init+0x16>
10004324:	4812      	ldr	r0, [pc, #72]	@ (10004370 <stdio_usb_init+0xe0>)
10004326:	2101      	movs	r1, #1
10004328:	f7ff fca6 	bl	10003c78 <stdio_set_driver_enabled>
1000432c:	2001      	movs	r0, #1
1000432e:	e7bb      	b.n	100042a8 <stdio_usb_init+0x18>
10004330:	2001      	movs	r0, #1
10004332:	f7fc f931 	bl	10000598 <spin_lock_claim_unused>
10004336:	4b0b      	ldr	r3, [pc, #44]	@ (10004364 <stdio_usb_init+0xd4>)
10004338:	0001      	movs	r1, r0
1000433a:	0018      	movs	r0, r3
1000433c:	f7fc fb8c 	bl	10000a58 <critical_section_init_with_lock_num>
10004340:	2200      	movs	r2, #0
10004342:	2005      	movs	r0, #5
10004344:	490b      	ldr	r1, [pc, #44]	@ (10004374 <stdio_usb_init+0xe4>)
10004346:	f7fc f9bb 	bl	100006c0 <irq_add_shared_handler>
1000434a:	e7eb      	b.n	10004324 <stdio_usb_init+0x94>
1000434c:	f7fc fb68 	bl	10000a20 <mutex_init>
10004350:	e7b6      	b.n	100042c0 <stdio_usb_init+0x30>
10004352:	46c0      	nop			@ (mov r8, r8)
10004354:	1000a420 	.word	0x1000a420
10004358:	20002388 	.word	0x20002388
1000435c:	20022496 	.word	0x20022496
10004360:	100041c9 	.word	0x100041c9
10004364:	20001fc0 	.word	0x20001fc0
10004368:	7fffffff 	.word	0x7fffffff
1000436c:	10003f8d 	.word	0x10003f8d
10004370:	20001070 	.word	0x20001070
10004374:	10003f7d 	.word	0x10003f7d

10004378 <tud_descriptor_device_cb>:
10004378:	4800      	ldr	r0, [pc, #0]	@ (1000437c <tud_descriptor_device_cb+0x4>)
1000437a:	4770      	bx	lr
1000437c:	1000a070 	.word	0x1000a070

10004380 <tud_descriptor_configuration_cb>:
10004380:	4800      	ldr	r0, [pc, #0]	@ (10004384 <tud_descriptor_configuration_cb+0x4>)
10004382:	4770      	bx	lr
10004384:	1000a01c 	.word	0x1000a01c

10004388 <tud_descriptor_string_cb>:
10004388:	b510      	push	{r4, lr}
1000438a:	0004      	movs	r4, r0
1000438c:	4817      	ldr	r0, [pc, #92]	@ (100043ec <tud_descriptor_string_cb+0x64>)
1000438e:	7803      	ldrb	r3, [r0, #0]
10004390:	2b00      	cmp	r3, #0
10004392:	d020      	beq.n	100043d6 <tud_descriptor_string_cb+0x4e>
10004394:	2c00      	cmp	r4, #0
10004396:	d106      	bne.n	100043a6 <tud_descriptor_string_cb+0x1e>
10004398:	4b15      	ldr	r3, [pc, #84]	@ (100043f0 <tud_descriptor_string_cb+0x68>)
1000439a:	4816      	ldr	r0, [pc, #88]	@ (100043f4 <tud_descriptor_string_cb+0x6c>)
1000439c:	8043      	strh	r3, [r0, #2]
1000439e:	3b06      	subs	r3, #6
100043a0:	3bff      	subs	r3, #255	@ 0xff
100043a2:	8003      	strh	r3, [r0, #0]
100043a4:	bd10      	pop	{r4, pc}
100043a6:	2c05      	cmp	r4, #5
100043a8:	d81d      	bhi.n	100043e6 <tud_descriptor_string_cb+0x5e>
100043aa:	4b13      	ldr	r3, [pc, #76]	@ (100043f8 <tud_descriptor_string_cb+0x70>)
100043ac:	00a4      	lsls	r4, r4, #2
100043ae:	58e0      	ldr	r0, [r4, r3]
100043b0:	4912      	ldr	r1, [pc, #72]	@ (100043fc <tud_descriptor_string_cb+0x74>)
100043b2:	2301      	movs	r3, #1
100043b4:	3801      	subs	r0, #1
100043b6:	e004      	b.n	100043c2 <tud_descriptor_string_cb+0x3a>
100043b8:	3301      	adds	r3, #1
100043ba:	800a      	strh	r2, [r1, #0]
100043bc:	3102      	adds	r1, #2
100043be:	2b14      	cmp	r3, #20
100043c0:	d00d      	beq.n	100043de <tud_descriptor_string_cb+0x56>
100043c2:	5cc2      	ldrb	r2, [r0, r3]
100043c4:	2a00      	cmp	r2, #0
100043c6:	d1f7      	bne.n	100043b8 <tud_descriptor_string_cb+0x30>
100043c8:	22c0      	movs	r2, #192	@ 0xc0
100043ca:	b2db      	uxtb	r3, r3
100043cc:	005b      	lsls	r3, r3, #1
100043ce:	0092      	lsls	r2, r2, #2
100043d0:	4808      	ldr	r0, [pc, #32]	@ (100043f4 <tud_descriptor_string_cb+0x6c>)
100043d2:	4313      	orrs	r3, r2
100043d4:	e7e5      	b.n	100043a2 <tud_descriptor_string_cb+0x1a>
100043d6:	2111      	movs	r1, #17
100043d8:	f000 f81a 	bl	10004410 <pico_get_unique_board_id_string>
100043dc:	e7da      	b.n	10004394 <tud_descriptor_string_cb+0xc>
100043de:	23ca      	movs	r3, #202	@ 0xca
100043e0:	4804      	ldr	r0, [pc, #16]	@ (100043f4 <tud_descriptor_string_cb+0x6c>)
100043e2:	009b      	lsls	r3, r3, #2
100043e4:	e7dd      	b.n	100043a2 <tud_descriptor_string_cb+0x1a>
100043e6:	2000      	movs	r0, #0
100043e8:	e7dc      	b.n	100043a4 <tud_descriptor_string_cb+0x1c>
100043ea:	46c0      	nop			@ (mov r8, r8)
100043ec:	20022390 	.word	0x20022390
100043f0:	00000409 	.word	0x00000409
100043f4:	20001b68 	.word	0x20001b68
100043f8:	1000a004 	.word	0x1000a004
100043fc:	20001b6a 	.word	0x20001b6a

10004400 <_retrieve_unique_id_on_boot>:
10004400:	b510      	push	{r4, lr}
10004402:	4802      	ldr	r0, [pc, #8]	@ (1000440c <_retrieve_unique_id_on_boot+0xc>)
10004404:	f000 f8d8 	bl	100045b8 <flash_get_unique_id>
10004408:	bd10      	pop	{r4, pc}
1000440a:	46c0      	nop			@ (mov r8, r8)
1000440c:	20002278 	.word	0x20002278

10004410 <pico_get_unique_board_id_string>:
10004410:	b530      	push	{r4, r5, lr}
10004412:	1e4b      	subs	r3, r1, #1
10004414:	2901      	cmp	r1, #1
10004416:	d100      	bne.n	1000441a <pico_get_unique_board_id_string+0xa>
10004418:	e0a7      	b.n	1000456a <pico_get_unique_board_id_string+0x15a>
1000441a:	4a66      	ldr	r2, [pc, #408]	@ (100045b4 <pico_get_unique_board_id_string+0x1a4>)
1000441c:	7811      	ldrb	r1, [r2, #0]
1000441e:	090d      	lsrs	r5, r1, #4
10004420:	002c      	movs	r4, r5
10004422:	3430      	adds	r4, #48	@ 0x30
10004424:	299f      	cmp	r1, #159	@ 0x9f
10004426:	d900      	bls.n	1000442a <pico_get_unique_board_id_string+0x1a>
10004428:	e0a2      	b.n	10004570 <pico_get_unique_board_id_string+0x160>
1000442a:	7004      	strb	r4, [r0, #0]
1000442c:	2b01      	cmp	r3, #1
1000442e:	d100      	bne.n	10004432 <pico_get_unique_board_id_string+0x22>
10004430:	e0be      	b.n	100045b0 <pico_get_unique_board_id_string+0x1a0>
10004432:	210f      	movs	r1, #15
10004434:	7814      	ldrb	r4, [r2, #0]
10004436:	4021      	ands	r1, r4
10004438:	000c      	movs	r4, r1
1000443a:	3430      	adds	r4, #48	@ 0x30
1000443c:	2909      	cmp	r1, #9
1000443e:	d900      	bls.n	10004442 <pico_get_unique_board_id_string+0x32>
10004440:	e098      	b.n	10004574 <pico_get_unique_board_id_string+0x164>
10004442:	7044      	strb	r4, [r0, #1]
10004444:	2b02      	cmp	r3, #2
10004446:	d100      	bne.n	1000444a <pico_get_unique_board_id_string+0x3a>
10004448:	e0b2      	b.n	100045b0 <pico_get_unique_board_id_string+0x1a0>
1000444a:	7854      	ldrb	r4, [r2, #1]
1000444c:	0925      	lsrs	r5, r4, #4
1000444e:	0029      	movs	r1, r5
10004450:	3130      	adds	r1, #48	@ 0x30
10004452:	2c9f      	cmp	r4, #159	@ 0x9f
10004454:	d900      	bls.n	10004458 <pico_get_unique_board_id_string+0x48>
10004456:	e090      	b.n	1000457a <pico_get_unique_board_id_string+0x16a>
10004458:	7081      	strb	r1, [r0, #2]
1000445a:	2b03      	cmp	r3, #3
1000445c:	d100      	bne.n	10004460 <pico_get_unique_board_id_string+0x50>
1000445e:	e0a7      	b.n	100045b0 <pico_get_unique_board_id_string+0x1a0>
10004460:	210f      	movs	r1, #15
10004462:	4021      	ands	r1, r4
10004464:	000c      	movs	r4, r1
10004466:	3430      	adds	r4, #48	@ 0x30
10004468:	2909      	cmp	r1, #9
1000446a:	d900      	bls.n	1000446e <pico_get_unique_board_id_string+0x5e>
1000446c:	e087      	b.n	1000457e <pico_get_unique_board_id_string+0x16e>
1000446e:	70c4      	strb	r4, [r0, #3]
10004470:	2b04      	cmp	r3, #4
10004472:	d100      	bne.n	10004476 <pico_get_unique_board_id_string+0x66>
10004474:	e09c      	b.n	100045b0 <pico_get_unique_board_id_string+0x1a0>
10004476:	7894      	ldrb	r4, [r2, #2]
10004478:	0925      	lsrs	r5, r4, #4
1000447a:	0029      	movs	r1, r5
1000447c:	3130      	adds	r1, #48	@ 0x30
1000447e:	2c9f      	cmp	r4, #159	@ 0x9f
10004480:	d900      	bls.n	10004484 <pico_get_unique_board_id_string+0x74>
10004482:	e07f      	b.n	10004584 <pico_get_unique_board_id_string+0x174>
10004484:	7101      	strb	r1, [r0, #4]
10004486:	2b05      	cmp	r3, #5
10004488:	d100      	bne.n	1000448c <pico_get_unique_board_id_string+0x7c>
1000448a:	e091      	b.n	100045b0 <pico_get_unique_board_id_string+0x1a0>
1000448c:	210f      	movs	r1, #15
1000448e:	4021      	ands	r1, r4
10004490:	000c      	movs	r4, r1
10004492:	3430      	adds	r4, #48	@ 0x30
10004494:	2909      	cmp	r1, #9
10004496:	d900      	bls.n	1000449a <pico_get_unique_board_id_string+0x8a>
10004498:	e076      	b.n	10004588 <pico_get_unique_board_id_string+0x178>
1000449a:	7144      	strb	r4, [r0, #5]
1000449c:	2b06      	cmp	r3, #6
1000449e:	d100      	bne.n	100044a2 <pico_get_unique_board_id_string+0x92>
100044a0:	e086      	b.n	100045b0 <pico_get_unique_board_id_string+0x1a0>
100044a2:	78d4      	ldrb	r4, [r2, #3]
100044a4:	0925      	lsrs	r5, r4, #4
100044a6:	0029      	movs	r1, r5
100044a8:	3130      	adds	r1, #48	@ 0x30
100044aa:	2c9f      	cmp	r4, #159	@ 0x9f
100044ac:	d900      	bls.n	100044b0 <pico_get_unique_board_id_string+0xa0>
100044ae:	e06e      	b.n	1000458e <pico_get_unique_board_id_string+0x17e>
100044b0:	7181      	strb	r1, [r0, #6]
100044b2:	2b07      	cmp	r3, #7
100044b4:	d100      	bne.n	100044b8 <pico_get_unique_board_id_string+0xa8>
100044b6:	e07b      	b.n	100045b0 <pico_get_unique_board_id_string+0x1a0>
100044b8:	210f      	movs	r1, #15
100044ba:	4021      	ands	r1, r4
100044bc:	000c      	movs	r4, r1
100044be:	3430      	adds	r4, #48	@ 0x30
100044c0:	2909      	cmp	r1, #9
100044c2:	d866      	bhi.n	10004592 <pico_get_unique_board_id_string+0x182>
100044c4:	71c4      	strb	r4, [r0, #7]
100044c6:	2b08      	cmp	r3, #8
100044c8:	d100      	bne.n	100044cc <pico_get_unique_board_id_string+0xbc>
100044ca:	e071      	b.n	100045b0 <pico_get_unique_board_id_string+0x1a0>
100044cc:	7914      	ldrb	r4, [r2, #4]
100044ce:	0925      	lsrs	r5, r4, #4
100044d0:	0029      	movs	r1, r5
100044d2:	3130      	adds	r1, #48	@ 0x30
100044d4:	2c9f      	cmp	r4, #159	@ 0x9f
100044d6:	d85f      	bhi.n	10004598 <pico_get_unique_board_id_string+0x188>
100044d8:	7201      	strb	r1, [r0, #8]
100044da:	2b09      	cmp	r3, #9
100044dc:	d068      	beq.n	100045b0 <pico_get_unique_board_id_string+0x1a0>
100044de:	210f      	movs	r1, #15
100044e0:	4021      	ands	r1, r4
100044e2:	000c      	movs	r4, r1
100044e4:	3430      	adds	r4, #48	@ 0x30
100044e6:	2909      	cmp	r1, #9
100044e8:	d858      	bhi.n	1000459c <pico_get_unique_board_id_string+0x18c>
100044ea:	7244      	strb	r4, [r0, #9]
100044ec:	2b0a      	cmp	r3, #10
100044ee:	d05f      	beq.n	100045b0 <pico_get_unique_board_id_string+0x1a0>
100044f0:	7954      	ldrb	r4, [r2, #5]
100044f2:	0925      	lsrs	r5, r4, #4
100044f4:	0029      	movs	r1, r5
100044f6:	3130      	adds	r1, #48	@ 0x30
100044f8:	2c9f      	cmp	r4, #159	@ 0x9f
100044fa:	d852      	bhi.n	100045a2 <pico_get_unique_board_id_string+0x192>
100044fc:	7281      	strb	r1, [r0, #10]
100044fe:	2b0b      	cmp	r3, #11
10004500:	d056      	beq.n	100045b0 <pico_get_unique_board_id_string+0x1a0>
10004502:	210f      	movs	r1, #15
10004504:	4021      	ands	r1, r4
10004506:	000c      	movs	r4, r1
10004508:	3430      	adds	r4, #48	@ 0x30
1000450a:	2909      	cmp	r1, #9
1000450c:	d84b      	bhi.n	100045a6 <pico_get_unique_board_id_string+0x196>
1000450e:	72c4      	strb	r4, [r0, #11]
10004510:	2b0c      	cmp	r3, #12
10004512:	d04d      	beq.n	100045b0 <pico_get_unique_board_id_string+0x1a0>
10004514:	7994      	ldrb	r4, [r2, #6]
10004516:	0925      	lsrs	r5, r4, #4
10004518:	0029      	movs	r1, r5
1000451a:	3130      	adds	r1, #48	@ 0x30
1000451c:	2c9f      	cmp	r4, #159	@ 0x9f
1000451e:	d900      	bls.n	10004522 <pico_get_unique_board_id_string+0x112>
10004520:	3107      	adds	r1, #7
10004522:	7301      	strb	r1, [r0, #12]
10004524:	2b0d      	cmp	r3, #13
10004526:	d043      	beq.n	100045b0 <pico_get_unique_board_id_string+0x1a0>
10004528:	210f      	movs	r1, #15
1000452a:	4021      	ands	r1, r4
1000452c:	000c      	movs	r4, r1
1000452e:	3430      	adds	r4, #48	@ 0x30
10004530:	2909      	cmp	r1, #9
10004532:	d901      	bls.n	10004538 <pico_get_unique_board_id_string+0x128>
10004534:	3137      	adds	r1, #55	@ 0x37
10004536:	000c      	movs	r4, r1
10004538:	7344      	strb	r4, [r0, #13]
1000453a:	2b0e      	cmp	r3, #14
1000453c:	d038      	beq.n	100045b0 <pico_get_unique_board_id_string+0x1a0>
1000453e:	79d1      	ldrb	r1, [r2, #7]
10004540:	090c      	lsrs	r4, r1, #4
10004542:	0022      	movs	r2, r4
10004544:	3230      	adds	r2, #48	@ 0x30
10004546:	299f      	cmp	r1, #159	@ 0x9f
10004548:	d900      	bls.n	1000454c <pico_get_unique_board_id_string+0x13c>
1000454a:	3207      	adds	r2, #7
1000454c:	7382      	strb	r2, [r0, #14]
1000454e:	2b0f      	cmp	r3, #15
10004550:	d02e      	beq.n	100045b0 <pico_get_unique_board_id_string+0x1a0>
10004552:	220f      	movs	r2, #15
10004554:	400a      	ands	r2, r1
10004556:	0011      	movs	r1, r2
10004558:	3137      	adds	r1, #55	@ 0x37
1000455a:	2a09      	cmp	r2, #9
1000455c:	d801      	bhi.n	10004562 <pico_get_unique_board_id_string+0x152>
1000455e:	3230      	adds	r2, #48	@ 0x30
10004560:	0011      	movs	r1, r2
10004562:	73c1      	strb	r1, [r0, #15]
10004564:	2b10      	cmp	r3, #16
10004566:	d023      	beq.n	100045b0 <pico_get_unique_board_id_string+0x1a0>
10004568:	3010      	adds	r0, #16
1000456a:	2300      	movs	r3, #0
1000456c:	7003      	strb	r3, [r0, #0]
1000456e:	bd30      	pop	{r4, r5, pc}
10004570:	3407      	adds	r4, #7
10004572:	e75a      	b.n	1000442a <pico_get_unique_board_id_string+0x1a>
10004574:	3137      	adds	r1, #55	@ 0x37
10004576:	000c      	movs	r4, r1
10004578:	e763      	b.n	10004442 <pico_get_unique_board_id_string+0x32>
1000457a:	3107      	adds	r1, #7
1000457c:	e76c      	b.n	10004458 <pico_get_unique_board_id_string+0x48>
1000457e:	3137      	adds	r1, #55	@ 0x37
10004580:	000c      	movs	r4, r1
10004582:	e774      	b.n	1000446e <pico_get_unique_board_id_string+0x5e>
10004584:	3107      	adds	r1, #7
10004586:	e77d      	b.n	10004484 <pico_get_unique_board_id_string+0x74>
10004588:	3137      	adds	r1, #55	@ 0x37
1000458a:	000c      	movs	r4, r1
1000458c:	e785      	b.n	1000449a <pico_get_unique_board_id_string+0x8a>
1000458e:	3107      	adds	r1, #7
10004590:	e78e      	b.n	100044b0 <pico_get_unique_board_id_string+0xa0>
10004592:	3137      	adds	r1, #55	@ 0x37
10004594:	000c      	movs	r4, r1
10004596:	e795      	b.n	100044c4 <pico_get_unique_board_id_string+0xb4>
10004598:	3107      	adds	r1, #7
1000459a:	e79d      	b.n	100044d8 <pico_get_unique_board_id_string+0xc8>
1000459c:	3137      	adds	r1, #55	@ 0x37
1000459e:	000c      	movs	r4, r1
100045a0:	e7a3      	b.n	100044ea <pico_get_unique_board_id_string+0xda>
100045a2:	3107      	adds	r1, #7
100045a4:	e7aa      	b.n	100044fc <pico_get_unique_board_id_string+0xec>
100045a6:	3137      	adds	r1, #55	@ 0x37
100045a8:	000c      	movs	r4, r1
100045aa:	72c4      	strb	r4, [r0, #11]
100045ac:	2b0c      	cmp	r3, #12
100045ae:	d1b1      	bne.n	10004514 <pico_get_unique_board_id_string+0x104>
100045b0:	18c0      	adds	r0, r0, r3
100045b2:	e7da      	b.n	1000456a <pico_get_unique_board_id_string+0x15a>
100045b4:	20002278 	.word	0x20002278

100045b8 <flash_get_unique_id>:
100045b8:	b510      	push	{r4, lr}
100045ba:	b088      	sub	sp, #32
100045bc:	0004      	movs	r4, r0
100045be:	220d      	movs	r2, #13
100045c0:	2100      	movs	r1, #0
100045c2:	4668      	mov	r0, sp
100045c4:	f7fd fda2 	bl	1000210c <__wrap_memset>
100045c8:	220d      	movs	r2, #13
100045ca:	2100      	movs	r1, #0
100045cc:	a804      	add	r0, sp, #16
100045ce:	f7fd fd9d 	bl	1000210c <__wrap_memset>
100045d2:	234b      	movs	r3, #75	@ 0x4b
100045d4:	466a      	mov	r2, sp
100045d6:	4668      	mov	r0, sp
100045d8:	7013      	strb	r3, [r2, #0]
100045da:	a904      	add	r1, sp, #16
100045dc:	220d      	movs	r2, #13
100045de:	f005 f9e3 	bl	100099a8 <__flash_do_cmd_veneer>
100045e2:	2115      	movs	r1, #21
100045e4:	2208      	movs	r2, #8
100045e6:	0020      	movs	r0, r4
100045e8:	4469      	add	r1, sp
100045ea:	f7fd fd95 	bl	10002118 <__wrap___aeabi_memcpy>
100045ee:	b008      	add	sp, #32
100045f0:	bd10      	pop	{r4, pc}
100045f2:	46c0      	nop			@ (mov r8, r8)

100045f4 <dcd_init>:
100045f4:	b5f8      	push	{r3, r4, r5, r6, r7, lr}
100045f6:	f000 f947 	bl	10004888 <rp2040_usb_init>
100045fa:	230c      	movs	r3, #12
100045fc:	4d19      	ldr	r5, [pc, #100]	@ (10004664 <dcd_init+0x70>)
100045fe:	22ff      	movs	r2, #255	@ 0xff
10004600:	67ab      	str	r3, [r5, #120]	@ 0x78
10004602:	2005      	movs	r0, #5
10004604:	4918      	ldr	r1, [pc, #96]	@ (10004668 <dcd_init+0x74>)
10004606:	f7fc f85b 	bl	100006c0 <irq_add_shared_handler>
1000460a:	4c18      	ldr	r4, [pc, #96]	@ (1000466c <dcd_init+0x78>)
1000460c:	2240      	movs	r2, #64	@ 0x40
1000460e:	2100      	movs	r1, #0
10004610:	0020      	movs	r0, r4
10004612:	f7fd fd7b 	bl	1000210c <__wrap_memset>
10004616:	2740      	movs	r7, #64	@ 0x40
10004618:	2300      	movs	r3, #0
1000461a:	2601      	movs	r6, #1
1000461c:	2121      	movs	r1, #33	@ 0x21
1000461e:	4a14      	ldr	r2, [pc, #80]	@ (10004670 <dcd_init+0x7c>)
10004620:	7066      	strb	r6, [r4, #1]
10004622:	8327      	strh	r7, [r4, #24]
10004624:	60a2      	str	r2, [r4, #8]
10004626:	6013      	str	r3, [r2, #0]
10004628:	5463      	strb	r3, [r4, r1]
1000462a:	315f      	adds	r1, #95	@ 0x5f
1000462c:	8461      	strh	r1, [r4, #34]	@ 0x22
1000462e:	3945      	subs	r1, #69	@ 0x45
10004630:	5463      	strb	r3, [r4, r1]
10004632:	4a10      	ldr	r2, [pc, #64]	@ (10004674 <dcd_init+0x80>)
10004634:	4910      	ldr	r1, [pc, #64]	@ (10004678 <dcd_init+0x84>)
10004636:	6063      	str	r3, [r4, #4]
10004638:	60e2      	str	r2, [r4, #12]
1000463a:	8727      	strh	r7, [r4, #56]	@ 0x38
1000463c:	62a1      	str	r1, [r4, #40]	@ 0x28
1000463e:	600b      	str	r3, [r1, #0]
10004640:	6263      	str	r3, [r4, #36]	@ 0x24
10004642:	62e2      	str	r2, [r4, #44]	@ 0x2c
10004644:	f005 fa00 	bl	10009a48 <__reset_non_control_endpoints_veneer>
10004648:	2380      	movs	r3, #128	@ 0x80
1000464a:	059b      	lsls	r3, r3, #22
1000464c:	642e      	str	r6, [r5, #64]	@ 0x40
1000464e:	64eb      	str	r3, [r5, #76]	@ 0x4c
10004650:	2390      	movs	r3, #144	@ 0x90
10004652:	4a0a      	ldr	r2, [pc, #40]	@ (1000467c <dcd_init+0x88>)
10004654:	2001      	movs	r0, #1
10004656:	50ea      	str	r2, [r5, r3]
10004658:	2280      	movs	r2, #128	@ 0x80
1000465a:	4b09      	ldr	r3, [pc, #36]	@ (10004680 <dcd_init+0x8c>)
1000465c:	0252      	lsls	r2, r2, #9
1000465e:	64da      	str	r2, [r3, #76]	@ 0x4c
10004660:	bdf8      	pop	{r3, r4, r5, r6, r7, pc}
10004662:	46c0      	nop			@ (mov r8, r8)
10004664:	50110000 	.word	0x50110000
10004668:	2000052d 	.word	0x2000052d
1000466c:	20001b9c 	.word	0x20001b9c
10004670:	50100084 	.word	0x50100084
10004674:	50100100 	.word	0x50100100
10004678:	50100080 	.word	0x50100080
1000467c:	0001d010 	.word	0x0001d010
10004680:	50112000 	.word	0x50112000

10004684 <dcd_int_enable>:
10004684:	b510      	push	{r4, lr}
10004686:	2101      	movs	r1, #1
10004688:	2005      	movs	r0, #5
1000468a:	f7fb ffb7 	bl	100005fc <irq_set_enabled>
1000468e:	bd10      	pop	{r4, pc}

10004690 <dcd_set_address>:
10004690:	b510      	push	{r4, lr}
10004692:	2200      	movs	r2, #0
10004694:	2100      	movs	r1, #0
10004696:	4802      	ldr	r0, [pc, #8]	@ (100046a0 <dcd_set_address+0x10>)
10004698:	f000 f916 	bl	100048c8 <hw_endpoint_xfer_start>
1000469c:	bd10      	pop	{r4, pc}
1000469e:	46c0      	nop			@ (mov r8, r8)
100046a0:	20001bbc 	.word	0x20001bbc

100046a4 <dcd_sof_enable>:
100046a4:	4b04      	ldr	r3, [pc, #16]	@ (100046b8 <dcd_sof_enable+0x14>)
100046a6:	7019      	strb	r1, [r3, #0]
100046a8:	2900      	cmp	r1, #0
100046aa:	d004      	beq.n	100046b6 <dcd_sof_enable+0x12>
100046ac:	2180      	movs	r1, #128	@ 0x80
100046ae:	2390      	movs	r3, #144	@ 0x90
100046b0:	4a02      	ldr	r2, [pc, #8]	@ (100046bc <dcd_sof_enable+0x18>)
100046b2:	0289      	lsls	r1, r1, #10
100046b4:	50d1      	str	r1, [r2, r3]
100046b6:	4770      	bx	lr
100046b8:	20022491 	.word	0x20022491
100046bc:	50112000 	.word	0x50112000

100046c0 <dcd_edpt0_status_complete>:
100046c0:	780b      	ldrb	r3, [r1, #0]
100046c2:	065b      	lsls	r3, r3, #25
100046c4:	d102      	bne.n	100046cc <dcd_edpt0_status_complete+0xc>
100046c6:	784b      	ldrb	r3, [r1, #1]
100046c8:	2b05      	cmp	r3, #5
100046ca:	d000      	beq.n	100046ce <dcd_edpt0_status_complete+0xe>
100046cc:	4770      	bx	lr
100046ce:	788a      	ldrb	r2, [r1, #2]
100046d0:	4b01      	ldr	r3, [pc, #4]	@ (100046d8 <dcd_edpt0_status_complete+0x18>)
100046d2:	601a      	str	r2, [r3, #0]
100046d4:	e7fa      	b.n	100046cc <dcd_edpt0_status_complete+0xc>
100046d6:	46c0      	nop			@ (mov r8, r8)
100046d8:	50110000 	.word	0x50110000

100046dc <dcd_edpt_open>:
100046dc:	b5f0      	push	{r4, r5, r6, r7, lr}
100046de:	46c6      	mov	lr, r8
100046e0:	78c8      	ldrb	r0, [r1, #3]
100046e2:	b500      	push	{lr}
100046e4:	0780      	lsls	r0, r0, #30
100046e6:	0f83      	lsrs	r3, r0, #30
100046e8:	0018      	movs	r0, r3
100046ea:	2b01      	cmp	r3, #1
100046ec:	d060      	beq.n	100047b0 <dcd_edpt_open+0xd4>
100046ee:	788f      	ldrb	r7, [r1, #2]
100046f0:	790a      	ldrb	r2, [r1, #4]
100046f2:	794b      	ldrb	r3, [r1, #5]
100046f4:	217f      	movs	r1, #127	@ 0x7f
100046f6:	4039      	ands	r1, r7
100046f8:	09fc      	lsrs	r4, r7, #7
100046fa:	021b      	lsls	r3, r3, #8
100046fc:	004e      	lsls	r6, r1, #1
100046fe:	4313      	orrs	r3, r2
10004700:	4d33      	ldr	r5, [pc, #204]	@ (100047d0 <dcd_edpt_open+0xf4>)
10004702:	1932      	adds	r2, r6, r4
10004704:	0152      	lsls	r2, r2, #5
10004706:	18aa      	adds	r2, r5, r2
10004708:	7097      	strb	r7, [r2, #2]
1000470a:	2701      	movs	r7, #1
1000470c:	4067      	eors	r7, r4
1000470e:	7057      	strb	r7, [r2, #1]
10004710:	2700      	movs	r7, #0
10004712:	055b      	lsls	r3, r3, #21
10004714:	0d5b      	lsrs	r3, r3, #21
10004716:	70d7      	strb	r7, [r2, #3]
10004718:	8313      	strh	r3, [r2, #24]
1000471a:	76d0      	strb	r0, [r2, #27]
1000471c:	46b8      	mov	r8, r7
1000471e:	00ca      	lsls	r2, r1, #3
10004720:	2c01      	cmp	r4, #1
10004722:	d032      	beq.n	1000478a <dcd_edpt_open+0xae>
10004724:	4f2b      	ldr	r7, [pc, #172]	@ (100047d4 <dcd_edpt_open+0xf8>)
10004726:	46bc      	mov	ip, r7
10004728:	018f      	lsls	r7, r1, #6
1000472a:	4462      	add	r2, ip
1000472c:	46bc      	mov	ip, r7
1000472e:	44ac      	add	ip, r5
10004730:	4667      	mov	r7, ip
10004732:	60ba      	str	r2, [r7, #8]
10004734:	4647      	mov	r7, r8
10004736:	6017      	str	r7, [r2, #0]
10004738:	2900      	cmp	r1, #0
1000473a:	d032      	beq.n	100047a2 <dcd_edpt_open+0xc6>
1000473c:	4a26      	ldr	r2, [pc, #152]	@ (100047d8 <dcd_edpt_open+0xfc>)
1000473e:	00c9      	lsls	r1, r1, #3
10004740:	4690      	mov	r8, r2
10004742:	4662      	mov	r2, ip
10004744:	4441      	add	r1, r8
10004746:	6051      	str	r1, [r2, #4]
10004748:	223f      	movs	r2, #63	@ 0x3f
1000474a:	333f      	adds	r3, #63	@ 0x3f
1000474c:	4393      	bics	r3, r2
1000474e:	2802      	cmp	r0, #2
10004750:	d037      	beq.n	100047c2 <dcd_edpt_open+0xe6>
10004752:	4922      	ldr	r1, [pc, #136]	@ (100047dc <dcd_edpt_open+0x100>)
10004754:	1937      	adds	r7, r6, r4
10004756:	680a      	ldr	r2, [r1, #0]
10004758:	017f      	lsls	r7, r7, #5
1000475a:	18d3      	adds	r3, r2, r3
1000475c:	600b      	str	r3, [r1, #0]
1000475e:	4920      	ldr	r1, [pc, #128]	@ (100047e0 <dcd_edpt_open+0x104>)
10004760:	19ef      	adds	r7, r5, r7
10004762:	60fa      	str	r2, [r7, #12]
10004764:	428b      	cmp	r3, r1
10004766:	d82e      	bhi.n	100047c6 <dcd_edpt_open+0xea>
10004768:	1936      	adds	r6, r6, r4
1000476a:	0176      	lsls	r6, r6, #5
1000476c:	19ad      	adds	r5, r5, r6
1000476e:	7eeb      	ldrb	r3, [r5, #27]
10004770:	491c      	ldr	r1, [pc, #112]	@ (100047e4 <dcd_edpt_open+0x108>)
10004772:	069b      	lsls	r3, r3, #26
10004774:	404a      	eors	r2, r1
10004776:	4313      	orrs	r3, r2
10004778:	2280      	movs	r2, #128	@ 0x80
1000477a:	0612      	lsls	r2, r2, #24
1000477c:	4313      	orrs	r3, r2
1000477e:	686a      	ldr	r2, [r5, #4]
10004780:	6013      	str	r3, [r2, #0]
10004782:	2001      	movs	r0, #1
10004784:	bc80      	pop	{r7}
10004786:	46b8      	mov	r8, r7
10004788:	bdf0      	pop	{r4, r5, r6, r7, pc}
1000478a:	4f17      	ldr	r7, [pc, #92]	@ (100047e8 <dcd_edpt_open+0x10c>)
1000478c:	46bc      	mov	ip, r7
1000478e:	018f      	lsls	r7, r1, #6
10004790:	4462      	add	r2, ip
10004792:	46bc      	mov	ip, r7
10004794:	44ac      	add	ip, r5
10004796:	4667      	mov	r7, ip
10004798:	62ba      	str	r2, [r7, #40]	@ 0x28
1000479a:	4647      	mov	r7, r8
1000479c:	6017      	str	r7, [r2, #0]
1000479e:	2900      	cmp	r1, #0
100047a0:	d108      	bne.n	100047b4 <dcd_edpt_open+0xd8>
100047a2:	2300      	movs	r3, #0
100047a4:	0164      	lsls	r4, r4, #5
100047a6:	192c      	adds	r4, r5, r4
100047a8:	6063      	str	r3, [r4, #4]
100047aa:	4b10      	ldr	r3, [pc, #64]	@ (100047ec <dcd_edpt_open+0x110>)
100047ac:	60e3      	str	r3, [r4, #12]
100047ae:	e7e8      	b.n	10004782 <dcd_edpt_open+0xa6>
100047b0:	2000      	movs	r0, #0
100047b2:	e7e7      	b.n	10004784 <dcd_edpt_open+0xa8>
100047b4:	4a0b      	ldr	r2, [pc, #44]	@ (100047e4 <dcd_edpt_open+0x108>)
100047b6:	00c9      	lsls	r1, r1, #3
100047b8:	4690      	mov	r8, r2
100047ba:	4662      	mov	r2, ip
100047bc:	4441      	add	r1, r8
100047be:	6251      	str	r1, [r2, #36]	@ 0x24
100047c0:	e7c2      	b.n	10004748 <dcd_edpt_open+0x6c>
100047c2:	005b      	lsls	r3, r3, #1
100047c4:	e7c5      	b.n	10004752 <dcd_edpt_open+0x76>
100047c6:	f7fc ff7f 	bl	100016c8 <hard_assertion_failure>
100047ca:	68fa      	ldr	r2, [r7, #12]
100047cc:	e7cc      	b.n	10004768 <dcd_edpt_open+0x8c>
100047ce:	46c0      	nop			@ (mov r8, r8)
100047d0:	20001b9c 	.word	0x20001b9c
100047d4:	50100084 	.word	0x50100084
100047d8:	50100004 	.word	0x50100004
100047dc:	20001fa4 	.word	0x20001fa4
100047e0:	50100fff 	.word	0x50100fff
100047e4:	50100000 	.word	0x50100000
100047e8:	50100080 	.word	0x50100080
100047ec:	50100100 	.word	0x50100100

100047f0 <dcd_edpt_close_all>:
100047f0:	b510      	push	{r4, lr}
100047f2:	f005 f929 	bl	10009a48 <__reset_non_control_endpoints_veneer>
100047f6:	bd10      	pop	{r4, pc}

100047f8 <dcd_edpt_xfer>:
100047f8:	b510      	push	{r4, lr}
100047fa:	207f      	movs	r0, #127	@ 0x7f
100047fc:	000c      	movs	r4, r1
100047fe:	4020      	ands	r0, r4
10004800:	0040      	lsls	r0, r0, #1
10004802:	09e4      	lsrs	r4, r4, #7
10004804:	0011      	movs	r1, r2
10004806:	1900      	adds	r0, r0, r4
10004808:	001a      	movs	r2, r3
1000480a:	4b03      	ldr	r3, [pc, #12]	@ (10004818 <dcd_edpt_xfer+0x20>)
1000480c:	0140      	lsls	r0, r0, #5
1000480e:	18c0      	adds	r0, r0, r3
10004810:	f000 f85a 	bl	100048c8 <hw_endpoint_xfer_start>
10004814:	2001      	movs	r0, #1
10004816:	bd10      	pop	{r4, pc}
10004818:	20001b9c 	.word	0x20001b9c

1000481c <dcd_edpt_stall>:
1000481c:	237f      	movs	r3, #127	@ 0x7f
1000481e:	0018      	movs	r0, r3
10004820:	b500      	push	{lr}
10004822:	4008      	ands	r0, r1
10004824:	b083      	sub	sp, #12
10004826:	420b      	tst	r3, r1
10004828:	d104      	bne.n	10004834 <dcd_edpt_stall+0x18>
1000482a:	424b      	negs	r3, r1
1000482c:	414b      	adcs	r3, r1
1000482e:	4a08      	ldr	r2, [pc, #32]	@ (10004850 <dcd_edpt_stall+0x34>)
10004830:	3301      	adds	r3, #1
10004832:	6693      	str	r3, [r2, #104]	@ 0x68
10004834:	2280      	movs	r2, #128	@ 0x80
10004836:	09c9      	lsrs	r1, r1, #7
10004838:	0040      	lsls	r0, r0, #1
1000483a:	4b06      	ldr	r3, [pc, #24]	@ (10004854 <dcd_edpt_stall+0x38>)
1000483c:	1840      	adds	r0, r0, r1
1000483e:	0140      	lsls	r0, r0, #5
10004840:	2100      	movs	r1, #0
10004842:	18c0      	adds	r0, r0, r3
10004844:	0112      	lsls	r2, r2, #4
10004846:	f005 f907 	bl	10009a58 <___hw_endpoint_buffer_control_update32_veneer>
1000484a:	b003      	add	sp, #12
1000484c:	bd00      	pop	{pc}
1000484e:	46c0      	nop			@ (mov r8, r8)
10004850:	50112000 	.word	0x50112000
10004854:	20001b9c 	.word	0x20001b9c

10004858 <dcd_edpt_clear_stall>:
10004858:	227f      	movs	r2, #127	@ 0x7f
1000485a:	0013      	movs	r3, r2
1000485c:	b510      	push	{r4, lr}
1000485e:	400b      	ands	r3, r1
10004860:	420a      	tst	r2, r1
10004862:	d100      	bne.n	10004866 <dcd_edpt_clear_stall+0xe>
10004864:	bd10      	pop	{r4, pc}
10004866:	09c9      	lsrs	r1, r1, #7
10004868:	005b      	lsls	r3, r3, #1
1000486a:	185b      	adds	r3, r3, r1
1000486c:	4804      	ldr	r0, [pc, #16]	@ (10004880 <dcd_edpt_clear_stall+0x28>)
1000486e:	015b      	lsls	r3, r3, #5
10004870:	18c0      	adds	r0, r0, r3
10004872:	2300      	movs	r3, #0
10004874:	2200      	movs	r2, #0
10004876:	4903      	ldr	r1, [pc, #12]	@ (10004884 <dcd_edpt_clear_stall+0x2c>)
10004878:	70c3      	strb	r3, [r0, #3]
1000487a:	f005 f8ed 	bl	10009a58 <___hw_endpoint_buffer_control_update32_veneer>
1000487e:	e7f1      	b.n	10004864 <dcd_edpt_clear_stall+0xc>
10004880:	20001b9c 	.word	0x20001b9c
10004884:	fffff7ff 	.word	0xfffff7ff

10004888 <rp2040_usb_init>:
10004888:	2280      	movs	r2, #128	@ 0x80
1000488a:	4b0a      	ldr	r3, [pc, #40]	@ (100048b4 <rp2040_usb_init+0x2c>)
1000488c:	0452      	lsls	r2, r2, #17
1000488e:	b510      	push	{r4, lr}
10004890:	601a      	str	r2, [r3, #0]
10004892:	4b09      	ldr	r3, [pc, #36]	@ (100048b8 <rp2040_usb_init+0x30>)
10004894:	4909      	ldr	r1, [pc, #36]	@ (100048bc <rp2040_usb_init+0x34>)
10004896:	601a      	str	r2, [r3, #0]
10004898:	0010      	movs	r0, r2
1000489a:	680b      	ldr	r3, [r1, #0]
1000489c:	4398      	bics	r0, r3
1000489e:	d1fb      	bne.n	10004898 <rp2040_usb_init+0x10>
100048a0:	2280      	movs	r2, #128	@ 0x80
100048a2:	2100      	movs	r1, #0
100048a4:	0152      	lsls	r2, r2, #5
100048a6:	4806      	ldr	r0, [pc, #24]	@ (100048c0 <rp2040_usb_init+0x38>)
100048a8:	f7fd fc30 	bl	1000210c <__wrap_memset>
100048ac:	2209      	movs	r2, #9
100048ae:	4b05      	ldr	r3, [pc, #20]	@ (100048c4 <rp2040_usb_init+0x3c>)
100048b0:	675a      	str	r2, [r3, #116]	@ 0x74
100048b2:	bd10      	pop	{r4, pc}
100048b4:	4000e000 	.word	0x4000e000
100048b8:	4000f000 	.word	0x4000f000
100048bc:	4000c008 	.word	0x4000c008
100048c0:	50100000 	.word	0x50100000
100048c4:	50110000 	.word	0x50110000

100048c8 <hw_endpoint_xfer_start>:
100048c8:	2300      	movs	r3, #0
100048ca:	b510      	push	{r4, lr}
100048cc:	82c3      	strh	r3, [r0, #22]
100048ce:	3301      	adds	r3, #1
100048d0:	8282      	strh	r2, [r0, #20]
100048d2:	7683      	strb	r3, [r0, #26]
100048d4:	6101      	str	r1, [r0, #16]
100048d6:	0004      	movs	r4, r0
100048d8:	f005 f87e 	bl	100099d8 <__e15_is_bulkin_ep_veneer>
100048dc:	2800      	cmp	r0, #0
100048de:	d004      	beq.n	100048ea <hw_endpoint_xfer_start+0x22>
100048e0:	2180      	movs	r1, #128	@ 0x80
100048e2:	2390      	movs	r3, #144	@ 0x90
100048e4:	4a07      	ldr	r2, [pc, #28]	@ (10004904 <hw_endpoint_xfer_start+0x3c>)
100048e6:	0289      	lsls	r1, r1, #10
100048e8:	50d1      	str	r1, [r2, r3]
100048ea:	0020      	movs	r0, r4
100048ec:	f005 f87c 	bl	100099e8 <__e15_is_critical_frame_period_veneer>
100048f0:	2800      	cmp	r0, #0
100048f2:	d002      	beq.n	100048fa <hw_endpoint_xfer_start+0x32>
100048f4:	2301      	movs	r3, #1
100048f6:	7723      	strb	r3, [r4, #28]
100048f8:	bd10      	pop	{r4, pc}
100048fa:	0020      	movs	r0, r4
100048fc:	f005 f89c 	bl	10009a38 <__hw_endpoint_start_next_buffer_veneer>
10004900:	e7fa      	b.n	100048f8 <hw_endpoint_xfer_start+0x30>
10004902:	46c0      	nop			@ (mov r8, r8)
10004904:	50112000 	.word	0x50112000

10004908 <tud_event_hook_cb>:
10004908:	4770      	bx	lr
1000490a:	46c0      	nop			@ (mov r8, r8)

1000490c <tud_sof_cb>:
1000490c:	4770      	bx	lr
1000490e:	46c0      	nop			@ (mov r8, r8)

10004910 <tud_descriptor_device_qualifier_cb>:
10004910:	2000      	movs	r0, #0
10004912:	4770      	bx	lr

10004914 <tud_descriptor_other_speed_configuration_cb>:
10004914:	2000      	movs	r0, #0
10004916:	4770      	bx	lr

10004918 <tud_mount_cb>:
10004918:	4770      	bx	lr
1000491a:	46c0      	nop			@ (mov r8, r8)

1000491c <tud_umount_cb>:
1000491c:	4770      	bx	lr
1000491e:	46c0      	nop			@ (mov r8, r8)

10004920 <tud_suspend_cb>:
10004920:	4770      	bx	lr
10004922:	46c0      	nop			@ (mov r8, r8)

10004924 <tud_resume_cb>:
10004924:	4770      	bx	lr
10004926:	46c0      	nop			@ (mov r8, r8)

10004928 <tud_mounted>:
10004928:	4b02      	ldr	r3, [pc, #8]	@ (10004934 <tud_mounted+0xc>)
1000492a:	7858      	ldrb	r0, [r3, #1]
1000492c:	1e43      	subs	r3, r0, #1
1000492e:	4198      	sbcs	r0, r3
10004930:	b2c0      	uxtb	r0, r0
10004932:	4770      	bx	lr
10004934:	20001530 	.word	0x20001530

10004938 <tud_suspended>:
10004938:	4b02      	ldr	r3, [pc, #8]	@ (10004944 <tud_suspended+0xc>)
1000493a:	7818      	ldrb	r0, [r3, #0]
1000493c:	0740      	lsls	r0, r0, #29
1000493e:	0fc0      	lsrs	r0, r0, #31
10004940:	4770      	bx	lr
10004942:	46c0      	nop			@ (mov r8, r8)
10004944:	20001530 	.word	0x20001530

10004948 <tud_rhport_init>:
10004948:	b5f0      	push	{r4, r5, r6, r7, lr}
1000494a:	46d6      	mov	lr, sl
1000494c:	464f      	mov	r7, r9
1000494e:	4646      	mov	r6, r8
10004950:	b5c0      	push	{r6, r7, lr}
10004952:	4b2f      	ldr	r3, [pc, #188]	@ (10004a10 <tud_rhport_init+0xc8>)
10004954:	0007      	movs	r7, r0
10004956:	469a      	mov	sl, r3
10004958:	781b      	ldrb	r3, [r3, #0]
1000495a:	000e      	movs	r6, r1
1000495c:	2bff      	cmp	r3, #255	@ 0xff
1000495e:	d150      	bne.n	10004a02 <tud_rhport_init+0xba>
10004960:	2900      	cmp	r1, #0
10004962:	d041      	beq.n	100049e8 <tud_rhport_init+0xa0>
10004964:	2100      	movs	r1, #0
10004966:	2254      	movs	r2, #84	@ 0x54
10004968:	482a      	ldr	r0, [pc, #168]	@ (10004a14 <tud_rhport_init+0xcc>)
1000496a:	f7fd fbcf 	bl	1000210c <__wrap_memset>
1000496e:	2200      	movs	r2, #0
10004970:	4c29      	ldr	r4, [pc, #164]	@ (10004a18 <tud_rhport_init+0xd0>)
10004972:	4b2a      	ldr	r3, [pc, #168]	@ (10004a1c <tud_rhport_init+0xd4>)
10004974:	0020      	movs	r0, r4
10004976:	701a      	strb	r2, [r3, #0]
10004978:	f7fc f852 	bl	10000a20 <mutex_init>
1000497c:	4b28      	ldr	r3, [pc, #160]	@ (10004a20 <tud_rhport_init+0xd8>)
1000497e:	601c      	str	r4, [r3, #0]
10004980:	4c28      	ldr	r4, [pc, #160]	@ (10004a24 <tud_rhport_init+0xdc>)
10004982:	0020      	movs	r0, r4
10004984:	3c14      	subs	r4, #20
10004986:	f7fc f859 	bl	10000a3c <critical_section_init>
1000498a:	0020      	movs	r0, r4
1000498c:	f001 fdf2 	bl	10006574 <tu_fifo_clear>
10004990:	4b25      	ldr	r3, [pc, #148]	@ (10004a28 <tud_rhport_init+0xe0>)
10004992:	4d26      	ldr	r5, [pc, #152]	@ (10004a2c <tud_rhport_init+0xe4>)
10004994:	601c      	str	r4, [r3, #0]
10004996:	4b26      	ldr	r3, [pc, #152]	@ (10004a30 <tud_rhport_init+0xe8>)
10004998:	2b00      	cmp	r3, #0
1000499a:	d004      	beq.n	100049a6 <tud_rhport_init+0x5e>
1000499c:	0028      	movs	r0, r5
1000499e:	f7ff fac7 	bl	10003f30 <usbd_app_driver_get_cb>
100049a2:	4b24      	ldr	r3, [pc, #144]	@ (10004a34 <tud_rhport_init+0xec>)
100049a4:	6018      	str	r0, [r3, #0]
100049a6:	4924      	ldr	r1, [pc, #144]	@ (10004a38 <tud_rhport_init+0xf0>)
100049a8:	2400      	movs	r4, #0
100049aa:	4689      	mov	r9, r1
100049ac:	4921      	ldr	r1, [pc, #132]	@ (10004a34 <tud_rhport_init+0xec>)
100049ae:	2300      	movs	r3, #0
100049b0:	4688      	mov	r8, r1
100049b2:	782a      	ldrb	r2, [r5, #0]
100049b4:	e010      	b.n	100049d8 <tud_rhport_init+0x90>
100049b6:	4643      	mov	r3, r8
100049b8:	681b      	ldr	r3, [r3, #0]
100049ba:	0162      	lsls	r2, r4, #5
100049bc:	189b      	adds	r3, r3, r2
100049be:	2b00      	cmp	r3, #0
100049c0:	d012      	beq.n	100049e8 <tud_rhport_init+0xa0>
100049c2:	685b      	ldr	r3, [r3, #4]
100049c4:	2b00      	cmp	r3, #0
100049c6:	d00f      	beq.n	100049e8 <tud_rhport_init+0xa0>
100049c8:	4798      	blx	r3
100049ca:	782a      	ldrb	r2, [r5, #0]
100049cc:	3401      	adds	r4, #1
100049ce:	b2e4      	uxtb	r4, r4
100049d0:	1c51      	adds	r1, r2, #1
100049d2:	0023      	movs	r3, r4
100049d4:	42a1      	cmp	r1, r4
100049d6:	db09      	blt.n	100049ec <tud_rhport_init+0xa4>
100049d8:	42a2      	cmp	r2, r4
100049da:	d8ec      	bhi.n	100049b6 <tud_rhport_init+0x6e>
100049dc:	1a9b      	subs	r3, r3, r2
100049de:	015b      	lsls	r3, r3, #5
100049e0:	444b      	add	r3, r9
100049e2:	685b      	ldr	r3, [r3, #4]
100049e4:	2b00      	cmp	r3, #0
100049e6:	d1ef      	bne.n	100049c8 <tud_rhport_init+0x80>
100049e8:	2000      	movs	r0, #0
100049ea:	e00b      	b.n	10004a04 <tud_rhport_init+0xbc>
100049ec:	4653      	mov	r3, sl
100049ee:	0031      	movs	r1, r6
100049f0:	0038      	movs	r0, r7
100049f2:	701f      	strb	r7, [r3, #0]
100049f4:	f7ff fdfe 	bl	100045f4 <dcd_init>
100049f8:	2800      	cmp	r0, #0
100049fa:	d0f5      	beq.n	100049e8 <tud_rhport_init+0xa0>
100049fc:	0038      	movs	r0, r7
100049fe:	f7ff fe41 	bl	10004684 <dcd_int_enable>
10004a02:	2001      	movs	r0, #1
10004a04:	bce0      	pop	{r5, r6, r7}
10004a06:	46ba      	mov	sl, r7
10004a08:	46b1      	mov	r9, r6
10004a0a:	46a8      	mov	r8, r5
10004a0c:	bdf0      	pop	{r4, r5, r6, r7, pc}
10004a0e:	46c0      	nop			@ (mov r8, r8)
10004a10:	200010a4 	.word	0x200010a4
10004a14:	20001530 	.word	0x20001530
10004a18:	20001528 	.word	0x20001528
10004a1c:	20022492 	.word	0x20022492
10004a20:	20001584 	.word	0x20001584
10004a24:	2000109c 	.word	0x2000109c
10004a28:	20001588 	.word	0x20001588
10004a2c:	20022490 	.word	0x20022490
10004a30:	10003f31 	.word	0x10003f31
10004a34:	20001380 	.word	0x20001380
10004a38:	1000a12c 	.word	0x1000a12c

10004a3c <tud_task_ext>:
10004a3c:	b5f0      	push	{r4, r5, r6, r7, lr}
10004a3e:	46de      	mov	lr, fp
10004a40:	4657      	mov	r7, sl
10004a42:	464e      	mov	r6, r9
10004a44:	4645      	mov	r5, r8
10004a46:	b5e0      	push	{r5, r6, r7, lr}
10004a48:	4bc8      	ldr	r3, [pc, #800]	@ (10004d6c <tud_task_ext+0x330>)
10004a4a:	b091      	sub	sp, #68	@ 0x44
10004a4c:	9302      	str	r3, [sp, #8]
10004a4e:	781b      	ldrb	r3, [r3, #0]
10004a50:	2bff      	cmp	r3, #255	@ 0xff
10004a52:	d100      	bne.n	10004a56 <tud_task_ext+0x1a>
10004a54:	e13e      	b.n	10004cd4 <tud_task_ext+0x298>
10004a56:	4bc6      	ldr	r3, [pc, #792]	@ (10004d70 <tud_task_ext+0x334>)
10004a58:	4ec6      	ldr	r6, [pc, #792]	@ (10004d74 <tud_task_ext+0x338>)
10004a5a:	469b      	mov	fp, r3
10004a5c:	465f      	mov	r7, fp
10004a5e:	4bc6      	ldr	r3, [pc, #792]	@ (10004d78 <tud_task_ext+0x33c>)
10004a60:	ac0d      	add	r4, sp, #52	@ 0x34
10004a62:	9301      	str	r3, [sp, #4]
10004a64:	4bc5      	ldr	r3, [pc, #788]	@ (10004d7c <tud_task_ext+0x340>)
10004a66:	9300      	str	r3, [sp, #0]
10004a68:	6835      	ldr	r5, [r6, #0]
10004a6a:	696a      	ldr	r2, [r5, #20]
10004a6c:	f3ef 8110 	mrs	r1, PRIMASK
10004a70:	b672      	cpsid	i
10004a72:	6813      	ldr	r3, [r2, #0]
10004a74:	2b00      	cmp	r3, #0
10004a76:	d0fc      	beq.n	10004a72 <tud_task_ext+0x36>
10004a78:	f3bf 8f5f 	dmb	sy
10004a7c:	61a9      	str	r1, [r5, #24]
10004a7e:	0028      	movs	r0, r5
10004a80:	0021      	movs	r1, r4
10004a82:	f001 fbaf 	bl	100061e4 <tu_fifo_read>
10004a86:	696a      	ldr	r2, [r5, #20]
10004a88:	69ab      	ldr	r3, [r5, #24]
10004a8a:	f3bf 8f5f 	dmb	sy
10004a8e:	2100      	movs	r1, #0
10004a90:	6011      	str	r1, [r2, #0]
10004a92:	f383 8810 	msr	PRIMASK, r3
10004a96:	2800      	cmp	r0, #0
10004a98:	d100      	bne.n	10004a9c <tud_task_ext+0x60>
10004a9a:	e11b      	b.n	10004cd4 <tud_task_ext+0x298>
10004a9c:	7863      	ldrb	r3, [r4, #1]
10004a9e:	2b08      	cmp	r3, #8
10004aa0:	d8e2      	bhi.n	10004a68 <tud_task_ext+0x2c>
10004aa2:	009b      	lsls	r3, r3, #2
10004aa4:	58fb      	ldr	r3, [r7, r3]
10004aa6:	469f      	mov	pc, r3
10004aa8:	6863      	ldr	r3, [r4, #4]
10004aaa:	2b00      	cmp	r3, #0
10004aac:	d0dc      	beq.n	10004a68 <tud_task_ext+0x2c>
10004aae:	68a0      	ldr	r0, [r4, #8]
10004ab0:	4798      	blx	r3
10004ab2:	e7d9      	b.n	10004a68 <tud_task_ext+0x2c>
10004ab4:	227f      	movs	r2, #127	@ 0x7f
10004ab6:	7921      	ldrb	r1, [r4, #4]
10004ab8:	4daf      	ldr	r5, [pc, #700]	@ (10004d78 <tud_task_ext+0x33c>)
10004aba:	400a      	ands	r2, r1
10004abc:	0053      	lsls	r3, r2, #1
10004abe:	18eb      	adds	r3, r5, r3
10004ac0:	4698      	mov	r8, r3
10004ac2:	09c8      	lsrs	r0, r1, #7
10004ac4:	4480      	add	r8, r0
10004ac6:	4640      	mov	r0, r8
10004ac8:	2301      	movs	r3, #1
10004aca:	3030      	adds	r0, #48	@ 0x30
10004acc:	7905      	ldrb	r5, [r0, #4]
10004ace:	439d      	bics	r5, r3
10004ad0:	7105      	strb	r5, [r0, #4]
10004ad2:	7905      	ldrb	r5, [r0, #4]
10004ad4:	3303      	adds	r3, #3
10004ad6:	439d      	bics	r5, r3
10004ad8:	7105      	strb	r5, [r0, #4]
10004ada:	2a00      	cmp	r2, #0
10004adc:	d100      	bne.n	10004ae0 <tud_task_ext+0xa4>
10004ade:	e100      	b.n	10004ce2 <tud_task_ext+0x2a6>
10004ae0:	4643      	mov	r3, r8
10004ae2:	4aa7      	ldr	r2, [pc, #668]	@ (10004d80 <tud_task_ext+0x344>)
10004ae4:	7d1b      	ldrb	r3, [r3, #20]
10004ae6:	7812      	ldrb	r2, [r2, #0]
10004ae8:	4293      	cmp	r3, r2
10004aea:	d300      	bcc.n	10004aee <tud_task_ext+0xb2>
10004aec:	e0ef      	b.n	10004cce <tud_task_ext+0x292>
10004aee:	4aa5      	ldr	r2, [pc, #660]	@ (10004d84 <tud_task_ext+0x348>)
10004af0:	015b      	lsls	r3, r3, #5
10004af2:	6815      	ldr	r5, [r2, #0]
10004af4:	18ed      	adds	r5, r5, r3
10004af6:	2d00      	cmp	r5, #0
10004af8:	d100      	bne.n	10004afc <tud_task_ext+0xc0>
10004afa:	e0eb      	b.n	10004cd4 <tud_task_ext+0x298>
10004afc:	68a3      	ldr	r3, [r4, #8]
10004afe:	7962      	ldrb	r2, [r4, #5]
10004b00:	7820      	ldrb	r0, [r4, #0]
10004b02:	69ad      	ldr	r5, [r5, #24]
10004b04:	47a8      	blx	r5
10004b06:	e7af      	b.n	10004a68 <tud_task_ext+0x2c>
10004b08:	4a9f      	ldr	r2, [pc, #636]	@ (10004d88 <tud_task_ext+0x34c>)
10004b0a:	7813      	ldrb	r3, [r2, #0]
10004b0c:	2b00      	cmp	r3, #0
10004b0e:	d100      	bne.n	10004b12 <tud_task_ext+0xd6>
10004b10:	e0e0      	b.n	10004cd4 <tud_task_ext+0x298>
10004b12:	7813      	ldrb	r3, [r2, #0]
10004b14:	3b01      	subs	r3, #1
10004b16:	b2db      	uxtb	r3, r3
10004b18:	7013      	strb	r3, [r2, #0]
10004b1a:	7813      	ldrb	r3, [r2, #0]
10004b1c:	2b00      	cmp	r3, #0
10004b1e:	d1a3      	bne.n	10004a68 <tud_task_ext+0x2c>
10004b20:	2201      	movs	r2, #1
10004b22:	4d95      	ldr	r5, [pc, #596]	@ (10004d78 <tud_task_ext+0x33c>)
10004b24:	2101      	movs	r1, #1
10004b26:	782b      	ldrb	r3, [r5, #0]
10004b28:	2004      	movs	r0, #4
10004b2a:	4313      	orrs	r3, r2
10004b2c:	702b      	strb	r3, [r5, #0]
10004b2e:	2334      	movs	r3, #52	@ 0x34
10004b30:	5cea      	ldrb	r2, [r5, r3]
10004b32:	438a      	bics	r2, r1
10004b34:	54ea      	strb	r2, [r5, r3]
10004b36:	5cea      	ldrb	r2, [r5, r3]
10004b38:	4382      	bics	r2, r0
10004b3a:	54ea      	strb	r2, [r5, r3]
10004b3c:	3301      	adds	r3, #1
10004b3e:	5cea      	ldrb	r2, [r5, r3]
10004b40:	438a      	bics	r2, r1
10004b42:	54ea      	strb	r2, [r5, r3]
10004b44:	5cea      	ldrb	r2, [r5, r3]
10004b46:	4382      	bics	r2, r0
10004b48:	54ea      	strb	r2, [r5, r3]
10004b4a:	7823      	ldrb	r3, [r4, #0]
10004b4c:	2000      	movs	r0, #0
10004b4e:	469b      	mov	fp, r3
10004b50:	f000 fc9e 	bl	10005490 <usbd_control_set_complete_callback>
10004b54:	2260      	movs	r2, #96	@ 0x60
10004b56:	7923      	ldrb	r3, [r4, #4]
10004b58:	401a      	ands	r2, r3
10004b5a:	2a60      	cmp	r2, #96	@ 0x60
10004b5c:	d100      	bne.n	10004b60 <tud_task_ext+0x124>
10004b5e:	e0ef      	b.n	10004d40 <tud_task_ext+0x304>
10004b60:	2a40      	cmp	r2, #64	@ 0x40
10004b62:	d100      	bne.n	10004b66 <tud_task_ext+0x12a>
10004b64:	e0f5      	b.n	10004d52 <tud_task_ext+0x316>
10004b66:	06db      	lsls	r3, r3, #27
10004b68:	0edb      	lsrs	r3, r3, #27
10004b6a:	2b01      	cmp	r3, #1
10004b6c:	d100      	bne.n	10004b70 <tud_task_ext+0x134>
10004b6e:	e113      	b.n	10004d98 <tud_task_ext+0x35c>
10004b70:	2b02      	cmp	r3, #2
10004b72:	d100      	bne.n	10004b76 <tud_task_ext+0x13a>
10004b74:	e0c7      	b.n	10004d06 <tud_task_ext+0x2ca>
10004b76:	2b00      	cmp	r3, #0
10004b78:	d000      	beq.n	10004b7c <tud_task_ext+0x140>
10004b7a:	e0e1      	b.n	10004d40 <tud_task_ext+0x304>
10004b7c:	2a20      	cmp	r2, #32
10004b7e:	d100      	bne.n	10004b82 <tud_task_ext+0x146>
10004b80:	e21c      	b.n	10004fbc <tud_task_ext+0x580>
10004b82:	2a00      	cmp	r2, #0
10004b84:	d000      	beq.n	10004b88 <tud_task_ext+0x14c>
10004b86:	e0db      	b.n	10004d40 <tud_task_ext+0x304>
10004b88:	7963      	ldrb	r3, [r4, #5]
10004b8a:	2b09      	cmp	r3, #9
10004b8c:	d900      	bls.n	10004b90 <tud_task_ext+0x154>
10004b8e:	e0d7      	b.n	10004d40 <tud_task_ext+0x304>
10004b90:	4a7e      	ldr	r2, [pc, #504]	@ (10004d8c <tud_task_ext+0x350>)
10004b92:	009b      	lsls	r3, r3, #2
10004b94:	58d3      	ldr	r3, [r2, r3]
10004b96:	469f      	mov	pc, r3
10004b98:	4d77      	ldr	r5, [pc, #476]	@ (10004d78 <tud_task_ext+0x33c>)
10004b9a:	782b      	ldrb	r3, [r5, #0]
10004b9c:	07db      	lsls	r3, r3, #31
10004b9e:	d400      	bmi.n	10004ba2 <tud_task_ext+0x166>
10004ba0:	e762      	b.n	10004a68 <tud_task_ext+0x2c>
10004ba2:	f7ff febf 	bl	10004924 <tud_resume_cb>
10004ba6:	e75f      	b.n	10004a68 <tud_task_ext+0x2c>
10004ba8:	9b01      	ldr	r3, [sp, #4]
10004baa:	78db      	ldrb	r3, [r3, #3]
10004bac:	07db      	lsls	r3, r3, #31
10004bae:	d400      	bmi.n	10004bb2 <tud_task_ext+0x176>
10004bb0:	e75a      	b.n	10004a68 <tud_task_ext+0x2c>
10004bb2:	6860      	ldr	r0, [r4, #4]
10004bb4:	f7ff feaa 	bl	1000490c <tud_sof_cb>
10004bb8:	e756      	b.n	10004a68 <tud_task_ext+0x2c>
10004bba:	4d6f      	ldr	r5, [pc, #444]	@ (10004d78 <tud_task_ext+0x33c>)
10004bbc:	782b      	ldrb	r3, [r5, #0]
10004bbe:	07db      	lsls	r3, r3, #31
10004bc0:	d400      	bmi.n	10004bc4 <tud_task_ext+0x188>
10004bc2:	e751      	b.n	10004a68 <tud_task_ext+0x2c>
10004bc4:	7828      	ldrb	r0, [r5, #0]
10004bc6:	0700      	lsls	r0, r0, #28
10004bc8:	0fc0      	lsrs	r0, r0, #31
10004bca:	f7ff fea9 	bl	10004920 <tud_suspend_cb>
10004bce:	e74b      	b.n	10004a68 <tud_task_ext+0x2c>
10004bd0:	7823      	ldrb	r3, [r4, #0]
10004bd2:	496a      	ldr	r1, [pc, #424]	@ (10004d7c <tud_task_ext+0x340>)
10004bd4:	4699      	mov	r9, r3
10004bd6:	468b      	mov	fp, r1
10004bd8:	4b69      	ldr	r3, [pc, #420]	@ (10004d80 <tud_task_ext+0x344>)
10004bda:	496a      	ldr	r1, [pc, #424]	@ (10004d84 <tud_task_ext+0x348>)
10004bdc:	4698      	mov	r8, r3
10004bde:	468a      	mov	sl, r1
10004be0:	0039      	movs	r1, r7
10004be2:	781a      	ldrb	r2, [r3, #0]
10004be4:	4647      	mov	r7, r8
10004be6:	2300      	movs	r3, #0
10004be8:	46b0      	mov	r8, r6
10004bea:	2500      	movs	r5, #0
10004bec:	464e      	mov	r6, r9
10004bee:	4689      	mov	r9, r1
10004bf0:	e010      	b.n	10004c14 <tud_task_ext+0x1d8>
10004bf2:	4653      	mov	r3, sl
10004bf4:	681b      	ldr	r3, [r3, #0]
10004bf6:	016a      	lsls	r2, r5, #5
10004bf8:	189b      	adds	r3, r3, r2
10004bfa:	2b00      	cmp	r3, #0
10004bfc:	d100      	bne.n	10004c00 <tud_task_ext+0x1c4>
10004bfe:	e076      	b.n	10004cee <tud_task_ext+0x2b2>
10004c00:	68db      	ldr	r3, [r3, #12]
10004c02:	0030      	movs	r0, r6
10004c04:	4798      	blx	r3
10004c06:	783a      	ldrb	r2, [r7, #0]
10004c08:	3501      	adds	r5, #1
10004c0a:	b2ed      	uxtb	r5, r5
10004c0c:	1c51      	adds	r1, r2, #1
10004c0e:	002b      	movs	r3, r5
10004c10:	428d      	cmp	r5, r1
10004c12:	dc44      	bgt.n	10004c9e <tud_task_ext+0x262>
10004c14:	4295      	cmp	r5, r2
10004c16:	d3ec      	bcc.n	10004bf2 <tud_task_ext+0x1b6>
10004c18:	1a9b      	subs	r3, r3, r2
10004c1a:	015b      	lsls	r3, r3, #5
10004c1c:	445b      	add	r3, fp
10004c1e:	e7ef      	b.n	10004c00 <tud_task_ext+0x1c4>
10004c20:	7823      	ldrb	r3, [r4, #0]
10004c22:	4958      	ldr	r1, [pc, #352]	@ (10004d84 <tud_task_ext+0x348>)
10004c24:	4699      	mov	r9, r3
10004c26:	4b56      	ldr	r3, [pc, #344]	@ (10004d80 <tud_task_ext+0x344>)
10004c28:	468a      	mov	sl, r1
10004c2a:	4698      	mov	r8, r3
10004c2c:	0031      	movs	r1, r6
10004c2e:	46bb      	mov	fp, r7
10004c30:	464e      	mov	r6, r9
10004c32:	781a      	ldrb	r2, [r3, #0]
10004c34:	2500      	movs	r5, #0
10004c36:	2300      	movs	r3, #0
10004c38:	4647      	mov	r7, r8
10004c3a:	4689      	mov	r9, r1
10004c3c:	e00f      	b.n	10004c5e <tud_task_ext+0x222>
10004c3e:	4653      	mov	r3, sl
10004c40:	681b      	ldr	r3, [r3, #0]
10004c42:	016a      	lsls	r2, r5, #5
10004c44:	189b      	adds	r3, r3, r2
10004c46:	2b00      	cmp	r3, #0
10004c48:	d055      	beq.n	10004cf6 <tud_task_ext+0x2ba>
10004c4a:	68db      	ldr	r3, [r3, #12]
10004c4c:	0030      	movs	r0, r6
10004c4e:	4798      	blx	r3
10004c50:	783a      	ldrb	r2, [r7, #0]
10004c52:	3501      	adds	r5, #1
10004c54:	b2ed      	uxtb	r5, r5
10004c56:	1c51      	adds	r1, r2, #1
10004c58:	002b      	movs	r3, r5
10004c5a:	428d      	cmp	r5, r1
10004c5c:	dc07      	bgt.n	10004c6e <tud_task_ext+0x232>
10004c5e:	4295      	cmp	r5, r2
10004c60:	d3ed      	bcc.n	10004c3e <tud_task_ext+0x202>
10004c62:	1a9b      	subs	r3, r3, r2
10004c64:	9a00      	ldr	r2, [sp, #0]
10004c66:	015b      	lsls	r3, r3, #5
10004c68:	4694      	mov	ip, r2
10004c6a:	4463      	add	r3, ip
10004c6c:	e7ed      	b.n	10004c4a <tud_task_ext+0x20e>
10004c6e:	9d01      	ldr	r5, [sp, #4]
10004c70:	2254      	movs	r2, #84	@ 0x54
10004c72:	2100      	movs	r1, #0
10004c74:	0028      	movs	r0, r5
10004c76:	f7fd fa49 	bl	1000210c <__wrap_memset>
10004c7a:	2210      	movs	r2, #16
10004c7c:	21ff      	movs	r1, #255	@ 0xff
10004c7e:	4844      	ldr	r0, [pc, #272]	@ (10004d90 <tud_task_ext+0x354>)
10004c80:	f7fd fa44 	bl	1000210c <__wrap_memset>
10004c84:	0028      	movs	r0, r5
10004c86:	2220      	movs	r2, #32
10004c88:	21ff      	movs	r1, #255	@ 0xff
10004c8a:	3014      	adds	r0, #20
10004c8c:	464e      	mov	r6, r9
10004c8e:	465f      	mov	r7, fp
10004c90:	f7fd fa3c 	bl	1000210c <__wrap_memset>
10004c94:	f000 fbf2 	bl	1000547c <usbd_control_reset>
10004c98:	f7ff fe40 	bl	1000491c <tud_umount_cb>
10004c9c:	e6e4      	b.n	10004a68 <tud_task_ext+0x2c>
10004c9e:	4d36      	ldr	r5, [pc, #216]	@ (10004d78 <tud_task_ext+0x33c>)
10004ca0:	2254      	movs	r2, #84	@ 0x54
10004ca2:	2100      	movs	r1, #0
10004ca4:	0028      	movs	r0, r5
10004ca6:	f7fd fa31 	bl	1000210c <__wrap_memset>
10004caa:	2210      	movs	r2, #16
10004cac:	21ff      	movs	r1, #255	@ 0xff
10004cae:	1d28      	adds	r0, r5, #4
10004cb0:	f7fd fa2c 	bl	1000210c <__wrap_memset>
10004cb4:	0028      	movs	r0, r5
10004cb6:	2220      	movs	r2, #32
10004cb8:	21ff      	movs	r1, #255	@ 0xff
10004cba:	3014      	adds	r0, #20
10004cbc:	4646      	mov	r6, r8
10004cbe:	464f      	mov	r7, r9
10004cc0:	f7fd fa24 	bl	1000210c <__wrap_memset>
10004cc4:	f000 fbda 	bl	1000547c <usbd_control_reset>
10004cc8:	7923      	ldrb	r3, [r4, #4]
10004cca:	70ab      	strb	r3, [r5, #2]
10004ccc:	e6cc      	b.n	10004a68 <tud_task_ext+0x2c>
10004cce:	1c50      	adds	r0, r2, #1
10004cd0:	4298      	cmp	r0, r3
10004cd2:	da13      	bge.n	10004cfc <tud_task_ext+0x2c0>
10004cd4:	b011      	add	sp, #68	@ 0x44
10004cd6:	bcf0      	pop	{r4, r5, r6, r7}
10004cd8:	46bb      	mov	fp, r7
10004cda:	46b2      	mov	sl, r6
10004cdc:	46a9      	mov	r9, r5
10004cde:	46a0      	mov	r8, r4
10004ce0:	bdf0      	pop	{r4, r5, r6, r7, pc}
10004ce2:	68a3      	ldr	r3, [r4, #8]
10004ce4:	7962      	ldrb	r2, [r4, #5]
10004ce6:	7820      	ldrb	r0, [r4, #0]
10004ce8:	f000 fbe6 	bl	100054b8 <usbd_control_xfer_cb>
10004cec:	e6bc      	b.n	10004a68 <tud_task_ext+0x2c>
10004cee:	4646      	mov	r6, r8
10004cf0:	464f      	mov	r7, r9
10004cf2:	4d21      	ldr	r5, [pc, #132]	@ (10004d78 <tud_task_ext+0x33c>)
10004cf4:	e7e6      	b.n	10004cc4 <tud_task_ext+0x288>
10004cf6:	464e      	mov	r6, r9
10004cf8:	465f      	mov	r7, fp
10004cfa:	e7cb      	b.n	10004c94 <tud_task_ext+0x258>
10004cfc:	4d1f      	ldr	r5, [pc, #124]	@ (10004d7c <tud_task_ext+0x340>)
10004cfe:	1a9b      	subs	r3, r3, r2
10004d00:	015b      	lsls	r3, r3, #5
10004d02:	195d      	adds	r5, r3, r5
10004d04:	e6fa      	b.n	10004afc <tud_task_ext+0xc0>
10004d06:	2370      	movs	r3, #112	@ 0x70
10004d08:	7a21      	ldrb	r1, [r4, #8]
10004d0a:	420b      	tst	r3, r1
10004d0c:	d118      	bne.n	10004d40 <tud_task_ext+0x304>
10004d0e:	09c8      	lsrs	r0, r1, #7
10004d10:	4682      	mov	sl, r0
10004d12:	330f      	adds	r3, #15
10004d14:	400b      	ands	r3, r1
10004d16:	005b      	lsls	r3, r3, #1
10004d18:	4698      	mov	r8, r3
10004d1a:	4819      	ldr	r0, [pc, #100]	@ (10004d80 <tud_task_ext+0x344>)
10004d1c:	18eb      	adds	r3, r5, r3
10004d1e:	4453      	add	r3, sl
10004d20:	7d1b      	ldrb	r3, [r3, #20]
10004d22:	7800      	ldrb	r0, [r0, #0]
10004d24:	4699      	mov	r9, r3
10004d26:	4283      	cmp	r3, r0
10004d28:	d266      	bcs.n	10004df8 <tud_task_ext+0x3bc>
10004d2a:	4816      	ldr	r0, [pc, #88]	@ (10004d84 <tud_task_ext+0x348>)
10004d2c:	015b      	lsls	r3, r3, #5
10004d2e:	6800      	ldr	r0, [r0, #0]
10004d30:	4681      	mov	r9, r0
10004d32:	4499      	add	r9, r3
10004d34:	2a00      	cmp	r2, #0
10004d36:	d100      	bne.n	10004d3a <tud_task_ext+0x2fe>
10004d38:	e15f      	b.n	10004ffa <tud_task_ext+0x5be>
10004d3a:	464b      	mov	r3, r9
10004d3c:	2b00      	cmp	r3, #0
10004d3e:	d168      	bne.n	10004e12 <tud_task_ext+0x3d6>
10004d40:	7820      	ldrb	r0, [r4, #0]
10004d42:	2100      	movs	r1, #0
10004d44:	f7ff fd6a 	bl	1000481c <dcd_edpt_stall>
10004d48:	2180      	movs	r1, #128	@ 0x80
10004d4a:	7820      	ldrb	r0, [r4, #0]
10004d4c:	f7ff fd66 	bl	1000481c <dcd_edpt_stall>
10004d50:	e68a      	b.n	10004a68 <tud_task_ext+0x2c>
10004d52:	4810      	ldr	r0, [pc, #64]	@ (10004d94 <tud_task_ext+0x358>)
10004d54:	f000 fb9c 	bl	10005490 <usbd_control_set_complete_callback>
10004d58:	2101      	movs	r1, #1
10004d5a:	4658      	mov	r0, fp
10004d5c:	aa0e      	add	r2, sp, #56	@ 0x38
10004d5e:	f7ff f8cd 	bl	10003efc <tud_vendor_control_xfer_cb>
10004d62:	2800      	cmp	r0, #0
10004d64:	d000      	beq.n	10004d68 <tud_task_ext+0x32c>
10004d66:	e67f      	b.n	10004a68 <tud_task_ext+0x2c>
10004d68:	e7ea      	b.n	10004d40 <tud_task_ext+0x304>
10004d6a:	46c0      	nop			@ (mov r8, r8)
10004d6c:	200010a4 	.word	0x200010a4
10004d70:	1000a084 	.word	0x1000a084
10004d74:	20001588 	.word	0x20001588
10004d78:	20001530 	.word	0x20001530
10004d7c:	1000a12c 	.word	0x1000a12c
10004d80:	20022490 	.word	0x20022490
10004d84:	20001380 	.word	0x20001380
10004d88:	20022492 	.word	0x20022492
10004d8c:	1000a0a8 	.word	0x1000a0a8
10004d90:	20001534 	.word	0x20001534
10004d94:	10003efd 	.word	0x10003efd
10004d98:	7a23      	ldrb	r3, [r4, #8]
10004d9a:	2b0f      	cmp	r3, #15
10004d9c:	d8d0      	bhi.n	10004d40 <tud_task_ext+0x304>
10004d9e:	4acf      	ldr	r2, [pc, #828]	@ (100050dc <tud_task_ext+0x6a0>)
10004da0:	18eb      	adds	r3, r5, r3
10004da2:	791b      	ldrb	r3, [r3, #4]
10004da4:	7815      	ldrb	r5, [r2, #0]
10004da6:	42ab      	cmp	r3, r5
10004da8:	d33e      	bcc.n	10004e28 <tud_task_ext+0x3ec>
10004daa:	1c69      	adds	r1, r5, #1
10004dac:	4299      	cmp	r1, r3
10004dae:	dbc7      	blt.n	10004d40 <tud_task_ext+0x304>
10004db0:	1b5d      	subs	r5, r3, r5
10004db2:	4bcb      	ldr	r3, [pc, #812]	@ (100050e0 <tud_task_ext+0x6a4>)
10004db4:	016d      	lsls	r5, r5, #5
10004db6:	18ed      	adds	r5, r5, r3
10004db8:	6968      	ldr	r0, [r5, #20]
10004dba:	f000 fb69 	bl	10005490 <usbd_control_set_complete_callback>
10004dbe:	2101      	movs	r1, #1
10004dc0:	4658      	mov	r0, fp
10004dc2:	696b      	ldr	r3, [r5, #20]
10004dc4:	aa0e      	add	r2, sp, #56	@ 0x38
10004dc6:	4798      	blx	r3
10004dc8:	2800      	cmp	r0, #0
10004dca:	d000      	beq.n	10004dce <tud_task_ext+0x392>
10004dcc:	e64c      	b.n	10004a68 <tud_task_ext+0x2c>
10004dce:	2260      	movs	r2, #96	@ 0x60
10004dd0:	0015      	movs	r5, r2
10004dd2:	7923      	ldrb	r3, [r4, #4]
10004dd4:	401d      	ands	r5, r3
10004dd6:	421a      	tst	r2, r3
10004dd8:	d1b2      	bne.n	10004d40 <tud_task_ext+0x304>
10004dda:	7963      	ldrb	r3, [r4, #5]
10004ddc:	3b0a      	subs	r3, #10
10004dde:	2b01      	cmp	r3, #1
10004de0:	d8ae      	bhi.n	10004d40 <tud_task_ext+0x304>
10004de2:	f000 fb55 	bl	10005490 <usbd_control_set_complete_callback>
10004de6:	7963      	ldrb	r3, [r4, #5]
10004de8:	2b0a      	cmp	r3, #10
10004dea:	d100      	bne.n	10004dee <tud_task_ext+0x3b2>
10004dec:	e199      	b.n	10005122 <tud_task_ext+0x6e6>
10004dee:	4658      	mov	r0, fp
10004df0:	a90e      	add	r1, sp, #56	@ 0x38
10004df2:	f000 fad9 	bl	100053a8 <tud_control_status>
10004df6:	e637      	b.n	10004a68 <tud_task_ext+0x2c>
10004df8:	1c43      	adds	r3, r0, #1
10004dfa:	454b      	cmp	r3, r9
10004dfc:	da00      	bge.n	10004e00 <tud_task_ext+0x3c4>
10004dfe:	e0f7      	b.n	10004ff0 <tud_task_ext+0x5b4>
10004e00:	464b      	mov	r3, r9
10004e02:	1a1b      	subs	r3, r3, r0
10004e04:	015b      	lsls	r3, r3, #5
10004e06:	4699      	mov	r9, r3
10004e08:	48b5      	ldr	r0, [pc, #724]	@ (100050e0 <tud_task_ext+0x6a4>)
10004e0a:	4481      	add	r9, r0
10004e0c:	2a00      	cmp	r2, #0
10004e0e:	d100      	bne.n	10004e12 <tud_task_ext+0x3d6>
10004e10:	e0f3      	b.n	10004ffa <tud_task_ext+0x5be>
10004e12:	464b      	mov	r3, r9
10004e14:	6958      	ldr	r0, [r3, #20]
10004e16:	f000 fb3b 	bl	10005490 <usbd_control_set_complete_callback>
10004e1a:	464b      	mov	r3, r9
10004e1c:	2101      	movs	r1, #1
10004e1e:	4658      	mov	r0, fp
10004e20:	695b      	ldr	r3, [r3, #20]
10004e22:	aa0e      	add	r2, sp, #56	@ 0x38
10004e24:	4798      	blx	r3
10004e26:	e79c      	b.n	10004d62 <tud_task_ext+0x326>
10004e28:	4aae      	ldr	r2, [pc, #696]	@ (100050e4 <tud_task_ext+0x6a8>)
10004e2a:	015b      	lsls	r3, r3, #5
10004e2c:	6815      	ldr	r5, [r2, #0]
10004e2e:	18ed      	adds	r5, r5, r3
10004e30:	2d00      	cmp	r5, #0
10004e32:	d1c1      	bne.n	10004db8 <tud_task_ext+0x37c>
10004e34:	e784      	b.n	10004d40 <tud_task_ext+0x304>
10004e36:	79a3      	ldrb	r3, [r4, #6]
10004e38:	4699      	mov	r9, r3
10004e3a:	786b      	ldrb	r3, [r5, #1]
10004e3c:	4599      	cmp	r9, r3
10004e3e:	d0d6      	beq.n	10004dee <tud_task_ext+0x3b2>
10004e40:	786b      	ldrb	r3, [r5, #1]
10004e42:	2b00      	cmp	r3, #0
10004e44:	d000      	beq.n	10004e48 <tud_task_ext+0x40c>
10004e46:	e133      	b.n	100050b0 <tud_task_ext+0x674>
10004e48:	464b      	mov	r3, r9
10004e4a:	706b      	strb	r3, [r5, #1]
10004e4c:	2b00      	cmp	r3, #0
10004e4e:	d100      	bne.n	10004e52 <tud_task_ext+0x416>
10004e50:	e12b      	b.n	100050aa <tud_task_ext+0x66e>
10004e52:	4648      	mov	r0, r9
10004e54:	3801      	subs	r0, #1
10004e56:	b2c0      	uxtb	r0, r0
10004e58:	f7ff fa92 	bl	10004380 <tud_descriptor_configuration_cb>
10004e5c:	2800      	cmp	r0, #0
10004e5e:	d100      	bne.n	10004e62 <tud_task_ext+0x426>
10004e60:	e17e      	b.n	10005160 <tud_task_ext+0x724>
10004e62:	7843      	ldrb	r3, [r0, #1]
10004e64:	9307      	str	r3, [sp, #28]
10004e66:	2b02      	cmp	r3, #2
10004e68:	d000      	beq.n	10004e6c <tud_task_ext+0x430>
10004e6a:	e179      	b.n	10005160 <tud_task_ext+0x724>
10004e6c:	2201      	movs	r2, #1
10004e6e:	79c1      	ldrb	r1, [r0, #7]
10004e70:	46b1      	mov	r9, r6
10004e72:	118b      	asrs	r3, r1, #6
10004e74:	1149      	asrs	r1, r1, #5
10004e76:	4013      	ands	r3, r2
10004e78:	400a      	ands	r2, r1
10004e7a:	2130      	movs	r1, #48	@ 0x30
10004e7c:	0112      	lsls	r2, r2, #4
10004e7e:	015b      	lsls	r3, r3, #5
10004e80:	4313      	orrs	r3, r2
10004e82:	782a      	ldrb	r2, [r5, #0]
10004e84:	46a8      	mov	r8, r5
10004e86:	438a      	bics	r2, r1
10004e88:	4313      	orrs	r3, r2
10004e8a:	702b      	strb	r3, [r5, #0]
10004e8c:	2309      	movs	r3, #9
10004e8e:	469a      	mov	sl, r3
10004e90:	4482      	add	sl, r0
10004e92:	4656      	mov	r6, sl
10004e94:	46ba      	mov	sl, r7
10004e96:	78c3      	ldrb	r3, [r0, #3]
10004e98:	7882      	ldrb	r2, [r0, #2]
10004e9a:	021b      	lsls	r3, r3, #8
10004e9c:	4313      	orrs	r3, r2
10004e9e:	18c3      	adds	r3, r0, r3
10004ea0:	9305      	str	r3, [sp, #20]
10004ea2:	4b8e      	ldr	r3, [pc, #568]	@ (100050dc <tud_task_ext+0x6a0>)
10004ea4:	9304      	str	r3, [sp, #16]
10004ea6:	4b8e      	ldr	r3, [pc, #568]	@ (100050e0 <tud_task_ext+0x6a4>)
10004ea8:	9308      	str	r3, [sp, #32]
10004eaa:	4b8e      	ldr	r3, [pc, #568]	@ (100050e4 <tud_task_ext+0x6a8>)
10004eac:	9309      	str	r3, [sp, #36]	@ 0x24
10004eae:	4b8e      	ldr	r3, [pc, #568]	@ (100050e8 <tud_task_ext+0x6ac>)
10004eb0:	930a      	str	r3, [sp, #40]	@ 0x28
10004eb2:	9b05      	ldr	r3, [sp, #20]
10004eb4:	42b3      	cmp	r3, r6
10004eb6:	d800      	bhi.n	10004eba <tud_task_ext+0x47e>
10004eb8:	e155      	b.n	10005166 <tud_task_ext+0x72a>
10004eba:	7873      	ldrb	r3, [r6, #1]
10004ebc:	2201      	movs	r2, #1
10004ebe:	2b0b      	cmp	r3, #11
10004ec0:	d103      	bne.n	10004eca <tud_task_ext+0x48e>
10004ec2:	7833      	ldrb	r3, [r6, #0]
10004ec4:	78f2      	ldrb	r2, [r6, #3]
10004ec6:	18f6      	adds	r6, r6, r3
10004ec8:	7873      	ldrb	r3, [r6, #1]
10004eca:	2b04      	cmp	r3, #4
10004ecc:	d000      	beq.n	10004ed0 <tud_task_ext+0x494>
10004ece:	e144      	b.n	1000515a <tud_task_ext+0x71e>
10004ed0:	9b05      	ldr	r3, [sp, #20]
10004ed2:	2700      	movs	r7, #0
10004ed4:	1b9b      	subs	r3, r3, r6
10004ed6:	b29b      	uxth	r3, r3
10004ed8:	9306      	str	r3, [sp, #24]
10004eda:	9b04      	ldr	r3, [sp, #16]
10004edc:	920b      	str	r2, [sp, #44]	@ 0x2c
10004ede:	781d      	ldrb	r5, [r3, #0]
10004ee0:	2300      	movs	r3, #0
10004ee2:	9303      	str	r3, [sp, #12]
10004ee4:	e01b      	b.n	10004f1e <tud_task_ext+0x4e2>
10004ee6:	9a09      	ldr	r2, [sp, #36]	@ 0x24
10004ee8:	017b      	lsls	r3, r7, #5
10004eea:	6815      	ldr	r5, [r2, #0]
10004eec:	18ed      	adds	r5, r5, r3
10004eee:	2d00      	cmp	r5, #0
10004ef0:	d100      	bne.n	10004ef4 <tud_task_ext+0x4b8>
10004ef2:	e132      	b.n	1000515a <tud_task_ext+0x71e>
10004ef4:	0031      	movs	r1, r6
10004ef6:	4658      	mov	r0, fp
10004ef8:	692b      	ldr	r3, [r5, #16]
10004efa:	9a06      	ldr	r2, [sp, #24]
10004efc:	4798      	blx	r3
10004efe:	4684      	mov	ip, r0
10004f00:	2808      	cmp	r0, #8
10004f02:	d903      	bls.n	10004f0c <tud_task_ext+0x4d0>
10004f04:	9a06      	ldr	r2, [sp, #24]
10004f06:	4282      	cmp	r2, r0
10004f08:	d300      	bcc.n	10004f0c <tud_task_ext+0x4d0>
10004f0a:	e113      	b.n	10005134 <tud_task_ext+0x6f8>
10004f0c:	9b04      	ldr	r3, [sp, #16]
10004f0e:	3701      	adds	r7, #1
10004f10:	781d      	ldrb	r5, [r3, #0]
10004f12:	b2ff      	uxtb	r7, r7
10004f14:	1c6b      	adds	r3, r5, #1
10004f16:	9703      	str	r7, [sp, #12]
10004f18:	429f      	cmp	r7, r3
10004f1a:	dd00      	ble.n	10004f1e <tud_task_ext+0x4e2>
10004f1c:	e11d      	b.n	1000515a <tud_task_ext+0x71e>
10004f1e:	42bd      	cmp	r5, r7
10004f20:	d8e1      	bhi.n	10004ee6 <tud_task_ext+0x4aa>
10004f22:	9b03      	ldr	r3, [sp, #12]
10004f24:	1b5d      	subs	r5, r3, r5
10004f26:	9b08      	ldr	r3, [sp, #32]
10004f28:	016d      	lsls	r5, r5, #5
10004f2a:	469c      	mov	ip, r3
10004f2c:	4465      	add	r5, ip
10004f2e:	e7e1      	b.n	10004ef4 <tud_task_ext+0x4b8>
10004f30:	786b      	ldrb	r3, [r5, #1]
10004f32:	aa0c      	add	r2, sp, #48	@ 0x30
10004f34:	3202      	adds	r2, #2
10004f36:	7013      	strb	r3, [r2, #0]
10004f38:	4658      	mov	r0, fp
10004f3a:	2301      	movs	r3, #1
10004f3c:	a90e      	add	r1, sp, #56	@ 0x38
10004f3e:	f000 fa49 	bl	100053d4 <tud_control_xfer>
10004f42:	e591      	b.n	10004a68 <tud_task_ext+0x2c>
10004f44:	88e3      	ldrh	r3, [r4, #6]
10004f46:	0a1a      	lsrs	r2, r3, #8
10004f48:	b2d8      	uxtb	r0, r3
10004f4a:	2a0f      	cmp	r2, #15
10004f4c:	d900      	bls.n	10004f50 <tud_task_ext+0x514>
10004f4e:	e6f7      	b.n	10004d40 <tud_task_ext+0x304>
10004f50:	4966      	ldr	r1, [pc, #408]	@ (100050ec <tud_task_ext+0x6b0>)
10004f52:	0093      	lsls	r3, r2, #2
10004f54:	58cb      	ldr	r3, [r1, r3]
10004f56:	469f      	mov	pc, r3
10004f58:	a80e      	add	r0, sp, #56	@ 0x38
10004f5a:	f000 fa9f 	bl	1000549c <usbd_control_set_request>
10004f5e:	4658      	mov	r0, fp
10004f60:	79a1      	ldrb	r1, [r4, #6]
10004f62:	f7ff fb95 	bl	10004690 <dcd_set_address>
10004f66:	2202      	movs	r2, #2
10004f68:	782b      	ldrb	r3, [r5, #0]
10004f6a:	4313      	orrs	r3, r2
10004f6c:	702b      	strb	r3, [r5, #0]
10004f6e:	e57b      	b.n	10004a68 <tud_task_ext+0x2c>
10004f70:	88e3      	ldrh	r3, [r4, #6]
10004f72:	2b01      	cmp	r3, #1
10004f74:	d000      	beq.n	10004f78 <tud_task_ext+0x53c>
10004f76:	e6e3      	b.n	10004d40 <tud_task_ext+0x304>
10004f78:	2208      	movs	r2, #8
10004f7a:	782b      	ldrb	r3, [r5, #0]
10004f7c:	4658      	mov	r0, fp
10004f7e:	4393      	bics	r3, r2
10004f80:	a90e      	add	r1, sp, #56	@ 0x38
10004f82:	702b      	strb	r3, [r5, #0]
10004f84:	f000 fa10 	bl	100053a8 <tud_control_status>
10004f88:	e56e      	b.n	10004a68 <tud_task_ext+0x2c>
10004f8a:	2002      	movs	r0, #2
10004f8c:	7829      	ldrb	r1, [r5, #0]
10004f8e:	ab0c      	add	r3, sp, #48	@ 0x30
10004f90:	1c9a      	adds	r2, r3, #2
10004f92:	068b      	lsls	r3, r1, #26
10004f94:	0889      	lsrs	r1, r1, #2
10004f96:	0fdb      	lsrs	r3, r3, #31
10004f98:	4001      	ands	r1, r0
10004f9a:	430b      	orrs	r3, r1
10004f9c:	8013      	strh	r3, [r2, #0]
10004f9e:	4658      	mov	r0, fp
10004fa0:	2302      	movs	r3, #2
10004fa2:	a90e      	add	r1, sp, #56	@ 0x38
10004fa4:	f000 fa16 	bl	100053d4 <tud_control_xfer>
10004fa8:	e55e      	b.n	10004a68 <tud_task_ext+0x2c>
10004faa:	88e3      	ldrh	r3, [r4, #6]
10004fac:	2b01      	cmp	r3, #1
10004fae:	d000      	beq.n	10004fb2 <tud_task_ext+0x576>
10004fb0:	e6c6      	b.n	10004d40 <tud_task_ext+0x304>
10004fb2:	2208      	movs	r2, #8
10004fb4:	782b      	ldrb	r3, [r5, #0]
10004fb6:	4313      	orrs	r3, r2
10004fb8:	702b      	strb	r3, [r5, #0]
10004fba:	e718      	b.n	10004dee <tud_task_ext+0x3b2>
10004fbc:	7a23      	ldrb	r3, [r4, #8]
10004fbe:	2b0f      	cmp	r3, #15
10004fc0:	d900      	bls.n	10004fc4 <tud_task_ext+0x588>
10004fc2:	e6bd      	b.n	10004d40 <tud_task_ext+0x304>
10004fc4:	18eb      	adds	r3, r5, r3
10004fc6:	791d      	ldrb	r5, [r3, #4]
10004fc8:	4b44      	ldr	r3, [pc, #272]	@ (100050dc <tud_task_ext+0x6a0>)
10004fca:	781b      	ldrb	r3, [r3, #0]
10004fcc:	429d      	cmp	r5, r3
10004fce:	d228      	bcs.n	10005022 <tud_task_ext+0x5e6>
10004fd0:	4b44      	ldr	r3, [pc, #272]	@ (100050e4 <tud_task_ext+0x6a8>)
10004fd2:	016d      	lsls	r5, r5, #5
10004fd4:	681b      	ldr	r3, [r3, #0]
10004fd6:	195d      	adds	r5, r3, r5
10004fd8:	2d00      	cmp	r5, #0
10004fda:	d100      	bne.n	10004fde <tud_task_ext+0x5a2>
10004fdc:	e6b0      	b.n	10004d40 <tud_task_ext+0x304>
10004fde:	6968      	ldr	r0, [r5, #20]
10004fe0:	f000 fa56 	bl	10005490 <usbd_control_set_complete_callback>
10004fe4:	2101      	movs	r1, #1
10004fe6:	4658      	mov	r0, fp
10004fe8:	696b      	ldr	r3, [r5, #20]
10004fea:	aa0e      	add	r2, sp, #56	@ 0x38
10004fec:	4798      	blx	r3
10004fee:	e6b8      	b.n	10004d62 <tud_task_ext+0x326>
10004ff0:	2a00      	cmp	r2, #0
10004ff2:	d000      	beq.n	10004ff6 <tud_task_ext+0x5ba>
10004ff4:	e6a4      	b.n	10004d40 <tud_task_ext+0x304>
10004ff6:	2300      	movs	r3, #0
10004ff8:	4699      	mov	r9, r3
10004ffa:	7962      	ldrb	r2, [r4, #5]
10004ffc:	2002      	movs	r0, #2
10004ffe:	0013      	movs	r3, r2
10005000:	9203      	str	r2, [sp, #12]
10005002:	4383      	bics	r3, r0
10005004:	2b01      	cmp	r3, #1
10005006:	d015      	beq.n	10005034 <tud_task_ext+0x5f8>
10005008:	2a00      	cmp	r2, #0
1000500a:	d000      	beq.n	1000500e <tud_task_ext+0x5d2>
1000500c:	e698      	b.n	10004d40 <tud_task_ext+0x304>
1000500e:	002b      	movs	r3, r5
10005010:	4443      	add	r3, r8
10005012:	4453      	add	r3, sl
10005014:	3330      	adds	r3, #48	@ 0x30
10005016:	791b      	ldrb	r3, [r3, #4]
10005018:	aa0c      	add	r2, sp, #48	@ 0x30
1000501a:	079b      	lsls	r3, r3, #30
1000501c:	0fdb      	lsrs	r3, r3, #31
1000501e:	3202      	adds	r2, #2
10005020:	e7bc      	b.n	10004f9c <tud_task_ext+0x560>
10005022:	1c5a      	adds	r2, r3, #1
10005024:	42aa      	cmp	r2, r5
10005026:	da00      	bge.n	1000502a <tud_task_ext+0x5ee>
10005028:	e68a      	b.n	10004d40 <tud_task_ext+0x304>
1000502a:	1aed      	subs	r5, r5, r3
1000502c:	4b2c      	ldr	r3, [pc, #176]	@ (100050e0 <tud_task_ext+0x6a4>)
1000502e:	016d      	lsls	r5, r5, #5
10005030:	18ed      	adds	r5, r5, r3
10005032:	e7d4      	b.n	10004fde <tud_task_ext+0x5a2>
10005034:	88e3      	ldrh	r3, [r4, #6]
10005036:	2b00      	cmp	r3, #0
10005038:	d112      	bne.n	10005060 <tud_task_ext+0x624>
1000503a:	9b02      	ldr	r3, [sp, #8]
1000503c:	7818      	ldrb	r0, [r3, #0]
1000503e:	9b03      	ldr	r3, [sp, #12]
10005040:	2b01      	cmp	r3, #1
10005042:	d023      	beq.n	1000508c <tud_task_ext+0x650>
10005044:	f7ff fbea 	bl	1000481c <dcd_edpt_stall>
10005048:	4643      	mov	r3, r8
1000504a:	2102      	movs	r1, #2
1000504c:	18eb      	adds	r3, r5, r3
1000504e:	4453      	add	r3, sl
10005050:	3330      	adds	r3, #48	@ 0x30
10005052:	791a      	ldrb	r2, [r3, #4]
10005054:	430a      	orrs	r2, r1
10005056:	2101      	movs	r1, #1
10005058:	711a      	strb	r2, [r3, #4]
1000505a:	791a      	ldrb	r2, [r3, #4]
1000505c:	430a      	orrs	r2, r1
1000505e:	711a      	strb	r2, [r3, #4]
10005060:	464b      	mov	r3, r9
10005062:	2b00      	cmp	r3, #0
10005064:	d100      	bne.n	10005068 <tud_task_ext+0x62c>
10005066:	e4ff      	b.n	10004a68 <tud_task_ext+0x2c>
10005068:	6958      	ldr	r0, [r3, #20]
1000506a:	f000 fa11 	bl	10005490 <usbd_control_set_complete_callback>
1000506e:	464b      	mov	r3, r9
10005070:	2101      	movs	r1, #1
10005072:	695b      	ldr	r3, [r3, #20]
10005074:	aa0e      	add	r2, sp, #56	@ 0x38
10005076:	4658      	mov	r0, fp
10005078:	4798      	blx	r3
1000507a:	2000      	movs	r0, #0
1000507c:	f000 fa08 	bl	10005490 <usbd_control_set_complete_callback>
10005080:	2335      	movs	r3, #53	@ 0x35
10005082:	5ceb      	ldrb	r3, [r5, r3]
10005084:	07db      	lsls	r3, r3, #31
10005086:	d500      	bpl.n	1000508a <tud_task_ext+0x64e>
10005088:	e4ee      	b.n	10004a68 <tud_task_ext+0x2c>
1000508a:	e6b0      	b.n	10004dee <tud_task_ext+0x3b2>
1000508c:	f7ff fbe4 	bl	10004858 <dcd_edpt_clear_stall>
10005090:	4643      	mov	r3, r8
10005092:	2102      	movs	r1, #2
10005094:	18eb      	adds	r3, r5, r3
10005096:	4453      	add	r3, sl
10005098:	3330      	adds	r3, #48	@ 0x30
1000509a:	791a      	ldrb	r2, [r3, #4]
1000509c:	438a      	bics	r2, r1
1000509e:	711a      	strb	r2, [r3, #4]
100050a0:	791a      	ldrb	r2, [r3, #4]
100050a2:	9903      	ldr	r1, [sp, #12]
100050a4:	438a      	bics	r2, r1
100050a6:	711a      	strb	r2, [r3, #4]
100050a8:	e7da      	b.n	10005060 <tud_task_ext+0x624>
100050aa:	f7ff fc37 	bl	1000491c <tud_umount_cb>
100050ae:	e69e      	b.n	10004dee <tud_task_ext+0x3b2>
100050b0:	2100      	movs	r1, #0
100050b2:	4658      	mov	r0, fp
100050b4:	f7ff faf6 	bl	100046a4 <dcd_sof_enable>
100050b8:	4658      	mov	r0, fp
100050ba:	f7ff fb99 	bl	100047f0 <dcd_edpt_close_all>
100050be:	78ab      	ldrb	r3, [r5, #2]
100050c0:	4907      	ldr	r1, [pc, #28]	@ (100050e0 <tud_task_ext+0x6a4>)
100050c2:	9303      	str	r3, [sp, #12]
100050c4:	9104      	str	r1, [sp, #16]
100050c6:	4b05      	ldr	r3, [pc, #20]	@ (100050dc <tud_task_ext+0x6a0>)
100050c8:	4906      	ldr	r1, [pc, #24]	@ (100050e4 <tud_task_ext+0x6a8>)
100050ca:	4698      	mov	r8, r3
100050cc:	781a      	ldrb	r2, [r3, #0]
100050ce:	9105      	str	r1, [sp, #20]
100050d0:	2300      	movs	r3, #0
100050d2:	0029      	movs	r1, r5
100050d4:	001d      	movs	r5, r3
100050d6:	468a      	mov	sl, r1
100050d8:	e01b      	b.n	10005112 <tud_task_ext+0x6d6>
100050da:	46c0      	nop			@ (mov r8, r8)
100050dc:	20022490 	.word	0x20022490
100050e0:	1000a12c 	.word	0x1000a12c
100050e4:	20001380 	.word	0x20001380
100050e8:	20001544 	.word	0x20001544
100050ec:	1000a0d0 	.word	0x1000a0d0
100050f0:	9b05      	ldr	r3, [sp, #20]
100050f2:	016a      	lsls	r2, r5, #5
100050f4:	681b      	ldr	r3, [r3, #0]
100050f6:	189b      	adds	r3, r3, r2
100050f8:	2b00      	cmp	r3, #0
100050fa:	d04d      	beq.n	10005198 <tud_task_ext+0x75c>
100050fc:	68db      	ldr	r3, [r3, #12]
100050fe:	4658      	mov	r0, fp
10005100:	4798      	blx	r3
10005102:	4643      	mov	r3, r8
10005104:	781a      	ldrb	r2, [r3, #0]
10005106:	3501      	adds	r5, #1
10005108:	b2ed      	uxtb	r5, r5
1000510a:	1c51      	adds	r1, r2, #1
1000510c:	002b      	movs	r3, r5
1000510e:	428d      	cmp	r5, r1
10005110:	dc2e      	bgt.n	10005170 <tud_task_ext+0x734>
10005112:	4295      	cmp	r5, r2
10005114:	d3ec      	bcc.n	100050f0 <tud_task_ext+0x6b4>
10005116:	1a9b      	subs	r3, r3, r2
10005118:	9a04      	ldr	r2, [sp, #16]
1000511a:	015b      	lsls	r3, r3, #5
1000511c:	4694      	mov	ip, r2
1000511e:	4463      	add	r3, ip
10005120:	e7ec      	b.n	100050fc <tud_task_ext+0x6c0>
10005122:	ab0c      	add	r3, sp, #48	@ 0x30
10005124:	1c9a      	adds	r2, r3, #2
10005126:	4658      	mov	r0, fp
10005128:	2301      	movs	r3, #1
1000512a:	a90e      	add	r1, sp, #56	@ 0x38
1000512c:	7015      	strb	r5, [r2, #0]
1000512e:	f000 f951 	bl	100053d4 <tud_control_xfer>
10005132:	e499      	b.n	10004a68 <tud_task_ext+0x2c>
10005134:	9a0b      	ldr	r2, [sp, #44]	@ 0x2c
10005136:	2a01      	cmp	r2, #1
10005138:	d04f      	beq.n	100051da <tud_task_ext+0x79e>
1000513a:	2a00      	cmp	r2, #0
1000513c:	d03c      	beq.n	100051b8 <tud_task_ext+0x77c>
1000513e:	2300      	movs	r3, #0
10005140:	78b0      	ldrb	r0, [r6, #2]
10005142:	e004      	b.n	1000514e <tud_task_ext+0x712>
10005144:	3301      	adds	r3, #1
10005146:	b2db      	uxtb	r3, r3
10005148:	710f      	strb	r7, [r1, #4]
1000514a:	4293      	cmp	r3, r2
1000514c:	d234      	bcs.n	100051b8 <tud_task_ext+0x77c>
1000514e:	18c1      	adds	r1, r0, r3
10005150:	b2c9      	uxtb	r1, r1
10005152:	4441      	add	r1, r8
10005154:	790d      	ldrb	r5, [r1, #4]
10005156:	2dff      	cmp	r5, #255	@ 0xff
10005158:	d0f4      	beq.n	10005144 <tud_task_ext+0x708>
1000515a:	464e      	mov	r6, r9
1000515c:	4645      	mov	r5, r8
1000515e:	4657      	mov	r7, sl
10005160:	2300      	movs	r3, #0
10005162:	706b      	strb	r3, [r5, #1]
10005164:	e5ec      	b.n	10004d40 <tud_task_ext+0x304>
10005166:	464e      	mov	r6, r9
10005168:	4657      	mov	r7, sl
1000516a:	f7ff fbd5 	bl	10004918 <tud_mount_cb>
1000516e:	e63e      	b.n	10004dee <tud_task_ext+0x3b2>
10005170:	4655      	mov	r5, sl
10005172:	2254      	movs	r2, #84	@ 0x54
10005174:	2100      	movs	r1, #0
10005176:	0028      	movs	r0, r5
10005178:	f7fc ffc8 	bl	1000210c <__wrap_memset>
1000517c:	2210      	movs	r2, #16
1000517e:	21ff      	movs	r1, #255	@ 0xff
10005180:	1d28      	adds	r0, r5, #4
10005182:	f7fc ffc3 	bl	1000210c <__wrap_memset>
10005186:	0028      	movs	r0, r5
10005188:	2220      	movs	r2, #32
1000518a:	21ff      	movs	r1, #255	@ 0xff
1000518c:	3014      	adds	r0, #20
1000518e:	f7fc ffbd 	bl	1000210c <__wrap_memset>
10005192:	9b03      	ldr	r3, [sp, #12]
10005194:	70ab      	strb	r3, [r5, #2]
10005196:	e657      	b.n	10004e48 <tud_task_ext+0x40c>
10005198:	4655      	mov	r5, sl
1000519a:	e7fa      	b.n	10005192 <tud_task_ext+0x756>
1000519c:	f7fe feaa 	bl	10003ef4 <tud_descriptor_bos_cb>
100051a0:	1e02      	subs	r2, r0, #0
100051a2:	d100      	bne.n	100051a6 <tud_task_ext+0x76a>
100051a4:	e5cc      	b.n	10004d40 <tud_task_ext+0x304>
100051a6:	78d3      	ldrb	r3, [r2, #3]
100051a8:	7891      	ldrb	r1, [r2, #2]
100051aa:	021b      	lsls	r3, r3, #8
100051ac:	430b      	orrs	r3, r1
100051ae:	4658      	mov	r0, fp
100051b0:	a90e      	add	r1, sp, #56	@ 0x38
100051b2:	f000 f90f 	bl	100053d4 <tud_control_xfer>
100051b6:	e5d4      	b.n	10004d62 <tud_task_ext+0x326>
100051b8:	4665      	mov	r5, ip
100051ba:	003b      	movs	r3, r7
100051bc:	002a      	movs	r2, r5
100051be:	0031      	movs	r1, r6
100051c0:	980a      	ldr	r0, [sp, #40]	@ 0x28
100051c2:	f000 fe7f 	bl	10005ec4 <tu_edpt_bind_driver>
100051c6:	46ac      	mov	ip, r5
100051c8:	9b04      	ldr	r3, [sp, #16]
100051ca:	9a03      	ldr	r2, [sp, #12]
100051cc:	781b      	ldrb	r3, [r3, #0]
100051ce:	4466      	add	r6, ip
100051d0:	3301      	adds	r3, #1
100051d2:	4293      	cmp	r3, r2
100051d4:	db00      	blt.n	100051d8 <tud_task_ext+0x79c>
100051d6:	e66c      	b.n	10004eb2 <tud_task_ext+0x476>
100051d8:	e7bf      	b.n	1000515a <tud_task_ext+0x71e>
100051da:	4b17      	ldr	r3, [pc, #92]	@ (10005238 <tud_task_ext+0x7fc>)
100051dc:	6929      	ldr	r1, [r5, #16]
100051de:	4299      	cmp	r1, r3
100051e0:	d1ad      	bne.n	1000513e <tud_task_ext+0x702>
100051e2:	9a07      	ldr	r2, [sp, #28]
100051e4:	e7ab      	b.n	1000513e <tud_task_ext+0x702>
100051e6:	f7ff fb93 	bl	10004910 <tud_descriptor_device_qualifier_cb>
100051ea:	1e02      	subs	r2, r0, #0
100051ec:	d100      	bne.n	100051f0 <tud_task_ext+0x7b4>
100051ee:	e5a7      	b.n	10004d40 <tud_task_ext+0x304>
100051f0:	4658      	mov	r0, fp
100051f2:	7813      	ldrb	r3, [r2, #0]
100051f4:	a90e      	add	r1, sp, #56	@ 0x38
100051f6:	f000 f8ed 	bl	100053d4 <tud_control_xfer>
100051fa:	e5b2      	b.n	10004d62 <tud_task_ext+0x326>
100051fc:	8921      	ldrh	r1, [r4, #8]
100051fe:	f7ff f8c3 	bl	10004388 <tud_descriptor_string_cb>
10005202:	1e02      	subs	r2, r0, #0
10005204:	d1f4      	bne.n	100051f0 <tud_task_ext+0x7b4>
10005206:	e59b      	b.n	10004d40 <tud_task_ext+0x304>
10005208:	2a02      	cmp	r2, #2
1000520a:	d00f      	beq.n	1000522c <tud_task_ext+0x7f0>
1000520c:	f7ff fb82 	bl	10004914 <tud_descriptor_other_speed_configuration_cb>
10005210:	1e02      	subs	r2, r0, #0
10005212:	d1c8      	bne.n	100051a6 <tud_task_ext+0x76a>
10005214:	e594      	b.n	10004d40 <tud_task_ext+0x304>
10005216:	f7ff f8af 	bl	10004378 <tud_descriptor_device_cb>
1000521a:	1e02      	subs	r2, r0, #0
1000521c:	d100      	bne.n	10005220 <tud_task_ext+0x7e4>
1000521e:	e58f      	b.n	10004d40 <tud_task_ext+0x304>
10005220:	2312      	movs	r3, #18
10005222:	4658      	mov	r0, fp
10005224:	a90e      	add	r1, sp, #56	@ 0x38
10005226:	f000 f8d5 	bl	100053d4 <tud_control_xfer>
1000522a:	e59a      	b.n	10004d62 <tud_task_ext+0x326>
1000522c:	f7ff f8a8 	bl	10004380 <tud_descriptor_configuration_cb>
10005230:	1e02      	subs	r2, r0, #0
10005232:	d1b8      	bne.n	100051a6 <tud_task_ext+0x76a>
10005234:	e584      	b.n	10004d40 <tud_task_ext+0x304>
10005236:	46c0      	nop			@ (mov r8, r8)
10005238:	1000588d 	.word	0x1000588d

1000523c <usbd_open_edpt_pair>:
1000523c:	b5f8      	push	{r3, r4, r5, r6, r7, lr}
1000523e:	4657      	mov	r7, sl
10005240:	464e      	mov	r6, r9
10005242:	46de      	mov	lr, fp
10005244:	4645      	mov	r5, r8
10005246:	000c      	movs	r4, r1
10005248:	b5e0      	push	{r5, r6, r7, lr}
1000524a:	0016      	movs	r6, r2
1000524c:	001f      	movs	r7, r3
1000524e:	2a00      	cmp	r2, #0
10005250:	d03c      	beq.n	100052cc <usbd_open_edpt_pair+0x90>
10005252:	2370      	movs	r3, #112	@ 0x70
10005254:	4698      	mov	r8, r3
10005256:	4b1e      	ldr	r3, [pc, #120]	@ (100052d0 <usbd_open_edpt_pair+0x94>)
10005258:	2500      	movs	r5, #0
1000525a:	469b      	mov	fp, r3
1000525c:	4b1d      	ldr	r3, [pc, #116]	@ (100052d4 <usbd_open_edpt_pair+0x98>)
1000525e:	469a      	mov	sl, r3
10005260:	e01a      	b.n	10005298 <usbd_open_edpt_pair+0x5c>
10005262:	465b      	mov	r3, fp
10005264:	781b      	ldrb	r3, [r3, #0]
10005266:	0020      	movs	r0, r4
10005268:	4699      	mov	r9, r3
1000526a:	4653      	mov	r3, sl
1000526c:	7899      	ldrb	r1, [r3, #2]
1000526e:	f000 fdeb 	bl	10005e48 <tu_edpt_validate>
10005272:	2800      	cmp	r0, #0
10005274:	d01c      	beq.n	100052b0 <usbd_open_edpt_pair+0x74>
10005276:	0021      	movs	r1, r4
10005278:	4648      	mov	r0, r9
1000527a:	f7ff fa2f 	bl	100046dc <dcd_edpt_open>
1000527e:	2800      	cmp	r0, #0
10005280:	d016      	beq.n	100052b0 <usbd_open_edpt_pair+0x74>
10005282:	78a3      	ldrb	r3, [r4, #2]
10005284:	09da      	lsrs	r2, r3, #7
10005286:	2a01      	cmp	r2, #1
10005288:	d019      	beq.n	100052be <usbd_open_edpt_pair+0x82>
1000528a:	9a0a      	ldr	r2, [sp, #40]	@ 0x28
1000528c:	3501      	adds	r5, #1
1000528e:	7013      	strb	r3, [r2, #0]
10005290:	7823      	ldrb	r3, [r4, #0]
10005292:	18e4      	adds	r4, r4, r3
10005294:	42b5      	cmp	r5, r6
10005296:	da19      	bge.n	100052cc <usbd_open_edpt_pair+0x90>
10005298:	7863      	ldrb	r3, [r4, #1]
1000529a:	2b05      	cmp	r3, #5
1000529c:	d108      	bne.n	100052b0 <usbd_open_edpt_pair+0x74>
1000529e:	78e3      	ldrb	r3, [r4, #3]
100052a0:	079b      	lsls	r3, r3, #30
100052a2:	0f9b      	lsrs	r3, r3, #30
100052a4:	42bb      	cmp	r3, r7
100052a6:	d103      	bne.n	100052b0 <usbd_open_edpt_pair+0x74>
100052a8:	4642      	mov	r2, r8
100052aa:	78a3      	ldrb	r3, [r4, #2]
100052ac:	421a      	tst	r2, r3
100052ae:	d0d8      	beq.n	10005262 <usbd_open_edpt_pair+0x26>
100052b0:	2000      	movs	r0, #0
100052b2:	bcf0      	pop	{r4, r5, r6, r7}
100052b4:	46bb      	mov	fp, r7
100052b6:	46b2      	mov	sl, r6
100052b8:	46a9      	mov	r9, r5
100052ba:	46a0      	mov	r8, r4
100052bc:	bdf8      	pop	{r3, r4, r5, r6, r7, pc}
100052be:	9a0b      	ldr	r2, [sp, #44]	@ 0x2c
100052c0:	3501      	adds	r5, #1
100052c2:	7013      	strb	r3, [r2, #0]
100052c4:	7823      	ldrb	r3, [r4, #0]
100052c6:	18e4      	adds	r4, r4, r3
100052c8:	42b5      	cmp	r5, r6
100052ca:	dbe5      	blt.n	10005298 <usbd_open_edpt_pair+0x5c>
100052cc:	2001      	movs	r0, #1
100052ce:	e7f0      	b.n	100052b2 <usbd_open_edpt_pair+0x76>
100052d0:	200010a4 	.word	0x200010a4
100052d4:	20001530 	.word	0x20001530

100052d8 <usbd_edpt_open>:
100052d8:	2270      	movs	r2, #112	@ 0x70
100052da:	b570      	push	{r4, r5, r6, lr}
100052dc:	788b      	ldrb	r3, [r1, #2]
100052de:	000c      	movs	r4, r1
100052e0:	421a      	tst	r2, r3
100052e2:	d001      	beq.n	100052e8 <usbd_edpt_open+0x10>
100052e4:	2000      	movs	r0, #0
100052e6:	bd70      	pop	{r4, r5, r6, pc}
100052e8:	4b06      	ldr	r3, [pc, #24]	@ (10005304 <usbd_edpt_open+0x2c>)
100052ea:	0020      	movs	r0, r4
100052ec:	781d      	ldrb	r5, [r3, #0]
100052ee:	4b06      	ldr	r3, [pc, #24]	@ (10005308 <usbd_edpt_open+0x30>)
100052f0:	7899      	ldrb	r1, [r3, #2]
100052f2:	f000 fda9 	bl	10005e48 <tu_edpt_validate>
100052f6:	2800      	cmp	r0, #0
100052f8:	d0f4      	beq.n	100052e4 <usbd_edpt_open+0xc>
100052fa:	0021      	movs	r1, r4
100052fc:	0028      	movs	r0, r5
100052fe:	f7ff f9ed 	bl	100046dc <dcd_edpt_open>
10005302:	e7f0      	b.n	100052e6 <usbd_edpt_open+0xe>
10005304:	200010a4 	.word	0x200010a4
10005308:	20001530 	.word	0x20001530

1000530c <usbd_edpt_claim>:
1000530c:	000b      	movs	r3, r1
1000530e:	207f      	movs	r0, #127	@ 0x7f
10005310:	b510      	push	{r4, lr}
10005312:	4018      	ands	r0, r3
10005314:	09db      	lsrs	r3, r3, #7
10005316:	3334      	adds	r3, #52	@ 0x34
10005318:	0040      	lsls	r0, r0, #1
1000531a:	4a04      	ldr	r2, [pc, #16]	@ (1000532c <usbd_edpt_claim+0x20>)
1000531c:	18c0      	adds	r0, r0, r3
1000531e:	4b04      	ldr	r3, [pc, #16]	@ (10005330 <usbd_edpt_claim+0x24>)
10005320:	6811      	ldr	r1, [r2, #0]
10005322:	18c0      	adds	r0, r0, r3
10005324:	f000 fd4c 	bl	10005dc0 <tu_edpt_claim>
10005328:	bd10      	pop	{r4, pc}
1000532a:	46c0      	nop			@ (mov r8, r8)
1000532c:	20001584 	.word	0x20001584
10005330:	20001530 	.word	0x20001530

10005334 <usbd_edpt_release>:
10005334:	000b      	movs	r3, r1
10005336:	207f      	movs	r0, #127	@ 0x7f
10005338:	b510      	push	{r4, lr}
1000533a:	4018      	ands	r0, r3
1000533c:	09db      	lsrs	r3, r3, #7
1000533e:	3334      	adds	r3, #52	@ 0x34
10005340:	0040      	lsls	r0, r0, #1
10005342:	4a04      	ldr	r2, [pc, #16]	@ (10005354 <usbd_edpt_release+0x20>)
10005344:	18c0      	adds	r0, r0, r3
10005346:	4b04      	ldr	r3, [pc, #16]	@ (10005358 <usbd_edpt_release+0x24>)
10005348:	6811      	ldr	r1, [r2, #0]
1000534a:	18c0      	adds	r0, r0, r3
1000534c:	f000 fd60 	bl	10005e10 <tu_edpt_release>
10005350:	bd10      	pop	{r4, pc}
10005352:	46c0      	nop			@ (mov r8, r8)
10005354:	20001584 	.word	0x20001584
10005358:	20001530 	.word	0x20001530

1000535c <usbd_edpt_xfer>:
1000535c:	b570      	push	{r4, r5, r6, lr}
1000535e:	247f      	movs	r4, #127	@ 0x7f
10005360:	480f      	ldr	r0, [pc, #60]	@ (100053a0 <usbd_edpt_xfer+0x44>)
10005362:	400c      	ands	r4, r1
10005364:	0064      	lsls	r4, r4, #1
10005366:	1904      	adds	r4, r0, r4
10005368:	09cd      	lsrs	r5, r1, #7
1000536a:	1964      	adds	r4, r4, r5
1000536c:	3430      	adds	r4, #48	@ 0x30
1000536e:	7920      	ldrb	r0, [r4, #4]
10005370:	07c0      	lsls	r0, r0, #31
10005372:	d501      	bpl.n	10005378 <usbd_edpt_xfer+0x1c>
10005374:	2000      	movs	r0, #0
10005376:	bd70      	pop	{r4, r5, r6, pc}
10005378:	2601      	movs	r6, #1
1000537a:	7925      	ldrb	r5, [r4, #4]
1000537c:	4809      	ldr	r0, [pc, #36]	@ (100053a4 <usbd_edpt_xfer+0x48>)
1000537e:	4335      	orrs	r5, r6
10005380:	7800      	ldrb	r0, [r0, #0]
10005382:	7125      	strb	r5, [r4, #4]
10005384:	f7ff fa38 	bl	100047f8 <dcd_edpt_xfer>
10005388:	2800      	cmp	r0, #0
1000538a:	d1f4      	bne.n	10005376 <usbd_edpt_xfer+0x1a>
1000538c:	2201      	movs	r2, #1
1000538e:	7923      	ldrb	r3, [r4, #4]
10005390:	4393      	bics	r3, r2
10005392:	7123      	strb	r3, [r4, #4]
10005394:	7923      	ldrb	r3, [r4, #4]
10005396:	3203      	adds	r2, #3
10005398:	4393      	bics	r3, r2
1000539a:	7123      	strb	r3, [r4, #4]
1000539c:	e7ea      	b.n	10005374 <usbd_edpt_xfer+0x18>
1000539e:	46c0      	nop			@ (mov r8, r8)
100053a0:	20001530 	.word	0x20001530
100053a4:	200010a4 	.word	0x200010a4

100053a8 <tud_control_status>:
100053a8:	b570      	push	{r4, r5, r6, lr}
100053aa:	4c09      	ldr	r4, [pc, #36]	@ (100053d0 <tud_control_status+0x28>)
100053ac:	0006      	movs	r6, r0
100053ae:	2208      	movs	r2, #8
100053b0:	0020      	movs	r0, r4
100053b2:	000d      	movs	r5, r1
100053b4:	f7fc feb0 	bl	10002118 <__wrap___aeabi_memcpy>
100053b8:	2300      	movs	r3, #0
100053ba:	2180      	movs	r1, #128	@ 0x80
100053bc:	60e3      	str	r3, [r4, #12]
100053be:	60a3      	str	r3, [r4, #8]
100053c0:	782b      	ldrb	r3, [r5, #0]
100053c2:	0030      	movs	r0, r6
100053c4:	4399      	bics	r1, r3
100053c6:	2200      	movs	r2, #0
100053c8:	2300      	movs	r3, #0
100053ca:	f7ff ffc7 	bl	1000535c <usbd_edpt_xfer>
100053ce:	bd70      	pop	{r4, r5, r6, pc}
100053d0:	20001510 	.word	0x20001510

100053d4 <tud_control_xfer>:
100053d4:	b5f8      	push	{r3, r4, r5, r6, r7, lr}
100053d6:	46ce      	mov	lr, r9
100053d8:	4647      	mov	r7, r8
100053da:	4690      	mov	r8, r2
100053dc:	4e25      	ldr	r6, [pc, #148]	@ (10005474 <tud_control_xfer+0xa0>)
100053de:	b580      	push	{r7, lr}
100053e0:	4681      	mov	r9, r0
100053e2:	2208      	movs	r2, #8
100053e4:	0030      	movs	r0, r6
100053e6:	000d      	movs	r5, r1
100053e8:	001f      	movs	r7, r3
100053ea:	f7fc fe95 	bl	10002118 <__wrap___aeabi_memcpy>
100053ee:	4643      	mov	r3, r8
100053f0:	60b3      	str	r3, [r6, #8]
100053f2:	2300      	movs	r3, #0
100053f4:	81f3      	strh	r3, [r6, #14]
100053f6:	79ec      	ldrb	r4, [r5, #7]
100053f8:	79ab      	ldrb	r3, [r5, #6]
100053fa:	0224      	lsls	r4, r4, #8
100053fc:	431c      	orrs	r4, r3
100053fe:	1c23      	adds	r3, r4, #0
10005400:	42bc      	cmp	r4, r7
10005402:	d900      	bls.n	10005406 <tud_control_xfer+0x32>
10005404:	1c3b      	adds	r3, r7, #0
10005406:	b29f      	uxth	r7, r3
10005408:	81b3      	strh	r3, [r6, #12]
1000540a:	2c00      	cmp	r4, #0
1000540c:	d00d      	beq.n	1000542a <tud_control_xfer+0x56>
1000540e:	2f00      	cmp	r7, #0
10005410:	d017      	beq.n	10005442 <tud_control_xfer+0x6e>
10005412:	4642      	mov	r2, r8
10005414:	2a00      	cmp	r2, #0
10005416:	d02b      	beq.n	10005470 <tud_control_xfer+0x9c>
10005418:	2f40      	cmp	r7, #64	@ 0x40
1000541a:	d81b      	bhi.n	10005454 <tud_control_xfer+0x80>
1000541c:	b29f      	uxth	r7, r3
1000541e:	7833      	ldrb	r3, [r6, #0]
10005420:	2b7f      	cmp	r3, #127	@ 0x7f
10005422:	d81c      	bhi.n	1000545e <tud_control_xfer+0x8a>
10005424:	2100      	movs	r1, #0
10005426:	4a14      	ldr	r2, [pc, #80]	@ (10005478 <tud_control_xfer+0xa4>)
10005428:	e00f      	b.n	1000544a <tud_control_xfer+0x76>
1000542a:	2180      	movs	r1, #128	@ 0x80
1000542c:	782b      	ldrb	r3, [r5, #0]
1000542e:	2200      	movs	r2, #0
10005430:	4399      	bics	r1, r3
10005432:	4648      	mov	r0, r9
10005434:	2300      	movs	r3, #0
10005436:	f7ff ff91 	bl	1000535c <usbd_edpt_xfer>
1000543a:	bcc0      	pop	{r6, r7}
1000543c:	46b9      	mov	r9, r7
1000543e:	46b0      	mov	r8, r6
10005440:	bdf8      	pop	{r3, r4, r5, r6, r7, pc}
10005442:	237f      	movs	r3, #127	@ 0x7f
10005444:	2200      	movs	r2, #0
10005446:	7831      	ldrb	r1, [r6, #0]
10005448:	4399      	bics	r1, r3
1000544a:	003b      	movs	r3, r7
1000544c:	4648      	mov	r0, r9
1000544e:	f7ff ff85 	bl	1000535c <usbd_edpt_xfer>
10005452:	e7f2      	b.n	1000543a <tud_control_xfer+0x66>
10005454:	2340      	movs	r3, #64	@ 0x40
10005456:	b29f      	uxth	r7, r3
10005458:	7833      	ldrb	r3, [r6, #0]
1000545a:	2b7f      	cmp	r3, #127	@ 0x7f
1000545c:	d9e2      	bls.n	10005424 <tud_control_xfer+0x50>
1000545e:	4c06      	ldr	r4, [pc, #24]	@ (10005478 <tud_control_xfer+0xa4>)
10005460:	003a      	movs	r2, r7
10005462:	4641      	mov	r1, r8
10005464:	0020      	movs	r0, r4
10005466:	f7fc fe57 	bl	10002118 <__wrap___aeabi_memcpy>
1000546a:	2180      	movs	r1, #128	@ 0x80
1000546c:	0022      	movs	r2, r4
1000546e:	e7ec      	b.n	1000544a <tud_control_xfer+0x76>
10005470:	2000      	movs	r0, #0
10005472:	e7e2      	b.n	1000543a <tud_control_xfer+0x66>
10005474:	20001510 	.word	0x20001510
10005478:	200014d0 	.word	0x200014d0

1000547c <usbd_control_reset>:
1000547c:	b510      	push	{r4, lr}
1000547e:	2214      	movs	r2, #20
10005480:	2100      	movs	r1, #0
10005482:	4802      	ldr	r0, [pc, #8]	@ (1000548c <usbd_control_reset+0x10>)
10005484:	f7fc fe42 	bl	1000210c <__wrap_memset>
10005488:	bd10      	pop	{r4, pc}
1000548a:	46c0      	nop			@ (mov r8, r8)
1000548c:	20001510 	.word	0x20001510

10005490 <usbd_control_set_complete_callback>:
10005490:	4b01      	ldr	r3, [pc, #4]	@ (10005498 <usbd_control_set_complete_callback+0x8>)
10005492:	6118      	str	r0, [r3, #16]
10005494:	4770      	bx	lr
10005496:	46c0      	nop			@ (mov r8, r8)
10005498:	20001510 	.word	0x20001510

1000549c <usbd_control_set_request>:
1000549c:	b510      	push	{r4, lr}
1000549e:	4c05      	ldr	r4, [pc, #20]	@ (100054b4 <usbd_control_set_request+0x18>)
100054a0:	0001      	movs	r1, r0
100054a2:	2208      	movs	r2, #8
100054a4:	0020      	movs	r0, r4
100054a6:	f7fc fe37 	bl	10002118 <__wrap___aeabi_memcpy>
100054aa:	2300      	movs	r3, #0
100054ac:	60a3      	str	r3, [r4, #8]
100054ae:	60e3      	str	r3, [r4, #12]
100054b0:	bd10      	pop	{r4, pc}
100054b2:	46c0      	nop			@ (mov r8, r8)
100054b4:	20001510 	.word	0x20001510

100054b8 <usbd_control_xfer_cb>:
100054b8:	b570      	push	{r4, r5, r6, lr}
100054ba:	4c38      	ldr	r4, [pc, #224]	@ (1000559c <usbd_control_xfer_cb+0xe4>)
100054bc:	001d      	movs	r5, r3
100054be:	7823      	ldrb	r3, [r4, #0]
100054c0:	0006      	movs	r6, r0
100054c2:	09da      	lsrs	r2, r3, #7
100054c4:	09c9      	lsrs	r1, r1, #7
100054c6:	428a      	cmp	r2, r1
100054c8:	d010      	beq.n	100054ec <usbd_control_xfer_cb+0x34>
100054ca:	2000      	movs	r0, #0
100054cc:	2d00      	cmp	r5, #0
100054ce:	d000      	beq.n	100054d2 <usbd_control_xfer_cb+0x1a>
100054d0:	bd70      	pop	{r4, r5, r6, pc}
100054d2:	0021      	movs	r1, r4
100054d4:	0030      	movs	r0, r6
100054d6:	f7ff f8f3 	bl	100046c0 <dcd_edpt0_status_complete>
100054da:	6923      	ldr	r3, [r4, #16]
100054dc:	2b00      	cmp	r3, #0
100054de:	d003      	beq.n	100054e8 <usbd_control_xfer_cb+0x30>
100054e0:	0022      	movs	r2, r4
100054e2:	2103      	movs	r1, #3
100054e4:	0030      	movs	r0, r6
100054e6:	4798      	blx	r3
100054e8:	2001      	movs	r0, #1
100054ea:	e7f1      	b.n	100054d0 <usbd_control_xfer_cb+0x18>
100054ec:	2b7f      	cmp	r3, #127	@ 0x7f
100054ee:	d806      	bhi.n	100054fe <usbd_control_xfer_cb+0x46>
100054f0:	68a0      	ldr	r0, [r4, #8]
100054f2:	2800      	cmp	r0, #0
100054f4:	d034      	beq.n	10005560 <usbd_control_xfer_cb+0xa8>
100054f6:	002a      	movs	r2, r5
100054f8:	4929      	ldr	r1, [pc, #164]	@ (100055a0 <usbd_control_xfer_cb+0xe8>)
100054fa:	f7fc fe0d 	bl	10002118 <__wrap___aeabi_memcpy>
100054fe:	89e2      	ldrh	r2, [r4, #14]
10005500:	68a1      	ldr	r1, [r4, #8]
10005502:	1952      	adds	r2, r2, r5
10005504:	88e3      	ldrh	r3, [r4, #6]
10005506:	b292      	uxth	r2, r2
10005508:	1949      	adds	r1, r1, r5
1000550a:	81e2      	strh	r2, [r4, #14]
1000550c:	60a1      	str	r1, [r4, #8]
1000550e:	4293      	cmp	r3, r2
10005510:	d014      	beq.n	1000553c <usbd_control_xfer_cb+0x84>
10005512:	2d3f      	cmp	r5, #63	@ 0x3f
10005514:	d912      	bls.n	1000553c <usbd_control_xfer_cb+0x84>
10005516:	89a3      	ldrh	r3, [r4, #12]
10005518:	1a98      	subs	r0, r3, r2
1000551a:	1c05      	adds	r5, r0, #0
1000551c:	b280      	uxth	r0, r0
1000551e:	2840      	cmp	r0, #64	@ 0x40
10005520:	d82a      	bhi.n	10005578 <usbd_control_xfer_cb+0xc0>
10005522:	7820      	ldrb	r0, [r4, #0]
10005524:	b2ad      	uxth	r5, r5
10005526:	287f      	cmp	r0, #127	@ 0x7f
10005528:	d828      	bhi.n	1000557c <usbd_control_xfer_cb+0xc4>
1000552a:	2100      	movs	r1, #0
1000552c:	429a      	cmp	r2, r3
1000552e:	d032      	beq.n	10005596 <usbd_control_xfer_cb+0xde>
10005530:	4a1b      	ldr	r2, [pc, #108]	@ (100055a0 <usbd_control_xfer_cb+0xe8>)
10005532:	002b      	movs	r3, r5
10005534:	0030      	movs	r0, r6
10005536:	f7ff ff11 	bl	1000535c <usbd_edpt_xfer>
1000553a:	e7c9      	b.n	100054d0 <usbd_control_xfer_cb+0x18>
1000553c:	6923      	ldr	r3, [r4, #16]
1000553e:	2b00      	cmp	r3, #0
10005540:	d005      	beq.n	1000554e <usbd_control_xfer_cb+0x96>
10005542:	0022      	movs	r2, r4
10005544:	2102      	movs	r1, #2
10005546:	0030      	movs	r0, r6
10005548:	4798      	blx	r3
1000554a:	2800      	cmp	r0, #0
1000554c:	d00a      	beq.n	10005564 <usbd_control_xfer_cb+0xac>
1000554e:	2180      	movs	r1, #128	@ 0x80
10005550:	7823      	ldrb	r3, [r4, #0]
10005552:	2200      	movs	r2, #0
10005554:	4399      	bics	r1, r3
10005556:	0030      	movs	r0, r6
10005558:	2300      	movs	r3, #0
1000555a:	f7ff feff 	bl	1000535c <usbd_edpt_xfer>
1000555e:	e7b7      	b.n	100054d0 <usbd_control_xfer_cb+0x18>
10005560:	2000      	movs	r0, #0
10005562:	e7b5      	b.n	100054d0 <usbd_control_xfer_cb+0x18>
10005564:	2100      	movs	r1, #0
10005566:	0030      	movs	r0, r6
10005568:	f7ff f958 	bl	1000481c <dcd_edpt_stall>
1000556c:	0030      	movs	r0, r6
1000556e:	2180      	movs	r1, #128	@ 0x80
10005570:	f7ff f954 	bl	1000481c <dcd_edpt_stall>
10005574:	2001      	movs	r0, #1
10005576:	e7ab      	b.n	100054d0 <usbd_control_xfer_cb+0x18>
10005578:	2540      	movs	r5, #64	@ 0x40
1000557a:	e7d2      	b.n	10005522 <usbd_control_xfer_cb+0x6a>
1000557c:	429a      	cmp	r2, r3
1000557e:	d007      	beq.n	10005590 <usbd_control_xfer_cb+0xd8>
10005580:	4c07      	ldr	r4, [pc, #28]	@ (100055a0 <usbd_control_xfer_cb+0xe8>)
10005582:	002a      	movs	r2, r5
10005584:	0020      	movs	r0, r4
10005586:	f7fc fdc7 	bl	10002118 <__wrap___aeabi_memcpy>
1000558a:	2180      	movs	r1, #128	@ 0x80
1000558c:	0022      	movs	r2, r4
1000558e:	e7d0      	b.n	10005532 <usbd_control_xfer_cb+0x7a>
10005590:	2180      	movs	r1, #128	@ 0x80
10005592:	2200      	movs	r2, #0
10005594:	e7cd      	b.n	10005532 <usbd_control_xfer_cb+0x7a>
10005596:	2200      	movs	r2, #0
10005598:	e7cb      	b.n	10005532 <usbd_control_xfer_cb+0x7a>
1000559a:	46c0      	nop			@ (mov r8, r8)
1000559c:	20001510 	.word	0x20001510
100055a0:	200014d0 	.word	0x200014d0

100055a4 <_prep_out_transaction.isra.0>:
100055a4:	b570      	push	{r4, r5, r6, lr}
100055a6:	0004      	movs	r4, r0
100055a8:	f7ff f9be 	bl	10004928 <tud_mounted>
100055ac:	2800      	cmp	r0, #0
100055ae:	d100      	bne.n	100055b2 <_prep_out_transaction.isra.0+0xe>
100055b0:	bd70      	pop	{r4, r5, r6, pc}
100055b2:	f7ff f9c1 	bl	10004938 <tud_suspended>
100055b6:	2800      	cmp	r0, #0
100055b8:	d1fa      	bne.n	100055b0 <_prep_out_transaction.isra.0+0xc>
100055ba:	23c8      	movs	r3, #200	@ 0xc8
100055bc:	4363      	muls	r3, r4
100055be:	4d12      	ldr	r5, [pc, #72]	@ (10005608 <_prep_out_transaction.isra.0+0x64>)
100055c0:	18ee      	adds	r6, r5, r3
100055c2:	78f1      	ldrb	r1, [r6, #3]
100055c4:	2900      	cmp	r1, #0
100055c6:	d0f3      	beq.n	100055b0 <_prep_out_transaction.isra.0+0xc>
100055c8:	3310      	adds	r3, #16
100055ca:	195d      	adds	r5, r3, r5
100055cc:	0028      	movs	r0, r5
100055ce:	f000 fdf3 	bl	100061b8 <tu_fifo_remaining>
100055d2:	283f      	cmp	r0, #63	@ 0x3f
100055d4:	d9ec      	bls.n	100055b0 <_prep_out_transaction.isra.0+0xc>
100055d6:	2000      	movs	r0, #0
100055d8:	78f1      	ldrb	r1, [r6, #3]
100055da:	f7ff fe97 	bl	1000530c <usbd_edpt_claim>
100055de:	2800      	cmp	r0, #0
100055e0:	d0e6      	beq.n	100055b0 <_prep_out_transaction.isra.0+0xc>
100055e2:	0028      	movs	r0, r5
100055e4:	f000 fde8 	bl	100061b8 <tu_fifo_remaining>
100055e8:	78f1      	ldrb	r1, [r6, #3]
100055ea:	283f      	cmp	r0, #63	@ 0x3f
100055ec:	d907      	bls.n	100055fe <_prep_out_transaction.isra.0+0x5a>
100055ee:	4b07      	ldr	r3, [pc, #28]	@ (1000560c <_prep_out_transaction.isra.0+0x68>)
100055f0:	01e2      	lsls	r2, r4, #7
100055f2:	18d2      	adds	r2, r2, r3
100055f4:	2000      	movs	r0, #0
100055f6:	2340      	movs	r3, #64	@ 0x40
100055f8:	f7ff feb0 	bl	1000535c <usbd_edpt_xfer>
100055fc:	e7d8      	b.n	100055b0 <_prep_out_transaction.isra.0+0xc>
100055fe:	2000      	movs	r0, #0
10005600:	f7ff fe98 	bl	10005334 <usbd_edpt_release>
10005604:	e7d4      	b.n	100055b0 <_prep_out_transaction.isra.0+0xc>
10005606:	46c0      	nop			@ (mov r8, r8)
10005608:	20001408 	.word	0x20001408
1000560c:	20001384 	.word	0x20001384

10005610 <tud_cdc_n_connected>:
10005610:	b510      	push	{r4, lr}
10005612:	0004      	movs	r4, r0
10005614:	f7ff f988 	bl	10004928 <tud_mounted>
10005618:	2800      	cmp	r0, #0
1000561a:	d101      	bne.n	10005620 <tud_cdc_n_connected+0x10>
1000561c:	2000      	movs	r0, #0
1000561e:	bd10      	pop	{r4, pc}
10005620:	f7ff f98a 	bl	10004938 <tud_suspended>
10005624:	2800      	cmp	r0, #0
10005626:	d1f9      	bne.n	1000561c <tud_cdc_n_connected+0xc>
10005628:	22c8      	movs	r2, #200	@ 0xc8
1000562a:	4362      	muls	r2, r4
1000562c:	4b02      	ldr	r3, [pc, #8]	@ (10005638 <tud_cdc_n_connected+0x28>)
1000562e:	3001      	adds	r0, #1
10005630:	189b      	adds	r3, r3, r2
10005632:	791b      	ldrb	r3, [r3, #4]
10005634:	4018      	ands	r0, r3
10005636:	e7f2      	b.n	1000561e <tud_cdc_n_connected+0xe>
10005638:	20001408 	.word	0x20001408

1000563c <tud_cdc_n_available>:
1000563c:	23c8      	movs	r3, #200	@ 0xc8
1000563e:	b510      	push	{r4, lr}
10005640:	4343      	muls	r3, r0
10005642:	4802      	ldr	r0, [pc, #8]	@ (1000564c <tud_cdc_n_available+0x10>)
10005644:	1818      	adds	r0, r3, r0
10005646:	f000 fd99 	bl	1000617c <tu_fifo_count>
1000564a:	bd10      	pop	{r4, pc}
1000564c:	20001418 	.word	0x20001418

10005650 <tud_cdc_n_read>:
10005650:	b5f8      	push	{r3, r4, r5, r6, r7, lr}
10005652:	24c8      	movs	r4, #200	@ 0xc8
10005654:	2380      	movs	r3, #128	@ 0x80
10005656:	4344      	muls	r4, r0
10005658:	4f1c      	ldr	r7, [pc, #112]	@ (100056cc <tud_cdc_n_read+0x7c>)
1000565a:	3410      	adds	r4, #16
1000565c:	0005      	movs	r5, r0
1000565e:	193c      	adds	r4, r7, r4
10005660:	025b      	lsls	r3, r3, #9
10005662:	429a      	cmp	r2, r3
10005664:	d300      	bcc.n	10005668 <tud_cdc_n_read+0x18>
10005666:	4a1a      	ldr	r2, [pc, #104]	@ (100056d0 <tud_cdc_n_read+0x80>)
10005668:	0020      	movs	r0, r4
1000566a:	b292      	uxth	r2, r2
1000566c:	f000 fe08 	bl	10006280 <tu_fifo_read_n>
10005670:	0006      	movs	r6, r0
10005672:	f7ff f959 	bl	10004928 <tud_mounted>
10005676:	2800      	cmp	r0, #0
10005678:	d101      	bne.n	1000567e <tud_cdc_n_read+0x2e>
1000567a:	0030      	movs	r0, r6
1000567c:	bdf8      	pop	{r3, r4, r5, r6, r7, pc}
1000567e:	f7ff f95b 	bl	10004938 <tud_suspended>
10005682:	2800      	cmp	r0, #0
10005684:	d1f9      	bne.n	1000567a <tud_cdc_n_read+0x2a>
10005686:	23c8      	movs	r3, #200	@ 0xc8
10005688:	436b      	muls	r3, r5
1000568a:	18ff      	adds	r7, r7, r3
1000568c:	78fb      	ldrb	r3, [r7, #3]
1000568e:	2b00      	cmp	r3, #0
10005690:	d0f3      	beq.n	1000567a <tud_cdc_n_read+0x2a>
10005692:	0020      	movs	r0, r4
10005694:	f000 fd90 	bl	100061b8 <tu_fifo_remaining>
10005698:	283f      	cmp	r0, #63	@ 0x3f
1000569a:	d9ee      	bls.n	1000567a <tud_cdc_n_read+0x2a>
1000569c:	2000      	movs	r0, #0
1000569e:	78f9      	ldrb	r1, [r7, #3]
100056a0:	f7ff fe34 	bl	1000530c <usbd_edpt_claim>
100056a4:	2800      	cmp	r0, #0
100056a6:	d0e8      	beq.n	1000567a <tud_cdc_n_read+0x2a>
100056a8:	0020      	movs	r0, r4
100056aa:	f000 fd85 	bl	100061b8 <tu_fifo_remaining>
100056ae:	78f9      	ldrb	r1, [r7, #3]
100056b0:	283f      	cmp	r0, #63	@ 0x3f
100056b2:	d907      	bls.n	100056c4 <tud_cdc_n_read+0x74>
100056b4:	4b07      	ldr	r3, [pc, #28]	@ (100056d4 <tud_cdc_n_read+0x84>)
100056b6:	01ea      	lsls	r2, r5, #7
100056b8:	18d2      	adds	r2, r2, r3
100056ba:	2000      	movs	r0, #0
100056bc:	2340      	movs	r3, #64	@ 0x40
100056be:	f7ff fe4d 	bl	1000535c <usbd_edpt_xfer>
100056c2:	e7da      	b.n	1000567a <tud_cdc_n_read+0x2a>
100056c4:	2000      	movs	r0, #0
100056c6:	f7ff fe35 	bl	10005334 <usbd_edpt_release>
100056ca:	e7d6      	b.n	1000567a <tud_cdc_n_read+0x2a>
100056cc:	20001408 	.word	0x20001408
100056d0:	0000ffff 	.word	0x0000ffff
100056d4:	20001384 	.word	0x20001384

100056d8 <tud_cdc_n_write_flush>:
100056d8:	b5f8      	push	{r3, r4, r5, r6, r7, lr}
100056da:	0004      	movs	r4, r0
100056dc:	f7ff f924 	bl	10004928 <tud_mounted>
100056e0:	2800      	cmp	r0, #0
100056e2:	d101      	bne.n	100056e8 <tud_cdc_n_write_flush+0x10>
100056e4:	2000      	movs	r0, #0
100056e6:	bdf8      	pop	{r3, r4, r5, r6, r7, pc}
100056e8:	f7ff f926 	bl	10004938 <tud_suspended>
100056ec:	2800      	cmp	r0, #0
100056ee:	d1f9      	bne.n	100056e4 <tud_cdc_n_write_flush+0xc>
100056f0:	25c8      	movs	r5, #200	@ 0xc8
100056f2:	4365      	muls	r5, r4
100056f4:	002e      	movs	r6, r5
100056f6:	4f13      	ldr	r7, [pc, #76]	@ (10005744 <tud_cdc_n_write_flush+0x6c>)
100056f8:	3624      	adds	r6, #36	@ 0x24
100056fa:	19f6      	adds	r6, r6, r7
100056fc:	0030      	movs	r0, r6
100056fe:	f000 fd3d 	bl	1000617c <tu_fifo_count>
10005702:	2800      	cmp	r0, #0
10005704:	d0ee      	beq.n	100056e4 <tud_cdc_n_write_flush+0xc>
10005706:	197f      	adds	r7, r7, r5
10005708:	2000      	movs	r0, #0
1000570a:	78b9      	ldrb	r1, [r7, #2]
1000570c:	f7ff fdfe 	bl	1000530c <usbd_edpt_claim>
10005710:	2800      	cmp	r0, #0
10005712:	d0e7      	beq.n	100056e4 <tud_cdc_n_write_flush+0xc>
10005714:	4d0c      	ldr	r5, [pc, #48]	@ (10005748 <tud_cdc_n_write_flush+0x70>)
10005716:	01e4      	lsls	r4, r4, #7
10005718:	1965      	adds	r5, r4, r5
1000571a:	0029      	movs	r1, r5
1000571c:	2240      	movs	r2, #64	@ 0x40
1000571e:	0030      	movs	r0, r6
10005720:	f000 fdae 	bl	10006280 <tu_fifo_read_n>
10005724:	78b9      	ldrb	r1, [r7, #2]
10005726:	1e04      	subs	r4, r0, #0
10005728:	d008      	beq.n	1000573c <tud_cdc_n_write_flush+0x64>
1000572a:	0003      	movs	r3, r0
1000572c:	002a      	movs	r2, r5
1000572e:	2000      	movs	r0, #0
10005730:	f7ff fe14 	bl	1000535c <usbd_edpt_xfer>
10005734:	2800      	cmp	r0, #0
10005736:	d0d5      	beq.n	100056e4 <tud_cdc_n_write_flush+0xc>
10005738:	0020      	movs	r0, r4
1000573a:	e7d4      	b.n	100056e6 <tud_cdc_n_write_flush+0xe>
1000573c:	2000      	movs	r0, #0
1000573e:	f7ff fdf9 	bl	10005334 <usbd_edpt_release>
10005742:	e7cf      	b.n	100056e4 <tud_cdc_n_write_flush+0xc>
10005744:	20001408 	.word	0x20001408
10005748:	200013c4 	.word	0x200013c4

1000574c <tud_cdc_n_write>:
1000574c:	b570      	push	{r4, r5, r6, lr}
1000574e:	24c8      	movs	r4, #200	@ 0xc8
10005750:	4344      	muls	r4, r0
10005752:	4b0c      	ldr	r3, [pc, #48]	@ (10005784 <tud_cdc_n_write+0x38>)
10005754:	0005      	movs	r5, r0
10005756:	18e4      	adds	r4, r4, r3
10005758:	2380      	movs	r3, #128	@ 0x80
1000575a:	025b      	lsls	r3, r3, #9
1000575c:	429a      	cmp	r2, r3
1000575e:	d300      	bcc.n	10005762 <tud_cdc_n_write+0x16>
10005760:	4a09      	ldr	r2, [pc, #36]	@ (10005788 <tud_cdc_n_write+0x3c>)
10005762:	0020      	movs	r0, r4
10005764:	b292      	uxth	r2, r2
10005766:	f000 fe51 	bl	1000640c <tu_fifo_write_n>
1000576a:	0006      	movs	r6, r0
1000576c:	0020      	movs	r0, r4
1000576e:	f000 fd05 	bl	1000617c <tu_fifo_count>
10005772:	283f      	cmp	r0, #63	@ 0x3f
10005774:	d801      	bhi.n	1000577a <tud_cdc_n_write+0x2e>
10005776:	0030      	movs	r0, r6
10005778:	bd70      	pop	{r4, r5, r6, pc}
1000577a:	0028      	movs	r0, r5
1000577c:	f7ff ffac 	bl	100056d8 <tud_cdc_n_write_flush>
10005780:	e7f9      	b.n	10005776 <tud_cdc_n_write+0x2a>
10005782:	46c0      	nop			@ (mov r8, r8)
10005784:	2000142c 	.word	0x2000142c
10005788:	0000ffff 	.word	0x0000ffff

1000578c <tud_cdc_n_write_available>:
1000578c:	23c8      	movs	r3, #200	@ 0xc8
1000578e:	b510      	push	{r4, lr}
10005790:	4343      	muls	r3, r0
10005792:	4802      	ldr	r0, [pc, #8]	@ (1000579c <tud_cdc_n_write_available+0x10>)
10005794:	1818      	adds	r0, r3, r0
10005796:	f000 fd0f 	bl	100061b8 <tu_fifo_remaining>
1000579a:	bd10      	pop	{r4, pc}
1000579c:	2000142c 	.word	0x2000142c

100057a0 <cdcd_init>:
100057a0:	b5f0      	push	{r4, r5, r6, r7, lr}
100057a2:	2500      	movs	r5, #0
100057a4:	4c18      	ldr	r4, [pc, #96]	@ (10005808 <cdcd_init+0x68>)
100057a6:	b083      	sub	sp, #12
100057a8:	22c8      	movs	r2, #200	@ 0xc8
100057aa:	2100      	movs	r1, #0
100057ac:	0020      	movs	r0, r4
100057ae:	f7fc fcad 	bl	1000210c <__wrap_memset>
100057b2:	4b16      	ldr	r3, [pc, #88]	@ (1000580c <cdcd_init+0x6c>)
100057b4:	0021      	movs	r1, r4
100057b6:	701d      	strb	r5, [r3, #0]
100057b8:	23ff      	movs	r3, #255	@ 0xff
100057ba:	7163      	strb	r3, [r4, #5]
100057bc:	23e1      	movs	r3, #225	@ 0xe1
100057be:	025b      	lsls	r3, r3, #9
100057c0:	60a3      	str	r3, [r4, #8]
100057c2:	0020      	movs	r0, r4
100057c4:	2308      	movs	r3, #8
100057c6:	2240      	movs	r2, #64	@ 0x40
100057c8:	73a3      	strb	r3, [r4, #14]
100057ca:	3138      	adds	r1, #56	@ 0x38
100057cc:	9500      	str	r5, [sp, #0]
100057ce:	3b07      	subs	r3, #7
100057d0:	3010      	adds	r0, #16
100057d2:	f000 fc9d 	bl	10006110 <tu_fifo_config>
100057d6:	0027      	movs	r7, r4
100057d8:	2301      	movs	r3, #1
100057da:	0021      	movs	r1, r4
100057dc:	0020      	movs	r0, r4
100057de:	0026      	movs	r6, r4
100057e0:	2240      	movs	r2, #64	@ 0x40
100057e2:	3178      	adds	r1, #120	@ 0x78
100057e4:	9300      	str	r3, [sp, #0]
100057e6:	37b8      	adds	r7, #184	@ 0xb8
100057e8:	3024      	adds	r0, #36	@ 0x24
100057ea:	f000 fc91 	bl	10006110 <tu_fifo_config>
100057ee:	36c0      	adds	r6, #192	@ 0xc0
100057f0:	0038      	movs	r0, r7
100057f2:	f7fb f915 	bl	10000a20 <mutex_init>
100057f6:	0030      	movs	r0, r6
100057f8:	f7fb f912 	bl	10000a20 <mutex_init>
100057fc:	61e5      	str	r5, [r4, #28]
100057fe:	6227      	str	r7, [r4, #32]
10005800:	6326      	str	r6, [r4, #48]	@ 0x30
10005802:	6365      	str	r5, [r4, #52]	@ 0x34
10005804:	b003      	add	sp, #12
10005806:	bdf0      	pop	{r4, r5, r6, r7, pc}
10005808:	20001408 	.word	0x20001408
1000580c:	20001404 	.word	0x20001404

10005810 <cdcd_deinit>:
10005810:	4a0a      	ldr	r2, [pc, #40]	@ (1000583c <cdcd_deinit+0x2c>)
10005812:	6b11      	ldr	r1, [r2, #48]	@ 0x30
10005814:	6a13      	ldr	r3, [r2, #32]
10005816:	2900      	cmp	r1, #0
10005818:	d00c      	beq.n	10005834 <cdcd_deinit+0x24>
1000581a:	2b00      	cmp	r3, #0
1000581c:	d007      	beq.n	1000582e <cdcd_deinit+0x1e>
1000581e:	2300      	movs	r3, #0
10005820:	61d3      	str	r3, [r2, #28]
10005822:	6353      	str	r3, [r2, #52]	@ 0x34
10005824:	6313      	str	r3, [r2, #48]	@ 0x30
10005826:	2300      	movs	r3, #0
10005828:	6213      	str	r3, [r2, #32]
1000582a:	2001      	movs	r0, #1
1000582c:	4770      	bx	lr
1000582e:	6353      	str	r3, [r2, #52]	@ 0x34
10005830:	6313      	str	r3, [r2, #48]	@ 0x30
10005832:	e7fa      	b.n	1000582a <cdcd_deinit+0x1a>
10005834:	2b00      	cmp	r3, #0
10005836:	d0f8      	beq.n	1000582a <cdcd_deinit+0x1a>
10005838:	61d1      	str	r1, [r2, #28]
1000583a:	e7f4      	b.n	10005826 <cdcd_deinit+0x16>
1000583c:	20001408 	.word	0x20001408

10005840 <cdcd_reset>:
10005840:	b570      	push	{r4, r5, r6, lr}
10005842:	4c0f      	ldr	r4, [pc, #60]	@ (10005880 <cdcd_reset+0x40>)
10005844:	2205      	movs	r2, #5
10005846:	2100      	movs	r1, #0
10005848:	0020      	movs	r0, r4
1000584a:	f7fc fc5f 	bl	1000210c <__wrap_memset>
1000584e:	4d0d      	ldr	r5, [pc, #52]	@ (10005884 <cdcd_reset+0x44>)
10005850:	782b      	ldrb	r3, [r5, #0]
10005852:	07da      	lsls	r2, r3, #31
10005854:	d507      	bpl.n	10005866 <cdcd_reset+0x26>
10005856:	4c0c      	ldr	r4, [pc, #48]	@ (10005888 <cdcd_reset+0x48>)
10005858:	079b      	lsls	r3, r3, #30
1000585a:	d50c      	bpl.n	10005876 <cdcd_reset+0x36>
1000585c:	2101      	movs	r1, #1
1000585e:	0020      	movs	r0, r4
10005860:	f000 fea8 	bl	100065b4 <tu_fifo_set_overwritable>
10005864:	bd70      	pop	{r4, r5, r6, pc}
10005866:	0020      	movs	r0, r4
10005868:	3010      	adds	r0, #16
1000586a:	f000 fe83 	bl	10006574 <tu_fifo_clear>
1000586e:	782b      	ldrb	r3, [r5, #0]
10005870:	4c05      	ldr	r4, [pc, #20]	@ (10005888 <cdcd_reset+0x48>)
10005872:	079b      	lsls	r3, r3, #30
10005874:	d4f2      	bmi.n	1000585c <cdcd_reset+0x1c>
10005876:	0020      	movs	r0, r4
10005878:	f000 fe7c 	bl	10006574 <tu_fifo_clear>
1000587c:	e7ee      	b.n	1000585c <cdcd_reset+0x1c>
1000587e:	46c0      	nop			@ (mov r8, r8)
10005880:	20001408 	.word	0x20001408
10005884:	20001404 	.word	0x20001404
10005888:	2000142c 	.word	0x2000142c

1000588c <cdcd_open>:
1000588c:	b5f0      	push	{r4, r5, r6, r7, lr}
1000588e:	794b      	ldrb	r3, [r1, #5]
10005890:	0006      	movs	r6, r0
10005892:	b083      	sub	sp, #12
10005894:	2b02      	cmp	r3, #2
10005896:	d102      	bne.n	1000589e <cdcd_open+0x12>
10005898:	798b      	ldrb	r3, [r1, #6]
1000589a:	2b02      	cmp	r3, #2
1000589c:	d003      	beq.n	100058a6 <cdcd_open+0x1a>
1000589e:	2500      	movs	r5, #0
100058a0:	0028      	movs	r0, r5
100058a2:	b003      	add	sp, #12
100058a4:	bdf0      	pop	{r4, r5, r6, r7, pc}
100058a6:	4f20      	ldr	r7, [pc, #128]	@ (10005928 <cdcd_open+0x9c>)
100058a8:	78bb      	ldrb	r3, [r7, #2]
100058aa:	2b00      	cmp	r3, #0
100058ac:	d1f7      	bne.n	1000589e <cdcd_open+0x12>
100058ae:	788b      	ldrb	r3, [r1, #2]
100058b0:	2509      	movs	r5, #9
100058b2:	703b      	strb	r3, [r7, #0]
100058b4:	780c      	ldrb	r4, [r1, #0]
100058b6:	190c      	adds	r4, r1, r4
100058b8:	7863      	ldrb	r3, [r4, #1]
100058ba:	2b24      	cmp	r3, #36	@ 0x24
100058bc:	d007      	beq.n	100058ce <cdcd_open+0x42>
100058be:	e00c      	b.n	100058da <cdcd_open+0x4e>
100058c0:	7823      	ldrb	r3, [r4, #0]
100058c2:	18e4      	adds	r4, r4, r3
100058c4:	195d      	adds	r5, r3, r5
100058c6:	7863      	ldrb	r3, [r4, #1]
100058c8:	b2ad      	uxth	r5, r5
100058ca:	2b24      	cmp	r3, #36	@ 0x24
100058cc:	d105      	bne.n	100058da <cdcd_open+0x4e>
100058ce:	4295      	cmp	r5, r2
100058d0:	d9f6      	bls.n	100058c0 <cdcd_open+0x34>
100058d2:	2000      	movs	r0, #0
100058d4:	f7ff fe66 	bl	100055a4 <_prep_out_transaction.isra.0>
100058d8:	e7e2      	b.n	100058a0 <cdcd_open+0x14>
100058da:	001a      	movs	r2, r3
100058dc:	2b05      	cmp	r3, #5
100058de:	d015      	beq.n	1000590c <cdcd_open+0x80>
100058e0:	2a04      	cmp	r2, #4
100058e2:	d1f6      	bne.n	100058d2 <cdcd_open+0x46>
100058e4:	7963      	ldrb	r3, [r4, #5]
100058e6:	2b0a      	cmp	r3, #10
100058e8:	d1f3      	bne.n	100058d2 <cdcd_open+0x46>
100058ea:	4b10      	ldr	r3, [pc, #64]	@ (1000592c <cdcd_open+0xa0>)
100058ec:	7827      	ldrb	r7, [r4, #0]
100058ee:	9301      	str	r3, [sp, #4]
100058f0:	3301      	adds	r3, #1
100058f2:	9300      	str	r3, [sp, #0]
100058f4:	0030      	movs	r0, r6
100058f6:	2302      	movs	r3, #2
100058f8:	19e1      	adds	r1, r4, r7
100058fa:	3a02      	subs	r2, #2
100058fc:	f7ff fc9e 	bl	1000523c <usbd_open_edpt_pair>
10005900:	2800      	cmp	r0, #0
10005902:	d0cc      	beq.n	1000589e <cdcd_open+0x12>
10005904:	350e      	adds	r5, #14
10005906:	19ed      	adds	r5, r5, r7
10005908:	b2ad      	uxth	r5, r5
1000590a:	e7e2      	b.n	100058d2 <cdcd_open+0x46>
1000590c:	0021      	movs	r1, r4
1000590e:	0030      	movs	r0, r6
10005910:	f7ff fce2 	bl	100052d8 <usbd_edpt_open>
10005914:	2800      	cmp	r0, #0
10005916:	d0c2      	beq.n	1000589e <cdcd_open+0x12>
10005918:	78a3      	ldrb	r3, [r4, #2]
1000591a:	707b      	strb	r3, [r7, #1]
1000591c:	7823      	ldrb	r3, [r4, #0]
1000591e:	195d      	adds	r5, r3, r5
10005920:	18e4      	adds	r4, r4, r3
10005922:	7862      	ldrb	r2, [r4, #1]
10005924:	b2ad      	uxth	r5, r5
10005926:	e7db      	b.n	100058e0 <cdcd_open+0x54>
10005928:	20001408 	.word	0x20001408
1000592c:	2000140a 	.word	0x2000140a

10005930 <cdcd_control_xfer_cb>:
10005930:	b5f8      	push	{r3, r4, r5, r6, r7, lr}
10005932:	2360      	movs	r3, #96	@ 0x60
10005934:	0014      	movs	r4, r2
10005936:	7812      	ldrb	r2, [r2, #0]
10005938:	0005      	movs	r5, r0
1000593a:	4013      	ands	r3, r2
1000593c:	2000      	movs	r0, #0
1000593e:	2b20      	cmp	r3, #32
10005940:	d107      	bne.n	10005952 <cdcd_control_xfer_cb+0x22>
10005942:	4a30      	ldr	r2, [pc, #192]	@ (10005a04 <cdcd_control_xfer_cb+0xd4>)
10005944:	7963      	ldrb	r3, [r4, #5]
10005946:	7927      	ldrb	r7, [r4, #4]
10005948:	7816      	ldrb	r6, [r2, #0]
1000594a:	021b      	lsls	r3, r3, #8
1000594c:	433b      	orrs	r3, r7
1000594e:	429e      	cmp	r6, r3
10005950:	d000      	beq.n	10005954 <cdcd_control_xfer_cb+0x24>
10005952:	bdf8      	pop	{r3, r4, r5, r6, r7, pc}
10005954:	7863      	ldrb	r3, [r4, #1]
10005956:	2b22      	cmp	r3, #34	@ 0x22
10005958:	d01a      	beq.n	10005990 <cdcd_control_xfer_cb+0x60>
1000595a:	d807      	bhi.n	1000596c <cdcd_control_xfer_cb+0x3c>
1000595c:	2b20      	cmp	r3, #32
1000595e:	d034      	beq.n	100059ca <cdcd_control_xfer_cb+0x9a>
10005960:	2b21      	cmp	r3, #33	@ 0x21
10005962:	d1f6      	bne.n	10005952 <cdcd_control_xfer_cb+0x22>
10005964:	2901      	cmp	r1, #1
10005966:	d03e      	beq.n	100059e6 <cdcd_control_xfer_cb+0xb6>
10005968:	2001      	movs	r0, #1
1000596a:	e7f2      	b.n	10005952 <cdcd_control_xfer_cb+0x22>
1000596c:	2b23      	cmp	r3, #35	@ 0x23
1000596e:	d1f0      	bne.n	10005952 <cdcd_control_xfer_cb+0x22>
10005970:	2901      	cmp	r1, #1
10005972:	d040      	beq.n	100059f6 <cdcd_control_xfer_cb+0xc6>
10005974:	2903      	cmp	r1, #3
10005976:	d1f7      	bne.n	10005968 <cdcd_control_xfer_cb+0x38>
10005978:	4b23      	ldr	r3, [pc, #140]	@ (10005a08 <cdcd_control_xfer_cb+0xd8>)
1000597a:	2b00      	cmp	r3, #0
1000597c:	d0f4      	beq.n	10005968 <cdcd_control_xfer_cb+0x38>
1000597e:	78e1      	ldrb	r1, [r4, #3]
10005980:	78a3      	ldrb	r3, [r4, #2]
10005982:	0209      	lsls	r1, r1, #8
10005984:	2000      	movs	r0, #0
10005986:	4319      	orrs	r1, r3
10005988:	e000      	b.n	1000598c <cdcd_control_xfer_cb+0x5c>
1000598a:	bf00      	nop
1000598c:	2001      	movs	r0, #1
1000598e:	e7e0      	b.n	10005952 <cdcd_control_xfer_cb+0x22>
10005990:	2901      	cmp	r1, #1
10005992:	d030      	beq.n	100059f6 <cdcd_control_xfer_cb+0xc6>
10005994:	2903      	cmp	r1, #3
10005996:	d1e7      	bne.n	10005968 <cdcd_control_xfer_cb+0x38>
10005998:	2501      	movs	r5, #1
1000599a:	002e      	movs	r6, r5
1000599c:	78a3      	ldrb	r3, [r4, #2]
1000599e:	78e4      	ldrb	r4, [r4, #3]
100059a0:	3902      	subs	r1, #2
100059a2:	0224      	lsls	r4, r4, #8
100059a4:	431c      	orrs	r4, r3
100059a6:	7114      	strb	r4, [r2, #4]
100059a8:	4026      	ands	r6, r4
100059aa:	3224      	adds	r2, #36	@ 0x24
100059ac:	0010      	movs	r0, r2
100059ae:	4071      	eors	r1, r6
100059b0:	f000 fe00 	bl	100065b4 <tu_fifo_set_overwritable>
100059b4:	4b15      	ldr	r3, [pc, #84]	@ (10005a0c <cdcd_control_xfer_cb+0xdc>)
100059b6:	2b00      	cmp	r3, #0
100059b8:	d0d6      	beq.n	10005968 <cdcd_control_xfer_cb+0x38>
100059ba:	0862      	lsrs	r2, r4, #1
100059bc:	2000      	movs	r0, #0
100059be:	0031      	movs	r1, r6
100059c0:	402a      	ands	r2, r5
100059c2:	e000      	b.n	100059c6 <cdcd_control_xfer_cb+0x96>
100059c4:	bf00      	nop
100059c6:	2001      	movs	r0, #1
100059c8:	e7c3      	b.n	10005952 <cdcd_control_xfer_cb+0x22>
100059ca:	2901      	cmp	r1, #1
100059cc:	d00b      	beq.n	100059e6 <cdcd_control_xfer_cb+0xb6>
100059ce:	2903      	cmp	r1, #3
100059d0:	d1ca      	bne.n	10005968 <cdcd_control_xfer_cb+0x38>
100059d2:	4b0f      	ldr	r3, [pc, #60]	@ (10005a10 <cdcd_control_xfer_cb+0xe0>)
100059d4:	2b00      	cmp	r3, #0
100059d6:	d0c7      	beq.n	10005968 <cdcd_control_xfer_cb+0x38>
100059d8:	3208      	adds	r2, #8
100059da:	2000      	movs	r0, #0
100059dc:	0011      	movs	r1, r2
100059de:	f7fe faad 	bl	10003f3c <tud_cdc_line_coding_cb>
100059e2:	2001      	movs	r0, #1
100059e4:	e7b5      	b.n	10005952 <cdcd_control_xfer_cb+0x22>
100059e6:	2307      	movs	r3, #7
100059e8:	0021      	movs	r1, r4
100059ea:	0028      	movs	r0, r5
100059ec:	4a09      	ldr	r2, [pc, #36]	@ (10005a14 <cdcd_control_xfer_cb+0xe4>)
100059ee:	f7ff fcf1 	bl	100053d4 <tud_control_xfer>
100059f2:	2001      	movs	r0, #1
100059f4:	e7ad      	b.n	10005952 <cdcd_control_xfer_cb+0x22>
100059f6:	0021      	movs	r1, r4
100059f8:	0028      	movs	r0, r5
100059fa:	f7ff fcd5 	bl	100053a8 <tud_control_status>
100059fe:	2001      	movs	r0, #1
10005a00:	e7a7      	b.n	10005952 <cdcd_control_xfer_cb+0x22>
10005a02:	46c0      	nop			@ (mov r8, r8)
10005a04:	20001408 	.word	0x20001408
	...
10005a10:	10003f3d 	.word	0x10003f3d
10005a14:	20001410 	.word	0x20001410

10005a18 <cdcd_xfer_cb>:
10005a18:	b5f0      	push	{r4, r5, r6, r7, lr}
10005a1a:	464f      	mov	r7, r9
10005a1c:	4646      	mov	r6, r8
10005a1e:	46d6      	mov	lr, sl
10005a20:	b5c0      	push	{r6, r7, lr}
10005a22:	4d36      	ldr	r5, [pc, #216]	@ (10005afc <cdcd_xfer_cb+0xe4>)
10005a24:	4680      	mov	r8, r0
10005a26:	78ea      	ldrb	r2, [r5, #3]
10005a28:	000c      	movs	r4, r1
10005a2a:	001f      	movs	r7, r3
10005a2c:	428a      	cmp	r2, r1
10005a2e:	d03c      	beq.n	10005aaa <cdcd_xfer_cb+0x92>
10005a30:	78ab      	ldrb	r3, [r5, #2]
10005a32:	428b      	cmp	r3, r1
10005a34:	d010      	beq.n	10005a58 <cdcd_xfer_cb+0x40>
10005a36:	2000      	movs	r0, #0
10005a38:	bce0      	pop	{r5, r6, r7}
10005a3a:	46ba      	mov	sl, r7
10005a3c:	46b1      	mov	r9, r6
10005a3e:	46a8      	mov	r8, r5
10005a40:	bdf0      	pop	{r4, r5, r6, r7, pc}
10005a42:	4b2f      	ldr	r3, [pc, #188]	@ (10005b00 <cdcd_xfer_cb+0xe8>)
10005a44:	2b00      	cmp	r3, #0
10005a46:	d004      	beq.n	10005a52 <cdcd_xfer_cb+0x3a>
10005a48:	482e      	ldr	r0, [pc, #184]	@ (10005b04 <cdcd_xfer_cb+0xec>)
10005a4a:	f000 fbad 	bl	100061a8 <tu_fifo_empty>
10005a4e:	2800      	cmp	r0, #0
10005a50:	d051      	beq.n	10005af6 <cdcd_xfer_cb+0xde>
10005a52:	2000      	movs	r0, #0
10005a54:	f7ff fda6 	bl	100055a4 <_prep_out_transaction.isra.0>
10005a58:	78ab      	ldrb	r3, [r5, #2]
10005a5a:	42a3      	cmp	r3, r4
10005a5c:	d001      	beq.n	10005a62 <cdcd_xfer_cb+0x4a>
10005a5e:	2001      	movs	r0, #1
10005a60:	e7ea      	b.n	10005a38 <cdcd_xfer_cb+0x20>
10005a62:	4b29      	ldr	r3, [pc, #164]	@ (10005b08 <cdcd_xfer_cb+0xf0>)
10005a64:	2b00      	cmp	r3, #0
10005a66:	d002      	beq.n	10005a6e <cdcd_xfer_cb+0x56>
10005a68:	2000      	movs	r0, #0
10005a6a:	e000      	b.n	10005a6e <cdcd_xfer_cb+0x56>
10005a6c:	bf00      	nop
10005a6e:	2000      	movs	r0, #0
10005a70:	f7ff fe32 	bl	100056d8 <tud_cdc_n_write_flush>
10005a74:	2800      	cmp	r0, #0
10005a76:	d1f2      	bne.n	10005a5e <cdcd_xfer_cb+0x46>
10005a78:	4c24      	ldr	r4, [pc, #144]	@ (10005b0c <cdcd_xfer_cb+0xf4>)
10005a7a:	0020      	movs	r0, r4
10005a7c:	f000 fb7e 	bl	1000617c <tu_fifo_count>
10005a80:	2800      	cmp	r0, #0
10005a82:	d1ec      	bne.n	10005a5e <cdcd_xfer_cb+0x46>
10005a84:	2f00      	cmp	r7, #0
10005a86:	d0ea      	beq.n	10005a5e <cdcd_xfer_cb+0x46>
10005a88:	06bf      	lsls	r7, r7, #26
10005a8a:	d1e8      	bne.n	10005a5e <cdcd_xfer_cb+0x46>
10005a8c:	3c24      	subs	r4, #36	@ 0x24
10005a8e:	4640      	mov	r0, r8
10005a90:	78a1      	ldrb	r1, [r4, #2]
10005a92:	f7ff fc3b 	bl	1000530c <usbd_edpt_claim>
10005a96:	2800      	cmp	r0, #0
10005a98:	d0e1      	beq.n	10005a5e <cdcd_xfer_cb+0x46>
10005a9a:	2300      	movs	r3, #0
10005a9c:	2200      	movs	r2, #0
10005a9e:	4640      	mov	r0, r8
10005aa0:	78a1      	ldrb	r1, [r4, #2]
10005aa2:	f7ff fc5b 	bl	1000535c <usbd_edpt_xfer>
10005aa6:	2001      	movs	r0, #1
10005aa8:	e7c6      	b.n	10005a38 <cdcd_xfer_cb+0x20>
10005aaa:	b29a      	uxth	r2, r3
10005aac:	2310      	movs	r3, #16
10005aae:	469a      	mov	sl, r3
10005ab0:	4e17      	ldr	r6, [pc, #92]	@ (10005b10 <cdcd_xfer_cb+0xf8>)
10005ab2:	44aa      	add	sl, r5
10005ab4:	0031      	movs	r1, r6
10005ab6:	4650      	mov	r0, sl
10005ab8:	f000 fca8 	bl	1000640c <tu_fifo_write_n>
10005abc:	4b15      	ldr	r3, [pc, #84]	@ (10005b14 <cdcd_xfer_cb+0xfc>)
10005abe:	2b00      	cmp	r3, #0
10005ac0:	d0bf      	beq.n	10005a42 <cdcd_xfer_cb+0x2a>
10005ac2:	796b      	ldrb	r3, [r5, #5]
10005ac4:	2bff      	cmp	r3, #255	@ 0xff
10005ac6:	d0bc      	beq.n	10005a42 <cdcd_xfer_cb+0x2a>
10005ac8:	2f00      	cmp	r7, #0
10005aca:	d0ba      	beq.n	10005a42 <cdcd_xfer_cb+0x2a>
10005acc:	19f2      	adds	r2, r6, r7
10005ace:	4691      	mov	r9, r2
10005ad0:	e003      	b.n	10005ada <cdcd_xfer_cb+0xc2>
10005ad2:	3601      	adds	r6, #1
10005ad4:	454e      	cmp	r6, r9
10005ad6:	d0b4      	beq.n	10005a42 <cdcd_xfer_cb+0x2a>
10005ad8:	796b      	ldrb	r3, [r5, #5]
10005ada:	7832      	ldrb	r2, [r6, #0]
10005adc:	429a      	cmp	r2, r3
10005ade:	d1f8      	bne.n	10005ad2 <cdcd_xfer_cb+0xba>
10005ae0:	4650      	mov	r0, sl
10005ae2:	f000 fb61 	bl	100061a8 <tu_fifo_empty>
10005ae6:	2800      	cmp	r0, #0
10005ae8:	d1f3      	bne.n	10005ad2 <cdcd_xfer_cb+0xba>
10005aea:	4653      	mov	r3, sl
10005aec:	3b10      	subs	r3, #16
10005aee:	7959      	ldrb	r1, [r3, #5]
10005af0:	e000      	b.n	10005af4 <cdcd_xfer_cb+0xdc>
10005af2:	bf00      	nop
10005af4:	e7ed      	b.n	10005ad2 <cdcd_xfer_cb+0xba>
10005af6:	e000      	b.n	10005afa <cdcd_xfer_cb+0xe2>
10005af8:	bf00      	nop
10005afa:	e7aa      	b.n	10005a52 <cdcd_xfer_cb+0x3a>
10005afc:	20001408 	.word	0x20001408
10005b00:	00000000 	.word	0x00000000
10005b04:	20001418 	.word	0x20001418
10005b08:	00000000 	.word	0x00000000
10005b0c:	2000142c 	.word	0x2000142c
10005b10:	20001384 	.word	0x20001384
10005b14:	00000000 	.word	0x00000000

10005b18 <vendord_init>:
10005b18:	2293      	movs	r2, #147	@ 0x93
10005b1a:	b5f0      	push	{r4, r5, r6, r7, lr}
10005b1c:	4c13      	ldr	r4, [pc, #76]	@ (10005b6c <vendord_init+0x54>)
10005b1e:	b085      	sub	sp, #20
10005b20:	2100      	movs	r1, #0
10005b22:	0020      	movs	r0, r4
10005b24:	0092      	lsls	r2, r2, #2
10005b26:	f7fc faf1 	bl	1000210c <__wrap_memset>
10005b2a:	0023      	movs	r3, r4
10005b2c:	0020      	movs	r0, r4
10005b2e:	2680      	movs	r6, #128	@ 0x80
10005b30:	2740      	movs	r7, #64	@ 0x40
10005b32:	4d0f      	ldr	r5, [pc, #60]	@ (10005b70 <vendord_init+0x58>)
10005b34:	334d      	adds	r3, #77	@ 0x4d
10005b36:	0076      	lsls	r6, r6, #1
10005b38:	33ff      	adds	r3, #255	@ 0xff
10005b3a:	3029      	adds	r0, #41	@ 0x29
10005b3c:	9502      	str	r5, [sp, #8]
10005b3e:	9300      	str	r3, [sp, #0]
10005b40:	2200      	movs	r2, #0
10005b42:	2300      	movs	r3, #0
10005b44:	2100      	movs	r1, #0
10005b46:	9703      	str	r7, [sp, #12]
10005b48:	9601      	str	r6, [sp, #4]
10005b4a:	30ff      	adds	r0, #255	@ 0xff
10005b4c:	f000 f9d4 	bl	10005ef8 <tu_edpt_stream_init>
10005b50:	3540      	adds	r5, #64	@ 0x40
10005b52:	1d20      	adds	r0, r4, #4
10005b54:	3428      	adds	r4, #40	@ 0x28
10005b56:	2300      	movs	r3, #0
10005b58:	2201      	movs	r2, #1
10005b5a:	2100      	movs	r1, #0
10005b5c:	9703      	str	r7, [sp, #12]
10005b5e:	9502      	str	r5, [sp, #8]
10005b60:	9601      	str	r6, [sp, #4]
10005b62:	9400      	str	r4, [sp, #0]
10005b64:	f000 f9c8 	bl	10005ef8 <tu_edpt_stream_init>
10005b68:	b005      	add	sp, #20
10005b6a:	bdf0      	pop	{r4, r5, r6, r7, pc}
10005b6c:	200016cc 	.word	0x200016cc
10005b70:	2000164c 	.word	0x2000164c

10005b74 <vendord_deinit>:
10005b74:	b510      	push	{r4, lr}
10005b76:	4c05      	ldr	r4, [pc, #20]	@ (10005b8c <vendord_deinit+0x18>)
10005b78:	0020      	movs	r0, r4
10005b7a:	f000 f9f3 	bl	10005f64 <tu_edpt_stream_deinit>
10005b7e:	0020      	movs	r0, r4
10005b80:	3825      	subs	r0, #37	@ 0x25
10005b82:	38ff      	subs	r0, #255	@ 0xff
10005b84:	f000 f9ee 	bl	10005f64 <tu_edpt_stream_deinit>
10005b88:	2001      	movs	r0, #1
10005b8a:	bd10      	pop	{r4, pc}
10005b8c:	200017f4 	.word	0x200017f4

10005b90 <vendord_reset>:
10005b90:	b570      	push	{r4, r5, r6, lr}
10005b92:	4c08      	ldr	r4, [pc, #32]	@ (10005bb4 <vendord_reset+0x24>)
10005b94:	2500      	movs	r5, #0
10005b96:	0020      	movs	r0, r4
10005b98:	3031      	adds	r0, #49	@ 0x31
10005b9a:	30ff      	adds	r0, #255	@ 0xff
10005b9c:	7025      	strb	r5, [r4, #0]
10005b9e:	f000 fce9 	bl	10006574 <tu_fifo_clear>
10005ba2:	0020      	movs	r0, r4
10005ba4:	300c      	adds	r0, #12
10005ba6:	f000 fce5 	bl	10006574 <tu_fifo_clear>
10005baa:	232a      	movs	r3, #42	@ 0x2a
10005bac:	33ff      	adds	r3, #255	@ 0xff
10005bae:	54e5      	strb	r5, [r4, r3]
10005bb0:	7165      	strb	r5, [r4, #5]
10005bb2:	bd70      	pop	{r4, r5, r6, pc}
10005bb4:	200016cc 	.word	0x200016cc

10005bb8 <vendord_open>:
10005bb8:	b5f8      	push	{r3, r4, r5, r6, r7, lr}
10005bba:	4657      	mov	r7, sl
10005bbc:	4645      	mov	r5, r8
10005bbe:	46de      	mov	lr, fp
10005bc0:	464e      	mov	r6, r9
10005bc2:	b5e0      	push	{r5, r6, r7, lr}
10005bc4:	794b      	ldrb	r3, [r1, #5]
10005bc6:	4680      	mov	r8, r0
10005bc8:	000f      	movs	r7, r1
10005bca:	2bff      	cmp	r3, #255	@ 0xff
10005bcc:	d15b      	bne.n	10005c86 <vendord_open+0xce>
10005bce:	4b40      	ldr	r3, [pc, #256]	@ (10005cd0 <vendord_open+0x118>)
10005bd0:	4699      	mov	r9, r3
10005bd2:	232a      	movs	r3, #42	@ 0x2a
10005bd4:	4649      	mov	r1, r9
10005bd6:	33ff      	adds	r3, #255	@ 0xff
10005bd8:	5ccb      	ldrb	r3, [r1, r3]
10005bda:	2b00      	cmp	r3, #0
10005bdc:	d153      	bne.n	10005c86 <vendord_open+0xce>
10005bde:	794e      	ldrb	r6, [r1, #5]
10005be0:	2e00      	cmp	r6, #0
10005be2:	d150      	bne.n	10005c86 <vendord_open+0xce>
10005be4:	78bb      	ldrb	r3, [r7, #2]
10005be6:	783c      	ldrb	r4, [r7, #0]
10005be8:	700b      	strb	r3, [r1, #0]
10005bea:	793b      	ldrb	r3, [r7, #4]
10005bec:	193c      	adds	r4, r7, r4
10005bee:	2b00      	cmp	r3, #0
10005bf0:	d046      	beq.n	10005c80 <vendord_open+0xc8>
10005bf2:	2398      	movs	r3, #152	@ 0x98
10005bf4:	005b      	lsls	r3, r3, #1
10005bf6:	444b      	add	r3, r9
10005bf8:	469a      	mov	sl, r3
10005bfa:	230c      	movs	r3, #12
10005bfc:	444b      	add	r3, r9
10005bfe:	469b      	mov	fp, r3
10005c00:	18a5      	adds	r5, r4, r2
10005c02:	e003      	b.n	10005c0c <vendord_open+0x54>
10005c04:	42ac      	cmp	r4, r5
10005c06:	d23b      	bcs.n	10005c80 <vendord_open+0xc8>
10005c08:	7823      	ldrb	r3, [r4, #0]
10005c0a:	18e4      	adds	r4, r4, r3
10005c0c:	7863      	ldrb	r3, [r4, #1]
10005c0e:	2b05      	cmp	r3, #5
10005c10:	d1f8      	bne.n	10005c04 <vendord_open+0x4c>
10005c12:	42ac      	cmp	r4, r5
10005c14:	d234      	bcs.n	10005c80 <vendord_open+0xc8>
10005c16:	0021      	movs	r1, r4
10005c18:	4640      	mov	r0, r8
10005c1a:	f7ff fb5d 	bl	100052d8 <usbd_edpt_open>
10005c1e:	2800      	cmp	r0, #0
10005c20:	d031      	beq.n	10005c86 <vendord_open+0xce>
10005c22:	78a3      	ldrb	r3, [r4, #2]
10005c24:	3601      	adds	r6, #1
10005c26:	b2f6      	uxtb	r6, r6
10005c28:	09db      	lsrs	r3, r3, #7
10005c2a:	2b01      	cmp	r3, #1
10005c2c:	d032      	beq.n	10005c94 <vendord_open+0xdc>
10005c2e:	4650      	mov	r0, sl
10005c30:	f000 fca0 	bl	10006574 <tu_fifo_clear>
10005c34:	232a      	movs	r3, #42	@ 0x2a
10005c36:	4649      	mov	r1, r9
10005c38:	78a2      	ldrb	r2, [r4, #2]
10005c3a:	33ff      	adds	r3, #255	@ 0xff
10005c3c:	54ca      	strb	r2, [r1, r3]
10005c3e:	7963      	ldrb	r3, [r4, #5]
10005c40:	7922      	ldrb	r2, [r4, #4]
10005c42:	021b      	lsls	r3, r3, #8
10005c44:	4313      	orrs	r3, r2
10005c46:	4a23      	ldr	r2, [pc, #140]	@ (10005cd4 <vendord_open+0x11c>)
10005c48:	055b      	lsls	r3, r3, #21
10005c4a:	4694      	mov	ip, r2
10005c4c:	0d5b      	lsrs	r3, r3, #21
10005c4e:	2194      	movs	r1, #148	@ 0x94
10005c50:	4463      	add	r3, ip
10005c52:	425a      	negs	r2, r3
10005c54:	4153      	adcs	r3, r2
10005c56:	464a      	mov	r2, r9
10005c58:	2002      	movs	r0, #2
10005c5a:	0049      	lsls	r1, r1, #1
10005c5c:	5c52      	ldrb	r2, [r2, r1]
10005c5e:	005b      	lsls	r3, r3, #1
10005c60:	4382      	bics	r2, r0
10005c62:	4313      	orrs	r3, r2
10005c64:	464a      	mov	r2, r9
10005c66:	5453      	strb	r3, [r2, r1]
10005c68:	4651      	mov	r1, sl
10005c6a:	4640      	mov	r0, r8
10005c6c:	3908      	subs	r1, #8
10005c6e:	f000 f9e3 	bl	10006038 <tu_edpt_stream_read_xfer>
10005c72:	2800      	cmp	r0, #0
10005c74:	d007      	beq.n	10005c86 <vendord_open+0xce>
10005c76:	7823      	ldrb	r3, [r4, #0]
10005c78:	18e4      	adds	r4, r4, r3
10005c7a:	793b      	ldrb	r3, [r7, #4]
10005c7c:	42b3      	cmp	r3, r6
10005c7e:	d8c5      	bhi.n	10005c0c <vendord_open+0x54>
10005c80:	1be0      	subs	r0, r4, r7
10005c82:	b280      	uxth	r0, r0
10005c84:	e000      	b.n	10005c88 <vendord_open+0xd0>
10005c86:	2000      	movs	r0, #0
10005c88:	bcf0      	pop	{r4, r5, r6, r7}
10005c8a:	46bb      	mov	fp, r7
10005c8c:	46b2      	mov	sl, r6
10005c8e:	46a9      	mov	r9, r5
10005c90:	46a0      	mov	r8, r4
10005c92:	bdf8      	pop	{r3, r4, r5, r6, r7, pc}
10005c94:	4658      	mov	r0, fp
10005c96:	f000 fc6d 	bl	10006574 <tu_fifo_clear>
10005c9a:	465a      	mov	r2, fp
10005c9c:	78a3      	ldrb	r3, [r4, #2]
10005c9e:	3a0c      	subs	r2, #12
10005ca0:	7153      	strb	r3, [r2, #5]
10005ca2:	7963      	ldrb	r3, [r4, #5]
10005ca4:	7921      	ldrb	r1, [r4, #4]
10005ca6:	021b      	lsls	r3, r3, #8
10005ca8:	430b      	orrs	r3, r1
10005caa:	490a      	ldr	r1, [pc, #40]	@ (10005cd4 <vendord_open+0x11c>)
10005cac:	055b      	lsls	r3, r3, #21
10005cae:	468c      	mov	ip, r1
10005cb0:	0d5b      	lsrs	r3, r3, #21
10005cb2:	4463      	add	r3, ip
10005cb4:	4259      	negs	r1, r3
10005cb6:	414b      	adcs	r3, r1
10005cb8:	2002      	movs	r0, #2
10005cba:	7911      	ldrb	r1, [r2, #4]
10005cbc:	005b      	lsls	r3, r3, #1
10005cbe:	4381      	bics	r1, r0
10005cc0:	430b      	orrs	r3, r1
10005cc2:	4659      	mov	r1, fp
10005cc4:	2000      	movs	r0, #0
10005cc6:	3908      	subs	r1, #8
10005cc8:	7113      	strb	r3, [r2, #4]
10005cca:	f000 f981 	bl	10005fd0 <tu_edpt_stream_write_xfer>
10005cce:	e7d2      	b.n	10005c76 <vendord_open+0xbe>
10005cd0:	200016cc 	.word	0x200016cc
10005cd4:	fffffe00 	.word	0xfffffe00

10005cd8 <vendord_xfer_cb>:
10005cd8:	b5f8      	push	{r3, r4, r5, r6, r7, lr}
10005cda:	252a      	movs	r5, #42	@ 0x2a
10005cdc:	0006      	movs	r6, r0
10005cde:	481f      	ldr	r0, [pc, #124]	@ (10005d5c <vendord_xfer_cb+0x84>)
10005ce0:	35ff      	adds	r5, #255	@ 0xff
10005ce2:	5d45      	ldrb	r5, [r0, r5]
10005ce4:	001f      	movs	r7, r3
10005ce6:	428d      	cmp	r5, r1
10005ce8:	d015      	beq.n	10005d16 <vendord_xfer_cb+0x3e>
10005cea:	7943      	ldrb	r3, [r0, #5]
10005cec:	428b      	cmp	r3, r1
10005cee:	d001      	beq.n	10005cf4 <vendord_xfer_cb+0x1c>
10005cf0:	2000      	movs	r0, #0
10005cf2:	bdf8      	pop	{r3, r4, r5, r6, r7, pc}
10005cf4:	4b1a      	ldr	r3, [pc, #104]	@ (10005d60 <vendord_xfer_cb+0x88>)
10005cf6:	2b00      	cmp	r3, #0
10005cf8:	d004      	beq.n	10005d04 <vendord_xfer_cb+0x2c>
10005cfa:	0439      	lsls	r1, r7, #16
10005cfc:	2000      	movs	r0, #0
10005cfe:	0c09      	lsrs	r1, r1, #16
10005d00:	e000      	b.n	10005d04 <vendord_xfer_cb+0x2c>
10005d02:	bf00      	nop
10005d04:	4c17      	ldr	r4, [pc, #92]	@ (10005d64 <vendord_xfer_cb+0x8c>)
10005d06:	0030      	movs	r0, r6
10005d08:	0021      	movs	r1, r4
10005d0a:	f000 f961 	bl	10005fd0 <tu_edpt_stream_write_xfer>
10005d0e:	2800      	cmp	r0, #0
10005d10:	d01d      	beq.n	10005d4e <vendord_xfer_cb+0x76>
10005d12:	2001      	movs	r0, #1
10005d14:	e7ed      	b.n	10005cf2 <vendord_xfer_cb+0x1a>
10005d16:	239a      	movs	r3, #154	@ 0x9a
10005d18:	005b      	lsls	r3, r3, #1
10005d1a:	5ac3      	ldrh	r3, [r0, r3]
10005d1c:	2b00      	cmp	r3, #0
10005d1e:	d10d      	bne.n	10005d3c <vendord_xfer_cb+0x64>
10005d20:	4b11      	ldr	r3, [pc, #68]	@ (10005d68 <vendord_xfer_cb+0x90>)
10005d22:	2b00      	cmp	r3, #0
10005d24:	d004      	beq.n	10005d30 <vendord_xfer_cb+0x58>
10005d26:	2000      	movs	r0, #0
10005d28:	4910      	ldr	r1, [pc, #64]	@ (10005d6c <vendord_xfer_cb+0x94>)
10005d2a:	b2ba      	uxth	r2, r7
10005d2c:	e000      	b.n	10005d30 <vendord_xfer_cb+0x58>
10005d2e:	bf00      	nop
10005d30:	0030      	movs	r0, r6
10005d32:	490f      	ldr	r1, [pc, #60]	@ (10005d70 <vendord_xfer_cb+0x98>)
10005d34:	f000 f980 	bl	10006038 <tu_edpt_stream_read_xfer>
10005d38:	2001      	movs	r0, #1
10005d3a:	e7da      	b.n	10005cf2 <vendord_xfer_cb+0x1a>
10005d3c:	2396      	movs	r3, #150	@ 0x96
10005d3e:	005b      	lsls	r3, r3, #1
10005d40:	58c1      	ldr	r1, [r0, r3]
10005d42:	3031      	adds	r0, #49	@ 0x31
10005d44:	b2ba      	uxth	r2, r7
10005d46:	30ff      	adds	r0, #255	@ 0xff
10005d48:	f000 fb60 	bl	1000640c <tu_fifo_write_n>
10005d4c:	e7e8      	b.n	10005d20 <vendord_xfer_cb+0x48>
10005d4e:	003a      	movs	r2, r7
10005d50:	0021      	movs	r1, r4
10005d52:	0030      	movs	r0, r6
10005d54:	f000 f908 	bl	10005f68 <tu_edpt_stream_write_zlp_if_needed>
10005d58:	2001      	movs	r0, #1
10005d5a:	e7ca      	b.n	10005cf2 <vendord_xfer_cb+0x1a>
10005d5c:	200016cc 	.word	0x200016cc
10005d60:	00000000 	.word	0x00000000
10005d64:	200016d0 	.word	0x200016d0
10005d68:	00000000 	.word	0x00000000
10005d6c:	2000164c 	.word	0x2000164c
10005d70:	200017f4 	.word	0x200017f4

10005d74 <tusb_rhport_init>:
10005d74:	b500      	push	{lr}
10005d76:	0003      	movs	r3, r0
10005d78:	b083      	sub	sp, #12
10005d7a:	2900      	cmp	r1, #0
10005d7c:	d010      	beq.n	10005da0 <tusb_rhport_init+0x2c>
10005d7e:	2000      	movs	r0, #0
10005d80:	2b01      	cmp	r3, #1
10005d82:	d807      	bhi.n	10005d94 <tusb_rhport_init+0x20>
10005d84:	780a      	ldrb	r2, [r1, #0]
10005d86:	2a00      	cmp	r2, #0
10005d88:	d004      	beq.n	10005d94 <tusb_rhport_init+0x20>
10005d8a:	480c      	ldr	r0, [pc, #48]	@ (10005dbc <tusb_rhport_init+0x48>)
10005d8c:	54c2      	strb	r2, [r0, r3]
10005d8e:	2001      	movs	r0, #1
10005d90:	2a01      	cmp	r2, #1
10005d92:	d001      	beq.n	10005d98 <tusb_rhport_init+0x24>
10005d94:	b003      	add	sp, #12
10005d96:	bd00      	pop	{pc}
10005d98:	0018      	movs	r0, r3
10005d9a:	f7fe fdd5 	bl	10004948 <tud_rhport_init>
10005d9e:	e7f9      	b.n	10005d94 <tusb_rhport_init+0x20>
10005da0:	2301      	movs	r3, #1
10005da2:	466a      	mov	r2, sp
10005da4:	2000      	movs	r0, #0
10005da6:	a901      	add	r1, sp, #4
10005da8:	8093      	strh	r3, [r2, #4]
10005daa:	f7fe fdcd 	bl	10004948 <tud_rhport_init>
10005dae:	2800      	cmp	r0, #0
10005db0:	d0f0      	beq.n	10005d94 <tusb_rhport_init+0x20>
10005db2:	2201      	movs	r2, #1
10005db4:	4b01      	ldr	r3, [pc, #4]	@ (10005dbc <tusb_rhport_init+0x48>)
10005db6:	701a      	strb	r2, [r3, #0]
10005db8:	e7ec      	b.n	10005d94 <tusb_rhport_init+0x20>
10005dba:	46c0      	nop			@ (mov r8, r8)
10005dbc:	20001524 	.word	0x20001524

10005dc0 <tu_edpt_claim>:
10005dc0:	7803      	ldrb	r3, [r0, #0]
10005dc2:	b570      	push	{r4, r5, r6, lr}
10005dc4:	07db      	lsls	r3, r3, #31
10005dc6:	0004      	movs	r4, r0
10005dc8:	000e      	movs	r6, r1
10005dca:	0fdd      	lsrs	r5, r3, #31
10005dcc:	2b00      	cmp	r3, #0
10005dce:	d117      	bne.n	10005e00 <tu_edpt_claim+0x40>
10005dd0:	7803      	ldrb	r3, [r0, #0]
10005dd2:	075b      	lsls	r3, r3, #29
10005dd4:	d501      	bpl.n	10005dda <tu_edpt_claim+0x1a>
10005dd6:	0028      	movs	r0, r5
10005dd8:	bd70      	pop	{r4, r5, r6, pc}
10005dda:	2101      	movs	r1, #1
10005ddc:	0030      	movs	r0, r6
10005dde:	4249      	negs	r1, r1
10005de0:	f003 fe1a 	bl	10009a18 <__mutex_enter_timeout_ms_veneer>
10005de4:	7823      	ldrb	r3, [r4, #0]
10005de6:	07db      	lsls	r3, r3, #31
10005de8:	0fdd      	lsrs	r5, r3, #31
10005dea:	2b00      	cmp	r3, #0
10005dec:	d10a      	bne.n	10005e04 <tu_edpt_claim+0x44>
10005dee:	7823      	ldrb	r3, [r4, #0]
10005df0:	075b      	lsls	r3, r3, #29
10005df2:	d408      	bmi.n	10005e06 <tu_edpt_claim+0x46>
10005df4:	2204      	movs	r2, #4
10005df6:	7823      	ldrb	r3, [r4, #0]
10005df8:	2501      	movs	r5, #1
10005dfa:	4313      	orrs	r3, r2
10005dfc:	7023      	strb	r3, [r4, #0]
10005dfe:	e002      	b.n	10005e06 <tu_edpt_claim+0x46>
10005e00:	2500      	movs	r5, #0
10005e02:	e7e8      	b.n	10005dd6 <tu_edpt_claim+0x16>
10005e04:	2500      	movs	r5, #0
10005e06:	0030      	movs	r0, r6
10005e08:	f003 fdd6 	bl	100099b8 <__mutex_exit_veneer>
10005e0c:	e7e3      	b.n	10005dd6 <tu_edpt_claim+0x16>
10005e0e:	46c0      	nop			@ (mov r8, r8)

10005e10 <tu_edpt_release>:
10005e10:	b570      	push	{r4, r5, r6, lr}
10005e12:	000c      	movs	r4, r1
10005e14:	2101      	movs	r1, #1
10005e16:	0006      	movs	r6, r0
10005e18:	4249      	negs	r1, r1
10005e1a:	0020      	movs	r0, r4
10005e1c:	f003 fdfc 	bl	10009a18 <__mutex_enter_timeout_ms_veneer>
10005e20:	7833      	ldrb	r3, [r6, #0]
10005e22:	075b      	lsls	r3, r3, #29
10005e24:	0fdd      	lsrs	r5, r3, #31
10005e26:	2b00      	cmp	r3, #0
10005e28:	db04      	blt.n	10005e34 <tu_edpt_release+0x24>
10005e2a:	0020      	movs	r0, r4
10005e2c:	f003 fdc4 	bl	100099b8 <__mutex_exit_veneer>
10005e30:	0028      	movs	r0, r5
10005e32:	bd70      	pop	{r4, r5, r6, pc}
10005e34:	7833      	ldrb	r3, [r6, #0]
10005e36:	07db      	lsls	r3, r3, #31
10005e38:	d404      	bmi.n	10005e44 <tu_edpt_release+0x34>
10005e3a:	2204      	movs	r2, #4
10005e3c:	7833      	ldrb	r3, [r6, #0]
10005e3e:	4393      	bics	r3, r2
10005e40:	7033      	strb	r3, [r6, #0]
10005e42:	e7f2      	b.n	10005e2a <tu_edpt_release+0x1a>
10005e44:	2500      	movs	r5, #0
10005e46:	e7f0      	b.n	10005e2a <tu_edpt_release+0x1a>

10005e48 <tu_edpt_validate>:
10005e48:	7943      	ldrb	r3, [r0, #5]
10005e4a:	7902      	ldrb	r2, [r0, #4]
10005e4c:	021b      	lsls	r3, r3, #8
10005e4e:	4313      	orrs	r3, r2
10005e50:	78c2      	ldrb	r2, [r0, #3]
10005e52:	055b      	lsls	r3, r3, #21
10005e54:	0792      	lsls	r2, r2, #30
10005e56:	0d5b      	lsrs	r3, r3, #21
10005e58:	0f92      	lsrs	r2, r2, #30
10005e5a:	2a02      	cmp	r2, #2
10005e5c:	d01d      	beq.n	10005e9a <tu_edpt_validate+0x52>
10005e5e:	2a03      	cmp	r2, #3
10005e60:	d00c      	beq.n	10005e7c <tu_edpt_validate+0x34>
10005e62:	2000      	movs	r0, #0
10005e64:	2a01      	cmp	r2, #1
10005e66:	d108      	bne.n	10005e7a <tu_edpt_validate+0x32>
10005e68:	3902      	subs	r1, #2
10005e6a:	424a      	negs	r2, r1
10005e6c:	4151      	adcs	r1, r2
10005e6e:	4a12      	ldr	r2, [pc, #72]	@ (10005eb8 <tu_edpt_validate+0x70>)
10005e70:	4694      	mov	ip, r2
10005e72:	4461      	add	r1, ip
10005e74:	4299      	cmp	r1, r3
10005e76:	4140      	adcs	r0, r0
10005e78:	b2c0      	uxtb	r0, r0
10005e7a:	4770      	bx	lr
10005e7c:	3902      	subs	r1, #2
10005e7e:	1e4a      	subs	r2, r1, #1
10005e80:	4191      	sbcs	r1, r2
10005e82:	4a0e      	ldr	r2, [pc, #56]	@ (10005ebc <tu_edpt_validate+0x74>)
10005e84:	4249      	negs	r1, r1
10005e86:	4011      	ands	r1, r2
10005e88:	2280      	movs	r2, #128	@ 0x80
10005e8a:	00d2      	lsls	r2, r2, #3
10005e8c:	4694      	mov	ip, r2
10005e8e:	2000      	movs	r0, #0
10005e90:	4461      	add	r1, ip
10005e92:	4299      	cmp	r1, r3
10005e94:	4140      	adcs	r0, r0
10005e96:	b2c0      	uxtb	r0, r0
10005e98:	e7ef      	b.n	10005e7a <tu_edpt_validate+0x32>
10005e9a:	2902      	cmp	r1, #2
10005e9c:	d005      	beq.n	10005eaa <tu_edpt_validate+0x62>
10005e9e:	2000      	movs	r0, #0
10005ea0:	2240      	movs	r2, #64	@ 0x40
10005ea2:	429a      	cmp	r2, r3
10005ea4:	4140      	adcs	r0, r0
10005ea6:	b2c0      	uxtb	r0, r0
10005ea8:	e7e7      	b.n	10005e7a <tu_edpt_validate+0x32>
10005eaa:	4a05      	ldr	r2, [pc, #20]	@ (10005ec0 <tu_edpt_validate+0x78>)
10005eac:	1898      	adds	r0, r3, r2
10005eae:	4243      	negs	r3, r0
10005eb0:	4158      	adcs	r0, r3
10005eb2:	b2c0      	uxtb	r0, r0
10005eb4:	e7e1      	b.n	10005e7a <tu_edpt_validate+0x32>
10005eb6:	46c0      	nop			@ (mov r8, r8)
10005eb8:	000003ff 	.word	0x000003ff
10005ebc:	fffffc40 	.word	0xfffffc40
10005ec0:	fffffe00 	.word	0xfffffe00

10005ec4 <tu_edpt_bind_driver>:
10005ec4:	188a      	adds	r2, r1, r2
10005ec6:	b570      	push	{r4, r5, r6, lr}
10005ec8:	4291      	cmp	r1, r2
10005eca:	d207      	bcs.n	10005edc <tu_edpt_bind_driver+0x18>
10005ecc:	267f      	movs	r6, #127	@ 0x7f
10005ece:	784c      	ldrb	r4, [r1, #1]
10005ed0:	2c05      	cmp	r4, #5
10005ed2:	d004      	beq.n	10005ede <tu_edpt_bind_driver+0x1a>
10005ed4:	780c      	ldrb	r4, [r1, #0]
10005ed6:	1909      	adds	r1, r1, r4
10005ed8:	428a      	cmp	r2, r1
10005eda:	d8f8      	bhi.n	10005ece <tu_edpt_bind_driver+0xa>
10005edc:	bd70      	pop	{r4, r5, r6, pc}
10005ede:	0034      	movs	r4, r6
10005ee0:	788d      	ldrb	r5, [r1, #2]
10005ee2:	402c      	ands	r4, r5
10005ee4:	0064      	lsls	r4, r4, #1
10005ee6:	1904      	adds	r4, r0, r4
10005ee8:	09ed      	lsrs	r5, r5, #7
10005eea:	5563      	strb	r3, [r4, r5]
10005eec:	780c      	ldrb	r4, [r1, #0]
10005eee:	1909      	adds	r1, r1, r4
10005ef0:	428a      	cmp	r2, r1
10005ef2:	d8ec      	bhi.n	10005ece <tu_edpt_bind_driver+0xa>
10005ef4:	e7f2      	b.n	10005edc <tu_edpt_bind_driver+0x18>
10005ef6:	46c0      	nop			@ (mov r8, r8)

10005ef8 <tu_edpt_stream_init>:
10005ef8:	b5f0      	push	{r4, r5, r6, r7, lr}
10005efa:	46c6      	mov	lr, r8
10005efc:	b500      	push	{lr}
10005efe:	b082      	sub	sp, #8
10005f00:	0015      	movs	r5, r2
10005f02:	aa08      	add	r2, sp, #32
10005f04:	ca40      	ldmia	r2!, {r6}
10005f06:	0004      	movs	r4, r0
10005f08:	8817      	ldrh	r7, [r2, #0]
10005f0a:	466a      	mov	r2, sp
10005f0c:	8d92      	ldrh	r2, [r2, #44]	@ 0x2c
10005f0e:	2001      	movs	r0, #1
10005f10:	4690      	mov	r8, r2
10005f12:	000a      	movs	r2, r1
10005f14:	7821      	ldrb	r1, [r4, #0]
10005f16:	4002      	ands	r2, r0
10005f18:	4381      	bics	r1, r0
10005f1a:	0020      	movs	r0, r4
10005f1c:	4311      	orrs	r1, r2
10005f1e:	7021      	strb	r1, [r4, #0]
10005f20:	003a      	movs	r2, r7
10005f22:	9300      	str	r3, [sp, #0]
10005f24:	0031      	movs	r1, r6
10005f26:	2301      	movs	r3, #1
10005f28:	3008      	adds	r0, #8
10005f2a:	f000 f8f1 	bl	10006110 <tu_fifo_config>
10005f2e:	2e00      	cmp	r6, #0
10005f30:	d001      	beq.n	10005f36 <tu_edpt_stream_init+0x3e>
10005f32:	2f00      	cmp	r7, #0
10005f34:	d108      	bne.n	10005f48 <tu_edpt_stream_init+0x50>
10005f36:	9b0a      	ldr	r3, [sp, #40]	@ 0x28
10005f38:	2001      	movs	r0, #1
10005f3a:	6063      	str	r3, [r4, #4]
10005f3c:	4643      	mov	r3, r8
10005f3e:	8063      	strh	r3, [r4, #2]
10005f40:	b002      	add	sp, #8
10005f42:	bc80      	pop	{r7}
10005f44:	46b8      	mov	r8, r7
10005f46:	bdf0      	pop	{r4, r5, r6, r7, pc}
10005f48:	0026      	movs	r6, r4
10005f4a:	361c      	adds	r6, #28
10005f4c:	0030      	movs	r0, r6
10005f4e:	f7fa fd67 	bl	10000a20 <mutex_init>
10005f52:	2300      	movs	r3, #0
10005f54:	2d00      	cmp	r5, #0
10005f56:	d001      	beq.n	10005f5c <tu_edpt_stream_init+0x64>
10005f58:	0033      	movs	r3, r6
10005f5a:	2600      	movs	r6, #0
10005f5c:	6163      	str	r3, [r4, #20]
10005f5e:	61a6      	str	r6, [r4, #24]
10005f60:	e7e9      	b.n	10005f36 <tu_edpt_stream_init+0x3e>
10005f62:	46c0      	nop			@ (mov r8, r8)

10005f64 <tu_edpt_stream_deinit>:
10005f64:	2001      	movs	r0, #1
10005f66:	4770      	bx	lr

10005f68 <tu_edpt_stream_write_zlp_if_needed>:
10005f68:	b5f8      	push	{r3, r4, r5, r6, r7, lr}
10005f6a:	2402      	movs	r4, #2
10005f6c:	780b      	ldrb	r3, [r1, #0]
10005f6e:	0007      	movs	r7, r0
10005f70:	401c      	ands	r4, r3
10005f72:	4263      	negs	r3, r4
10005f74:	415c      	adcs	r4, r3
10005f76:	4b14      	ldr	r3, [pc, #80]	@ (10005fc8 <tu_edpt_stream_write_zlp_if_needed+0x60>)
10005f78:	4264      	negs	r4, r4
10005f7a:	401c      	ands	r4, r3
10005f7c:	4b13      	ldr	r3, [pc, #76]	@ (10005fcc <tu_edpt_stream_write_zlp_if_needed+0x64>)
10005f7e:	0008      	movs	r0, r1
10005f80:	469c      	mov	ip, r3
10005f82:	3008      	adds	r0, #8
10005f84:	000d      	movs	r5, r1
10005f86:	0016      	movs	r6, r2
10005f88:	4464      	add	r4, ip
10005f8a:	f000 f8f7 	bl	1000617c <tu_fifo_count>
10005f8e:	2800      	cmp	r0, #0
10005f90:	d107      	bne.n	10005fa2 <tu_edpt_stream_write_zlp_if_needed+0x3a>
10005f92:	2e00      	cmp	r6, #0
10005f94:	d005      	beq.n	10005fa2 <tu_edpt_stream_write_zlp_if_needed+0x3a>
10005f96:	4234      	tst	r4, r6
10005f98:	d103      	bne.n	10005fa2 <tu_edpt_stream_write_zlp_if_needed+0x3a>
10005f9a:	2401      	movs	r4, #1
10005f9c:	782b      	ldrb	r3, [r5, #0]
10005f9e:	421c      	tst	r4, r3
10005fa0:	d001      	beq.n	10005fa6 <tu_edpt_stream_write_zlp_if_needed+0x3e>
10005fa2:	2000      	movs	r0, #0
10005fa4:	bdf8      	pop	{r3, r4, r5, r6, r7, pc}
10005fa6:	0038      	movs	r0, r7
10005fa8:	7869      	ldrb	r1, [r5, #1]
10005faa:	f7ff f9af 	bl	1000530c <usbd_edpt_claim>
10005fae:	2800      	cmp	r0, #0
10005fb0:	d0f7      	beq.n	10005fa2 <tu_edpt_stream_write_zlp_if_needed+0x3a>
10005fb2:	782b      	ldrb	r3, [r5, #0]
10005fb4:	421c      	tst	r4, r3
10005fb6:	d1f4      	bne.n	10005fa2 <tu_edpt_stream_write_zlp_if_needed+0x3a>
10005fb8:	2300      	movs	r3, #0
10005fba:	2200      	movs	r2, #0
10005fbc:	0038      	movs	r0, r7
10005fbe:	7869      	ldrb	r1, [r5, #1]
10005fc0:	f7ff f9cc 	bl	1000535c <usbd_edpt_xfer>
10005fc4:	e7ee      	b.n	10005fa4 <tu_edpt_stream_write_zlp_if_needed+0x3c>
10005fc6:	46c0      	nop			@ (mov r8, r8)
10005fc8:	fffffe40 	.word	0xfffffe40
10005fcc:	000001ff 	.word	0x000001ff

10005fd0 <tu_edpt_stream_write_xfer>:
10005fd0:	b5f8      	push	{r3, r4, r5, r6, r7, lr}
10005fd2:	000d      	movs	r5, r1
10005fd4:	3508      	adds	r5, #8
10005fd6:	0006      	movs	r6, r0
10005fd8:	0028      	movs	r0, r5
10005fda:	000c      	movs	r4, r1
10005fdc:	f000 f8ce 	bl	1000617c <tu_fifo_count>
10005fe0:	2800      	cmp	r0, #0
10005fe2:	d003      	beq.n	10005fec <tu_edpt_stream_write_xfer+0x1c>
10005fe4:	2701      	movs	r7, #1
10005fe6:	7823      	ldrb	r3, [r4, #0]
10005fe8:	421f      	tst	r7, r3
10005fea:	d001      	beq.n	10005ff0 <tu_edpt_stream_write_xfer+0x20>
10005fec:	2000      	movs	r0, #0
10005fee:	bdf8      	pop	{r3, r4, r5, r6, r7, pc}
10005ff0:	0030      	movs	r0, r6
10005ff2:	7861      	ldrb	r1, [r4, #1]
10005ff4:	f7ff f98a 	bl	1000530c <usbd_edpt_claim>
10005ff8:	2800      	cmp	r0, #0
10005ffa:	d0f7      	beq.n	10005fec <tu_edpt_stream_write_xfer+0x1c>
10005ffc:	0028      	movs	r0, r5
10005ffe:	8862      	ldrh	r2, [r4, #2]
10006000:	6861      	ldr	r1, [r4, #4]
10006002:	f000 f93d 	bl	10006280 <tu_fifo_read_n>
10006006:	7823      	ldrb	r3, [r4, #0]
10006008:	0005      	movs	r5, r0
1000600a:	401f      	ands	r7, r3
1000600c:	2800      	cmp	r0, #0
1000600e:	d00b      	beq.n	10006028 <tu_edpt_stream_write_xfer+0x58>
10006010:	2f00      	cmp	r7, #0
10006012:	d1eb      	bne.n	10005fec <tu_edpt_stream_write_xfer+0x1c>
10006014:	0003      	movs	r3, r0
10006016:	6862      	ldr	r2, [r4, #4]
10006018:	0030      	movs	r0, r6
1000601a:	7861      	ldrb	r1, [r4, #1]
1000601c:	f7ff f99e 	bl	1000535c <usbd_edpt_xfer>
10006020:	2800      	cmp	r0, #0
10006022:	d0e3      	beq.n	10005fec <tu_edpt_stream_write_xfer+0x1c>
10006024:	0028      	movs	r0, r5
10006026:	e7e2      	b.n	10005fee <tu_edpt_stream_write_xfer+0x1e>
10006028:	2f00      	cmp	r7, #0
1000602a:	d1df      	bne.n	10005fec <tu_edpt_stream_write_xfer+0x1c>
1000602c:	0030      	movs	r0, r6
1000602e:	7861      	ldrb	r1, [r4, #1]
10006030:	f7ff f980 	bl	10005334 <usbd_edpt_release>
10006034:	e7da      	b.n	10005fec <tu_edpt_stream_write_xfer+0x1c>
10006036:	46c0      	nop			@ (mov r8, r8)

10006038 <tu_edpt_stream_read_xfer>:
10006038:	b5f8      	push	{r3, r4, r5, r6, r7, lr}
1000603a:	46ce      	mov	lr, r9
1000603c:	4647      	mov	r7, r8
1000603e:	b580      	push	{r7, lr}
10006040:	898a      	ldrh	r2, [r1, #12]
10006042:	0006      	movs	r6, r0
10006044:	000c      	movs	r4, r1
10006046:	780b      	ldrb	r3, [r1, #0]
10006048:	2a00      	cmp	r2, #0
1000604a:	d107      	bne.n	1000605c <tu_edpt_stream_read_xfer+0x24>
1000604c:	2501      	movs	r5, #1
1000604e:	421d      	tst	r5, r3
10006050:	d040      	beq.n	100060d4 <tu_edpt_stream_read_xfer+0x9c>
10006052:	2000      	movs	r0, #0
10006054:	bcc0      	pop	{r6, r7}
10006056:	46b9      	mov	r9, r7
10006058:	46b0      	mov	r8, r6
1000605a:	bdf8      	pop	{r3, r4, r5, r6, r7, pc}
1000605c:	079b      	lsls	r3, r3, #30
1000605e:	d433      	bmi.n	100060c8 <tu_edpt_stream_read_xfer+0x90>
10006060:	4b2a      	ldr	r3, [pc, #168]	@ (1000610c <tu_edpt_stream_read_xfer+0xd4>)
10006062:	2540      	movs	r5, #64	@ 0x40
10006064:	4699      	mov	r9, r3
10006066:	0027      	movs	r7, r4
10006068:	3708      	adds	r7, #8
1000606a:	0038      	movs	r0, r7
1000606c:	f000 f8a4 	bl	100061b8 <tu_fifo_remaining>
10006070:	4285      	cmp	r5, r0
10006072:	d8ee      	bhi.n	10006052 <tu_edpt_stream_read_xfer+0x1a>
10006074:	2201      	movs	r2, #1
10006076:	7823      	ldrb	r3, [r4, #0]
10006078:	4690      	mov	r8, r2
1000607a:	421a      	tst	r2, r3
1000607c:	d1e9      	bne.n	10006052 <tu_edpt_stream_read_xfer+0x1a>
1000607e:	0030      	movs	r0, r6
10006080:	7861      	ldrb	r1, [r4, #1]
10006082:	f7ff f943 	bl	1000530c <usbd_edpt_claim>
10006086:	2800      	cmp	r0, #0
10006088:	d0e3      	beq.n	10006052 <tu_edpt_stream_read_xfer+0x1a>
1000608a:	0038      	movs	r0, r7
1000608c:	f000 f894 	bl	100061b8 <tu_fifo_remaining>
10006090:	4642      	mov	r2, r8
10006092:	7823      	ldrb	r3, [r4, #0]
10006094:	401a      	ands	r2, r3
10006096:	4285      	cmp	r5, r0
10006098:	d831      	bhi.n	100060fe <tu_edpt_stream_read_xfer+0xc6>
1000609a:	2a00      	cmp	r2, #0
1000609c:	d1d9      	bne.n	10006052 <tu_edpt_stream_read_xfer+0x1a>
1000609e:	464a      	mov	r2, r9
100060a0:	8863      	ldrh	r3, [r4, #2]
100060a2:	4002      	ands	r2, r0
100060a4:	1c1d      	adds	r5, r3, #0
100060a6:	4293      	cmp	r3, r2
100060a8:	d900      	bls.n	100060ac <tu_edpt_stream_read_xfer+0x74>
100060aa:	1c15      	adds	r5, r2, #0
100060ac:	b2ad      	uxth	r5, r5
100060ae:	2200      	movs	r2, #0
100060b0:	7861      	ldrb	r1, [r4, #1]
100060b2:	2d00      	cmp	r5, #0
100060b4:	d000      	beq.n	100060b8 <tu_edpt_stream_read_xfer+0x80>
100060b6:	6862      	ldr	r2, [r4, #4]
100060b8:	002b      	movs	r3, r5
100060ba:	0030      	movs	r0, r6
100060bc:	f7ff f94e 	bl	1000535c <usbd_edpt_xfer>
100060c0:	2800      	cmp	r0, #0
100060c2:	d0c6      	beq.n	10006052 <tu_edpt_stream_read_xfer+0x1a>
100060c4:	0028      	movs	r0, r5
100060c6:	e7c5      	b.n	10006054 <tu_edpt_stream_read_xfer+0x1c>
100060c8:	23fe      	movs	r3, #254	@ 0xfe
100060ca:	2580      	movs	r5, #128	@ 0x80
100060cc:	021b      	lsls	r3, r3, #8
100060ce:	4699      	mov	r9, r3
100060d0:	00ad      	lsls	r5, r5, #2
100060d2:	e7c8      	b.n	10006066 <tu_edpt_stream_read_xfer+0x2e>
100060d4:	7849      	ldrb	r1, [r1, #1]
100060d6:	f7ff f919 	bl	1000530c <usbd_edpt_claim>
100060da:	2800      	cmp	r0, #0
100060dc:	d0b9      	beq.n	10006052 <tu_edpt_stream_read_xfer+0x1a>
100060de:	7823      	ldrb	r3, [r4, #0]
100060e0:	421d      	tst	r5, r3
100060e2:	d1b6      	bne.n	10006052 <tu_edpt_stream_read_xfer+0x1a>
100060e4:	8863      	ldrh	r3, [r4, #2]
100060e6:	2200      	movs	r2, #0
100060e8:	7861      	ldrb	r1, [r4, #1]
100060ea:	2b00      	cmp	r3, #0
100060ec:	d000      	beq.n	100060f0 <tu_edpt_stream_read_xfer+0xb8>
100060ee:	6862      	ldr	r2, [r4, #4]
100060f0:	0030      	movs	r0, r6
100060f2:	f7ff f933 	bl	1000535c <usbd_edpt_xfer>
100060f6:	2800      	cmp	r0, #0
100060f8:	d0ab      	beq.n	10006052 <tu_edpt_stream_read_xfer+0x1a>
100060fa:	8860      	ldrh	r0, [r4, #2]
100060fc:	e7aa      	b.n	10006054 <tu_edpt_stream_read_xfer+0x1c>
100060fe:	2a00      	cmp	r2, #0
10006100:	d1a7      	bne.n	10006052 <tu_edpt_stream_read_xfer+0x1a>
10006102:	0030      	movs	r0, r6
10006104:	7861      	ldrb	r1, [r4, #1]
10006106:	f7ff f915 	bl	10005334 <usbd_edpt_release>
1000610a:	e7a2      	b.n	10006052 <tu_edpt_stream_read_xfer+0x1a>
1000610c:	0000ffc0 	.word	0x0000ffc0

10006110 <tu_fifo_config>:
10006110:	b5f0      	push	{r4, r5, r6, r7, lr}
10006112:	46c6      	mov	lr, r8
10006114:	b500      	push	{lr}
10006116:	0004      	movs	r4, r0
10006118:	4668      	mov	r0, sp
1000611a:	7e05      	ldrb	r5, [r0, #24]
1000611c:	2080      	movs	r0, #128	@ 0x80
1000611e:	4688      	mov	r8, r1
10006120:	0017      	movs	r7, r2
10006122:	001e      	movs	r6, r3
10006124:	0200      	lsls	r0, r0, #8
10006126:	4282      	cmp	r2, r0
10006128:	d826      	bhi.n	10006178 <tu_fifo_config+0x68>
1000612a:	68e0      	ldr	r0, [r4, #12]
1000612c:	2800      	cmp	r0, #0
1000612e:	d003      	beq.n	10006138 <tu_fifo_config+0x28>
10006130:	2101      	movs	r1, #1
10006132:	4249      	negs	r1, r1
10006134:	f003 fc70 	bl	10009a18 <__mutex_enter_timeout_ms_veneer>
10006138:	6920      	ldr	r0, [r4, #16]
1000613a:	2800      	cmp	r0, #0
1000613c:	d003      	beq.n	10006146 <tu_fifo_config+0x36>
1000613e:	2101      	movs	r1, #1
10006140:	4249      	negs	r1, r1
10006142:	f003 fc69 	bl	10009a18 <__mutex_enter_timeout_ms_veneer>
10006146:	4643      	mov	r3, r8
10006148:	6023      	str	r3, [r4, #0]
1000614a:	0473      	lsls	r3, r6, #17
1000614c:	0c5b      	lsrs	r3, r3, #17
1000614e:	03ed      	lsls	r5, r5, #15
10006150:	431d      	orrs	r5, r3
10006152:	2300      	movs	r3, #0
10006154:	68e0      	ldr	r0, [r4, #12]
10006156:	8163      	strh	r3, [r4, #10]
10006158:	80a7      	strh	r7, [r4, #4]
1000615a:	80e5      	strh	r5, [r4, #6]
1000615c:	8123      	strh	r3, [r4, #8]
1000615e:	2800      	cmp	r0, #0
10006160:	d001      	beq.n	10006166 <tu_fifo_config+0x56>
10006162:	f003 fc29 	bl	100099b8 <__mutex_exit_veneer>
10006166:	6920      	ldr	r0, [r4, #16]
10006168:	2800      	cmp	r0, #0
1000616a:	d001      	beq.n	10006170 <tu_fifo_config+0x60>
1000616c:	f003 fc24 	bl	100099b8 <__mutex_exit_veneer>
10006170:	2001      	movs	r0, #1
10006172:	bc80      	pop	{r7}
10006174:	46b8      	mov	r8, r7
10006176:	bdf0      	pop	{r4, r5, r6, r7, pc}
10006178:	2000      	movs	r0, #0
1000617a:	e7fa      	b.n	10006172 <tu_fifo_config+0x62>

1000617c <tu_fifo_count>:
1000617c:	b510      	push	{r4, lr}
1000617e:	8904      	ldrh	r4, [r0, #8]
10006180:	8941      	ldrh	r1, [r0, #10]
10006182:	8882      	ldrh	r2, [r0, #4]
10006184:	b2a3      	uxth	r3, r4
10006186:	b288      	uxth	r0, r1
10006188:	428c      	cmp	r4, r1
1000618a:	d307      	bcc.n	1000619c <tu_fifo_count+0x20>
1000618c:	1a1b      	subs	r3, r3, r0
1000618e:	b29b      	uxth	r3, r3
10006190:	1c10      	adds	r0, r2, #0
10006192:	429a      	cmp	r2, r3
10006194:	d900      	bls.n	10006198 <tu_fifo_count+0x1c>
10006196:	1c18      	adds	r0, r3, #0
10006198:	b280      	uxth	r0, r0
1000619a:	bd10      	pop	{r4, pc}
1000619c:	0051      	lsls	r1, r2, #1
1000619e:	1a09      	subs	r1, r1, r0
100061a0:	185b      	adds	r3, r3, r1
100061a2:	b29b      	uxth	r3, r3
100061a4:	e7f4      	b.n	10006190 <tu_fifo_count+0x14>
100061a6:	46c0      	nop			@ (mov r8, r8)

100061a8 <tu_fifo_empty>:
100061a8:	8903      	ldrh	r3, [r0, #8]
100061aa:	8940      	ldrh	r0, [r0, #10]
100061ac:	1a18      	subs	r0, r3, r0
100061ae:	4243      	negs	r3, r0
100061b0:	4158      	adcs	r0, r3
100061b2:	b2c0      	uxtb	r0, r0
100061b4:	4770      	bx	lr
100061b6:	46c0      	nop			@ (mov r8, r8)

100061b8 <tu_fifo_remaining>:
100061b8:	b510      	push	{r4, lr}
100061ba:	8904      	ldrh	r4, [r0, #8]
100061bc:	8941      	ldrh	r1, [r0, #10]
100061be:	8882      	ldrh	r2, [r0, #4]
100061c0:	b2a3      	uxth	r3, r4
100061c2:	b288      	uxth	r0, r1
100061c4:	428c      	cmp	r4, r1
100061c6:	d307      	bcc.n	100061d8 <tu_fifo_remaining+0x20>
100061c8:	1a1b      	subs	r3, r3, r0
100061ca:	b29b      	uxth	r3, r3
100061cc:	2000      	movs	r0, #0
100061ce:	429a      	cmp	r2, r3
100061d0:	d901      	bls.n	100061d6 <tu_fifo_remaining+0x1e>
100061d2:	1ad2      	subs	r2, r2, r3
100061d4:	b290      	uxth	r0, r2
100061d6:	bd10      	pop	{r4, pc}
100061d8:	0051      	lsls	r1, r2, #1
100061da:	1a09      	subs	r1, r1, r0
100061dc:	185b      	adds	r3, r3, r1
100061de:	b29b      	uxth	r3, r3
100061e0:	e7f4      	b.n	100061cc <tu_fifo_remaining+0x14>
100061e2:	46c0      	nop			@ (mov r8, r8)

100061e4 <tu_fifo_read>:
100061e4:	b570      	push	{r4, r5, r6, lr}
100061e6:	0004      	movs	r4, r0
100061e8:	6900      	ldr	r0, [r0, #16]
100061ea:	000e      	movs	r6, r1
100061ec:	2800      	cmp	r0, #0
100061ee:	d003      	beq.n	100061f8 <tu_fifo_read+0x14>
100061f0:	2101      	movs	r1, #1
100061f2:	4249      	negs	r1, r1
100061f4:	f003 fc10 	bl	10009a18 <__mutex_enter_timeout_ms_veneer>
100061f8:	8925      	ldrh	r5, [r4, #8]
100061fa:	8960      	ldrh	r0, [r4, #10]
100061fc:	88a2      	ldrh	r2, [r4, #4]
100061fe:	b2a9      	uxth	r1, r5
10006200:	b283      	uxth	r3, r0
10006202:	4285      	cmp	r5, r0
10006204:	d332      	bcc.n	1000626c <tu_fifo_read+0x88>
10006206:	1acd      	subs	r5, r1, r3
10006208:	b2ad      	uxth	r5, r5
1000620a:	2d00      	cmp	r5, #0
1000620c:	d028      	beq.n	10006260 <tu_fifo_read+0x7c>
1000620e:	42aa      	cmp	r2, r5
10006210:	d208      	bcs.n	10006224 <tu_fifo_read+0x40>
10006212:	4291      	cmp	r1, r2
10006214:	d32f      	bcc.n	10006276 <tu_fifo_read+0x92>
10006216:	1a89      	subs	r1, r1, r2
10006218:	b28b      	uxth	r3, r1
1000621a:	8163      	strh	r3, [r4, #10]
1000621c:	429a      	cmp	r2, r3
1000621e:	d803      	bhi.n	10006228 <tu_fifo_read+0x44>
10006220:	1a9b      	subs	r3, r3, r2
10006222:	b29b      	uxth	r3, r3
10006224:	429a      	cmp	r2, r3
10006226:	d9fb      	bls.n	10006220 <tu_fifo_read+0x3c>
10006228:	88e2      	ldrh	r2, [r4, #6]
1000622a:	6821      	ldr	r1, [r4, #0]
1000622c:	0452      	lsls	r2, r2, #17
1000622e:	0c52      	lsrs	r2, r2, #17
10006230:	4353      	muls	r3, r2
10006232:	0030      	movs	r0, r6
10006234:	18c9      	adds	r1, r1, r3
10006236:	f7fb ff6f 	bl	10002118 <__wrap___aeabi_memcpy>
1000623a:	8963      	ldrh	r3, [r4, #10]
1000623c:	2501      	movs	r5, #1
1000623e:	1c59      	adds	r1, r3, #1
10006240:	b289      	uxth	r1, r1
10006242:	88a2      	ldrh	r2, [r4, #4]
10006244:	428b      	cmp	r3, r1
10006246:	d90d      	bls.n	10006264 <tu_fifo_read+0x80>
10006248:	2100      	movs	r1, #0
1000624a:	0052      	lsls	r2, r2, #1
1000624c:	1a89      	subs	r1, r1, r2
1000624e:	b289      	uxth	r1, r1
10006250:	6920      	ldr	r0, [r4, #16]
10006252:	8161      	strh	r1, [r4, #10]
10006254:	2800      	cmp	r0, #0
10006256:	d001      	beq.n	1000625c <tu_fifo_read+0x78>
10006258:	f003 fbae 	bl	100099b8 <__mutex_exit_veneer>
1000625c:	0028      	movs	r0, r5
1000625e:	bd70      	pop	{r4, r5, r6, pc}
10006260:	8961      	ldrh	r1, [r4, #10]
10006262:	b289      	uxth	r1, r1
10006264:	0052      	lsls	r2, r2, #1
10006266:	4291      	cmp	r1, r2
10006268:	dbf2      	blt.n	10006250 <tu_fifo_read+0x6c>
1000626a:	e7ef      	b.n	1000624c <tu_fifo_read+0x68>
1000626c:	0055      	lsls	r5, r2, #1
1000626e:	1aed      	subs	r5, r5, r3
10006270:	194d      	adds	r5, r1, r5
10006272:	b2ad      	uxth	r5, r5
10006274:	e7c9      	b.n	1000620a <tu_fifo_read+0x26>
10006276:	1889      	adds	r1, r1, r2
10006278:	b28b      	uxth	r3, r1
1000627a:	8163      	strh	r3, [r4, #10]
1000627c:	e7ce      	b.n	1000621c <tu_fifo_read+0x38>
1000627e:	46c0      	nop			@ (mov r8, r8)

10006280 <tu_fifo_read_n>:
10006280:	b5f0      	push	{r4, r5, r6, r7, lr}
10006282:	4646      	mov	r6, r8
10006284:	464f      	mov	r7, r9
10006286:	46d6      	mov	lr, sl
10006288:	b5c0      	push	{r6, r7, lr}
1000628a:	0006      	movs	r6, r0
1000628c:	6900      	ldr	r0, [r0, #16]
1000628e:	4689      	mov	r9, r1
10006290:	4690      	mov	r8, r2
10006292:	2800      	cmp	r0, #0
10006294:	d003      	beq.n	1000629e <tu_fifo_read_n+0x1e>
10006296:	2101      	movs	r1, #1
10006298:	4249      	negs	r1, r1
1000629a:	f003 fbbd 	bl	10009a18 <__mutex_enter_timeout_ms_veneer>
1000629e:	8931      	ldrh	r1, [r6, #8]
100062a0:	8972      	ldrh	r2, [r6, #10]
100062a2:	88b5      	ldrh	r5, [r6, #4]
100062a4:	b28b      	uxth	r3, r1
100062a6:	b294      	uxth	r4, r2
100062a8:	4291      	cmp	r1, r2
100062aa:	d354      	bcc.n	10006356 <tu_fifo_read_n+0xd6>
100062ac:	1b1f      	subs	r7, r3, r4
100062ae:	b2bf      	uxth	r7, r7
100062b0:	2f00      	cmp	r7, #0
100062b2:	d04a      	beq.n	1000634a <tu_fifo_read_n+0xca>
100062b4:	42bd      	cmp	r5, r7
100062b6:	d205      	bcs.n	100062c4 <tu_fifo_read_n+0x44>
100062b8:	42ab      	cmp	r3, r5
100062ba:	d251      	bcs.n	10006360 <tu_fifo_read_n+0xe0>
100062bc:	195b      	adds	r3, r3, r5
100062be:	b29c      	uxth	r4, r3
100062c0:	002f      	movs	r7, r5
100062c2:	8174      	strh	r4, [r6, #10]
100062c4:	4643      	mov	r3, r8
100062c6:	45b8      	cmp	r8, r7
100062c8:	d83d      	bhi.n	10006346 <tu_fifo_read_n+0xc6>
100062ca:	b29f      	uxth	r7, r3
100062cc:	42a5      	cmp	r5, r4
100062ce:	d803      	bhi.n	100062d8 <tu_fifo_read_n+0x58>
100062d0:	1b64      	subs	r4, r4, r5
100062d2:	b2a4      	uxth	r4, r4
100062d4:	42a5      	cmp	r5, r4
100062d6:	d9fb      	bls.n	100062d0 <tu_fifo_read_n+0x50>
100062d8:	88f2      	ldrh	r2, [r6, #6]
100062da:	6831      	ldr	r1, [r6, #0]
100062dc:	0452      	lsls	r2, r2, #17
100062de:	0c52      	lsrs	r2, r2, #17
100062e0:	4690      	mov	r8, r2
100062e2:	4362      	muls	r2, r4
100062e4:	1b2b      	subs	r3, r5, r4
100062e6:	b29b      	uxth	r3, r3
100062e8:	1889      	adds	r1, r1, r2
100062ea:	4642      	mov	r2, r8
100062ec:	429f      	cmp	r7, r3
100062ee:	d925      	bls.n	1000633c <tu_fifo_read_n+0xbc>
100062f0:	4353      	muls	r3, r2
100062f2:	b29b      	uxth	r3, r3
100062f4:	001a      	movs	r2, r3
100062f6:	4648      	mov	r0, r9
100062f8:	469a      	mov	sl, r3
100062fa:	f7fb ff0d 	bl	10002118 <__wrap___aeabi_memcpy>
100062fe:	4643      	mov	r3, r8
10006300:	4648      	mov	r0, r9
10006302:	1b7d      	subs	r5, r7, r5
10006304:	1964      	adds	r4, r4, r5
10006306:	435c      	muls	r4, r3
10006308:	6831      	ldr	r1, [r6, #0]
1000630a:	4450      	add	r0, sl
1000630c:	b2a2      	uxth	r2, r4
1000630e:	f7fb ff03 	bl	10002118 <__wrap___aeabi_memcpy>
10006312:	8971      	ldrh	r1, [r6, #10]
10006314:	88b5      	ldrh	r5, [r6, #4]
10006316:	19cb      	adds	r3, r1, r7
10006318:	b29b      	uxth	r3, r3
1000631a:	006a      	lsls	r2, r5, #1
1000631c:	4299      	cmp	r1, r3
1000631e:	d916      	bls.n	1000634e <tu_fifo_read_n+0xce>
10006320:	1a9b      	subs	r3, r3, r2
10006322:	b29b      	uxth	r3, r3
10006324:	6930      	ldr	r0, [r6, #16]
10006326:	8173      	strh	r3, [r6, #10]
10006328:	2800      	cmp	r0, #0
1000632a:	d001      	beq.n	10006330 <tu_fifo_read_n+0xb0>
1000632c:	f003 fb44 	bl	100099b8 <__mutex_exit_veneer>
10006330:	0038      	movs	r0, r7
10006332:	bce0      	pop	{r5, r6, r7}
10006334:	46ba      	mov	sl, r7
10006336:	46b1      	mov	r9, r6
10006338:	46a8      	mov	r8, r5
1000633a:	bdf0      	pop	{r4, r5, r6, r7, pc}
1000633c:	4648      	mov	r0, r9
1000633e:	437a      	muls	r2, r7
10006340:	f7fb feea 	bl	10002118 <__wrap___aeabi_memcpy>
10006344:	e7e5      	b.n	10006312 <tu_fifo_read_n+0x92>
10006346:	1c3b      	adds	r3, r7, #0
10006348:	e7bf      	b.n	100062ca <tu_fifo_read_n+0x4a>
1000634a:	8973      	ldrh	r3, [r6, #10]
1000634c:	b29b      	uxth	r3, r3
1000634e:	006a      	lsls	r2, r5, #1
10006350:	4293      	cmp	r3, r2
10006352:	dbe7      	blt.n	10006324 <tu_fifo_read_n+0xa4>
10006354:	e7e4      	b.n	10006320 <tu_fifo_read_n+0xa0>
10006356:	006f      	lsls	r7, r5, #1
10006358:	1b3f      	subs	r7, r7, r4
1000635a:	19df      	adds	r7, r3, r7
1000635c:	b2bf      	uxth	r7, r7
1000635e:	e7a7      	b.n	100062b0 <tu_fifo_read_n+0x30>
10006360:	1b5b      	subs	r3, r3, r5
10006362:	b29c      	uxth	r4, r3
10006364:	e7ac      	b.n	100062c0 <tu_fifo_read_n+0x40>
10006366:	46c0      	nop			@ (mov r8, r8)

10006368 <tu_fifo_write>:
10006368:	b5f8      	push	{r3, r4, r5, r6, r7, lr}
1000636a:	0004      	movs	r4, r0
1000636c:	68c0      	ldr	r0, [r0, #12]
1000636e:	000e      	movs	r6, r1
10006370:	2800      	cmp	r0, #0
10006372:	d003      	beq.n	1000637c <tu_fifo_write+0x14>
10006374:	2101      	movs	r1, #1
10006376:	4249      	negs	r1, r1
10006378:	f003 fb4e 	bl	10009a18 <__mutex_enter_timeout_ms_veneer>
1000637c:	8925      	ldrh	r5, [r4, #8]
1000637e:	8920      	ldrh	r0, [r4, #8]
10006380:	8961      	ldrh	r1, [r4, #10]
10006382:	88a2      	ldrh	r2, [r4, #4]
10006384:	b2ad      	uxth	r5, r5
10006386:	b283      	uxth	r3, r0
10006388:	b28f      	uxth	r7, r1
1000638a:	4288      	cmp	r0, r1
1000638c:	d329      	bcc.n	100063e2 <tu_fifo_write+0x7a>
1000638e:	1bdb      	subs	r3, r3, r7
10006390:	b29b      	uxth	r3, r3
10006392:	429a      	cmp	r2, r3
10006394:	d809      	bhi.n	100063aa <tu_fifo_write+0x42>
10006396:	79e7      	ldrb	r7, [r4, #7]
10006398:	09ff      	lsrs	r7, r7, #7
1000639a:	d106      	bne.n	100063aa <tu_fifo_write+0x42>
1000639c:	68e0      	ldr	r0, [r4, #12]
1000639e:	2800      	cmp	r0, #0
100063a0:	d001      	beq.n	100063a6 <tu_fifo_write+0x3e>
100063a2:	f003 fb09 	bl	100099b8 <__mutex_exit_veneer>
100063a6:	0038      	movs	r0, r7
100063a8:	bdf8      	pop	{r3, r4, r5, r6, r7, pc}
100063aa:	002b      	movs	r3, r5
100063ac:	4295      	cmp	r5, r2
100063ae:	d31d      	bcc.n	100063ec <tu_fifo_write+0x84>
100063b0:	1a9b      	subs	r3, r3, r2
100063b2:	b29b      	uxth	r3, r3
100063b4:	4293      	cmp	r3, r2
100063b6:	d2fb      	bcs.n	100063b0 <tu_fifo_write+0x48>
100063b8:	88e2      	ldrh	r2, [r4, #6]
100063ba:	6820      	ldr	r0, [r4, #0]
100063bc:	0452      	lsls	r2, r2, #17
100063be:	0c52      	lsrs	r2, r2, #17
100063c0:	4353      	muls	r3, r2
100063c2:	0031      	movs	r1, r6
100063c4:	18c0      	adds	r0, r0, r3
100063c6:	f7fb fea7 	bl	10002118 <__wrap___aeabi_memcpy>
100063ca:	1c6b      	adds	r3, r5, #1
100063cc:	b29b      	uxth	r3, r3
100063ce:	88a2      	ldrh	r2, [r4, #4]
100063d0:	429d      	cmp	r5, r3
100063d2:	d917      	bls.n	10006404 <tu_fifo_write+0x9c>
100063d4:	2300      	movs	r3, #0
100063d6:	0052      	lsls	r2, r2, #1
100063d8:	1a9b      	subs	r3, r3, r2
100063da:	b29b      	uxth	r3, r3
100063dc:	2701      	movs	r7, #1
100063de:	8123      	strh	r3, [r4, #8]
100063e0:	e7dc      	b.n	1000639c <tu_fifo_write+0x34>
100063e2:	0051      	lsls	r1, r2, #1
100063e4:	1bc9      	subs	r1, r1, r7
100063e6:	185b      	adds	r3, r3, r1
100063e8:	b29b      	uxth	r3, r3
100063ea:	e7d2      	b.n	10006392 <tu_fifo_write+0x2a>
100063ec:	88e2      	ldrh	r2, [r4, #6]
100063ee:	6820      	ldr	r0, [r4, #0]
100063f0:	0452      	lsls	r2, r2, #17
100063f2:	0c52      	lsrs	r2, r2, #17
100063f4:	4353      	muls	r3, r2
100063f6:	0031      	movs	r1, r6
100063f8:	18c0      	adds	r0, r0, r3
100063fa:	f7fb fe8d 	bl	10002118 <__wrap___aeabi_memcpy>
100063fe:	3501      	adds	r5, #1
10006400:	88a2      	ldrh	r2, [r4, #4]
10006402:	b2ab      	uxth	r3, r5
10006404:	0052      	lsls	r2, r2, #1
10006406:	4293      	cmp	r3, r2
10006408:	dbe8      	blt.n	100063dc <tu_fifo_write+0x74>
1000640a:	e7e5      	b.n	100063d8 <tu_fifo_write+0x70>

1000640c <tu_fifo_write_n>:
1000640c:	b5f0      	push	{r4, r5, r6, r7, lr}
1000640e:	4645      	mov	r5, r8
10006410:	464e      	mov	r6, r9
10006412:	46de      	mov	lr, fp
10006414:	4657      	mov	r7, sl
10006416:	b5e0      	push	{r5, r6, r7, lr}
10006418:	4688      	mov	r8, r1
1000641a:	0005      	movs	r5, r0
1000641c:	0016      	movs	r6, r2
1000641e:	b083      	sub	sp, #12
10006420:	2a00      	cmp	r2, #0
10006422:	d06e      	beq.n	10006502 <tu_fifo_write_n+0xf6>
10006424:	68c0      	ldr	r0, [r0, #12]
10006426:	2800      	cmp	r0, #0
10006428:	d003      	beq.n	10006432 <tu_fifo_write_n+0x26>
1000642a:	2101      	movs	r1, #1
1000642c:	4249      	negs	r1, r1
1000642e:	f003 faf3 	bl	10009a18 <__mutex_enter_timeout_ms_veneer>
10006432:	892f      	ldrh	r7, [r5, #8]
10006434:	79ea      	ldrb	r2, [r5, #7]
10006436:	b2bb      	uxth	r3, r7
10006438:	469b      	mov	fp, r3
1000643a:	896b      	ldrh	r3, [r5, #10]
1000643c:	88af      	ldrh	r7, [r5, #4]
1000643e:	b29b      	uxth	r3, r3
10006440:	09d2      	lsrs	r2, r2, #7
10006442:	d13f      	bne.n	100064c4 <tu_fifo_write_n+0xb8>
10006444:	459b      	cmp	fp, r3
10006446:	d265      	bcs.n	10006514 <tu_fifo_write_n+0x108>
10006448:	007a      	lsls	r2, r7, #1
1000644a:	1ad3      	subs	r3, r2, r3
1000644c:	445b      	add	r3, fp
1000644e:	b29b      	uxth	r3, r3
10006450:	42bb      	cmp	r3, r7
10006452:	d264      	bcs.n	1000651e <tu_fifo_write_n+0x112>
10006454:	1afb      	subs	r3, r7, r3
10006456:	1c1a      	adds	r2, r3, #0
10006458:	b29b      	uxth	r3, r3
1000645a:	42b3      	cmp	r3, r6
1000645c:	d900      	bls.n	10006460 <tu_fifo_write_n+0x54>
1000645e:	1c32      	adds	r2, r6, #0
10006460:	b296      	uxth	r6, r2
10006462:	1bf3      	subs	r3, r6, r7
10006464:	b29b      	uxth	r3, r3
10006466:	469a      	mov	sl, r3
10006468:	465b      	mov	r3, fp
1000646a:	18f3      	adds	r3, r6, r3
1000646c:	b29b      	uxth	r3, r3
1000646e:	4699      	mov	r9, r3
10006470:	88ea      	ldrh	r2, [r5, #6]
10006472:	465c      	mov	r4, fp
10006474:	45bb      	cmp	fp, r7
10006476:	d303      	bcc.n	10006480 <tu_fifo_write_n+0x74>
10006478:	1be4      	subs	r4, r4, r7
1000647a:	b2a4      	uxth	r4, r4
1000647c:	42bc      	cmp	r4, r7
1000647e:	d2fb      	bcs.n	10006478 <tu_fifo_write_n+0x6c>
10006480:	0452      	lsls	r2, r2, #17
10006482:	1b3b      	subs	r3, r7, r4
10006484:	0c57      	lsrs	r7, r2, #17
10006486:	003a      	movs	r2, r7
10006488:	4362      	muls	r2, r4
1000648a:	6828      	ldr	r0, [r5, #0]
1000648c:	b29b      	uxth	r3, r3
1000648e:	1880      	adds	r0, r0, r2
10006490:	42b3      	cmp	r3, r6
10006492:	d356      	bcc.n	10006542 <tu_fifo_write_n+0x136>
10006494:	003a      	movs	r2, r7
10006496:	4641      	mov	r1, r8
10006498:	4372      	muls	r2, r6
1000649a:	f7fb fe3d 	bl	10002118 <__wrap___aeabi_memcpy>
1000649e:	88ab      	ldrh	r3, [r5, #4]
100064a0:	005b      	lsls	r3, r3, #1
100064a2:	45cb      	cmp	fp, r9
100064a4:	d801      	bhi.n	100064aa <tu_fifo_write_n+0x9e>
100064a6:	4599      	cmp	r9, r3
100064a8:	db03      	blt.n	100064b2 <tu_fifo_write_n+0xa6>
100064aa:	464a      	mov	r2, r9
100064ac:	1ad3      	subs	r3, r2, r3
100064ae:	b29b      	uxth	r3, r3
100064b0:	4699      	mov	r9, r3
100064b2:	464b      	mov	r3, r9
100064b4:	0037      	movs	r7, r6
100064b6:	812b      	strh	r3, [r5, #8]
100064b8:	68e8      	ldr	r0, [r5, #12]
100064ba:	2800      	cmp	r0, #0
100064bc:	d022      	beq.n	10006504 <tu_fifo_write_n+0xf8>
100064be:	f003 fa7b 	bl	100099b8 <__mutex_exit_veneer>
100064c2:	e01f      	b.n	10006504 <tu_fifo_write_n+0xf8>
100064c4:	42be      	cmp	r6, r7
100064c6:	d22c      	bcs.n	10006522 <tu_fifo_write_n+0x116>
100064c8:	459b      	cmp	fp, r3
100064ca:	d34b      	bcc.n	10006564 <tu_fifo_write_n+0x158>
100064cc:	465a      	mov	r2, fp
100064ce:	1ad2      	subs	r2, r2, r3
100064d0:	b292      	uxth	r2, r2
100064d2:	0079      	lsls	r1, r7, #1
100064d4:	1bf0      	subs	r0, r6, r7
100064d6:	b280      	uxth	r0, r0
100064d8:	1992      	adds	r2, r2, r6
100064da:	4682      	mov	sl, r0
100064dc:	428a      	cmp	r2, r1
100064de:	dbc3      	blt.n	10006468 <tu_fifo_write_n+0x5c>
100064e0:	19da      	adds	r2, r3, r7
100064e2:	b292      	uxth	r2, r2
100064e4:	4691      	mov	r9, r2
100064e6:	1b92      	subs	r2, r2, r6
100064e8:	b292      	uxth	r2, r2
100064ea:	4693      	mov	fp, r2
100064ec:	4293      	cmp	r3, r2
100064ee:	d93e      	bls.n	1000656e <tu_fifo_write_n+0x162>
100064f0:	465b      	mov	r3, fp
100064f2:	1a59      	subs	r1, r3, r1
100064f4:	b28b      	uxth	r3, r1
100064f6:	469b      	mov	fp, r3
100064f8:	18f3      	adds	r3, r6, r3
100064fa:	b29b      	uxth	r3, r3
100064fc:	4699      	mov	r9, r3
100064fe:	88ea      	ldrh	r2, [r5, #6]
10006500:	e7b7      	b.n	10006472 <tu_fifo_write_n+0x66>
10006502:	2700      	movs	r7, #0
10006504:	0038      	movs	r0, r7
10006506:	b003      	add	sp, #12
10006508:	bcf0      	pop	{r4, r5, r6, r7}
1000650a:	46bb      	mov	fp, r7
1000650c:	46b2      	mov	sl, r6
1000650e:	46a9      	mov	r9, r5
10006510:	46a0      	mov	r8, r4
10006512:	bdf0      	pop	{r4, r5, r6, r7, pc}
10006514:	465a      	mov	r2, fp
10006516:	1ad3      	subs	r3, r2, r3
10006518:	b29b      	uxth	r3, r3
1000651a:	42bb      	cmp	r3, r7
1000651c:	d39a      	bcc.n	10006454 <tu_fifo_write_n+0x48>
1000651e:	2700      	movs	r7, #0
10006520:	e7ca      	b.n	100064b8 <tu_fifo_write_n+0xac>
10006522:	2f00      	cmp	r7, #0
10006524:	d0c8      	beq.n	100064b8 <tu_fifo_write_n+0xac>
10006526:	88ea      	ldrh	r2, [r5, #6]
10006528:	1bf6      	subs	r6, r6, r7
1000652a:	0451      	lsls	r1, r2, #17
1000652c:	0c49      	lsrs	r1, r1, #17
1000652e:	4371      	muls	r1, r6
10006530:	469b      	mov	fp, r3
10006532:	4488      	add	r8, r1
10006534:	19d9      	adds	r1, r3, r7
10006536:	2300      	movs	r3, #0
10006538:	b289      	uxth	r1, r1
1000653a:	4689      	mov	r9, r1
1000653c:	003e      	movs	r6, r7
1000653e:	469a      	mov	sl, r3
10006540:	e797      	b.n	10006472 <tu_fifo_write_n+0x66>
10006542:	437b      	muls	r3, r7
10006544:	b299      	uxth	r1, r3
10006546:	000a      	movs	r2, r1
10006548:	9101      	str	r1, [sp, #4]
1000654a:	4454      	add	r4, sl
1000654c:	4641      	mov	r1, r8
1000654e:	f7fb fde3 	bl	10002118 <__wrap___aeabi_memcpy>
10006552:	0022      	movs	r2, r4
10006554:	437a      	muls	r2, r7
10006556:	9901      	ldr	r1, [sp, #4]
10006558:	6828      	ldr	r0, [r5, #0]
1000655a:	b292      	uxth	r2, r2
1000655c:	4441      	add	r1, r8
1000655e:	f7fb fddb 	bl	10002118 <__wrap___aeabi_memcpy>
10006562:	e79c      	b.n	1000649e <tu_fifo_write_n+0x92>
10006564:	0079      	lsls	r1, r7, #1
10006566:	1aca      	subs	r2, r1, r3
10006568:	445a      	add	r2, fp
1000656a:	b292      	uxth	r2, r2
1000656c:	e7b2      	b.n	100064d4 <tu_fifo_write_n+0xc8>
1000656e:	4291      	cmp	r1, r2
10006570:	ddbe      	ble.n	100064f0 <tu_fifo_write_n+0xe4>
10006572:	e7c4      	b.n	100064fe <tu_fifo_write_n+0xf2>

10006574 <tu_fifo_clear>:
10006574:	b510      	push	{r4, lr}
10006576:	0004      	movs	r4, r0
10006578:	68c0      	ldr	r0, [r0, #12]
1000657a:	2800      	cmp	r0, #0
1000657c:	d003      	beq.n	10006586 <tu_fifo_clear+0x12>
1000657e:	2101      	movs	r1, #1
10006580:	4249      	negs	r1, r1
10006582:	f003 fa49 	bl	10009a18 <__mutex_enter_timeout_ms_veneer>
10006586:	6920      	ldr	r0, [r4, #16]
10006588:	2800      	cmp	r0, #0
1000658a:	d003      	beq.n	10006594 <tu_fifo_clear+0x20>
1000658c:	2101      	movs	r1, #1
1000658e:	4249      	negs	r1, r1
10006590:	f003 fa42 	bl	10009a18 <__mutex_enter_timeout_ms_veneer>
10006594:	2300      	movs	r3, #0
10006596:	68e0      	ldr	r0, [r4, #12]
10006598:	8163      	strh	r3, [r4, #10]
1000659a:	8123      	strh	r3, [r4, #8]
1000659c:	2800      	cmp	r0, #0
1000659e:	d001      	beq.n	100065a4 <tu_fifo_clear+0x30>
100065a0:	f003 fa0a 	bl	100099b8 <__mutex_exit_veneer>
100065a4:	6920      	ldr	r0, [r4, #16]
100065a6:	2800      	cmp	r0, #0
100065a8:	d001      	beq.n	100065ae <tu_fifo_clear+0x3a>
100065aa:	f003 fa05 	bl	100099b8 <__mutex_exit_veneer>
100065ae:	2001      	movs	r0, #1
100065b0:	bd10      	pop	{r4, pc}
100065b2:	46c0      	nop			@ (mov r8, r8)

100065b4 <tu_fifo_set_overwritable>:
100065b4:	b570      	push	{r4, r5, r6, lr}
100065b6:	0004      	movs	r4, r0
100065b8:	68c0      	ldr	r0, [r0, #12]
100065ba:	000d      	movs	r5, r1
100065bc:	2800      	cmp	r0, #0
100065be:	d003      	beq.n	100065c8 <tu_fifo_set_overwritable+0x14>
100065c0:	2101      	movs	r1, #1
100065c2:	4249      	negs	r1, r1
100065c4:	f003 fa28 	bl	10009a18 <__mutex_enter_timeout_ms_veneer>
100065c8:	6920      	ldr	r0, [r4, #16]
100065ca:	2800      	cmp	r0, #0
100065cc:	d003      	beq.n	100065d6 <tu_fifo_set_overwritable+0x22>
100065ce:	2101      	movs	r1, #1
100065d0:	4249      	negs	r1, r1
100065d2:	f003 fa21 	bl	10009a18 <__mutex_enter_timeout_ms_veneer>
100065d6:	217f      	movs	r1, #127	@ 0x7f
100065d8:	79e3      	ldrb	r3, [r4, #7]
100065da:	01ed      	lsls	r5, r5, #7
100065dc:	4019      	ands	r1, r3
100065de:	68e0      	ldr	r0, [r4, #12]
100065e0:	4329      	orrs	r1, r5
100065e2:	71e1      	strb	r1, [r4, #7]
100065e4:	2800      	cmp	r0, #0
100065e6:	d001      	beq.n	100065ec <tu_fifo_set_overwritable+0x38>
100065e8:	f003 f9e6 	bl	100099b8 <__mutex_exit_veneer>
100065ec:	6920      	ldr	r0, [r4, #16]
100065ee:	2800      	cmp	r0, #0
100065f0:	d001      	beq.n	100065f6 <tu_fifo_set_overwritable+0x42>
100065f2:	f003 f9e1 	bl	100099b8 <__mutex_exit_veneer>
100065f6:	2001      	movs	r0, #1
100065f8:	bd70      	pop	{r4, r5, r6, pc}
100065fa:	46c0      	nop			@ (mov r8, r8)

100065fc <pvPortMalloc>:
100065fc:	b5f0      	push	{r4, r5, r6, r7, lr}
100065fe:	46c6      	mov	lr, r8
10006600:	1e43      	subs	r3, r0, #1
10006602:	b500      	push	{lr}
10006604:	330a      	adds	r3, #10
10006606:	d814      	bhi.n	10006632 <pvPortMalloc+0x36>
10006608:	2307      	movs	r3, #7
1000660a:	0004      	movs	r4, r0
1000660c:	001a      	movs	r2, r3
1000660e:	3408      	adds	r4, #8
10006610:	4022      	ands	r2, r4
10006612:	4223      	tst	r3, r4
10006614:	d06c      	beq.n	100066f0 <pvPortMalloc+0xf4>
10006616:	0013      	movs	r3, r2
10006618:	3b09      	subs	r3, #9
1000661a:	42a3      	cmp	r3, r4
1000661c:	d309      	bcc.n	10006632 <pvPortMalloc+0x36>
1000661e:	3010      	adds	r0, #16
10006620:	1a84      	subs	r4, r0, r2
10006622:	f001 fa51 	bl	10007ac8 <vTaskSuspendAll>
10006626:	4a37      	ldr	r2, [pc, #220]	@ (10006704 <pvPortMalloc+0x108>)
10006628:	0027      	movs	r7, r4
1000662a:	6815      	ldr	r5, [r2, #0]
1000662c:	2d00      	cmp	r5, #0
1000662e:	d128      	bne.n	10006682 <pvPortMalloc+0x86>
10006630:	e00e      	b.n	10006650 <pvPortMalloc+0x54>
10006632:	f001 fa49 	bl	10007ac8 <vTaskSuspendAll>
10006636:	4a33      	ldr	r2, [pc, #204]	@ (10006704 <pvPortMalloc+0x108>)
10006638:	6813      	ldr	r3, [r2, #0]
1000663a:	2b00      	cmp	r3, #0
1000663c:	d006      	beq.n	1000664c <pvPortMalloc+0x50>
1000663e:	2500      	movs	r5, #0
10006640:	f001 fa4a 	bl	10007ad8 <xTaskResumeAll>
10006644:	0028      	movs	r0, r5
10006646:	bc80      	pop	{r7}
10006648:	46b8      	mov	r8, r7
1000664a:	bdf0      	pop	{r4, r5, r6, r7, pc}
1000664c:	2700      	movs	r7, #0
1000664e:	2400      	movs	r4, #0
10006650:	2007      	movs	r0, #7
10006652:	4d2d      	ldr	r5, [pc, #180]	@ (10006708 <pvPortMalloc+0x10c>)
10006654:	002b      	movs	r3, r5
10006656:	0029      	movs	r1, r5
10006658:	4228      	tst	r0, r5
1000665a:	d145      	bne.n	100066e8 <pvPortMalloc+0xec>
1000665c:	2000      	movs	r0, #0
1000665e:	4e2b      	ldr	r6, [pc, #172]	@ (1000670c <pvPortMalloc+0x110>)
10006660:	6070      	str	r0, [r6, #4]
10006662:	6031      	str	r1, [r6, #0]
10006664:	4e2a      	ldr	r6, [pc, #168]	@ (10006710 <pvPortMalloc+0x114>)
10006666:	46b4      	mov	ip, r6
10006668:	2607      	movs	r6, #7
1000666a:	4465      	add	r5, ip
1000666c:	43b5      	bics	r5, r6
1000666e:	6015      	str	r5, [r2, #0]
10006670:	4a28      	ldr	r2, [pc, #160]	@ (10006714 <pvPortMalloc+0x118>)
10006672:	1aeb      	subs	r3, r5, r3
10006674:	6013      	str	r3, [r2, #0]
10006676:	4a28      	ldr	r2, [pc, #160]	@ (10006718 <pvPortMalloc+0x11c>)
10006678:	6068      	str	r0, [r5, #4]
1000667a:	6028      	str	r0, [r5, #0]
1000667c:	6013      	str	r3, [r2, #0]
1000667e:	604b      	str	r3, [r1, #4]
10006680:	600d      	str	r5, [r1, #0]
10006682:	2f00      	cmp	r7, #0
10006684:	dddb      	ble.n	1000663e <pvPortMalloc+0x42>
10006686:	4f24      	ldr	r7, [pc, #144]	@ (10006718 <pvPortMalloc+0x11c>)
10006688:	683e      	ldr	r6, [r7, #0]
1000668a:	42a6      	cmp	r6, r4
1000668c:	d3d7      	bcc.n	1000663e <pvPortMalloc+0x42>
1000668e:	481f      	ldr	r0, [pc, #124]	@ (1000670c <pvPortMalloc+0x110>)
10006690:	6803      	ldr	r3, [r0, #0]
10006692:	e004      	b.n	1000669e <pvPortMalloc+0xa2>
10006694:	681a      	ldr	r2, [r3, #0]
10006696:	2a00      	cmp	r2, #0
10006698:	d004      	beq.n	100066a4 <pvPortMalloc+0xa8>
1000669a:	0018      	movs	r0, r3
1000669c:	0013      	movs	r3, r2
1000669e:	6859      	ldr	r1, [r3, #4]
100066a0:	42a1      	cmp	r1, r4
100066a2:	d3f7      	bcc.n	10006694 <pvPortMalloc+0x98>
100066a4:	42ab      	cmp	r3, r5
100066a6:	d0ca      	beq.n	1000663e <pvPortMalloc+0x42>
100066a8:	001d      	movs	r5, r3
100066aa:	681a      	ldr	r2, [r3, #0]
100066ac:	3508      	adds	r5, #8
100066ae:	4690      	mov	r8, r2
100066b0:	6002      	str	r2, [r0, #0]
100066b2:	1b0a      	subs	r2, r1, r4
100066b4:	2a10      	cmp	r2, #16
100066b6:	d905      	bls.n	100066c4 <pvPortMalloc+0xc8>
100066b8:	1919      	adds	r1, r3, r4
100066ba:	604a      	str	r2, [r1, #4]
100066bc:	4642      	mov	r2, r8
100066be:	600a      	str	r2, [r1, #0]
100066c0:	6001      	str	r1, [r0, #0]
100066c2:	0021      	movs	r1, r4
100066c4:	4a13      	ldr	r2, [pc, #76]	@ (10006714 <pvPortMalloc+0x118>)
100066c6:	1a76      	subs	r6, r6, r1
100066c8:	6810      	ldr	r0, [r2, #0]
100066ca:	603e      	str	r6, [r7, #0]
100066cc:	4286      	cmp	r6, r0
100066ce:	d200      	bcs.n	100066d2 <pvPortMalloc+0xd6>
100066d0:	6016      	str	r6, [r2, #0]
100066d2:	2280      	movs	r2, #128	@ 0x80
100066d4:	0612      	lsls	r2, r2, #24
100066d6:	430a      	orrs	r2, r1
100066d8:	605a      	str	r2, [r3, #4]
100066da:	2200      	movs	r2, #0
100066dc:	601a      	str	r2, [r3, #0]
100066de:	4a0f      	ldr	r2, [pc, #60]	@ (1000671c <pvPortMalloc+0x120>)
100066e0:	6813      	ldr	r3, [r2, #0]
100066e2:	3301      	adds	r3, #1
100066e4:	6013      	str	r3, [r2, #0]
100066e6:	e7ab      	b.n	10006640 <pvPortMalloc+0x44>
100066e8:	1deb      	adds	r3, r5, #7
100066ea:	4383      	bics	r3, r0
100066ec:	0019      	movs	r1, r3
100066ee:	e7b5      	b.n	1000665c <pvPortMalloc+0x60>
100066f0:	f001 f9ea 	bl	10007ac8 <vTaskSuspendAll>
100066f4:	4a03      	ldr	r2, [pc, #12]	@ (10006704 <pvPortMalloc+0x108>)
100066f6:	0027      	movs	r7, r4
100066f8:	6815      	ldr	r5, [r2, #0]
100066fa:	2d00      	cmp	r5, #0
100066fc:	d0a8      	beq.n	10006650 <pvPortMalloc+0x54>
100066fe:	2c00      	cmp	r4, #0
10006700:	dac1      	bge.n	10006686 <pvPortMalloc+0x8a>
10006702:	e79c      	b.n	1000663e <pvPortMalloc+0x42>
10006704:	20001fe8 	.word	0x20001fe8
10006708:	20002390 	.word	0x20002390
1000670c:	20022450 	.word	0x20022450
10006710:	0001fff8 	.word	0x0001fff8
10006714:	20022420 	.word	0x20022420
10006718:	20022414 	.word	0x20022414
1000671c:	2002242c 	.word	0x2002242c

10006720 <vPortFree>:
10006720:	b570      	push	{r4, r5, r6, lr}
10006722:	2800      	cmp	r0, #0
10006724:	d004      	beq.n	10006730 <vPortFree+0x10>
10006726:	3808      	subs	r0, #8
10006728:	6843      	ldr	r3, [r0, #4]
1000672a:	0004      	movs	r4, r0
1000672c:	2b00      	cmp	r3, #0
1000672e:	db00      	blt.n	10006732 <vPortFree+0x12>
10006730:	bd70      	pop	{r4, r5, r6, pc}
10006732:	6802      	ldr	r2, [r0, #0]
10006734:	2a00      	cmp	r2, #0
10006736:	d1fb      	bne.n	10006730 <vPortFree+0x10>
10006738:	005b      	lsls	r3, r3, #1
1000673a:	085b      	lsrs	r3, r3, #1
1000673c:	6043      	str	r3, [r0, #4]
1000673e:	0005      	movs	r5, r0
10006740:	f001 f9c2 	bl	10007ac8 <vTaskSuspendAll>
10006744:	4a18      	ldr	r2, [pc, #96]	@ (100067a8 <vPortFree+0x88>)
10006746:	6861      	ldr	r1, [r4, #4]
10006748:	6813      	ldr	r3, [r2, #0]
1000674a:	185b      	adds	r3, r3, r1
1000674c:	6013      	str	r3, [r2, #0]
1000674e:	4b17      	ldr	r3, [pc, #92]	@ (100067ac <vPortFree+0x8c>)
10006750:	001a      	movs	r2, r3
10006752:	681b      	ldr	r3, [r3, #0]
10006754:	429c      	cmp	r4, r3
10006756:	d8fb      	bhi.n	10006750 <vPortFree+0x30>
10006758:	6850      	ldr	r0, [r2, #4]
1000675a:	1816      	adds	r6, r2, r0
1000675c:	42b4      	cmp	r4, r6
1000675e:	d00d      	beq.n	1000677c <vPortFree+0x5c>
10006760:	1860      	adds	r0, r4, r1
10006762:	4283      	cmp	r3, r0
10006764:	d01a      	beq.n	1000679c <vPortFree+0x7c>
10006766:	6023      	str	r3, [r4, #0]
10006768:	42aa      	cmp	r2, r5
1000676a:	d000      	beq.n	1000676e <vPortFree+0x4e>
1000676c:	6015      	str	r5, [r2, #0]
1000676e:	4a10      	ldr	r2, [pc, #64]	@ (100067b0 <vPortFree+0x90>)
10006770:	6813      	ldr	r3, [r2, #0]
10006772:	3301      	adds	r3, #1
10006774:	6013      	str	r3, [r2, #0]
10006776:	f001 f9af 	bl	10007ad8 <xTaskResumeAll>
1000677a:	e7d9      	b.n	10006730 <vPortFree+0x10>
1000677c:	1809      	adds	r1, r1, r0
1000677e:	1850      	adds	r0, r2, r1
10006780:	6051      	str	r1, [r2, #4]
10006782:	4283      	cmp	r3, r0
10006784:	d1f3      	bne.n	1000676e <vPortFree+0x4e>
10006786:	480b      	ldr	r0, [pc, #44]	@ (100067b4 <vPortFree+0x94>)
10006788:	0015      	movs	r5, r2
1000678a:	6800      	ldr	r0, [r0, #0]
1000678c:	4298      	cmp	r0, r3
1000678e:	d0ee      	beq.n	1000676e <vPortFree+0x4e>
10006790:	6858      	ldr	r0, [r3, #4]
10006792:	681b      	ldr	r3, [r3, #0]
10006794:	1841      	adds	r1, r0, r1
10006796:	6069      	str	r1, [r5, #4]
10006798:	602b      	str	r3, [r5, #0]
1000679a:	e7e5      	b.n	10006768 <vPortFree+0x48>
1000679c:	4805      	ldr	r0, [pc, #20]	@ (100067b4 <vPortFree+0x94>)
1000679e:	6800      	ldr	r0, [r0, #0]
100067a0:	4283      	cmp	r3, r0
100067a2:	d1f5      	bne.n	10006790 <vPortFree+0x70>
100067a4:	e7df      	b.n	10006766 <vPortFree+0x46>
100067a6:	46c0      	nop			@ (mov r8, r8)
100067a8:	20022414 	.word	0x20022414
100067ac:	20022450 	.word	0x20022450
100067b0:	20022430 	.word	0x20022430
100067b4:	20001fe8 	.word	0x20001fe8
	...

100067c0 <vPortStartFirstTask>:
100067c0:	4a0b      	ldr	r2, [pc, #44]	@ (100067f0 <pxCurrentTCBConst1>)
100067c2:	6813      	ldr	r3, [r2, #0]
100067c4:	6818      	ldr	r0, [r3, #0]
100067c6:	3020      	adds	r0, #32
100067c8:	f380 8809 	msr	PSP, r0
100067cc:	2002      	movs	r0, #2
100067ce:	f380 8814 	msr	CONTROL, r0
100067d2:	f3bf 8f6f 	isb	sy
100067d6:	bc3f      	pop	{r0, r1, r2, r3, r4, r5}
100067d8:	46ae      	mov	lr, r5
100067da:	bc08      	pop	{r3}
100067dc:	bc04      	pop	{r2}
100067de:	b662      	cpsie	i
100067e0:	4718      	bx	r3
100067e2:	46c0      	nop			@ (mov r8, r8)
100067e4:	46c0      	nop			@ (mov r8, r8)
100067e6:	46c0      	nop			@ (mov r8, r8)
100067e8:	46c0      	nop			@ (mov r8, r8)
100067ea:	46c0      	nop			@ (mov r8, r8)
100067ec:	46c0      	nop			@ (mov r8, r8)
100067ee:	46c0      	nop			@ (mov r8, r8)

100067f0 <pxCurrentTCBConst1>:
100067f0:	20001fdc 	.word	0x20001fdc
	...

10006800 <xPortPendSVHandler>:
10006800:	f3ef 8009 	mrs	r0, PSP
10006804:	4b16      	ldr	r3, [pc, #88]	@ (10006860 <pxCurrentTCBConst2>)
10006806:	681a      	ldr	r2, [r3, #0]
10006808:	3820      	subs	r0, #32
1000680a:	6010      	str	r0, [r2, #0]
1000680c:	c0f0      	stmia	r0!, {r4, r5, r6, r7}
1000680e:	4644      	mov	r4, r8
10006810:	464d      	mov	r5, r9
10006812:	4656      	mov	r6, sl
10006814:	465f      	mov	r7, fp
10006816:	c0f0      	stmia	r0!, {r4, r5, r6, r7}
10006818:	220d      	movs	r2, #13
1000681a:	0712      	lsls	r2, r2, #28
1000681c:	6e14      	ldr	r4, [r2, #96]	@ 0x60
1000681e:	6e55      	ldr	r5, [r2, #100]	@ 0x64
10006820:	6f56      	ldr	r6, [r2, #116]	@ 0x74
10006822:	6f17      	ldr	r7, [r2, #112]	@ 0x70
10006824:	3830      	subs	r0, #48	@ 0x30
10006826:	c0f0      	stmia	r0!, {r4, r5, r6, r7}
10006828:	b508      	push	{r3, lr}
1000682a:	b672      	cpsid	i
1000682c:	f001 fa7a 	bl	10007d24 <vTaskSwitchContext>
10006830:	b662      	cpsie	i
10006832:	bc0c      	pop	{r2, r3}
10006834:	6811      	ldr	r1, [r2, #0]
10006836:	6808      	ldr	r0, [r1, #0]
10006838:	3010      	adds	r0, #16
1000683a:	c8f0      	ldmia	r0!, {r4, r5, r6, r7}
1000683c:	46a0      	mov	r8, r4
1000683e:	46a9      	mov	r9, r5
10006840:	46b2      	mov	sl, r6
10006842:	46bb      	mov	fp, r7
10006844:	f380 8809 	msr	PSP, r0
10006848:	220d      	movs	r2, #13
1000684a:	0712      	lsls	r2, r2, #28
1000684c:	3830      	subs	r0, #48	@ 0x30
1000684e:	c8f0      	ldmia	r0!, {r4, r5, r6, r7}
10006850:	6614      	str	r4, [r2, #96]	@ 0x60
10006852:	6655      	str	r5, [r2, #100]	@ 0x64
10006854:	6756      	str	r6, [r2, #116]	@ 0x74
10006856:	6717      	str	r7, [r2, #112]	@ 0x70
10006858:	c8f0      	ldmia	r0!, {r4, r5, r6, r7}
1000685a:	4718      	bx	r3
1000685c:	46c0      	nop			@ (mov r8, r8)
1000685e:	46c0      	nop			@ (mov r8, r8)

10006860 <pxCurrentTCBConst2>:
10006860:	20001fdc 	.word	0x20001fdc

10006864 <prvTaskExitError>:
10006864:	b510      	push	{r4, lr}
10006866:	f7f9 fe1f 	bl	100004a8 <panic_unsupported>
1000686a:	46c0      	nop			@ (mov r8, r8)

1000686c <prvFIFOInterruptHandler>:
1000686c:	23d0      	movs	r3, #208	@ 0xd0
1000686e:	b500      	push	{lr}
10006870:	061b      	lsls	r3, r3, #24
10006872:	6d1a      	ldr	r2, [r3, #80]	@ 0x50
10006874:	b083      	sub	sp, #12
10006876:	07d2      	lsls	r2, r2, #31
10006878:	d504      	bpl.n	10006884 <prvFIFOInterruptHandler+0x18>
1000687a:	2101      	movs	r1, #1
1000687c:	6d9a      	ldr	r2, [r3, #88]	@ 0x58
1000687e:	6d1a      	ldr	r2, [r3, #80]	@ 0x50
10006880:	4211      	tst	r1, r2
10006882:	d1fb      	bne.n	1000687c <prvFIFOInterruptHandler+0x10>
10006884:	23d0      	movs	r3, #208	@ 0xd0
10006886:	22ff      	movs	r2, #255	@ 0xff
10006888:	061b      	lsls	r3, r3, #24
1000688a:	651a      	str	r2, [r3, #80]	@ 0x50
1000688c:	2300      	movs	r3, #0
1000688e:	4a11      	ldr	r2, [pc, #68]	@ (100068d4 <prvFIFOInterruptHandler+0x68>)
10006890:	9301      	str	r3, [sp, #4]
10006892:	6811      	ldr	r1, [r2, #0]
10006894:	f3ef 8c10 	mrs	ip, PRIMASK
10006898:	b672      	cpsid	i
1000689a:	680b      	ldr	r3, [r1, #0]
1000689c:	2b00      	cmp	r3, #0
1000689e:	d0fc      	beq.n	1000689a <prvFIFOInterruptHandler+0x2e>
100068a0:	f3bf 8f5f 	dmb	sy
100068a4:	2300      	movs	r3, #0
100068a6:	480c      	ldr	r0, [pc, #48]	@ (100068d8 <prvFIFOInterruptHandler+0x6c>)
100068a8:	6812      	ldr	r2, [r2, #0]
100068aa:	6801      	ldr	r1, [r0, #0]
100068ac:	6003      	str	r3, [r0, #0]
100068ae:	f3bf 8f5f 	dmb	sy
100068b2:	6013      	str	r3, [r2, #0]
100068b4:	f38c 8810 	msr	PRIMASK, ip
100068b8:	4b08      	ldr	r3, [pc, #32]	@ (100068dc <prvFIFOInterruptHandler+0x70>)
100068ba:	aa01      	add	r2, sp, #4
100068bc:	6818      	ldr	r0, [r3, #0]
100068be:	f000 fb0b 	bl	10006ed8 <xEventGroupSetBitsFromISR>
100068c2:	9b01      	ldr	r3, [sp, #4]
100068c4:	2b00      	cmp	r3, #0
100068c6:	d003      	beq.n	100068d0 <prvFIFOInterruptHandler+0x64>
100068c8:	2280      	movs	r2, #128	@ 0x80
100068ca:	4b05      	ldr	r3, [pc, #20]	@ (100068e0 <prvFIFOInterruptHandler+0x74>)
100068cc:	0552      	lsls	r2, r2, #21
100068ce:	601a      	str	r2, [r3, #0]
100068d0:	b003      	add	sp, #12
100068d2:	bd00      	pop	{pc}
100068d4:	20001fd8 	.word	0x20001fd8
100068d8:	200223a8 	.word	0x200223a8
100068dc:	20022410 	.word	0x20022410
100068e0:	e000ed04 	.word	0xe000ed04

100068e4 <vPortSVCHandler>:
100068e4:	4770      	bx	lr
100068e6:	46c0      	nop			@ (mov r8, r8)

100068e8 <pxPortInitialiseStack>:
100068e8:	b510      	push	{r4, lr}
100068ea:	2480      	movs	r4, #128	@ 0x80
100068ec:	1f03      	subs	r3, r0, #4
100068ee:	0464      	lsls	r4, r4, #17
100068f0:	601c      	str	r4, [r3, #0]
100068f2:	3b04      	subs	r3, #4
100068f4:	6019      	str	r1, [r3, #0]
100068f6:	4903      	ldr	r1, [pc, #12]	@ (10006904 <pxPortInitialiseStack+0x1c>)
100068f8:	3b04      	subs	r3, #4
100068fa:	6019      	str	r1, [r3, #0]
100068fc:	3b14      	subs	r3, #20
100068fe:	3840      	subs	r0, #64	@ 0x40
10006900:	601a      	str	r2, [r3, #0]
10006902:	bd10      	pop	{r4, pc}
10006904:	10006865 	.word	0x10006865

10006908 <vPortYield>:
10006908:	2280      	movs	r2, #128	@ 0x80
1000690a:	4b04      	ldr	r3, [pc, #16]	@ (1000691c <vPortYield+0x14>)
1000690c:	0552      	lsls	r2, r2, #21
1000690e:	601a      	str	r2, [r3, #0]
10006910:	f3bf 8f4f 	dsb	sy
10006914:	f3bf 8f6f 	isb	sy
10006918:	4770      	bx	lr
1000691a:	46c0      	nop			@ (mov r8, r8)
1000691c:	e000ed04 	.word	0xe000ed04

10006920 <vPortEnterCritical>:
10006920:	b672      	cpsid	i
10006922:	4a04      	ldr	r2, [pc, #16]	@ (10006934 <vPortEnterCritical+0x14>)
10006924:	6813      	ldr	r3, [r2, #0]
10006926:	3301      	adds	r3, #1
10006928:	6013      	str	r3, [r2, #0]
1000692a:	f3bf 8f4f 	dsb	sy
1000692e:	f3bf 8f6f 	isb	sy
10006932:	4770      	bx	lr
10006934:	200223a4 	.word	0x200223a4

10006938 <vPortExitCritical>:
10006938:	4a03      	ldr	r2, [pc, #12]	@ (10006948 <vPortExitCritical+0x10>)
1000693a:	6813      	ldr	r3, [r2, #0]
1000693c:	3b01      	subs	r3, #1
1000693e:	6013      	str	r3, [r2, #0]
10006940:	2b00      	cmp	r3, #0
10006942:	d100      	bne.n	10006946 <vPortExitCritical+0xe>
10006944:	b662      	cpsie	i
10006946:	4770      	bx	lr
10006948:	200223a4 	.word	0x200223a4

1000694c <ulSetInterruptMaskFromISR>:
1000694c:	f3ef 8010 	mrs	r0, PRIMASK
10006950:	b672      	cpsid	i
10006952:	4770      	bx	lr

10006954 <vClearInterruptMaskFromISR>:
10006954:	f380 8810 	msr	PRIMASK, r0
10006958:	4770      	bx	lr
1000695a:	46c0      	nop			@ (mov r8, r8)

1000695c <xPortSysTickHandler>:
1000695c:	b510      	push	{r4, lr}
1000695e:	f7ff fff5 	bl	1000694c <ulSetInterruptMaskFromISR>
10006962:	0004      	movs	r4, r0
10006964:	f001 f9cc 	bl	10007d00 <xTaskIncrementTick>
10006968:	2800      	cmp	r0, #0
1000696a:	d003      	beq.n	10006974 <xPortSysTickHandler+0x18>
1000696c:	2280      	movs	r2, #128	@ 0x80
1000696e:	4b03      	ldr	r3, [pc, #12]	@ (1000697c <xPortSysTickHandler+0x20>)
10006970:	0552      	lsls	r2, r2, #21
10006972:	601a      	str	r2, [r3, #0]
10006974:	0020      	movs	r0, r4
10006976:	f7ff ffed 	bl	10006954 <vClearInterruptMaskFromISR>
1000697a:	bd10      	pop	{r4, pc}
1000697c:	e000ed04 	.word	0xe000ed04

10006980 <vPortSetupTimerInterrupt>:
10006980:	2300      	movs	r3, #0
10006982:	b510      	push	{r4, lr}
10006984:	4a08      	ldr	r2, [pc, #32]	@ (100069a8 <vPortSetupTimerInterrupt+0x28>)
10006986:	4c09      	ldr	r4, [pc, #36]	@ (100069ac <vPortSetupTimerInterrupt+0x2c>)
10006988:	2005      	movs	r0, #5
1000698a:	6023      	str	r3, [r4, #0]
1000698c:	6013      	str	r3, [r2, #0]
1000698e:	f7fa fd85 	bl	1000149c <clock_get_hz>
10006992:	21fa      	movs	r1, #250	@ 0xfa
10006994:	0089      	lsls	r1, r1, #2
10006996:	f7fa ffe9 	bl	1000196c <__wrap___aeabi_uidiv>
1000699a:	4b05      	ldr	r3, [pc, #20]	@ (100069b0 <vPortSetupTimerInterrupt+0x30>)
1000699c:	3801      	subs	r0, #1
1000699e:	6018      	str	r0, [r3, #0]
100069a0:	2307      	movs	r3, #7
100069a2:	6023      	str	r3, [r4, #0]
100069a4:	bd10      	pop	{r4, pc}
100069a6:	46c0      	nop			@ (mov r8, r8)
100069a8:	e000e018 	.word	0xe000e018
100069ac:	e000e010 	.word	0xe000e010
100069b0:	e000e014 	.word	0xe000e014

100069b4 <xPortStartScheduler>:
100069b4:	22ff      	movs	r2, #255	@ 0xff
100069b6:	4b1f      	ldr	r3, [pc, #124]	@ (10006a34 <xPortStartScheduler+0x80>)
100069b8:	0412      	lsls	r2, r2, #16
100069ba:	6819      	ldr	r1, [r3, #0]
100069bc:	b510      	push	{r4, lr}
100069be:	430a      	orrs	r2, r1
100069c0:	601a      	str	r2, [r3, #0]
100069c2:	22ff      	movs	r2, #255	@ 0xff
100069c4:	6819      	ldr	r1, [r3, #0]
100069c6:	0612      	lsls	r2, r2, #24
100069c8:	430a      	orrs	r2, r1
100069ca:	601a      	str	r2, [r3, #0]
100069cc:	491a      	ldr	r1, [pc, #104]	@ (10006a38 <xPortStartScheduler+0x84>)
100069ce:	200e      	movs	r0, #14
100069d0:	f001 fe84 	bl	100086dc <exception_set_exclusive_handler>
100069d4:	4919      	ldr	r1, [pc, #100]	@ (10006a3c <xPortStartScheduler+0x88>)
100069d6:	200f      	movs	r0, #15
100069d8:	f001 fe80 	bl	100086dc <exception_set_exclusive_handler>
100069dc:	4918      	ldr	r1, [pc, #96]	@ (10006a40 <xPortStartScheduler+0x8c>)
100069de:	200b      	movs	r0, #11
100069e0:	f001 fe7c 	bl	100086dc <exception_set_exclusive_handler>
100069e4:	f7ff ffcc 	bl	10006980 <vPortSetupTimerInterrupt>
100069e8:	2200      	movs	r2, #0
100069ea:	4b16      	ldr	r3, [pc, #88]	@ (10006a44 <xPortStartScheduler+0x90>)
100069ec:	601a      	str	r2, [r3, #0]
100069ee:	23d0      	movs	r3, #208	@ 0xd0
100069f0:	061b      	lsls	r3, r3, #24
100069f2:	4a15      	ldr	r2, [pc, #84]	@ (10006a48 <xPortStartScheduler+0x94>)
100069f4:	681c      	ldr	r4, [r3, #0]
100069f6:	7014      	strb	r4, [r2, #0]
100069f8:	22ff      	movs	r2, #255	@ 0xff
100069fa:	651a      	str	r2, [r3, #80]	@ 0x50
100069fc:	6d1a      	ldr	r2, [r3, #80]	@ 0x50
100069fe:	07d2      	lsls	r2, r2, #31
10006a00:	d504      	bpl.n	10006a0c <xPortStartScheduler+0x58>
10006a02:	2101      	movs	r1, #1
10006a04:	6d9a      	ldr	r2, [r3, #88]	@ 0x58
10006a06:	6d1a      	ldr	r2, [r3, #80]	@ 0x50
10006a08:	4211      	tst	r1, r2
10006a0a:	d1fb      	bne.n	10006a04 <xPortStartScheduler+0x50>
10006a0c:	340f      	adds	r4, #15
10006a0e:	21ff      	movs	r1, #255	@ 0xff
10006a10:	0020      	movs	r0, r4
10006a12:	f7f9 ff4f 	bl	100008b4 <irq_set_priority>
10006a16:	0020      	movs	r0, r4
10006a18:	490c      	ldr	r1, [pc, #48]	@ (10006a4c <xPortStartScheduler+0x98>)
10006a1a:	f7f9 fe27 	bl	1000066c <irq_set_exclusive_handler>
10006a1e:	2101      	movs	r1, #1
10006a20:	0020      	movs	r0, r4
10006a22:	f7f9 fdeb 	bl	100005fc <irq_set_enabled>
10006a26:	f7ff fecb 	bl	100067c0 <vPortStartFirstTask>
10006a2a:	f001 f97b 	bl	10007d24 <vTaskSwitchContext>
10006a2e:	f7f9 fd3b 	bl	100004a8 <panic_unsupported>
10006a32:	46c0      	nop			@ (mov r8, r8)
10006a34:	e000ed20 	.word	0xe000ed20
10006a38:	10006801 	.word	0x10006801
10006a3c:	1000695d 	.word	0x1000695d
10006a40:	100068e5 	.word	0x100068e5
10006a44:	200223a4 	.word	0x200223a4
10006a48:	200010a5 	.word	0x200010a5
10006a4c:	1000686d 	.word	0x1000686d

10006a50 <ulPortLockGetCurrentOwnerId>:
10006a50:	23d0      	movs	r3, #208	@ 0xd0
10006a52:	b510      	push	{r4, lr}
10006a54:	061b      	lsls	r3, r3, #24
10006a56:	6818      	ldr	r0, [r3, #0]
10006a58:	4b07      	ldr	r3, [pc, #28]	@ (10006a78 <ulPortLockGetCurrentOwnerId+0x28>)
10006a5a:	781b      	ldrb	r3, [r3, #0]
10006a5c:	4283      	cmp	r3, r0
10006a5e:	d000      	beq.n	10006a62 <ulPortLockGetCurrentOwnerId+0x12>
10006a60:	bd10      	pop	{r4, pc}
10006a62:	f3ef 8305 	mrs	r3, IPSR
10006a66:	2b00      	cmp	r3, #0
10006a68:	d002      	beq.n	10006a70 <ulPortLockGetCurrentOwnerId+0x20>
10006a6a:	005b      	lsls	r3, r3, #1
10006a6c:	18c0      	adds	r0, r0, r3
10006a6e:	e7f7      	b.n	10006a60 <ulPortLockGetCurrentOwnerId+0x10>
10006a70:	f001 fbc6 	bl	10008200 <xTaskGetCurrentTaskHandle>
10006a74:	e7f4      	b.n	10006a60 <ulPortLockGetCurrentOwnerId+0x10>
10006a76:	46c0      	nop			@ (mov r8, r8)
10006a78:	200010a5 	.word	0x200010a5

10006a7c <vPortLockInternalSpinUnlockWithWait>:
10006a7c:	b510      	push	{r4, lr}
10006a7e:	0003      	movs	r3, r0
10006a80:	6802      	ldr	r2, [r0, #0]
10006a82:	4815      	ldr	r0, [pc, #84]	@ (10006ad8 <vPortLockInternalSpinUnlockWithWait+0x5c>)
10006a84:	b082      	sub	sp, #8
10006a86:	7804      	ldrb	r4, [r0, #0]
10006a88:	20d0      	movs	r0, #208	@ 0xd0
10006a8a:	0600      	lsls	r0, r0, #24
10006a8c:	6800      	ldr	r0, [r0, #0]
10006a8e:	4284      	cmp	r4, r0
10006a90:	d008      	beq.n	10006aa4 <vPortLockInternalSpinUnlockWithWait+0x28>
10006a92:	f3bf 8f5f 	dmb	sy
10006a96:	2300      	movs	r3, #0
10006a98:	6013      	str	r3, [r2, #0]
10006a9a:	f381 8810 	msr	PRIMASK, r1
10006a9e:	bf20      	wfe
10006aa0:	b002      	add	sp, #8
10006aa2:	bd10      	pop	{r4, pc}
10006aa4:	f3bf 8f5f 	dmb	sy
10006aa8:	2000      	movs	r0, #0
10006aaa:	6010      	str	r0, [r2, #0]
10006aac:	f381 8810 	msr	PRIMASK, r1
10006ab0:	4a0a      	ldr	r2, [pc, #40]	@ (10006adc <vPortLockInternalSpinUnlockWithWait+0x60>)
10006ab2:	681b      	ldr	r3, [r3, #0]
10006ab4:	6810      	ldr	r0, [r2, #0]
10006ab6:	4a0a      	ldr	r2, [pc, #40]	@ (10006ae0 <vPortLockInternalSpinUnlockWithWait+0x64>)
10006ab8:	4694      	mov	ip, r2
10006aba:	4463      	add	r3, ip
10006abc:	109a      	asrs	r2, r3, #2
10006abe:	2b5c      	cmp	r3, #92	@ 0x5c
10006ac0:	d900      	bls.n	10006ac4 <vPortLockInternalSpinUnlockWithWait+0x48>
10006ac2:	3a18      	subs	r2, #24
10006ac4:	2301      	movs	r3, #1
10006ac6:	2101      	movs	r1, #1
10006ac8:	425b      	negs	r3, r3
10006aca:	4091      	lsls	r1, r2
10006acc:	9300      	str	r3, [sp, #0]
10006ace:	2201      	movs	r2, #1
10006ad0:	2300      	movs	r3, #0
10006ad2:	f000 f951 	bl	10006d78 <xEventGroupWaitBits>
10006ad6:	e7e3      	b.n	10006aa0 <vPortLockInternalSpinUnlockWithWait+0x24>
10006ad8:	200010a5 	.word	0x200010a5
10006adc:	20022410 	.word	0x20022410
10006ae0:	2fffff00 	.word	0x2fffff00

10006ae4 <vPortLockInternalSpinUnlockWithNotify>:
10006ae4:	000a      	movs	r2, r1
10006ae6:	492b      	ldr	r1, [pc, #172]	@ (10006b94 <vPortLockInternalSpinUnlockWithNotify+0xb0>)
10006ae8:	b530      	push	{r4, r5, lr}
10006aea:	468c      	mov	ip, r1
10006aec:	6803      	ldr	r3, [r0, #0]
10006aee:	b083      	sub	sp, #12
10006af0:	4463      	add	r3, ip
10006af2:	109c      	asrs	r4, r3, #2
10006af4:	2b5c      	cmp	r3, #92	@ 0x5c
10006af6:	d900      	bls.n	10006afa <vPortLockInternalSpinUnlockWithNotify+0x16>
10006af8:	3c18      	subs	r4, #24
10006afa:	2101      	movs	r1, #1
10006afc:	4b26      	ldr	r3, [pc, #152]	@ (10006b98 <vPortLockInternalSpinUnlockWithNotify+0xb4>)
10006afe:	40a1      	lsls	r1, r4
10006b00:	781c      	ldrb	r4, [r3, #0]
10006b02:	23d0      	movs	r3, #208	@ 0xd0
10006b04:	061b      	lsls	r3, r3, #24
10006b06:	681b      	ldr	r3, [r3, #0]
10006b08:	429c      	cmp	r4, r3
10006b0a:	d01f      	beq.n	10006b4c <vPortLockInternalSpinUnlockWithNotify+0x68>
10006b0c:	bf40      	sev
10006b0e:	4d23      	ldr	r5, [pc, #140]	@ (10006b9c <vPortLockInternalSpinUnlockWithNotify+0xb8>)
10006b10:	6803      	ldr	r3, [r0, #0]
10006b12:	682c      	ldr	r4, [r5, #0]
10006b14:	42a3      	cmp	r3, r4
10006b16:	d034      	beq.n	10006b82 <vPortLockInternalSpinUnlockWithNotify+0x9e>
10006b18:	6823      	ldr	r3, [r4, #0]
10006b1a:	2b00      	cmp	r3, #0
10006b1c:	d0fc      	beq.n	10006b18 <vPortLockInternalSpinUnlockWithNotify+0x34>
10006b1e:	f3bf 8f5f 	dmb	sy
10006b22:	4c1f      	ldr	r4, [pc, #124]	@ (10006ba0 <vPortLockInternalSpinUnlockWithNotify+0xbc>)
10006b24:	6823      	ldr	r3, [r4, #0]
10006b26:	430b      	orrs	r3, r1
10006b28:	6023      	str	r3, [r4, #0]
10006b2a:	682b      	ldr	r3, [r5, #0]
10006b2c:	f3bf 8f5f 	dmb	sy
10006b30:	2100      	movs	r1, #0
10006b32:	6019      	str	r1, [r3, #0]
10006b34:	6803      	ldr	r3, [r0, #0]
10006b36:	20d0      	movs	r0, #208	@ 0xd0
10006b38:	2100      	movs	r1, #0
10006b3a:	0600      	lsls	r0, r0, #24
10006b3c:	6541      	str	r1, [r0, #84]	@ 0x54
10006b3e:	f3bf 8f5f 	dmb	sy
10006b42:	6019      	str	r1, [r3, #0]
10006b44:	f382 8810 	msr	PRIMASK, r2
10006b48:	b003      	add	sp, #12
10006b4a:	bd30      	pop	{r4, r5, pc}
10006b4c:	bf40      	sev
10006b4e:	6803      	ldr	r3, [r0, #0]
10006b50:	f3bf 8f5f 	dmb	sy
10006b54:	2400      	movs	r4, #0
10006b56:	601c      	str	r4, [r3, #0]
10006b58:	f382 8810 	msr	PRIMASK, r2
10006b5c:	f3ef 8305 	mrs	r3, IPSR
10006b60:	4a10      	ldr	r2, [pc, #64]	@ (10006ba4 <vPortLockInternalSpinUnlockWithNotify+0xc0>)
10006b62:	b2db      	uxtb	r3, r3
10006b64:	6810      	ldr	r0, [r2, #0]
10006b66:	2b00      	cmp	r3, #0
10006b68:	d010      	beq.n	10006b8c <vPortLockInternalSpinUnlockWithNotify+0xa8>
10006b6a:	aa01      	add	r2, sp, #4
10006b6c:	9401      	str	r4, [sp, #4]
10006b6e:	f000 f9b3 	bl	10006ed8 <xEventGroupSetBitsFromISR>
10006b72:	9b01      	ldr	r3, [sp, #4]
10006b74:	2b00      	cmp	r3, #0
10006b76:	d0e7      	beq.n	10006b48 <vPortLockInternalSpinUnlockWithNotify+0x64>
10006b78:	2280      	movs	r2, #128	@ 0x80
10006b7a:	4b0b      	ldr	r3, [pc, #44]	@ (10006ba8 <vPortLockInternalSpinUnlockWithNotify+0xc4>)
10006b7c:	0552      	lsls	r2, r2, #21
10006b7e:	601a      	str	r2, [r3, #0]
10006b80:	e7e2      	b.n	10006b48 <vPortLockInternalSpinUnlockWithNotify+0x64>
10006b82:	4c07      	ldr	r4, [pc, #28]	@ (10006ba0 <vPortLockInternalSpinUnlockWithNotify+0xbc>)
10006b84:	6820      	ldr	r0, [r4, #0]
10006b86:	4308      	orrs	r0, r1
10006b88:	6020      	str	r0, [r4, #0]
10006b8a:	e7d4      	b.n	10006b36 <vPortLockInternalSpinUnlockWithNotify+0x52>
10006b8c:	f000 f950 	bl	10006e30 <xEventGroupSetBits>
10006b90:	e7da      	b.n	10006b48 <vPortLockInternalSpinUnlockWithNotify+0x64>
10006b92:	46c0      	nop			@ (mov r8, r8)
10006b94:	2fffff00 	.word	0x2fffff00
10006b98:	200010a5 	.word	0x200010a5
10006b9c:	20001fd8 	.word	0x20001fd8
10006ba0:	200223a8 	.word	0x200223a8
10006ba4:	20022410 	.word	0x20022410
10006ba8:	e000ed04 	.word	0xe000ed04

10006bac <xPortLockInternalSpinUnlockWithBestEffortWaitOrTimeout>:
10006bac:	b5f0      	push	{r4, r5, r6, r7, lr}
10006bae:	46ce      	mov	lr, r9
10006bb0:	4647      	mov	r7, r8
10006bb2:	b580      	push	{r7, lr}
10006bb4:	001d      	movs	r5, r3
10006bb6:	4b34      	ldr	r3, [pc, #208]	@ (10006c88 <xPortLockInternalSpinUnlockWithBestEffortWaitOrTimeout+0xdc>)
10006bb8:	0014      	movs	r4, r2
10006bba:	781a      	ldrb	r2, [r3, #0]
10006bbc:	23d0      	movs	r3, #208	@ 0xd0
10006bbe:	061b      	lsls	r3, r3, #24
10006bc0:	681b      	ldr	r3, [r3, #0]
10006bc2:	4680      	mov	r8, r0
10006bc4:	4689      	mov	r9, r1
10006bc6:	b083      	sub	sp, #12
10006bc8:	429a      	cmp	r2, r3
10006bca:	d00f      	beq.n	10006bec <xPortLockInternalSpinUnlockWithBestEffortWaitOrTimeout+0x40>
10006bcc:	6803      	ldr	r3, [r0, #0]
10006bce:	f3bf 8f5f 	dmb	sy
10006bd2:	2200      	movs	r2, #0
10006bd4:	601a      	str	r2, [r3, #0]
10006bd6:	f381 8810 	msr	PRIMASK, r1
10006bda:	0020      	movs	r0, r4
10006bdc:	0029      	movs	r1, r5
10006bde:	f7fa fabd 	bl	1000115c <best_effort_wfe_or_timeout>
10006be2:	b003      	add	sp, #12
10006be4:	bcc0      	pop	{r6, r7}
10006be6:	46b9      	mov	r9, r7
10006be8:	46b0      	mov	r8, r6
10006bea:	bdf0      	pop	{r4, r5, r6, r7, pc}
10006bec:	f7fa fb4e 	bl	1000128c <time_us_64>
10006bf0:	0026      	movs	r6, r4
10006bf2:	002f      	movs	r7, r5
10006bf4:	1a36      	subs	r6, r6, r0
10006bf6:	418f      	sbcs	r7, r1
10006bf8:	2101      	movs	r1, #1
10006bfa:	4824      	ldr	r0, [pc, #144]	@ (10006c8c <xPortLockInternalSpinUnlockWithBestEffortWaitOrTimeout+0xe0>)
10006bfc:	4249      	negs	r1, r1
10006bfe:	1980      	adds	r0, r0, r6
10006c00:	4179      	adcs	r1, r7
10006c02:	4643      	mov	r3, r8
10006c04:	681e      	ldr	r6, [r3, #0]
10006c06:	2900      	cmp	r1, #0
10006c08:	dc1e      	bgt.n	10006c48 <xPortLockInternalSpinUnlockWithBestEffortWaitOrTimeout+0x9c>
10006c0a:	d019      	beq.n	10006c40 <xPortLockInternalSpinUnlockWithBestEffortWaitOrTimeout+0x94>
10006c0c:	f3bf 8f5f 	dmb	sy
10006c10:	2300      	movs	r3, #0
10006c12:	6033      	str	r3, [r6, #0]
10006c14:	f389 8810 	msr	PRIMASK, r9
10006c18:	4b1d      	ldr	r3, [pc, #116]	@ (10006c90 <xPortLockInternalSpinUnlockWithBestEffortWaitOrTimeout+0xe4>)
10006c1a:	6a5a      	ldr	r2, [r3, #36]	@ 0x24
10006c1c:	4295      	cmp	r5, r2
10006c1e:	d805      	bhi.n	10006c2c <xPortLockInternalSpinUnlockWithBestEffortWaitOrTimeout+0x80>
10006c20:	6a9b      	ldr	r3, [r3, #40]	@ 0x28
10006c22:	2001      	movs	r0, #1
10006c24:	42a3      	cmp	r3, r4
10006c26:	d2dc      	bcs.n	10006be2 <xPortLockInternalSpinUnlockWithBestEffortWaitOrTimeout+0x36>
10006c28:	4295      	cmp	r5, r2
10006c2a:	d1da      	bne.n	10006be2 <xPortLockInternalSpinUnlockWithBestEffortWaitOrTimeout+0x36>
10006c2c:	2280      	movs	r2, #128	@ 0x80
10006c2e:	4b19      	ldr	r3, [pc, #100]	@ (10006c94 <xPortLockInternalSpinUnlockWithBestEffortWaitOrTimeout+0xe8>)
10006c30:	0552      	lsls	r2, r2, #21
10006c32:	601a      	str	r2, [r3, #0]
10006c34:	f3bf 8f4f 	dsb	sy
10006c38:	f3bf 8f6f 	isb	sy
10006c3c:	2000      	movs	r0, #0
10006c3e:	e7d0      	b.n	10006be2 <xPortLockInternalSpinUnlockWithBestEffortWaitOrTimeout+0x36>
10006c40:	23fa      	movs	r3, #250	@ 0xfa
10006c42:	009b      	lsls	r3, r3, #2
10006c44:	4298      	cmp	r0, r3
10006c46:	d3e1      	bcc.n	10006c0c <xPortLockInternalSpinUnlockWithBestEffortWaitOrTimeout+0x60>
10006c48:	22fa      	movs	r2, #250	@ 0xfa
10006c4a:	2300      	movs	r3, #0
10006c4c:	0092      	lsls	r2, r2, #2
10006c4e:	f7fa feb3 	bl	100019b8 <__wrap___aeabi_ldivmod>
10006c52:	1e03      	subs	r3, r0, #0
10006c54:	d0da      	beq.n	10006c0c <xPortLockInternalSpinUnlockWithBestEffortWaitOrTimeout+0x60>
10006c56:	f3bf 8f5f 	dmb	sy
10006c5a:	2200      	movs	r2, #0
10006c5c:	6032      	str	r2, [r6, #0]
10006c5e:	f389 8810 	msr	PRIMASK, r9
10006c62:	4a0d      	ldr	r2, [pc, #52]	@ (10006c98 <xPortLockInternalSpinUnlockWithBestEffortWaitOrTimeout+0xec>)
10006c64:	490d      	ldr	r1, [pc, #52]	@ (10006c9c <xPortLockInternalSpinUnlockWithBestEffortWaitOrTimeout+0xf0>)
10006c66:	6810      	ldr	r0, [r2, #0]
10006c68:	4642      	mov	r2, r8
10006c6a:	468c      	mov	ip, r1
10006c6c:	6812      	ldr	r2, [r2, #0]
10006c6e:	4462      	add	r2, ip
10006c70:	1096      	asrs	r6, r2, #2
10006c72:	2a5c      	cmp	r2, #92	@ 0x5c
10006c74:	d900      	bls.n	10006c78 <xPortLockInternalSpinUnlockWithBestEffortWaitOrTimeout+0xcc>
10006c76:	3e18      	subs	r6, #24
10006c78:	2101      	movs	r1, #1
10006c7a:	9300      	str	r3, [sp, #0]
10006c7c:	40b1      	lsls	r1, r6
10006c7e:	2300      	movs	r3, #0
10006c80:	2201      	movs	r2, #1
10006c82:	f000 f879 	bl	10006d78 <xEventGroupWaitBits>
10006c86:	e7c7      	b.n	10006c18 <xPortLockInternalSpinUnlockWithBestEffortWaitOrTimeout+0x6c>
10006c88:	200010a5 	.word	0x200010a5
10006c8c:	fffffc18 	.word	0xfffffc18
10006c90:	40054000 	.word	0x40054000
10006c94:	e000ed04 	.word	0xe000ed04
10006c98:	20022410 	.word	0x20022410
10006c9c:	2fffff00 	.word	0x2fffff00

10006ca0 <prvRuntimeInitializer>:
10006ca0:	b510      	push	{r4, lr}
10006ca2:	f7f9 fc6d 	bl	10000580 <next_striped_spin_lock_num>
10006ca6:	4a05      	ldr	r2, [pc, #20]	@ (10006cbc <prvRuntimeInitializer+0x1c>)
10006ca8:	4b05      	ldr	r3, [pc, #20]	@ (10006cc0 <prvRuntimeInitializer+0x20>)
10006caa:	4694      	mov	ip, r2
10006cac:	4460      	add	r0, ip
10006cae:	0080      	lsls	r0, r0, #2
10006cb0:	6018      	str	r0, [r3, #0]
10006cb2:	f000 f855 	bl	10006d60 <xEventGroupCreate>
10006cb6:	4b03      	ldr	r3, [pc, #12]	@ (10006cc4 <prvRuntimeInitializer+0x24>)
10006cb8:	6018      	str	r0, [r3, #0]
10006cba:	bd10      	pop	{r4, pc}
10006cbc:	34000040 	.word	0x34000040
10006cc0:	20001fd8 	.word	0x20001fd8
10006cc4:	20022410 	.word	0x20022410

10006cc8 <vEventGroupSetBitsCallback>:
10006cc8:	b5f8      	push	{r3, r4, r5, r6, r7, lr}
10006cca:	46de      	mov	lr, fp
10006ccc:	4657      	mov	r7, sl
10006cce:	464e      	mov	r6, r9
10006cd0:	4645      	mov	r5, r8
10006cd2:	b5e0      	push	{r5, r6, r7, lr}
10006cd4:	0005      	movs	r5, r0
10006cd6:	000f      	movs	r7, r1
10006cd8:	0006      	movs	r6, r0
10006cda:	f000 fef5 	bl	10007ac8 <vTaskSuspendAll>
10006cde:	682b      	ldr	r3, [r5, #0]
10006ce0:	692c      	ldr	r4, [r5, #16]
10006ce2:	0019      	movs	r1, r3
10006ce4:	360c      	adds	r6, #12
10006ce6:	4339      	orrs	r1, r7
10006ce8:	468c      	mov	ip, r1
10006cea:	6029      	str	r1, [r5, #0]
10006cec:	42a6      	cmp	r6, r4
10006cee:	d02d      	beq.n	10006d4c <vEventGroupSetBitsCallback+0x84>
10006cf0:	2300      	movs	r3, #0
10006cf2:	4698      	mov	r8, r3
10006cf4:	2380      	movs	r3, #128	@ 0x80
10006cf6:	045b      	lsls	r3, r3, #17
10006cf8:	469a      	mov	sl, r3
10006cfa:	2380      	movs	r3, #128	@ 0x80
10006cfc:	049b      	lsls	r3, r3, #18
10006cfe:	4699      	mov	r9, r3
10006d00:	e011      	b.n	10006d26 <vEventGroupSetBitsCallback+0x5e>
10006d02:	465f      	mov	r7, fp
10006d04:	2f00      	cmp	r7, #0
10006d06:	d00b      	beq.n	10006d20 <vEventGroupSetBitsCallback+0x58>
10006d08:	4657      	mov	r7, sl
10006d0a:	423a      	tst	r2, r7
10006d0c:	d002      	beq.n	10006d14 <vEventGroupSetBitsCallback+0x4c>
10006d0e:	4642      	mov	r2, r8
10006d10:	431a      	orrs	r2, r3
10006d12:	4690      	mov	r8, r2
10006d14:	464b      	mov	r3, r9
10006d16:	4319      	orrs	r1, r3
10006d18:	f001 f9da 	bl	100080d0 <vTaskRemoveFromUnorderedEventList>
10006d1c:	682b      	ldr	r3, [r5, #0]
10006d1e:	469c      	mov	ip, r3
10006d20:	4661      	mov	r1, ip
10006d22:	42a6      	cmp	r6, r4
10006d24:	d010      	beq.n	10006d48 <vEventGroupSetBitsCallback+0x80>
10006d26:	0020      	movs	r0, r4
10006d28:	000f      	movs	r7, r1
10006d2a:	6802      	ldr	r2, [r0, #0]
10006d2c:	6864      	ldr	r4, [r4, #4]
10006d2e:	0213      	lsls	r3, r2, #8
10006d30:	0a1b      	lsrs	r3, r3, #8
10006d32:	401f      	ands	r7, r3
10006d34:	46bb      	mov	fp, r7
10006d36:	2780      	movs	r7, #128	@ 0x80
10006d38:	04ff      	lsls	r7, r7, #19
10006d3a:	423a      	tst	r2, r7
10006d3c:	d0e1      	beq.n	10006d02 <vEventGroupSetBitsCallback+0x3a>
10006d3e:	455b      	cmp	r3, fp
10006d40:	d0e2      	beq.n	10006d08 <vEventGroupSetBitsCallback+0x40>
10006d42:	4661      	mov	r1, ip
10006d44:	42a6      	cmp	r6, r4
10006d46:	d1ee      	bne.n	10006d26 <vEventGroupSetBitsCallback+0x5e>
10006d48:	4643      	mov	r3, r8
10006d4a:	4399      	bics	r1, r3
10006d4c:	6029      	str	r1, [r5, #0]
10006d4e:	f000 fec3 	bl	10007ad8 <xTaskResumeAll>
10006d52:	bcf0      	pop	{r4, r5, r6, r7}
10006d54:	46bb      	mov	fp, r7
10006d56:	46b2      	mov	sl, r6
10006d58:	46a9      	mov	r9, r5
10006d5a:	46a0      	mov	r8, r4
10006d5c:	bdf8      	pop	{r3, r4, r5, r6, r7, pc}
10006d5e:	46c0      	nop			@ (mov r8, r8)

10006d60 <xEventGroupCreate>:
10006d60:	b510      	push	{r4, lr}
10006d62:	201c      	movs	r0, #28
10006d64:	f7ff fc4a 	bl	100065fc <pvPortMalloc>
10006d68:	1e04      	subs	r4, r0, #0
10006d6a:	d003      	beq.n	10006d74 <xEventGroupCreate+0x14>
10006d6c:	2300      	movs	r3, #0
10006d6e:	c008      	stmia	r0!, {r3}
10006d70:	f000 f8be 	bl	10006ef0 <vListInitialise>
10006d74:	0020      	movs	r0, r4
10006d76:	bd10      	pop	{r4, pc}

10006d78 <xEventGroupWaitBits>:
10006d78:	b5f0      	push	{r4, r5, r6, r7, lr}
10006d7a:	46c6      	mov	lr, r8
10006d7c:	000d      	movs	r5, r1
10006d7e:	0006      	movs	r6, r0
10006d80:	b500      	push	{lr}
10006d82:	001f      	movs	r7, r3
10006d84:	4690      	mov	r8, r2
10006d86:	f000 fe9f 	bl	10007ac8 <vTaskSuspendAll>
10006d8a:	002b      	movs	r3, r5
10006d8c:	6834      	ldr	r4, [r6, #0]
10006d8e:	4023      	ands	r3, r4
10006d90:	2f00      	cmp	r7, #0
10006d92:	d10d      	bne.n	10006db0 <xEventGroupWaitBits+0x38>
10006d94:	2b00      	cmp	r3, #0
10006d96:	d028      	beq.n	10006dea <xEventGroupWaitBits+0x72>
10006d98:	4643      	mov	r3, r8
10006d9a:	2b00      	cmp	r3, #0
10006d9c:	d028      	beq.n	10006df0 <xEventGroupWaitBits+0x78>
10006d9e:	0023      	movs	r3, r4
10006da0:	43ab      	bics	r3, r5
10006da2:	6033      	str	r3, [r6, #0]
10006da4:	f000 fe98 	bl	10007ad8 <xTaskResumeAll>
10006da8:	0020      	movs	r0, r4
10006daa:	bc80      	pop	{r7}
10006dac:	46b8      	mov	r8, r7
10006dae:	bdf0      	pop	{r4, r5, r6, r7, pc}
10006db0:	429d      	cmp	r5, r3
10006db2:	d0f1      	beq.n	10006d98 <xEventGroupWaitBits+0x20>
10006db4:	9b06      	ldr	r3, [sp, #24]
10006db6:	2b00      	cmp	r3, #0
10006db8:	d01a      	beq.n	10006df0 <xEventGroupWaitBits+0x78>
10006dba:	4643      	mov	r3, r8
10006dbc:	2180      	movs	r1, #128	@ 0x80
10006dbe:	1e5a      	subs	r2, r3, #1
10006dc0:	4193      	sbcs	r3, r2
10006dc2:	04c9      	lsls	r1, r1, #19
10006dc4:	061b      	lsls	r3, r3, #24
10006dc6:	4319      	orrs	r1, r3
10006dc8:	9a06      	ldr	r2, [sp, #24]
10006dca:	4329      	orrs	r1, r5
10006dcc:	1d30      	adds	r0, r6, #4
10006dce:	f001 f837 	bl	10007e40 <vTaskPlaceOnUnorderedEventList>
10006dd2:	f000 fe81 	bl	10007ad8 <xTaskResumeAll>
10006dd6:	2800      	cmp	r0, #0
10006dd8:	d024      	beq.n	10006e24 <xEventGroupWaitBits+0xac>
10006dda:	f001 fa49 	bl	10008270 <uxTaskResetEventItemValue>
10006dde:	0004      	movs	r4, r0
10006de0:	0183      	lsls	r3, r0, #6
10006de2:	d50d      	bpl.n	10006e00 <xEventGroupWaitBits+0x88>
10006de4:	0224      	lsls	r4, r4, #8
10006de6:	0a24      	lsrs	r4, r4, #8
10006de8:	e7de      	b.n	10006da8 <xEventGroupWaitBits+0x30>
10006dea:	9b06      	ldr	r3, [sp, #24]
10006dec:	2b00      	cmp	r3, #0
10006dee:	d102      	bne.n	10006df6 <xEventGroupWaitBits+0x7e>
10006df0:	f000 fe72 	bl	10007ad8 <xTaskResumeAll>
10006df4:	e7d8      	b.n	10006da8 <xEventGroupWaitBits+0x30>
10006df6:	4641      	mov	r1, r8
10006df8:	1e4b      	subs	r3, r1, #1
10006dfa:	4199      	sbcs	r1, r3
10006dfc:	0609      	lsls	r1, r1, #24
10006dfe:	e7e3      	b.n	10006dc8 <xEventGroupWaitBits+0x50>
10006e00:	f7ff fd8e 	bl	10006920 <vPortEnterCritical>
10006e04:	6834      	ldr	r4, [r6, #0]
10006e06:	0023      	movs	r3, r4
10006e08:	402b      	ands	r3, r5
10006e0a:	2f00      	cmp	r7, #0
10006e0c:	d10d      	bne.n	10006e2a <xEventGroupWaitBits+0xb2>
10006e0e:	2b00      	cmp	r3, #0
10006e10:	d005      	beq.n	10006e1e <xEventGroupWaitBits+0xa6>
10006e12:	4643      	mov	r3, r8
10006e14:	2b00      	cmp	r3, #0
10006e16:	d002      	beq.n	10006e1e <xEventGroupWaitBits+0xa6>
10006e18:	0023      	movs	r3, r4
10006e1a:	43ab      	bics	r3, r5
10006e1c:	6033      	str	r3, [r6, #0]
10006e1e:	f7ff fd8b 	bl	10006938 <vPortExitCritical>
10006e22:	e7df      	b.n	10006de4 <xEventGroupWaitBits+0x6c>
10006e24:	f7ff fd70 	bl	10006908 <vPortYield>
10006e28:	e7d7      	b.n	10006dda <xEventGroupWaitBits+0x62>
10006e2a:	429d      	cmp	r5, r3
10006e2c:	d1f7      	bne.n	10006e1e <xEventGroupWaitBits+0xa6>
10006e2e:	e7f0      	b.n	10006e12 <xEventGroupWaitBits+0x9a>

10006e30 <xEventGroupSetBits>:
10006e30:	b5f0      	push	{r4, r5, r6, r7, lr}
10006e32:	46de      	mov	lr, fp
10006e34:	4657      	mov	r7, sl
10006e36:	464e      	mov	r6, r9
10006e38:	4645      	mov	r5, r8
10006e3a:	b5e0      	push	{r5, r6, r7, lr}
10006e3c:	0005      	movs	r5, r0
10006e3e:	b083      	sub	sp, #12
10006e40:	000c      	movs	r4, r1
10006e42:	0006      	movs	r6, r0
10006e44:	9001      	str	r0, [sp, #4]
10006e46:	f000 fe3f 	bl	10007ac8 <vTaskSuspendAll>
10006e4a:	002b      	movs	r3, r5
10006e4c:	6819      	ldr	r1, [r3, #0]
10006e4e:	692d      	ldr	r5, [r5, #16]
10006e50:	430c      	orrs	r4, r1
10006e52:	360c      	adds	r6, #12
10006e54:	0037      	movs	r7, r6
10006e56:	0021      	movs	r1, r4
10006e58:	601c      	str	r4, [r3, #0]
10006e5a:	42ae      	cmp	r6, r5
10006e5c:	d02f      	beq.n	10006ebe <xEventGroupSetBits+0x8e>
10006e5e:	2300      	movs	r3, #0
10006e60:	4699      	mov	r9, r3
10006e62:	2380      	movs	r3, #128	@ 0x80
10006e64:	04db      	lsls	r3, r3, #19
10006e66:	4698      	mov	r8, r3
10006e68:	2380      	movs	r3, #128	@ 0x80
10006e6a:	045b      	lsls	r3, r3, #17
10006e6c:	469b      	mov	fp, r3
10006e6e:	2380      	movs	r3, #128	@ 0x80
10006e70:	049b      	lsls	r3, r3, #18
10006e72:	469a      	mov	sl, r3
10006e74:	e011      	b.n	10006e9a <xEventGroupSetBits+0x6a>
10006e76:	4666      	mov	r6, ip
10006e78:	2e00      	cmp	r6, #0
10006e7a:	d00b      	beq.n	10006e94 <xEventGroupSetBits+0x64>
10006e7c:	4659      	mov	r1, fp
10006e7e:	420a      	tst	r2, r1
10006e80:	d002      	beq.n	10006e88 <xEventGroupSetBits+0x58>
10006e82:	464a      	mov	r2, r9
10006e84:	431a      	orrs	r2, r3
10006e86:	4691      	mov	r9, r2
10006e88:	4651      	mov	r1, sl
10006e8a:	4321      	orrs	r1, r4
10006e8c:	f001 f920 	bl	100080d0 <vTaskRemoveFromUnorderedEventList>
10006e90:	9b01      	ldr	r3, [sp, #4]
10006e92:	6819      	ldr	r1, [r3, #0]
10006e94:	000c      	movs	r4, r1
10006e96:	42af      	cmp	r7, r5
10006e98:	d00f      	beq.n	10006eba <xEventGroupSetBits+0x8a>
10006e9a:	0028      	movs	r0, r5
10006e9c:	0026      	movs	r6, r4
10006e9e:	6802      	ldr	r2, [r0, #0]
10006ea0:	686d      	ldr	r5, [r5, #4]
10006ea2:	0213      	lsls	r3, r2, #8
10006ea4:	0a1b      	lsrs	r3, r3, #8
10006ea6:	401e      	ands	r6, r3
10006ea8:	46b4      	mov	ip, r6
10006eaa:	4646      	mov	r6, r8
10006eac:	4232      	tst	r2, r6
10006eae:	d0e2      	beq.n	10006e76 <xEventGroupSetBits+0x46>
10006eb0:	4563      	cmp	r3, ip
10006eb2:	d0e3      	beq.n	10006e7c <xEventGroupSetBits+0x4c>
10006eb4:	000c      	movs	r4, r1
10006eb6:	42af      	cmp	r7, r5
10006eb8:	d1ef      	bne.n	10006e9a <xEventGroupSetBits+0x6a>
10006eba:	464b      	mov	r3, r9
10006ebc:	439c      	bics	r4, r3
10006ebe:	9b01      	ldr	r3, [sp, #4]
10006ec0:	601c      	str	r4, [r3, #0]
10006ec2:	f000 fe09 	bl	10007ad8 <xTaskResumeAll>
10006ec6:	0020      	movs	r0, r4
10006ec8:	b003      	add	sp, #12
10006eca:	bcf0      	pop	{r4, r5, r6, r7}
10006ecc:	46bb      	mov	fp, r7
10006ece:	46b2      	mov	sl, r6
10006ed0:	46a9      	mov	r9, r5
10006ed2:	46a0      	mov	r8, r4
10006ed4:	bdf0      	pop	{r4, r5, r6, r7, pc}
10006ed6:	46c0      	nop			@ (mov r8, r8)

10006ed8 <xEventGroupSetBitsFromISR>:
10006ed8:	b510      	push	{r4, lr}
10006eda:	4c04      	ldr	r4, [pc, #16]	@ (10006eec <xEventGroupSetBitsFromISR+0x14>)
10006edc:	0013      	movs	r3, r2
10006ede:	000a      	movs	r2, r1
10006ee0:	0001      	movs	r1, r0
10006ee2:	0020      	movs	r0, r4
10006ee4:	f001 fbe4 	bl	100086b0 <xTimerPendFunctionCallFromISR>
10006ee8:	bd10      	pop	{r4, pc}
10006eea:	46c0      	nop			@ (mov r8, r8)
10006eec:	10006cc9 	.word	0x10006cc9

10006ef0 <vListInitialise>:
10006ef0:	0003      	movs	r3, r0
10006ef2:	3308      	adds	r3, #8
10006ef4:	2201      	movs	r2, #1
10006ef6:	6043      	str	r3, [r0, #4]
10006ef8:	60c3      	str	r3, [r0, #12]
10006efa:	6103      	str	r3, [r0, #16]
10006efc:	2300      	movs	r3, #0
10006efe:	4252      	negs	r2, r2
10006f00:	6082      	str	r2, [r0, #8]
10006f02:	6003      	str	r3, [r0, #0]
10006f04:	4770      	bx	lr
10006f06:	46c0      	nop			@ (mov r8, r8)

10006f08 <vListInitialiseItem>:
10006f08:	2300      	movs	r3, #0
10006f0a:	6103      	str	r3, [r0, #16]
10006f0c:	4770      	bx	lr
10006f0e:	46c0      	nop			@ (mov r8, r8)

10006f10 <vListInsert>:
10006f10:	0003      	movs	r3, r0
10006f12:	b530      	push	{r4, r5, lr}
10006f14:	680d      	ldr	r5, [r1, #0]
10006f16:	3308      	adds	r3, #8
10006f18:	1c6a      	adds	r2, r5, #1
10006f1a:	d00d      	beq.n	10006f38 <vListInsert+0x28>
10006f1c:	001c      	movs	r4, r3
10006f1e:	685b      	ldr	r3, [r3, #4]
10006f20:	681a      	ldr	r2, [r3, #0]
10006f22:	42aa      	cmp	r2, r5
10006f24:	d9fa      	bls.n	10006f1c <vListInsert+0xc>
10006f26:	604b      	str	r3, [r1, #4]
10006f28:	6099      	str	r1, [r3, #8]
10006f2a:	6803      	ldr	r3, [r0, #0]
10006f2c:	608c      	str	r4, [r1, #8]
10006f2e:	3301      	adds	r3, #1
10006f30:	6061      	str	r1, [r4, #4]
10006f32:	6108      	str	r0, [r1, #16]
10006f34:	6003      	str	r3, [r0, #0]
10006f36:	bd30      	pop	{r4, r5, pc}
10006f38:	6904      	ldr	r4, [r0, #16]
10006f3a:	6863      	ldr	r3, [r4, #4]
10006f3c:	e7f3      	b.n	10006f26 <vListInsert+0x16>
10006f3e:	46c0      	nop			@ (mov r8, r8)

10006f40 <uxListRemove>:
10006f40:	6903      	ldr	r3, [r0, #16]
10006f42:	6841      	ldr	r1, [r0, #4]
10006f44:	6882      	ldr	r2, [r0, #8]
10006f46:	608a      	str	r2, [r1, #8]
10006f48:	6051      	str	r1, [r2, #4]
10006f4a:	6859      	ldr	r1, [r3, #4]
10006f4c:	4281      	cmp	r1, r0
10006f4e:	d005      	beq.n	10006f5c <uxListRemove+0x1c>
10006f50:	2200      	movs	r2, #0
10006f52:	6102      	str	r2, [r0, #16]
10006f54:	6818      	ldr	r0, [r3, #0]
10006f56:	3801      	subs	r0, #1
10006f58:	6018      	str	r0, [r3, #0]
10006f5a:	4770      	bx	lr
10006f5c:	605a      	str	r2, [r3, #4]
10006f5e:	e7f7      	b.n	10006f50 <uxListRemove+0x10>

10006f60 <prvUnlockQueue>:
10006f60:	b5f0      	push	{r4, r5, r6, r7, lr}
10006f62:	46de      	mov	lr, fp
10006f64:	464e      	mov	r6, r9
10006f66:	4657      	mov	r7, sl
10006f68:	4645      	mov	r5, r8
10006f6a:	b5e0      	push	{r5, r6, r7, lr}
10006f6c:	b085      	sub	sp, #20
10006f6e:	0006      	movs	r6, r0
10006f70:	f7ff fcd6 	bl	10006920 <vPortEnterCritical>
10006f74:	2345      	movs	r3, #69	@ 0x45
10006f76:	5cf4      	ldrb	r4, [r6, r3]
10006f78:	b264      	sxtb	r4, r4
10006f7a:	2c00      	cmp	r4, #0
10006f7c:	dd21      	ble.n	10006fc2 <prvUnlockQueue+0x62>
10006f7e:	3b21      	subs	r3, #33	@ 0x21
10006f80:	4699      	mov	r9, r3
10006f82:	3321      	adds	r3, #33	@ 0x21
10006f84:	469a      	mov	sl, r3
10006f86:	44b1      	add	r9, r6
10006f88:	e009      	b.n	10006f9e <prvUnlockQueue+0x3e>
10006f8a:	6baa      	ldr	r2, [r5, #56]	@ 0x38
10006f8c:	6beb      	ldr	r3, [r5, #60]	@ 0x3c
10006f8e:	9603      	str	r6, [sp, #12]
10006f90:	429a      	cmp	r2, r3
10006f92:	d345      	bcc.n	10007020 <prvUnlockQueue+0xc0>
10006f94:	3c01      	subs	r4, #1
10006f96:	b2e3      	uxtb	r3, r4
10006f98:	b264      	sxtb	r4, r4
10006f9a:	2b00      	cmp	r3, #0
10006f9c:	d011      	beq.n	10006fc2 <prvUnlockQueue+0x62>
10006f9e:	6cb5      	ldr	r5, [r6, #72]	@ 0x48
10006fa0:	2d00      	cmp	r5, #0
10006fa2:	d1f2      	bne.n	10006f8a <prvUnlockQueue+0x2a>
10006fa4:	6a73      	ldr	r3, [r6, #36]	@ 0x24
10006fa6:	2b00      	cmp	r3, #0
10006fa8:	d00b      	beq.n	10006fc2 <prvUnlockQueue+0x62>
10006faa:	4648      	mov	r0, r9
10006fac:	f001 f824 	bl	10007ff8 <xTaskRemoveFromEventList>
10006fb0:	2800      	cmp	r0, #0
10006fb2:	d0ef      	beq.n	10006f94 <prvUnlockQueue+0x34>
10006fb4:	f001 f91e 	bl	100081f4 <vTaskMissedYield>
10006fb8:	3c01      	subs	r4, #1
10006fba:	b2e3      	uxtb	r3, r4
10006fbc:	b264      	sxtb	r4, r4
10006fbe:	2b00      	cmp	r3, #0
10006fc0:	d1ed      	bne.n	10006f9e <prvUnlockQueue+0x3e>
10006fc2:	2345      	movs	r3, #69	@ 0x45
10006fc4:	22ff      	movs	r2, #255	@ 0xff
10006fc6:	54f2      	strb	r2, [r6, r3]
10006fc8:	f7ff fcb6 	bl	10006938 <vPortExitCritical>
10006fcc:	f7ff fca8 	bl	10006920 <vPortEnterCritical>
10006fd0:	2344      	movs	r3, #68	@ 0x44
10006fd2:	0035      	movs	r5, r6
10006fd4:	5cf4      	ldrb	r4, [r6, r3]
10006fd6:	3510      	adds	r5, #16
10006fd8:	b264      	sxtb	r4, r4
10006fda:	2c00      	cmp	r4, #0
10006fdc:	dc05      	bgt.n	10006fea <prvUnlockQueue+0x8a>
10006fde:	e013      	b.n	10007008 <prvUnlockQueue+0xa8>
10006fe0:	3c01      	subs	r4, #1
10006fe2:	b2e2      	uxtb	r2, r4
10006fe4:	b264      	sxtb	r4, r4
10006fe6:	2a00      	cmp	r2, #0
10006fe8:	d00e      	beq.n	10007008 <prvUnlockQueue+0xa8>
10006fea:	6933      	ldr	r3, [r6, #16]
10006fec:	2b00      	cmp	r3, #0
10006fee:	d00b      	beq.n	10007008 <prvUnlockQueue+0xa8>
10006ff0:	0028      	movs	r0, r5
10006ff2:	f001 f801 	bl	10007ff8 <xTaskRemoveFromEventList>
10006ff6:	2800      	cmp	r0, #0
10006ff8:	d0f2      	beq.n	10006fe0 <prvUnlockQueue+0x80>
10006ffa:	3c01      	subs	r4, #1
10006ffc:	f001 f8fa 	bl	100081f4 <vTaskMissedYield>
10007000:	b2e2      	uxtb	r2, r4
10007002:	b264      	sxtb	r4, r4
10007004:	2a00      	cmp	r2, #0
10007006:	d1f0      	bne.n	10006fea <prvUnlockQueue+0x8a>
10007008:	2344      	movs	r3, #68	@ 0x44
1000700a:	22ff      	movs	r2, #255	@ 0xff
1000700c:	54f2      	strb	r2, [r6, r3]
1000700e:	f7ff fc93 	bl	10006938 <vPortExitCritical>
10007012:	b005      	add	sp, #20
10007014:	bcf0      	pop	{r4, r5, r6, r7}
10007016:	46bb      	mov	fp, r7
10007018:	46b2      	mov	sl, r6
1000701a:	46a9      	mov	r9, r5
1000701c:	46a0      	mov	r8, r4
1000701e:	bdf0      	pop	{r4, r5, r6, r7, pc}
10007020:	4653      	mov	r3, sl
10007022:	5cef      	ldrb	r7, [r5, r3]
10007024:	6bab      	ldr	r3, [r5, #56]	@ 0x38
10007026:	6c2a      	ldr	r2, [r5, #64]	@ 0x40
10007028:	3301      	adds	r3, #1
1000702a:	4698      	mov	r8, r3
1000702c:	b27f      	sxtb	r7, r7
1000702e:	2a00      	cmp	r2, #0
10007030:	d113      	bne.n	1000705a <prvUnlockQueue+0xfa>
10007032:	682b      	ldr	r3, [r5, #0]
10007034:	469b      	mov	fp, r3
10007036:	2b00      	cmp	r3, #0
10007038:	d02a      	beq.n	10007090 <prvUnlockQueue+0x130>
1000703a:	4643      	mov	r3, r8
1000703c:	63ab      	str	r3, [r5, #56]	@ 0x38
1000703e:	1c7b      	adds	r3, r7, #1
10007040:	d11c      	bne.n	1000707c <prvUnlockQueue+0x11c>
10007042:	6a6b      	ldr	r3, [r5, #36]	@ 0x24
10007044:	2b00      	cmp	r3, #0
10007046:	d0a5      	beq.n	10006f94 <prvUnlockQueue+0x34>
10007048:	0028      	movs	r0, r5
1000704a:	3024      	adds	r0, #36	@ 0x24
1000704c:	f000 ffd4 	bl	10007ff8 <xTaskRemoveFromEventList>
10007050:	2800      	cmp	r0, #0
10007052:	d09f      	beq.n	10006f94 <prvUnlockQueue+0x34>
10007054:	f001 f8ce 	bl	100081f4 <vTaskMissedYield>
10007058:	e7ae      	b.n	10006fb8 <prvUnlockQueue+0x58>
1000705a:	6868      	ldr	r0, [r5, #4]
1000705c:	a903      	add	r1, sp, #12
1000705e:	f7fb f85b 	bl	10002118 <__wrap___aeabi_memcpy>
10007062:	686b      	ldr	r3, [r5, #4]
10007064:	6c2a      	ldr	r2, [r5, #64]	@ 0x40
10007066:	189b      	adds	r3, r3, r2
10007068:	68aa      	ldr	r2, [r5, #8]
1000706a:	606b      	str	r3, [r5, #4]
1000706c:	4293      	cmp	r3, r2
1000706e:	d3e4      	bcc.n	1000703a <prvUnlockQueue+0xda>
10007070:	682b      	ldr	r3, [r5, #0]
10007072:	606b      	str	r3, [r5, #4]
10007074:	4643      	mov	r3, r8
10007076:	63ab      	str	r3, [r5, #56]	@ 0x38
10007078:	1c7b      	adds	r3, r7, #1
1000707a:	d0e2      	beq.n	10007042 <prvUnlockQueue+0xe2>
1000707c:	f000 fe3a 	bl	10007cf4 <uxTaskGetNumberOfTasks>
10007080:	42b8      	cmp	r0, r7
10007082:	d800      	bhi.n	10007086 <prvUnlockQueue+0x126>
10007084:	e786      	b.n	10006f94 <prvUnlockQueue+0x34>
10007086:	4653      	mov	r3, sl
10007088:	3701      	adds	r7, #1
1000708a:	b27f      	sxtb	r7, r7
1000708c:	54ef      	strb	r7, [r5, r3]
1000708e:	e781      	b.n	10006f94 <prvUnlockQueue+0x34>
10007090:	68a8      	ldr	r0, [r5, #8]
10007092:	f001 f8bb 	bl	1000820c <xTaskPriorityDisinherit>
10007096:	465b      	mov	r3, fp
10007098:	60ab      	str	r3, [r5, #8]
1000709a:	4643      	mov	r3, r8
1000709c:	9001      	str	r0, [sp, #4]
1000709e:	63ab      	str	r3, [r5, #56]	@ 0x38
100070a0:	1c7b      	adds	r3, r7, #1
100070a2:	d109      	bne.n	100070b8 <prvUnlockQueue+0x158>
100070a4:	6a6b      	ldr	r3, [r5, #36]	@ 0x24
100070a6:	2b00      	cmp	r3, #0
100070a8:	d10f      	bne.n	100070ca <prvUnlockQueue+0x16a>
100070aa:	9b01      	ldr	r3, [sp, #4]
100070ac:	2b00      	cmp	r3, #0
100070ae:	d100      	bne.n	100070b2 <prvUnlockQueue+0x152>
100070b0:	e770      	b.n	10006f94 <prvUnlockQueue+0x34>
100070b2:	f001 f89f 	bl	100081f4 <vTaskMissedYield>
100070b6:	e77f      	b.n	10006fb8 <prvUnlockQueue+0x58>
100070b8:	f000 fe1c 	bl	10007cf4 <uxTaskGetNumberOfTasks>
100070bc:	42b8      	cmp	r0, r7
100070be:	d9f4      	bls.n	100070aa <prvUnlockQueue+0x14a>
100070c0:	4653      	mov	r3, sl
100070c2:	3701      	adds	r7, #1
100070c4:	b27f      	sxtb	r7, r7
100070c6:	54ef      	strb	r7, [r5, r3]
100070c8:	e7ef      	b.n	100070aa <prvUnlockQueue+0x14a>
100070ca:	0028      	movs	r0, r5
100070cc:	3024      	adds	r0, #36	@ 0x24
100070ce:	f000 ff93 	bl	10007ff8 <xTaskRemoveFromEventList>
100070d2:	2800      	cmp	r0, #0
100070d4:	d000      	beq.n	100070d8 <prvUnlockQueue+0x178>
100070d6:	e76d      	b.n	10006fb4 <prvUnlockQueue+0x54>
100070d8:	e7e7      	b.n	100070aa <prvUnlockQueue+0x14a>
100070da:	46c0      	nop			@ (mov r8, r8)

100070dc <prvNotifyQueueSetContainer>:
100070dc:	b5f0      	push	{r4, r5, r6, r7, lr}
100070de:	46c6      	mov	lr, r8
100070e0:	b500      	push	{lr}
100070e2:	6c84      	ldr	r4, [r0, #72]	@ 0x48
100070e4:	b082      	sub	sp, #8
100070e6:	6ba2      	ldr	r2, [r4, #56]	@ 0x38
100070e8:	6be3      	ldr	r3, [r4, #60]	@ 0x3c
100070ea:	2500      	movs	r5, #0
100070ec:	9001      	str	r0, [sp, #4]
100070ee:	429a      	cmp	r2, r3
100070f0:	d304      	bcc.n	100070fc <prvNotifyQueueSetContainer+0x20>
100070f2:	0028      	movs	r0, r5
100070f4:	b002      	add	sp, #8
100070f6:	bc80      	pop	{r7}
100070f8:	46b8      	mov	r8, r7
100070fa:	bdf0      	pop	{r4, r5, r6, r7, pc}
100070fc:	2345      	movs	r3, #69	@ 0x45
100070fe:	6c22      	ldr	r2, [r4, #64]	@ 0x40
10007100:	5ce6      	ldrb	r6, [r4, r3]
10007102:	6ba7      	ldr	r7, [r4, #56]	@ 0x38
10007104:	b276      	sxtb	r6, r6
10007106:	2a00      	cmp	r2, #0
10007108:	d01c      	beq.n	10007144 <prvNotifyQueueSetContainer+0x68>
1000710a:	6860      	ldr	r0, [r4, #4]
1000710c:	a901      	add	r1, sp, #4
1000710e:	f7fb f803 	bl	10002118 <__wrap___aeabi_memcpy>
10007112:	6863      	ldr	r3, [r4, #4]
10007114:	6c22      	ldr	r2, [r4, #64]	@ 0x40
10007116:	189b      	adds	r3, r3, r2
10007118:	68a2      	ldr	r2, [r4, #8]
1000711a:	6063      	str	r3, [r4, #4]
1000711c:	4293      	cmp	r3, r2
1000711e:	d301      	bcc.n	10007124 <prvNotifyQueueSetContainer+0x48>
10007120:	6823      	ldr	r3, [r4, #0]
10007122:	6063      	str	r3, [r4, #4]
10007124:	2500      	movs	r5, #0
10007126:	3701      	adds	r7, #1
10007128:	63a7      	str	r7, [r4, #56]	@ 0x38
1000712a:	1c73      	adds	r3, r6, #1
1000712c:	d115      	bne.n	1000715a <prvNotifyQueueSetContainer+0x7e>
1000712e:	6a63      	ldr	r3, [r4, #36]	@ 0x24
10007130:	2b00      	cmp	r3, #0
10007132:	d0de      	beq.n	100070f2 <prvNotifyQueueSetContainer+0x16>
10007134:	0020      	movs	r0, r4
10007136:	3024      	adds	r0, #36	@ 0x24
10007138:	f000 ff5e 	bl	10007ff8 <xTaskRemoveFromEventList>
1000713c:	2800      	cmp	r0, #0
1000713e:	d0d8      	beq.n	100070f2 <prvNotifyQueueSetContainer+0x16>
10007140:	2501      	movs	r5, #1
10007142:	e7d6      	b.n	100070f2 <prvNotifyQueueSetContainer+0x16>
10007144:	6823      	ldr	r3, [r4, #0]
10007146:	4698      	mov	r8, r3
10007148:	2b00      	cmp	r3, #0
1000714a:	d1eb      	bne.n	10007124 <prvNotifyQueueSetContainer+0x48>
1000714c:	68a0      	ldr	r0, [r4, #8]
1000714e:	f001 f85d 	bl	1000820c <xTaskPriorityDisinherit>
10007152:	4643      	mov	r3, r8
10007154:	0005      	movs	r5, r0
10007156:	60a3      	str	r3, [r4, #8]
10007158:	e7e5      	b.n	10007126 <prvNotifyQueueSetContainer+0x4a>
1000715a:	f000 fdcb 	bl	10007cf4 <uxTaskGetNumberOfTasks>
1000715e:	4286      	cmp	r6, r0
10007160:	d2c7      	bcs.n	100070f2 <prvNotifyQueueSetContainer+0x16>
10007162:	2345      	movs	r3, #69	@ 0x45
10007164:	3601      	adds	r6, #1
10007166:	b276      	sxtb	r6, r6
10007168:	54e6      	strb	r6, [r4, r3]
1000716a:	e7c2      	b.n	100070f2 <prvNotifyQueueSetContainer+0x16>

1000716c <xQueueGenericCreate>:
1000716c:	b5f8      	push	{r3, r4, r5, r6, r7, lr}
1000716e:	0005      	movs	r5, r0
10007170:	000e      	movs	r6, r1
10007172:	0017      	movs	r7, r2
10007174:	2800      	cmp	r0, #0
10007176:	d041      	beq.n	100071fc <xQueueGenericCreate+0x90>
10007178:	0c03      	lsrs	r3, r0, #16
1000717a:	0c0a      	lsrs	r2, r1, #16
1000717c:	2b00      	cmp	r3, #0
1000717e:	d142      	bne.n	10007206 <xQueueGenericCreate+0x9a>
10007180:	2a00      	cmp	r2, #0
10007182:	d130      	bne.n	100071e6 <xQueueGenericCreate+0x7a>
10007184:	0030      	movs	r0, r6
10007186:	4368      	muls	r0, r5
10007188:	0003      	movs	r3, r0
1000718a:	3355      	adds	r3, #85	@ 0x55
1000718c:	d836      	bhi.n	100071fc <xQueueGenericCreate+0x90>
1000718e:	3054      	adds	r0, #84	@ 0x54
10007190:	f7ff fa34 	bl	100065fc <pvPortMalloc>
10007194:	1e04      	subs	r4, r0, #0
10007196:	d031      	beq.n	100071fc <xQueueGenericCreate+0x90>
10007198:	0003      	movs	r3, r0
1000719a:	2e00      	cmp	r6, #0
1000719c:	d131      	bne.n	10007202 <xQueueGenericCreate+0x96>
1000719e:	6023      	str	r3, [r4, #0]
100071a0:	63e5      	str	r5, [r4, #60]	@ 0x3c
100071a2:	6426      	str	r6, [r4, #64]	@ 0x40
100071a4:	f7ff fbbc 	bl	10006920 <vPortEnterCritical>
100071a8:	6c21      	ldr	r1, [r4, #64]	@ 0x40
100071aa:	6be3      	ldr	r3, [r4, #60]	@ 0x3c
100071ac:	6822      	ldr	r2, [r4, #0]
100071ae:	434b      	muls	r3, r1
100071b0:	18d0      	adds	r0, r2, r3
100071b2:	1a5b      	subs	r3, r3, r1
100071b4:	6062      	str	r2, [r4, #4]
100071b6:	18d2      	adds	r2, r2, r3
100071b8:	60e2      	str	r2, [r4, #12]
100071ba:	23ff      	movs	r3, #255	@ 0xff
100071bc:	2500      	movs	r5, #0
100071be:	2244      	movs	r2, #68	@ 0x44
100071c0:	60a0      	str	r0, [r4, #8]
100071c2:	0020      	movs	r0, r4
100071c4:	63a5      	str	r5, [r4, #56]	@ 0x38
100071c6:	54a3      	strb	r3, [r4, r2]
100071c8:	3201      	adds	r2, #1
100071ca:	54a3      	strb	r3, [r4, r2]
100071cc:	3010      	adds	r0, #16
100071ce:	f7ff fe8f 	bl	10006ef0 <vListInitialise>
100071d2:	0020      	movs	r0, r4
100071d4:	3024      	adds	r0, #36	@ 0x24
100071d6:	f7ff fe8b 	bl	10006ef0 <vListInitialise>
100071da:	f7ff fbad 	bl	10006938 <vPortExitCritical>
100071de:	2350      	movs	r3, #80	@ 0x50
100071e0:	54e7      	strb	r7, [r4, r3]
100071e2:	64a5      	str	r5, [r4, #72]	@ 0x48
100071e4:	e00b      	b.n	100071fe <xQueueGenericCreate+0x92>
100071e6:	1c13      	adds	r3, r2, #0
100071e8:	b2a9      	uxth	r1, r5
100071ea:	b2b2      	uxth	r2, r6
100071ec:	434a      	muls	r2, r1
100071ee:	b280      	uxth	r0, r0
100071f0:	b29b      	uxth	r3, r3
100071f2:	4343      	muls	r3, r0
100071f4:	0c12      	lsrs	r2, r2, #16
100071f6:	189b      	adds	r3, r3, r2
100071f8:	0c1b      	lsrs	r3, r3, #16
100071fa:	d0c3      	beq.n	10007184 <xQueueGenericCreate+0x18>
100071fc:	2400      	movs	r4, #0
100071fe:	0020      	movs	r0, r4
10007200:	bdf8      	pop	{r3, r4, r5, r6, r7, pc}
10007202:	3354      	adds	r3, #84	@ 0x54
10007204:	e7cb      	b.n	1000719e <xQueueGenericCreate+0x32>
10007206:	2a00      	cmp	r2, #0
10007208:	d1f8      	bne.n	100071fc <xQueueGenericCreate+0x90>
1000720a:	1c08      	adds	r0, r1, #0
1000720c:	e7ec      	b.n	100071e8 <xQueueGenericCreate+0x7c>
1000720e:	46c0      	nop			@ (mov r8, r8)

10007210 <xQueueGenericSendFromISR>:
10007210:	b5f8      	push	{r3, r4, r5, r6, r7, lr}
10007212:	4657      	mov	r7, sl
10007214:	46de      	mov	lr, fp
10007216:	464e      	mov	r6, r9
10007218:	4645      	mov	r5, r8
1000721a:	0004      	movs	r4, r0
1000721c:	b5e0      	push	{r5, r6, r7, lr}
1000721e:	4692      	mov	sl, r2
10007220:	001d      	movs	r5, r3
10007222:	000f      	movs	r7, r1
10007224:	f7ff fb92 	bl	1000694c <ulSetInterruptMaskFromISR>
10007228:	6ba2      	ldr	r2, [r4, #56]	@ 0x38
1000722a:	6be3      	ldr	r3, [r4, #60]	@ 0x3c
1000722c:	0006      	movs	r6, r0
1000722e:	429a      	cmp	r2, r3
10007230:	d33b      	bcc.n	100072aa <xQueueGenericSendFromISR+0x9a>
10007232:	2300      	movs	r3, #0
10007234:	4698      	mov	r8, r3
10007236:	2d02      	cmp	r5, #2
10007238:	d009      	beq.n	1000724e <xQueueGenericSendFromISR+0x3e>
1000723a:	0030      	movs	r0, r6
1000723c:	f7ff fb8a 	bl	10006954 <vClearInterruptMaskFromISR>
10007240:	4640      	mov	r0, r8
10007242:	bcf0      	pop	{r4, r5, r6, r7}
10007244:	46bb      	mov	fp, r7
10007246:	46b2      	mov	sl, r6
10007248:	46a9      	mov	r9, r5
1000724a:	46a0      	mov	r8, r4
1000724c:	bdf8      	pop	{r3, r4, r5, r6, r7, pc}
1000724e:	3345      	adds	r3, #69	@ 0x45
10007250:	5ce3      	ldrb	r3, [r4, r3]
10007252:	6c22      	ldr	r2, [r4, #64]	@ 0x40
10007254:	b25b      	sxtb	r3, r3
10007256:	4698      	mov	r8, r3
10007258:	6ba3      	ldr	r3, [r4, #56]	@ 0x38
1000725a:	469b      	mov	fp, r3
1000725c:	6ba3      	ldr	r3, [r4, #56]	@ 0x38
1000725e:	4699      	mov	r9, r3
10007260:	2a00      	cmp	r2, #0
10007262:	d02d      	beq.n	100072c0 <xQueueGenericSendFromISR+0xb0>
10007264:	0039      	movs	r1, r7
10007266:	68e0      	ldr	r0, [r4, #12]
10007268:	f7fa ff56 	bl	10002118 <__wrap___aeabi_memcpy>
1000726c:	6c22      	ldr	r2, [r4, #64]	@ 0x40
1000726e:	68e3      	ldr	r3, [r4, #12]
10007270:	4251      	negs	r1, r2
10007272:	1a9b      	subs	r3, r3, r2
10007274:	6822      	ldr	r2, [r4, #0]
10007276:	60e3      	str	r3, [r4, #12]
10007278:	4293      	cmp	r3, r2
1000727a:	d202      	bcs.n	10007282 <xQueueGenericSendFromISR+0x72>
1000727c:	68a3      	ldr	r3, [r4, #8]
1000727e:	185b      	adds	r3, r3, r1
10007280:	60e3      	str	r3, [r4, #12]
10007282:	464b      	mov	r3, r9
10007284:	2d02      	cmp	r5, #2
10007286:	d051      	beq.n	1000732c <xQueueGenericSendFromISR+0x11c>
10007288:	3301      	adds	r3, #1
1000728a:	63a3      	str	r3, [r4, #56]	@ 0x38
1000728c:	4643      	mov	r3, r8
1000728e:	3301      	adds	r3, #1
10007290:	d03d      	beq.n	1000730e <xQueueGenericSendFromISR+0xfe>
10007292:	f000 fd2f 	bl	10007cf4 <uxTaskGetNumberOfTasks>
10007296:	4580      	cmp	r8, r0
10007298:	d204      	bcs.n	100072a4 <xQueueGenericSendFromISR+0x94>
1000729a:	4643      	mov	r3, r8
1000729c:	2245      	movs	r2, #69	@ 0x45
1000729e:	3301      	adds	r3, #1
100072a0:	b25b      	sxtb	r3, r3
100072a2:	54a3      	strb	r3, [r4, r2]
100072a4:	2301      	movs	r3, #1
100072a6:	4698      	mov	r8, r3
100072a8:	e7c7      	b.n	1000723a <xQueueGenericSendFromISR+0x2a>
100072aa:	2345      	movs	r3, #69	@ 0x45
100072ac:	5ce3      	ldrb	r3, [r4, r3]
100072ae:	6c22      	ldr	r2, [r4, #64]	@ 0x40
100072b0:	b25b      	sxtb	r3, r3
100072b2:	4698      	mov	r8, r3
100072b4:	6ba3      	ldr	r3, [r4, #56]	@ 0x38
100072b6:	469b      	mov	fp, r3
100072b8:	6ba3      	ldr	r3, [r4, #56]	@ 0x38
100072ba:	4699      	mov	r9, r3
100072bc:	2a00      	cmp	r2, #0
100072be:	d111      	bne.n	100072e4 <xQueueGenericSendFromISR+0xd4>
100072c0:	6827      	ldr	r7, [r4, #0]
100072c2:	2f00      	cmp	r7, #0
100072c4:	d046      	beq.n	10007354 <xQueueGenericSendFromISR+0x144>
100072c6:	464b      	mov	r3, r9
100072c8:	3301      	adds	r3, #1
100072ca:	63a3      	str	r3, [r4, #56]	@ 0x38
100072cc:	4643      	mov	r3, r8
100072ce:	3301      	adds	r3, #1
100072d0:	d1df      	bne.n	10007292 <xQueueGenericSendFromISR+0x82>
100072d2:	6ca3      	ldr	r3, [r4, #72]	@ 0x48
100072d4:	2b00      	cmp	r3, #0
100072d6:	d033      	beq.n	10007340 <xQueueGenericSendFromISR+0x130>
100072d8:	2d02      	cmp	r5, #2
100072da:	d11b      	bne.n	10007314 <xQueueGenericSendFromISR+0x104>
100072dc:	465b      	mov	r3, fp
100072de:	2b00      	cmp	r3, #0
100072e0:	d018      	beq.n	10007314 <xQueueGenericSendFromISR+0x104>
100072e2:	e7df      	b.n	100072a4 <xQueueGenericSendFromISR+0x94>
100072e4:	2d00      	cmp	r5, #0
100072e6:	d1bd      	bne.n	10007264 <xQueueGenericSendFromISR+0x54>
100072e8:	0039      	movs	r1, r7
100072ea:	6860      	ldr	r0, [r4, #4]
100072ec:	f7fa ff14 	bl	10002118 <__wrap___aeabi_memcpy>
100072f0:	4649      	mov	r1, r9
100072f2:	6863      	ldr	r3, [r4, #4]
100072f4:	6c22      	ldr	r2, [r4, #64]	@ 0x40
100072f6:	3101      	adds	r1, #1
100072f8:	189b      	adds	r3, r3, r2
100072fa:	68a2      	ldr	r2, [r4, #8]
100072fc:	6063      	str	r3, [r4, #4]
100072fe:	4293      	cmp	r3, r2
10007300:	d301      	bcc.n	10007306 <xQueueGenericSendFromISR+0xf6>
10007302:	6823      	ldr	r3, [r4, #0]
10007304:	6063      	str	r3, [r4, #4]
10007306:	4643      	mov	r3, r8
10007308:	63a1      	str	r1, [r4, #56]	@ 0x38
1000730a:	3301      	adds	r3, #1
1000730c:	d1c1      	bne.n	10007292 <xQueueGenericSendFromISR+0x82>
1000730e:	6ca3      	ldr	r3, [r4, #72]	@ 0x48
10007310:	2b00      	cmp	r3, #0
10007312:	d015      	beq.n	10007340 <xQueueGenericSendFromISR+0x130>
10007314:	0020      	movs	r0, r4
10007316:	f7ff fee1 	bl	100070dc <prvNotifyQueueSetContainer>
1000731a:	2800      	cmp	r0, #0
1000731c:	d0c2      	beq.n	100072a4 <xQueueGenericSendFromISR+0x94>
1000731e:	4653      	mov	r3, sl
10007320:	2b00      	cmp	r3, #0
10007322:	d0bf      	beq.n	100072a4 <xQueueGenericSendFromISR+0x94>
10007324:	2301      	movs	r3, #1
10007326:	4652      	mov	r2, sl
10007328:	6013      	str	r3, [r2, #0]
1000732a:	e7bb      	b.n	100072a4 <xQueueGenericSendFromISR+0x94>
1000732c:	2b00      	cmp	r3, #0
1000732e:	d100      	bne.n	10007332 <xQueueGenericSendFromISR+0x122>
10007330:	2301      	movs	r3, #1
10007332:	63a3      	str	r3, [r4, #56]	@ 0x38
10007334:	4643      	mov	r3, r8
10007336:	3301      	adds	r3, #1
10007338:	d1ab      	bne.n	10007292 <xQueueGenericSendFromISR+0x82>
1000733a:	6ca3      	ldr	r3, [r4, #72]	@ 0x48
1000733c:	2b00      	cmp	r3, #0
1000733e:	d1cd      	bne.n	100072dc <xQueueGenericSendFromISR+0xcc>
10007340:	6a63      	ldr	r3, [r4, #36]	@ 0x24
10007342:	2b00      	cmp	r3, #0
10007344:	d0ae      	beq.n	100072a4 <xQueueGenericSendFromISR+0x94>
10007346:	0020      	movs	r0, r4
10007348:	3024      	adds	r0, #36	@ 0x24
1000734a:	f000 fe55 	bl	10007ff8 <xTaskRemoveFromEventList>
1000734e:	2800      	cmp	r0, #0
10007350:	d1e5      	bne.n	1000731e <xQueueGenericSendFromISR+0x10e>
10007352:	e7a7      	b.n	100072a4 <xQueueGenericSendFromISR+0x94>
10007354:	68a0      	ldr	r0, [r4, #8]
10007356:	f000 ff59 	bl	1000820c <xTaskPriorityDisinherit>
1000735a:	60a7      	str	r7, [r4, #8]
1000735c:	e7b3      	b.n	100072c6 <xQueueGenericSendFromISR+0xb6>
1000735e:	46c0      	nop			@ (mov r8, r8)

10007360 <xQueueReceive>:
10007360:	b5f0      	push	{r4, r5, r6, r7, lr}
10007362:	4647      	mov	r7, r8
10007364:	46ce      	mov	lr, r9
10007366:	0004      	movs	r4, r0
10007368:	b580      	push	{r7, lr}
1000736a:	b085      	sub	sp, #20
1000736c:	4688      	mov	r8, r1
1000736e:	9201      	str	r2, [sp, #4]
10007370:	f7ff fad6 	bl	10006920 <vPortEnterCritical>
10007374:	6ba7      	ldr	r7, [r4, #56]	@ 0x38
10007376:	2f00      	cmp	r7, #0
10007378:	d15e      	bne.n	10007438 <xQueueReceive+0xd8>
1000737a:	9b01      	ldr	r3, [sp, #4]
1000737c:	2b00      	cmp	r3, #0
1000737e:	d03b      	beq.n	100073f8 <xQueueReceive+0x98>
10007380:	a802      	add	r0, sp, #8
10007382:	f000 fef1 	bl	10008168 <vTaskInternalSetTimeOutState>
10007386:	2300      	movs	r3, #0
10007388:	2644      	movs	r6, #68	@ 0x44
1000738a:	4699      	mov	r9, r3
1000738c:	2545      	movs	r5, #69	@ 0x45
1000738e:	f7ff fad3 	bl	10006938 <vPortExitCritical>
10007392:	f000 fb99 	bl	10007ac8 <vTaskSuspendAll>
10007396:	f7ff fac3 	bl	10006920 <vPortEnterCritical>
1000739a:	5da3      	ldrb	r3, [r4, r6]
1000739c:	b25b      	sxtb	r3, r3
1000739e:	3301      	adds	r3, #1
100073a0:	d101      	bne.n	100073a6 <xQueueReceive+0x46>
100073a2:	464b      	mov	r3, r9
100073a4:	55a3      	strb	r3, [r4, r6]
100073a6:	5d63      	ldrb	r3, [r4, r5]
100073a8:	b25b      	sxtb	r3, r3
100073aa:	3301      	adds	r3, #1
100073ac:	d101      	bne.n	100073b2 <xQueueReceive+0x52>
100073ae:	464b      	mov	r3, r9
100073b0:	5563      	strb	r3, [r4, r5]
100073b2:	f7ff fac1 	bl	10006938 <vPortExitCritical>
100073b6:	a901      	add	r1, sp, #4
100073b8:	a802      	add	r0, sp, #8
100073ba:	f000 fee1 	bl	10008180 <xTaskCheckForTimeOut>
100073be:	2800      	cmp	r0, #0
100073c0:	d122      	bne.n	10007408 <xQueueReceive+0xa8>
100073c2:	f7ff faad 	bl	10006920 <vPortEnterCritical>
100073c6:	6ba3      	ldr	r3, [r4, #56]	@ 0x38
100073c8:	2b00      	cmp	r3, #0
100073ca:	d12a      	bne.n	10007422 <xQueueReceive+0xc2>
100073cc:	f7ff fab4 	bl	10006938 <vPortExitCritical>
100073d0:	0020      	movs	r0, r4
100073d2:	9901      	ldr	r1, [sp, #4]
100073d4:	3024      	adds	r0, #36	@ 0x24
100073d6:	f000 fce3 	bl	10007da0 <vTaskPlaceOnEventList>
100073da:	0020      	movs	r0, r4
100073dc:	f7ff fdc0 	bl	10006f60 <prvUnlockQueue>
100073e0:	f000 fb7a 	bl	10007ad8 <xTaskResumeAll>
100073e4:	2800      	cmp	r0, #0
100073e6:	d024      	beq.n	10007432 <xQueueReceive+0xd2>
100073e8:	f7ff fa9a 	bl	10006920 <vPortEnterCritical>
100073ec:	6ba7      	ldr	r7, [r4, #56]	@ 0x38
100073ee:	2f00      	cmp	r7, #0
100073f0:	d122      	bne.n	10007438 <xQueueReceive+0xd8>
100073f2:	9b01      	ldr	r3, [sp, #4]
100073f4:	2b00      	cmp	r3, #0
100073f6:	d1ca      	bne.n	1000738e <xQueueReceive+0x2e>
100073f8:	f7ff fa9e 	bl	10006938 <vPortExitCritical>
100073fc:	2000      	movs	r0, #0
100073fe:	b005      	add	sp, #20
10007400:	bcc0      	pop	{r6, r7}
10007402:	46b9      	mov	r9, r7
10007404:	46b0      	mov	r8, r6
10007406:	bdf0      	pop	{r4, r5, r6, r7, pc}
10007408:	0020      	movs	r0, r4
1000740a:	f7ff fda9 	bl	10006f60 <prvUnlockQueue>
1000740e:	f000 fb63 	bl	10007ad8 <xTaskResumeAll>
10007412:	f7ff fa85 	bl	10006920 <vPortEnterCritical>
10007416:	6ba3      	ldr	r3, [r4, #56]	@ 0x38
10007418:	2b00      	cmp	r3, #0
1000741a:	d0ed      	beq.n	100073f8 <xQueueReceive+0x98>
1000741c:	f7ff fa8c 	bl	10006938 <vPortExitCritical>
10007420:	e7e2      	b.n	100073e8 <xQueueReceive+0x88>
10007422:	f7ff fa89 	bl	10006938 <vPortExitCritical>
10007426:	0020      	movs	r0, r4
10007428:	f7ff fd9a 	bl	10006f60 <prvUnlockQueue>
1000742c:	f000 fb54 	bl	10007ad8 <xTaskResumeAll>
10007430:	e7da      	b.n	100073e8 <xQueueReceive+0x88>
10007432:	f7ff fa69 	bl	10006908 <vPortYield>
10007436:	e7d7      	b.n	100073e8 <xQueueReceive+0x88>
10007438:	6c22      	ldr	r2, [r4, #64]	@ 0x40
1000743a:	2a00      	cmp	r2, #0
1000743c:	d008      	beq.n	10007450 <xQueueReceive+0xf0>
1000743e:	68e1      	ldr	r1, [r4, #12]
10007440:	68a3      	ldr	r3, [r4, #8]
10007442:	1889      	adds	r1, r1, r2
10007444:	60e1      	str	r1, [r4, #12]
10007446:	4299      	cmp	r1, r3
10007448:	d20b      	bcs.n	10007462 <xQueueReceive+0x102>
1000744a:	4640      	mov	r0, r8
1000744c:	f7fa fe64 	bl	10002118 <__wrap___aeabi_memcpy>
10007450:	1e7b      	subs	r3, r7, #1
10007452:	63a3      	str	r3, [r4, #56]	@ 0x38
10007454:	6923      	ldr	r3, [r4, #16]
10007456:	2b00      	cmp	r3, #0
10007458:	d106      	bne.n	10007468 <xQueueReceive+0x108>
1000745a:	f7ff fa6d 	bl	10006938 <vPortExitCritical>
1000745e:	2001      	movs	r0, #1
10007460:	e7cd      	b.n	100073fe <xQueueReceive+0x9e>
10007462:	6821      	ldr	r1, [r4, #0]
10007464:	60e1      	str	r1, [r4, #12]
10007466:	e7f0      	b.n	1000744a <xQueueReceive+0xea>
10007468:	0020      	movs	r0, r4
1000746a:	3010      	adds	r0, #16
1000746c:	f000 fdc4 	bl	10007ff8 <xTaskRemoveFromEventList>
10007470:	2800      	cmp	r0, #0
10007472:	d0f2      	beq.n	1000745a <xQueueReceive+0xfa>
10007474:	f7ff fa48 	bl	10006908 <vPortYield>
10007478:	e7ef      	b.n	1000745a <xQueueReceive+0xfa>
1000747a:	46c0      	nop			@ (mov r8, r8)

1000747c <vQueueAddToRegistry>:
1000747c:	b510      	push	{r4, lr}
1000747e:	2900      	cmp	r1, #0
10007480:	d033      	beq.n	100074ea <vQueueAddToRegistry+0x6e>
10007482:	4b42      	ldr	r3, [pc, #264]	@ (1000758c <vQueueAddToRegistry+0x110>)
10007484:	685a      	ldr	r2, [r3, #4]
10007486:	4290      	cmp	r0, r2
10007488:	d100      	bne.n	1000748c <vQueueAddToRegistry+0x10>
1000748a:	e073      	b.n	10007574 <vQueueAddToRegistry+0xf8>
1000748c:	681a      	ldr	r2, [r3, #0]
1000748e:	2a00      	cmp	r2, #0
10007490:	d02c      	beq.n	100074ec <vQueueAddToRegistry+0x70>
10007492:	68da      	ldr	r2, [r3, #12]
10007494:	4290      	cmp	r0, r2
10007496:	d100      	bne.n	1000749a <vQueueAddToRegistry+0x1e>
10007498:	e076      	b.n	10007588 <vQueueAddToRegistry+0x10c>
1000749a:	689a      	ldr	r2, [r3, #8]
1000749c:	2a00      	cmp	r2, #0
1000749e:	d03e      	beq.n	1000751e <vQueueAddToRegistry+0xa2>
100074a0:	695a      	ldr	r2, [r3, #20]
100074a2:	4290      	cmp	r0, r2
100074a4:	d100      	bne.n	100074a8 <vQueueAddToRegistry+0x2c>
100074a6:	e06d      	b.n	10007584 <vQueueAddToRegistry+0x108>
100074a8:	691a      	ldr	r2, [r3, #16]
100074aa:	2a00      	cmp	r2, #0
100074ac:	d03d      	beq.n	1000752a <vQueueAddToRegistry+0xae>
100074ae:	69da      	ldr	r2, [r3, #28]
100074b0:	4290      	cmp	r0, r2
100074b2:	d061      	beq.n	10007578 <vQueueAddToRegistry+0xfc>
100074b4:	699a      	ldr	r2, [r3, #24]
100074b6:	2a00      	cmp	r2, #0
100074b8:	d03d      	beq.n	10007536 <vQueueAddToRegistry+0xba>
100074ba:	6a5a      	ldr	r2, [r3, #36]	@ 0x24
100074bc:	4290      	cmp	r0, r2
100074be:	d042      	beq.n	10007546 <vQueueAddToRegistry+0xca>
100074c0:	6a1a      	ldr	r2, [r3, #32]
100074c2:	2a00      	cmp	r2, #0
100074c4:	d043      	beq.n	1000754e <vQueueAddToRegistry+0xd2>
100074c6:	6ada      	ldr	r2, [r3, #44]	@ 0x2c
100074c8:	4290      	cmp	r0, r2
100074ca:	d057      	beq.n	1000757c <vQueueAddToRegistry+0x100>
100074cc:	6a9a      	ldr	r2, [r3, #40]	@ 0x28
100074ce:	2a00      	cmp	r2, #0
100074d0:	d043      	beq.n	1000755a <vQueueAddToRegistry+0xde>
100074d2:	6b5a      	ldr	r2, [r3, #52]	@ 0x34
100074d4:	4290      	cmp	r0, r2
100074d6:	d053      	beq.n	10007580 <vQueueAddToRegistry+0x104>
100074d8:	6b1a      	ldr	r2, [r3, #48]	@ 0x30
100074da:	2a00      	cmp	r2, #0
100074dc:	d043      	beq.n	10007566 <vQueueAddToRegistry+0xea>
100074de:	6bda      	ldr	r2, [r3, #60]	@ 0x3c
100074e0:	4290      	cmp	r0, r2
100074e2:	d045      	beq.n	10007570 <vQueueAddToRegistry+0xf4>
100074e4:	6b9a      	ldr	r2, [r3, #56]	@ 0x38
100074e6:	2a00      	cmp	r2, #0
100074e8:	d02a      	beq.n	10007540 <vQueueAddToRegistry+0xc4>
100074ea:	bd10      	pop	{r4, pc}
100074ec:	68da      	ldr	r2, [r3, #12]
100074ee:	4290      	cmp	r0, r2
100074f0:	d04a      	beq.n	10007588 <vQueueAddToRegistry+0x10c>
100074f2:	695a      	ldr	r2, [r3, #20]
100074f4:	4290      	cmp	r0, r2
100074f6:	d045      	beq.n	10007584 <vQueueAddToRegistry+0x108>
100074f8:	001a      	movs	r2, r3
100074fa:	69dc      	ldr	r4, [r3, #28]
100074fc:	42a0      	cmp	r0, r4
100074fe:	d03b      	beq.n	10007578 <vQueueAddToRegistry+0xfc>
10007500:	6a5c      	ldr	r4, [r3, #36]	@ 0x24
10007502:	42a0      	cmp	r0, r4
10007504:	d01f      	beq.n	10007546 <vQueueAddToRegistry+0xca>
10007506:	6adc      	ldr	r4, [r3, #44]	@ 0x2c
10007508:	42a0      	cmp	r0, r4
1000750a:	d037      	beq.n	1000757c <vQueueAddToRegistry+0x100>
1000750c:	6b5c      	ldr	r4, [r3, #52]	@ 0x34
1000750e:	42a0      	cmp	r0, r4
10007510:	d036      	beq.n	10007580 <vQueueAddToRegistry+0x104>
10007512:	6bdc      	ldr	r4, [r3, #60]	@ 0x3c
10007514:	42a0      	cmp	r0, r4
10007516:	d02b      	beq.n	10007570 <vQueueAddToRegistry+0xf4>
10007518:	6011      	str	r1, [r2, #0]
1000751a:	6050      	str	r0, [r2, #4]
1000751c:	e7e5      	b.n	100074ea <vQueueAddToRegistry+0x6e>
1000751e:	695a      	ldr	r2, [r3, #20]
10007520:	4290      	cmp	r0, r2
10007522:	d02f      	beq.n	10007584 <vQueueAddToRegistry+0x108>
10007524:	001a      	movs	r2, r3
10007526:	3208      	adds	r2, #8
10007528:	e7e7      	b.n	100074fa <vQueueAddToRegistry+0x7e>
1000752a:	69da      	ldr	r2, [r3, #28]
1000752c:	4290      	cmp	r0, r2
1000752e:	d023      	beq.n	10007578 <vQueueAddToRegistry+0xfc>
10007530:	001a      	movs	r2, r3
10007532:	3210      	adds	r2, #16
10007534:	e7e4      	b.n	10007500 <vQueueAddToRegistry+0x84>
10007536:	6a5a      	ldr	r2, [r3, #36]	@ 0x24
10007538:	4290      	cmp	r0, r2
1000753a:	d004      	beq.n	10007546 <vQueueAddToRegistry+0xca>
1000753c:	4a14      	ldr	r2, [pc, #80]	@ (10007590 <vQueueAddToRegistry+0x114>)
1000753e:	e7e2      	b.n	10007506 <vQueueAddToRegistry+0x8a>
10007540:	3338      	adds	r3, #56	@ 0x38
10007542:	001a      	movs	r2, r3
10007544:	e7e8      	b.n	10007518 <vQueueAddToRegistry+0x9c>
10007546:	2204      	movs	r2, #4
10007548:	00d2      	lsls	r2, r2, #3
1000754a:	189a      	adds	r2, r3, r2
1000754c:	e7e4      	b.n	10007518 <vQueueAddToRegistry+0x9c>
1000754e:	6ada      	ldr	r2, [r3, #44]	@ 0x2c
10007550:	4290      	cmp	r0, r2
10007552:	d013      	beq.n	1000757c <vQueueAddToRegistry+0x100>
10007554:	001a      	movs	r2, r3
10007556:	3220      	adds	r2, #32
10007558:	e7d8      	b.n	1000750c <vQueueAddToRegistry+0x90>
1000755a:	6b5a      	ldr	r2, [r3, #52]	@ 0x34
1000755c:	4290      	cmp	r0, r2
1000755e:	d00f      	beq.n	10007580 <vQueueAddToRegistry+0x104>
10007560:	001a      	movs	r2, r3
10007562:	3228      	adds	r2, #40	@ 0x28
10007564:	e7d5      	b.n	10007512 <vQueueAddToRegistry+0x96>
10007566:	001a      	movs	r2, r3
10007568:	6bdc      	ldr	r4, [r3, #60]	@ 0x3c
1000756a:	3230      	adds	r2, #48	@ 0x30
1000756c:	42a0      	cmp	r0, r4
1000756e:	d1d3      	bne.n	10007518 <vQueueAddToRegistry+0x9c>
10007570:	2207      	movs	r2, #7
10007572:	e7e9      	b.n	10007548 <vQueueAddToRegistry+0xcc>
10007574:	2200      	movs	r2, #0
10007576:	e7e7      	b.n	10007548 <vQueueAddToRegistry+0xcc>
10007578:	2203      	movs	r2, #3
1000757a:	e7e5      	b.n	10007548 <vQueueAddToRegistry+0xcc>
1000757c:	2205      	movs	r2, #5
1000757e:	e7e3      	b.n	10007548 <vQueueAddToRegistry+0xcc>
10007580:	2206      	movs	r2, #6
10007582:	e7e1      	b.n	10007548 <vQueueAddToRegistry+0xcc>
10007584:	2202      	movs	r2, #2
10007586:	e7df      	b.n	10007548 <vQueueAddToRegistry+0xcc>
10007588:	2201      	movs	r2, #1
1000758a:	e7dd      	b.n	10007548 <vQueueAddToRegistry+0xcc>
1000758c:	20001340 	.word	0x20001340
10007590:	20001358 	.word	0x20001358

10007594 <vQueueWaitForMessageRestricted>:
10007594:	b570      	push	{r4, r5, r6, lr}
10007596:	0004      	movs	r4, r0
10007598:	0016      	movs	r6, r2
1000759a:	000d      	movs	r5, r1
1000759c:	f7ff f9c0 	bl	10006920 <vPortEnterCritical>
100075a0:	2244      	movs	r2, #68	@ 0x44
100075a2:	5ca3      	ldrb	r3, [r4, r2]
100075a4:	b25b      	sxtb	r3, r3
100075a6:	3301      	adds	r3, #1
100075a8:	d101      	bne.n	100075ae <vQueueWaitForMessageRestricted+0x1a>
100075aa:	2300      	movs	r3, #0
100075ac:	54a3      	strb	r3, [r4, r2]
100075ae:	2245      	movs	r2, #69	@ 0x45
100075b0:	5ca3      	ldrb	r3, [r4, r2]
100075b2:	b25b      	sxtb	r3, r3
100075b4:	3301      	adds	r3, #1
100075b6:	d101      	bne.n	100075bc <vQueueWaitForMessageRestricted+0x28>
100075b8:	2300      	movs	r3, #0
100075ba:	54a3      	strb	r3, [r4, r2]
100075bc:	f7ff f9bc 	bl	10006938 <vPortExitCritical>
100075c0:	6ba3      	ldr	r3, [r4, #56]	@ 0x38
100075c2:	2b00      	cmp	r3, #0
100075c4:	d003      	beq.n	100075ce <vQueueWaitForMessageRestricted+0x3a>
100075c6:	0020      	movs	r0, r4
100075c8:	f7ff fcca 	bl	10006f60 <prvUnlockQueue>
100075cc:	bd70      	pop	{r4, r5, r6, pc}
100075ce:	0020      	movs	r0, r4
100075d0:	0032      	movs	r2, r6
100075d2:	0029      	movs	r1, r5
100075d4:	3024      	adds	r0, #36	@ 0x24
100075d6:	f000 fc95 	bl	10007f04 <vTaskPlaceOnEventListRestricted>
100075da:	e7f4      	b.n	100075c6 <vQueueWaitForMessageRestricted+0x32>

100075dc <prvAddNewTaskToReadyList>:
100075dc:	b5f0      	push	{r4, r5, r6, r7, lr}
100075de:	46c6      	mov	lr, r8
100075e0:	b500      	push	{lr}
100075e2:	0004      	movs	r4, r0
100075e4:	f7ff f99c 	bl	10006920 <vPortEnterCritical>
100075e8:	4a38      	ldr	r2, [pc, #224]	@ (100076cc <prvAddNewTaskToReadyList+0xf0>)
100075ea:	4f39      	ldr	r7, [pc, #228]	@ (100076d0 <prvAddNewTaskToReadyList+0xf4>)
100075ec:	6813      	ldr	r3, [r2, #0]
100075ee:	3301      	adds	r3, #1
100075f0:	6013      	str	r3, [r2, #0]
100075f2:	683b      	ldr	r3, [r7, #0]
100075f4:	2b00      	cmp	r3, #0
100075f6:	d035      	beq.n	10007664 <prvAddNewTaskToReadyList+0x88>
100075f8:	4b36      	ldr	r3, [pc, #216]	@ (100076d4 <prvAddNewTaskToReadyList+0xf8>)
100075fa:	6ae2      	ldr	r2, [r4, #44]	@ 0x2c
100075fc:	4698      	mov	r8, r3
100075fe:	681b      	ldr	r3, [r3, #0]
10007600:	2b00      	cmp	r3, #0
10007602:	d029      	beq.n	10007658 <prvAddNewTaskToReadyList+0x7c>
10007604:	4e34      	ldr	r6, [pc, #208]	@ (100076d8 <prvAddNewTaskToReadyList+0xfc>)
10007606:	4935      	ldr	r1, [pc, #212]	@ (100076dc <prvAddNewTaskToReadyList+0x100>)
10007608:	680b      	ldr	r3, [r1, #0]
1000760a:	3301      	adds	r3, #1
1000760c:	600b      	str	r3, [r1, #0]
1000760e:	6463      	str	r3, [r4, #68]	@ 0x44
10007610:	4b33      	ldr	r3, [pc, #204]	@ (100076e0 <prvAddNewTaskToReadyList+0x104>)
10007612:	6819      	ldr	r1, [r3, #0]
10007614:	4291      	cmp	r1, r2
10007616:	d200      	bcs.n	1000761a <prvAddNewTaskToReadyList+0x3e>
10007618:	601a      	str	r2, [r3, #0]
1000761a:	0093      	lsls	r3, r2, #2
1000761c:	189b      	adds	r3, r3, r2
1000761e:	009b      	lsls	r3, r3, #2
10007620:	18f1      	adds	r1, r6, r3
10007622:	684a      	ldr	r2, [r1, #4]
10007624:	60a2      	str	r2, [r4, #8]
10007626:	6890      	ldr	r0, [r2, #8]
10007628:	4684      	mov	ip, r0
1000762a:	4665      	mov	r5, ip
1000762c:	60e0      	str	r0, [r4, #12]
1000762e:	1d20      	adds	r0, r4, #4
10007630:	6068      	str	r0, [r5, #4]
10007632:	6090      	str	r0, [r2, #8]
10007634:	58f2      	ldr	r2, [r6, r3]
10007636:	6161      	str	r1, [r4, #20]
10007638:	3201      	adds	r2, #1
1000763a:	50f2      	str	r2, [r6, r3]
1000763c:	f7ff f97c 	bl	10006938 <vPortExitCritical>
10007640:	4643      	mov	r3, r8
10007642:	681b      	ldr	r3, [r3, #0]
10007644:	2b00      	cmp	r3, #0
10007646:	d004      	beq.n	10007652 <prvAddNewTaskToReadyList+0x76>
10007648:	683b      	ldr	r3, [r7, #0]
1000764a:	6ada      	ldr	r2, [r3, #44]	@ 0x2c
1000764c:	6ae3      	ldr	r3, [r4, #44]	@ 0x2c
1000764e:	429a      	cmp	r2, r3
10007650:	d311      	bcc.n	10007676 <prvAddNewTaskToReadyList+0x9a>
10007652:	bc80      	pop	{r7}
10007654:	46b8      	mov	r8, r7
10007656:	bdf0      	pop	{r4, r5, r6, r7, pc}
10007658:	683b      	ldr	r3, [r7, #0]
1000765a:	6adb      	ldr	r3, [r3, #44]	@ 0x2c
1000765c:	4293      	cmp	r3, r2
1000765e:	d8d1      	bhi.n	10007604 <prvAddNewTaskToReadyList+0x28>
10007660:	603c      	str	r4, [r7, #0]
10007662:	e7cf      	b.n	10007604 <prvAddNewTaskToReadyList+0x28>
10007664:	603c      	str	r4, [r7, #0]
10007666:	6813      	ldr	r3, [r2, #0]
10007668:	2b01      	cmp	r3, #1
1000766a:	d007      	beq.n	1000767c <prvAddNewTaskToReadyList+0xa0>
1000766c:	4b19      	ldr	r3, [pc, #100]	@ (100076d4 <prvAddNewTaskToReadyList+0xf8>)
1000766e:	6ae2      	ldr	r2, [r4, #44]	@ 0x2c
10007670:	4698      	mov	r8, r3
10007672:	4e19      	ldr	r6, [pc, #100]	@ (100076d8 <prvAddNewTaskToReadyList+0xfc>)
10007674:	e7c7      	b.n	10007606 <prvAddNewTaskToReadyList+0x2a>
10007676:	f7ff f947 	bl	10006908 <vPortYield>
1000767a:	e7ea      	b.n	10007652 <prvAddNewTaskToReadyList+0x76>
1000767c:	23a0      	movs	r3, #160	@ 0xa0
1000767e:	4e16      	ldr	r6, [pc, #88]	@ (100076d8 <prvAddNewTaskToReadyList+0xfc>)
10007680:	009b      	lsls	r3, r3, #2
10007682:	4698      	mov	r8, r3
10007684:	0035      	movs	r5, r6
10007686:	44b0      	add	r8, r6
10007688:	0028      	movs	r0, r5
1000768a:	3514      	adds	r5, #20
1000768c:	f7ff fc30 	bl	10006ef0 <vListInitialise>
10007690:	4545      	cmp	r5, r8
10007692:	d1f9      	bne.n	10007688 <prvAddNewTaskToReadyList+0xac>
10007694:	4b13      	ldr	r3, [pc, #76]	@ (100076e4 <prvAddNewTaskToReadyList+0x108>)
10007696:	4698      	mov	r8, r3
10007698:	0018      	movs	r0, r3
1000769a:	f7ff fc29 	bl	10006ef0 <vListInitialise>
1000769e:	4d12      	ldr	r5, [pc, #72]	@ (100076e8 <prvAddNewTaskToReadyList+0x10c>)
100076a0:	0028      	movs	r0, r5
100076a2:	f7ff fc25 	bl	10006ef0 <vListInitialise>
100076a6:	4811      	ldr	r0, [pc, #68]	@ (100076ec <prvAddNewTaskToReadyList+0x110>)
100076a8:	f7ff fc22 	bl	10006ef0 <vListInitialise>
100076ac:	4810      	ldr	r0, [pc, #64]	@ (100076f0 <prvAddNewTaskToReadyList+0x114>)
100076ae:	f7ff fc1f 	bl	10006ef0 <vListInitialise>
100076b2:	4810      	ldr	r0, [pc, #64]	@ (100076f4 <prvAddNewTaskToReadyList+0x118>)
100076b4:	f7ff fc1c 	bl	10006ef0 <vListInitialise>
100076b8:	4642      	mov	r2, r8
100076ba:	4b0f      	ldr	r3, [pc, #60]	@ (100076f8 <prvAddNewTaskToReadyList+0x11c>)
100076bc:	601a      	str	r2, [r3, #0]
100076be:	4b0f      	ldr	r3, [pc, #60]	@ (100076fc <prvAddNewTaskToReadyList+0x120>)
100076c0:	6ae2      	ldr	r2, [r4, #44]	@ 0x2c
100076c2:	601d      	str	r5, [r3, #0]
100076c4:	4b03      	ldr	r3, [pc, #12]	@ (100076d4 <prvAddNewTaskToReadyList+0xf8>)
100076c6:	4698      	mov	r8, r3
100076c8:	e79d      	b.n	10007606 <prvAddNewTaskToReadyList+0x2a>
100076ca:	46c0      	nop			@ (mov r8, r8)
100076cc:	200223ac 	.word	0x200223ac
100076d0:	20001fdc 	.word	0x20001fdc
100076d4:	2002244c 	.word	0x2002244c
100076d8:	20001ff4 	.word	0x20001ff4
100076dc:	200223b8 	.word	0x200223b8
100076e0:	200223bc 	.word	0x200223bc
100076e4:	200223e8 	.word	0x200223e8
100076e8:	200223fc 	.word	0x200223fc
100076ec:	20022438 	.word	0x20022438
100076f0:	2002246c 	.word	0x2002246c
100076f4:	20022458 	.word	0x20022458
100076f8:	20001fe4 	.word	0x20001fe4
100076fc:	20001fec 	.word	0x20001fec

10007700 <prvCreateTask>:
10007700:	b5f8      	push	{r3, r4, r5, r6, r7, lr}
10007702:	46ce      	mov	lr, r9
10007704:	4647      	mov	r7, r8
10007706:	0096      	lsls	r6, r2, #2
10007708:	b580      	push	{r7, lr}
1000770a:	4680      	mov	r8, r0
1000770c:	0030      	movs	r0, r6
1000770e:	000d      	movs	r5, r1
10007710:	4699      	mov	r9, r3
10007712:	f7fe ff73 	bl	100065fc <pvPortMalloc>
10007716:	1e07      	subs	r7, r0, #0
10007718:	d100      	bne.n	1000771c <prvCreateTask+0x1c>
1000771a:	e087      	b.n	1000782c <prvCreateTask+0x12c>
1000771c:	2070      	movs	r0, #112	@ 0x70
1000771e:	f7fe ff6d 	bl	100065fc <pvPortMalloc>
10007722:	1e04      	subs	r4, r0, #0
10007724:	d100      	bne.n	10007728 <prvCreateTask+0x28>
10007726:	e07e      	b.n	10007826 <prvCreateTask+0x126>
10007728:	2270      	movs	r2, #112	@ 0x70
1000772a:	2100      	movs	r1, #0
1000772c:	f7fa fcee 	bl	1000210c <__wrap_memset>
10007730:	0032      	movs	r2, r6
10007732:	21a5      	movs	r1, #165	@ 0xa5
10007734:	0038      	movs	r0, r7
10007736:	6327      	str	r7, [r4, #48]	@ 0x30
10007738:	f7fa fce8 	bl	1000210c <__wrap_memset>
1000773c:	6b23      	ldr	r3, [r4, #48]	@ 0x30
1000773e:	3e04      	subs	r6, #4
10007740:	199e      	adds	r6, r3, r6
10007742:	2307      	movs	r3, #7
10007744:	439e      	bics	r6, r3
10007746:	2d00      	cmp	r5, #0
10007748:	d04b      	beq.n	100077e2 <prvCreateTask+0xe2>
1000774a:	2234      	movs	r2, #52	@ 0x34
1000774c:	782b      	ldrb	r3, [r5, #0]
1000774e:	54a3      	strb	r3, [r4, r2]
10007750:	2b00      	cmp	r3, #0
10007752:	d043      	beq.n	100077dc <prvCreateTask+0xdc>
10007754:	786b      	ldrb	r3, [r5, #1]
10007756:	3201      	adds	r2, #1
10007758:	54a3      	strb	r3, [r4, r2]
1000775a:	2b00      	cmp	r3, #0
1000775c:	d03e      	beq.n	100077dc <prvCreateTask+0xdc>
1000775e:	78ab      	ldrb	r3, [r5, #2]
10007760:	3201      	adds	r2, #1
10007762:	54a3      	strb	r3, [r4, r2]
10007764:	2b00      	cmp	r3, #0
10007766:	d039      	beq.n	100077dc <prvCreateTask+0xdc>
10007768:	78eb      	ldrb	r3, [r5, #3]
1000776a:	3201      	adds	r2, #1
1000776c:	54a3      	strb	r3, [r4, r2]
1000776e:	2b00      	cmp	r3, #0
10007770:	d034      	beq.n	100077dc <prvCreateTask+0xdc>
10007772:	792b      	ldrb	r3, [r5, #4]
10007774:	3201      	adds	r2, #1
10007776:	54a3      	strb	r3, [r4, r2]
10007778:	2b00      	cmp	r3, #0
1000777a:	d02f      	beq.n	100077dc <prvCreateTask+0xdc>
1000777c:	796b      	ldrb	r3, [r5, #5]
1000777e:	3201      	adds	r2, #1
10007780:	54a3      	strb	r3, [r4, r2]
10007782:	2b00      	cmp	r3, #0
10007784:	d02a      	beq.n	100077dc <prvCreateTask+0xdc>
10007786:	79ab      	ldrb	r3, [r5, #6]
10007788:	3201      	adds	r2, #1
1000778a:	54a3      	strb	r3, [r4, r2]
1000778c:	2b00      	cmp	r3, #0
1000778e:	d025      	beq.n	100077dc <prvCreateTask+0xdc>
10007790:	79eb      	ldrb	r3, [r5, #7]
10007792:	3201      	adds	r2, #1
10007794:	54a3      	strb	r3, [r4, r2]
10007796:	2b00      	cmp	r3, #0
10007798:	d020      	beq.n	100077dc <prvCreateTask+0xdc>
1000779a:	7a2b      	ldrb	r3, [r5, #8]
1000779c:	3201      	adds	r2, #1
1000779e:	54a3      	strb	r3, [r4, r2]
100077a0:	2b00      	cmp	r3, #0
100077a2:	d01b      	beq.n	100077dc <prvCreateTask+0xdc>
100077a4:	7a6b      	ldrb	r3, [r5, #9]
100077a6:	3201      	adds	r2, #1
100077a8:	54a3      	strb	r3, [r4, r2]
100077aa:	2b00      	cmp	r3, #0
100077ac:	d016      	beq.n	100077dc <prvCreateTask+0xdc>
100077ae:	7aab      	ldrb	r3, [r5, #10]
100077b0:	3201      	adds	r2, #1
100077b2:	54a3      	strb	r3, [r4, r2]
100077b4:	2b00      	cmp	r3, #0
100077b6:	d011      	beq.n	100077dc <prvCreateTask+0xdc>
100077b8:	7aeb      	ldrb	r3, [r5, #11]
100077ba:	3201      	adds	r2, #1
100077bc:	54a3      	strb	r3, [r4, r2]
100077be:	2b00      	cmp	r3, #0
100077c0:	d00c      	beq.n	100077dc <prvCreateTask+0xdc>
100077c2:	7b2b      	ldrb	r3, [r5, #12]
100077c4:	3201      	adds	r2, #1
100077c6:	54a3      	strb	r3, [r4, r2]
100077c8:	2b00      	cmp	r3, #0
100077ca:	d007      	beq.n	100077dc <prvCreateTask+0xdc>
100077cc:	7b6b      	ldrb	r3, [r5, #13]
100077ce:	3201      	adds	r2, #1
100077d0:	54a3      	strb	r3, [r4, r2]
100077d2:	2b00      	cmp	r3, #0
100077d4:	d002      	beq.n	100077dc <prvCreateTask+0xdc>
100077d6:	2342      	movs	r3, #66	@ 0x42
100077d8:	7baa      	ldrb	r2, [r5, #14]
100077da:	54e2      	strb	r2, [r4, r3]
100077dc:	2343      	movs	r3, #67	@ 0x43
100077de:	2200      	movs	r2, #0
100077e0:	54e2      	strb	r2, [r4, r3]
100077e2:	9d08      	ldr	r5, [sp, #32]
100077e4:	2d1f      	cmp	r5, #31
100077e6:	d81c      	bhi.n	10007822 <prvCreateTask+0x122>
100077e8:	1d20      	adds	r0, r4, #4
100077ea:	62e5      	str	r5, [r4, #44]	@ 0x2c
100077ec:	64e5      	str	r5, [r4, #76]	@ 0x4c
100077ee:	f7ff fb8b 	bl	10006f08 <vListInitialiseItem>
100077f2:	0020      	movs	r0, r4
100077f4:	3018      	adds	r0, #24
100077f6:	f7ff fb87 	bl	10006f08 <vListInitialiseItem>
100077fa:	2320      	movs	r3, #32
100077fc:	1b5b      	subs	r3, r3, r5
100077fe:	61a3      	str	r3, [r4, #24]
10007800:	464a      	mov	r2, r9
10007802:	4641      	mov	r1, r8
10007804:	0030      	movs	r0, r6
10007806:	6124      	str	r4, [r4, #16]
10007808:	6264      	str	r4, [r4, #36]	@ 0x24
1000780a:	f7ff f86d 	bl	100068e8 <pxPortInitialiseStack>
1000780e:	9b09      	ldr	r3, [sp, #36]	@ 0x24
10007810:	6020      	str	r0, [r4, #0]
10007812:	2b00      	cmp	r3, #0
10007814:	d000      	beq.n	10007818 <prvCreateTask+0x118>
10007816:	601c      	str	r4, [r3, #0]
10007818:	0020      	movs	r0, r4
1000781a:	bcc0      	pop	{r6, r7}
1000781c:	46b9      	mov	r9, r7
1000781e:	46b0      	mov	r8, r6
10007820:	bdf8      	pop	{r3, r4, r5, r6, r7, pc}
10007822:	251f      	movs	r5, #31
10007824:	e7e0      	b.n	100077e8 <prvCreateTask+0xe8>
10007826:	0038      	movs	r0, r7
10007828:	f7fe ff7a 	bl	10006720 <vPortFree>
1000782c:	2400      	movs	r4, #0
1000782e:	e7f3      	b.n	10007818 <prvCreateTask+0x118>

10007830 <prvIdleTask>:
10007830:	b5f0      	push	{r4, r5, r6, r7, lr}
10007832:	46c6      	mov	lr, r8
10007834:	4b12      	ldr	r3, [pc, #72]	@ (10007880 <prvIdleTask+0x50>)
10007836:	b500      	push	{lr}
10007838:	4698      	mov	r8, r3
1000783a:	4d12      	ldr	r5, [pc, #72]	@ (10007884 <prvIdleTask+0x54>)
1000783c:	4f12      	ldr	r7, [pc, #72]	@ (10007888 <prvIdleTask+0x58>)
1000783e:	4e13      	ldr	r6, [pc, #76]	@ (1000788c <prvIdleTask+0x5c>)
10007840:	e014      	b.n	1000786c <prvIdleTask+0x3c>
10007842:	f7ff f86d 	bl	10006920 <vPortEnterCritical>
10007846:	68fb      	ldr	r3, [r7, #12]
10007848:	68dc      	ldr	r4, [r3, #12]
1000784a:	1d20      	adds	r0, r4, #4
1000784c:	f7ff fb78 	bl	10006f40 <uxListRemove>
10007850:	6833      	ldr	r3, [r6, #0]
10007852:	3b01      	subs	r3, #1
10007854:	6033      	str	r3, [r6, #0]
10007856:	682b      	ldr	r3, [r5, #0]
10007858:	3b01      	subs	r3, #1
1000785a:	602b      	str	r3, [r5, #0]
1000785c:	f7ff f86c 	bl	10006938 <vPortExitCritical>
10007860:	6b20      	ldr	r0, [r4, #48]	@ 0x30
10007862:	f7fe ff5d 	bl	10006720 <vPortFree>
10007866:	0020      	movs	r0, r4
10007868:	f7fe ff5a 	bl	10006720 <vPortFree>
1000786c:	682b      	ldr	r3, [r5, #0]
1000786e:	2b00      	cmp	r3, #0
10007870:	d1e7      	bne.n	10007842 <prvIdleTask+0x12>
10007872:	4643      	mov	r3, r8
10007874:	681b      	ldr	r3, [r3, #0]
10007876:	2b01      	cmp	r3, #1
10007878:	d9f8      	bls.n	1000786c <prvIdleTask+0x3c>
1000787a:	f7ff f845 	bl	10006908 <vPortYield>
1000787e:	e7f5      	b.n	1000786c <prvIdleTask+0x3c>
10007880:	20001ff4 	.word	0x20001ff4
10007884:	200223b0 	.word	0x200223b0
10007888:	2002246c 	.word	0x2002246c
1000788c:	200223ac 	.word	0x200223ac

10007890 <xTaskIncrementTick.part.0>:
10007890:	b5f0      	push	{r4, r5, r6, r7, lr}
10007892:	46de      	mov	lr, fp
10007894:	4657      	mov	r7, sl
10007896:	464e      	mov	r6, r9
10007898:	4645      	mov	r5, r8
1000789a:	4b5c      	ldr	r3, [pc, #368]	@ (10007a0c <xTaskIncrementTick.part.0+0x17c>)
1000789c:	b5e0      	push	{r5, r6, r7, lr}
1000789e:	6818      	ldr	r0, [r3, #0]
100078a0:	b083      	sub	sp, #12
100078a2:	3001      	adds	r0, #1
100078a4:	6018      	str	r0, [r3, #0]
100078a6:	2800      	cmp	r0, #0
100078a8:	d066      	beq.n	10007978 <xTaskIncrementTick.part.0+0xe8>
100078aa:	4959      	ldr	r1, [pc, #356]	@ (10007a10 <xTaskIncrementTick.part.0+0x180>)
100078ac:	680b      	ldr	r3, [r1, #0]
100078ae:	4298      	cmp	r0, r3
100078b0:	d377      	bcc.n	100079a2 <xTaskIncrementTick.part.0+0x112>
100078b2:	4b58      	ldr	r3, [pc, #352]	@ (10007a14 <xTaskIncrementTick.part.0+0x184>)
100078b4:	4698      	mov	r8, r3
100078b6:	681b      	ldr	r3, [r3, #0]
100078b8:	681b      	ldr	r3, [r3, #0]
100078ba:	2b00      	cmp	r3, #0
100078bc:	d100      	bne.n	100078c0 <xTaskIncrementTick.part.0+0x30>
100078be:	e0a0      	b.n	10007a02 <xTaskIncrementTick.part.0+0x172>
100078c0:	2300      	movs	r3, #0
100078c2:	469c      	mov	ip, r3
100078c4:	4b54      	ldr	r3, [pc, #336]	@ (10007a18 <xTaskIncrementTick.part.0+0x188>)
100078c6:	4d55      	ldr	r5, [pc, #340]	@ (10007a1c <xTaskIncrementTick.part.0+0x18c>)
100078c8:	469b      	mov	fp, r3
100078ca:	2300      	movs	r3, #0
100078cc:	4699      	mov	r9, r3
100078ce:	4b54      	ldr	r3, [pc, #336]	@ (10007a20 <xTaskIncrementTick.part.0+0x190>)
100078d0:	9101      	str	r1, [sp, #4]
100078d2:	469a      	mov	sl, r3
100078d4:	4643      	mov	r3, r8
100078d6:	4680      	mov	r8, r0
100078d8:	0018      	movs	r0, r3
100078da:	e03a      	b.n	10007952 <xTaskIncrementTick.part.0+0xc2>
100078dc:	4649      	mov	r1, r9
100078de:	6159      	str	r1, [r3, #20]
100078e0:	6811      	ldr	r1, [r2, #0]
100078e2:	3901      	subs	r1, #1
100078e4:	6011      	str	r1, [r2, #0]
100078e6:	6a9a      	ldr	r2, [r3, #40]	@ 0x28
100078e8:	2a00      	cmp	r2, #0
100078ea:	d00f      	beq.n	1000790c <xTaskIncrementTick.part.0+0x7c>
100078ec:	69de      	ldr	r6, [r3, #28]
100078ee:	6a19      	ldr	r1, [r3, #32]
100078f0:	60b1      	str	r1, [r6, #8]
100078f2:	69de      	ldr	r6, [r3, #28]
100078f4:	604e      	str	r6, [r1, #4]
100078f6:	0019      	movs	r1, r3
100078f8:	6856      	ldr	r6, [r2, #4]
100078fa:	3118      	adds	r1, #24
100078fc:	428e      	cmp	r6, r1
100078fe:	d100      	bne.n	10007902 <xTaskIncrementTick.part.0+0x72>
10007900:	e074      	b.n	100079ec <xTaskIncrementTick.part.0+0x15c>
10007902:	4649      	mov	r1, r9
10007904:	6299      	str	r1, [r3, #40]	@ 0x28
10007906:	6811      	ldr	r1, [r2, #0]
10007908:	3901      	subs	r1, #1
1000790a:	6011      	str	r1, [r2, #0]
1000790c:	4652      	mov	r2, sl
1000790e:	6ad9      	ldr	r1, [r3, #44]	@ 0x2c
10007910:	6812      	ldr	r2, [r2, #0]
10007912:	4291      	cmp	r1, r2
10007914:	d901      	bls.n	1000791a <xTaskIncrementTick.part.0+0x8a>
10007916:	4652      	mov	r2, sl
10007918:	6011      	str	r1, [r2, #0]
1000791a:	008a      	lsls	r2, r1, #2
1000791c:	1852      	adds	r2, r2, r1
1000791e:	0092      	lsls	r2, r2, #2
10007920:	18ae      	adds	r6, r5, r2
10007922:	6871      	ldr	r1, [r6, #4]
10007924:	6099      	str	r1, [r3, #8]
10007926:	688f      	ldr	r7, [r1, #8]
10007928:	60df      	str	r7, [r3, #12]
1000792a:	607c      	str	r4, [r7, #4]
1000792c:	608c      	str	r4, [r1, #8]
1000792e:	58a9      	ldr	r1, [r5, r2]
10007930:	615e      	str	r6, [r3, #20]
10007932:	3101      	adds	r1, #1
10007934:	50a9      	str	r1, [r5, r2]
10007936:	465a      	mov	r2, fp
10007938:	6811      	ldr	r1, [r2, #0]
1000793a:	6ada      	ldr	r2, [r3, #44]	@ 0x2c
1000793c:	6acb      	ldr	r3, [r1, #44]	@ 0x2c
1000793e:	4293      	cmp	r3, r2
10007940:	419b      	sbcs	r3, r3
10007942:	4662      	mov	r2, ip
10007944:	425b      	negs	r3, r3
10007946:	431a      	orrs	r2, r3
10007948:	6803      	ldr	r3, [r0, #0]
1000794a:	4694      	mov	ip, r2
1000794c:	681b      	ldr	r3, [r3, #0]
1000794e:	2b00      	cmp	r3, #0
10007950:	d052      	beq.n	100079f8 <xTaskIncrementTick.part.0+0x168>
10007952:	6803      	ldr	r3, [r0, #0]
10007954:	68db      	ldr	r3, [r3, #12]
10007956:	68db      	ldr	r3, [r3, #12]
10007958:	685a      	ldr	r2, [r3, #4]
1000795a:	4590      	cmp	r8, r2
1000795c:	d349      	bcc.n	100079f2 <xTaskIncrementTick.part.0+0x162>
1000795e:	689c      	ldr	r4, [r3, #8]
10007960:	68d9      	ldr	r1, [r3, #12]
10007962:	695a      	ldr	r2, [r3, #20]
10007964:	60a1      	str	r1, [r4, #8]
10007966:	689c      	ldr	r4, [r3, #8]
10007968:	604c      	str	r4, [r1, #4]
1000796a:	6851      	ldr	r1, [r2, #4]
1000796c:	1d1c      	adds	r4, r3, #4
1000796e:	42a1      	cmp	r1, r4
10007970:	d1b4      	bne.n	100078dc <xTaskIncrementTick.part.0+0x4c>
10007972:	68d9      	ldr	r1, [r3, #12]
10007974:	6051      	str	r1, [r2, #4]
10007976:	e7b1      	b.n	100078dc <xTaskIncrementTick.part.0+0x4c>
10007978:	4b26      	ldr	r3, [pc, #152]	@ (10007a14 <xTaskIncrementTick.part.0+0x184>)
1000797a:	4a2a      	ldr	r2, [pc, #168]	@ (10007a24 <xTaskIncrementTick.part.0+0x194>)
1000797c:	6819      	ldr	r1, [r3, #0]
1000797e:	6814      	ldr	r4, [r2, #0]
10007980:	601c      	str	r4, [r3, #0]
10007982:	6011      	str	r1, [r2, #0]
10007984:	4928      	ldr	r1, [pc, #160]	@ (10007a28 <xTaskIncrementTick.part.0+0x198>)
10007986:	680a      	ldr	r2, [r1, #0]
10007988:	3201      	adds	r2, #1
1000798a:	600a      	str	r2, [r1, #0]
1000798c:	681a      	ldr	r2, [r3, #0]
1000798e:	6812      	ldr	r2, [r2, #0]
10007990:	2a00      	cmp	r2, #0
10007992:	d125      	bne.n	100079e0 <xTaskIncrementTick.part.0+0x150>
10007994:	2301      	movs	r3, #1
10007996:	491e      	ldr	r1, [pc, #120]	@ (10007a10 <xTaskIncrementTick.part.0+0x180>)
10007998:	425b      	negs	r3, r3
1000799a:	600b      	str	r3, [r1, #0]
1000799c:	680b      	ldr	r3, [r1, #0]
1000799e:	4298      	cmp	r0, r3
100079a0:	d287      	bcs.n	100078b2 <xTaskIncrementTick.part.0+0x22>
100079a2:	2300      	movs	r3, #0
100079a4:	469c      	mov	ip, r3
100079a6:	4b1c      	ldr	r3, [pc, #112]	@ (10007a18 <xTaskIncrementTick.part.0+0x188>)
100079a8:	4d1c      	ldr	r5, [pc, #112]	@ (10007a1c <xTaskIncrementTick.part.0+0x18c>)
100079aa:	469b      	mov	fp, r3
100079ac:	465b      	mov	r3, fp
100079ae:	2001      	movs	r0, #1
100079b0:	681b      	ldr	r3, [r3, #0]
100079b2:	4a1e      	ldr	r2, [pc, #120]	@ (10007a2c <xTaskIncrementTick.part.0+0x19c>)
100079b4:	6ad9      	ldr	r1, [r3, #44]	@ 0x2c
100079b6:	6812      	ldr	r2, [r2, #0]
100079b8:	008b      	lsls	r3, r1, #2
100079ba:	185b      	adds	r3, r3, r1
100079bc:	009b      	lsls	r3, r3, #2
100079be:	58eb      	ldr	r3, [r5, r3]
100079c0:	4298      	cmp	r0, r3
100079c2:	4180      	sbcs	r0, r0
100079c4:	0013      	movs	r3, r2
100079c6:	1e5a      	subs	r2, r3, #1
100079c8:	4193      	sbcs	r3, r2
100079ca:	4240      	negs	r0, r0
100079cc:	4318      	orrs	r0, r3
100079ce:	4663      	mov	r3, ip
100079d0:	4318      	orrs	r0, r3
100079d2:	b003      	add	sp, #12
100079d4:	bcf0      	pop	{r4, r5, r6, r7}
100079d6:	46bb      	mov	fp, r7
100079d8:	46b2      	mov	sl, r6
100079da:	46a9      	mov	r9, r5
100079dc:	46a0      	mov	r8, r4
100079de:	bdf0      	pop	{r4, r5, r6, r7, pc}
100079e0:	681b      	ldr	r3, [r3, #0]
100079e2:	490b      	ldr	r1, [pc, #44]	@ (10007a10 <xTaskIncrementTick.part.0+0x180>)
100079e4:	68db      	ldr	r3, [r3, #12]
100079e6:	681b      	ldr	r3, [r3, #0]
100079e8:	600b      	str	r3, [r1, #0]
100079ea:	e75f      	b.n	100078ac <xTaskIncrementTick.part.0+0x1c>
100079ec:	6a19      	ldr	r1, [r3, #32]
100079ee:	6051      	str	r1, [r2, #4]
100079f0:	e787      	b.n	10007902 <xTaskIncrementTick.part.0+0x72>
100079f2:	9901      	ldr	r1, [sp, #4]
100079f4:	600a      	str	r2, [r1, #0]
100079f6:	e7d9      	b.n	100079ac <xTaskIncrementTick.part.0+0x11c>
100079f8:	9901      	ldr	r1, [sp, #4]
100079fa:	2301      	movs	r3, #1
100079fc:	425b      	negs	r3, r3
100079fe:	600b      	str	r3, [r1, #0]
10007a00:	e7d4      	b.n	100079ac <xTaskIncrementTick.part.0+0x11c>
10007a02:	469c      	mov	ip, r3
10007a04:	4b04      	ldr	r3, [pc, #16]	@ (10007a18 <xTaskIncrementTick.part.0+0x188>)
10007a06:	4d05      	ldr	r5, [pc, #20]	@ (10007a1c <xTaskIncrementTick.part.0+0x18c>)
10007a08:	469b      	mov	fp, r3
10007a0a:	e7f6      	b.n	100079fa <xTaskIncrementTick.part.0+0x16a>
10007a0c:	20022480 	.word	0x20022480
10007a10:	20022424 	.word	0x20022424
10007a14:	20001fe4 	.word	0x20001fe4
10007a18:	20001fdc 	.word	0x20001fdc
10007a1c:	20001ff4 	.word	0x20001ff4
10007a20:	200223bc 	.word	0x200223bc
10007a24:	20001fec 	.word	0x20001fec
10007a28:	20022428 	.word	0x20022428
10007a2c:	2002248c 	.word	0x2002248c

10007a30 <xTaskCreate>:
10007a30:	b510      	push	{r4, lr}
10007a32:	b082      	sub	sp, #8
10007a34:	9c05      	ldr	r4, [sp, #20]
10007a36:	9401      	str	r4, [sp, #4]
10007a38:	9c04      	ldr	r4, [sp, #16]
10007a3a:	9400      	str	r4, [sp, #0]
10007a3c:	f7ff fe60 	bl	10007700 <prvCreateTask>
10007a40:	2800      	cmp	r0, #0
10007a42:	d004      	beq.n	10007a4e <xTaskCreate+0x1e>
10007a44:	f7ff fdca 	bl	100075dc <prvAddNewTaskToReadyList>
10007a48:	2001      	movs	r0, #1
10007a4a:	b002      	add	sp, #8
10007a4c:	bd10      	pop	{r4, pc}
10007a4e:	2001      	movs	r0, #1
10007a50:	4240      	negs	r0, r0
10007a52:	e7fa      	b.n	10007a4a <xTaskCreate+0x1a>

10007a54 <vTaskStartScheduler>:
10007a54:	b510      	push	{r4, lr}
10007a56:	b086      	sub	sp, #24
10007a58:	2210      	movs	r2, #16
10007a5a:	2100      	movs	r1, #0
10007a5c:	a802      	add	r0, sp, #8
10007a5e:	f7fa fb55 	bl	1000210c <__wrap_memset>
10007a62:	2400      	movs	r4, #0
10007a64:	2280      	movs	r2, #128	@ 0x80
10007a66:	4b11      	ldr	r3, [pc, #68]	@ (10007aac <vTaskStartScheduler+0x58>)
10007a68:	4811      	ldr	r0, [pc, #68]	@ (10007ab0 <vTaskStartScheduler+0x5c>)
10007a6a:	9302      	str	r3, [sp, #8]
10007a6c:	4b11      	ldr	r3, [pc, #68]	@ (10007ab4 <vTaskStartScheduler+0x60>)
10007a6e:	9400      	str	r4, [sp, #0]
10007a70:	9301      	str	r3, [sp, #4]
10007a72:	0092      	lsls	r2, r2, #2
10007a74:	2300      	movs	r3, #0
10007a76:	a902      	add	r1, sp, #8
10007a78:	f7ff fe42 	bl	10007700 <prvCreateTask>
10007a7c:	2800      	cmp	r0, #0
10007a7e:	d005      	beq.n	10007a8c <vTaskStartScheduler+0x38>
10007a80:	f7ff fdac 	bl	100075dc <prvAddNewTaskToReadyList>
10007a84:	f000 fdce 	bl	10008624 <xTimerCreateTimerTask>
10007a88:	2801      	cmp	r0, #1
10007a8a:	d003      	beq.n	10007a94 <vTaskStartScheduler+0x40>
10007a8c:	4b0a      	ldr	r3, [pc, #40]	@ (10007ab8 <vTaskStartScheduler+0x64>)
10007a8e:	681b      	ldr	r3, [r3, #0]
10007a90:	b006      	add	sp, #24
10007a92:	bd10      	pop	{r4, pc}
10007a94:	b672      	cpsid	i
10007a96:	2201      	movs	r2, #1
10007a98:	4b08      	ldr	r3, [pc, #32]	@ (10007abc <vTaskStartScheduler+0x68>)
10007a9a:	4252      	negs	r2, r2
10007a9c:	601a      	str	r2, [r3, #0]
10007a9e:	4b08      	ldr	r3, [pc, #32]	@ (10007ac0 <vTaskStartScheduler+0x6c>)
10007aa0:	6018      	str	r0, [r3, #0]
10007aa2:	4b08      	ldr	r3, [pc, #32]	@ (10007ac4 <vTaskStartScheduler+0x70>)
10007aa4:	601c      	str	r4, [r3, #0]
10007aa6:	f7fe ff85 	bl	100069b4 <xPortStartScheduler>
10007aaa:	e7ef      	b.n	10007a8c <vTaskStartScheduler+0x38>
10007aac:	454c4449 	.word	0x454c4449
10007ab0:	10007831 	.word	0x10007831
10007ab4:	20022418 	.word	0x20022418
10007ab8:	1000a16c 	.word	0x1000a16c
10007abc:	20022424 	.word	0x20022424
10007ac0:	2002244c 	.word	0x2002244c
10007ac4:	20022480 	.word	0x20022480

10007ac8 <vTaskSuspendAll>:
10007ac8:	4a02      	ldr	r2, [pc, #8]	@ (10007ad4 <vTaskSuspendAll+0xc>)
10007aca:	6813      	ldr	r3, [r2, #0]
10007acc:	3301      	adds	r3, #1
10007ace:	6013      	str	r3, [r2, #0]
10007ad0:	4770      	bx	lr
10007ad2:	46c0      	nop			@ (mov r8, r8)
10007ad4:	200223b4 	.word	0x200223b4

10007ad8 <xTaskResumeAll>:
10007ad8:	b5f0      	push	{r4, r5, r6, r7, lr}
10007ada:	46de      	mov	lr, fp
10007adc:	4645      	mov	r5, r8
10007ade:	4657      	mov	r7, sl
10007ae0:	464e      	mov	r6, r9
10007ae2:	b5e0      	push	{r5, r6, r7, lr}
10007ae4:	b083      	sub	sp, #12
10007ae6:	f7fe ff1b 	bl	10006920 <vPortEnterCritical>
10007aea:	4d54      	ldr	r5, [pc, #336]	@ (10007c3c <xTaskResumeAll+0x164>)
10007aec:	682b      	ldr	r3, [r5, #0]
10007aee:	3b01      	subs	r3, #1
10007af0:	602b      	str	r3, [r5, #0]
10007af2:	682b      	ldr	r3, [r5, #0]
10007af4:	2b00      	cmp	r3, #0
10007af6:	d000      	beq.n	10007afa <xTaskResumeAll+0x22>
10007af8:	e083      	b.n	10007c02 <xTaskResumeAll+0x12a>
10007afa:	4b51      	ldr	r3, [pc, #324]	@ (10007c40 <xTaskResumeAll+0x168>)
10007afc:	681b      	ldr	r3, [r3, #0]
10007afe:	2b00      	cmp	r3, #0
10007b00:	d07f      	beq.n	10007c02 <xTaskResumeAll+0x12a>
10007b02:	4f50      	ldr	r7, [pc, #320]	@ (10007c44 <xTaskResumeAll+0x16c>)
10007b04:	683b      	ldr	r3, [r7, #0]
10007b06:	2b00      	cmp	r3, #0
10007b08:	d100      	bne.n	10007b0c <xTaskResumeAll+0x34>
10007b0a:	e094      	b.n	10007c36 <xTaskResumeAll+0x15e>
10007b0c:	4b4e      	ldr	r3, [pc, #312]	@ (10007c48 <xTaskResumeAll+0x170>)
10007b0e:	4c4f      	ldr	r4, [pc, #316]	@ (10007c4c <xTaskResumeAll+0x174>)
10007b10:	469c      	mov	ip, r3
10007b12:	4b4f      	ldr	r3, [pc, #316]	@ (10007c50 <xTaskResumeAll+0x178>)
10007b14:	9501      	str	r5, [sp, #4]
10007b16:	4699      	mov	r9, r3
10007b18:	4b4e      	ldr	r3, [pc, #312]	@ (10007c54 <xTaskResumeAll+0x17c>)
10007b1a:	469a      	mov	sl, r3
10007b1c:	2300      	movs	r3, #0
10007b1e:	4698      	mov	r8, r3
10007b20:	3301      	adds	r3, #1
10007b22:	469b      	mov	fp, r3
10007b24:	68fb      	ldr	r3, [r7, #12]
10007b26:	68db      	ldr	r3, [r3, #12]
10007b28:	69d8      	ldr	r0, [r3, #28]
10007b2a:	6a19      	ldr	r1, [r3, #32]
10007b2c:	6a9a      	ldr	r2, [r3, #40]	@ 0x28
10007b2e:	6081      	str	r1, [r0, #8]
10007b30:	69d8      	ldr	r0, [r3, #28]
10007b32:	6048      	str	r0, [r1, #4]
10007b34:	0019      	movs	r1, r3
10007b36:	6850      	ldr	r0, [r2, #4]
10007b38:	3118      	adds	r1, #24
10007b3a:	4288      	cmp	r0, r1
10007b3c:	d100      	bne.n	10007b40 <xTaskResumeAll+0x68>
10007b3e:	e073      	b.n	10007c28 <xTaskResumeAll+0x150>
10007b40:	4641      	mov	r1, r8
10007b42:	6299      	str	r1, [r3, #40]	@ 0x28
10007b44:	6811      	ldr	r1, [r2, #0]
10007b46:	3901      	subs	r1, #1
10007b48:	6011      	str	r1, [r2, #0]
10007b4a:	6898      	ldr	r0, [r3, #8]
10007b4c:	68d9      	ldr	r1, [r3, #12]
10007b4e:	695a      	ldr	r2, [r3, #20]
10007b50:	6081      	str	r1, [r0, #8]
10007b52:	6898      	ldr	r0, [r3, #8]
10007b54:	6048      	str	r0, [r1, #4]
10007b56:	6850      	ldr	r0, [r2, #4]
10007b58:	1d19      	adds	r1, r3, #4
10007b5a:	4288      	cmp	r0, r1
10007b5c:	d061      	beq.n	10007c22 <xTaskResumeAll+0x14a>
10007b5e:	6810      	ldr	r0, [r2, #0]
10007b60:	3801      	subs	r0, #1
10007b62:	6010      	str	r0, [r2, #0]
10007b64:	4660      	mov	r0, ip
10007b66:	6ada      	ldr	r2, [r3, #44]	@ 0x2c
10007b68:	6800      	ldr	r0, [r0, #0]
10007b6a:	4282      	cmp	r2, r0
10007b6c:	d901      	bls.n	10007b72 <xTaskResumeAll+0x9a>
10007b6e:	4660      	mov	r0, ip
10007b70:	6002      	str	r2, [r0, #0]
10007b72:	0090      	lsls	r0, r2, #2
10007b74:	1882      	adds	r2, r0, r2
10007b76:	0095      	lsls	r5, r2, #2
10007b78:	1960      	adds	r0, r4, r5
10007b7a:	6842      	ldr	r2, [r0, #4]
10007b7c:	609a      	str	r2, [r3, #8]
10007b7e:	6896      	ldr	r6, [r2, #8]
10007b80:	60de      	str	r6, [r3, #12]
10007b82:	6071      	str	r1, [r6, #4]
10007b84:	6091      	str	r1, [r2, #8]
10007b86:	5962      	ldr	r2, [r4, r5]
10007b88:	6158      	str	r0, [r3, #20]
10007b8a:	3201      	adds	r2, #1
10007b8c:	5162      	str	r2, [r4, r5]
10007b8e:	464a      	mov	r2, r9
10007b90:	6811      	ldr	r1, [r2, #0]
10007b92:	6ada      	ldr	r2, [r3, #44]	@ 0x2c
10007b94:	6acb      	ldr	r3, [r1, #44]	@ 0x2c
10007b96:	429a      	cmp	r2, r3
10007b98:	d93e      	bls.n	10007c18 <xTaskResumeAll+0x140>
10007b9a:	4653      	mov	r3, sl
10007b9c:	465a      	mov	r2, fp
10007b9e:	601a      	str	r2, [r3, #0]
10007ba0:	683b      	ldr	r3, [r7, #0]
10007ba2:	2b00      	cmp	r3, #0
10007ba4:	d1be      	bne.n	10007b24 <xTaskResumeAll+0x4c>
10007ba6:	4b2c      	ldr	r3, [pc, #176]	@ (10007c58 <xTaskResumeAll+0x180>)
10007ba8:	9d01      	ldr	r5, [sp, #4]
10007baa:	681a      	ldr	r2, [r3, #0]
10007bac:	6812      	ldr	r2, [r2, #0]
10007bae:	2a00      	cmp	r2, #0
10007bb0:	d03d      	beq.n	10007c2e <xTaskResumeAll+0x156>
10007bb2:	681b      	ldr	r3, [r3, #0]
10007bb4:	68db      	ldr	r3, [r3, #12]
10007bb6:	681a      	ldr	r2, [r3, #0]
10007bb8:	4b28      	ldr	r3, [pc, #160]	@ (10007c5c <xTaskResumeAll+0x184>)
10007bba:	601a      	str	r2, [r3, #0]
10007bbc:	4e28      	ldr	r6, [pc, #160]	@ (10007c60 <xTaskResumeAll+0x188>)
10007bbe:	6834      	ldr	r4, [r6, #0]
10007bc0:	2c00      	cmp	r4, #0
10007bc2:	d014      	beq.n	10007bee <xTaskResumeAll+0x116>
10007bc4:	2701      	movs	r7, #1
10007bc6:	e008      	b.n	10007bda <xTaskResumeAll+0x102>
10007bc8:	f7ff fe62 	bl	10007890 <xTaskIncrementTick.part.0>
10007bcc:	2800      	cmp	r0, #0
10007bce:	d001      	beq.n	10007bd4 <xTaskResumeAll+0xfc>
10007bd0:	4653      	mov	r3, sl
10007bd2:	601f      	str	r7, [r3, #0]
10007bd4:	3c01      	subs	r4, #1
10007bd6:	2c00      	cmp	r4, #0
10007bd8:	d008      	beq.n	10007bec <xTaskResumeAll+0x114>
10007bda:	682b      	ldr	r3, [r5, #0]
10007bdc:	2b00      	cmp	r3, #0
10007bde:	d0f3      	beq.n	10007bc8 <xTaskResumeAll+0xf0>
10007be0:	6833      	ldr	r3, [r6, #0]
10007be2:	3c01      	subs	r4, #1
10007be4:	3301      	adds	r3, #1
10007be6:	6033      	str	r3, [r6, #0]
10007be8:	2c00      	cmp	r4, #0
10007bea:	d1f6      	bne.n	10007bda <xTaskResumeAll+0x102>
10007bec:	6034      	str	r4, [r6, #0]
10007bee:	4653      	mov	r3, sl
10007bf0:	681b      	ldr	r3, [r3, #0]
10007bf2:	2b00      	cmp	r3, #0
10007bf4:	d005      	beq.n	10007c02 <xTaskResumeAll+0x12a>
10007bf6:	4b16      	ldr	r3, [pc, #88]	@ (10007c50 <xTaskResumeAll+0x178>)
10007bf8:	2401      	movs	r4, #1
10007bfa:	681b      	ldr	r3, [r3, #0]
10007bfc:	f7fe fe84 	bl	10006908 <vPortYield>
10007c00:	e000      	b.n	10007c04 <xTaskResumeAll+0x12c>
10007c02:	2400      	movs	r4, #0
10007c04:	f7fe fe98 	bl	10006938 <vPortExitCritical>
10007c08:	0020      	movs	r0, r4
10007c0a:	b003      	add	sp, #12
10007c0c:	bcf0      	pop	{r4, r5, r6, r7}
10007c0e:	46bb      	mov	fp, r7
10007c10:	46b2      	mov	sl, r6
10007c12:	46a9      	mov	r9, r5
10007c14:	46a0      	mov	r8, r4
10007c16:	bdf0      	pop	{r4, r5, r6, r7, pc}
10007c18:	683b      	ldr	r3, [r7, #0]
10007c1a:	2b00      	cmp	r3, #0
10007c1c:	d000      	beq.n	10007c20 <xTaskResumeAll+0x148>
10007c1e:	e781      	b.n	10007b24 <xTaskResumeAll+0x4c>
10007c20:	e7c1      	b.n	10007ba6 <xTaskResumeAll+0xce>
10007c22:	68d8      	ldr	r0, [r3, #12]
10007c24:	6050      	str	r0, [r2, #4]
10007c26:	e79a      	b.n	10007b5e <xTaskResumeAll+0x86>
10007c28:	6a19      	ldr	r1, [r3, #32]
10007c2a:	6051      	str	r1, [r2, #4]
10007c2c:	e788      	b.n	10007b40 <xTaskResumeAll+0x68>
10007c2e:	4b0b      	ldr	r3, [pc, #44]	@ (10007c5c <xTaskResumeAll+0x184>)
10007c30:	3a01      	subs	r2, #1
10007c32:	601a      	str	r2, [r3, #0]
10007c34:	e7c2      	b.n	10007bbc <xTaskResumeAll+0xe4>
10007c36:	4b07      	ldr	r3, [pc, #28]	@ (10007c54 <xTaskResumeAll+0x17c>)
10007c38:	469a      	mov	sl, r3
10007c3a:	e7bf      	b.n	10007bbc <xTaskResumeAll+0xe4>
10007c3c:	200223b4 	.word	0x200223b4
10007c40:	200223ac 	.word	0x200223ac
10007c44:	20022438 	.word	0x20022438
10007c48:	200223bc 	.word	0x200223bc
10007c4c:	20001ff4 	.word	0x20001ff4
10007c50:	20001fdc 	.word	0x20001fdc
10007c54:	2002248c 	.word	0x2002248c
10007c58:	20001fe4 	.word	0x20001fe4
10007c5c:	20022424 	.word	0x20022424
10007c60:	20022434 	.word	0x20022434

10007c64 <vTaskDelay>:
10007c64:	b5f0      	push	{r4, r5, r6, r7, lr}
10007c66:	46c6      	mov	lr, r8
10007c68:	0004      	movs	r4, r0
10007c6a:	b500      	push	{lr}
10007c6c:	2800      	cmp	r0, #0
10007c6e:	d021      	beq.n	10007cb4 <vTaskDelay+0x50>
10007c70:	4a17      	ldr	r2, [pc, #92]	@ (10007cd0 <vTaskDelay+0x6c>)
10007c72:	6813      	ldr	r3, [r2, #0]
10007c74:	3301      	adds	r3, #1
10007c76:	6013      	str	r3, [r2, #0]
10007c78:	4b16      	ldr	r3, [pc, #88]	@ (10007cd4 <vTaskDelay+0x70>)
10007c7a:	2100      	movs	r1, #0
10007c7c:	681e      	ldr	r6, [r3, #0]
10007c7e:	4b16      	ldr	r3, [pc, #88]	@ (10007cd8 <vTaskDelay+0x74>)
10007c80:	4d16      	ldr	r5, [pc, #88]	@ (10007cdc <vTaskDelay+0x78>)
10007c82:	681f      	ldr	r7, [r3, #0]
10007c84:	4b16      	ldr	r3, [pc, #88]	@ (10007ce0 <vTaskDelay+0x7c>)
10007c86:	19a4      	adds	r4, r4, r6
10007c88:	681b      	ldr	r3, [r3, #0]
10007c8a:	682a      	ldr	r2, [r5, #0]
10007c8c:	4698      	mov	r8, r3
10007c8e:	236d      	movs	r3, #109	@ 0x6d
10007c90:	6828      	ldr	r0, [r5, #0]
10007c92:	54d1      	strb	r1, [r2, r3]
10007c94:	3004      	adds	r0, #4
10007c96:	f7ff f953 	bl	10006f40 <uxListRemove>
10007c9a:	682b      	ldr	r3, [r5, #0]
10007c9c:	6829      	ldr	r1, [r5, #0]
10007c9e:	605c      	str	r4, [r3, #4]
10007ca0:	3104      	adds	r1, #4
10007ca2:	42a6      	cmp	r6, r4
10007ca4:	d90b      	bls.n	10007cbe <vTaskDelay+0x5a>
10007ca6:	4640      	mov	r0, r8
10007ca8:	f7ff f932 	bl	10006f10 <vListInsert>
10007cac:	f7ff ff14 	bl	10007ad8 <xTaskResumeAll>
10007cb0:	2800      	cmp	r0, #0
10007cb2:	d101      	bne.n	10007cb8 <vTaskDelay+0x54>
10007cb4:	f7fe fe28 	bl	10006908 <vPortYield>
10007cb8:	bc80      	pop	{r7}
10007cba:	46b8      	mov	r8, r7
10007cbc:	bdf0      	pop	{r4, r5, r6, r7, pc}
10007cbe:	0038      	movs	r0, r7
10007cc0:	f7ff f926 	bl	10006f10 <vListInsert>
10007cc4:	4b07      	ldr	r3, [pc, #28]	@ (10007ce4 <vTaskDelay+0x80>)
10007cc6:	681a      	ldr	r2, [r3, #0]
10007cc8:	4294      	cmp	r4, r2
10007cca:	d2ef      	bcs.n	10007cac <vTaskDelay+0x48>
10007ccc:	601c      	str	r4, [r3, #0]
10007cce:	e7ed      	b.n	10007cac <vTaskDelay+0x48>
10007cd0:	200223b4 	.word	0x200223b4
10007cd4:	20022480 	.word	0x20022480
10007cd8:	20001fe4 	.word	0x20001fe4
10007cdc:	20001fdc 	.word	0x20001fdc
10007ce0:	20001fec 	.word	0x20001fec
10007ce4:	20022424 	.word	0x20022424

10007ce8 <xTaskGetTickCount>:
10007ce8:	4b01      	ldr	r3, [pc, #4]	@ (10007cf0 <xTaskGetTickCount+0x8>)
10007cea:	6818      	ldr	r0, [r3, #0]
10007cec:	4770      	bx	lr
10007cee:	46c0      	nop			@ (mov r8, r8)
10007cf0:	20022480 	.word	0x20022480

10007cf4 <uxTaskGetNumberOfTasks>:
10007cf4:	4b01      	ldr	r3, [pc, #4]	@ (10007cfc <uxTaskGetNumberOfTasks+0x8>)
10007cf6:	6818      	ldr	r0, [r3, #0]
10007cf8:	4770      	bx	lr
10007cfa:	46c0      	nop			@ (mov r8, r8)
10007cfc:	200223ac 	.word	0x200223ac

10007d00 <xTaskIncrementTick>:
10007d00:	4b06      	ldr	r3, [pc, #24]	@ (10007d1c <xTaskIncrementTick+0x1c>)
10007d02:	b510      	push	{r4, lr}
10007d04:	681b      	ldr	r3, [r3, #0]
10007d06:	2b00      	cmp	r3, #0
10007d08:	d102      	bne.n	10007d10 <xTaskIncrementTick+0x10>
10007d0a:	f7ff fdc1 	bl	10007890 <xTaskIncrementTick.part.0>
10007d0e:	bd10      	pop	{r4, pc}
10007d10:	4a03      	ldr	r2, [pc, #12]	@ (10007d20 <xTaskIncrementTick+0x20>)
10007d12:	2000      	movs	r0, #0
10007d14:	6813      	ldr	r3, [r2, #0]
10007d16:	3301      	adds	r3, #1
10007d18:	6013      	str	r3, [r2, #0]
10007d1a:	e7f8      	b.n	10007d0e <xTaskIncrementTick+0xe>
10007d1c:	200223b4 	.word	0x200223b4
10007d20:	20022434 	.word	0x20022434

10007d24 <vTaskSwitchContext>:
10007d24:	4b19      	ldr	r3, [pc, #100]	@ (10007d8c <vTaskSwitchContext+0x68>)
10007d26:	b530      	push	{r4, r5, lr}
10007d28:	681b      	ldr	r3, [r3, #0]
10007d2a:	2b00      	cmp	r3, #0
10007d2c:	d003      	beq.n	10007d36 <vTaskSwitchContext+0x12>
10007d2e:	2201      	movs	r2, #1
10007d30:	4b17      	ldr	r3, [pc, #92]	@ (10007d90 <vTaskSwitchContext+0x6c>)
10007d32:	601a      	str	r2, [r3, #0]
10007d34:	bd30      	pop	{r4, r5, pc}
10007d36:	4a16      	ldr	r2, [pc, #88]	@ (10007d90 <vTaskSwitchContext+0x6c>)
10007d38:	4c16      	ldr	r4, [pc, #88]	@ (10007d94 <vTaskSwitchContext+0x70>)
10007d3a:	6013      	str	r3, [r2, #0]
10007d3c:	6822      	ldr	r2, [r4, #0]
10007d3e:	4816      	ldr	r0, [pc, #88]	@ (10007d98 <vTaskSwitchContext+0x74>)
10007d40:	0091      	lsls	r1, r2, #2
10007d42:	188b      	adds	r3, r1, r2
10007d44:	009b      	lsls	r3, r3, #2
10007d46:	58c5      	ldr	r5, [r0, r3]
10007d48:	2d00      	cmp	r5, #0
10007d4a:	d107      	bne.n	10007d5c <vTaskSwitchContext+0x38>
10007d4c:	3b14      	subs	r3, #20
10007d4e:	18c3      	adds	r3, r0, r3
10007d50:	6819      	ldr	r1, [r3, #0]
10007d52:	3b14      	subs	r3, #20
10007d54:	3a01      	subs	r2, #1
10007d56:	2900      	cmp	r1, #0
10007d58:	d0fa      	beq.n	10007d50 <vTaskSwitchContext+0x2c>
10007d5a:	0091      	lsls	r1, r2, #2
10007d5c:	1889      	adds	r1, r1, r2
10007d5e:	0089      	lsls	r1, r1, #2
10007d60:	1845      	adds	r5, r0, r1
10007d62:	686b      	ldr	r3, [r5, #4]
10007d64:	3108      	adds	r1, #8
10007d66:	685b      	ldr	r3, [r3, #4]
10007d68:	1840      	adds	r0, r0, r1
10007d6a:	606b      	str	r3, [r5, #4]
10007d6c:	4283      	cmp	r3, r0
10007d6e:	d005      	beq.n	10007d7c <vTaskSwitchContext+0x58>
10007d70:	68d9      	ldr	r1, [r3, #12]
10007d72:	4b0a      	ldr	r3, [pc, #40]	@ (10007d9c <vTaskSwitchContext+0x78>)
10007d74:	6019      	str	r1, [r3, #0]
10007d76:	6022      	str	r2, [r4, #0]
10007d78:	681b      	ldr	r3, [r3, #0]
10007d7a:	e7db      	b.n	10007d34 <vTaskSwitchContext+0x10>
10007d7c:	68eb      	ldr	r3, [r5, #12]
10007d7e:	68d9      	ldr	r1, [r3, #12]
10007d80:	606b      	str	r3, [r5, #4]
10007d82:	4b06      	ldr	r3, [pc, #24]	@ (10007d9c <vTaskSwitchContext+0x78>)
10007d84:	6019      	str	r1, [r3, #0]
10007d86:	6022      	str	r2, [r4, #0]
10007d88:	681b      	ldr	r3, [r3, #0]
10007d8a:	e7d3      	b.n	10007d34 <vTaskSwitchContext+0x10>
10007d8c:	200223b4 	.word	0x200223b4
10007d90:	2002248c 	.word	0x2002248c
10007d94:	200223bc 	.word	0x200223bc
10007d98:	20001ff4 	.word	0x20001ff4
10007d9c:	20001fdc 	.word	0x20001fdc

10007da0 <vTaskPlaceOnEventList>:
10007da0:	b5f0      	push	{r4, r5, r6, r7, lr}
10007da2:	46c6      	mov	lr, r8
10007da4:	4d20      	ldr	r5, [pc, #128]	@ (10007e28 <vTaskPlaceOnEventList+0x88>)
10007da6:	000c      	movs	r4, r1
10007da8:	6829      	ldr	r1, [r5, #0]
10007daa:	b500      	push	{lr}
10007dac:	3118      	adds	r1, #24
10007dae:	f7ff f8af 	bl	10006f10 <vListInsert>
10007db2:	4b1e      	ldr	r3, [pc, #120]	@ (10007e2c <vTaskPlaceOnEventList+0x8c>)
10007db4:	2100      	movs	r1, #0
10007db6:	681e      	ldr	r6, [r3, #0]
10007db8:	4b1d      	ldr	r3, [pc, #116]	@ (10007e30 <vTaskPlaceOnEventList+0x90>)
10007dba:	681f      	ldr	r7, [r3, #0]
10007dbc:	4b1d      	ldr	r3, [pc, #116]	@ (10007e34 <vTaskPlaceOnEventList+0x94>)
10007dbe:	681b      	ldr	r3, [r3, #0]
10007dc0:	682a      	ldr	r2, [r5, #0]
10007dc2:	4698      	mov	r8, r3
10007dc4:	236d      	movs	r3, #109	@ 0x6d
10007dc6:	6828      	ldr	r0, [r5, #0]
10007dc8:	54d1      	strb	r1, [r2, r3]
10007dca:	3004      	adds	r0, #4
10007dcc:	f7ff f8b8 	bl	10006f40 <uxListRemove>
10007dd0:	1c63      	adds	r3, r4, #1
10007dd2:	d015      	beq.n	10007e00 <vTaskPlaceOnEventList+0x60>
10007dd4:	682b      	ldr	r3, [r5, #0]
10007dd6:	6829      	ldr	r1, [r5, #0]
10007dd8:	19a4      	adds	r4, r4, r6
10007dda:	605c      	str	r4, [r3, #4]
10007ddc:	3104      	adds	r1, #4
10007dde:	42a6      	cmp	r6, r4
10007de0:	d905      	bls.n	10007dee <vTaskPlaceOnEventList+0x4e>
10007de2:	4640      	mov	r0, r8
10007de4:	f7ff f894 	bl	10006f10 <vListInsert>
10007de8:	bc80      	pop	{r7}
10007dea:	46b8      	mov	r8, r7
10007dec:	bdf0      	pop	{r4, r5, r6, r7, pc}
10007dee:	0038      	movs	r0, r7
10007df0:	f7ff f88e 	bl	10006f10 <vListInsert>
10007df4:	4b10      	ldr	r3, [pc, #64]	@ (10007e38 <vTaskPlaceOnEventList+0x98>)
10007df6:	681a      	ldr	r2, [r3, #0]
10007df8:	4294      	cmp	r4, r2
10007dfa:	d2f5      	bcs.n	10007de8 <vTaskPlaceOnEventList+0x48>
10007dfc:	601c      	str	r4, [r3, #0]
10007dfe:	e7f3      	b.n	10007de8 <vTaskPlaceOnEventList+0x48>
10007e00:	4b0e      	ldr	r3, [pc, #56]	@ (10007e3c <vTaskPlaceOnEventList+0x9c>)
10007e02:	6829      	ldr	r1, [r5, #0]
10007e04:	685a      	ldr	r2, [r3, #4]
10007e06:	608a      	str	r2, [r1, #8]
10007e08:	6890      	ldr	r0, [r2, #8]
10007e0a:	6829      	ldr	r1, [r5, #0]
10007e0c:	60c8      	str	r0, [r1, #12]
10007e0e:	6829      	ldr	r1, [r5, #0]
10007e10:	3104      	adds	r1, #4
10007e12:	6041      	str	r1, [r0, #4]
10007e14:	6829      	ldr	r1, [r5, #0]
10007e16:	3104      	adds	r1, #4
10007e18:	6091      	str	r1, [r2, #8]
10007e1a:	682a      	ldr	r2, [r5, #0]
10007e1c:	6153      	str	r3, [r2, #20]
10007e1e:	681a      	ldr	r2, [r3, #0]
10007e20:	3201      	adds	r2, #1
10007e22:	601a      	str	r2, [r3, #0]
10007e24:	e7e0      	b.n	10007de8 <vTaskPlaceOnEventList+0x48>
10007e26:	46c0      	nop			@ (mov r8, r8)
10007e28:	20001fdc 	.word	0x20001fdc
10007e2c:	20022480 	.word	0x20022480
10007e30:	20001fe4 	.word	0x20001fe4
10007e34:	20001fec 	.word	0x20001fec
10007e38:	20022424 	.word	0x20022424
10007e3c:	20022458 	.word	0x20022458

10007e40 <vTaskPlaceOnUnorderedEventList>:
10007e40:	2380      	movs	r3, #128	@ 0x80
10007e42:	b5f0      	push	{r4, r5, r6, r7, lr}
10007e44:	46c6      	mov	lr, r8
10007e46:	4c29      	ldr	r4, [pc, #164]	@ (10007eec <vTaskPlaceOnUnorderedEventList+0xac>)
10007e48:	0015      	movs	r5, r2
10007e4a:	061b      	lsls	r3, r3, #24
10007e4c:	6822      	ldr	r2, [r4, #0]
10007e4e:	430b      	orrs	r3, r1
10007e50:	b500      	push	{lr}
10007e52:	6193      	str	r3, [r2, #24]
10007e54:	6822      	ldr	r2, [r4, #0]
10007e56:	6843      	ldr	r3, [r0, #4]
10007e58:	61d3      	str	r3, [r2, #28]
10007e5a:	6899      	ldr	r1, [r3, #8]
10007e5c:	6822      	ldr	r2, [r4, #0]
10007e5e:	6211      	str	r1, [r2, #32]
10007e60:	6822      	ldr	r2, [r4, #0]
10007e62:	3218      	adds	r2, #24
10007e64:	604a      	str	r2, [r1, #4]
10007e66:	6822      	ldr	r2, [r4, #0]
10007e68:	2100      	movs	r1, #0
10007e6a:	3218      	adds	r2, #24
10007e6c:	609a      	str	r2, [r3, #8]
10007e6e:	6823      	ldr	r3, [r4, #0]
10007e70:	6298      	str	r0, [r3, #40]	@ 0x28
10007e72:	6803      	ldr	r3, [r0, #0]
10007e74:	3301      	adds	r3, #1
10007e76:	6003      	str	r3, [r0, #0]
10007e78:	4b1d      	ldr	r3, [pc, #116]	@ (10007ef0 <vTaskPlaceOnUnorderedEventList+0xb0>)
10007e7a:	681e      	ldr	r6, [r3, #0]
10007e7c:	4b1d      	ldr	r3, [pc, #116]	@ (10007ef4 <vTaskPlaceOnUnorderedEventList+0xb4>)
10007e7e:	681f      	ldr	r7, [r3, #0]
10007e80:	4b1d      	ldr	r3, [pc, #116]	@ (10007ef8 <vTaskPlaceOnUnorderedEventList+0xb8>)
10007e82:	681b      	ldr	r3, [r3, #0]
10007e84:	6822      	ldr	r2, [r4, #0]
10007e86:	4698      	mov	r8, r3
10007e88:	236d      	movs	r3, #109	@ 0x6d
10007e8a:	6820      	ldr	r0, [r4, #0]
10007e8c:	54d1      	strb	r1, [r2, r3]
10007e8e:	3004      	adds	r0, #4
10007e90:	f7ff f856 	bl	10006f40 <uxListRemove>
10007e94:	1c6b      	adds	r3, r5, #1
10007e96:	d015      	beq.n	10007ec4 <vTaskPlaceOnUnorderedEventList+0x84>
10007e98:	6823      	ldr	r3, [r4, #0]
10007e9a:	6821      	ldr	r1, [r4, #0]
10007e9c:	19ad      	adds	r5, r5, r6
10007e9e:	605d      	str	r5, [r3, #4]
10007ea0:	3104      	adds	r1, #4
10007ea2:	42ae      	cmp	r6, r5
10007ea4:	d905      	bls.n	10007eb2 <vTaskPlaceOnUnorderedEventList+0x72>
10007ea6:	4640      	mov	r0, r8
10007ea8:	f7ff f832 	bl	10006f10 <vListInsert>
10007eac:	bc80      	pop	{r7}
10007eae:	46b8      	mov	r8, r7
10007eb0:	bdf0      	pop	{r4, r5, r6, r7, pc}
10007eb2:	0038      	movs	r0, r7
10007eb4:	f7ff f82c 	bl	10006f10 <vListInsert>
10007eb8:	4b10      	ldr	r3, [pc, #64]	@ (10007efc <vTaskPlaceOnUnorderedEventList+0xbc>)
10007eba:	681a      	ldr	r2, [r3, #0]
10007ebc:	4295      	cmp	r5, r2
10007ebe:	d2f5      	bcs.n	10007eac <vTaskPlaceOnUnorderedEventList+0x6c>
10007ec0:	601d      	str	r5, [r3, #0]
10007ec2:	e7f3      	b.n	10007eac <vTaskPlaceOnUnorderedEventList+0x6c>
10007ec4:	4b0e      	ldr	r3, [pc, #56]	@ (10007f00 <vTaskPlaceOnUnorderedEventList+0xc0>)
10007ec6:	6821      	ldr	r1, [r4, #0]
10007ec8:	685a      	ldr	r2, [r3, #4]
10007eca:	608a      	str	r2, [r1, #8]
10007ecc:	6890      	ldr	r0, [r2, #8]
10007ece:	6821      	ldr	r1, [r4, #0]
10007ed0:	60c8      	str	r0, [r1, #12]
10007ed2:	6821      	ldr	r1, [r4, #0]
10007ed4:	3104      	adds	r1, #4
10007ed6:	6041      	str	r1, [r0, #4]
10007ed8:	6821      	ldr	r1, [r4, #0]
10007eda:	3104      	adds	r1, #4
10007edc:	6091      	str	r1, [r2, #8]
10007ede:	6822      	ldr	r2, [r4, #0]
10007ee0:	6153      	str	r3, [r2, #20]
10007ee2:	681a      	ldr	r2, [r3, #0]
10007ee4:	3201      	adds	r2, #1
10007ee6:	601a      	str	r2, [r3, #0]
10007ee8:	e7e0      	b.n	10007eac <vTaskPlaceOnUnorderedEventList+0x6c>
10007eea:	46c0      	nop			@ (mov r8, r8)
10007eec:	20001fdc 	.word	0x20001fdc
10007ef0:	20022480 	.word	0x20022480
10007ef4:	20001fe4 	.word	0x20001fe4
10007ef8:	20001fec 	.word	0x20001fec
10007efc:	20022424 	.word	0x20022424
10007f00:	20022458 	.word	0x20022458

10007f04 <vTaskPlaceOnEventListRestricted>:
10007f04:	b5f0      	push	{r4, r5, r6, r7, lr}
10007f06:	46c6      	mov	lr, r8
10007f08:	4c35      	ldr	r4, [pc, #212]	@ (10007fe0 <vTaskPlaceOnEventListRestricted+0xdc>)
10007f0a:	6843      	ldr	r3, [r0, #4]
10007f0c:	000d      	movs	r5, r1
10007f0e:	6821      	ldr	r1, [r4, #0]
10007f10:	b500      	push	{lr}
10007f12:	61cb      	str	r3, [r1, #28]
10007f14:	689e      	ldr	r6, [r3, #8]
10007f16:	6821      	ldr	r1, [r4, #0]
10007f18:	620e      	str	r6, [r1, #32]
10007f1a:	6821      	ldr	r1, [r4, #0]
10007f1c:	3118      	adds	r1, #24
10007f1e:	6071      	str	r1, [r6, #4]
10007f20:	6821      	ldr	r1, [r4, #0]
10007f22:	3118      	adds	r1, #24
10007f24:	6099      	str	r1, [r3, #8]
10007f26:	6823      	ldr	r3, [r4, #0]
10007f28:	6298      	str	r0, [r3, #40]	@ 0x28
10007f2a:	6803      	ldr	r3, [r0, #0]
10007f2c:	3301      	adds	r3, #1
10007f2e:	6003      	str	r3, [r0, #0]
10007f30:	4b2c      	ldr	r3, [pc, #176]	@ (10007fe4 <vTaskPlaceOnEventListRestricted+0xe0>)
10007f32:	2a00      	cmp	r2, #0
10007f34:	d021      	beq.n	10007f7a <vTaskPlaceOnEventListRestricted+0x76>
10007f36:	681b      	ldr	r3, [r3, #0]
10007f38:	4b2b      	ldr	r3, [pc, #172]	@ (10007fe8 <vTaskPlaceOnEventListRestricted+0xe4>)
10007f3a:	2100      	movs	r1, #0
10007f3c:	681b      	ldr	r3, [r3, #0]
10007f3e:	4b2b      	ldr	r3, [pc, #172]	@ (10007fec <vTaskPlaceOnEventListRestricted+0xe8>)
10007f40:	681b      	ldr	r3, [r3, #0]
10007f42:	236d      	movs	r3, #109	@ 0x6d
10007f44:	6822      	ldr	r2, [r4, #0]
10007f46:	6820      	ldr	r0, [r4, #0]
10007f48:	54d1      	strb	r1, [r2, r3]
10007f4a:	3004      	adds	r0, #4
10007f4c:	f7fe fff8 	bl	10006f40 <uxListRemove>
10007f50:	4b27      	ldr	r3, [pc, #156]	@ (10007ff0 <vTaskPlaceOnEventListRestricted+0xec>)
10007f52:	6821      	ldr	r1, [r4, #0]
10007f54:	685a      	ldr	r2, [r3, #4]
10007f56:	608a      	str	r2, [r1, #8]
10007f58:	6890      	ldr	r0, [r2, #8]
10007f5a:	6821      	ldr	r1, [r4, #0]
10007f5c:	60c8      	str	r0, [r1, #12]
10007f5e:	6821      	ldr	r1, [r4, #0]
10007f60:	3104      	adds	r1, #4
10007f62:	6041      	str	r1, [r0, #4]
10007f64:	6821      	ldr	r1, [r4, #0]
10007f66:	3104      	adds	r1, #4
10007f68:	6091      	str	r1, [r2, #8]
10007f6a:	6822      	ldr	r2, [r4, #0]
10007f6c:	6153      	str	r3, [r2, #20]
10007f6e:	681a      	ldr	r2, [r3, #0]
10007f70:	3201      	adds	r2, #1
10007f72:	601a      	str	r2, [r3, #0]
10007f74:	bc80      	pop	{r7}
10007f76:	46b8      	mov	r8, r7
10007f78:	bdf0      	pop	{r4, r5, r6, r7, pc}
10007f7a:	681e      	ldr	r6, [r3, #0]
10007f7c:	4b1a      	ldr	r3, [pc, #104]	@ (10007fe8 <vTaskPlaceOnEventListRestricted+0xe4>)
10007f7e:	681f      	ldr	r7, [r3, #0]
10007f80:	4b1a      	ldr	r3, [pc, #104]	@ (10007fec <vTaskPlaceOnEventListRestricted+0xe8>)
10007f82:	681b      	ldr	r3, [r3, #0]
10007f84:	6821      	ldr	r1, [r4, #0]
10007f86:	4698      	mov	r8, r3
10007f88:	236d      	movs	r3, #109	@ 0x6d
10007f8a:	6820      	ldr	r0, [r4, #0]
10007f8c:	54ca      	strb	r2, [r1, r3]
10007f8e:	3004      	adds	r0, #4
10007f90:	f7fe ffd6 	bl	10006f40 <uxListRemove>
10007f94:	1c6b      	adds	r3, r5, #1
10007f96:	d015      	beq.n	10007fc4 <vTaskPlaceOnEventListRestricted+0xc0>
10007f98:	6823      	ldr	r3, [r4, #0]
10007f9a:	19ad      	adds	r5, r5, r6
10007f9c:	605d      	str	r5, [r3, #4]
10007f9e:	42ae      	cmp	r6, r5
10007fa0:	d80a      	bhi.n	10007fb8 <vTaskPlaceOnEventListRestricted+0xb4>
10007fa2:	6821      	ldr	r1, [r4, #0]
10007fa4:	0038      	movs	r0, r7
10007fa6:	3104      	adds	r1, #4
10007fa8:	f7fe ffb2 	bl	10006f10 <vListInsert>
10007fac:	4b11      	ldr	r3, [pc, #68]	@ (10007ff4 <vTaskPlaceOnEventListRestricted+0xf0>)
10007fae:	681a      	ldr	r2, [r3, #0]
10007fb0:	4295      	cmp	r5, r2
10007fb2:	d2df      	bcs.n	10007f74 <vTaskPlaceOnEventListRestricted+0x70>
10007fb4:	601d      	str	r5, [r3, #0]
10007fb6:	e7dd      	b.n	10007f74 <vTaskPlaceOnEventListRestricted+0x70>
10007fb8:	6821      	ldr	r1, [r4, #0]
10007fba:	4640      	mov	r0, r8
10007fbc:	3104      	adds	r1, #4
10007fbe:	f7fe ffa7 	bl	10006f10 <vListInsert>
10007fc2:	e7d7      	b.n	10007f74 <vTaskPlaceOnEventListRestricted+0x70>
10007fc4:	6822      	ldr	r2, [r4, #0]
10007fc6:	1e73      	subs	r3, r6, #1
10007fc8:	6053      	str	r3, [r2, #4]
10007fca:	429e      	cmp	r6, r3
10007fcc:	d8f4      	bhi.n	10007fb8 <vTaskPlaceOnEventListRestricted+0xb4>
10007fce:	6821      	ldr	r1, [r4, #0]
10007fd0:	0038      	movs	r0, r7
10007fd2:	3104      	adds	r1, #4
10007fd4:	f7fe ff9c 	bl	10006f10 <vListInsert>
10007fd8:	4b06      	ldr	r3, [pc, #24]	@ (10007ff4 <vTaskPlaceOnEventListRestricted+0xf0>)
10007fda:	681b      	ldr	r3, [r3, #0]
10007fdc:	e7ca      	b.n	10007f74 <vTaskPlaceOnEventListRestricted+0x70>
10007fde:	46c0      	nop			@ (mov r8, r8)
10007fe0:	20001fdc 	.word	0x20001fdc
10007fe4:	20022480 	.word	0x20022480
10007fe8:	20001fe4 	.word	0x20001fe4
10007fec:	20001fec 	.word	0x20001fec
10007ff0:	20022458 	.word	0x20022458
10007ff4:	20022424 	.word	0x20022424

10007ff8 <xTaskRemoveFromEventList>:
10007ff8:	68c3      	ldr	r3, [r0, #12]
10007ffa:	b570      	push	{r4, r5, r6, lr}
10007ffc:	68db      	ldr	r3, [r3, #12]
10007ffe:	69d8      	ldr	r0, [r3, #28]
10008000:	6a19      	ldr	r1, [r3, #32]
10008002:	6a9a      	ldr	r2, [r3, #40]	@ 0x28
10008004:	6081      	str	r1, [r0, #8]
10008006:	69d8      	ldr	r0, [r3, #28]
10008008:	6048      	str	r0, [r1, #4]
1000800a:	0018      	movs	r0, r3
1000800c:	6851      	ldr	r1, [r2, #4]
1000800e:	3018      	adds	r0, #24
10008010:	4281      	cmp	r1, r0
10008012:	d043      	beq.n	1000809c <xTaskRemoveFromEventList+0xa4>
10008014:	2100      	movs	r1, #0
10008016:	6299      	str	r1, [r3, #40]	@ 0x28
10008018:	6811      	ldr	r1, [r2, #0]
1000801a:	3901      	subs	r1, #1
1000801c:	6011      	str	r1, [r2, #0]
1000801e:	4a26      	ldr	r2, [pc, #152]	@ (100080b8 <xTaskRemoveFromEventList+0xc0>)
10008020:	6812      	ldr	r2, [r2, #0]
10008022:	2a00      	cmp	r2, #0
10008024:	d12c      	bne.n	10008080 <xTaskRemoveFromEventList+0x88>
10008026:	6898      	ldr	r0, [r3, #8]
10008028:	68d9      	ldr	r1, [r3, #12]
1000802a:	695a      	ldr	r2, [r3, #20]
1000802c:	6081      	str	r1, [r0, #8]
1000802e:	6898      	ldr	r0, [r3, #8]
10008030:	1d1c      	adds	r4, r3, #4
10008032:	6048      	str	r0, [r1, #4]
10008034:	6851      	ldr	r1, [r2, #4]
10008036:	42a1      	cmp	r1, r4
10008038:	d033      	beq.n	100080a2 <xTaskRemoveFromEventList+0xaa>
1000803a:	6811      	ldr	r1, [r2, #0]
1000803c:	3901      	subs	r1, #1
1000803e:	6011      	str	r1, [r2, #0]
10008040:	4a1e      	ldr	r2, [pc, #120]	@ (100080bc <xTaskRemoveFromEventList+0xc4>)
10008042:	6ad9      	ldr	r1, [r3, #44]	@ 0x2c
10008044:	6810      	ldr	r0, [r2, #0]
10008046:	4281      	cmp	r1, r0
10008048:	d826      	bhi.n	10008098 <xTaskRemoveFromEventList+0xa0>
1000804a:	008a      	lsls	r2, r1, #2
1000804c:	481c      	ldr	r0, [pc, #112]	@ (100080c0 <xTaskRemoveFromEventList+0xc8>)
1000804e:	1852      	adds	r2, r2, r1
10008050:	0092      	lsls	r2, r2, #2
10008052:	1885      	adds	r5, r0, r2
10008054:	6869      	ldr	r1, [r5, #4]
10008056:	6099      	str	r1, [r3, #8]
10008058:	688e      	ldr	r6, [r1, #8]
1000805a:	60de      	str	r6, [r3, #12]
1000805c:	6074      	str	r4, [r6, #4]
1000805e:	608c      	str	r4, [r1, #8]
10008060:	5881      	ldr	r1, [r0, r2]
10008062:	615d      	str	r5, [r3, #20]
10008064:	3101      	adds	r1, #1
10008066:	5081      	str	r1, [r0, r2]
10008068:	4a16      	ldr	r2, [pc, #88]	@ (100080c4 <xTaskRemoveFromEventList+0xcc>)
1000806a:	2000      	movs	r0, #0
1000806c:	6811      	ldr	r1, [r2, #0]
1000806e:	6ada      	ldr	r2, [r3, #44]	@ 0x2c
10008070:	6acb      	ldr	r3, [r1, #44]	@ 0x2c
10008072:	429a      	cmp	r2, r3
10008074:	d903      	bls.n	1000807e <xTaskRemoveFromEventList+0x86>
10008076:	2201      	movs	r2, #1
10008078:	4b13      	ldr	r3, [pc, #76]	@ (100080c8 <xTaskRemoveFromEventList+0xd0>)
1000807a:	3001      	adds	r0, #1
1000807c:	601a      	str	r2, [r3, #0]
1000807e:	bd70      	pop	{r4, r5, r6, pc}
10008080:	4a12      	ldr	r2, [pc, #72]	@ (100080cc <xTaskRemoveFromEventList+0xd4>)
10008082:	6851      	ldr	r1, [r2, #4]
10008084:	61d9      	str	r1, [r3, #28]
10008086:	688c      	ldr	r4, [r1, #8]
10008088:	621c      	str	r4, [r3, #32]
1000808a:	6060      	str	r0, [r4, #4]
1000808c:	6088      	str	r0, [r1, #8]
1000808e:	6811      	ldr	r1, [r2, #0]
10008090:	629a      	str	r2, [r3, #40]	@ 0x28
10008092:	3101      	adds	r1, #1
10008094:	6011      	str	r1, [r2, #0]
10008096:	e7e7      	b.n	10008068 <xTaskRemoveFromEventList+0x70>
10008098:	6011      	str	r1, [r2, #0]
1000809a:	e7d6      	b.n	1000804a <xTaskRemoveFromEventList+0x52>
1000809c:	6a19      	ldr	r1, [r3, #32]
1000809e:	6051      	str	r1, [r2, #4]
100080a0:	e7b8      	b.n	10008014 <xTaskRemoveFromEventList+0x1c>
100080a2:	68d9      	ldr	r1, [r3, #12]
100080a4:	6051      	str	r1, [r2, #4]
100080a6:	6811      	ldr	r1, [r2, #0]
100080a8:	3901      	subs	r1, #1
100080aa:	6011      	str	r1, [r2, #0]
100080ac:	4a03      	ldr	r2, [pc, #12]	@ (100080bc <xTaskRemoveFromEventList+0xc4>)
100080ae:	6ad9      	ldr	r1, [r3, #44]	@ 0x2c
100080b0:	6810      	ldr	r0, [r2, #0]
100080b2:	4281      	cmp	r1, r0
100080b4:	d9c9      	bls.n	1000804a <xTaskRemoveFromEventList+0x52>
100080b6:	e7ef      	b.n	10008098 <xTaskRemoveFromEventList+0xa0>
100080b8:	200223b4 	.word	0x200223b4
100080bc:	200223bc 	.word	0x200223bc
100080c0:	20001ff4 	.word	0x20001ff4
100080c4:	20001fdc 	.word	0x20001fdc
100080c8:	2002248c 	.word	0x2002248c
100080cc:	20022438 	.word	0x20022438

100080d0 <vTaskRemoveFromUnorderedEventList>:
100080d0:	2380      	movs	r3, #128	@ 0x80
100080d2:	061b      	lsls	r3, r3, #24
100080d4:	b570      	push	{r4, r5, r6, lr}
100080d6:	6902      	ldr	r2, [r0, #16]
100080d8:	6844      	ldr	r4, [r0, #4]
100080da:	430b      	orrs	r3, r1
100080dc:	6881      	ldr	r1, [r0, #8]
100080de:	6003      	str	r3, [r0, #0]
100080e0:	68c3      	ldr	r3, [r0, #12]
100080e2:	60a1      	str	r1, [r4, #8]
100080e4:	604c      	str	r4, [r1, #4]
100080e6:	6854      	ldr	r4, [r2, #4]
100080e8:	4284      	cmp	r4, r0
100080ea:	d030      	beq.n	1000814e <vTaskRemoveFromUnorderedEventList+0x7e>
100080ec:	2100      	movs	r1, #0
100080ee:	6101      	str	r1, [r0, #16]
100080f0:	6811      	ldr	r1, [r2, #0]
100080f2:	6898      	ldr	r0, [r3, #8]
100080f4:	3901      	subs	r1, #1
100080f6:	6011      	str	r1, [r2, #0]
100080f8:	68d9      	ldr	r1, [r3, #12]
100080fa:	695a      	ldr	r2, [r3, #20]
100080fc:	6081      	str	r1, [r0, #8]
100080fe:	6898      	ldr	r0, [r3, #8]
10008100:	1d1c      	adds	r4, r3, #4
10008102:	6048      	str	r0, [r1, #4]
10008104:	6851      	ldr	r1, [r2, #4]
10008106:	42a1      	cmp	r1, r4
10008108:	d023      	beq.n	10008152 <vTaskRemoveFromUnorderedEventList+0x82>
1000810a:	6811      	ldr	r1, [r2, #0]
1000810c:	3901      	subs	r1, #1
1000810e:	6011      	str	r1, [r2, #0]
10008110:	4a11      	ldr	r2, [pc, #68]	@ (10008158 <vTaskRemoveFromUnorderedEventList+0x88>)
10008112:	6ad9      	ldr	r1, [r3, #44]	@ 0x2c
10008114:	6810      	ldr	r0, [r2, #0]
10008116:	4281      	cmp	r1, r0
10008118:	d900      	bls.n	1000811c <vTaskRemoveFromUnorderedEventList+0x4c>
1000811a:	6011      	str	r1, [r2, #0]
1000811c:	008a      	lsls	r2, r1, #2
1000811e:	480f      	ldr	r0, [pc, #60]	@ (1000815c <vTaskRemoveFromUnorderedEventList+0x8c>)
10008120:	1852      	adds	r2, r2, r1
10008122:	0092      	lsls	r2, r2, #2
10008124:	1885      	adds	r5, r0, r2
10008126:	6869      	ldr	r1, [r5, #4]
10008128:	6099      	str	r1, [r3, #8]
1000812a:	688e      	ldr	r6, [r1, #8]
1000812c:	60de      	str	r6, [r3, #12]
1000812e:	6074      	str	r4, [r6, #4]
10008130:	608c      	str	r4, [r1, #8]
10008132:	5881      	ldr	r1, [r0, r2]
10008134:	615d      	str	r5, [r3, #20]
10008136:	3101      	adds	r1, #1
10008138:	5081      	str	r1, [r0, r2]
1000813a:	4a09      	ldr	r2, [pc, #36]	@ (10008160 <vTaskRemoveFromUnorderedEventList+0x90>)
1000813c:	6811      	ldr	r1, [r2, #0]
1000813e:	6ada      	ldr	r2, [r3, #44]	@ 0x2c
10008140:	6acb      	ldr	r3, [r1, #44]	@ 0x2c
10008142:	429a      	cmp	r2, r3
10008144:	d902      	bls.n	1000814c <vTaskRemoveFromUnorderedEventList+0x7c>
10008146:	2201      	movs	r2, #1
10008148:	4b06      	ldr	r3, [pc, #24]	@ (10008164 <vTaskRemoveFromUnorderedEventList+0x94>)
1000814a:	601a      	str	r2, [r3, #0]
1000814c:	bd70      	pop	{r4, r5, r6, pc}
1000814e:	6051      	str	r1, [r2, #4]
10008150:	e7cc      	b.n	100080ec <vTaskRemoveFromUnorderedEventList+0x1c>
10008152:	68d9      	ldr	r1, [r3, #12]
10008154:	6051      	str	r1, [r2, #4]
10008156:	e7d8      	b.n	1000810a <vTaskRemoveFromUnorderedEventList+0x3a>
10008158:	200223bc 	.word	0x200223bc
1000815c:	20001ff4 	.word	0x20001ff4
10008160:	20001fdc 	.word	0x20001fdc
10008164:	2002248c 	.word	0x2002248c

10008168 <vTaskInternalSetTimeOutState>:
10008168:	4b03      	ldr	r3, [pc, #12]	@ (10008178 <vTaskInternalSetTimeOutState+0x10>)
1000816a:	681b      	ldr	r3, [r3, #0]
1000816c:	6003      	str	r3, [r0, #0]
1000816e:	4b03      	ldr	r3, [pc, #12]	@ (1000817c <vTaskInternalSetTimeOutState+0x14>)
10008170:	681b      	ldr	r3, [r3, #0]
10008172:	6043      	str	r3, [r0, #4]
10008174:	4770      	bx	lr
10008176:	46c0      	nop			@ (mov r8, r8)
10008178:	20022428 	.word	0x20022428
1000817c:	20022480 	.word	0x20022480

10008180 <xTaskCheckForTimeOut>:
10008180:	b5f0      	push	{r4, r5, r6, r7, lr}
10008182:	46c6      	mov	lr, r8
10008184:	b500      	push	{lr}
10008186:	000e      	movs	r6, r1
10008188:	0007      	movs	r7, r0
1000818a:	f7fe fbc9 	bl	10006920 <vPortEnterCritical>
1000818e:	236d      	movs	r3, #109	@ 0x6d
10008190:	4c15      	ldr	r4, [pc, #84]	@ (100081e8 <xTaskCheckForTimeOut+0x68>)
10008192:	4a16      	ldr	r2, [pc, #88]	@ (100081ec <xTaskCheckForTimeOut+0x6c>)
10008194:	6821      	ldr	r1, [r4, #0]
10008196:	6815      	ldr	r5, [r2, #0]
10008198:	5ced      	ldrb	r5, [r5, r3]
1000819a:	2d00      	cmp	r5, #0
1000819c:	d009      	beq.n	100081b2 <xTaskCheckForTimeOut+0x32>
1000819e:	2100      	movs	r1, #0
100081a0:	6812      	ldr	r2, [r2, #0]
100081a2:	54d1      	strb	r1, [r2, r3]
100081a4:	2401      	movs	r4, #1
100081a6:	f7fe fbc7 	bl	10006938 <vPortExitCritical>
100081aa:	0020      	movs	r0, r4
100081ac:	bc80      	pop	{r7}
100081ae:	46b8      	mov	r8, r7
100081b0:	bdf0      	pop	{r4, r5, r6, r7, pc}
100081b2:	6833      	ldr	r3, [r6, #0]
100081b4:	1c5a      	adds	r2, r3, #1
100081b6:	d015      	beq.n	100081e4 <xTaskCheckForTimeOut+0x64>
100081b8:	480d      	ldr	r0, [pc, #52]	@ (100081f0 <xTaskCheckForTimeOut+0x70>)
100081ba:	687a      	ldr	r2, [r7, #4]
100081bc:	6805      	ldr	r5, [r0, #0]
100081be:	46a8      	mov	r8, r5
100081c0:	683d      	ldr	r5, [r7, #0]
100081c2:	4545      	cmp	r5, r8
100081c4:	d004      	beq.n	100081d0 <xTaskCheckForTimeOut+0x50>
100081c6:	428a      	cmp	r2, r1
100081c8:	d802      	bhi.n	100081d0 <xTaskCheckForTimeOut+0x50>
100081ca:	2300      	movs	r3, #0
100081cc:	6033      	str	r3, [r6, #0]
100081ce:	e7e9      	b.n	100081a4 <xTaskCheckForTimeOut+0x24>
100081d0:	1a8d      	subs	r5, r1, r2
100081d2:	42ab      	cmp	r3, r5
100081d4:	d9f9      	bls.n	100081ca <xTaskCheckForTimeOut+0x4a>
100081d6:	1a5b      	subs	r3, r3, r1
100081d8:	189b      	adds	r3, r3, r2
100081da:	6033      	str	r3, [r6, #0]
100081dc:	6803      	ldr	r3, [r0, #0]
100081de:	603b      	str	r3, [r7, #0]
100081e0:	6823      	ldr	r3, [r4, #0]
100081e2:	607b      	str	r3, [r7, #4]
100081e4:	2400      	movs	r4, #0
100081e6:	e7de      	b.n	100081a6 <xTaskCheckForTimeOut+0x26>
100081e8:	20022480 	.word	0x20022480
100081ec:	20001fdc 	.word	0x20001fdc
100081f0:	20022428 	.word	0x20022428

100081f4 <vTaskMissedYield>:
100081f4:	2201      	movs	r2, #1
100081f6:	4b01      	ldr	r3, [pc, #4]	@ (100081fc <vTaskMissedYield+0x8>)
100081f8:	601a      	str	r2, [r3, #0]
100081fa:	4770      	bx	lr
100081fc:	2002248c 	.word	0x2002248c

10008200 <xTaskGetCurrentTaskHandle>:
10008200:	4b01      	ldr	r3, [pc, #4]	@ (10008208 <xTaskGetCurrentTaskHandle+0x8>)
10008202:	6818      	ldr	r0, [r3, #0]
10008204:	4770      	bx	lr
10008206:	46c0      	nop			@ (mov r8, r8)
10008208:	20001fdc 	.word	0x20001fdc

1000820c <xTaskPriorityDisinherit>:
1000820c:	b570      	push	{r4, r5, r6, lr}
1000820e:	1e04      	subs	r4, r0, #0
10008210:	d008      	beq.n	10008224 <xTaskPriorityDisinherit+0x18>
10008212:	6d03      	ldr	r3, [r0, #80]	@ 0x50
10008214:	6ac1      	ldr	r1, [r0, #44]	@ 0x2c
10008216:	6cc2      	ldr	r2, [r0, #76]	@ 0x4c
10008218:	3b01      	subs	r3, #1
1000821a:	6503      	str	r3, [r0, #80]	@ 0x50
1000821c:	4291      	cmp	r1, r2
1000821e:	d001      	beq.n	10008224 <xTaskPriorityDisinherit+0x18>
10008220:	2b00      	cmp	r3, #0
10008222:	d001      	beq.n	10008228 <xTaskPriorityDisinherit+0x1c>
10008224:	2000      	movs	r0, #0
10008226:	bd70      	pop	{r4, r5, r6, pc}
10008228:	1d05      	adds	r5, r0, #4
1000822a:	0028      	movs	r0, r5
1000822c:	f7fe fe88 	bl	10006f40 <uxListRemove>
10008230:	2320      	movs	r3, #32
10008232:	6ce2      	ldr	r2, [r4, #76]	@ 0x4c
10008234:	1a9b      	subs	r3, r3, r2
10008236:	61a3      	str	r3, [r4, #24]
10008238:	4b0b      	ldr	r3, [pc, #44]	@ (10008268 <xTaskPriorityDisinherit+0x5c>)
1000823a:	62e2      	str	r2, [r4, #44]	@ 0x2c
1000823c:	6819      	ldr	r1, [r3, #0]
1000823e:	428a      	cmp	r2, r1
10008240:	d900      	bls.n	10008244 <xTaskPriorityDisinherit+0x38>
10008242:	601a      	str	r2, [r3, #0]
10008244:	0093      	lsls	r3, r2, #2
10008246:	4909      	ldr	r1, [pc, #36]	@ (1000826c <xTaskPriorityDisinherit+0x60>)
10008248:	189b      	adds	r3, r3, r2
1000824a:	009b      	lsls	r3, r3, #2
1000824c:	18c8      	adds	r0, r1, r3
1000824e:	6842      	ldr	r2, [r0, #4]
10008250:	60a2      	str	r2, [r4, #8]
10008252:	6896      	ldr	r6, [r2, #8]
10008254:	60e6      	str	r6, [r4, #12]
10008256:	6075      	str	r5, [r6, #4]
10008258:	6095      	str	r5, [r2, #8]
1000825a:	58ca      	ldr	r2, [r1, r3]
1000825c:	6160      	str	r0, [r4, #20]
1000825e:	3201      	adds	r2, #1
10008260:	2001      	movs	r0, #1
10008262:	50ca      	str	r2, [r1, r3]
10008264:	e7df      	b.n	10008226 <xTaskPriorityDisinherit+0x1a>
10008266:	46c0      	nop			@ (mov r8, r8)
10008268:	200223bc 	.word	0x200223bc
1000826c:	20001ff4 	.word	0x20001ff4

10008270 <uxTaskResetEventItemValue>:
10008270:	4b04      	ldr	r3, [pc, #16]	@ (10008284 <uxTaskResetEventItemValue+0x14>)
10008272:	681a      	ldr	r2, [r3, #0]
10008274:	6819      	ldr	r1, [r3, #0]
10008276:	6990      	ldr	r0, [r2, #24]
10008278:	681a      	ldr	r2, [r3, #0]
1000827a:	2320      	movs	r3, #32
1000827c:	6ac9      	ldr	r1, [r1, #44]	@ 0x2c
1000827e:	1a5b      	subs	r3, r3, r1
10008280:	6193      	str	r3, [r2, #24]
10008282:	4770      	bx	lr
10008284:	20001fdc 	.word	0x20001fdc

10008288 <prvTimerTask>:
10008288:	b5f0      	push	{r4, r5, r6, r7, lr}
1000828a:	4657      	mov	r7, sl
1000828c:	46de      	mov	lr, fp
1000828e:	464e      	mov	r6, r9
10008290:	4645      	mov	r5, r8
10008292:	b5e0      	push	{r5, r6, r7, lr}
10008294:	4bce      	ldr	r3, [pc, #824]	@ (100085d0 <prvTimerTask+0x348>)
10008296:	b08b      	sub	sp, #44	@ 0x2c
10008298:	4698      	mov	r8, r3
1000829a:	4bce      	ldr	r3, [pc, #824]	@ (100085d4 <prvTimerTask+0x34c>)
1000829c:	af06      	add	r7, sp, #24
1000829e:	9301      	str	r3, [sp, #4]
100082a0:	4bcd      	ldr	r3, [pc, #820]	@ (100085d8 <prvTimerTask+0x350>)
100082a2:	469b      	mov	fp, r3
100082a4:	4bcd      	ldr	r3, [pc, #820]	@ (100085dc <prvTimerTask+0x354>)
100082a6:	4699      	mov	r9, r3
100082a8:	4bcd      	ldr	r3, [pc, #820]	@ (100085e0 <prvTimerTask+0x358>)
100082aa:	464c      	mov	r4, r9
100082ac:	9302      	str	r3, [sp, #8]
100082ae:	2328      	movs	r3, #40	@ 0x28
100082b0:	46d9      	mov	r9, fp
100082b2:	469a      	mov	sl, r3
100082b4:	46c3      	mov	fp, r8
100082b6:	465b      	mov	r3, fp
100082b8:	681b      	ldr	r3, [r3, #0]
100082ba:	681d      	ldr	r5, [r3, #0]
100082bc:	2d00      	cmp	r5, #0
100082be:	d000      	beq.n	100082c2 <prvTimerTask+0x3a>
100082c0:	e0e1      	b.n	10008486 <prvTimerTask+0x1fe>
100082c2:	f7ff fc01 	bl	10007ac8 <vTaskSuspendAll>
100082c6:	f7ff fd0f 	bl	10007ce8 <xTaskGetTickCount>
100082ca:	9a01      	ldr	r2, [sp, #4]
100082cc:	4680      	mov	r8, r0
100082ce:	6813      	ldr	r3, [r2, #0]
100082d0:	4283      	cmp	r3, r0
100082d2:	d900      	bls.n	100082d6 <prvTimerTask+0x4e>
100082d4:	e0e7      	b.n	100084a6 <prvTimerTask+0x21e>
100082d6:	464b      	mov	r3, r9
100082d8:	681b      	ldr	r3, [r3, #0]
100082da:	6010      	str	r0, [r2, #0]
100082dc:	681a      	ldr	r2, [r3, #0]
100082de:	4253      	negs	r3, r2
100082e0:	415a      	adcs	r2, r3
100082e2:	4643      	mov	r3, r8
100082e4:	6820      	ldr	r0, [r4, #0]
100082e6:	1ae9      	subs	r1, r5, r3
100082e8:	f7ff f954 	bl	10007594 <vQueueWaitForMessageRestricted>
100082ec:	f7ff fbf4 	bl	10007ad8 <xTaskResumeAll>
100082f0:	2800      	cmp	r0, #0
100082f2:	d100      	bne.n	100082f6 <prvTimerTask+0x6e>
100082f4:	e12b      	b.n	1000854e <prvTimerTask+0x2c6>
100082f6:	2210      	movs	r2, #16
100082f8:	2100      	movs	r1, #0
100082fa:	0038      	movs	r0, r7
100082fc:	f7f9 ff06 	bl	1000210c <__wrap_memset>
10008300:	2200      	movs	r2, #0
10008302:	0039      	movs	r1, r7
10008304:	6820      	ldr	r0, [r4, #0]
10008306:	f7ff f82b 	bl	10007360 <xQueueReceive>
1000830a:	2800      	cmp	r0, #0
1000830c:	d0d3      	beq.n	100082b6 <prvTimerTask+0x2e>
1000830e:	683b      	ldr	r3, [r7, #0]
10008310:	2b00      	cmp	r3, #0
10008312:	db5a      	blt.n	100083ca <prvTimerTask+0x142>
10008314:	68bd      	ldr	r5, [r7, #8]
10008316:	2d00      	cmp	r5, #0
10008318:	d0f2      	beq.n	10008300 <prvTimerTask+0x78>
1000831a:	696b      	ldr	r3, [r5, #20]
1000831c:	2b00      	cmp	r3, #0
1000831e:	d002      	beq.n	10008326 <prvTimerTask+0x9e>
10008320:	1d28      	adds	r0, r5, #4
10008322:	f7fe fe0d 	bl	10006f40 <uxListRemove>
10008326:	f7ff fcdf 	bl	10007ce8 <xTaskGetTickCount>
1000832a:	9b01      	ldr	r3, [sp, #4]
1000832c:	0006      	movs	r6, r0
1000832e:	681b      	ldr	r3, [r3, #0]
10008330:	4298      	cmp	r0, r3
10008332:	d352      	bcc.n	100083da <prvTimerTask+0x152>
10008334:	9b01      	ldr	r3, [sp, #4]
10008336:	601e      	str	r6, [r3, #0]
10008338:	683b      	ldr	r3, [r7, #0]
1000833a:	2b09      	cmp	r3, #9
1000833c:	d8e0      	bhi.n	10008300 <prvTimerTask+0x78>
1000833e:	9a02      	ldr	r2, [sp, #8]
10008340:	009b      	lsls	r3, r3, #2
10008342:	58d3      	ldr	r3, [r2, r3]
10008344:	469f      	mov	pc, r3
10008346:	4653      	mov	r3, sl
10008348:	5ce8      	ldrb	r0, [r5, r3]
1000834a:	2301      	movs	r3, #1
1000834c:	4652      	mov	r2, sl
1000834e:	4303      	orrs	r3, r0
10008350:	54ab      	strb	r3, [r5, r2]
10008352:	6879      	ldr	r1, [r7, #4]
10008354:	69aa      	ldr	r2, [r5, #24]
10008356:	612d      	str	r5, [r5, #16]
10008358:	188b      	adds	r3, r1, r2
1000835a:	606b      	str	r3, [r5, #4]
1000835c:	42b3      	cmp	r3, r6
1000835e:	d900      	bls.n	10008362 <prvTimerTask+0xda>
10008360:	e086      	b.n	10008470 <prvTimerTask+0x1e8>
10008362:	1a71      	subs	r1, r6, r1
10008364:	428a      	cmp	r2, r1
10008366:	d819      	bhi.n	1000839c <prvTimerTask+0x114>
10008368:	0741      	lsls	r1, r0, #29
1000836a:	d500      	bpl.n	1000836e <prvTimerTask+0xe6>
1000836c:	e0f2      	b.n	10008554 <prvTimerTask+0x2cc>
1000836e:	2301      	movs	r3, #1
10008370:	4398      	bics	r0, r3
10008372:	4653      	mov	r3, sl
10008374:	54e8      	strb	r0, [r5, r3]
10008376:	0028      	movs	r0, r5
10008378:	6a2b      	ldr	r3, [r5, #32]
1000837a:	4798      	blx	r3
1000837c:	e7c0      	b.n	10008300 <prvTimerTask+0x78>
1000837e:	4653      	mov	r3, sl
10008380:	2201      	movs	r2, #1
10008382:	5ceb      	ldrb	r3, [r5, r3]
10008384:	4313      	orrs	r3, r2
10008386:	4652      	mov	r2, sl
10008388:	54ab      	strb	r3, [r5, r2]
1000838a:	687b      	ldr	r3, [r7, #4]
1000838c:	612d      	str	r5, [r5, #16]
1000838e:	199a      	adds	r2, r3, r6
10008390:	61ab      	str	r3, [r5, #24]
10008392:	606a      	str	r2, [r5, #4]
10008394:	42b2      	cmp	r2, r6
10008396:	d870      	bhi.n	1000847a <prvTimerTask+0x1f2>
10008398:	2b00      	cmp	r3, #0
1000839a:	d0b1      	beq.n	10008300 <prvTimerTask+0x78>
1000839c:	464b      	mov	r3, r9
1000839e:	1d29      	adds	r1, r5, #4
100083a0:	6818      	ldr	r0, [r3, #0]
100083a2:	f7fe fdb5 	bl	10006f10 <vListInsert>
100083a6:	e7ab      	b.n	10008300 <prvTimerTask+0x78>
100083a8:	4653      	mov	r3, sl
100083aa:	2201      	movs	r2, #1
100083ac:	5ceb      	ldrb	r3, [r5, r3]
100083ae:	4393      	bics	r3, r2
100083b0:	4652      	mov	r2, sl
100083b2:	54ab      	strb	r3, [r5, r2]
100083b4:	e7a4      	b.n	10008300 <prvTimerTask+0x78>
100083b6:	4653      	mov	r3, sl
100083b8:	5ceb      	ldrb	r3, [r5, r3]
100083ba:	079a      	lsls	r2, r3, #30
100083bc:	d400      	bmi.n	100083c0 <prvTimerTask+0x138>
100083be:	e0c2      	b.n	10008546 <prvTimerTask+0x2be>
100083c0:	2201      	movs	r2, #1
100083c2:	4393      	bics	r3, r2
100083c4:	4652      	mov	r2, sl
100083c6:	54ab      	strb	r3, [r5, r2]
100083c8:	e79a      	b.n	10008300 <prvTimerTask+0x78>
100083ca:	687b      	ldr	r3, [r7, #4]
100083cc:	68f9      	ldr	r1, [r7, #12]
100083ce:	68b8      	ldr	r0, [r7, #8]
100083d0:	4798      	blx	r3
100083d2:	683b      	ldr	r3, [r7, #0]
100083d4:	2b00      	cmp	r3, #0
100083d6:	db93      	blt.n	10008300 <prvTimerTask+0x78>
100083d8:	e79c      	b.n	10008314 <prvTimerTask+0x8c>
100083da:	465b      	mov	r3, fp
100083dc:	681b      	ldr	r3, [r3, #0]
100083de:	681a      	ldr	r2, [r3, #0]
100083e0:	2a00      	cmp	r2, #0
100083e2:	d03e      	beq.n	10008462 <prvTimerTask+0x1da>
100083e4:	9503      	str	r5, [sp, #12]
100083e6:	9004      	str	r0, [sp, #16]
100083e8:	9405      	str	r4, [sp, #20]
100083ea:	e00b      	b.n	10008404 <prvTimerTask+0x17c>
100083ec:	2201      	movs	r2, #1
100083ee:	4393      	bics	r3, r2
100083f0:	4652      	mov	r2, sl
100083f2:	54a3      	strb	r3, [r4, r2]
100083f4:	6a23      	ldr	r3, [r4, #32]
100083f6:	0020      	movs	r0, r4
100083f8:	4798      	blx	r3
100083fa:	465b      	mov	r3, fp
100083fc:	681b      	ldr	r3, [r3, #0]
100083fe:	681a      	ldr	r2, [r3, #0]
10008400:	2a00      	cmp	r2, #0
10008402:	d02b      	beq.n	1000845c <prvTimerTask+0x1d4>
10008404:	68db      	ldr	r3, [r3, #12]
10008406:	68dc      	ldr	r4, [r3, #12]
10008408:	681e      	ldr	r6, [r3, #0]
1000840a:	1d23      	adds	r3, r4, #4
1000840c:	0018      	movs	r0, r3
1000840e:	4698      	mov	r8, r3
10008410:	f7fe fd96 	bl	10006f40 <uxListRemove>
10008414:	4653      	mov	r3, sl
10008416:	2204      	movs	r2, #4
10008418:	5ce3      	ldrb	r3, [r4, r3]
1000841a:	421a      	tst	r2, r3
1000841c:	d0e6      	beq.n	100083ec <prvTimerTask+0x164>
1000841e:	69a3      	ldr	r3, [r4, #24]
10008420:	6124      	str	r4, [r4, #16]
10008422:	18f5      	adds	r5, r6, r3
10008424:	43f6      	mvns	r6, r6
10008426:	6065      	str	r5, [r4, #4]
10008428:	429e      	cmp	r6, r3
1000842a:	d30a      	bcc.n	10008442 <prvTimerTask+0x1ba>
1000842c:	002e      	movs	r6, r5
1000842e:	43f6      	mvns	r6, r6
10008430:	6a23      	ldr	r3, [r4, #32]
10008432:	0020      	movs	r0, r4
10008434:	4798      	blx	r3
10008436:	69a3      	ldr	r3, [r4, #24]
10008438:	6124      	str	r4, [r4, #16]
1000843a:	18ed      	adds	r5, r5, r3
1000843c:	6065      	str	r5, [r4, #4]
1000843e:	42b3      	cmp	r3, r6
10008440:	d9f4      	bls.n	1000842c <prvTimerTask+0x1a4>
10008442:	464b      	mov	r3, r9
10008444:	4641      	mov	r1, r8
10008446:	6818      	ldr	r0, [r3, #0]
10008448:	f7fe fd62 	bl	10006f10 <vListInsert>
1000844c:	6a23      	ldr	r3, [r4, #32]
1000844e:	0020      	movs	r0, r4
10008450:	4798      	blx	r3
10008452:	465b      	mov	r3, fp
10008454:	681b      	ldr	r3, [r3, #0]
10008456:	681a      	ldr	r2, [r3, #0]
10008458:	2a00      	cmp	r2, #0
1000845a:	d1d3      	bne.n	10008404 <prvTimerTask+0x17c>
1000845c:	9d03      	ldr	r5, [sp, #12]
1000845e:	9e04      	ldr	r6, [sp, #16]
10008460:	9c05      	ldr	r4, [sp, #20]
10008462:	464a      	mov	r2, r9
10008464:	4659      	mov	r1, fp
10008466:	6812      	ldr	r2, [r2, #0]
10008468:	600a      	str	r2, [r1, #0]
1000846a:	464a      	mov	r2, r9
1000846c:	6013      	str	r3, [r2, #0]
1000846e:	e761      	b.n	10008334 <prvTimerTask+0xac>
10008470:	42b1      	cmp	r1, r6
10008472:	d902      	bls.n	1000847a <prvTimerTask+0x1f2>
10008474:	4299      	cmp	r1, r3
10008476:	d800      	bhi.n	1000847a <prvTimerTask+0x1f2>
10008478:	e776      	b.n	10008368 <prvTimerTask+0xe0>
1000847a:	465b      	mov	r3, fp
1000847c:	1d29      	adds	r1, r5, #4
1000847e:	6818      	ldr	r0, [r3, #0]
10008480:	f7fe fd46 	bl	10006f10 <vListInsert>
10008484:	e73c      	b.n	10008300 <prvTimerTask+0x78>
10008486:	68db      	ldr	r3, [r3, #12]
10008488:	681d      	ldr	r5, [r3, #0]
1000848a:	f7ff fb1d 	bl	10007ac8 <vTaskSuspendAll>
1000848e:	f7ff fc2b 	bl	10007ce8 <xTaskGetTickCount>
10008492:	9a01      	ldr	r2, [sp, #4]
10008494:	4680      	mov	r8, r0
10008496:	6813      	ldr	r3, [r2, #0]
10008498:	4298      	cmp	r0, r3
1000849a:	d304      	bcc.n	100084a6 <prvTimerTask+0x21e>
1000849c:	6010      	str	r0, [r2, #0]
1000849e:	4285      	cmp	r5, r0
100084a0:	d97a      	bls.n	10008598 <prvTimerTask+0x310>
100084a2:	2200      	movs	r2, #0
100084a4:	e71d      	b.n	100082e2 <prvTimerTask+0x5a>
100084a6:	465b      	mov	r3, fp
100084a8:	681b      	ldr	r3, [r3, #0]
100084aa:	681a      	ldr	r2, [r3, #0]
100084ac:	2a00      	cmp	r2, #0
100084ae:	d03e      	beq.n	1000852e <prvTimerTask+0x2a6>
100084b0:	4642      	mov	r2, r8
100084b2:	9404      	str	r4, [sp, #16]
100084b4:	9203      	str	r2, [sp, #12]
100084b6:	e00b      	b.n	100084d0 <prvTimerTask+0x248>
100084b8:	2201      	movs	r2, #1
100084ba:	4393      	bics	r3, r2
100084bc:	4652      	mov	r2, sl
100084be:	54a3      	strb	r3, [r4, r2]
100084c0:	6a23      	ldr	r3, [r4, #32]
100084c2:	0020      	movs	r0, r4
100084c4:	4798      	blx	r3
100084c6:	465b      	mov	r3, fp
100084c8:	681b      	ldr	r3, [r3, #0]
100084ca:	681a      	ldr	r2, [r3, #0]
100084cc:	2a00      	cmp	r2, #0
100084ce:	d02b      	beq.n	10008528 <prvTimerTask+0x2a0>
100084d0:	68db      	ldr	r3, [r3, #12]
100084d2:	68dc      	ldr	r4, [r3, #12]
100084d4:	681e      	ldr	r6, [r3, #0]
100084d6:	1d23      	adds	r3, r4, #4
100084d8:	0018      	movs	r0, r3
100084da:	4698      	mov	r8, r3
100084dc:	f7fe fd30 	bl	10006f40 <uxListRemove>
100084e0:	4653      	mov	r3, sl
100084e2:	2204      	movs	r2, #4
100084e4:	5ce3      	ldrb	r3, [r4, r3]
100084e6:	421a      	tst	r2, r3
100084e8:	d0e6      	beq.n	100084b8 <prvTimerTask+0x230>
100084ea:	69a3      	ldr	r3, [r4, #24]
100084ec:	6124      	str	r4, [r4, #16]
100084ee:	18f5      	adds	r5, r6, r3
100084f0:	43f6      	mvns	r6, r6
100084f2:	6065      	str	r5, [r4, #4]
100084f4:	429e      	cmp	r6, r3
100084f6:	d30a      	bcc.n	1000850e <prvTimerTask+0x286>
100084f8:	002e      	movs	r6, r5
100084fa:	43f6      	mvns	r6, r6
100084fc:	6a23      	ldr	r3, [r4, #32]
100084fe:	0020      	movs	r0, r4
10008500:	4798      	blx	r3
10008502:	69a3      	ldr	r3, [r4, #24]
10008504:	6124      	str	r4, [r4, #16]
10008506:	18ed      	adds	r5, r5, r3
10008508:	6065      	str	r5, [r4, #4]
1000850a:	42b3      	cmp	r3, r6
1000850c:	d9f4      	bls.n	100084f8 <prvTimerTask+0x270>
1000850e:	464b      	mov	r3, r9
10008510:	4641      	mov	r1, r8
10008512:	6818      	ldr	r0, [r3, #0]
10008514:	f7fe fcfc 	bl	10006f10 <vListInsert>
10008518:	6a23      	ldr	r3, [r4, #32]
1000851a:	0020      	movs	r0, r4
1000851c:	4798      	blx	r3
1000851e:	465b      	mov	r3, fp
10008520:	681b      	ldr	r3, [r3, #0]
10008522:	681a      	ldr	r2, [r3, #0]
10008524:	2a00      	cmp	r2, #0
10008526:	d1d3      	bne.n	100084d0 <prvTimerTask+0x248>
10008528:	9a03      	ldr	r2, [sp, #12]
1000852a:	9c04      	ldr	r4, [sp, #16]
1000852c:	4690      	mov	r8, r2
1000852e:	464a      	mov	r2, r9
10008530:	4659      	mov	r1, fp
10008532:	6812      	ldr	r2, [r2, #0]
10008534:	600a      	str	r2, [r1, #0]
10008536:	464a      	mov	r2, r9
10008538:	6013      	str	r3, [r2, #0]
1000853a:	4642      	mov	r2, r8
1000853c:	9b01      	ldr	r3, [sp, #4]
1000853e:	601a      	str	r2, [r3, #0]
10008540:	f7ff faca 	bl	10007ad8 <xTaskResumeAll>
10008544:	e6d7      	b.n	100082f6 <prvTimerTask+0x6e>
10008546:	0028      	movs	r0, r5
10008548:	f7fe f8ea 	bl	10006720 <vPortFree>
1000854c:	e6d8      	b.n	10008300 <prvTimerTask+0x78>
1000854e:	f7fe f9db 	bl	10006908 <vPortYield>
10008552:	e6d0      	b.n	100082f6 <prvTimerTask+0x6e>
10008554:	46a0      	mov	r8, r4
10008556:	0034      	movs	r4, r6
10008558:	e007      	b.n	1000856a <prvTimerTask+0x2e2>
1000855a:	1ae3      	subs	r3, r4, r3
1000855c:	429a      	cmp	r2, r3
1000855e:	d814      	bhi.n	1000858a <prvTimerTask+0x302>
10008560:	6a2b      	ldr	r3, [r5, #32]
10008562:	0028      	movs	r0, r5
10008564:	4798      	blx	r3
10008566:	0033      	movs	r3, r6
10008568:	69aa      	ldr	r2, [r5, #24]
1000856a:	18d6      	adds	r6, r2, r3
1000856c:	606e      	str	r6, [r5, #4]
1000856e:	612d      	str	r5, [r5, #16]
10008570:	42b4      	cmp	r4, r6
10008572:	d2f2      	bcs.n	1000855a <prvTimerTask+0x2d2>
10008574:	429c      	cmp	r4, r3
10008576:	d201      	bcs.n	1000857c <prvTimerTask+0x2f4>
10008578:	42b3      	cmp	r3, r6
1000857a:	d9f1      	bls.n	10008560 <prvTimerTask+0x2d8>
1000857c:	465b      	mov	r3, fp
1000857e:	1d29      	adds	r1, r5, #4
10008580:	6818      	ldr	r0, [r3, #0]
10008582:	4644      	mov	r4, r8
10008584:	f7fe fcc4 	bl	10006f10 <vListInsert>
10008588:	e6f5      	b.n	10008376 <prvTimerTask+0xee>
1000858a:	464b      	mov	r3, r9
1000858c:	1d29      	adds	r1, r5, #4
1000858e:	6818      	ldr	r0, [r3, #0]
10008590:	4644      	mov	r4, r8
10008592:	f7fe fcbd 	bl	10006f10 <vListInsert>
10008596:	e6ee      	b.n	10008376 <prvTimerTask+0xee>
10008598:	f7ff fa9e 	bl	10007ad8 <xTaskResumeAll>
1000859c:	465b      	mov	r3, fp
1000859e:	681b      	ldr	r3, [r3, #0]
100085a0:	68db      	ldr	r3, [r3, #12]
100085a2:	68de      	ldr	r6, [r3, #12]
100085a4:	1d33      	adds	r3, r6, #4
100085a6:	0018      	movs	r0, r3
100085a8:	9303      	str	r3, [sp, #12]
100085aa:	f7fe fcc9 	bl	10006f40 <uxListRemove>
100085ae:	4653      	mov	r3, sl
100085b0:	5cf3      	ldrb	r3, [r6, r3]
100085b2:	075a      	lsls	r2, r3, #29
100085b4:	d407      	bmi.n	100085c6 <prvTimerTask+0x33e>
100085b6:	2201      	movs	r2, #1
100085b8:	4393      	bics	r3, r2
100085ba:	4652      	mov	r2, sl
100085bc:	54b3      	strb	r3, [r6, r2]
100085be:	0030      	movs	r0, r6
100085c0:	6a33      	ldr	r3, [r6, #32]
100085c2:	4798      	blx	r3
100085c4:	e697      	b.n	100082f6 <prvTimerTask+0x6e>
100085c6:	0022      	movs	r2, r4
100085c8:	002b      	movs	r3, r5
100085ca:	4644      	mov	r4, r8
100085cc:	4690      	mov	r8, r2
100085ce:	e010      	b.n	100085f2 <prvTimerTask+0x36a>
100085d0:	20001fe0 	.word	0x20001fe0
100085d4:	2002241c 	.word	0x2002241c
100085d8:	20001ff0 	.word	0x20001ff0
100085dc:	20022484 	.word	0x20022484
100085e0:	1000a170 	.word	0x1000a170
100085e4:	1ae3      	subs	r3, r4, r3
100085e6:	429a      	cmp	r2, r3
100085e8:	d814      	bhi.n	10008614 <prvTimerTask+0x38c>
100085ea:	6a33      	ldr	r3, [r6, #32]
100085ec:	0030      	movs	r0, r6
100085ee:	4798      	blx	r3
100085f0:	002b      	movs	r3, r5
100085f2:	69b2      	ldr	r2, [r6, #24]
100085f4:	6136      	str	r6, [r6, #16]
100085f6:	189d      	adds	r5, r3, r2
100085f8:	6075      	str	r5, [r6, #4]
100085fa:	42a5      	cmp	r5, r4
100085fc:	d9f2      	bls.n	100085e4 <prvTimerTask+0x35c>
100085fe:	42a3      	cmp	r3, r4
10008600:	d901      	bls.n	10008606 <prvTimerTask+0x37e>
10008602:	42ab      	cmp	r3, r5
10008604:	d9f1      	bls.n	100085ea <prvTimerTask+0x362>
10008606:	465b      	mov	r3, fp
10008608:	9903      	ldr	r1, [sp, #12]
1000860a:	6818      	ldr	r0, [r3, #0]
1000860c:	4644      	mov	r4, r8
1000860e:	f7fe fc7f 	bl	10006f10 <vListInsert>
10008612:	e7d4      	b.n	100085be <prvTimerTask+0x336>
10008614:	464b      	mov	r3, r9
10008616:	9903      	ldr	r1, [sp, #12]
10008618:	6818      	ldr	r0, [r3, #0]
1000861a:	4644      	mov	r4, r8
1000861c:	f7fe fc78 	bl	10006f10 <vListInsert>
10008620:	e7cd      	b.n	100085be <prvTimerTask+0x336>
10008622:	46c0      	nop			@ (mov r8, r8)

10008624 <xTimerCreateTimerTask>:
10008624:	b570      	push	{r4, r5, r6, lr}
10008626:	b082      	sub	sp, #8
10008628:	f7fe f97a 	bl	10006920 <vPortEnterCritical>
1000862c:	4c17      	ldr	r4, [pc, #92]	@ (1000868c <xTimerCreateTimerTask+0x68>)
1000862e:	6823      	ldr	r3, [r4, #0]
10008630:	2b00      	cmp	r3, #0
10008632:	d012      	beq.n	1000865a <xTimerCreateTimerTask+0x36>
10008634:	f7fe f980 	bl	10006938 <vPortExitCritical>
10008638:	6823      	ldr	r3, [r4, #0]
1000863a:	2000      	movs	r0, #0
1000863c:	2b00      	cmp	r3, #0
1000863e:	d00a      	beq.n	10008656 <xTimerCreateTimerTask+0x32>
10008640:	4b13      	ldr	r3, [pc, #76]	@ (10008690 <xTimerCreateTimerTask+0x6c>)
10008642:	2280      	movs	r2, #128	@ 0x80
10008644:	9301      	str	r3, [sp, #4]
10008646:	231f      	movs	r3, #31
10008648:	4912      	ldr	r1, [pc, #72]	@ (10008694 <xTimerCreateTimerTask+0x70>)
1000864a:	9300      	str	r3, [sp, #0]
1000864c:	4812      	ldr	r0, [pc, #72]	@ (10008698 <xTimerCreateTimerTask+0x74>)
1000864e:	2300      	movs	r3, #0
10008650:	00d2      	lsls	r2, r2, #3
10008652:	f7ff f9ed 	bl	10007a30 <xTaskCreate>
10008656:	b002      	add	sp, #8
10008658:	bd70      	pop	{r4, r5, r6, pc}
1000865a:	4e10      	ldr	r6, [pc, #64]	@ (1000869c <xTimerCreateTimerTask+0x78>)
1000865c:	0030      	movs	r0, r6
1000865e:	f7fe fc47 	bl	10006ef0 <vListInitialise>
10008662:	4d0f      	ldr	r5, [pc, #60]	@ (100086a0 <xTimerCreateTimerTask+0x7c>)
10008664:	0028      	movs	r0, r5
10008666:	f7fe fc43 	bl	10006ef0 <vListInitialise>
1000866a:	4b0e      	ldr	r3, [pc, #56]	@ (100086a4 <xTimerCreateTimerTask+0x80>)
1000866c:	2200      	movs	r2, #0
1000866e:	601e      	str	r6, [r3, #0]
10008670:	4b0d      	ldr	r3, [pc, #52]	@ (100086a8 <xTimerCreateTimerTask+0x84>)
10008672:	2110      	movs	r1, #16
10008674:	200a      	movs	r0, #10
10008676:	601d      	str	r5, [r3, #0]
10008678:	f7fe fd78 	bl	1000716c <xQueueGenericCreate>
1000867c:	6020      	str	r0, [r4, #0]
1000867e:	2800      	cmp	r0, #0
10008680:	d0d8      	beq.n	10008634 <xTimerCreateTimerTask+0x10>
10008682:	490a      	ldr	r1, [pc, #40]	@ (100086ac <xTimerCreateTimerTask+0x88>)
10008684:	f7fe fefa 	bl	1000747c <vQueueAddToRegistry>
10008688:	e7d4      	b.n	10008634 <xTimerCreateTimerTask+0x10>
1000868a:	46c0      	nop			@ (mov r8, r8)
1000868c:	20022484 	.word	0x20022484
10008690:	20022488 	.word	0x20022488
10008694:	10009cb4 	.word	0x10009cb4
10008698:	10008289 	.word	0x10008289
1000869c:	200223c0 	.word	0x200223c0
100086a0:	200223d4 	.word	0x200223d4
100086a4:	20001fe0 	.word	0x20001fe0
100086a8:	20001ff0 	.word	0x20001ff0
100086ac:	10009cac 	.word	0x10009cac

100086b0 <xTimerPendFunctionCallFromISR>:
100086b0:	b530      	push	{r4, r5, lr}
100086b2:	0014      	movs	r4, r2
100086b4:	001a      	movs	r2, r3
100086b6:	2302      	movs	r3, #2
100086b8:	000d      	movs	r5, r1
100086ba:	b085      	sub	sp, #20
100086bc:	425b      	negs	r3, r3
100086be:	9300      	str	r3, [sp, #0]
100086c0:	4b05      	ldr	r3, [pc, #20]	@ (100086d8 <xTimerPendFunctionCallFromISR+0x28>)
100086c2:	9001      	str	r0, [sp, #4]
100086c4:	4669      	mov	r1, sp
100086c6:	6818      	ldr	r0, [r3, #0]
100086c8:	2300      	movs	r3, #0
100086ca:	9502      	str	r5, [sp, #8]
100086cc:	9403      	str	r4, [sp, #12]
100086ce:	f7fe fd9f 	bl	10007210 <xQueueGenericSendFromISR>
100086d2:	b005      	add	sp, #20
100086d4:	bd30      	pop	{r4, r5, pc}
100086d6:	46c0      	nop			@ (mov r8, r8)
100086d8:	20022484 	.word	0x20022484

100086dc <exception_set_exclusive_handler>:
100086dc:	b5f8      	push	{r3, r4, r5, r6, r7, lr}
100086de:	000e      	movs	r6, r1
100086e0:	f3ef 8710 	mrs	r7, PRIMASK
100086e4:	b672      	cpsid	i
100086e6:	4b0c      	ldr	r3, [pc, #48]	@ (10008718 <exception_set_exclusive_handler+0x3c>)
100086e8:	0084      	lsls	r4, r0, #2
100086ea:	689b      	ldr	r3, [r3, #8]
100086ec:	591d      	ldr	r5, [r3, r4]
100086ee:	42a9      	cmp	r1, r5
100086f0:	d004      	beq.n	100086fc <exception_set_exclusive_handler+0x20>
100086f2:	4b0a      	ldr	r3, [pc, #40]	@ (1000871c <exception_set_exclusive_handler+0x40>)
100086f4:	429d      	cmp	r5, r3
100086f6:	d20a      	bcs.n	1000870e <exception_set_exclusive_handler+0x32>
100086f8:	f7f8 ffe6 	bl	100016c8 <hard_assertion_failure>
100086fc:	4b06      	ldr	r3, [pc, #24]	@ (10008718 <exception_set_exclusive_handler+0x3c>)
100086fe:	689b      	ldr	r3, [r3, #8]
10008700:	511e      	str	r6, [r3, r4]
10008702:	f3bf 8f5f 	dmb	sy
10008706:	f387 8810 	msr	PRIMASK, r7
1000870a:	0028      	movs	r0, r5
1000870c:	bdf8      	pop	{r3, r4, r5, r6, r7, pc}
1000870e:	4b04      	ldr	r3, [pc, #16]	@ (10008720 <exception_set_exclusive_handler+0x44>)
10008710:	429d      	cmp	r5, r3
10008712:	d3f3      	bcc.n	100086fc <exception_set_exclusive_handler+0x20>
10008714:	e7f0      	b.n	100086f8 <exception_set_exclusive_handler+0x1c>
10008716:	46c0      	nop			@ (mov r8, r8)
10008718:	e000ed00 	.word	0xe000ed00
1000871c:	100001c0 	.word	0x100001c0
10008720:	100001d4 	.word	0x100001d4

10008724 <pio_sm_setup>:
10008724:	23ff      	movs	r3, #255	@ 0xff
10008726:	b5f0      	push	{r4, r5, r6, r7, lr}
10008728:	6845      	ldr	r5, [r0, #4]
1000872a:	011b      	lsls	r3, r3, #4
1000872c:	602b      	str	r3, [r5, #0]
1000872e:	2301      	movs	r3, #1
10008730:	425b      	negs	r3, r3
10008732:	60ab      	str	r3, [r5, #8]
10008734:	3301      	adds	r3, #1
10008736:	33ff      	adds	r3, #255	@ 0xff
10008738:	632b      	str	r3, [r5, #48]	@ 0x30
1000873a:	3bfd      	subs	r3, #253	@ 0xfd
1000873c:	636b      	str	r3, [r5, #52]	@ 0x34
1000873e:	2300      	movs	r3, #0
10008740:	492b      	ldr	r1, [pc, #172]	@ (100087f0 <pio_sm_setup+0xcc>)
10008742:	001a      	movs	r2, r3
10008744:	880c      	ldrh	r4, [r1, #0]
10008746:	3212      	adds	r2, #18
10008748:	0092      	lsls	r2, r2, #2
1000874a:	3301      	adds	r3, #1
1000874c:	5154      	str	r4, [r2, r5]
1000874e:	3102      	adds	r1, #2
10008750:	2b20      	cmp	r3, #32
10008752:	d1f6      	bne.n	10008742 <pio_sm_setup+0x1e>
10008754:	241f      	movs	r4, #31
10008756:	21c2      	movs	r1, #194	@ 0xc2
10008758:	6882      	ldr	r2, [r0, #8]
1000875a:	0209      	lsls	r1, r1, #8
1000875c:	4022      	ands	r2, r4
1000875e:	0613      	lsls	r3, r2, #24
10008760:	4319      	orrs	r1, r3
10008762:	002b      	movs	r3, r5
10008764:	33c8      	adds	r3, #200	@ 0xc8
10008766:	6059      	str	r1, [r3, #4]
10008768:	2180      	movs	r1, #128	@ 0x80
1000876a:	0152      	lsls	r2, r2, #5
1000876c:	04c9      	lsls	r1, r1, #19
1000876e:	430a      	orrs	r2, r1
10008770:	615a      	str	r2, [r3, #20]
10008772:	4a20      	ldr	r2, [pc, #128]	@ (100087f4 <pio_sm_setup+0xd0>)
10008774:	2600      	movs	r6, #0
10008776:	611a      	str	r2, [r3, #16]
10008778:	2269      	movs	r2, #105	@ 0x69
1000877a:	615e      	str	r6, [r3, #20]
1000877c:	612a      	str	r2, [r5, #16]
1000877e:	4a1e      	ldr	r2, [pc, #120]	@ (100087f8 <pio_sm_setup+0xd4>)
10008780:	27f8      	movs	r7, #248	@ 0xf8
10008782:	611a      	str	r2, [r3, #16]
10008784:	2206      	movs	r2, #6
10008786:	491d      	ldr	r1, [pc, #116]	@ (100087fc <pio_sm_setup+0xd8>)
10008788:	611a      	str	r2, [r3, #16]
1000878a:	6882      	ldr	r2, [r0, #8]
1000878c:	033f      	lsls	r7, r7, #12
1000878e:	61d9      	str	r1, [r3, #28]
10008790:	03d1      	lsls	r1, r2, #15
10008792:	4039      	ands	r1, r7
10008794:	4f1a      	ldr	r7, [pc, #104]	@ (10008800 <pio_sm_setup+0xdc>)
10008796:	62d9      	str	r1, [r3, #44]	@ 0x2c
10008798:	621e      	str	r6, [r3, #32]
1000879a:	621f      	str	r7, [r3, #32]
1000879c:	270d      	movs	r7, #13
1000879e:	629f      	str	r7, [r3, #40]	@ 0x28
100087a0:	4f18      	ldr	r7, [pc, #96]	@ (10008804 <pio_sm_setup+0xe0>)
100087a2:	0612      	lsls	r2, r2, #24
100087a4:	635f      	str	r7, [r3, #52]	@ 0x34
100087a6:	6459      	str	r1, [r3, #68]	@ 0x44
100087a8:	4917      	ldr	r1, [pc, #92]	@ (10008808 <pio_sm_setup+0xe4>)
100087aa:	639e      	str	r6, [r3, #56]	@ 0x38
100087ac:	6419      	str	r1, [r3, #64]	@ 0x40
100087ae:	4917      	ldr	r1, [pc, #92]	@ (1000880c <pio_sm_setup+0xe8>)
100087b0:	6419      	str	r1, [r3, #64]	@ 0x40
100087b2:	4917      	ldr	r1, [pc, #92]	@ (10008810 <pio_sm_setup+0xec>)
100087b4:	6419      	str	r1, [r3, #64]	@ 0x40
100087b6:	2112      	movs	r1, #18
100087b8:	6419      	str	r1, [r3, #64]	@ 0x40
100087ba:	23f8      	movs	r3, #248	@ 0xf8
100087bc:	055b      	lsls	r3, r3, #21
100087be:	401a      	ands	r2, r3
100087c0:	23c6      	movs	r3, #198	@ 0xc6
100087c2:	025b      	lsls	r3, r3, #9
100087c4:	431a      	orrs	r2, r3
100087c6:	002b      	movs	r3, r5
100087c8:	3311      	adds	r3, #17
100087ca:	68c1      	ldr	r1, [r0, #12]
100087cc:	33ff      	adds	r3, #255	@ 0xff
100087ce:	605a      	str	r2, [r3, #4]
100087d0:	4a10      	ldr	r2, [pc, #64]	@ (10008814 <pio_sm_setup+0xf0>)
100087d2:	4021      	ands	r1, r4
100087d4:	609a      	str	r2, [r3, #8]
100087d6:	014a      	lsls	r2, r1, #5
100087d8:	1851      	adds	r1, r2, r1
100087da:	2282      	movs	r2, #130	@ 0x82
100087dc:	04d2      	lsls	r2, r2, #19
100087de:	430a      	orrs	r2, r1
100087e0:	615a      	str	r2, [r3, #20]
100087e2:	4a0d      	ldr	r2, [pc, #52]	@ (10008818 <pio_sm_setup+0xf4>)
100087e4:	611a      	str	r2, [r3, #16]
100087e6:	4a0d      	ldr	r2, [pc, #52]	@ (1000881c <pio_sm_setup+0xf8>)
100087e8:	611a      	str	r2, [r3, #16]
100087ea:	2307      	movs	r3, #7
100087ec:	602b      	str	r3, [r5, #0]
100087ee:	bdf0      	pop	{r4, r5, r6, r7, pc}
100087f0:	1000a3c0 	.word	0x1000a3c0
100087f4:	0000e080 	.word	0x0000e080
100087f8:	000080a0 	.word	0x000080a0
100087fc:	0000e680 	.word	0x0000e680
10008800:	80a10000 	.word	0x80a10000
10008804:	00018680 	.word	0x00018680
10008808:	0000e040 	.word	0x0000e040
1000880c:	0000a0e2 	.word	0x0000a0e2
10008810:	0000a02a 	.word	0x0000a02a
10008814:	40020000 	.word	0x40020000
10008818:	0000e001 	.word	0x0000e001
1000881c:	0000e081 	.word	0x0000e081

10008820 <bitstuff_rp2040>:
10008820:	b5f0      	push	{r4, r5, r6, r7, lr}
10008822:	46c6      	mov	lr, r8
10008824:	468c      	mov	ip, r1
10008826:	2601      	movs	r6, #1
10008828:	b500      	push	{lr}
1000882a:	0007      	movs	r7, r0
1000882c:	6800      	ldr	r0, [r0, #0]
1000882e:	0842      	lsrs	r2, r0, #1
10008830:	4042      	eors	r2, r0
10008832:	0853      	lsrs	r3, r2, #1
10008834:	4313      	orrs	r3, r2
10008836:	089c      	lsrs	r4, r3, #2
10008838:	431c      	orrs	r4, r3
1000883a:	43e4      	mvns	r4, r4
1000883c:	000a      	movs	r2, r1
1000883e:	0033      	movs	r3, r6
10008840:	408b      	lsls	r3, r1
10008842:	1a55      	subs	r5, r2, r1
10008844:	3b01      	subs	r3, #1
10008846:	40ab      	lsls	r3, r5
10008848:	421c      	tst	r4, r3
1000884a:	d10b      	bne.n	10008864 <bitstuff_rp2040+0x44>
1000884c:	428a      	cmp	r2, r1
1000884e:	d911      	bls.n	10008874 <bitstuff_rp2040+0x54>
10008850:	0033      	movs	r3, r6
10008852:	1c69      	adds	r1, r5, #1
10008854:	0849      	lsrs	r1, r1, #1
10008856:	002a      	movs	r2, r5
10008858:	408b      	lsls	r3, r1
1000885a:	1a55      	subs	r5, r2, r1
1000885c:	3b01      	subs	r3, #1
1000885e:	40ab      	lsls	r3, r5
10008860:	421c      	tst	r4, r3
10008862:	d0f3      	beq.n	1000884c <bitstuff_rp2040+0x2c>
10008864:	0035      	movs	r5, r6
10008866:	1e53      	subs	r3, r2, #1
10008868:	409d      	lsls	r5, r3
1000886a:	422c      	tst	r4, r5
1000886c:	d107      	bne.n	1000887e <bitstuff_rp2040+0x5e>
1000886e:	001a      	movs	r2, r3
10008870:	0849      	lsrs	r1, r1, #1
10008872:	e7e4      	b.n	1000883e <bitstuff_rp2040+0x1e>
10008874:	6038      	str	r0, [r7, #0]
10008876:	4660      	mov	r0, ip
10008878:	bc80      	pop	{r7}
1000887a:	46b8      	mov	r8, r7
1000887c:	bdf0      	pop	{r4, r5, r6, r7, pc}
1000887e:	0033      	movs	r3, r6
10008880:	4093      	lsls	r3, r2
10008882:	0004      	movs	r4, r0
10008884:	3b01      	subs	r3, #1
10008886:	0859      	lsrs	r1, r3, #1
10008888:	438c      	bics	r4, r1
1000888a:	4003      	ands	r3, r0
1000888c:	406b      	eors	r3, r5
1000888e:	0061      	lsls	r1, r4, #1
10008890:	4059      	eors	r1, r3
10008892:	2301      	movs	r3, #1
10008894:	4698      	mov	r8, r3
10008896:	0008      	movs	r0, r1
10008898:	44c4      	add	ip, r8
1000889a:	2a04      	cmp	r2, #4
1000889c:	d9ea      	bls.n	10008874 <bitstuff_rp2040+0x54>
1000889e:	1f11      	subs	r1, r2, #4
100088a0:	e7c5      	b.n	1000882e <bitstuff_rp2040+0xe>
100088a2:	46c0      	nop			@ (mov r8, r8)

100088a4 <data_state_go_discard>:
100088a4:	b510      	push	{r4, lr}
100088a6:	6843      	ldr	r3, [r0, #4]
100088a8:	0004      	movs	r4, r0
100088aa:	689a      	ldr	r2, [r3, #8]
100088ac:	b084      	sub	sp, #16
100088ae:	0792      	lsls	r2, r2, #30
100088b0:	d412      	bmi.n	100088d8 <data_state_go_discard+0x34>
100088b2:	2209      	movs	r2, #9
100088b4:	2120      	movs	r1, #32
100088b6:	63a2      	str	r2, [r4, #56]	@ 0x38
100088b8:	2200      	movs	r2, #0
100088ba:	6321      	str	r1, [r4, #48]	@ 0x30
100088bc:	6da1      	ldr	r1, [r4, #88]	@ 0x58
100088be:	62e2      	str	r2, [r4, #44]	@ 0x2c
100088c0:	2900      	cmp	r1, #0
100088c2:	d001      	beq.n	100088c8 <data_state_go_discard+0x24>
100088c4:	65a2      	str	r2, [r4, #88]	@ 0x58
100088c6:	619a      	str	r2, [r3, #24]
100088c8:	4a0d      	ldr	r2, [pc, #52]	@ (10008900 <data_state_go_discard+0x5c>)
100088ca:	490e      	ldr	r1, [pc, #56]	@ (10008904 <data_state_go_discard+0x60>)
100088cc:	651a      	str	r2, [r3, #80]	@ 0x50
100088ce:	2296      	movs	r2, #150	@ 0x96
100088d0:	0052      	lsls	r2, r2, #1
100088d2:	5099      	str	r1, [r3, r2]
100088d4:	b004      	add	sp, #16
100088d6:	bd10      	pop	{r4, pc}
100088d8:	2300      	movs	r3, #0
100088da:	6283      	str	r3, [r0, #40]	@ 0x28
100088dc:	6243      	str	r3, [r0, #36]	@ 0x24
100088de:	6343      	str	r3, [r0, #52]	@ 0x34
100088e0:	f7ff ff20 	bl	10008724 <pio_sm_setup>
100088e4:	2210      	movs	r2, #16
100088e6:	2100      	movs	r1, #0
100088e8:	4668      	mov	r0, sp
100088ea:	f7f9 fc0f 	bl	1000210c <__wrap_memset>
100088ee:	2180      	movs	r1, #128	@ 0x80
100088f0:	6923      	ldr	r3, [r4, #16]
100088f2:	466a      	mov	r2, sp
100088f4:	0020      	movs	r0, r4
100088f6:	0409      	lsls	r1, r1, #16
100088f8:	4798      	blx	r3
100088fa:	6863      	ldr	r3, [r4, #4]
100088fc:	e7d9      	b.n	100088b2 <data_state_go_discard+0xe>
100088fe:	46c0      	nop			@ (mov r8, r8)
10008900:	0000a127 	.word	0x0000a127
10008904:	00000302 	.word	0x00000302

10008908 <tx_schedule_transmit>:
10008908:	6dc3      	ldr	r3, [r0, #92]	@ 0x5c
1000890a:	0002      	movs	r2, r0
1000890c:	b530      	push	{r4, r5, lr}
1000890e:	2b01      	cmp	r3, #1
10008910:	d045      	beq.n	1000899e <tx_schedule_transmit+0x96>
10008912:	6e13      	ldr	r3, [r2, #96]	@ 0x60
10008914:	6e51      	ldr	r1, [r2, #100]	@ 0x64
10008916:	6854      	ldr	r4, [r2, #4]
10008918:	428b      	cmp	r3, r1
1000891a:	d10d      	bne.n	10008938 <tx_schedule_transmit+0x30>
1000891c:	2100      	movs	r1, #0
1000891e:	65d1      	str	r1, [r2, #92]	@ 0x5c
10008920:	3102      	adds	r1, #2
10008922:	6321      	str	r1, [r4, #48]	@ 0x30
10008924:	f3bf 8f5f 	dmb	sy
10008928:	6e54      	ldr	r4, [r2, #100]	@ 0x64
1000892a:	2080      	movs	r0, #128	@ 0x80
1000892c:	0080      	lsls	r0, r0, #2
1000892e:	42a3      	cmp	r3, r4
10008930:	d100      	bne.n	10008934 <tx_schedule_transmit+0x2c>
10008932:	bd30      	pop	{r4, r5, pc}
10008934:	6854      	ldr	r4, [r2, #4]
10008936:	6361      	str	r1, [r4, #52]	@ 0x34
10008938:	2101      	movs	r1, #1
1000893a:	65d1      	str	r1, [r2, #92]	@ 0x5c
1000893c:	69d1      	ldr	r1, [r2, #28]
1000893e:	0020      	movs	r0, r4
10008940:	3101      	adds	r1, #1
10008942:	61d1      	str	r1, [r2, #28]
10008944:	2103      	movs	r1, #3
10008946:	400b      	ands	r3, r1
10008948:	3129      	adds	r1, #41	@ 0x29
1000894a:	4359      	muls	r1, r3
1000894c:	000b      	movs	r3, r1
1000894e:	3380      	adds	r3, #128	@ 0x80
10008950:	18d3      	adds	r3, r2, r3
10008952:	1852      	adds	r2, r2, r1
10008954:	6fd1      	ldr	r1, [r2, #124]	@ 0x7c
10008956:	2207      	movs	r2, #7
10008958:	6022      	str	r2, [r4, #0]
1000895a:	3280      	adds	r2, #128	@ 0x80
1000895c:	6022      	str	r2, [r4, #0]
1000895e:	3a7b      	subs	r2, #123	@ 0x7b
10008960:	6322      	str	r2, [r4, #48]	@ 0x30
10008962:	2200      	movs	r2, #0
10008964:	3011      	adds	r0, #17
10008966:	30ff      	adds	r0, #255	@ 0xff
10008968:	6082      	str	r2, [r0, #8]
1000896a:	4a1b      	ldr	r2, [pc, #108]	@ (100089d8 <tx_schedule_transmit+0xd0>)
1000896c:	4d1b      	ldr	r5, [pc, #108]	@ (100089dc <tx_schedule_transmit+0xd4>)
1000896e:	6082      	str	r2, [r0, #8]
10008970:	22ac      	movs	r2, #172	@ 0xac
10008972:	50a5      	str	r5, [r4, r2]
10008974:	2900      	cmp	r1, #0
10008976:	d005      	beq.n	10008984 <tx_schedule_transmit+0x7c>
10008978:	0089      	lsls	r1, r1, #2
1000897a:	1859      	adds	r1, r3, r1
1000897c:	cb04      	ldmia	r3!, {r2}
1000897e:	61e2      	str	r2, [r4, #28]
10008980:	4299      	cmp	r1, r3
10008982:	d1fb      	bne.n	1000897c <tx_schedule_transmit+0x74>
10008984:	4b16      	ldr	r3, [pc, #88]	@ (100089e0 <tx_schedule_transmit+0xd8>)
10008986:	6103      	str	r3, [r0, #16]
10008988:	4b14      	ldr	r3, [pc, #80]	@ (100089dc <tx_schedule_transmit+0xd4>)
1000898a:	6103      	str	r3, [r0, #16]
1000898c:	231b      	movs	r3, #27
1000898e:	6103      	str	r3, [r0, #16]
10008990:	2383      	movs	r3, #131	@ 0x83
10008992:	019b      	lsls	r3, r3, #6
10008994:	6103      	str	r3, [r0, #16]
10008996:	230f      	movs	r3, #15
10008998:	6023      	str	r3, [r4, #0]
1000899a:	2000      	movs	r0, #0
1000899c:	e7c9      	b.n	10008932 <tx_schedule_transmit+0x2a>
1000899e:	218e      	movs	r1, #142	@ 0x8e
100089a0:	6843      	ldr	r3, [r0, #4]
100089a2:	0049      	lsls	r1, r1, #1
100089a4:	5859      	ldr	r1, [r3, r1]
100089a6:	2918      	cmp	r1, #24
100089a8:	d00e      	beq.n	100089c8 <tx_schedule_transmit+0xc0>
100089aa:	21f0      	movs	r1, #240	@ 0xf0
100089ac:	68d8      	ldr	r0, [r3, #12]
100089ae:	0509      	lsls	r1, r1, #20
100089b0:	4208      	tst	r0, r1
100089b2:	d1f2      	bne.n	1000899a <tx_schedule_transmit+0x92>
100089b4:	2194      	movs	r1, #148	@ 0x94
100089b6:	0049      	lsls	r1, r1, #1
100089b8:	585b      	ldr	r3, [r3, r1]
100089ba:	3926      	subs	r1, #38	@ 0x26
100089bc:	400b      	ands	r3, r1
100089be:	3902      	subs	r1, #2
100089c0:	428b      	cmp	r3, r1
100089c2:	d0a6      	beq.n	10008912 <tx_schedule_transmit+0xa>
100089c4:	2000      	movs	r0, #0
100089c6:	e7b4      	b.n	10008932 <tx_schedule_transmit+0x2a>
100089c8:	3111      	adds	r1, #17
100089ca:	31ff      	adds	r1, #255	@ 0xff
100089cc:	585b      	ldr	r3, [r3, r1]
100089ce:	079b      	lsls	r3, r3, #30
100089d0:	d59f      	bpl.n	10008912 <tx_schedule_transmit+0xa>
100089d2:	2000      	movs	r0, #0
100089d4:	e7ad      	b.n	10008932 <tx_schedule_transmit+0x2a>
100089d6:	46c0      	nop			@ (mov r8, r8)
100089d8:	40020000 	.word	0x40020000
100089dc:	00006021 	.word	0x00006021
100089e0:	0000e001 	.word	0x0000e001

100089e4 <data_state_go_crc>:
100089e4:	b5f0      	push	{r4, r5, r6, r7, lr}
100089e6:	6a43      	ldr	r3, [r0, #36]	@ 0x24
100089e8:	6a87      	ldr	r7, [r0, #40]	@ 0x28
100089ea:	6bc6      	ldr	r6, [r0, #60]	@ 0x3c
100089ec:	40fb      	lsrs	r3, r7
100089ee:	0476      	lsls	r6, r6, #17
100089f0:	b087      	sub	sp, #28
100089f2:	0c76      	lsrs	r6, r6, #17
100089f4:	03db      	lsls	r3, r3, #15
100089f6:	0004      	movs	r4, r0
100089f8:	6b45      	ldr	r5, [r0, #52]	@ 0x34
100089fa:	4333      	orrs	r3, r6
100089fc:	2110      	movs	r1, #16
100089fe:	63c6      	str	r6, [r0, #60]	@ 0x3c
10008a00:	a801      	add	r0, sp, #4
10008a02:	9301      	str	r3, [sp, #4]
10008a04:	f7ff ff0c 	bl	10008820 <bitstuff_rp2040>
10008a08:	2201      	movs	r2, #1
10008a0a:	9b01      	ldr	r3, [sp, #4]
10008a0c:	3d01      	subs	r5, #1
10008a0e:	005b      	lsls	r3, r3, #1
10008a10:	4313      	orrs	r3, r2
10008a12:	1bed      	subs	r5, r5, r7
10008a14:	6de2      	ldr	r2, [r4, #92]	@ 0x5c
10008a16:	1828      	adds	r0, r5, r0
10008a18:	6861      	ldr	r1, [r4, #4]
10008a1a:	6423      	str	r3, [r4, #64]	@ 0x40
10008a1c:	6460      	str	r0, [r4, #68]	@ 0x44
10008a1e:	2a01      	cmp	r2, #1
10008a20:	d10a      	bne.n	10008a38 <data_state_go_crc+0x54>
10008a22:	2703      	movs	r7, #3
10008a24:	6e25      	ldr	r5, [r4, #96]	@ 0x60
10008a26:	322b      	adds	r2, #43	@ 0x2b
10008a28:	403d      	ands	r5, r7
10008a2a:	436a      	muls	r2, r5
10008a2c:	18a2      	adds	r2, r4, r2
10008a2e:	6e95      	ldr	r5, [r2, #104]	@ 0x68
10008a30:	46ac      	mov	ip, r5
10008a32:	6ca5      	ldr	r5, [r4, #72]	@ 0x48
10008a34:	45ac      	cmp	ip, r5
10008a36:	d00f      	beq.n	10008a58 <data_state_go_crc+0x74>
10008a38:	2301      	movs	r3, #1
10008a3a:	65a3      	str	r3, [r4, #88]	@ 0x58
10008a3c:	3301      	adds	r3, #1
10008a3e:	634b      	str	r3, [r1, #52]	@ 0x34
10008a40:	4a29      	ldr	r2, [pc, #164]	@ (10008ae8 <data_state_go_crc+0x104>)
10008a42:	332b      	adds	r3, #43	@ 0x2b
10008a44:	33ff      	adds	r3, #255	@ 0xff
10008a46:	50ca      	str	r2, [r1, r3]
10008a48:	2305      	movs	r3, #5
10008a4a:	63a3      	str	r3, [r4, #56]	@ 0x38
10008a4c:	2300      	movs	r3, #0
10008a4e:	62e3      	str	r3, [r4, #44]	@ 0x2c
10008a50:	3310      	adds	r3, #16
10008a52:	6323      	str	r3, [r4, #48]	@ 0x30
10008a54:	b007      	add	sp, #28
10008a56:	bdf0      	pop	{r4, r5, r6, r7, pc}
10008a58:	6f95      	ldr	r5, [r2, #120]	@ 0x78
10008a5a:	42ae      	cmp	r6, r5
10008a5c:	d103      	bne.n	10008a66 <data_state_go_crc+0x82>
10008a5e:	6ed6      	ldr	r6, [r2, #108]	@ 0x6c
10008a60:	6ce5      	ldr	r5, [r4, #76]	@ 0x4c
10008a62:	42ae      	cmp	r6, r5
10008a64:	d02b      	beq.n	10008abe <data_state_go_crc+0xda>
10008a66:	6a23      	ldr	r3, [r4, #32]
10008a68:	3301      	adds	r3, #1
10008a6a:	6223      	str	r3, [r4, #32]
10008a6c:	688b      	ldr	r3, [r1, #8]
10008a6e:	079b      	lsls	r3, r3, #30
10008a70:	d411      	bmi.n	10008a96 <data_state_go_crc+0xb2>
10008a72:	2309      	movs	r3, #9
10008a74:	2220      	movs	r2, #32
10008a76:	63a3      	str	r3, [r4, #56]	@ 0x38
10008a78:	2300      	movs	r3, #0
10008a7a:	6322      	str	r2, [r4, #48]	@ 0x30
10008a7c:	6da2      	ldr	r2, [r4, #88]	@ 0x58
10008a7e:	62e3      	str	r3, [r4, #44]	@ 0x2c
10008a80:	2a00      	cmp	r2, #0
10008a82:	d001      	beq.n	10008a88 <data_state_go_crc+0xa4>
10008a84:	65a3      	str	r3, [r4, #88]	@ 0x58
10008a86:	618b      	str	r3, [r1, #24]
10008a88:	4b18      	ldr	r3, [pc, #96]	@ (10008aec <data_state_go_crc+0x108>)
10008a8a:	4a17      	ldr	r2, [pc, #92]	@ (10008ae8 <data_state_go_crc+0x104>)
10008a8c:	650b      	str	r3, [r1, #80]	@ 0x50
10008a8e:	2396      	movs	r3, #150	@ 0x96
10008a90:	005b      	lsls	r3, r3, #1
10008a92:	50ca      	str	r2, [r1, r3]
10008a94:	e7de      	b.n	10008a54 <data_state_go_crc+0x70>
10008a96:	2300      	movs	r3, #0
10008a98:	0020      	movs	r0, r4
10008a9a:	62a3      	str	r3, [r4, #40]	@ 0x28
10008a9c:	6263      	str	r3, [r4, #36]	@ 0x24
10008a9e:	6363      	str	r3, [r4, #52]	@ 0x34
10008aa0:	f7ff fe40 	bl	10008724 <pio_sm_setup>
10008aa4:	2210      	movs	r2, #16
10008aa6:	2100      	movs	r1, #0
10008aa8:	a802      	add	r0, sp, #8
10008aaa:	f7f9 fb2f 	bl	1000210c <__wrap_memset>
10008aae:	2180      	movs	r1, #128	@ 0x80
10008ab0:	0020      	movs	r0, r4
10008ab2:	0409      	lsls	r1, r1, #16
10008ab4:	6923      	ldr	r3, [r4, #16]
10008ab6:	aa02      	add	r2, sp, #8
10008ab8:	4798      	blx	r3
10008aba:	6861      	ldr	r1, [r4, #4]
10008abc:	e7d9      	b.n	10008a72 <data_state_go_crc+0x8e>
10008abe:	6f16      	ldr	r6, [r2, #112]	@ 0x70
10008ac0:	6d25      	ldr	r5, [r4, #80]	@ 0x50
10008ac2:	42ae      	cmp	r6, r5
10008ac4:	d1cf      	bne.n	10008a66 <data_state_go_crc+0x82>
10008ac6:	6f55      	ldr	r5, [r2, #116]	@ 0x74
10008ac8:	6d62      	ldr	r2, [r4, #84]	@ 0x54
10008aca:	4295      	cmp	r5, r2
10008acc:	d1cb      	bne.n	10008a66 <data_state_go_crc+0x82>
10008ace:	2202      	movs	r2, #2
10008ad0:	65a2      	str	r2, [r4, #88]	@ 0x58
10008ad2:	3a0b      	subs	r2, #11
10008ad4:	051b      	lsls	r3, r3, #20
10008ad6:	1a12      	subs	r2, r2, r0
10008ad8:	0552      	lsls	r2, r2, #21
10008ada:	0adb      	lsrs	r3, r3, #11
10008adc:	4313      	orrs	r3, r2
10008ade:	22ff      	movs	r2, #255	@ 0xff
10008ae0:	4313      	orrs	r3, r2
10008ae2:	65e7      	str	r7, [r4, #92]	@ 0x5c
10008ae4:	618b      	str	r3, [r1, #24]
10008ae6:	e7af      	b.n	10008a48 <data_state_go_crc+0x64>
10008ae8:	00000302 	.word	0x00000302
10008aec:	0000a127 	.word	0x0000a127

10008af0 <can2040_pio_irq_handler>:
10008af0:	b5f0      	push	{r4, r5, r6, r7, lr}
10008af2:	4645      	mov	r5, r8
10008af4:	46de      	mov	lr, fp
10008af6:	4657      	mov	r7, sl
10008af8:	464e      	mov	r6, r9
10008afa:	239a      	movs	r3, #154	@ 0x9a
10008afc:	0004      	movs	r4, r0
10008afe:	b5e0      	push	{r5, r6, r7, lr}
10008b00:	6845      	ldr	r5, [r0, #4]
10008b02:	005b      	lsls	r3, r3, #1
10008b04:	58eb      	ldr	r3, [r5, r3]
10008b06:	b087      	sub	sp, #28
10008b08:	2202      	movs	r2, #2
10008b0a:	421a      	tst	r2, r3
10008b0c:	d048      	beq.n	10008ba0 <can2040_pio_irq_handler+0xb0>
10008b0e:	6a6b      	ldr	r3, [r5, #36]	@ 0x24
10008b10:	6a62      	ldr	r2, [r4, #36]	@ 0x24
10008b12:	059b      	lsls	r3, r3, #22
10008b14:	0d9b      	lsrs	r3, r3, #22
10008b16:	0292      	lsls	r2, r2, #10
10008b18:	431a      	orrs	r2, r3
10008b1a:	230a      	movs	r3, #10
10008b1c:	62a3      	str	r3, [r4, #40]	@ 0x28
10008b1e:	6b63      	ldr	r3, [r4, #52]	@ 0x34
10008b20:	0851      	lsrs	r1, r2, #1
10008b22:	4051      	eors	r1, r2
10008b24:	330a      	adds	r3, #10
10008b26:	6363      	str	r3, [r4, #52]	@ 0x34
10008b28:	084b      	lsrs	r3, r1, #1
10008b2a:	430b      	orrs	r3, r1
10008b2c:	0898      	lsrs	r0, r3, #2
10008b2e:	4318      	orrs	r0, r3
10008b30:	43c3      	mvns	r3, r0
10008b32:	9301      	str	r3, [sp, #4]
10008b34:	230a      	movs	r3, #10
10008b36:	4698      	mov	r8, r3
10008b38:	6b21      	ldr	r1, [r4, #48]	@ 0x30
10008b3a:	6262      	str	r2, [r4, #36]	@ 0x24
10008b3c:	46c4      	mov	ip, r8
10008b3e:	4588      	cmp	r8, r1
10008b40:	d82c      	bhi.n	10008b9c <can2040_pio_irq_handler+0xac>
10008b42:	4666      	mov	r6, ip
10008b44:	2301      	movs	r3, #1
10008b46:	4667      	mov	r7, ip
10008b48:	40b3      	lsls	r3, r6
10008b4a:	4646      	mov	r6, r8
10008b4c:	1bf7      	subs	r7, r6, r7
10008b4e:	1c7e      	adds	r6, r7, #1
10008b50:	46b1      	mov	r9, r6
10008b52:	3b01      	subs	r3, #1
10008b54:	4648      	mov	r0, r9
10008b56:	001e      	movs	r6, r3
10008b58:	4086      	lsls	r6, r0
10008b5a:	0030      	movs	r0, r6
10008b5c:	9e01      	ldr	r6, [sp, #4]
10008b5e:	4206      	tst	r6, r0
10008b60:	d14c      	bne.n	10008bfc <can2040_pio_irq_handler+0x10c>
10008b62:	6ae0      	ldr	r0, [r4, #44]	@ 0x2c
10008b64:	4680      	mov	r8, r0
10008b66:	0016      	movs	r6, r2
10008b68:	4660      	mov	r0, ip
10008b6a:	40fe      	lsrs	r6, r7
10008b6c:	1a09      	subs	r1, r1, r0
10008b6e:	4033      	ands	r3, r6
10008b70:	408b      	lsls	r3, r1
10008b72:	4640      	mov	r0, r8
10008b74:	4303      	orrs	r3, r0
10008b76:	6321      	str	r1, [r4, #48]	@ 0x30
10008b78:	62a7      	str	r7, [r4, #40]	@ 0x28
10008b7a:	62e3      	str	r3, [r4, #44]	@ 0x2c
10008b7c:	2900      	cmp	r1, #0
10008b7e:	d035      	beq.n	10008bec <can2040_pio_irq_handler+0xfc>
10008b80:	2f00      	cmp	r7, #0
10008b82:	d169      	bne.n	10008c58 <can2040_pio_irq_handler+0x168>
10008b84:	239a      	movs	r3, #154	@ 0x9a
10008b86:	005b      	lsls	r3, r3, #1
10008b88:	58eb      	ldr	r3, [r5, r3]
10008b8a:	2b00      	cmp	r3, #0
10008b8c:	d1bc      	bne.n	10008b08 <can2040_pio_irq_handler+0x18>
10008b8e:	b007      	add	sp, #28
10008b90:	bcf0      	pop	{r4, r5, r6, r7}
10008b92:	46bb      	mov	fp, r7
10008b94:	46b2      	mov	sl, r6
10008b96:	46a9      	mov	r9, r5
10008b98:	46a0      	mov	r8, r4
10008b9a:	bdf0      	pop	{r4, r5, r6, r7, pc}
10008b9c:	468c      	mov	ip, r1
10008b9e:	e7d0      	b.n	10008b42 <can2040_pio_irq_handler+0x52>
10008ba0:	051a      	lsls	r2, r3, #20
10008ba2:	d500      	bpl.n	10008ba6 <can2040_pio_irq_handler+0xb6>
10008ba4:	e22b      	b.n	10008ffe <can2040_pio_irq_handler+0x50e>
10008ba6:	055a      	lsls	r2, r3, #21
10008ba8:	d458      	bmi.n	10008c5c <can2040_pio_irq_handler+0x16c>
10008baa:	2280      	movs	r2, #128	@ 0x80
10008bac:	0019      	movs	r1, r3
10008bae:	0052      	lsls	r2, r2, #1
10008bb0:	4011      	ands	r1, r2
10008bb2:	4213      	tst	r3, r2
10008bb4:	d000      	beq.n	10008bb8 <can2040_pio_irq_handler+0xc8>
10008bb6:	e239      	b.n	1000902c <can2040_pio_irq_handler+0x53c>
10008bb8:	059b      	lsls	r3, r3, #22
10008bba:	d5e8      	bpl.n	10008b8e <can2040_pio_irq_handler+0x9e>
10008bbc:	2296      	movs	r2, #150	@ 0x96
10008bbe:	6863      	ldr	r3, [r4, #4]
10008bc0:	0052      	lsls	r2, r2, #1
10008bc2:	589d      	ldr	r5, [r3, r2]
10008bc4:	48e1      	ldr	r0, [pc, #900]	@ (10008f4c <can2040_pio_irq_handler+0x45c>)
10008bc6:	4285      	cmp	r5, r0
10008bc8:	d103      	bne.n	10008bd2 <can2040_pio_irq_handler+0xe2>
10008bca:	6da0      	ldr	r0, [r4, #88]	@ 0x58
10008bcc:	2801      	cmp	r0, #1
10008bce:	d100      	bne.n	10008bd2 <can2040_pio_irq_handler+0xe2>
10008bd0:	e3da      	b.n	10009388 <can2040_pio_irq_handler+0x898>
10008bd2:	0020      	movs	r0, r4
10008bd4:	f7ff fe98 	bl	10008908 <tx_schedule_transmit>
10008bd8:	4bdd      	ldr	r3, [pc, #884]	@ (10008f50 <can2040_pio_irq_handler+0x460>)
10008bda:	6862      	ldr	r2, [r4, #4]
10008bdc:	401d      	ands	r5, r3
10008bde:	2302      	movs	r3, #2
10008be0:	4305      	orrs	r5, r0
10008be2:	431d      	orrs	r5, r3
10008be4:	332b      	adds	r3, #43	@ 0x2b
10008be6:	33ff      	adds	r3, #255	@ 0xff
10008be8:	50d5      	str	r5, [r2, r3]
10008bea:	e7d0      	b.n	10008b8e <can2040_pio_irq_handler+0x9e>
10008bec:	6ba0      	ldr	r0, [r4, #56]	@ 0x38
10008bee:	2809      	cmp	r0, #9
10008bf0:	d900      	bls.n	10008bf4 <can2040_pio_irq_handler+0x104>
10008bf2:	e237      	b.n	10009064 <can2040_pio_irq_handler+0x574>
10008bf4:	4ed7      	ldr	r6, [pc, #860]	@ (10008f54 <can2040_pio_irq_handler+0x464>)
10008bf6:	0080      	lsls	r0, r0, #2
10008bf8:	5830      	ldr	r0, [r6, r0]
10008bfa:	4687      	mov	pc, r0
10008bfc:	2301      	movs	r3, #1
10008bfe:	4699      	mov	r9, r3
10008c00:	2301      	movs	r3, #1
10008c02:	425b      	negs	r3, r3
10008c04:	4443      	add	r3, r8
10008c06:	4640      	mov	r0, r8
10008c08:	469a      	mov	sl, r3
10008c0a:	464b      	mov	r3, r9
10008c0c:	4083      	lsls	r3, r0
10008c0e:	9801      	ldr	r0, [sp, #4]
10008c10:	4218      	tst	r0, r3
10008c12:	d000      	beq.n	10008c16 <can2040_pio_irq_handler+0x126>
10008c14:	e26d      	b.n	100090f2 <can2040_pio_irq_handler+0x602>
10008c16:	4650      	mov	r0, sl
10008c18:	0013      	movs	r3, r2
10008c1a:	40c3      	lsrs	r3, r0
10008c1c:	4648      	mov	r0, r9
10008c1e:	3901      	subs	r1, #1
10008c20:	4003      	ands	r3, r0
10008c22:	408b      	lsls	r3, r1
10008c24:	6ae7      	ldr	r7, [r4, #44]	@ 0x2c
10008c26:	6321      	str	r1, [r4, #48]	@ 0x30
10008c28:	433b      	orrs	r3, r7
10008c2a:	4698      	mov	r8, r3
10008c2c:	62e3      	str	r3, [r4, #44]	@ 0x2c
10008c2e:	4663      	mov	r3, ip
10008c30:	085b      	lsrs	r3, r3, #1
10008c32:	469c      	mov	ip, r3
10008c34:	464b      	mov	r3, r9
10008c36:	4660      	mov	r0, ip
10008c38:	4666      	mov	r6, ip
10008c3a:	4083      	lsls	r3, r0
10008c3c:	4650      	mov	r0, sl
10008c3e:	1b87      	subs	r7, r0, r6
10008c40:	1c78      	adds	r0, r7, #1
10008c42:	4683      	mov	fp, r0
10008c44:	3b01      	subs	r3, #1
10008c46:	465e      	mov	r6, fp
10008c48:	0018      	movs	r0, r3
10008c4a:	40b0      	lsls	r0, r6
10008c4c:	9e01      	ldr	r6, [sp, #4]
10008c4e:	4206      	tst	r6, r0
10008c50:	d100      	bne.n	10008c54 <can2040_pio_irq_handler+0x164>
10008c52:	e788      	b.n	10008b66 <can2040_pio_irq_handler+0x76>
10008c54:	46d0      	mov	r8, sl
10008c56:	e7d3      	b.n	10008c00 <can2040_pio_irq_handler+0x110>
10008c58:	46b8      	mov	r8, r7
10008c5a:	e76f      	b.n	10008b3c <can2040_pio_irq_handler+0x4c>
10008c5c:	6da3      	ldr	r3, [r4, #88]	@ 0x58
10008c5e:	2b00      	cmp	r3, #0
10008c60:	d000      	beq.n	10008c64 <can2040_pio_irq_handler+0x174>
10008c62:	e227      	b.n	100090b4 <can2040_pio_irq_handler+0x5c4>
10008c64:	0020      	movs	r0, r4
10008c66:	f7ff fe4f 	bl	10008908 <tx_schedule_transmit>
10008c6a:	2302      	movs	r3, #2
10008c6c:	6862      	ldr	r2, [r4, #4]
10008c6e:	4318      	orrs	r0, r3
10008c70:	332b      	adds	r3, #43	@ 0x2b
10008c72:	33ff      	adds	r3, #255	@ 0xff
10008c74:	50d0      	str	r0, [r2, r3]
10008c76:	e78a      	b.n	10008b8e <can2040_pio_irq_handler+0x9e>
10008c78:	2b1f      	cmp	r3, #31
10008c7a:	d100      	bne.n	10008c7e <can2040_pio_irq_handler+0x18e>
10008c7c:	e2ec      	b.n	10009258 <can2040_pio_irq_handler+0x768>
10008c7e:	2b1b      	cmp	r3, #27
10008c80:	d800      	bhi.n	10008c84 <can2040_pio_irq_handler+0x194>
10008c82:	e31c      	b.n	100092be <can2040_pio_irq_handler+0x7ce>
10008c84:	6da3      	ldr	r3, [r4, #88]	@ 0x58
10008c86:	6862      	ldr	r2, [r4, #4]
10008c88:	0011      	movs	r1, r2
10008c8a:	2b00      	cmp	r3, #0
10008c8c:	d01a      	beq.n	10008cc4 <can2040_pio_irq_handler+0x1d4>
10008c8e:	075b      	lsls	r3, r3, #29
10008c90:	d510      	bpl.n	10008cb4 <can2040_pio_irq_handler+0x1c4>
10008c92:	4bb1      	ldr	r3, [pc, #708]	@ (10008f58 <can2040_pio_irq_handler+0x468>)
10008c94:	6513      	str	r3, [r2, #80]	@ 0x50
10008c96:	6da3      	ldr	r3, [r4, #88]	@ 0x58
10008c98:	2b06      	cmp	r3, #6
10008c9a:	d100      	bne.n	10008c9e <can2040_pio_irq_handler+0x1ae>
10008c9c:	e3af      	b.n	100093fe <can2040_pio_irq_handler+0x90e>
10008c9e:	0022      	movs	r2, r4
10008ca0:	2180      	movs	r1, #128	@ 0x80
10008ca2:	6963      	ldr	r3, [r4, #20]
10008ca4:	3248      	adds	r2, #72	@ 0x48
10008ca6:	3301      	adds	r3, #1
10008ca8:	6163      	str	r3, [r4, #20]
10008caa:	0020      	movs	r0, r4
10008cac:	6923      	ldr	r3, [r4, #16]
10008cae:	0349      	lsls	r1, r1, #13
10008cb0:	4798      	blx	r3
10008cb2:	6862      	ldr	r2, [r4, #4]
10008cb4:	2300      	movs	r3, #0
10008cb6:	0011      	movs	r1, r2
10008cb8:	65a3      	str	r3, [r4, #88]	@ 0x58
10008cba:	48a8      	ldr	r0, [pc, #672]	@ (10008f5c <can2040_pio_irq_handler+0x46c>)
10008cbc:	6193      	str	r3, [r2, #24]
10008cbe:	332d      	adds	r3, #45	@ 0x2d
10008cc0:	33ff      	adds	r3, #255	@ 0xff
10008cc2:	50d0      	str	r0, [r2, r3]
10008cc4:	6893      	ldr	r3, [r2, #8]
10008cc6:	079b      	lsls	r3, r3, #30
10008cc8:	d500      	bpl.n	10008ccc <can2040_pio_irq_handler+0x1dc>
10008cca:	e1fe      	b.n	100090ca <can2040_pio_irq_handler+0x5da>
10008ccc:	2309      	movs	r3, #9
10008cce:	2220      	movs	r2, #32
10008cd0:	63a3      	str	r3, [r4, #56]	@ 0x38
10008cd2:	2300      	movs	r3, #0
10008cd4:	6322      	str	r2, [r4, #48]	@ 0x30
10008cd6:	6da2      	ldr	r2, [r4, #88]	@ 0x58
10008cd8:	62e3      	str	r3, [r4, #44]	@ 0x2c
10008cda:	2a00      	cmp	r2, #0
10008cdc:	d001      	beq.n	10008ce2 <can2040_pio_irq_handler+0x1f2>
10008cde:	65a3      	str	r3, [r4, #88]	@ 0x58
10008ce0:	618b      	str	r3, [r1, #24]
10008ce2:	4b9f      	ldr	r3, [pc, #636]	@ (10008f60 <can2040_pio_irq_handler+0x470>)
10008ce4:	4a99      	ldr	r2, [pc, #612]	@ (10008f4c <can2040_pio_irq_handler+0x45c>)
10008ce6:	650b      	str	r3, [r1, #80]	@ 0x50
10008ce8:	2396      	movs	r3, #150	@ 0x96
10008cea:	005b      	lsls	r3, r3, #1
10008cec:	50ca      	str	r2, [r1, r3]
10008cee:	6aa3      	ldr	r3, [r4, #40]	@ 0x28
10008cf0:	6a62      	ldr	r2, [r4, #36]	@ 0x24
10008cf2:	4698      	mov	r8, r3
10008cf4:	6b21      	ldr	r1, [r4, #48]	@ 0x30
10008cf6:	0850      	lsrs	r0, r2, #1
10008cf8:	4050      	eors	r0, r2
10008cfa:	0843      	lsrs	r3, r0, #1
10008cfc:	4303      	orrs	r3, r0
10008cfe:	0898      	lsrs	r0, r3, #2
10008d00:	4318      	orrs	r0, r3
10008d02:	43c3      	mvns	r3, r0
10008d04:	9301      	str	r3, [sp, #4]
10008d06:	4643      	mov	r3, r8
10008d08:	2b00      	cmp	r3, #0
10008d0a:	d000      	beq.n	10008d0e <can2040_pio_irq_handler+0x21e>
10008d0c:	e716      	b.n	10008b3c <can2040_pio_irq_handler+0x4c>
10008d0e:	e739      	b.n	10008b84 <can2040_pio_irq_handler+0x94>
10008d10:	2101      	movs	r1, #1
10008d12:	6be2      	ldr	r2, [r4, #60]	@ 0x3c
10008d14:	0052      	lsls	r2, r2, #1
10008d16:	430a      	orrs	r2, r1
10008d18:	4293      	cmp	r3, r2
10008d1a:	d000      	beq.n	10008d1e <can2040_pio_irq_handler+0x22e>
10008d1c:	e1af      	b.n	1000907e <can2040_pio_irq_handler+0x58e>
10008d1e:	6da3      	ldr	r3, [r4, #88]	@ 0x58
10008d20:	2b02      	cmp	r3, #2
10008d22:	d105      	bne.n	10008d30 <can2040_pio_irq_handler+0x240>
10008d24:	6862      	ldr	r2, [r4, #4]
10008d26:	498f      	ldr	r1, [pc, #572]	@ (10008f64 <can2040_pio_irq_handler+0x474>)
10008d28:	332b      	adds	r3, #43	@ 0x2b
10008d2a:	33ff      	adds	r3, #255	@ 0xff
10008d2c:	50d1      	str	r1, [r2, r3]
10008d2e:	6aa7      	ldr	r7, [r4, #40]	@ 0x28
10008d30:	2301      	movs	r3, #1
10008d32:	40bb      	lsls	r3, r7
10008d34:	6a62      	ldr	r2, [r4, #36]	@ 0x24
10008d36:	1e59      	subs	r1, r3, #1
10008d38:	400a      	ands	r2, r1
10008d3a:	005b      	lsls	r3, r3, #1
10008d3c:	431a      	orrs	r2, r3
10008d3e:	2306      	movs	r3, #6
10008d40:	63a3      	str	r3, [r4, #56]	@ 0x38
10008d42:	2300      	movs	r3, #0
10008d44:	62e3      	str	r3, [r4, #44]	@ 0x2c
10008d46:	3302      	adds	r3, #2
10008d48:	46b8      	mov	r8, r7
10008d4a:	2102      	movs	r1, #2
10008d4c:	6262      	str	r2, [r4, #36]	@ 0x24
10008d4e:	6323      	str	r3, [r4, #48]	@ 0x30
10008d50:	e7d1      	b.n	10008cf6 <can2040_pio_irq_handler+0x206>
10008d52:	6ce2      	ldr	r2, [r4, #76]	@ 0x4c
10008d54:	6be0      	ldr	r0, [r4, #60]	@ 0x3c
10008d56:	2a07      	cmp	r2, #7
10008d58:	d900      	bls.n	10008d5c <can2040_pio_irq_handler+0x26c>
10008d5a:	e246      	b.n	100091ea <can2040_pio_irq_handler+0x6fa>
10008d5c:	1f17      	subs	r7, r2, #4
10008d5e:	2a06      	cmp	r2, #6
10008d60:	d100      	bne.n	10008d64 <can2040_pio_irq_handler+0x274>
10008d62:	e30b      	b.n	1000937c <can2040_pio_irq_handler+0x88c>
10008d64:	2f03      	cmp	r7, #3
10008d66:	d100      	bne.n	10008d6a <can2040_pio_irq_handler+0x27a>
10008d68:	e30b      	b.n	10009382 <can2040_pio_irq_handler+0x892>
10008d6a:	2f01      	cmp	r7, #1
10008d6c:	d000      	beq.n	10008d70 <can2040_pio_irq_handler+0x280>
10008d6e:	e23d      	b.n	100091ec <can2040_pio_irq_handler+0x6fc>
10008d70:	4a7d      	ldr	r2, [pc, #500]	@ (10008f68 <can2040_pio_irq_handler+0x478>)
10008d72:	0619      	lsls	r1, r3, #24
10008d74:	09c7      	lsrs	r7, r0, #7
10008d76:	405f      	eors	r7, r3
10008d78:	23ff      	movs	r3, #255	@ 0xff
10008d7a:	403b      	ands	r3, r7
10008d7c:	005b      	lsls	r3, r3, #1
10008d7e:	5ad3      	ldrh	r3, [r2, r3]
10008d80:	0200      	lsls	r0, r0, #8
10008d82:	4043      	eors	r3, r0
10008d84:	ba09      	rev	r1, r1
10008d86:	63e3      	str	r3, [r4, #60]	@ 0x3c
10008d88:	6561      	str	r1, [r4, #84]	@ 0x54
10008d8a:	0020      	movs	r0, r4
10008d8c:	f7ff fe2a 	bl	100089e4 <data_state_go_crc>
10008d90:	6aa3      	ldr	r3, [r4, #40]	@ 0x28
10008d92:	6a62      	ldr	r2, [r4, #36]	@ 0x24
10008d94:	4698      	mov	r8, r3
10008d96:	6b21      	ldr	r1, [r4, #48]	@ 0x30
10008d98:	e7ad      	b.n	10008cf6 <can2040_pio_irq_handler+0x206>
10008d9a:	6ce2      	ldr	r2, [r4, #76]	@ 0x4c
10008d9c:	4690      	mov	r8, r2
10008d9e:	6be2      	ldr	r2, [r4, #60]	@ 0x3c
10008da0:	4694      	mov	ip, r2
10008da2:	4642      	mov	r2, r8
10008da4:	2a03      	cmp	r2, #3
10008da6:	d900      	bls.n	10008daa <can2040_pio_irq_handler+0x2ba>
10008da8:	e1d6      	b.n	10009158 <can2040_pio_irq_handler+0x668>
10008daa:	2a02      	cmp	r2, #2
10008dac:	d100      	bne.n	10008db0 <can2040_pio_irq_handler+0x2c0>
10008dae:	e2df      	b.n	10009370 <can2040_pio_irq_handler+0x880>
10008db0:	2a03      	cmp	r2, #3
10008db2:	d100      	bne.n	10008db6 <can2040_pio_irq_handler+0x2c6>
10008db4:	e2df      	b.n	10009376 <can2040_pio_irq_handler+0x886>
10008db6:	2a01      	cmp	r2, #1
10008db8:	d000      	beq.n	10008dbc <can2040_pio_irq_handler+0x2cc>
10008dba:	e1ce      	b.n	1000915a <can2040_pio_irq_handler+0x66a>
10008dbc:	4661      	mov	r1, ip
10008dbe:	09c8      	lsrs	r0, r1, #7
10008dc0:	21ff      	movs	r1, #255	@ 0xff
10008dc2:	4058      	eors	r0, r3
10008dc4:	4a68      	ldr	r2, [pc, #416]	@ (10008f68 <can2040_pio_irq_handler+0x478>)
10008dc6:	4001      	ands	r1, r0
10008dc8:	0049      	lsls	r1, r1, #1
10008dca:	5a52      	ldrh	r2, [r2, r1]
10008dcc:	4661      	mov	r1, ip
10008dce:	061b      	lsls	r3, r3, #24
10008dd0:	0209      	lsls	r1, r1, #8
10008dd2:	404a      	eors	r2, r1
10008dd4:	ba1b      	rev	r3, r3
10008dd6:	63e2      	str	r2, [r4, #60]	@ 0x3c
10008dd8:	6523      	str	r3, [r4, #80]	@ 0x50
10008dda:	e7d6      	b.n	10008d8a <can2040_pio_irq_handler+0x29a>
10008ddc:	6ca0      	ldr	r0, [r4, #72]	@ 0x48
10008dde:	4a62      	ldr	r2, [pc, #392]	@ (10008f68 <can2040_pio_irq_handler+0x478>)
10008de0:	0b01      	lsrs	r1, r0, #12
10008de2:	468c      	mov	ip, r1
10008de4:	21ff      	movs	r1, #255	@ 0xff
10008de6:	4666      	mov	r6, ip
10008de8:	400e      	ands	r6, r1
10008dea:	0076      	lsls	r6, r6, #1
10008dec:	5b96      	ldrh	r6, [r2, r6]
10008dee:	468b      	mov	fp, r1
10008df0:	46b0      	mov	r8, r6
10008df2:	0906      	lsrs	r6, r0, #4
10008df4:	46b4      	mov	ip, r6
10008df6:	4646      	mov	r6, r8
10008df8:	09f6      	lsrs	r6, r6, #7
10008dfa:	46b1      	mov	r9, r6
10008dfc:	4666      	mov	r6, ip
10008dfe:	4649      	mov	r1, r9
10008e00:	404e      	eors	r6, r1
10008e02:	4659      	mov	r1, fp
10008e04:	400e      	ands	r6, r1
10008e06:	0071      	lsls	r1, r6, #1
10008e08:	5a51      	ldrh	r1, [r2, r1]
10008e0a:	468a      	mov	sl, r1
10008e0c:	4641      	mov	r1, r8
10008e0e:	4656      	mov	r6, sl
10008e10:	0209      	lsls	r1, r1, #8
10008e12:	404e      	eors	r6, r1
10008e14:	0501      	lsls	r1, r0, #20
10008e16:	468c      	mov	ip, r1
10008e18:	21f0      	movs	r1, #240	@ 0xf0
10008e1a:	46b2      	mov	sl, r6
10008e1c:	4666      	mov	r6, ip
10008e1e:	0409      	lsls	r1, r1, #16
10008e20:	400e      	ands	r6, r1
10008e22:	431e      	orrs	r6, r3
10008e24:	0c31      	lsrs	r1, r6, #16
10008e26:	4688      	mov	r8, r1
10008e28:	4651      	mov	r1, sl
10008e2a:	46b4      	mov	ip, r6
10008e2c:	4646      	mov	r6, r8
10008e2e:	09c9      	lsrs	r1, r1, #7
10008e30:	404e      	eors	r6, r1
10008e32:	4659      	mov	r1, fp
10008e34:	400e      	ands	r6, r1
10008e36:	0071      	lsls	r1, r6, #1
10008e38:	5a51      	ldrh	r1, [r2, r1]
10008e3a:	4689      	mov	r9, r1
10008e3c:	4651      	mov	r1, sl
10008e3e:	464e      	mov	r6, r9
10008e40:	0209      	lsls	r1, r1, #8
10008e42:	404e      	eors	r6, r1
10008e44:	4661      	mov	r1, ip
10008e46:	0a09      	lsrs	r1, r1, #8
10008e48:	4688      	mov	r8, r1
10008e4a:	46b1      	mov	r9, r6
10008e4c:	09f1      	lsrs	r1, r6, #7
10008e4e:	4646      	mov	r6, r8
10008e50:	404e      	eors	r6, r1
10008e52:	4659      	mov	r1, fp
10008e54:	400e      	ands	r6, r1
10008e56:	0071      	lsls	r1, r6, #1
10008e58:	5a51      	ldrh	r1, [r2, r1]
10008e5a:	4688      	mov	r8, r1
10008e5c:	4649      	mov	r1, r9
10008e5e:	4646      	mov	r6, r8
10008e60:	0209      	lsls	r1, r1, #8
10008e62:	404e      	eors	r6, r1
10008e64:	09f1      	lsrs	r1, r6, #7
10008e66:	46b0      	mov	r8, r6
10008e68:	4666      	mov	r6, ip
10008e6a:	404e      	eors	r6, r1
10008e6c:	0031      	movs	r1, r6
10008e6e:	465e      	mov	r6, fp
10008e70:	400e      	ands	r6, r1
10008e72:	0071      	lsls	r1, r6, #1
10008e74:	5a51      	ldrh	r1, [r2, r1]
10008e76:	4642      	mov	r2, r8
10008e78:	0212      	lsls	r2, r2, #8
10008e7a:	404a      	eors	r2, r1
10008e7c:	493b      	ldr	r1, [pc, #236]	@ (10008f6c <can2040_pio_irq_handler+0x47c>)
10008e7e:	63e2      	str	r2, [r4, #60]	@ 0x3c
10008e80:	02c2      	lsls	r2, r0, #11
10008e82:	4011      	ands	r1, r2
10008e84:	0342      	lsls	r2, r0, #13
10008e86:	20f8      	movs	r0, #248	@ 0xf8
10008e88:	0280      	lsls	r0, r0, #10
10008e8a:	4002      	ands	r2, r0
10008e8c:	430a      	orrs	r2, r1
10008e8e:	09d9      	lsrs	r1, r3, #7
10008e90:	430a      	orrs	r2, r1
10008e92:	2130      	movs	r1, #48	@ 0x30
10008e94:	0008      	movs	r0, r1
10008e96:	4018      	ands	r0, r3
10008e98:	4219      	tst	r1, r3
10008e9a:	d000      	beq.n	10008e9e <can2040_pio_irq_handler+0x3ae>
10008e9c:	e0f2      	b.n	10009084 <can2040_pio_irq_handler+0x594>
10008e9e:	6560      	str	r0, [r4, #84]	@ 0x54
10008ea0:	6520      	str	r0, [r4, #80]	@ 0x50
10008ea2:	200f      	movs	r0, #15
10008ea4:	4018      	ands	r0, r3
10008ea6:	64e0      	str	r0, [r4, #76]	@ 0x4c
10008ea8:	0659      	lsls	r1, r3, #25
10008eaa:	d400      	bmi.n	10008eae <can2040_pio_irq_handler+0x3be>
10008eac:	e1bb      	b.n	10009226 <can2040_pio_irq_handler+0x736>
10008eae:	23c0      	movs	r3, #192	@ 0xc0
10008eb0:	061b      	lsls	r3, r3, #24
10008eb2:	4313      	orrs	r3, r2
10008eb4:	64a3      	str	r3, [r4, #72]	@ 0x48
10008eb6:	e768      	b.n	10008d8a <can2040_pio_irq_handler+0x29a>
10008eb8:	6ca2      	ldr	r2, [r4, #72]	@ 0x48
10008eba:	0452      	lsls	r2, r2, #17
10008ebc:	4313      	orrs	r3, r2
10008ebe:	2260      	movs	r2, #96	@ 0x60
10008ec0:	401a      	ands	r2, r3
10008ec2:	2a60      	cmp	r2, #96	@ 0x60
10008ec4:	d100      	bne.n	10008ec8 <can2040_pio_irq_handler+0x3d8>
10008ec6:	e1bc      	b.n	10009242 <can2040_pio_irq_handler+0x752>
10008ec8:	20ff      	movs	r0, #255	@ 0xff
10008eca:	0c19      	lsrs	r1, r3, #16
10008ecc:	4a26      	ldr	r2, [pc, #152]	@ (10008f68 <can2040_pio_irq_handler+0x478>)
10008ece:	4001      	ands	r1, r0
10008ed0:	0049      	lsls	r1, r1, #1
10008ed2:	5a51      	ldrh	r1, [r2, r1]
10008ed4:	468c      	mov	ip, r1
10008ed6:	4666      	mov	r6, ip
10008ed8:	0a19      	lsrs	r1, r3, #8
10008eda:	09f6      	lsrs	r6, r6, #7
10008edc:	4071      	eors	r1, r6
10008ede:	4666      	mov	r6, ip
10008ee0:	4001      	ands	r1, r0
10008ee2:	0049      	lsls	r1, r1, #1
10008ee4:	5a51      	ldrh	r1, [r2, r1]
10008ee6:	0236      	lsls	r6, r6, #8
10008ee8:	4071      	eors	r1, r6
10008eea:	09ce      	lsrs	r6, r1, #7
10008eec:	405e      	eors	r6, r3
10008eee:	4030      	ands	r0, r6
10008ef0:	0040      	lsls	r0, r0, #1
10008ef2:	5a12      	ldrh	r2, [r2, r0]
10008ef4:	0209      	lsls	r1, r1, #8
10008ef6:	404a      	eors	r2, r1
10008ef8:	63e2      	str	r2, [r4, #60]	@ 0x3c
10008efa:	2230      	movs	r2, #48	@ 0x30
10008efc:	0010      	movs	r0, r2
10008efe:	0399      	lsls	r1, r3, #14
10008f00:	0d49      	lsrs	r1, r1, #21
10008f02:	4018      	ands	r0, r3
10008f04:	421a      	tst	r2, r3
10008f06:	d000      	beq.n	10008f0a <can2040_pio_irq_handler+0x41a>
10008f08:	e1e1      	b.n	100092ce <can2040_pio_irq_handler+0x7de>
10008f0a:	220f      	movs	r2, #15
10008f0c:	401a      	ands	r2, r3
10008f0e:	6560      	str	r0, [r4, #84]	@ 0x54
10008f10:	6520      	str	r0, [r4, #80]	@ 0x50
10008f12:	64e2      	str	r2, [r4, #76]	@ 0x4c
10008f14:	0658      	lsls	r0, r3, #25
10008f16:	d400      	bmi.n	10008f1a <can2040_pio_irq_handler+0x42a>
10008f18:	e205      	b.n	10009326 <can2040_pio_irq_handler+0x836>
10008f1a:	2380      	movs	r3, #128	@ 0x80
10008f1c:	05db      	lsls	r3, r3, #23
10008f1e:	430b      	orrs	r3, r1
10008f20:	64a3      	str	r3, [r4, #72]	@ 0x48
10008f22:	e732      	b.n	10008d8a <can2040_pio_irq_handler+0x29a>
10008f24:	64a3      	str	r3, [r4, #72]	@ 0x48
10008f26:	2181      	movs	r1, #129	@ 0x81
10008f28:	2396      	movs	r3, #150	@ 0x96
10008f2a:	6862      	ldr	r2, [r4, #4]
10008f2c:	005b      	lsls	r3, r3, #1
10008f2e:	0049      	lsls	r1, r1, #1
10008f30:	50d1      	str	r1, [r2, r3]
10008f32:	3b2c      	subs	r3, #44	@ 0x2c
10008f34:	3bff      	subs	r3, #255	@ 0xff
10008f36:	63a3      	str	r3, [r4, #56]	@ 0x38
10008f38:	2300      	movs	r3, #0
10008f3a:	62e3      	str	r3, [r4, #44]	@ 0x2c
10008f3c:	3311      	adds	r3, #17
10008f3e:	6323      	str	r3, [r4, #48]	@ 0x30
10008f40:	6aa3      	ldr	r3, [r4, #40]	@ 0x28
10008f42:	6a62      	ldr	r2, [r4, #36]	@ 0x24
10008f44:	4698      	mov	r8, r3
10008f46:	39f1      	subs	r1, #241	@ 0xf1
10008f48:	e6d5      	b.n	10008cf6 <can2040_pio_irq_handler+0x206>
10008f4a:	46c0      	nop			@ (mov r8, r8)
10008f4c:	00000302 	.word	0x00000302
10008f50:	fffffdff 	.word	0xfffffdff
10008f54:	1000a198 	.word	0x1000a198
10008f58:	0000e12a 	.word	0x0000e12a
10008f5c:	00000202 	.word	0x00000202
10008f60:	0000a127 	.word	0x0000a127
10008f64:	00000502 	.word	0x00000502
10008f68:	1000a1c0 	.word	0x1000a1c0
10008f6c:	1ffc0000 	.word	0x1ffc0000
10008f70:	6861      	ldr	r1, [r4, #4]
10008f72:	2b0f      	cmp	r3, #15
10008f74:	d000      	beq.n	10008f78 <can2040_pio_irq_handler+0x488>
10008f76:	e0a1      	b.n	100090bc <can2040_pio_irq_handler+0x5cc>
10008f78:	2002      	movs	r0, #2
10008f7a:	0006      	movs	r6, r0
10008f7c:	688b      	ldr	r3, [r1, #8]
10008f7e:	401e      	ands	r6, r3
10008f80:	4218      	tst	r0, r3
10008f82:	d000      	beq.n	10008f86 <can2040_pio_irq_handler+0x496>
10008f84:	e09a      	b.n	100090bc <can2040_pio_irq_handler+0x5cc>
10008f86:	2301      	movs	r3, #1
10008f88:	40bb      	lsls	r3, r7
10008f8a:	1e59      	subs	r1, r3, #1
10008f8c:	400a      	ands	r2, r1
10008f8e:	005b      	lsls	r3, r3, #1
10008f90:	431a      	orrs	r2, r3
10008f92:	2308      	movs	r3, #8
10008f94:	63a3      	str	r3, [r4, #56]	@ 0x38
10008f96:	2305      	movs	r3, #5
10008f98:	46b8      	mov	r8, r7
10008f9a:	2105      	movs	r1, #5
10008f9c:	6262      	str	r2, [r4, #36]	@ 0x24
10008f9e:	62e6      	str	r6, [r4, #44]	@ 0x2c
10008fa0:	6323      	str	r3, [r4, #48]	@ 0x30
10008fa2:	e6a8      	b.n	10008cf6 <can2040_pio_irq_handler+0x206>
10008fa4:	2b01      	cmp	r3, #1
10008fa6:	d160      	bne.n	1000906a <can2040_pio_irq_handler+0x57a>
10008fa8:	6da3      	ldr	r3, [r4, #88]	@ 0x58
10008faa:	2b00      	cmp	r3, #0
10008fac:	d002      	beq.n	10008fb4 <can2040_pio_irq_handler+0x4c4>
10008fae:	2204      	movs	r2, #4
10008fb0:	4313      	orrs	r3, r2
10008fb2:	65a3      	str	r3, [r4, #88]	@ 0x58
10008fb4:	2307      	movs	r3, #7
10008fb6:	63a3      	str	r3, [r4, #56]	@ 0x38
10008fb8:	2300      	movs	r3, #0
10008fba:	62e3      	str	r3, [r4, #44]	@ 0x2c
10008fbc:	3304      	adds	r3, #4
10008fbe:	46b8      	mov	r8, r7
10008fc0:	2104      	movs	r1, #4
10008fc2:	6a62      	ldr	r2, [r4, #36]	@ 0x24
10008fc4:	6323      	str	r3, [r4, #48]	@ 0x30
10008fc6:	e696      	b.n	10008cf6 <can2040_pio_irq_handler+0x206>
10008fc8:	6863      	ldr	r3, [r4, #4]
10008fca:	689a      	ldr	r2, [r3, #8]
10008fcc:	0792      	lsls	r2, r2, #30
10008fce:	d500      	bpl.n	10008fd2 <can2040_pio_irq_handler+0x4e2>
10008fd0:	e16b      	b.n	100092aa <can2040_pio_irq_handler+0x7ba>
10008fd2:	2209      	movs	r2, #9
10008fd4:	2120      	movs	r1, #32
10008fd6:	63a2      	str	r2, [r4, #56]	@ 0x38
10008fd8:	2200      	movs	r2, #0
10008fda:	6321      	str	r1, [r4, #48]	@ 0x30
10008fdc:	6da1      	ldr	r1, [r4, #88]	@ 0x58
10008fde:	62e2      	str	r2, [r4, #44]	@ 0x2c
10008fe0:	2900      	cmp	r1, #0
10008fe2:	d001      	beq.n	10008fe8 <can2040_pio_irq_handler+0x4f8>
10008fe4:	65a2      	str	r2, [r4, #88]	@ 0x58
10008fe6:	619a      	str	r2, [r3, #24]
10008fe8:	4adb      	ldr	r2, [pc, #876]	@ (10009358 <can2040_pio_irq_handler+0x868>)
10008fea:	651a      	str	r2, [r3, #80]	@ 0x50
10008fec:	2296      	movs	r2, #150	@ 0x96
10008fee:	0052      	lsls	r2, r2, #1
10008ff0:	49da      	ldr	r1, [pc, #872]	@ (1000935c <can2040_pio_irq_handler+0x86c>)
10008ff2:	5099      	str	r1, [r3, r2]
10008ff4:	6aa3      	ldr	r3, [r4, #40]	@ 0x28
10008ff6:	6a62      	ldr	r2, [r4, #36]	@ 0x24
10008ff8:	4698      	mov	r8, r3
10008ffa:	6b21      	ldr	r1, [r4, #48]	@ 0x30
10008ffc:	e67b      	b.n	10008cf6 <can2040_pio_irq_handler+0x206>
10008ffe:	2208      	movs	r2, #8
10009000:	6c61      	ldr	r1, [r4, #68]	@ 0x44
10009002:	6c23      	ldr	r3, [r4, #64]	@ 0x40
10009004:	4252      	negs	r2, r2
10009006:	1a52      	subs	r2, r2, r1
10009008:	04db      	lsls	r3, r3, #19
1000900a:	0552      	lsls	r2, r2, #21
1000900c:	0adb      	lsrs	r3, r3, #11
1000900e:	4313      	orrs	r3, r2
10009010:	227f      	movs	r2, #127	@ 0x7f
10009012:	4313      	orrs	r3, r2
10009014:	6862      	ldr	r2, [r4, #4]
10009016:	0020      	movs	r0, r4
10009018:	6193      	str	r3, [r2, #24]
1000901a:	f7ff fc75 	bl	10008908 <tx_schedule_transmit>
1000901e:	2296      	movs	r2, #150	@ 0x96
10009020:	4bcf      	ldr	r3, [pc, #828]	@ (10009360 <can2040_pio_irq_handler+0x870>)
10009022:	6861      	ldr	r1, [r4, #4]
10009024:	4303      	orrs	r3, r0
10009026:	0052      	lsls	r2, r2, #1
10009028:	508b      	str	r3, [r1, r2]
1000902a:	e5b0      	b.n	10008b8e <can2040_pio_irq_handler+0x9e>
1000902c:	6da3      	ldr	r3, [r4, #88]	@ 0x58
1000902e:	2b00      	cmp	r3, #0
10009030:	d100      	bne.n	10009034 <can2040_pio_irq_handler+0x544>
10009032:	e617      	b.n	10008c64 <can2040_pio_irq_handler+0x174>
10009034:	075b      	lsls	r3, r3, #29
10009036:	d510      	bpl.n	1000905a <can2040_pio_irq_handler+0x56a>
10009038:	6863      	ldr	r3, [r4, #4]
1000903a:	4aca      	ldr	r2, [pc, #808]	@ (10009364 <can2040_pio_irq_handler+0x874>)
1000903c:	651a      	str	r2, [r3, #80]	@ 0x50
1000903e:	6da3      	ldr	r3, [r4, #88]	@ 0x58
10009040:	2b06      	cmp	r3, #6
10009042:	d100      	bne.n	10009046 <can2040_pio_irq_handler+0x556>
10009044:	e17a      	b.n	1000933c <can2040_pio_irq_handler+0x84c>
10009046:	0022      	movs	r2, r4
10009048:	2180      	movs	r1, #128	@ 0x80
1000904a:	6963      	ldr	r3, [r4, #20]
1000904c:	0020      	movs	r0, r4
1000904e:	3301      	adds	r3, #1
10009050:	6163      	str	r3, [r4, #20]
10009052:	3248      	adds	r2, #72	@ 0x48
10009054:	6923      	ldr	r3, [r4, #16]
10009056:	0349      	lsls	r1, r1, #13
10009058:	4798      	blx	r3
1000905a:	2300      	movs	r3, #0
1000905c:	6862      	ldr	r2, [r4, #4]
1000905e:	65a3      	str	r3, [r4, #88]	@ 0x58
10009060:	6193      	str	r3, [r2, #24]
10009062:	e5ff      	b.n	10008c64 <can2040_pio_irq_handler+0x174>
10009064:	46b8      	mov	r8, r7
10009066:	6a62      	ldr	r2, [r4, #36]	@ 0x24
10009068:	e645      	b.n	10008cf6 <can2040_pio_irq_handler+0x206>
1000906a:	6c21      	ldr	r1, [r4, #64]	@ 0x40
1000906c:	0089      	lsls	r1, r1, #2
1000906e:	430b      	orrs	r3, r1
10009070:	2101      	movs	r1, #1
10009072:	40b9      	lsls	r1, r7
10009074:	40bb      	lsls	r3, r7
10009076:	3901      	subs	r1, #1
10009078:	400a      	ands	r2, r1
1000907a:	4313      	orrs	r3, r2
1000907c:	6263      	str	r3, [r4, #36]	@ 0x24
1000907e:	6a23      	ldr	r3, [r4, #32]
10009080:	3301      	adds	r3, #1
10009082:	6223      	str	r3, [r4, #32]
10009084:	6863      	ldr	r3, [r4, #4]
10009086:	2700      	movs	r7, #0
10009088:	689a      	ldr	r2, [r3, #8]
1000908a:	0792      	lsls	r2, r2, #30
1000908c:	d5a1      	bpl.n	10008fd2 <can2040_pio_irq_handler+0x4e2>
1000908e:	0020      	movs	r0, r4
10009090:	62a7      	str	r7, [r4, #40]	@ 0x28
10009092:	6267      	str	r7, [r4, #36]	@ 0x24
10009094:	6367      	str	r7, [r4, #52]	@ 0x34
10009096:	f7ff fb45 	bl	10008724 <pio_sm_setup>
1000909a:	2210      	movs	r2, #16
1000909c:	0039      	movs	r1, r7
1000909e:	a802      	add	r0, sp, #8
100090a0:	f7f9 f834 	bl	1000210c <__wrap_memset>
100090a4:	2180      	movs	r1, #128	@ 0x80
100090a6:	6923      	ldr	r3, [r4, #16]
100090a8:	0020      	movs	r0, r4
100090aa:	aa02      	add	r2, sp, #8
100090ac:	0409      	lsls	r1, r1, #16
100090ae:	4798      	blx	r3
100090b0:	6863      	ldr	r3, [r4, #4]
100090b2:	e78e      	b.n	10008fd2 <can2040_pio_irq_handler+0x4e2>
100090b4:	2204      	movs	r2, #4
100090b6:	4313      	orrs	r3, r2
100090b8:	65a3      	str	r3, [r4, #88]	@ 0x58
100090ba:	e7bd      	b.n	10009038 <can2040_pio_irq_handler+0x548>
100090bc:	6a23      	ldr	r3, [r4, #32]
100090be:	3301      	adds	r3, #1
100090c0:	6223      	str	r3, [r4, #32]
100090c2:	688b      	ldr	r3, [r1, #8]
100090c4:	079b      	lsls	r3, r3, #30
100090c6:	d400      	bmi.n	100090ca <can2040_pio_irq_handler+0x5da>
100090c8:	e600      	b.n	10008ccc <can2040_pio_irq_handler+0x1dc>
100090ca:	2300      	movs	r3, #0
100090cc:	0020      	movs	r0, r4
100090ce:	62a3      	str	r3, [r4, #40]	@ 0x28
100090d0:	6263      	str	r3, [r4, #36]	@ 0x24
100090d2:	6363      	str	r3, [r4, #52]	@ 0x34
100090d4:	f7ff fb26 	bl	10008724 <pio_sm_setup>
100090d8:	2210      	movs	r2, #16
100090da:	2100      	movs	r1, #0
100090dc:	a802      	add	r0, sp, #8
100090de:	f7f9 f815 	bl	1000210c <__wrap_memset>
100090e2:	2180      	movs	r1, #128	@ 0x80
100090e4:	0020      	movs	r0, r4
100090e6:	0409      	lsls	r1, r1, #16
100090e8:	6923      	ldr	r3, [r4, #16]
100090ea:	aa02      	add	r2, sp, #8
100090ec:	4798      	blx	r3
100090ee:	6861      	ldr	r1, [r4, #4]
100090f0:	e5ec      	b.n	10008ccc <can2040_pio_irq_handler+0x1dc>
100090f2:	4653      	mov	r3, sl
100090f4:	4650      	mov	r0, sl
100090f6:	62a3      	str	r3, [r4, #40]	@ 0x28
100090f8:	464b      	mov	r3, r9
100090fa:	4083      	lsls	r3, r0
100090fc:	9801      	ldr	r0, [sp, #4]
100090fe:	4657      	mov	r7, sl
10009100:	4203      	tst	r3, r0
10009102:	d100      	bne.n	10009106 <can2040_pio_irq_handler+0x616>
10009104:	e53c      	b.n	10008b80 <can2040_pio_irq_handler+0x90>
10009106:	0017      	movs	r7, r2
10009108:	6ba1      	ldr	r1, [r4, #56]	@ 0x38
1000910a:	401f      	ands	r7, r3
1000910c:	421a      	tst	r2, r3
1000910e:	d017      	beq.n	10009140 <can2040_pio_irq_handler+0x650>
10009110:	2909      	cmp	r1, #9
10009112:	d002      	beq.n	1000911a <can2040_pio_irq_handler+0x62a>
10009114:	2900      	cmp	r1, #0
10009116:	d000      	beq.n	1000911a <can2040_pio_irq_handler+0x62a>
10009118:	e16d      	b.n	100093f6 <can2040_pio_irq_handler+0x906>
1000911a:	4653      	mov	r3, sl
1000911c:	40da      	lsrs	r2, r3
1000911e:	43d3      	mvns	r3, r2
10009120:	3201      	adds	r2, #1
10009122:	d100      	bne.n	10009126 <can2040_pio_irq_handler+0x636>
10009124:	e159      	b.n	100093da <can2040_pio_irq_handler+0x8ea>
10009126:	059b      	lsls	r3, r3, #22
10009128:	0d9a      	lsrs	r2, r3, #22
1000912a:	2b00      	cmp	r3, #0
1000912c:	d000      	beq.n	10009130 <can2040_pio_irq_handler+0x640>
1000912e:	e0ce      	b.n	100092ce <can2040_pio_irq_handler+0x7de>
10009130:	3301      	adds	r3, #1
10009132:	63a2      	str	r2, [r4, #56]	@ 0x38
10009134:	62e2      	str	r2, [r4, #44]	@ 0x2c
10009136:	46d0      	mov	r8, sl
10009138:	2101      	movs	r1, #1
1000913a:	6a62      	ldr	r2, [r4, #36]	@ 0x24
1000913c:	6323      	str	r3, [r4, #48]	@ 0x30
1000913e:	e5da      	b.n	10008cf6 <can2040_pio_irq_handler+0x206>
10009140:	2909      	cmp	r1, #9
10009142:	d100      	bne.n	10009146 <can2040_pio_irq_handler+0x656>
10009144:	e0d8      	b.n	100092f8 <can2040_pio_irq_handler+0x808>
10009146:	6a23      	ldr	r3, [r4, #32]
10009148:	3301      	adds	r3, #1
1000914a:	6223      	str	r3, [r4, #32]
1000914c:	6863      	ldr	r3, [r4, #4]
1000914e:	689a      	ldr	r2, [r3, #8]
10009150:	0792      	lsls	r2, r2, #30
10009152:	d400      	bmi.n	10009156 <can2040_pio_irq_handler+0x666>
10009154:	e73d      	b.n	10008fd2 <can2040_pio_irq_handler+0x4e2>
10009156:	e79a      	b.n	1000908e <can2040_pio_irq_handler+0x59e>
10009158:	0019      	movs	r1, r3
1000915a:	4666      	mov	r6, ip
1000915c:	0e18      	lsrs	r0, r3, #24
1000915e:	09f6      	lsrs	r6, r6, #7
10009160:	4046      	eors	r6, r0
10009162:	20ff      	movs	r0, #255	@ 0xff
10009164:	4a80      	ldr	r2, [pc, #512]	@ (10009368 <can2040_pio_irq_handler+0x878>)
10009166:	4030      	ands	r0, r6
10009168:	0040      	lsls	r0, r0, #1
1000916a:	5a10      	ldrh	r0, [r2, r0]
1000916c:	4681      	mov	r9, r0
1000916e:	4660      	mov	r0, ip
10009170:	464e      	mov	r6, r9
10009172:	0200      	lsls	r0, r0, #8
10009174:	4046      	eors	r6, r0
10009176:	46b4      	mov	ip, r6
10009178:	4666      	mov	r6, ip
1000917a:	0c18      	lsrs	r0, r3, #16
1000917c:	09f6      	lsrs	r6, r6, #7
1000917e:	4046      	eors	r6, r0
10009180:	20ff      	movs	r0, #255	@ 0xff
10009182:	4030      	ands	r0, r6
10009184:	0040      	lsls	r0, r0, #1
10009186:	5a10      	ldrh	r0, [r2, r0]
10009188:	4681      	mov	r9, r0
1000918a:	4660      	mov	r0, ip
1000918c:	464e      	mov	r6, r9
1000918e:	0200      	lsls	r0, r0, #8
10009190:	4046      	eors	r6, r0
10009192:	46b4      	mov	ip, r6
10009194:	4666      	mov	r6, ip
10009196:	0a18      	lsrs	r0, r3, #8
10009198:	09f6      	lsrs	r6, r6, #7
1000919a:	4070      	eors	r0, r6
1000919c:	26ff      	movs	r6, #255	@ 0xff
1000919e:	4030      	ands	r0, r6
100091a0:	0040      	lsls	r0, r0, #1
100091a2:	5a10      	ldrh	r0, [r2, r0]
100091a4:	46b1      	mov	r9, r6
100091a6:	4682      	mov	sl, r0
100091a8:	4660      	mov	r0, ip
100091aa:	4656      	mov	r6, sl
100091ac:	0200      	lsls	r0, r0, #8
100091ae:	4070      	eors	r0, r6
100091b0:	09c6      	lsrs	r6, r0, #7
100091b2:	4073      	eors	r3, r6
100091b4:	464e      	mov	r6, r9
100091b6:	4033      	ands	r3, r6
100091b8:	005b      	lsls	r3, r3, #1
100091ba:	5ad3      	ldrh	r3, [r2, r3]
100091bc:	0200      	lsls	r0, r0, #8
100091be:	4043      	eors	r3, r0
100091c0:	63e3      	str	r3, [r4, #60]	@ 0x3c
100091c2:	4643      	mov	r3, r8
100091c4:	ba09      	rev	r1, r1
100091c6:	6521      	str	r1, [r4, #80]	@ 0x50
100091c8:	2b04      	cmp	r3, #4
100091ca:	d800      	bhi.n	100091ce <can2040_pio_irq_handler+0x6de>
100091cc:	e5dd      	b.n	10008d8a <can2040_pio_irq_handler+0x29a>
100091ce:	2120      	movs	r1, #32
100091d0:	2b07      	cmp	r3, #7
100091d2:	d802      	bhi.n	100091da <can2040_pio_irq_handler+0x6ea>
100091d4:	4641      	mov	r1, r8
100091d6:	3904      	subs	r1, #4
100091d8:	00c9      	lsls	r1, r1, #3
100091da:	2304      	movs	r3, #4
100091dc:	63a3      	str	r3, [r4, #56]	@ 0x38
100091de:	2300      	movs	r3, #0
100091e0:	46b8      	mov	r8, r7
100091e2:	6a62      	ldr	r2, [r4, #36]	@ 0x24
100091e4:	62e3      	str	r3, [r4, #44]	@ 0x2c
100091e6:	6321      	str	r1, [r4, #48]	@ 0x30
100091e8:	e585      	b.n	10008cf6 <can2040_pio_irq_handler+0x206>
100091ea:	0019      	movs	r1, r3
100091ec:	0e1f      	lsrs	r7, r3, #24
100091ee:	09c6      	lsrs	r6, r0, #7
100091f0:	407e      	eors	r6, r7
100091f2:	27ff      	movs	r7, #255	@ 0xff
100091f4:	4a5c      	ldr	r2, [pc, #368]	@ (10009368 <can2040_pio_irq_handler+0x878>)
100091f6:	4037      	ands	r7, r6
100091f8:	007f      	lsls	r7, r7, #1
100091fa:	5bd7      	ldrh	r7, [r2, r7]
100091fc:	0200      	lsls	r0, r0, #8
100091fe:	4078      	eors	r0, r7
10009200:	0c1f      	lsrs	r7, r3, #16
10009202:	09c6      	lsrs	r6, r0, #7
10009204:	407e      	eors	r6, r7
10009206:	27ff      	movs	r7, #255	@ 0xff
10009208:	4037      	ands	r7, r6
1000920a:	007f      	lsls	r7, r7, #1
1000920c:	5bd7      	ldrh	r7, [r2, r7]
1000920e:	0200      	lsls	r0, r0, #8
10009210:	4078      	eors	r0, r7
10009212:	0a1f      	lsrs	r7, r3, #8
10009214:	09c6      	lsrs	r6, r0, #7
10009216:	407e      	eors	r6, r7
10009218:	27ff      	movs	r7, #255	@ 0xff
1000921a:	4037      	ands	r7, r6
1000921c:	007f      	lsls	r7, r7, #1
1000921e:	5bd7      	ldrh	r7, [r2, r7]
10009220:	0200      	lsls	r0, r0, #8
10009222:	4078      	eors	r0, r7
10009224:	e5a6      	b.n	10008d74 <can2040_pio_irq_handler+0x284>
10009226:	2180      	movs	r1, #128	@ 0x80
10009228:	0609      	lsls	r1, r1, #24
1000922a:	430a      	orrs	r2, r1
1000922c:	64a2      	str	r2, [r4, #72]	@ 0x48
1000922e:	2800      	cmp	r0, #0
10009230:	d100      	bne.n	10009234 <can2040_pio_irq_handler+0x744>
10009232:	e5aa      	b.n	10008d8a <can2040_pio_irq_handler+0x29a>
10009234:	220c      	movs	r2, #12
10009236:	2120      	movs	r1, #32
10009238:	421a      	tst	r2, r3
1000923a:	d100      	bne.n	1000923e <can2040_pio_irq_handler+0x74e>
1000923c:	00c1      	lsls	r1, r0, #3
1000923e:	2303      	movs	r3, #3
10009240:	e7cc      	b.n	100091dc <can2040_pio_irq_handler+0x6ec>
10009242:	64a3      	str	r3, [r4, #72]	@ 0x48
10009244:	2302      	movs	r3, #2
10009246:	63a3      	str	r3, [r4, #56]	@ 0x38
10009248:	2300      	movs	r3, #0
1000924a:	62e3      	str	r3, [r4, #44]	@ 0x2c
1000924c:	3314      	adds	r3, #20
1000924e:	46b8      	mov	r8, r7
10009250:	2114      	movs	r1, #20
10009252:	6a62      	ldr	r2, [r4, #36]	@ 0x24
10009254:	6323      	str	r3, [r4, #48]	@ 0x30
10009256:	e54e      	b.n	10008cf6 <can2040_pio_irq_handler+0x206>
10009258:	6da3      	ldr	r3, [r4, #88]	@ 0x58
1000925a:	46b8      	mov	r8, r7
1000925c:	2b00      	cmp	r3, #0
1000925e:	d01c      	beq.n	1000929a <can2040_pio_irq_handler+0x7aa>
10009260:	075b      	lsls	r3, r3, #29
10009262:	d510      	bpl.n	10009286 <can2040_pio_irq_handler+0x796>
10009264:	6863      	ldr	r3, [r4, #4]
10009266:	4a3f      	ldr	r2, [pc, #252]	@ (10009364 <can2040_pio_irq_handler+0x874>)
10009268:	651a      	str	r2, [r3, #80]	@ 0x50
1000926a:	6da3      	ldr	r3, [r4, #88]	@ 0x58
1000926c:	2b06      	cmp	r3, #6
1000926e:	d100      	bne.n	10009272 <can2040_pio_irq_handler+0x782>
10009270:	e0d4      	b.n	1000941c <can2040_pio_irq_handler+0x92c>
10009272:	0022      	movs	r2, r4
10009274:	2180      	movs	r1, #128	@ 0x80
10009276:	6963      	ldr	r3, [r4, #20]
10009278:	0020      	movs	r0, r4
1000927a:	3301      	adds	r3, #1
1000927c:	6163      	str	r3, [r4, #20]
1000927e:	3248      	adds	r2, #72	@ 0x48
10009280:	6923      	ldr	r3, [r4, #16]
10009282:	0349      	lsls	r1, r1, #13
10009284:	4798      	blx	r3
10009286:	2200      	movs	r2, #0
10009288:	6863      	ldr	r3, [r4, #4]
1000928a:	65a2      	str	r2, [r4, #88]	@ 0x58
1000928c:	4937      	ldr	r1, [pc, #220]	@ (1000936c <can2040_pio_irq_handler+0x87c>)
1000928e:	619a      	str	r2, [r3, #24]
10009290:	322d      	adds	r2, #45	@ 0x2d
10009292:	32ff      	adds	r2, #255	@ 0xff
10009294:	5099      	str	r1, [r3, r2]
10009296:	6aa3      	ldr	r3, [r4, #40]	@ 0x28
10009298:	4698      	mov	r8, r3
1000929a:	2300      	movs	r3, #0
1000929c:	63a3      	str	r3, [r4, #56]	@ 0x38
1000929e:	62e3      	str	r3, [r4, #44]	@ 0x2c
100092a0:	3301      	adds	r3, #1
100092a2:	2101      	movs	r1, #1
100092a4:	6a62      	ldr	r2, [r4, #36]	@ 0x24
100092a6:	6323      	str	r3, [r4, #48]	@ 0x30
100092a8:	e525      	b.n	10008cf6 <can2040_pio_irq_handler+0x206>
100092aa:	2300      	movs	r3, #0
100092ac:	0020      	movs	r0, r4
100092ae:	62a3      	str	r3, [r4, #40]	@ 0x28
100092b0:	6263      	str	r3, [r4, #36]	@ 0x24
100092b2:	6363      	str	r3, [r4, #52]	@ 0x34
100092b4:	f7ff fa36 	bl	10008724 <pio_sm_setup>
100092b8:	2210      	movs	r2, #16
100092ba:	2100      	movs	r1, #0
100092bc:	e6ef      	b.n	1000909e <can2040_pio_irq_handler+0x5ae>
100092be:	2b17      	cmp	r3, #23
100092c0:	d800      	bhi.n	100092c4 <can2040_pio_irq_handler+0x7d4>
100092c2:	e6dc      	b.n	1000907e <can2040_pio_irq_handler+0x58e>
100092c4:	6da3      	ldr	r3, [r4, #88]	@ 0x58
100092c6:	079a      	lsls	r2, r3, #30
100092c8:	d500      	bpl.n	100092cc <can2040_pio_irq_handler+0x7dc>
100092ca:	e6d8      	b.n	1000907e <can2040_pio_irq_handler+0x58e>
100092cc:	e4db      	b.n	10008c86 <can2040_pio_irq_handler+0x196>
100092ce:	6862      	ldr	r2, [r4, #4]
100092d0:	2700      	movs	r7, #0
100092d2:	6893      	ldr	r3, [r2, #8]
100092d4:	079b      	lsls	r3, r3, #30
100092d6:	d413      	bmi.n	10009300 <can2040_pio_irq_handler+0x810>
100092d8:	2309      	movs	r3, #9
100092da:	2120      	movs	r1, #32
100092dc:	63a3      	str	r3, [r4, #56]	@ 0x38
100092de:	2300      	movs	r3, #0
100092e0:	6321      	str	r1, [r4, #48]	@ 0x30
100092e2:	6da1      	ldr	r1, [r4, #88]	@ 0x58
100092e4:	62e3      	str	r3, [r4, #44]	@ 0x2c
100092e6:	2900      	cmp	r1, #0
100092e8:	d001      	beq.n	100092ee <can2040_pio_irq_handler+0x7fe>
100092ea:	65a3      	str	r3, [r4, #88]	@ 0x58
100092ec:	6193      	str	r3, [r2, #24]
100092ee:	4b1a      	ldr	r3, [pc, #104]	@ (10009358 <can2040_pio_irq_handler+0x868>)
100092f0:	6513      	str	r3, [r2, #80]	@ 0x50
100092f2:	2396      	movs	r3, #150	@ 0x96
100092f4:	005b      	lsls	r3, r3, #1
100092f6:	e67b      	b.n	10008ff0 <can2040_pio_irq_handler+0x500>
100092f8:	6862      	ldr	r2, [r4, #4]
100092fa:	6893      	ldr	r3, [r2, #8]
100092fc:	079b      	lsls	r3, r3, #30
100092fe:	d5eb      	bpl.n	100092d8 <can2040_pio_irq_handler+0x7e8>
10009300:	0020      	movs	r0, r4
10009302:	62a7      	str	r7, [r4, #40]	@ 0x28
10009304:	6267      	str	r7, [r4, #36]	@ 0x24
10009306:	6367      	str	r7, [r4, #52]	@ 0x34
10009308:	f7ff fa0c 	bl	10008724 <pio_sm_setup>
1000930c:	2210      	movs	r2, #16
1000930e:	0039      	movs	r1, r7
10009310:	a802      	add	r0, sp, #8
10009312:	f7f8 fefb 	bl	1000210c <__wrap_memset>
10009316:	2180      	movs	r1, #128	@ 0x80
10009318:	aa02      	add	r2, sp, #8
1000931a:	0020      	movs	r0, r4
1000931c:	6923      	ldr	r3, [r4, #16]
1000931e:	0409      	lsls	r1, r1, #16
10009320:	4798      	blx	r3
10009322:	6862      	ldr	r2, [r4, #4]
10009324:	e7d8      	b.n	100092d8 <can2040_pio_irq_handler+0x7e8>
10009326:	64a1      	str	r1, [r4, #72]	@ 0x48
10009328:	2a00      	cmp	r2, #0
1000932a:	d100      	bne.n	1000932e <can2040_pio_irq_handler+0x83e>
1000932c:	e52d      	b.n	10008d8a <can2040_pio_irq_handler+0x29a>
1000932e:	200c      	movs	r0, #12
10009330:	2120      	movs	r1, #32
10009332:	4218      	tst	r0, r3
10009334:	d183      	bne.n	1000923e <can2040_pio_irq_handler+0x74e>
10009336:	2303      	movs	r3, #3
10009338:	00d1      	lsls	r1, r2, #3
1000933a:	e74f      	b.n	100091dc <can2040_pio_irq_handler+0x6ec>
1000933c:	6e23      	ldr	r3, [r4, #96]	@ 0x60
1000933e:	3301      	adds	r3, #1
10009340:	2180      	movs	r1, #128	@ 0x80
10009342:	0022      	movs	r2, r4
10009344:	6623      	str	r3, [r4, #96]	@ 0x60
10009346:	69a3      	ldr	r3, [r4, #24]
10009348:	0020      	movs	r0, r4
1000934a:	3301      	adds	r3, #1
1000934c:	61a3      	str	r3, [r4, #24]
1000934e:	3248      	adds	r2, #72	@ 0x48
10009350:	6923      	ldr	r3, [r4, #16]
10009352:	0389      	lsls	r1, r1, #14
10009354:	4798      	blx	r3
10009356:	e680      	b.n	1000905a <can2040_pio_irq_handler+0x56a>
10009358:	0000a127 	.word	0x0000a127
1000935c:	00000302 	.word	0x00000302
10009360:	00000502 	.word	0x00000502
10009364:	0000e12a 	.word	0x0000e12a
10009368:	1000a1c0 	.word	0x1000a1c0
1000936c:	00000202 	.word	0x00000202
10009370:	4a31      	ldr	r2, [pc, #196]	@ (10009438 <can2040_pio_irq_handler+0x948>)
10009372:	0419      	lsls	r1, r3, #16
10009374:	e70e      	b.n	10009194 <can2040_pio_irq_handler+0x6a4>
10009376:	4a30      	ldr	r2, [pc, #192]	@ (10009438 <can2040_pio_irq_handler+0x948>)
10009378:	0219      	lsls	r1, r3, #8
1000937a:	e6fd      	b.n	10009178 <can2040_pio_irq_handler+0x688>
1000937c:	4a2e      	ldr	r2, [pc, #184]	@ (10009438 <can2040_pio_irq_handler+0x948>)
1000937e:	0419      	lsls	r1, r3, #16
10009380:	e747      	b.n	10009212 <can2040_pio_irq_handler+0x722>
10009382:	4a2d      	ldr	r2, [pc, #180]	@ (10009438 <can2040_pio_irq_handler+0x948>)
10009384:	0219      	lsls	r1, r3, #8
10009386:	e73b      	b.n	10009200 <can2040_pio_irq_handler+0x710>
10009388:	6c60      	ldr	r0, [r4, #68]	@ 0x44
1000938a:	6c25      	ldr	r5, [r4, #64]	@ 0x40
1000938c:	4240      	negs	r0, r0
1000938e:	02ed      	lsls	r5, r5, #11
10009390:	0aed      	lsrs	r5, r5, #11
10009392:	0540      	lsls	r0, r0, #21
10009394:	4328      	orrs	r0, r5
10009396:	2502      	movs	r5, #2
10009398:	65e5      	str	r5, [r4, #92]	@ 0x5c
1000939a:	2407      	movs	r4, #7
1000939c:	601c      	str	r4, [r3, #0]
1000939e:	3480      	adds	r4, #128	@ 0x80
100093a0:	601c      	str	r4, [r3, #0]
100093a2:	3c7b      	subs	r4, #123	@ 0x7b
100093a4:	631c      	str	r4, [r3, #48]	@ 0x30
100093a6:	001c      	movs	r4, r3
100093a8:	3411      	adds	r4, #17
100093aa:	34ff      	adds	r4, #255	@ 0xff
100093ac:	60a1      	str	r1, [r4, #8]
100093ae:	4923      	ldr	r1, [pc, #140]	@ (1000943c <can2040_pio_irq_handler+0x94c>)
100093b0:	4d23      	ldr	r5, [pc, #140]	@ (10009440 <can2040_pio_irq_handler+0x950>)
100093b2:	60a1      	str	r1, [r4, #8]
100093b4:	21ac      	movs	r1, #172	@ 0xac
100093b6:	505d      	str	r5, [r3, r1]
100093b8:	4922      	ldr	r1, [pc, #136]	@ (10009444 <can2040_pio_irq_handler+0x954>)
100093ba:	61d9      	str	r1, [r3, #28]
100093bc:	4922      	ldr	r1, [pc, #136]	@ (10009448 <can2040_pio_irq_handler+0x958>)
100093be:	6121      	str	r1, [r4, #16]
100093c0:	4922      	ldr	r1, [pc, #136]	@ (1000944c <can2040_pio_irq_handler+0x95c>)
100093c2:	6121      	str	r1, [r4, #16]
100093c4:	211b      	movs	r1, #27
100093c6:	6121      	str	r1, [r4, #16]
100093c8:	4921      	ldr	r1, [pc, #132]	@ (10009450 <can2040_pio_irq_handler+0x960>)
100093ca:	6121      	str	r1, [r4, #16]
100093cc:	210f      	movs	r1, #15
100093ce:	6019      	str	r1, [r3, #0]
100093d0:	4920      	ldr	r1, [pc, #128]	@ (10009454 <can2040_pio_irq_handler+0x964>)
100093d2:	6198      	str	r0, [r3, #24]
100093d4:	5099      	str	r1, [r3, r2]
100093d6:	f7ff fbda 	bl	10008b8e <can2040_pio_irq_handler+0x9e>
100093da:	0020      	movs	r0, r4
100093dc:	62a3      	str	r3, [r4, #40]	@ 0x28
100093de:	6263      	str	r3, [r4, #36]	@ 0x24
100093e0:	6363      	str	r3, [r4, #52]	@ 0x34
100093e2:	f7ff f99f 	bl	10008724 <pio_sm_setup>
100093e6:	0020      	movs	r0, r4
100093e8:	f7ff fa5c 	bl	100088a4 <data_state_go_discard>
100093ec:	6aa3      	ldr	r3, [r4, #40]	@ 0x28
100093ee:	6a62      	ldr	r2, [r4, #36]	@ 0x24
100093f0:	4698      	mov	r8, r3
100093f2:	6b21      	ldr	r1, [r4, #48]	@ 0x30
100093f4:	e47f      	b.n	10008cf6 <can2040_pio_irq_handler+0x206>
100093f6:	6a23      	ldr	r3, [r4, #32]
100093f8:	3301      	adds	r3, #1
100093fa:	6223      	str	r3, [r4, #32]
100093fc:	e7f3      	b.n	100093e6 <can2040_pio_irq_handler+0x8f6>
100093fe:	6e23      	ldr	r3, [r4, #96]	@ 0x60
10009400:	3301      	adds	r3, #1
10009402:	2180      	movs	r1, #128	@ 0x80
10009404:	0022      	movs	r2, r4
10009406:	6623      	str	r3, [r4, #96]	@ 0x60
10009408:	69a3      	ldr	r3, [r4, #24]
1000940a:	3248      	adds	r2, #72	@ 0x48
1000940c:	3301      	adds	r3, #1
1000940e:	61a3      	str	r3, [r4, #24]
10009410:	0020      	movs	r0, r4
10009412:	6923      	ldr	r3, [r4, #16]
10009414:	0389      	lsls	r1, r1, #14
10009416:	4798      	blx	r3
10009418:	6862      	ldr	r2, [r4, #4]
1000941a:	e44b      	b.n	10008cb4 <can2040_pio_irq_handler+0x1c4>
1000941c:	6e23      	ldr	r3, [r4, #96]	@ 0x60
1000941e:	3301      	adds	r3, #1
10009420:	2180      	movs	r1, #128	@ 0x80
10009422:	0022      	movs	r2, r4
10009424:	6623      	str	r3, [r4, #96]	@ 0x60
10009426:	69a3      	ldr	r3, [r4, #24]
10009428:	0020      	movs	r0, r4
1000942a:	3301      	adds	r3, #1
1000942c:	61a3      	str	r3, [r4, #24]
1000942e:	3248      	adds	r2, #72	@ 0x48
10009430:	6923      	ldr	r3, [r4, #16]
10009432:	0389      	lsls	r1, r1, #14
10009434:	4798      	blx	r3
10009436:	e726      	b.n	10009286 <can2040_pio_irq_handler+0x796>
10009438:	1000a1c0 	.word	0x1000a1c0
1000943c:	40020000 	.word	0x40020000
10009440:	0000c023 	.word	0x0000c023
10009444:	7fffffff 	.word	0x7fffffff
10009448:	0000e001 	.word	0x0000e001
1000944c:	00006021 	.word	0x00006021
10009450:	000020c2 	.word	0x000020c2
10009454:	00000902 	.word	0x00000902

10009458 <can2040_transmit>:
10009458:	b5f0      	push	{r4, r5, r6, r7, lr}
1000945a:	4657      	mov	r7, sl
1000945c:	46de      	mov	lr, fp
1000945e:	464e      	mov	r6, r9
10009460:	4645      	mov	r5, r8
10009462:	b5e0      	push	{r5, r6, r7, lr}
10009464:	4682      	mov	sl, r0
10009466:	6e03      	ldr	r3, [r0, #96]	@ 0x60
10009468:	b089      	sub	sp, #36	@ 0x24
1000946a:	6e42      	ldr	r2, [r0, #100]	@ 0x64
1000946c:	9203      	str	r2, [sp, #12]
1000946e:	1ad3      	subs	r3, r2, r3
10009470:	2b03      	cmp	r3, #3
10009472:	d900      	bls.n	10009476 <can2040_transmit+0x1e>
10009474:	e1bc      	b.n	100097f0 <can2040_transmit+0x398>
10009476:	2303      	movs	r3, #3
10009478:	401a      	ands	r2, r3
1000947a:	4693      	mov	fp, r2
1000947c:	680a      	ldr	r2, [r1, #0]
1000947e:	2a00      	cmp	r2, #0
10009480:	da00      	bge.n	10009484 <can2040_transmit+0x2c>
10009482:	e194      	b.n	100097ae <can2040_transmit+0x356>
10009484:	4bdc      	ldr	r3, [pc, #880]	@ (100097f8 <can2040_transmit+0x3a0>)
10009486:	401a      	ands	r2, r3
10009488:	4658      	mov	r0, fp
1000948a:	232c      	movs	r3, #44	@ 0x2c
1000948c:	240f      	movs	r4, #15
1000948e:	4343      	muls	r3, r0
10009490:	4453      	add	r3, sl
10009492:	669a      	str	r2, [r3, #104]	@ 0x68
10009494:	6848      	ldr	r0, [r1, #4]
10009496:	4020      	ands	r0, r4
10009498:	66d8      	str	r0, [r3, #108]	@ 0x6c
1000949a:	2300      	movs	r3, #0
1000949c:	4699      	mov	r9, r3
1000949e:	0052      	lsls	r2, r2, #1
100094a0:	d400      	bmi.n	100094a4 <can2040_transmit+0x4c>
100094a2:	e0fb      	b.n	1000969c <can2040_transmit+0x244>
100094a4:	465b      	mov	r3, fp
100094a6:	272c      	movs	r7, #44	@ 0x2c
100094a8:	435f      	muls	r7, r3
100094aa:	003e      	movs	r6, r7
100094ac:	4653      	mov	r3, sl
100094ae:	3670      	adds	r6, #112	@ 0x70
100094b0:	19dc      	adds	r4, r3, r7
100094b2:	0030      	movs	r0, r6
100094b4:	2300      	movs	r3, #0
100094b6:	464a      	mov	r2, r9
100094b8:	6763      	str	r3, [r4, #116]	@ 0x74
100094ba:	6723      	str	r3, [r4, #112]	@ 0x70
100094bc:	4450      	add	r0, sl
100094be:	3108      	adds	r1, #8
100094c0:	9000      	str	r0, [sp, #0]
100094c2:	f7f8 fe29 	bl	10002118 <__wrap___aeabi_memcpy>
100094c6:	003b      	movs	r3, r7
100094c8:	3380      	adds	r3, #128	@ 0x80
100094ca:	4453      	add	r3, sl
100094cc:	2214      	movs	r2, #20
100094ce:	2100      	movs	r1, #0
100094d0:	0018      	movs	r0, r3
100094d2:	4698      	mov	r8, r3
100094d4:	f7f8 fe1a 	bl	1000210c <__wrap_memset>
100094d8:	2140      	movs	r1, #64	@ 0x40
100094da:	6ea2      	ldr	r2, [r4, #104]	@ 0x68
100094dc:	6ee4      	ldr	r4, [r4, #108]	@ 0x6c
100094de:	0e13      	lsrs	r3, r2, #24
100094e0:	400b      	ands	r3, r1
100094e2:	431c      	orrs	r4, r3
100094e4:	01d3      	lsls	r3, r2, #7
100094e6:	2a00      	cmp	r2, #0
100094e8:	da00      	bge.n	100094ec <can2040_transmit+0x94>
100094ea:	e0f3      	b.n	100096d4 <can2040_transmit+0x27c>
100094ec:	4ac3      	ldr	r2, [pc, #780]	@ (100097fc <can2040_transmit+0x3a4>)
100094ee:	4dc4      	ldr	r5, [pc, #784]	@ (10009800 <can2040_transmit+0x3a8>)
100094f0:	4013      	ands	r3, r2
100094f2:	22ff      	movs	r2, #255	@ 0xff
100094f4:	4323      	orrs	r3, r4
100094f6:	0c19      	lsrs	r1, r3, #16
100094f8:	4011      	ands	r1, r2
100094fa:	0049      	lsls	r1, r1, #1
100094fc:	5a68      	ldrh	r0, [r5, r1]
100094fe:	0a19      	lsrs	r1, r3, #8
10009500:	09c4      	lsrs	r4, r0, #7
10009502:	4061      	eors	r1, r4
10009504:	4011      	ands	r1, r2
10009506:	0049      	lsls	r1, r1, #1
10009508:	5a6c      	ldrh	r4, [r5, r1]
1000950a:	0200      	lsls	r0, r0, #8
1000950c:	4060      	eors	r0, r4
1000950e:	09c1      	lsrs	r1, r0, #7
10009510:	4059      	eors	r1, r3
10009512:	400a      	ands	r2, r1
10009514:	0052      	lsls	r2, r2, #1
10009516:	5aac      	ldrh	r4, [r5, r2]
10009518:	2280      	movs	r2, #128	@ 0x80
1000951a:	035b      	lsls	r3, r3, #13
1000951c:	0312      	lsls	r2, r2, #12
1000951e:	0b5b      	lsrs	r3, r3, #13
10009520:	4313      	orrs	r3, r2
10009522:	0200      	lsls	r0, r0, #8
10009524:	9307      	str	r3, [sp, #28]
10009526:	ab07      	add	r3, sp, #28
10009528:	2113      	movs	r1, #19
1000952a:	4044      	eors	r4, r0
1000952c:	0018      	movs	r0, r3
1000952e:	9502      	str	r5, [sp, #8]
10009530:	9301      	str	r3, [sp, #4]
10009532:	f7ff f975 	bl	10008820 <bitstuff_rp2040>
10009536:	9b07      	ldr	r3, [sp, #28]
10009538:	0005      	movs	r5, r0
1000953a:	2820      	cmp	r0, #32
1000953c:	d800      	bhi.n	10009540 <can2040_transmit+0xe8>
1000953e:	e0b4      	b.n	100096aa <can2040_transmit+0x252>
10009540:	0002      	movs	r2, r0
10009542:	0019      	movs	r1, r3
10009544:	3a20      	subs	r2, #32
10009546:	40d1      	lsrs	r1, r2
10009548:	2240      	movs	r2, #64	@ 0x40
1000954a:	1a12      	subs	r2, r2, r0
1000954c:	0018      	movs	r0, r3
1000954e:	4090      	lsls	r0, r2
10009550:	0002      	movs	r2, r0
10009552:	4640      	mov	r0, r8
10009554:	6042      	str	r2, [r0, #4]
10009556:	4642      	mov	r2, r8
10009558:	6011      	str	r1, [r2, #0]
1000955a:	464a      	mov	r2, r9
1000955c:	2a00      	cmp	r2, #0
1000955e:	d04b      	beq.n	100095f8 <can2040_transmit+0x1a0>
10009560:	4652      	mov	r2, sl
10009562:	4659      	mov	r1, fp
10009564:	3270      	adds	r2, #112	@ 0x70
10009566:	19d2      	adds	r2, r2, r7
10009568:	46d3      	mov	fp, sl
1000956a:	9e00      	ldr	r6, [sp, #0]
1000956c:	4491      	add	r9, r2
1000956e:	9104      	str	r1, [sp, #16]
10009570:	e00a      	b.n	10009588 <can2040_transmit+0x130>
10009572:	001f      	movs	r7, r3
10009574:	1a09      	subs	r1, r1, r0
10009576:	408f      	lsls	r7, r1
10009578:	0039      	movs	r1, r7
1000957a:	9f00      	ldr	r7, [sp, #0]
1000957c:	3601      	adds	r6, #1
1000957e:	4339      	orrs	r1, r7
10009580:	6011      	str	r1, [r2, #0]
10009582:	182d      	adds	r5, r5, r0
10009584:	454e      	cmp	r6, r9
10009586:	d033      	beq.n	100095f0 <can2040_transmit+0x198>
10009588:	20ff      	movs	r0, #255	@ 0xff
1000958a:	7831      	ldrb	r1, [r6, #0]
1000958c:	09e2      	lsrs	r2, r4, #7
1000958e:	404a      	eors	r2, r1
10009590:	4002      	ands	r2, r0
10009592:	9802      	ldr	r0, [sp, #8]
10009594:	0052      	lsls	r2, r2, #1
10009596:	5a82      	ldrh	r2, [r0, r2]
10009598:	021b      	lsls	r3, r3, #8
1000959a:	430b      	orrs	r3, r1
1000959c:	9801      	ldr	r0, [sp, #4]
1000959e:	2108      	movs	r1, #8
100095a0:	0224      	lsls	r4, r4, #8
100095a2:	4054      	eors	r4, r2
100095a4:	9307      	str	r3, [sp, #28]
100095a6:	f7ff f93b 	bl	10008820 <bitstuff_rp2040>
100095aa:	221f      	movs	r2, #31
100095ac:	2120      	movs	r1, #32
100095ae:	402a      	ands	r2, r5
100095b0:	4694      	mov	ip, r2
100095b2:	1a89      	subs	r1, r1, r2
100095b4:	096a      	lsrs	r2, r5, #5
100095b6:	0092      	lsls	r2, r2, #2
100095b8:	4442      	add	r2, r8
100095ba:	6817      	ldr	r7, [r2, #0]
100095bc:	9b07      	ldr	r3, [sp, #28]
100095be:	9700      	str	r7, [sp, #0]
100095c0:	4288      	cmp	r0, r1
100095c2:	d9d6      	bls.n	10009572 <can2040_transmit+0x11a>
100095c4:	2720      	movs	r7, #32
100095c6:	1a3f      	subs	r7, r7, r0
100095c8:	46ba      	mov	sl, r7
100095ca:	001f      	movs	r7, r3
100095cc:	4451      	add	r1, sl
100095ce:	408f      	lsls	r7, r1
100095d0:	6851      	ldr	r1, [r2, #4]
100095d2:	3601      	adds	r6, #1
100095d4:	4339      	orrs	r1, r7
100095d6:	6051      	str	r1, [r2, #4]
100095d8:	0001      	movs	r1, r0
100095da:	001f      	movs	r7, r3
100095dc:	3920      	subs	r1, #32
100095de:	4461      	add	r1, ip
100095e0:	40cf      	lsrs	r7, r1
100095e2:	0039      	movs	r1, r7
100095e4:	9f00      	ldr	r7, [sp, #0]
100095e6:	182d      	adds	r5, r5, r0
100095e8:	4339      	orrs	r1, r7
100095ea:	6011      	str	r1, [r2, #0]
100095ec:	454e      	cmp	r6, r9
100095ee:	d1cb      	bne.n	10009588 <can2040_transmit+0x130>
100095f0:	465a      	mov	r2, fp
100095f2:	9904      	ldr	r1, [sp, #16]
100095f4:	4692      	mov	sl, r2
100095f6:	468b      	mov	fp, r1
100095f8:	4659      	mov	r1, fp
100095fa:	222c      	movs	r2, #44	@ 0x2c
100095fc:	434a      	muls	r2, r1
100095fe:	0464      	lsls	r4, r4, #17
10009600:	0c64      	lsrs	r4, r4, #17
10009602:	4452      	add	r2, sl
10009604:	03db      	lsls	r3, r3, #15
10009606:	4323      	orrs	r3, r4
10009608:	6794      	str	r4, [r2, #120]	@ 0x78
1000960a:	210f      	movs	r1, #15
1000960c:	241f      	movs	r4, #31
1000960e:	9801      	ldr	r0, [sp, #4]
10009610:	9307      	str	r3, [sp, #28]
10009612:	f7ff f905 	bl	10008820 <bitstuff_rp2040>
10009616:	2320      	movs	r3, #32
10009618:	402c      	ands	r4, r5
1000961a:	4699      	mov	r9, r3
1000961c:	1b1e      	subs	r6, r3, r4
1000961e:	096b      	lsrs	r3, r5, #5
10009620:	009b      	lsls	r3, r3, #2
10009622:	4443      	add	r3, r8
10009624:	9a07      	ldr	r2, [sp, #28]
10009626:	681f      	ldr	r7, [r3, #0]
10009628:	42b0      	cmp	r0, r6
1000962a:	d843      	bhi.n	100096b4 <can2040_transmit+0x25c>
1000962c:	1a36      	subs	r6, r6, r0
1000962e:	40b2      	lsls	r2, r6
10009630:	4317      	orrs	r7, r2
10009632:	241f      	movs	r4, #31
10009634:	2101      	movs	r1, #1
10009636:	0022      	movs	r2, r4
10009638:	1828      	adds	r0, r5, r0
1000963a:	000d      	movs	r5, r1
1000963c:	4382      	bics	r2, r0
1000963e:	4095      	lsls	r5, r2
10009640:	601f      	str	r7, [r3, #0]
10009642:	0943      	lsrs	r3, r0, #5
10009644:	009b      	lsls	r3, r3, #2
10009646:	4443      	add	r3, r8
10009648:	681a      	ldr	r2, [r3, #0]
1000964a:	432a      	orrs	r2, r5
1000964c:	601a      	str	r2, [r3, #0]
1000964e:	0003      	movs	r3, r0
10009650:	3320      	adds	r3, #32
10009652:	095a      	lsrs	r2, r3, #5
10009654:	43a3      	bics	r3, r4
10009656:	1a1b      	subs	r3, r3, r0
10009658:	1e58      	subs	r0, r3, #1
1000965a:	2b01      	cmp	r3, #1
1000965c:	d008      	beq.n	10009670 <can2040_transmit+0x218>
1000965e:	4081      	lsls	r1, r0
10009660:	4b68      	ldr	r3, [pc, #416]	@ (10009804 <can2040_transmit+0x3ac>)
10009662:	3901      	subs	r1, #1
10009664:	18d3      	adds	r3, r2, r3
10009666:	009b      	lsls	r3, r3, #2
10009668:	4443      	add	r3, r8
1000966a:	6818      	ldr	r0, [r3, #0]
1000966c:	4301      	orrs	r1, r0
1000966e:	6019      	str	r1, [r3, #0]
10009670:	4659      	mov	r1, fp
10009672:	232c      	movs	r3, #44	@ 0x2c
10009674:	434b      	muls	r3, r1
10009676:	4453      	add	r3, sl
10009678:	67da      	str	r2, [r3, #124]	@ 0x7c
1000967a:	9b03      	ldr	r3, [sp, #12]
1000967c:	3301      	adds	r3, #1
1000967e:	4652      	mov	r2, sl
10009680:	6653      	str	r3, [r2, #100]	@ 0x64
10009682:	f3bf 8f5f 	dmb	sy
10009686:	6853      	ldr	r3, [r2, #4]
10009688:	2202      	movs	r2, #2
1000968a:	2000      	movs	r0, #0
1000968c:	635a      	str	r2, [r3, #52]	@ 0x34
1000968e:	b009      	add	sp, #36	@ 0x24
10009690:	bcf0      	pop	{r4, r5, r6, r7}
10009692:	46bb      	mov	fp, r7
10009694:	46b2      	mov	sl, r6
10009696:	46a9      	mov	r9, r5
10009698:	46a0      	mov	r8, r4
1000969a:	bdf0      	pop	{r4, r5, r6, r7, pc}
1000969c:	4681      	mov	r9, r0
1000969e:	2808      	cmp	r0, #8
100096a0:	d800      	bhi.n	100096a4 <can2040_transmit+0x24c>
100096a2:	e6ff      	b.n	100094a4 <can2040_transmit+0x4c>
100096a4:	2308      	movs	r3, #8
100096a6:	4699      	mov	r9, r3
100096a8:	e6fc      	b.n	100094a4 <can2040_transmit+0x4c>
100096aa:	2220      	movs	r2, #32
100096ac:	0019      	movs	r1, r3
100096ae:	1a12      	subs	r2, r2, r0
100096b0:	4091      	lsls	r1, r2
100096b2:	e750      	b.n	10009556 <can2040_transmit+0xfe>
100096b4:	2120      	movs	r1, #32
100096b6:	4249      	negs	r1, r1
100096b8:	468c      	mov	ip, r1
100096ba:	0011      	movs	r1, r2
100096bc:	4484      	add	ip, r0
100096be:	4464      	add	r4, ip
100096c0:	40e1      	lsrs	r1, r4
100096c2:	430f      	orrs	r7, r1
100096c4:	4649      	mov	r1, r9
100096c6:	1a09      	subs	r1, r1, r0
100096c8:	1989      	adds	r1, r1, r6
100096ca:	408a      	lsls	r2, r1
100096cc:	6859      	ldr	r1, [r3, #4]
100096ce:	430a      	orrs	r2, r1
100096d0:	605a      	str	r2, [r3, #4]
100096d2:	e7ae      	b.n	10009632 <can2040_transmit+0x1da>
100096d4:	4849      	ldr	r0, [pc, #292]	@ (100097fc <can2040_transmit+0x3a4>)
100096d6:	0ad1      	lsrs	r1, r2, #11
100096d8:	4001      	ands	r1, r0
100096da:	2060      	movs	r0, #96	@ 0x60
100096dc:	0392      	lsls	r2, r2, #14
100096de:	0ed2      	lsrs	r2, r2, #27
100096e0:	4311      	orrs	r1, r2
100096e2:	4a49      	ldr	r2, [pc, #292]	@ (10009808 <can2040_transmit+0x3b0>)
100096e4:	4d46      	ldr	r5, [pc, #280]	@ (10009800 <can2040_transmit+0x3a8>)
100096e6:	4013      	ands	r3, r2
100096e8:	4323      	orrs	r3, r4
100096ea:	9305      	str	r3, [sp, #20]
100096ec:	0b0b      	lsrs	r3, r1, #12
100096ee:	005b      	lsls	r3, r3, #1
100096f0:	5aec      	ldrh	r4, [r5, r3]
100096f2:	4308      	orrs	r0, r1
100096f4:	09e2      	lsrs	r2, r4, #7
100096f6:	0903      	lsrs	r3, r0, #4
100096f8:	4053      	eors	r3, r2
100096fa:	22ff      	movs	r2, #255	@ 0xff
100096fc:	4013      	ands	r3, r2
100096fe:	005b      	lsls	r3, r3, #1
10009700:	002e      	movs	r6, r5
10009702:	9502      	str	r5, [sp, #8]
10009704:	5aed      	ldrh	r5, [r5, r3]
10009706:	0503      	lsls	r3, r0, #20
10009708:	20f0      	movs	r0, #240	@ 0xf0
1000970a:	0400      	lsls	r0, r0, #16
1000970c:	4003      	ands	r3, r0
1000970e:	9805      	ldr	r0, [sp, #20]
10009710:	0224      	lsls	r4, r4, #8
10009712:	4303      	orrs	r3, r0
10009714:	4065      	eors	r5, r4
10009716:	09ec      	lsrs	r4, r5, #7
10009718:	0c18      	lsrs	r0, r3, #16
1000971a:	4060      	eors	r0, r4
1000971c:	4010      	ands	r0, r2
1000971e:	0040      	lsls	r0, r0, #1
10009720:	5a34      	ldrh	r4, [r6, r0]
10009722:	022d      	lsls	r5, r5, #8
10009724:	406c      	eors	r4, r5
10009726:	0a18      	lsrs	r0, r3, #8
10009728:	09e5      	lsrs	r5, r4, #7
1000972a:	4068      	eors	r0, r5
1000972c:	4010      	ands	r0, r2
1000972e:	0040      	lsls	r0, r0, #1
10009730:	5a30      	ldrh	r0, [r6, r0]
10009732:	0224      	lsls	r4, r4, #8
10009734:	4060      	eors	r0, r4
10009736:	09c4      	lsrs	r4, r0, #7
10009738:	4063      	eors	r3, r4
1000973a:	401a      	ands	r2, r3
1000973c:	4b33      	ldr	r3, [pc, #204]	@ (1000980c <can2040_transmit+0x3b4>)
1000973e:	0052      	lsls	r2, r2, #1
10009740:	5ab4      	ldrh	r4, [r6, r2]
10009742:	430b      	orrs	r3, r1
10009744:	0200      	lsls	r0, r0, #8
10009746:	9307      	str	r3, [sp, #28]
10009748:	ab07      	add	r3, sp, #28
1000974a:	2113      	movs	r1, #19
1000974c:	4044      	eors	r4, r0
1000974e:	0018      	movs	r0, r3
10009750:	9301      	str	r3, [sp, #4]
10009752:	f7ff f865 	bl	10008820 <bitstuff_rp2040>
10009756:	9a07      	ldr	r2, [sp, #28]
10009758:	0001      	movs	r1, r0
1000975a:	9004      	str	r0, [sp, #16]
1000975c:	2820      	cmp	r0, #32
1000975e:	d83a      	bhi.n	100097d6 <can2040_transmit+0x37e>
10009760:	2320      	movs	r3, #32
10009762:	0011      	movs	r1, r2
10009764:	1a1b      	subs	r3, r3, r0
10009766:	4099      	lsls	r1, r3
10009768:	000b      	movs	r3, r1
1000976a:	4641      	mov	r1, r8
1000976c:	251f      	movs	r5, #31
1000976e:	600b      	str	r3, [r1, #0]
10009770:	9b05      	ldr	r3, [sp, #20]
10009772:	0512      	lsls	r2, r2, #20
10009774:	031b      	lsls	r3, r3, #12
10009776:	0b1b      	lsrs	r3, r3, #12
10009778:	4313      	orrs	r3, r2
1000977a:	2114      	movs	r1, #20
1000977c:	9801      	ldr	r0, [sp, #4]
1000977e:	9307      	str	r3, [sp, #28]
10009780:	f7ff f84e 	bl	10008820 <bitstuff_rp2040>
10009784:	2120      	movs	r1, #32
10009786:	9a04      	ldr	r2, [sp, #16]
10009788:	9b07      	ldr	r3, [sp, #28]
1000978a:	4015      	ands	r5, r2
1000978c:	0952      	lsrs	r2, r2, #5
1000978e:	0092      	lsls	r2, r2, #2
10009790:	4442      	add	r2, r8
10009792:	6816      	ldr	r6, [r2, #0]
10009794:	1b49      	subs	r1, r1, r5
10009796:	46b4      	mov	ip, r6
10009798:	4288      	cmp	r0, r1
1000979a:	d80b      	bhi.n	100097b4 <can2040_transmit+0x35c>
1000979c:	001d      	movs	r5, r3
1000979e:	1a09      	subs	r1, r1, r0
100097a0:	408d      	lsls	r5, r1
100097a2:	0029      	movs	r1, r5
100097a4:	4331      	orrs	r1, r6
100097a6:	6011      	str	r1, [r2, #0]
100097a8:	9a04      	ldr	r2, [sp, #16]
100097aa:	1885      	adds	r5, r0, r2
100097ac:	e6d5      	b.n	1000955a <can2040_transmit+0x102>
100097ae:	4b18      	ldr	r3, [pc, #96]	@ (10009810 <can2040_transmit+0x3b8>)
100097b0:	401a      	ands	r2, r3
100097b2:	e669      	b.n	10009488 <can2040_transmit+0x30>
100097b4:	0029      	movs	r1, r5
100097b6:	001e      	movs	r6, r3
100097b8:	3920      	subs	r1, #32
100097ba:	1809      	adds	r1, r1, r0
100097bc:	40ce      	lsrs	r6, r1
100097be:	0031      	movs	r1, r6
100097c0:	4666      	mov	r6, ip
100097c2:	4331      	orrs	r1, r6
100097c4:	2640      	movs	r6, #64	@ 0x40
100097c6:	1b75      	subs	r5, r6, r5
100097c8:	001e      	movs	r6, r3
100097ca:	1a2d      	subs	r5, r5, r0
100097cc:	40ae      	lsls	r6, r5
100097ce:	6855      	ldr	r5, [r2, #4]
100097d0:	4335      	orrs	r5, r6
100097d2:	6055      	str	r5, [r2, #4]
100097d4:	e7e7      	b.n	100097a6 <can2040_transmit+0x34e>
100097d6:	0003      	movs	r3, r0
100097d8:	0010      	movs	r0, r2
100097da:	3b20      	subs	r3, #32
100097dc:	40d8      	lsrs	r0, r3
100097de:	0003      	movs	r3, r0
100097e0:	2040      	movs	r0, #64	@ 0x40
100097e2:	1a41      	subs	r1, r0, r1
100097e4:	0010      	movs	r0, r2
100097e6:	4088      	lsls	r0, r1
100097e8:	0001      	movs	r1, r0
100097ea:	4640      	mov	r0, r8
100097ec:	6041      	str	r1, [r0, #4]
100097ee:	e7bc      	b.n	1000976a <can2040_transmit+0x312>
100097f0:	2001      	movs	r0, #1
100097f2:	4240      	negs	r0, r0
100097f4:	e74b      	b.n	1000968e <can2040_transmit+0x236>
100097f6:	46c0      	nop			@ (mov r8, r8)
100097f8:	400007ff 	.word	0x400007ff
100097fc:	0003ff80 	.word	0x0003ff80
10009800:	1000a1c0 	.word	0x1000a1c0
10009804:	3fffffff 	.word	0x3fffffff
10009808:	000fff80 	.word	0x000fff80
1000980c:	00080060 	.word	0x00080060
10009810:	dfffffff 	.word	0xdfffffff

10009814 <can2040_setup>:
10009814:	228c      	movs	r2, #140	@ 0x8c
10009816:	b570      	push	{r4, r5, r6, lr}
10009818:	000c      	movs	r4, r1
1000981a:	0052      	lsls	r2, r2, #1
1000981c:	2100      	movs	r1, #0
1000981e:	0005      	movs	r5, r0
10009820:	f7f8 fc74 	bl	1000210c <__wrap_memset>
10009824:	0023      	movs	r3, r4
10009826:	1e5a      	subs	r2, r3, #1
10009828:	4193      	sbcs	r3, r2
1000982a:	602b      	str	r3, [r5, #0]
1000982c:	4263      	negs	r3, r4
1000982e:	415c      	adcs	r4, r3
10009830:	4a03      	ldr	r2, [pc, #12]	@ (10009840 <can2040_setup+0x2c>)
10009832:	4263      	negs	r3, r4
10009834:	4694      	mov	ip, r2
10009836:	0d1b      	lsrs	r3, r3, #20
10009838:	051b      	lsls	r3, r3, #20
1000983a:	4463      	add	r3, ip
1000983c:	606b      	str	r3, [r5, #4]
1000983e:	bd70      	pop	{r4, r5, r6, pc}
10009840:	50300000 	.word	0x50300000

10009844 <can2040_callback_config>:
10009844:	6101      	str	r1, [r0, #16]
10009846:	4770      	bx	lr

10009848 <can2040_start>:
10009848:	b570      	push	{r4, r5, r6, lr}
1000984a:	0004      	movs	r4, r0
1000984c:	b084      	sub	sp, #16
1000984e:	60a3      	str	r3, [r4, #8]
10009850:	9b08      	ldr	r3, [sp, #32]
10009852:	0008      	movs	r0, r1
10009854:	60e3      	str	r3, [r4, #12]
10009856:	2300      	movs	r3, #0
10009858:	62a3      	str	r3, [r4, #40]	@ 0x28
1000985a:	6263      	str	r3, [r4, #36]	@ 0x24
1000985c:	6363      	str	r3, [r4, #52]	@ 0x34
1000985e:	6823      	ldr	r3, [r4, #0]
10009860:	0011      	movs	r1, r2
10009862:	425a      	negs	r2, r3
10009864:	4153      	adcs	r3, r2
10009866:	2280      	movs	r2, #128	@ 0x80
10009868:	0112      	lsls	r2, r2, #4
1000986a:	4694      	mov	ip, r2
1000986c:	4e30      	ldr	r6, [pc, #192]	@ (10009930 <can2040_start+0xe8>)
1000986e:	425b      	negs	r3, r3
10009870:	0a9b      	lsrs	r3, r3, #10
10009872:	029b      	lsls	r3, r3, #10
10009874:	6832      	ldr	r2, [r6, #0]
10009876:	4463      	add	r3, ip
10009878:	4213      	tst	r3, r2
1000987a:	d004      	beq.n	10009886 <can2040_start+0x3e>
1000987c:	4a2d      	ldr	r2, [pc, #180]	@ (10009934 <can2040_start+0xec>)
1000987e:	6013      	str	r3, [r2, #0]
10009880:	68b5      	ldr	r5, [r6, #8]
10009882:	421d      	tst	r5, r3
10009884:	d0fc      	beq.n	10009880 <can2040_start+0x38>
10009886:	00c0      	lsls	r0, r0, #3
10009888:	f7f8 f870 	bl	1000196c <__wrap___aeabi_uidiv>
1000988c:	23c8      	movs	r3, #200	@ 0xc8
1000988e:	6865      	ldr	r5, [r4, #4]
10009890:	0200      	lsls	r0, r0, #8
10009892:	50e8      	str	r0, [r5, r3]
10009894:	3318      	adds	r3, #24
10009896:	50e8      	str	r0, [r5, r3]
10009898:	3318      	adds	r3, #24
1000989a:	50e8      	str	r0, [r5, r3]
1000989c:	3318      	adds	r3, #24
1000989e:	50e8      	str	r0, [r5, r3]
100098a0:	0020      	movs	r0, r4
100098a2:	f7fe ff3f 	bl	10008724 <pio_sm_setup>
100098a6:	4824      	ldr	r0, [pc, #144]	@ (10009938 <can2040_start+0xf0>)
100098a8:	68a3      	ldr	r3, [r4, #8]
100098aa:	4684      	mov	ip, r0
100098ac:	2068      	movs	r0, #104	@ 0x68
100098ae:	0099      	lsls	r1, r3, #2
100098b0:	4461      	add	r1, ip
100098b2:	6822      	ldr	r2, [r4, #0]
100098b4:	6048      	str	r0, [r1, #4]
100098b6:	4921      	ldr	r1, [pc, #132]	@ (1000993c <can2040_start+0xf4>)
100098b8:	481f      	ldr	r0, [pc, #124]	@ (10009938 <can2040_start+0xf0>)
100098ba:	468c      	mov	ip, r1
100098bc:	00db      	lsls	r3, r3, #3
100098be:	4463      	add	r3, ip
100098c0:	4684      	mov	ip, r0
100098c2:	2060      	movs	r0, #96	@ 0x60
100098c4:	3206      	adds	r2, #6
100098c6:	605a      	str	r2, [r3, #4]
100098c8:	68e3      	ldr	r3, [r4, #12]
100098ca:	0099      	lsls	r1, r3, #2
100098cc:	4461      	add	r1, ip
100098ce:	6048      	str	r0, [r1, #4]
100098d0:	491a      	ldr	r1, [pc, #104]	@ (1000993c <can2040_start+0xf4>)
100098d2:	00db      	lsls	r3, r3, #3
100098d4:	468c      	mov	ip, r1
100098d6:	4463      	add	r3, ip
100098d8:	605a      	str	r2, [r3, #4]
100098da:	68ab      	ldr	r3, [r5, #8]
100098dc:	079b      	lsls	r3, r3, #30
100098de:	d412      	bmi.n	10009906 <can2040_start+0xbe>
100098e0:	2309      	movs	r3, #9
100098e2:	2220      	movs	r2, #32
100098e4:	63a3      	str	r3, [r4, #56]	@ 0x38
100098e6:	2300      	movs	r3, #0
100098e8:	6322      	str	r2, [r4, #48]	@ 0x30
100098ea:	6da2      	ldr	r2, [r4, #88]	@ 0x58
100098ec:	62e3      	str	r3, [r4, #44]	@ 0x2c
100098ee:	2a00      	cmp	r2, #0
100098f0:	d001      	beq.n	100098f6 <can2040_start+0xae>
100098f2:	65a3      	str	r3, [r4, #88]	@ 0x58
100098f4:	61ab      	str	r3, [r5, #24]
100098f6:	4b12      	ldr	r3, [pc, #72]	@ (10009940 <can2040_start+0xf8>)
100098f8:	4a12      	ldr	r2, [pc, #72]	@ (10009944 <can2040_start+0xfc>)
100098fa:	652b      	str	r3, [r5, #80]	@ 0x50
100098fc:	2396      	movs	r3, #150	@ 0x96
100098fe:	005b      	lsls	r3, r3, #1
10009900:	50ea      	str	r2, [r5, r3]
10009902:	b004      	add	sp, #16
10009904:	bd70      	pop	{r4, r5, r6, pc}
10009906:	2300      	movs	r3, #0
10009908:	0020      	movs	r0, r4
1000990a:	62a3      	str	r3, [r4, #40]	@ 0x28
1000990c:	6263      	str	r3, [r4, #36]	@ 0x24
1000990e:	6363      	str	r3, [r4, #52]	@ 0x34
10009910:	f7fe ff08 	bl	10008724 <pio_sm_setup>
10009914:	2210      	movs	r2, #16
10009916:	2100      	movs	r1, #0
10009918:	4668      	mov	r0, sp
1000991a:	f7f8 fbf7 	bl	1000210c <__wrap_memset>
1000991e:	2180      	movs	r1, #128	@ 0x80
10009920:	466a      	mov	r2, sp
10009922:	0020      	movs	r0, r4
10009924:	6923      	ldr	r3, [r4, #16]
10009926:	0409      	lsls	r1, r1, #16
10009928:	4798      	blx	r3
1000992a:	6865      	ldr	r5, [r4, #4]
1000992c:	e7d8      	b.n	100098e0 <can2040_start+0x98>
1000992e:	46c0      	nop			@ (mov r8, r8)
10009930:	4000c000 	.word	0x4000c000
10009934:	4000f000 	.word	0x4000f000
10009938:	4001c000 	.word	0x4001c000
1000993c:	40014000 	.word	0x40014000
10009940:	0000a127 	.word	0x0000a127
10009944:	00000302 	.word	0x00000302

10009948 <strlen>:
10009948:	b510      	push	{r4, lr}
1000994a:	0783      	lsls	r3, r0, #30
1000994c:	d00a      	beq.n	10009964 <strlen+0x1c>
1000994e:	0003      	movs	r3, r0
10009950:	2103      	movs	r1, #3
10009952:	e002      	b.n	1000995a <strlen+0x12>
10009954:	3301      	adds	r3, #1
10009956:	420b      	tst	r3, r1
10009958:	d005      	beq.n	10009966 <strlen+0x1e>
1000995a:	781a      	ldrb	r2, [r3, #0]
1000995c:	2a00      	cmp	r2, #0
1000995e:	d1f9      	bne.n	10009954 <strlen+0xc>
10009960:	1a18      	subs	r0, r3, r0
10009962:	bd10      	pop	{r4, pc}
10009964:	0003      	movs	r3, r0
10009966:	6819      	ldr	r1, [r3, #0]
10009968:	4a0c      	ldr	r2, [pc, #48]	@ (1000999c <strlen+0x54>)
1000996a:	4c0d      	ldr	r4, [pc, #52]	@ (100099a0 <strlen+0x58>)
1000996c:	188a      	adds	r2, r1, r2
1000996e:	438a      	bics	r2, r1
10009970:	4222      	tst	r2, r4
10009972:	d10f      	bne.n	10009994 <strlen+0x4c>
10009974:	6859      	ldr	r1, [r3, #4]
10009976:	4a09      	ldr	r2, [pc, #36]	@ (1000999c <strlen+0x54>)
10009978:	3304      	adds	r3, #4
1000997a:	188a      	adds	r2, r1, r2
1000997c:	438a      	bics	r2, r1
1000997e:	4222      	tst	r2, r4
10009980:	d108      	bne.n	10009994 <strlen+0x4c>
10009982:	6859      	ldr	r1, [r3, #4]
10009984:	4a05      	ldr	r2, [pc, #20]	@ (1000999c <strlen+0x54>)
10009986:	3304      	adds	r3, #4
10009988:	188a      	adds	r2, r1, r2
1000998a:	438a      	bics	r2, r1
1000998c:	4222      	tst	r2, r4
1000998e:	d0f1      	beq.n	10009974 <strlen+0x2c>
10009990:	e000      	b.n	10009994 <strlen+0x4c>
10009992:	3301      	adds	r3, #1
10009994:	781a      	ldrb	r2, [r3, #0]
10009996:	2a00      	cmp	r2, #0
10009998:	d1fb      	bne.n	10009992 <strlen+0x4a>
1000999a:	e7e1      	b.n	10009960 <strlen+0x18>
1000999c:	fefefeff 	.word	0xfefefeff
100099a0:	80808080 	.word	0x80808080

100099a4 <_fini>:
100099a4:	b5f8      	push	{r3, r4, r5, r6, r7, lr}
100099a6:	46c0      	nop			@ (mov r8, r8)

100099a8 <__flash_do_cmd_veneer>:
100099a8:	b401      	push	{r0}
100099aa:	4802      	ldr	r0, [pc, #8]	@ (100099b4 <__flash_do_cmd_veneer+0xc>)
100099ac:	4684      	mov	ip, r0
100099ae:	bc01      	pop	{r0}
100099b0:	4760      	bx	ip
100099b2:	bf00      	nop
100099b4:	200002e9 	.word	0x200002e9

100099b8 <__mutex_exit_veneer>:
100099b8:	b401      	push	{r0}
100099ba:	4802      	ldr	r0, [pc, #8]	@ (100099c4 <__mutex_exit_veneer+0xc>)
100099bc:	4684      	mov	ip, r0
100099be:	bc01      	pop	{r0}
100099c0:	4760      	bx	ip
100099c2:	bf00      	nop
100099c4:	20000215 	.word	0x20000215

100099c8 <____aeabi_ldiv0_veneer>:
100099c8:	b401      	push	{r0}
100099ca:	4802      	ldr	r0, [pc, #8]	@ (100099d4 <____aeabi_ldiv0_veneer+0xc>)
100099cc:	4684      	mov	ip, r0
100099ce:	bc01      	pop	{r0}
100099d0:	4760      	bx	ip
100099d2:	bf00      	nop
100099d4:	20000f45 	.word	0x20000f45

100099d8 <__e15_is_bulkin_ep_veneer>:
100099d8:	b401      	push	{r0}
100099da:	4802      	ldr	r0, [pc, #8]	@ (100099e4 <__e15_is_bulkin_ep_veneer+0xc>)
100099dc:	4684      	mov	ip, r0
100099de:	bc01      	pop	{r0}
100099e0:	4760      	bx	ip
100099e2:	bf00      	nop
100099e4:	20000c01 	.word	0x20000c01

100099e8 <__e15_is_critical_frame_period_veneer>:
100099e8:	b401      	push	{r0}
100099ea:	4802      	ldr	r0, [pc, #8]	@ (100099f4 <__e15_is_critical_frame_period_veneer+0xc>)
100099ec:	4684      	mov	ip, r0
100099ee:	bc01      	pop	{r0}
100099f0:	4760      	bx	ip
100099f2:	bf00      	nop
100099f4:	20000c29 	.word	0x20000c29

100099f8 <____aeabi_idiv0_veneer>:
100099f8:	b401      	push	{r0}
100099fa:	4802      	ldr	r0, [pc, #8]	@ (10009a04 <____aeabi_idiv0_veneer+0xc>)
100099fc:	4684      	mov	ip, r0
100099fe:	bc01      	pop	{r0}
10009a00:	4760      	bx	ip
10009a02:	bf00      	nop
10009a04:	20000f45 	.word	0x20000f45

10009a08 <__mutex_try_enter_veneer>:
10009a08:	b401      	push	{r0}
10009a0a:	4802      	ldr	r0, [pc, #8]	@ (10009a14 <__mutex_try_enter_veneer+0xc>)
10009a0c:	4684      	mov	ip, r0
10009a0e:	bc01      	pop	{r0}
10009a10:	4760      	bx	ip
10009a12:	bf00      	nop
10009a14:	200000c1 	.word	0x200000c1

10009a18 <__mutex_enter_timeout_ms_veneer>:
10009a18:	b401      	push	{r0}
10009a1a:	4802      	ldr	r0, [pc, #8]	@ (10009a24 <__mutex_enter_timeout_ms_veneer+0xc>)
10009a1c:	4684      	mov	ip, r0
10009a1e:	bc01      	pop	{r0}
10009a20:	4760      	bx	ip
10009a22:	bf00      	nop
10009a24:	200001a1 	.word	0x200001a1

10009a28 <__mutex_try_enter_block_until_veneer>:
10009a28:	b401      	push	{r0}
10009a2a:	4802      	ldr	r0, [pc, #8]	@ (10009a34 <__mutex_try_enter_block_until_veneer+0xc>)
10009a2c:	4684      	mov	ip, r0
10009a2e:	bc01      	pop	{r0}
10009a30:	4760      	bx	ip
10009a32:	bf00      	nop
10009a34:	20000101 	.word	0x20000101

10009a38 <__hw_endpoint_start_next_buffer_veneer>:
10009a38:	b401      	push	{r0}
10009a3a:	4802      	ldr	r0, [pc, #8]	@ (10009a44 <__hw_endpoint_start_next_buffer_veneer+0xc>)
10009a3c:	4684      	mov	ip, r0
10009a3e:	bc01      	pop	{r0}
10009a40:	4760      	bx	ip
10009a42:	bf00      	nop
10009a44:	20000cb9 	.word	0x20000cb9

10009a48 <__reset_non_control_endpoints_veneer>:
10009a48:	b401      	push	{r0}
10009a4a:	4802      	ldr	r0, [pc, #8]	@ (10009a54 <__reset_non_control_endpoints_veneer+0xc>)
10009a4c:	4684      	mov	ip, r0
10009a4e:	bc01      	pop	{r0}
10009a50:	4760      	bx	ip
10009a52:	bf00      	nop
10009a54:	20000425 	.word	0x20000425

10009a58 <___hw_endpoint_buffer_control_update32_veneer>:
10009a58:	b401      	push	{r0}
10009a5a:	4802      	ldr	r0, [pc, #8]	@ (10009a64 <___hw_endpoint_buffer_control_update32_veneer+0xc>)
10009a5c:	4684      	mov	ip, r0
10009a5e:	bc01      	pop	{r0}
10009a60:	4760      	bx	ip
10009a62:	bf00      	nop
10009a64:	20000c69 	.word	0x20000c69

10009a68 <__pre_init_runtime_init_early_resets>:
10009a68:	100016fd                                ....

10009a6c <__pre_init_runtime_init_usb_power_down>:
10009a6c:	10001729 1000190d 100020fd 10001f95     )........ ......
10009a7c:	100020a1                                . ..

10009a80 <__pre_init_runtime_init_clocks>:
10009a80:	10001835                                5...

10009a84 <__pre_init_runtime_init_post_clock_resets>:
10009a84:	10001745                                E...

10009a88 <__pre_init_runtime_init_rp2040_gpio_ie_disable>:
10009a88:	10001765                                e...

10009a8c <__pre_init_runtime_init_spin_locks_reset>:
10009a8c:	10001779                                y...

10009a90 <__pre_init_runtime_init_mutex>:
10009a90:	100009cd                                ....

10009a94 <__pre_init_runtime_init_install_ram_vector_table>:
10009a94:	10001781                                ....

10009a98 <__pre_init_runtime_init_default_alarm_pool>:
10009a98:	10000d89                                ....

10009a9c <__pre_init_first_per_core_initializer>:
10009a9c:	100016c5                                ....

10009aa0 <__pre_init_runtime_init_per_core_irq_priorities>:
10009aa0:	100005d9                                ....

10009aa4 <__init_array_start>:
10009aa4:	10004401 	.word	0x10004401

10009aa8 <__frame_dummy_init_array_entry>:
10009aa8:	100002b1 10006ca1                       .....l..

Disassembly of section .data:

200000c0 <mutex_try_enter>:
200000c0:	b570      	push	{r4, r5, r6, lr}
200000c2:	6802      	ldr	r2, [r0, #0]
200000c4:	0004      	movs	r4, r0
200000c6:	f3ef 8510 	mrs	r5, PRIMASK
200000ca:	b672      	cpsid	i
200000cc:	6813      	ldr	r3, [r2, #0]
200000ce:	2b00      	cmp	r3, #0
200000d0:	d0fc      	beq.n	200000cc <mutex_try_enter+0xc>
200000d2:	f3bf 8f5f 	dmb	sy
200000d6:	6863      	ldr	r3, [r4, #4]
200000d8:	1c5a      	adds	r2, r3, #1
200000da:	d00b      	beq.n	200000f4 <mutex_try_enter+0x34>
200000dc:	2900      	cmp	r1, #0
200000de:	d000      	beq.n	200000e2 <mutex_try_enter+0x22>
200000e0:	600b      	str	r3, [r1, #0]
200000e2:	2000      	movs	r0, #0
200000e4:	6823      	ldr	r3, [r4, #0]
200000e6:	f3bf 8f5f 	dmb	sy
200000ea:	2200      	movs	r2, #0
200000ec:	601a      	str	r2, [r3, #0]
200000ee:	f385 8810 	msr	PRIMASK, r5
200000f2:	bd70      	pop	{r4, r5, r6, pc}
200000f4:	f000 ff30 	bl	20000f58 <__ulPortLockGetCurrentOwnerId_veneer>
200000f8:	6060      	str	r0, [r4, #4]
200000fa:	2001      	movs	r0, #1
200000fc:	e7f2      	b.n	200000e4 <mutex_try_enter+0x24>
200000fe:	46c0      	nop			@ (mov r8, r8)

20000100 <mutex_try_enter_block_until>:
20000100:	b5f0      	push	{r4, r5, r6, r7, lr}
20000102:	46c6      	mov	lr, r8
20000104:	0016      	movs	r6, r2
20000106:	b500      	push	{lr}
20000108:	0004      	movs	r4, r0
2000010a:	001f      	movs	r7, r3
2000010c:	6802      	ldr	r2, [r0, #0]
2000010e:	f3ef 8810 	mrs	r8, PRIMASK
20000112:	b672      	cpsid	i
20000114:	6813      	ldr	r3, [r2, #0]
20000116:	2b00      	cmp	r3, #0
20000118:	d0fc      	beq.n	20000114 <mutex_try_enter_block_until+0x14>
2000011a:	f3bf 8f5f 	dmb	sy
2000011e:	6865      	ldr	r5, [r4, #4]
20000120:	1c6b      	adds	r3, r5, #1
20000122:	d00e      	beq.n	20000142 <mutex_try_enter_block_until+0x42>
20000124:	6823      	ldr	r3, [r4, #0]
20000126:	f3bf 8f5f 	dmb	sy
2000012a:	2200      	movs	r2, #0
2000012c:	601a      	str	r2, [r3, #0]
2000012e:	f388 8810 	msr	PRIMASK, r8
20000132:	f000 ff11 	bl	20000f58 <__ulPortLockGetCurrentOwnerId_veneer>
20000136:	42a8      	cmp	r0, r5
20000138:	d10f      	bne.n	2000015a <mutex_try_enter_block_until+0x5a>
2000013a:	2000      	movs	r0, #0
2000013c:	bc80      	pop	{r7}
2000013e:	46b8      	mov	r8, r7
20000140:	bdf0      	pop	{r4, r5, r6, r7, pc}
20000142:	f000 ff09 	bl	20000f58 <__ulPortLockGetCurrentOwnerId_veneer>
20000146:	6823      	ldr	r3, [r4, #0]
20000148:	6060      	str	r0, [r4, #4]
2000014a:	f3bf 8f5f 	dmb	sy
2000014e:	2200      	movs	r2, #0
20000150:	601a      	str	r2, [r3, #0]
20000152:	f388 8810 	msr	PRIMASK, r8
20000156:	2001      	movs	r0, #1
20000158:	e7f0      	b.n	2000013c <mutex_try_enter_block_until+0x3c>
2000015a:	f000 fefd 	bl	20000f58 <__ulPortLockGetCurrentOwnerId_veneer>
2000015e:	4680      	mov	r8, r0
20000160:	e006      	b.n	20000170 <mutex_try_enter_block_until+0x70>
20000162:	0032      	movs	r2, r6
20000164:	003b      	movs	r3, r7
20000166:	0020      	movs	r0, r4
20000168:	f000 ff06 	bl	20000f78 <__xPortLockInternalSpinUnlockWithBestEffortWaitOrTimeout_veneer>
2000016c:	2800      	cmp	r0, #0
2000016e:	d1e4      	bne.n	2000013a <mutex_try_enter_block_until+0x3a>
20000170:	6822      	ldr	r2, [r4, #0]
20000172:	f3ef 8110 	mrs	r1, PRIMASK
20000176:	b672      	cpsid	i
20000178:	6813      	ldr	r3, [r2, #0]
2000017a:	2b00      	cmp	r3, #0
2000017c:	d0fc      	beq.n	20000178 <mutex_try_enter_block_until+0x78>
2000017e:	f3bf 8f5f 	dmb	sy
20000182:	6865      	ldr	r5, [r4, #4]
20000184:	3501      	adds	r5, #1
20000186:	d1ec      	bne.n	20000162 <mutex_try_enter_block_until+0x62>
20000188:	4643      	mov	r3, r8
2000018a:	6063      	str	r3, [r4, #4]
2000018c:	6823      	ldr	r3, [r4, #0]
2000018e:	f3bf 8f5f 	dmb	sy
20000192:	2200      	movs	r2, #0
20000194:	601a      	str	r2, [r3, #0]
20000196:	f381 8810 	msr	PRIMASK, r1
2000019a:	2001      	movs	r0, #1
2000019c:	e7ce      	b.n	2000013c <mutex_try_enter_block_until+0x3c>
2000019e:	46c0      	nop			@ (mov r8, r8)

200001a0 <mutex_enter_timeout_ms>:
200001a0:	b5f8      	push	{r3, r4, r5, r6, r7, lr}
200001a2:	000d      	movs	r5, r1
200001a4:	0004      	movs	r4, r0
200001a6:	f000 ff07 	bl	20000fb8 <__time_us_64_veneer>
200001aa:	22fa      	movs	r2, #250	@ 0xfa
200001ac:	0006      	movs	r6, r0
200001ae:	000f      	movs	r7, r1
200001b0:	2300      	movs	r3, #0
200001b2:	0028      	movs	r0, r5
200001b4:	2100      	movs	r1, #0
200001b6:	0092      	lsls	r2, r2, #2
200001b8:	f000 fec6 	bl	20000f48 <____wrap___aeabi_lmul_veneer>
200001bc:	1836      	adds	r6, r6, r0
200001be:	414f      	adcs	r7, r1
200001c0:	2f00      	cmp	r7, #0
200001c2:	da02      	bge.n	200001ca <mutex_enter_timeout_ms+0x2a>
200001c4:	2601      	movs	r6, #1
200001c6:	4f12      	ldr	r7, [pc, #72]	@ (20000210 <mutex_enter_timeout_ms+0x70>)
200001c8:	4276      	negs	r6, r6
200001ca:	f000 fec5 	bl	20000f58 <__ulPortLockGetCurrentOwnerId_veneer>
200001ce:	0005      	movs	r5, r0
200001d0:	e006      	b.n	200001e0 <mutex_enter_timeout_ms+0x40>
200001d2:	0032      	movs	r2, r6
200001d4:	003b      	movs	r3, r7
200001d6:	0020      	movs	r0, r4
200001d8:	f000 fece 	bl	20000f78 <__xPortLockInternalSpinUnlockWithBestEffortWaitOrTimeout_veneer>
200001dc:	2800      	cmp	r0, #0
200001de:	d115      	bne.n	2000020c <mutex_enter_timeout_ms+0x6c>
200001e0:	6822      	ldr	r2, [r4, #0]
200001e2:	f3ef 8110 	mrs	r1, PRIMASK
200001e6:	b672      	cpsid	i
200001e8:	6813      	ldr	r3, [r2, #0]
200001ea:	2b00      	cmp	r3, #0
200001ec:	d0fc      	beq.n	200001e8 <mutex_enter_timeout_ms+0x48>
200001ee:	f3bf 8f5f 	dmb	sy
200001f2:	6863      	ldr	r3, [r4, #4]
200001f4:	3301      	adds	r3, #1
200001f6:	d1ec      	bne.n	200001d2 <mutex_enter_timeout_ms+0x32>
200001f8:	6065      	str	r5, [r4, #4]
200001fa:	6823      	ldr	r3, [r4, #0]
200001fc:	f3bf 8f5f 	dmb	sy
20000200:	2200      	movs	r2, #0
20000202:	601a      	str	r2, [r3, #0]
20000204:	f381 8810 	msr	PRIMASK, r1
20000208:	2001      	movs	r0, #1
2000020a:	bdf8      	pop	{r3, r4, r5, r6, r7, pc}
2000020c:	2000      	movs	r0, #0
2000020e:	e7fc      	b.n	2000020a <mutex_enter_timeout_ms+0x6a>
20000210:	7fffffff 	.word	0x7fffffff

20000214 <mutex_exit>:
20000214:	b510      	push	{r4, lr}
20000216:	6802      	ldr	r2, [r0, #0]
20000218:	f3ef 8110 	mrs	r1, PRIMASK
2000021c:	b672      	cpsid	i
2000021e:	6813      	ldr	r3, [r2, #0]
20000220:	2b00      	cmp	r3, #0
20000222:	d0fc      	beq.n	2000021e <mutex_exit+0xa>
20000224:	f3bf 8f5f 	dmb	sy
20000228:	2301      	movs	r3, #1
2000022a:	425b      	negs	r3, r3
2000022c:	6043      	str	r3, [r0, #4]
2000022e:	f000 fecb 	bl	20000fc8 <__vPortLockInternalSpinUnlockWithNotify_veneer>
20000232:	bd10      	pop	{r4, pc}

20000234 <flash_init_boot2_copyout>:
20000234:	b510      	push	{r4, lr}
20000236:	4c08      	ldr	r4, [pc, #32]	@ (20000258 <flash_init_boot2_copyout+0x24>)
20000238:	7823      	ldrb	r3, [r4, #0]
2000023a:	2b00      	cmp	r3, #0
2000023c:	d10a      	bne.n	20000254 <flash_init_boot2_copyout+0x20>
2000023e:	2380      	movs	r3, #128	@ 0x80
20000240:	4806      	ldr	r0, [pc, #24]	@ (2000025c <flash_init_boot2_copyout+0x28>)
20000242:	4907      	ldr	r1, [pc, #28]	@ (20000260 <flash_init_boot2_copyout+0x2c>)
20000244:	055b      	lsls	r3, r3, #21
20000246:	681a      	ldr	r2, [r3, #0]
20000248:	50c2      	str	r2, [r0, r3]
2000024a:	3304      	adds	r3, #4
2000024c:	428b      	cmp	r3, r1
2000024e:	d1fa      	bne.n	20000246 <flash_init_boot2_copyout+0x12>
20000250:	2301      	movs	r3, #1
20000252:	7023      	strb	r3, [r4, #0]
20000254:	bd10      	pop	{r4, pc}
20000256:	46c0      	nop			@ (mov r8, r8)
20000258:	20022493 	.word	0x20022493
2000025c:	10001918 	.word	0x10001918
20000260:	10000100 	.word	0x10000100

20000264 <flash_enable_xip_via_boot2>:
20000264:	b510      	push	{r4, lr}
20000266:	4b01      	ldr	r3, [pc, #4]	@ (2000026c <flash_enable_xip_via_boot2+0x8>)
20000268:	4798      	blx	r3
2000026a:	bd10      	pop	{r4, pc}
2000026c:	20001919 	.word	0x20001919

20000270 <flash_save_hardware_state>:
20000270:	4b06      	ldr	r3, [pc, #24]	@ (2000028c <flash_save_hardware_state+0x1c>)
20000272:	685a      	ldr	r2, [r3, #4]
20000274:	6002      	str	r2, [r0, #0]
20000276:	689a      	ldr	r2, [r3, #8]
20000278:	6042      	str	r2, [r0, #4]
2000027a:	68da      	ldr	r2, [r3, #12]
2000027c:	6082      	str	r2, [r0, #8]
2000027e:	691a      	ldr	r2, [r3, #16]
20000280:	60c2      	str	r2, [r0, #12]
20000282:	695a      	ldr	r2, [r3, #20]
20000284:	6102      	str	r2, [r0, #16]
20000286:	699b      	ldr	r3, [r3, #24]
20000288:	6143      	str	r3, [r0, #20]
2000028a:	4770      	bx	lr
2000028c:	40020000 	.word	0x40020000

20000290 <flash_restore_hardware_state>:
20000290:	6802      	ldr	r2, [r0, #0]
20000292:	4b06      	ldr	r3, [pc, #24]	@ (200002ac <flash_restore_hardware_state+0x1c>)
20000294:	605a      	str	r2, [r3, #4]
20000296:	6842      	ldr	r2, [r0, #4]
20000298:	609a      	str	r2, [r3, #8]
2000029a:	6882      	ldr	r2, [r0, #8]
2000029c:	60da      	str	r2, [r3, #12]
2000029e:	68c2      	ldr	r2, [r0, #12]
200002a0:	611a      	str	r2, [r3, #16]
200002a2:	6902      	ldr	r2, [r0, #16]
200002a4:	615a      	str	r2, [r3, #20]
200002a6:	6942      	ldr	r2, [r0, #20]
200002a8:	619a      	str	r2, [r3, #24]
200002aa:	4770      	bx	lr
200002ac:	40020000 	.word	0x40020000

200002b0 <flash_cs_force.constprop.0>:
200002b0:	4b03      	ldr	r3, [pc, #12]	@ (200002c0 <flash_cs_force.constprop.0+0x10>)
200002b2:	681a      	ldr	r2, [r3, #0]
200002b4:	23c0      	movs	r3, #192	@ 0xc0
200002b6:	009b      	lsls	r3, r3, #2
200002b8:	4393      	bics	r3, r2
200002ba:	4a02      	ldr	r2, [pc, #8]	@ (200002c4 <flash_cs_force.constprop.0+0x14>)
200002bc:	6013      	str	r3, [r2, #0]
200002be:	4770      	bx	lr
200002c0:	4001800c 	.word	0x4001800c
200002c4:	4001900c 	.word	0x4001900c

200002c8 <flash_cs_force.constprop.1>:
200002c8:	4b05      	ldr	r3, [pc, #20]	@ (200002e0 <flash_cs_force.constprop.1+0x18>)
200002ca:	681a      	ldr	r2, [r3, #0]
200002cc:	2380      	movs	r3, #128	@ 0x80
200002ce:	009b      	lsls	r3, r3, #2
200002d0:	4053      	eors	r3, r2
200002d2:	22c0      	movs	r2, #192	@ 0xc0
200002d4:	0092      	lsls	r2, r2, #2
200002d6:	4013      	ands	r3, r2
200002d8:	4a02      	ldr	r2, [pc, #8]	@ (200002e4 <flash_cs_force.constprop.1+0x1c>)
200002da:	6013      	str	r3, [r2, #0]
200002dc:	4770      	bx	lr
200002de:	46c0      	nop			@ (mov r8, r8)
200002e0:	4001800c 	.word	0x4001800c
200002e4:	4001900c 	.word	0x4001900c

200002e8 <flash_do_cmd>:
200002e8:	2300      	movs	r3, #0
200002ea:	b5f0      	push	{r4, r5, r6, r7, lr}
200002ec:	46de      	mov	lr, fp
200002ee:	4657      	mov	r7, sl
200002f0:	464e      	mov	r6, r9
200002f2:	4645      	mov	r5, r8
200002f4:	469a      	mov	sl, r3
200002f6:	b5e0      	push	{r5, r6, r7, lr}
200002f8:	b089      	sub	sp, #36	@ 0x24
200002fa:	9001      	str	r0, [sp, #4]
200002fc:	000e      	movs	r6, r1
200002fe:	8a98      	ldrh	r0, [r3, #20]
20000300:	4945      	ldr	r1, [pc, #276]	@ (20000418 <flash_do_cmd+0x130>)
20000302:	8b1b      	ldrh	r3, [r3, #24]
20000304:	0014      	movs	r4, r2
20000306:	4798      	blx	r3
20000308:	4653      	mov	r3, sl
2000030a:	4681      	mov	r9, r0
2000030c:	4943      	ldr	r1, [pc, #268]	@ (2000041c <flash_do_cmd+0x134>)
2000030e:	8a98      	ldrh	r0, [r3, #20]
20000310:	8b1b      	ldrh	r3, [r3, #24]
20000312:	4798      	blx	r3
20000314:	4653      	mov	r3, sl
20000316:	4942      	ldr	r1, [pc, #264]	@ (20000420 <flash_do_cmd+0x138>)
20000318:	0005      	movs	r5, r0
2000031a:	8a98      	ldrh	r0, [r3, #20]
2000031c:	8b1b      	ldrh	r3, [r3, #24]
2000031e:	4798      	blx	r3
20000320:	4680      	mov	r8, r0
20000322:	f7ff ff87 	bl	20000234 <flash_init_boot2_copyout>
20000326:	a802      	add	r0, sp, #8
20000328:	f7ff ffa2 	bl	20000270 <flash_save_hardware_state>
2000032c:	47c8      	blx	r9
2000032e:	47a8      	blx	r5
20000330:	f7ff ffca 	bl	200002c8 <flash_cs_force.constprop.1>
20000334:	1e25      	subs	r5, r4, #0
20000336:	d022      	beq.n	2000037e <flash_do_cmd+0x96>
20000338:	2308      	movs	r3, #8
2000033a:	21c0      	movs	r1, #192	@ 0xc0
2000033c:	469c      	mov	ip, r3
2000033e:	2002      	movs	r0, #2
20000340:	0549      	lsls	r1, r1, #21
20000342:	4662      	mov	r2, ip
20000344:	6a8b      	ldr	r3, [r1, #40]	@ 0x28
20000346:	401a      	ands	r2, r3
20000348:	4218      	tst	r0, r3
2000034a:	d03f      	beq.n	200003cc <flash_do_cmd+0xe4>
2000034c:	1b63      	subs	r3, r4, r5
2000034e:	2d00      	cmp	r5, #0
20000350:	d12f      	bne.n	200003b2 <flash_do_cmd+0xca>
20000352:	2a00      	cmp	r2, #0
20000354:	d111      	bne.n	2000037a <flash_do_cmd+0x92>
20000356:	2c00      	cmp	r4, #0
20000358:	d011      	beq.n	2000037e <flash_do_cmd+0x96>
2000035a:	23c0      	movs	r3, #192	@ 0xc0
2000035c:	055b      	lsls	r3, r3, #21
2000035e:	469b      	mov	fp, r3
20000360:	2302      	movs	r3, #2
20000362:	469a      	mov	sl, r3
20000364:	3306      	adds	r3, #6
20000366:	4699      	mov	r9, r3
20000368:	465b      	mov	r3, fp
2000036a:	464a      	mov	r2, r9
2000036c:	4657      	mov	r7, sl
2000036e:	6a9b      	ldr	r3, [r3, #40]	@ 0x28
20000370:	401a      	ands	r2, r3
20000372:	421f      	tst	r7, r3
20000374:	d042      	beq.n	200003fc <flash_do_cmd+0x114>
20000376:	2a00      	cmp	r2, #0
20000378:	d0f6      	beq.n	20000368 <flash_do_cmd+0x80>
2000037a:	2c00      	cmp	r4, #0
2000037c:	d130      	bne.n	200003e0 <flash_do_cmd+0xf8>
2000037e:	f7ff ff97 	bl	200002b0 <flash_cs_force.constprop.0>
20000382:	47c0      	blx	r8
20000384:	f7ff ff6e 	bl	20000264 <flash_enable_xip_via_boot2>
20000388:	a802      	add	r0, sp, #8
2000038a:	f7ff ff81 	bl	20000290 <flash_restore_hardware_state>
2000038e:	b009      	add	sp, #36	@ 0x24
20000390:	bcf0      	pop	{r4, r5, r6, r7}
20000392:	46bb      	mov	fp, r7
20000394:	46b2      	mov	sl, r6
20000396:	46a9      	mov	r9, r5
20000398:	46a0      	mov	r8, r4
2000039a:	bdf0      	pop	{r4, r5, r6, r7, pc}
2000039c:	2c00      	cmp	r4, #0
2000039e:	d12f      	bne.n	20000400 <flash_do_cmd+0x118>
200003a0:	22c0      	movs	r2, #192	@ 0xc0
200003a2:	0552      	lsls	r2, r2, #21
200003a4:	6a92      	ldr	r2, [r2, #40]	@ 0x28
200003a6:	4691      	mov	r9, r2
200003a8:	2208      	movs	r2, #8
200003aa:	464f      	mov	r7, r9
200003ac:	403a      	ands	r2, r7
200003ae:	07bf      	lsls	r7, r7, #30
200003b0:	d52d      	bpl.n	2000040e <flash_do_cmd+0x126>
200003b2:	2b0d      	cmp	r3, #13
200003b4:	d91b      	bls.n	200003ee <flash_do_cmd+0x106>
200003b6:	2a00      	cmp	r2, #0
200003b8:	d1f0      	bne.n	2000039c <flash_do_cmd+0xb4>
200003ba:	22c0      	movs	r2, #192	@ 0xc0
200003bc:	0552      	lsls	r2, r2, #21
200003be:	6a92      	ldr	r2, [r2, #40]	@ 0x28
200003c0:	4691      	mov	r9, r2
200003c2:	2208      	movs	r2, #8
200003c4:	464f      	mov	r7, r9
200003c6:	403a      	ands	r2, r7
200003c8:	07bf      	lsls	r7, r7, #30
200003ca:	d4f2      	bmi.n	200003b2 <flash_do_cmd+0xca>
200003cc:	2a00      	cmp	r2, #0
200003ce:	d104      	bne.n	200003da <flash_do_cmd+0xf2>
200003d0:	002b      	movs	r3, r5
200003d2:	4323      	orrs	r3, r4
200003d4:	2b00      	cmp	r3, #0
200003d6:	d1b4      	bne.n	20000342 <flash_do_cmd+0x5a>
200003d8:	e7d1      	b.n	2000037e <flash_do_cmd+0x96>
200003da:	002b      	movs	r3, r5
200003dc:	2c00      	cmp	r4, #0
200003de:	d0f9      	beq.n	200003d4 <flash_do_cmd+0xec>
200003e0:	6e0b      	ldr	r3, [r1, #96]	@ 0x60
200003e2:	3c01      	subs	r4, #1
200003e4:	7033      	strb	r3, [r6, #0]
200003e6:	0023      	movs	r3, r4
200003e8:	3601      	adds	r6, #1
200003ea:	432b      	orrs	r3, r5
200003ec:	e7f2      	b.n	200003d4 <flash_do_cmd+0xec>
200003ee:	9f01      	ldr	r7, [sp, #4]
200003f0:	3d01      	subs	r5, #1
200003f2:	783b      	ldrb	r3, [r7, #0]
200003f4:	3701      	adds	r7, #1
200003f6:	660b      	str	r3, [r1, #96]	@ 0x60
200003f8:	9701      	str	r7, [sp, #4]
200003fa:	e7e7      	b.n	200003cc <flash_do_cmd+0xe4>
200003fc:	2500      	movs	r5, #0
200003fe:	e7e5      	b.n	200003cc <flash_do_cmd+0xe4>
20000400:	23c0      	movs	r3, #192	@ 0xc0
20000402:	055b      	lsls	r3, r3, #21
20000404:	6e1b      	ldr	r3, [r3, #96]	@ 0x60
20000406:	3c01      	subs	r4, #1
20000408:	7033      	strb	r3, [r6, #0]
2000040a:	3601      	adds	r6, #1
2000040c:	e799      	b.n	20000342 <flash_do_cmd+0x5a>
2000040e:	002b      	movs	r3, r5
20000410:	2a00      	cmp	r2, #0
20000412:	d1df      	bne.n	200003d4 <flash_do_cmd+0xec>
20000414:	e7dc      	b.n	200003d0 <flash_do_cmd+0xe8>
20000416:	46c0      	nop			@ (mov r8, r8)
20000418:	00004649 	.word	0x00004649
2000041c:	00005845 	.word	0x00005845
20000420:	00004346 	.word	0x00004346

20000424 <reset_non_control_endpoints>:
20000424:	2200      	movs	r2, #0
20000426:	4b15      	ldr	r3, [pc, #84]	@ (2000047c <reset_non_control_endpoints+0x58>)
20000428:	b510      	push	{r4, lr}
2000042a:	609a      	str	r2, [r3, #8]
2000042c:	60da      	str	r2, [r3, #12]
2000042e:	611a      	str	r2, [r3, #16]
20000430:	615a      	str	r2, [r3, #20]
20000432:	619a      	str	r2, [r3, #24]
20000434:	61da      	str	r2, [r3, #28]
20000436:	621a      	str	r2, [r3, #32]
20000438:	625a      	str	r2, [r3, #36]	@ 0x24
2000043a:	629a      	str	r2, [r3, #40]	@ 0x28
2000043c:	62da      	str	r2, [r3, #44]	@ 0x2c
2000043e:	631a      	str	r2, [r3, #48]	@ 0x30
20000440:	635a      	str	r2, [r3, #52]	@ 0x34
20000442:	639a      	str	r2, [r3, #56]	@ 0x38
20000444:	63da      	str	r2, [r3, #60]	@ 0x3c
20000446:	641a      	str	r2, [r3, #64]	@ 0x40
20000448:	645a      	str	r2, [r3, #68]	@ 0x44
2000044a:	649a      	str	r2, [r3, #72]	@ 0x48
2000044c:	64da      	str	r2, [r3, #76]	@ 0x4c
2000044e:	651a      	str	r2, [r3, #80]	@ 0x50
20000450:	655a      	str	r2, [r3, #84]	@ 0x54
20000452:	659a      	str	r2, [r3, #88]	@ 0x58
20000454:	65da      	str	r2, [r3, #92]	@ 0x5c
20000456:	661a      	str	r2, [r3, #96]	@ 0x60
20000458:	665a      	str	r2, [r3, #100]	@ 0x64
2000045a:	669a      	str	r2, [r3, #104]	@ 0x68
2000045c:	66da      	str	r2, [r3, #108]	@ 0x6c
2000045e:	671a      	str	r2, [r3, #112]	@ 0x70
20000460:	675a      	str	r2, [r3, #116]	@ 0x74
20000462:	679a      	str	r2, [r3, #120]	@ 0x78
20000464:	67da      	str	r2, [r3, #124]	@ 0x7c
20000466:	32f0      	adds	r2, #240	@ 0xf0
20000468:	0092      	lsls	r2, r2, #2
2000046a:	2100      	movs	r1, #0
2000046c:	4804      	ldr	r0, [pc, #16]	@ (20000480 <reset_non_control_endpoints+0x5c>)
2000046e:	f000 fd7b 	bl	20000f68 <____wrap_memset_veneer>
20000472:	4b04      	ldr	r3, [pc, #16]	@ (20000484 <reset_non_control_endpoints+0x60>)
20000474:	4a04      	ldr	r2, [pc, #16]	@ (20000488 <reset_non_control_endpoints+0x64>)
20000476:	601a      	str	r2, [r3, #0]
20000478:	bd10      	pop	{r4, pc}
2000047a:	46c0      	nop			@ (mov r8, r8)
2000047c:	50100000 	.word	0x50100000
20000480:	20001bdc 	.word	0x20001bdc
20000484:	20001fa4 	.word	0x20001fa4
20000488:	50100180 	.word	0x50100180

2000048c <hw_handle_buff_status>:
2000048c:	b5f0      	push	{r4, r5, r6, r7, lr}
2000048e:	464e      	mov	r6, r9
20000490:	4645      	mov	r5, r8
20000492:	46de      	mov	lr, fp
20000494:	4657      	mov	r7, sl
20000496:	b5e0      	push	{r5, r6, r7, lr}
20000498:	4b21      	ldr	r3, [pc, #132]	@ (20000520 <hw_handle_buff_status+0x94>)
2000049a:	2400      	movs	r4, #0
2000049c:	6d9e      	ldr	r6, [r3, #88]	@ 0x58
2000049e:	2501      	movs	r5, #1
200004a0:	b085      	sub	sp, #20
200004a2:	2e00      	cmp	r6, #0
200004a4:	d022      	beq.n	200004ec <hw_handle_buff_status+0x60>
200004a6:	4b1f      	ldr	r3, [pc, #124]	@ (20000524 <hw_handle_buff_status+0x98>)
200004a8:	469a      	mov	sl, r3
200004aa:	2301      	movs	r3, #1
200004ac:	4699      	mov	r9, r3
200004ae:	4b1e      	ldr	r3, [pc, #120]	@ (20000528 <hw_handle_buff_status+0x9c>)
200004b0:	4698      	mov	r8, r3
200004b2:	e001      	b.n	200004b8 <hw_handle_buff_status+0x2c>
200004b4:	2c20      	cmp	r4, #32
200004b6:	d019      	beq.n	200004ec <hw_handle_buff_status+0x60>
200004b8:	002a      	movs	r2, r5
200004ba:	0023      	movs	r3, r4
200004bc:	3401      	adds	r4, #1
200004be:	002f      	movs	r7, r5
200004c0:	4032      	ands	r2, r6
200004c2:	b2e4      	uxtb	r4, r4
200004c4:	006d      	lsls	r5, r5, #1
200004c6:	2a00      	cmp	r2, #0
200004c8:	d0f4      	beq.n	200004b4 <hw_handle_buff_status+0x28>
200004ca:	4652      	mov	r2, sl
200004cc:	6597      	str	r7, [r2, #88]	@ 0x58
200004ce:	464a      	mov	r2, r9
200004d0:	085b      	lsrs	r3, r3, #1
200004d2:	005b      	lsls	r3, r3, #1
200004d4:	4022      	ands	r2, r4
200004d6:	189b      	adds	r3, r3, r2
200004d8:	015b      	lsls	r3, r3, #5
200004da:	4443      	add	r3, r8
200004dc:	0018      	movs	r0, r3
200004de:	469b      	mov	fp, r3
200004e0:	f000 fc1e 	bl	20000d20 <hw_endpoint_xfer_continue>
200004e4:	2800      	cmp	r0, #0
200004e6:	d108      	bne.n	200004fa <hw_handle_buff_status+0x6e>
200004e8:	43be      	bics	r6, r7
200004ea:	d1e3      	bne.n	200004b4 <hw_handle_buff_status+0x28>
200004ec:	b005      	add	sp, #20
200004ee:	bcf0      	pop	{r4, r5, r6, r7}
200004f0:	46bb      	mov	fp, r7
200004f2:	46b2      	mov	sl, r6
200004f4:	46a9      	mov	r9, r5
200004f6:	46a0      	mov	r8, r4
200004f8:	bdf0      	pop	{r4, r5, r6, r7, pc}
200004fa:	465b      	mov	r3, fp
200004fc:	21e0      	movs	r1, #224	@ 0xe0
200004fe:	789a      	ldrb	r2, [r3, #2]
20000500:	8adb      	ldrh	r3, [r3, #22]
20000502:	a801      	add	r0, sp, #4
20000504:	6083      	str	r3, [r0, #8]
20000506:	2300      	movs	r3, #0
20000508:	00c9      	lsls	r1, r1, #3
2000050a:	8001      	strh	r1, [r0, #0]
2000050c:	2101      	movs	r1, #1
2000050e:	7102      	strb	r2, [r0, #4]
20000510:	7143      	strb	r3, [r0, #5]
20000512:	f000 fc25 	bl	20000d60 <dcd_event_handler>
20000516:	4658      	mov	r0, fp
20000518:	f000 fba0 	bl	20000c5c <hw_endpoint_reset_transfer>
2000051c:	e7e4      	b.n	200004e8 <hw_handle_buff_status+0x5c>
2000051e:	46c0      	nop			@ (mov r8, r8)
20000520:	50110000 	.word	0x50110000
20000524:	50113000 	.word	0x50113000
20000528:	20001b9c 	.word	0x20001b9c

2000052c <dcd_rp2040_irq>:
2000052c:	2398      	movs	r3, #152	@ 0x98
2000052e:	b5f0      	push	{r4, r5, r6, r7, lr}
20000530:	46c6      	mov	lr, r8
20000532:	4ac8      	ldr	r2, [pc, #800]	@ (20000854 <dcd_rp2040_irq+0x328>)
20000534:	b500      	push	{lr}
20000536:	58d5      	ldr	r5, [r2, r3]
20000538:	2380      	movs	r3, #128	@ 0x80
2000053a:	002e      	movs	r6, r5
2000053c:	029b      	lsls	r3, r3, #10
2000053e:	2410      	movs	r4, #16
20000540:	b084      	sub	sp, #16
20000542:	401e      	ands	r6, r3
20000544:	421d      	tst	r5, r3
20000546:	d074      	beq.n	20000632 <dcd_rp2040_irq+0x106>
20000548:	4bc3      	ldr	r3, [pc, #780]	@ (20000858 <dcd_rp2040_irq+0x32c>)
2000054a:	4cc4      	ldr	r4, [pc, #784]	@ (2000085c <dcd_rp2040_irq+0x330>)
2000054c:	6a9a      	ldr	r2, [r3, #40]	@ 0x28
2000054e:	4bc4      	ldr	r3, [pc, #784]	@ (20000860 <dcd_rp2040_irq+0x334>)
20000550:	2600      	movs	r6, #0
20000552:	601a      	str	r2, [r3, #0]
20000554:	233b      	movs	r3, #59	@ 0x3b
20000556:	5ce3      	ldrb	r3, [r4, r3]
20000558:	2b02      	cmp	r3, #2
2000055a:	d100      	bne.n	2000055e <dcd_rp2040_irq+0x32>
2000055c:	e14f      	b.n	200007fe <dcd_rp2040_irq+0x2d2>
2000055e:	237b      	movs	r3, #123	@ 0x7b
20000560:	5ce3      	ldrb	r3, [r4, r3]
20000562:	2b02      	cmp	r3, #2
20000564:	d100      	bne.n	20000568 <dcd_rp2040_irq+0x3c>
20000566:	e0f3      	b.n	20000750 <dcd_rp2040_irq+0x224>
20000568:	23bb      	movs	r3, #187	@ 0xbb
2000056a:	5ce3      	ldrb	r3, [r4, r3]
2000056c:	2b02      	cmp	r3, #2
2000056e:	d100      	bne.n	20000572 <dcd_rp2040_irq+0x46>
20000570:	e0fa      	b.n	20000768 <dcd_rp2040_irq+0x23c>
20000572:	23fb      	movs	r3, #251	@ 0xfb
20000574:	5ce3      	ldrb	r3, [r4, r3]
20000576:	2b02      	cmp	r3, #2
20000578:	d100      	bne.n	2000057c <dcd_rp2040_irq+0x50>
2000057a:	e101      	b.n	20000780 <dcd_rp2040_irq+0x254>
2000057c:	233c      	movs	r3, #60	@ 0x3c
2000057e:	33ff      	adds	r3, #255	@ 0xff
20000580:	5ce3      	ldrb	r3, [r4, r3]
20000582:	2b02      	cmp	r3, #2
20000584:	d100      	bne.n	20000588 <dcd_rp2040_irq+0x5c>
20000586:	e12d      	b.n	200007e4 <dcd_rp2040_irq+0x2b8>
20000588:	237c      	movs	r3, #124	@ 0x7c
2000058a:	33ff      	adds	r3, #255	@ 0xff
2000058c:	5ce3      	ldrb	r3, [r4, r3]
2000058e:	2b02      	cmp	r3, #2
20000590:	d100      	bne.n	20000594 <dcd_rp2040_irq+0x68>
20000592:	e10e      	b.n	200007b2 <dcd_rp2040_irq+0x286>
20000594:	23bc      	movs	r3, #188	@ 0xbc
20000596:	33ff      	adds	r3, #255	@ 0xff
20000598:	5ce3      	ldrb	r3, [r4, r3]
2000059a:	2b02      	cmp	r3, #2
2000059c:	d100      	bne.n	200005a0 <dcd_rp2040_irq+0x74>
2000059e:	e13f      	b.n	20000820 <dcd_rp2040_irq+0x2f4>
200005a0:	23fc      	movs	r3, #252	@ 0xfc
200005a2:	33ff      	adds	r3, #255	@ 0xff
200005a4:	5ce3      	ldrb	r3, [r4, r3]
200005a6:	2b02      	cmp	r3, #2
200005a8:	d100      	bne.n	200005ac <dcd_rp2040_irq+0x80>
200005aa:	e0f5      	b.n	20000798 <dcd_rp2040_irq+0x26c>
200005ac:	4bad      	ldr	r3, [pc, #692]	@ (20000864 <dcd_rp2040_irq+0x338>)
200005ae:	5ce3      	ldrb	r3, [r4, r3]
200005b0:	2b02      	cmp	r3, #2
200005b2:	d100      	bne.n	200005b6 <dcd_rp2040_irq+0x8a>
200005b4:	e174      	b.n	200008a0 <dcd_rp2040_irq+0x374>
200005b6:	4bac      	ldr	r3, [pc, #688]	@ (20000868 <dcd_rp2040_irq+0x33c>)
200005b8:	5ce3      	ldrb	r3, [r4, r3]
200005ba:	2b02      	cmp	r3, #2
200005bc:	d100      	bne.n	200005c0 <dcd_rp2040_irq+0x94>
200005be:	e105      	b.n	200007cc <dcd_rp2040_irq+0x2a0>
200005c0:	4baa      	ldr	r3, [pc, #680]	@ (2000086c <dcd_rp2040_irq+0x340>)
200005c2:	5ce3      	ldrb	r3, [r4, r3]
200005c4:	2b02      	cmp	r3, #2
200005c6:	d100      	bne.n	200005ca <dcd_rp2040_irq+0x9e>
200005c8:	e175      	b.n	200008b6 <dcd_rp2040_irq+0x38a>
200005ca:	4ba9      	ldr	r3, [pc, #676]	@ (20000870 <dcd_rp2040_irq+0x344>)
200005cc:	5ce3      	ldrb	r3, [r4, r3]
200005ce:	2b02      	cmp	r3, #2
200005d0:	d100      	bne.n	200005d4 <dcd_rp2040_irq+0xa8>
200005d2:	e132      	b.n	2000083a <dcd_rp2040_irq+0x30e>
200005d4:	4ba7      	ldr	r3, [pc, #668]	@ (20000874 <dcd_rp2040_irq+0x348>)
200005d6:	5ce3      	ldrb	r3, [r4, r3]
200005d8:	2b02      	cmp	r3, #2
200005da:	d100      	bne.n	200005de <dcd_rp2040_irq+0xb2>
200005dc:	e1a0      	b.n	20000920 <dcd_rp2040_irq+0x3f4>
200005de:	4ba6      	ldr	r3, [pc, #664]	@ (20000878 <dcd_rp2040_irq+0x34c>)
200005e0:	5ce3      	ldrb	r3, [r4, r3]
200005e2:	2b02      	cmp	r3, #2
200005e4:	d100      	bne.n	200005e8 <dcd_rp2040_irq+0xbc>
200005e6:	e171      	b.n	200008cc <dcd_rp2040_irq+0x3a0>
200005e8:	4ba4      	ldr	r3, [pc, #656]	@ (2000087c <dcd_rp2040_irq+0x350>)
200005ea:	5ce3      	ldrb	r3, [r4, r3]
200005ec:	2b02      	cmp	r3, #2
200005ee:	d100      	bne.n	200005f2 <dcd_rp2040_irq+0xc6>
200005f0:	e1a1      	b.n	20000936 <dcd_rp2040_irq+0x40a>
200005f2:	4ba3      	ldr	r3, [pc, #652]	@ (20000880 <dcd_rp2040_irq+0x354>)
200005f4:	5ce3      	ldrb	r3, [r4, r3]
200005f6:	2b02      	cmp	r3, #2
200005f8:	d100      	bne.n	200005fc <dcd_rp2040_irq+0xd0>
200005fa:	e17f      	b.n	200008fc <dcd_rp2040_irq+0x3d0>
200005fc:	2e00      	cmp	r6, #0
200005fe:	d108      	bne.n	20000612 <dcd_rp2040_irq+0xe6>
20000600:	4ba0      	ldr	r3, [pc, #640]	@ (20000884 <dcd_rp2040_irq+0x358>)
20000602:	781b      	ldrb	r3, [r3, #0]
20000604:	2b00      	cmp	r3, #0
20000606:	d104      	bne.n	20000612 <dcd_rp2040_irq+0xe6>
20000608:	2180      	movs	r1, #128	@ 0x80
2000060a:	4a9f      	ldr	r2, [pc, #636]	@ (20000888 <dcd_rp2040_irq+0x35c>)
2000060c:	3390      	adds	r3, #144	@ 0x90
2000060e:	0289      	lsls	r1, r1, #10
20000610:	50d1      	str	r1, [r2, r3]
20000612:	22c0      	movs	r2, #192	@ 0xc0
20000614:	4669      	mov	r1, sp
20000616:	4b8f      	ldr	r3, [pc, #572]	@ (20000854 <dcd_rp2040_irq+0x328>)
20000618:	0092      	lsls	r2, r2, #2
2000061a:	6c9b      	ldr	r3, [r3, #72]	@ 0x48
2000061c:	2680      	movs	r6, #128	@ 0x80
2000061e:	055b      	lsls	r3, r3, #21
20000620:	808a      	strh	r2, [r1, #4]
20000622:	0d5b      	lsrs	r3, r3, #21
20000624:	2101      	movs	r1, #1
20000626:	a801      	add	r0, sp, #4
20000628:	9302      	str	r3, [sp, #8]
2000062a:	f000 fb99 	bl	20000d60 <dcd_event_handler>
2000062e:	4c97      	ldr	r4, [pc, #604]	@ (2000088c <dcd_rp2040_irq+0x360>)
20000630:	02b6      	lsls	r6, r6, #10
20000632:	06eb      	lsls	r3, r5, #27
20000634:	d500      	bpl.n	20000638 <dcd_rp2040_irq+0x10c>
20000636:	e07f      	b.n	20000738 <dcd_rp2040_irq+0x20c>
20000638:	2380      	movs	r3, #128	@ 0x80
2000063a:	025b      	lsls	r3, r3, #9
2000063c:	421d      	tst	r5, r3
2000063e:	d031      	beq.n	200006a4 <dcd_rp2040_irq+0x178>
20000640:	431e      	orrs	r6, r3
20000642:	2301      	movs	r3, #1
20000644:	2402      	movs	r4, #2
20000646:	4698      	mov	r8, r3
20000648:	4f84      	ldr	r7, [pc, #528]	@ (2000085c <dcd_rp2040_irq+0x330>)
2000064a:	7ebb      	ldrb	r3, [r7, #26]
2000064c:	2b00      	cmp	r3, #0
2000064e:	d014      	beq.n	2000067a <dcd_rp2040_irq+0x14e>
20000650:	f000 fc9a 	bl	20000f88 <__rp2040_chip_version_veneer>
20000654:	2801      	cmp	r0, #1
20000656:	d900      	bls.n	2000065a <dcd_rp2040_irq+0x12e>
20000658:	e072      	b.n	20000740 <dcd_rp2040_irq+0x214>
2000065a:	22c0      	movs	r2, #192	@ 0xc0
2000065c:	2100      	movs	r1, #0
2000065e:	0038      	movs	r0, r7
20000660:	0192      	lsls	r2, r2, #6
20000662:	f000 fb01 	bl	20000c68 <_hw_endpoint_buffer_control_update32>
20000666:	0038      	movs	r0, r7
20000668:	f000 faf8 	bl	20000c5c <hw_endpoint_reset_transfer>
2000066c:	f000 fc8c 	bl	20000f88 <__rp2040_chip_version_veneer>
20000670:	2801      	cmp	r0, #1
20000672:	d902      	bls.n	2000067a <dcd_rp2040_irq+0x14e>
20000674:	4b84      	ldr	r3, [pc, #528]	@ (20000888 <dcd_rp2040_irq+0x35c>)
20000676:	665c      	str	r4, [r3, #100]	@ 0x64
20000678:	661c      	str	r4, [r3, #96]	@ 0x60
2000067a:	4643      	mov	r3, r8
2000067c:	70fb      	strb	r3, [r7, #3]
2000067e:	3720      	adds	r7, #32
20000680:	2c01      	cmp	r4, #1
20000682:	d122      	bne.n	200006ca <dcd_rp2040_irq+0x19e>
20000684:	23c0      	movs	r3, #192	@ 0xc0
20000686:	466a      	mov	r2, sp
20000688:	00db      	lsls	r3, r3, #3
2000068a:	8093      	strh	r3, [r2, #4]
2000068c:	4a80      	ldr	r2, [pc, #512]	@ (20000890 <dcd_rp2040_irq+0x364>)
2000068e:	ab02      	add	r3, sp, #8
20000690:	ca03      	ldmia	r2!, {r0, r1}
20000692:	c303      	stmia	r3!, {r0, r1}
20000694:	2101      	movs	r1, #1
20000696:	a801      	add	r0, sp, #4
20000698:	f000 fb62 	bl	20000d60 <dcd_event_handler>
2000069c:	2280      	movs	r2, #128	@ 0x80
2000069e:	4b7a      	ldr	r3, [pc, #488]	@ (20000888 <dcd_rp2040_irq+0x35c>)
200006a0:	0292      	lsls	r2, r2, #10
200006a2:	651a      	str	r2, [r3, #80]	@ 0x50
200006a4:	2380      	movs	r3, #128	@ 0x80
200006a6:	015b      	lsls	r3, r3, #5
200006a8:	421d      	tst	r5, r3
200006aa:	d110      	bne.n	200006ce <dcd_rp2040_irq+0x1a2>
200006ac:	2380      	movs	r3, #128	@ 0x80
200006ae:	01db      	lsls	r3, r3, #7
200006b0:	421d      	tst	r5, r3
200006b2:	d123      	bne.n	200006fc <dcd_rp2040_irq+0x1d0>
200006b4:	2380      	movs	r3, #128	@ 0x80
200006b6:	021b      	lsls	r3, r3, #8
200006b8:	421d      	tst	r5, r3
200006ba:	d12f      	bne.n	2000071c <dcd_rp2040_irq+0x1f0>
200006bc:	42ae      	cmp	r6, r5
200006be:	d000      	beq.n	200006c2 <dcd_rp2040_irq+0x196>
200006c0:	e1c0      	b.n	20000a44 <dcd_rp2040_irq+0x518>
200006c2:	b004      	add	sp, #16
200006c4:	bc80      	pop	{r7}
200006c6:	46b8      	mov	r8, r7
200006c8:	bdf0      	pop	{r4, r5, r6, r7, pc}
200006ca:	2401      	movs	r4, #1
200006cc:	e7bd      	b.n	2000064a <dcd_rp2040_irq+0x11e>
200006ce:	2400      	movs	r4, #0
200006d0:	431e      	orrs	r6, r3
200006d2:	4b60      	ldr	r3, [pc, #384]	@ (20000854 <dcd_rp2040_irq+0x328>)
200006d4:	601c      	str	r4, [r3, #0]
200006d6:	f7ff fea5 	bl	20000424 <reset_non_control_endpoints>
200006da:	2380      	movs	r3, #128	@ 0x80
200006dc:	466a      	mov	r2, sp
200006de:	005b      	lsls	r3, r3, #1
200006e0:	8093      	strh	r3, [r2, #4]
200006e2:	7214      	strb	r4, [r2, #8]
200006e4:	2101      	movs	r1, #1
200006e6:	a801      	add	r0, sp, #4
200006e8:	f000 fb3a 	bl	20000d60 <dcd_event_handler>
200006ec:	2280      	movs	r2, #128	@ 0x80
200006ee:	4b66      	ldr	r3, [pc, #408]	@ (20000888 <dcd_rp2040_irq+0x35c>)
200006f0:	0312      	lsls	r2, r2, #12
200006f2:	651a      	str	r2, [r3, #80]	@ 0x50
200006f4:	2380      	movs	r3, #128	@ 0x80
200006f6:	01db      	lsls	r3, r3, #7
200006f8:	421d      	tst	r5, r3
200006fa:	d0db      	beq.n	200006b4 <dcd_rp2040_irq+0x188>
200006fc:	431e      	orrs	r6, r3
200006fe:	2380      	movs	r3, #128	@ 0x80
20000700:	466a      	mov	r2, sp
20000702:	00db      	lsls	r3, r3, #3
20000704:	8093      	strh	r3, [r2, #4]
20000706:	2101      	movs	r1, #1
20000708:	a801      	add	r0, sp, #4
2000070a:	f000 fb29 	bl	20000d60 <dcd_event_handler>
2000070e:	2210      	movs	r2, #16
20000710:	4b5d      	ldr	r3, [pc, #372]	@ (20000888 <dcd_rp2040_irq+0x35c>)
20000712:	651a      	str	r2, [r3, #80]	@ 0x50
20000714:	2380      	movs	r3, #128	@ 0x80
20000716:	021b      	lsls	r3, r3, #8
20000718:	421d      	tst	r5, r3
2000071a:	d0cf      	beq.n	200006bc <dcd_rp2040_irq+0x190>
2000071c:	431e      	orrs	r6, r3
2000071e:	23a0      	movs	r3, #160	@ 0xa0
20000720:	466a      	mov	r2, sp
20000722:	00db      	lsls	r3, r3, #3
20000724:	8093      	strh	r3, [r2, #4]
20000726:	2101      	movs	r1, #1
20000728:	a801      	add	r0, sp, #4
2000072a:	f000 fb19 	bl	20000d60 <dcd_event_handler>
2000072e:	2280      	movs	r2, #128	@ 0x80
20000730:	4b55      	ldr	r3, [pc, #340]	@ (20000888 <dcd_rp2040_irq+0x35c>)
20000732:	0112      	lsls	r2, r2, #4
20000734:	651a      	str	r2, [r3, #80]	@ 0x50
20000736:	e7c1      	b.n	200006bc <dcd_rp2040_irq+0x190>
20000738:	f7ff fea8 	bl	2000048c <hw_handle_buff_status>
2000073c:	0026      	movs	r6, r4
2000073e:	e77b      	b.n	20000638 <dcd_rp2040_irq+0x10c>
20000740:	4b54      	ldr	r3, [pc, #336]	@ (20000894 <dcd_rp2040_irq+0x368>)
20000742:	4a44      	ldr	r2, [pc, #272]	@ (20000854 <dcd_rp2040_irq+0x328>)
20000744:	661c      	str	r4, [r3, #96]	@ 0x60
20000746:	6e53      	ldr	r3, [r2, #100]	@ 0x64
20000748:	4023      	ands	r3, r4
2000074a:	42a3      	cmp	r3, r4
2000074c:	d1fb      	bne.n	20000746 <dcd_rp2040_irq+0x21a>
2000074e:	e784      	b.n	2000065a <dcd_rp2040_irq+0x12e>
20000750:	3378      	adds	r3, #120	@ 0x78
20000752:	5ce7      	ldrb	r7, [r4, r3]
20000754:	2f00      	cmp	r7, #0
20000756:	d100      	bne.n	2000075a <dcd_rp2040_irq+0x22e>
20000758:	e706      	b.n	20000568 <dcd_rp2040_irq+0x3c>
2000075a:	3302      	adds	r3, #2
2000075c:	5ce2      	ldrb	r2, [r4, r3]
2000075e:	2a00      	cmp	r2, #0
20000760:	d000      	beq.n	20000764 <dcd_rp2040_irq+0x238>
20000762:	e10d      	b.n	20000980 <dcd_rp2040_irq+0x454>
20000764:	003e      	movs	r6, r7
20000766:	e6ff      	b.n	20000568 <dcd_rp2040_irq+0x3c>
20000768:	33b8      	adds	r3, #184	@ 0xb8
2000076a:	5ce7      	ldrb	r7, [r4, r3]
2000076c:	2f00      	cmp	r7, #0
2000076e:	d100      	bne.n	20000772 <dcd_rp2040_irq+0x246>
20000770:	e6ff      	b.n	20000572 <dcd_rp2040_irq+0x46>
20000772:	3302      	adds	r3, #2
20000774:	5ce2      	ldrb	r2, [r4, r3]
20000776:	2a00      	cmp	r2, #0
20000778:	d000      	beq.n	2000077c <dcd_rp2040_irq+0x250>
2000077a:	e0f9      	b.n	20000970 <dcd_rp2040_irq+0x444>
2000077c:	003e      	movs	r6, r7
2000077e:	e6f8      	b.n	20000572 <dcd_rp2040_irq+0x46>
20000780:	33f8      	adds	r3, #248	@ 0xf8
20000782:	5ce7      	ldrb	r7, [r4, r3]
20000784:	2f00      	cmp	r7, #0
20000786:	d100      	bne.n	2000078a <dcd_rp2040_irq+0x25e>
20000788:	e6f8      	b.n	2000057c <dcd_rp2040_irq+0x50>
2000078a:	3302      	adds	r3, #2
2000078c:	5ce2      	ldrb	r2, [r4, r3]
2000078e:	2a00      	cmp	r2, #0
20000790:	d000      	beq.n	20000794 <dcd_rp2040_irq+0x268>
20000792:	e141      	b.n	20000a18 <dcd_rp2040_irq+0x4ec>
20000794:	003e      	movs	r6, r7
20000796:	e6f1      	b.n	2000057c <dcd_rp2040_irq+0x50>
20000798:	33f9      	adds	r3, #249	@ 0xf9
2000079a:	33ff      	adds	r3, #255	@ 0xff
2000079c:	5ce7      	ldrb	r7, [r4, r3]
2000079e:	2f00      	cmp	r7, #0
200007a0:	d100      	bne.n	200007a4 <dcd_rp2040_irq+0x278>
200007a2:	e703      	b.n	200005ac <dcd_rp2040_irq+0x80>
200007a4:	3302      	adds	r3, #2
200007a6:	5ce2      	ldrb	r2, [r4, r3]
200007a8:	2a00      	cmp	r2, #0
200007aa:	d000      	beq.n	200007ae <dcd_rp2040_irq+0x282>
200007ac:	e12b      	b.n	20000a06 <dcd_rp2040_irq+0x4da>
200007ae:	003e      	movs	r6, r7
200007b0:	e6fc      	b.n	200005ac <dcd_rp2040_irq+0x80>
200007b2:	3379      	adds	r3, #121	@ 0x79
200007b4:	33ff      	adds	r3, #255	@ 0xff
200007b6:	5ce7      	ldrb	r7, [r4, r3]
200007b8:	2f00      	cmp	r7, #0
200007ba:	d100      	bne.n	200007be <dcd_rp2040_irq+0x292>
200007bc:	e6ea      	b.n	20000594 <dcd_rp2040_irq+0x68>
200007be:	3302      	adds	r3, #2
200007c0:	5ce2      	ldrb	r2, [r4, r3]
200007c2:	2a00      	cmp	r2, #0
200007c4:	d000      	beq.n	200007c8 <dcd_rp2040_irq+0x29c>
200007c6:	e115      	b.n	200009f4 <dcd_rp2040_irq+0x4c8>
200007c8:	003e      	movs	r6, r7
200007ca:	e6e3      	b.n	20000594 <dcd_rp2040_irq+0x68>
200007cc:	4b32      	ldr	r3, [pc, #200]	@ (20000898 <dcd_rp2040_irq+0x36c>)
200007ce:	5ce7      	ldrb	r7, [r4, r3]
200007d0:	2f00      	cmp	r7, #0
200007d2:	d100      	bne.n	200007d6 <dcd_rp2040_irq+0x2aa>
200007d4:	e6f4      	b.n	200005c0 <dcd_rp2040_irq+0x94>
200007d6:	3302      	adds	r3, #2
200007d8:	5ce2      	ldrb	r2, [r4, r3]
200007da:	2a00      	cmp	r2, #0
200007dc:	d000      	beq.n	200007e0 <dcd_rp2040_irq+0x2b4>
200007de:	e101      	b.n	200009e4 <dcd_rp2040_irq+0x4b8>
200007e0:	003e      	movs	r6, r7
200007e2:	e6ed      	b.n	200005c0 <dcd_rp2040_irq+0x94>
200007e4:	3339      	adds	r3, #57	@ 0x39
200007e6:	33ff      	adds	r3, #255	@ 0xff
200007e8:	5ce7      	ldrb	r7, [r4, r3]
200007ea:	2f00      	cmp	r7, #0
200007ec:	d100      	bne.n	200007f0 <dcd_rp2040_irq+0x2c4>
200007ee:	e6cb      	b.n	20000588 <dcd_rp2040_irq+0x5c>
200007f0:	3302      	adds	r3, #2
200007f2:	5ce2      	ldrb	r2, [r4, r3]
200007f4:	2a00      	cmp	r2, #0
200007f6:	d000      	beq.n	200007fa <dcd_rp2040_irq+0x2ce>
200007f8:	e0eb      	b.n	200009d2 <dcd_rp2040_irq+0x4a6>
200007fa:	003e      	movs	r6, r7
200007fc:	e6c4      	b.n	20000588 <dcd_rp2040_irq+0x5c>
200007fe:	3338      	adds	r3, #56	@ 0x38
20000800:	5ce6      	ldrb	r6, [r4, r3]
20000802:	2e00      	cmp	r6, #0
20000804:	d100      	bne.n	20000808 <dcd_rp2040_irq+0x2dc>
20000806:	e6aa      	b.n	2000055e <dcd_rp2040_irq+0x32>
20000808:	3302      	adds	r3, #2
2000080a:	5ce2      	ldrb	r2, [r4, r3]
2000080c:	2a00      	cmp	r2, #0
2000080e:	d100      	bne.n	20000812 <dcd_rp2040_irq+0x2e6>
20000810:	e6a5      	b.n	2000055e <dcd_rp2040_irq+0x32>
20000812:	0020      	movs	r0, r4
20000814:	2200      	movs	r2, #0
20000816:	3020      	adds	r0, #32
20000818:	54e2      	strb	r2, [r4, r3]
2000081a:	f000 fa4d 	bl	20000cb8 <hw_endpoint_start_next_buffer>
2000081e:	e69e      	b.n	2000055e <dcd_rp2040_irq+0x32>
20000820:	33b9      	adds	r3, #185	@ 0xb9
20000822:	33ff      	adds	r3, #255	@ 0xff
20000824:	5ce7      	ldrb	r7, [r4, r3]
20000826:	2f00      	cmp	r7, #0
20000828:	d100      	bne.n	2000082c <dcd_rp2040_irq+0x300>
2000082a:	e6b9      	b.n	200005a0 <dcd_rp2040_irq+0x74>
2000082c:	3302      	adds	r3, #2
2000082e:	5ce2      	ldrb	r2, [r4, r3]
20000830:	2a00      	cmp	r2, #0
20000832:	d000      	beq.n	20000836 <dcd_rp2040_irq+0x30a>
20000834:	e0c4      	b.n	200009c0 <dcd_rp2040_irq+0x494>
20000836:	003e      	movs	r6, r7
20000838:	e6b2      	b.n	200005a0 <dcd_rp2040_irq+0x74>
2000083a:	4b18      	ldr	r3, [pc, #96]	@ (2000089c <dcd_rp2040_irq+0x370>)
2000083c:	5ce7      	ldrb	r7, [r4, r3]
2000083e:	2f00      	cmp	r7, #0
20000840:	d100      	bne.n	20000844 <dcd_rp2040_irq+0x318>
20000842:	e6c7      	b.n	200005d4 <dcd_rp2040_irq+0xa8>
20000844:	3302      	adds	r3, #2
20000846:	5ce2      	ldrb	r2, [r4, r3]
20000848:	2a00      	cmp	r2, #0
2000084a:	d000      	beq.n	2000084e <dcd_rp2040_irq+0x322>
2000084c:	e0b0      	b.n	200009b0 <dcd_rp2040_irq+0x484>
2000084e:	003e      	movs	r6, r7
20000850:	e6c0      	b.n	200005d4 <dcd_rp2040_irq+0xa8>
20000852:	46c0      	nop			@ (mov r8, r8)
20000854:	50110000 	.word	0x50110000
20000858:	40054000 	.word	0x40054000
2000085c:	20001b9c 	.word	0x20001b9c
20000860:	20001b94 	.word	0x20001b94
20000864:	0000023b 	.word	0x0000023b
20000868:	0000027b 	.word	0x0000027b
2000086c:	000002bb 	.word	0x000002bb
20000870:	000002fb 	.word	0x000002fb
20000874:	0000033b 	.word	0x0000033b
20000878:	0000037b 	.word	0x0000037b
2000087c:	000003bb 	.word	0x000003bb
20000880:	000003fb 	.word	0x000003fb
20000884:	20022491 	.word	0x20022491
20000888:	50113000 	.word	0x50113000
2000088c:	00020010 	.word	0x00020010
20000890:	50100000 	.word	0x50100000
20000894:	50112000 	.word	0x50112000
20000898:	0000027a 	.word	0x0000027a
2000089c:	000002fa 	.word	0x000002fa
200008a0:	4b6b      	ldr	r3, [pc, #428]	@ (20000a50 <dcd_rp2040_irq+0x524>)
200008a2:	5ce7      	ldrb	r7, [r4, r3]
200008a4:	2f00      	cmp	r7, #0
200008a6:	d100      	bne.n	200008aa <dcd_rp2040_irq+0x37e>
200008a8:	e685      	b.n	200005b6 <dcd_rp2040_irq+0x8a>
200008aa:	3302      	adds	r3, #2
200008ac:	5ce2      	ldrb	r2, [r4, r3]
200008ae:	2a00      	cmp	r2, #0
200008b0:	d176      	bne.n	200009a0 <dcd_rp2040_irq+0x474>
200008b2:	003e      	movs	r6, r7
200008b4:	e67f      	b.n	200005b6 <dcd_rp2040_irq+0x8a>
200008b6:	4b67      	ldr	r3, [pc, #412]	@ (20000a54 <dcd_rp2040_irq+0x528>)
200008b8:	5ce7      	ldrb	r7, [r4, r3]
200008ba:	2f00      	cmp	r7, #0
200008bc:	d100      	bne.n	200008c0 <dcd_rp2040_irq+0x394>
200008be:	e684      	b.n	200005ca <dcd_rp2040_irq+0x9e>
200008c0:	3302      	adds	r3, #2
200008c2:	5ce2      	ldrb	r2, [r4, r3]
200008c4:	2a00      	cmp	r2, #0
200008c6:	d163      	bne.n	20000990 <dcd_rp2040_irq+0x464>
200008c8:	003e      	movs	r6, r7
200008ca:	e67e      	b.n	200005ca <dcd_rp2040_irq+0x9e>
200008cc:	4b62      	ldr	r3, [pc, #392]	@ (20000a58 <dcd_rp2040_irq+0x52c>)
200008ce:	5ce7      	ldrb	r7, [r4, r3]
200008d0:	2f00      	cmp	r7, #0
200008d2:	d100      	bne.n	200008d6 <dcd_rp2040_irq+0x3aa>
200008d4:	e688      	b.n	200005e8 <dcd_rp2040_irq+0xbc>
200008d6:	3302      	adds	r3, #2
200008d8:	5ce2      	ldrb	r2, [r4, r3]
200008da:	2a00      	cmp	r2, #0
200008dc:	d000      	beq.n	200008e0 <dcd_rp2040_irq+0x3b4>
200008de:	e0a3      	b.n	20000a28 <dcd_rp2040_irq+0x4fc>
200008e0:	4b5e      	ldr	r3, [pc, #376]	@ (20000a5c <dcd_rp2040_irq+0x530>)
200008e2:	5ce3      	ldrb	r3, [r4, r3]
200008e4:	2b02      	cmp	r3, #2
200008e6:	d130      	bne.n	2000094a <dcd_rp2040_irq+0x41e>
200008e8:	4b5d      	ldr	r3, [pc, #372]	@ (20000a60 <dcd_rp2040_irq+0x534>)
200008ea:	5ce3      	ldrb	r3, [r4, r3]
200008ec:	2b00      	cmp	r3, #0
200008ee:	d127      	bne.n	20000940 <dcd_rp2040_irq+0x414>
200008f0:	4b5c      	ldr	r3, [pc, #368]	@ (20000a64 <dcd_rp2040_irq+0x538>)
200008f2:	5ce3      	ldrb	r3, [r4, r3]
200008f4:	2b02      	cmp	r3, #2
200008f6:	d000      	beq.n	200008fa <dcd_rp2040_irq+0x3ce>
200008f8:	e68b      	b.n	20000612 <dcd_rp2040_irq+0xe6>
200008fa:	003e      	movs	r6, r7
200008fc:	4b5a      	ldr	r3, [pc, #360]	@ (20000a68 <dcd_rp2040_irq+0x53c>)
200008fe:	5ce3      	ldrb	r3, [r4, r3]
20000900:	2b00      	cmp	r3, #0
20000902:	d100      	bne.n	20000906 <dcd_rp2040_irq+0x3da>
20000904:	e67a      	b.n	200005fc <dcd_rp2040_irq+0xd0>
20000906:	23ff      	movs	r3, #255	@ 0xff
20000908:	009b      	lsls	r3, r3, #2
2000090a:	5ce2      	ldrb	r2, [r4, r3]
2000090c:	2a00      	cmp	r2, #0
2000090e:	d100      	bne.n	20000912 <dcd_rp2040_irq+0x3e6>
20000910:	e67f      	b.n	20000612 <dcd_rp2040_irq+0xe6>
20000912:	2200      	movs	r2, #0
20000914:	54e2      	strb	r2, [r4, r3]
20000916:	3b1c      	subs	r3, #28
20000918:	18e0      	adds	r0, r4, r3
2000091a:	f000 f9cd 	bl	20000cb8 <hw_endpoint_start_next_buffer>
2000091e:	e678      	b.n	20000612 <dcd_rp2040_irq+0xe6>
20000920:	4b52      	ldr	r3, [pc, #328]	@ (20000a6c <dcd_rp2040_irq+0x540>)
20000922:	5ce7      	ldrb	r7, [r4, r3]
20000924:	2f00      	cmp	r7, #0
20000926:	d100      	bne.n	2000092a <dcd_rp2040_irq+0x3fe>
20000928:	e659      	b.n	200005de <dcd_rp2040_irq+0xb2>
2000092a:	3302      	adds	r3, #2
2000092c:	5ce2      	ldrb	r2, [r4, r3]
2000092e:	2a00      	cmp	r2, #0
20000930:	d116      	bne.n	20000960 <dcd_rp2040_irq+0x434>
20000932:	003e      	movs	r6, r7
20000934:	e653      	b.n	200005de <dcd_rp2040_irq+0xb2>
20000936:	4b4a      	ldr	r3, [pc, #296]	@ (20000a60 <dcd_rp2040_irq+0x534>)
20000938:	5ce3      	ldrb	r3, [r4, r3]
2000093a:	2b00      	cmp	r3, #0
2000093c:	d100      	bne.n	20000940 <dcd_rp2040_irq+0x414>
2000093e:	e658      	b.n	200005f2 <dcd_rp2040_irq+0xc6>
20000940:	23ef      	movs	r3, #239	@ 0xef
20000942:	009b      	lsls	r3, r3, #2
20000944:	5ce2      	ldrb	r2, [r4, r3]
20000946:	2a00      	cmp	r2, #0
20000948:	d175      	bne.n	20000a36 <dcd_rp2040_irq+0x50a>
2000094a:	4b46      	ldr	r3, [pc, #280]	@ (20000a64 <dcd_rp2040_irq+0x538>)
2000094c:	5ce3      	ldrb	r3, [r4, r3]
2000094e:	2b02      	cmp	r3, #2
20000950:	d000      	beq.n	20000954 <dcd_rp2040_irq+0x428>
20000952:	e65e      	b.n	20000612 <dcd_rp2040_irq+0xe6>
20000954:	4b44      	ldr	r3, [pc, #272]	@ (20000a68 <dcd_rp2040_irq+0x53c>)
20000956:	5ce3      	ldrb	r3, [r4, r3]
20000958:	2b00      	cmp	r3, #0
2000095a:	d100      	bne.n	2000095e <dcd_rp2040_irq+0x432>
2000095c:	e659      	b.n	20000612 <dcd_rp2040_irq+0xe6>
2000095e:	e7d2      	b.n	20000906 <dcd_rp2040_irq+0x3da>
20000960:	2200      	movs	r2, #0
20000962:	54e2      	strb	r2, [r4, r3]
20000964:	3b1c      	subs	r3, #28
20000966:	18e0      	adds	r0, r4, r3
20000968:	f000 f9a6 	bl	20000cb8 <hw_endpoint_start_next_buffer>
2000096c:	003e      	movs	r6, r7
2000096e:	e636      	b.n	200005de <dcd_rp2040_irq+0xb2>
20000970:	0020      	movs	r0, r4
20000972:	2200      	movs	r2, #0
20000974:	30a0      	adds	r0, #160	@ 0xa0
20000976:	54e2      	strb	r2, [r4, r3]
20000978:	003e      	movs	r6, r7
2000097a:	f000 f99d 	bl	20000cb8 <hw_endpoint_start_next_buffer>
2000097e:	e5f8      	b.n	20000572 <dcd_rp2040_irq+0x46>
20000980:	0020      	movs	r0, r4
20000982:	2200      	movs	r2, #0
20000984:	3060      	adds	r0, #96	@ 0x60
20000986:	54e2      	strb	r2, [r4, r3]
20000988:	003e      	movs	r6, r7
2000098a:	f000 f995 	bl	20000cb8 <hw_endpoint_start_next_buffer>
2000098e:	e5eb      	b.n	20000568 <dcd_rp2040_irq+0x3c>
20000990:	2200      	movs	r2, #0
20000992:	54e2      	strb	r2, [r4, r3]
20000994:	3b1c      	subs	r3, #28
20000996:	18e0      	adds	r0, r4, r3
20000998:	f000 f98e 	bl	20000cb8 <hw_endpoint_start_next_buffer>
2000099c:	003e      	movs	r6, r7
2000099e:	e614      	b.n	200005ca <dcd_rp2040_irq+0x9e>
200009a0:	2200      	movs	r2, #0
200009a2:	54e2      	strb	r2, [r4, r3]
200009a4:	3b1c      	subs	r3, #28
200009a6:	18e0      	adds	r0, r4, r3
200009a8:	f000 f986 	bl	20000cb8 <hw_endpoint_start_next_buffer>
200009ac:	003e      	movs	r6, r7
200009ae:	e602      	b.n	200005b6 <dcd_rp2040_irq+0x8a>
200009b0:	2200      	movs	r2, #0
200009b2:	54e2      	strb	r2, [r4, r3]
200009b4:	3b1c      	subs	r3, #28
200009b6:	18e0      	adds	r0, r4, r3
200009b8:	f000 f97e 	bl	20000cb8 <hw_endpoint_start_next_buffer>
200009bc:	003e      	movs	r6, r7
200009be:	e609      	b.n	200005d4 <dcd_rp2040_irq+0xa8>
200009c0:	0020      	movs	r0, r4
200009c2:	2200      	movs	r2, #0
200009c4:	30a1      	adds	r0, #161	@ 0xa1
200009c6:	30ff      	adds	r0, #255	@ 0xff
200009c8:	54e2      	strb	r2, [r4, r3]
200009ca:	003e      	movs	r6, r7
200009cc:	f000 f974 	bl	20000cb8 <hw_endpoint_start_next_buffer>
200009d0:	e5e6      	b.n	200005a0 <dcd_rp2040_irq+0x74>
200009d2:	0020      	movs	r0, r4
200009d4:	2200      	movs	r2, #0
200009d6:	3021      	adds	r0, #33	@ 0x21
200009d8:	30ff      	adds	r0, #255	@ 0xff
200009da:	54e2      	strb	r2, [r4, r3]
200009dc:	003e      	movs	r6, r7
200009de:	f000 f96b 	bl	20000cb8 <hw_endpoint_start_next_buffer>
200009e2:	e5d1      	b.n	20000588 <dcd_rp2040_irq+0x5c>
200009e4:	2200      	movs	r2, #0
200009e6:	54e2      	strb	r2, [r4, r3]
200009e8:	3b1c      	subs	r3, #28
200009ea:	18e0      	adds	r0, r4, r3
200009ec:	f000 f964 	bl	20000cb8 <hw_endpoint_start_next_buffer>
200009f0:	003e      	movs	r6, r7
200009f2:	e5e5      	b.n	200005c0 <dcd_rp2040_irq+0x94>
200009f4:	0020      	movs	r0, r4
200009f6:	2200      	movs	r2, #0
200009f8:	3061      	adds	r0, #97	@ 0x61
200009fa:	30ff      	adds	r0, #255	@ 0xff
200009fc:	54e2      	strb	r2, [r4, r3]
200009fe:	003e      	movs	r6, r7
20000a00:	f000 f95a 	bl	20000cb8 <hw_endpoint_start_next_buffer>
20000a04:	e5c6      	b.n	20000594 <dcd_rp2040_irq+0x68>
20000a06:	0020      	movs	r0, r4
20000a08:	2200      	movs	r2, #0
20000a0a:	30e1      	adds	r0, #225	@ 0xe1
20000a0c:	30ff      	adds	r0, #255	@ 0xff
20000a0e:	54e2      	strb	r2, [r4, r3]
20000a10:	003e      	movs	r6, r7
20000a12:	f000 f951 	bl	20000cb8 <hw_endpoint_start_next_buffer>
20000a16:	e5c9      	b.n	200005ac <dcd_rp2040_irq+0x80>
20000a18:	0020      	movs	r0, r4
20000a1a:	2200      	movs	r2, #0
20000a1c:	30e0      	adds	r0, #224	@ 0xe0
20000a1e:	54e2      	strb	r2, [r4, r3]
20000a20:	003e      	movs	r6, r7
20000a22:	f000 f949 	bl	20000cb8 <hw_endpoint_start_next_buffer>
20000a26:	e5a9      	b.n	2000057c <dcd_rp2040_irq+0x50>
20000a28:	2200      	movs	r2, #0
20000a2a:	54e2      	strb	r2, [r4, r3]
20000a2c:	3b1c      	subs	r3, #28
20000a2e:	18e0      	adds	r0, r4, r3
20000a30:	f000 f942 	bl	20000cb8 <hw_endpoint_start_next_buffer>
20000a34:	e754      	b.n	200008e0 <dcd_rp2040_irq+0x3b4>
20000a36:	2200      	movs	r2, #0
20000a38:	54e2      	strb	r2, [r4, r3]
20000a3a:	3b1c      	subs	r3, #28
20000a3c:	18e0      	adds	r0, r4, r3
20000a3e:	f000 f93b 	bl	20000cb8 <hw_endpoint_start_next_buffer>
20000a42:	e782      	b.n	2000094a <dcd_rp2040_irq+0x41e>
20000a44:	0031      	movs	r1, r6
20000a46:	480a      	ldr	r0, [pc, #40]	@ (20000a70 <dcd_rp2040_irq+0x544>)
20000a48:	4069      	eors	r1, r5
20000a4a:	f000 fac5 	bl	20000fd8 <__panic_veneer>
20000a4e:	46c0      	nop			@ (mov r8, r8)
20000a50:	0000023a 	.word	0x0000023a
20000a54:	000002ba 	.word	0x000002ba
20000a58:	0000037a 	.word	0x0000037a
20000a5c:	000003bb 	.word	0x000003bb
20000a60:	000003ba 	.word	0x000003ba
20000a64:	000003fb 	.word	0x000003fb
20000a68:	000003fa 	.word	0x000003fa
20000a6c:	0000033a 	.word	0x0000033a
20000a70:	10009c50 	.word	0x10009c50

20000a74 <prepare_ep_buffer>:
20000a74:	b5f0      	push	{r4, r5, r6, r7, lr}
20000a76:	46c6      	mov	lr, r8
20000a78:	b500      	push	{lr}
20000a7a:	0002      	movs	r2, r0
20000a7c:	8a83      	ldrh	r3, [r0, #20]
20000a7e:	8b00      	ldrh	r0, [r0, #24]
20000a80:	468c      	mov	ip, r1
20000a82:	1c01      	adds	r1, r0, #0
20000a84:	4298      	cmp	r0, r3
20000a86:	d900      	bls.n	20000a8a <prepare_ep_buffer+0x16>
20000a88:	1c19      	adds	r1, r3, #0
20000a8a:	78d4      	ldrb	r4, [r2, #3]
20000a8c:	2580      	movs	r5, #128	@ 0x80
20000a8e:	0020      	movs	r0, r4
20000a90:	1e46      	subs	r6, r0, #1
20000a92:	41b0      	sbcs	r0, r6
20000a94:	b289      	uxth	r1, r1
20000a96:	00ed      	lsls	r5, r5, #3
20000a98:	430d      	orrs	r5, r1
20000a9a:	0340      	lsls	r0, r0, #13
20000a9c:	4328      	orrs	r0, r5
20000a9e:	2501      	movs	r5, #1
20000aa0:	406c      	eors	r4, r5
20000aa2:	1a5b      	subs	r3, r3, r1
20000aa4:	70d4      	strb	r4, [r2, #3]
20000aa6:	7854      	ldrb	r4, [r2, #1]
20000aa8:	b29b      	uxth	r3, r3
20000aaa:	8293      	strh	r3, [r2, #20]
20000aac:	2c00      	cmp	r4, #0
20000aae:	d131      	bne.n	20000b14 <prepare_ep_buffer+0xa0>
20000ab0:	4664      	mov	r4, ip
20000ab2:	68d5      	ldr	r5, [r2, #12]
20000ab4:	01a4      	lsls	r4, r4, #6
20000ab6:	1e4e      	subs	r6, r1, #1
20000ab8:	192d      	adds	r5, r5, r4
20000aba:	46b0      	mov	r8, r6
20000abc:	6914      	ldr	r4, [r2, #16]
20000abe:	2900      	cmp	r1, #0
20000ac0:	d023      	beq.n	20000b0a <prepare_ep_buffer+0x96>
20000ac2:	2e06      	cmp	r6, #6
20000ac4:	d932      	bls.n	20000b2c <prepare_ep_buffer+0xb8>
20000ac6:	002b      	movs	r3, r5
20000ac8:	4323      	orrs	r3, r4
20000aca:	079b      	lsls	r3, r3, #30
20000acc:	d12e      	bne.n	20000b2c <prepare_ep_buffer+0xb8>
20000ace:	1b2b      	subs	r3, r5, r4
20000ad0:	3b01      	subs	r3, #1
20000ad2:	2b02      	cmp	r3, #2
20000ad4:	d92a      	bls.n	20000b2c <prepare_ep_buffer+0xb8>
20000ad6:	2300      	movs	r3, #0
20000ad8:	088f      	lsrs	r7, r1, #2
20000ada:	00bf      	lsls	r7, r7, #2
20000adc:	58e6      	ldr	r6, [r4, r3]
20000ade:	50ee      	str	r6, [r5, r3]
20000ae0:	3304      	adds	r3, #4
20000ae2:	429f      	cmp	r7, r3
20000ae4:	d1fa      	bne.n	20000adc <prepare_ep_buffer+0x68>
20000ae6:	4643      	mov	r3, r8
20000ae8:	19ed      	adds	r5, r5, r7
20000aea:	1bdb      	subs	r3, r3, r7
20000aec:	19e4      	adds	r4, r4, r7
20000aee:	42b9      	cmp	r1, r7
20000af0:	d009      	beq.n	20000b06 <prepare_ep_buffer+0x92>
20000af2:	7826      	ldrb	r6, [r4, #0]
20000af4:	702e      	strb	r6, [r5, #0]
20000af6:	2b00      	cmp	r3, #0
20000af8:	d005      	beq.n	20000b06 <prepare_ep_buffer+0x92>
20000afa:	7866      	ldrb	r6, [r4, #1]
20000afc:	706e      	strb	r6, [r5, #1]
20000afe:	2b01      	cmp	r3, #1
20000b00:	d001      	beq.n	20000b06 <prepare_ep_buffer+0x92>
20000b02:	78a3      	ldrb	r3, [r4, #2]
20000b04:	70ab      	strb	r3, [r5, #2]
20000b06:	6914      	ldr	r4, [r2, #16]
20000b08:	8a93      	ldrh	r3, [r2, #20]
20000b0a:	1864      	adds	r4, r4, r1
20000b0c:	6114      	str	r4, [r2, #16]
20000b0e:	2280      	movs	r2, #128	@ 0x80
20000b10:	0212      	lsls	r2, r2, #8
20000b12:	4310      	orrs	r0, r2
20000b14:	2b00      	cmp	r3, #0
20000b16:	d102      	bne.n	20000b1e <prepare_ep_buffer+0xaa>
20000b18:	2380      	movs	r3, #128	@ 0x80
20000b1a:	01db      	lsls	r3, r3, #7
20000b1c:	4318      	orrs	r0, r3
20000b1e:	4663      	mov	r3, ip
20000b20:	2b00      	cmp	r3, #0
20000b22:	d000      	beq.n	20000b26 <prepare_ep_buffer+0xb2>
20000b24:	0400      	lsls	r0, r0, #16
20000b26:	bc80      	pop	{r7}
20000b28:	46b8      	mov	r8, r7
20000b2a:	bdf0      	pop	{r4, r5, r6, r7, pc}
20000b2c:	2300      	movs	r3, #0
20000b2e:	5ce6      	ldrb	r6, [r4, r3]
20000b30:	54ee      	strb	r6, [r5, r3]
20000b32:	3301      	adds	r3, #1
20000b34:	4299      	cmp	r1, r3
20000b36:	d1fa      	bne.n	20000b2e <prepare_ep_buffer+0xba>
20000b38:	e7e5      	b.n	20000b06 <prepare_ep_buffer+0x92>
20000b3a:	46c0      	nop			@ (mov r8, r8)

20000b3c <sync_ep_buffer>:
20000b3c:	6883      	ldr	r3, [r0, #8]
20000b3e:	b5f0      	push	{r4, r5, r6, r7, lr}
20000b40:	681a      	ldr	r2, [r3, #0]
20000b42:	0004      	movs	r4, r0
20000b44:	2900      	cmp	r1, #0
20000b46:	d000      	beq.n	20000b4a <sync_ep_buffer+0xe>
20000b48:	0c12      	lsrs	r2, r2, #16
20000b4a:	7863      	ldrb	r3, [r4, #1]
20000b4c:	0592      	lsls	r2, r2, #22
20000b4e:	0d90      	lsrs	r0, r2, #22
20000b50:	2b00      	cmp	r3, #0
20000b52:	d108      	bne.n	20000b66 <sync_ep_buffer+0x2a>
20000b54:	8ae3      	ldrh	r3, [r4, #22]
20000b56:	18c3      	adds	r3, r0, r3
20000b58:	82e3      	strh	r3, [r4, #22]
20000b5a:	8b23      	ldrh	r3, [r4, #24]
20000b5c:	4283      	cmp	r3, r0
20000b5e:	d901      	bls.n	20000b64 <sync_ep_buffer+0x28>
20000b60:	2300      	movs	r3, #0
20000b62:	82a3      	strh	r3, [r4, #20]
20000b64:	bdf0      	pop	{r4, r5, r6, r7, pc}
20000b66:	68e3      	ldr	r3, [r4, #12]
20000b68:	0189      	lsls	r1, r1, #6
20000b6a:	6925      	ldr	r5, [r4, #16]
20000b6c:	185e      	adds	r6, r3, r1
20000b6e:	1e47      	subs	r7, r0, #1
20000b70:	2800      	cmp	r0, #0
20000b72:	d022      	beq.n	20000bba <sync_ep_buffer+0x7e>
20000b74:	2f06      	cmp	r7, #6
20000b76:	d926      	bls.n	20000bc6 <sync_ep_buffer+0x8a>
20000b78:	3101      	adds	r1, #1
20000b7a:	185b      	adds	r3, r3, r1
20000b7c:	1aeb      	subs	r3, r5, r3
20000b7e:	2b02      	cmp	r3, #2
20000b80:	d921      	bls.n	20000bc6 <sync_ep_buffer+0x8a>
20000b82:	002b      	movs	r3, r5
20000b84:	4333      	orrs	r3, r6
20000b86:	079b      	lsls	r3, r3, #30
20000b88:	d11d      	bne.n	20000bc6 <sync_ep_buffer+0x8a>
20000b8a:	2300      	movs	r3, #0
20000b8c:	0e12      	lsrs	r2, r2, #24
20000b8e:	0092      	lsls	r2, r2, #2
20000b90:	58f1      	ldr	r1, [r6, r3]
20000b92:	50e9      	str	r1, [r5, r3]
20000b94:	3304      	adds	r3, #4
20000b96:	429a      	cmp	r2, r3
20000b98:	d1fa      	bne.n	20000b90 <sync_ep_buffer+0x54>
20000b9a:	1abf      	subs	r7, r7, r2
20000b9c:	18ad      	adds	r5, r5, r2
20000b9e:	18b6      	adds	r6, r6, r2
20000ba0:	4290      	cmp	r0, r2
20000ba2:	d009      	beq.n	20000bb8 <sync_ep_buffer+0x7c>
20000ba4:	7832      	ldrb	r2, [r6, #0]
20000ba6:	702a      	strb	r2, [r5, #0]
20000ba8:	2f00      	cmp	r7, #0
20000baa:	d005      	beq.n	20000bb8 <sync_ep_buffer+0x7c>
20000bac:	7872      	ldrb	r2, [r6, #1]
20000bae:	706a      	strb	r2, [r5, #1]
20000bb0:	2f01      	cmp	r7, #1
20000bb2:	d001      	beq.n	20000bb8 <sync_ep_buffer+0x7c>
20000bb4:	78b2      	ldrb	r2, [r6, #2]
20000bb6:	70aa      	strb	r2, [r5, #2]
20000bb8:	6925      	ldr	r5, [r4, #16]
20000bba:	8ae3      	ldrh	r3, [r4, #22]
20000bbc:	182d      	adds	r5, r5, r0
20000bbe:	18c3      	adds	r3, r0, r3
20000bc0:	82e3      	strh	r3, [r4, #22]
20000bc2:	6125      	str	r5, [r4, #16]
20000bc4:	e7c9      	b.n	20000b5a <sync_ep_buffer+0x1e>
20000bc6:	2200      	movs	r2, #0
20000bc8:	5cb3      	ldrb	r3, [r6, r2]
20000bca:	54ab      	strb	r3, [r5, r2]
20000bcc:	3201      	adds	r2, #1
20000bce:	4290      	cmp	r0, r2
20000bd0:	d1fa      	bne.n	20000bc8 <sync_ep_buffer+0x8c>
20000bd2:	6925      	ldr	r5, [r4, #16]
20000bd4:	e7f1      	b.n	20000bba <sync_ep_buffer+0x7e>
20000bd6:	46c0      	nop			@ (mov r8, r8)

20000bd8 <_hw_endpoint_xfer_sync>:
20000bd8:	b510      	push	{r4, lr}
20000bda:	0004      	movs	r4, r0
20000bdc:	6883      	ldr	r3, [r0, #8]
20000bde:	2100      	movs	r1, #0
20000be0:	681b      	ldr	r3, [r3, #0]
20000be2:	f7ff ffab 	bl	20000b3c <sync_ep_buffer>
20000be6:	6863      	ldr	r3, [r4, #4]
20000be8:	681b      	ldr	r3, [r3, #0]
20000bea:	005b      	lsls	r3, r3, #1
20000bec:	d502      	bpl.n	20000bf4 <_hw_endpoint_xfer_sync+0x1c>
20000bee:	8b23      	ldrh	r3, [r4, #24]
20000bf0:	4283      	cmp	r3, r0
20000bf2:	d000      	beq.n	20000bf6 <_hw_endpoint_xfer_sync+0x1e>
20000bf4:	bd10      	pop	{r4, pc}
20000bf6:	2101      	movs	r1, #1
20000bf8:	0020      	movs	r0, r4
20000bfa:	f7ff ff9f 	bl	20000b3c <sync_ep_buffer>
20000bfe:	e7f9      	b.n	20000bf4 <_hw_endpoint_xfer_sync+0x1c>

20000c00 <e15_is_bulkin_ep>:
20000c00:	4a08      	ldr	r2, [pc, #32]	@ (20000c24 <e15_is_bulkin_ep+0x24>)
20000c02:	0003      	movs	r3, r0
20000c04:	6c12      	ldr	r2, [r2, #64]	@ 0x40
20000c06:	2000      	movs	r0, #0
20000c08:	0792      	lsls	r2, r2, #30
20000c0a:	d403      	bmi.n	20000c14 <e15_is_bulkin_ep+0x14>
20000c0c:	789a      	ldrb	r2, [r3, #2]
20000c0e:	09d2      	lsrs	r2, r2, #7
20000c10:	2a01      	cmp	r2, #1
20000c12:	d000      	beq.n	20000c16 <e15_is_bulkin_ep+0x16>
20000c14:	4770      	bx	lr
20000c16:	7ed8      	ldrb	r0, [r3, #27]
20000c18:	3802      	subs	r0, #2
20000c1a:	4243      	negs	r3, r0
20000c1c:	4158      	adcs	r0, r3
20000c1e:	b2c0      	uxtb	r0, r0
20000c20:	e7f8      	b.n	20000c14 <e15_is_bulkin_ep+0x14>
20000c22:	46c0      	nop			@ (mov r8, r8)
20000c24:	50110000 	.word	0x50110000

20000c28 <e15_is_critical_frame_period>:
20000c28:	b510      	push	{r4, lr}
20000c2a:	f7ff ffe9 	bl	20000c00 <e15_is_bulkin_ep>
20000c2e:	2800      	cmp	r0, #0
20000c30:	d00c      	beq.n	20000c4c <e15_is_critical_frame_period+0x24>
20000c32:	4907      	ldr	r1, [pc, #28]	@ (20000c50 <e15_is_critical_frame_period+0x28>)
20000c34:	4b07      	ldr	r3, [pc, #28]	@ (20000c54 <e15_is_critical_frame_period+0x2c>)
20000c36:	468c      	mov	ip, r1
20000c38:	4a07      	ldr	r2, [pc, #28]	@ (20000c58 <e15_is_critical_frame_period+0x30>)
20000c3a:	6a9b      	ldr	r3, [r3, #40]	@ 0x28
20000c3c:	6812      	ldr	r2, [r2, #0]
20000c3e:	4463      	add	r3, ip
20000c40:	1a9b      	subs	r3, r3, r2
20000c42:	2000      	movs	r0, #0
20000c44:	22c6      	movs	r2, #198	@ 0xc6
20000c46:	429a      	cmp	r2, r3
20000c48:	4140      	adcs	r0, r0
20000c4a:	b2c0      	uxtb	r0, r0
20000c4c:	bd10      	pop	{r4, pc}
20000c4e:	46c0      	nop			@ (mov r8, r8)
20000c50:	fffffce0 	.word	0xfffffce0
20000c54:	40054000 	.word	0x40054000
20000c58:	20001b94 	.word	0x20001b94

20000c5c <hw_endpoint_reset_transfer>:
20000c5c:	2300      	movs	r3, #0
20000c5e:	7683      	strb	r3, [r0, #26]
20000c60:	6143      	str	r3, [r0, #20]
20000c62:	6103      	str	r3, [r0, #16]
20000c64:	4770      	bx	lr
20000c66:	46c0      	nop			@ (mov r8, r8)

20000c68 <_hw_endpoint_buffer_control_update32>:
20000c68:	b510      	push	{r4, lr}
20000c6a:	6883      	ldr	r3, [r0, #8]
20000c6c:	2900      	cmp	r1, #0
20000c6e:	d001      	beq.n	20000c74 <_hw_endpoint_buffer_control_update32+0xc>
20000c70:	681c      	ldr	r4, [r3, #0]
20000c72:	4021      	ands	r1, r4
20000c74:	2a00      	cmp	r2, #0
20000c76:	d012      	beq.n	20000c9e <_hw_endpoint_buffer_control_update32+0x36>
20000c78:	2480      	movs	r4, #128	@ 0x80
20000c7a:	00e4      	lsls	r4, r4, #3
20000c7c:	4311      	orrs	r1, r2
20000c7e:	4222      	tst	r2, r4
20000c80:	d00d      	beq.n	20000c9e <_hw_endpoint_buffer_control_update32+0x36>
20000c82:	681a      	ldr	r2, [r3, #0]
20000c84:	4222      	tst	r2, r4
20000c86:	d10c      	bne.n	20000ca2 <_hw_endpoint_buffer_control_update32+0x3a>
20000c88:	4a08      	ldr	r2, [pc, #32]	@ (20000cac <_hw_endpoint_buffer_control_update32+0x44>)
20000c8a:	400a      	ands	r2, r1
20000c8c:	601a      	str	r2, [r3, #0]
20000c8e:	4a08      	ldr	r2, [pc, #32]	@ (20000cb0 <_hw_endpoint_buffer_control_update32+0x48>)
20000c90:	6c12      	ldr	r2, [r2, #64]	@ 0x40
20000c92:	0792      	lsls	r2, r2, #30
20000c94:	d403      	bmi.n	20000c9e <_hw_endpoint_buffer_control_update32+0x36>
20000c96:	230c      	movs	r3, #12
20000c98:	3b03      	subs	r3, #3
20000c9a:	d2fd      	bcs.n	20000c98 <_hw_endpoint_buffer_control_update32+0x30>
20000c9c:	6883      	ldr	r3, [r0, #8]
20000c9e:	6019      	str	r1, [r3, #0]
20000ca0:	bd10      	pop	{r4, pc}
20000ca2:	7881      	ldrb	r1, [r0, #2]
20000ca4:	4803      	ldr	r0, [pc, #12]	@ (20000cb4 <_hw_endpoint_buffer_control_update32+0x4c>)
20000ca6:	f000 f997 	bl	20000fd8 <__panic_veneer>
20000caa:	46c0      	nop			@ (mov r8, r8)
20000cac:	fffffbff 	.word	0xfffffbff
20000cb0:	50110000 	.word	0x50110000
20000cb4:	10009c64 	.word	0x10009c64

20000cb8 <hw_endpoint_start_next_buffer>:
20000cb8:	6843      	ldr	r3, [r0, #4]
20000cba:	b570      	push	{r4, r5, r6, lr}
20000cbc:	2100      	movs	r1, #0
20000cbe:	2580      	movs	r5, #128	@ 0x80
20000cc0:	0004      	movs	r4, r0
20000cc2:	681e      	ldr	r6, [r3, #0]
20000cc4:	f7ff fed6 	bl	20000a74 <prepare_ep_buffer>
20000cc8:	4b12      	ldr	r3, [pc, #72]	@ (20000d14 <hw_endpoint_start_next_buffer+0x5c>)
20000cca:	016d      	lsls	r5, r5, #5
20000ccc:	6c1a      	ldr	r2, [r3, #64]	@ 0x40
20000cce:	4305      	orrs	r5, r0
20000cd0:	78a3      	ldrb	r3, [r4, #2]
20000cd2:	0792      	lsls	r2, r2, #30
20000cd4:	d50e      	bpl.n	20000cf4 <hw_endpoint_start_next_buffer+0x3c>
20000cd6:	065b      	lsls	r3, r3, #25
20000cd8:	d00e      	beq.n	20000cf8 <hw_endpoint_start_next_buffer+0x40>
20000cda:	4b0f      	ldr	r3, [pc, #60]	@ (20000d18 <hw_endpoint_start_next_buffer+0x60>)
20000cdc:	401e      	ands	r6, r3
20000cde:	2380      	movs	r3, #128	@ 0x80
20000ce0:	059b      	lsls	r3, r3, #22
20000ce2:	4333      	orrs	r3, r6
20000ce4:	6862      	ldr	r2, [r4, #4]
20000ce6:	2100      	movs	r1, #0
20000ce8:	6013      	str	r3, [r2, #0]
20000cea:	0020      	movs	r0, r4
20000cec:	002a      	movs	r2, r5
20000cee:	f7ff ffbb 	bl	20000c68 <_hw_endpoint_buffer_control_update32>
20000cf2:	bd70      	pop	{r4, r5, r6, pc}
20000cf4:	09db      	lsrs	r3, r3, #7
20000cf6:	d0f0      	beq.n	20000cda <hw_endpoint_start_next_buffer+0x22>
20000cf8:	8aa3      	ldrh	r3, [r4, #20]
20000cfa:	2b00      	cmp	r3, #0
20000cfc:	d0ed      	beq.n	20000cda <hw_endpoint_start_next_buffer+0x22>
20000cfe:	2101      	movs	r1, #1
20000d00:	0020      	movs	r0, r4
20000d02:	f7ff feb7 	bl	20000a74 <prepare_ep_buffer>
20000d06:	23a0      	movs	r3, #160	@ 0xa0
20000d08:	4a04      	ldr	r2, [pc, #16]	@ (20000d1c <hw_endpoint_start_next_buffer+0x64>)
20000d0a:	05db      	lsls	r3, r3, #23
20000d0c:	4032      	ands	r2, r6
20000d0e:	4305      	orrs	r5, r0
20000d10:	4313      	orrs	r3, r2
20000d12:	e7e7      	b.n	20000ce4 <hw_endpoint_start_next_buffer+0x2c>
20000d14:	50110000 	.word	0x50110000
20000d18:	afffffff 	.word	0xafffffff
20000d1c:	dfffffff 	.word	0xdfffffff

20000d20 <hw_endpoint_xfer_continue>:
20000d20:	b570      	push	{r4, r5, r6, lr}
20000d22:	7e85      	ldrb	r5, [r0, #26]
20000d24:	0004      	movs	r4, r0
20000d26:	2d00      	cmp	r5, #0
20000d28:	d014      	beq.n	20000d54 <hw_endpoint_xfer_continue+0x34>
20000d2a:	f7ff ff55 	bl	20000bd8 <_hw_endpoint_xfer_sync>
20000d2e:	8aa3      	ldrh	r3, [r4, #20]
20000d30:	2b00      	cmp	r3, #0
20000d32:	d101      	bne.n	20000d38 <hw_endpoint_xfer_continue+0x18>
20000d34:	0028      	movs	r0, r5
20000d36:	bd70      	pop	{r4, r5, r6, pc}
20000d38:	0020      	movs	r0, r4
20000d3a:	f7ff ff75 	bl	20000c28 <e15_is_critical_frame_period>
20000d3e:	2800      	cmp	r0, #0
20000d40:	d003      	beq.n	20000d4a <hw_endpoint_xfer_continue+0x2a>
20000d42:	2301      	movs	r3, #1
20000d44:	2500      	movs	r5, #0
20000d46:	7723      	strb	r3, [r4, #28]
20000d48:	e7f4      	b.n	20000d34 <hw_endpoint_xfer_continue+0x14>
20000d4a:	0020      	movs	r0, r4
20000d4c:	f7ff ffb4 	bl	20000cb8 <hw_endpoint_start_next_buffer>
20000d50:	2500      	movs	r5, #0
20000d52:	e7ef      	b.n	20000d34 <hw_endpoint_xfer_continue+0x14>
20000d54:	7881      	ldrb	r1, [r0, #2]
20000d56:	4801      	ldr	r0, [pc, #4]	@ (20000d5c <hw_endpoint_xfer_continue+0x3c>)
20000d58:	f000 f93e 	bl	20000fd8 <__panic_veneer>
20000d5c:	10009c84 	.word	0x10009c84

20000d60 <dcd_event_handler>:
20000d60:	b5f0      	push	{r4, r5, r6, r7, lr}
20000d62:	46ce      	mov	lr, r9
20000d64:	4647      	mov	r7, r8
20000d66:	b580      	push	{r7, lr}
20000d68:	7843      	ldrb	r3, [r0, #1]
20000d6a:	0005      	movs	r5, r0
20000d6c:	000e      	movs	r6, r1
20000d6e:	b085      	sub	sp, #20
20000d70:	2b06      	cmp	r3, #6
20000d72:	d808      	bhi.n	20000d86 <dcd_event_handler+0x26>
20000d74:	4a6c      	ldr	r2, [pc, #432]	@ (20000f28 <dcd_event_handler+0x1c8>)
20000d76:	009b      	lsls	r3, r3, #2
20000d78:	58d3      	ldr	r3, [r2, r3]
20000d7a:	469f      	mov	pc, r3
20000d7c:	4a6b      	ldr	r2, [pc, #428]	@ (20000f2c <dcd_event_handler+0x1cc>)
20000d7e:	7813      	ldrb	r3, [r2, #0]
20000d80:	3301      	adds	r3, #1
20000d82:	b2db      	uxtb	r3, r3
20000d84:	7013      	strb	r3, [r2, #0]
20000d86:	4b6a      	ldr	r3, [pc, #424]	@ (20000f30 <dcd_event_handler+0x1d0>)
20000d88:	681c      	ldr	r4, [r3, #0]
20000d8a:	6962      	ldr	r2, [r4, #20]
20000d8c:	f3ef 8110 	mrs	r1, PRIMASK
20000d90:	b672      	cpsid	i
20000d92:	6813      	ldr	r3, [r2, #0]
20000d94:	2b00      	cmp	r3, #0
20000d96:	d0fc      	beq.n	20000d92 <dcd_event_handler+0x32>
20000d98:	f3bf 8f5f 	dmb	sy
20000d9c:	61a1      	str	r1, [r4, #24]
20000d9e:	0020      	movs	r0, r4
20000da0:	0029      	movs	r1, r5
20000da2:	f000 f901 	bl	20000fa8 <__tu_fifo_write_veneer>
20000da6:	6962      	ldr	r2, [r4, #20]
20000da8:	69a3      	ldr	r3, [r4, #24]
20000daa:	f3bf 8f5f 	dmb	sy
20000dae:	2100      	movs	r1, #0
20000db0:	6011      	str	r1, [r2, #0]
20000db2:	f383 8810 	msr	PRIMASK, r3
20000db6:	2800      	cmp	r0, #0
20000db8:	d104      	bne.n	20000dc4 <dcd_event_handler+0x64>
20000dba:	b005      	add	sp, #20
20000dbc:	bcc0      	pop	{r6, r7}
20000dbe:	46b9      	mov	r9, r7
20000dc0:	46b0      	mov	r8, r6
20000dc2:	bdf0      	pop	{r4, r5, r6, r7, pc}
20000dc4:	0032      	movs	r2, r6
20000dc6:	7869      	ldrb	r1, [r5, #1]
20000dc8:	7828      	ldrb	r0, [r5, #0]
20000dca:	f000 f8e5 	bl	20000f98 <__tud_event_hook_cb_veneer>
20000dce:	e7f4      	b.n	20000dba <dcd_event_handler+0x5a>
20000dd0:	2101      	movs	r1, #1
20000dd2:	4b58      	ldr	r3, [pc, #352]	@ (20000f34 <dcd_event_handler+0x1d4>)
20000dd4:	781a      	ldrb	r2, [r3, #0]
20000dd6:	438a      	bics	r2, r1
20000dd8:	701a      	strb	r2, [r3, #0]
20000dda:	781a      	ldrb	r2, [r3, #0]
20000ddc:	3101      	adds	r1, #1
20000dde:	438a      	bics	r2, r1
20000de0:	701a      	strb	r2, [r3, #0]
20000de2:	2200      	movs	r2, #0
20000de4:	705a      	strb	r2, [r3, #1]
20000de6:	781a      	ldrb	r2, [r3, #0]
20000de8:	3102      	adds	r1, #2
20000dea:	438a      	bics	r2, r1
20000dec:	701a      	strb	r2, [r3, #0]
20000dee:	e7ca      	b.n	20000d86 <dcd_event_handler+0x26>
20000df0:	4951      	ldr	r1, [pc, #324]	@ (20000f38 <dcd_event_handler+0x1d8>)
20000df2:	4f52      	ldr	r7, [pc, #328]	@ (20000f3c <dcd_event_handler+0x1dc>)
20000df4:	4689      	mov	r9, r1
20000df6:	4952      	ldr	r1, [pc, #328]	@ (20000f40 <dcd_event_handler+0x1e0>)
20000df8:	2400      	movs	r4, #0
20000dfa:	2300      	movs	r3, #0
20000dfc:	4688      	mov	r8, r1
20000dfe:	783a      	ldrb	r2, [r7, #0]
20000e00:	e012      	b.n	20000e28 <dcd_event_handler+0xc8>
20000e02:	4643      	mov	r3, r8
20000e04:	681b      	ldr	r3, [r3, #0]
20000e06:	0161      	lsls	r1, r4, #5
20000e08:	185b      	adds	r3, r3, r1
20000e0a:	2b00      	cmp	r3, #0
20000e0c:	d006      	beq.n	20000e1c <dcd_event_handler+0xbc>
20000e0e:	69db      	ldr	r3, [r3, #28]
20000e10:	2b00      	cmp	r3, #0
20000e12:	d003      	beq.n	20000e1c <dcd_event_handler+0xbc>
20000e14:	6869      	ldr	r1, [r5, #4]
20000e16:	7828      	ldrb	r0, [r5, #0]
20000e18:	4798      	blx	r3
20000e1a:	783a      	ldrb	r2, [r7, #0]
20000e1c:	3401      	adds	r4, #1
20000e1e:	b2e4      	uxtb	r4, r4
20000e20:	1c51      	adds	r1, r2, #1
20000e22:	0023      	movs	r3, r4
20000e24:	42a1      	cmp	r1, r4
20000e26:	db17      	blt.n	20000e58 <dcd_event_handler+0xf8>
20000e28:	42a2      	cmp	r2, r4
20000e2a:	d8ea      	bhi.n	20000e02 <dcd_event_handler+0xa2>
20000e2c:	1a9b      	subs	r3, r3, r2
20000e2e:	015b      	lsls	r3, r3, #5
20000e30:	444b      	add	r3, r9
20000e32:	e7ec      	b.n	20000e0e <dcd_event_handler+0xae>
20000e34:	4b3f      	ldr	r3, [pc, #252]	@ (20000f34 <dcd_event_handler+0x1d4>)
20000e36:	781a      	ldrb	r2, [r3, #0]
20000e38:	07d2      	lsls	r2, r2, #31
20000e3a:	d5be      	bpl.n	20000dba <dcd_event_handler+0x5a>
20000e3c:	2104      	movs	r1, #4
20000e3e:	781a      	ldrb	r2, [r3, #0]
20000e40:	430a      	orrs	r2, r1
20000e42:	701a      	strb	r2, [r3, #0]
20000e44:	e79f      	b.n	20000d86 <dcd_event_handler+0x26>
20000e46:	4b3b      	ldr	r3, [pc, #236]	@ (20000f34 <dcd_event_handler+0x1d4>)
20000e48:	781a      	ldrb	r2, [r3, #0]
20000e4a:	07d2      	lsls	r2, r2, #31
20000e4c:	d5b5      	bpl.n	20000dba <dcd_event_handler+0x5a>
20000e4e:	2104      	movs	r1, #4
20000e50:	781a      	ldrb	r2, [r3, #0]
20000e52:	438a      	bics	r2, r1
20000e54:	701a      	strb	r2, [r3, #0]
20000e56:	e796      	b.n	20000d86 <dcd_event_handler+0x26>
20000e58:	4f36      	ldr	r7, [pc, #216]	@ (20000f34 <dcd_event_handler+0x1d4>)
20000e5a:	783b      	ldrb	r3, [r7, #0]
20000e5c:	075b      	lsls	r3, r3, #29
20000e5e:	d52b      	bpl.n	20000eb8 <dcd_event_handler+0x158>
20000e60:	2204      	movs	r2, #4
20000e62:	783b      	ldrb	r3, [r7, #0]
20000e64:	2100      	movs	r1, #0
20000e66:	4393      	bics	r3, r2
20000e68:	703b      	strb	r3, [r7, #0]
20000e6a:	466b      	mov	r3, sp
20000e6c:	3206      	adds	r2, #6
20000e6e:	1d98      	adds	r0, r3, #6
20000e70:	f000 f87a 	bl	20000f68 <____wrap_memset_veneer>
20000e74:	782b      	ldrb	r3, [r5, #0]
20000e76:	ac01      	add	r4, sp, #4
20000e78:	7023      	strb	r3, [r4, #0]
20000e7a:	2305      	movs	r3, #5
20000e7c:	7063      	strb	r3, [r4, #1]
20000e7e:	4b2c      	ldr	r3, [pc, #176]	@ (20000f30 <dcd_event_handler+0x1d0>)
20000e80:	681b      	ldr	r3, [r3, #0]
20000e82:	4698      	mov	r8, r3
20000e84:	695a      	ldr	r2, [r3, #20]
20000e86:	f3ef 8110 	mrs	r1, PRIMASK
20000e8a:	b672      	cpsid	i
20000e8c:	6813      	ldr	r3, [r2, #0]
20000e8e:	2b00      	cmp	r3, #0
20000e90:	d0fc      	beq.n	20000e8c <dcd_event_handler+0x12c>
20000e92:	f3bf 8f5f 	dmb	sy
20000e96:	4643      	mov	r3, r8
20000e98:	4640      	mov	r0, r8
20000e9a:	6199      	str	r1, [r3, #24]
20000e9c:	0021      	movs	r1, r4
20000e9e:	f000 f883 	bl	20000fa8 <__tu_fifo_write_veneer>
20000ea2:	4643      	mov	r3, r8
20000ea4:	695a      	ldr	r2, [r3, #20]
20000ea6:	699b      	ldr	r3, [r3, #24]
20000ea8:	f3bf 8f5f 	dmb	sy
20000eac:	2100      	movs	r1, #0
20000eae:	6011      	str	r1, [r2, #0]
20000eb0:	f383 8810 	msr	PRIMASK, r3
20000eb4:	2800      	cmp	r0, #0
20000eb6:	d131      	bne.n	20000f1c <dcd_event_handler+0x1bc>
20000eb8:	78fb      	ldrb	r3, [r7, #3]
20000eba:	07db      	lsls	r3, r3, #31
20000ebc:	d400      	bmi.n	20000ec0 <dcd_event_handler+0x160>
20000ebe:	e77c      	b.n	20000dba <dcd_event_handler+0x5a>
20000ec0:	466b      	mov	r3, sp
20000ec2:	220a      	movs	r2, #10
20000ec4:	2100      	movs	r1, #0
20000ec6:	1d98      	adds	r0, r3, #6
20000ec8:	f000 f84e 	bl	20000f68 <____wrap_memset_veneer>
20000ecc:	782b      	ldrb	r3, [r5, #0]
20000ece:	ac01      	add	r4, sp, #4
20000ed0:	7023      	strb	r3, [r4, #0]
20000ed2:	2303      	movs	r3, #3
20000ed4:	7063      	strb	r3, [r4, #1]
20000ed6:	686b      	ldr	r3, [r5, #4]
20000ed8:	6063      	str	r3, [r4, #4]
20000eda:	4b15      	ldr	r3, [pc, #84]	@ (20000f30 <dcd_event_handler+0x1d0>)
20000edc:	681d      	ldr	r5, [r3, #0]
20000ede:	696a      	ldr	r2, [r5, #20]
20000ee0:	f3ef 8110 	mrs	r1, PRIMASK
20000ee4:	b672      	cpsid	i
20000ee6:	6813      	ldr	r3, [r2, #0]
20000ee8:	2b00      	cmp	r3, #0
20000eea:	d0fc      	beq.n	20000ee6 <dcd_event_handler+0x186>
20000eec:	f3bf 8f5f 	dmb	sy
20000ef0:	61a9      	str	r1, [r5, #24]
20000ef2:	0028      	movs	r0, r5
20000ef4:	0021      	movs	r1, r4
20000ef6:	f000 f857 	bl	20000fa8 <__tu_fifo_write_veneer>
20000efa:	696a      	ldr	r2, [r5, #20]
20000efc:	69ab      	ldr	r3, [r5, #24]
20000efe:	f3bf 8f5f 	dmb	sy
20000f02:	2100      	movs	r1, #0
20000f04:	6011      	str	r1, [r2, #0]
20000f06:	f383 8810 	msr	PRIMASK, r3
20000f0a:	2800      	cmp	r0, #0
20000f0c:	d100      	bne.n	20000f10 <dcd_event_handler+0x1b0>
20000f0e:	e754      	b.n	20000dba <dcd_event_handler+0x5a>
20000f10:	0032      	movs	r2, r6
20000f12:	7861      	ldrb	r1, [r4, #1]
20000f14:	7820      	ldrb	r0, [r4, #0]
20000f16:	f000 f83f 	bl	20000f98 <__tud_event_hook_cb_veneer>
20000f1a:	e74e      	b.n	20000dba <dcd_event_handler+0x5a>
20000f1c:	0032      	movs	r2, r6
20000f1e:	7861      	ldrb	r1, [r4, #1]
20000f20:	7820      	ldrb	r0, [r4, #0]
20000f22:	f000 f839 	bl	20000f98 <__tud_event_hook_cb_veneer>
20000f26:	e7c7      	b.n	20000eb8 <dcd_event_handler+0x158>
20000f28:	1000a110 	.word	0x1000a110
20000f2c:	20022492 	.word	0x20022492
20000f30:	20001588 	.word	0x20001588
20000f34:	20001530 	.word	0x20001530
20000f38:	1000a12c 	.word	0x1000a12c
20000f3c:	20022490 	.word	0x20022490
20000f40:	20001380 	.word	0x20001380

20000f44 <__aeabi_idiv0>:
20000f44:	4770      	bx	lr
20000f46:	46c0      	nop			@ (mov r8, r8)

20000f48 <____wrap___aeabi_lmul_veneer>:
20000f48:	b401      	push	{r0}
20000f4a:	4802      	ldr	r0, [pc, #8]	@ (20000f54 <____wrap___aeabi_lmul_veneer+0xc>)
20000f4c:	4684      	mov	ip, r0
20000f4e:	bc01      	pop	{r0}
20000f50:	4760      	bx	ip
20000f52:	bf00      	nop
20000f54:	10002061 	.word	0x10002061

20000f58 <__ulPortLockGetCurrentOwnerId_veneer>:
20000f58:	b401      	push	{r0}
20000f5a:	4802      	ldr	r0, [pc, #8]	@ (20000f64 <__ulPortLockGetCurrentOwnerId_veneer+0xc>)
20000f5c:	4684      	mov	ip, r0
20000f5e:	bc01      	pop	{r0}
20000f60:	4760      	bx	ip
20000f62:	bf00      	nop
20000f64:	10006a51 	.word	0x10006a51

20000f68 <____wrap_memset_veneer>:
20000f68:	b401      	push	{r0}
20000f6a:	4802      	ldr	r0, [pc, #8]	@ (20000f74 <____wrap_memset_veneer+0xc>)
20000f6c:	4684      	mov	ip, r0
20000f6e:	bc01      	pop	{r0}
20000f70:	4760      	bx	ip
20000f72:	bf00      	nop
20000f74:	1000210d 	.word	0x1000210d

20000f78 <__xPortLockInternalSpinUnlockWithBestEffortWaitOrTimeout_veneer>:
20000f78:	b401      	push	{r0}
20000f7a:	4802      	ldr	r0, [pc, #8]	@ (20000f84 <__xPortLockInternalSpinUnlockWithBestEffortWaitOrTimeout_veneer+0xc>)
20000f7c:	4684      	mov	ip, r0
20000f7e:	bc01      	pop	{r0}
20000f80:	4760      	bx	ip
20000f82:	bf00      	nop
20000f84:	10006bad 	.word	0x10006bad

20000f88 <__rp2040_chip_version_veneer>:
20000f88:	b401      	push	{r0}
20000f8a:	4802      	ldr	r0, [pc, #8]	@ (20000f94 <__rp2040_chip_version_veneer+0xc>)
20000f8c:	4684      	mov	ip, r0
20000f8e:	bc01      	pop	{r0}
20000f90:	4760      	bx	ip
20000f92:	bf00      	nop
20000f94:	1000046d 	.word	0x1000046d

20000f98 <__tud_event_hook_cb_veneer>:
20000f98:	b401      	push	{r0}
20000f9a:	4802      	ldr	r0, [pc, #8]	@ (20000fa4 <__tud_event_hook_cb_veneer+0xc>)
20000f9c:	4684      	mov	ip, r0
20000f9e:	bc01      	pop	{r0}
20000fa0:	4760      	bx	ip
20000fa2:	bf00      	nop
20000fa4:	10004909 	.word	0x10004909

20000fa8 <__tu_fifo_write_veneer>:
20000fa8:	b401      	push	{r0}
20000faa:	4802      	ldr	r0, [pc, #8]	@ (20000fb4 <__tu_fifo_write_veneer+0xc>)
20000fac:	4684      	mov	ip, r0
20000fae:	bc01      	pop	{r0}
20000fb0:	4760      	bx	ip
20000fb2:	bf00      	nop
20000fb4:	10006369 	.word	0x10006369

20000fb8 <__time_us_64_veneer>:
20000fb8:	b401      	push	{r0}
20000fba:	4802      	ldr	r0, [pc, #8]	@ (20000fc4 <__time_us_64_veneer+0xc>)
20000fbc:	4684      	mov	ip, r0
20000fbe:	bc01      	pop	{r0}
20000fc0:	4760      	bx	ip
20000fc2:	bf00      	nop
20000fc4:	1000128d 	.word	0x1000128d

20000fc8 <__vPortLockInternalSpinUnlockWithNotify_veneer>:
20000fc8:	b401      	push	{r0}
20000fca:	4802      	ldr	r0, [pc, #8]	@ (20000fd4 <__vPortLockInternalSpinUnlockWithNotify_veneer+0xc>)
20000fcc:	4684      	mov	ip, r0
20000fce:	bc01      	pop	{r0}
20000fd0:	4760      	bx	ip
20000fd2:	bf00      	nop
20000fd4:	10006ae5 	.word	0x10006ae5

20000fd8 <__panic_veneer>:
20000fd8:	b401      	push	{r0}
20000fda:	4802      	ldr	r0, [pc, #8]	@ (20000fe4 <__panic_veneer+0xc>)
20000fdc:	4684      	mov	ip, r0
20000fde:	bc01      	pop	{r0}
20000fe0:	4760      	bx	ip
20000fe2:	bf00      	nop
20000fe4:	10000479 	.word	0x10000479

20000fe8 <striped_spin_lock_num>:
20000fe8:	00000010                                ....

20000fec <irq_handler_chain_slots>:
20000fec:	00000000 	.word	0x00000000
20000ff0:	00010000 	.word	0x00010000
	...
20000ffc:	00020000 	.word	0x00020000
	...
20001008:	00030000 	.word	0x00030000
	...
20001014:	00ff0000 	.word	0x00ff0000
20001018:	00000000 	.word	0x00000000

2000101c <irq_handler_chain_first_slot>:
2000101c:	b501      	push	{r0, lr}
2000101e:	6848      	ldr	r0, [r1, #4]
20001020:	3101      	adds	r1, #1
20001022:	468e      	mov	lr, r1
20001024:	4700      	bx	r0

20001026 <irq_handler_chain_remove_tail>:
20001026:	4670      	mov	r0, lr
20001028:	3809      	subs	r0, #9
2000102a:	4901      	ldr	r1, [pc, #4]	@ (20001030 <irq_handler_chain_remove_tail+0xa>)
2000102c:	4788      	blx	r1
2000102e:	bd01      	pop	{r0, pc}
20001030:	100008dd 	.word	0x100008dd

20001034 <default_alarm_pool>:
	...
20001048:	200010b8 00000000                       ... ....

20001050 <aeabi_bits_funcs>:
20001050:	00003350 	.word	0x00003350
20001054:	0000334c 	.word	0x0000334c
20001058:	00003354 	.word	0x00003354
2000105c:	00003352 	.word	0x00003352

20001060 <aeabi_bits_funcs_end>:
20001060:	0000534d 	.word	0x0000534d
20001064:	0000434d 	.word	0x0000434d
20001068:	00003453 	.word	0x00003453
2000106c:	00003443 	.word	0x00003443

20001070 <stdio_usb>:
20001070:	100040c9 1000407d 10003ff1 10003f69     .@..}@...?..i?..
20001080:	00000000 00000100                       ........

20001088 <_usbd_qdef>:
20001088:	2000158c 000c0010 00000000 00000000     ... ............
	...

200010a4 <_usbd_rhport>:
200010a4:	                                         .

200010a5 <ucPrimaryCoreNum>:
200010a5:	                                         ...

200010a8 <malloc_mutex>:
	...

200010b0 <print_mutex>:
	...
